ISO-10303-21;
HEADER;
FILE_DESCRIPTION (( 'STEP AP203' ),
    '1' );
FILE_NAME ('90591A255_Zinc-Plated Steel Hex Nut.STEP',
    '2026-01-08T03:59:47',
    ( 'McMaster Carr Supply' ),
    ( 'McMaster Carr Supply' ),
    'SwSTEP 2.0',
    'SolidWorks 2024',
    '' );
FILE_SCHEMA (( 'CONFIG_CONTROL_DESIGN' ));
ENDSEC;

DATA;
#1 = CARTESIAN_POINT ( 'NONE',  ( -0.03512600544800179025, 0.06084002610288021667, -0.06217191601049620181 ) ) ;
#2 = CARTESIAN_POINT ( 'NONE',  ( -0.07874015748031501505, -3.431233423813696741E-17, 0.01476377952756053984 ) ) ;
#3 = B_SPLINE_CURVE_WITH_KNOTS ( 'NONE', 3,
 ( #1172, #2001, #1981, #524, #1357, #1649, #11, #1027, #1990, #666, #1323, #1967, #838, #1335, #535, #1682, #337, #847 ),
 .UNSPECIFIED., .F., .F.,
 ( 4, 2, 2, 2, 2, 2, 2, 2, 4 ),
 ( 0.008539886756756508157, 0.009025861965507267493, 0.009511837174258028563, 0.009997812383008789633, 0.01048378759175954897, 0.01096976280051030830, 0.01145573800926106937, 0.01194171321801183044, 0.01242768842676258978 ),
 .UNSPECIFIED. ) ;
#4 = CARTESIAN_POINT ( 'NONE',  ( 0.02589352813890728744, 0.07611940704805424118, -0.06299212598425199539 ) ) ;
#5 = VERTEX_POINT ( 'NONE', #1263 ) ;
#6 = ORIENTED_EDGE ( 'NONE', *, *, #904, .F. ) ;
#7 = CARTESIAN_POINT ( 'NONE',  ( 0.06948280738460116401, 0.04011591754755040873, -0.05269849081364600535 ) ) ;
#8 = CARTESIAN_POINT ( 'NONE',  ( -0.08023183509510546652, -0.01057098528370091321, 0.06299212598425199539 ) ) ;
#9 = B_SPLINE_CURVE_WITH_KNOTS ( 'NONE', 3,
 ( #1394, #280, #1376, #1213 ),
 .UNSPECIFIED., .F., .F.,
 ( 4, 4 ),
 ( 2.380739282170944072E-07, 0.002044882221487539717 ),
 .UNSPECIFIED. ) ;
#10 = CARTESIAN_POINT ( 'NONE',  ( 0.03512600544800174168, 0.06084002610288022361, 0.01935695538057933054 ) ) ;
#11 = CARTESIAN_POINT ( 'NONE',  ( -0.04720074444891933507, -0.04573730721603687377, -0.04816930410239406157 ) ) ;
#12 = ORIENTED_EDGE ( 'NONE', *, *, #1426, .T. ) ;
#13 = CARTESIAN_POINT ( 'NONE',  ( 0.000000000000000000, 0.000000000000000000, 0.06299212598425199539 ) ) ;
#14 = CARTESIAN_POINT ( 'NONE',  ( 0.08023183509510080358, -9.815981079288257532E-13, 0.06299212598425198151 ) ) ;
#15 = CARTESIAN_POINT ( 'NONE',  ( -0.08023183509510081746, -0.008704622310308777339, -0.06299212598425198151 ) ) ;
#16 = DIRECTION ( 'NONE',  ( -1.000000000000000000, 0.000000000000000000, 0.000000000000000000 ) ) ;
#17 = CARTESIAN_POINT ( 'NONE',  ( 9.825566003893348240E-18, -0.08023183509510080358, 0.02079232283464734279 ) ) ;
#18 = CARTESIAN_POINT ( 'NONE',  ( -0.05300741391025261262, -0.06045514685101011088, 0.06299212598425206477 ) ) ;
#19 = CARTESIAN_POINT ( 'NONE',  ( 0.000000000000000000, 0.000000000000000000, 0.06299212598425199539 ) ) ;
#20 = DIRECTION ( 'NONE',  ( 1.000000000000000000, 0.000000000000000000, 0.000000000000000000 ) ) ;
#21 = VERTEX_POINT ( 'NONE', #251 ) ;
#22 = DIRECTION ( 'NONE',  ( 1.000000000000000000, 0.000000000000000000, 0.000000000000000000 ) ) ;
#23 = CARTESIAN_POINT ( 'NONE',  ( -0.05268900817200260212, 0.03042001305144003895, 0.05380577427821679748 ) ) ;
#24 = CARTESIAN_POINT ( 'NONE',  ( 0.03512600544800174168, -0.06084002610288014035, 0.03772965879265263028 ) ) ;
#25 = VECTOR ( 'NONE', #391, 39.37007874015748143 ) ;
#26 = CARTESIAN_POINT ( 'NONE',  ( 0.06819097667594010981, -0.03937007874015750059, 0.05380577427821637421 ) ) ;
#27 = ORIENTED_EDGE ( 'NONE', *, *, #1493, .T. ) ;
#28 = VECTOR ( 'NONE', #291, 39.37007874015748143 ) ;
#29 = CARTESIAN_POINT ( 'NONE',  ( 0.04632187158973410240, 0.08023183509510080358, 0.03227526246719317204 ) ) ;
#30 = CARTESIAN_POINT ( 'NONE',  ( -0.04049104736216527917, 0.05749804687359181404, -0.05292864364504450136 ) ) ;
#31 = CARTESIAN_POINT ( 'NONE',  ( -0.04632187158973415098, 0.08023183509510077582, -0.07336778215222851396 ) ) ;
#32 = CARTESIAN_POINT ( 'NONE',  ( 0.06217901991268758033, -0.004899185794481060278, -0.04493931080183853621 ) ) ;
#33 = EDGE_LOOP ( 'NONE', ( #2106, #849, #1147 ) ) ;
#34 = CARTESIAN_POINT ( 'NONE',  ( -0.06541263879565197004, 0.01096249803684697273, 0.04886021571482536408 ) ) ;
#35 = CARTESIAN_POINT ( 'NONE',  ( 0.000000000000000000, 0.06084002610288016116, 0.04921259842519846300 ) ) ;
#36 = CARTESIAN_POINT ( 'NONE',  ( -0.001250529222913795502, -0.07104482094846040208, 0.05366327918734561248 ) ) ;
#37 = CARTESIAN_POINT ( 'NONE',  ( -0.07874015748038341866, 0.02109836160876866692, -0.01747089524078324768 ) ) ;
#38 = CARTESIAN_POINT ( 'NONE',  ( 0.000000000000000000, 0.08023183509510080358, -0.02054625984251766055 ) ) ;
#39 = CARTESIAN_POINT ( 'NONE',  ( -0.06819097667594013756, -0.03937007874015756997, 0.01361548556430673164 ) ) ;
#40 = CARTESIAN_POINT ( 'NONE',  ( 0.05843955576441659666, 0.01692120262442311715, 0.04360031699203129052 ) ) ;
#41 = DIRECTION ( 'NONE',  ( 1.000000000000000000, 0.000000000000000000, -0.000000000000000000 ) ) ;
#42 = EDGE_LOOP ( 'NONE', ( #1754, #718, #1375, #134, #1476, #300, #1012, #392, #66, #1871 ) ) ;
#43 = CARTESIAN_POINT ( 'NONE',  ( -0.06658203756339368951, 4.346229003497349698E-17, 0.04934232845254481886 ) ) ;
#44 = CARTESIAN_POINT ( 'NONE',  ( 0.03512600544800170699, 0.06084002610288016810, 0.04691601049868929230 ) ) ;
#45 = EDGE_CURVE ( 'NONE', #1950, #1687, #325, .T. ) ;
#46 = CARTESIAN_POINT ( 'NONE',  ( -0.07025201089600342785, -1.290508504161833884E-17, 0.05610236220472596125 ) ) ;
#47 = CARTESIAN_POINT ( 'NONE',  ( 0.000000000000000000, 0.06084002610288023055, -0.009350393700785348400 ) ) ;
#48 = VERTEX_POINT ( 'NONE', #539 ) ;
#49 =( BOUNDED_CURVE ( )  B_SPLINE_CURVE ( 2, ( #2055, #743, #2062, #1883, #1891, #264, #763 ),
 .UNSPECIFIED., .F., .T. ) 
 B_SPLINE_CURVE_WITH_KNOTS ( ( 3, 2, 2, 3 ),
 ( 0.1754335937654746269, 0.1786164263284210074, 0.2063942041061987975, 0.2202830929950876371 ),
 .UNSPECIFIED. ) 
 CURVE ( )  GEOMETRIC_REPRESENTATION_ITEM ( )  RATIONAL_B_SPLINE_CURVE ( ( 0.9728157656128546549, 0.9846489265320707007, 1.000000000000000000, 0.8660254037844388186, 1.000000000000000000, 0.9330127018922196314, 0.9330127018922194093 ) ) 
 REPRESENTATION_ITEM ( '' )  );
#50 = CARTESIAN_POINT ( 'NONE',  ( 0.08059192902832905403, -0.1125825069915095400, 0.06299212598425237009 ) ) ;
#51 = CARTESIAN_POINT ( 'NONE',  ( 0.03959484281761400937, 0.06258410428795456448, -0.05622295021297768480 ) ) ;
#52 = ADVANCED_FACE ( 'NONE', ( #1828 ), #1032, .F. ) ;
#53 = DIRECTION ( 'NONE',  ( -0.000000000000000000, -0.000000000000000000, -1.000000000000000000 ) ) ;
#54 = FACE_OUTER_BOUND ( 'NONE', #1968, .T. ) ;
#55 = CARTESIAN_POINT ( 'NONE',  ( -0.04352130647177648165, 0.04856303077242700439, 0.04704170073547438158 ) ) ;
#56 = B_SPLINE_CURVE_WITH_KNOTS ( 'NONE', 3,
 ( #1177, #1975, #833, #1820, #1486, #364, #1830, #509, #1022, #856, #1677, #4, #1511, #1352, #660, #529, #206, #866, #1520, #1151, #981, #650, #1305, #1949, #889, #261, #1200, #1842 ),
 .UNSPECIFIED., .F., .F.,
 ( 4, 2, 2, 2, 2, 2, 2, 2, 2, 2, 2, 2, 2, 4 ),
 ( 0.002885446621986448301, 0.003284057498152677043, 0.003682668374318905785, 0.004479890126651363269, 0.004878501002817592011, 0.005277111878983819886, 0.005675722755150047760, 0.006074333631316276502, 0.006871555383648733986, 0.007270166259814961861, 0.007668777135981190603, 0.008067388012147420212, 0.008465998888313647219, 0.009263220640646104703 ),
 .UNSPECIFIED. ) ;
#57 = CARTESIAN_POINT ( 'NONE',  ( -0.03481187221783542396, -0.07228610458045549303, -0.06556065990951913391 ) ) ;
#58 = CARTESIAN_POINT ( 'NONE',  ( -0.06678578811224814005, -0.004658766457619449228, 0.04954607900139929716 ) ) ;
#59 = CARTESIAN_POINT ( 'NONE',  ( 0.05268900817200263681, 0.03042001305144012568, -0.01394356955380369328 ) ) ;
#60 = VERTEX_POINT ( 'NONE', #710 ) ;
#61 = CONICAL_SURFACE ( 'NONE', #431, 0.08023183509510094236, 0.7853981633974500554 ) ;
#62 = CARTESIAN_POINT ( 'NONE',  ( -0.07874015748031502893, 0.000000000000000000, 0.06299212598425199539 ) ) ;
#63 = CARTESIAN_POINT ( 'NONE',  ( 0.05720334656222147984, 0.1260859113742808790, 0.06299212598425217580 ) ) ;
#64 = ADVANCED_FACE ( 'NONE', ( #2115 ), #1111, .F. ) ;
#65 = FACE_OUTER_BOUND ( 'NONE', #493, .T. ) ;
#66 = ORIENTED_EDGE ( 'NONE', *, *, #1715, .T. ) ;
#67 = DIRECTION ( 'NONE',  ( 1.000000000000000000, 0.000000000000000000, 0.000000000000000000 ) ) ;
#68 = CARTESIAN_POINT ( 'NONE',  ( 0.000000000000000000, 0.08023183509510080358, 0.005290354330710742362 ) ) ;
#69 = CARTESIAN_POINT ( 'NONE',  ( -0.05860995145885029844, -0.03592829650653724116, 0.05088012081582853757 ) ) ;
#70 = DIRECTION ( 'NONE',  ( -1.000000000000000000, 0.000000000000000000, 0.000000000000000000 ) ) ;
#71 = ORIENTED_EDGE ( 'NONE', *, *, #904, .T. ) ;
#72 = CARTESIAN_POINT ( 'NONE',  ( -0.06819097667594009593, -0.03937007874015754916, 0.01706036745406970881 ) ) ;
#73 = CARTESIAN_POINT ( 'NONE',  ( 0.1377952755905509086, -0.07955613945526318620, 0.06299212598425199539 ) ) ;
#74 = EDGE_CURVE ( 'NONE', #1061, #1404, #598, .T. ) ;
#75 = CARTESIAN_POINT ( 'NONE',  ( 0.000000000000000000, 0.000000000000000000, -0.06299212598425199539 ) ) ;
#76 = CARTESIAN_POINT ( 'NONE',  ( 0.05737168978725593060, -0.05362438120527044522, -0.06107618796473775896 ) ) ;
#77 = CARTESIAN_POINT ( 'NONE',  ( 0.04127181337648606896, 0.05330111577813626683, 0.04998506924905340293 ) ) ;
#78 = CARTESIAN_POINT ( 'NONE',  ( 0.05268900817200258824, -0.03042001305144007017, 0.04002624671916179405 ) ) ;
#79 = ADVANCED_FACE ( 'NONE', ( #605 ), #310, .F. ) ;
#80 = CARTESIAN_POINT ( 'NONE',  ( -0.03512600544800175556, 0.06084002610288014035, -0.05872703412073237983 ) ) ;
#81 = CARTESIAN_POINT ( 'NONE',  ( 0.03512600544800177638, -0.06084002610288021667, 0.006725721784778817061 ) ) ;
#82 = ORIENTED_EDGE ( 'NONE', *, *, #490, .F. ) ;
#83 = CARTESIAN_POINT ( 'NONE',  ( 0.1377952755905509086, -0.07955613945526814057, 0.05068474837915162151 ) ) ;
#84 = CARTESIAN_POINT ( 'NONE',  ( 0.04022814192567236019, -0.06961480743074710542, 0.06299212598425199539 ) ) ;
#85 = CARTESIAN_POINT ( 'NONE',  ( 0.07874015748031502893, 9.642888182262632292E-18, 0.06299212598425199539 ) ) ;
#86 = B_SPLINE_CURVE_WITH_KNOTS ( 'NONE', 3,
 ( #242, #1261, #230, #1047 ),
 .UNSPECIFIED., .F., .F.,
 ( 4, 4 ),
 ( 0.000000000000000000, 6.853977660068172730E-05 ),
 .UNSPECIFIED. ) ;
#87 = ORIENTED_EDGE ( 'NONE', *, *, #1253, .T. ) ;
#88 = CARTESIAN_POINT ( 'NONE',  ( 0.07874015748031507056, 0.02109836160874976885, 0.02977404484712593488 ) ) ;
#89 = CARTESIAN_POINT ( 'NONE',  ( 0.05268900817200258130, 0.03042001305144009099, -0.01049868766403988345 ) ) ;
#90 = EDGE_CURVE ( 'NONE', #467, #309, #1798, .T. ) ;
#91 = CARTESIAN_POINT ( 'NONE',  ( 0.07025201089600342785, 4.301695013872779355E-18, -0.06791338582676903490 ) ) ;
#92 = CARTESIAN_POINT ( 'NONE',  ( 0.03512600544800175556, 0.06084002610288023055, 0.07103018372703548411 ) ) ;
#93 = ORIENTED_EDGE ( 'NONE', *, *, #421, .T. ) ;
#94 = DIRECTION ( 'NONE',  ( 0.7071067811865486830, 0.000000000000000000, 0.7071067811865462405 ) ) ;
#95 = CARTESIAN_POINT ( 'NONE',  ( -0.004142162897541639549, -0.07815984713476613333, -0.06087310947448574400 ) ) ;
#96 = VECTOR ( 'NONE', #94, 39.37007874015748854 ) ;
#97 = CARTESIAN_POINT ( 'NONE',  ( 0.04546065111729338803, 0.07874015748031501505, 0.03313648293963387254 ) ) ;
#98 = CARTESIAN_POINT ( 'NONE',  ( 7.450754322693361446E-18, -0.06084002610288016116, -0.07480314960629654009 ) ) ;
#99 = CARTESIAN_POINT ( 'NONE',  ( -0.05268900817200262293, -0.03042001305144014303, 0.02739501312336132047 ) ) ;
#100 = CARTESIAN_POINT ( 'NONE',  ( 0.07025201089600351112, 4.301695013872783977E-18, -0.04379921259842285003 ) ) ;
#101 = ORIENTED_EDGE ( 'NONE', *, *, #736, .F. ) ;
#102 = CARTESIAN_POINT ( 'NONE',  ( 0.02582286931605191904, -0.07614363764687777369, 0.06299212598425202314 ) ) ;
#103 = ORIENTED_EDGE ( 'NONE', *, *, #1413, .F. ) ;
#104 = CARTESIAN_POINT ( 'NONE',  ( 0.05049973557569964466, -0.04731210899752287535, -0.05178506544311867882 ) ) ;
#105 = CARTESIAN_POINT ( 'NONE',  ( -0.04546065111729343661, 0.07874015748031498729, 0.03772965879265220007 ) ) ;
#106 = B_SPLINE_CURVE_WITH_KNOTS ( 'NONE', 3,
 ( #322, #8, #663, #1320, #1647, #497, #179, #18, #589, #1867, #1689, #1575, #378, #597, #389, #1079, #102, #2033, #84, #568, #1227, #579, #1890, #1406, #762, #1377, #1038, #722 ),
 .UNSPECIFIED., .F., .F.,
 ( 4, 2, 2, 2, 2, 2, 2, 2, 2, 2, 2, 2, 2, 4 ),
 ( 0.001998649448576118003, 0.002795660061665125422, 0.003194165368209629131, 0.003592670674754132841, 0.003991175981298636551, 0.004389681287843140260, 0.005186691900932146812, 0.005585197207476650522, 0.005983702514021154231, 0.006382207820565658808, 0.006780713127110161650, 0.007577723740199168202, 0.007976229046743672779, 0.008374734353288174754 ),
 .UNSPECIFIED. ) ;
#107 = CARTESIAN_POINT ( 'NONE',  ( -0.03512600544800170005, -0.06084002610288017504, -0.04954068241469571088 ) ) ;
#108 = CARTESIAN_POINT ( 'NONE',  ( -0.07025201089600351112, -1.290508504161835270E-17, 0.05265748031496216008 ) ) ;
#109 = ORIENTED_EDGE ( 'NONE', *, *, #1437, .F. ) ;
#110 = EDGE_CURVE ( 'NONE', #975, #2060, #1007, .T. ) ;
#111 = CARTESIAN_POINT ( 'NONE',  ( -0.04552429391307997314, -0.1328288155651420888, 0.06181362163790839886 ) ) ;
#112 = CARTESIAN_POINT ( 'NONE',  ( -0.07874015748031501505, -3.431233423813696741E-17, -0.04035433070865946520 ) ) ;
#113 = CARTESIAN_POINT ( 'NONE',  ( -0.07025201089600351112, -1.290508504161835270E-17, 0.02509842519685219833 ) ) ;
#114 = EDGE_CURVE ( 'NONE', #159, #2082, #1906, .T. ) ;
#115 = VERTEX_POINT ( 'NONE', #1364 ) ;
#116 = DATE_AND_TIME ( #1144, #1632 ) ;
#117 = CARTESIAN_POINT ( 'NONE',  ( 0.1377952755905509086, -0.05335750285028892370, -0.05755356636258780051 ) ) ;
#118 = CARTESIAN_POINT ( 'NONE',  ( 0.05268900817200263681, 0.03042001305144012568, 0.04117454068241632043 ) ) ;
#119 = CARTESIAN_POINT ( 'NONE',  ( 0.04542133258707203164, -0.1328882603144289354, 0.06299212598425238396 ) ) ;
#120 = ORIENTED_EDGE ( 'NONE', *, *, #747, .F. ) ;
#121 = CARTESIAN_POINT ( 'NONE',  ( 0.000000000000000000, 0.000000000000000000, 0.06299212598425199539 ) ) ;
#122 = DIRECTION ( 'NONE',  ( 1.000000000000000000, 0.000000000000000000, 0.000000000000000000 ) ) ;
#123 = CARTESIAN_POINT ( 'NONE',  ( 0.07874015748031507056, 0.02109836160874976885, -0.05290312050720407527 ) ) ;
#124 = CARTESIAN_POINT ( 'NONE',  ( 0.05268900817200263681, 0.03042001305144012568, 0.01361548556430635867 ) ) ;
#125 = PRODUCT_DEFINITION_FORMATION_WITH_SPECIFIED_SOURCE ( 'ANY', '', #640, .NOT_KNOWN. ) ;
#126 = EDGE_CURVE ( 'NONE', #1078, #867, #2023, .T. ) ;
#127 = APPROVAL_DATE_TIME ( #116, #1768 ) ;
#128 = VECTOR ( 'NONE', #578, 39.37007874015748854 ) ;
#129 = CARTESIAN_POINT ( 'NONE',  ( -0.1377952755905513804, -0.06659597110413152665, -0.05442602672228269434 ) ) ;
#130 = AXIS2_PLACEMENT_3D ( 'NONE', #911, #1403, #900 ) ;
#131 = CARTESIAN_POINT ( 'NONE',  ( 0.05268900817200264375, -0.03042001305144010487, 0.009022309711287980830 ) ) ;
#132 = CARTESIAN_POINT ( 'NONE',  ( -0.07874015748031501505, -3.431233423813696741E-17, -0.04035433070865946520 ) ) ;
#133 = VERTEX_POINT ( 'NONE', #741 ) ;
#134 = ORIENTED_EDGE ( 'NONE', *, *, #2027, .T. ) ;
#135 = CARTESIAN_POINT ( 'NONE',  ( 0.05840222427236237135, 0.05123540672246769401, 0.06005072051008170098 ) ) ;
#136 = DIRECTION ( 'NONE',  ( 0.000000000000000000, 0.000000000000000000, -1.000000000000000000 ) ) ;
#137 = CARTESIAN_POINT ( 'NONE',  ( 7.450754322693369150E-18, -0.06084002610288023055, -0.02312992125984030672 ) ) ;
#138 = EDGE_CURVE ( 'NONE', #1029, #48, #488, .T. ) ;
#139 = VERTEX_POINT ( 'NONE', #387 ) ;
#140 = PERSON_AND_ORGANIZATION ( #463, #1931 ) ;
#141 = CARTESIAN_POINT ( 'NONE',  ( 0.000000000000000000, 0.000000000000000000, 0.06299212598425199539 ) ) ;
#142 = CARTESIAN_POINT ( 'NONE',  ( 0.1377952755905509086, 0.000000000000000000, 0.06299212598425199539 ) ) ;
#143 = CARTESIAN_POINT ( 'NONE',  ( 0.06819097667594010981, -0.03937007874015750059, -0.02887139107611363248 ) ) ;
#144 = EDGE_LOOP ( 'NONE', ( #611, #402, #1421 ) ) ;
#145 = CARTESIAN_POINT ( 'NONE',  ( 0.04021012710450767164, 0.06962718676523425854, 0.06299212598425196763 ) ) ;
#146 = CARTESIAN_POINT ( 'NONE',  ( 0.07874015748031501505, 1.143744474604565734E-17, 0.05610236220472555185 ) ) ;
#147 = VERTEX_POINT ( 'NONE', #1057 ) ;
#148 = CARTESIAN_POINT ( 'NONE',  ( 0.03512600544800175556, 0.06084002610288023055, 0.01591207349081551897 ) ) ;
#149 = APPROVAL_STATUS ( 'not_yet_approved' ) ;
#150 = DIRECTION ( 'NONE',  ( -1.000000000000000000, 0.000000000000000000, 0.000000000000000000 ) ) ;
#151 = CARTESIAN_POINT ( 'NONE',  ( -0.07025201089600351112, -1.290508504161835270E-17, -0.05757874015747784652 ) ) ;
#152 = CARTESIAN_POINT ( 'NONE',  ( 0.000000000000000000, 0.08023183509510080358, 0.08796751968504075425 ) ) ;
#153 = EDGE_CURVE ( 'NONE', #1456, #359, #1866, .T. ) ;
#154 = DIRECTION ( 'NONE',  ( -0.000000000000000000, -0.000000000000000000, -1.000000000000000000 ) ) ;
#155 = CARTESIAN_POINT ( 'NONE',  ( 9.642888182271030887E-18, -0.07874015748038361295, -0.009350393700745361289 ) ) ;
#156 = CARTESIAN_POINT ( 'NONE',  ( 0.06013785287139634256, 0.01751823557440010046, -0.04247665667953223756 ) ) ;
#157 = CARTESIAN_POINT ( 'NONE',  ( -0.07874015748031502893, 1.054042882950278905E-12, 0.01131889763773605631 ) ) ;
#158 = B_SPLINE_CURVE_WITH_KNOTS ( 'NONE', 3,
 ( #522, #344, #1833, #1025, #1525, #1631, #168, #1501, #985, #995, #51, #1170, #1181, #368, #546, #335, #1014, #676, #1999, #1988, #1343, #30, #1004, #1978, #198, #511, #707, #1365, #1812, #2011, #1667, #1203 ),
 .UNSPECIFIED., .F., .F.,
 ( 4, 2, 2, 2, 2, 2, 2, 2, 2, 2, 2, 2, 2, 2, 2, 4 ),
 ( 0.002818516687055622107, 0.003176102316411927133, 0.003533687945768232593, 0.003891273575124537618, 0.004248859204480842644, 0.004964030463193453563, 0.005321616092549759022, 0.005679201721906064482, 0.006036787351262369941, 0.006394372980618674533, 0.006751958609974979125, 0.007109544239331284585, 0.007467129868687591779, 0.007824715498043897238, 0.008182301127400202698, 0.008539886756756508157 ),
 .UNSPECIFIED. ) ;
#159 = VERTEX_POINT ( 'NONE', #555 ) ;
#160 = VECTOR ( 'NONE', #1711, 39.37007874015748143 ) ;
#161 = CARTESIAN_POINT ( 'NONE',  ( 0.1377952755905508808, 0.05365667660910995729, 0.05749060914197598460 ) ) ;
#162 = DIRECTION ( 'NONE',  ( 0.000000000000000000, 0.000000000000000000, -1.000000000000000000 ) ) ;
#163 = CARTESIAN_POINT ( 'NONE',  ( 0.07874015748031501505, 1.143744474604565734E-17, 0.0009842519685055390113 ) ) ;
#164 = CONICAL_SURFACE ( 'NONE', #1402, 0.1377952755905514359, 1.047197551196600074 ) ;
#165 = CARTESIAN_POINT ( 'NONE',  ( 9.642888182262630751E-18, -0.07874015748031502893, 0.04921259842519804667 ) ) ;
#166 = CARTESIAN_POINT ( 'NONE',  ( -2.777419176385592299E-16, 0.1591122789105269830, 0.06299212598425199539 ) ) ;
#167 = CARTESIAN_POINT ( 'NONE',  ( -0.09264374317946821868, -1.701837953186478084E-17, -0.01365649606299016057 ) ) ;
#168 = CARTESIAN_POINT ( 'NONE',  ( 0.06591968625237321078, 0.03580332476702106914, -0.05762675259391729365 ) ) ;
#169 = CARTESIAN_POINT ( 'NONE',  ( -0.07025201089600351112, -1.290508504161835270E-17, -0.02657480314960400727 ) ) ;
#170 = CARTESIAN_POINT ( 'NONE',  ( -0.1377952755905513804, -0.06659597110413152665, 0.05442602672228269434 ) ) ;
#171 = ORIENTED_EDGE ( 'NONE', *, *, #228, .T. ) ;
#172 = CARTESIAN_POINT ( 'NONE',  ( 0.1377952755905509086, 0.07955613945526379682, 0.05068474837914817982 ) ) ;
#173 = CARTESIAN_POINT ( 'NONE',  ( -0.07874015748031501505, -0.02109836160874986599, -0.03912359294814907185 ) ) ;
#174 = CARTESIAN_POINT ( 'NONE',  ( -0.08059192902832981731, 0.1125825069915096233, -0.06299212598425210641 ) ) ;
#175 = EDGE_CURVE ( 'NONE', #447, #988, #1430, .T. ) ;
#176 = FACE_OUTER_BOUND ( 'NONE', #1545, .T. ) ;
#177 = VERTEX_POINT ( 'NONE', #1699 ) ;
#178 = CARTESIAN_POINT ( 'NONE',  ( -0.04632187158973415098, 0.08023183509510077582, -0.01824967191600850372 ) ) ;
#179 = CARTESIAN_POINT ( 'NONE',  ( -0.06042105084512271879, -0.05304627531694505738, 0.06299212598425206477 ) ) ;
#180 = FACE_OUTER_BOUND ( 'NONE', #1574, .T. ) ;
#181 = CARTESIAN_POINT ( 'NONE',  ( 0.05382537978718984067, 0.06425202243252634005, 0.05985039684662288306 ) ) ;
#182 = DIRECTION ( 'NONE',  ( -0.000000000000000000, -0.000000000000000000, -1.000000000000000000 ) ) ;
#183 = CARTESIAN_POINT ( 'NONE',  ( 0.09264374317946821868, 5.672793177288260023E-18, 0.02595964566929324230 ) ) ;
#184 = CARTESIAN_POINT ( 'NONE',  ( 0.04665832016007507438, -0.05620041969002709248, 0.05565832073143028164 ) ) ;
#185 =( BOUNDED_CURVE ( )  B_SPLINE_CURVE ( 2, ( #399, #1547, #72, #1524, #2042, #706, #2010, #731, #545 ),
 .UNSPECIFIED., .F., .F. ) 
 B_SPLINE_CURVE_WITH_KNOTS ( ( 3, 2, 2, 2, 3 ),
 ( 0.6369497596617543778, 0.6508386485506432173, 0.6786164263284210074, 0.7063942041061987975, 0.7202830929950876371 ),
 .UNSPECIFIED. ) 
 CURVE ( )  GEOMETRIC_REPRESENTATION_ITEM ( )  RATIONAL_B_SPLINE_CURVE ( ( 0.9330127018922194093, 0.9330127018922196314, 1.000000000000000000, 0.8660254037844388186, 1.000000000000000000, 0.8660254037844388186, 1.000000000000000000, 0.9330127018922196314, 0.9330127018922194093 ) ) 
 REPRESENTATION_ITEM ( '' )  );
#186 = DIRECTION ( 'NONE',  ( 0.000000000000000000, 0.000000000000000000, 1.000000000000000000 ) ) ;
#187 = CARTESIAN_POINT ( 'NONE',  ( 0.05268900817200264375, -0.03042001305144010487, -0.07365485564304202759 ) ) ;
#188 = CARTESIAN_POINT ( 'NONE',  ( -0.07874015748031501505, 1.054042882950278905E-12, 0.01131889763773605458 ) ) ;
#189 = CARTESIAN_POINT ( 'NONE',  ( 0.03512600544800177638, -0.06084002610288020974, 0.01017060367454266159 ) ) ;
#190 = DIRECTION ( 'NONE',  ( 0.000000000000000000, 0.000000000000000000, -1.000000000000000000 ) ) ;
#191 = ORIENTED_EDGE ( 'NONE', *, *, #175, .F. ) ;
#192 = CARTESIAN_POINT ( 'NONE',  ( 0.05786564498118013100, 0.02202765425197288768, 0.04446928787924682436 ) ) ;
#193 = CARTESIAN_POINT ( 'NONE',  ( 0.09264374317946821868, 5.672793177288260023E-18, -0.02915846456692676100 ) ) ;
#194 = CARTESIAN_POINT ( 'NONE',  ( -0.005858732172233473319, -0.07064855268881525818, 0.05349997434097029936 ) ) ;
#195 = VECTOR ( 'NONE', #945, 39.37007874015748143 ) ;
#196 = CARTESIAN_POINT ( 'NONE',  ( 0.000000000000000000, 0.000000000000000000, 0.06299212598425199539 ) ) ;
#197 = CARTESIAN_POINT ( 'NONE',  ( 0.04632187158973410240, 0.08023183509510080358, 0.004716207349083166925 ) ) ;
#198 = CARTESIAN_POINT ( 'NONE',  ( -0.05378102721522786539, 0.04411560834398123299, -0.05216201240529083627 ) ) ;
#199 = CARTESIAN_POINT ( 'NONE',  ( 0.000000000000000000, 0.08023183509510080358, -0.07566437007873766385 ) ) ;
#200 = CYLINDRICAL_SURFACE ( 'NONE', #1432, 0.07874015748031502893 ) ;
#201 = EDGE_CURVE ( 'NONE', #5, #1179, #2077, .T. ) ;
#202 = ORIENTED_EDGE ( 'NONE', *, *, #436, .F. ) ;
#203 = FACE_OUTER_BOUND ( 'NONE', #144, .T. ) ;
#204 = CARTESIAN_POINT ( 'NONE',  ( 0.000000000000000000, 0.08023183509510080358, -0.04982775590550925920 ) ) ;
#205 = CARTESIAN_POINT ( 'NONE',  ( 0.07101432105204022460, -0.02275951233108448532, 0.05718812870798102577 ) ) ;
#206 = CARTESIAN_POINT ( 'NONE',  ( -0.02094792126501225996, 0.07816662484995752502, -0.06299212598425196763 ) ) ;
#207 = ORIENTED_EDGE ( 'NONE', *, *, #126, .F. ) ;
#208 = CARTESIAN_POINT ( 'NONE',  ( 0.06948280738460117789, -0.04011591754755038791, -0.02973261154855433644 ) ) ;
#209 = CARTESIAN_POINT ( 'NONE',  ( 0.06819097667594015144, -0.03937007874015751446, 0.02280183727034339539 ) ) ;
#210 = CARTESIAN_POINT ( 'NONE',  ( 0.000000000000000000, -1.067128122525102820E-17, -0.06299212598425199539 ) ) ;
#211 = FACE_OUTER_BOUND ( 'NONE', #1854, .T. ) ;
#212 = ORIENTED_EDGE ( 'NONE', *, *, #1900, .F. ) ;
#213 = CARTESIAN_POINT ( 'NONE',  ( -0.06375175483883781247, 0.04915434469851827359, 0.06299212598425198151 ) ) ;
#214 = CARTESIAN_POINT ( 'NONE',  ( -0.04632187158973407465, -0.08023183509510081746, 0.01677329396325657335 ) ) ;
#215 = CARTESIAN_POINT ( 'NONE',  ( 0.000000000000000000, 0.000000000000000000, 0.06299212598425199539 ) ) ;
#216 = CARTESIAN_POINT ( 'NONE',  ( 0.000000000000000000, 0.06084002610288016116, 0.04921259842519846300 ) ) ;
#217 = CARTESIAN_POINT ( 'NONE',  ( 0.000000000000000000, 0.06084002610288023055, 0.04576771653543465490 ) ) ;
#218 = ORIENTED_EDGE ( 'NONE', *, *, #1258, .T. ) ;
#219 = EDGE_CURVE ( 'NONE', #1405, #1563, #9, .T. ) ;
#220 = CARTESIAN_POINT ( 'NONE',  ( -0.02075673918105270035, -0.07750035574948802020, -0.06299212598425202314 ) ) ;
#221 = DIRECTION ( 'NONE',  ( 0.000000000000000000, 0.000000000000000000, 1.000000000000000000 ) ) ;
#222 = FACE_OUTER_BOUND ( 'NONE', #776, .T. ) ;
#223 = DIRECTION ( 'NONE',  ( -0.000000000000000000, -0.000000000000000000, -1.000000000000000000 ) ) ;
#224 = ORIENTED_EDGE ( 'NONE', *, *, #138, .F. ) ;
#225 = CARTESIAN_POINT ( 'NONE',  ( 0.04689248894951125041, -0.06527358229614238505, -0.06299212598425203702 ) ) ;
#226 = CARTESIAN_POINT ( 'NONE',  ( 0.03512600544800174168, -0.06084002610288014035, 0.06528871391076263020 ) ) ;
#227 = CARTESIAN_POINT ( 'NONE',  ( -0.06658203756339368951, 4.346229003497349698E-17, 0.04934232845254481886 ) ) ;
#228 = EDGE_CURVE ( 'NONE', #587, #439, #388, .T. ) ;
#229 = ORIENTED_EDGE ( 'NONE', *, *, #909, .T. ) ;
#230 = CARTESIAN_POINT ( 'NONE',  ( 0.06115475457824719185, 0.0008793218634018848921, -0.04391504546739835591 ) ) ;
#231 = CARTESIAN_POINT ( 'NONE',  ( 0.04453594560688821369, -0.04144946712684534351, -0.04360031698172340403 ) ) ;
#232 = CONICAL_SURFACE ( 'NONE', #1434, 0.1377952755905514359, 1.047197551196600074 ) ;
#233 = FACE_OUTER_BOUND ( 'NONE', #33, .T. ) ;
#234 = LINE ( 'NONE', #1741, #1834 ) ;
#235 = EDGE_CURVE ( 'NONE', #1616, #1996, #86, .T. ) ;
#236 = VERTEX_POINT ( 'NONE', #891 ) ;
#237 = DIRECTION ( 'NONE',  ( -0.000000000000000000, -0.000000000000000000, -1.000000000000000000 ) ) ;
#238 = CARTESIAN_POINT ( 'NONE',  ( 0.05268900817200258130, 0.03042001305144009099, 0.01706036745407012861 ) ) ;
#239 = CARTESIAN_POINT ( 'NONE',  ( 0.07025201089600351112, 4.301695013872783977E-18, 0.03887795275590715666 ) ) ;
#240 = CARTESIAN_POINT ( 'NONE',  ( 0.000000000000000000, -1.067128122525102820E-17, -0.06150044836946609583 ) ) ;
#241 = ORIENTED_EDGE ( 'NONE', *, *, #1919, .T. ) ;
#242 = CARTESIAN_POINT ( 'NONE',  ( 0.06078295879847964850, 0.002634520051446033635, -0.04360031699203142236 ) ) ;
#243 = CARTESIAN_POINT ( 'NONE',  ( -0.07874015748031501505, -3.431233423813696741E-17, 0.04232283464567054149 ) ) ;
#244 = CARTESIAN_POINT ( 'NONE',  ( 0.09237394300347898102, 0.1057801580513612200, -0.06299212598425217580 ) ) ;
#245 = CARTESIAN_POINT ( 'NONE',  ( 0.02895406598881911792, -0.06771723632734527598, -0.05624475545795303011 ) ) ;
#246 = CARTESIAN_POINT ( 'NONE',  ( -0.06889763779527582899, 0.1193342091828952511, -0.06299212598425199539 ) ) ;
#247 = CARTESIAN_POINT ( 'NONE',  ( 0.000000000000000000, 0.06084002610288016116, -0.03346456692913153674 ) ) ;
#248 = CARTESIAN_POINT ( 'NONE',  ( 0.05268900817200258130, 0.03042001305144009099, -0.03805774278214988510 ) ) ;
#249 = CARTESIAN_POINT ( 'NONE',  ( 0.03512600544800177638, -0.06084002610288021667, 0.03428477690288882218 ) ) ;
#250 = ORIENTED_EDGE ( 'NONE', *, *, #824, .F. ) ;
#251 = CARTESIAN_POINT ( 'NONE',  ( -0.08023183509510080358, 3.528222955260164423E-14, 0.06299212598425199539 ) ) ;
#252 = DIRECTION ( 'NONE',  ( 0.000000000000000000, 0.000000000000000000, 1.000000000000000000 ) ) ;
#253 = CARTESIAN_POINT ( 'NONE',  ( 0.04754153779207041797, -0.05130364716501407268, -0.05252911472035223794 ) ) ;
#254 = CARTESIAN_POINT ( 'NONE',  ( -0.07318410221674143123, -0.03401446679508807885, -0.06299212598425196763 ) ) ;
#255 = APPROVAL ( #2107, 'UNSPECIFIED' ) ;
#256 = ORIENTED_EDGE ( 'NONE', *, *, #2009, .T. ) ;
#257 = VERTEX_POINT ( 'NONE', #1106 ) ;
#258 = CARTESIAN_POINT ( 'NONE',  ( 7.450754322693361446E-18, -0.06084002610288016116, -0.01968503937007654025 ) ) ;
#259 = CARTESIAN_POINT ( 'NONE',  ( -0.05268900817200260212, 0.03042001305144003895, -0.02887139107611321268 ) ) ;
#260 = UNCERTAINTY_MEASURE_WITH_UNIT (LENGTH_MEASURE( 1.000000000000000082E-05 ), #906, 'distance_accuracy_value', 'NONE');
#261 = CARTESIAN_POINT ( 'NONE',  ( -0.07813204546938440354, 0.02102285835426084826, -0.06299212598425196763 ) ) ;
#262 = ORIENTED_EDGE ( 'NONE', *, *, #893, .T. ) ;
#263 = DIRECTION ( 'NONE',  ( 1.000000000000000000, 0.000000000000000000, 0.000000000000000000 ) ) ;
#264 = CARTESIAN_POINT ( 'NONE',  ( 0.07874015748031500117, -0.02109836160874990069, -0.05536459602822486198 ) ) ;
#265 = AXIS2_PLACEMENT_3D ( 'NONE', #1300, #1912, #817 ) ;
#266 = EDGE_LOOP ( 'NONE', ( #929, #1288, #273, #1251 ) ) ;
#267 = AXIS2_PLACEMENT_3D ( 'NONE', #1510, #1361, #1186 ) ;
#268 = CARTESIAN_POINT ( 'NONE',  ( 0.000000000000000000, 0.07874015748031502893, 0.03543307086614304324 ) ) ;
#269 = EDGE_CURVE ( 'NONE', #447, #1991, #185, .T. ) ;
#270 = CARTESIAN_POINT ( 'NONE',  ( -0.05268900817200256048, -0.03042001305144010834, -0.02427821522309488514 ) ) ;
#271 = CARTESIAN_POINT ( 'NONE',  ( -0.03512600544800175556, 0.06084002610288014035, -0.03116797900262238685 ) ) ;
#272 = CARTESIAN_POINT ( 'NONE',  ( -0.03512600544800179025, 0.06084002610288021667, -0.03461286089238619496 ) ) ;
#273 = ORIENTED_EDGE ( 'NONE', *, *, #90, .F. ) ;
#274 = CARTESIAN_POINT ( 'NONE',  ( 0.06819097667594058165, -0.03937007874015776426, 0.05036089238845368327 ) ) ;
#275 = CARTESIAN_POINT ( 'NONE',  ( 0.03702345572354261843, -0.06197245013482575310, -0.05478337989046840051 ) ) ;
#276 = ORIENTED_EDGE ( 'NONE', *, *, #1466, .T. ) ;
#277 = PERSON_AND_ORGANIZATION_ROLE ( 'classification_officer' ) ;
#278 = CARTESIAN_POINT ( 'NONE',  ( 0.03512600544800174168, -0.06084002610288014035, -0.07250656167978737632 ) ) ;
#279 = CARTESIAN_POINT ( 'NONE',  ( -0.07025201089600342785, -1.290508504161833884E-17, -0.02657480314960404197 ) ) ;
#280 = CARTESIAN_POINT ( 'NONE',  ( -0.1152538353287219097, -0.09257044605835214324, 0.05819856179979909089 ) ) ;
#281 = EDGE_LOOP ( 'NONE', ( #1045, #1963, #1173, #2050 ) ) ;
#282 = LINE ( 'NONE', #930, #1370 ) ;
#283 = EDGE_CURVE ( 'NONE', #177, #1616, #1105, .T. ) ;
#284 = CARTESIAN_POINT ( 'NONE',  ( 0.07874015748031644446, -0.02109836160874841923, 0.05142674255445255083 ) ) ;
#285 = CARTESIAN_POINT ( 'NONE',  ( 0.03512600544800177638, -0.06084002610288021667, 0.03428477690288885688 ) ) ;
#286 = FACE_OUTER_BOUND ( 'NONE', #2066, .T. ) ;
#287 = CARTESIAN_POINT ( 'NONE',  ( 0.000000000000000000, 0.06084002610288023055, -0.009350393700785348400 ) ) ;
#288 = CARTESIAN_POINT ( 'NONE',  ( -0.06948280738460115014, -0.04011591754755043648, 0.06959481627296741635 ) ) ;
#289 = ORIENTED_EDGE ( 'NONE', *, *, #1145, .T. ) ;
#290 = CARTESIAN_POINT ( 'NONE',  ( 0.02681103373369459614, 0.07403499760353544901, 0.06150044836946612359 ) ) ;
#291 = DIRECTION ( 'NONE',  ( -0.000000000000000000, -0.000000000000000000, -1.000000000000000000 ) ) ;
#292 = CARTESIAN_POINT ( 'NONE',  ( 0.07206048844873290393, -0.02866979699622310140, -0.06009422951309446870 ) ) ;
#293 = APPROVAL_PERSON_ORGANIZATION ( #1619, #255, #1929 ) ;
#294 = COORDINATED_UNIVERSAL_TIME_OFFSET ( 6, 0, .BEHIND. ) ;
#295 = CONICAL_SURFACE ( 'NONE', #1502, 0.1377952755905514359, 1.047197551196600074 ) ;
#296 = LINE ( 'NONE', #1310, #816 ) ;
#297 = AXIS2_PLACEMENT_3D ( 'NONE', #1551, #434, #746 ) ;
#298 = CARTESIAN_POINT ( 'NONE',  ( 0.1377952755905509086, 0.02711671086016509413, 0.06180032068211980395 ) ) ;
#299 = LINE ( 'NONE', #1959, #577 ) ;
#300 = ORIENTED_EDGE ( 'NONE', *, *, #1856, .T. ) ;
#301 = CARTESIAN_POINT ( 'NONE',  ( 0.06819097667594012369, 0.03937007874015752834, 0.05495406824147171243 ) ) ;
#302 = CARTESIAN_POINT ( 'NONE',  ( -0.07874015748038387663, -0.02109836160876776487, -0.01500941971976249394 ) ) ;
#303 = CARTESIAN_POINT ( 'NONE',  ( -0.03512600544800179025, 0.06084002610288021667, -0.007053805774276151672 ) ) ;
#304 = PERSON_AND_ORGANIZATION ( #463, #1931 ) ;
#305 = CARTESIAN_POINT ( 'NONE',  ( 0.09227098167747001256, -0.1058396028006481082, -0.06181362163790848213 ) ) ;
#306 = EDGE_CURVE ( 'NONE', #1608, #1029, #1215, .T. ) ;
#307 = CARTESIAN_POINT ( 'NONE',  ( 0.03512600544800175556, 0.06084002610288023055, 0.01591207349081548081 ) ) ;
#308 = DIRECTION ( 'NONE',  ( -0.000000000000000000, -0.000000000000000000, -1.000000000000000000 ) ) ;
#309 = VERTEX_POINT ( 'NONE', #902 ) ;
#310 = CYLINDRICAL_SURFACE ( 'NONE', #2073, 0.07874015748031502893 ) ;
#311 = CARTESIAN_POINT ( 'NONE',  ( -0.06889763779527582899, 0.1193342091828952511, -0.06299212598425199539 ) ) ;
#312 = CARTESIAN_POINT ( 'NONE',  ( -0.08059192902832983119, 0.1125825069915096094, 0.06299212598425210641 ) ) ;
#313 = B_SPLINE_CURVE_WITH_KNOTS ( 'NONE', 3,
 ( #793, #712, #2018, #1008, #225, #851, #1030, #371, #1325, #1196, #1528, #382, #1481, #1673, #1992, #360 ),
 .UNSPECIFIED., .F., .F.,
 ( 4, 2, 2, 2, 2, 2, 2, 4 ),
 ( 0.000000000000000000, 0.0007213616554966127258, 0.001082042483244918980, 0.001442723310993225018, 0.001803404138741530839, 0.002164084966489836660, 0.002524765794238142697, 0.002885446621986448301 ),
 .UNSPECIFIED. ) ;
#314 = EDGE_LOOP ( 'NONE', ( #241, #276, #1982, #202 ) ) ;
#315 = CARTESIAN_POINT ( 'NONE',  ( 0.05268900817200264375, -0.03042001305144010487, -0.01853674540682197919 ) ) ;
#316 = CARTESIAN_POINT ( 'NONE',  ( -0.03620396801667189607, -0.05009242238744988918, -0.08102079844170419209 ) ) ;
#317 = CARTESIAN_POINT ( 'NONE',  ( 0.09264374317946821868, 5.672793177288260023E-18, 0.05351870078740325609 ) ) ;
#318 = CARTESIAN_POINT ( 'NONE',  ( 0.03413917246077425444, 0.07107534693188596875, 0.06121288537123863172 ) ) ;
#319 = DIRECTION ( 'NONE',  ( -1.000000000000000000, 0.000000000000000000, 0.000000000000000000 ) ) ;
#320 = EDGE_LOOP ( 'NONE', ( #1746, #701, #744 ) ) ;
#321 = CARTESIAN_POINT ( 'NONE',  ( 0.000000000000000000, 0.08023183509510080358, -0.04810531496062766393 ) ) ;
#322 = CARTESIAN_POINT ( 'NONE',  ( -0.08023183509510080358, 3.528222955260164423E-14, 0.06299212598425199539 ) ) ;
#323 = CARTESIAN_POINT ( 'NONE',  ( -0.03512600544800179025, 0.06084002610288020974, -0.003608923884512347472 ) ) ;
#324 = CARTESIAN_POINT ( 'NONE',  ( 0.1152162815785816585, -0.09259212772610463105, -0.05752594247619727957 ) ) ;
#325 = CIRCLE ( 'NONE', #1536, 0.1377952755905514359 ) ;
#326 = CONICAL_SURFACE ( 'NONE', #850, 0.1377952755905514359, 1.047197551196600074 ) ;
#327 = EDGE_CURVE ( 'NONE', #896, #1884, #752, .T. ) ;
#328 = CARTESIAN_POINT ( 'NONE',  ( 0.03512600544800175556, 0.06084002610288023055, -0.06676509186351452241 ) ) ;
#329 = CARTESIAN_POINT ( 'NONE',  ( -0.09264374317946821868, -1.701837953186478084E-17, 0.03973917322834825266 ) ) ;
#330 = VECTOR ( 'NONE', #618, 39.37007874015748143 ) ;
#331 = CARTESIAN_POINT ( 'NONE',  ( 0.02591453863161204477, 0.07611231716766310440, 0.06299212598425199539 ) ) ;
#332 = CYLINDRICAL_SURFACE ( 'NONE', #1198, 0.07874015748031502893 ) ;
#333 = VERTEX_POINT ( 'NONE', #1165 ) ;
#334 = CARTESIAN_POINT ( 'NONE',  ( 0.07025201089600351112, 4.301695013872783977E-18, -0.07135826771653284994 ) ) ;
#335 = CARTESIAN_POINT ( 'NONE',  ( -0.001227965169546655494, 0.07198310613804974334, -0.05460064772520346887 ) ) ;
#336 = CARTESIAN_POINT ( 'NONE',  ( 7.450754322693369150E-18, -0.06084002610288022361, 0.007874015748033497825 ) ) ;
#337 = CARTESIAN_POINT ( 'NONE',  ( 0.04035281458368815410, -0.04637779934495562389, -0.04389579762579785827 ) ) ;
#338 = ORIENTED_EDGE ( 'NONE', *, *, #1466, .F. ) ;
#339 = CARTESIAN_POINT ( 'NONE',  ( 0.07874015748031501505, -3.431233423813696741E-17, 0.02854330708661553806 ) ) ;
#340 = CARTESIAN_POINT ( 'NONE',  ( -0.01831273355170245920, -0.08023183509510081746, -0.06451520884263857447 ) ) ;
#341 = CARTESIAN_POINT ( 'NONE',  ( 7.450754322693361446E-18, -0.06084002610288016116, 0.06299212598425346643 ) ) ;
#342 =( BOUNDED_SURFACE ( )  B_SPLINE_SURFACE ( 1, 2, ( 
 ( #152, #794, #1607, #1302, #466, #1451, #806, #990, #288, #1461, #1598, #2110, #645, #1947, #1138, #317, #820, #1471, #658, #489, #1149, #329, #1653, #1185, #361, #373, #1009, #183, #1339, #1840, #1381, #214, #1360, #1019, #1818, #1851, #68, #886, #1984, #1197, #1042, #2004, #1542, #349, #682, #693, #726, #516, #1662, #864, #1209, #193, #1348, #1808, #538, #1496, #1529, #1031, #1993, #1675, #204, #1684, #527, #1694, #841, #874, #2028, #340, #57, #1000, #2019 ),
 ( #714, #1175, #1372, #853, #562, #226, #550, #1827, #383, #1518, #23, #1509, #35, #44, #703, #602, #78, #1726, #1743, #765, #2057, #1241, #1428, #2037, #2047, #2074, #238, #898, #1389, #934, #1257, #1552, #592, #1707, #394, #583, #737, #1220, #89, #572, #1052, #1886, #258, #1860, #270, #916, #2064, #1734, #247, #1082, #1063, #1569, #1248, #1230, #773, #107, #416, #1873, #407, #1903, #1586, #1717, #907, #1560, #748, #278, #98, #757, #435, #1409, #1399 ) ),
 .UNSPECIFIED., .F., .F., .F. ) 
 B_SPLINE_SURFACE_WITH_KNOTS ( ( 2, 2 ),
 ( 3, 2, 2, 2, 2, 2, 2, 2, 2, 2, 2, 2, 2, 2, 2, 2, 2, 2, 2, 2, 2, 2, 2, 2, 2, 2, 2, 2, 2, 2, 2, 2, 2, 2, 2, 3 ),
 ( 0.000000000000000000, 1.000000000000000000 ),
 ( 0.000000000000000000, 0.02777777777777777624, 0.05555555555555555247, 0.08333333333333332871, 0.1111111111111111049, 0.1388888888888888951, 0.1666666666666666574, 0.1944444444444444475, 0.2222222222222222099, 0.2500000000000000000, 0.2777777777777777901, 0.3055555555555555802, 0.3333333333333333148, 0.3611111111111111049, 0.3888888888888888951, 0.4166666666666666852, 0.4444444444444444198, 0.4722222222222222099, 0.5000000000000000000, 0.5277777777777777901, 0.5555555555555555802, 0.5833333333333333703, 0.6111111111111111605, 0.6388888888888888395, 0.6666666666666666297, 0.6944444444444444198, 0.7222222222222222099, 0.7500000000000000000, 0.7777777777777777901, 0.8055555555555555802, 0.8333333333333333703, 0.8611111111111111605, 0.8888888888888888395, 0.9166666666666666297, 0.9286162721919770657, 0.9379024349138967986 ),
 .UNSPECIFIED. ) 
 GEOMETRIC_REPRESENTATION_ITEM ( )  RATIONAL_B_SPLINE_SURFACE ( (
 ( 1.000000000000000000, 0.8660254037844387076, 1.000000000000000000, 0.8660254037844387076, 1.000000000000000000, 0.8660254037844387076, 1.000000000000000000, 0.8660254037844387076, 1.000000000000000000, 0.8660254037844387076, 1.000000000000000000, 0.8660254037844387076, 1.000000000000000000, 0.8660254037844387076, 1.000000000000000000, 0.8660254037844387076, 1.000000000000000000, 0.8660254037844387076, 1.000000000000000000, 0.8660254037844387076, 1.000000000000000000, 0.8660254037844387076, 1.000000000000000000, 0.8660254037844387076, 1.000000000000000000, 0.8660254037844387076, 1.000000000000000000, 0.8660254037844387076, 1.000000000000000000, 0.8660254037844387076, 1.000000000000000000, 0.8660254037844387076, 1.000000000000000000, 0.8660254037844387076, 1.000000000000000000, 0.8660254037844387076, 1.000000000000000000, 0.8660254037844387076, 1.000000000000000000, 0.8660254037844387076, 1.000000000000000000, 0.8660254037844387076, 1.000000000000000000, 0.8660254037844387076, 1.000000000000000000, 0.8660254037844387076, 1.000000000000000000, 0.8660254037844387076, 1.000000000000000000, 0.8660254037844387076, 1.000000000000000000, 0.8660254037844387076, 1.000000000000000000, 0.8660254037844387076, 1.000000000000000000, 0.8660254037844387076, 1.000000000000000000, 0.8660254037844387076, 1.000000000000000000, 0.8660254037844387076, 1.000000000000000000, 0.8660254037844387076, 1.000000000000000000, 0.8660254037844387076, 1.000000000000000000, 0.8660254037844387076, 1.000000000000000000, 0.9423660312932067296, 0.9343186923315205394, 0.9343186923315205394, 0.9343186923315205394),
 ( 1.000000000000000000, 0.8660254037844387076, 1.000000000000000000, 0.8660254037844387076, 1.000000000000000000, 0.8660254037844387076, 1.000000000000000000, 0.8660254037844387076, 1.000000000000000000, 0.8660254037844387076, 1.000000000000000000, 0.8660254037844387076, 1.000000000000000000, 0.8660254037844387076, 1.000000000000000000, 0.8660254037844387076, 1.000000000000000000, 0.8660254037844387076, 1.000000000000000000, 0.8660254037844387076, 1.000000000000000000, 0.8660254037844387076, 1.000000000000000000, 0.8660254037844387076, 1.000000000000000000, 0.8660254037844387076, 1.000000000000000000, 0.8660254037844387076, 1.000000000000000000, 0.8660254037844387076, 1.000000000000000000, 0.8660254037844387076, 1.000000000000000000, 0.8660254037844387076, 1.000000000000000000, 0.8660254037844387076, 1.000000000000000000, 0.8660254037844387076, 1.000000000000000000, 0.8660254037844387076, 1.000000000000000000, 0.8660254037844387076, 1.000000000000000000, 0.8660254037844387076, 1.000000000000000000, 0.8660254037844387076, 1.000000000000000000, 0.8660254037844387076, 1.000000000000000000, 0.8660254037844387076, 1.000000000000000000, 0.8660254037844387076, 1.000000000000000000, 0.8660254037844387076, 1.000000000000000000, 0.8660254037844387076, 1.000000000000000000, 0.8660254037844387076, 1.000000000000000000, 0.8660254037844387076, 1.000000000000000000, 0.8660254037844387076, 1.000000000000000000, 0.8660254037844387076, 1.000000000000000000, 0.8660254037844387076, 1.000000000000000000, 0.9423660312932067296, 0.9343186923315205394, 0.9343186923315205394, 0.9343186923315205394) ) ) 
 REPRESENTATION_ITEM ( '' )  SURFACE ( )  );
#343 = CARTESIAN_POINT ( 'NONE',  ( -0.02639826611103116352, -0.05481459953817351127, -0.08020143514360189574 ) ) ;
#344 = CARTESIAN_POINT ( 'NONE',  ( 0.07607437599586626409, 0.004700946965585213466, -0.05883466688499118524 ) ) ;
#345 = CARTESIAN_POINT ( 'NONE',  ( -0.05268900817200261599, -0.03042001305144013609, 0.003280839895015161614 ) ) ;
#346 = CARTESIAN_POINT ( 'NONE',  ( 0.05843955576441658972, 0.01692120262442311715, 0.04360031699203129052 ) ) ;
#347 = ORIENTED_EDGE ( 'NONE', *, *, #1493, .F. ) ;
#348 = CARTESIAN_POINT ( 'NONE',  ( -0.01346216127267977486, 0.06156631926178290221, 0.04554432757940758691 ) ) ;
#349 = CARTESIAN_POINT ( 'NONE',  ( -0.04632187158973407465, -0.08023183509510081746, -0.01078576115485343177 ) ) ;
#350 = CARTESIAN_POINT ( 'NONE',  ( 0.000000000000000000, 0.06084002610288016116, 0.07677165354330846292 ) ) ;
#351 = CARTESIAN_POINT ( 'NONE',  ( 0.000000000000000000, 0.07874015748038366846, -0.02312992125980032135 ) ) ;
#352 = ORIENTED_EDGE ( 'NONE', *, *, #1258, .F. ) ;
#353 = ORIENTED_EDGE ( 'NONE', *, *, #1366, .F. ) ;
#354 = EDGE_CURVE ( 'NONE', #587, #1023, #299, .T. ) ;
#355 = CARTESIAN_POINT ( 'NONE',  ( -0.05268900817200262293, -0.03042001305144014303, -0.05528215223096869663 ) ) ;
#356 = CARTESIAN_POINT ( 'NONE',  ( -0.07874015748031658324, -0.02109836160875037600, -0.04256847483791113829 ) ) ;
#357 = CARTESIAN_POINT ( 'NONE',  ( 0.06948280738460117789, -0.04011591754755038791, -0.05729166666666433982 ) ) ;
#358 = CARTESIAN_POINT ( 'NONE',  ( 0.05770131395596950208, -0.03414657274193772657, -0.04962830517184312062 ) ) ;
#359 = VERTEX_POINT ( 'NONE', #1292 ) ;
#360 = CARTESIAN_POINT ( 'NONE',  ( 0.08023183509510080358, -1.092939345042631075E-12, -0.06299212598425198151 ) ) ;
#361 = CARTESIAN_POINT ( 'NONE',  ( 0.000000000000000000, 0.08023183509510080358, 0.03284940944882074748 ) ) ;
#362 = CARTESIAN_POINT ( 'NONE',  ( 0.06732229390802439706, -0.03127939648774882841, 0.05684919524082327619 ) ) ;
#363 = AXIS2_PLACEMENT_3D ( 'NONE', #476, #1283, #505 ) ;
#364 = CARTESIAN_POINT ( 'NONE',  ( 0.07012648442957607198, 0.04035858671585820096, -0.06299212598425556198 ) ) ;
#365 = ORIENTED_EDGE ( 'NONE', *, *, #1911, .T. ) ;
#366 = VECTOR ( 'NONE', #614, 39.37007874015748143 ) ;
#367 = CARTESIAN_POINT ( 'NONE',  ( -0.04632187158973415098, 0.08023183509510077582, 0.009309383202101504870 ) ) ;
#368 = CARTESIAN_POINT ( 'NONE',  ( 0.01282846341106214962, 0.07136346003251382852, -0.05511375717104954886 ) ) ;
#369 = CARTESIAN_POINT ( 'NONE',  ( 0.000000000000000000, 0.06084002610288022361, -0.005905511811021503868 ) ) ;
#370 = CARTESIAN_POINT ( 'NONE',  ( 0.06243859391157453170, -0.009833306914105355637, -0.04577721662604777170 ) ) ;
#371 = CARTESIAN_POINT ( 'NONE',  ( 0.06391301191628888378, -0.04873380140118239306, -0.06299212598425196763 ) ) ;
#372 = EDGE_CURVE ( 'NONE', #5, #767, #1865, .T. ) ;
#373 = CARTESIAN_POINT ( 'NONE',  ( 0.04632187158973410240, 0.08023183509510080358, 0.03055282152231156984 ) ) ;
#374 = CARTESIAN_POINT ( 'NONE',  ( -0.06650234480924233083, -0.009278506891931968120, 0.04974625403082477693 ) ) ;
#375 = FACE_OUTER_BOUND ( 'NONE', #1838, .T. ) ;
#376 = ORIENTED_EDGE ( 'NONE', *, *, #1208, .T. ) ;
#377 = CARTESIAN_POINT ( 'NONE',  ( 0.1152162815785816585, -0.09259212772610463105, 0.05752594247619727957 ) ) ;
#378 = CARTESIAN_POINT ( 'NONE',  ( -0.01047605105313077593, -0.08022939213572342909, 0.06299212598425199539 ) ) ;
#379 = CARTESIAN_POINT ( 'NONE',  ( 0.04546065111729342967, -0.07874015748031500117, -0.003608923884512794597 ) ) ;
#380 = DIRECTION ( 'NONE',  ( 0.000000000000000000, 0.000000000000000000, 1.000000000000000000 ) ) ;
#381 = ORIENTED_EDGE ( 'NONE', *, *, #436, .T. ) ;
#382 = CARTESIAN_POINT ( 'NONE',  ( 0.07687335399966448157, -0.02345742040256267383, -0.06299212598425192600 ) ) ;
#383 = CARTESIAN_POINT ( 'NONE',  ( -0.05268900817200256048, -0.03042001305144010834, 0.05839895013123513196 ) ) ;
#384 = CARTESIAN_POINT ( 'NONE',  ( 0.008070956482492166670, -0.07093676032716005053, 0.05400260729543437943 ) ) ;
#385 = CARTESIAN_POINT ( 'NONE',  ( 0.07025201089600351112, 4.301695013872783977E-18, 0.01131889763779715154 ) ) ;
#386 = ORIENTED_EDGE ( 'NONE', *, *, #961, .T. ) ;
#387 = CARTESIAN_POINT ( 'NONE',  ( 0.07874015748031501505, -1.532617595970118149E-16, -0.05413385826771446863 ) ) ;
#388 = B_SPLINE_CURVE_WITH_KNOTS ( 'NONE', 3,
 ( #438, #1914, #446, #1753 ),
 .UNSPECIFIED., .F., .F.,
 ( 4, 4 ),
 ( 2.380739282168740198E-07, 0.002044882221487527574 ),
 .UNSPECIFIED. ) ;
#389 = CARTESIAN_POINT ( 'NONE',  ( 0.01051432661798494018, -0.07971331550978669189, 0.06299212598425200926 ) ) ;
#390 = CARTESIAN_POINT ( 'NONE',  ( 0.07874015748031501505, -0.02109836160874982436, -0.0002464857920048572687 ) ) ;
#391 = DIRECTION ( 'NONE',  ( -0.000000000000000000, -0.000000000000000000, -1.000000000000000000 ) ) ;
#392 = ORIENTED_EDGE ( 'NONE', *, *, #1848, .T. ) ;
#393 = DIRECTION ( 'NONE',  ( 1.000000000000000000, 0.000000000000000000, 0.000000000000000000 ) ) ;
#394 = CARTESIAN_POINT ( 'NONE',  ( -0.05268900817200260212, 0.03042001305144003895, -0.001312335958003209724 ) ) ;
#395 = CARTESIAN_POINT ( 'NONE',  ( 0.000000000000000000, 0.06084002610288016116, -0.005905511811021537695 ) ) ;
#396 = CARTESIAN_POINT ( 'NONE',  ( -0.07025201089600351112, -1.290508504161835270E-17, 0.05265748031496216008 ) ) ;
#397 = EDGE_LOOP ( 'NONE', ( #946, #972, #912 ) ) ;
#398 = AXIS2_PLACEMENT_3D ( 'NONE', #141, #791, #1847 ) ;
#399 = CARTESIAN_POINT ( 'NONE',  ( -0.07874015748031501505, -3.431233423813696741E-17, 0.01476377952756053984 ) ) ;
#400 = DIRECTION ( 'NONE',  ( 1.000000000000000000, 0.000000000000000000, 0.000000000000000000 ) ) ;
#401 = AXIS2_PLACEMENT_3D ( 'NONE', #1926, #154, #456 ) ;
#402 = ORIENTED_EDGE ( 'NONE', *, *, #219, .T. ) ;
#403 = DIRECTION ( 'NONE',  ( -0.000000000000000000, -0.000000000000000000, -1.000000000000000000 ) ) ;
#404 =( BOUNDED_CURVE ( )  B_SPLINE_CURVE ( 2, ( #1478, #356, #1803, #845, #687, #1156, #1680, #1331, #1489 ),
 .UNSPECIFIED., .F., .T. ) 
 B_SPLINE_CURVE_WITH_KNOTS ( ( 3, 2, 2, 2, 3 ),
 ( 0.008719163704060364090, 0.009764175844485498829, 0.01185420012533577698, 0.01394422440618605513, 0.01498923654659267864 ),
 .UNSPECIFIED. ) 
 CURVE ( )  GEOMETRIC_REPRESENTATION_ITEM ( )  RATIONAL_B_SPLINE_CURVE ( ( 0.9330127018922192983, 0.9330127018922196314, 1.000000000000000000, 0.8660254037844385966, 1.000000000000000000, 0.8660254037844385966, 1.000000000000000000, 0.9330127018934062377, 0.9330127018922192983 ) ) 
 REPRESENTATION_ITEM ( '' )  );
#405 = FACE_OUTER_BOUND ( 'NONE', #872, .T. ) ;
#406 = CARTESIAN_POINT ( 'NONE',  ( -0.07874015748031505668, 0.02109836160874980007, 0.04109209688516015507 ) ) ;
#407 = CARTESIAN_POINT ( 'NONE',  ( -0.05268900817200260212, 0.03042001305144003895, -0.05643044619422321606 ) ) ;
#408 = CARTESIAN_POINT ( 'NONE',  ( 0.05268900817200258824, -0.03042001305144007017, -0.04265091863516821263 ) ) ;
#409 = CYLINDRICAL_SURFACE ( 'NONE', #130, 0.07874015748031502893 ) ;
#410 = ORIENTED_EDGE ( 'NONE', *, *, #1350, .T. ) ;
#411 = CARTESIAN_POINT ( 'NONE',  ( -2.789570765205078342E-16, 0.1591122789105269830, 0.05068474837914803410 ) ) ;
#412 = B_SPLINE_CURVE_WITH_KNOTS ( 'NONE', 3,
 ( #590, #2044, #581, #413, #1071, #1080 ),
 .UNSPECIFIED., .F., .F.,
 ( 4, 2, 4 ),
 ( 0.002044882221487539717, 0.003063384235218501953, 0.004081886248949464190 ),
 .UNSPECIFIED. ) ;
#413 = CARTESIAN_POINT ( 'NONE',  ( -0.02257899401196745634, -0.1460762906396859961, -0.05752594247619687712 ) ) ;
#414 = VERTEX_POINT ( 'NONE', #1482 ) ;
#415 =( BOUNDED_CURVE ( )  B_SPLINE_CURVE ( 2, ( #188, #1513, #39, #1190, #698, #1355, #209, #836, #1965 ),
 .UNSPECIFIED., .F., .F. ) 
 B_SPLINE_CURVE_WITH_KNOTS ( ( 3, 2, 2, 2, 3 ),
 ( 0.03380177955053425415, 0.03484700465434117933, 0.03693745486190280064, 0.03902790506946442195, 0.04007313017324939941 ),
 .UNSPECIFIED. ) 
 CURVE ( )  GEOMETRIC_REPRESENTATION_ITEM ( )  RATIONAL_B_SPLINE_CURVE ( ( 0.9330127018922194093, 0.9330127018905460812, 1.000000000000000000, 0.8660254037844387076, 1.000000000000000000, 0.8660254037844387076, 1.000000000000000000, 0.9330127018919527337, 0.9330127018922194093 ) ) 
 REPRESENTATION_ITEM ( '' )  );
#416 = CARTESIAN_POINT ( 'NONE',  ( -0.05268900817200256048, -0.03042001305144010834, -0.05183727034120488852 ) ) ;
#417 = CARTESIAN_POINT ( 'NONE',  ( -0.05268900817200262293, -0.03042001305144014303, 0.05495406824147132385 ) ) ;
#418 = CARTESIAN_POINT ( 'NONE',  ( 0.07025201089600351112, 4.301695013872783977E-18, 0.06643700787401715657 ) ) ;
#419 = ORIENTED_EDGE ( 'NONE', *, *, #1674, .T. ) ;
#420 = CARTESIAN_POINT ( 'NONE',  ( 0.07874015748031507056, 0.02109836160874976885, -0.02534406538909407189 ) ) ;
#421 = EDGE_CURVE ( 'NONE', #1991, #414, #785, .T. ) ;
#422 = EDGE_CURVE ( 'NONE', #48, #257, #1782, .T. ) ;
#423 = PLANE ( 'NONE',  #1264 ) ;
#424 = LENGTH_MEASURE_WITH_UNIT ( LENGTH_MEASURE( 0.02539999999999999897 ), #897 );
#425 = CARTESIAN_POINT ( 'NONE',  ( 0.000000000000000000, 0.000000000000000000, 0.06299212598425199539 ) ) ;
#426 = EDGE_CURVE ( 'NONE', #414, #867, #2084, .T. ) ;
#427 = CARTESIAN_POINT ( 'NONE',  ( -0.03620396801667185444, -0.05009242238744981979, -0.07757591655194037705 ) ) ;
#428 = CARTESIAN_POINT ( 'NONE',  ( 7.450754322693369150E-18, -0.06084002610288023055, -0.05068897637795034827 ) ) ;
#429 = ORIENTED_EDGE ( 'NONE', *, *, #327, .T. ) ;
#430 = CARTESIAN_POINT ( 'NONE',  ( 0.05720334656222147984, 0.1260859113742808790, -0.06299212598425217580 ) ) ;
#431 = AXIS2_PLACEMENT_3D ( 'NONE', #2108, #1955, #150 ) ;
#432 = CARTESIAN_POINT ( 'NONE',  ( 0.06819097667594632706, -0.03937007874016107412, -0.05987532808398250000 ) ) ;
#433 = CONICAL_SURFACE ( 'NONE', #506, 0.1377952755905514359, 1.047197551196600074 ) ;
#434 = DIRECTION ( 'NONE',  ( -0.000000000000000000, -0.000000000000000000, -1.000000000000000000 ) ) ;
#435 = CARTESIAN_POINT ( 'NONE',  ( -0.02639794056701769490, -0.05481475631633640072, -0.07675652605125142525 ) ) ;
#436 = EDGE_CURVE ( 'NONE', #823, #2060, #680, .T. ) ;
#437 = CARTESIAN_POINT ( 'NONE',  ( 0.05268900817200263681, 0.03042001305144012568, 0.06873359580052632034 ) ) ;
#438 = CARTESIAN_POINT ( 'NONE',  ( -2.789570765205078342E-16, 0.1591122789105269830, 0.05068474837914803410 ) ) ;
#439 = VERTEX_POINT ( 'NONE', #1970 ) ;
#440 = CARTESIAN_POINT ( 'NONE',  ( -0.1377952755905514359, 0.07955613945526342212, 0.05068474837914801329 ) ) ;
#441 = LINE ( 'NONE', #2080, #1089 ) ;
#442 = CARTESIAN_POINT ( 'NONE',  ( -0.03512600544800179025, 0.06084002610288021667, 0.02050524934383385692 ) ) ;
#443 = CARTESIAN_POINT ( 'NONE',  ( 0.000000000000000000, 0.000000000000000000, 0.000000000000000000 ) ) ;
#444 = CARTESIAN_POINT ( 'NONE',  ( 0.07874015748031508444, 0.02109836160874977232, -0.001229892160747060635 ) ) ;
#445 = CARTESIAN_POINT ( 'NONE',  ( -0.05268900817200266457, 0.03042001305144007364, -0.004757217847767019996 ) ) ;
#446 = CARTESIAN_POINT ( 'NONE',  ( -0.04542133258707228838, 0.1328882603144293795, 0.06299212598425209253 ) ) ;
#447 = VERTEX_POINT ( 'NONE', #1127 ) ;
#448 = CARTESIAN_POINT ( 'NONE',  ( 0.000000000000000000, 0.000000000000000000, 0.06299212598425199539 ) ) ;
#449 = DIRECTION ( 'NONE',  ( 0.000000000000000000, 0.000000000000000000, 1.000000000000000000 ) ) ;
#450 = PERSON_AND_ORGANIZATION ( #463, #1931 ) ;
#451 = CARTESIAN_POINT ( 'NONE',  ( -0.1377952755905514359, 0.01347751012707274799, 0.06299212598425202314 ) ) ;
#452 = DIRECTION ( 'NONE',  ( -0.000000000000000000, -0.000000000000000000, -1.000000000000000000 ) ) ;
#453 = CARTESIAN_POINT ( 'NONE',  ( 0.000000000000000000, -1.067128122525102820E-17, -0.06299212598425199539 ) ) ;
#454 = ORIENTED_EDGE ( 'NONE', *, *, #1120, .F. ) ;
#455 = B_SPLINE_CURVE_WITH_KNOTS ( 'NONE', 3,
 ( #1267, #312, #1110, #1927, #1463, #1602 ),
 .UNSPECIFIED., .F., .F.,
 ( 4, 2, 4 ),
 ( 0.002044882221487527574, 0.003063384235218491979, 0.004081886248949456383 ),
 .UNSPECIFIED. ) ;
#456 = DIRECTION ( 'NONE',  ( -1.000000000000000000, 0.000000000000000000, 0.000000000000000000 ) ) ;
#457 = CARTESIAN_POINT ( 'NONE',  ( -0.06819097667594013756, 0.03937007874015745895, -0.04265091863516862897 ) ) ;
#458 = ADVANCED_FACE ( 'NONE', ( #1116 ), #342, .T. ) ;
#459 = CARTESIAN_POINT ( 'NONE',  ( 0.03512600544800177638, -0.06084002610288021667, 0.006725721784778856960 ) ) ;
#460 = CC_DESIGN_APPROVAL ( #255, ( #1083 ) ) ;
#461 = APPROVAL_ROLE ( '' ) ;
#462 = CARTESIAN_POINT ( 'NONE',  ( -0.1377952755905513804, -0.07955613945526304742, 0.05068474837914815900 ) ) ;
#463 = PERSON ( 'UNSPECIFIED', 'UNSPECIFIED', 'UNSPECIFIED', ('UNSPECIFIED'), ('UNSPECIFIED'), ('UNSPECIFIED') ) ;
#464 = CIRCLE ( 'NONE', #888, 0.1377952755905514359 ) ;
#465 = CARTESIAN_POINT ( 'NONE',  ( 0.07025201089600351112, 4.301695013872783977E-18, -0.01624015748031285011 ) ) ;
#466 = CARTESIAN_POINT ( 'NONE',  ( 0.06948280738460117789, -0.04011591754755038791, 0.07878116797900407142 ) ) ;
#467 = VERTEX_POINT ( 'NONE', #1074 ) ;
#468 = CARTESIAN_POINT ( 'NONE',  ( -0.1152162815785837818, 0.09259212772610390940, -0.05752594247619655793 ) ) ;
#469 = CARTESIAN_POINT ( 'NONE',  ( 0.04552429391308004253, 0.1328288155651425329, -0.06181362163790814906 ) ) ;
#470 = ORIENTED_EDGE ( 'NONE', *, *, #1892, .T. ) ;
#471 = CARTESIAN_POINT ( 'NONE',  ( -0.03512600544800179025, 0.06084002610288021667, -0.03461286089238614638 ) ) ;
#472 = PERSON_AND_ORGANIZATION_ROLE ( 'creator' ) ;
#473 = CARTESIAN_POINT ( 'NONE',  ( -0.1377952755905514359, 0.02711671086016493107, 0.06180032068211949864 ) ) ;
#474 = ADVANCED_FACE ( 'NONE', ( #1894 ), #1053, .T. ) ;
#475 = CARTESIAN_POINT ( 'NONE',  ( 0.07025201089600351112, 4.301695013872783977E-18, -0.04379921259842285003 ) ) ;
#476 = CARTESIAN_POINT ( 'NONE',  ( 0.000000000000000000, 0.000000000000000000, -0.06299212598425199539 ) ) ;
#477 = CARTESIAN_POINT ( 'NONE',  ( 0.07767678380841762376, 0.02076373431912014941, 0.06299212598425198151 ) ) ;
#478 = CARTESIAN_POINT ( 'NONE',  ( -0.04546065111729337416, -0.07874015748031502893, 0.04691601049868886902 ) ) ;
#479 = ORIENTED_EDGE ( 'NONE', *, *, #967, .F. ) ;
#480 = CARTESIAN_POINT ( 'NONE',  ( -0.06948280738460115014, -0.04011591754755043648, -0.03891896325459100886 ) ) ;
#481 = CARTESIAN_POINT ( 'NONE',  ( 0.02892603903611140614, 0.05352376146984166860, 0.04360031699203763961 ) ) ;
#482 = EDGE_CURVE ( 'NONE', #257, #896, #1786, .T. ) ;
#483 = CARTESIAN_POINT ( 'NONE',  ( 0.03512600544800177638, -0.06084002610288020974, -0.01738845144356734873 ) ) ;
#484 = PERSON_AND_ORGANIZATION_ROLE ( 'design_owner' ) ;
#485 = DIRECTION ( 'NONE',  ( -0.7071067811865486830, 0.000000000000000000, -0.7071067811865462405 ) ) ;
#486 = ORIENTED_EDGE ( 'NONE', *, *, #1034, .T. ) ;
#487 = CARTESIAN_POINT ( 'NONE',  ( 0.03512600544800177638, -0.06084002610288021667, -0.04839238845144119144 ) ) ;
#488 = B_SPLINE_CURVE_WITH_KNOTS ( 'NONE', 3,
 ( #1556, #50, #1096, #377, #1385, #83 ),
 .UNSPECIFIED., .F., .F.,
 ( 4, 2, 4 ),
 ( 0.002044882221487521069, 0.003063384235218445141, 0.004081886248949368780 ),
 .UNSPECIFIED. ) ;
#489 = CARTESIAN_POINT ( 'NONE',  ( -0.04632187158973407465, -0.08023183509510081746, 0.04433234908136657326 ) ) ;
#490 = EDGE_CURVE ( 'NONE', #1884, #257, #518, .T. ) ;
#491 = CARTESIAN_POINT ( 'NONE',  ( -0.07874015748031508444, 0.02109836160874971681, 0.01353304176705014995 ) ) ;
#492 = DIRECTION ( 'NONE',  ( -0.000000000000000000, -0.000000000000000000, -1.000000000000000000 ) ) ;
#493 = EDGE_LOOP ( 'NONE', ( #1507, #1369, #2017, #1244, #224, #729 ) ) ;
#494 = CARTESIAN_POINT ( 'NONE',  ( -0.1377952755905514359, 0.06668651969510298871, -0.05439988759559640646 ) ) ;
#495 = EDGE_CURVE ( 'NONE', #1404, #1816, #1637, .T. ) ;
#496 = CARTESIAN_POINT ( 'NONE',  ( -0.04632187158973415098, 0.08023183509510077582, 0.03686843832021150652 ) ) ;
#497 = CARTESIAN_POINT ( 'NONE',  ( -0.06381090093028707333, -0.04891562020968039798, 0.06299212598425364684 ) ) ;
#498 = EDGE_LOOP ( 'NONE', ( #629, #171, #1521 ) ) ;
#499 = CARTESIAN_POINT ( 'NONE',  ( 0.04923808200661593942, -0.03639719250305872150, -0.04310217150412498643 ) ) ;
#500 = FACE_BOUND ( 'NONE', #314, .T. ) ;
#501 = ORIENTED_EDGE ( 'NONE', *, *, #1778, .T. ) ;
#502 = VECTOR ( 'NONE', #1855, 39.37007874015748143 ) ;
#503 = CARTESIAN_POINT ( 'NONE',  ( 0.02417923628438340550, 0.05639031563614318315, 0.04386531621666536068 ) ) ;
#504 = PRODUCT_RELATED_PRODUCT_CATEGORY ( 'detail', '', ( #640 ) ) ;
#505 = DIRECTION ( 'NONE',  ( 1.000000000000000000, 0.000000000000000000, 0.000000000000000000 ) ) ;
#506 = AXIS2_PLACEMENT_3D ( 'NONE', #448, #136, #607 ) ;
#507 = EDGE_CURVE ( 'NONE', #1650, #543, #646, .T. ) ;
#508 = CARTESIAN_POINT ( 'NONE',  ( 0.01052090424458901677, 0.07971162111083919533, 0.06299212598425167620 ) ) ;
#509 = CARTESIAN_POINT ( 'NONE',  ( 0.05305453145610377480, 0.06041274951433276558, -0.06299212598425137088 ) ) ;
#510 = CARTESIAN_POINT ( 'NONE',  ( -0.03512600544800179025, 0.06084002610288021667, -0.06217191601049620181 ) ) ;
#511 = CARTESIAN_POINT ( 'NONE',  ( -0.05893410819617928703, 0.03627201406901270353, -0.05180304050864995014 ) ) ;
#512 = CARTESIAN_POINT ( 'NONE',  ( -0.05268900817200265763, 0.03042001305144007017, 0.02624671916010682532 ) ) ;
#513 = CARTESIAN_POINT ( 'NONE',  ( 0.000000000000000000, 0.000000000000000000, 0.06299212598425199539 ) ) ;
#514 = ORIENTED_EDGE ( 'NONE', *, *, #372, .F. ) ;
#515 = CARTESIAN_POINT ( 'NONE',  ( 0.003033478083909300557, 0.06225407540021383329, 0.04484810605700403213 ) ) ;
#516 = CARTESIAN_POINT ( 'NONE',  ( -0.04632187158973415098, 0.08023183509510077582, -0.01997211286089010246 ) ) ;
#517 = ADVANCED_FACE ( 'NONE', ( #1751 ), #61, .F. ) ;
#518 = B_SPLINE_CURVE_WITH_KNOTS ( 'NONE', 3,
 ( #1605, #1790, #305, #324, #1595, #631 ),
 .UNSPECIFIED., .F., .F.,
 ( 4, 2, 4 ),
 ( 0.002044882221487521069, 0.003063384235218445141, 0.004081886248949368780 ),
 .UNSPECIFIED. ) ;
#519 = CARTESIAN_POINT ( 'NONE',  ( 0.03489064427961700854, -0.06354693506469488717, 0.05510404933462653698 ) ) ;
#520 = CARTESIAN_POINT ( 'NONE',  ( -0.1377952755905514359, -5.914624404477027276E-17, -0.06299212598425199539 ) ) ;
#521 = CARTESIAN_POINT ( 'NONE',  ( -0.06948280738460115014, -0.04011591754755043648, -0.01135990813648099680 ) ) ;
#522 = CARTESIAN_POINT ( 'NONE',  ( 0.07625389410016046587, -4.239860767359125294E-13, -0.05901418498931155360 ) ) ;
#523 = CARTESIAN_POINT ( 'NONE',  ( -0.09264374317946821868, -1.701837953186478084E-17, -0.06877460629921015867 ) ) ;
#524 = CARTESIAN_POINT ( 'NONE',  ( -0.06192462532702162903, -0.02487739377486649153, -0.04918886868582613564 ) ) ;
#525 = ORIENTED_EDGE ( 'NONE', *, *, #2097, .T. ) ;
#526 = CARTESIAN_POINT ( 'NONE',  ( 0.1152538353287216183, 0.09257044605835278162, 0.05819856179979897293 ) ) ;
#527 = CARTESIAN_POINT ( 'NONE',  ( 0.06948280738460116401, 0.04011591754755040873, -0.05442093175852760756 ) ) ;
#528 = CARTESIAN_POINT ( 'NONE',  ( 0.05268900817200258824, -0.03042001305144007017, 0.04002624671916179405 ) ) ;
#529 = CARTESIAN_POINT ( 'NONE',  ( -0.01052145781833962318, 0.08023543559759345467, -0.06299212598425200926 ) ) ;
#530 = ORIENTED_EDGE ( 'NONE', *, *, #1350, .F. ) ;
#531 = CARTESIAN_POINT ( 'NONE',  ( 0.04632187158973414404, -0.08023183509510078970, -0.03202919947506351062 ) ) ;
#532 = CARTESIAN_POINT ( 'NONE',  ( 0.06889763779527553755, -0.1193342091828948487, 0.06299212598425199539 ) ) ;
#533 = ADVANCED_FACE ( 'NONE', ( #286 ), #1668, .T. ) ;
#534 = CARTESIAN_POINT ( 'NONE',  ( 0.05268900817200262987, 0.03042001305144011875, 0.01706036745407016331 ) ) ;
#535 = CARTESIAN_POINT ( 'NONE',  ( 0.02456736391649482626, -0.05732537104071575018, -0.04480254931529795148 ) ) ;
#536 = VERTEX_POINT ( 'NONE', #1439 ) ;
#537 = CARTESIAN_POINT ( 'NONE',  ( -0.04991712710898096872, 0.06316329505884447915, 0.06299212598425200926 ) ) ;
#538 = CARTESIAN_POINT ( 'NONE',  ( 9.825566003893348240E-18, -0.08023183509510080358, -0.03604822834645426272 ) ) ;
#539 = CARTESIAN_POINT ( 'NONE',  ( 0.1377952755905509086, -0.07955613945526814057, 0.05068474837915162151 ) ) ;
#540 = CARTESIAN_POINT ( 'NONE',  ( 0.03896978343110071158, -0.06134580097185458880, 0.05529020236666403604 ) ) ;
#541 = CIRCLE ( 'NONE', #1122, 0.1377952755905514359 ) ;
#542 = CARTESIAN_POINT ( 'NONE',  ( 0.05268900817200263681, 0.03042001305144012568, 0.01361548556430631704 ) ) ;
#543 = VERTEX_POINT ( 'NONE', #2121 ) ;
#544 = VECTOR ( 'NONE', #949, 39.37007874015748143 ) ;
#545 = CARTESIAN_POINT ( 'NONE',  ( 0.07874015748031501505, -3.431233423813696741E-17, 0.02854330708661553806 ) ) ;
#546 = CARTESIAN_POINT ( 'NONE',  ( 0.008166452697800762744, 0.07186794778630407887, -0.05493822568415843155 ) ) ;
#547 = CARTESIAN_POINT ( 'NONE',  ( -0.06889763779527534326, -0.1193342091828949458, 0.06299212598425199539 ) ) ;
#548 = DIRECTION ( 'NONE',  ( 1.000000000000000000, 0.000000000000000000, 0.000000000000000000 ) ) ;
#549 = CARTESIAN_POINT ( 'NONE',  ( 0.1377952755905509086, 0.000000000000000000, 0.06299212598425199539 ) ) ;
#550 = CARTESIAN_POINT ( 'NONE',  ( 7.450754322693361446E-18, -0.06084002610288016116, 0.06299212598425346643 ) ) ;
#551 = EDGE_CURVE ( 'NONE', #1934, #1884, #1942, .T. ) ;
#552 = CARTESIAN_POINT ( 'NONE',  ( 0.000000000000000000, 0.06084002610288016116, 0.02165354330708846309 ) ) ;
#553 = CARTESIAN_POINT ( 'NONE',  ( 7.450754322693369150E-18, -0.06084002610288023055, -0.02312992125984034836 ) ) ;
#554 = ORIENTED_EDGE ( 'NONE', *, *, #804, .F. ) ;
#555 = CARTESIAN_POINT ( 'NONE',  ( 0.07625389410016046587, -4.239860767359125294E-13, -0.05901418498931155360 ) ) ;
#556 = CARTESIAN_POINT ( 'NONE',  ( -0.07874015748031502893, -2.035865164796127152E-16, -0.04379921259842244757 ) ) ;
#557 = CARTESIAN_POINT ( 'NONE',  ( 0.000000000000000000, -1.067128122525102820E-17, 0.06299212598425199539 ) ) ;
#558 =( BOUNDED_CURVE ( )  B_SPLINE_CURVE ( 2, ( #656, #444, #1290, #963, #1114, #1613, #1620, #1459, #157 ),
 .UNSPECIFIED., .F., .F. ) 
 B_SPLINE_CURVE_WITH_KNOTS ( ( 3, 2, 2, 2, 3 ),
 ( 0.02753211554191526203, 0.02857705954335611545, 0.03066694754623781188, 0.03275683554911951179, 0.03380177955053425415 ),
 .UNSPECIFIED. ) 
 CURVE ( )  GEOMETRIC_REPRESENTATION_ITEM ( )  RATIONAL_B_SPLINE_CURVE ( ( 0.9330127018922192983, 0.9330127018922189652, 1.000000000000000000, 0.8660254037844385966, 1.000000000000000000, 0.8660254037844385966, 1.000000000000000000, 0.9330127018938926264, 0.9330127018922192983 ) ) 
 REPRESENTATION_ITEM ( '' )  );
#559 = CARTESIAN_POINT ( 'NONE',  ( 0.0009027924958324202867, -0.07767103234463945682, -0.06027850323469186727 ) ) ;
#560 = ADVANCED_FACE ( 'NONE', ( #2095 ), #1269, .F. ) ;
#561 = FACE_OUTER_BOUND ( 'NONE', #1962, .T. ) ;
#562 = CARTESIAN_POINT ( 'NONE',  ( 0.05268900817200258824, -0.03042001305144007017, 0.06758530183727180785 ) ) ;
#563 = CARTESIAN_POINT ( 'NONE',  ( -0.07025201089600342785, -1.290508504161833884E-17, -0.05413385826771404535 ) ) ;
#564 = DESIGN_CONTEXT ( 'detailed design', #691, 'design' ) ;
#565 = CARTESIAN_POINT ( 'NONE',  ( -0.03512600544800179025, 0.06084002610288021667, 0.04806430446194381173 ) ) ;
#566 = EDGE_LOOP ( 'NONE', ( #1940, #429, #1318, #525, #1255, #470 ) ) ;
#567 = CARTESIAN_POINT ( 'NONE',  ( 0.06084002610288023055, 0.0008773224806999241343, -0.04360031699203137379 ) ) ;
#568 = CARTESIAN_POINT ( 'NONE',  ( 0.04892886097395925810, -0.06380040266489706013, 0.06299212598425198151 ) ) ;
#569 = CARTESIAN_POINT ( 'NONE',  ( 0.000000000000000000, -1.067128122525102820E-17, 0.06299212598425199539 ) ) ;
#570 = CARTESIAN_POINT ( 'NONE',  ( 0.07531790798365117778, -9.221268264828121395E-13, 0.05807819887280225163 ) ) ;
#571 = B_SPLINE_CURVE_WITH_KNOTS ( 'NONE', 3,
 ( #547, #1216, #111, #2025, #1422, #2068 ),
 .UNSPECIFIED., .F., .F.,
 ( 4, 2, 4 ),
 ( 0.002044882221487539717, 0.003063384235218501953, 0.004081886248949464190 ),
 .UNSPECIFIED. ) ;
#572 = CARTESIAN_POINT ( 'NONE',  ( 0.07025201089600342785, 4.301695013872779355E-18, -0.01279527559054903854 ) ) ;
#573 = CARTESIAN_POINT ( 'NONE',  ( 0.05268900817200264375, -0.03042001305144010487, 0.03658136482939798595 ) ) ;
#574 = CARTESIAN_POINT ( 'NONE',  ( 0.05268900817200264375, -0.03042001305144010487, 0.03658136482939798595 ) ) ;
#575 = EDGE_LOOP ( 'NONE', ( #1599, #1720, #745, #1431 ) ) ;
#576 = APPROVAL_PERSON_ORGANIZATION ( #1779, #1768, #1593 ) ;
#577 = VECTOR ( 'NONE', #1773, 39.37007874015748143 ) ;
#578 = DIRECTION ( 'NONE',  ( 0.7071067811865486830, 8.659560562354947649E-17, -0.7071067811865462405 ) ) ;
#579 = CARTESIAN_POINT ( 'NONE',  ( 0.06418281506031446593, -0.04928760410051716973, 0.06299212598425199539 ) ) ;
#580 = VECTOR ( 'NONE', #237, 39.37007874015748143 ) ;
#581 = CARTESIAN_POINT ( 'NONE',  ( -0.04552429391307997314, -0.1328288155651420888, -0.06181362163790839886 ) ) ;
#582 =( NAMED_UNIT ( * ) PLANE_ANGLE_UNIT ( ) SI_UNIT ( $, .RADIAN. ) );
#583 = CARTESIAN_POINT ( 'NONE',  ( -0.03512600544800175556, 0.06084002610288014035, -0.003608923884512382167 ) ) ;
#584 = CARTESIAN_POINT ( 'NONE',  ( 0.03512600544800174168, -0.06084002610288014035, -0.01738845144356738343 ) ) ;
#585 = EDGE_CURVE ( 'NONE', #333, #988, #558, .T. ) ;
#586 = CARTESIAN_POINT ( 'NONE',  ( 0.1377952755905509086, 0.02711671086016508025, -0.06180032068211980395 ) ) ;
#587 = VERTEX_POINT ( 'NONE', #1930 ) ;
#588 = EDGE_CURVE ( 'NONE', #1284, #975, #296, .T. ) ;
#589 = CARTESIAN_POINT ( 'NONE',  ( -0.04896838690443069270, -0.06377263218487647101, 0.06299212598425202314 ) ) ;
#590 = CARTESIAN_POINT ( 'NONE',  ( -0.06889763779527559306, -0.1193342091828954177, -0.06299212598425199539 ) ) ;
#591 = CARTESIAN_POINT ( 'NONE',  ( -0.02075673918105270035, -0.07750035574948802020, -0.06299212598425202314 ) ) ;
#592 = CARTESIAN_POINT ( 'NONE',  ( -0.05268900817200256048, -0.03042001305144010834, 0.003280839895015126920 ) ) ;
#593 = CARTESIAN_POINT ( 'NONE',  ( -0.05268900817200256048, -0.03042001305144010834, 0.003280839895015126920 ) ) ;
#594 = CARTESIAN_POINT ( 'NONE',  ( -0.05268900817200262293, -0.03042001305144014303, -0.02772309711285869324 ) ) ;
#595 = ORIENTED_EDGE ( 'NONE', *, *, #917, .T. ) ;
#596 = B_SPLINE_CURVE_WITH_KNOTS ( 'NONE', 3,
 ( #1229, #1714, #734, #1397, #1237, #2035 ),
 .UNSPECIFIED., .F., .F.,
 ( 4, 2, 4 ),
 ( 0.003792108599009411281, 0.004815123802511511383, 0.005838139006013612353 ),
 .UNSPECIFIED. ) ;
#597 = CARTESIAN_POINT ( 'NONE',  ( 0.005209935965988743596, -0.08023305329669164210, 0.06299212598425200926 ) ) ;
#598 = B_SPLINE_CURVE_WITH_KNOTS ( 'NONE', 3,
 ( #1997, #494, #868, #1168, #1523, #1643 ),
 .UNSPECIFIED., .F., .F.,
 ( 4, 2, 4 ),
 ( 0.01093525921502722618, 0.01195847309592478272, 0.01298168697682234099 ),
 .UNSPECIFIED. ) ;
#599 = DIRECTION ( 'NONE',  ( 0.4999999999999990563, 0.8660254037844392627, -0.000000000000000000 ) ) ;
#600 = EDGE_CURVE ( 'NONE', #543, #1405, #1971, .T. ) ;
#601 = CARTESIAN_POINT ( 'NONE',  ( -0.03416198003647499815, 0.07094343887909083934, 0.06150044836933275805 ) ) ;
#602 = CARTESIAN_POINT ( 'NONE',  ( 0.07025201089600342785, 4.301695013872779355E-18, 0.04232283464567097170 ) ) ;
#603 = CARTESIAN_POINT ( 'NONE',  ( -0.05268900817200256048, -0.03042001305144010834, -0.02427821522309488514 ) ) ;
#604 = ORIENTED_EDGE ( 'NONE', *, *, #1735, .T. ) ;
#605 = FACE_OUTER_BOUND ( 'NONE', #575, .T. ) ;
#606 = CARTESIAN_POINT ( 'NONE',  ( 0.07874015748031501505, -3.293984086861149167E-16, -0.05757874015747747876 ) ) ;
#607 = DIRECTION ( 'NONE',  ( 1.000000000000000000, 0.000000000000000000, 0.000000000000000000 ) ) ;
#608 = CONICAL_SURFACE ( 'NONE', #1332, 0.08023183509510094236, 0.7853981633974500554 ) ;
#609 = CARTESIAN_POINT ( 'NONE',  ( 0.03512600544800175556, 0.06084002610288023055, -0.03920603674540448086 ) ) ;
#610 = AXIS2_PLACEMENT_3D ( 'NONE', #1913, #452, #1148 ) ;
#611 = ORIENTED_EDGE ( 'NONE', *, *, #600, .T. ) ;
#612 = MECHANICAL_CONTEXT ( 'NONE', #2015, 'mechanical' ) ;
#613 = FACE_OUTER_BOUND ( 'NONE', #1716, .T. ) ;
#614 = DIRECTION ( 'NONE',  ( -0.000000000000000000, -0.000000000000000000, -1.000000000000000000 ) ) ;
#615 = CARTESIAN_POINT ( 'NONE',  ( -0.02928460106611359415, -0.07521635842833471197, -0.06299212598425220355 ) ) ;
#616 = ORIENTED_EDGE ( 'NONE', *, *, #354, .T. ) ;
#617 = CARTESIAN_POINT ( 'NONE',  ( 1.521190891121690354E-16, -0.1591122789105264279, 0.05068474837914835329 ) ) ;
#618 = DIRECTION ( 'NONE',  ( -0.000000000000000000, -0.000000000000000000, -1.000000000000000000 ) ) ;
#619 = CARTESIAN_POINT ( 'NONE',  ( 0.06433712777815817074, -0.04432562623164253146, -0.06067256102441877241 ) ) ;
#620 = CARTESIAN_POINT ( 'NONE',  ( 0.06889763779527580123, -0.1193342091828952928, -0.06299212598425199539 ) ) ;
#621 = CARTESIAN_POINT ( 'NONE',  ( 0.05268900817200263681, 0.03042001305144012568, -0.06906167979002370005 ) ) ;
#622 = CARTESIAN_POINT ( 'NONE',  ( -0.04546065111729374886, 0.07874015748031554240, 0.03428477690288951607 ) ) ;
#623 =( BOUNDED_CURVE ( )  B_SPLINE_CURVE ( 2, ( #1799, #843, #1499, #478, #165, #1655, #26, #1328, #822 ),
 .UNSPECIFIED., .F., .F. ) 
 B_SPLINE_CURVE_WITH_KNOTS ( ( 3, 2, 2, 2, 3 ),
 ( 0.8036164263284210074, 0.8175053152173099580, 0.8452830929950876371, 0.8730608707728654272, 0.8869497596617543778 ),
 .UNSPECIFIED. ) 
 CURVE ( )  GEOMETRIC_REPRESENTATION_ITEM ( )  RATIONAL_B_SPLINE_CURVE ( ( 0.9330127018922194093, 0.9330127018922194093, 1.000000000000000000, 0.8660254037844388186, 1.000000000000000000, 0.8660254037844388186, 1.000000000000000000, 0.9330127018922191873, 0.9330127018922194093 ) ) 
 REPRESENTATION_ITEM ( '' )  );
#624 = ORIENTED_EDGE ( 'NONE', *, *, #327, .F. ) ;
#625 = CARTESIAN_POINT ( 'NONE',  ( 0.07439463604768797866, 0.01563275950709885551, 0.05867811286964164097 ) ) ;
#626 = CARTESIAN_POINT ( 'NONE',  ( -0.06819097667599949286, -0.03937007874019183423, -0.01394356955376370444 ) ) ;
#627 = EDGE_LOOP ( 'NONE', ( #711, #1193, #109 ) ) ;
#628 = CARTESIAN_POINT ( 'NONE',  ( 0.07647579672006341034, -0.005810848170213695103, -0.05923608760924679167 ) ) ;
#629 = ORIENTED_EDGE ( 'NONE', *, *, #1119, .T. ) ;
#630 = PERSON_AND_ORGANIZATION_ROLE ( 'design_supplier' ) ;
#631 = CARTESIAN_POINT ( 'NONE',  ( 0.1377952755905509086, -0.07955613945526814057, -0.05068474837915162151 ) ) ;
#632 = CARTESIAN_POINT ( 'NONE',  ( -0.07025201089600351112, -1.290508504161835270E-17, 0.02509842519685215323 ) ) ;
#633 = CARTESIAN_POINT ( 'NONE',  ( 0.07874015748027053674, 0.02109836160882794590, 0.02632916295736778892 ) ) ;
#634 = ORIENTED_EDGE ( 'NONE', *, *, #1120, .T. ) ;
#635 = CC_DESIGN_PERSON_AND_ORGANIZATION_ASSIGNMENT ( #782, #630, ( #125 ) ) ;
#636 = CARTESIAN_POINT ( 'NONE',  ( -0.1377952755905514359, 0.07955613945526342212, -0.05068474837914801329 ) ) ;
#637 =( BOUNDED_CURVE ( )  B_SPLINE_CURVE ( 2, ( #163, #1294, #2112, #821, #1948, #832, #1796, #491, #2 ),
 .UNSPECIFIED., .F., .F. ) 
 B_SPLINE_CURVE_WITH_KNOTS ( ( 3, 2, 2, 2, 3 ),
 ( 0.5536164263284210074, 0.5675053152173099580, 0.5952830929950876371, 0.6230608707728654272, 0.6369497596617543778 ),
 .UNSPECIFIED. ) 
 CURVE ( )  GEOMETRIC_REPRESENTATION_ITEM ( )  RATIONAL_B_SPLINE_CURVE ( ( 0.9330127018922194093, 0.9330127018922194093, 1.000000000000000000, 0.8660254037844388186, 1.000000000000000000, 0.8660254037844388186, 1.000000000000000000, 0.9330127018922191873, 0.9330127018922194093 ) ) 
 REPRESENTATION_ITEM ( '' )  );
#638 = CARTESIAN_POINT ( 'NONE',  ( -0.07874015748031505668, 0.02109836160874980007, -0.04158506846916985855 ) ) ;
#639 = CARTESIAN_POINT ( 'NONE',  ( -0.05268900817200266457, 0.03042001305144007364, -0.03231627296587698261 ) ) ;
#640 = PRODUCT ( '90591A255_Zinc-Plated Steel Hex Nut', '90591A255_Zinc-Plated Steel Hex Nut', '', ( #612 ) ) ;
#641 = DATE_AND_TIME ( #1134, #848 ) ;
#642 = AXIS2_PLACEMENT_3D ( 'NONE', #1858, #599, #1558 ) ;
#643 = CARTESIAN_POINT ( 'NONE',  ( -0.1377952755905514082, -0.01346638380171253334, 0.06299212598425199539 ) ) ;
#644 = CARTESIAN_POINT ( 'NONE',  ( 7.450754322693369150E-18, -0.06084002610288023055, -0.07824803149606035513 ) ) ;
#645 = CARTESIAN_POINT ( 'NONE',  ( 0.000000000000000000, 0.08023183509510080358, 0.06040846456693074740 ) ) ;
#646 = B_SPLINE_CURVE_WITH_KNOTS ( 'NONE', 3,
 ( #1469, #1135, #1760, #473, #451, #1771 ),
 .UNSPECIFIED., .F., .F.,
 ( 4, 2, 4 ),
 ( 0.01093525921502722618, 0.01195847309592478272, 0.01298168697682234099 ),
 .UNSPECIFIED. ) ;
#647 = ADVANCED_FACE ( 'NONE', ( #613 ), #954, .F. ) ;
#648 = CARTESIAN_POINT ( 'NONE',  ( 0.07874015748031414075, 0.02109836160875139949, 0.05388821807547304610 ) ) ;
#649 = ADVANCED_FACE ( 'NONE', ( #1527 ), #200, .F. ) ;
#650 = CARTESIAN_POINT ( 'NONE',  ( -0.06045984359224641086, 0.05300289614070213817, -0.06299212598425200926 ) ) ;
#651 = CARTESIAN_POINT ( 'NONE',  ( -0.04632187158973407465, -0.08023183509510081746, -0.03662237532808183815 ) ) ;
#652 = LINE ( 'NONE', #1446, #1231 ) ;
#653 = CARTESIAN_POINT ( 'NONE',  ( -0.06948280738460115014, -0.04011591754755043648, -0.06647801837270100878 ) ) ;
#654 = APPLICATION_PROTOCOL_DEFINITION ( 'international standard', 'config_control_design', 1994, #2015 ) ;
#655 = ADVANCED_FACE ( 'NONE', ( #1670, #211 ), #1837, .T. ) ;
#656 = CARTESIAN_POINT ( 'NONE',  ( 0.07874015748031502893, -1.601242264446392059E-16, -0.002460629921257470685 ) ) ;
#657 = CARTESIAN_POINT ( 'NONE',  ( 0.03512600544800177638, -0.06084002610288021667, -0.07595144356955119136 ) ) ;
#658 = CARTESIAN_POINT ( 'NONE',  ( 9.825566003893348240E-18, -0.08023183509510080358, 0.04662893700787574397 ) ) ;
#659 = CARTESIAN_POINT ( 'NONE',  ( -0.09227098167747124768, 0.1058396028006479694, -0.06181362163790807274 ) ) ;
#660 = CARTESIAN_POINT ( 'NONE',  ( 0.005301858995025597945, 0.08023002781553875695, -0.06299212598425199539 ) ) ;
#661 = ORIENTED_EDGE ( 'NONE', *, *, #2053, .T. ) ;
#662 = CARTESIAN_POINT ( 'NONE',  ( 0.000000000000000000, 0.06084002610288023055, -0.06446850393700534476 ) ) ;
#663 = CARTESIAN_POINT ( 'NONE',  ( -0.07815150819237573487, -0.02099071484861154274, 0.06299212598425198151 ) ) ;
#664 = CC_DESIGN_PERSON_AND_ORGANIZATION_ASSIGNMENT ( #304, #277, ( #1083 ) ) ;
#665 = CARTESIAN_POINT ( 'NONE',  ( 0.000000000000000000, 0.06084002610288022361, -0.03346456692913150205 ) ) ;
#666 = CARTESIAN_POINT ( 'NONE',  ( -0.01941677629457375445, -0.06129584429865166106, -0.04673806861651710193 ) ) ;
#667 = ADVANCED_FACE ( 'NONE', ( #1515 ), #608, .F. ) ;
#668 = ORIENTED_EDGE ( 'NONE', *, *, #979, .F. ) ;
#669 = MANIFOLD_SOLID_BREP ( 'Cut-Extrude3', #983 ) ;
#670 = DIRECTION ( 'NONE',  ( 0.000000000000000000, 0.000000000000000000, -1.000000000000000000 ) ) ;
#671 = CARTESIAN_POINT ( 'NONE',  ( 0.07874015748031502893, 9.642888182262632292E-18, 0.06299212598425199539 ) ) ;
#672 = CARTESIAN_POINT ( 'NONE',  ( 0.08023183509516494671, 0.005243019330294568410, 0.06299212598425202314 ) ) ;
#673 = B_SPLINE_CURVE_WITH_KNOTS ( 'NONE', 3,
 ( #1537, #1713, #244, #1868 ),
 .UNSPECIFIED., .F., .F.,
 ( 4, 4 ),
 ( 2.380739282170944072E-07, 0.002044882221487520201 ),
 .UNSPECIFIED. ) ;
#674 = CARTESIAN_POINT ( 'NONE',  ( 0.000000000000000000, 0.000000000000000000, 0.06299212598425199539 ) ) ;
#675 = CARTESIAN_POINT ( 'NONE',  ( -0.06948280738460120565, 0.04011591754755034628, -0.04351213910760933640 ) ) ;
#676 = CARTESIAN_POINT ( 'NONE',  ( -0.01524071769170909883, 0.06982760732679692273, -0.05407736186360198594 ) ) ;
#677 = DIRECTION ( 'NONE',  ( -0.000000000000000000, -0.000000000000000000, -1.000000000000000000 ) ) ;
#678 = CARTESIAN_POINT ( 'NONE',  ( 0.07874015748031501505, -1.532617595970118149E-16, -0.02657480314960447565 ) ) ;
#679 = ORIENTED_EDGE ( 'NONE', *, *, #1822, .F. ) ;
#680 = CIRCLE ( 'NONE', #1870, 0.08023183509510094236 ) ;
#681 = CARTESIAN_POINT ( 'NONE',  ( -0.08023183509509790312, 0.006627168309112156999, 0.06299212598425196763 ) ) ;
#682 = CARTESIAN_POINT ( 'NONE',  ( -0.06948280738460115014, -0.04011591754755043648, -0.01308234908136260422 ) ) ;
#683 = CONICAL_SURFACE ( 'NONE', #267, 0.1377952755905514359, 1.047197551196600074 ) ;
#684 = CARTESIAN_POINT ( 'NONE',  ( 0.05030195003425246697, -0.05321969373482927923, 0.05584216154803690879 ) ) ;
#685 = CARTESIAN_POINT ( 'NONE',  ( 0.07874015748031507056, -8.552234934408181860E-13, -0.03001968503941734520 ) ) ;
#686 = CARTESIAN_POINT ( 'NONE',  ( 0.06948280738460117789, -0.04011591754755038791, 0.02538549868766567380 ) ) ;
#687 = CARTESIAN_POINT ( 'NONE',  ( 9.642888182262827967E-18, -0.07874015748031663875, -0.03690944881889403340 ) ) ;
#688 = CARTESIAN_POINT ( 'NONE',  ( 0.07025201089600351112, 4.301695013872784748E-18, -0.04035433070865900723 ) ) ;
#689 = DIRECTION ( 'NONE',  ( -1.000000000000000000, 0.000000000000000000, 0.000000000000000000 ) ) ;
#690 = ORIENTED_EDGE ( 'NONE', *, *, #1864, .T. ) ;
#691 = APPLICATION_CONTEXT ( 'configuration controlled 3d designs of mechanical parts and assemblies' ) ;
#692 = CARTESIAN_POINT ( 'NONE',  ( -0.06227515375235713468, 0.02142832192530996077, 0.04839243347154678632 ) ) ;
#693 = CARTESIAN_POINT ( 'NONE',  ( -0.09264374317946821868, -1.701837953186478084E-17, -0.01537893700787175758 ) ) ;
#694 = CARTESIAN_POINT ( 'NONE',  ( -0.05268900817200256048, -0.03042001305144010834, 0.05839895013123513196 ) ) ;
#695 = CARTESIAN_POINT ( 'NONE',  ( -0.04546065111733308545, 0.07874015748038365459, -0.02083333333329117146 ) ) ;
#696 = ADVANCED_FACE ( 'NONE', ( #54 ), #1087, .T. ) ;
#697 = CARTESIAN_POINT ( 'NONE',  ( 0.03512600544800175556, 0.06084002610288023055, -0.06676509186351452241 ) ) ;
#698 = CARTESIAN_POINT ( 'NONE',  ( 9.642888182262636914E-18, -0.07874015748031507056, 0.01820866141732506785 ) ) ;
#699 = CARTESIAN_POINT ( 'NONE',  ( 0.05268900817200263681, -0.03042001305144009793, 0.04002624671916182875 ) ) ;
#700 = DIRECTION ( 'NONE',  ( -1.000000000000000000, 0.000000000000000000, 0.000000000000000000 ) ) ;
#701 = ORIENTED_EDGE ( 'NONE', *, *, #2009, .F. ) ;
#702 = CARTESIAN_POINT ( 'NONE',  ( -0.05159832812953887154, 0.04062820423295691180, 0.04751824411726657954 ) ) ;
#703 = CARTESIAN_POINT ( 'NONE',  ( 0.05268900817200258130, 0.03042001305144009099, 0.04461942257218012853 ) ) ;
#704 = CARTESIAN_POINT ( 'NONE',  ( 0.03512600544800175556, 0.06084002610288023055, -0.01164698162729452258 ) ) ;
#705 = VERTEX_POINT ( 'NONE', #1016 ) ;
#706 = CARTESIAN_POINT ( 'NONE',  ( 0.04546065111729342967, -0.07874015748031500117, 0.02395013123359719664 ) ) ;
#707 = CARTESIAN_POINT ( 'NONE',  ( -0.06115470341567607465, 0.03202592188127356687, -0.05163286568754390377 ) ) ;
#708 = CARTESIAN_POINT ( 'NONE',  ( -0.04546065111729757219, 0.07874015748032214823, -0.04839238845143666728 ) ) ;
#709 = DIRECTION ( 'NONE',  ( -0.000000000000000000, -0.000000000000000000, 1.000000000000000000 ) ) ;
#710 = CARTESIAN_POINT ( 'NONE',  ( 0.02892603903611140614, 0.05352376146984166860, 0.04360031699203763961 ) ) ;
#711 = ORIENTED_EDGE ( 'NONE', *, *, #1656, .T. ) ;
#712 = CARTESIAN_POINT ( 'NONE',  ( 0.02138495181009117396, -0.07792240769954618396, -0.06299212598425200926 ) ) ;
#713 = CARTESIAN_POINT ( 'NONE',  ( -0.06896946575331600049, -0.04190590348708147367, -0.06299212598425119047 ) ) ;
#714 = CARTESIAN_POINT ( 'NONE',  ( 0.000000000000000000, 0.06084002610288016116, 0.07677165354330846292 ) ) ;
#715 = CARTESIAN_POINT ( 'NONE',  ( -0.03512600544800175556, 0.06084002610288014035, 0.02395013123359763033 ) ) ;
#716 = CONICAL_SURFACE ( 'NONE', #2075, 0.08023183509510094236, 0.7853981633974500554 ) ;
#717 = CARTESIAN_POINT ( 'NONE',  ( 0.07025201089600351112, 4.301695013872783977E-18, -0.01624015748031285011 ) ) ;
#718 = ORIENTED_EDGE ( 'NONE', *, *, #1974, .T. ) ;
#719 = CC_DESIGN_APPROVAL ( #1338, ( #1490 ) ) ;
#720 = ADVANCED_FACE ( 'NONE', ( #500, #1815 ), #2016, .F. ) ;
#721 = DIRECTION ( 'NONE',  ( -0.000000000000000000, -0.000000000000000000, -1.000000000000000000 ) ) ;
#722 = CARTESIAN_POINT ( 'NONE',  ( 0.08023183509510080358, -9.815981079288257532E-13, 0.06299212598425198151 ) ) ;
#723 = CARTESIAN_POINT ( 'NONE',  ( 0.07874015748032235640, 0.02109836160875144459, -0.05634800239696294288 ) ) ;
#724 = DIRECTION ( 'NONE',  ( 1.000000000000000000, 0.000000000000000000, 0.000000000000000000 ) ) ;
#725 = LINE ( 'NONE', #1893, #580 ) ;
#726 = CARTESIAN_POINT ( 'NONE',  ( -0.06948280738460120565, 0.04011591754755034628, -0.01767552493438093175 ) ) ;
#727 = CARTESIAN_POINT ( 'NONE',  ( -0.06497287780748868535, -0.01844086740089097981, 0.05013986601270593868 ) ) ;
#728 = CARTESIAN_POINT ( 'NONE',  ( -0.03512600544800173474, -0.06084002610288025137, 0.02969160104987048077 ) ) ;
#729 = ORIENTED_EDGE ( 'NONE', *, *, #306, .F. ) ;
#730 = B_SPLINE_CURVE_WITH_KNOTS ( 'NONE', 3,
 ( #1730, #63, #732, #1881, #892, #411 ),
 .UNSPECIFIED., .F., .F.,
 ( 4, 2, 4 ),
 ( 0.002044882221487520201, 0.003063384235218486774, 0.004081886248949452914 ),
 .UNSPECIFIED. ) ;
#731 = CARTESIAN_POINT ( 'NONE',  ( 0.07874015748031500117, -0.02109836160874990069, 0.02731256932610514471 ) ) ;
#732 = CARTESIAN_POINT ( 'NONE',  ( 0.04552429391308004253, 0.1328288155651425329, 0.06181362163790814906 ) ) ;
#733 = DIRECTION ( 'NONE',  ( -1.000000000000000000, 0.000000000000000000, 0.000000000000000000 ) ) ;
#734 = CARTESIAN_POINT ( 'NONE',  ( 0.1377952755905509086, -0.05335750285028890982, 0.05755356636258780051 ) ) ;
#735 = ORIENTED_EDGE ( 'NONE', *, *, #824, .T. ) ;
#736 = EDGE_CURVE ( 'NONE', #1239, #309, #1651, .T. ) ;
#737 = CARTESIAN_POINT ( 'NONE',  ( 0.000000000000000000, 0.06084002610288016116, -0.005905511811021537695 ) ) ;
#738 = CARTESIAN_POINT ( 'NONE',  ( -0.03512600544800170005, -0.06084002610288017504, -0.04954068241469571088 ) ) ;
#739 = CARTESIAN_POINT ( 'NONE',  ( 7.450754322693369150E-18, -0.06084002610288023055, 0.004429133858269653293 ) ) ;
#740 = ORIENTED_EDGE ( 'NONE', *, *, #507, .T. ) ;
#741 = CARTESIAN_POINT ( 'NONE',  ( 0.000000000000000000, 0.08023183509510092848, 0.06299212598425199539 ) ) ;
#742 = CARTESIAN_POINT ( 'NONE',  ( -0.04546065111729343661, 0.07874015748031498729, -0.01738845144356779976 ) ) ;
#743 = CARTESIAN_POINT ( 'NONE',  ( -0.004581431156590782400, -0.07874015748031501505, -0.06125506746700096206 ) ) ;
#744 = ORIENTED_EDGE ( 'NONE', *, *, #495, .F. ) ;
#745 = ORIENTED_EDGE ( 'NONE', *, *, #126, .T. ) ;
#746 = DIRECTION ( 'NONE',  ( 1.000000000000000000, 1.776356839400250465E-15, 0.000000000000000000 ) ) ;
#747 = EDGE_CURVE ( 'NONE', #1284, #1128, #3, .T. ) ;
#748 = CARTESIAN_POINT ( 'NONE',  ( 0.05268900817200258824, -0.03042001305144007017, -0.07020997375327821255 ) ) ;
#749 = CARTESIAN_POINT ( 'NONE',  ( 0.05268900817200258130, 0.03042001305144009099, -0.01049868766403988345 ) ) ;
#750 = CARTESIAN_POINT ( 'NONE',  ( -0.03512600544800173474, -0.06084002610288025137, 0.05725065616798048762 ) ) ;
#751 = ORIENTED_EDGE ( 'NONE', *, *, #1522, .T. ) ;
#752 = CIRCLE ( 'NONE', #363, 0.1377952755905514359 ) ;
#753 = B_SPLINE_CURVE_WITH_KNOTS ( 'NONE', 3,
 ( #311, #174, #659, #468, #1625, #636 ),
 .UNSPECIFIED., .F., .F.,
 ( 4, 2, 4 ),
 ( 0.002044882221487527140, 0.003063384235218491979, 0.004081886248949456383 ),
 .UNSPECIFIED. ) ;
#754 = CARTESIAN_POINT ( 'NONE',  ( 0.04453594560688821369, -0.04144946712684534351, -0.04360031698172340403 ) ) ;
#755 = CARTESIAN_POINT ( 'NONE',  ( 0.04075546985105597125, -0.05868756684907606297, -0.05403907859045230244 ) ) ;
#756 = CARTESIAN_POINT ( 'NONE',  ( 0.001221197892296951209, 0.07412117073950970358, 0.05671753227807124070 ) ) ;
#757 = CARTESIAN_POINT ( 'NONE',  ( -0.01388659733359009704, -0.06084002610288017504, -0.07571107498437085193 ) ) ;
#758 = CARTESIAN_POINT ( 'NONE',  ( -0.05268900817200260212, 0.03042001305144003895, -0.001312335958003209724 ) ) ;
#759 = CARTESIAN_POINT ( 'NONE',  ( 0.05268900817200264375, -0.03042001305144010487, -0.04609580052493202074 ) ) ;
#760 = ORIENTED_EDGE ( 'NONE', *, *, #138, .T. ) ;
#761 = ADVANCED_FACE ( 'NONE', ( #1492 ), #1570, .T. ) ;
#762 = CARTESIAN_POINT ( 'NONE',  ( 0.07765822169535542552, -0.02082666970674900905, 0.06299212598425203702 ) ) ;
#763 = CARTESIAN_POINT ( 'NONE',  ( 0.07874015748031501505, -1.532617595970118149E-16, -0.05413385826771446863 ) ) ;
#764 = DIRECTION ( 'NONE',  ( 0.000000000000000000, 0.000000000000000000, -1.000000000000000000 ) ) ;
#765 = CARTESIAN_POINT ( 'NONE',  ( -0.03512600544800170005, -0.06084002610288017504, 0.03313648293963428887 ) ) ;
#766 = CARTESIAN_POINT ( 'NONE',  ( 0.000000000000000000, 0.06084002610288023055, 0.04576771653543465490 ) ) ;
#767 = VERTEX_POINT ( 'NONE', #678 ) ;
#768 = CARTESIAN_POINT ( 'NONE',  ( 0.06889763779527559306, 0.1193342091828954177, -0.06299212598425199539 ) ) ;
#769 = DIRECTION ( 'NONE',  ( -0.000000000000000000, -0.000000000000000000, -1.000000000000000000 ) ) ;
#770 = CARTESIAN_POINT ( 'NONE',  ( 0.03512600544800177638, -0.06084002610288021667, -0.02083333333333115683 ) ) ;
#771 = ORIENTED_EDGE ( 'NONE', *, *, #153, .F. ) ;
#772 = B_SPLINE_CURVE_WITH_KNOTS ( 'NONE', 3,
 ( #14, #672, #1129, #477, #2101, #1150, #1303, #1139, #1784, #145, #1285, #331, #1472, #508, #1756, #1775 ),
 .UNSPECIFIED., .F., .F.,
 ( 4, 2, 2, 2, 2, 2, 2, 4 ),
 ( 0.008374734353288174754, 0.008773248495953994003, 0.009171762638619811517, 0.009968790923951448280, 0.01036730506661726753, 0.01076581920928308678, 0.01116433335194890603, 0.01156284749461472354 ),
 .UNSPECIFIED. ) ;
#773 = CARTESIAN_POINT ( 'NONE',  ( 7.450754322693361446E-18, -0.06084002610288016116, -0.04724409448818654017 ) ) ;
#774 = CARTESIAN_POINT ( 'NONE',  ( 0.07025201089600342785, 4.301695013872779355E-18, -0.04035433070865904193 ) ) ;
#775 = CARTESIAN_POINT ( 'NONE',  ( 0.06889763779527553755, -0.1193342091828948487, 0.06299212598425199539 ) ) ;
#776 = EDGE_LOOP ( 'NONE', ( #690, #229, #982, #1091 ) ) ;
#777 = CARTESIAN_POINT ( 'NONE',  ( 0.000000000000000000, 0.000000000000000000, 0.06299212598425199539 ) ) ;
#778 = CARTESIAN_POINT ( 'NONE',  ( 0.06078295879847964850, 0.002634520051446033635, -0.04360031699203142236 ) ) ;
#779 = CARTESIAN_POINT ( 'NONE',  ( 0.07874015748038293294, -0.02109836160876937469, -0.003691367681728327955 ) ) ;
#780 = AXIS2_PLACEMENT_3D ( 'NONE', #1006, #861, #1660 ) ;
#781 = CARTESIAN_POINT ( 'NONE',  ( -0.05268900817200266457, 0.03042001305144007364, -0.004757217847766979230 ) ) ;
#782 = PERSON_AND_ORGANIZATION ( #463, #1931 ) ;
#783 = CARTESIAN_POINT ( 'NONE',  ( -0.1377952755905514082, -0.01346638380171253334, -0.06299212598425199539 ) ) ;
#784 = CARTESIAN_POINT ( 'NONE',  ( 0.03512600544800177638, -0.06084002610288021667, -0.02083333333333119153 ) ) ;
#785 = LINE ( 'NONE', #671, #1194 ) ;
#786 = ORIENTED_EDGE ( 'NONE', *, *, #1281, .F. ) ;
#787 = CARTESIAN_POINT ( 'NONE',  ( 0.06709773242106939484, 0.03808297278000952191, 0.05950885648372362252 ) ) ;
#788 = CARTESIAN_POINT ( 'NONE',  ( -0.06819097667594055390, -0.03937007874015781284, 0.04117454068241702125 ) ) ;
#789 = FACE_OUTER_BOUND ( 'NONE', #320, .T. ) ;
#790 = DIRECTION ( 'NONE',  ( 0.000000000000000000, 0.000000000000000000, 1.000000000000000000 ) ) ;
#791 = DIRECTION ( 'NONE',  ( -0.000000000000000000, -0.000000000000000000, -1.000000000000000000 ) ) ;
#792 = CC_DESIGN_PERSON_AND_ORGANIZATION_ASSIGNMENT ( #450, #472, ( #1490 ) ) ;
#793 = CARTESIAN_POINT ( 'NONE',  ( 0.01189567098692203249, -0.07934507151990208285, -0.06299212598425199539 ) ) ;
#794 = CARTESIAN_POINT ( 'NONE',  ( 0.04632187158973410240, 0.08023183509510080358, 0.08567093175853157661 ) ) ;
#795 = ORIENTED_EDGE ( 'NONE', *, *, #2116, .T. ) ;
#796 = CARTESIAN_POINT ( 'NONE',  ( 0.07531790798365117778, -9.221268264828121395E-13, 0.05807819887280225163 ) ) ;
#797 = B_SPLINE_CURVE_WITH_KNOTS ( 'NONE', 3,
 ( #481, #1142, #932, #1585, #1268, #1910 ),
 .UNSPECIFIED., .F., .F.,
 ( 4, 2, 4 ),
 ( 0.000000000000000000, 0.0006134770824022306229, 0.001226954164804461029 ),
 .UNSPECIFIED. ) ;
#798 = CARTESIAN_POINT ( 'NONE',  ( -0.1377952755905513804, -0.07955613945526304742, 0.06299212598425199539 ) ) ;
#799 = CARTESIAN_POINT ( 'NONE',  ( 0.07625389410016046587, -4.239860767359125294E-13, -0.05901418498931155360 ) ) ;
#800 = VERTEX_POINT ( 'NONE', #346 ) ;
#801 = B_SPLINE_CURVE_WITH_KNOTS ( 'NONE', 3,
 ( #142, #989, #298, #161, #1636, #172 ),
 .UNSPECIFIED., .F., .F.,
 ( 4, 2, 4 ),
 ( 0.005838139006013612353, 0.006861999454992879881, 0.007885859903972147408 ),
 .UNSPECIFIED. ) ;
#802 = COORDINATED_UNIVERSAL_TIME_OFFSET ( 6, 0, .BEHIND. ) ;
#803 = CARTESIAN_POINT ( 'NONE',  ( -0.1377952755905513804, -0.05335750285028661305, -0.05755356636258798092 ) ) ;
#804 = EDGE_CURVE ( 'NONE', #1996, #1843, #2052, .T. ) ;
#805 = CARTESIAN_POINT ( 'NONE',  ( -0.03512600544800179025, 0.06084002610288021667, -0.03461286089238619496 ) ) ;
#806 = CARTESIAN_POINT ( 'NONE',  ( 9.825566003893348240E-18, -0.08023183509510080358, 0.07418799212598574389 ) ) ;
#807 = B_SPLINE_CURVE_WITH_KNOTS ( 'NONE', 3,
 ( #1817, #1495, #1661, #1347 ),
 .UNSPECIFIED., .F., .F.,
 ( 4, 4 ),
 ( 2.380739282170944072E-07, 0.002044882221487539717 ),
 .UNSPECIFIED. ) ;
#808 = CARTESIAN_POINT ( 'NONE',  ( 0.08023183509510080358, -9.815981079288257532E-13, 0.06299212598425198151 ) ) ;
#809 = LINE ( 'NONE', #2069, #544 ) ;
#810 = VERTEX_POINT ( 'NONE', #570 ) ;
#811 = ADVANCED_FACE ( 'NONE', ( #405 ), #423, .F. ) ;
#812 = CARTESIAN_POINT ( 'NONE',  ( 0.06078295879847964850, 0.002634520051446033635, -0.04360031699203142236 ) ) ;
#813 = AXIS2_PLACEMENT_3D ( 'NONE', #922, #221, #913 ) ;
#814 = CARTESIAN_POINT ( 'NONE',  ( 0.07025201089600351112, 4.301695013872784748E-18, -0.01279527559054900211 ) ) ;
#815 = COORDINATED_UNIVERSAL_TIME_OFFSET ( 6, 0, .BEHIND. ) ;
#816 = VECTOR ( 'NONE', #485, 39.37007874015748854 ) ;
#817 = DIRECTION ( 'NONE',  ( 0.8660254037844391517, -0.4999999999999990008, 0.000000000000000000 ) ) ;
#818 = ORIENTED_EDGE ( 'NONE', *, *, #585, .T. ) ;
#819 = CARTESIAN_POINT ( 'NONE',  ( -0.05268900817200262293, -0.03042001305144014303, -0.0001640419947486831346 ) ) ;
#820 = CARTESIAN_POINT ( 'NONE',  ( 0.06948280738460117789, -0.04011591754755038791, 0.05122211286089407151 ) ) ;
#821 = CARTESIAN_POINT ( 'NONE',  ( 0.04546065111729338803, 0.07874015748031501505, 0.005577427821523869150 ) ) ;
#822 = CARTESIAN_POINT ( 'NONE',  ( 0.07874015748031501505, 1.143744474604565734E-17, 0.05610236220472555185 ) ) ;
#823 = VERTEX_POINT ( 'NONE', #1565 ) ;
#824 = EDGE_CURVE ( 'NONE', #439, #543, #1626, .T. ) ;
#825 = CARTESIAN_POINT ( 'NONE',  ( 0.04632187158973410240, 0.08023183509510080358, -0.05040190288713684158 ) ) ;
#826 = CARTESIAN_POINT ( 'NONE',  ( -0.1377952755905514359, 0.07955613945526342212, -0.05068474837914801329 ) ) ;
#827 = CARTESIAN_POINT ( 'NONE',  ( -0.05268900817200265763, 0.03042001305144007017, -0.02887139107611317798 ) ) ;
#828 = CARTESIAN_POINT ( 'NONE',  ( -0.1377952755905513804, -0.07955613945526304742, -0.05068474837914815900 ) ) ;
#829 = ORIENTED_EDGE ( 'NONE', *, *, #1225, .F. ) ;
#830 = LINE ( 'NONE', #2076, #366 ) ;
#831 = CARTESIAN_POINT ( 'NONE',  ( 0.07874015748031501505, -1.532617595970118149E-16, -0.02657480314960447565 ) ) ;
#832 = CARTESIAN_POINT ( 'NONE',  ( -0.04546065111729343661, 0.07874015748031498729, 0.01017060367454220536 ) ) ;
#833 = CARTESIAN_POINT ( 'NONE',  ( 0.07972210921486957980, 0.01044898789348907772, -0.06299212598425203702 ) ) ;
#834 = EDGE_CURVE ( 'NONE', #48, #1950, #596, .T. ) ;
#835 = CARTESIAN_POINT ( 'NONE',  ( 0.06948280738460116401, 0.04011591754755040873, -0.02513943569553600543 ) ) ;
#836 = CARTESIAN_POINT ( 'NONE',  ( 0.07874015748036007623, -0.02109836160867187282, 0.02386768743634671772 ) ) ;
#837 = CARTESIAN_POINT ( 'NONE',  ( 9.825566003893348240E-18, -0.08023183509510080358, -0.08944389763779266034 ) ) ;
#838 = CARTESIAN_POINT ( 'NONE',  ( 0.006170275520713730186, -0.06292341324360638255, -0.04566470267131788469 ) ) ;
#839 = ORIENTED_EDGE ( 'NONE', *, *, #1208, .F. ) ;
#840 = CARTESIAN_POINT ( 'NONE',  ( 0.05843955576441658972, 0.01692120262442311715, 0.04360031699203129052 ) ) ;
#841 = CARTESIAN_POINT ( 'NONE',  ( 0.06948280738460117789, -0.04011591754755038791, -0.05901410761154593509 ) ) ;
#842 = CARTESIAN_POINT ( 'NONE',  ( 0.05268900817200258130, 0.03042001305144009099, 0.04461942257218012853 ) ) ;
#843 = CARTESIAN_POINT ( 'NONE',  ( -0.07874015748031501505, -0.02109836160874986599, 0.04355357240618094178 ) ) ;
#844 = CARTESIAN_POINT ( 'NONE',  ( 9.825566003893348240E-18, -0.08023183509510080358, 0.04835137795275734618 ) ) ;
#845 = CARTESIAN_POINT ( 'NONE',  ( -0.04546065111729431785, -0.07874015748031666651, -0.03920603674540321798 ) ) ;
#846 = CARTESIAN_POINT ( 'NONE',  ( -0.05268900817200265763, 0.03042001305144007017, -0.001312335958003175030 ) ) ;
#847 = CARTESIAN_POINT ( 'NONE',  ( 0.04453594560688821369, -0.04144946712684534351, -0.04360031698172340403 ) ) ;
#848 = LOCAL_TIME ( 21, 59, 47.00000000000000000, #1954 ) ;
#849 = ORIENTED_EDGE ( 'NONE', *, *, #283, .T. ) ;
#850 = AXIS2_PLACEMENT_3D ( 'NONE', #1845, #1048, #263 ) ;
#851 = CARTESIAN_POINT ( 'NONE',  ( 0.05424131821938760201, -0.05930788702587911493, -0.06299212598425203702 ) ) ;
#852 = EDGE_CURVE ( 'NONE', #1843, #139, #49, .T. ) ;
#853 = CARTESIAN_POINT ( 'NONE',  ( 0.07025201089600342785, 4.301695013872779355E-18, 0.06988188976378097161 ) ) ;
#854 = CONICAL_SURFACE ( 'NONE', #923, 0.08023183509510094236, 0.7853981633974500554 ) ;
#855 = CARTESIAN_POINT ( 'NONE',  ( 0.05985329548566432900, -0.04308878321601756350, 0.05636493683563460061 ) ) ;
#856 = CARTESIAN_POINT ( 'NONE',  ( 0.04019100449873182213, 0.06963855566975797606, -0.06299212598425199539 ) ) ;
#857 = ORIENTED_EDGE ( 'NONE', *, *, #1919, .F. ) ;
#858 = ORIENTED_EDGE ( 'NONE', *, *, #1864, .F. ) ;
#859 = CARTESIAN_POINT ( 'NONE',  ( 0.000000000000000000, 0.08023183509510080358, 0.06213090551181234267 ) ) ;
#860 = CARTESIAN_POINT ( 'NONE',  ( -0.06948280738460120565, 0.04011591754755034628, -0.07107119422571933631 ) ) ;
#861 = DIRECTION ( 'NONE',  ( 0.000000000000000000, 0.000000000000000000, 1.000000000000000000 ) ) ;
#862 = ORIENTED_EDGE ( 'NONE', *, *, #588, .T. ) ;
#863 = CARTESIAN_POINT ( 'NONE',  ( 0.09237394300347898102, 0.1057801580513612200, 0.06299212598425217580 ) ) ;
#864 = CARTESIAN_POINT ( 'NONE',  ( 0.04632187158973410240, 0.08023183509510080358, -0.02456528871390843347 ) ) ;
#865 = CARTESIAN_POINT ( 'NONE',  ( 0.07025201089600342785, 4.301695013872779355E-18, 0.06988188976378097161 ) ) ;
#866 = CARTESIAN_POINT ( 'NONE',  ( -0.03559304599374710915, 0.07209857668756280979, -0.06299212598425196763 ) ) ;
#867 = VERTEX_POINT ( 'NONE', #1869 ) ;
#868 = CARTESIAN_POINT ( 'NONE',  ( -0.1377952755905514637, 0.05365667660910974912, -0.05749060914197574867 ) ) ;
#869 = CARTESIAN_POINT ( 'NONE',  ( -2.789570765205078342E-16, 0.1591122789105269830, -0.05068474837914803410 ) ) ;
#870 = CARTESIAN_POINT ( 'NONE',  ( -0.07874015748032217599, 0.02109836160875179153, -0.04502995035892873310 ) ) ;
#871 = DIRECTION ( 'NONE',  ( 0.000000000000000000, 0.000000000000000000, 1.000000000000000000 ) ) ;
#872 = EDGE_LOOP ( 'NONE', ( #1692, #920, #1604, #1187, #2100, #1336 ) ) ;
#873 = CARTESIAN_POINT ( 'NONE',  ( -0.06001931788084928499, 0.02654795526000323577, 0.04816098631897054033 ) ) ;
#874 = CARTESIAN_POINT ( 'NONE',  ( 0.04632187158973414404, -0.08023183509510078970, -0.06131069553805511274 ) ) ;
#875 = ADVANCED_FACE ( 'NONE', ( #1723 ), #905, .F. ) ;
#876 = EDGE_CURVE ( 'NONE', #1239, #115, #1407, .T. ) ;
#877 = CARTESIAN_POINT ( 'NONE',  ( -0.05268900817200260212, 0.03042001305144003895, 0.02624671916010679062 ) ) ;
#878 = CARTESIAN_POINT ( 'NONE',  ( 0.07025201089600351112, 4.301695013872783977E-18, 0.03887795275590715666 ) ) ;
#879 = ORIENTED_EDGE ( 'NONE', *, *, #1225, .T. ) ;
#880 = DIRECTION ( 'NONE',  ( -0.000000000000000000, -0.000000000000000000, -1.000000000000000000 ) ) ;
#881 = FACE_OUTER_BOUND ( 'NONE', #928, .T. ) ;
#882 = DIRECTION ( 'NONE',  ( -0.000000000000000000, -0.000000000000000000, -1.000000000000000000 ) ) ;
#883 = CARTESIAN_POINT ( 'NONE',  ( 0.07874015748031501505, 1.143744474604565734E-17, 0.05610236220472555185 ) ) ;
#884 = ORIENTED_EDGE ( 'NONE', *, *, #1073, .F. ) ;
#885 = FACE_OUTER_BOUND ( 'NONE', #498, .T. ) ;
#886 = CARTESIAN_POINT ( 'NONE',  ( 0.04632187158973410240, 0.08023183509510080358, 0.002993766404201569920 ) ) ;
#887 = CARTESIAN_POINT ( 'NONE',  ( 0.07245429313939352745, -0.01836555548863523860, 0.05736174962588333481 ) ) ;
#888 = AXIS2_PLACEMENT_3D ( 'NONE', #75, #968, #1639 ) ;
#889 = CARTESIAN_POINT ( 'NONE',  ( -0.07213020518873647369, 0.03552095574628694186, -0.06299212598425195375 ) ) ;
#890 = VERTEX_POINT ( 'NONE', #1050 ) ;
#891 = CARTESIAN_POINT ( 'NONE',  ( 0.04891582775154430796, -0.06170295126987833390, -0.06150044836951003291 ) ) ;
#892 = CARTESIAN_POINT ( 'NONE',  ( 0.01124259757764022732, 0.1526213621726856262, 0.05443228090504912547 ) ) ;
#893 = EDGE_CURVE ( 'NONE', #1763, #1934, #412, .T. ) ;
#894 = CARTESIAN_POINT ( 'NONE',  ( 0.000000000000000000, 0.07874015748032218986, -0.05068897637794582411 ) ) ;
#895 = CARTESIAN_POINT ( 'NONE',  ( 0.04891582775154430796, -0.06170295126987833390, -0.06150044836951003291 ) ) ;
#896 = VERTEX_POINT ( 'NONE', #1702 ) ;
#897 =( LENGTH_UNIT ( ) NAMED_UNIT ( * ) SI_UNIT ( $, .METRE. ) );
#898 = CARTESIAN_POINT ( 'NONE',  ( 0.07025201089600342785, 4.301695013872779355E-18, 0.01476377952756096484 ) ) ;
#899 = CARTESIAN_POINT ( 'NONE',  ( 7.450754322693361446E-18, -0.06084002610288016116, 0.007874015748033463130 ) ) ;
#900 = DIRECTION ( 'NONE',  ( -1.000000000000000000, 0.000000000000000000, 0.000000000000000000 ) ) ;
#901 = ORIENTED_EDGE ( 'NONE', *, *, #1943, .F. ) ;
#902 = CARTESIAN_POINT ( 'NONE',  ( 0.02681103373369459614, 0.07403499760353544901, 0.06150044836946612359 ) ) ;
#903 = CARTESIAN_POINT ( 'NONE',  ( 0.06819097667594010981, 0.03937007874015752834, -0.02427821522309530494 ) ) ;
#904 = EDGE_CURVE ( 'NONE', #236, #1417, #1076, .T. ) ;
#905 = PLANE ( 'NONE',  #642 ) ;
#906 =( CONVERSION_BASED_UNIT ( 'INCH', #424 ) LENGTH_UNIT ( ) NAMED_UNIT ( #1880 ) );
#907 = CARTESIAN_POINT ( 'NONE',  ( 0.05268900817200258130, 0.03042001305144009099, -0.06561679790025988501 ) ) ;
#908 = CARTESIAN_POINT ( 'NONE',  ( -0.05837950283643284638, -0.05572006462610526456, -0.06299212598425119047 ) ) ;
#909 = EDGE_CURVE ( 'NONE', #2089, #21, #234, .T. ) ;
#910 = CARTESIAN_POINT ( 'NONE',  ( -0.05268900817200256048, -0.03042001305144010834, -0.05183727034120488852 ) ) ;
#911 = CARTESIAN_POINT ( 'NONE',  ( 0.000000000000000000, 0.000000000000000000, 0.06299212598425199539 ) ) ;
#912 = ORIENTED_EDGE ( 'NONE', *, *, #1900, .T. ) ;
#913 = DIRECTION ( 'NONE',  ( 1.000000000000000000, 0.000000000000000000, 0.000000000000000000 ) ) ;
#914 = CARTESIAN_POINT ( 'NONE',  ( 0.000000000000000000, 0.000000000000000000, 0.06299212598425199539 ) ) ;
#915 = CARTESIAN_POINT ( 'NONE',  ( 0.05286645158190809990, 0.03645038236982861557, 0.04677570168327537664 ) ) ;
#916 = CARTESIAN_POINT ( 'NONE',  ( -0.07025201089600342785, -1.290508504161833884E-17, -0.02657480314960404197 ) ) ;
#917 = EDGE_CURVE ( 'NONE', #236, #159, #977, .T. ) ;
#918 = CARTESIAN_POINT ( 'NONE',  ( 0.05268900817200258824, -0.03042001305144007017, -0.07020997375327821255 ) ) ;
#919 = CARTESIAN_POINT ( 'NONE',  ( -0.03512600544800179025, 0.06084002610288021667, -0.007053805774276192438 ) ) ;
#920 = ORIENTED_EDGE ( 'NONE', *, *, #74, .T. ) ;
#921 = VECTOR ( 'NONE', #880, 39.37007874015748143 ) ;
#922 = CARTESIAN_POINT ( 'NONE',  ( 0.000000000000000000, 0.000000000000000000, -0.06299212598425199539 ) ) ;
#923 = AXIS2_PLACEMENT_3D ( 'NONE', #1059, #53, #1108 ) ;
#924 = CARTESIAN_POINT ( 'NONE',  ( -0.009131947035207643726, -0.07820882266963852247, -0.06150044836946605420 ) ) ;
#925 = CARTESIAN_POINT ( 'NONE',  ( -2.789570765205078342E-16, 0.1591122789105269830, -0.05068474837914803410 ) ) ;
#926 = DIRECTION ( 'NONE',  ( 0.000000000000000000, 0.000000000000000000, -1.000000000000000000 ) ) ;
#927 = CARTESIAN_POINT ( 'NONE',  ( 0.07025201089600351112, 4.301695013872783977E-18, 0.06643700787401715657 ) ) ;
#928 = EDGE_LOOP ( 'NONE', ( #624, #1163, #82 ) ) ;
#929 = ORIENTED_EDGE ( 'NONE', *, *, #876, .F. ) ;
#930 = CARTESIAN_POINT ( 'NONE',  ( 1.528331810978151281E-16, -0.1591122789105264279, 0.06299212598425199539 ) ) ;
#931 = CARTESIAN_POINT ( 'NONE',  ( 0.07874015748031498729, 3.419795979067651615E-15, 0.05265748031496273601 ) ) ;
#932 = CARTESIAN_POINT ( 'NONE',  ( 0.04231789310153160483, 0.04444498328370343615, 0.04360031699203137379 ) ) ;
#933 = SHAPE_DEFINITION_REPRESENTATION ( #1312, #1979 ) ;
#934 = CARTESIAN_POINT ( 'NONE',  ( 0.03512600544800174168, -0.06084002610288014035, 0.01017060367454262690 ) ) ;
#935 = CARTESIAN_POINT ( 'NONE',  ( 0.000000000000000000, 0.06084002610288016116, -0.03346456692913153674 ) ) ;
#936 = CARTESIAN_POINT ( 'NONE',  ( -0.07874015748031502893, 0.000000000000000000, 0.06299212598425199539 ) ) ;
#937 = ORIENTED_EDGE ( 'NONE', *, *, #852, .T. ) ;
#938 = ADVANCED_FACE ( 'NONE', ( #789 ), #295, .T. ) ;
#939 = DIRECTION ( 'NONE',  ( -0.8660254037844382635, -0.5000000000000004441, 0.000000000000000000 ) ) ;
#940 =( BOUNDED_CURVE ( )  B_SPLINE_CURVE ( 2, ( #2118, #2105, #942, #1749, #1592, #285, #2092, #1788, #1611, #113, #1132, #442, #1928, #148, #124, #1457, #2071, #459, #1941, #1277, #1777, #1307, #781, #303, #960, #971, #1425, #1112, #315, #770, #137, #1436, #1952, #2081, #639, #471, #1618, #609, #1758, #156, #812 ),
 .UNSPECIFIED., .F., .F. ) 
 B_SPLINE_CURVE_WITH_KNOTS ( ( 3, 2, 2, 2, 2, 2, 2, 2, 2, 2, 2, 2, 2, 2, 2, 2, 2, 2, 2, 2, 3 ),
 ( 0.1936499619366578440, 0.2093916444740830662, 0.2393047365418091710, 0.2692178286095353035, 0.2991309206772614360, 0.3290440127449875685, 0.3589571048127135899, 0.3888701968804397779, 0.4187832889481658549, 0.4486963810158919874, 0.4786094730836180644, 0.5085225651513443079, 0.5384356572190702739, 0.5683487492867964619, 0.5982618413545226499, 0.6281749334222488379, 0.6580880254899748039, 0.6880011175577007698, 0.7179142096254270689, 0.7478273016931530348, 0.7615747407975723693 ),
 .UNSPECIFIED. ) 
 CURVE ( )  GEOMETRIC_REPRESENTATION_ITEM ( )  RATIONAL_B_SPLINE_CURVE ( ( 0.9331972969954727137, 0.9294962367337302744, 1.000000000000000000, 0.8660254037844387076, 1.000000000000000000, 0.8660254037844387076, 1.000000000000000000, 0.8660254037844387076, 1.000000000000000000, 0.8660254037844387076, 1.000000000000000000, 0.8660254037844387076, 1.000000000000000000, 0.8660254037844387076, 1.000000000000000000, 0.8660254037844387076, 1.000000000000000000, 0.8660254037844387076, 1.000000000000000000, 0.8660254037844387076, 1.000000000000000000, 0.8660254037844387076, 1.000000000000000000, 0.8660254037844387076, 1.000000000000000000, 0.8660254037844387076, 1.000000000000000000, 0.8660254037844387076, 1.000000000000000000, 0.8660254037844387076, 1.000000000000000000, 0.8660254037844387076, 1.000000000000000000, 0.8660254037844387076, 1.000000000000000000, 0.8660254037844387076, 1.000000000000000000, 0.8660254037844387076, 1.000000000000000000, 0.9384280435187861702, 0.9334504852595264524 ) ) 
 REPRESENTATION_ITEM ( '' )  );
#941 = CARTESIAN_POINT ( 'NONE',  ( 0.04546065111729373498, -0.07874015748031555628, 0.04806430446194451950 ) ) ;
#942 = CARTESIAN_POINT ( 'NONE',  ( 0.05268900817200263681, 0.03042001305144012568, 0.04117454068241636206 ) ) ;
#943 = DIRECTION ( 'NONE',  ( 0.000000000000000000, 0.000000000000000000, 1.000000000000000000 ) ) ;
#944 = CARTESIAN_POINT ( 'NONE',  ( 0.05268900817200264375, -0.03042001305144010487, -0.07365485564304202759 ) ) ;
#945 = DIRECTION ( 'NONE',  ( -0.000000000000000000, -0.000000000000000000, -1.000000000000000000 ) ) ;
#946 = ORIENTED_EDGE ( 'NONE', *, *, #1943, .T. ) ;
#947 = CARTESIAN_POINT ( 'NONE',  ( 0.04087297210483589738, 0.06709241637904066191, 0.06092230686135800127 ) ) ;
#948 = AXIS2_PLACEMENT_3D ( 'NONE', #443, #790, #1612 ) ;
#949 = DIRECTION ( 'NONE',  ( -0.000000000000000000, -0.000000000000000000, -1.000000000000000000 ) ) ;
#950 = AXIS2_PLACEMENT_3D ( 'NONE', #513, #190, #20 ) ;
#951 = CARTESIAN_POINT ( 'NONE',  ( 0.07381944781863374050, -0.02307671729119324319, -0.05988605852793457002 ) ) ;
#952 = AXIS2_PLACEMENT_3D ( 'NONE', #1578, #2063, #67 ) ;
#953 = EDGE_LOOP ( 'NONE', ( #1293, #1724, #1915, #1346 ) ) ;
#954 = CYLINDRICAL_SURFACE ( 'NONE', #398, 0.07874015748031502893 ) ;
#955 = CARTESIAN_POINT ( 'NONE',  ( -0.03512600544800173474, -0.06084002610288025137, -0.02542650918634952253 ) ) ;
#956 = CARTESIAN_POINT ( 'NONE',  ( 0.000000000000000000, 0.07874015748031555628, 0.03198818897638035230 ) ) ;
#957 = ORIENTED_EDGE ( 'NONE', *, *, #2027, .F. ) ;
#958 = CARTESIAN_POINT ( 'NONE',  ( 0.07546929201194625680, 0.003915555436995615292, 0.05822958290104939677 ) ) ;
#959 = CARTESIAN_POINT ( 'NONE',  ( -0.04546065111733297442, -0.07874015748038364071, -0.01164698162725453200 ) ) ;
#960 = CARTESIAN_POINT ( 'NONE',  ( 0.000000000000000000, 0.06084002610288023055, -0.009350393700785306766 ) ) ;
#961 = EDGE_CURVE ( 'NONE', #177, #1996, #652, .T. ) ;
#962 = DATE_AND_TIME ( #2120, #1794 ) ;
#963 = CARTESIAN_POINT ( 'NONE',  ( 0.04546065111729341579, 0.07874015748031504280, 0.002132545931760882439 ) ) ;
#964 = CARTESIAN_POINT ( 'NONE',  ( 0.05268900817200264375, -0.03042001305144010487, -0.01853674540682202082 ) ) ;
#965 = CARTESIAN_POINT ( 'NONE',  ( -0.06819097667594060941, 0.03937007874015772263, 0.03658136482939868678 ) ) ;
#966 = ORIENTED_EDGE ( 'NONE', *, *, #1522, .F. ) ;
#967 = EDGE_CURVE ( 'NONE', #60, #1616, #940, .T. ) ;
#968 = DIRECTION ( 'NONE',  ( -0.000000000000000000, -0.000000000000000000, 1.000000000000000000 ) ) ;
#969 = CARTESIAN_POINT ( 'NONE',  ( 0.06084002610288022361, 1.383930814271524512E-16, -0.04360031699203134603 ) ) ;
#970 = ORIENTED_EDGE ( 'NONE', *, *, #1416, .T. ) ;
#971 = CARTESIAN_POINT ( 'NONE',  ( 0.03512600544800175556, 0.06084002610288023055, -0.01164698162729447921 ) ) ;
#972 = ORIENTED_EDGE ( 'NONE', *, *, #45, .F. ) ;
#973 = CALENDAR_DATE ( 2026, 7, 1 ) ;
#974 = CARTESIAN_POINT ( 'NONE',  ( -0.1377952755905514359, -0.02682449689608107021, -0.06183307245239995364 ) ) ;
#975 = VERTEX_POINT ( 'NONE', #1465 ) ;
#976 = CARTESIAN_POINT ( 'NONE',  ( 0.06889763779527580123, -0.1193342091828952928, -0.06299212598425199539 ) ) ;
#977 = B_SPLINE_CURVE_WITH_KNOTS ( 'NONE', 3,
 ( #895, #1550, #76, #619, #1123, #292, #951, #1920, #628, #799 ),
 .UNSPECIFIED., .F., .F.,
 ( 4, 2, 2, 2, 4 ),
 ( 0.001050467981199091402, 0.001492480157663224078, 0.001934492334127356754, 0.002376504510591489431, 0.002818516687055622107 ),
 .UNSPECIFIED. ) ;
#978 = CARTESIAN_POINT ( 'NONE',  ( 9.642888182262630751E-18, -0.07874015748031502893, -0.03346456692913196002 ) ) ;
#979 = EDGE_CURVE ( 'NONE', #60, #800, #797, .T. ) ;
#980 = CARTESIAN_POINT ( 'NONE',  ( 0.05314274045869763624, 0.05706426427948788072, 0.06033470469807398345 ) ) ;
#981 = CARTESIAN_POINT ( 'NONE',  ( -0.05303879803800038567, 0.06042835087262570654, -0.06299212598425200926 ) ) ;
#982 = ORIENTED_EDGE ( 'NONE', *, *, #1073, .T. ) ;
#983 = CLOSED_SHELL ( 'NONE', ( #1622, #1577, #1695, #1453, #647, #1443, #1795, #649, #79, #52, #1568, #1483, #655, #720, #560, #64, #811, #875, #1645, #1109, #2008, #474, #1321, #761, #1938, #2070, #2041, #533, #1876, #696, #938, #1136, #1188, #458, #1506, #1879, #667, #517 ) ) ;
#984 = CARTESIAN_POINT ( 'NONE',  ( 0.09264374317946821868, 5.672793177288260023E-18, 0.02768208661417484451 ) ) ;
#985 = CARTESIAN_POINT ( 'NONE',  ( 0.05758276034150239947, 0.04729575412407212298, -0.05712931071525883392 ) ) ;
#986 = CARTESIAN_POINT ( 'NONE',  ( -0.05268900817200261599, -0.03042001305144013609, -0.02427821522309485044 ) ) ;
#987 = DIRECTION ( 'NONE',  ( 1.000000000000000000, 0.000000000000000000, 0.000000000000000000 ) ) ;
#988 = VERTEX_POINT ( 'NONE', #1101 ) ;
#989 = CARTESIAN_POINT ( 'NONE',  ( 0.1377952755905508531, 0.01347751012707286422, 0.06299212598425231457 ) ) ;
#990 = CARTESIAN_POINT ( 'NONE',  ( -0.04632187158973407465, -0.08023183509510081746, 0.07189140419947656624 ) ) ;
#991 = CARTESIAN_POINT ( 'NONE',  ( 0.000000000000000000, 0.000000000000000000, 0.06299212598425199539 ) ) ;
#992 = ORIENTED_EDGE ( 'NONE', *, *, #426, .T. ) ;
#993 = DIRECTION ( 'NONE',  ( 0.8660254037844380415, 0.5000000000000007772, 0.000000000000000000 ) ) ;
#994 = CARTESIAN_POINT ( 'NONE',  ( 0.04632187158973414404, -0.08023183509510078970, 0.05064796587926650301 ) ) ;
#995 = CARTESIAN_POINT ( 'NONE',  ( 0.04762008695613224180, 0.05720669653646151542, -0.05660223468170108574 ) ) ;
#996 = CARTESIAN_POINT ( 'NONE',  ( -0.03512600544800173474, -0.06084002610288023055, -0.02198162729658567974 ) ) ;
#997 = CARTESIAN_POINT ( 'NONE',  ( 0.000000000000000000, 0.000000000000000000, 0.06299212598425199539 ) ) ;
#998 = ORIENTED_EDGE ( 'NONE', *, *, #834, .F. ) ;
#999 = CYLINDRICAL_SURFACE ( 'NONE', #1801, 0.07874015748031502893 ) ;
#1000 = CARTESIAN_POINT ( 'NONE',  ( -0.04774395806091037697, -0.06605821164733810535, -0.06638008831819029731 ) ) ;
#1001 = CARTESIAN_POINT ( 'NONE',  ( 0.03512600544800170699, 0.06084002610288016810, 0.04691601049868929230 ) ) ;
#1002 = FACE_OUTER_BOUND ( 'NONE', #2040, .T. ) ;
#1003 = CARTESIAN_POINT ( 'NONE',  ( -0.01388678741004725770, -0.06084002610288023055, -0.07915596930160231914 ) ) ;
#1004 = CARTESIAN_POINT ( 'NONE',  ( -0.04413520074462121134, 0.05450655930868823079, -0.05273433404854282330 ) ) ;
#1005 = CARTESIAN_POINT ( 'NONE',  ( -0.03512600544800179025, 0.06084002610288020974, 0.02395013123359766155 ) ) ;
#1006 = CARTESIAN_POINT ( 'NONE',  ( 0.000000000000000000, 0.000000000000000000, 0.06299212598425199539 ) ) ;
#1007 = B_SPLINE_CURVE_WITH_KNOTS ( 'NONE', 3,
 ( #1485, #15, #1280, #254, #713, #908, #2032, #1037, #615, #220 ),
 .UNSPECIFIED., .F., .F.,
 ( 4, 2, 2, 2, 4 ),
 ( 0.009263220640646104703, 0.009926927295202602267, 0.01059063394975909983, 0.01125434060431559566, 0.01191804725887209322 ),
 .UNSPECIFIED. ) ;
#1008 = CARTESIAN_POINT ( 'NONE',  ( 0.04296802764293702198, -0.06792432680560393787, -0.06299212598425203702 ) ) ;
#1009 = CARTESIAN_POINT ( 'NONE',  ( 0.06948280738460116401, 0.04011591754755040873, 0.02825623359580240954 ) ) ;
#1010 = CARTESIAN_POINT ( 'NONE',  ( 0.03512600544800170699, 0.06084002610288016810, 0.07447506561679931303 ) ) ;
#1011 = CARTESIAN_POINT ( 'NONE',  ( 0.07874015748031502893, -3.293984086861149660E-16, -0.05757874015747747876 ) ) ;
#1012 = ORIENTED_EDGE ( 'NONE', *, *, #1195, .T. ) ;
#1013 = CARTESIAN_POINT ( 'NONE',  ( 7.450754322693369150E-18, -0.06084002610288023055, -0.07824803149606035513 ) ) ;
#1014 = CARTESIAN_POINT ( 'NONE',  ( -0.006006472436097090410, 0.07157514428551639551, -0.05443336381231542870 ) ) ;
#1015 = CARTESIAN_POINT ( 'NONE',  ( 0.06948280738460117789, -0.04011591754755038791, -0.08485072178477433280 ) ) ;
#1016 = CARTESIAN_POINT ( 'NONE',  ( 0.07874015748031507056, -8.552234934408181860E-13, -0.03001968503941734520 ) ) ;
#1017 = ORIENTED_EDGE ( 'NONE', *, *, #1437, .T. ) ;
#1018 = FACE_OUTER_BOUND ( 'NONE', #266, .T. ) ;
#1019 = CARTESIAN_POINT ( 'NONE',  ( -0.09264374317946821868, -1.701837953186478084E-17, 0.01218011811023824234 ) ) ;
#1020 = AXIS2_PLACEMENT_3D ( 'NONE', #19, #677, #1378 ) ;
#1021 = CARTESIAN_POINT ( 'NONE',  ( -0.07025201089600342785, -1.290508504161833884E-17, 0.02854330708661596133 ) ) ;
#1022 = CARTESIAN_POINT ( 'NONE',  ( 0.04894348449657244526, 0.06379169698104004971, -0.06299212598425199539 ) ) ;
#1023 = VERTEX_POINT ( 'NONE', #869 ) ;
#1024 = CARTESIAN_POINT ( 'NONE',  ( 0.06948280738460116401, 0.04011591754755040873, 0.002419619422574003590 ) ) ;
#1025 = CARTESIAN_POINT ( 'NONE',  ( 0.07338398875870723315, 0.01852628093588284258, -0.05830044371486546584 ) ) ;
#1026 = CARTESIAN_POINT ( 'NONE',  ( -0.01831298421206443636, -0.08023183509510080358, -0.09035183544333462435 ) ) ;
#1027 = CARTESIAN_POINT ( 'NONE',  ( -0.03700832120426326283, -0.05363197350093082405, -0.04760265267206528067 ) ) ;
#1028 = EDGE_CURVE ( 'NONE', #1179, #705, #404, .T. ) ;
#1029 = VERTEX_POINT ( 'NONE', #532 ) ;
#1030 = CARTESIAN_POINT ( 'NONE',  ( 0.05769486408553348156, -0.05595676142677835641, -0.06299212598425198151 ) ) ;
#1031 = CARTESIAN_POINT ( 'NONE',  ( -0.09264374317946821868, -1.701837953186478084E-17, -0.04293799212598176096 ) ) ;
#1032 = CYLINDRICAL_SURFACE ( 'NONE', #1154, 0.07874015748031502893 ) ;
#1033 = CARTESIAN_POINT ( 'NONE',  ( -0.05268900817200260212, 0.03042001305144003895, 0.05380577427821679748 ) ) ;
#1034 = EDGE_CURVE ( 'NONE', #159, #1284, #158, .T. ) ;
#1035 = CARTESIAN_POINT ( 'NONE',  ( 7.450754322693369150E-18, -0.06084002610288023055, 0.05954724409448965833 ) ) ;
#1036 = VERTEX_POINT ( 'NONE', #1658 ) ;
#1037 = CARTESIAN_POINT ( 'NONE',  ( -0.03738644782335130701, -0.07152032493970235383, -0.06299212598425199539 ) ) ;
#1038 = CARTESIAN_POINT ( 'NONE',  ( 0.08023183509503666044, -0.005242903080536738016, 0.06299212598425200926 ) ) ;
#1039 = DIRECTION ( 'NONE',  ( 1.000000000000000000, 0.000000000000000000, 0.000000000000000000 ) ) ;
#1040 = CARTESIAN_POINT ( 'NONE',  ( 0.02681103373369459614, 0.07403499760353544901, 0.06150044836946612359 ) ) ;
#1041 = CARTESIAN_POINT ( 'NONE',  ( -0.02919248658715766984, 0.05669239731178791347, 0.04629088257814176210 ) ) ;
#1042 = CARTESIAN_POINT ( 'NONE',  ( 0.06948280738460117789, -0.04011591754755038791, -0.003895997375325930493 ) ) ;
#1043 = CARTESIAN_POINT ( 'NONE',  ( -0.01950574552201149794, -0.06759026444943631862, 0.05295597852437822217 ) ) ;
#1044 = CARTESIAN_POINT ( 'NONE',  ( 0.1377952755905508808, 0.05365667660910997117, -0.05749060914197598460 ) ) ;
#1045 = ORIENTED_EDGE ( 'NONE', *, *, #372, .T. ) ;
#1046 = EDGE_CURVE ( 'NONE', #988, #414, #415, .T. ) ;
#1047 = CARTESIAN_POINT ( 'NONE',  ( 0.06131061816030318468, 2.503656654909394545E-15, -0.04407090904945430709 ) ) ;
#1048 = DIRECTION ( 'NONE',  ( 0.000000000000000000, 0.000000000000000000, 1.000000000000000000 ) ) ;
#1049 = CARTESIAN_POINT ( 'NONE',  ( 0.07874015748031501505, 1.143744474604565734E-17, 0.0009842519685055390113 ) ) ;
#1050 = CARTESIAN_POINT ( 'NONE',  ( -0.06889763779527582899, 0.1193342091828952511, -0.06299212598425199539 ) ) ;
#1051 = CARTESIAN_POINT ( 'NONE',  ( 0.05043403809934883519, 0.04101068435241349980, 0.04756957990878429160 ) ) ;
#1052 = CARTESIAN_POINT ( 'NONE',  ( 0.05268900817200258824, -0.03042001305144007017, -0.01509186351705821098 ) ) ;
#1053 = CONICAL_SURFACE ( 'NONE', #1157, 0.1377952755905514359, 1.047197551196600074 ) ;
#1054 = CARTESIAN_POINT ( 'NONE',  ( -0.03512600544800173474, -0.06084002610288025137, 0.05725065616798048762 ) ) ;
#1055 = CARTESIAN_POINT ( 'NONE',  ( -0.05268900817200262293, -0.03042001305144014303, 0.02739501312336132047 ) ) ;
#1056 = EDGE_LOOP ( 'NONE', ( #365, #1358, #1152, #1442, #1452, #901 ) ) ;
#1057 = CARTESIAN_POINT ( 'NONE',  ( -0.04438016494275579676, 0.06683972114230606054, 0.06299212598425202314 ) ) ;
#1058 = FACE_OUTER_BOUND ( 'NONE', #2031, .T. ) ;
#1059 = CARTESIAN_POINT ( 'NONE',  ( 0.000000000000000000, -1.067128122525102820E-17, -0.06299212598425199539 ) ) ;
#1060 = CARTESIAN_POINT ( 'NONE',  ( 0.01068530302009077296, -0.07566629582108617968, -0.05901665435733043780 ) ) ;
#1061 = VERTEX_POINT ( 'NONE', #826 ) ;
#1062 = CARTESIAN_POINT ( 'NONE',  ( 0.02078262523373855183, 0.06824138243086340372, 0.05391608226001563114 ) ) ;
#1063 = CARTESIAN_POINT ( 'NONE',  ( 0.05268900817200258130, 0.03042001305144009099, -0.03805774278214988510 ) ) ;
#1064 =( BOUNDED_SURFACE ( )  B_SPLINE_SURFACE ( 1, 2, ( 
 ( #350, #1010, #1664, #865, #1166, #1841, #341, #1373, #694, #46, #1033, #1351, #216, #1001, #842, #1498, #528, #24, #1530, #2005, #1199, #1021, #877, #715, #552, #1210, #1852, #1994, #1420, #1905, #899, #1561, #593, #1718, #758, #1410, #395, #1429, #749, #2065, #1727, #584, #1736, #2058, #603, #279, #259, #271, #935, #1875, #248, #774, #408, #1553, #1249, #738, #910, #563, #1065, #80, #1895, #1390, #1260, #91, #918, #1222, #1401, #2048, #1861, #427, #1084 ),
 ( #1242, #2038, #437, #927, #1095, #1744, #1887, #1054, #417, #108, #1580, #1708, #766, #1587, #118, #239, #573, #1075, #1571, #1232, #99, #632, #1450, #2098, #1772, #307, #1104, #1752, #131, #1792, #1126, #1291, #819, #1762, #445, #1597, #287, #1460, #1440, #465, #964, #784, #1313, #955, #1115, #2087, #1958, #805, #1301, #1606, #1946, #475, #1932, #487, #1923, #1781, #1614, #151, #2109, #1, #1623, #328, #621, #1272, #944, #657, #644, #1137, #1470, #316, #1282 ) ),
 .UNSPECIFIED., .F., .F., .F. ) 
 B_SPLINE_SURFACE_WITH_KNOTS ( ( 2, 2 ),
 ( 3, 2, 2, 2, 2, 2, 2, 2, 2, 2, 2, 2, 2, 2, 2, 2, 2, 2, 2, 2, 2, 2, 2, 2, 2, 2, 2, 2, 2, 2, 2, 2, 2, 2, 2, 3 ),
 ( 0.000000000000000000, 1.000000000000000000 ),
 ( 0.000000000000000000, 0.02777777777777777624, 0.05555555555555555247, 0.08333333333333332871, 0.1111111111111111049, 0.1388888888888888951, 0.1666666666666666574, 0.1944444444444444475, 0.2222222222222222099, 0.2500000000000000000, 0.2777777777777777901, 0.3055555555555555802, 0.3333333333333333148, 0.3611111111111111049, 0.3888888888888888951, 0.4166666666666666852, 0.4444444444444444198, 0.4722222222222222099, 0.5000000000000000000, 0.5277777777777777901, 0.5555555555555555802, 0.5833333333333333703, 0.6111111111111111605, 0.6388888888888888395, 0.6666666666666666297, 0.6944444444444444198, 0.7222222222222222099, 0.7500000000000000000, 0.7777777777777777901, 0.8055555555555555802, 0.8333333333333333703, 0.8611111111111111605, 0.8888888888888888395, 0.9166666666666666297, 0.9286160626553143782, 0.9379022232818675642 ),
 .UNSPECIFIED. ) 
 GEOMETRIC_REPRESENTATION_ITEM ( )  RATIONAL_B_SPLINE_SURFACE ( (
 ( 1.000000000000000000, 0.8660254037844387076, 1.000000000000000000, 0.8660254037844387076, 1.000000000000000000, 0.8660254037844387076, 1.000000000000000000, 0.8660254037844387076, 1.000000000000000000, 0.8660254037844387076, 1.000000000000000000, 0.8660254037844387076, 1.000000000000000000, 0.8660254037844387076, 1.000000000000000000, 0.8660254037844387076, 1.000000000000000000, 0.8660254037844387076, 1.000000000000000000, 0.8660254037844387076, 1.000000000000000000, 0.8660254037844387076, 1.000000000000000000, 0.8660254037844387076, 1.000000000000000000, 0.8660254037844387076, 1.000000000000000000, 0.8660254037844387076, 1.000000000000000000, 0.8660254037844387076, 1.000000000000000000, 0.8660254037844387076, 1.000000000000000000, 0.8660254037844387076, 1.000000000000000000, 0.8660254037844387076, 1.000000000000000000, 0.8660254037844387076, 1.000000000000000000, 0.8660254037844387076, 1.000000000000000000, 0.8660254037844387076, 1.000000000000000000, 0.8660254037844387076, 1.000000000000000000, 0.8660254037844387076, 1.000000000000000000, 0.8660254037844387076, 1.000000000000000000, 0.8660254037844387076, 1.000000000000000000, 0.8660254037844387076, 1.000000000000000000, 0.8660254037844387076, 1.000000000000000000, 0.8660254037844387076, 1.000000000000000000, 0.8660254037844387076, 1.000000000000000000, 0.8660254037844387076, 1.000000000000000000, 0.8660254037844387076, 1.000000000000000000, 0.8660254037844387076, 1.000000000000000000, 0.8660254037844387076, 1.000000000000000000, 0.9423670419064386072, 0.9343189745673887714, 0.9343189745673887714, 0.9343189745673887714),
 ( 1.000000000000000000, 0.8660254037844387076, 1.000000000000000000, 0.8660254037844387076, 1.000000000000000000, 0.8660254037844387076, 1.000000000000000000, 0.8660254037844387076, 1.000000000000000000, 0.8660254037844387076, 1.000000000000000000, 0.8660254037844387076, 1.000000000000000000, 0.8660254037844387076, 1.000000000000000000, 0.8660254037844387076, 1.000000000000000000, 0.8660254037844387076, 1.000000000000000000, 0.8660254037844387076, 1.000000000000000000, 0.8660254037844387076, 1.000000000000000000, 0.8660254037844387076, 1.000000000000000000, 0.8660254037844387076, 1.000000000000000000, 0.8660254037844387076, 1.000000000000000000, 0.8660254037844387076, 1.000000000000000000, 0.8660254037844387076, 1.000000000000000000, 0.8660254037844387076, 1.000000000000000000, 0.8660254037844387076, 1.000000000000000000, 0.8660254037844387076, 1.000000000000000000, 0.8660254037844387076, 1.000000000000000000, 0.8660254037844387076, 1.000000000000000000, 0.8660254037844387076, 1.000000000000000000, 0.8660254037844387076, 1.000000000000000000, 0.8660254037844387076, 1.000000000000000000, 0.8660254037844387076, 1.000000000000000000, 0.8660254037844387076, 1.000000000000000000, 0.8660254037844387076, 1.000000000000000000, 0.8660254037844387076, 1.000000000000000000, 0.8660254037844387076, 1.000000000000000000, 0.8660254037844387076, 1.000000000000000000, 0.8660254037844387076, 1.000000000000000000, 0.8660254037844387076, 1.000000000000000000, 0.8660254037844387076, 1.000000000000000000, 0.9423670419064386072, 0.9343189745673887714, 0.9343189745673887714, 0.9343189745673887714) ) ) 
 REPRESENTATION_ITEM ( '' )  SURFACE ( )  );
#1065 = CARTESIAN_POINT ( 'NONE',  ( -0.05268900817200260212, 0.03042001305144003895, -0.05643044619422321606 ) ) ;
#1066 = CARTESIAN_POINT ( 'NONE',  ( -0.05268900817200266457, 0.03042001305144007364, 0.02280183727034298252 ) ) ;
#1067 = ORIENTED_EDGE ( 'NONE', *, *, #1474, .T. ) ;
#1068 = B_SPLINE_CURVE_WITH_KNOTS ( 'NONE', 3,
 ( #925, #1418, #1706, #246 ),
 .UNSPECIFIED., .F., .F.,
 ( 4, 4 ),
 ( 2.380739282168740198E-07, 0.002044882221487527140 ),
 .UNSPECIFIED. ) ;
#1069 = ORIENTED_EDGE ( 'NONE', *, *, #893, .F. ) ;
#1070 = DIRECTION ( 'NONE',  ( 0.000000000000000000, 0.000000000000000000, 1.000000000000000000 ) ) ;
#1071 = CARTESIAN_POINT ( 'NONE',  ( -0.01124259757764029324, -0.1526213621726851266, -0.05443228090504943079 ) ) ;
#1072 = ORIENTED_EDGE ( 'NONE', *, *, #1674, .F. ) ;
#1073 = EDGE_CURVE ( 'NONE', #21, #1800, #106, .T. ) ;
#1074 = CARTESIAN_POINT ( 'NONE',  ( -0.03416198003647499815, 0.07094343887909083934, 0.06150044836933275805 ) ) ;
#1075 = CARTESIAN_POINT ( 'NONE',  ( 0.03512600544800177638, -0.06084002610288021667, 0.03428477690288882218 ) ) ;
#1076 =( BOUNDED_CURVE ( )  B_SPLINE_CURVE ( 2, ( #1254, #1899, #432, #1090, #1387 ),
 .UNSPECIFIED., .F., .F. ) 
 B_SPLINE_CURVE_WITH_KNOTS ( ( 3, 2, 3 ),
 ( 0.0006507131720977171827, 0.001406821427054368153, 0.002448671619427252033 ),
 .UNSPECIFIED. ) 
 CURVE ( )  GEOMETRIC_REPRESENTATION_ITEM ( )  RATIONAL_B_SPLINE_CURVE ( ( 0.9380515338919229729, 0.9513849021218915292, 1.000000000000000000, 0.9330127018922204085, 0.9330127018922194093 ) ) 
 REPRESENTATION_ITEM ( '' )  );
#1077 = CARTESIAN_POINT ( 'NONE',  ( 0.05268900817200263681, 0.03042001305144012568, 0.04117454068241632043 ) ) ;
#1078 = VERTEX_POINT ( 'NONE', #243 ) ;
#1079 = CARTESIAN_POINT ( 'NONE',  ( 0.02082221874603629175, -0.07766079410027093566, 0.06299212598425199539 ) ) ;
#1080 = CARTESIAN_POINT ( 'NONE',  ( 1.521190891121690354E-16, -0.1591122789105264279, -0.05068474837914835329 ) ) ;
#1081 = CARTESIAN_POINT ( 'NONE',  ( 0.06819097667594010981, 0.03937007874015752834, 0.03083989501312471224 ) ) ;
#1082 = CARTESIAN_POINT ( 'NONE',  ( 0.03512600544800170699, 0.06084002610288016810, -0.03576115485564071439 ) ) ;
#1083 = SECURITY_CLASSIFICATION ( '', '', #1759 ) ;
#1084 = CARTESIAN_POINT ( 'NONE',  ( -0.04601043801979790016, -0.04536987533384290172, -0.07839534403242848226 ) ) ;
#1085 = CARTESIAN_POINT ( 'NONE',  ( -0.03512600544800173474, -0.06084002610288025137, -0.05298556430445951898 ) ) ;
#1086 = ORIENTED_EDGE ( 'NONE', *, *, #1028, .T. ) ;
#1087 = CONICAL_SURFACE ( 'NONE', #2045, 0.1377952755905514359, 1.047197551196600074 ) ;
#1088 = CARTESIAN_POINT ( 'NONE',  ( 0.04546065111729338803, 0.07874015748031501505, -0.04954068241469612721 ) ) ;
#1089 = VECTOR ( 'NONE', #769, 39.37007874015748143 ) ;
#1090 = CARTESIAN_POINT ( 'NONE',  ( 0.07874015748032199558, -0.02109836160875205521, -0.05880947791798374347 ) ) ;
#1091 = ORIENTED_EDGE ( 'NONE', *, *, #1195, .F. ) ;
#1092 = CARTESIAN_POINT ( 'NONE',  ( 0.08023183509510080358, -1.092939345042631075E-12, -0.06299212598425198151 ) ) ;
#1093 = EDGE_CURVE ( 'NONE', #767, #1456, #1221, .T. ) ;
#1094 = CARTESIAN_POINT ( 'NONE',  ( 0.1377952755905508531, -0.06659597110413444099, -0.05442602672228223637 ) ) ;
#1095 = CARTESIAN_POINT ( 'NONE',  ( 0.05268900817200264375, -0.03042001305144010487, 0.06414041994750799280 ) ) ;
#1096 = CARTESIAN_POINT ( 'NONE',  ( 0.09227098167747001256, -0.1058396028006481082, 0.06181362163790848213 ) ) ;
#1097 = ORIENTED_EDGE ( 'NONE', *, *, #1735, .F. ) ;
#1098 = CARTESIAN_POINT ( 'NONE',  ( 0.09264374317946821868, 5.672793177288260023E-18, -0.05499507874015516912 ) ) ;
#1099 = PLANE ( 'NONE',  #1334 ) ;
#1100 = CARTESIAN_POINT ( 'NONE',  ( -0.07874015748031502893, -9.733219729105870755E-13, 0.03887795275596431926 ) ) ;
#1101 = CARTESIAN_POINT ( 'NONE',  ( -0.07874015748031502893, 1.054042882950278905E-12, 0.01131889763773605631 ) ) ;
#1102 = PERSON_AND_ORGANIZATION_ROLE ( 'creator' ) ;
#1103 = CARTESIAN_POINT ( 'NONE',  ( 0.000000000000000000, 0.000000000000000000, -0.06299212598425199539 ) ) ;
#1104 = CARTESIAN_POINT ( 'NONE',  ( 0.05268900817200263681, 0.03042001305144012568, 0.01361548556430631704 ) ) ;
#1105 = B_SPLINE_CURVE_WITH_KNOTS ( 'NONE', 3,
 ( #1202, #567, #1688, #1226 ),
 .UNSPECIFIED., .F., .F.,
 ( 4, 4 ),
 ( 0.001159006092210789754, 0.001225942904076098537 ),
 .UNSPECIFIED. ) ;
#1106 = CARTESIAN_POINT ( 'NONE',  ( 0.1377952755905509086, -0.07955613945526814057, -0.05068474837915162151 ) ) ;
#1107 = EDGE_LOOP ( 'NONE', ( #1131, #71, #419, #1086, #970, #879, #818, #1835, #992, #410, #1698, #957, #751, #120, #1907 ) ) ;
#1108 = DIRECTION ( 'NONE',  ( -1.000000000000000000, 0.000000000000000000, 0.000000000000000000 ) ) ;
#1109 = ADVANCED_FACE ( 'NONE', ( #1395 ), #1236, .F. ) ;
#1110 = CARTESIAN_POINT ( 'NONE',  ( -0.09227098167747127544, 0.1058396028006479972, 0.06181362163790807274 ) ) ;
#1111 = PLANE ( 'NONE',  #1329 ) ;
#1112 = CARTESIAN_POINT ( 'NONE',  ( 0.07025201089600351112, 4.301695013872784748E-18, -0.01624015748031280848 ) ) ;
#1113 = B_SPLINE_CURVE_WITH_KNOTS ( 'NONE', 3,
 ( #840, #192, #1219, #915, #1051, #1733, #77, #1240, #1541, #1062, #1872, #1742, #756, #1725, #1408, #601 ),
 .UNSPECIFIED., .F., .F.,
 ( 4, 2, 2, 2, 2, 2, 2, 4 ),
 ( 0.000000000000000000, 0.0003915817637731498183, 0.0007831635275462996365, 0.001174745291319449509, 0.001566327055092599273, 0.001957908818865749037, 0.002349490582638899018, 0.003132654110185198546 ),
 .UNSPECIFIED. ) ;
#1114 = CARTESIAN_POINT ( 'NONE',  ( 0.000000000000000000, 0.07874015748031502893, 0.004429133858270054881 ) ) ;
#1115 = CARTESIAN_POINT ( 'NONE',  ( -0.05268900817200262293, -0.03042001305144014303, -0.02772309711285869324 ) ) ;
#1116 = FACE_OUTER_BOUND ( 'NONE', #1107, .T. ) ;
#1117 = EDGE_LOOP ( 'NONE', ( #1555, #1739, #884, #1274 ) ) ;
#1118 = CARTESIAN_POINT ( 'NONE',  ( -0.03416198003647499815, 0.07094343887909083934, 0.06150044836933275111 ) ) ;
#1119 = EDGE_CURVE ( 'NONE', #1687, #587, #730, .T. ) ;
#1120 = EDGE_CURVE ( 'NONE', #1029, #1950, #1400, .T. ) ;
#1121 = CARTESIAN_POINT ( 'NONE',  ( 0.05384175602125882559, -0.02932925709018908630, -0.04360031699203132521 ) ) ;
#1122 = AXIS2_PLACEMENT_3D ( 'NONE', #1386, #252, #1712 ) ;
#1123 = CARTESIAN_POINT ( 'NONE',  ( 0.06728977144621918483, -0.03934352987767437970, -0.06048862222552486151 ) ) ;
#1124 = DATE_AND_TIME ( #973, #2072 ) ;
#1125 = CARTESIAN_POINT ( 'NONE',  ( 0.1377952755905508808, -0.02682449689608217350, -0.06183307245240012018 ) ) ;
#1126 = CARTESIAN_POINT ( 'NONE',  ( 7.450754322693369150E-18, -0.06084002610288023055, 0.004429133858269653293 ) ) ;
#1127 = CARTESIAN_POINT ( 'NONE',  ( -0.07874015748031501505, -3.431233423813696741E-17, 0.01476377952756053984 ) ) ;
#1128 = VERTEX_POINT ( 'NONE', #754 ) ;
#1129 = CARTESIAN_POINT ( 'NONE',  ( 0.07972281449323667668, 0.01044453230028156987, 0.06299212598425196763 ) ) ;
#1130 = FACE_OUTER_BOUND ( 'NONE', #1133, .T. ) ;
#1131 = ORIENTED_EDGE ( 'NONE', *, *, #917, .F. ) ;
#1132 = CARTESIAN_POINT ( 'NONE',  ( -0.05268900817200266457, 0.03042001305144007364, 0.02280183727034302069 ) ) ;
#1133 = EDGE_LOOP ( 'NONE', ( #760, #1849, #454 ) ) ;
#1134 = CALENDAR_DATE ( 2026, 7, 1 ) ;
#1135 = CARTESIAN_POINT ( 'NONE',  ( -0.1377952755905514359, 0.06668651969510298871, 0.05439988759559640646 ) ) ;
#1136 = ADVANCED_FACE ( 'NONE', ( #1058 ), #326, .T. ) ;
#1137 = CARTESIAN_POINT ( 'NONE',  ( -0.01388633893971949473, -0.06084002610288023749, -0.07915593997997788511 ) ) ;
#1138 = CARTESIAN_POINT ( 'NONE',  ( 0.06948280738460116401, 0.04011591754755040873, 0.05581528871391241292 ) ) ;
#1139 = CARTESIAN_POINT ( 'NONE',  ( 0.05306742019452089648, 0.06040137898180811260, 0.06299212598425253662 ) ) ;
#1140 = CARTESIAN_POINT ( 'NONE',  ( 0.04546065111733302300, 0.07874015748038368234, -0.02542650918630949899 ) ) ;
#1141 = CARTESIAN_POINT ( 'NONE',  ( -0.09264374317946821868, -1.701837953186478084E-17, -0.04121555118110016569 ) ) ;
#1142 = CARTESIAN_POINT ( 'NONE',  ( 0.03602018570872805164, 0.04968984625264771804, 0.04360031699203135991 ) ) ;
#1143 = CARTESIAN_POINT ( 'NONE',  ( 7.450754322693369150E-18, -0.06084002610288022361, -0.01968503937007650556 ) ) ;
#1144 = CALENDAR_DATE ( 2026, 7, 1 ) ;
#1145 = EDGE_CURVE ( 'NONE', #543, #1563, #541, .T. ) ;
#1146 = CARTESIAN_POINT ( 'NONE',  ( -0.1377952755905514359, -0.02682449689608107021, 0.06183307245239995364 ) ) ;
#1147 = ORIENTED_EDGE ( 'NONE', *, *, #235, .T. ) ;
#1148 = DIRECTION ( 'NONE',  ( 1.000000000000000000, 8.881784197001252323E-16, 0.000000000000000000 ) ) ;
#1149 = CARTESIAN_POINT ( 'NONE',  ( -0.06948280738460115014, -0.04011591754755043648, 0.04203576115485740949 ) ) ;
#1150 = CARTESIAN_POINT ( 'NONE',  ( 0.07013255324851624950, 0.04034697491423355070, 0.06299212598424755449 ) ) ;
#1151 = CARTESIAN_POINT ( 'NONE',  ( -0.04890985460486698549, 0.06381504009315529247, -0.06299212598425202314 ) ) ;
#1152 = ORIENTED_EDGE ( 'NONE', *, *, #1281, .T. ) ;
#1153 = DIRECTION ( 'NONE',  ( 0.5000000000000008882, -0.8660254037844381525, 0.000000000000000000 ) ) ;
#1154 = AXIS2_PLACEMENT_3D ( 'NONE', #215, #1183, #700 ) ;
#1155 = CARTESIAN_POINT ( 'NONE',  ( 0.06948280738460117789, -0.04011591754755038791, -0.002173556430444333054 ) ) ;
#1156 = CARTESIAN_POINT ( 'NONE',  ( 0.04546065111729437336, -0.07874015748031663875, -0.03461286089238487657 ) ) ;
#1157 = AXIS2_PLACEMENT_3D ( 'NONE', #425, #926, #1579 ) ;
#1158 = B_SPLINE_CURVE_WITH_KNOTS ( 'NONE', 3,
 ( #290, #318, #947, #980, #135, #787, #1444, #2090, #625, #1765, #958, #1609 ),
 .UNSPECIFIED., .F., .F.,
 ( 4, 2, 2, 2, 2, 4 ),
 ( 0.0006965456398348059261, 0.001293683139904263637, 0.001890820639973721240, 0.002487958140043179060, 0.002786526890077908186, 0.003085095640112636879 ),
 .UNSPECIFIED. ) ;
#1159 = CARTESIAN_POINT ( 'NONE',  ( 9.825566003893348240E-18, -0.08023183509510080358, -0.06188484251968266736 ) ) ;
#1160 = CIRCLE ( 'NONE', #952, 0.1377952755905514359 ) ;
#1161 =( BOUNDED_CURVE ( )  B_SPLINE_CURVE ( 2, ( #2114, #302, #626, #959, #155, #1757, #1918, #779, #1610 ),
 .UNSPECIFIED., .F., .F. ) 
 B_SPLINE_CURVE_WITH_KNOTS ( ( 3, 2, 2, 2, 3 ),
 ( 0.02126093518814600389, 0.02230613191377424018, 0.02439652536503067459, 0.02648691881628710901, 0.02753211554191526203 ),
 .UNSPECIFIED. ) 
 CURVE ( )  GEOMETRIC_REPRESENTATION_ITEM ( )  RATIONAL_B_SPLINE_CURVE ( ( 0.9330127018922194093, 0.9330127018922177440, 1.000000000000000000, 0.8660254037844387076, 1.000000000000000000, 0.8660254037844387076, 1.000000000000000000, 0.9330127018922234061, 0.9330127018922194093 ) ) 
 REPRESENTATION_ITEM ( '' )  );
#1162 = CARTESIAN_POINT ( 'NONE',  ( 0.07874015748031500117, 0.02109836160874992497, 0.05733309996523595214 ) ) ;
#1163 = ORIENTED_EDGE ( 'NONE', *, *, #482, .F. ) ;
#1164 = CARTESIAN_POINT ( 'NONE',  ( 0.02892603903611140614, 0.05352376146984166860, 0.04360031699203763961 ) ) ;
#1165 = CARTESIAN_POINT ( 'NONE',  ( 0.07874015748031502893, -1.601242264446392059E-16, -0.002460629921257471119 ) ) ;
#1166 = CARTESIAN_POINT ( 'NONE',  ( 0.05268900817200258824, -0.03042001305144007017, 0.06758530183727180785 ) ) ;
#1167 = CARTESIAN_POINT ( 'NONE',  ( -0.1377952755905513804, -0.07955613945526304742, 0.05068474837914815900 ) ) ;
#1168 = CARTESIAN_POINT ( 'NONE',  ( -0.1377952755905514359, 0.02711671086016493107, -0.06180032068211949864 ) ) ;
#1169 = CARTESIAN_POINT ( 'NONE',  ( -0.06948280738460115014, -0.04011591754755043648, 0.01619914698162900485 ) ) ;
#1170 = CARTESIAN_POINT ( 'NONE',  ( 0.02662872431368151077, 0.06802923452631924606, -0.05566520063961900161 ) ) ;
#1171 = CARTESIAN_POINT ( 'NONE',  ( 0.000000000000000000, 0.06084002610288022361, 0.02165354330708849778 ) ) ;
#1172 = CARTESIAN_POINT ( 'NONE',  ( -0.06751802367988161968, 7.069987845099647573E-13, -0.05027831456903272128 ) ) ;
#1173 = ORIENTED_EDGE ( 'NONE', *, *, #1028, .F. ) ;
#1174 = CARTESIAN_POINT ( 'NONE',  ( -0.08023183509510080358, 3.528222955260164423E-14, 0.06299212598425199539 ) ) ;
#1175 = CARTESIAN_POINT ( 'NONE',  ( 0.03512600544800170699, 0.06084002610288016810, 0.07447506561679931303 ) ) ;
#1176 = CARTESIAN_POINT ( 'NONE',  ( -0.01496554570947974082, -0.06893039766749987918, 0.05314443225747012001 ) ) ;
#1177 = CARTESIAN_POINT ( 'NONE',  ( 0.08023183509510080358, -1.092939345042631075E-12, -0.06299212598425198151 ) ) ;
#1178 = CC_DESIGN_PERSON_AND_ORGANIZATION_ASSIGNMENT ( #140, #484, ( #640 ) ) ;
#1179 = VERTEX_POINT ( 'NONE', #556 ) ;
#1180 = CARTESIAN_POINT ( 'NONE',  ( 0.06948280738460117789, -0.04011591754755038791, 0.05294455380577568065 ) ) ;
#1181 = CARTESIAN_POINT ( 'NONE',  ( 0.02208086391846801264, 0.06944485994409389795, -0.05547799372515502259 ) ) ;
#1182 = CARTESIAN_POINT ( 'NONE',  ( 0.06174307909938903799, -0.01976913485120329259, -0.04740460621731056728 ) ) ;
#1183 = DIRECTION ( 'NONE',  ( -0.000000000000000000, -0.000000000000000000, -1.000000000000000000 ) ) ;
#1184 = CARTESIAN_POINT ( 'NONE',  ( 0.06889763779527552368, 0.1193342091828952928, 0.06299212598425199539 ) ) ;
#1185 = CARTESIAN_POINT ( 'NONE',  ( -0.04632187158973415098, 0.08023183509510077582, 0.03514599737532991125 ) ) ;
#1186 = DIRECTION ( 'NONE',  ( 1.000000000000000000, 0.000000000000000000, 0.000000000000000000 ) ) ;
#1187 = ORIENTED_EDGE ( 'NONE', *, *, #1253, .F. ) ;
#1188 = ADVANCED_FACE ( 'NONE', ( #881 ), #2111, .T. ) ;
#1189 = CARTESIAN_POINT ( 'NONE',  ( 0.05268900817200263681, 0.03042001305144012568, -0.06906167979002370005 ) ) ;
#1190 = CARTESIAN_POINT ( 'NONE',  ( -0.04546065111729339497, -0.07874015748031508444, 0.01591207349081589714 ) ) ;
#1191 = CARTESIAN_POINT ( 'NONE',  ( 0.07025201089600351112, 4.301695013872784748E-18, 0.01476377952756099607 ) ) ;
#1192 = CARTESIAN_POINT ( 'NONE',  ( 0.05556723580706363769, -0.03874357985054369818, -0.05032169426482303171 ) ) ;
#1193 = ORIENTED_EDGE ( 'NONE', *, *, #306, .T. ) ;
#1194 = VECTOR ( 'NONE', #308, 39.37007874015748143 ) ;
#1195 = EDGE_CURVE ( 'NONE', #810, #1800, #1214, .T. ) ;
#1196 = CARTESIAN_POINT ( 'NONE',  ( 0.07148736388392118446, -0.03673063417872513003, -0.06299212598425200926 ) ) ;
#1197 = CARTESIAN_POINT ( 'NONE',  ( 0.09264374317946821868, 5.672793177288260023E-18, -0.001599409448816758051 ) ) ;
#1198 = AXIS2_PLACEMENT_3D ( 'NONE', #991, #1341, #16 ) ;
#1199 = CARTESIAN_POINT ( 'NONE',  ( -0.05268900817200256048, -0.03042001305144010834, 0.03083989501312512857 ) ) ;
#1200 = CARTESIAN_POINT ( 'NONE',  ( -0.08023183509510078970, 0.01045569485250063581, -0.06299212598425200926 ) ) ;
#1201 = VERTEX_POINT ( 'NONE', #1700 ) ;
#1202 = CARTESIAN_POINT ( 'NONE',  ( 0.06084002610288022361, 1.383930814271524512E-16, -0.04360031699203134603 ) ) ;
#1203 = CARTESIAN_POINT ( 'NONE',  ( -0.06751802367988161968, 7.069987845099647573E-13, -0.05027831456903272128 ) ) ;
#1204 = CARTESIAN_POINT ( 'NONE',  ( -0.06819097667594009593, -0.03937007874015754916, -0.01049868766404029458 ) ) ;
#1205 = CARTESIAN_POINT ( 'NONE',  ( 0.000000000000000000, 0.000000000000000000, -0.06299212598425199539 ) ) ;
#1206 = ORIENTED_EDGE ( 'NONE', *, *, #1416, .F. ) ;
#1207 = CARTESIAN_POINT ( 'NONE',  ( -0.06761386064784147276, 0.04368572878502523932, 0.06299212598425199539 ) ) ;
#1208 = EDGE_CURVE ( 'NONE', #1128, #177, #1393, .T. ) ;
#1209 = CARTESIAN_POINT ( 'NONE',  ( 0.06948280738460116401, 0.04011591754755040873, -0.02686187664041760417 ) ) ;
#1210 = CARTESIAN_POINT ( 'NONE',  ( 0.03512600544800170699, 0.06084002610288016810, 0.01935695538057928891 ) ) ;
#1211 = CARTESIAN_POINT ( 'NONE',  ( -0.03512600544800173474, -0.06084002610288025137, -0.02542650918634952253 ) ) ;
#1212 = ORIENTED_EDGE ( 'NONE', *, *, #153, .T. ) ;
#1213 = CARTESIAN_POINT ( 'NONE',  ( -0.06889763779527534326, -0.1193342091828949458, 0.06299212598425199539 ) ) ;
#1214 = LINE ( 'NONE', #1564, #96 ) ;
#1215 = B_SPLINE_CURVE_WITH_KNOTS ( 'NONE', 3,
 ( #1745, #1588, #119, #775 ),
 .UNSPECIFIED., .F., .F.,
 ( 4, 4 ),
 ( 2.380739282167979192E-07, 0.002044882221487521069 ),
 .UNSPECIFIED. ) ;
#1216 = CARTESIAN_POINT ( 'NONE',  ( -0.05720334656222138270, -0.1260859113742804904, 0.06299212598425237009 ) ) ;
#1217 = DIRECTION ( 'NONE',  ( 0.000000000000000000, 0.000000000000000000, 1.000000000000000000 ) ) ;
#1218 = ORIENTED_EDGE ( 'NONE', *, *, #1474, .F. ) ;
#1219 = CARTESIAN_POINT ( 'NONE',  ( 0.05662764312709091252, 0.02695338328687297766, 0.04527153450267860924 ) ) ;
#1220 = CARTESIAN_POINT ( 'NONE',  ( 0.03512600544800170699, 0.06084002610288016810, -0.008202099737530711004 ) ) ;
#1221 =( BOUNDED_CURVE ( )  B_SPLINE_CURVE ( 2, ( #2024, #420, #903, #1557, #1245, #742, #1535, #1721, #1414 ),
 .UNSPECIFIED., .F., .T. ) 
 B_SPLINE_CURVE_WITH_KNOTS ( ( 3, 2, 2, 2, 3 ),
 ( 0.3869497596617542667, 0.4008386485506432173, 0.4286164263284210074, 0.4563942041061987975, 0.4702830929950876926 ),
 .UNSPECIFIED. ) 
 CURVE ( )  GEOMETRIC_REPRESENTATION_ITEM ( )  RATIONAL_B_SPLINE_CURVE ( ( 0.9330127018922194093, 0.9330127018922191873, 1.000000000000000000, 0.8660254037844388186, 1.000000000000000000, 0.8660254037844388186, 1.000000000000000000, 0.9330127018922194093, 0.9330127018922194093 ) ) 
 REPRESENTATION_ITEM ( '' )  );
#1222 = CARTESIAN_POINT ( 'NONE',  ( 0.03512600544800174168, -0.06084002610288014035, -0.07250656167978737632 ) ) ;
#1223 = CARTESIAN_POINT ( 'NONE',  ( -0.05268900817200262293, -0.03042001305144014303, 0.05495406824147132385 ) ) ;
#1224 = ORIENTED_EDGE ( 'NONE', *, *, #269, .F. ) ;
#1225 = EDGE_CURVE ( 'NONE', #359, #333, #1161, .T. ) ;
#1226 = CARTESIAN_POINT ( 'NONE',  ( 0.06078295879847964850, 0.002634520051446033635, -0.04360031699203142236 ) ) ;
#1227 = CARTESIAN_POINT ( 'NONE',  ( 0.05297609229087046206, -0.06048611067339113717, 0.06299212598425196763 ) ) ;
#1228 = DIRECTION ( 'NONE',  ( 1.000000000000000000, 0.000000000000000000, 0.000000000000000000 ) ) ;
#1229 = CARTESIAN_POINT ( 'NONE',  ( 0.1377952755905509086, -0.07955613945526814057, 0.05068474837915162151 ) ) ;
#1230 = CARTESIAN_POINT ( 'NONE',  ( 0.03512600544800174168, -0.06084002610288014035, -0.04494750656167739028 ) ) ;
#1231 = VECTOR ( 'NONE', #1769, 39.37007874015748854 ) ;
#1232 = CARTESIAN_POINT ( 'NONE',  ( -0.03512600544800173474, -0.06084002610288025137, 0.02969160104987048077 ) ) ;
#1233 = AXIS2_PLACEMENT_3D ( 'NONE', #1902, #764, #393 ) ;
#1234 = CARTESIAN_POINT ( 'NONE',  ( -0.05268900817200262293, -0.03042001305144014303, -0.0001640419947486831346 ) ) ;
#1235 = EDGE_LOOP ( 'NONE', ( #839, #966, #668, #1384, #1392 ) ) ;
#1236 = PLANE ( 'NONE',  #2012 ) ;
#1237 = CARTESIAN_POINT ( 'NONE',  ( 0.1377952755905509086, -0.01346638380171306937, 0.06299212598425231457 ) ) ;
#1238 = B_SPLINE_CURVE_WITH_KNOTS ( 'NONE', 3,
 ( #1435, #430, #469, #1286, #1276, #1939 ),
 .UNSPECIFIED., .F., .F.,
 ( 4, 2, 4 ),
 ( 0.002044882221487520201, 0.003063384235218486774, 0.004081886248949452914 ),
 .UNSPECIFIED. ) ;
#1239 = VERTEX_POINT ( 'NONE', #146 ) ;
#1240 = CARTESIAN_POINT ( 'NONE',  ( 0.03378086947051692213, 0.06017511101581490135, 0.05158608860272616975 ) ) ;
#1241 = CARTESIAN_POINT ( 'NONE',  ( -0.07025201089600342785, -1.290508504161833884E-17, 0.02854330708661596133 ) ) ;
#1242 = CARTESIAN_POINT ( 'NONE',  ( 0.000000000000000000, 0.06084002610288023055, 0.07332677165354466176 ) ) ;
#1243 = CARTESIAN_POINT ( 'NONE',  ( 0.1377952755905509086, 0.06668651969510328015, -0.05439988759559657300 ) ) ;
#1244 = ORIENTED_EDGE ( 'NONE', *, *, #422, .F. ) ;
#1245 = CARTESIAN_POINT ( 'NONE',  ( 0.000000000000000000, 0.07874015748031502893, -0.01968503937007696006 ) ) ;
#1246 = DIRECTION ( 'NONE',  ( 1.000000000000000000, 4.292327424963321660E-16, -0.000000000000000000 ) ) ;
#1247 = CARTESIAN_POINT ( 'NONE',  ( -0.06658203756339368951, 4.346229003497349698E-17, 0.04934232845254481886 ) ) ;
#1248 = CARTESIAN_POINT ( 'NONE',  ( 0.05268900817200258824, -0.03042001305144007017, -0.04265091863516821263 ) ) ;
#1249 = CARTESIAN_POINT ( 'NONE',  ( 7.450754322693361446E-18, -0.06084002610288016116, -0.04724409448818654017 ) ) ;
#1250 = CARTESIAN_POINT ( 'NONE',  ( 0.03512600544800175556, 0.06084002610288023055, -0.03920603674540451555 ) ) ;
#1251 = ORIENTED_EDGE ( 'NONE', *, *, #1813, .F. ) ;
#1252 = CARTESIAN_POINT ( 'NONE',  ( -0.07874015748005477877, -0.02109836160920171289, 0.04010869051644460476 ) ) ;
#1253 = EDGE_CURVE ( 'NONE', #1405, #1816, #1423, .T. ) ;
#1254 = CARTESIAN_POINT ( 'NONE',  ( 0.04891582775154430796, -0.06170295126987833390, -0.06150044836951003291 ) ) ;
#1255 = ORIENTED_EDGE ( 'NONE', *, *, #2103, .T. ) ;
#1256 = DIRECTION ( 'NONE',  ( 0.000000000000000000, 0.000000000000000000, -1.000000000000000000 ) ) ;
#1257 = CARTESIAN_POINT ( 'NONE',  ( 7.450754322693361446E-18, -0.06084002610288016116, 0.007874015748033463130 ) ) ;
#1258 = EDGE_CURVE ( 'NONE', #139, #5, #1663, .T. ) ;
#1259 = CC_DESIGN_APPROVAL ( #1768, ( #125 ) ) ;
#1260 = CARTESIAN_POINT ( 'NONE',  ( 0.05268900817200258130, 0.03042001305144009099, -0.06561679790025988501 ) ) ;
#1261 = CARTESIAN_POINT ( 'NONE',  ( 0.06097899807724756899, 0.001757503949482045824, -0.04375819547291699002 ) ) ;
#1262 = ORIENTED_EDGE ( 'NONE', *, *, #269, .T. ) ;
#1263 = CARTESIAN_POINT ( 'NONE',  ( -0.07874015748031501505, -3.431233423813696741E-17, -0.04035433070865946520 ) ) ;
#1264 = AXIS2_PLACEMENT_3D ( 'NONE', #2026, #1246, #1576 ) ;
#1265 = FACE_OUTER_BOUND ( 'NONE', #1908, .T. ) ;
#1266 = CIRCLE ( 'NONE', #610, 0.1377952755905514359 ) ;
#1267 = CARTESIAN_POINT ( 'NONE',  ( -0.06889763779527581511, 0.1193342091828952234, 0.06299212598425199539 ) ) ;
#1268 = CARTESIAN_POINT ( 'NONE',  ( 0.05619678563770934970, 0.02466689853006178226, 0.04360031699203130440 ) ) ;
#1269 = PLANE ( 'NONE',  #265 ) ;
#1270 = CC_DESIGN_DATE_AND_TIME_ASSIGNMENT ( #1448, #1770, ( #1490 ) ) ;
#1271 = EDGE_CURVE ( 'NONE', #767, #705, #441, .T. ) ;
#1272 = CARTESIAN_POINT ( 'NONE',  ( 0.07025201089600351112, 4.301695013872783977E-18, -0.07135826771653284994 ) ) ;
#1273 = CARTESIAN_POINT ( 'NONE',  ( -0.07874015748031502893, 0.000000000000000000, 0.06299212598425199539 ) ) ;
#1274 = ORIENTED_EDGE ( 'NONE', *, *, #1956, .F. ) ;
#1275 = CARTESIAN_POINT ( 'NONE',  ( -0.07874015748031501505, -3.431233423813696741E-17, -0.01279527559054946008 ) ) ;
#1276 = CARTESIAN_POINT ( 'NONE',  ( 0.01124259757764022732, 0.1526213621726856262, -0.05443228090504912547 ) ) ;
#1277 = CARTESIAN_POINT ( 'NONE',  ( -0.03512600544800173474, -0.06084002610288025137, 0.002132545931760521617 ) ) ;
#1278 = APPLICATION_PROTOCOL_DEFINITION ( 'international standard', 'config_control_design', 1994, #691 ) ;
#1279 = CARTESIAN_POINT ( 'NONE',  ( 0.1377952755905514359, 0.000000000000000000, -0.06299212598425199539 ) ) ;
#1280 = CARTESIAN_POINT ( 'NONE',  ( -0.07877557364897590231, -0.01753013875870307325, -0.06299212598425198151 ) ) ;
#1281 = EDGE_CURVE ( 'NONE', #1642, #1023, #1238, .T. ) ;
#1282 = CARTESIAN_POINT ( 'NONE',  ( -0.04601043801979795567, -0.04536987533384297805, -0.08184022592219229730 ) ) ;
#1283 = DIRECTION ( 'NONE',  ( -0.000000000000000000, -0.000000000000000000, -1.000000000000000000 ) ) ;
#1284 = VERTEX_POINT ( 'NONE', #1748 ) ;
#1285 = CARTESIAN_POINT ( 'NONE',  ( 0.03560144589520052721, 0.07209150565282543277, 0.06299212598425196763 ) ) ;
#1286 = CARTESIAN_POINT ( 'NONE',  ( 0.02257899401196742512, 0.1460762906396865235, -0.05752594247619659262 ) ) ;
#1287 = DIRECTION ( 'NONE',  ( 1.000000000000000000, 0.000000000000000000, 0.000000000000000000 ) ) ;
#1288 = ORIENTED_EDGE ( 'NONE', *, *, #736, .T. ) ;
#1289 = DATE_TIME_ROLE ( 'classification_date' ) ;
#1290 = CARTESIAN_POINT ( 'NONE',  ( 0.06819097667594010981, 0.03937007874015752834, -0.0001640419947482900300 ) ) ;
#1291 = CARTESIAN_POINT ( 'NONE',  ( -0.03512600544800173474, -0.06084002610288025137, 0.002132545931760480851 ) ) ;
#1292 = CARTESIAN_POINT ( 'NONE',  ( -0.07874015748031507056, -1.381643325322315645E-15, -0.01624015748031237827 ) ) ;
#1293 = ORIENTED_EDGE ( 'NONE', *, *, #2116, .F. ) ;
#1294 = CARTESIAN_POINT ( 'NONE',  ( 0.07874015748031501505, 0.02109836160874984864, 0.002214989729015935400 ) ) ;
#1295 = CARTESIAN_POINT ( 'NONE',  ( -0.04546065111729343661, 0.07874015748031498729, -0.04494750656167779274 ) ) ;
#1296 = ORIENTED_EDGE ( 'NONE', *, *, #1297, .F. ) ;
#1297 = EDGE_CURVE ( 'NONE', #1650, #1061, #809, .T. ) ;
#1298 = AXIS2_PLACEMENT_3D ( 'NONE', #557, #1549, #122 ) ;
#1299 = APPROVAL_DATE_TIME ( #1124, #1338 ) ;
#1300 = CARTESIAN_POINT ( 'NONE',  ( 0.1377952755905509086, 0.07955613945526379682, 0.06299212598425199539 ) ) ;
#1301 = CARTESIAN_POINT ( 'NONE',  ( 0.000000000000000000, 0.06084002610288023055, -0.03690944881889535178 ) ) ;
#1302 = CARTESIAN_POINT ( 'NONE',  ( 0.09264374317946821868, 5.672793177288260023E-18, 0.08107775590551324907 ) ) ;
#1303 = CARTESIAN_POINT ( 'NONE',  ( 0.06415154301535737347, 0.04930566008674670125, 0.06299212598425255050 ) ) ;
#1304 = DIRECTION ( 'NONE',  ( -0.000000000000000000, -0.000000000000000000, -1.000000000000000000 ) ) ;
#1305 = CARTESIAN_POINT ( 'NONE',  ( -0.06377630815969327627, 0.04896272476263938134, -0.06299212598425207865 ) ) ;
#1306 = CARTESIAN_POINT ( 'NONE',  ( -0.09264374317946821868, -1.701837953186478084E-17, 0.04146161417322984793 ) ) ;
#1307 = CARTESIAN_POINT ( 'NONE',  ( -0.07025201089600351112, -1.290508504161835270E-17, -0.002460629921257806354 ) ) ;
#1308 = CARTESIAN_POINT ( 'NONE',  ( 7.450754322693369150E-18, -0.06084002610288022361, 0.03543307086614350121 ) ) ;
#1309 = APPROVAL_STATUS ( 'not_yet_approved' ) ;
#1310 = CARTESIAN_POINT ( 'NONE',  ( -0.08023183509510094236, -1.067128122525102820E-17, -0.06299212598425199539 ) ) ;
#1311 = EDGE_LOOP ( 'NONE', ( #87, #256, #262, #1957, #2022, #1621 ) ) ;
#1312 = PRODUCT_DEFINITION_SHAPE ( 'NONE', 'NONE',  #1490 ) ;
#1313 = CARTESIAN_POINT ( 'NONE',  ( 7.450754322693369150E-18, -0.06084002610288023055, -0.02312992125984034836 ) ) ;
#1314 = CARTESIAN_POINT ( 'NONE',  ( 0.06819097667594056777, 0.03937007874015779202, 0.02739501312336201436 ) ) ;
#1315 = CYLINDRICAL_SURFACE ( 'NONE', #401, 0.07874015748031502893 ) ;
#1316 = CARTESIAN_POINT ( 'NONE',  ( 0.000000000000000000, -1.067128122525102820E-17, 0.06150044836946609583 ) ) ;
#1317 = CYLINDRICAL_SURFACE ( 'NONE', #1540, 0.07874015748031502893 ) ;
#1318 = ORIENTED_EDGE ( 'NONE', *, *, #1722, .T. ) ;
#1319 = CARTESIAN_POINT ( 'NONE',  ( 0.09264374317946821868, 5.672793177288260023E-18, 0.0001230314960648396590 ) ) ;
#1320 = CARTESIAN_POINT ( 'NONE',  ( -0.07209556783554618709, -0.03559714463500436576, 0.06299212598425199539 ) ) ;
#1321 = ADVANCED_FACE ( 'NONE', ( #1130 ), #433, .T. ) ;
#1322 = CARTESIAN_POINT ( 'NONE',  ( 0.03512600544800174168, 0.06084002610288022361, -0.03576115485564067276 ) ) ;
#1323 = CARTESIAN_POINT ( 'NONE',  ( -0.01308323965212285916, -0.06266067592294065347, -0.04645311312057283371 ) ) ;
#1324 = ORIENTED_EDGE ( 'NONE', *, *, #804, .T. ) ;
#1325 = CARTESIAN_POINT ( 'NONE',  ( 0.06666896493595807216, -0.04488687777749170854, -0.06299212598425202314 ) ) ;
#1326 = DIRECTION ( 'NONE',  ( -1.000000000000000000, 0.000000000000000000, 0.000000000000000000 ) ) ;
#1327 = CARTESIAN_POINT ( 'NONE',  ( 0.04546065111729341579, 0.07874015748031504280, 0.05725065616798088314 ) ) ;
#1328 = CARTESIAN_POINT ( 'NONE',  ( 0.07874015748031507056, -0.02109836160874974803, 0.05487162444421515156 ) ) ;
#1329 = AXIS2_PLACEMENT_3D ( 'NONE', #166, #1153, #993 ) ;
#1330 = CARTESIAN_POINT ( 'NONE',  ( -0.04632187158973415098, 0.08023183509510077582, -0.04580872703411850017 ) ) ;
#1331 = CARTESIAN_POINT ( 'NONE',  ( 0.07874015748011631288, -0.02109836160909723396, -0.03125042279989716926 ) ) ;
#1332 = AXIS2_PLACEMENT_3D ( 'NONE', #1345, #709, #548 ) ;
#1333 = CARTESIAN_POINT ( 'NONE',  ( 0.06948280738460116401, 0.04011591754755040873, -0.08025754593175600526 ) ) ;
#1334 = AXIS2_PLACEMENT_3D ( 'NONE', #1590, #1582, #939 ) ;
#1335 = CARTESIAN_POINT ( 'NONE',  ( 0.01853196532713486180, -0.05986469932926128529, -0.04510411778566279090 ) ) ;
#1336 = ORIENTED_EDGE ( 'NONE', *, *, #507, .F. ) ;
#1337 = CARTESIAN_POINT ( 'NONE',  ( 0.06131061816030318468, 2.503656654909394545E-15, -0.04407090904945430709 ) ) ;
#1338 = APPROVAL ( #149, 'UNSPECIFIED' ) ;
#1339 = CARTESIAN_POINT ( 'NONE',  ( 0.06948280738460117789, -0.04011591754755038791, 0.02366305774278407159 ) ) ;
#1340 = CARTESIAN_POINT ( 'NONE',  ( 0.07452102156059742244, -0.009309224912362173282, 0.05771697001661128118 ) ) ;
#1341 = DIRECTION ( 'NONE',  ( -0.000000000000000000, -0.000000000000000000, -1.000000000000000000 ) ) ;
#1342 = CARTESIAN_POINT ( 'NONE',  ( 0.04632187158973414404, -0.08023183509510078970, 0.02308891076115650656 ) ) ;
#1343 = CARTESIAN_POINT ( 'NONE',  ( -0.03268863300041933290, 0.06270217733956316708, -0.05331634795210461047 ) ) ;
#1344 = CARTESIAN_POINT ( 'NONE',  ( 0.03512600544800174168, 0.06084002610288022361, -0.008202099737530674575 ) ) ;
#1345 = CARTESIAN_POINT ( 'NONE',  ( 0.000000000000000000, -1.067128122525102820E-17, 0.06299212598425199539 ) ) ;
#1346 = ORIENTED_EDGE ( 'NONE', *, *, #585, .F. ) ;
#1347 = CARTESIAN_POINT ( 'NONE',  ( -0.06889763779527559306, -0.1193342091828954177, -0.06299212598425199539 ) ) ;
#1348 = CARTESIAN_POINT ( 'NONE',  ( 0.06948280738460117789, -0.04011591754755038791, -0.03145505249343593518 ) ) ;
#1349 = EDGE_CURVE ( 'NONE', #439, #1650, #455, .T. ) ;
#1350 = EDGE_CURVE ( 'NONE', #867, #115, #1447, .T. ) ;
#1351 = CARTESIAN_POINT ( 'NONE',  ( -0.03512600544800175556, 0.06084002610288014035, 0.05150918635170763371 ) ) ;
#1352 = CARTESIAN_POINT ( 'NONE',  ( 0.01050652361478851896, 0.07971314288463916820, -0.06299212598425234233 ) ) ;
#1353 = EDGE_LOOP ( 'NONE', ( #616, #661, #1581, #1296, #2078, #1388 ) ) ;
#1354 = CARTESIAN_POINT ( 'NONE',  ( 0.06948280738460116401, 0.04011591754755040873, 0.05753772965879400819 ) ) ;
#1355 = CARTESIAN_POINT ( 'NONE',  ( 0.04546065111729345742, -0.07874015748031505668, 0.02050524934383422815 ) ) ;
#1356 = CARTESIAN_POINT ( 'NONE',  ( 0.09264374317946821868, 5.672793177288260023E-18, -0.08255413385826516903 ) ) ;
#1357 = CARTESIAN_POINT ( 'NONE',  ( -0.05901271931122369085, -0.03063877968053175735, -0.04894193635988795116 ) ) ;
#1358 = ORIENTED_EDGE ( 'NONE', *, *, #1583, .T. ) ;
#1359 = CARTESIAN_POINT ( 'NONE',  ( -0.007907461953223988635, 0.06227826294793297607, 0.04530015729011147019 ) ) ;
#1360 = CARTESIAN_POINT ( 'NONE',  ( -0.06948280738460115014, -0.04011591754755043648, 0.01447670603674740611 ) ) ;
#1361 = DIRECTION ( 'NONE',  ( 0.000000000000000000, 0.000000000000000000, 1.000000000000000000 ) ) ;
#1362 = CARTESIAN_POINT ( 'NONE',  ( 0.03512600544800177638, -0.06084002610288021667, 0.06184383202099881516 ) ) ;
#1363 = ORIENTED_EDGE ( 'NONE', *, *, #422, .T. ) ;
#1364 = CARTESIAN_POINT ( 'NONE',  ( 0.07874015748031498729, 3.419795979067651615E-15, 0.05265748031496273601 ) ) ;
#1365 = CARTESIAN_POINT ( 'NONE',  ( -0.06460688636380930439, 0.02326697375205033155, -0.05126777931457975057 ) ) ;
#1366 = EDGE_CURVE ( 'NONE', #139, #1417, #1584, .T. ) ;
#1367 = CARTESIAN_POINT ( 'NONE',  ( 0.06889763779527552368, 0.1193342091828952928, 0.06299212598425199539 ) ) ;
#1368 = CARTESIAN_POINT ( 'NONE',  ( 0.000000000000000000, 0.000000000000000000, -0.06299212598425199539 ) ) ;
#1369 = ORIENTED_EDGE ( 'NONE', *, *, #551, .T. ) ;
#1370 = VECTOR ( 'NONE', #2034, 39.37007874015748143 ) ;
#1371 = CARTESIAN_POINT ( 'NONE',  ( 1.521190891121690354E-16, -0.1591122789105264279, -0.05068474837914835329 ) ) ;
#1372 = CARTESIAN_POINT ( 'NONE',  ( 0.05268900817200258130, 0.03042001305144009099, 0.07217847769029013538 ) ) ;
#1373 = CARTESIAN_POINT ( 'NONE',  ( -0.03512600544800170005, -0.06084002610288017504, 0.06069553805774429572 ) ) ;
#1374 = CARTESIAN_POINT ( 'NONE',  ( 0.05268900817200264375, -0.03042001305144010487, -0.01853674540682202082 ) ) ;
#1375 = ORIENTED_EDGE ( 'NONE', *, *, #979, .T. ) ;
#1376 = CARTESIAN_POINT ( 'NONE',  ( -0.09237394300347906428, -0.1057801580513607065, 0.06299212598425238396 ) ) ;
#1377 = CARTESIAN_POINT ( 'NONE',  ( 0.07970600465335243856, -0.01055946921766192509, 0.06299212598425202314 ) ) ;
#1378 = DIRECTION ( 'NONE',  ( -1.000000000000000000, 0.000000000000000000, 0.000000000000000000 ) ) ;
#1379 = CARTESIAN_POINT ( 'NONE',  ( 0.02455283547628782370, -0.07020543720789752806, -0.05697159181895564833 ) ) ;
#1380 = DIRECTION ( 'NONE',  ( 1.000000000000000000, 0.000000000000000000, 0.000000000000000000 ) ) ;
#1381 = CARTESIAN_POINT ( 'NONE',  ( 9.825566003893348240E-18, -0.08023183509510080358, 0.01906988188976574405 ) ) ;
#1382 = FACE_OUTER_BOUND ( 'NONE', #1235, .T. ) ;
#1383 = CARTESIAN_POINT ( 'NONE',  ( -0.03512600544800179025, 0.06084002610288021667, 0.02050524934383381875 ) ) ;
#1384 = ORIENTED_EDGE ( 'NONE', *, *, #967, .T. ) ;
#1385 = CARTESIAN_POINT ( 'NONE',  ( 0.1265526780129084261, -0.08604705619310577813, 0.05443228090505002753 ) ) ;
#1386 = CARTESIAN_POINT ( 'NONE',  ( 0.000000000000000000, 0.000000000000000000, 0.06299212598425199539 ) ) ;
#1387 = CARTESIAN_POINT ( 'NONE',  ( 0.07874015748031501505, -3.293984086861149167E-16, -0.05757874015747747876 ) ) ;
#1388 = ORIENTED_EDGE ( 'NONE', *, *, #228, .F. ) ;
#1389 = CARTESIAN_POINT ( 'NONE',  ( 0.05268900817200258824, -0.03042001305144007017, 0.01246719160105179067 ) ) ;
#1390 = CARTESIAN_POINT ( 'NONE',  ( 0.03512600544800170699, 0.06084002610288016810, -0.06332020997375070737 ) ) ;
#1391 = CARTESIAN_POINT ( 'NONE',  ( -0.03512600544800173474, -0.06084002610288025137, 0.002132545931760480851 ) ) ;
#1392 = ORIENTED_EDGE ( 'NONE', *, *, #283, .F. ) ;
#1393 = B_SPLINE_CURVE_WITH_KNOTS ( 'NONE', 3,
 ( #231, #1548, #1121, #2091, #1767, #969 ),
 .UNSPECIFIED., .F., .F.,
 ( 4, 2, 4 ),
 ( 0.000000000000000000, 0.0005795030461053947684, 0.001159006092210789754 ),
 .UNSPECIFIED. ) ;
#1394 = CARTESIAN_POINT ( 'NONE',  ( -0.1377952755905513804, -0.07955613945526304742, 0.05068474837914815900 ) ) ;
#1395 = FACE_OUTER_BOUND ( 'NONE', #1774, .T. ) ;
#1396 = B_SPLINE_CURVE_WITH_KNOTS ( 'NONE', 3,
 ( #1683, #526, #863, #1184 ),
 .UNSPECIFIED., .F., .F.,
 ( 4, 4 ),
 ( 2.380739282170944072E-07, 0.002044882221487520201 ),
 .UNSPECIFIED. ) ;
#1397 = CARTESIAN_POINT ( 'NONE',  ( 0.1377952755905508808, -0.02682449689608217003, 0.06183307245240012018 ) ) ;
#1398 = EDGE_LOOP ( 'NONE', ( #1901, #486, #862, #338 ) ) ;
#1399 = CARTESIAN_POINT ( 'NONE',  ( -0.04601081466680031345, -0.04536949887787249808, -0.07839538286859373817 ) ) ;
#1400 = CIRCLE ( 'NONE', #1764, 0.1377952755905514359 ) ;
#1401 = CARTESIAN_POINT ( 'NONE',  ( 7.450754322693361446E-18, -0.06084002610288016116, -0.07480314960629654009 ) ) ;
#1402 = AXIS2_PLACEMENT_3D ( 'NONE', #13, #670, #22 ) ;
#1403 = DIRECTION ( 'NONE',  ( -0.000000000000000000, -0.000000000000000000, -1.000000000000000000 ) ) ;
#1404 = VERTEX_POINT ( 'NONE', #520 ) ;
#1405 = VERTEX_POINT ( 'NONE', #1167 ) ;
#1406 = CARTESIAN_POINT ( 'NONE',  ( 0.07614263396167474107, -0.02583156799242814633, 0.06299212598425203702 ) ) ;
#1407 = LINE ( 'NONE', #85, #25 ) ;
#1408 = CARTESIAN_POINT ( 'NONE',  ( -0.02446439168250352791, 0.07407120800693688112, 0.06011114302242562962 ) ) ;
#1409 = CARTESIAN_POINT ( 'NONE',  ( -0.03620437761690899897, -0.05009212759710444940, -0.07757595445992257477 ) ) ;
#1410 = CARTESIAN_POINT ( 'NONE',  ( -0.03512600544800175556, 0.06084002610288014035, -0.003608923884512382167 ) ) ;
#1411 = CARTESIAN_POINT ( 'NONE',  ( 0.03512600544800177638, -0.06084002610288021667, -0.04839238845144119144 ) ) ;
#1412 = ORIENTED_EDGE ( 'NONE', *, *, #1046, .F. ) ;
#1413 = EDGE_CURVE ( 'NONE', #1078, #1239, #623, .T. ) ;
#1414 = CARTESIAN_POINT ( 'NONE',  ( -0.07874015748031501505, -3.431233423813696741E-17, -0.01279527559054946008 ) ) ;
#1415 = CARTESIAN_POINT ( 'NONE',  ( 0.01541536462986804051, -0.07417255335747338640, -0.05835707111460338575 ) ) ;
#1416 = EDGE_CURVE ( 'NONE', #705, #359, #1960, .T. ) ;
#1417 = VERTEX_POINT ( 'NONE', #1011 ) ;
#1418 = CARTESIAN_POINT ( 'NONE',  ( -0.02254144026182958865, 0.1460979723074379288, -0.05819856179979888272 ) ) ;
#1419 = CARTESIAN_POINT ( 'NONE',  ( 0.1377952755905509086, -0.07955613945526814057, -0.05068474837915162151 ) ) ;
#1420 = CARTESIAN_POINT ( 'NONE',  ( 0.05268900817200258824, -0.03042001305144007017, 0.01246719160105179067 ) ) ;
#1421 = ORIENTED_EDGE ( 'NONE', *, *, #1145, .F. ) ;
#1422 = CARTESIAN_POINT ( 'NONE',  ( -0.01124259757764029324, -0.1526213621726851266, 0.05443228090504943079 ) ) ;
#1423 = LINE ( 'NONE', #798, #28 ) ;
#1424 = CC_DESIGN_DATE_AND_TIME_ASSIGNMENT ( #962, #1289, ( #1083 ) ) ;
#1425 = CARTESIAN_POINT ( 'NONE',  ( 0.05268900817200263681, 0.03042001305144012568, -0.01394356955380365165 ) ) ;
#1426 = EDGE_CURVE ( 'NONE', #1687, #439, #1629, .T. ) ;
#1427 = ORIENTED_EDGE ( 'NONE', *, *, #1093, .T. ) ;
#1428 = CARTESIAN_POINT ( 'NONE',  ( -0.05268900817200260212, 0.03042001305144003895, 0.02624671916010679062 ) ) ;
#1429 = CARTESIAN_POINT ( 'NONE',  ( 0.03512600544800170699, 0.06084002610288016810, -0.008202099737530711004 ) ) ;
#1430 = LINE ( 'NONE', #1534, #160 ) ;
#1431 = ORIENTED_EDGE ( 'NONE', *, *, #426, .F. ) ;
#1432 = AXIS2_PLACEMENT_3D ( 'NONE', #997, #223, #689 ) ;
#1433 = CARTESIAN_POINT ( 'NONE',  ( 0.000000000000000000, 0.000000000000000000, -0.06299212598425199539 ) ) ;
#1434 = AXIS2_PLACEMENT_3D ( 'NONE', #2056, #1256, #1380 ) ;
#1435 = CARTESIAN_POINT ( 'NONE',  ( 0.06889763779527559306, 0.1193342091828954177, -0.06299212598425199539 ) ) ;
#1437 = EDGE_CURVE ( 'NONE', #1563, #1029, #1766, .T. ) ;
#1436 = CARTESIAN_POINT ( 'NONE',  ( -0.03512600544800173474, -0.06084002610288025137, -0.02542650918634947743 ) ) ;
#1438 = ORIENTED_EDGE ( 'NONE', *, *, #1093, .F. ) ;
#1439 = CARTESIAN_POINT ( 'NONE',  ( 0.1377952755905509086, 0.07955613945526379682, 0.05068474837914817982 ) ) ;
#1440 = CARTESIAN_POINT ( 'NONE',  ( 0.05268900817200263681, 0.03042001305144012568, -0.01394356955380369328 ) ) ;
#1441 = CARTESIAN_POINT ( 'NONE',  ( -0.04546065111729337416, -0.07874015748031502893, -0.03576115485564112378 ) ) ;
#1442 = ORIENTED_EDGE ( 'NONE', *, *, #354, .F. ) ;
#1443 = ADVANCED_FACE ( 'NONE', ( #176 ), #1317, .F. ) ;
#1444 = CARTESIAN_POINT ( 'NONE',  ( 0.07042185659723301794, 0.03088198496521673761, 0.05925486280272059675 ) ) ;
#1445 = CARTESIAN_POINT ( 'NONE',  ( 0.07874015748031501505, -1.532617595970118149E-16, -0.05413385826771446863 ) ) ;
#1446 = CARTESIAN_POINT ( 'NONE',  ( 0.08023183509510094236, -8.457152213576634901E-19, -0.06299212598425199539 ) ) ;
#1447 =( BOUNDED_CURVE ( )  B_SPLINE_CURVE ( 2, ( #1100, #1252, #788, #1898, #1740, #941, #274, #284, #931 ),
 .UNSPECIFIED., .F., .F. ) 
 B_SPLINE_CURVE_WITH_KNOTS ( ( 3, 2, 2, 2, 3 ),
 ( 0.04634474384399064201, 0.04738972250381546375, 0.04947967982351330479, 0.05156963714321114584, 0.05261461580306014962 ),
 .UNSPECIFIED. ) 
 CURVE ( )  GEOMETRIC_REPRESENTATION_ITEM ( )  RATIONAL_B_SPLINE_CURVE ( ( 0.9330127018922192983, 0.9330127018937643957, 1.000000000000000000, 0.8660254037844387076, 1.000000000000000000, 0.8660254037844387076, 1.000000000000000000, 0.9330127018922140802, 0.9330127018922194093 ) ) 
 REPRESENTATION_ITEM ( '' )  );
#1448 = DATE_AND_TIME ( #1458, #1761 ) ;
#1449 = CARTESIAN_POINT ( 'NONE',  ( 1.521190891121690354E-16, -0.1591122789105264279, -0.05068474837914835329 ) ) ;
#1450 = CARTESIAN_POINT ( 'NONE',  ( -0.05268900817200266457, 0.03042001305144007364, 0.02280183727034298252 ) ) ;
#1451 = CARTESIAN_POINT ( 'NONE',  ( 0.04632187158973414404, -0.08023183509510078970, 0.07648458005249492153 ) ) ;
#1452 = ORIENTED_EDGE ( 'NONE', *, *, #1119, .F. ) ;
#1453 = ADVANCED_FACE ( 'NONE', ( #1002 ), #332, .F. ) ;
#1454 = CARTESIAN_POINT ( 'NONE',  ( 0.07513900768052117485, -0.004627265259053520152, 0.05789929856972887007 ) ) ;
#1455 = CARTESIAN_POINT ( 'NONE',  ( 0.06819097667594010981, 0.03937007874015752834, -0.05183727034120530486 ) ) ;
#1456 = VERTEX_POINT ( 'NONE', #1785 ) ;
#1457 = CARTESIAN_POINT ( 'NONE',  ( 0.07025201089600351112, 4.301695013872784748E-18, 0.01131889763779719317 ) ) ;
#1458 = CALENDAR_DATE ( 2026, 7, 1 ) ;
#1459 = CARTESIAN_POINT ( 'NONE',  ( -0.07874015748003261594, 0.02109836160923899903, 0.01008815987725861750 ) ) ;
#1460 = CARTESIAN_POINT ( 'NONE',  ( 0.03512600544800175556, 0.06084002610288023055, -0.01164698162729452258 ) ) ;
#1461 = CARTESIAN_POINT ( 'NONE',  ( -0.09264374317946821868, -1.701837953186478084E-17, 0.06729822834645825258 ) ) ;
#1462 = CARTESIAN_POINT ( 'NONE',  ( 0.07874015748031498729, 3.419795979067651615E-15, 0.05265748031496273601 ) ) ;
#1463 = CARTESIAN_POINT ( 'NONE',  ( -0.1265526780129109796, 0.08604705619310484832, 0.05443228090504909078 ) ) ;
#1464 = CARTESIAN_POINT ( 'NONE',  ( 9.825566003893348240E-18, -0.08023183509510080358, -0.03432578740157266051 ) ) ;
#1465 = CARTESIAN_POINT ( 'NONE',  ( -0.08023183509510080358, 1.395368259017570328E-16, -0.06299212598425199539 ) ) ;
#1466 = EDGE_CURVE ( 'NONE', #2082, #975, #56, .T. ) ;
#1467 = CIRCLE ( 'NONE', #2046, 0.1377952755905514359 ) ;
#1468 = CARTESIAN_POINT ( 'NONE',  ( 0.05268900817200263681, -0.03042001305144009793, -0.01509186351705817629 ) ) ;
#1469 = CARTESIAN_POINT ( 'NONE',  ( -0.1377952755905514359, 0.07955613945526342212, 0.05068474837914801329 ) ) ;
#1470 = CARTESIAN_POINT ( 'NONE',  ( -0.02639749801354583647, -0.05481496944105682112, -0.08020137096121610076 ) ) ;
#1471 = CARTESIAN_POINT ( 'NONE',  ( 0.04632187158973414404, -0.08023183509510078970, 0.04892552493438490774 ) ) ;
#1472 = CARTESIAN_POINT ( 'NONE',  ( 0.02080432289066577733, 0.07766474177709416227, 0.06299212598425167620 ) ) ;
#1473 = DIRECTION ( 'NONE',  ( -1.000000000000000000, 0.000000000000000000, 0.000000000000000000 ) ) ;
#1474 = EDGE_CURVE ( 'NONE', #896, #1036, #1517, .T. ) ;
#1475 = DIRECTION ( 'NONE',  ( 1.000000000000000000, 0.000000000000000000, 0.000000000000000000 ) ) ;
#1476 = ORIENTED_EDGE ( 'NONE', *, *, #90, .T. ) ;
#1477 = CARTESIAN_POINT ( 'NONE',  ( -0.09264374317946821868, -1.701837953186478084E-17, 0.01390255905511984108 ) ) ;
#1478 = CARTESIAN_POINT ( 'NONE',  ( -0.07874015748031502893, -2.035865164796127152E-16, -0.04379921259842244757 ) ) ;
#1479 = CARTESIAN_POINT ( 'NONE',  ( -0.03512600544800179025, 0.06084002610288020974, -0.03116797900262234869 ) ) ;
#1480 = CARTESIAN_POINT ( 'NONE',  ( 0.02254144026182940477, -0.1460979723074374292, -0.05819856179979918109 ) ) ;
#1481 = CARTESIAN_POINT ( 'NONE',  ( 0.07811938677045045243, -0.01889432032195515268, -0.06299212598425199539 ) ) ;
#1482 = CARTESIAN_POINT ( 'NONE',  ( 0.07874015748031500117, 1.528042618071699921E-15, 0.02509842519685262160 ) ) ;
#1483 = ADVANCED_FACE ( 'NONE', ( #375 ), #409, .F. ) ;
#1484 = FACE_OUTER_BOUND ( 'NONE', #281, .T. ) ;
#1485 = CARTESIAN_POINT ( 'NONE',  ( -0.08023183509510080358, 1.395368259017570328E-16, -0.06299212598425199539 ) ) ;
#1486 = CARTESIAN_POINT ( 'NONE',  ( 0.07612865318193486053, 0.02586355586126013947, -0.06299212598425557585 ) ) ;
#1487 = ORIENTED_EDGE ( 'NONE', *, *, #1271, .F. ) ;
#1488 = CARTESIAN_POINT ( 'NONE',  ( 0.09264374317946821868, 5.672793177288260023E-18, -0.02743602362204515879 ) ) ;
#1489 = CARTESIAN_POINT ( 'NONE',  ( 0.07874015748031507056, -8.552234934408181860E-13, -0.03001968503941734520 ) ) ;
#1490 = PRODUCT_DEFINITION ( 'UNKNOWN', '', #125, #564 ) ;
#1491 = CYLINDRICAL_SURFACE ( 'NONE', #1020, 0.07874015748031502893 ) ;
#1492 = FACE_OUTER_BOUND ( 'NONE', #627, .T. ) ;
#1493 = EDGE_CURVE ( 'NONE', #1843, #236, #1976, .T. ) ;
#1494 = ORIENTED_EDGE ( 'NONE', *, *, #2053, .F. ) ;
#1495 = CARTESIAN_POINT ( 'NONE',  ( -0.1152538353287219097, -0.09257044605835214324, -0.05819856179979909089 ) ) ;
#1496 = CARTESIAN_POINT ( 'NONE',  ( -0.04632187158973407465, -0.08023183509510081746, -0.03834481627296343342 ) ) ;
#1497 = ORIENTED_EDGE ( 'NONE', *, *, #551, .F. ) ;
#1498 = CARTESIAN_POINT ( 'NONE',  ( 0.07025201089600342785, 4.301695013872779355E-18, 0.04232283464567097170 ) ) ;
#1499 = CARTESIAN_POINT ( 'NONE',  ( -0.06819097667594009593, -0.03937007874015754916, 0.04461942257217970526 ) ) ;
#1500 = CARTESIAN_POINT ( 'NONE',  ( 0.000000000000000000, 0.08023183509510080358, 0.03457185039370234275 ) ) ;
#1501 = CARTESIAN_POINT ( 'NONE',  ( 0.06062336303922542802, 0.04362885220370629757, -0.05730137270988729797 ) ) ;
#1502 = AXIS2_PLACEMENT_3D ( 'NONE', #1603, #449, #1287 ) ;
#1503 = CARTESIAN_POINT ( 'NONE',  ( 0.05268900817200262987, 0.03042001305144011875, -0.03805774278214985040 ) ) ;
#1504 = CIRCLE ( 'NONE', #297, 0.1377952755905514359 ) ;
#1505 = CARTESIAN_POINT ( 'NONE',  ( 0.06131061816030318468, 2.503656654909394545E-15, -0.04407090904945430709 ) ) ;
#1506 = ADVANCED_FACE ( 'NONE', ( #1853 ), #1731, .T. ) ;
#1507 = ORIENTED_EDGE ( 'NONE', *, *, #1594, .T. ) ;
#1508 = CARTESIAN_POINT ( 'NONE',  ( -0.04438016494275579676, 0.06683972114230606054, 0.06299212598425202314 ) ) ;
#1509 = CARTESIAN_POINT ( 'NONE',  ( -0.03512600544800175556, 0.06084002610288014035, 0.05150918635170763371 ) ) ;
#1510 = CARTESIAN_POINT ( 'NONE',  ( 0.000000000000000000, 0.000000000000000000, -0.06299212598425199539 ) ) ;
#1511 = CARTESIAN_POINT ( 'NONE',  ( 0.02077926497043095649, 0.07767106497469709880, -0.06299212598425232845 ) ) ;
#1512 = CARTESIAN_POINT ( 'NONE',  ( -0.06948280738460120565, 0.04011591754755034628, -0.01595308398949933301 ) ) ;
#1513 = CARTESIAN_POINT ( 'NONE',  ( -0.07874015748059751130, -0.02109836160826067744, 0.01254963539827942502 ) ) ;
#1514 = CARTESIAN_POINT ( 'NONE',  ( 0.06564805621457069085, -0.007974283423986218075, 0.04172080850573737371 ) ) ;
#1515 = FACE_OUTER_BOUND ( 'NONE', #42, .T. ) ;
#1516 = CARTESIAN_POINT ( 'NONE',  ( -0.05489211135342875886, 0.05888371556665564915, 0.06299212598425196763 ) ) ;
#1517 = B_SPLINE_CURVE_WITH_KNOTS ( 'NONE', 3,
 ( #1697, #1888, #586, #1044, #1243, #1862 ),
 .UNSPECIFIED., .F., .F.,
 ( 4, 2, 4 ),
 ( 0.005838139006013614088, 0.006861999454992881615, 0.007885859903972149143 ),
 .UNSPECIFIED. ) ;
#1518 = CARTESIAN_POINT ( 'NONE',  ( -0.07025201089600342785, -1.290508504161833884E-17, 0.05610236220472596125 ) ) ;
#1519 = CARTESIAN_POINT ( 'NONE',  ( 0.02180611632023446780, -0.06854591064531866118, 0.05454244594730781048 ) ) ;
#1520 = CARTESIAN_POINT ( 'NONE',  ( -0.04020600773898649893, 0.06962765371066874376, -0.06299212598425202314 ) ) ;
#1521 = ORIENTED_EDGE ( 'NONE', *, *, #1426, .F. ) ;
#1522 = EDGE_CURVE ( 'NONE', #800, #1128, #1882, .T. ) ;
#1523 = CARTESIAN_POINT ( 'NONE',  ( -0.1377952755905514359, 0.01347751012707274799, -0.06299212598425202314 ) ) ;
#1524 = CARTESIAN_POINT ( 'NONE',  ( -0.04546065111729337416, -0.07874015748031502893, 0.01935695538057886564 ) ) ;
#1525 = CARTESIAN_POINT ( 'NONE',  ( 0.07189629695054340630, 0.02307492610279404666, -0.05812296698749781776 ) ) ;
#1526 = CARTESIAN_POINT ( 'NONE',  ( -0.07874015748031501505, -2.035865164796127152E-16, -0.04379921259842244757 ) ) ;
#1527 = FACE_OUTER_BOUND ( 'NONE', #1776, .T. ) ;
#1528 = CARTESIAN_POINT ( 'NONE',  ( 0.07356402304824005700, -0.03237433613309008418, -0.06299212598425195375 ) ) ;
#1529 = CARTESIAN_POINT ( 'NONE',  ( -0.06948280738460115014, -0.04011591754755043648, -0.04064140419947260413 ) ) ;
#1530 = CARTESIAN_POINT ( 'NONE',  ( 7.450754322693361446E-18, -0.06084002610288016116, 0.03543307086614346652 ) ) ;
#1531 =( BOUNDED_CURVE ( )  B_SPLINE_CURVE ( 2, ( #1559, #88, #1081, #97, #268, #105, #1859, #406, #1567 ),
 .UNSPECIFIED., .F., .T. ) 
 B_SPLINE_CURVE_WITH_KNOTS ( ( 3, 2, 2, 2, 3 ),
 ( 0.7202830929950876371, 0.7341719818839765876, 0.7619497596617543778, 0.7897275374395320569, 0.8036164263284210074 ),
 .UNSPECIFIED. ) 
 CURVE ( )  GEOMETRIC_REPRESENTATION_ITEM ( )  RATIONAL_B_SPLINE_CURVE ( ( 0.9330127018922194093, 0.9330127018922191873, 1.000000000000000000, 0.8660254037844388186, 1.000000000000000000, 0.8660254037844388186, 1.000000000000000000, 0.9330127018922194093, 0.9330127018922194093 ) ) 
 REPRESENTATION_ITEM ( '' )  );
#1532 = CARTESIAN_POINT ( 'NONE',  ( -0.07025201089600351112, -1.290508504161835270E-17, 0.02509842519685215323 ) ) ;
#1533 = EDGE_LOOP ( 'NONE', ( #2067, #1494, #786 ) ) ;
#1534 = CARTESIAN_POINT ( 'NONE',  ( -0.07874015748031502893, 0.000000000000000000, 0.06299212598425199539 ) ) ;
#1535 = CARTESIAN_POINT ( 'NONE',  ( -0.06819097667594013756, 0.03937007874015745895, -0.01509186351705863079 ) ) ;
#1536 = AXIS2_PLACEMENT_3D ( 'NONE', #121, #2051, #1916 ) ;
#1537 = CARTESIAN_POINT ( 'NONE',  ( 0.1377952755905509086, 0.07955613945526379682, -0.05068474837914817982 ) ) ;
#1538 = DIRECTION ( 'NONE',  ( -0.7071067811865486830, 8.659560562354947649E-17, 0.7071067811865462405 ) ) ;
#1539 = AXIS2_PLACEMENT_3D ( 'NONE', #914, #1217, #724 ) ;
#1540 = AXIS2_PLACEMENT_3D ( 'NONE', #196, #492, #319 ) ;
#1541 = CARTESIAN_POINT ( 'NONE',  ( 0.02968579725792018509, 0.06316702314155303588, 0.05237108193002678463 ) ) ;
#1542 = CARTESIAN_POINT ( 'NONE',  ( 9.825566003893348240E-18, -0.08023183509510080358, -0.008489173228344259331 ) ) ;
#1543 = CARTESIAN_POINT ( 'NONE',  ( -0.02809456140991561240, -0.06408171671540825731, 0.05257638791467614953 ) ) ;
#1544 = DIRECTION ( 'NONE',  ( 0.000000000000000000, 0.000000000000000000, 1.000000000000000000 ) ) ;
#1545 = EDGE_LOOP ( 'NONE', ( #604, #795, #829, #771 ) ) ;
#1546 = B_SPLINE_CURVE_WITH_KNOTS ( 'NONE', 3,
 ( #796, #1454, #1340, #887, #205, #362, #2020, #855, #1654, #684, #184, #540, #519, #1676, #1519, #1985, #384, #36, #194, #1176, #1043, #1543, #1809, #2029, #1819, #1696, #69, #1829, #727, #374, #58, #227 ),
 .UNSPECIFIED., .F., .F.,
 ( 4, 2, 2, 2, 2, 2, 2, 2, 2, 2, 2, 2, 2, 2, 2, 4 ),
 ( 0.003085095640112636879, 0.003437933654055876521, 0.003790771667999116162, 0.004143609681942356238, 0.004496447695885596313, 0.004849285709828835521, 0.005202123723772074729, 0.005554961737715314804, 0.005907799751658554879, 0.006260637765601794955, 0.006613475779545034162, 0.006966313793488274238, 0.007319151807431513446, 0.008024827835317991861, 0.008377665849261230202, 0.008730503863204470277 ),
 .UNSPECIFIED. ) ;
#1547 = CARTESIAN_POINT ( 'NONE',  ( -0.07874015748031498729, -0.02109836160874994232, 0.01599451728807094186 ) ) ;
#1548 = CARTESIAN_POINT ( 'NONE',  ( 0.04972549752332839496, -0.03587348227571229148, -0.04360031699203128358 ) ) ;
#1549 = DIRECTION ( 'NONE',  ( 0.000000000000000000, 0.000000000000000000, 1.000000000000000000 ) ) ;
#1550 = CARTESIAN_POINT ( 'NONE',  ( 0.05332038461716644834, -0.05794093266127164216, -0.06128867452432285035 ) ) ;
#1551 = CARTESIAN_POINT ( 'NONE',  ( 0.000000000000000000, 0.000000000000000000, -0.06299212598425199539 ) ) ;
#1552 = CARTESIAN_POINT ( 'NONE',  ( -0.03512600544800170005, -0.06084002610288017504, 0.005577427821524290688 ) ) ;
#1553 = CARTESIAN_POINT ( 'NONE',  ( 0.03512600544800174168, -0.06084002610288014035, -0.04494750656167739028 ) ) ;
#1554 = CARTESIAN_POINT ( 'NONE',  ( 0.000000000000000000, 0.06084002610288023055, 0.07332677165354466176 ) ) ;
#1555 = ORIENTED_EDGE ( 'NONE', *, *, #1715, .F. ) ;
#1556 = CARTESIAN_POINT ( 'NONE',  ( 0.06889763779527553755, -0.1193342091828948487, 0.06299212598425199539 ) ) ;
#1557 = CARTESIAN_POINT ( 'NONE',  ( 0.04546065111729338803, 0.07874015748031501505, -0.02198162729658612383 ) ) ;
#1558 = DIRECTION ( 'NONE',  ( -0.8660254037844391517, 0.4999999999999990008, 0.000000000000000000 ) ) ;
#1559 = CARTESIAN_POINT ( 'NONE',  ( 0.07874015748031501505, -3.431233423813696741E-17, 0.02854330708661553806 ) ) ;
#1560 = CARTESIAN_POINT ( 'NONE',  ( 0.07025201089600342785, 4.301695013872779355E-18, -0.06791338582676903490 ) ) ;
#1561 = CARTESIAN_POINT ( 'NONE',  ( -0.03512600544800170005, -0.06084002610288017504, 0.005577427821524290688 ) ) ;
#1562 = CARTESIAN_POINT ( 'NONE',  ( -0.05268900817200266457, 0.03042001305144007364, 0.05036089238845298244 ) ) ;
#1563 = VERTEX_POINT ( 'NONE', #1648 ) ;
#1564 = CARTESIAN_POINT ( 'NONE',  ( 0.08023183509510094236, -1.067128122525102820E-17, 0.06299212598425199539 ) ) ;
#1565 = CARTESIAN_POINT ( 'NONE',  ( 0.01189567098692203249, -0.07934507151990208285, -0.06299212598425199539 ) ) ;
#1566 =( GEOMETRIC_REPRESENTATION_CONTEXT ( 3 ) GLOBAL_UNCERTAINTY_ASSIGNED_CONTEXT ( ( #260 ) ) GLOBAL_UNIT_ASSIGNED_CONTEXT ( ( #906, #582, #1885 ) ) REPRESENTATION_CONTEXT ( 'NONE', 'WORKASPACE' ) );
#1567 = CARTESIAN_POINT ( 'NONE',  ( -0.07874015748031501505, -3.431233423813696741E-17, 0.04232283464567054149 ) ) ;
#1568 = ADVANCED_FACE ( 'NONE', ( #180 ), #1491, .F. ) ;
#1569 = CARTESIAN_POINT ( 'NONE',  ( 0.07025201089600342785, 4.301695013872779355E-18, -0.04035433070865904193 ) ) ;
#1570 = CONICAL_SURFACE ( 'NONE', #950, 0.1377952755905514359, 1.047197551196600074 ) ;
#1571 = CARTESIAN_POINT ( 'NONE',  ( 7.450754322693369150E-18, -0.06084002610288023055, 0.03198818897637965841 ) ) ;
#1572 = AXIS2_PLACEMENT_3D ( 'NONE', #1810, #1961, #1995 ) ;
#1573 = CARTESIAN_POINT ( 'NONE',  ( -0.05268900817200266457, 0.03042001305144007364, -0.03231627296587702425 ) ) ;
#1574 = EDGE_LOOP ( 'NONE', ( #1487, #1427, #1212, #1206 ) ) ;
#1575 = CARTESIAN_POINT ( 'NONE',  ( -0.02103989701918491939, -0.07812645005580659552, 0.06299212598425196763 ) ) ;
#1576 = DIRECTION ( 'NONE',  ( -4.292327424963321660E-16, 1.000000000000000000, 0.000000000000000000 ) ) ;
#1577 = ADVANCED_FACE ( 'NONE', ( #233 ), #854, .F. ) ;
#1578 = CARTESIAN_POINT ( 'NONE',  ( 0.000000000000000000, 0.000000000000000000, -0.06299212598425199539 ) ) ;
#1579 = DIRECTION ( 'NONE',  ( 1.000000000000000000, 0.000000000000000000, 0.000000000000000000 ) ) ;
#1580 = CARTESIAN_POINT ( 'NONE',  ( -0.05268900817200266457, 0.03042001305144007364, 0.05036089238845298244 ) ) ;
#1581 = ORIENTED_EDGE ( 'NONE', *, *, #1783, .T. ) ;
#1582 = DIRECTION ( 'NONE',  ( -0.5000000000000005551, 0.8660254037844383745, 0.000000000000000000 ) ) ;
#1583 = EDGE_CURVE ( 'NONE', #1036, #1642, #673, .T. ) ;
#1584 = LINE ( 'NONE', #1591, #330 ) ;
#1585 = CARTESIAN_POINT ( 'NONE',  ( 0.05241105004407806134, 0.03192557672021718862, 0.04360031699203134603 ) ) ;
#1586 = CARTESIAN_POINT ( 'NONE',  ( 0.000000000000000000, 0.06084002610288016116, -0.06102362204724154360 ) ) ;
#1587 = CARTESIAN_POINT ( 'NONE',  ( 0.03512600544800175556, 0.06084002610288023055, 0.04347112860892548419 ) ) ;
#1588 = CARTESIAN_POINT ( 'NONE',  ( 0.02254144026182940477, -0.1460979723074374292, 0.05819856179979918109 ) ) ;
#1589 = ORIENTED_EDGE ( 'NONE', *, *, #201, .T. ) ;
#1590 = CARTESIAN_POINT ( 'NONE',  ( 1.528331810978151281E-16, -0.1591122789105264279, 0.06299212598425199539 ) ) ;
#1591 = CARTESIAN_POINT ( 'NONE',  ( 0.07874015748031502893, 9.642888182262632292E-18, 0.06299212598425199539 ) ) ;
#1592 = CARTESIAN_POINT ( 'NONE',  ( 0.05268900817200264375, -0.03042001305144010487, 0.03658136482939802758 ) ) ;
#1593 = APPROVAL_ROLE ( '' ) ;
#1594 = EDGE_CURVE ( 'NONE', #1608, #1934, #282, .T. ) ;
#1595 = CARTESIAN_POINT ( 'NONE',  ( 0.1265526780129084261, -0.08604705619310577813, -0.05443228090505002753 ) ) ;
#1596 = CC_DESIGN_SECURITY_CLASSIFICATION ( #1083, ( #125 ) ) ;
#1597 = CARTESIAN_POINT ( 'NONE',  ( -0.03512600544800179025, 0.06084002610288021667, -0.007053805774276192438 ) ) ;
#1598 = CARTESIAN_POINT ( 'NONE',  ( -0.06948280738460120565, 0.04011591754755034628, 0.06500164041994907493 ) ) ;
#1599 = ORIENTED_EDGE ( 'NONE', *, *, #421, .F. ) ;
#1600 = AXIS2_PLACEMENT_3D ( 'NONE', #1205, #871, #41 ) ;
#1601 = CARTESIAN_POINT ( 'NONE',  ( -0.1377952755905513804, -0.07955613945526304742, -0.05068474837914815900 ) ) ;
#1602 = CARTESIAN_POINT ( 'NONE',  ( -0.1377952755905514359, 0.07955613945526342212, 0.05068474837914801329 ) ) ;
#1603 = CARTESIAN_POINT ( 'NONE',  ( 0.000000000000000000, 0.000000000000000000, -0.06299212598425199539 ) ) ;
#1604 = ORIENTED_EDGE ( 'NONE', *, *, #495, .T. ) ;
#1605 = CARTESIAN_POINT ( 'NONE',  ( 0.06889763779527580123, -0.1193342091828952928, -0.06299212598425199539 ) ) ;
#1606 = CARTESIAN_POINT ( 'NONE',  ( 0.03512600544800175556, 0.06084002610288023055, -0.03920603674540451555 ) ) ;
#1607 = CARTESIAN_POINT ( 'NONE',  ( 0.06948280738460116401, 0.04011591754755040873, 0.08337434383202242671 ) ) ;
#1608 = VERTEX_POINT ( 'NONE', #617 ) ;
#1609 = CARTESIAN_POINT ( 'NONE',  ( 0.07531790798365117778, -9.221268264828121395E-13, 0.05807819887280225163 ) ) ;
#1610 = CARTESIAN_POINT ( 'NONE',  ( 0.07874015748031501505, -1.601242264446392059E-16, -0.002460629921257471119 ) ) ;
#1611 = CARTESIAN_POINT ( 'NONE',  ( -0.05268900817200262293, -0.03042001305144014303, 0.02739501312336135863 ) ) ;
#1612 = DIRECTION ( 'NONE',  ( 1.000000000000000000, 0.000000000000000000, 0.000000000000000000 ) ) ;
#1613 = CARTESIAN_POINT ( 'NONE',  ( -0.04546065111729346436, 0.07874015748031502893, 0.006725721784779210843 ) ) ;
#1614 = CARTESIAN_POINT ( 'NONE',  ( -0.05268900817200262293, -0.03042001305144014303, -0.05528215223096869663 ) ) ;
#1615 = CARTESIAN_POINT ( 'NONE',  ( -0.07874015748057636155, 0.02109836160829824114, 0.03764721499542380417 ) ) ;
#1616 = VERTEX_POINT ( 'NONE', #778 ) ;
#1617 = CARTESIAN_POINT ( 'NONE',  ( 0.000000000000000000, 0.07874015748031502893, 0.05954724409449004691 ) ) ;
#1618 = CARTESIAN_POINT ( 'NONE',  ( 0.000000000000000000, 0.06084002610288023055, -0.03690944881889531015 ) ) ;
#1619 = PERSON_AND_ORGANIZATION ( #463, #1931 ) ;
#1620 = CARTESIAN_POINT ( 'NONE',  ( -0.06819097667594015144, 0.03937007874015746589, 0.009022309711288383285 ) ) ;
#1621 = ORIENTED_EDGE ( 'NONE', *, *, #219, .F. ) ;
#1622 = ADVANCED_FACE ( 'NONE', ( #1265 ), #2014, .F. ) ;
#1623 = CARTESIAN_POINT ( 'NONE',  ( 0.000000000000000000, 0.06084002610288023055, -0.06446850393700534476 ) ) ;
#1624 = CARTESIAN_POINT ( 'NONE',  ( -0.07874015748031502893, -9.733219729105870755E-13, 0.03887795275596431926 ) ) ;
#1625 = CARTESIAN_POINT ( 'NONE',  ( -0.1265526780129109796, 0.08604705619310484832, -0.05443228090504909078 ) ) ;
#1626 = CIRCLE ( 'NONE', #1539, 0.1377952755905514359 ) ;
#1627 = CARTESIAN_POINT ( 'NONE',  ( -0.07874015748031507056, -1.381643325322315645E-15, -0.01624015748031237827 ) ) ;
#1628 = ORIENTED_EDGE ( 'NONE', *, *, #588, .F. ) ;
#1629 = CIRCLE ( 'NONE', #1705, 0.1377952755905514359 ) ;
#1630 = CARTESIAN_POINT ( 'NONE',  ( -0.04632187158973407465, -0.08023183509510081746, 0.01849573490813816862 ) ) ;
#1631 = CARTESIAN_POINT ( 'NONE',  ( 0.06816546976453426165, 0.03168785308519993238, -0.05778465040139917769 ) ) ;
#1632 = LOCAL_TIME ( 21, 59, 47.00000000000000000, #2083 ) ;
#1633 = CARTESIAN_POINT ( 'NONE',  ( -0.03481230152392345012, -0.07228589783169940552, -0.09139730128533424258 ) ) ;
#1634 = CARTESIAN_POINT ( 'NONE',  ( -0.1377952755905513804, -0.05335750285028661305, 0.05755356636258798092 ) ) ;
#1635 = EDGE_LOOP ( 'NONE', ( #1806, #479, #1925, #858, #2104, #101, #103, #2002, #1224, #679, #1097, #1438, #514, #352, #2122, #554 ) ) ;
#1636 = CARTESIAN_POINT ( 'NONE',  ( 0.1377952755905509086, 0.06668651969510323851, 0.05439988759559659381 ) ) ;
#1637 = B_SPLINE_CURVE_WITH_KNOTS ( 'NONE', 3,
 ( #1780, #783, #974, #803, #129, #828 ),
 .UNSPECIFIED., .F., .F.,
 ( 4, 2, 4 ),
 ( 0.01298168697682234099, 0.01400405614601538118, 0.01502642531520841963 ),
 .UNSPECIFIED. ) ;
#1638 = CARTESIAN_POINT ( 'NONE',  ( 0.04546065111729370722, 0.07874015748031555628, 0.02969160104987117813 ) ) ;
#1639 = DIRECTION ( 'NONE',  ( 1.000000000000000000, 0.000000000000000000, 0.000000000000000000 ) ) ;
#1640 = DIRECTION ( 'NONE',  ( 1.000000000000000000, 0.000000000000000000, 0.000000000000000000 ) ) ;
#1641 = CARTESIAN_POINT ( 'NONE',  ( 0.07874015748058463271, 0.02109836160842016792, -0.02878894727883773985 ) ) ;
#1642 = VERTEX_POINT ( 'NONE', #768 ) ;
#1643 = CARTESIAN_POINT ( 'NONE',  ( -0.1377952755905514359, -5.914624404477027276E-17, -0.06299212598425199539 ) ) ;
#1644 = ORIENTED_EDGE ( 'NONE', *, *, #876, .T. ) ;
#1645 = ADVANCED_FACE ( 'NONE', ( #65 ), #1099, .F. ) ;
#1646 = CARTESIAN_POINT ( 'NONE',  ( -0.04632187158973407465, -0.08023183509510081746, 0.04605479002624816853 ) ) ;
#1647 = CARTESIAN_POINT ( 'NONE',  ( -0.06962770741772568439, -0.04020635941967630467, 0.06299212598425364684 ) ) ;
#1648 = CARTESIAN_POINT ( 'NONE',  ( -0.06889763779527534326, -0.1193342091828949458, 0.06299212598425199539 ) ) ;
#1649 = CARTESIAN_POINT ( 'NONE',  ( -0.05159883091362146151, -0.04113602741048492245, -0.04843666745763677145 ) ) ;
#1650 = VERTEX_POINT ( 'NONE', #440 ) ;
#1651 =( BOUNDED_CURVE ( )  B_SPLINE_CURVE ( 2, ( #883, #1162, #1805, #181, #1040 ),
 .UNSPECIFIED., .F., .T. ) 
 B_SPLINE_CURVE_WITH_KNOTS ( ( 3, 2, 3 ),
 ( 0.8869497596617543778, 0.9008386485506432173, 0.9193046622008758106 ),
 .UNSPECIFIED. ) 
 CURVE ( )  GEOMETRIC_REPRESENTATION_ITEM ( )  RATIONAL_B_SPLINE_CURVE ( ( 0.9330127018922194093, 0.9330127018922196314, 1.000000000000000000, 0.9109368379899657198, 0.9402878686894635685 ) ) 
 REPRESENTATION_ITEM ( '' )  );
#1652 = CARTESIAN_POINT ( 'NONE',  ( 0.000000000000000000, 0.000000000000000000, 0.06299212598425199539 ) ) ;
#1653 = CARTESIAN_POINT ( 'NONE',  ( -0.06948280738460120565, 0.04011591754755034628, 0.03744258530183907502 ) ) ;
#1654 = CARTESIAN_POINT ( 'NONE',  ( 0.05690570023921120296, -0.04664974077907403649, 0.05619594214243828906 ) ) ;
#1655 = CARTESIAN_POINT ( 'NONE',  ( 0.04546065111729342967, -0.07874015748031500117, 0.05150918635170720350 ) ) ;
#1656 = EDGE_CURVE ( 'NONE', #1563, #1608, #571, .T. ) ;
#1657 = CARTESIAN_POINT ( 'NONE',  ( -0.05268900817200266457, 0.03042001305144007364, -0.05987532808398702416 ) ) ;
#1658 = CARTESIAN_POINT ( 'NONE',  ( 0.1377952755905509086, 0.07955613945526379682, -0.05068474837914817982 ) ) ;
#1659 = CARTESIAN_POINT ( 'NONE',  ( 0.04632187158973414404, -0.08023183509510078970, -0.08714730971128351045 ) ) ;
#1660 = DIRECTION ( 'NONE',  ( 1.000000000000000000, 0.000000000000000000, -0.000000000000000000 ) ) ;
#1661 = CARTESIAN_POINT ( 'NONE',  ( -0.09237394300347906428, -0.1057801580513607065, -0.06299212598425238396 ) ) ;
#1662 = CARTESIAN_POINT ( 'NONE',  ( 0.000000000000000000, 0.08023183509510080358, -0.02226870078739925929 ) ) ;
#1663 =( BOUNDED_CURVE ( )  B_SPLINE_CURVE ( 2, ( #1445, #123, #1455, #1088, #2102, #1295, #457, #638, #112 ),
 .UNSPECIFIED., .F., .F. ) 
 B_SPLINE_CURVE_WITH_KNOTS ( ( 3, 2, 2, 2, 3 ),
 ( 0.2202830929950876371, 0.2341719818839765876, 0.2619497596617543778, 0.2897275374395321679, 0.3036164263284210074 ),
 .UNSPECIFIED. ) 
 CURVE ( )  GEOMETRIC_REPRESENTATION_ITEM ( )  RATIONAL_B_SPLINE_CURVE ( ( 0.9330127018922194093, 0.9330127018922191873, 1.000000000000000000, 0.8660254037844388186, 1.000000000000000000, 0.8660254037844388186, 1.000000000000000000, 0.9330127018922194093, 0.9330127018922194093 ) ) 
 REPRESENTATION_ITEM ( '' )  );
#1664 = CARTESIAN_POINT ( 'NONE',  ( 0.05268900817200258130, 0.03042001305144009099, 0.07217847769029013538 ) ) ;
#1665 = CARTESIAN_POINT ( 'NONE',  ( 0.06819097667599956225, 0.03937007874019184117, -0.02772309711281866623 ) ) ;
#1666 = CARTESIAN_POINT ( 'NONE',  ( -0.06948280738460115014, -0.04011591754755043648, 0.04375820209973900476 ) ) ;
#1667 = CARTESIAN_POINT ( 'NONE',  ( -0.06772012281622510899, 0.004685967266754177858, -0.05048041370542525469 ) ) ;
#1668 = CONICAL_SURFACE ( 'NONE', #1935, 0.1377952755905514359, 1.047197551196600074 ) ;
#1669 = CARTESIAN_POINT ( 'NONE',  ( -0.07025201089600351112, -1.290508504161835270E-17, 0.02854330708661599603 ) ) ;
#1670 = FACE_BOUND ( 'NONE', #1117, .T. ) ;
#1671 = ORIENTED_EDGE ( 'NONE', *, *, #1722, .F. ) ;
#1672 = B_SPLINE_CURVE_WITH_KNOTS ( 'NONE', 3,
 ( #43, #2003, #34, #692, #873, #702, #55, #1041, #1807, #348, #1359, #515, #1693, #1969, #503, #1164 ),
 .UNSPECIFIED., .F., .F.,
 ( 4, 2, 2, 2, 2, 2, 2, 4 ),
 ( 0.008730503863204470277, 0.009146644382592442751, 0.009562784901980415225, 0.01039506594075636191, 0.01081120646014433438, 0.01122734697953230686, 0.01164348749892028106, 0.01205962801830825354 ),
 .UNSPECIFIED. ) ;
#1673 = CARTESIAN_POINT ( 'NONE',  ( 0.07980118012808866401, -0.009560626547681139176, -0.06299212598425202314 ) ) ;
#1674 = EDGE_CURVE ( 'NONE', #1417, #1179, #1945, .T. ) ;
#1675 = CARTESIAN_POINT ( 'NONE',  ( -0.04632187158973415098, 0.08023183509510077582, -0.04753116797900009544 ) ) ;
#1676 = CARTESIAN_POINT ( 'NONE',  ( 0.02624307440636065511, -0.06717515652089997569, 0.05472729707642533942 ) ) ;
#1677 = CARTESIAN_POINT ( 'NONE',  ( 0.03557996562329080598, 0.07210204556788386843, -0.06299212598425200926 ) ) ;
#1678 = ORIENTED_EDGE ( 'NONE', *, *, #1349, .T. ) ;
#1679 = CARTESIAN_POINT ( 'NONE',  ( 0.04632187158973414404, -0.08023183509510078970, -0.004470144356953496823 ) ) ;
#1680 = CARTESIAN_POINT ( 'NONE',  ( 0.06819097667594151146, -0.03937007874015829856, -0.03231627296587569892 ) ) ;
#1681 = CARTESIAN_POINT ( 'NONE',  ( 0.05268900817200262987, 0.03042001305144011875, -0.01049868766403984875 ) ) ;
#1682 = CARTESIAN_POINT ( 'NONE',  ( 0.03540354447043953662, -0.05061833282590797595, -0.04420225435875670128 ) ) ;
#1683 = CARTESIAN_POINT ( 'NONE',  ( 0.1377952755905509086, 0.07955613945526379682, 0.05068474837914817982 ) ) ;
#1684 = CARTESIAN_POINT ( 'NONE',  ( 0.04632187158973410240, 0.08023183509510080358, -0.05212434383201843685 ) ) ;
#1685 = FACE_OUTER_BOUND ( 'NONE', #1533, .T. ) ;
#1686 = CARTESIAN_POINT ( 'NONE',  ( 0.05268900817200264375, -0.03042001305144010487, 0.06414041994750799280 ) ) ;
#1687 = VERTEX_POINT ( 'NONE', #1367 ) ;
#1688 = CARTESIAN_POINT ( 'NONE',  ( 0.06082105851331449931, 0.001755493377965272042, -0.04360031699203142236 ) ) ;
#1689 = CARTESIAN_POINT ( 'NONE',  ( -0.03552677462522116358, -0.07212706616104258561, 0.06299212598425196763 ) ) ;
#1690 = CARTESIAN_POINT ( 'NONE',  ( 0.06819097667594010981, -0.03937007874015750059, -0.001312335958003631045 ) ) ;
#1691 = DIRECTION ( 'NONE',  ( 1.000000000000000000, 0.000000000000000000, 0.000000000000000000 ) ) ;
#1692 = ORIENTED_EDGE ( 'NONE', *, *, #1297, .T. ) ;
#1693 = CARTESIAN_POINT ( 'NONE',  ( 0.008516152890734528594, 0.06151827758702232973, 0.04462017961520355763 ) ) ;
#1694 = CARTESIAN_POINT ( 'NONE',  ( 0.09264374317946821868, 5.672793177288260023E-18, -0.05671751968503676439 ) ) ;
#1695 = ADVANCED_FACE ( 'NONE', ( #222 ), #716, .F. ) ;
#1696 = CARTESIAN_POINT ( 'NONE',  ( -0.05334955396219100143, -0.04389456218392910614, 0.05122479589558369406 ) ) ;
#1697 = CARTESIAN_POINT ( 'NONE',  ( 0.1377952755905514359, 0.000000000000000000, -0.06299212598425199539 ) ) ;
#1698 = ORIENTED_EDGE ( 'NONE', *, *, #1813, .T. ) ;
#1699 = CARTESIAN_POINT ( 'NONE',  ( 0.06084002610288022361, 1.383930814271524512E-16, -0.04360031699203134603 ) ) ;
#1700 = CARTESIAN_POINT ( 'NONE',  ( 0.07874015748031501505, 1.143744474604565734E-17, 0.0009842519685055390113 ) ) ;
#1701 = CARTESIAN_POINT ( 'NONE',  ( -0.06889763779527559306, -0.1193342091828954177, -0.06299212598425199539 ) ) ;
#1702 = CARTESIAN_POINT ( 'NONE',  ( 0.1377952755905514359, 0.000000000000000000, -0.06299212598425199539 ) ) ;
#1703 = VECTOR ( 'NONE', #721, 39.37007874015748143 ) ;
#1704 = ORIENTED_EDGE ( 'NONE', *, *, #45, .T. ) ;
#1705 = AXIS2_PLACEMENT_3D ( 'NONE', #674, #186, #1475 ) ;
#1706 = CARTESIAN_POINT ( 'NONE',  ( -0.04542133258707227450, 0.1328882603144294072, -0.06299212598425209253 ) ) ;
#1707 = CARTESIAN_POINT ( 'NONE',  ( -0.07025201089600342785, -1.290508504161833884E-17, 0.0009842519685059629344 ) ) ;
#1708 = CARTESIAN_POINT ( 'NONE',  ( -0.03512600544800179025, 0.06084002610288021667, 0.04806430446194381173 ) ) ;
#1709 = CARTESIAN_POINT ( 'NONE',  ( 0.000000000000000000, 0.06084002610288023055, 0.01820866141732465499 ) ) ;
#1710 = ORIENTED_EDGE ( 'NONE', *, *, #110, .F. ) ;
#1711 = DIRECTION ( 'NONE',  ( -0.000000000000000000, -0.000000000000000000, -1.000000000000000000 ) ) ;
#1712 = DIRECTION ( 'NONE',  ( 1.000000000000000000, 0.000000000000000000, 0.000000000000000000 ) ) ;
#1713 = CARTESIAN_POINT ( 'NONE',  ( 0.1152538353287216183, 0.09257044605835278162, -0.05819856179979897293 ) ) ;
#1715 = EDGE_CURVE ( 'NONE', #133, #147, #1904, .T. ) ;
#1714 = CARTESIAN_POINT ( 'NONE',  ( 0.1377952755905508531, -0.06659597110413438548, 0.05442602672228223637 ) ) ;
#1716 = EDGE_LOOP ( 'NONE', ( #1262, #93, #1412, #191 ) ) ;
#1717 = CARTESIAN_POINT ( 'NONE',  ( 0.03512600544800170699, 0.06084002610288016810, -0.06332020997375070737 ) ) ;
#1718 = CARTESIAN_POINT ( 'NONE',  ( -0.07025201089600342785, -1.290508504161833884E-17, 0.0009842519685059629344 ) ) ;
#1719 = CARTESIAN_POINT ( 'NONE',  ( 0.05268900817200263681, 0.03042001305144012568, 0.06873359580052632034 ) ) ;
#1720 = ORIENTED_EDGE ( 'NONE', *, *, #2036, .T. ) ;
#1721 = CARTESIAN_POINT ( 'NONE',  ( -0.07874015748031505668, 0.02109836160874980007, -0.01402601335105985690 ) ) ;
#1722 = EDGE_CURVE ( 'NONE', #1884, #1763, #1467, .T. ) ;
#1723 = FACE_OUTER_BOUND ( 'NONE', #1311, .T. ) ;
#1724 = ORIENTED_EDGE ( 'NONE', *, *, #1822, .T. ) ;
#1725 = CARTESIAN_POINT ( 'NONE',  ( -0.01408896316802964351, 0.07530205954205064500, 0.05869339411501564574 ) ) ;
#1726 = CARTESIAN_POINT ( 'NONE',  ( 0.03512600544800174168, -0.06084002610288014035, 0.03772965879265263028 ) ) ;
#1727 = CARTESIAN_POINT ( 'NONE',  ( 0.05268900817200258824, -0.03042001305144007017, -0.01509186351705821098 ) ) ;
#1728 = CARTESIAN_POINT ( 'NONE',  ( -0.05268900817200266457, 0.03042001305144007364, -0.004757217847767019996 ) ) ;
#1729 = ORIENTED_EDGE ( 'NONE', *, *, #2103, .F. ) ;
#1730 = CARTESIAN_POINT ( 'NONE',  ( 0.06889763779527552368, 0.1193342091828952928, 0.06299212598425199539 ) ) ;
#1731 =( BOUNDED_SURFACE ( )  B_SPLINE_SURFACE ( 1, 2, ( 
 ( #1554, #92, #1719, #418, #1686, #1362, #1035, #750, #1223, #396, #1562, #565, #217, #2039, #1077, #878, #574, #249, #2006, #728, #1055, #1532, #1066, #1383, #1709, #2049, #542, #385, #2030, #81, #739, #1391, #1234, #1877, #1728, #919, #47, #704, #59, #717, #1374, #2021, #553, #1211, #594, #2059, #1573, #272, #1896, #1250, #1738, #100, #759, #1411, #428, #1085, #355, #1977, #1657, #510, #662, #697, #1189, #334, #187, #1802, #1013, #1003, #343 ),
 ( #859, #1987, #1354, #1998, #1180, #994, #844, #1646, #1666, #1306, #1821, #496, #1500, #29, #1951, #984, #686, #1342, #17, #1630, #1169, #1477, #1832, #367, #1811, #197, #1024, #1319, #1155, #1679, #1964, #1787, #521, #167, #1512, #178, #38, #2117, #835, #1488, #208, #531, #1464, #651, #480, #1141, #675, #1330, #321, #825, #7, #1098, #357, #2119, #1159, #1823, #653, #523, #860, #31, #199, #1789, #1333, #1356, #1015, #1659, #837, #1026, #1633 ) ),
 .UNSPECIFIED., .F., .F., .T. ) 
 B_SPLINE_SURFACE_WITH_KNOTS ( ( 2, 2 ),
 ( 3, 2, 2, 2, 2, 2, 2, 2, 2, 2, 2, 2, 2, 2, 2, 2, 2, 2, 2, 2, 2, 2, 2, 2, 2, 2, 2, 2, 2, 2, 2, 2, 2, 2, 3 ),
 ( 0.000000000000000000, 1.000000000000000000 ),
 ( 0.000000000000000000, 0.02777777777777777624, 0.05555555555555555247, 0.08333333333333332871, 0.1111111111111111049, 0.1388888888888888951, 0.1666666666666666574, 0.1944444444444444475, 0.2222222222222222099, 0.2500000000000000000, 0.2777777777777777901, 0.3055555555555555802, 0.3333333333333333148, 0.3611111111111111049, 0.3888888888888888951, 0.4166666666666666852, 0.4444444444444444198, 0.4722222222222222099, 0.5000000000000000000, 0.5277777777777777901, 0.5555555555555555802, 0.5833333333333333703, 0.6111111111111111605, 0.6388888888888888395, 0.6666666666666666297, 0.6944444444444444198, 0.7222222222222222099, 0.7500000000000000000, 0.7777777777777777901, 0.8055555555555555802, 0.8333333333333333703, 0.8611111111111111605, 0.8888888888888888395, 0.9166666666666666297, 0.9286164263284210074 ),
 .UNSPECIFIED. ) 
 GEOMETRIC_REPRESENTATION_ITEM ( )  RATIONAL_B_SPLINE_SURFACE ( (
 ( 1.000000000000000000, 0.8660254037844387076, 1.000000000000000000, 0.8660254037844387076, 1.000000000000000000, 0.8660254037844387076, 1.000000000000000000, 0.8660254037844387076, 1.000000000000000000, 0.8660254037844387076, 1.000000000000000000, 0.8660254037844387076, 1.000000000000000000, 0.8660254037844387076, 1.000000000000000000, 0.8660254037844387076, 1.000000000000000000, 0.8660254037844387076, 1.000000000000000000, 0.8660254037844387076, 1.000000000000000000, 0.8660254037844387076, 1.000000000000000000, 0.8660254037844387076, 1.000000000000000000, 0.8660254037844387076, 1.000000000000000000, 0.8660254037844387076, 1.000000000000000000, 0.8660254037844387076, 1.000000000000000000, 0.8660254037844387076, 1.000000000000000000, 0.8660254037844387076, 1.000000000000000000, 0.8660254037844387076, 1.000000000000000000, 0.8660254037844387076, 1.000000000000000000, 0.8660254037844387076, 1.000000000000000000, 0.8660254037844387076, 1.000000000000000000, 0.8660254037844387076, 1.000000000000000000, 0.8660254037844387076, 1.000000000000000000, 0.8660254037844387076, 1.000000000000000000, 0.8660254037844387076, 1.000000000000000000, 0.8660254037844387076, 1.000000000000000000, 0.8660254037844387076, 1.000000000000000000, 0.8660254037844387076, 1.000000000000000000, 0.8660254037844387076, 1.000000000000000000, 0.8660254037844387076, 1.000000000000000000, 0.8660254037844387076, 1.000000000000000000, 0.8660254037844387076, 1.000000000000000000, 0.8660254037844387076, 1.000000000000000000, 0.9423652878799644306, 0.9343184847365644252),
 ( 1.000000000000000000, 0.8660254037844387076, 1.000000000000000000, 0.8660254037844387076, 1.000000000000000000, 0.8660254037844387076, 1.000000000000000000, 0.8660254037844387076, 1.000000000000000000, 0.8660254037844387076, 1.000000000000000000, 0.8660254037844387076, 1.000000000000000000, 0.8660254037844387076, 1.000000000000000000, 0.8660254037844387076, 1.000000000000000000, 0.8660254037844387076, 1.000000000000000000, 0.8660254037844387076, 1.000000000000000000, 0.8660254037844387076, 1.000000000000000000, 0.8660254037844387076, 1.000000000000000000, 0.8660254037844387076, 1.000000000000000000, 0.8660254037844387076, 1.000000000000000000, 0.8660254037844387076, 1.000000000000000000, 0.8660254037844387076, 1.000000000000000000, 0.8660254037844387076, 1.000000000000000000, 0.8660254037844387076, 1.000000000000000000, 0.8660254037844387076, 1.000000000000000000, 0.8660254037844387076, 1.000000000000000000, 0.8660254037844387076, 1.000000000000000000, 0.8660254037844387076, 1.000000000000000000, 0.8660254037844387076, 1.000000000000000000, 0.8660254037844387076, 1.000000000000000000, 0.8660254037844387076, 1.000000000000000000, 0.8660254037844387076, 1.000000000000000000, 0.8660254037844387076, 1.000000000000000000, 0.8660254037844387076, 1.000000000000000000, 0.8660254037844387076, 1.000000000000000000, 0.8660254037844387076, 1.000000000000000000, 0.8660254037844387076, 1.000000000000000000, 0.8660254037844387076, 1.000000000000000000, 0.8660254037844387076, 1.000000000000000000, 0.9423652878799644306, 0.9343184847365644252) ) ) 
 REPRESENTATION_ITEM ( '' )  SURFACE ( )  );
#1732 = APPROVAL_PERSON_ORGANIZATION ( #1921, #1338, #461 ) ;
#1733 = CARTESIAN_POINT ( 'NONE',  ( 0.04467019259119058699, 0.04939056906204659231, 0.04916533536302626628 ) ) ;
#1734 = CARTESIAN_POINT ( 'NONE',  ( -0.03512600544800175556, 0.06084002610288014035, -0.03116797900262238685 ) ) ;
#1735 = EDGE_CURVE ( 'NONE', #1456, #1201, #2096, .T. ) ;
#1736 = CARTESIAN_POINT ( 'NONE',  ( 7.450754322693361446E-18, -0.06084002610288016116, -0.01968503937007654025 ) ) ;
#1737 = AXIS2_PLACEMENT_3D ( 'NONE', #240, #1544, #70 ) ;
#1738 = CARTESIAN_POINT ( 'NONE',  ( 0.05268900817200263681, 0.03042001305144012568, -0.04150262467191369320 ) ) ;
#1739 = ORIENTED_EDGE ( 'NONE', *, *, #1848, .F. ) ;
#1740 = CARTESIAN_POINT ( 'NONE',  ( 9.642888182262697003E-18, -0.07874015748031555628, 0.04576771653543535573 ) ) ;
#1741 = CARTESIAN_POINT ( 'NONE',  ( -0.08023183509510094236, -8.457152213576634901E-19, 0.06299212598425199539 ) ) ;
#1742 = CARTESIAN_POINT ( 'NONE',  ( 0.006333616161165784957, 0.07320410977258080820, 0.05606521427915455574 ) ) ;
#1743 = CARTESIAN_POINT ( 'NONE',  ( 7.450754322693361446E-18, -0.06084002610288016116, 0.03543307086614346652 ) ) ;
#1744 = CARTESIAN_POINT ( 'NONE',  ( 0.03512600544800177638, -0.06084002610288021667, 0.06184383202099881516 ) ) ;
#1745 = CARTESIAN_POINT ( 'NONE',  ( 1.521190891121690354E-16, -0.1591122789105264279, 0.05068474837914835329 ) ) ;
#1746 = ORIENTED_EDGE ( 'NONE', *, *, #2097, .F. ) ;
#1747 = CARTESIAN_POINT ( 'NONE',  ( 0.04546065111729753055, 0.07874015748032220374, -0.05298556430445498788 ) ) ;
#1748 = CARTESIAN_POINT ( 'NONE',  ( -0.06751802367988161968, 7.069987845099647573E-13, -0.05027831456903272128 ) ) ;
#1749 = CARTESIAN_POINT ( 'NONE',  ( 0.07025201089600351112, 4.301695013872784748E-18, 0.03887795275590719829 ) ) ;
#1750 = APPROVAL_DATE_TIME ( #641, #255 ) ;
#1751 = FACE_OUTER_BOUND ( 'NONE', #1398, .T. ) ;
#1752 = CARTESIAN_POINT ( 'NONE',  ( 0.07025201089600351112, 4.301695013872783977E-18, 0.01131889763779715154 ) ) ;
#1753 = CARTESIAN_POINT ( 'NONE',  ( -0.06889763779527581511, 0.1193342091828952234, 0.06299212598425199539 ) ) ;
#1754 = ORIENTED_EDGE ( 'NONE', *, *, #909, .F. ) ;
#1755 = ORIENTED_EDGE ( 'NONE', *, *, #1583, .F. ) ;
#1756 = CARTESIAN_POINT ( 'NONE',  ( 0.005300913946309862915, 0.08023183509510080358, 0.06299212598425198151 ) ) ;
#1757 = CARTESIAN_POINT ( 'NONE',  ( 0.04546065111733302300, -0.07874015748038359908, -0.007053805774236206194 ) ) ;
#1758 = CARTESIAN_POINT ( 'NONE',  ( 0.05268900817200263681, 0.03042001305144012568, -0.04150262467191365157 ) ) ;
#1759 = SECURITY_CLASSIFICATION_LEVEL ( 'unclassified' ) ;
#1760 = CARTESIAN_POINT ( 'NONE',  ( -0.1377952755905514637, 0.05365667660910974912, 0.05749060914197574867 ) ) ;
#1761 = LOCAL_TIME ( 21, 59, 47.00000000000000000, #294 ) ;
#1762 = CARTESIAN_POINT ( 'NONE',  ( -0.07025201089600351112, -1.290508504161835270E-17, -0.002460629921257846686 ) ) ;
#1763 = VERTEX_POINT ( 'NONE', #1701 ) ;
#1764 = AXIS2_PLACEMENT_3D ( 'NONE', #2061, #1070, #400 ) ;
#1765 = CARTESIAN_POINT ( 'NONE',  ( 0.07531606234140665601, 0.007825241292622879194, 0.05837982738395602195 ) ) ;
#1766 = CIRCLE ( 'NONE', #1572, 0.1377952755905514359 ) ;
#1767 = CARTESIAN_POINT ( 'NONE',  ( 0.06084002610288025137, -0.007595387886194673518, -0.04360031699203134603 ) ) ;
#1768 = APPROVAL ( #1309, 'UNSPECIFIED' ) ;
#1769 = DIRECTION ( 'NONE',  ( 0.7071067811865486830, 8.659560562354947649E-17, -0.7071067811865462405 ) ) ;
#1770 = DATE_TIME_ROLE ( 'creation_date' ) ;
#1771 = CARTESIAN_POINT ( 'NONE',  ( -0.1377952755905514082, -5.914624404477027276E-17, 0.06299212598425199539 ) ) ;
#1772 = CARTESIAN_POINT ( 'NONE',  ( 0.000000000000000000, 0.06084002610288023055, 0.01820866141732465499 ) ) ;
#1773 = DIRECTION ( 'NONE',  ( -0.000000000000000000, -0.000000000000000000, -1.000000000000000000 ) ) ;
#1774 = EDGE_LOOP ( 'NONE', ( #1363, #2007, #1067, #1878, #212, #998 ) ) ;
#1775 = CARTESIAN_POINT ( 'NONE',  ( 0.000000000000000000, 0.08023183509510092848, 0.06299212598425199539 ) ) ;
#1776 = EDGE_LOOP ( 'NONE', ( #937, #1831, #6, #347 ) ) ;
#1777 = CARTESIAN_POINT ( 'NONE',  ( -0.05268900817200262293, -0.03042001305144014303, -0.0001640419947486425854 ) ) ;
#1778 = EDGE_CURVE ( 'NONE', #896, #1642, #464, .T. ) ;
#1779 = PERSON_AND_ORGANIZATION ( #463, #1931 ) ;
#1780 = CARTESIAN_POINT ( 'NONE',  ( -0.1377952755905514359, -5.914624404477027276E-17, -0.06299212598425199539 ) ) ;
#1781 = CARTESIAN_POINT ( 'NONE',  ( -0.03512600544800173474, -0.06084002610288025137, -0.05298556430445951898 ) ) ;
#1782 = LINE ( 'NONE', #2088, #195 ) ;
#1783 = EDGE_CURVE ( 'NONE', #890, #1061, #753, .T. ) ;
#1784 = CARTESIAN_POINT ( 'NONE',  ( 0.04895406386575399532, 0.06378321949877691077, 0.06299212598425198151 ) ) ;
#1785 = CARTESIAN_POINT ( 'NONE',  ( -0.07874015748031501505, -3.431233423813696741E-17, -0.01279527559054946008 ) ) ;
#1786 = B_SPLINE_CURVE_WITH_KNOTS ( 'NONE', 3,
 ( #1419, #1094, #117, #1125, #1944, #1279 ),
 .UNSPECIFIED., .F., .F.,
 ( 4, 2, 4 ),
 ( 0.003792108599009411714, 0.004815123802511513118, 0.005838139006013614088 ),
 .UNSPECIFIED. ) ;
#1787 = CARTESIAN_POINT ( 'NONE',  ( -0.04632187158973407465, -0.08023183509510081746, -0.009063320209971833033 ) ) ;
#1788 = CARTESIAN_POINT ( 'NONE',  ( -0.03512600544800173474, -0.06084002610288025137, 0.02969160104987051893 ) ) ;
#1789 = CARTESIAN_POINT ( 'NONE',  ( 0.04632187158973410240, 0.08023183509510080358, -0.07796095800524682762 ) ) ;
#1790 = CARTESIAN_POINT ( 'NONE',  ( 0.08059192902832905403, -0.1125825069915095400, -0.06299212598425237009 ) ) ;
#1791 =( BOUNDED_CURVE ( )  B_SPLINE_CURVE ( 2, ( #1462, #648, #301, #1327, #1617, #1972, #1118 ),
 .UNSPECIFIED., .F., .T. ) 
 B_SPLINE_CURVE_WITH_KNOTS ( ( 3, 2, 2, 3 ),
 ( 0.05261461580306014962, 0.05365890342199323981, 0.05574747865985957979, 0.05664588071608860076 ),
 .UNSPECIFIED. ) 
 CURVE ( )  GEOMETRIC_REPRESENTATION_ITEM ( )  RATIONAL_B_SPLINE_CURVE ( ( 0.9330127018922194093, 0.9330127018922246274, 1.000000000000000000, 0.8660254037844385966, 1.000000000000000000, 0.9423707365000291158, 0.9343200066230364920 ) ) 
 REPRESENTATION_ITEM ( '' )  );
#1792 = CARTESIAN_POINT ( 'NONE',  ( 0.03512600544800177638, -0.06084002610288021667, 0.006725721784778817061 ) ) ;
#1793 = CARTESIAN_POINT ( 'NONE',  ( 0.04546065111729342967, -0.07874015748031500117, -0.03116797900262280319 ) ) ;
#1794 = LOCAL_TIME ( 21, 59, 47.00000000000000000, #802 ) ;
#1795 = ADVANCED_FACE ( 'NONE', ( #1484 ), #1315, .F. ) ;
#1796 = CARTESIAN_POINT ( 'NONE',  ( -0.06819097667594013756, 0.03937007874015745895, 0.01246719160105137086 ) ) ;
#1797 = DIRECTION ( 'NONE',  ( 0.000000000000000000, 0.000000000000000000, -1.000000000000000000 ) ) ;
#1798 = CIRCLE ( 'NONE', #1973, 0.07874015748031502893 ) ;
#1799 = CARTESIAN_POINT ( 'NONE',  ( -0.07874015748031501505, -3.431233423813696741E-17, 0.04232283464567054149 ) ) ;
#1800 = VERTEX_POINT ( 'NONE', #808 ) ;
#1801 = AXIS2_PLACEMENT_3D ( 'NONE', #1652, #182, #1983 ) ;
#1802 = CARTESIAN_POINT ( 'NONE',  ( 0.03512600544800177638, -0.06084002610288021667, -0.07595144356955119136 ) ) ;
#1803 = CARTESIAN_POINT ( 'NONE',  ( -0.06819097667594148371, -0.03937007874015835407, -0.04150262467191237481 ) ) ;
#1804 = CARTESIAN_POINT ( 'NONE',  ( 0.05268900817200263681, -0.03042001305144009793, 0.01246719160105182536 ) ) ;
#1805 = CARTESIAN_POINT ( 'NONE',  ( 0.06819097667594010981, 0.03937007874015752834, 0.05839895013123471562 ) ) ;
#1806 = ORIENTED_EDGE ( 'NONE', *, *, #235, .F. ) ;
#1807 = CARTESIAN_POINT ( 'NONE',  ( -0.02403335347129436153, 0.05878839955636388365, 0.04603644604275469038 ) ) ;
#1808 = CARTESIAN_POINT ( 'NONE',  ( 0.04632187158973414404, -0.08023183509510078970, -0.03375164041994510589 ) ) ;
#1809 = CARTESIAN_POINT ( 'NONE',  ( -0.03218274710482917078, -0.06191458042213354718, 0.05238391177275643351 ) ) ;
#1810 = CARTESIAN_POINT ( 'NONE',  ( 0.000000000000000000, 0.000000000000000000, 0.06299212598425199539 ) ) ;
#1811 = CARTESIAN_POINT ( 'NONE',  ( 0.000000000000000000, 0.08023183509510080358, 0.007012795275592340234 ) ) ;
#1812 = CARTESIAN_POINT ( 'NONE',  ( -0.06586180046373750485, 0.01875439928097571984, -0.05107826155786849426 ) ) ;
#1813 = EDGE_CURVE ( 'NONE', #115, #467, #1791, .T. ) ;
#1814 = CARTESIAN_POINT ( 'NONE',  ( -0.07025201089600351112, -1.290508504161835270E-17, 0.0009842519685059976289 ) ) ;
#1815 = FACE_OUTER_BOUND ( 'NONE', #566, .T. ) ;
#1816 = VERTEX_POINT ( 'NONE', #1601 ) ;
#1817 = CARTESIAN_POINT ( 'NONE',  ( -0.1377952755905513804, -0.07955613945526304742, -0.05068474837914815900 ) ) ;
#1818 = CARTESIAN_POINT ( 'NONE',  ( -0.06948280738460120565, 0.04011591754755034628, 0.009883530183729069898 ) ) ;
#1819 = CARTESIAN_POINT ( 'NONE',  ( -0.04357074197487259548, -0.05374950439309621186, 0.05179679584028221151 ) ) ;
#1820 = CARTESIAN_POINT ( 'NONE',  ( 0.07767645157556267443, 0.02076451098136287282, -0.06299212598425205090 ) ) ;
#1821 = CARTESIAN_POINT ( 'NONE',  ( -0.06948280738460120565, 0.04011591754755034628, 0.03916502624672067029 ) ) ;
#1822 = EDGE_CURVE ( 'NONE', #1201, #447, #637, .T. ) ;
#1823 = CARTESIAN_POINT ( 'NONE',  ( -0.04632187158973407465, -0.08023183509510081746, -0.06418143044619183113 ) ) ;
#1824 = CARTESIAN_POINT ( 'NONE',  ( 0.06077567905415336841, -0.02471099199002463331, -0.04818366256525030700 ) ) ;
#1825 = ORIENTED_EDGE ( 'NONE', *, *, #74, .F. ) ;
#1826 = CARTESIAN_POINT ( 'NONE',  ( -0.07380585209710031902, 0.03213678962506150844, 0.06299212598425199539 ) ) ;
#1827 = CARTESIAN_POINT ( 'NONE',  ( -0.03512600544800170005, -0.06084002610288017504, 0.06069553805774429572 ) ) ;
#1828 = FACE_OUTER_BOUND ( 'NONE', #953, .T. ) ;
#1829 = CARTESIAN_POINT ( 'NONE',  ( -0.06370622266878071815, -0.02300328514454177270, 0.05033409880691812333 ) ) ;
#1830 = CARTESIAN_POINT ( 'NONE',  ( 0.06414215297649661363, 0.04931811605272660298, -0.06299212598425134313 ) ) ;
#1831 = ORIENTED_EDGE ( 'NONE', *, *, #1366, .T. ) ;
#1832 = CARTESIAN_POINT ( 'NONE',  ( -0.06948280738460120565, 0.04011591754755034628, 0.01160597112861066864 ) ) ;
#1833 = CARTESIAN_POINT ( 'NONE',  ( 0.07546470164134012892, 0.009346419080086348918, -0.05865599920599890577 ) ) ;
#1834 = VECTOR ( 'NONE', #1538, 39.37007874015748854 ) ;
#1835 = ORIENTED_EDGE ( 'NONE', *, *, #1046, .T. ) ;
#1836 = CARTESIAN_POINT ( 'NONE',  ( -0.03512600544800173474, -0.06084002610288023055, 0.005577427821524325383 ) ) ;
#1837 = PLANE ( 'NONE',  #780 ) ;
#1838 = EDGE_LOOP ( 'NONE', ( #353, #218, #1589, #1072 ) ) ;
#1839 = CARTESIAN_POINT ( 'NONE',  ( -0.07622126348062316370, 0.02589951450880162778, 0.06299212598425200926 ) ) ;
#1840 = CARTESIAN_POINT ( 'NONE',  ( 0.04632187158973414404, -0.08023183509510078970, 0.02136646981627490782 ) ) ;
#1841 = CARTESIAN_POINT ( 'NONE',  ( 0.03512600544800174168, -0.06084002610288014035, 0.06528871391076263020 ) ) ;
#1842 = CARTESIAN_POINT ( 'NONE',  ( -0.08023183509510080358, 1.395368259017570328E-16, -0.06299212598425199539 ) ) ;
#1843 = VERTEX_POINT ( 'NONE', #1936 ) ;
#1844 = CARTESIAN_POINT ( 'NONE',  ( 0.08023183509510094236, -8.457152213576634901E-19, -0.06299212598425199539 ) ) ;
#1845 = CARTESIAN_POINT ( 'NONE',  ( 0.000000000000000000, 0.000000000000000000, -0.06299212598425199539 ) ) ;
#1846 = CARTESIAN_POINT ( 'NONE',  ( -0.04546065111729337416, -0.07874015748031502893, -0.008202099737531129073 ) ) ;
#1847 = DIRECTION ( 'NONE',  ( -1.000000000000000000, 0.000000000000000000, 0.000000000000000000 ) ) ;
#1848 = EDGE_CURVE ( 'NONE', #1800, #133, #772, .T. ) ;
#1849 = ORIENTED_EDGE ( 'NONE', *, *, #834, .T. ) ;
#1850 = CARTESIAN_POINT ( 'NONE',  ( -0.07942310474145816701, 0.01313149997531017944, 0.06299212598425200926 ) ) ;
#1851 = CARTESIAN_POINT ( 'NONE',  ( -0.04632187158973415098, 0.08023183509510077582, 0.007586942257219897456 ) ) ;
#1852 = CARTESIAN_POINT ( 'NONE',  ( 0.05268900817200258130, 0.03042001305144009099, 0.01706036745407012861 ) ) ;
#1853 = FACE_OUTER_BOUND ( 'NONE', #1635, .T. ) ;
#1854 = EDGE_LOOP ( 'NONE', ( #634, #1704, #12, #735, #289, #1017 ) ) ;
#1855 = DIRECTION ( 'NONE',  ( -0.000000000000000000, -0.000000000000000000, -1.000000000000000000 ) ) ;
#1856 = EDGE_CURVE ( 'NONE', #309, #810, #1158, .T. ) ;
#1857 = CARTESIAN_POINT ( 'NONE',  ( 9.642888182262630751E-18, -0.07874015748031502893, -0.005905511811021959233 ) ) ;
#1858 = CARTESIAN_POINT ( 'NONE',  ( -0.1377952755905513804, -0.07955613945526304742, 0.06299212598425199539 ) ) ;
#1859 = CARTESIAN_POINT ( 'NONE',  ( -0.06819097667594013756, 0.03937007874015745895, 0.04002624671916137772 ) ) ;
#1860 = CARTESIAN_POINT ( 'NONE',  ( -0.03512600544800170005, -0.06084002610288017504, -0.02198162729658571096 ) ) ;
#1861 = CARTESIAN_POINT ( 'NONE',  ( -0.02639749801354580871, -0.05481496944105674479, -0.07675648907145229960 ) ) ;
#1862 = CARTESIAN_POINT ( 'NONE',  ( 0.1377952755905509086, 0.07955613945526379682, -0.05068474837914817982 ) ) ;
#1863 = ORIENTED_EDGE ( 'NONE', *, *, #114, .T. ) ;
#1864 = EDGE_CURVE ( 'NONE', #810, #2089, #1546, .T. ) ;
#1865 =( BOUNDED_CURVE ( )  B_SPLINE_CURVE ( 2, ( #132, #173, #1933, #1441, #978, #1793, #143, #1924, #831 ),
 .UNSPECIFIED., .F., .F. ) 
 B_SPLINE_CURVE_WITH_KNOTS ( ( 3, 2, 2, 2, 3 ),
 ( 0.3036164263284210074, 0.3175053152173098470, 0.3452830929950876371, 0.3730608707728654272, 0.3869497596617542667 ),
 .UNSPECIFIED. ) 
 CURVE ( )  GEOMETRIC_REPRESENTATION_ITEM ( )  RATIONAL_B_SPLINE_CURVE ( ( 0.9330127018922194093, 0.9330127018922194093, 1.000000000000000000, 0.8660254037844388186, 1.000000000000000000, 0.8660254037844388186, 1.000000000000000000, 0.9330127018922196314, 0.9330127018922194093 ) ) 
 REPRESENTATION_ITEM ( '' )  );
#1866 = LINE ( 'NONE', #936, #921 ) ;
#1867 = CARTESIAN_POINT ( 'NONE',  ( -0.04021715732748462613, -0.06962350025893493388, 0.06299212598425203702 ) ) ;
#1868 = CARTESIAN_POINT ( 'NONE',  ( 0.06889763779527559306, 0.1193342091828954177, -0.06299212598425199539 ) ) ;
#1869 = CARTESIAN_POINT ( 'NONE',  ( -0.07874015748031502893, -9.733219729105870755E-13, 0.03887795275596431926 ) ) ;
#1870 = AXIS2_PLACEMENT_3D ( 'NONE', #453, #162, #1326 ) ;
#1871 = ORIENTED_EDGE ( 'NONE', *, *, #1956, .T. ) ;
#1872 = CARTESIAN_POINT ( 'NONE',  ( 0.01606492496274970067, 0.07026193390593739319, 0.05465936308206840316 ) ) ;
#1873 = CARTESIAN_POINT ( 'NONE',  ( -0.07025201089600342785, -1.290508504161833884E-17, -0.05413385826771404535 ) ) ;
#1874 = B_SPLINE_CURVE_WITH_KNOTS ( 'NONE', 3,
 ( #1508, #537, #1516, #213, #1207, #1826, #1839, #1850, #681, #1174 ),
 .UNSPECIFIED., .F., .F.,
 ( 4, 2, 2, 2, 4 ),
 ( 0.000000000000000000, 0.0004996623621440297175, 0.0009993247242880594350, 0.001498987086432088719, 0.001998649448576118003 ),
 .UNSPECIFIED. ) ;
#1875 = CARTESIAN_POINT ( 'NONE',  ( 0.03512600544800170699, 0.06084002610288016810, -0.03576115485564071439 ) ) ;
#1876 = ADVANCED_FACE ( 'NONE', ( #1685 ), #683, .T. ) ;
#1877 = CARTESIAN_POINT ( 'NONE',  ( -0.07025201089600351112, -1.290508504161835270E-17, -0.002460629921257846686 ) ) ;
#1878 = ORIENTED_EDGE ( 'NONE', *, *, #1911, .F. ) ;
#1879 = ADVANCED_FACE ( 'NONE', ( #1382 ), #1064, .T. ) ;
#1880 = DIMENSIONAL_EXPONENTS ( 1.000000000000000000, 0.000000000000000000, 0.000000000000000000, 0.000000000000000000, 0.000000000000000000, 0.000000000000000000, 0.000000000000000000 ) ;
#1881 = CARTESIAN_POINT ( 'NONE',  ( 0.02257899401196742512, 0.1460762906396865235, 0.05752594247619659262 ) ) ;
#1882 =( BOUNDED_CURVE ( )  B_SPLINE_CURVE ( 2, ( #40, #1514, #699, #2000, #1308, #1953, #1980, #1669, #512, #1005, #1171, #10, #534, #1191, #1804, #189, #336, #1836, #345, #1814, #846, #323, #369, #1344, #1681, #814, #1468, #483, #1143, #996, #986, #169, #827, #1479, #665, #1322, #1503, #688, #1966, #499, #1989 ),
 .UNSPECIFIED., .F., .F. ) 
 B_SPLINE_CURVE_WITH_KNOTS ( ( 3, 2, 2, 2, 2, 2, 2, 2, 2, 2, 2, 2, 2, 2, 2, 2, 2, 2, 2, 2, 3 ),
 ( 0.2164296224064579666, 0.2393046825439963943, 0.2692177678620214509, 0.2991308531800465631, 0.3290439384980716753, 0.3589570238160967319, 0.3888701091341217886, 0.4187831944521469008, 0.4486962797701720129, 0.4786093650881970696, 0.5085224504062221262, 0.5384355357242471829, 0.5683486210422723506, 0.5982617063602975183, 0.6281747916783225749, 0.6580878769963476316, 0.6880009623143725772, 0.7179140476323977449, 0.7478271329504226905, 0.7777402182684478582, 0.7843268434488686047 ),
 .UNSPECIFIED. ) 
 CURVE ( )  GEOMETRIC_REPRESENTATION_ITEM ( )  RATIONAL_B_SPLINE_CURVE ( ( 0.9517893381197926050, 0.8975472803038918590, 1.000000000000000000, 0.8660254037844387076, 1.000000000000000000, 0.8660254037844387076, 1.000000000000000000, 0.8660254037844387076, 1.000000000000000000, 0.8660254037844387076, 1.000000000000000000, 0.8660254037844387076, 1.000000000000000000, 0.8660254037844387076, 1.000000000000000000, 0.8660254037844387076, 1.000000000000000000, 0.8660254037844387076, 1.000000000000000000, 0.8660254037844387076, 1.000000000000000000, 0.8660254037844387076, 1.000000000000000000, 0.8660254037844387076, 1.000000000000000000, 0.8660254037844387076, 1.000000000000000000, 0.8660254037844387076, 1.000000000000000000, 0.8660254037844387076, 1.000000000000000000, 0.8660254037844387076, 1.000000000000000000, 0.8660254037844387076, 1.000000000000000000, 0.8660254037844387076, 1.000000000000000000, 0.8660254037844387076, 1.000000000000000000, 0.9704998518344620795, 0.9539911030292695937 ) ) 
 REPRESENTATION_ITEM ( '' )  );
#1883 = CARTESIAN_POINT ( 'NONE',  ( 0.04546065111729342967, -0.07874015748031500117, -0.05872703412073277535 ) ) ;
#1884 = VERTEX_POINT ( 'NONE', #976 ) ;
#1885 =( NAMED_UNIT ( * ) SI_UNIT ( $, .STERADIAN. ) SOLID_ANGLE_UNIT ( ) );
#1886 = CARTESIAN_POINT ( 'NONE',  ( 0.03512600544800174168, -0.06084002610288014035, -0.01738845144356738343 ) ) ;
#1887 = CARTESIAN_POINT ( 'NONE',  ( 7.450754322693369150E-18, -0.06084002610288023055, 0.05954724409448965833 ) ) ;
#1888 = CARTESIAN_POINT ( 'NONE',  ( 0.1377952755905508531, 0.01347751012707286422, -0.06299212598425231457 ) ) ;
#1889 = ORIENTED_EDGE ( 'NONE', *, *, #1413, .T. ) ;
#1890 = CARTESIAN_POINT ( 'NONE',  ( 0.07008665258154242461, -0.04045122356626430771, 0.06299212598425203702 ) ) ;
#1891 = CARTESIAN_POINT ( 'NONE',  ( 0.06819097667594010981, -0.03937007874015750059, -0.05643044619422363239 ) ) ;
#1892 = EDGE_CURVE ( 'NONE', #890, #1642, #1266, .T. ) ;
#1893 = CARTESIAN_POINT ( 'NONE',  ( 0.07874015748031502893, 9.642888182262632292E-18, 0.06299212598425199539 ) ) ;
#1894 = FACE_OUTER_BOUND ( 'NONE', #397, .T. ) ;
#1895 = CARTESIAN_POINT ( 'NONE',  ( 0.000000000000000000, 0.06084002610288016116, -0.06102362204724154360 ) ) ;
#1896 = CARTESIAN_POINT ( 'NONE',  ( 0.000000000000000000, 0.06084002610288023055, -0.03690944881889535178 ) ) ;
#1897 = ORIENTED_EDGE ( 'NONE', *, *, #747, .T. ) ;
#1898 = CARTESIAN_POINT ( 'NONE',  ( -0.04546065111729367253, -0.07874015748031558404, 0.04347112860892618502 ) ) ;
#1900 = EDGE_CURVE ( 'NONE', #1950, #536, #801, .T. ) ;
#1899 = CARTESIAN_POINT ( 'NONE',  ( 0.06068289929063449412, -0.05237445023868007865, -0.06063391642139603910 ) ) ;
#1901 = ORIENTED_EDGE ( 'NONE', *, *, #114, .F. ) ;
#1902 = CARTESIAN_POINT ( 'NONE',  ( 0.000000000000000000, 0.000000000000000000, 0.06299212598425199539 ) ) ;
#1903 = CARTESIAN_POINT ( 'NONE',  ( -0.03512600544800175556, 0.06084002610288014035, -0.05872703412073237983 ) ) ;
#1904 = CIRCLE ( 'NONE', #1298, 0.08023183509510094236 ) ;
#1905 = CARTESIAN_POINT ( 'NONE',  ( 0.03512600544800174168, -0.06084002610288014035, 0.01017060367454262690 ) ) ;
#1906 = LINE ( 'NONE', #1844, #128 ) ;
#1907 = ORIENTED_EDGE ( 'NONE', *, *, #1034, .F. ) ;
#1908 = EDGE_LOOP ( 'NONE', ( #376, #386, #1324, #27, #595, #1863, #857, #381, #1710, #1628, #1897 ) ) ;
#1909 = DIRECTION ( 'NONE',  ( -0.000000000000000000, -0.000000000000000000, 1.000000000000000000 ) ) ;
#1910 = CARTESIAN_POINT ( 'NONE',  ( 0.05843955576441658972, 0.01692120262442311715, 0.04360031699203129052 ) ) ;
#1911 = EDGE_CURVE ( 'NONE', #536, #1036, #830, .T. ) ;
#1912 = DIRECTION ( 'NONE',  ( -0.4999999999999990563, -0.8660254037844392627, 0.000000000000000000 ) ) ;
#1913 = CARTESIAN_POINT ( 'NONE',  ( 0.000000000000000000, 0.000000000000000000, -0.06299212598425199539 ) ) ;
#1914 = CARTESIAN_POINT ( 'NONE',  ( -0.02254144026182959212, 0.1460979723074379288, 0.05819856179979888272 ) ) ;
#1915 = ORIENTED_EDGE ( 'NONE', *, *, #175, .T. ) ;
#1916 = DIRECTION ( 'NONE',  ( 1.000000000000000000, 0.000000000000000000, 0.000000000000000000 ) ) ;
#1917 = CARTESIAN_POINT ( 'NONE',  ( -0.07874015748031501505, -0.02109836160874986599, -0.01156453783003906499 ) ) ;
#1918 = CARTESIAN_POINT ( 'NONE',  ( 0.06819097667599952062, -0.03937007874019179260, -0.004757217847727032885 ) ) ;
#1919 = EDGE_CURVE ( 'NONE', #823, #2082, #313, .T. ) ;
#1920 = CARTESIAN_POINT ( 'NONE',  ( 0.07602020742197429515, -0.01171073302872364420, -0.05945938789319677592 ) ) ;
#1921 = PERSON_AND_ORGANIZATION ( #463, #1931 ) ;
#1922 = CARTESIAN_POINT ( 'NONE',  ( -0.1377952755905514082, -5.914624404477027276E-17, 0.06299212598425199539 ) ) ;
#1923 = CARTESIAN_POINT ( 'NONE',  ( 7.450754322693369150E-18, -0.06084002610288023055, -0.05068897637795034827 ) ) ;
#1924 = CARTESIAN_POINT ( 'NONE',  ( 0.07874015748031500117, -0.02109836160874990069, -0.02780554091011486553 ) ) ;
#1925 = ORIENTED_EDGE ( 'NONE', *, *, #1974, .F. ) ;
#1926 = CARTESIAN_POINT ( 'NONE',  ( 0.000000000000000000, 0.000000000000000000, 0.06299212598425199539 ) ) ;
#1927 = CARTESIAN_POINT ( 'NONE',  ( -0.1152162815785837818, 0.09259212772610390940, 0.05752594247619655793 ) ) ;
#1928 = CARTESIAN_POINT ( 'NONE',  ( 0.000000000000000000, 0.06084002610288023055, 0.01820866141732469662 ) ) ;
#1929 = APPROVAL_ROLE ( '' ) ;
#1930 = CARTESIAN_POINT ( 'NONE',  ( -2.789570765205078342E-16, 0.1591122789105269830, 0.05068474837914803410 ) ) ;
#1931 = ORGANIZATION ( 'UNSPECIFIED', 'UNSPECIFIED', '' ) ;
#1932 = CARTESIAN_POINT ( 'NONE',  ( 0.05268900817200264375, -0.03042001305144010487, -0.04609580052493202074 ) ) ;
#1933 = CARTESIAN_POINT ( 'NONE',  ( -0.06819097667594009593, -0.03937007874015754916, -0.03805774278215030837 ) ) ;
#1934 = VERTEX_POINT ( 'NONE', #1371 ) ;
#1935 = AXIS2_PLACEMENT_3D ( 'NONE', #1103, #943, #987 ) ;
#1936 = CARTESIAN_POINT ( 'NONE',  ( -0.009131947035207643726, -0.07820882266963852247, -0.06150044836946605420 ) ) ;
#1937 = CONICAL_SURFACE ( 'NONE', #1233, 0.1377952755905514359, 1.047197551196600074 ) ;
#1938 = ADVANCED_FACE ( 'NONE', ( #203 ), #164, .T. ) ;
#1939 = CARTESIAN_POINT ( 'NONE',  ( -2.789570765205078342E-16, 0.1591122789105269830, -0.05068474837914803410 ) ) ;
#1940 = ORIENTED_EDGE ( 'NONE', *, *, #1778, .F. ) ;
#1941 = CARTESIAN_POINT ( 'NONE',  ( 7.450754322693369150E-18, -0.06084002610288023055, 0.004429133858269694059 ) ) ;
#1942 = B_SPLINE_CURVE_WITH_KNOTS ( 'NONE', 3,
 ( #1449, #1480, #2085, #620 ),
 .UNSPECIFIED., .F., .F.,
 ( 4, 4 ),
 ( 2.380739282167979192E-07, 0.002044882221487521069 ),
 .UNSPECIFIED. ) ;
#1943 = EDGE_CURVE ( 'NONE', #536, #1687, #1396, .T. ) ;
#1944 = CARTESIAN_POINT ( 'NONE',  ( 0.1377952755905509086, -0.01346638380171307978, -0.06299212598425231457 ) ) ;
#1945 =( BOUNDED_CURVE ( )  B_SPLINE_CURVE ( 2, ( #606, #723, #2013, #1747, #894, #708, #2079, #870, #1526 ),
 .UNSPECIFIED., .F., .T. ) 
 B_SPLINE_CURVE_WITH_KNOTS ( ( 3, 2, 2, 2, 3 ),
 ( 0.002448671619427252033, 0.003493753633532781840, 0.005583917661743816735, 0.007674081689954851196, 0.008719163704060364090 ),
 .UNSPECIFIED. ) 
 CURVE ( )  GEOMETRIC_REPRESENTATION_ITEM ( )  RATIONAL_B_SPLINE_CURVE ( ( 0.9330127018922194093, 0.9330127018922182991, 1.000000000000000000, 0.8660254037844387076, 1.000000000000000000, 0.8660254037844387076, 1.000000000000000000, 0.9330127018922196314, 0.9330127018922194093 ) ) 
 REPRESENTATION_ITEM ( '' )  );
#1946 = CARTESIAN_POINT ( 'NONE',  ( 0.05268900817200263681, 0.03042001305144012568, -0.04150262467191369320 ) ) ;
#1947 = CARTESIAN_POINT ( 'NONE',  ( 0.04632187158973410240, 0.08023183509510080358, 0.05811187664042157669 ) ) ;
#1948 = CARTESIAN_POINT ( 'NONE',  ( 0.000000000000000000, 0.07874015748031502893, 0.007874015748033041592 ) ) ;
#1949 = CARTESIAN_POINT ( 'NONE',  ( -0.06961827823225860690, 0.04022513187844092841, -0.06299212598425207865 ) ) ;
#1950 = VERTEX_POINT ( 'NONE', #549 ) ;
#1951 = CARTESIAN_POINT ( 'NONE',  ( 0.06948280738460116401, 0.04011591754755040873, 0.02997867454068400481 ) ) ;
#1952 = CARTESIAN_POINT ( 'NONE',  ( -0.05268900817200262293, -0.03042001305144014303, -0.02772309711285865508 ) ) ;
#1953 = CARTESIAN_POINT ( 'NONE',  ( -0.03512600544800173474, -0.06084002610288023055, 0.03313648293963432356 ) ) ;
#1954 = COORDINATED_UNIVERSAL_TIME_OFFSET ( 6, 0, .BEHIND. ) ;
#1955 = DIRECTION ( 'NONE',  ( -0.000000000000000000, -0.000000000000000000, -1.000000000000000000 ) ) ;
#1956 = EDGE_CURVE ( 'NONE', #147, #21, #1874, .T. ) ;
#1957 = ORIENTED_EDGE ( 'NONE', *, *, #1594, .F. ) ;
#1958 = CARTESIAN_POINT ( 'NONE',  ( -0.05268900817200266457, 0.03042001305144007364, -0.03231627296587702425 ) ) ;
#1959 = CARTESIAN_POINT ( 'NONE',  ( -2.777419176385592299E-16, 0.1591122789105269830, 0.06299212598425199539 ) ) ;
#1960 =( BOUNDED_CURVE ( )  B_SPLINE_CURVE ( 2, ( #685, #1641, #1665, #1140, #351, #695, #1986, #37, #1627 ),
 .UNSPECIFIED., .F., .F. ) 
 B_SPLINE_CURVE_WITH_KNOTS ( ( 3, 2, 2, 2, 3 ),
 ( 0.01498923654659267864, 0.01603451965353372075, 0.01812508586737864372, 0.02021565208122357016, 0.02126093518814600389 ),
 .UNSPECIFIED. ) 
 CURVE ( )  GEOMETRIC_REPRESENTATION_ITEM ( )  RATIONAL_B_SPLINE_CURVE ( ( 0.9330127018922192983, 0.9330127018910286951, 1.000000000000000000, 0.8660254037844385966, 1.000000000000000000, 0.8660254037844385966, 1.000000000000000000, 0.9330127018922209636, 0.9330127018922192983 ) ) 
 REPRESENTATION_ITEM ( '' )  );
#1961 = DIRECTION ( 'NONE',  ( 0.000000000000000000, 0.000000000000000000, 1.000000000000000000 ) ) ;
#1962 = EDGE_LOOP ( 'NONE', ( #1678, #740, #250 ) ) ;
#1963 = ORIENTED_EDGE ( 'NONE', *, *, #1271, .T. ) ;
#1964 = CARTESIAN_POINT ( 'NONE',  ( 9.825566003893348240E-18, -0.08023183509510080358, -0.006766732283462660591 ) ) ;
#1965 = CARTESIAN_POINT ( 'NONE',  ( 0.07874015748031500117, 1.528042618071699921E-15, 0.02509842519685262160 ) ) ;
#1966 = CARTESIAN_POINT ( 'NONE',  ( 0.05268900817200263681, -0.03042001305144009793, -0.04265091863516817100 ) ) ;
#1967 = CARTESIAN_POINT ( 'NONE',  ( -0.0003301004045658610642, -0.06347798291369022294, -0.04591729697681062178 ) ) ;
#1968 = EDGE_LOOP ( 'NONE', ( #1729, #1825, #2093 ) ) ;
#1969 = CARTESIAN_POINT ( 'NONE',  ( 0.01914612239703751898, 0.05855822235455246383, 0.04412202085201020335 ) ) ;
#1970 = CARTESIAN_POINT ( 'NONE',  ( -0.06889763779527581511, 0.1193342091828952234, 0.06299212598425199539 ) ) ;
#1971 = B_SPLINE_CURVE_WITH_KNOTS ( 'NONE', 3,
 ( #1922, #643, #1146, #1634, #170, #462 ),
 .UNSPECIFIED., .F., .F.,
 ( 4, 2, 4 ),
 ( 0.01298168697682234099, 0.01400405614601538118, 0.01502642531520841963 ),
 .UNSPECIFIED. ) ;
#1972 = CARTESIAN_POINT ( 'NONE',  ( -0.01797070456175000816, 0.07874015748031502893, 0.06045509081716223670 ) ) ;
#1973 = AXIS2_PLACEMENT_3D ( 'NONE', #1316, #1797, #1640 ) ;
#1974 = EDGE_CURVE ( 'NONE', #2089, #60, #1672, .T. ) ;
#1975 = CARTESIAN_POINT ( 'NONE',  ( 0.08023183509517227419, 0.005246640264124299152, -0.06299212598425199539 ) ) ;
#1976 = CIRCLE ( 'NONE', #1737, 0.07874015748031502893 ) ;
#1977 = CARTESIAN_POINT ( 'NONE',  ( -0.07025201089600351112, -1.290508504161835270E-17, -0.05757874015747784652 ) ) ;
#1978 = CARTESIAN_POINT ( 'NONE',  ( -0.05082680717619879329, 0.04776650116286943609, -0.05234828356534311500 ) ) ;
#1979 = ADVANCED_BREP_SHAPE_REPRESENTATION ( '90591A255_Zinc-Plated Steel Hex Nut', ( #669, #948 ), #1566 ) ;
#1980 = CARTESIAN_POINT ( 'NONE',  ( -0.05268900817200261599, -0.03042001305144013609, 0.03083989501312516673 ) ) ;
#1981 = CARTESIAN_POINT ( 'NONE',  ( -0.06604328187810812323, -0.01277471350678093844, -0.04972386599964459530 ) ) ;
#1982 = ORIENTED_EDGE ( 'NONE', *, *, #110, .T. ) ;
#1983 = DIRECTION ( 'NONE',  ( -1.000000000000000000, 0.000000000000000000, 0.000000000000000000 ) ) ;
#1984 = CARTESIAN_POINT ( 'NONE',  ( 0.06948280738460116401, 0.04011591754755040873, 0.0006971784776923974775 ) ) ;
#1985 = CARTESIAN_POINT ( 'NONE',  ( 0.01274637850107556217, -0.07042604546027068924, 0.05418106695389601768 ) ) ;
#1986 = CARTESIAN_POINT ( 'NONE',  ( -0.06819097667599959001, 0.03937007874019178566, -0.01853674540678199381 ) ) ;
#1987 = CARTESIAN_POINT ( 'NONE',  ( 0.04632187158973410240, 0.08023183509510080358, 0.05983431758530317890 ) ) ;
#1988 = CARTESIAN_POINT ( 'NONE',  ( -0.02846993499641915087, 0.06494261729240063952, -0.05351245258580357433 ) ) ;
#1989 = CARTESIAN_POINT ( 'NONE',  ( 0.04453594560688821369, -0.04144946712684534351, -0.04360031698172340403 ) ) ;
#1990 = CARTESIAN_POINT ( 'NONE',  ( -0.03141223022322971875, -0.05675885882160535550, -0.04731461355853007478 ) ) ;
#1991 = VERTEX_POINT ( 'NONE', #339 ) ;
#1992 = CARTESIAN_POINT ( 'NONE',  ( 0.08023183509503614697, -0.004747393178009149013, -0.06299212598425200926 ) ) ;
#1993 = CARTESIAN_POINT ( 'NONE',  ( -0.06948280738460120565, 0.04011591754755034628, -0.04523458005249093167 ) ) ;
#1994 = CARTESIAN_POINT ( 'NONE',  ( 0.07025201089600342785, 4.301695013872779355E-18, 0.01476377952756096484 ) ) ;
#1995 = DIRECTION ( 'NONE',  ( 1.000000000000000000, 0.000000000000000000, 0.000000000000000000 ) ) ;
#1996 = VERTEX_POINT ( 'NONE', #1337 ) ;
#1997 = CARTESIAN_POINT ( 'NONE',  ( -0.1377952755905514359, 0.07955613945526342212, -0.05068474837914801329 ) ) ;
#1998 = CARTESIAN_POINT ( 'NONE',  ( 0.09264374317946821868, 5.672793177288260023E-18, 0.05524114173228485136 ) ) ;
#1999 = CARTESIAN_POINT ( 'NONE',  ( -0.01973399274286345706, 0.06850320558515123059, -0.05389331620284484176 ) ) ;
#2000 = CARTESIAN_POINT ( 'NONE',  ( 0.03512600544800177638, -0.06084002610288020974, 0.03772965879265267192 ) ) ;
#2001 = CARTESIAN_POINT ( 'NONE',  ( -0.06724336171947323249, -0.006368443620519725554, -0.05000365260855764438 ) ) ;
#2002 = ORIENTED_EDGE ( 'NONE', *, *, #2036, .F. ) ;
#2003 = CARTESIAN_POINT ( 'NONE',  ( -0.06634173222248580803, 0.005494593600373466093, 0.04910202311163695821 ) ) ;
#2004 = CARTESIAN_POINT ( 'NONE',  ( 0.04632187158973414404, -0.08023183509510078970, -0.006192585301835103369 ) ) ;
#2005 = CARTESIAN_POINT ( 'NONE',  ( -0.03512600544800170005, -0.06084002610288017504, 0.03313648293963428887 ) ) ;
#2006 = CARTESIAN_POINT ( 'NONE',  ( 7.450754322693369150E-18, -0.06084002610288023055, 0.03198818897637965841 ) ) ;
#2007 = ORIENTED_EDGE ( 'NONE', *, *, #482, .T. ) ;
#2008 = ADVANCED_FACE ( 'NONE', ( #1018 ), #999, .F. ) ;
#2009 = EDGE_CURVE ( 'NONE', #1816, #1763, #807, .T. ) ;
#2010 = CARTESIAN_POINT ( 'NONE',  ( 0.06819097667594010981, -0.03937007874015750059, 0.02624671916010637429 ) ) ;
#2011 = CARTESIAN_POINT ( 'NONE',  ( -0.06742646250843541134, 0.009462284586449968074, -0.05068453942803966689 ) ) ;
#2012 = AXIS2_PLACEMENT_3D ( 'NONE', #73, #2054, #2043 ) ;
#2013 = CARTESIAN_POINT ( 'NONE',  ( 0.06819097667594631318, 0.03937007874016110187, -0.05528215223096416553 ) ) ;
#2014 = CONICAL_SURFACE ( 'NONE', #2113, 0.08023183509510094236, 0.7853981633974500554 ) ;
#2015 = APPLICATION_CONTEXT ( 'configuration controlled 3d designs of mechanical parts and assemblies' ) ;
#2016 = PLANE ( 'NONE',  #1600 ) ;
#2017 = ORIENTED_EDGE ( 'NONE', *, *, #490, .T. ) ;
#2018 = CARTESIAN_POINT ( 'NONE',  ( 0.03042333002111456686, -0.07485212881621167158, -0.06299212598425199539 ) ) ;
#2019 = CARTESIAN_POINT ( 'NONE',  ( -0.06067604390398532305, -0.05983031871422072462, -0.06719951672686144684 ) ) ;
#2020 = CARTESIAN_POINT ( 'NONE',  ( 0.06505240517223281893, -0.03542465362019232844, 0.05668799332997455365 ) ) ;
#2021 = CARTESIAN_POINT ( 'NONE',  ( 0.03512600544800177638, -0.06084002610288021667, -0.02083333333333119153 ) ) ;
#2022 = ORIENTED_EDGE ( 'NONE', *, *, #1656, .F. ) ;
#2023 = LINE ( 'NONE', #62, #1703 ) ;
#2024 = CARTESIAN_POINT ( 'NONE',  ( 0.07874015748031501505, -1.532617595970118149E-16, -0.02657480314960447565 ) ) ;
#2025 = CARTESIAN_POINT ( 'NONE',  ( -0.02257899401196745634, -0.1460762906396859961, 0.05752594247619687712 ) ) ;
#2026 = CARTESIAN_POINT ( 'NONE',  ( -0.1377952755905514359, 0.07955613945526342212, 0.06299212598425199539 ) ) ;
#2027 = EDGE_CURVE ( 'NONE', #800, #467, #1113, .T. ) ;
#2028 = CARTESIAN_POINT ( 'NONE',  ( 9.825566003893348240E-18, -0.08023183509510080358, -0.06360728346456426263 ) ) ;
#2029 = CARTESIAN_POINT ( 'NONE',  ( -0.03994042933297144854, -0.05674210206074510598, 0.05199328985969888656 ) ) ;
#2030 = CARTESIAN_POINT ( 'NONE',  ( 0.05268900817200264375, -0.03042001305144010487, 0.009022309711287980830 ) ) ;
#2031 = EDGE_LOOP ( 'NONE', ( #1671, #1497, #1069 ) ) ;
#2032 = CARTESIAN_POINT ( 'NONE',  ( -0.05185370151792038224, -0.06183928362472516926, -0.06299212598425200926 ) ) ;
#2033 = CARTESIAN_POINT ( 'NONE',  ( 0.03551907033921861828, -0.07213230743606192930, 0.06299212598425203702 ) ) ;
#2034 = DIRECTION ( 'NONE',  ( -0.000000000000000000, -0.000000000000000000, -1.000000000000000000 ) ) ;
#2035 = CARTESIAN_POINT ( 'NONE',  ( 0.1377952755905509086, 0.000000000000000000, 0.06299212598425199539 ) ) ;
#2036 = EDGE_CURVE ( 'NONE', #1991, #1078, #1531, .T. ) ;
#2037 = CARTESIAN_POINT ( 'NONE',  ( -0.03512600544800175556, 0.06084002610288014035, 0.02395013123359763033 ) ) ;
#2038 = CARTESIAN_POINT ( 'NONE',  ( 0.03512600544800175556, 0.06084002610288023055, 0.07103018372703548411 ) ) ;
#2039 = CARTESIAN_POINT ( 'NONE',  ( 0.03512600544800175556, 0.06084002610288023055, 0.04347112860892548419 ) ) ;
#2040 = EDGE_LOOP ( 'NONE', ( #1889, #1644, #530, #207 ) ) ;
#2041 = ADVANCED_FACE ( 'NONE', ( #885 ), #1937, .T. ) ;
#2042 = CARTESIAN_POINT ( 'NONE',  ( 9.642888182262630751E-18, -0.07874015748031502893, 0.02165354330708804328 ) ) ;
#2043 = DIRECTION ( 'NONE',  ( 0.000000000000000000, 0.000000000000000000, 1.000000000000000000 ) ) ;
#2044 = CARTESIAN_POINT ( 'NONE',  ( -0.05720334656222138270, -0.1260859113742804904, -0.06299212598425237009 ) ) ;
#2045 = AXIS2_PLACEMENT_3D ( 'NONE', #1368, #380, #1691 ) ;
#2046 = AXIS2_PLACEMENT_3D ( 'NONE', #1433, #882, #1039 ) ;
#2047 = CARTESIAN_POINT ( 'NONE',  ( 0.000000000000000000, 0.06084002610288016116, 0.02165354330708846309 ) ) ;
#2048 = CARTESIAN_POINT ( 'NONE',  ( -0.01388633893971947565, -0.06084002610288017504, -0.07571105809021408395 ) ) ;
#2049 = CARTESIAN_POINT ( 'NONE',  ( 0.03512600544800175556, 0.06084002610288023055, 0.01591207349081548081 ) ) ;
#2050 = ORIENTED_EDGE ( 'NONE', *, *, #201, .F. ) ;
#2051 = DIRECTION ( 'NONE',  ( 0.000000000000000000, 0.000000000000000000, 1.000000000000000000 ) ) ;
#2052 = B_SPLINE_CURVE_WITH_KNOTS ( 'NONE', 3,
 ( #1505, #32, #370, #1182, #1824, #358, #1192, #104, #253, #755, #275, #245, #1379, #1415, #1060, #559, #95, #924 ),
 .UNSPECIFIED., .F., .F.,
 ( 4, 2, 2, 2, 2, 2, 2, 2, 4 ),
 ( 6.853977660068172730E-05, 0.0004504125741004358341, 0.0008322853716001899545, 0.001214158169099943804, 0.001596030966599697870, 0.001977903764099451286, 0.002359776561599205135, 0.002741649359098959852, 0.003123522156598713701 ),
 .UNSPECIFIED. ) ;
#2053 = EDGE_CURVE ( 'NONE', #1023, #890, #1068, .T. ) ;
#2054 = DIRECTION ( 'NONE',  ( -1.000000000000000000, 0.000000000000000000, 0.000000000000000000 ) ) ;
#2055 = CARTESIAN_POINT ( 'NONE',  ( -0.009131947035207643726, -0.07820882266963852247, -0.06150044836946605420 ) ) ;
#2056 = CARTESIAN_POINT ( 'NONE',  ( 0.000000000000000000, 0.000000000000000000, 0.06299212598425199539 ) ) ;
#2057 = CARTESIAN_POINT ( 'NONE',  ( -0.05268900817200256048, -0.03042001305144010834, 0.03083989501312512857 ) ) ;
#2058 = CARTESIAN_POINT ( 'NONE',  ( -0.03512600544800170005, -0.06084002610288017504, -0.02198162729658571096 ) ) ;
#2059 = CARTESIAN_POINT ( 'NONE',  ( -0.07025201089600351112, -1.290508504161835270E-17, -0.03001968503936785007 ) ) ;
#2060 = VERTEX_POINT ( 'NONE', #591 ) ;
#2061 = CARTESIAN_POINT ( 'NONE',  ( 0.000000000000000000, 0.000000000000000000, 0.06299212598425199539 ) ) ;
#2062 = CARTESIAN_POINT ( 'NONE',  ( 9.642888182262630751E-18, -0.07874015748031502893, -0.06102362204724196687 ) ) ;
#2063 = DIRECTION ( 'NONE',  ( -0.000000000000000000, -0.000000000000000000, -1.000000000000000000 ) ) ;
#2064 = CARTESIAN_POINT ( 'NONE',  ( -0.05268900817200260212, 0.03042001305144003895, -0.02887139107611321268 ) ) ;
#2065 = CARTESIAN_POINT ( 'NONE',  ( 0.07025201089600342785, 4.301695013872779355E-18, -0.01279527559054903854 ) ) ;
#2066 = EDGE_LOOP ( 'NONE', ( #1218, #501, #1755 ) ) ;
#2067 = ORIENTED_EDGE ( 'NONE', *, *, #1892, .F. ) ;
#2068 = CARTESIAN_POINT ( 'NONE',  ( 1.521190891121690354E-16, -0.1591122789105264279, 0.05068474837914835329 ) ) ;
#2069 = CARTESIAN_POINT ( 'NONE',  ( -0.1377952755905514359, 0.07955613945526342212, 0.06299212598425199539 ) ) ;
#2070 = ADVANCED_FACE ( 'NONE', ( #561 ), #232, .T. ) ;
#2071 = CARTESIAN_POINT ( 'NONE',  ( 0.05268900817200264375, -0.03042001305144010487, 0.009022309711288022463 ) ) ;
#2072 = LOCAL_TIME ( 21, 59, 47.00000000000000000, #815 ) ;
#2073 = AXIS2_PLACEMENT_3D ( 'NONE', #777, #1304, #1473 ) ;
#2074 = CARTESIAN_POINT ( 'NONE',  ( 0.03512600544800170699, 0.06084002610288016810, 0.01935695538057928891 ) ) ;
#2075 = AXIS2_PLACEMENT_3D ( 'NONE', #569, #1909, #1228 ) ;
#2076 = CARTESIAN_POINT ( 'NONE',  ( 0.1377952755905509086, 0.07955613945526379682, 0.06299212598425199539 ) ) ;
#2077 = LINE ( 'NONE', #1273, #502 ) ;
#2078 = ORIENTED_EDGE ( 'NONE', *, *, #1349, .F. ) ;
#2079 = CARTESIAN_POINT ( 'NONE',  ( -0.06819097667594634093, 0.03937007874016103248, -0.04609580052492749658 ) ) ;
#2080 = CARTESIAN_POINT ( 'NONE',  ( 0.07874015748031502893, 9.642888182262632292E-18, 0.06299212598425199539 ) ) ;
#2081 = CARTESIAN_POINT ( 'NONE',  ( -0.07025201089600351112, -1.290508504161835270E-17, -0.03001968503936780497 ) ) ;
#2082 = VERTEX_POINT ( 'NONE', #1092 ) ;
#2083 = COORDINATED_UNIVERSAL_TIME_OFFSET ( 6, 0, .BEHIND. ) ;
#2084 =( BOUNDED_CURVE ( )  B_SPLINE_CURVE ( 2, ( #2099, #633, #1314, #1638, #956, #622, #965, #1615, #1624 ),
 .UNSPECIFIED., .F., .F. ) 
 B_SPLINE_CURVE_WITH_KNOTS ( ( 3, 2, 2, 2, 3 ),
 ( 0.04007313017324939941, 0.04111839911836545625, 0.04320893700860588965, 0.04529947489884631612, 0.04634474384399064201 ),
 .UNSPECIFIED. ) 
 CURVE ( )  GEOMETRIC_REPRESENTATION_ITEM ( )  RATIONAL_B_SPLINE_CURVE ( ( 0.9330127018922194093, 0.9330127018924860849, 1.000000000000000000, 0.8660254037844387076, 1.000000000000000000, 0.8660254037844387076, 1.000000000000000000, 0.9330127018906742009, 0.9330127018922192983 ) ) 
 REPRESENTATION_ITEM ( '' )  );
#2085 = CARTESIAN_POINT ( 'NONE',  ( 0.04542133258707203164, -0.1328882603144289354, -0.06299212598425238396 ) ) ;
#2086 = CC_DESIGN_PERSON_AND_ORGANIZATION_ASSIGNMENT ( #2094, #1102, ( #125 ) ) ;
#2087 = CARTESIAN_POINT ( 'NONE',  ( -0.07025201089600351112, -1.290508504161835270E-17, -0.03001968503936785007 ) ) ;
#2088 = CARTESIAN_POINT ( 'NONE',  ( 0.1377952755905509086, -0.07955613945526318620, 0.06299212598425199539 ) ) ;
#2089 = VERTEX_POINT ( 'NONE', #1247 ) ;
#2090 = CARTESIAN_POINT ( 'NONE',  ( 0.07361568652755715036, 0.01955095980450968080, 0.05882690968322452918 ) ) ;
#2091 = CARTESIAN_POINT ( 'NONE',  ( 0.05939797020959734775, -0.01519937985231479063, -0.04360031699203132521 ) ) ;
#2092 = CARTESIAN_POINT ( 'NONE',  ( 7.450754322693369150E-18, -0.06084002610288023055, 0.03198818897637970005 ) ) ;
#2093 = ORIENTED_EDGE ( 'NONE', *, *, #1783, .F. ) ;
#2094 = PERSON_AND_ORGANIZATION ( #463, #1931 ) ;
#2095 = FACE_OUTER_BOUND ( 'NONE', #1056, .T. ) ;
#2096 =( BOUNDED_CURVE ( )  B_SPLINE_CURVE ( 2, ( #1275, #1917, #1204, #1846, #1857, #379, #1690, #390, #1049 ),
 .UNSPECIFIED., .F., .T. ) 
 B_SPLINE_CURVE_WITH_KNOTS ( ( 3, 2, 2, 2, 3 ),
 ( 0.4702830929950876926, 0.4841719818839765876, 0.5119497596617543778, 0.5397275374395320569, 0.5536164263284210074 ),
 .UNSPECIFIED. ) 
 CURVE ( )  GEOMETRIC_REPRESENTATION_ITEM ( )  RATIONAL_B_SPLINE_CURVE ( ( 0.9330127018922194093, 0.9330127018922194093, 1.000000000000000000, 0.8660254037844388186, 1.000000000000000000, 0.8660254037844388186, 1.000000000000000000, 0.9330127018922194093, 0.9330127018922194093 ) ) 
 REPRESENTATION_ITEM ( '' )  );
#2097 = EDGE_CURVE ( 'NONE', #1763, #1404, #1160, .T. ) ;
#2098 = CARTESIAN_POINT ( 'NONE',  ( -0.03512600544800179025, 0.06084002610288021667, 0.02050524934383381875 ) ) ;
#2099 = CARTESIAN_POINT ( 'NONE',  ( 0.07874015748031500117, 1.528042618071699921E-15, 0.02509842519685262160 ) ) ;
#2100 = ORIENTED_EDGE ( 'NONE', *, *, #600, .F. ) ;
#2101 = CARTESIAN_POINT ( 'NONE',  ( 0.07613074931100145826, 0.02585696973472486129, 0.06299212598424756837 ) ) ;
#2102 = CARTESIAN_POINT ( 'NONE',  ( 0.000000000000000000, 0.07874015748031502893, -0.04724409448818695650 ) ) ;
#2103 = EDGE_CURVE ( 'NONE', #1404, #890, #1504, .T. ) ;
#2104 = ORIENTED_EDGE ( 'NONE', *, *, #1856, .F. ) ;
#2105 = CARTESIAN_POINT ( 'NONE',  ( 0.04407765092273437796, 0.04533532132929931485, 0.04230058612010798025 ) ) ;
#2106 = ORIENTED_EDGE ( 'NONE', *, *, #961, .F. ) ;
#2107 = APPROVAL_STATUS ( 'not_yet_approved' ) ;
#2108 = CARTESIAN_POINT ( 'NONE',  ( 0.000000000000000000, -1.067128122525102820E-17, -0.06299212598425199539 ) ) ;
#2109 = CARTESIAN_POINT ( 'NONE',  ( -0.05268900817200266457, 0.03042001305144007364, -0.05987532808398702416 ) ) ;
#2110 = CARTESIAN_POINT ( 'NONE',  ( -0.04632187158973415098, 0.08023183509510077582, 0.06270505249343991117 ) ) ;
#2111 = CONICAL_SURFACE ( 'NONE', #813, 0.1377952755905514359, 1.047197551196600074 ) ;
#2112 = CARTESIAN_POINT ( 'NONE',  ( 0.06819097667594010981, 0.03937007874015752834, 0.003280839895014705382 ) ) ;
#2113 = AXIS2_PLACEMENT_3D ( 'NONE', #210, #403, #733 ) ;
#2114 = CARTESIAN_POINT ( 'NONE',  ( -0.07874015748031507056, -1.381643325322315645E-15, -0.01624015748031237827 ) ) ;
#2115 = FACE_OUTER_BOUND ( 'NONE', #1353, .T. ) ;
#2116 = EDGE_CURVE ( 'NONE', #1201, #333, #725, .T. ) ;
#2117 = CARTESIAN_POINT ( 'NONE',  ( 0.04632187158973410240, 0.08023183509510080358, -0.02284284776902683126 ) ) ;
#2118 = CARTESIAN_POINT ( 'NONE',  ( 0.02892603903611140614, 0.05352376146984166860, 0.04360031699203763961 ) ) ;
#2119 = CARTESIAN_POINT ( 'NONE',  ( 0.04632187158973414404, -0.08023183509510078970, -0.05958825459317350359 ) ) ;
#2120 = CALENDAR_DATE ( 2026, 7, 1 ) ;
#2121 = CARTESIAN_POINT ( 'NONE',  ( -0.1377952755905514082, -5.914624404477027276E-17, 0.06299212598425199539 ) ) ;
#2122 = ORIENTED_EDGE ( 'NONE', *, *, #852, .F. ) ;
ENDSEC;
END-ISO-10303-21;
