ISO-10303-21;
HEADER;
FILE_DESCRIPTION (( 'STEP AP203' ),
    '1' );
FILE_NAME ('92981A207_Alloy Steel Shoulder Screws.STEP',
    '2026-02-24T14:22:59',
    ( 'McMaster Carr Supply' ),
    ( 'McMaster Carr Supply' ),
    'SwSTEP 2.0',
    'SolidWorks 2024',
    '' );
FILE_SCHEMA (( 'CONFIG_CONTROL_DESIGN' ));
ENDSEC;

DATA;
#1 = EDGE_LOOP ( 'NONE', ( #1875, #1485, #39, #2682 ) ) ;
#2 = CARTESIAN_POINT ( 'NONE',  ( 3.673940397442064798E-16, 3.000000000000002220, 33.61350000000000193 ) ) ;
#3 = CARTESIAN_POINT ( 'NONE',  ( 1.662041016787797254, -1.662041016787797920, -24.48850000000002680 ) ) ;
#4 = CARTESIAN_POINT ( 'NONE',  ( 2.159593620790630553, -2.159593620790631441, -26.95725000000000904 ) ) ;
#5 = EDGE_CURVE ( 'NONE', #3376, #599, #2078, .T. ) ;
#6 = VECTOR ( 'NONE', #3149, 1000.000000000000000 ) ;
#7 = CARTESIAN_POINT ( 'NONE',  ( -1.662041016787800363, -1.662041016787794590, -30.73850000000001259 ) ) ;
#8 = DIRECTION ( 'NONE',  ( 1.000000000000000000, 1.538701082689273379E-13, 0.000000000000000000 ) ) ;
#9 = CARTESIAN_POINT ( 'NONE',  ( -2.350480947161671885, 0.9736010864139226229, -30.80100000000001614 ) ) ;
#10 = CARTESIAN_POINT ( 'NONE',  ( 2.350480947161668777, -0.9736010864139296173, -24.42600000000002680 ) ) ;
#11 = CARTESIAN_POINT ( 'NONE',  ( -1.834360261554194960, 2.224444930461136671, -24.57389101904536943 ) ) ;
#12 = AXIS2_PLACEMENT_3D ( 'NONE', #623, #353, #57 ) ;
#13 = EDGE_CURVE ( 'NONE', #2933, #1266, #1790, .T. ) ;
#14 = DIRECTION ( 'NONE',  ( -0.000000000000000000, -0.000000000000000000, 1.000000000000000000 ) ) ;
#15 = EDGE_LOOP ( 'NONE', ( #1719, #3023 ) ) ;
#16 = CARTESIAN_POINT ( 'NONE',  ( 1.242640687119285881, -3.000000000000003553, -31.05099999999999838 ) ) ;
#17 = FACE_OUTER_BOUND ( 'NONE', #2275, .T. ) ;
#18 = CARTESIAN_POINT ( 'NONE',  ( -2.350480947161671885, -1.576539260404073400E-16, -25.73850000000002680 ) ) ;
#19 = ORIENTED_EDGE ( 'NONE', *, *, #5, .F. ) ;
#20 = CARTESIAN_POINT ( 'NONE',  ( 1.265060653844735095, 3.054126587736527565, -23.58225000000005878 ) ) ;
#21 = ORIENTED_EDGE ( 'NONE', *, *, #469, .T. ) ;
#22 = DIRECTION ( 'NONE',  ( -0.000000000000000000, 8.971971810740515560E-18, 1.000000000000000000 ) ) ;
#23 = CARTESIAN_POINT ( 'NONE',  ( -2.159593620790630997, -2.159593620790630997, -34.14475000000003035 ) ) ;
#24 = CARTESIAN_POINT ( 'NONE',  ( 0.000000000000000000, 3.054126587736528453, -26.58225000000000904 ) ) ;
#25 = CARTESIAN_POINT ( 'NONE',  ( 2.350480947161671885, -6.635754007129726310E-15, -30.36350000000001614 ) ) ;
#26 = FACE_OUTER_BOUND ( 'NONE', #3498, .T. ) ;
#27 = CARTESIAN_POINT ( 'NONE',  ( 0.000000000000000000, 2.350480947161671441, -30.98850000000001259 ) ) ;
#28 = CARTESIAN_POINT ( 'NONE',  ( -2.350480947161671885, 9.937496613189447546E-16, -31.73850000000000904 ) ) ;
#29 = CYLINDRICAL_SURFACE ( 'NONE', #1178, 3.807000000000002160 ) ;
#30 = CARTESIAN_POINT ( 'NONE',  ( 1.662041016787795478, -1.662041016787799252, -26.48850000000002325 ) ) ;
#31 = EDGE_LOOP ( 'NONE', ( #1316, #2810 ) ) ;
#32 = EDGE_CURVE ( 'NONE', #1262, #102, #1309, .T. ) ;
#33 = CARTESIAN_POINT ( 'NONE',  ( 1.347715639888709793, 2.475900136933008255, -32.46051884534696086 ) ) ;
#34 = CARTESIAN_POINT ( 'NONE',  ( 0.000000000000000000, 3.000000000000001776, -28.48850000000004457 ) ) ;
#35 =( BOUNDED_CURVE ( )  B_SPLINE_CURVE ( 2, ( #1400, #570, #3617, #609, #1696, #2858, #1947, #3328, #1926 ),
 .UNSPECIFIED., .F., .F. ) 
 B_SPLINE_CURVE_WITH_KNOTS ( ( 3, 2, 2, 2, 3 ),
 ( 0.6363636363636365756, 0.6477272727272729291, 0.6590909090909092827, 0.6704545454545454142, 0.6818181818181818787 ),
 .UNSPECIFIED. ) 
 CURVE ( )  GEOMETRIC_REPRESENTATION_ITEM ( )  RATIONAL_B_SPLINE_CURVE ( ( 0.9999999999999985567, 0.9238795325112881818, 1.000000000000000000, 0.9238795325112867385, 1.000000000000000000, 0.9238795325112867385, 1.000000000000000000, 0.9238795325112867385, 1.000000000000000000 ) ) 
 REPRESENTATION_ITEM ( '' )  );
#36 = CARTESIAN_POINT ( 'NONE',  ( 1.662041016787797254, -1.662041016787797920, -23.36350000000003035 ) ) ;
#37 = ORIENTED_EDGE ( 'NONE', *, *, #2746, .F. ) ;
#38 = CARTESIAN_POINT ( 'NONE',  ( 2.000000000000000000, 1.154700538379252128, 30.61350000000000549 ) ) ;
#39 = ORIENTED_EDGE ( 'NONE', *, *, #1490, .T. ) ;
#40 = CARTESIAN_POINT ( 'NONE',  ( -3.054126587736528897, -1.265060653844732652, -29.26975000000000193 ) ) ;
#41 = LINE ( 'NONE', #2279, #1873 ) ;
#42 = DIRECTION ( 'NONE',  ( -0.8660254037844388186, 0.4999999999999997224, 0.000000000000000000 ) ) ;
#43 = CARTESIAN_POINT ( 'NONE',  ( 1.662041016787797254, -1.662041016787797920, -32.36350000000000904 ) ) ;
#44 = CARTESIAN_POINT ( 'NONE',  ( 1.662041016787797476, -1.662041016787797698, -30.36350000000001259 ) ) ;
#45 = CARTESIAN_POINT ( 'NONE',  ( -0.7194655776044128759, 2.838633325932987006, -24.61917773044582347 ) ) ;
#46 = LINE ( 'NONE', #2265, #584 ) ;
#47 = ORIENTED_EDGE ( 'NONE', *, *, #1174, .T. ) ;
#48 = DIRECTION ( 'NONE',  ( -0.000000000000000000, 8.971971810740515560E-18, 1.000000000000000000 ) ) ;
#49 = CARTESIAN_POINT ( 'NONE',  ( 1.190144236522650400E-12, 2.947428508036754380, -24.64385216503675480 ) ) ;
#50 = EDGE_CURVE ( 'NONE', #102, #1987, #2782, .T. ) ;
#51 = CARTESIAN_POINT ( 'NONE',  ( -1.662041016787797476, -1.662041016787797476, -24.61350000000002680 ) ) ;
#52 = ORIENTED_EDGE ( 'NONE', *, *, #2592, .T. ) ;
#53 =( BOUNDED_CURVE ( )  B_SPLINE_CURVE ( 2, ( #443, #186, #1529, #3253, #3452, #2366, #2077, #3204, #688 ),
 .UNSPECIFIED., .F., .F. ) 
 B_SPLINE_CURVE_WITH_KNOTS ( ( 3, 2, 2, 2, 3 ),
 ( 0.1590909090909089774, 0.1704545454545453587, 0.1818181818181817955, 0.1931818181818181768, 0.2045454545454545858 ),
 .UNSPECIFIED. ) 
 CURVE ( )  GEOMETRIC_REPRESENTATION_ITEM ( )  RATIONAL_B_SPLINE_CURVE ( ( 1.000000000000000666, 0.9238795325112859613, 1.000000000000000000, 0.9238795325112867385, 1.000000000000000000, 0.9238795325112867385, 1.000000000000000000, 0.9238795325112865164, 1.000000000000000222 ) ) 
 REPRESENTATION_ITEM ( '' )  );
#54 = ORIENTED_EDGE ( 'NONE', *, *, #1421, .F. ) ;
#55 = CARTESIAN_POINT ( 'NONE',  ( 0.000000000000000000, -2.058233259156977999E-15, 33.61350000000000193 ) ) ;
#56 = CARTESIAN_POINT ( 'NONE',  ( 3.054126587736528009, -1.265060653844735095, -23.89475000000001970 ) ) ;
#57 = DIRECTION ( 'NONE',  ( 1.000000000000000000, 0.000000000000000000, 0.000000000000000000 ) ) ;
#58 = CARTESIAN_POINT ( 'NONE',  ( 0.000000000000000000, -6.499999999999999112, 33.61350000000000193 ) ) ;
#59 = CARTESIAN_POINT ( 'NONE',  ( -1.265060653844732652, 3.054126587736528453, -30.45725000000004101 ) ) ;
#60 = CARTESIAN_POINT ( 'NONE',  ( -3.673940397442062333E-16, -3.000000000000002665, -31.11349999999999838 ) ) ;
#61 = CARTESIAN_POINT ( 'NONE',  ( -1.711679955782872131, -2.095949252047565992, -24.39639085436018107 ) ) ;
#62 = APPROVAL_PERSON_ORGANIZATION ( #239, #1037, #2219 ) ;
#63 = AXIS2_PLACEMENT_3D ( 'NONE', #359, #1204, #1735 ) ;
#64 = DIRECTION ( 'NONE',  ( -0.000000000000000000, -0.000000000000000000, 1.000000000000000000 ) ) ;
#65 = ORIENTED_EDGE ( 'NONE', *, *, #992, .T. ) ;
#66 = LINE ( 'NONE', #2879, #2653 ) ;
#67 = CARTESIAN_POINT ( 'NONE',  ( -2.121320343559644606, 2.121320343559644162, -28.36350000000004101 ) ) ;
#68 = AXIS2_PLACEMENT_3D ( 'NONE', #730, #1781, #717 ) ;
#69 = VECTOR ( 'NONE', #1598, 1000.000000000000227 ) ;
#70 = CARTESIAN_POINT ( 'NONE',  ( 0.000000000000000000, 2.350480947161671441, -23.98850000000003035 ) ) ;
#71 = ORIENTED_EDGE ( 'NONE', *, *, #846, .F. ) ;
#72 = CARTESIAN_POINT ( 'NONE',  ( 1.662041016787800141, 1.662041016787794145, -31.23850000000001259 ) ) ;
#73 = ORIENTED_EDGE ( 'NONE', *, *, #1642, .F. ) ;
#74 = CARTESIAN_POINT ( 'NONE',  ( -3.000000000000002665, 1.242640687119286103, -27.30100000000004457 ) ) ;
#75 = CARTESIAN_POINT ( 'NONE',  ( -1.265060653844732652, 3.054126587736528453, -23.51975000000001614 ) ) ;
#76 = EDGE_CURVE ( 'NONE', #1266, #381, #3542, .T. ) ;
#77 = CARTESIAN_POINT ( 'NONE',  ( -2.350480947161673662, 0.9736010864139191812, -26.80100000000002325 ) ) ;
#78 = PLANE ( 'NONE',  #3333 ) ;
#79 = CARTESIAN_POINT ( 'NONE',  ( -3.740226349862368230E-16, -3.054126587736529341, -29.01975000000004101 ) ) ;
#80 = CARTESIAN_POINT ( 'NONE',  ( -2.014956277878866018E-15, -2.350480947161672329, -30.48850000000001259 ) ) ;
#81 = CARTESIAN_POINT ( 'NONE',  ( 0.9736010864139247323, 2.350480947161670553, -25.05100000000002325 ) ) ;
#82 = DIRECTION ( 'NONE',  ( 0.000000000000000000, -1.000000000000000000, 0.000000000000000000 ) ) ;
#83 = VERTEX_POINT ( 'NONE', #551 ) ;
#84 = DIRECTION ( 'NONE',  ( 0.000000000000000000, -1.000000000000000000, 0.000000000000000000 ) ) ;
#85 = DIRECTION ( 'NONE',  ( 0.000000000000000000, -1.000000000000000000, 0.000000000000000000 ) ) ;
#86 = ORIENTED_EDGE ( 'NONE', *, *, #3080, .F. ) ;
#87 = CARTESIAN_POINT ( 'NONE',  ( 2.473026490501998964, -0.2729897130731901433, -24.17905999390721661 ) ) ;
#88 = EDGE_LOOP ( 'NONE', ( #2154, #2954 ) ) ;
#89 = CARTESIAN_POINT ( 'NONE',  ( -1.265060653844732652, 3.054126587736528453, -33.45725000000003746 ) ) ;
#90 = CARTESIAN_POINT ( 'NONE',  ( 2.121320343559644162, -2.121320343559645050, -25.98850000000001259 ) ) ;
#91 = ORIENTED_EDGE ( 'NONE', *, *, #3500, .T. ) ;
#92 = CYLINDRICAL_SURFACE ( 'NONE', #127, 3.000000000000004441 ) ;
#93 = CARTESIAN_POINT ( 'NONE',  ( 0.000000000000000000, 3.054126587736528453, -25.58225000000001614 ) ) ;
#94 = EDGE_CURVE ( 'NONE', #2883, #3357, #792, .T. ) ;
#95 = CARTESIAN_POINT ( 'NONE',  ( 0.000000000000000000, 3.000000000000001776, -26.61350000000000904 ) ) ;
#96 = CARTESIAN_POINT ( 'NONE',  ( -2.878508968398380237E-16, -2.350480947161672329, -31.61350000000000904 ) ) ;
#97 = CARTESIAN_POINT ( 'NONE',  ( -1.265060653844732652, 3.054126587736528453, -29.45725000000004457 ) ) ;
#98 = EDGE_CURVE ( 'NONE', #1585, #1648, #1017, .T. ) ;
#99 = CARTESIAN_POINT ( 'NONE',  ( 2.350480947161671885, -6.635754007129726310E-15, -30.23850000000001614 ) ) ;
#100 = CYLINDRICAL_SURFACE ( 'NONE', #2292, 2.350480947161671885 ) ;
#101 = CARTESIAN_POINT ( 'NONE',  ( 2.168404344971008868E-16, 2.309401076758503368, 33.61350000000000193 ) ) ;
#102 = VERTEX_POINT ( 'NONE', #3001 ) ;
#103 = CARTESIAN_POINT ( 'NONE',  ( -3.859135165941678291E-13, 2.508047345490167057, -24.20447100249020522 ) ) ;
#104 = CARTESIAN_POINT ( 'NONE',  ( 1.662041016787797698, 1.662041016787796588, -24.11350000000003035 ) ) ;
#105 = ORIENTED_EDGE ( 'NONE', *, *, #2729, .T. ) ;
#106 = CARTESIAN_POINT ( 'NONE',  ( 2.350480947161671441, -0.9736010864139245102, -23.42600000000003746 ) ) ;
#107 = CARTESIAN_POINT ( 'NONE',  ( 2.121320343559644162, -2.121320343559645050, -26.86350000000004457 ) ) ;
#108 = ORIENTED_EDGE ( 'NONE', *, *, #1715, .F. ) ;
#109 = DIRECTION ( 'NONE',  ( 1.224646799147352961E-16, 1.000000000000000000, 0.000000000000000000 ) ) ;
#110 = CARTESIAN_POINT ( 'NONE',  ( 3.054126587736528897, -8.626133269396815863E-16, -22.83225000000001970 ) ) ;
#111 = CARTESIAN_POINT ( 'NONE',  ( 0.000000000000000000, -3.015793744603263765E-16, -33.61350000000000193 ) ) ;
#112 = CARTESIAN_POINT ( 'NONE',  ( 1.662041016787797254, -1.662041016787797920, -30.48850000000001259 ) ) ;
#113 = CARTESIAN_POINT ( 'NONE',  ( 3.054126587736528453, 1.265060653844733096, -30.70725000000004101 ) ) ;
#114 = CARTESIAN_POINT ( 'NONE',  ( 1.662041016787796366, -1.662041016787798364, -28.36350000000001614 ) ) ;
#115 = DIRECTION ( 'NONE',  ( 1.000000000000000000, 0.000000000000000000, 0.000000000000000000 ) ) ;
#116 = EDGE_CURVE ( 'NONE', #1792, #194, #2408, .T. ) ;
#117 = CARTESIAN_POINT ( 'NONE',  ( -0.9736010864139149623, 2.350480947161674550, -26.05100000000002680 ) ) ;
#118 = VERTEX_POINT ( 'NONE', #2164 ) ;
#119 = CARTESIAN_POINT ( 'NONE',  ( 2.121320343559644606, 2.121320343559643273, -30.61350000000004101 ) ) ;
#120 = AXIS2_PLACEMENT_3D ( 'NONE', #2950, #2113, #1526 ) ;
#121 = AXIS2_PLACEMENT_3D ( 'NONE', #1343, #2468, #3582 ) ;
#122 = ADVANCED_FACE ( 'NONE', ( #1397 ), #2521, .T. ) ;
#123 = CARTESIAN_POINT ( 'NONE',  ( 0.9736010864139168497, -2.350480947161674994, -29.42600000000001614 ) ) ;
#124 = ORIENTED_EDGE ( 'NONE', *, *, #2867, .T. ) ;
#125 = CARTESIAN_POINT ( 'NONE',  ( 0.9736010864139224008, -2.350480947161673217, -24.55100000000002680 ) ) ;
#126 = CARTESIAN_POINT ( 'NONE',  ( 3.000000000000001776, -1.242640687119288545, -24.92600000000001259 ) ) ;
#127 = AXIS2_PLACEMENT_3D ( 'NONE', #3535, #371, #2406 ) ;
#128 = ORIENTED_EDGE ( 'NONE', *, *, #1691, .F. ) ;
#129 = CONICAL_SURFACE ( 'NONE', #2831, 2.309401076758502924, 0.7853981633974500554 ) ;
#130 = CARTESIAN_POINT ( 'NONE',  ( 3.054126587736528453, 1.265060653844733096, -23.76975000000001614 ) ) ;
#131 = DIRECTION ( 'NONE',  ( -0.000000000000000000, 8.971971810740515560E-18, 1.000000000000000000 ) ) ;
#132 = CARTESIAN_POINT ( 'NONE',  ( 2.350480947161671885, -7.333557197200833873E-16, -30.36350000000001614 ) ) ;
#133 = CARTESIAN_POINT ( 'NONE',  ( -2.159593620790630997, 2.159593620790630553, -31.39475000000003391 ) ) ;
#134 = DIRECTION ( 'NONE',  ( 0.000000000000000000, 0.000000000000000000, 1.000000000000000000 ) ) ;
#135 = FACE_BOUND ( 'NONE', #1755, .T. ) ;
#136 = AXIS2_PLACEMENT_3D ( 'NONE', #2917, #3476, #3456 ) ;
#137 = CARTESIAN_POINT ( 'NONE',  ( 0.000000000000000000, -3.807000000000004380, 25.12350000000001060 ) ) ;
#138 = CARTESIAN_POINT ( 'NONE',  ( -0.9736010864139328369, -2.350480947161667888, -25.67600000000002680 ) ) ;
#139 = CARTESIAN_POINT ( 'NONE',  ( -2.350480947161671885, -1.372847762048833127E-17, -33.61350000000000193 ) ) ;
#140 = CARTESIAN_POINT ( 'NONE',  ( 0.000000000000000000, -8.673617379884035472E-16, 33.61350000000000193 ) ) ;
#141 = EDGE_CURVE ( 'NONE', #2405, #789, #2146, .T. ) ;
#142 = CARTESIAN_POINT ( 'NONE',  ( -3.673940397442062333E-16, -3.000000000000002665, -24.98850000000005167 ) ) ;
#143 = ORIENTED_EDGE ( 'NONE', *, *, #2671, .F. ) ;
#144 = CARTESIAN_POINT ( 'NONE',  ( 0.000000000000000000, 3.054126587736528453, -32.51975000000003746 ) ) ;
#145 = CARTESIAN_POINT ( 'NONE',  ( -2.121320343559644606, -2.121320343559644606, -28.23850000000000549 ) ) ;
#146 = ADVANCED_FACE ( 'NONE', ( #2784 ), #3269, .T. ) ;
#147 = ORIENTED_EDGE ( 'NONE', *, *, #3591, .T. ) ;
#148 = CARTESIAN_POINT ( 'NONE',  ( -1.662041016787797476, -1.662041016787797476, -33.61350000000000193 ) ) ;
#149 = DIRECTION ( 'NONE',  ( -0.000000000000000000, 8.971971810740515560E-18, 1.000000000000000000 ) ) ;
#150 = CARTESIAN_POINT ( 'NONE',  ( -2.350480947161671885, 0.9736010864139226229, -31.92600000000000904 ) ) ;
#151 = CARTESIAN_POINT ( 'NONE',  ( -2.159593620790630997, -2.159593620790630997, -25.14475000000005167 ) ) ;
#152 = CARTESIAN_POINT ( 'NONE',  ( 0.000000000000000000, 3.000000000000001776, -26.61350000000000904 ) ) ;
#153 = LINE ( 'NONE', #3510, #238 ) ;
#154 = CARTESIAN_POINT ( 'NONE',  ( 0.000000000000000000, -3.000000000000006661, 33.61350000000000193 ) ) ;
#155 = CARTESIAN_POINT ( 'NONE',  ( -2.350480947161671885, -3.030342766532892963E-16, -26.86350000000002325 ) ) ;
#156 = CARTESIAN_POINT ( 'NONE',  ( -3.000000000000002665, 1.242640687119286103, -30.30100000000003746 ) ) ;
#157 = EDGE_LOOP ( 'NONE', ( #925, #1075, #3619, #3474 ) ) ;
#158 = CARTESIAN_POINT ( 'NONE',  ( 1.242640687119297649, 2.999999999999992006, -26.55100000000005167 ) ) ;
#159 = EDGE_CURVE ( 'NONE', #270, #3465, #404, .T. ) ;
#160 = ORIENTED_EDGE ( 'NONE', *, *, #1310, .T. ) ;
#161 = AXIS2_PLACEMENT_3D ( 'NONE', #1167, #829, #1952 ) ;
#162 = CYLINDRICAL_SURFACE ( 'NONE', #2999, 6.499999999999997335 ) ;
#163 = CARTESIAN_POINT ( 'NONE',  ( -1.662041016787797476, -1.662041016787797476, -29.73850000000001614 ) ) ;
#164 = CARTESIAN_POINT ( 'NONE',  ( 2.121320343559644606, 2.121320343559643273, -29.61350000000003391 ) ) ;
#165 = CARTESIAN_POINT ( 'NONE',  ( -2.159593620790630997, 2.159593620790630553, -30.45725000000000193 ) ) ;
#166 = CIRCLE ( 'NONE', #2754, 2.476191000000002695 ) ;
#167 = DIRECTION ( 'NONE',  ( -0.000000000000000000, -0.000000000000000000, 1.000000000000000000 ) ) ;
#168 = CARTESIAN_POINT ( 'NONE',  ( 0.9736010864139231780, -2.350480947161672329, -25.55100000000002680 ) ) ;
#169 = CARTESIAN_POINT ( 'NONE',  ( 2.000000000000000000, -0.9758125830635386855, 33.52405602234215110 ) ) ;
#170 = DIRECTION ( 'NONE',  ( -0.4999999999999998890, 0.8660254037844387076, 0.000000000000000000 ) ) ;
#171 = CARTESIAN_POINT ( 'NONE',  ( 1.963213846952575947, -1.623009493250530566, -24.23848497479114528 ) ) ;
#172 = ORIENTED_EDGE ( 'NONE', *, *, #1974, .F. ) ;
#173 = CARTESIAN_POINT ( 'NONE',  ( -1.282418224926284989, 2.617409156229087763, -32.36380444540874635 ) ) ;
#174 = DIRECTION ( 'NONE',  ( 1.000000000000000000, 0.000000000000000000, 0.000000000000000000 ) ) ;
#175 = CIRCLE ( 'NONE', #358, 2.476191000000003140 ) ;
#176 = VERTEX_POINT ( 'NONE', #1451 ) ;
#177 = CIRCLE ( 'NONE', #1236, 6.174999999999996270 ) ;
#178 = AXIS2_PLACEMENT_3D ( 'NONE', #308, #773, #1892 ) ;
#179 = ADVANCED_FACE ( 'NONE', ( #26 ), #2581, .F. ) ;
#180 = CARTESIAN_POINT ( 'NONE',  ( -3.000000000000002220, -1.178823545882232598E-16, -31.23850000000003746 ) ) ;
#181 = CARTESIAN_POINT ( 'NONE',  ( -2.878508968398380237E-16, -2.350480947161672329, -28.61350000000001614 ) ) ;
#182 = DIRECTION ( 'NONE',  ( 8.659560562354955045E-17, -0.7071067811865492381, -0.7071067811865457964 ) ) ;
#183 = CARTESIAN_POINT ( 'NONE',  ( 2.350480947161661227, 0.9736010864139317267, -29.17600000000000904 ) ) ;
#184 = PRODUCT_DEFINITION ( 'UNKNOWN', '', #2109, #502 ) ;
#185 = EDGE_CURVE ( 'NONE', #2194, #3230, #2280, .T. ) ;
#186 = CARTESIAN_POINT ( 'NONE',  ( 2.350480947161679879, 0.9736010864139152954, -32.17600000000000904 ) ) ;
#187 = EDGE_LOOP ( 'NONE', ( #908, #3170, #2085, #1245 ) ) ;
#188 = CARTESIAN_POINT ( 'NONE',  ( 1.242640687119266785, -3.000000000000021316, -30.92600000000003391 ) ) ;
#189 = CARTESIAN_POINT ( 'NONE',  ( 0.000000000000000000, -8.673617379884035472E-16, 33.61350000000000193 ) ) ;
#190 = CARTESIAN_POINT ( 'NONE',  ( 2.350480947161671885, -3.015793744603263765E-16, -33.61350000000000193 ) ) ;
#191 = ORIENTED_EDGE ( 'NONE', *, *, #2495, .T. ) ;
#192 = CARTESIAN_POINT ( 'NONE',  ( 4.898587196589412829E-16, 3.999999999999996447, 25.12350000000001060 ) ) ;
#193 = CARTESIAN_POINT ( 'NONE',  ( 2.350480947161671885, -6.060052213450049967E-15, -31.36350000000000904 ) ) ;
#194 = VERTEX_POINT ( 'NONE', #1183 ) ;
#195 = EDGE_LOOP ( 'NONE', ( #2419, #2139, #3087, #2717 ) ) ;
#196 = VERTEX_POINT ( 'NONE', #2891 ) ;
#197 = PLANE ( 'NONE',  #2536 ) ;
#198 = CARTESIAN_POINT ( 'NONE',  ( -2.878508968398380237E-16, -2.350480947161672329, -26.61350000000002325 ) ) ;
#199 = APPROVAL_STATUS ( 'not_yet_approved' ) ;
#200 = CARTESIAN_POINT ( 'NONE',  ( 3.054126587736528897, -8.626133269396815863E-16, -32.83224999999999483 ) ) ;
#201 = EDGE_CURVE ( 'NONE', #285, #3179, #3416, .T. ) ;
#202 = CARTESIAN_POINT ( 'NONE',  ( -1.242640687119342058, -2.999999999999947153, -32.17600000000000193 ) ) ;
#203 = CARTESIAN_POINT ( 'NONE',  ( -0.8204602706418588909, 1.835708118644033604, 33.31241902722913295 ) ) ;
#204 = CARTESIAN_POINT ( 'NONE',  ( -1.662041016787802583, -1.662041016787791925, -24.61350000000002680 ) ) ;
#205 = DIRECTION ( 'NONE',  ( -0.000000000000000000, -0.000000000000000000, 1.000000000000000000 ) ) ;
#206 = CARTESIAN_POINT ( 'NONE',  ( -2.121320343559644606, -2.121320343559644606, -26.11350000000004812 ) ) ;
#207 = ORIENTED_EDGE ( 'NONE', *, *, #2762, .T. ) ;
#208 = CARTESIAN_POINT ( 'NONE',  ( -3.673940397442062333E-16, -3.000000000000002665, -28.98850000000003746 ) ) ;
#209 = FACE_OUTER_BOUND ( 'NONE', #1, .T. ) ;
#210 = PERSON ( 'UNSPECIFIED', 'UNSPECIFIED', 'UNSPECIFIED', ('UNSPECIFIED'), ('UNSPECIFIED'), ('UNSPECIFIED') ) ;
#211 = UNCERTAINTY_MEASURE_WITH_UNIT (LENGTH_MEASURE( 1.000000000000000082E-05 ), #3283, 'distance_accuracy_value', 'NONE');
#212 = EDGE_LOOP ( 'NONE', ( #526, #1462, #1649, #708 ) ) ;
#213 = CARTESIAN_POINT ( 'NONE',  ( -2.159593620790630997, -2.159593620790630997, -27.14475000000004812 ) ) ;
#214 = CARTESIAN_POINT ( 'NONE',  ( -3.673940397442062333E-16, -3.000000000000002665, -30.98850000000003746 ) ) ;
#215 = CARTESIAN_POINT ( 'NONE',  ( -0.9736010864139230669, -2.350480947161672329, -25.67600000000002680 ) ) ;
#216 = CARTESIAN_POINT ( 'NONE',  ( 2.159593620790630997, 2.159593620790629664, -30.70725000000000193 ) ) ;
#217 =( BOUNDED_CURVE ( )  B_SPLINE_CURVE ( 2, ( #3475, #2786, #3019, #1106, #536, #513, #494, #10, #3327 ),
 .UNSPECIFIED., .F., .F. ) 
 B_SPLINE_CURVE_WITH_KNOTS ( ( 3, 2, 2, 2, 3 ),
 ( 0.8409090909090910504, 0.8522727272727274039, 0.8636363636363637575, 0.8750000000000000000, 0.8863636363636363535 ),
 .UNSPECIFIED. ) 
 CURVE ( )  GEOMETRIC_REPRESENTATION_ITEM ( )  RATIONAL_B_SPLINE_CURVE ( ( 0.9999999999999992228, 0.9238795325112875156, 1.000000000000000000, 0.9238795325112867385, 1.000000000000000000, 0.9238795325112867385, 1.000000000000000000, 0.9238795325112867385, 1.000000000000000000 ) ) 
 REPRESENTATION_ITEM ( '' )  );
#218 = DIRECTION ( 'NONE',  ( -0.000000000000000000, -0.000000000000000000, 1.000000000000000000 ) ) ;
#219 = CARTESIAN_POINT ( 'NONE',  ( -1.680970813925578788, 1.338892124838666042, 33.44493495263412086 ) ) ;
#220 = EDGE_CURVE ( 'NONE', #1175, #1833, #1693, .T. ) ;
#221 = CARTESIAN_POINT ( 'NONE',  ( -0.9736010864139245102, -2.350480947161671441, -32.67600000000000904 ) ) ;
#222 = CARTESIAN_POINT ( 'NONE',  ( -0.9736010864139245102, -2.350480947161671441, -32.55100000000000904 ) ) ;
#223 = CARTESIAN_POINT ( 'NONE',  ( -3.673940397442062333E-16, -3.000000000000002665, -25.98850000000004812 ) ) ;
#224 = ORIENTED_EDGE ( 'NONE', *, *, #2173, .T. ) ;
#225 = EDGE_CURVE ( 'NONE', #504, #1757, #1156, .T. ) ;
#226 = CARTESIAN_POINT ( 'NONE',  ( -3.000000000000002220, -1.242640687119286103, -30.30100000000000193 ) ) ;
#227 = FACE_OUTER_BOUND ( 'NONE', #2309, .T. ) ;
#228 = CIRCLE ( 'NONE', #704, 4.000000000000003553 ) ;
#229 = APPROVAL ( #199, 'UNSPECIFIED' ) ;
#230 = ADVANCED_FACE ( 'NONE', ( #1124, #1160 ), #78, .F. ) ;
#231 = CARTESIAN_POINT ( 'NONE',  ( -2.878508968398380237E-16, -2.350480947161672329, -25.48850000000002325 ) ) ;
#232 = VERTEX_POINT ( 'NONE', #2243 ) ;
#233 = CARTESIAN_POINT ( 'NONE',  ( 2.159593620790630553, -2.159593620790631441, -25.89475000000004812 ) ) ;
#234 = VECTOR ( 'NONE', #14, 1000.000000000000000 ) ;
#235 = VERTEX_POINT ( 'NONE', #3397 ) ;
#236 = CARTESIAN_POINT ( 'NONE',  ( -1.662041016787797254, 1.662041016787797254, -29.86350000000001614 ) ) ;
#237 = CARTESIAN_POINT ( 'NONE',  ( -1.662041016787797476, -1.662041016787797476, -26.73850000000002325 ) ) ;
#238 = VECTOR ( 'NONE', #994, 1000.000000000000000 ) ;
#239 = PERSON_AND_ORGANIZATION ( #210, #1578 ) ;
#240 = CARTESIAN_POINT ( 'NONE',  ( 3.054126587736528009, -1.265060653844735095, -29.89475000000000193 ) ) ;
#241 = VECTOR ( 'NONE', #1311, 1000.000000000000000 ) ;
#242 = CARTESIAN_POINT ( 'NONE',  ( 5.181316143117084722E-15, 2.350480947161671441, -25.11350000000002325 ) ) ;
#243 = CARTESIAN_POINT ( 'NONE',  ( 0.000000000000000000, 2.350480947161671441, -32.98850000000000193 ) ) ;
#244 = CARTESIAN_POINT ( 'NONE',  ( -1.662041016787789705, 1.662041016787804804, -25.86350000000002680 ) ) ;
#245 = CARTESIAN_POINT ( 'NONE',  ( -0.3190291860744203234, -2.125209490299089676, 33.44493495263412797 ) ) ;
#246 = CARTESIAN_POINT ( 'NONE',  ( 0.000000000000000000, -2.058233259156977999E-15, 33.61350000000000193 ) ) ;
#247 = ORIENTED_EDGE ( 'NONE', *, *, #3349, .F. ) ;
#248 = CARTESIAN_POINT ( 'NONE',  ( 2.350480947161679879, 0.9736010864139145182, -31.17600000000001259 ) ) ;
#249 = DIRECTION ( 'NONE',  ( 0.000000000000000000, -1.000000000000000000, 0.000000000000000000 ) ) ;
#250 = EDGE_CURVE ( 'NONE', #2273, #1383, #638, .T. ) ;
#251 = CARTESIAN_POINT ( 'NONE',  ( -1.662041016787797476, 1.662041016787797254, -26.86350000000002325 ) ) ;
#252 = ORIENTED_EDGE ( 'NONE', *, *, #1638, .F. ) ;
#253 = ADVANCED_FACE ( 'NONE', ( #1745 ), #2548, .T. ) ;
#254 = CARTESIAN_POINT ( 'NONE',  ( 1.265060653844732430, -3.054126587736530674, -24.95725000000004812 ) ) ;
#255 = ORIENTED_EDGE ( 'NONE', *, *, #393, .T. ) ;
#256 = EDGE_CURVE ( 'NONE', #1313, #1387, #1016, .T. ) ;
#257 = CARTESIAN_POINT ( 'NONE',  ( -2.121320343559644606, 2.121320343559644162, -29.36350000000003746 ) ) ;
#258 = CARTESIAN_POINT ( 'NONE',  ( 2.350480947161671441, 0.9736010864139230669, -25.30100000000002325 ) ) ;
#259 = CARTESIAN_POINT ( 'NONE',  ( 1.265060653844732430, -3.054126587736530674, -28.01975000000000904 ) ) ;
#260 = CYLINDRICAL_SURFACE ( 'NONE', #3282, 2.350480947161671885 ) ;
#261 = CARTESIAN_POINT ( 'NONE',  ( -1.266834926533879937E-14, -2.350480947161672329, -26.48850000000002325 ) ) ;
#262 = CARTESIAN_POINT ( 'NONE',  ( -1.662041016787797476, -1.662041016787797476, -29.61350000000001614 ) ) ;
#263 = CARTESIAN_POINT ( 'NONE',  ( 2.350480947161671885, -8.938561181848428527E-15, -26.23850000000002325 ) ) ;
#264 = CARTESIAN_POINT ( 'NONE',  ( -0.9024830443571663086, -2.514285713856364346, -24.36151902989861640 ) ) ;
#265 = CARTESIAN_POINT ( 'NONE',  ( -3.673940397442062333E-16, -3.000000000000002665, -31.98850000000003035 ) ) ;
#266 = ORIENTED_EDGE ( 'NONE', *, *, #225, .F. ) ;
#267 = CARTESIAN_POINT ( 'NONE',  ( -1.662041016787797476, 1.662041016787797032, -30.86350000000001259 ) ) ;
#268 = CARTESIAN_POINT ( 'NONE',  ( -1.242640687119286769, -3.000000000000003109, -28.05100000000004457 ) ) ;
#269 = CARTESIAN_POINT ( 'NONE',  ( -1.662041016787797476, 1.662041016787797254, -28.86350000000001614 ) ) ;
#270 = VERTEX_POINT ( 'NONE', #2555 ) ;
#271 = CARTESIAN_POINT ( 'NONE',  ( 1.265060653844735095, 3.054126587736527565, -27.58225000000004457 ) ) ;
#272 = EDGE_CURVE ( 'NONE', #776, #3211, #2021, .T. ) ;
#273 = EDGE_LOOP ( 'NONE', ( #2489, #950, #3330, #620 ) ) ;
#274 = CARTESIAN_POINT ( 'NONE',  ( -3.000000000000002220, -1.178823545882232598E-16, -27.23850000000004457 ) ) ;
#275 = CARTESIAN_POINT ( 'NONE',  ( -2.878508968398380237E-16, -2.350480947161672329, -23.61350000000003035 ) ) ;
#276 = CARTESIAN_POINT ( 'NONE',  ( -3.000000000000002220, -1.178823545882232598E-16, -25.36350000000001614 ) ) ;
#277 = CARTESIAN_POINT ( 'NONE',  ( 2.159593620790630553, -2.159593620790631441, -28.95725000000000549 ) ) ;
#278 = EDGE_CURVE ( 'NONE', #3211, #1209, #2043, .T. ) ;
#279 = CARTESIAN_POINT ( 'NONE',  ( -1.170912023301344584, 1.633374704908101771, 33.30367475204327121 ) ) ;
#280 = CARTESIAN_POINT ( 'NONE',  ( -2.878508968398380237E-16, -2.350480947161672329, -30.48850000000001259 ) ) ;
#281 = CARTESIAN_POINT ( 'NONE',  ( -1.381975285269815206E-14, -2.350480947161672329, -24.48850000000002680 ) ) ;
#282 = DIRECTION ( 'NONE',  ( -0.000000000000000000, 8.971971810740515560E-18, 1.000000000000000000 ) ) ;
#283 = AXIS2_PLACEMENT_3D ( 'NONE', #1663, #501, #174 ) ;
#284 = CARTESIAN_POINT ( 'NONE',  ( 3.000000000000002220, -8.526704340766356772E-16, -31.73850000000003035 ) ) ;
#285 = VERTEX_POINT ( 'NONE', #38 ) ;
#286 = CARTESIAN_POINT ( 'NONE',  ( -2.000000000000000000, -1.154700538379251684, 30.61350000000000549 ) ) ;
#287 = CARTESIAN_POINT ( 'NONE',  ( -3.673940397442062333E-16, -3.000000000000002665, -31.98850000000003035 ) ) ;
#288 =( BOUNDED_CURVE ( )  B_SPLINE_CURVE ( 2, ( #451, #3175, #1569, #2354, #1004, #126, #2335, #1247, #2068 ),
 .UNSPECIFIED., .F., .T. ) 
 B_SPLINE_CURVE_WITH_KNOTS ( ( 3, 2, 2, 2, 3 ),
 ( 0.1892930675059615597, 0.1931818181818182323, 0.2045454545454546413, 0.2159090909090910226, 0.2272727272727274039 ),
 .UNSPECIFIED. ) 
 CURVE ( )  GEOMETRIC_REPRESENTATION_ITEM ( )  RATIONAL_B_SPLINE_CURVE ( ( 0.9657302101043536702, 0.9739508102933933653, 1.000000000000000000, 0.9238795325112867385, 1.000000000000000000, 0.9238795325112867385, 1.000000000000000000, 0.9238795325112859613, 1.000000000000000666 ) ) 
 REPRESENTATION_ITEM ( '' )  );
#289 = CARTESIAN_POINT ( 'NONE',  ( -0.9736010864139229559, 2.350480947161671441, -25.92600000000002680 ) ) ;
#290 = EDGE_LOOP ( 'NONE', ( #1891, #438, #962 ) ) ;
#291 = CARTESIAN_POINT ( 'NONE',  ( 3.000000000000001776, -1.242640687119288545, -25.92600000000001259 ) ) ;
#292 = ORIENTED_EDGE ( 'NONE', *, *, #2086, .T. ) ;
#293 = CARTESIAN_POINT ( 'NONE',  ( 2.121320343559644606, 2.121320343559643273, -28.61350000000004101 ) ) ;
#294 = CARTESIAN_POINT ( 'NONE',  ( 1.265060653844732430, -3.054126587736530674, -33.95725000000003035 ) ) ;
#295 = CARTESIAN_POINT ( 'NONE',  ( 3.054126587736528897, -8.626133269396815863E-16, -26.83225000000000904 ) ) ;
#296 = VECTOR ( 'NONE', #2228, 1000.000000000000000 ) ;
#297 = AXIS2_PLACEMENT_3D ( 'NONE', #335, #1450, #3182 ) ;
#298 = FACE_OUTER_BOUND ( 'NONE', #909, .T. ) ;
#299 = CARTESIAN_POINT ( 'NONE',  ( -2.350480947161671885, 9.937496613189447546E-16, -31.86350000000000904 ) ) ;
#300 = CARTESIAN_POINT ( 'NONE',  ( 2.350480947161671441, -0.9736010864139245102, -30.30100000000001970 ) ) ;
#301 = EDGE_CURVE ( 'NONE', #1914, #2176, #2805, .T. ) ;
#302 = DIRECTION ( 'NONE',  ( -0.000000000000000000, 8.971971810740515560E-18, 1.000000000000000000 ) ) ;
#303 = CARTESIAN_POINT ( 'NONE',  ( -0.8949366078540339497, 2.781576526013348261, -24.61268099239462259 ) ) ;
#304 = CIRCLE ( 'NONE', #1242, 0.2619045000000004841 ) ;
#305 = CARTESIAN_POINT ( 'NONE',  ( 2.000000000000000000, 1.154700538379250130, 33.61350000000000193 ) ) ;
#306 = VECTOR ( 'NONE', #1119, 1000.000000000000000 ) ;
#307 = ORIENTED_EDGE ( 'NONE', *, *, #2836, .F. ) ;
#308 = CARTESIAN_POINT ( 'NONE',  ( 0.000000000000000000, -2.061149149995468517E-15, 33.28849999999999909 ) ) ;
#309 = CARTESIAN_POINT ( 'NONE',  ( 0.000000000000000000, -3.807000000000005269, -22.38649999999999096 ) ) ;
#310 = DIRECTION ( 'NONE',  ( 0.000000000000000000, -1.000000000000000000, 0.000000000000000000 ) ) ;
#311 = EDGE_LOOP ( 'NONE', ( #1725, #1831 ) ) ;
#312 = CARTESIAN_POINT ( 'NONE',  ( -3.673940397442062333E-16, -3.000000000000002665, -24.98850000000005167 ) ) ;
#313 =( BOUNDED_CURVE ( )  B_SPLINE_CURVE ( 2, ( #496, #1615, #2745, #222, #1341, #2466, #3581, #1067, #2188 ),
 .UNSPECIFIED., .F., .T. ) 
 B_SPLINE_CURVE_WITH_KNOTS ( ( 3, 2, 2, 2, 3 ),
 ( 0.1136363636363633828, 0.1249999999999997780, 0.1363636363636361870, 0.1477272727272725961, 0.1590909090909089774 ),
 .UNSPECIFIED. ) 
 CURVE ( )  GEOMETRIC_REPRESENTATION_ITEM ( )  RATIONAL_B_SPLINE_CURVE ( ( 1.000000000000001776, 0.9238795325112850731, 1.000000000000000000, 0.9238795325112867385, 1.000000000000000000, 0.9238795325112867385, 1.000000000000000000, 0.9238795325112875156, 0.9999999999999992228 ) ) 
 REPRESENTATION_ITEM ( '' )  );
#314 = ORIENTED_EDGE ( 'NONE', *, *, #3011, .F. ) ;
#315 = CARTESIAN_POINT ( 'NONE',  ( 3.000000000000002220, -8.526704340766356772E-16, -24.73850000000004812 ) ) ;
#316 = CARTESIAN_POINT ( 'NONE',  ( 3.054126587736528009, -1.265060653844735095, -33.83225000000003035 ) ) ;
#317 = CARTESIAN_POINT ( 'NONE',  ( 1.265060653844732430, -3.054126587736530674, -30.01975000000000193 ) ) ;
#318 = CARTESIAN_POINT ( 'NONE',  ( 0.000000000000000000, -2.112065090021420846E-15, 27.61350000000000549 ) ) ;
#319 = CARTESIAN_POINT ( 'NONE',  ( 0.9736010864139231780, 2.350480947161671441, -28.05100000000002325 ) ) ;
#320 = CARTESIAN_POINT ( 'NONE',  ( -1.662041016787797476, 1.662041016787797254, -29.86350000000001614 ) ) ;
#321 = CARTESIAN_POINT ( 'NONE',  ( -2.185430472546346259, 0.8652481335639405913, -32.92343306008834247 ) ) ;
#322 = DIRECTION ( 'NONE',  ( -0.000000000000000000, 8.971971810740515560E-18, 1.000000000000000000 ) ) ;
#323 = EDGE_CURVE ( 'NONE', #601, #3125, #1389, .T. ) ;
#324 = CARTESIAN_POINT ( 'NONE',  ( 1.179539729358141331, 1.628393496493722337, 33.31241902722911874 ) ) ;
#325 = ORIENTED_EDGE ( 'NONE', *, *, #580, .F. ) ;
#326 = CARTESIAN_POINT ( 'NONE',  ( 0.7053145547367734025, -2.482409242939307870, -32.69929944979005398 ) ) ;
#327 = FACE_OUTER_BOUND ( 'NONE', #1212, .T. ) ;
#328 = CARTESIAN_POINT ( 'NONE',  ( -2.878508968398380237E-16, -2.350480947161672329, -23.48850000000003035 ) ) ;
#329 = ORIENTED_EDGE ( 'NONE', *, *, #1371, .T. ) ;
#330 = DIRECTION ( 'NONE',  ( -0.000000000000000000, -0.000000000000000000, 1.000000000000000000 ) ) ;
#331 = B_SPLINE_CURVE_WITH_KNOTS ( 'NONE', 3,
 ( #671, #864, #1788, #1166, #1220, #343, #33, #1458, #3404, #2916, #2288, #1206, #2348, #2008, #3388, #1148, #2551, #1752, #2846, #2329, #2897, #3455, #2267, #3119, #595, #1442, #1988, #1720, #326, #2606, #3438, #2061 ),
 .UNSPECIFIED., .F., .F.,
 ( 4, 2, 2, 2, 2, 2, 2, 2, 2, 2, 2, 2, 2, 2, 2, 4 ),
 ( 0.003939376511771238744, 0.004470332640023734136, 0.005001288768276228661, 0.005532244896528723185, 0.006063201024781217710, 0.006594157153033712235, 0.007125113281286205892, 0.008187025537791194074, 0.008717981666043688599, 0.009248937794296183124, 0.009779893922548677648, 0.01031085005080117391, 0.01084180617905366843, 0.01137276230730616469, 0.01190371843555865922, 0.01243467456381115027 ),
 .UNSPECIFIED. ) ;
#332 = ORIENTED_EDGE ( 'NONE', *, *, #159, .T. ) ;
#333 = LINE ( 'NONE', #1726, #1475 ) ;
#334 = CARTESIAN_POINT ( 'NONE',  ( 3.054126587736528009, -1.265060653844735095, -25.89475000000001259 ) ) ;
#335 = CARTESIAN_POINT ( 'NONE',  ( 0.000000000000000000, -2.560663680558446674E-15, -22.38649999999999807 ) ) ;
#336 = CARTESIAN_POINT ( 'NONE',  ( -2.350480947161671885, -8.787360703329654422E-16, -27.73850000000001970 ) ) ;
#337 = CARTESIAN_POINT ( 'NONE',  ( 2.159593620790630997, 2.159593620790629664, -30.64475000000004101 ) ) ;
#338 = CARTESIAN_POINT ( 'NONE',  ( -2.121320343559644606, 2.121320343559644162, -31.48850000000000193 ) ) ;
#339 = DIRECTION ( 'NONE',  ( 1.088025969788670414E-13, -0.7071067811865492381, 0.7071067811865457964 ) ) ;
#340 = EDGE_CURVE ( 'NONE', #789, #617, #1993, .T. ) ;
#341 = CARTESIAN_POINT ( 'NONE',  ( 2.000000000000000000, 1.154700538379250130, 33.61350000000000193 ) ) ;
#342 = ORIENTED_EDGE ( 'NONE', *, *, #1441, .T. ) ;
#343 = CARTESIAN_POINT ( 'NONE',  ( 1.193310451420043883, 2.561058545037545375, -32.45405890084172285 ) ) ;
#344 = CARTESIAN_POINT ( 'NONE',  ( -2.218793124028033414, 1.335946825957274209, -32.69106752821129191 ) ) ;
#345 = EDGE_CURVE ( 'NONE', #3125, #2156, #1685, .T. ) ;
#346 = CYLINDRICAL_SURFACE ( 'NONE', #1117, 2.350480947161671885 ) ;
#347 = EDGE_LOOP ( 'NONE', ( #573, #2237, #751, #722 ) ) ;
#348 = CARTESIAN_POINT ( 'NONE',  ( -2.121320343559644606, 2.121320343559644162, -25.36350000000004457 ) ) ;
#349 = EDGE_CURVE ( 'NONE', #2961, #1792, #772, .T. ) ;
#350 = ORIENTED_EDGE ( 'NONE', *, *, #1078, .T. ) ;
#351 = DIRECTION ( 'NONE',  ( 0.000000000000000000, -1.000000000000000000, 0.000000000000000000 ) ) ;
#352 = CARTESIAN_POINT ( 'NONE',  ( -3.054126587736528897, 1.265060653844732652, -25.39475000000001259 ) ) ;
#353 = DIRECTION ( 'NONE',  ( -0.000000000000000000, -0.000000000000000000, 1.000000000000000000 ) ) ;
#354 = CARTESIAN_POINT ( 'NONE',  ( -0.9736010864139229559, 2.350480947161671441, -34.05100000000000193 ) ) ;
#355 = CARTESIAN_POINT ( 'NONE',  ( -2.159593620790630997, -2.159593620790630997, -30.14475000000004101 ) ) ;
#356 = CARTESIAN_POINT ( 'NONE',  ( -1.761825904943965515, -1.738141557579499397, -32.80694104448730286 ) ) ;
#357 = DIRECTION ( 'NONE',  ( -0.000000000000000000, 8.971971810740515560E-18, 1.000000000000000000 ) ) ;
#358 = AXIS2_PLACEMENT_3D ( 'NONE', #1500, #2045, #924 ) ;
#359 = CARTESIAN_POINT ( 'NONE',  ( 0.000000000000000000, -2.112065090021420846E-15, 27.61350000000000549 ) ) ;
#360 = ORIENTED_EDGE ( 'NONE', *, *, #98, .T. ) ;
#361 = DIRECTION ( 'NONE',  ( 0.000000000000000000, 1.000000000000000000, -8.971971810740515560E-18 ) ) ;
#362 = CYLINDRICAL_SURFACE ( 'NONE', #1734, 3.000000000000004441 ) ;
#363 = VECTOR ( 'NONE', #3007, 1000.000000000000000 ) ;
#364 = CARTESIAN_POINT ( 'NONE',  ( -0.9736010864139230669, -2.350480947161672329, -23.55100000000002680 ) ) ;
#365 = ORIENTED_EDGE ( 'NONE', *, *, #2990, .T. ) ;
#366 = CARTESIAN_POINT ( 'NONE',  ( -2.121320343559644606, -2.121320343559644606, -26.23850000000001259 ) ) ;
#367 = EDGE_CURVE ( 'NONE', #2640, #3309, #1299, .T. ) ;
#368 =( BOUNDED_CURVE ( )  B_SPLINE_CURVE ( 2, ( #2908, #388, #2616, #2378, #2964, #2394, #1230, #405, #988 ),
 .UNSPECIFIED., .F., .F. ) 
 B_SPLINE_CURVE_WITH_KNOTS ( ( 3, 2, 2, 2, 3 ),
 ( 0.2045454545454545858, 0.2159090909090909949, 0.2272727272727274039, 0.2386363636363638130, 0.2500000000000002220 ),
 .UNSPECIFIED. ) 
 CURVE ( )  GEOMETRIC_REPRESENTATION_ITEM ( )  RATIONAL_B_SPLINE_CURVE ( ( 0.9999999999999997780, 0.9238795325112869605, 1.000000000000000000, 0.9238795325112867385, 1.000000000000000000, 0.9238795325112867385, 1.000000000000000000, 0.9238795325112852952, 1.000000000000001554 ) ) 
 REPRESENTATION_ITEM ( '' )  );
#369 = EDGE_CURVE ( 'NONE', #938, #3082, #288, .T. ) ;
#370 = ORIENTED_EDGE ( 'NONE', *, *, #3029, .F. ) ;
#371 = DIRECTION ( 'NONE',  ( -0.000000000000000000, 8.971971810740515560E-18, 1.000000000000000000 ) ) ;
#372 = CARTESIAN_POINT ( 'NONE',  ( 0.000000000000000000, 3.054126587736528453, -23.58225000000001970 ) ) ;
#373 = CARTESIAN_POINT ( 'NONE',  ( 2.350480947161671885, -3.015793744603263765E-16, -33.61350000000000193 ) ) ;
#374 = CARTESIAN_POINT ( 'NONE',  ( 1.265060653844735095, 3.054126587736527565, -30.58225000000003746 ) ) ;
#375 = CARTESIAN_POINT ( 'NONE',  ( -2.000000000000000444, 0.9760601099266498215, 33.52417978577371116 ) ) ;
#376 = CARTESIAN_POINT ( 'NONE',  ( 0.3190291860744207675, 2.125209490299088344, 33.44493495263412086 ) ) ;
#377 = ORIENTED_EDGE ( 'NONE', *, *, #987, .F. ) ;
#378 = DIRECTION ( 'NONE',  ( 0.000000000000000000, -8.971971810740515560E-18, -1.000000000000000000 ) ) ;
#379 = DIRECTION ( 'NONE',  ( -0.000000000000000000, -0.000000000000000000, 1.000000000000000000 ) ) ;
#380 = CARTESIAN_POINT ( 'NONE',  ( 2.456323189771528082, -0.4343308091788112835, -24.18560326706406371 ) ) ;
#381 = VERTEX_POINT ( 'NONE', #401 ) ;
#382 = CARTESIAN_POINT ( 'NONE',  ( 2.350480947161671441, 0.9736010864139230669, -23.30100000000003035 ) ) ;
#383 = PLANE ( 'NONE',  #699 ) ;
#384 = ORIENTED_EDGE ( 'NONE', *, *, #3590, .F. ) ;
#385 = EDGE_CURVE ( 'NONE', #3421, #2060, #2931, .T. ) ;
#386 = LINE ( 'NONE', #661, #3524 ) ;
#387 = CARTESIAN_POINT ( 'NONE',  ( -2.159593620790630997, -2.159593620790630997, -24.20725000000001614 ) ) ;
#388 = CARTESIAN_POINT ( 'NONE',  ( -2.350480947161670553, -0.9736010864139245102, -31.80100000000000904 ) ) ;
#389 = CARTESIAN_POINT ( 'NONE',  ( 0.000000000000000000, 2.350480947161671441, -32.11350000000000904 ) ) ;
#390 = CARTESIAN_POINT ( 'NONE',  ( -3.054126587736528897, -1.145680569672079404E-16, -28.26975000000004457 ) ) ;
#391 = LINE ( 'NONE', #3236, #998 ) ;
#392 = DIRECTION ( 'NONE',  ( -0.000000000000000000, -0.000000000000000000, 1.000000000000000000 ) ) ;
#393 = EDGE_CURVE ( 'NONE', #3387, #789, #571, .T. ) ;
#394 = CARTESIAN_POINT ( 'NONE',  ( -3.000000000000002220, 1.242640687119286103, -29.42600000000000549 ) ) ;
#395 = EDGE_LOOP ( 'NONE', ( #958, #2703 ) ) ;
#396 = DIRECTION ( 'NONE',  ( -0.000000000000000000, 8.971971810740515560E-18, 1.000000000000000000 ) ) ;
#397 = CARTESIAN_POINT ( 'NONE',  ( 0.000000000000000000, -2.738095500000006233, -22.64840450000000160 ) ) ;
#398 = CARTESIAN_POINT ( 'NONE',  ( -3.000000000000002665, -1.242640687119286103, -30.17600000000004101 ) ) ;
#399 = EDGE_LOOP ( 'NONE', ( #3152, #1058 ) ) ;
#400 = CARTESIAN_POINT ( 'NONE',  ( 0.000000000000000000, 2.350480947161671441, -24.11350000000003035 ) ) ;
#401 = CARTESIAN_POINT ( 'NONE',  ( -2.350480947161671885, 8.483693107060629956E-16, -24.86350000000002325 ) ) ;
#402 = VERTEX_POINT ( 'NONE', #2048 ) ;
#403 = CARTESIAN_POINT ( 'NONE',  ( -2.350480947161671885, 0.9736010864139226229, -33.80100000000000193 ) ) ;
#404 =( BOUNDED_CURVE ( )  B_SPLINE_CURVE ( 2, ( #2617, #3130, #2261, #319, #1713, #2855, #2322, #898, #336 ),
 .UNSPECIFIED., .F., .T. ) 
 B_SPLINE_CURVE_WITH_KNOTS ( ( 3, 2, 2, 2, 3 ),
 ( 0.5227272727272725961, 0.5340909090909089496, 0.5454545454545453032, 0.5568181818181816567, 0.5681818181818181213 ),
 .UNSPECIFIED. ) 
 CURVE ( )  GEOMETRIC_REPRESENTATION_ITEM ( )  RATIONAL_B_SPLINE_CURVE ( ( 1.000000000000000666, 0.9238795325112859613, 1.000000000000000000, 0.9238795325112867385, 1.000000000000000000, 0.9238795325112867385, 1.000000000000000000, 0.9238795325112875156, 0.9999999999999992228 ) ) 
 REPRESENTATION_ITEM ( '' )  );
#405 = CARTESIAN_POINT ( 'NONE',  ( 2.350480947161685208, -0.9736010864139107435, -31.42600000000000193 ) ) ;
#406 = CARTESIAN_POINT ( 'NONE',  ( -2.878508968398380237E-16, -2.350480947161672329, -32.61350000000000904 ) ) ;
#407 = CARTESIAN_POINT ( 'NONE',  ( 1.265060653844735095, 3.054126587736527565, -29.58225000000004101 ) ) ;
#408 = CARTESIAN_POINT ( 'NONE',  ( 2.121320343559644162, -2.121320343559645050, -31.98849999999999483 ) ) ;
#409 = FACE_OUTER_BOUND ( 'NONE', #290, .T. ) ;
#410 = ADVANCED_FACE ( 'NONE', ( #2902 ), #383, .F. ) ;
#411 = CARTESIAN_POINT ( 'NONE',  ( 0.9736010864139242882, 2.350480947161670997, -26.17600000000002325 ) ) ;
#412 = ORIENTED_EDGE ( 'NONE', *, *, #3326, .T. ) ;
#413 = CARTESIAN_POINT ( 'NONE',  ( 2.000000000000000000, -8.673617382503053677E-16, 33.30409892324150434 ) ) ;
#414 = CARTESIAN_POINT ( 'NONE',  ( 0.000000000000000000, -2.560663680558446674E-15, -22.38649999999999807 ) ) ;
#415 = VECTOR ( 'NONE', #182, 1000.000000000000114 ) ;
#416 = CONICAL_SURFACE ( 'NONE', #999, 2.476191000000002695, 0.7853981633974508325 ) ;
#417 = CARTESIAN_POINT ( 'NONE',  ( -2.350480947161666112, 0.9736010864139259535, -27.92600000000001970 ) ) ;
#418 = CIRCLE ( 'NONE', #2945, 3.807000000000002604 ) ;
#419 = VERTEX_POINT ( 'NONE', #948 ) ;
#420 = CARTESIAN_POINT ( 'NONE',  ( -3.054126587736528897, -1.265060653844732652, -32.20725000000003746 ) ) ;
#421 = CARTESIAN_POINT ( 'NONE',  ( 1.242640687119266785, -3.000000000000021316, -26.92600000000004457 ) ) ;
#422 = CONICAL_SURFACE ( 'NONE', #2169, 2.309401076758502924, 0.7853981633974500554 ) ;
#423 = ORIENTED_EDGE ( 'NONE', *, *, #2687, .F. ) ;
#424 = CARTESIAN_POINT ( 'NONE',  ( -0.9736010864139230669, -2.350480947161672329, -33.55100000000000193 ) ) ;
#425 = DIRECTION ( 'NONE',  ( -0.000000000000000000, 8.971971810740515560E-18, 1.000000000000000000 ) ) ;
#426 = CARTESIAN_POINT ( 'NONE',  ( 0.9736010864139224008, -2.350480947161673217, -30.55100000000001614 ) ) ;
#427 = CARTESIAN_POINT ( 'NONE',  ( 3.054126587736528453, 1.265060653844733096, -24.70725000000005167 ) ) ;
#428 = LINE ( 'NONE', #1512, #3169 ) ;
#429 = CARTESIAN_POINT ( 'NONE',  ( 2.350480947161671885, -8.938561181848428527E-15, -26.36350000000002325 ) ) ;
#430 = CARTESIAN_POINT ( 'NONE',  ( 2.321537282581877193, 0.6143597098897748410, -24.17261465700001466 ) ) ;
#431 = ORIENTED_EDGE ( 'NONE', *, *, #1881, .F. ) ;
#432 = EDGE_CURVE ( 'NONE', #3393, #2643, #2922, .T. ) ;
#433 = CARTESIAN_POINT ( 'NONE',  ( 2.000000000000000000, -0.4015140368782388891, 33.33560048652867636 ) ) ;
#434 = CARTESIAN_POINT ( 'NONE',  ( 1.242640687119269449, 3.000000000000018208, -27.55100000000003746 ) ) ;
#435 = CARTESIAN_POINT ( 'NONE',  ( -2.350480947161671885, -2.030139657692317537E-15, -29.73850000000001614 ) ) ;
#436 = ORIENTED_EDGE ( 'NONE', *, *, #432, .F. ) ;
#437 = CARTESIAN_POINT ( 'NONE',  ( 2.121320343559644606, 2.121320343559643273, -26.61350000000005167 ) ) ;
#438 = ORIENTED_EDGE ( 'NONE', *, *, #3586, .T. ) ;
#439 = DIRECTION ( 'NONE',  ( 0.000000000000000000, 1.000000000000000000, 0.000000000000000000 ) ) ;
#440 = CARTESIAN_POINT ( 'NONE',  ( -1.662041016787797476, 1.662041016787797254, -31.98850000000000904 ) ) ;
#441 = CARTESIAN_POINT ( 'NONE',  ( -3.673940397442062333E-16, -3.000000000000002665, -29.98850000000003746 ) ) ;
#442 = CARTESIAN_POINT ( 'NONE',  ( -3.054126587736528897, -1.265060653844732652, -33.26974999999999483 ) ) ;
#443 = CARTESIAN_POINT ( 'NONE',  ( 2.350480947161671885, -1.309057513399759435E-15, -32.23850000000000904 ) ) ;
#444 = ORIENTED_EDGE ( 'NONE', *, *, #2447, .F. ) ;
#445 = CARTESIAN_POINT ( 'NONE',  ( -1.508725358815316856E-11, 2.863957931893290176, -32.40995607535671041 ) ) ;
#446 = CARTESIAN_POINT ( 'NONE',  ( -3.673940397442062333E-16, -3.000000000000002665, -30.11350000000000193 ) ) ;
#447 = ORIENTED_EDGE ( 'NONE', *, *, #760, .T. ) ;
#448 = CARTESIAN_POINT ( 'NONE',  ( 7.718680011962973682E-31, -3.065957354019022188E-16, -24.17261465700000400 ) ) ;
#449 = ORIENTED_EDGE ( 'NONE', *, *, #827, .T. ) ;
#450 = DIRECTION ( 'NONE',  ( 0.000000000000000000, -1.000000000000000000, 0.000000000000000000 ) ) ;
#451 = CARTESIAN_POINT ( 'NONE',  ( 1.485639167217976286, 2.606314690291232417, -24.69642365699998621 ) ) ;
#452 = ORIENTED_EDGE ( 'NONE', *, *, #323, .F. ) ;
#453 = EDGE_CURVE ( 'NONE', #2030, #1427, #166, .T. ) ;
#454 = CARTESIAN_POINT ( 'NONE',  ( -2.350480947161670553, 0.9736010864139258425, -29.80100000000001970 ) ) ;
#455 = CARTESIAN_POINT ( 'NONE',  ( 2.350480947161671885, -7.333557197200833873E-16, -29.36350000000001614 ) ) ;
#456 = CARTESIAN_POINT ( 'NONE',  ( 3.000000000000001776, 1.242640687119286547, -29.67600000000004101 ) ) ;
#457 = CARTESIAN_POINT ( 'NONE',  ( -1.265060653844733096, -3.054126587736529341, -33.14474999999999483 ) ) ;
#458 = CARTESIAN_POINT ( 'NONE',  ( -3.000000000000002220, -1.178823545882232598E-16, -29.36350000000000549 ) ) ;
#459 = CARTESIAN_POINT ( 'NONE',  ( -1.662041016787801917, -1.662041016787792591, -25.73850000000002680 ) ) ;
#460 = LINE ( 'NONE', #1031, #1060 ) ;
#461 = CARTESIAN_POINT ( 'NONE',  ( 0.9090194280634831259, -1.784578465267452341, 33.30431779122540092 ) ) ;
#462 = DIRECTION ( 'NONE',  ( -0.000000000000000000, 8.971971810740515560E-18, 1.000000000000000000 ) ) ;
#463 = ORIENTED_EDGE ( 'NONE', *, *, #1105, .T. ) ;
#464 = AXIS2_PLACEMENT_3D ( 'NONE', #1901, #3032, #530 ) ;
#465 = DIRECTION ( 'NONE',  ( -0.000000000000000000, 8.971971810740515560E-18, 1.000000000000000000 ) ) ;
#466 = CARTESIAN_POINT ( 'NONE',  ( 2.350480947161671885, -1.309057513399759435E-15, -32.36350000000000904 ) ) ;
#467 = VECTOR ( 'NONE', #1018, 1000.000000000000000 ) ;
#468 = ORIENTED_EDGE ( 'NONE', *, *, #1507, .T. ) ;
#469 = EDGE_CURVE ( 'NONE', #1367, #196, #1168, .T. ) ;
#470 = VECTOR ( 'NONE', #1182, 1000.000000000000000 ) ;
#471 = CIRCLE ( 'NONE', #3466, 2.309401076758502924 ) ;
#472 = CARTESIAN_POINT ( 'NONE',  ( -3.774234550297888383E-13, 2.452870536557658188, -24.17261465699999334 ) ) ;
#473 = CARTESIAN_POINT ( 'NONE',  ( 0.9736010864139245102, 2.350480947161670997, -26.17600000000002325 ) ) ;
#474 = PERSON_AND_ORGANIZATION ( #210, #1578 ) ;
#475 = CARTESIAN_POINT ( 'NONE',  ( 0.9736010864139224008, 2.350480947161671885, -29.05100000000001970 ) ) ;
#476 = CARTESIAN_POINT ( 'NONE',  ( 2.121320343559644162, -2.121320343559645050, -27.98850000000000549 ) ) ;
#477 = CARTESIAN_POINT ( 'NONE',  ( -1.842815071353934187, 1.245451299245610377, 33.52274923913321913 ) ) ;
#478 = CARTESIAN_POINT ( 'NONE',  ( -1.662041016787799252, -1.662041016787795478, -32.73850000000000904 ) ) ;
#479 = DIRECTION ( 'NONE',  ( -0.000000000000000000, -0.000000000000000000, 1.000000000000000000 ) ) ;
#480 = CARTESIAN_POINT ( 'NONE',  ( 1.242640687119296983, -2.999999999999992006, -31.92600000000003035 ) ) ;
#481 = ORIENTED_EDGE ( 'NONE', *, *, #2197, .F. ) ;
#482 = CARTESIAN_POINT ( 'NONE',  ( -1.572952919652367498, 2.467474370333623934, -32.35228413286803573 ) ) ;
#483 = DIRECTION ( 'NONE',  ( -0.000000000000000000, 8.971971810740515560E-18, 1.000000000000000000 ) ) ;
#484 = ORIENTED_EDGE ( 'NONE', *, *, #2416, .F. ) ;
#485 = CARTESIAN_POINT ( 'NONE',  ( -3.740226349862368230E-16, -3.054126587736529341, -25.01975000000005167 ) ) ;
#486 = EDGE_CURVE ( 'NONE', #1238, #2513, #228, .T. ) ;
#487 = CARTESIAN_POINT ( 'NONE',  ( -3.000000000000002665, 1.242640687119286103, -29.30100000000004101 ) ) ;
#488 = CARTESIAN_POINT ( 'NONE',  ( -2.350480947161671885, 0.9736010864139226229, -26.92600000000002325 ) ) ;
#489 = CARTESIAN_POINT ( 'NONE',  ( -3.000000000000002220, -1.242640687119286103, -25.30100000000001614 ) ) ;
#490 = CARTESIAN_POINT ( 'NONE',  ( 3.054126587736528453, 1.265060653844733096, -30.76975000000000193 ) ) ;
#491 = CARTESIAN_POINT ( 'NONE',  ( 0.000000000000000000, -3.807000000000004380, 33.61350000000000193 ) ) ;
#492 = CARTESIAN_POINT ( 'NONE',  ( -0.3160526121494182661, 2.126928016055952053, 33.44657241007939774 ) ) ;
#493 = EDGE_CURVE ( 'NONE', #2372, #2824, #3407, .T. ) ;
#494 = CARTESIAN_POINT ( 'NONE',  ( 1.662041016787794812, -1.662041016787800141, -24.48850000000002680 ) ) ;
#495 = VECTOR ( 'NONE', #379, 1000.000000000000000 ) ;
#496 = CARTESIAN_POINT ( 'NONE',  ( -2.350480947161671885, 4.180478676392687566E-16, -32.73850000000000904 ) ) ;
#497 =( BOUNDED_CURVE ( )  B_SPLINE_CURVE ( 2, ( #1911, #1131, #3331, #2191, #3295, #3566, #828, #16, #844 ),
 .UNSPECIFIED., .F., .F. ) 
 B_SPLINE_CURVE_WITH_KNOTS ( ( 3, 2, 2, 2, 3 ),
 ( 0.7272727272727274039, 0.7386363636363637575, 0.7500000000000000000, 0.7613636363636363535, 0.7727272727272727071 ),
 .UNSPECIFIED. ) 
 CURVE ( )  GEOMETRIC_REPRESENTATION_ITEM ( )  RATIONAL_B_SPLINE_CURVE ( ( 0.9999999999999992228, 0.9238795325112875156, 1.000000000000000000, 0.9238795325112867385, 1.000000000000000000, 0.9238795325112867385, 1.000000000000000000, 0.9238795325112867385, 1.000000000000000000 ) ) 
 REPRESENTATION_ITEM ( '' )  );
#498 = ORIENTED_EDGE ( 'NONE', *, *, #432, .T. ) ;
#499 = LINE ( 'NONE', #3058, #296 ) ;
#500 = ORIENTED_EDGE ( 'NONE', *, *, #2473, .F. ) ;
#501 = DIRECTION ( 'NONE',  ( -0.000000000000000000, -0.000000000000000000, 1.000000000000000000 ) ) ;
#502 = DESIGN_CONTEXT ( 'detailed design', #2271, 'design' ) ;
#503 = CARTESIAN_POINT ( 'NONE',  ( -1.662041016787797476, 1.662041016787797254, -25.86350000000002680 ) ) ;
#504 = VERTEX_POINT ( 'NONE', #466 ) ;
#505 = CARTESIAN_POINT ( 'NONE',  ( -3.740226349862368230E-16, -3.054126587736529341, -27.01975000000004812 ) ) ;
#506 = ORIENTED_EDGE ( 'NONE', *, *, #1430, .T. ) ;
#507 = CARTESIAN_POINT ( 'NONE',  ( -1.242640687119309195, 2.999999999999977796, -31.42600000000003035 ) ) ;
#508 = CARTESIAN_POINT ( 'NONE',  ( 1.662041016787797254, -1.662041016787797920, -28.48850000000001614 ) ) ;
#509 = MECHANICAL_CONTEXT ( 'NONE', #1777, 'mechanical' ) ;
#510 = CARTESIAN_POINT ( 'NONE',  ( -2.159593620790630997, 2.159593620790630553, -31.45724999999999838 ) ) ;
#511 = CARTESIAN_POINT ( 'NONE',  ( 4.029912555757732035E-15, 2.350480947161671441, -26.98850000000001970 ) ) ;
#512 = CARTESIAN_POINT ( 'NONE',  ( 2.350480947161671885, -9.514262975528106448E-15, -25.36350000000002325 ) ) ;
#513 = CARTESIAN_POINT ( 'NONE',  ( 0.9736010864139224008, -2.350480947161673217, -24.55100000000002680 ) ) ;
#514 = CARTESIAN_POINT ( 'NONE',  ( 2.000000000000000000, -1.154700538379251684, 30.61350000000000549 ) ) ;
#515 = ADVANCED_FACE ( 'NONE', ( #2439 ), #3061, .F. ) ;
#516 = ADVANCED_FACE ( 'NONE', ( #3311 ), #2756, .T. ) ;
#517 = CARTESIAN_POINT ( 'NONE',  ( 3.000000000000001776, 1.242640687119286547, -31.67600000000003746 ) ) ;
#518 = VERTEX_POINT ( 'NONE', #791 ) ;
#519 = CARTESIAN_POINT ( 'NONE',  ( 2.350480947161671885, -6.060052213450049967E-15, -31.23850000000001259 ) ) ;
#520 = CARTESIAN_POINT ( 'NONE',  ( 2.350480947161671885, -8.362859388168753762E-15, -27.36350000000001970 ) ) ;
#521 = EDGE_CURVE ( 'NONE', #807, #1175, #663, .T. ) ;
#522 = CARTESIAN_POINT ( 'NONE',  ( -2.350480947161671885, 0.9736010864139226229, -28.80100000000002325 ) ) ;
#523 = EDGE_LOOP ( 'NONE', ( #1787, #3609, #3167, #2757 ) ) ;
#524 = CARTESIAN_POINT ( 'NONE',  ( -3.054126587736528897, -1.145680569672079404E-16, -27.26975000000004812 ) ) ;
#525 = AXIS2_PLACEMENT_3D ( 'NONE', #1722, #2848, #1169 ) ;
#526 = ORIENTED_EDGE ( 'NONE', *, *, #486, .T. ) ;
#527 = DIRECTION ( 'NONE',  ( -0.000000000000000000, 8.971971810740515560E-18, 1.000000000000000000 ) ) ;
#528 = CARTESIAN_POINT ( 'NONE',  ( 1.662041016787797254, -1.662041016787797920, -25.48850000000002325 ) ) ;
#529 = AXIS2_PLACEMENT_3D ( 'NONE', #111, #1542, #1288 ) ;
#530 = DIRECTION ( 'NONE',  ( 1.000000000000000000, 0.000000000000000000, 0.000000000000000000 ) ) ;
#531 = CARTESIAN_POINT ( 'NONE',  ( 3.054126587736528453, 1.265060653844733096, -27.76975000000001614 ) ) ;
#532 = VECTOR ( 'NONE', #1197, 1000.000000000000000 ) ;
#533 = CARTESIAN_POINT ( 'NONE',  ( 0.000000000000000000, 3.000000000000001776, -27.61350000000000904 ) ) ;
#534 = CARTESIAN_POINT ( 'NONE',  ( -3.616687578238172915E-13, 2.350480947161671441, -24.11350000000000193 ) ) ;
#535 = CARTESIAN_POINT ( 'NONE',  ( 0.000000000000000000, 2.350480947161671441, -31.98850000000000904 ) ) ;
#536 = CARTESIAN_POINT ( 'NONE',  ( -1.381975285269815206E-14, -2.350480947161672329, -24.61350000000002680 ) ) ;
#537 = CARTESIAN_POINT ( 'NONE',  ( 0.000000000000000000, -2.655200746945219071E-15, -32.92343306008834247 ) ) ;
#538 = EDGE_CURVE ( 'NONE', #3373, #2640, #3025, .T. ) ;
#539 = DIRECTION ( 'NONE',  ( 0.000000000000000000, -1.000000000000000000, 8.971971810740515560E-18 ) ) ;
#540 = ORIENTED_EDGE ( 'NONE', *, *, #1881, .T. ) ;
#541 = CARTESIAN_POINT ( 'NONE',  ( 1.662041016787800141, 1.662041016787794145, -31.11350000000001259 ) ) ;
#542 = DIRECTION ( 'NONE',  ( -0.000000000000000000, 8.971971810740515560E-18, 1.000000000000000000 ) ) ;
#543 = CARTESIAN_POINT ( 'NONE',  ( 0.9736010864139224008, -2.350480947161673217, -27.42600000000001970 ) ) ;
#544 = ORIENTED_EDGE ( 'NONE', *, *, #1174, .F. ) ;
#545 = CARTESIAN_POINT ( 'NONE',  ( 2.159593620790630997, 2.159593620790629664, -26.64475000000005167 ) ) ;
#546 = ORIENTED_EDGE ( 'NONE', *, *, #1265, .T. ) ;
#547 = CARTESIAN_POINT ( 'NONE',  ( -3.673940397442062333E-16, -3.000000000000002665, -26.98850000000004812 ) ) ;
#548 = CARTESIAN_POINT ( 'NONE',  ( -2.878508968398380237E-16, -2.350480947161672329, -27.61350000000001970 ) ) ;
#549 = CARTESIAN_POINT ( 'NONE',  ( -2.159593620790630997, -2.159593620790630997, -27.20725000000000904 ) ) ;
#550 = CARTESIAN_POINT ( 'NONE',  ( 4.608524153823333725E-15, -2.350480947161672329, -27.48850000000001970 ) ) ;
#551 = CARTESIAN_POINT ( 'NONE',  ( -2.000000000000000000, 1.154700538379251684, 30.61350000000000549 ) ) ;
#552 = CARTESIAN_POINT ( 'NONE',  ( 2.350480947161671441, 0.9736010864139230669, -29.17600000000001614 ) ) ;
#553 = DIRECTION ( 'NONE',  ( 0.000000000000000000, -1.000000000000000000, 8.971971810740515560E-18 ) ) ;
#554 = CARTESIAN_POINT ( 'NONE',  ( -1.407462035046504578, -2.295327554007952742, -24.38276862533871636 ) ) ;
#555 = LINE ( 'NONE', #1660, #234 ) ;
#556 = ORIENTED_EDGE ( 'NONE', *, *, #1840, .T. ) ;
#557 = CARTESIAN_POINT ( 'NONE',  ( -3.000000000000002220, 1.242640687119286103, -30.42600000000000549 ) ) ;
#558 = CARTESIAN_POINT ( 'NONE',  ( 2.350480947161671441, 0.9736010864139230669, -25.17600000000002680 ) ) ;
#559 = ORIENTED_EDGE ( 'NONE', *, *, #2613, .T. ) ;
#560 = CARTESIAN_POINT ( 'NONE',  ( -3.000000000000002220, 1.242640687119286103, -26.42600000000001614 ) ) ;
#561 = EDGE_CURVE ( 'NONE', #729, #1844, #3225, .T. ) ;
#562 = VERTEX_POINT ( 'NONE', #520 ) ;
#563 = CARTESIAN_POINT ( 'NONE',  ( 2.350480947161671885, -8.362859388168753762E-15, -27.23850000000001970 ) ) ;
#564 = CARTESIAN_POINT ( 'NONE',  ( -3.740226349862368230E-16, -3.054126587736529341, -34.01975000000003035 ) ) ;
#565 = CARTESIAN_POINT ( 'NONE',  ( -2.159593620790630997, 2.159593620790630553, -28.45725000000000549 ) ) ;
#566 = DIRECTION ( 'NONE',  ( 1.000000000000000000, 0.000000000000000000, 0.000000000000000000 ) ) ;
#567 = CARTESIAN_POINT ( 'NONE',  ( 0.000000000000000000, 2.350480947161671441, -34.11350000000000193 ) ) ;
#568 = CARTESIAN_POINT ( 'NONE',  ( 0.9736010864139245102, 2.350480947161670997, -31.05100000000001970 ) ) ;
#569 = CARTESIAN_POINT ( 'NONE',  ( -1.242640687119286547, -3.000000000000003109, -31.17599999999999838 ) ) ;
#570 = CARTESIAN_POINT ( 'NONE',  ( 1.242640687119306753, 2.999999999999982236, -29.67600000000000904 ) ) ;
#571 = B_SPLINE_CURVE_WITH_KNOTS ( 'NONE', 3,
 ( #1503, #2123, #2084, #2702, #3464, #1211, #3443, #658, #2667, #1520, #3481, #3228 ),
 .UNSPECIFIED., .F., .F.,
 ( 4, 2, 2, 2, 2, 4 ),
 ( 5.997005404467128439E-15, 0.0009115605471662330652, 0.001823121094326468974, 0.002734681641486704125, 0.003190461915066822134, 0.003646242188646940142 ),
 .UNSPECIFIED. ) ;
#572 = CARTESIAN_POINT ( 'NONE',  ( 1.435689888279329196, 1.480505133287609354, 33.36437100616325324 ) ) ;
#573 = ORIENTED_EDGE ( 'NONE', *, *, #250, .T. ) ;
#574 = LINE ( 'NONE', #286, #819 ) ;
#575 = CARTESIAN_POINT ( 'NONE',  ( -1.122588682677129635, 2.109782328316291533, -32.89181588651302945 ) ) ;
#576 = CARTESIAN_POINT ( 'NONE',  ( -2.350480947161671885, -1.576539260404073400E-16, -27.73850000000001970 ) ) ;
#577 = ORIENTED_EDGE ( 'NONE', *, *, #76, .F. ) ;
#578 = B_SPLINE_CURVE_WITH_KNOTS ( 'NONE', 3,
 ( #1097, #3338, #3030, #2480 ),
 .UNSPECIFIED., .F., .F.,
 ( 4, 4 ),
 ( 1.706283675799750606E-16, 0.0008941464186240605065 ),
 .UNSPECIFIED. ) ;
#579 = ORIENTED_EDGE ( 'NONE', *, *, #116, .T. ) ;
#580 = EDGE_CURVE ( 'NONE', #2030, #2793, #1052, .T. ) ;
#581 = CARTESIAN_POINT ( 'NONE',  ( 0.000000000000000000, 3.000000000000001776, -28.48850000000004457 ) ) ;
#582 = CARTESIAN_POINT ( 'NONE',  ( 0.9736010864139224008, -2.350480947161673217, -23.55100000000002680 ) ) ;
#583 = CARTESIAN_POINT ( 'NONE',  ( -3.054126587736528897, -1.265060653844732652, -28.26975000000001259 ) ) ;
#584 = VECTOR ( 'NONE', #903, 1000.000000000000000 ) ;
#585 = CIRCLE ( 'NONE', #297, 3.797000000000002817 ) ;
#586 = DIRECTION ( 'NONE',  ( -0.000000000000000000, 8.971971810740515560E-18, 1.000000000000000000 ) ) ;
#587 = CARTESIAN_POINT ( 'NONE',  ( -1.662041016787797920, 1.662041016787796366, -31.98850000000000904 ) ) ;
#588 = CARTESIAN_POINT ( 'NONE',  ( 2.350480947161671441, 0.9736010864139230669, -30.17600000000001259 ) ) ;
#589 = CYLINDRICAL_SURFACE ( 'NONE', #1484, 3.000000000000004441 ) ;
#590 = CARTESIAN_POINT ( 'NONE',  ( -2.518335572892046237, -1.112133818106592509, -24.44334914372299039 ) ) ;
#591 = AXIS2_PLACEMENT_3D ( 'NONE', #2790, #1699, #2825 ) ;
#592 = CARTESIAN_POINT ( 'NONE',  ( 0.000000000000000000, -2.576688650911801242E-15, -24.17261465700000400 ) ) ;
#593 = AXIS2_PLACEMENT_3D ( 'NONE', #3256, #1808, #3512 ) ;
#594 = ORIENTED_EDGE ( 'NONE', *, *, #1928, .T. ) ;
#595 = CARTESIAN_POINT ( 'NONE',  ( 1.660673417036931721, -2.029711736584713044, -32.65732620976527301 ) ) ;
#596 = CARTESIAN_POINT ( 'NONE',  ( 0.000000000000000000, -3.000000000000007105, -32.27391400725000636 ) ) ;
#597 =( BOUNDED_CURVE ( )  B_SPLINE_CURVE ( 2, ( #667, #1836, #1802, #2929, #1784, #2911, #408, #3488, #2966 ),
 .UNSPECIFIED., .F., .F. ) 
 B_SPLINE_CURVE_WITH_KNOTS ( ( 3, 2, 2, 2, 3 ),
 ( 0.8181818181818180102, 0.8295454545454546968, 0.8409090909090912724, 0.8522727272727277370, 0.8636363636363643126 ),
 .UNSPECIFIED. ) 
 CURVE ( )  GEOMETRIC_REPRESENTATION_ITEM ( )  RATIONAL_B_SPLINE_CURVE ( ( 1.000000000000000666, 0.9238795325112859613, 1.000000000000000000, 0.9238795325112867385, 1.000000000000000000, 0.9238795325112867385, 1.000000000000000000, 0.9238795325112822976, 1.000000000000004441 ) ) 
 REPRESENTATION_ITEM ( '' )  );
#598 = FACE_OUTER_BOUND ( 'NONE', #3104, .T. ) ;
#599 = VERTEX_POINT ( 'NONE', #1587 ) ;
#600 = CARTESIAN_POINT ( 'NONE',  ( 1.242640687119281218, -3.000000000000007994, -26.05100000000001970 ) ) ;
#601 = VERTEX_POINT ( 'NONE', #193 ) ;
#602 = CARTESIAN_POINT ( 'NONE',  ( -2.350480947161680323, -0.9736010864139130749, -27.80100000000002325 ) ) ;
#603 = CARTESIAN_POINT ( 'NONE',  ( 0.000000000000000000, 3.054126587736528453, -27.58225000000000904 ) ) ;
#604 = ADVANCED_FACE ( 'NONE', ( #209 ), #3567, .T. ) ;
#605 = FACE_OUTER_BOUND ( 'NONE', #3479, .T. ) ;
#606 = DIRECTION ( 'NONE',  ( -0.000000000000000000, -0.000000000000000000, 1.000000000000000000 ) ) ;
#607 = CARTESIAN_POINT ( 'NONE',  ( -3.054126587736528897, -1.145680569672079404E-16, -31.26975000000004101 ) ) ;
#608 = CARTESIAN_POINT ( 'NONE',  ( -2.350480947161671885, -2.605841451371993091E-15, -30.73850000000001259 ) ) ;
#609 = CARTESIAN_POINT ( 'NONE',  ( 3.000000000000001776, 1.242640687119286547, -29.80100000000000549 ) ) ;
#610 = ADVANCED_FACE ( 'NONE', ( #1329 ), #3296, .T. ) ;
#611 = ADVANCED_FACE ( 'NONE', ( #227 ), #2471, .T. ) ;
#612 = DIRECTION ( 'NONE',  ( 0.000000000000000000, 1.000000000000000000, 0.000000000000000000 ) ) ;
#613 = ORIENTED_EDGE ( 'NONE', *, *, #778, .T. ) ;
#614 = CARTESIAN_POINT ( 'NONE',  ( 1.012314124876239507, 2.816716050491119283, -24.67854875005922821 ) ) ;
#615 = CARTESIAN_POINT ( 'NONE',  ( -1.801681898439621010, 1.741240535975009829, -32.77562067652173994 ) ) ;
#616 = CARTESIAN_POINT ( 'NONE',  ( -0.9736010864139230669, -2.350480947161672329, -24.55100000000002680 ) ) ;
#617 = VERTEX_POINT ( 'NONE', #49 ) ;
#618 = CARTESIAN_POINT ( 'NONE',  ( -1.662041016787797476, 1.662041016787797032, -30.98850000000001259 ) ) ;
#619 = CIRCLE ( 'NONE', #136, 2.476191000000003140 ) ;
#620 = ORIENTED_EDGE ( 'NONE', *, *, #2990, .F. ) ;
#621 = CARTESIAN_POINT ( 'NONE',  ( -1.242640687119305420, -2.999999999999984013, -27.05100000000004457 ) ) ;
#622 = CARTESIAN_POINT ( 'NONE',  ( -3.054126587736528897, -1.265060653844732652, -23.26975000000001970 ) ) ;
#623 = CARTESIAN_POINT ( 'NONE',  ( 0.000000000000000000, -8.673617379884035472E-16, 33.61350000000000193 ) ) ;
#624 = CARTESIAN_POINT ( 'NONE',  ( -2.350480947161671885, 4.180478676392687566E-16, -32.86350000000000904 ) ) ;
#625 = CARTESIAN_POINT ( 'NONE',  ( 3.054126587736528009, -1.265060653844735095, -31.83225000000003391 ) ) ;
#626 = CARTESIAN_POINT ( 'NONE',  ( 0.000000000000000000, -2.058233259156977999E-15, 33.61350000000000193 ) ) ;
#627 = FACE_OUTER_BOUND ( 'NONE', #2753, .T. ) ;
#628 = DIRECTION ( 'NONE',  ( 1.000000000000000000, 0.000000000000000000, 0.000000000000000000 ) ) ;
#629 = EDGE_LOOP ( 'NONE', ( #3123, #247, #2845, #500 ) ) ;
#630 = EDGE_CURVE ( 'NONE', #3583, #3352, #2026, .T. ) ;
#631 = CARTESIAN_POINT ( 'NONE',  ( 3.000000000000001776, -1.242640687119288545, -25.80100000000004457 ) ) ;
#632 = DIRECTION ( 'NONE',  ( 1.000000000000000000, 0.000000000000000000, 0.000000000000000000 ) ) ;
#633 = CARTESIAN_POINT ( 'NONE',  ( 0.9736010864139224008, -2.350480947161673217, -23.42600000000003746 ) ) ;
#634 = EDGE_LOOP ( 'NONE', ( #2383, #224, #3317, #1137 ) ) ;
#635 = CARTESIAN_POINT ( 'NONE',  ( -1.242640687119290543, 2.999999999999996891, -26.55100000000000904 ) ) ;
#636 = ORIENTED_EDGE ( 'NONE', *, *, #1415, .F. ) ;
#637 = CARTESIAN_POINT ( 'NONE',  ( 0.000000000000000000, -4.000000000000000000, 25.12350000000001060 ) ) ;
#638 =( BOUNDED_CURVE ( )  B_SPLINE_CURVE ( 2, ( #3146, #2034, #624 ),
 .UNSPECIFIED., .F., .T. ) 
 B_SPLINE_CURVE_WITH_KNOTS ( ( 3, 3 ),
 ( 0.1081790358265453805, 0.1136363636363633828 ),
 .UNSPECIFIED. ) 
 CURVE ( )  GEOMETRIC_REPRESENTATION_ITEM ( )  RATIONAL_B_SPLINE_CURVE ( ( 0.9619991807254502092, 0.9634435377172180237, 0.9999999999999983347 ) ) 
 REPRESENTATION_ITEM ( '' )  );
#639 = APPROVAL_STATUS ( 'not_yet_approved' ) ;
#640 = CARTESIAN_POINT ( 'NONE',  ( 2.159593620790630997, 2.159593620790629664, -25.70725000000001614 ) ) ;
#641 = DIRECTION ( 'NONE',  ( 0.000000000000000000, -1.000000000000000000, 0.000000000000000000 ) ) ;
#642 = CARTESIAN_POINT ( 'NONE',  ( 1.662041016787797254, -1.662041016787797920, -33.48850000000000193 ) ) ;
#643 = CARTESIAN_POINT ( 'NONE',  ( -1.265060653844733096, -3.054126587736529341, -29.08225000000004101 ) ) ;
#644 = CARTESIAN_POINT ( 'NONE',  ( -2.267547852667438413, 0.6818564536922655517, -32.91459124575784756 ) ) ;
#645 = CARTESIAN_POINT ( 'NONE',  ( -2.350480947161671885, -1.454437864012641391E-15, -28.73850000000001614 ) ) ;
#646 = VECTOR ( 'NONE', #956, 1000.000000000000000 ) ;
#647 = CARTESIAN_POINT ( 'NONE',  ( 0.000000000000000000, -8.673617379884035472E-16, 33.61350000000000193 ) ) ;
#648 = ORIENTED_EDGE ( 'NONE', *, *, #700, .F. ) ;
#649 = CARTESIAN_POINT ( 'NONE',  ( 0.000000000000000000, 4.000000000000000888, -22.38650000000000162 ) ) ;
#650 = VECTOR ( 'NONE', #3095, 1000.000000000000000 ) ;
#651 = CARTESIAN_POINT ( 'NONE',  ( 4.029912555757732035E-15, 2.350480947161671441, -27.11350000000001970 ) ) ;
#652 = AXIS2_PLACEMENT_3D ( 'NONE', #707, #1825, #2953 ) ;
#653 = EDGE_CURVE ( 'NONE', #1352, #2496, #2668, .T. ) ;
#654 = VECTOR ( 'NONE', #3492, 1000.000000000000000 ) ;
#655 = FACE_OUTER_BOUND ( 'NONE', #347, .T. ) ;
#656 = ORIENTED_EDGE ( 'NONE', *, *, #3220, .T. ) ;
#657 = CARTESIAN_POINT ( 'NONE',  ( 0.9736010864139245102, 2.350480947161670997, -25.17600000000002680 ) ) ;
#658 = CARTESIAN_POINT ( 'NONE',  ( 0.7540051678509163136, 2.510595835091823602, -24.31352785784681103 ) ) ;
#659 = ORIENTED_EDGE ( 'NONE', *, *, #521, .F. ) ;
#660 = ADVANCED_FACE ( 'NONE', ( #2231 ), #2251, .T. ) ;
#661 = CARTESIAN_POINT ( 'NONE',  ( -2.350480947161671885, -1.372847762048833127E-17, -33.61350000000000193 ) ) ;
#662 = CARTESIAN_POINT ( 'NONE',  ( 2.159593620790630553, -2.159593620790631441, -22.95725000000001970 ) ) ;
#663 =( BOUNDED_CURVE ( )  B_SPLINE_CURVE ( 2, ( #2137, #1619, #3008, #2453, #1072, #1861, #3261, #1912, #3536 ),
 .UNSPECIFIED., .F., .T. ) 
 B_SPLINE_CURVE_WITH_KNOTS ( ( 3, 2, 2, 2, 3 ),
 ( 0.3863636363636363535, 0.3977272727272727626, 0.4090909090909091717, 0.4204545454545455807, 0.4318181818181819898 ),
 .UNSPECIFIED. ) 
 CURVE ( )  GEOMETRIC_REPRESENTATION_ITEM ( )  RATIONAL_B_SPLINE_CURVE ( ( 1.000000000000000000, 0.9238795325112867385, 1.000000000000000000, 0.9238795325112867385, 1.000000000000000000, 0.9238795325112867385, 1.000000000000000000, 0.9238795325112856283, 1.000000000000001110 ) ) 
 REPRESENTATION_ITEM ( '' )  );
#664 = CARTESIAN_POINT ( 'NONE',  ( -2.185430472546346259, 0.8652481335639405913, -32.92343306008834247 ) ) ;
#665 = CARTESIAN_POINT ( 'NONE',  ( -2.350480947161671885, -0.9736010864139230669, -31.80100000000000904 ) ) ;
#666 = CARTESIAN_POINT ( 'NONE',  ( -2.159593620790630997, 2.159593620790630553, -30.39475000000004101 ) ) ;
#667 = CARTESIAN_POINT ( 'NONE',  ( 0.000000000000000000, 3.000000000000001776, -31.61349999999999483 ) ) ;
#668 = CARTESIAN_POINT ( 'NONE',  ( 0.000000000000000000, -4.000000000000006217, -22.38650000000000517 ) ) ;
#669 = CARTESIAN_POINT ( 'NONE',  ( 2.350480947161669665, 0.9736010864139178489, -26.30100000000002325 ) ) ;
#670 = ORIENTED_EDGE ( 'NONE', *, *, #2207, .T. ) ;
#671 = CARTESIAN_POINT ( 'NONE',  ( -1.508725358815316856E-11, 2.863957931893290176, -32.40995607535671041 ) ) ;
#672 = ADVANCED_FACE ( 'NONE', ( #17 ), #1738, .T. ) ;
#673 = CARTESIAN_POINT ( 'NONE',  ( 0.000000000000000000, -2.309401076758504257, 33.61350000000000193 ) ) ;
#674 = ORIENTED_EDGE ( 'NONE', *, *, #2086, .F. ) ;
#675 = CARTESIAN_POINT ( 'NONE',  ( 0.000000000000000000, -2.058233259156977999E-15, 33.61350000000000193 ) ) ;
#676 = VERTEX_POINT ( 'NONE', #309 ) ;
#677 = CARTESIAN_POINT ( 'NONE',  ( 2.350480947161671441, 0.9736010864139230669, -24.30100000000002680 ) ) ;
#678 = CARTESIAN_POINT ( 'NONE',  ( 0.000000000000000000, 3.000000000000001776, -28.61350000000000549 ) ) ;
#679 = ORIENTED_EDGE ( 'NONE', *, *, #2212, .F. ) ;
#680 = EDGE_CURVE ( 'NONE', #1930, #235, #2552, .T. ) ;
#681 = CARTESIAN_POINT ( 'NONE',  ( 3.054126587736528453, 1.265060653844733096, -22.76975000000001970 ) ) ;
#682 = CARTESIAN_POINT ( 'NONE',  ( -2.350480947161671885, 2.726675170263868496E-16, -25.73850000000002680 ) ) ;
#683 = CARTESIAN_POINT ( 'NONE',  ( -2.350480947161671885, -0.9736010864139230669, -30.80100000000001614 ) ) ;
#684 = CARTESIAN_POINT ( 'NONE',  ( -3.054126587736528897, 1.265060653844732652, -28.33225000000004457 ) ) ;
#685 = LINE ( 'NONE', #990, #2049 ) ;
#686 = CARTESIAN_POINT ( 'NONE',  ( -2.350480947161671885, -1.372847762048833127E-17, -33.61350000000000193 ) ) ;
#687 =( BOUNDED_CURVE ( )  B_SPLINE_CURVE ( 2, ( #2658, #183, #2967, #475, #3033, #3528, #3252, #3237, #733 ),
 .UNSPECIFIED., .F., .T. ) 
 B_SPLINE_CURVE_WITH_KNOTS ( ( 3, 2, 2, 2, 3 ),
 ( 0.4318181818181819898, 0.4431818181818182878, 0.4545454545454545858, 0.4659090909090909394, 0.4772727272727272929 ),
 .UNSPECIFIED. ) 
 CURVE ( )  GEOMETRIC_REPRESENTATION_ITEM ( )  RATIONAL_B_SPLINE_CURVE ( ( 0.9999999999999988898, 0.9238795325112878487, 1.000000000000000000, 0.9238795325112867385, 1.000000000000000000, 0.9238795325112867385, 1.000000000000000000, 0.9238795325112867385, 1.000000000000000000 ) ) 
 REPRESENTATION_ITEM ( '' )  );
#688 = CARTESIAN_POINT ( 'NONE',  ( -2.350480947161671885, 9.937496613189447546E-16, -31.73850000000000904 ) ) ;
#689 = ORIENTED_EDGE ( 'NONE', *, *, #1073, .T. ) ;
#690 = CYLINDRICAL_SURFACE ( 'NONE', #593, 2.350480947161671885 ) ;
#691 = CARTESIAN_POINT ( 'NONE',  ( 1.662041016787795478, 1.662041016787798808, -27.23850000000001970 ) ) ;
#692 = LINE ( 'NONE', #448, #467 ) ;
#693 = EDGE_LOOP ( 'NONE', ( #2939, #1514, #2119, #2919 ) ) ;
#694 = CARTESIAN_POINT ( 'NONE',  ( -2.159593620790630997, 2.159593620790630553, -32.39475000000003746 ) ) ;
#695 = CARTESIAN_POINT ( 'NONE',  ( -2.350480947161671885, 9.937496613189447546E-16, -31.73850000000000904 ) ) ;
#696 = ADVANCED_FACE ( 'NONE', ( #327 ), #1425, .T. ) ;
#697 = ORIENTED_EDGE ( 'NONE', *, *, #2302, .T. ) ;
#698 = CARTESIAN_POINT ( 'NONE',  ( -3.054126587736528897, -1.265060653844732652, -24.26975000000001259 ) ) ;
#699 = AXIS2_PLACEMENT_3D ( 'NONE', #714, #2629, #964 ) ;
#700 = EDGE_CURVE ( 'NONE', #921, #2630, #2268, .T. ) ;
#701 = DIRECTION ( 'NONE',  ( 0.000000000000000000, -1.000000000000000000, 0.000000000000000000 ) ) ;
#702 = CARTESIAN_POINT ( 'NONE',  ( 2.350480947161671441, 0.9736010864139230669, -29.30100000000001614 ) ) ;
#703 = CARTESIAN_POINT ( 'NONE',  ( 2.159593620790630553, -2.159593620790631441, -26.89475000000004812 ) ) ;
#704 = AXIS2_PLACEMENT_3D ( 'NONE', #1893, #1365, #3585 ) ;
#705 = CARTESIAN_POINT ( 'NONE',  ( 3.000000000000002220, -8.526704340766356772E-16, -29.73850000000003746 ) ) ;
#706 = CARTESIAN_POINT ( 'NONE',  ( -2.000000000000000000, -1.154700538379251906, 33.61350000000000193 ) ) ;
#707 = CARTESIAN_POINT ( 'NONE',  ( 0.000000000000000000, -2.058233259156977999E-15, 33.61350000000000193 ) ) ;
#708 = ORIENTED_EDGE ( 'NONE', *, *, #1840, .F. ) ;
#709 = DIRECTION ( 'NONE',  ( -0.000000000000000000, 8.971971810740515560E-18, 1.000000000000000000 ) ) ;
#710 = CARTESIAN_POINT ( 'NONE',  ( 2.350480947161674550, 0.4929192950072818213, -24.20685720875024316 ) ) ;
#711 = CARTESIAN_POINT ( 'NONE',  ( -2.350480947161671885, 4.180478676392687566E-16, -32.86350000000000904 ) ) ;
#712 = AXIS2_PLACEMENT_3D ( 'NONE', #2585, #64, #2308 ) ;
#713 = ORIENTED_EDGE ( 'NONE', *, *, #3349, .T. ) ;
#714 = CARTESIAN_POINT ( 'NONE',  ( -2.000000000000000000, -1.154700538379251684, 30.61350000000000549 ) ) ;
#715 = EDGE_LOOP ( 'NONE', ( #2665, #1464, #3009, #3491 ) ) ;
#716 = ADVANCED_FACE ( 'NONE', ( #888 ), #3085, .T. ) ;
#717 = DIRECTION ( 'NONE',  ( 0.000000000000000000, -1.000000000000000000, 0.000000000000000000 ) ) ;
#718 = CARTESIAN_POINT ( 'NONE',  ( 2.350480947161671441, 0.9736010864139230669, -30.30100000000001970 ) ) ;
#719 = CARTESIAN_POINT ( 'NONE',  ( -2.350480947161673217, -0.9736010864139209575, -28.67600000000001614 ) ) ;
#720 = CARTESIAN_POINT ( 'NONE',  ( -3.054126587736528897, -1.265060653844732652, -31.26974999999999838 ) ) ;
#721 = CYLINDRICAL_SURFACE ( 'NONE', #1934, 2.350480947161671885 ) ;
#722 = ORIENTED_EDGE ( 'NONE', *, *, #1100, .F. ) ;
#723 = DIRECTION ( 'NONE',  ( 0.8660254037844387076, 0.4999999999999999445, 0.000000000000000000 ) ) ;
#724 = CARTESIAN_POINT ( 'NONE',  ( 0.000000000000000000, -2.309401076758504257, 33.61350000000000193 ) ) ;
#725 = EDGE_CURVE ( 'NONE', #739, #1773, #894, .T. ) ;
#726 = CARTESIAN_POINT ( 'NONE',  ( 1.236666930411595144, -2.269982892792242524, -24.27626694314939471 ) ) ;
#727 = ORIENTED_EDGE ( 'NONE', *, *, #900, .T. ) ;
#728 = CARTESIAN_POINT ( 'NONE',  ( -2.000000000000000000, 1.154700538379251684, 30.61350000000000549 ) ) ;
#729 = VERTEX_POINT ( 'NONE', #2009 ) ;
#730 = CARTESIAN_POINT ( 'NONE',  ( 0.000000000000000000, -2.058233259156977999E-15, 33.61350000000000193 ) ) ;
#731 = CARTESIAN_POINT ( 'NONE',  ( 0.000000000000000000, 2.350480947161671441, -33.11350000000000193 ) ) ;
#732 = CARTESIAN_POINT ( 'NONE',  ( -0.9736010864139308385, -2.350480947161668777, -28.55100000000001970 ) ) ;
#733 = CARTESIAN_POINT ( 'NONE',  ( -2.350480947161671885, -1.454437864012641391E-15, -28.73850000000001614 ) ) ;
#734 = CARTESIAN_POINT ( 'NONE',  ( 1.662041016787795256, -1.662041016787799474, -25.48850000000002325 ) ) ;
#735 = CARTESIAN_POINT ( 'NONE',  ( 0.000000000000000000, -8.673617379884035472E-16, 33.61350000000000193 ) ) ;
#736 = CARTESIAN_POINT ( 'NONE',  ( -1.683947387850582178, -1.337173599081802999, 33.44657241007940485 ) ) ;
#737 = EDGE_CURVE ( 'NONE', #1427, #2974, #865, .T. ) ;
#738 = CARTESIAN_POINT ( 'NONE',  ( 2.350480947161671885, -7.787157594489077418E-15, -28.36350000000001970 ) ) ;
#739 = VERTEX_POINT ( 'NONE', #1721 ) ;
#740 = FACE_OUTER_BOUND ( 'NONE', #1968, .T. ) ;
#741 = VERTEX_POINT ( 'NONE', #3099 ) ;
#742 = CARTESIAN_POINT ( 'NONE',  ( -2.350480947161671885, -2.030139657692317537E-15, -29.73850000000001614 ) ) ;
#743 = CARTESIAN_POINT ( 'NONE',  ( 0.000000000000000000, 2.350480947161671441, -27.11350000000001970 ) ) ;
#744 = APPROVAL_DATE_TIME ( #3266, #1037 ) ;
#745 = CARTESIAN_POINT ( 'NONE',  ( -3.054126587736528897, -1.145680569672079404E-16, -31.33224999999999838 ) ) ;
#746 = CARTESIAN_POINT ( 'NONE',  ( 0.9736010864139242882, -2.350480947161671885, -27.42600000000001970 ) ) ;
#747 = CARTESIAN_POINT ( 'NONE',  ( 0.000000000000000000, -2.058233259156977999E-15, 33.61350000000000193 ) ) ;
#748 = LINE ( 'NONE', #1549, #654 ) ;
#749 = DIRECTION ( 'NONE',  ( -0.8660254037844387076, -0.4999999999999998890, 0.000000000000000000 ) ) ;
#750 = CARTESIAN_POINT ( 'NONE',  ( 3.322740433672746015E-16, -2.476191000000005360, -24.17261465700000400 ) ) ;
#751 = ORIENTED_EDGE ( 'NONE', *, *, #94, .F. ) ;
#752 = CARTESIAN_POINT ( 'NONE',  ( 0.9736010864139218457, 2.350480947161671885, -30.17600000000001259 ) ) ;
#753 = DIRECTION ( 'NONE',  ( -0.000000000000000000, 8.971971810740515560E-18, 1.000000000000000000 ) ) ;
#754 = CIRCLE ( 'NONE', #2590, 2.309401076758502924 ) ;
#755 = EDGE_CURVE ( 'NONE', #2883, #402, #1973, .T. ) ;
#756 = VECTOR ( 'NONE', #2654, 1000.000000000000000 ) ;
#757 = ORIENTED_EDGE ( 'NONE', *, *, #653, .T. ) ;
#758 = CARTESIAN_POINT ( 'NONE',  ( 3.054126587736528897, -8.626133269396815863E-16, -24.76975000000005167 ) ) ;
#759 = AXIS2_PLACEMENT_3D ( 'NONE', #2975, #2136, #450 ) ;
#760 = EDGE_CURVE ( 'NONE', #1757, #3393, #960, .T. ) ;
#761 = AXIS2_PLACEMENT_3D ( 'NONE', #1340, #3074, #2486 ) ;
#762 = CARTESIAN_POINT ( 'NONE',  ( -2.121320343559644606, -2.121320343559644606, -31.11350000000003391 ) ) ;
#763 = CARTESIAN_POINT ( 'NONE',  ( 0.000000000000000000, 2.350480947161671441, -29.11350000000001614 ) ) ;
#764 = APPLICATION_PROTOCOL_DEFINITION ( 'international standard', 'config_control_design', 1994, #1777 ) ;
#765 = CARTESIAN_POINT ( 'NONE',  ( 2.159593620790630553, -2.159593620790631441, -30.95724999999999838 ) ) ;
#766 = DIRECTION ( 'NONE',  ( -0.000000000000000000, 8.971971810740515560E-18, 1.000000000000000000 ) ) ;
#767 = CARTESIAN_POINT ( 'NONE',  ( -1.342526258967433161, 1.534293179749514291, 33.33420143862439744 ) ) ;
#768 = CARTESIAN_POINT ( 'NONE',  ( -2.350480947161671885, 2.726675170263868496E-16, -25.73850000000002680 ) ) ;
#769 = CARTESIAN_POINT ( 'NONE',  ( -1.435689888279329418, -1.480505133287608910, 33.36437100616325324 ) ) ;
#770 = CARTESIAN_POINT ( 'NONE',  ( 3.000000000000001776, -1.242640687119288545, -31.80100000000003035 ) ) ;
#771 = ORIENTED_EDGE ( 'NONE', *, *, #987, .T. ) ;
#772 =( BOUNDED_CURVE ( )  B_SPLINE_CURVE ( 2, ( #1194, #1225, #145, #2921, #1846, #1775, #927, #2976, #678 ),
 .UNSPECIFIED., .F., .F. ) 
 B_SPLINE_CURVE_WITH_KNOTS ( ( 3, 2, 2, 2, 3 ),
 ( 0.5000000000000001110, 0.5113636363636364646, 0.5227272727272729291, 0.5340909090909093937, 0.5454545454545456362 ),
 .UNSPECIFIED. ) 
 CURVE ( )  GEOMETRIC_REPRESENTATION_ITEM ( )  RATIONAL_B_SPLINE_CURVE ( ( 0.9999999999999992228, 0.9238795325112875156, 1.000000000000000000, 0.9238795325112867385, 1.000000000000000000, 0.9238795325112867385, 1.000000000000000000, 0.9238795325112852952, 1.000000000000001554 ) ) 
 REPRESENTATION_ITEM ( '' )  );
#773 = DIRECTION ( 'NONE',  ( -0.000000000000000000, 8.971971810740515560E-18, 1.000000000000000000 ) ) ;
#774 = CARTESIAN_POINT ( 'NONE',  ( 0.000000000000000000, -2.058233259156977999E-15, 33.61350000000000193 ) ) ;
#775 = CARTESIAN_POINT ( 'NONE',  ( -0.9736010864139230669, -2.350480947161672329, -26.55100000000002325 ) ) ;
#776 = VERTEX_POINT ( 'NONE', #940 ) ;
#777 = CARTESIAN_POINT ( 'NONE',  ( -1.265060653844732652, 3.054126587736528453, -27.45725000000004812 ) ) ;
#778 = EDGE_CURVE ( 'NONE', #995, #2646, #2880, .T. ) ;
#779 = CARTESIAN_POINT ( 'NONE',  ( -1.242640687119304754, 2.999999999999983125, -27.42600000000004101 ) ) ;
#780 = CARTESIAN_POINT ( 'NONE',  ( -2.350480947161671885, -0.9736010864139230669, -26.80100000000001970 ) ) ;
#781 = CARTESIAN_POINT ( 'NONE',  ( 3.054126587736528009, -1.265060653844735095, -32.89474999999999483 ) ) ;
#782 = ADVANCED_FACE ( 'NONE', ( #3439 ), #362, .T. ) ;
#783 = CARTESIAN_POINT ( 'NONE',  ( 2.350480947161669665, 0.9736010864139185150, -27.17600000000001614 ) ) ;
#784 = CARTESIAN_POINT ( 'NONE',  ( -0.9335098842972193722, 2.157155529601289867, -32.92343306008834247 ) ) ;
#785 = CARTESIAN_POINT ( 'NONE',  ( 0.9736010864139242882, 2.350480947161670997, -26.05100000000002680 ) ) ;
#786 = VECTOR ( 'NONE', #1969, 1000.000000000000000 ) ;
#787 = CARTESIAN_POINT ( 'NONE',  ( 3.673940397442064798E-16, 3.000000000000002220, 33.61350000000000193 ) ) ;
#788 = CYLINDRICAL_SURFACE ( 'NONE', #2942, 2.350480947161671885 ) ;
#789 = VERTEX_POINT ( 'NONE', #103 ) ;
#790 = FACE_OUTER_BOUND ( 'NONE', #3551, .T. ) ;
#791 = CARTESIAN_POINT ( 'NONE',  ( -2.188195577938626233E-16, -2.309401076758503368, 30.61350000000000549 ) ) ;
#792 =( BOUNDED_CURVE ( )  B_SPLINE_CURVE ( 2, ( #784, #3072, #821, #3599, #2223 ),
 .UNSPECIFIED., .F., .T. ) 
 B_SPLINE_CURVE_WITH_KNOTS ( ( 3, 2, 3 ),
 ( 0.09681539946290930454, 0.1022727272727271958, 0.1136363636363633828 ),
 .UNSPECIFIED. ) 
 CURVE ( )  GEOMETRIC_REPRESENTATION_ITEM ( )  RATIONAL_B_SPLINE_CURVE ( ( 0.9619991807254504312, 0.9634435377172200221, 1.000000000000000000, 0.9238795325112884038, 0.9999999999999983347 ) ) 
 REPRESENTATION_ITEM ( '' )  );
#793 = CARTESIAN_POINT ( 'NONE',  ( 2.350480947161671885, -7.333557197200833873E-16, -26.23850000000002325 ) ) ;
#794 = ORIENTED_EDGE ( 'NONE', *, *, #2479, .F. ) ;
#795 = CARTESIAN_POINT ( 'NONE',  ( -2.159593620790630997, 2.159593620790630553, -25.39475000000004812 ) ) ;
#796 = ORIENTED_EDGE ( 'NONE', *, *, #725, .F. ) ;
#797 = DIRECTION ( 'NONE',  ( 1.000000000000000000, 0.000000000000000000, 0.000000000000000000 ) ) ;
#798 = CARTESIAN_POINT ( 'NONE',  ( -0.9736010864139230669, -2.350480947161672329, -26.67600000000002325 ) ) ;
#799 = CARTESIAN_POINT ( 'NONE',  ( -1.265060653844733096, -3.054126587736529341, -29.14475000000000549 ) ) ;
#800 = EDGE_CURVE ( 'NONE', #562, #1262, #3286, .T. ) ;
#801 = CARTESIAN_POINT ( 'NONE',  ( -1.662041016787789927, 1.662041016787804359, -26.86350000000002325 ) ) ;
#802 = CARTESIAN_POINT ( 'NONE',  ( 1.242640687119276555, -3.000000000000012434, -29.05100000000000904 ) ) ;
#803 = CARTESIAN_POINT ( 'NONE',  ( 2.350480947161671441, -0.9736010864139245102, -31.30100000000000904 ) ) ;
#804 = AXIS2_PLACEMENT_3D ( 'NONE', #912, #2560, #880 ) ;
#805 = FACE_OUTER_BOUND ( 'NONE', #1223, .T. ) ;
#806 = CARTESIAN_POINT ( 'NONE',  ( 0.9736010864139224008, 2.350480947161671885, -29.17600000000001614 ) ) ;
#807 = VERTEX_POINT ( 'NONE', #2642 ) ;
#808 = CARTESIAN_POINT ( 'NONE',  ( 2.000000000000000000, 1.154700538379250130, 33.61350000000000193 ) ) ;
#809 = CARTESIAN_POINT ( 'NONE',  ( -0.9736010864139328369, -2.350480947161667888, -25.55100000000002680 ) ) ;
#810 = AXIS2_PLACEMENT_3D ( 'NONE', #3506, #134, #1307 ) ;
#811 = CARTESIAN_POINT ( 'NONE',  ( 1.662041016787797698, 1.662041016787796588, -27.11350000000001970 ) ) ;
#812 = ORIENTED_EDGE ( 'NONE', *, *, #3523, .T. ) ;
#813 = CARTESIAN_POINT ( 'NONE',  ( -1.265060653844733096, -3.054126587736529341, -27.08225000000004812 ) ) ;
#814 = CIRCLE ( 'NONE', #3116, 6.174999999999996270 ) ;
#815 = EDGE_LOOP ( 'NONE', ( #292, #544 ) ) ;
#816 = CARTESIAN_POINT ( 'NONE',  ( 0.9736010864139245102, 2.350480947161670997, -27.17600000000001970 ) ) ;
#817 = AXIS2_PLACEMENT_3D ( 'NONE', #3091, #1692, #1712 ) ;
#818 = CARTESIAN_POINT ( 'NONE',  ( -3.054126587736528897, -1.145680569672079404E-16, -29.33225000000000549 ) ) ;
#819 = VECTOR ( 'NONE', #3370, 1000.000000000000000 ) ;
#820 = CARTESIAN_POINT ( 'NONE',  ( 0.000000000000000000, -2.560663680558446674E-15, -22.38649999999999096 ) ) ;
#821 = CARTESIAN_POINT ( 'NONE',  ( -1.662041016787796810, 1.662041016787797476, -32.86350000000000904 ) ) ;
#822 = CARTESIAN_POINT ( 'NONE',  ( 2.350480947161671441, -0.9736010864139245102, -29.30100000000001614 ) ) ;
#823 = CYLINDRICAL_SURFACE ( 'NONE', #2174, 3.807000000000002160 ) ;
#824 = CARTESIAN_POINT ( 'NONE',  ( -0.1818370143343626677, -2.637053946930872694, -24.33347760393092329 ) ) ;
#825 = CARTESIAN_POINT ( 'NONE',  ( 2.121320343559644606, 2.121320343559643273, -31.61350000000003035 ) ) ;
#826 = ORIENTED_EDGE ( 'NONE', *, *, #1611, .T. ) ;
#827 = EDGE_CURVE ( 'NONE', #3097, #3568, #2140, .T. ) ;
#828 = CARTESIAN_POINT ( 'NONE',  ( 2.121320343559644162, -2.121320343559645050, -30.98850000000000193 ) ) ;
#829 = DIRECTION ( 'NONE',  ( -0.000000000000000000, -0.000000000000000000, 1.000000000000000000 ) ) ;
#830 = EDGE_CURVE ( 'NONE', #741, #1363, #3199, .T. ) ;
#831 = CARTESIAN_POINT ( 'NONE',  ( -2.878508968398380237E-16, -2.350480947161672329, -28.48850000000001614 ) ) ;
#832 = ORIENTED_EDGE ( 'NONE', *, *, #1776, .F. ) ;
#833 = CARTESIAN_POINT ( 'NONE',  ( -3.000000000000002665, -1.242640687119286103, -25.17600000000004812 ) ) ;
#834 = ORIENTED_EDGE ( 'NONE', *, *, #1927, .F. ) ;
#835 = CARTESIAN_POINT ( 'NONE',  ( 1.242640687119257903, -3.000000000000031530, -24.92600000000005167 ) ) ;
#836 = CARTESIAN_POINT ( 'NONE',  ( 0.000000000000000000, 2.350480947161671441, -23.11350000000003035 ) ) ;
#837 = CARTESIAN_POINT ( 'NONE',  ( -3.054126587736528897, -1.145680569672079404E-16, -26.33225000000001259 ) ) ;
#838 = CYLINDRICAL_SURFACE ( 'NONE', #817, 2.350480947161671885 ) ;
#839 = CARTESIAN_POINT ( 'NONE',  ( 2.350480947161671441, -0.9736010864139245102, -33.42600000000000904 ) ) ;
#840 = CARTESIAN_POINT ( 'NONE',  ( 2.350480947161671441, 0.9736010864139230669, -31.17600000000000904 ) ) ;
#841 = PLANE ( 'NONE',  #2659 ) ;
#842 = CARTESIAN_POINT ( 'NONE',  ( 0.000000000000000000, -2.560663680558446674E-15, -22.38650000000000517 ) ) ;
#843 = VERTEX_POINT ( 'NONE', #1532 ) ;
#844 = CARTESIAN_POINT ( 'NONE',  ( -3.673940397442062333E-16, -3.000000000000002665, -31.11349999999999838 ) ) ;
#845 = CARTESIAN_POINT ( 'NONE',  ( 0.000000000000000000, -2.476191000000004916, 33.61350000000000193 ) ) ;
#846 = EDGE_CURVE ( 'NONE', #2900, #1585, #3086, .T. ) ;
#847 =( BOUNDED_CURVE ( )  B_SPLINE_CURVE ( 2, ( #1176, #835, #3358, #1688, #315, #2814, #1431 ),
 .UNSPECIFIED., .F., .F. ) 
 B_SPLINE_CURVE_WITH_KNOTS ( ( 3, 2, 2, 3 ),
 ( 0.8636363636363633134, 0.8749999999999997780, 0.8863636363636363535, 0.8902523870394911665 ),
 .UNSPECIFIED. ) 
 CURVE ( )  GEOMETRIC_REPRESENTATION_ITEM ( )  RATIONAL_B_SPLINE_CURVE ( ( 1.000000000000002220, 0.9238795325112845180, 1.000000000000000000, 0.9238795325112867385, 1.000000000000000000, 0.9739508102934055778, 0.9657302101043613307 ) ) 
 REPRESENTATION_ITEM ( '' )  );
#848 = CARTESIAN_POINT ( 'NONE',  ( 2.350480947161671441, 0.9736010864139230669, -26.17600000000001970 ) ) ;
#849 = ORIENTED_EDGE ( 'NONE', *, *, #1153, .T. ) ;
#850 = CARTESIAN_POINT ( 'NONE',  ( -3.000000000000002220, -1.178823545882232598E-16, -26.36350000000001259 ) ) ;
#851 = ORIENTED_EDGE ( 'NONE', *, *, #76, .T. ) ;
#852 = FACE_OUTER_BOUND ( 'NONE', #1457, .T. ) ;
#853 = CARTESIAN_POINT ( 'NONE',  ( 3.054126587736528897, -8.626133269396815863E-16, -33.76975000000003035 ) ) ;
#854 = COORDINATED_UNIVERSAL_TIME_OFFSET ( 6, 0, .BEHIND. ) ;
#855 = CARTESIAN_POINT ( 'NONE',  ( -2.159593620790630997, 2.159593620790630553, -29.45725000000000549 ) ) ;
#856 = DIRECTION ( 'NONE',  ( -0.000000000000000000, 8.971971810740515560E-18, 1.000000000000000000 ) ) ;
#857 = DIRECTION ( 'NONE',  ( 0.000000000000000000, 1.000000000000000000, -8.971971810740515560E-18 ) ) ;
#858 = CARTESIAN_POINT ( 'NONE',  ( -2.350480947161671885, -0.9736010864139230669, -29.67600000000001614 ) ) ;
#859 = CARTESIAN_POINT ( 'NONE',  ( -1.308726738504952802, -2.128713664943893580, -32.78293714506934009 ) ) ;
#860 = CARTESIAN_POINT ( 'NONE',  ( -2.114248954610858267, -1.720498533869416535, -24.41603795241642061 ) ) ;
#861 = CLOSED_SHELL ( 'NONE', ( #2149, #3238, #1325, #2252, #516, #944, #1196, #1686, #1342, #660, #1633, #1128, #2842, #1590, #3176, #2179, #1664, #1903, #2295, #1145, #949, #696, #3610, #1733, #604, #1956, #2886, #1863, #2541, #611, #1460, #146, #2575, #2813, #2952, #3435, #2300, #2861, #2769, #782, #3514, #1304, #2088, #122, #1286, #253, #2795, #3255, #1260, #716, #179, #672, #1487, #1173, #2705, #1287, #2064, #2345, #2972, #2070, #3348, #2040, #2907, #1756, #3103, #965, #1573, #2547, #3484, #410, #515, #1907 ) ) ;
#862 = DIRECTION ( 'NONE',  ( 0.000000000000000000, 0.000000000000000000, 1.000000000000000000 ) ) ;
#863 = EDGE_LOOP ( 'NONE', ( #2736, #1298, #1429, #1895 ) ) ;
#864 = CARTESIAN_POINT ( 'NONE',  ( 0.1779491782321953319, 2.858014231484414580, -32.41589977576653325 ) ) ;
#865 = LINE ( 'NONE', #845, #786 ) ;
#866 = CARTESIAN_POINT ( 'NONE',  ( 2.350480947161671441, 0.9736010864139230669, -23.17600000000003391 ) ) ;
#867 = ORIENTED_EDGE ( 'NONE', *, *, #2044, .F. ) ;
#868 = CARTESIAN_POINT ( 'NONE',  ( -2.121320343559644606, 2.121320343559644162, -26.48850000000001259 ) ) ;
#869 = EDGE_CURVE ( 'NONE', #3421, #2974, #1024, .T. ) ;
#870 =( BOUNDED_CURVE ( )  B_SPLINE_CURVE ( 2, ( #2127, #2183, #2760, #489, #276, #1652, #1942, #1082, #2200 ),
 .UNSPECIFIED., .F., .F. ) 
 B_SPLINE_CURVE_WITH_KNOTS ( ( 3, 2, 2, 2, 3 ),
 ( 0.2272727272727274039, 0.2386363636363638130, 0.2500000000000002220, 0.2613636363636365756, 0.2727272727272729846 ),
 .UNSPECIFIED. ) 
 CURVE ( )  GEOMETRIC_REPRESENTATION_ITEM ( )  RATIONAL_B_SPLINE_CURVE ( ( 0.9999999999999992228, 0.9238795325112875156, 1.000000000000000000, 0.9238795325112867385, 1.000000000000000000, 0.9238795325112867385, 1.000000000000000000, 0.9238795325112848511, 1.000000000000001776 ) ) 
 REPRESENTATION_ITEM ( '' )  );
#871 = VERTEX_POINT ( 'NONE', #2370 ) ;
#872 = CARTESIAN_POINT ( 'NONE',  ( 2.350480947161671885, -6.060052213450049967E-15, -31.23850000000001259 ) ) ;
#873 = EDGE_CURVE ( 'NONE', #2974, #2793, #619, .T. ) ;
#874 = CARTESIAN_POINT ( 'NONE',  ( -2.159593620790630997, -2.159593620790630997, -29.20725000000000549 ) ) ;
#875 = CIRCLE ( 'NONE', #3172, 6.499999999999996447 ) ;
#876 = CC_DESIGN_DATE_AND_TIME_ASSIGNMENT ( #1866, #2997, ( #184 ) ) ;
#877 = EDGE_CURVE ( 'NONE', #2060, #3421, #3287, .T. ) ;
#878 = CIRCLE ( 'NONE', #2593, 6.499999999999997335 ) ;
#879 = DIRECTION ( 'NONE',  ( -0.8660254037844387076, -0.4999999999999998890, 0.000000000000000000 ) ) ;
#880 = DIRECTION ( 'NONE',  ( 0.000000000000000000, -1.000000000000000000, 8.971971810740515560E-18 ) ) ;
#881 = CARTESIAN_POINT ( 'NONE',  ( -2.878508968398380237E-16, -2.350480947161672329, -32.48850000000000904 ) ) ;
#882 = CARTESIAN_POINT ( 'NONE',  ( -3.000000000000002220, -1.178823545882232598E-16, -31.36350000000000193 ) ) ;
#883 = CARTESIAN_POINT ( 'NONE',  ( 2.473797303761473554, -0.1088520481363362546, -24.17261465700000400 ) ) ;
#884 = VECTOR ( 'NONE', #3584, 1000.000000000000000 ) ;
#885 = CARTESIAN_POINT ( 'NONE',  ( -2.350480947161671885, -3.030342766532892963E-16, -26.86350000000002325 ) ) ;
#886 = ORIENTED_EDGE ( 'NONE', *, *, #3586, .F. ) ;
#887 = FACE_BOUND ( 'NONE', #1939, .T. ) ;
#888 = FACE_OUTER_BOUND ( 'NONE', #273, .T. ) ;
#889 = CARTESIAN_POINT ( 'NONE',  ( 0.000000000000000000, -3.015793744603263765E-16, -33.61350000000000193 ) ) ;
#890 = ORIENTED_EDGE ( 'NONE', *, *, #1898, .F. ) ;
#891 = CARTESIAN_POINT ( 'NONE',  ( 2.350480947161677214, 0.9736010864139094112, -24.30100000000002680 ) ) ;
#892 = ORIENTED_EDGE ( 'NONE', *, *, #2416, .T. ) ;
#893 = CARTESIAN_POINT ( 'NONE',  ( 3.000000000000001776, 1.242640687119286547, -28.67600000000005167 ) ) ;
#894 =( BOUNDED_CURVE ( )  B_SPLINE_CURVE ( 2, ( #1682, #2530, #1191, #3371, #2568, #2808, #287 ),
 .UNSPECIFIED., .F., .T. ) 
 B_SPLINE_CURVE_WITH_KNOTS ( ( 3, 2, 2, 3 ),
 ( 0.2012487964336989732, 0.2045454545454545858, 0.2159090909090909949, 0.2272727272727274039 ),
 .UNSPECIFIED. ) 
 CURVE ( )  GEOMETRIC_REPRESENTATION_ITEM ( )  RATIONAL_B_SPLINE_CURVE ( ( 0.9686468209390473039, 0.9779170022176781885, 1.000000000000000000, 0.9238795325112867385, 1.000000000000000000, 0.9238795325112858503, 1.000000000000000888 ) ) 
 REPRESENTATION_ITEM ( '' )  );
#895 = CARTESIAN_POINT ( 'NONE',  ( 2.159593620790630553, -2.159593620790631441, -23.95725000000001614 ) ) ;
#896 = EDGE_CURVE ( 'NONE', #2496, #2106, #3562, .T. ) ;
#897 = LINE ( 'NONE', #1141, #470 ) ;
#898 = CARTESIAN_POINT ( 'NONE',  ( -2.350480947161666112, 0.9736010864139259535, -27.80100000000002325 ) ) ;
#899 = CARTESIAN_POINT ( 'NONE',  ( 1.265060653844735095, 3.054126587736527565, -31.58225000000003391 ) ) ;
#900 = EDGE_CURVE ( 'NONE', #419, #2646, #1407, .T. ) ;
#901 = DIRECTION ( 'NONE',  ( -0.000000000000000000, 8.971971810740515560E-18, 1.000000000000000000 ) ) ;
#902 = CARTESIAN_POINT ( 'NONE',  ( -2.000000000000000000, -0.2032123884490495691, 33.30408612756171749 ) ) ;
#903 = DIRECTION ( 'NONE',  ( 0.000000000000000000, 0.7071067811865409114, -0.7071067811865541231 ) ) ;
#904 = ORIENTED_EDGE ( 'NONE', *, *, #1358, .T. ) ;
#905 = CARTESIAN_POINT ( 'NONE',  ( -3.673940397442062333E-16, -3.000000000000002665, -25.98850000000004812 ) ) ;
#906 = CARTESIAN_POINT ( 'NONE',  ( -1.641700805607833491, 1.856434860379237328, -32.80306121921532281 ) ) ;
#907 = CARTESIAN_POINT ( 'NONE',  ( 0.000000000000000000, 3.000000000000001776, -28.48850000000004457 ) ) ;
#908 = ORIENTED_EDGE ( 'NONE', *, *, #1369, .F. ) ;
#909 = EDGE_LOOP ( 'NONE', ( #191, #1481 ) ) ;
#910 = CARTESIAN_POINT ( 'NONE',  ( -3.054126587736528897, -1.265060653844732652, -25.26975000000001259 ) ) ;
#911 = CYLINDRICAL_SURFACE ( 'NONE', #1761, 3.000000000000004441 ) ;
#912 = CARTESIAN_POINT ( 'NONE',  ( 0.000000000000000000, -3.000000000000007105, -24.17261465700000400 ) ) ;
#913 = CARTESIAN_POINT ( 'NONE',  ( -3.740226349862368230E-16, -3.054126587736529341, -31.01975000000003746 ) ) ;
#914 = CARTESIAN_POINT ( 'NONE',  ( -2.365389326748601917, -0.4972012310019455206, -32.86494841294967273 ) ) ;
#915 = CARTESIAN_POINT ( 'NONE',  ( -2.000000000000000000, 0.2034641785594584473, 33.30411172684608800 ) ) ;
#916 = EDGE_CURVE ( 'NONE', #1548, #419, #3550, .T. ) ;
#917 = FACE_OUTER_BOUND ( 'NONE', #1917, .T. ) ;
#918 = ORIENTED_EDGE ( 'NONE', *, *, #2473, .T. ) ;
#919 = CARTESIAN_POINT ( 'NONE',  ( 1.256680891936115874, 2.726635716083897876, -24.68757201555230552 ) ) ;
#920 = CARTESIAN_POINT ( 'NONE',  ( -1.662041016787789927, 1.662041016787804359, -26.98850000000002325 ) ) ;
#921 = VERTEX_POINT ( 'NONE', #446 ) ;
#922 = B_SPLINE_CURVE_WITH_KNOTS ( 'NONE', 3,
 ( #2584, #824, #2005, #1127, #264, #2246, #554, #61, #3075, #860, #1732, #2525, #590, #1381, #1966, #1438, #2264, #1186, #1717, #2506, #1985, #3113, #2821, #11, #1107, #2563, #2225, #303, #45, #1163, #2284, #3400 ),
 .UNSPECIFIED., .F., .F.,
 ( 4, 2, 2, 2, 2, 2, 2, 2, 2, 2, 2, 2, 2, 2, 2, 4 ),
 ( 0.003886426987281831058, 0.004432579203102091428, 0.004978731418922351798, 0.005524883634742612168, 0.006071035850562871670, 0.006617188066383131173, 0.007163340282203392410, 0.007709492498023651913, 0.008255644713843910548, 0.009347949145484431288, 0.009894101361304689923, 0.01044025357712495029, 0.01098640579294521066, 0.01153255800876547277, 0.01207871022458573140, 0.01262486244040599177 ),
 .UNSPECIFIED. ) ;
#923 = EDGE_CURVE ( 'NONE', #2646, #2722, #1654, .T. ) ;
#924 = DIRECTION ( 'NONE',  ( 0.000000000000000000, -1.000000000000000000, 0.000000000000000000 ) ) ;
#925 = ORIENTED_EDGE ( 'NONE', *, *, #1804, .F. ) ;
#926 = CARTESIAN_POINT ( 'NONE',  ( -0.9736010864139229559, 2.350480947161671441, -25.05100000000002325 ) ) ;
#927 = CARTESIAN_POINT ( 'NONE',  ( -2.121320343559644606, 2.121320343559644162, -28.48850000000000549 ) ) ;
#928 = ORIENTED_EDGE ( 'NONE', *, *, #1796, .F. ) ;
#929 = CARTESIAN_POINT ( 'NONE',  ( -2.425307403588241151, 1.705229615247589203, -32.31371609793267652 ) ) ;
#930 = CARTESIAN_POINT ( 'NONE',  ( 0.000000000000000000, 3.054126587736528453, -22.58225000000001970 ) ) ;
#931 = CARTESIAN_POINT ( 'NONE',  ( 1.242640687119283438, 3.000000000000005329, -26.67600000000000549 ) ) ;
#932 = CARTESIAN_POINT ( 'NONE',  ( 2.350480947161671885, -7.333557197200833873E-16, -32.36350000000000904 ) ) ;
#933 = CARTESIAN_POINT ( 'NONE',  ( 2.159593620790630997, 2.159593620790629664, -29.64475000000003746 ) ) ;
#934 = CARTESIAN_POINT ( 'NONE',  ( -3.000000000000002220, -1.242640687119286103, -27.30100000000001259 ) ) ;
#935 = DIRECTION ( 'NONE',  ( 0.000000000000000000, -1.000000000000000000, 8.971971810740515560E-18 ) ) ;
#936 = CIRCLE ( 'NONE', #1409, 2.350480947161671885 ) ;
#937 = CARTESIAN_POINT ( 'NONE',  ( -2.121320343559644606, -2.121320343559644606, -29.23850000000000549 ) ) ;
#938 = VERTEX_POINT ( 'NONE', #2449 ) ;
#939 = CARTESIAN_POINT ( 'NONE',  ( 3.000000000000002220, -8.526704340766356772E-16, -25.73850000000004457 ) ) ;
#940 = CARTESIAN_POINT ( 'NONE',  ( 0.000000000000000000, 3.000000000000001776, -25.61350000000001614 ) ) ;
#941 = VECTOR ( 'NONE', #2854, 1000.000000000000000 ) ;
#942 = ORIENTED_EDGE ( 'NONE', *, *, #1455, .T. ) ;
#943 = CIRCLE ( 'NONE', #3004, 1.660414007250005319 ) ;
#944 = ADVANCED_FACE ( 'NONE', ( #1362 ), #2336, .F. ) ;
#945 = CARTESIAN_POINT ( 'NONE',  ( 2.350480947161671885, -7.333557197200833873E-16, -23.23850000000003035 ) ) ;
#946 = ORIENTED_EDGE ( 'NONE', *, *, #256, .T. ) ;
#947 = CARTESIAN_POINT ( 'NONE',  ( 1.265060653844732430, -3.054126587736530674, -32.95725000000003746 ) ) ;
#948 = CARTESIAN_POINT ( 'NONE',  ( 0.000000000000000000, -2.309401076758504257, 33.61350000000000193 ) ) ;
#949 = ADVANCED_FACE ( 'NONE', ( #1908 ), #2487, .T. ) ;
#950 = ORIENTED_EDGE ( 'NONE', *, *, #393, .F. ) ;
#951 = CARTESIAN_POINT ( 'NONE',  ( 0.000000000000000000, 2.350480947161671441, -33.98850000000000193 ) ) ;
#952 = CARTESIAN_POINT ( 'NONE',  ( 0.000000000000000000, -2.134405299830164918E-15, 25.12350000000001060 ) ) ;
#953 = CARTESIAN_POINT ( 'NONE',  ( -1.662041016787797476, -1.662041016787797476, -32.73850000000000904 ) ) ;
#954 = CARTESIAN_POINT ( 'NONE',  ( -2.159593620790630997, 2.159593620790630553, -28.39475000000004457 ) ) ;
#955 = DIRECTION ( 'NONE',  ( -0.000000000000000000, -0.000000000000000000, 1.000000000000000000 ) ) ;
#956 = DIRECTION ( 'NONE',  ( -0.000000000000000000, -0.000000000000000000, 1.000000000000000000 ) ) ;
#957 = CARTESIAN_POINT ( 'NONE',  ( -2.350480947161671885, 9.937496613189447546E-16, -31.86350000000000904 ) ) ;
#958 = ORIENTED_EDGE ( 'NONE', *, *, #3477, .F. ) ;
#959 = CARTESIAN_POINT ( 'NONE',  ( 3.000000000000002220, -8.526704340766356772E-16, -30.73850000000003746 ) ) ;
#960 = LINE ( 'NONE', #2935, #1380 ) ;
#961 = CARTESIAN_POINT ( 'NONE',  ( 2.152449829927485236, 0.9443094898470334453, -24.17261465699999690 ) ) ;
#962 = ORIENTED_EDGE ( 'NONE', *, *, #1358, .F. ) ;
#963 = CARTESIAN_POINT ( 'NONE',  ( -0.9736010864139230669, -2.350480947161672329, -24.67600000000003035 ) ) ;
#964 = DIRECTION ( 'NONE',  ( 0.8660254037844384856, -0.5000000000000002220, 0.000000000000000000 ) ) ;
#965 = ADVANCED_FACE ( 'NONE', ( #1564 ), #2421, .F. ) ;
#966 = ORIENTED_EDGE ( 'NONE', *, *, #538, .F. ) ;
#967 = AXIS2_PLACEMENT_3D ( 'NONE', #414, #1207, #1753 ) ;
#968 = CARTESIAN_POINT ( 'NONE',  ( 2.159593620790630997, 2.159593620790629664, -24.70725000000001259 ) ) ;
#969 = B_SPLINE_CURVE_WITH_KNOTS ( 'NONE', 3,
 ( #2894, #375, #3489, #2058, #915, #902, #2307, #2930, #2381, #706 ),
 .UNSPECIFIED., .F., .F.,
 ( 4, 2, 2, 2, 4 ),
 ( 0.001253827683751232609, 0.001851866478975377345, 0.002449905274199522080, 0.003047944069423666816, 0.003645982864647812419 ),
 .UNSPECIFIED. ) ;
#970 =( BOUNDED_CURVE ( )  B_SPLINE_CURVE ( 2, ( #905, #2025, #3153, #631, #939, #2147, #3206, #978, #2713 ),
 .UNSPECIFIED., .F., .F. ) 
 B_SPLINE_CURVE_WITH_KNOTS ( ( 3, 2, 2, 2, 3 ),
 ( 0.7727272727272723740, 0.7840909090909088386, 0.7954545454545453032, 0.8068181818181817677, 0.8181818181818183433 ),
 .UNSPECIFIED. ) 
 CURVE ( )  GEOMETRIC_REPRESENTATION_ITEM ( )  RATIONAL_B_SPLINE_CURVE ( ( 1.000000000000002220, 0.9238795325112845180, 1.000000000000000000, 0.9238795325112867385, 1.000000000000000000, 0.9238795325112867385, 1.000000000000000000, 0.9238795325112859613, 1.000000000000000666 ) ) 
 REPRESENTATION_ITEM ( '' )  );
#971 = CARTESIAN_POINT ( 'NONE',  ( 2.121320343559644606, 2.121320343559643273, -26.73850000000000904 ) ) ;
#972 = CARTESIAN_POINT ( 'NONE',  ( 2.350480947161671441, -0.9736010864139245102, -31.42600000000000904 ) ) ;
#973 = CARTESIAN_POINT ( 'NONE',  ( -3.740226349862368230E-16, -3.054126587736529341, -28.01975000000004457 ) ) ;
#974 = CARTESIAN_POINT ( 'NONE',  ( 1.242640687119290543, -2.999999999999999112, -29.92600000000003746 ) ) ;
#975 = CARTESIAN_POINT ( 'NONE',  ( -0.9736010864139145182, 2.350480947161674550, -24.92600000000002325 ) ) ;
#976 = CARTESIAN_POINT ( 'NONE',  ( -3.673940397442062333E-16, -3.000000000000002665, -31.98850000000003035 ) ) ;
#977 = ORIENTED_EDGE ( 'NONE', *, *, #778, .F. ) ;
#978 = CARTESIAN_POINT ( 'NONE',  ( 1.242640687119278997, 3.000000000000009770, -25.55100000000004812 ) ) ;
#979 = CARTESIAN_POINT ( 'NONE',  ( 3.000000000000001776, 1.242640687119286547, -27.67600000000004812 ) ) ;
#980 = CARTESIAN_POINT ( 'NONE',  ( -1.242640687119281218, 3.000000000000006217, -30.42600000000004457 ) ) ;
#981 = ORIENTED_EDGE ( 'NONE', *, *, #1796, .T. ) ;
#982 = CARTESIAN_POINT ( 'NONE',  ( 2.159593620790630997, 2.159593620790629664, -32.64475000000003746 ) ) ;
#983 = CARTESIAN_POINT ( 'NONE',  ( 2.350480947161663892, -0.9736010864139329479, -31.30100000000000904 ) ) ;
#984 = ORIENTED_EDGE ( 'NONE', *, *, #985, .T. ) ;
#985 = EDGE_CURVE ( 'NONE', #1427, #1115, #2393, .T. ) ;
#986 = CARTESIAN_POINT ( 'NONE',  ( 0.9736010864139245102, 2.350480947161670997, -33.05100000000000904 ) ) ;
#987 = EDGE_CURVE ( 'NONE', #601, #2643, #3532, .T. ) ;
#988 = CARTESIAN_POINT ( 'NONE',  ( 2.350480947161671885, -6.060052213450049967E-15, -31.36350000000000904 ) ) ;
#989 = CARTESIAN_POINT ( 'NONE',  ( -2.350480947161671885, -1.576539260404073400E-16, -31.86350000000000904 ) ) ;
#990 = CARTESIAN_POINT ( 'NONE',  ( 3.673940397442064798E-16, 3.000000000000002220, 33.61350000000000193 ) ) ;
#991 = CARTESIAN_POINT ( 'NONE',  ( -1.265060653844732652, 3.054126587736528453, -30.51975000000000193 ) ) ;
#992 = EDGE_CURVE ( 'NONE', #3179, #1585, #1856, .T. ) ;
#993 =( BOUNDED_CURVE ( )  B_SPLINE_CURVE ( 2, ( #2098, #188, #1294, #1841, #959, #1531, #119, #2970, #3002 ),
 .UNSPECIFIED., .F., .F. ) 
 B_SPLINE_CURVE_WITH_KNOTS ( ( 3, 2, 2, 2, 3 ),
 ( 0.3181818181818179547, 0.3295454545454543638, 0.3409090909090907173, 0.3522727272727271819, 0.3636363636363635909 ),
 .UNSPECIFIED. ) 
 CURVE ( )  GEOMETRIC_REPRESENTATION_ITEM ( )  RATIONAL_B_SPLINE_CURVE ( ( 1.000000000000001554, 0.9238795325112852952, 1.000000000000000000, 0.9238795325112867385, 1.000000000000000000, 0.9238795325112867385, 1.000000000000000000, 0.9238795325112870716, 0.9999999999999996669 ) ) 
 REPRESENTATION_ITEM ( '' )  );
#994 = DIRECTION ( 'NONE',  ( -0.000000000000000000, -0.000000000000000000, 1.000000000000000000 ) ) ;
#995 = VERTEX_POINT ( 'NONE', #514 ) ;
#996 = CARTESIAN_POINT ( 'NONE',  ( 3.105682770849847401E-17, 2.309401076758502924, 30.61350000000000549 ) ) ;
#997 = CARTESIAN_POINT ( 'NONE',  ( -2.350480947161673662, 0.9736010864139191812, -26.92600000000002325 ) ) ;
#998 = VECTOR ( 'NONE', #1576, 1000.000000000000000 ) ;
#999 = AXIS2_PLACEMENT_3D ( 'NONE', #1823, #2675, #1474 ) ;
#1000 = CARTESIAN_POINT ( 'NONE',  ( -0.9736010864139222898, -2.350480947161673217, -29.55100000000001970 ) ) ;
#1001 = CONICAL_SURFACE ( 'NONE', #1706, 2.309401076758502924, 0.7853981633974500554 ) ;
#1002 = ORIENTED_EDGE ( 'NONE', *, *, #1011, .T. ) ;
#1003 = CARTESIAN_POINT ( 'NONE',  ( -1.975197937396559800, 2.181838575554053250, -32.33544190705126198 ) ) ;
#1004 = CARTESIAN_POINT ( 'NONE',  ( 3.000000000000002220, -8.526704340766356772E-16, -24.86350000000001259 ) ) ;
#1005 = AXIS2_PLACEMENT_3D ( 'NONE', #3189, #48, #84 ) ;
#1006 = ORIENTED_EDGE ( 'NONE', *, *, #2729, .F. ) ;
#1007 = DIRECTION ( 'NONE',  ( 0.000000000000000000, 1.000000000000000000, 0.000000000000000000 ) ) ;
#1008 = CARTESIAN_POINT ( 'NONE',  ( 0.9736010864139224008, -2.350480947161673217, -29.55100000000001970 ) ) ;
#1009 = CARTESIAN_POINT ( 'NONE',  ( -2.159593620790630997, -2.159593620790630997, -32.20725000000000193 ) ) ;
#1010 = EDGE_CURVE ( 'NONE', #3357, #176, #313, .T. ) ;
#1011 = EDGE_CURVE ( 'NONE', #1209, #3309, #3306, .T. ) ;
#1012 = FACE_OUTER_BOUND ( 'NONE', #3197, .T. ) ;
#1013 = CARTESIAN_POINT ( 'NONE',  ( 0.000000000000000000, 2.350480947161671441, -28.98850000000001614 ) ) ;
#1014 = CARTESIAN_POINT ( 'NONE',  ( 2.000000000000000000, -0.2033195896942490144, 33.30409892324151144 ) ) ;
#1015 = CARTESIAN_POINT ( 'NONE',  ( -1.090980571936516874, -1.679523149870303378, 33.30431779122538671 ) ) ;
#1016 =( BOUNDED_CURVE ( )  B_SPLINE_CURVE ( 2, ( #2866, #3426, #348, #1741, #1428, #833, #2255, #1172, #312 ),
 .UNSPECIFIED., .F., .T. ) 
 B_SPLINE_CURVE_WITH_KNOTS ( ( 3, 2, 2, 2, 3 ),
 ( 0.8181818181818183433, 0.8295454545454545858, 0.8409090909090908283, 0.8522727272727270709, 0.8636363636363633134 ),
 .UNSPECIFIED. ) 
 CURVE ( )  GEOMETRIC_REPRESENTATION_ITEM ( )  RATIONAL_B_SPLINE_CURVE ( ( 0.9999999999999992228, 0.9238795325112875156, 1.000000000000000000, 0.9238795325112867385, 1.000000000000000000, 0.9238795325112867385, 1.000000000000000000, 0.9238795325112889589, 0.9999999999999977796 ) ) 
 REPRESENTATION_ITEM ( '' )  );
#1017 = B_SPLINE_CURVE_WITH_KNOTS ( 'NONE', 3,
 ( #1676, #3614, #492, #1613, #1065, #203, #1085, #279, #767, #219, #477, #3579 ),
 .UNSPECIFIED., .F., .F.,
 ( 4, 2, 2, 2, 2, 4 ),
 ( 2.544349856246481661E-07, 0.0005966331004600522285, 0.0008948224331972662315, 0.001193011765934480451, 0.001789390431408908457, 0.002385769096883336680 ),
 .UNSPECIFIED. ) ;
#1018 = DIRECTION ( 'NONE',  ( 1.538701082689273379E-13, -1.000000000000000000, 8.971971810740515560E-18 ) ) ;
#1019 = ORIENTED_EDGE ( 'NONE', *, *, #340, .T. ) ;
#1020 = CARTESIAN_POINT ( 'NONE',  ( -2.098540228965096954, 2.070928972643025112, -32.33012497687469988 ) ) ;
#1021 = CARTESIAN_POINT ( 'NONE',  ( 2.350480947161671885, -9.514262975528106448E-15, -25.23850000000002325 ) ) ;
#1022 = ORIENTED_EDGE ( 'NONE', *, *, #2495, .F. ) ;
#1023 = EDGE_LOOP ( 'NONE', ( #1795, #1826 ) ) ;
#1024 = CIRCLE ( 'NONE', #3312, 0.2619045000000000400 ) ;
#1025 = DIRECTION ( 'NONE',  ( 0.000000000000000000, 0.000000000000000000, 1.000000000000000000 ) ) ;
#1026 = CARTESIAN_POINT ( 'NONE',  ( 0.9736010864139224008, -2.350480947161673217, -28.55100000000002325 ) ) ;
#1027 = PERSON_AND_ORGANIZATION ( #210, #1578 ) ;
#1028 = CARTESIAN_POINT ( 'NONE',  ( -2.159593620790630997, -2.159593620790630997, -33.20724999999999483 ) ) ;
#1029 = CARTESIAN_POINT ( 'NONE',  ( -3.673940397442062333E-16, -3.000000000000002665, -28.11350000000000549 ) ) ;
#1030 = EDGE_CURVE ( 'NONE', #2513, #2712, #1659, .T. ) ;
#1031 = CARTESIAN_POINT ( 'NONE',  ( -2.188195577938626233E-16, -2.309401076758503368, 30.61350000000000549 ) ) ;
#1032 = CARTESIAN_POINT ( 'NONE',  ( 1.170912023301344584, -1.633374704908102437, 33.30367475204324990 ) ) ;
#1033 = CARTESIAN_POINT ( 'NONE',  ( -0.9736010864139160725, 2.350480947161673662, -28.05100000000002325 ) ) ;
#1034 = EDGE_LOOP ( 'NONE', ( #2216, #3209, #2865, #1349, #3355, #1839, #2860, #1372 ) ) ;
#1035 = DIRECTION ( 'NONE',  ( 0.000000000000000000, -1.000000000000000000, 0.000000000000000000 ) ) ;
#1036 = CARTESIAN_POINT ( 'NONE',  ( -1.662041016787801917, -1.662041016787792591, -25.61350000000002680 ) ) ;
#1037 = APPROVAL ( #3051, 'UNSPECIFIED' ) ;
#1038 = EDGE_CURVE ( 'NONE', #2039, #921, #35, .T. ) ;
#1039 = ORIENTED_EDGE ( 'NONE', *, *, #2836, .T. ) ;
#1040 = CARTESIAN_POINT ( 'NONE',  ( -3.740226349862368230E-16, -3.054126587736529341, -24.01975000000005522 ) ) ;
#1041 = ORIENTED_EDGE ( 'NONE', *, *, #2454, .F. ) ;
#1042 = CARTESIAN_POINT ( 'NONE',  ( 2.350480947161671885, -3.015793744603263765E-16, -33.61350000000000193 ) ) ;
#1043 = CARTESIAN_POINT ( 'NONE',  ( -1.662041016787797476, 1.662041016787797254, -25.98850000000002680 ) ) ;
#1044 = PERSON_AND_ORGANIZATION ( #210, #1578 ) ;
#1045 = CARTESIAN_POINT ( 'NONE',  ( -3.740226349862368230E-16, -3.054126587736529341, -31.08224999999999838 ) ) ;
#1046 = DIRECTION ( 'NONE',  ( 1.000000000000000000, 0.000000000000000000, 0.000000000000000000 ) ) ;
#1047 = CARTESIAN_POINT ( 'NONE',  ( 1.242640687119306753, 2.999999999999982236, -28.67600000000000549 ) ) ;
#1048 = CARTESIAN_POINT ( 'NONE',  ( -2.350480947161666112, -0.9736010864139260645, -24.67600000000002325 ) ) ;
#1049 = PLANE ( 'NONE',  #121 ) ;
#1050 = ORIENTED_EDGE ( 'NONE', *, *, #94, .T. ) ;
#1051 = DIRECTION ( 'NONE',  ( 1.000000000000000000, 0.000000000000000000, 0.000000000000000000 ) ) ;
#1052 = LINE ( 'NONE', #2989, #3395 ) ;
#1053 = ORIENTED_EDGE ( 'NONE', *, *, #2324, .T. ) ;
#1054 = EDGE_CURVE ( 'NONE', #789, #2030, #2787, .T. ) ;
#1055 = AXIS2_PLACEMENT_3D ( 'NONE', #952, #1557, #2054 ) ;
#1056 =( BOUNDED_CURVE ( )  B_SPLINE_CURVE ( 2, ( #3494, #980, #1583, #156, #1536, #398, #2918, #2422, #2716 ),
 .UNSPECIFIED., .F., .T. ) 
 B_SPLINE_CURVE_WITH_KNOTS ( ( 3, 2, 2, 2, 3 ),
 ( 0.3636363636363635909, 0.3750000000000000000, 0.3863636363636363535, 0.3977272727272727071, 0.4090909090909091717 ),
 .UNSPECIFIED. ) 
 CURVE ( )  GEOMETRIC_REPRESENTATION_ITEM ( )  RATIONAL_B_SPLINE_CURVE ( ( 1.000000000000000444, 0.9238795325112864054, 1.000000000000000000, 0.9238795325112867385, 1.000000000000000000, 0.9238795325112867385, 1.000000000000000000, 0.9238795325112864054, 1.000000000000000444 ) ) 
 REPRESENTATION_ITEM ( '' )  );
#1057 = CARTESIAN_POINT ( 'NONE',  ( -1.662041016787797476, -1.662041016787797476, -26.61350000000002325 ) ) ;
#1058 = ORIENTED_EDGE ( 'NONE', *, *, #1595, .F. ) ;
#1059 = CARTESIAN_POINT ( 'NONE',  ( -1.265060653844732652, 3.054126587736528453, -26.45725000000004812 ) ) ;
#1060 = VECTOR ( 'NONE', #723, 1000.000000000000000 ) ;
#1061 = CARTESIAN_POINT ( 'NONE',  ( -3.000000000000002220, -1.178823545882232598E-16, -29.23850000000004101 ) ) ;
#1062 = CARTESIAN_POINT ( 'NONE',  ( -0.9736010864139229559, 2.350480947161671441, -29.05100000000002325 ) ) ;
#1063 = CARTESIAN_POINT ( 'NONE',  ( 0.000000000000000000, 3.054126587736528453, -30.58225000000000193 ) ) ;
#1064 = CARTESIAN_POINT ( 'NONE',  ( 2.853680548340335713E-16, 1.660414007250002655, -33.61350000000000193 ) ) ;
#1065 = CARTESIAN_POINT ( 'NONE',  ( -0.6485067226708484123, 1.934985545853206812, 33.34250524179863362 ) ) ;
#1066 = CARTESIAN_POINT ( 'NONE',  ( 0.000000000000000000, 3.000000000000001776, -26.48850000000004812 ) ) ;
#1067 = CARTESIAN_POINT ( 'NONE',  ( 2.350480947161663892, -0.9736010864139325038, -32.30100000000000904 ) ) ;
#1068 = CARTESIAN_POINT ( 'NONE',  ( 2.878508968398380532E-15, 2.350480947161671441, -29.11350000000001614 ) ) ;
#1069 = ORIENTED_EDGE ( 'NONE', *, *, #3546, .F. ) ;
#1070 = DIRECTION ( 'NONE',  ( 0.000000000000000000, -1.000000000000000000, 0.000000000000000000 ) ) ;
#1071 = ADVANCED_FACE ( 'NONE', ( #1420 ), #29, .F. ) ;
#1072 = CARTESIAN_POINT ( 'NONE',  ( -2.590658071558542361E-15, -2.350480947161672329, -29.61350000000001614 ) ) ;
#1073 = EDGE_CURVE ( 'NONE', #2513, #1238, #2822, .T. ) ;
#1074 = CARTESIAN_POINT ( 'NONE',  ( -1.662041016787797476, 1.662041016787797254, -27.86350000000001970 ) ) ;
#1075 = ORIENTED_EDGE ( 'NONE', *, *, #2843, .T. ) ;
#1076 = VECTOR ( 'NONE', #479, 1000.000000000000000 ) ;
#1077 = CARTESIAN_POINT ( 'NONE',  ( 1.265060653844735095, 3.054126587736527565, -25.58225000000004812 ) ) ;
#1078 = EDGE_CURVE ( 'NONE', #1134, #2135, #1679, .T. ) ;
#1079 = EDGE_LOOP ( 'NONE', ( #1165, #1248, #2528, #3077 ) ) ;
#1080 = CARTESIAN_POINT ( 'NONE',  ( -3.000000000000002665, 1.242640687119286103, -31.30100000000003035 ) ) ;
#1081 = CARTESIAN_POINT ( 'NONE',  ( -2.350480947161671885, 0.9736010864139226229, -27.92600000000002325 ) ) ;
#1082 = CARTESIAN_POINT ( 'NONE',  ( -1.242640687119262788, 3.000000000000025313, -25.55100000000001970 ) ) ;
#1083 = CARTESIAN_POINT ( 'NONE',  ( 3.054126587736528453, 1.265060653844733096, -26.76975000000001259 ) ) ;
#1084 = DIRECTION ( 'NONE',  ( -0.000000000000000000, -0.000000000000000000, 1.000000000000000000 ) ) ;
#1085 = CARTESIAN_POINT ( 'NONE',  ( -0.9090194280634832369, 1.784578465267451675, 33.30431779122540803 ) ) ;
#1086 = CARTESIAN_POINT ( 'NONE',  ( 0.9736010864139224008, -2.350480947161673217, -30.42600000000001259 ) ) ;
#1087 = CARTESIAN_POINT ( 'NONE',  ( -3.673940397442062333E-16, -3.000000000000002665, -31.11349999999999838 ) ) ;
#1088 = DIRECTION ( 'NONE',  ( -0.000000000000000000, -0.000000000000000000, 1.000000000000000000 ) ) ;
#1089 = CARTESIAN_POINT ( 'NONE',  ( 0.000000000000000000, -2.576688650911801242E-15, -24.17261465700000400 ) ) ;
#1090 = ORIENTED_EDGE ( 'NONE', *, *, #2671, .T. ) ;
#1091 = CARTESIAN_POINT ( 'NONE',  ( -2.121320343559644606, 2.121320343559644162, -30.48850000000000193 ) ) ;
#1092 = CARTESIAN_POINT ( 'NONE',  ( 0.000000000000000000, -2.134405299830164918E-15, 25.12350000000001060 ) ) ;
#1093 = CARTESIAN_POINT ( 'NONE',  ( -0.9736010864139230669, -2.350480947161672329, -28.55100000000002325 ) ) ;
#1094 = ORIENTED_EDGE ( 'NONE', *, *, #349, .T. ) ;
#1095 = CARTESIAN_POINT ( 'NONE',  ( 1.265060653844735095, 3.054126587736527565, -26.58225000000005167 ) ) ;
#1096 = ORIENTED_EDGE ( 'NONE', *, *, #323, .T. ) ;
#1097 = CARTESIAN_POINT ( 'NONE',  ( -3.774234550297888383E-13, 2.452870536557658188, -24.17261465699999334 ) ) ;
#1098 = CARTESIAN_POINT ( 'NONE',  ( 2.350480947161671885, -7.333557197200833873E-16, -27.36350000000001970 ) ) ;
#1099 = CARTESIAN_POINT ( 'NONE',  ( -2.159593620790630997, -2.159593620790630997, -30.20725000000000193 ) ) ;
#1100 = EDGE_CURVE ( 'NONE', #2273, #2883, #936, .T. ) ;
#1101 = CARTESIAN_POINT ( 'NONE',  ( -1.662041016787801251, -1.662041016787793257, -27.61350000000001970 ) ) ;
#1102 = CARTESIAN_POINT ( 'NONE',  ( -2.350480947161671885, -3.030342766532892963E-16, -26.73850000000002325 ) ) ;
#1103 = CARTESIAN_POINT ( 'NONE',  ( -0.9736010864139230669, -2.350480947161672329, -32.55100000000000904 ) ) ;
#1104 = VECTOR ( 'NONE', #2535, 1000.000000000000114 ) ;
#1105 = EDGE_CURVE ( 'NONE', #118, #617, #922, .T. ) ;
#1106 = CARTESIAN_POINT ( 'NONE',  ( -0.9736010864139333920, -2.350480947161667888, -24.67600000000002680 ) ) ;
#1107 = CARTESIAN_POINT ( 'NONE',  ( -1.691393866858242667, 2.342909772424513815, -24.58032980965309022 ) ) ;
#1108 = CARTESIAN_POINT ( 'NONE',  ( 2.350480947161671885, -3.015793744603263765E-16, -33.61350000000000193 ) ) ;
#1109 = ORIENTED_EDGE ( 'NONE', *, *, #50, .F. ) ;
#1110 = FACE_OUTER_BOUND ( 'NONE', #1742, .T. ) ;
#1111 = CARTESIAN_POINT ( 'NONE',  ( -3.673940397442062333E-16, -3.000000000000002665, -27.98850000000004101 ) ) ;
#1112 = B_SPLINE_CURVE_WITH_KNOTS ( 'NONE', 3,
 ( #1300, #2051, #2031, #2734, #3260, #929, #1586, #1020, #1003, #3180, #482, #173, #2452, #2122, #2424, #2631, #1860, #2904 ),
 .UNSPECIFIED., .F., .F.,
 ( 4, 2, 2, 2, 2, 2, 2, 2, 4 ),
 ( 0.000000000000000000, 0.0004924220639714048430, 0.0009848441279428096860, 0.001477266191914214637, 0.001969688255885619372, 0.002462110319857024106, 0.002954532383828429275, 0.003446954447799834009, 0.003939376511771238744 ),
 .UNSPECIFIED. ) ;
#1113 =( BOUNDED_CURVE ( )  B_SPLINE_CURVE ( 2, ( #519, #248, #541, #3604, #1364, #1662, #267, #1384, #2509 ),
 .UNSPECIFIED., .F., .F. ) 
 B_SPLINE_CURVE_WITH_KNOTS ( ( 3, 2, 2, 2, 3 ),
 ( 0.2499999999999998890, 0.2613636363636362425, 0.2727272727272726516, 0.2840909090909090606, 0.2954545454545454697 ),
 .UNSPECIFIED. ) 
 CURVE ( )  GEOMETRIC_REPRESENTATION_ITEM ( )  RATIONAL_B_SPLINE_CURVE ( ( 1.000000000000000666, 0.9238795325112859613, 1.000000000000000000, 0.9238795325112867385, 1.000000000000000000, 0.9238795325112867385, 1.000000000000000000, 0.9238795325112867385, 1.000000000000000000 ) ) 
 REPRESENTATION_ITEM ( '' )  );
#1114 = CARTESIAN_POINT ( 'NONE',  ( -2.350480947161671885, 0.9736010864139226229, -26.80100000000001970 ) ) ;
#1115 = VERTEX_POINT ( 'NONE', #883 ) ;
#1116 = CARTESIAN_POINT ( 'NONE',  ( -3.054126587736528897, 1.265060653844732652, -24.33225000000005522 ) ) ;
#1117 = AXIS2_PLACEMENT_3D ( 'NONE', #889, #3424, #3171 ) ;
#1118 = ORIENTED_EDGE ( 'NONE', *, *, #185, .T. ) ;
#1119 = DIRECTION ( 'NONE',  ( -0.000000000000000000, 8.971971810740515560E-18, 1.000000000000000000 ) ) ;
#1120 = CARTESIAN_POINT ( 'NONE',  ( -2.350480947161671885, 0.9736010864139226229, -24.92600000000002325 ) ) ;
#1121 = AXIS2_PLACEMENT_3D ( 'NONE', #647, #2968, #2660 ) ;
#1122 = CARTESIAN_POINT ( 'NONE',  ( 3.054126587736528897, -8.626133269396815863E-16, -27.83225000000000904 ) ) ;
#1123 = CARTESIAN_POINT ( 'NONE',  ( -2.014956277878866018E-15, -2.350480947161672329, -30.61350000000001259 ) ) ;
#1124 = FACE_BOUND ( 'NONE', #2969, .T. ) ;
#1125 = CARTESIAN_POINT ( 'NONE',  ( 1.662041016787797698, 1.662041016787796588, -29.11350000000001614 ) ) ;
#1126 = CARTESIAN_POINT ( 'NONE',  ( -2.350480947161671885, 8.483693107060629956E-16, -24.73850000000002325 ) ) ;
#1127 = CARTESIAN_POINT ( 'NONE',  ( -0.7272850873956716589, -2.563135692357099593, -24.35447219527438278 ) ) ;
#1128 = ADVANCED_FACE ( 'NONE', ( #2951 ), #2876, .T. ) ;
#1129 = DIRECTION ( 'NONE',  ( 0.000000000000000000, -1.000000000000000000, 0.000000000000000000 ) ) ;
#1130 = EDGE_LOOP ( 'NONE', ( #1147, #1370 ) ) ;
#1131 = CARTESIAN_POINT ( 'NONE',  ( 1.242640687119297649, 2.999999999999992006, -30.67600000000000193 ) ) ;
#1132 = DIRECTION ( 'NONE',  ( -0.000000000000000000, 8.971971810740515560E-18, 1.000000000000000000 ) ) ;
#1133 = CARTESIAN_POINT ( 'NONE',  ( 1.662041016787797254, -1.662041016787797920, -28.36350000000001614 ) ) ;
#1134 = VERTEX_POINT ( 'NONE', #2344 ) ;
#1135 = CARTESIAN_POINT ( 'NONE',  ( -2.350480947161671885, -1.372847762048833127E-17, -33.61350000000000193 ) ) ;
#1136 =( BOUNDED_CURVE ( )  B_SPLINE_CURVE ( 2, ( #2738, #507, #2706, #1080, #180, #1607, #762, #2758, #214 ),
 .UNSPECIFIED., .F., .F. ) 
 B_SPLINE_CURVE_WITH_KNOTS ( ( 3, 2, 2, 2, 3 ),
 ( 0.2727272727272729846, 0.2840909090909092827, 0.2954545454545454697, 0.3068181818181817122, 0.3181818181818179547 ),
 .UNSPECIFIED. ) 
 CURVE ( )  GEOMETRIC_REPRESENTATION_ITEM ( )  RATIONAL_B_SPLINE_CURVE ( ( 0.9999999999999981126, 0.9238795325112886259, 1.000000000000000000, 0.9238795325112867385, 1.000000000000000000, 0.9238795325112867385, 1.000000000000000000, 0.9238795325112881818, 0.9999999999999985567 ) ) 
 REPRESENTATION_ITEM ( '' )  );
#1137 = ORIENTED_EDGE ( 'NONE', *, *, #3367, .F. ) ;
#1138 = DIRECTION ( 'NONE',  ( 0.000000000000000000, -1.000000000000000000, 0.000000000000000000 ) ) ;
#1139 = CARTESIAN_POINT ( 'NONE',  ( -2.878508968398380237E-16, -2.350480947161672329, -24.61350000000002680 ) ) ;
#1140 = CARTESIAN_POINT ( 'NONE',  ( 2.159593620790630553, -2.159593620790631441, -29.95725000000000193 ) ) ;
#1141 = CARTESIAN_POINT ( 'NONE',  ( 7.562193984734901512E-16, -6.174999999999998046, 33.61350000000000193 ) ) ;
#1142 = CARTESIAN_POINT ( 'NONE',  ( -2.350480947161671885, -1.576539260404073400E-16, -30.73850000000001259 ) ) ;
#1143 = FACE_OUTER_BOUND ( 'NONE', #629, .T. ) ;
#1144 = DIRECTION ( 'NONE',  ( 0.000000000000000000, -1.000000000000000000, 0.000000000000000000 ) ) ;
#1145 = ADVANCED_FACE ( 'NONE', ( #3203 ), #1766, .T. ) ;
#1146 = CARTESIAN_POINT ( 'NONE',  ( 2.350480947161671885, -8.938561181848428527E-15, -26.36350000000002325 ) ) ;
#1147 = ORIENTED_EDGE ( 'NONE', *, *, #2227, .T. ) ;
#1148 = CARTESIAN_POINT ( 'NONE',  ( 2.708911986446378428, -0.05000759647734023816, -32.57028160951463036 ) ) ;
#1149 = CARTESIAN_POINT ( 'NONE',  ( -3.000000000000002665, 1.242640687119286103, -28.30100000000004101 ) ) ;
#1150 = CARTESIAN_POINT ( 'NONE',  ( 1.662041016787797698, 1.662041016787796588, -23.11350000000003035 ) ) ;
#1151 = ORIENTED_EDGE ( 'NONE', *, *, #2662, .F. ) ;
#1152 = CARTESIAN_POINT ( 'NONE',  ( -0.9736010864139177379, 2.350480947161673662, -31.05100000000001614 ) ) ;
#1153 = EDGE_CURVE ( 'NONE', #2933, #2372, #1803, .T. ) ;
#1154 = VERTEX_POINT ( 'NONE', #429 ) ;
#1155 = CARTESIAN_POINT ( 'NONE',  ( 0.9736010864139242882, -2.350480947161671885, -27.55100000000002325 ) ) ;
#1156 =( BOUNDED_CURVE ( )  B_SPLINE_CURVE ( 2, ( #2818, #2304, #1492, #3382, #3110, #3092, #587, #2002, #299 ),
 .UNSPECIFIED., .F., .T. ) 
 B_SPLINE_CURVE_WITH_KNOTS ( ( 3, 2, 2, 2, 3 ),
 ( 0.1590909090909089774, 0.1704545454545453587, 0.1818181818181817955, 0.1931818181818181768, 0.2045454545454545858 ),
 .UNSPECIFIED. ) 
 CURVE ( )  GEOMETRIC_REPRESENTATION_ITEM ( )  RATIONAL_B_SPLINE_CURVE ( ( 1.000000000000000666, 0.9238795325112859613, 1.000000000000000000, 0.9238795325112867385, 1.000000000000000000, 0.9238795325112867385, 1.000000000000000000, 0.9238795325112865164, 1.000000000000000222 ) ) 
 REPRESENTATION_ITEM ( '' )  );
#1157 = COORDINATED_UNIVERSAL_TIME_OFFSET ( 6, 0, .BEHIND. ) ;
#1158 = CARTESIAN_POINT ( 'NONE',  ( 3.054126587736528453, 1.265060653844733096, -29.76975000000000549 ) ) ;
#1159 = DIRECTION ( 'NONE',  ( -0.000000000000000000, -0.000000000000000000, 1.000000000000000000 ) ) ;
#1160 = FACE_OUTER_BOUND ( 'NONE', #311, .T. ) ;
#1161 = CARTESIAN_POINT ( 'NONE',  ( -1.662041016787797476, -1.662041016787797476, -31.61350000000000904 ) ) ;
#1162 = DIRECTION ( 'NONE',  ( 0.000000000000000000, -1.000000000000000000, 0.000000000000000000 ) ) ;
#1163 = CARTESIAN_POINT ( 'NONE',  ( -0.3648681598262574766, 2.918210906892946710, -24.63174394081114471 ) ) ;
#1164 = DIRECTION ( 'NONE',  ( 0.000000000000000000, -8.971971810740515560E-18, -1.000000000000000000 ) ) ;
#1165 = ORIENTED_EDGE ( 'NONE', *, *, #3150, .F. ) ;
#1166 = CARTESIAN_POINT ( 'NONE',  ( 0.6969998716540810602, 2.758113343820418173, -32.43455824041129176 ) ) ;
#1167 = CARTESIAN_POINT ( 'NONE',  ( 0.000000000000000000, -3.015793744603263765E-16, -33.61350000000000193 ) ) ;
#1168 = CIRCLE ( 'NONE', #2937, 3.797000000000002373 ) ;
#1169 = DIRECTION ( 'NONE',  ( 0.000000000000000000, -1.000000000000000000, 0.000000000000000000 ) ) ;
#1170 = VERTEX_POINT ( 'NONE', #645 ) ;
#1171 = AXIS2_PLACEMENT_3D ( 'NONE', #2425, #2735, #1877 ) ;
#1172 = CARTESIAN_POINT ( 'NONE',  ( -1.242640687119314746, -2.999999999999975131, -25.05100000000004812 ) ) ;
#1173 = ADVANCED_FACE ( 'NONE', ( #135, #3472 ), #1546, .F. ) ;
#1174 = EDGE_CURVE ( 'NONE', #1648, #1548, #969, .T. ) ;
#1175 = VERTEX_POINT ( 'NONE', #3186 ) ;
#1176 = CARTESIAN_POINT ( 'NONE',  ( -3.673940397442062333E-16, -3.000000000000002665, -24.98850000000005167 ) ) ;
#1177 = CARTESIAN_POINT ( 'NONE',  ( -1.265060653844732652, 3.054126587736528453, -24.51975000000001259 ) ) ;
#1178 = AXIS2_PLACEMENT_3D ( 'NONE', #3347, #3056, #2546 ) ;
#1179 = EDGE_CURVE ( 'NONE', #232, #2722, #2093, .T. ) ;
#1180 = AXIS2_PLACEMENT_3D ( 'NONE', #2689, #425, #1523 ) ;
#1181 =( BOUNDED_CURVE ( )  B_SPLINE_CURVE ( 2, ( #1675, #1357, #1101, #2783, #550, #746, #3071, #3558, #2222 ),
 .UNSPECIFIED., .F., .T. ) 
 B_SPLINE_CURVE_WITH_KNOTS ( ( 3, 2, 2, 2, 3 ),
 ( 0.5681818181818181213, 0.5795454545454545858, 0.5909090909090909394, 0.6022727272727272929, 0.6136363636363637575 ),
 .UNSPECIFIED. ) 
 CURVE ( )  GEOMETRIC_REPRESENTATION_ITEM ( )  RATIONAL_B_SPLINE_CURVE ( ( 1.000000000000000666, 0.9238795325112859613, 1.000000000000000000, 0.9238795325112867385, 1.000000000000000000, 0.9238795325112867385, 1.000000000000000000, 0.9238795325112859613, 1.000000000000000666 ) ) 
 REPRESENTATION_ITEM ( '' )  );
#1182 = DIRECTION ( 'NONE',  ( 8.659560562354851507E-17, -0.7071067811865409114, -0.7071067811865541231 ) ) ;
#1183 = CARTESIAN_POINT ( 'NONE',  ( -3.673940397442062333E-16, -3.000000000000002665, -29.11350000000000549 ) ) ;
#1184 = CARTESIAN_POINT ( 'NONE',  ( 3.054126587736528009, -1.265060653844735095, -30.83225000000003746 ) ) ;
#1185 = CARTESIAN_POINT ( 'NONE',  ( -2.350480947161672329, -0.9736010864139222898, -30.67600000000001259 ) ) ;
#1186 = CARTESIAN_POINT ( 'NONE',  ( -2.786707535063173591, 0.4898258401542123219, -24.50238654492130763 ) ) ;
#1187 = AXIS2_PLACEMENT_3D ( 'NONE', #2577, #22, #351 ) ;
#1188 = CARTESIAN_POINT ( 'NONE',  ( -1.999999999999999112, 1.154700538379252128, 33.61350000000000193 ) ) ;
#1189 = ORIENTED_EDGE ( 'NONE', *, *, #1239, .T. ) ;
#1190 = FACE_BOUND ( 'NONE', #1130, .T. ) ;
#1191 = CARTESIAN_POINT ( 'NONE',  ( -3.000000000000002220, -1.178823545882232598E-16, -32.23850000000003035 ) ) ;
#1192 = CARTESIAN_POINT ( 'NONE',  ( -0.9736010864139229559, 2.350480947161671441, -23.92600000000003746 ) ) ;
#1193 = ORIENTED_EDGE ( 'NONE', *, *, #3412, .T. ) ;
#1194 = CARTESIAN_POINT ( 'NONE',  ( -3.673940397442062333E-16, -3.000000000000002665, -28.11350000000000549 ) ) ;
#1195 = ORIENTED_EDGE ( 'NONE', *, *, #2270, .T. ) ;
#1196 = ADVANCED_FACE ( 'NONE', ( #409 ), #416, .T. ) ;
#1197 = DIRECTION ( 'NONE',  ( -0.000000000000000000, -0.000000000000000000, 1.000000000000000000 ) ) ;
#1198 = CARTESIAN_POINT ( 'NONE',  ( 1.265060653844732430, -3.054126587736530674, -26.01975000000001259 ) ) ;
#1199 = CARTESIAN_POINT ( 'NONE',  ( 0.000000000000000000, -2.058233259156977999E-15, 33.61350000000000193 ) ) ;
#1200 = CARTESIAN_POINT ( 'NONE',  ( -0.9736010864139230669, -2.350480947161672329, -33.67600000000000904 ) ) ;
#1201 = CARTESIAN_POINT ( 'NONE',  ( 1.265060653844735095, 3.054126587736527565, -28.58225000000004457 ) ) ;
#1202 = CARTESIAN_POINT ( 'NONE',  ( -2.108579648232060677, -1.249577139009386828, -32.83105528754185087 ) ) ;
#1203 = DIRECTION ( 'NONE',  ( 0.000000000000000000, -8.971971810740515560E-18, -1.000000000000000000 ) ) ;
#1204 = DIRECTION ( 'NONE',  ( -0.000000000000000000, 8.971971810740515560E-18, 1.000000000000000000 ) ) ;
#1205 = ORIENTED_EDGE ( 'NONE', *, *, #521, .T. ) ;
#1206 = CARTESIAN_POINT ( 'NONE',  ( 2.338996285133147612, 1.481164530215999475, -32.51107290491149371 ) ) ;
#1207 = DIRECTION ( 'NONE',  ( -0.000000000000000000, 8.971971810740515560E-18, 1.000000000000000000 ) ) ;
#1208 = CARTESIAN_POINT ( 'NONE',  ( 2.219384167195011415, -1.210136731009841426, -24.21904115393375534 ) ) ;
#1209 = VERTEX_POINT ( 'NONE', #152 ) ;
#1210 = CARTESIAN_POINT ( 'NONE',  ( -2.159593620790630997, 2.159593620790630553, -33.39475000000003746 ) ) ;
#1211 = CARTESIAN_POINT ( 'NONE',  ( 1.479075650062068537, 2.308426193741797583, -24.42144988310171527 ) ) ;
#1212 = EDGE_LOOP ( 'NONE', ( #2390, #1521, #3227, #2943 ) ) ;
#1213 = CARTESIAN_POINT ( 'NONE',  ( 3.192829636031131550E-16, 2.476191000000000475, -22.64840449999999805 ) ) ;
#1214 = CARTESIAN_POINT ( 'NONE',  ( -1.265060653844732652, 3.054126587736528453, -25.51975000000001259 ) ) ;
#1215 = CARTESIAN_POINT ( 'NONE',  ( 0.000000000000000000, -2.058233259156977999E-15, 33.61350000000000193 ) ) ;
#1216 = CARTESIAN_POINT ( 'NONE',  ( 1.662041016787797698, 1.662041016787796588, -33.23850000000000193 ) ) ;
#1217 = CARTESIAN_POINT ( 'NONE',  ( -2.159593620790630997, 2.159593620790630553, -29.39475000000004101 ) ) ;
#1218 = CARTESIAN_POINT ( 'NONE',  ( 2.350480947161677214, -0.9736010864139212906, -26.42600000000002325 ) ) ;
#1219 = ORIENTED_EDGE ( 'NONE', *, *, #385, .T. ) ;
#1220 = CARTESIAN_POINT ( 'NONE',  ( 0.8678997540952521073, 2.702437683752023645, -32.44107240661639935 ) ) ;
#1221 = DIRECTION ( 'NONE',  ( -1.000000000000000000, -0.000000000000000000, 0.000000000000000000 ) ) ;
#1222 = FACE_OUTER_BOUND ( 'NONE', #395, .T. ) ;
#1223 = EDGE_LOOP ( 'NONE', ( #834, #1193, #2686, #172 ) ) ;
#1224 = CARTESIAN_POINT ( 'NONE',  ( -3.054126587736528897, -1.265060653844732652, -33.20725000000003746 ) ) ;
#1225 = CARTESIAN_POINT ( 'NONE',  ( -1.242640687119295873, -2.999999999999993783, -28.17600000000000904 ) ) ;
#1226 = VECTOR ( 'NONE', #1276, 1000.000000000000000 ) ;
#1227 = ORIENTED_EDGE ( 'NONE', *, *, #1507, .F. ) ;
#1228 = CARTESIAN_POINT ( 'NONE',  ( 2.159593620790630997, 2.159593620790629664, -22.70725000000001970 ) ) ;
#1229 = CIRCLE ( 'NONE', #810, 2.309401076758502924 ) ;
#1230 = CARTESIAN_POINT ( 'NONE',  ( 1.662041016787797698, -1.662041016787797032, -31.48850000000000904 ) ) ;
#1231 = CARTESIAN_POINT ( 'NONE',  ( -0.9736010864139229559, 2.350480947161671441, -33.05100000000001614 ) ) ;
#1232 = CIRCLE ( 'NONE', #3053, 2.350480947161671885 ) ;
#1233 = CARTESIAN_POINT ( 'NONE',  ( -3.740226349862368230E-16, -3.054126587736529341, -30.01975000000004101 ) ) ;
#1234 = DIRECTION ( 'NONE',  ( 0.000000000000000000, -1.000000000000000000, 0.000000000000000000 ) ) ;
#1235 = CARTESIAN_POINT ( 'NONE',  ( -2.350480947161671885, -3.030342766532892963E-16, -26.86350000000002325 ) ) ;
#1236 = AXIS2_PLACEMENT_3D ( 'NONE', #2072, #149, #3468 ) ;
#1237 = DIRECTION ( 'NONE',  ( 0.000000000000000000, -8.971971810740515560E-18, -1.000000000000000000 ) ) ;
#1238 = VERTEX_POINT ( 'NONE', #668 ) ;
#1239 = EDGE_CURVE ( 'NONE', #2824, #2105, #1533, .T. ) ;
#1240 = CARTESIAN_POINT ( 'NONE',  ( -1.151694567797944669E-14, -2.350480947161672329, -28.61350000000001614 ) ) ;
#1241 = CARTESIAN_POINT ( 'NONE',  ( 2.350480947161669665, 0.9736010864139185150, -27.30100000000002325 ) ) ;
#1242 = AXIS2_PLACEMENT_3D ( 'NONE', #3246, #2701, #109 ) ;
#1243 = VECTOR ( 'NONE', #901, 1000.000000000000000 ) ;
#1244 = CARTESIAN_POINT ( 'NONE',  ( 1.662041016787796810, -1.662041016787797920, -29.36350000000001614 ) ) ;
#1245 = ORIENTED_EDGE ( 'NONE', *, *, #2564, .F. ) ;
#1246 = CARTESIAN_POINT ( 'NONE',  ( -1.265060653844732652, 3.054126587736528453, -34.45725000000003035 ) ) ;
#1247 = CARTESIAN_POINT ( 'NONE',  ( 1.242640687119276555, -3.000000000000012434, -25.05100000000001259 ) ) ;
#1248 = ORIENTED_EDGE ( 'NONE', *, *, #3212, .T. ) ;
#1249 = CARTESIAN_POINT ( 'NONE',  ( 2.159593620790630553, -2.159593620790631441, -25.95725000000001259 ) ) ;
#1250 = DIRECTION ( 'NONE',  ( 0.000000000000000000, -1.000000000000000000, 0.000000000000000000 ) ) ;
#1251 = CARTESIAN_POINT ( 'NONE',  ( 0.9736010864139245102, 2.350480947161670997, -31.17600000000000904 ) ) ;
#1252 = CARTESIAN_POINT ( 'NONE',  ( 3.054126587736528009, -1.265060653844735095, -29.83225000000004101 ) ) ;
#1253 = CARTESIAN_POINT ( 'NONE',  ( 0.000000000000000000, 3.000000000000001776, -31.61349999999999483 ) ) ;
#1254 = DIRECTION ( 'NONE',  ( 1.000000000000000000, 0.000000000000000000, 0.000000000000000000 ) ) ;
#1255 =( BOUNDED_CURVE ( )  B_SPLINE_CURVE ( 2, ( #3067, #1940, #2852, #2014, #2869, #893, #293, #2538, #581 ),
 .UNSPECIFIED., .F., .F. ) 
 B_SPLINE_CURVE_WITH_KNOTS ( ( 3, 2, 2, 2, 3 ),
 ( 0.5000000000000001110, 0.5113636363636363535, 0.5227272727272725961, 0.5340909090909088386, 0.5454545454545450811 ),
 .UNSPECIFIED. ) 
 CURVE ( )  GEOMETRIC_REPRESENTATION_ITEM ( )  RATIONAL_B_SPLINE_CURVE ( ( 0.9999999999999992228, 0.9238795325112875156, 1.000000000000000000, 0.9238795325112867385, 1.000000000000000000, 0.9238795325112867385, 1.000000000000000000, 0.9238795325112889589, 0.9999999999999977796 ) ) 
 REPRESENTATION_ITEM ( '' )  );
#1256 = FACE_OUTER_BOUND ( 'NONE', #3027, .T. ) ;
#1257 = EDGE_LOOP ( 'NONE', ( #2515, #47, #1565, #1778 ) ) ;
#1258 = CARTESIAN_POINT ( 'NONE',  ( 0.000000000000000000, -2.058233259156977999E-15, 33.61350000000000193 ) ) ;
#1259 = CARTESIAN_POINT ( 'NONE',  ( -3.673940397442062333E-16, -3.000000000000002665, -27.98850000000004101 ) ) ;
#1260 = ADVANCED_FACE ( 'NONE', ( #627 ), #100, .T. ) ;
#1261 = CARTESIAN_POINT ( 'NONE',  ( 1.629973670631723381, -1.981451492092064059, -24.25702490201872408 ) ) ;
#1262 = VERTEX_POINT ( 'NONE', #1235 ) ;
#1263 = CARTESIAN_POINT ( 'NONE',  ( -1.265060653844733096, -3.054126587736529341, -32.08225000000003035 ) ) ;
#1264 = CARTESIAN_POINT ( 'NONE',  ( -2.350480947161670553, -0.9736010864139245102, -31.67600000000000904 ) ) ;
#1265 = EDGE_CURVE ( 'NONE', #2176, #1363, #1232, .T. ) ;
#1266 = VERTEX_POINT ( 'NONE', #2326 ) ;
#1267 = CC_DESIGN_PERSON_AND_ORGANIZATION_ASSIGNMENT ( #2277, #2578, ( #1931 ) ) ;
#1268 = EDGE_CURVE ( 'NONE', #1833, #1170, #687, .T. ) ;
#1269 = CARTESIAN_POINT ( 'NONE',  ( 1.662041016787797254, -1.662041016787797920, -33.36350000000000193 ) ) ;
#1270 = FACE_OUTER_BOUND ( 'NONE', #1537, .T. ) ;
#1271 = CARTESIAN_POINT ( 'NONE',  ( 2.350480947161671885, -7.333557197200833873E-16, -31.36350000000000904 ) ) ;
#1272 = CARTESIAN_POINT ( 'NONE',  ( -3.054126587736528897, 1.265060653844732652, -26.33225000000004812 ) ) ;
#1273 = FACE_OUTER_BOUND ( 'NONE', #3118, .T. ) ;
#1274 = CARTESIAN_POINT ( 'NONE',  ( -3.740226349862368230E-16, -3.054126587736529341, -32.08225000000000193 ) ) ;
#1275 = CARTESIAN_POINT ( 'NONE',  ( 2.247459697333318740, 0.7833282883911016903, -24.17261465700001466 ) ) ;
#1276 = DIRECTION ( 'NONE',  ( -0.000000000000000000, 8.971971810740515560E-18, 1.000000000000000000 ) ) ;
#1277 = LINE ( 'NONE', #2131, #1351 ) ;
#1278 = CARTESIAN_POINT ( 'NONE',  ( 2.350480947161671885, -1.008996476920778279E-14, -24.23850000000002680 ) ) ;
#1279 =( BOUNDED_CURVE ( )  B_SPLINE_CURVE ( 2, ( #1401, #1929, #3040, #806, #1068, #1636, #3618, #2450, #2488 ),
 .UNSPECIFIED., .F., .T. ) 
 B_SPLINE_CURVE_WITH_KNOTS ( ( 3, 2, 2, 2, 3 ),
 ( 0.4318181818181819898, 0.4431818181818182878, 0.4545454545454545858, 0.4659090909090909394, 0.4772727272727272929 ),
 .UNSPECIFIED. ) 
 CURVE ( )  GEOMETRIC_REPRESENTATION_ITEM ( )  RATIONAL_B_SPLINE_CURVE ( ( 0.9999999999999988898, 0.9238795325112878487, 1.000000000000000000, 0.9238795325112867385, 1.000000000000000000, 0.9238795325112867385, 1.000000000000000000, 0.9238795325112867385, 1.000000000000000000 ) ) 
 REPRESENTATION_ITEM ( '' )  );
#1280 = CARTESIAN_POINT ( 'NONE',  ( -1.662041016787800585, -1.662041016787794145, -29.61350000000001614 ) ) ;
#1281 = EDGE_LOOP ( 'NONE', ( #2347, #468, #918, #3537, #329, #2775, #2151, #3511, #757, #1602, #1736, #3274, #1293, #3141, #946, #2812, #255, #1936, #3495, #3222, #2987, #577, #1406, #928, #2586, #2576, #1151, #636, #2409, #1704, #659, #37, #3191, #452, #1954, #266, #1950, #1344, #3592, #2677, #2437 ) ) ;
#1282 = CARTESIAN_POINT ( 'NONE',  ( 1.662041016787800363, 1.662041016787793923, -30.23850000000001614 ) ) ;
#1283 = DIRECTION ( 'NONE',  ( -0.000000000000000000, 8.971971810740515560E-18, 1.000000000000000000 ) ) ;
#1284 = VERTEX_POINT ( 'NONE', #1594 ) ;
#1285 = VECTOR ( 'NONE', #606, 1000.000000000000000 ) ;
#1286 = ADVANCED_FACE ( 'NONE', ( #1560 ), #1897, .T. ) ;
#1287 = ADVANCED_FACE ( 'NONE', ( #1222, #2272 ), #1772, .F. ) ;
#1288 = DIRECTION ( 'NONE',  ( 1.000000000000000000, 0.000000000000000000, 0.000000000000000000 ) ) ;
#1289 = CARTESIAN_POINT ( 'NONE',  ( -0.9736010864139230669, -2.350480947161672329, -30.67600000000000904 ) ) ;
#1290 = CARTESIAN_POINT ( 'NONE',  ( 1.242640687119320742, 2.999999999999967581, -29.55100000000004101 ) ) ;
#1291 = CARTESIAN_POINT ( 'NONE',  ( 2.159593620790630553, -2.159593620790631441, -32.95724999999999483 ) ) ;
#1292 = DIRECTION ( 'NONE',  ( 1.000000000000000000, 0.000000000000000000, 0.000000000000000000 ) ) ;
#1293 = ORIENTED_EDGE ( 'NONE', *, *, #1570, .T. ) ;
#1294 = CARTESIAN_POINT ( 'NONE',  ( 2.121320343559644162, -2.121320343559645050, -30.86350000000003746 ) ) ;
#1295 = DIRECTION ( 'NONE',  ( 0.000000000000000000, -1.000000000000000000, 0.000000000000000000 ) ) ;
#1296 = CARTESIAN_POINT ( 'NONE',  ( 1.093000310989835633, -2.349678374823175098, -24.28282923811169880 ) ) ;
#1297 = VECTOR ( 'NONE', #1007, 1000.000000000000000 ) ;
#1298 = ORIENTED_EDGE ( 'NONE', *, *, #3262, .T. ) ;
#1299 =( BOUNDED_CURVE ( )  B_SPLINE_CURVE ( 2, ( #3247, #421, #107, #1794, #3518, #1832, #437, #158, #2374 ),
 .UNSPECIFIED., .F., .T. ) 
 B_SPLINE_CURVE_WITH_KNOTS ( ( 3, 2, 2, 2, 3 ),
 ( 0.6818181818181815457, 0.6931818181818180102, 0.7045454545454543638, 0.7159090909090908283, 0.7272727272727271819 ),
 .UNSPECIFIED. ) 
 CURVE ( )  GEOMETRIC_REPRESENTATION_ITEM ( )  RATIONAL_B_SPLINE_CURVE ( ( 1.000000000000001554, 0.9238795325112852952, 1.000000000000000000, 0.9238795325112867385, 1.000000000000000000, 0.9238795325112867385, 1.000000000000000000, 0.9238795325112875156, 0.9999999999999992228 ) ) 
 REPRESENTATION_ITEM ( '' )  );
#1300 = CARTESIAN_POINT ( 'NONE',  ( -2.923655408064433914, 0.6724872154159217130, -32.27391400724935266 ) ) ;
#1301 = CARTESIAN_POINT ( 'NONE',  ( -2.350480947161671885, 2.726675170263868496E-16, -25.73850000000002680 ) ) ;
#1302 = CIRCLE ( 'NONE', #178, 6.499999999999996447 ) ;
#1303 = ORIENTED_EDGE ( 'NONE', *, *, #1561, .F. ) ;
#1304 = ADVANCED_FACE ( 'NONE', ( #598 ), #3459, .T. ) ;
#1305 = DIRECTION ( 'NONE',  ( -0.000000000000000000, 8.971971810740515560E-18, 1.000000000000000000 ) ) ;
#1306 = CARTESIAN_POINT ( 'NONE',  ( -0.9736010864139229559, 2.350480947161671441, -28.05100000000001970 ) ) ;
#1307 = DIRECTION ( 'NONE',  ( 1.000000000000000000, 0.000000000000000000, 0.000000000000000000 ) ) ;
#1308 = CARTESIAN_POINT ( 'NONE',  ( 1.265060653844732430, -3.054126587736530674, -33.01974999999999483 ) ) ;
#1309 = LINE ( 'NONE', #2433, #1749 ) ;
#1310 = EDGE_CURVE ( 'NONE', #2793, #2974, #175, .T. ) ;
#1311 = DIRECTION ( 'NONE',  ( -0.000000000000000000, -0.000000000000000000, 1.000000000000000000 ) ) ;
#1312 = DIRECTION ( 'NONE',  ( 0.000000000000000000, 0.000000000000000000, 1.000000000000000000 ) ) ;
#1313 = VERTEX_POINT ( 'NONE', #1461 ) ;
#1314 = CARTESIAN_POINT ( 'NONE',  ( 2.350480947161671885, -6.635754007129726310E-15, -30.36350000000001614 ) ) ;
#1315 = CARTESIAN_POINT ( 'NONE',  ( 3.457120566463982222E-15, -2.350480947161672329, -25.48850000000002325 ) ) ;
#1316 = ORIENTED_EDGE ( 'NONE', *, *, #2221, .F. ) ;
#1317 = DIRECTION ( 'NONE',  ( -0.000000000000000000, 8.971971810740515560E-18, 1.000000000000000000 ) ) ;
#1318 = CARTESIAN_POINT ( 'NONE',  ( -1.662041016787797476, -1.662041016787797476, -28.73850000000001614 ) ) ;
#1319 = CALENDAR_DATE ( 2026, 24, 2 ) ;
#1320 = CARTESIAN_POINT ( 'NONE',  ( -3.740226349862368230E-16, -3.054126587736529341, -33.08224999999999483 ) ) ;
#1321 = CARTESIAN_POINT ( 'NONE',  ( 1.242640687119276555, -3.000000000000012434, -28.05100000000000549 ) ) ;
#1322 = CARTESIAN_POINT ( 'NONE',  ( 0.9736010864139237331, -2.350480947161671885, -26.42600000000002325 ) ) ;
#1323 = CARTESIAN_POINT ( 'NONE',  ( 1.662041016787794812, -1.662041016787800141, -24.36350000000002680 ) ) ;
#1324 = CARTESIAN_POINT ( 'NONE',  ( 0.000000000000000000, -3.015793744603263765E-16, -33.61350000000000193 ) ) ;
#1325 = ADVANCED_FACE ( 'NONE', ( #2332 ), #3122, .T. ) ;
#1326 = CARTESIAN_POINT ( 'NONE',  ( -1.242640687119314746, -2.999999999999975131, -26.05100000000005167 ) ) ;
#1327 = EDGE_LOOP ( 'NONE', ( #2721, #447, #1971, #444 ) ) ;
#1328 = CARTESIAN_POINT ( 'NONE',  ( 2.302807174718704189E-15, 2.350480947161671441, -30.11350000000001614 ) ) ;
#1329 = FACE_OUTER_BOUND ( 'NONE', #212, .T. ) ;
#1330 = CARTESIAN_POINT ( 'NONE',  ( 2.350480947161671885, -7.333557197200833873E-16, -28.23850000000001970 ) ) ;
#1331 = ORIENTED_EDGE ( 'NONE', *, *, #1395, .F. ) ;
#1332 = CARTESIAN_POINT ( 'NONE',  ( -3.054126587736528897, 1.265060653844732652, -27.33225000000004812 ) ) ;
#1333 = AXIS2_PLACEMENT_3D ( 'NONE', #2192, #1640, #249 ) ;
#1334 = DIRECTION ( 'NONE',  ( 0.000000000000000000, -1.000000000000000000, 0.000000000000000000 ) ) ;
#1335 = CARTESIAN_POINT ( 'NONE',  ( 2.350480947161671885, -7.333557197200833873E-16, -28.36350000000001970 ) ) ;
#1336 = PERSON_AND_ORGANIZATION ( #210, #1578 ) ;
#1337 = CARTESIAN_POINT ( 'NONE',  ( 2.159593620790630553, -2.159593620790631441, -31.95724999999999838 ) ) ;
#1338 = DIRECTION ( 'NONE',  ( 1.000000000000000000, 0.000000000000000000, 0.000000000000000000 ) ) ;
#1339 = CARTESIAN_POINT ( 'NONE',  ( 2.350480947161677214, -0.9736010864139212906, -26.30100000000001970 ) ) ;
#1340 = CARTESIAN_POINT ( 'NONE',  ( 0.000000000000000000, -2.602085213965210642E-15, -22.64840450000000160 ) ) ;
#1341 = CARTESIAN_POINT ( 'NONE',  ( -8.635526905195140217E-16, -2.350480947161672329, -32.48850000000000904 ) ) ;
#1342 = ADVANCED_FACE ( 'NONE', ( #655 ), #346, .T. ) ;
#1343 = CARTESIAN_POINT ( 'NONE',  ( 2.000000000000000000, 1.154700538379252128, 30.61350000000000549 ) ) ;
#1344 = ORIENTED_EDGE ( 'NONE', *, *, #250, .F. ) ;
#1345 = CARTESIAN_POINT ( 'NONE',  ( -0.9335098842972193722, 2.157155529601289867, -32.92343306008834247 ) ) ;
#1346 = CARTESIAN_POINT ( 'NONE',  ( 0.9736010864139231780, -2.350480947161672329, -25.42600000000002325 ) ) ;
#1347 = AXIS2_PLACEMENT_3D ( 'NONE', #592, #1164, #612 ) ;
#1348 = CARTESIAN_POINT ( 'NONE',  ( -2.350480947161671885, -1.576539260404073400E-16, -26.73850000000002325 ) ) ;
#1349 = ORIENTED_EDGE ( 'NONE', *, *, #3454, .T. ) ;
#1350 = CARTESIAN_POINT ( 'NONE',  ( 3.054126587736528897, -8.626133269396815863E-16, -25.76975000000004812 ) ) ;
#1351 = VECTOR ( 'NONE', #709, 1000.000000000000000 ) ;
#1352 = VERTEX_POINT ( 'NONE', #907 ) ;
#1353 = LINE ( 'NONE', #1574, #3059 ) ;
#1354 = CARTESIAN_POINT ( 'NONE',  ( 0.9736010864139224008, -2.350480947161673217, -26.55100000000002325 ) ) ;
#1355 = PERSON_AND_ORGANIZATION_ROLE ( 'design_supplier' ) ;
#1356 = CARTESIAN_POINT ( 'NONE',  ( -3.740226349862368230E-16, -3.054126587736529341, -28.08225000000000549 ) ) ;
#1357 = CARTESIAN_POINT ( 'NONE',  ( -2.350480947161680323, -0.9736010864139130749, -27.67600000000001970 ) ) ;
#1358 = EDGE_CURVE ( 'NONE', #1115, #118, #1798, .T. ) ;
#1359 = CARTESIAN_POINT ( 'NONE',  ( -2.350480947161680323, 0.9736010864139130749, -24.92600000000002680 ) ) ;
#1360 = CARTESIAN_POINT ( 'NONE',  ( -0.9736010864139229559, 2.350480947161671441, -31.92600000000000904 ) ) ;
#1361 = DIRECTION ( 'NONE',  ( -0.000000000000000000, -0.000000000000000000, 1.000000000000000000 ) ) ;
#1362 = FACE_OUTER_BOUND ( 'NONE', #2849, .T. ) ;
#1363 = VERTEX_POINT ( 'NONE', #961 ) ;
#1364 = CARTESIAN_POINT ( 'NONE',  ( 1.727105381039028043E-15, 2.350480947161671441, -30.98850000000001259 ) ) ;
#1365 = DIRECTION ( 'NONE',  ( -0.000000000000000000, 8.971971810740515560E-18, 1.000000000000000000 ) ) ;
#1366 = CARTESIAN_POINT ( 'NONE',  ( 0.9736010864139245102, 2.350480947161670997, -26.05100000000002680 ) ) ;
#1367 = VERTEX_POINT ( 'NONE', #1552 ) ;
#1368 = CARTESIAN_POINT ( 'NONE',  ( 2.159593620790630997, 2.159593620790629664, -25.64475000000004812 ) ) ;
#1369 = EDGE_CURVE ( 'NONE', #843, #2106, #2081, .T. ) ;
#1370 = ORIENTED_EDGE ( 'NONE', *, *, #1927, .T. ) ;
#1371 = EDGE_CURVE ( 'NONE', #2135, #2630, #1056, .T. ) ;
#1372 = ORIENTED_EDGE ( 'NONE', *, *, #2704, .T. ) ;
#1373 = CARTESIAN_POINT ( 'NONE',  ( -3.673940397442062333E-16, -3.000000000000002665, -28.98850000000003746 ) ) ;
#1374 = CARTESIAN_POINT ( 'NONE',  ( 2.350480947161671885, -7.333557197200833873E-16, -25.36350000000002325 ) ) ;
#1375 = CARTESIAN_POINT ( 'NONE',  ( 3.054126587736528897, -8.626133269396815863E-16, -29.83225000000000549 ) ) ;
#1376 = CARTESIAN_POINT ( 'NONE',  ( 0.000000000000000000, -3.015793744603263765E-16, -33.61350000000000193 ) ) ;
#1377 = DIRECTION ( 'NONE',  ( -0.000000000000000000, 8.971971810740515560E-18, 1.000000000000000000 ) ) ;
#1378 = CARTESIAN_POINT ( 'NONE',  ( -0.9736010864139230669, -2.350480947161672329, -29.55100000000001970 ) ) ;
#1379 = CARTESIAN_POINT ( 'NONE',  ( -2.350480947161688317, -0.9736010864139069687, -32.80100000000001614 ) ) ;
#1380 = VECTOR ( 'NONE', #2956, 1000.000000000000000 ) ;
#1381 = CARTESIAN_POINT ( 'NONE',  ( -2.656123148988317251, -0.7741596700254316232, -24.45704991200520695 ) ) ;
#1382 = CARTESIAN_POINT ( 'NONE',  ( 0.000000000000000000, -2.602085213965210642E-15, -22.64840450000000160 ) ) ;
#1383 = VERTEX_POINT ( 'NONE', #711 ) ;
#1384 = CARTESIAN_POINT ( 'NONE',  ( -2.350480947161670997, 0.9736010864139251764, -30.80100000000001614 ) ) ;
#1385 = DIRECTION ( 'NONE',  ( -0.000000000000000000, -0.000000000000000000, 1.000000000000000000 ) ) ;
#1386 = CARTESIAN_POINT ( 'NONE',  ( 2.350480947161671441, 0.9736010864139230669, -28.17600000000001970 ) ) ;
#1387 = VERTEX_POINT ( 'NONE', #142 ) ;
#1388 = CARTESIAN_POINT ( 'NONE',  ( -3.054126587736528897, -1.265060653844732652, -26.20725000000004812 ) ) ;
#1389 =( BOUNDED_CURVE ( )  B_SPLINE_CURVE ( 2, ( #1724, #2850, #72, #2830, #2012, #1152, #618, #2274, #1446 ),
 .UNSPECIFIED., .F., .T. ) 
 B_SPLINE_CURVE_WITH_KNOTS ( ( 3, 2, 2, 2, 3 ),
 ( 0.2500000000000002220, 0.2613636363636365201, 0.2727272727272728181, 0.2840909090909091717, 0.2954545454545454697 ),
 .UNSPECIFIED. ) 
 CURVE ( )  GEOMETRIC_REPRESENTATION_ITEM ( )  RATIONAL_B_SPLINE_CURVE ( ( 0.9999999999999985567, 0.9238795325112881818, 1.000000000000000000, 0.9238795325112867385, 1.000000000000000000, 0.9238795325112867385, 1.000000000000000000, 0.9238795325112867385, 1.000000000000000000 ) ) 
 REPRESENTATION_ITEM ( '' )  );
#1390 = ORIENTED_EDGE ( 'NONE', *, *, #453, .F. ) ;
#1391 = EDGE_CURVE ( 'NONE', #2030, #2405, #692, .T. ) ;
#1392 = CARTESIAN_POINT ( 'NONE',  ( 2.350480947161677214, -0.9736010864139205134, -27.42600000000001970 ) ) ;
#1393 = CARTESIAN_POINT ( 'NONE',  ( -1.662041016787797476, -1.662041016787797476, -24.73850000000002680 ) ) ;
#1394 = CARTESIAN_POINT ( 'NONE',  ( 2.159593620790630997, 2.159593620790629664, -29.70725000000000549 ) ) ;
#1395 = EDGE_CURVE ( 'NONE', #3461, #1284, #2134, .T. ) ;
#1396 = CARTESIAN_POINT ( 'NONE',  ( -2.350480947161671885, -2.605841451371993091E-15, -30.86350000000001259 ) ) ;
#1397 = FACE_OUTER_BOUND ( 'NONE', #1501, .T. ) ;
#1398 = CARTESIAN_POINT ( 'NONE',  ( 1.662041016787797698, 1.662041016787796588, -31.11350000000001259 ) ) ;
#1399 = CARTESIAN_POINT ( 'NONE',  ( 7.960204194457790546E-16, -6.499999999999998224, 33.28849999999999909 ) ) ;
#1400 = CARTESIAN_POINT ( 'NONE',  ( 0.000000000000000000, 3.000000000000001776, -29.61350000000000549 ) ) ;
#1401 = CARTESIAN_POINT ( 'NONE',  ( 2.350480947161671885, -7.211455800809401075E-15, -29.36350000000001614 ) ) ;
#1402 = ORIENTED_EDGE ( 'NONE', *, *, #1561, .T. ) ;
#1403 = CARTESIAN_POINT ( 'NONE',  ( 3.673940397442064305E-16, 3.000000000000001776, -32.27391400725000636 ) ) ;
#1404 = CARTESIAN_POINT ( 'NONE',  ( -3.000000000000002665, -1.242640687119286103, -28.17600000000004812 ) ) ;
#1405 = CARTESIAN_POINT ( 'NONE',  ( 0.9736010864139245102, 2.350480947161670997, -25.05100000000002325 ) ) ;
#1406 = ORIENTED_EDGE ( 'NONE', *, *, #13, .F. ) ;
#1407 = B_SPLINE_CURVE_WITH_KNOTS ( 'NONE', 3,
 ( #673, #2166, #2435, #1842, #2206, #2985, #461, #1032, #3601, #3291, #2714, #2768 ),
 .UNSPECIFIED., .F., .F.,
 ( 4, 2, 2, 2, 2, 4 ),
 ( 2.544349856251357924E-07, 0.0005966331004600528790, 0.0008948224331972669905, 0.001193011765934481319, 0.001789390431408909542, 0.002385769096883337981 ),
 .UNSPECIFIED. ) ;
#1408 = CARTESIAN_POINT ( 'NONE',  ( -1.242640687119291210, -2.999999999999998668, -26.17600000000001259 ) ) ;
#1409 = AXIS2_PLACEMENT_3D ( 'NONE', #537, #3365, #3133 ) ;
#1410 = VERTEX_POINT ( 'NONE', #3226 ) ;
#1411 = LINE ( 'NONE', #2833, #1416 ) ;
#1412 = CARTESIAN_POINT ( 'NONE',  ( -3.054126587736528897, -1.145680569672079404E-16, -34.26975000000003035 ) ) ;
#1413 = CIRCLE ( 'NONE', #1874, 1.660414007250005319 ) ;
#1414 = CARTESIAN_POINT ( 'NONE',  ( 3.054126587736528009, -1.265060653844735095, -28.89475000000000193 ) ) ;
#1415 = EDGE_CURVE ( 'NONE', #2314, #2063, #3035, .T. ) ;
#1416 = VECTOR ( 'NONE', #3105, 1000.000000000000000 ) ;
#1417 = CARTESIAN_POINT ( 'NONE',  ( -2.350480947161671885, -8.787360703329654422E-16, -27.86350000000001970 ) ) ;
#1418 = CARTESIAN_POINT ( 'NONE',  ( 0.000000000000000000, 2.350480947161671441, -29.98850000000001614 ) ) ;
#1419 = CARTESIAN_POINT ( 'NONE',  ( 7.960204194457792519E-16, 6.499999999999995559, 27.61350000000000549 ) ) ;
#1420 = FACE_OUTER_BOUND ( 'NONE', #3337, .T. ) ;
#1421 = EDGE_CURVE ( 'NONE', #1548, #419, #754, .T. ) ;
#1422 = CARTESIAN_POINT ( 'NONE',  ( 1.683947387850581512, 1.337173599081802999, 33.44657241007939774 ) ) ;
#1423 = VERTEX_POINT ( 'NONE', #2960 ) ;
#1424 = CARTESIAN_POINT ( 'NONE',  ( 0.000000000000000000, 3.000000000000001776, -30.61350000000000193 ) ) ;
#1425 = CYLINDRICAL_SURFACE ( 'NONE', #161, 2.350480947161671885 ) ;
#1426 = CARTESIAN_POINT ( 'NONE',  ( -2.350480947161671885, 0.9736010864139226229, -24.80100000000002325 ) ) ;
#1427 = VERTEX_POINT ( 'NONE', #750 ) ;
#1428 = CARTESIAN_POINT ( 'NONE',  ( -3.000000000000002220, -1.178823545882232598E-16, -25.23850000000004812 ) ) ;
#1429 = ORIENTED_EDGE ( 'NONE', *, *, #2447, .T. ) ;
#1430 = EDGE_CURVE ( 'NONE', #3548, #1833, #1920, .T. ) ;
#1431 = CARTESIAN_POINT ( 'NONE',  ( 2.893448320947026975, 0.7924372618755619602, -24.69642365699999331 ) ) ;
#1432 = CARTESIAN_POINT ( 'NONE',  ( -3.054126587736528897, -1.145680569672079404E-16, -28.33225000000000549 ) ) ;
#1433 =( BOUNDED_CURVE ( )  B_SPLINE_CURVE ( 2, ( #265, #480, #2168, #770, #284, #517, #825, #2507, #3293 ),
 .UNSPECIFIED., .F., .T. ) 
 B_SPLINE_CURVE_WITH_KNOTS ( ( 3, 2, 2, 2, 3 ),
 ( 0.2272727272727274039, 0.2386363636363638130, 0.2500000000000002220, 0.2613636363636365756, 0.2727272727272729846 ),
 .UNSPECIFIED. ) 
 CURVE ( )  GEOMETRIC_REPRESENTATION_ITEM ( )  RATIONAL_B_SPLINE_CURVE ( ( 0.9999999999999991118, 0.9238795325112876267, 1.000000000000000000, 0.9238795325112867385, 1.000000000000000000, 0.9238795325112867385, 1.000000000000000000, 0.9238795325112848511, 1.000000000000001776 ) ) 
 REPRESENTATION_ITEM ( '' )  );
#1434 = CARTESIAN_POINT ( 'NONE',  ( 0.9736010864139175158, -2.350480947161674550, -30.55100000000001614 ) ) ;
#1435 = CARTESIAN_POINT ( 'NONE',  ( -1.662041016787797476, 1.662041016787797254, -33.98850000000000193 ) ) ;
#1436 = CARTESIAN_POINT ( 'NONE',  ( 2.350480947161671885, -7.333557197200833873E-16, -32.23850000000000904 ) ) ;
#1437 = CARTESIAN_POINT ( 'NONE',  ( -2.121320343559644606, -2.121320343559644606, -27.23850000000000904 ) ) ;
#1438 = CARTESIAN_POINT ( 'NONE',  ( -2.776213115202330162, -0.2405324221484377856, -24.47703674469596535 ) ) ;
#1439 = DIRECTION ( 'NONE',  ( 1.000000000000000000, 0.000000000000000000, 0.000000000000000000 ) ) ;
#1440 = ORIENTED_EDGE ( 'NONE', *, *, #2302, .F. ) ;
#1441 = EDGE_CURVE ( 'NONE', #3230, #1423, #875, .T. ) ;
#1442 = CARTESIAN_POINT ( 'NONE',  ( 1.365714045941919252, -2.222899445931425966, -32.67094981766375383 ) ) ;
#1443 = CARTESIAN_POINT ( 'NONE',  ( 0.000000000000000000, -2.058233259156977999E-15, 33.61350000000000193 ) ) ;
#1444 = CARTESIAN_POINT ( 'NONE',  ( -2.350480947161671885, -1.576539260404073400E-16, -23.73850000000003035 ) ) ;
#1445 = ORIENTED_EDGE ( 'NONE', *, *, #869, .T. ) ;
#1446 = CARTESIAN_POINT ( 'NONE',  ( -2.350480947161671885, -2.605841451371993091E-15, -30.86350000000001259 ) ) ;
#1447 = ORIENTED_EDGE ( 'NONE', *, *, #2867, .F. ) ;
#1448 = DIRECTION ( 'NONE',  ( -0.000000000000000000, 8.971971810740515560E-18, 1.000000000000000000 ) ) ;
#1449 = CARTESIAN_POINT ( 'NONE',  ( 1.265060653844732430, -3.054126587736530674, -25.01975000000001259 ) ) ;
#1450 = DIRECTION ( 'NONE',  ( -0.000000000000000000, 8.971971810740515560E-18, 1.000000000000000000 ) ) ;
#1451 = CARTESIAN_POINT ( 'NONE',  ( 2.350480947161671885, -1.309057513399759435E-15, -32.23850000000000904 ) ) ;
#1452 = CARTESIAN_POINT ( 'NONE',  ( 3.054126587736528897, -8.626133269396815863E-16, -30.76975000000004101 ) ) ;
#1453 = CARTESIAN_POINT ( 'NONE',  ( -1.242640687119295206, 2.999999999999992895, -31.55100000000000193 ) ) ;
#1454 = CARTESIAN_POINT ( 'NONE',  ( 3.673940397442064798E-16, 3.000000000000002220, 33.61350000000000193 ) ) ;
#1455 = EDGE_CURVE ( 'NONE', #739, #402, #3401, .T. ) ;
#1456 = CYLINDRICAL_SURFACE ( 'NONE', #712, 2.350480947161671885 ) ;
#1457 = EDGE_LOOP ( 'NONE', ( #2475, #1002, #3441, #966 ) ) ;
#1458 = CARTESIAN_POINT ( 'NONE',  ( 1.640085928941233062, 2.276924820221338575, -32.47337086453554633 ) ) ;
#1459 = CARTESIAN_POINT ( 'NONE',  ( -2.535071984935993061, 0.8507711809841582706, -32.60679851046766231 ) ) ;
#1460 = ADVANCED_FACE ( 'NONE', ( #3602 ), #2208, .T. ) ;
#1461 = CARTESIAN_POINT ( 'NONE',  ( 0.000000000000000000, 3.000000000000001776, -25.48850000000004457 ) ) ;
#1462 = ORIENTED_EDGE ( 'NONE', *, *, #1030, .T. ) ;
#1463 = CARTESIAN_POINT ( 'NONE',  ( 3.000000000000001776, 1.242640687119286547, -25.80100000000001614 ) ) ;
#1464 = ORIENTED_EDGE ( 'NONE', *, *, #2662, .T. ) ;
#1465 = LINE ( 'NONE', #2, #306 ) ;
#1466 = CC_DESIGN_APPROVAL ( #2476, ( #1931 ) ) ;
#1467 = CALENDAR_DATE ( 2026, 24, 2 ) ;
#1468 = CARTESIAN_POINT ( 'NONE',  ( 3.054126587736528897, -8.626133269396815863E-16, -23.83225000000001614 ) ) ;
#1469 = AXIS2_PLACEMENT_3D ( 'NONE', #3054, #2727, #2185 ) ;
#1470 = CARTESIAN_POINT ( 'NONE',  ( 0.000000000000000000, 3.000000000000001776, -27.48850000000004101 ) ) ;
#1471 = CARTESIAN_POINT ( 'NONE',  ( 2.000000000000000000, 1.154700538379252128, 30.61350000000000549 ) ) ;
#1472 = CARTESIAN_POINT ( 'NONE',  ( -1.265060653844733096, -3.054126587736529341, -30.08225000000003746 ) ) ;
#1473 = CARTESIAN_POINT ( 'NONE',  ( -1.890717652955699934, -1.585400408730135435, -32.81458172706075516 ) ) ;
#1474 = DIRECTION ( 'NONE',  ( 0.000000000000000000, 1.000000000000000000, 0.000000000000000000 ) ) ;
#1475 = VECTOR ( 'NONE', #2276, 1000.000000000000000 ) ;
#1476 = CARTESIAN_POINT ( 'NONE',  ( -2.350480947161673662, -0.9736010864139199583, -26.80100000000002325 ) ) ;
#1477 = VERTEX_POINT ( 'NONE', #3005 ) ;
#1478 = CARTESIAN_POINT ( 'NONE',  ( 0.5126639815918233589, 2.930991240817960364, -24.66086877976891856 ) ) ;
#1479 = DIRECTION ( 'NONE',  ( 0.000000000000000000, 0.000000000000000000, 1.000000000000000000 ) ) ;
#1480 = DIRECTION ( 'NONE',  ( -0.000000000000000000, 8.971971810740515560E-18, 1.000000000000000000 ) ) ;
#1481 = ORIENTED_EDGE ( 'NONE', *, *, #98, .F. ) ;
#1482 = CARTESIAN_POINT ( 'NONE',  ( 1.265060653844735095, 3.054126587736527565, -33.58225000000003035 ) ) ;
#1483 = CARTESIAN_POINT ( 'NONE',  ( 0.000000000000000000, 3.000000000000001776, -26.61350000000000904 ) ) ;
#1484 = AXIS2_PLACEMENT_3D ( 'NONE', #626, #302, #1162 ) ;
#1485 = ORIENTED_EDGE ( 'NONE', *, *, #13, .T. ) ;
#1486 = CARTESIAN_POINT ( 'NONE',  ( -0.9736010864139172938, 2.350480947161673662, -30.05100000000001970 ) ) ;
#1487 = ADVANCED_FACE ( 'NONE', ( #2770 ), #3229, .F. ) ;
#1488 = SHAPE_DEFINITION_REPRESENTATION ( #2511, #3318 ) ;
#1489 = CARTESIAN_POINT ( 'NONE',  ( -3.740226349862368230E-16, -3.054126587736529341, -23.08225000000001970 ) ) ;
#1490 = EDGE_CURVE ( 'NONE', #1266, #2824, #555, .T. ) ;
#1491 = FACE_OUTER_BOUND ( 'NONE', #1862, .T. ) ;
#1492 = CARTESIAN_POINT ( 'NONE',  ( 1.662041016787799474, 1.662041016787794812, -32.23850000000000904 ) ) ;
#1493 = CARTESIAN_POINT ( 'NONE',  ( 2.159593620790630997, 2.159593620790629664, -31.64475000000003391 ) ) ;
#1494 = CARTESIAN_POINT ( 'NONE',  ( 0.9736010864139175158, -2.350480947161674550, -30.42600000000001259 ) ) ;
#1495 = CARTESIAN_POINT ( 'NONE',  ( 2.309401076758502924, -8.673617379884035472E-16, 33.61350000000000193 ) ) ;
#1496 = CARTESIAN_POINT ( 'NONE',  ( 1.843736237883321083, 1.244919463501900303, 33.52328107487736020 ) ) ;
#1497 = EDGE_LOOP ( 'NONE', ( #1440, #2214, #1617, #2605 ) ) ;
#1498 = FACE_OUTER_BOUND ( 'NONE', #2851, .T. ) ;
#1499 = CARTESIAN_POINT ( 'NONE',  ( -2.778090730498876226, -0.8514304495641695780, -32.37463188582589879 ) ) ;
#1500 = CARTESIAN_POINT ( 'NONE',  ( 0.000000000000000000, -2.563013480349552919E-15, -22.64840449999999805 ) ) ;
#1501 = EDGE_LOOP ( 'NONE', ( #2066, #2352, #2337 ) ) ;
#1502 = CARTESIAN_POINT ( 'NONE',  ( -1.265060653844733096, -3.054126587736529341, -34.08225000000002325 ) ) ;
#1503 = CARTESIAN_POINT ( 'NONE',  ( 2.893448320947026975, 0.7924372618755619602, -24.69642365699999331 ) ) ;
#1504 = ORIENTED_EDGE ( 'NONE', *, *, #1369, .T. ) ;
#1505 = DIRECTION ( 'NONE',  ( -0.000000000000000000, 8.971971810740515560E-18, 1.000000000000000000 ) ) ;
#1506 = CARTESIAN_POINT ( 'NONE',  ( -3.054126587736528897, -1.145680569672079404E-16, -25.33225000000001614 ) ) ;
#1507 = EDGE_CURVE ( 'NONE', #1773, #3352, #1433, .T. ) ;
#1508 = DIRECTION ( 'NONE',  ( -0.000000000000000000, 8.971971810740515560E-18, 1.000000000000000000 ) ) ;
#1509 = CARTESIAN_POINT ( 'NONE',  ( -1.662041016787797476, -1.662041016787797476, -31.73850000000000904 ) ) ;
#1510 = CC_DESIGN_DATE_AND_TIME_ASSIGNMENT ( #1960, #3143, ( #1931 ) ) ;
#1511 = CARTESIAN_POINT ( 'NONE',  ( 2.159593620790630553, -2.159593620790631441, -30.89475000000003746 ) ) ;
#1512 = CARTESIAN_POINT ( 'NONE',  ( 2.350480947161671885, -3.015793744603263765E-16, -33.61350000000000193 ) ) ;
#1513 = CARTESIAN_POINT ( 'NONE',  ( -2.350480947161680323, 0.9736010864139130749, -24.80100000000002325 ) ) ;
#1514 = ORIENTED_EDGE ( 'NONE', *, *, #3546, .T. ) ;
#1515 = FACE_OUTER_BOUND ( 'NONE', #2896, .T. ) ;
#1516 = AXIS2_PLACEMENT_3D ( 'NONE', #774, #2773, #3332 ) ;
#1517 = CARTESIAN_POINT ( 'NONE',  ( -2.350480947161671885, -8.787360703329654422E-16, -27.86350000000001970 ) ) ;
#1518 = ORIENTED_EDGE ( 'NONE', *, *, #3029, .T. ) ;
#1519 = CARTESIAN_POINT ( 'NONE',  ( -1.662041016787797476, -1.662041016787797476, -23.73850000000003035 ) ) ;
#1520 = CARTESIAN_POINT ( 'NONE',  ( 0.3014107929158942878, 2.537702522813768180, -24.24761861036192556 ) ) ;
#1521 = ORIENTED_EDGE ( 'NONE', *, *, #3196, .T. ) ;
#1522 = CARTESIAN_POINT ( 'NONE',  ( -1.265060653844733096, -3.054126587736529341, -24.14475000000001614 ) ) ;
#1523 = DIRECTION ( 'NONE',  ( 0.000000000000000000, -1.000000000000000000, 0.000000000000000000 ) ) ;
#1524 = CARTESIAN_POINT ( 'NONE',  ( -2.350480947161671885, 0.9736010864139226229, -32.92600000000000904 ) ) ;
#1525 = CARTESIAN_POINT ( 'NONE',  ( 0.000000000000000000, 3.054126587736528453, -31.51975000000003391 ) ) ;
#1526 = DIRECTION ( 'NONE',  ( 0.8660254037844387076, 0.4999999999999999445, 0.000000000000000000 ) ) ;
#1527 = CARTESIAN_POINT ( 'NONE',  ( 0.000000000000000000, -3.015793744603263765E-16, -24.17261465700000400 ) ) ;
#1528 = EDGE_CURVE ( 'NONE', #1175, #2923, #1279, .T. ) ;
#1529 = CARTESIAN_POINT ( 'NONE',  ( 1.662041016787799474, 1.662041016787794812, -32.11350000000000904 ) ) ;
#1530 = ORIENTED_EDGE ( 'NONE', *, *, #1078, .F. ) ;
#1531 = CARTESIAN_POINT ( 'NONE',  ( 3.000000000000001776, 1.242640687119286547, -30.67600000000004101 ) ) ;
#1532 = CARTESIAN_POINT ( 'NONE',  ( 0.000000000000000000, 3.000000000000001776, -27.61350000000000904 ) ) ;
#1533 =( BOUNDED_CURVE ( )  B_SPLINE_CURVE ( 2, ( #1785, #2603, #2020, #81, #2620, #975, #2076, #1513, #1748 ),
 .UNSPECIFIED., .F., .T. ) 
 B_SPLINE_CURVE_WITH_KNOTS ( ( 3, 2, 2, 2, 3 ),
 ( 0.7954545454545455252, 0.8068181818181818787, 0.8181818181818183433, 0.8295454545454546968, 0.8409090909090910504 ),
 .UNSPECIFIED. ) 
 CURVE ( )  GEOMETRIC_REPRESENTATION_ITEM ( )  RATIONAL_B_SPLINE_CURVE ( ( 0.9999999999999992228, 0.9238795325112875156, 1.000000000000000000, 0.9238795325112867385, 1.000000000000000000, 0.9238795325112867385, 1.000000000000000000, 0.9238795325112859613, 1.000000000000000666 ) ) 
 REPRESENTATION_ITEM ( '' )  );
#1534 = EDGE_CURVE ( 'NONE', #1154, #1987, #2527, .T. ) ;
#1535 = CIRCLE ( 'NONE', #1701, 6.499999999999997335 ) ;
#1536 = CARTESIAN_POINT ( 'NONE',  ( -3.000000000000002220, -1.178823545882232598E-16, -30.23850000000004101 ) ) ;
#1537 = EDGE_LOOP ( 'NONE', ( #3565, #2024, #771, #436 ) ) ;
#1538 = CARTESIAN_POINT ( 'NONE',  ( -2.159593620790630997, -2.159593620790630997, -32.14475000000003746 ) ) ;
#1539 = CARTESIAN_POINT ( 'NONE',  ( -1.439254484199190266E-15, -2.350480947161672329, -31.48850000000000904 ) ) ;
#1540 = ORIENTED_EDGE ( 'NONE', *, *, #561, .F. ) ;
#1541 = CARTESIAN_POINT ( 'NONE',  ( 2.350480947161671441, -0.9736010864139245102, -33.30100000000000193 ) ) ;
#1542 = DIRECTION ( 'NONE',  ( -0.000000000000000000, -0.000000000000000000, 1.000000000000000000 ) ) ;
#1543 = CARTESIAN_POINT ( 'NONE',  ( -0.9736010864139230669, -2.350480947161672329, -29.67600000000001614 ) ) ;
#1544 = CARTESIAN_POINT ( 'NONE',  ( -3.740226349862368230E-16, -3.054126587736529341, -26.01975000000004812 ) ) ;
#1545 = CARTESIAN_POINT ( 'NONE',  ( -1.151694567797944669E-14, -2.350480947161672329, -28.48850000000001614 ) ) ;
#1546 = PLANE ( 'NONE',  #2993 ) ;
#1547 = CARTESIAN_POINT ( 'NONE',  ( 2.462179656209655843, 0.07536933560270035748, -24.17261465700001111 ) ) ;
#1548 = VERTEX_POINT ( 'NONE', #1890 ) ;
#1549 = CARTESIAN_POINT ( 'NONE',  ( 7.960204194457792519E-16, 6.499999999999995559, 33.61350000000000193 ) ) ;
#1550 = CARTESIAN_POINT ( 'NONE',  ( -2.803790134134103607, -0.07637100484935087363, -32.47561904607723449 ) ) ;
#1551 = EDGE_CURVE ( 'NONE', #2314, #270, #499, .T. ) ;
#1552 = CARTESIAN_POINT ( 'NONE',  ( 0.000000000000000000, -3.797000000000004150, 27.61350000000000549 ) ) ;
#1553 = ORIENTED_EDGE ( 'NONE', *, *, #869, .F. ) ;
#1554 =( BOUNDED_CURVE ( )  B_SPLINE_CURVE ( 2, ( #533, #3343, #3017, #2801, #2432, #3000, #476, #1321, #1029 ),
 .UNSPECIFIED., .F., .T. ) 
 B_SPLINE_CURVE_WITH_KNOTS ( ( 3, 2, 2, 2, 3 ),
 ( 0.4545454545454548079, 0.4659090909090911614, 0.4772727272727274594, 0.4886363636363637575, 0.5000000000000001110 ),
 .UNSPECIFIED. ) 
 CURVE ( )  GEOMETRIC_REPRESENTATION_ITEM ( )  RATIONAL_B_SPLINE_CURVE ( ( 0.9999999999999985567, 0.9238795325112881818, 1.000000000000000000, 0.9238795325112867385, 1.000000000000000000, 0.9238795325112867385, 1.000000000000000000, 0.9238795325112859613, 1.000000000000000666 ) ) 
 REPRESENTATION_ITEM ( '' )  );
#1555 = CARTESIAN_POINT ( 'NONE',  ( 0.000000000000000000, -2.576688650911801242E-15, -24.17261465700000400 ) ) ;
#1556 = ORIENTED_EDGE ( 'NONE', *, *, #1179, .F. ) ;
#1557 = DIRECTION ( 'NONE',  ( -0.000000000000000000, 8.971971810740515560E-18, 1.000000000000000000 ) ) ;
#1558 = CARTESIAN_POINT ( 'NONE',  ( -2.350480947161671885, -1.576539260404073400E-16, -29.86350000000001614 ) ) ;
#1559 = CARTESIAN_POINT ( 'NONE',  ( -2.350480947161671885, -8.787360703329654422E-16, -27.73850000000001970 ) ) ;
#1560 = FACE_OUTER_BOUND ( 'NONE', #2440, .T. ) ;
#1561 = EDGE_CURVE ( 'NONE', #1115, #2030, #2356, .T. ) ;
#1562 = CARTESIAN_POINT ( 'NONE',  ( 2.152449829927485236, 0.9443094898470334453, -24.17261465699999690 ) ) ;
#1563 = CARTESIAN_POINT ( 'NONE',  ( 4.649983896362503760E-16, 3.797000000000000153, -22.38649999999999807 ) ) ;
#1564 = FACE_OUTER_BOUND ( 'NONE', #1992, .T. ) ;
#1565 = ORIENTED_EDGE ( 'NONE', *, *, #2881, .F. ) ;
#1566 = CARTESIAN_POINT ( 'NONE',  ( 0.000000000000000000, -2.649373280312614629E-15, -32.27391400725000636 ) ) ;
#1567 = ORIENTED_EDGE ( 'NONE', *, *, #301, .T. ) ;
#1568 = CARTESIAN_POINT ( 'NONE',  ( 0.000000000000000000, -2.058233259156977999E-15, 33.61350000000000193 ) ) ;
#1569 = CARTESIAN_POINT ( 'NONE',  ( 2.121320343559644606, 2.121320343559643273, -24.73850000000001259 ) ) ;
#1570 = EDGE_CURVE ( 'NONE', #3309, #2316, #2182, .T. ) ;
#1571 = ORIENTED_EDGE ( 'NONE', *, *, #2957, .F. ) ;
#1572 = VECTOR ( 'NONE', #330, 1000.000000000000000 ) ;
#1573 = ADVANCED_FACE ( 'NONE', ( #3564 ), #1049, .F. ) ;
#1574 = CARTESIAN_POINT ( 'NONE',  ( 0.000000000000000000, -3.000000000000006661, 33.61350000000000193 ) ) ;
#1575 = CARTESIAN_POINT ( 'NONE',  ( 1.662041016787797698, 1.662041016787796588, -32.23850000000000904 ) ) ;
#1576 = DIRECTION ( 'NONE',  ( -0.000000000000000000, 8.971971810740515560E-18, 1.000000000000000000 ) ) ;
#1577 = CARTESIAN_POINT ( 'NONE',  ( -3.054126587736528897, 1.265060653844732652, -32.39474999999999483 ) ) ;
#1578 = ORGANIZATION ( 'UNSPECIFIED', 'UNSPECIFIED', '' ) ;
#1579 = CARTESIAN_POINT ( 'NONE',  ( -1.242640687119267229, 3.000000000000019540, -29.55100000000000549 ) ) ;
#1580 = CARTESIAN_POINT ( 'NONE',  ( 2.350480947161671885, -9.514262975528106448E-15, -25.36350000000002325 ) ) ;
#1581 = DIRECTION ( 'NONE',  ( -0.000000000000000000, -0.000000000000000000, 1.000000000000000000 ) ) ;
#1582 = CARTESIAN_POINT ( 'NONE',  ( -0.1571849286460659245, -2.218650315892145564, 33.52274923913320492 ) ) ;
#1583 = CARTESIAN_POINT ( 'NONE',  ( -2.121320343559644606, 2.121320343559644162, -30.36350000000003746 ) ) ;
#1584 = VECTOR ( 'NONE', #1084, 1000.000000000000000 ) ;
#1585 = VERTEX_POINT ( 'NONE', #2189 ) ;
#1586 = CARTESIAN_POINT ( 'NONE',  ( -2.323074749346379253, 1.833024979045105862, -32.31926803558184247 ) ) ;
#1587 = CARTESIAN_POINT ( 'NONE',  ( -3.673940397442062333E-16, -3.000000000000002665, -30.98850000000003746 ) ) ;
#1588 = AXIS2_PLACEMENT_3D ( 'NONE', #55, #1448, #1138 ) ;
#1589 = ORIENTED_EDGE ( 'NONE', *, *, #1715, .T. ) ;
#1590 = ADVANCED_FACE ( 'NONE', ( #3308 ), #788, .T. ) ;
#1591 = CARTESIAN_POINT ( 'NONE',  ( -1.242640687119253240, 3.000000000000033307, -29.42600000000004101 ) ) ;
#1592 = CARTESIAN_POINT ( 'NONE',  ( -0.9736010864139229559, 2.350480947161671441, -26.05100000000002680 ) ) ;
#1593 = PERSON_AND_ORGANIZATION_ROLE ( 'creator' ) ;
#1594 = CARTESIAN_POINT ( 'NONE',  ( 2.350480947161671885, -6.635754007129726310E-15, -30.23850000000001614 ) ) ;
#1595 = EDGE_CURVE ( 'NONE', #2900, #1585, #2455, .T. ) ;
#1596 = CARTESIAN_POINT ( 'NONE',  ( 0.000000000000000000, -8.673617379884035472E-16, 33.61350000000000193 ) ) ;
#1597 = CARTESIAN_POINT ( 'NONE',  ( -0.9736010864139321708, -2.350480947161667888, -26.55100000000002325 ) ) ;
#1598 = DIRECTION ( 'NONE',  ( 0.8660254037844384856, -0.5000000000000001110, 0.000000000000000000 ) ) ;
#1599 = CARTESIAN_POINT ( 'NONE',  ( -1.179539729358141775, -1.628393496493722337, 33.31241902722913295 ) ) ;
#1600 = VECTOR ( 'NONE', #2841, 1000.000000000000000 ) ;
#1601 = CARTESIAN_POINT ( 'NONE',  ( -1.242640687119276777, 3.000000000000010658, -26.42600000000005522 ) ) ;
#1602 = ORIENTED_EDGE ( 'NONE', *, *, #896, .T. ) ;
#1603 = CYLINDRICAL_SURFACE ( 'NONE', #3233, 3.797000000000002817 ) ;
#1604 = CARTESIAN_POINT ( 'NONE',  ( -2.350480947161681211, -0.9736010864139119647, -25.67600000000003035 ) ) ;
#1605 = EDGE_LOOP ( 'NONE', ( #3188, #2885, #1661, #1331 ) ) ;
#1606 = CARTESIAN_POINT ( 'NONE',  ( 0.000000000000000000, 3.054126587736528453, -27.51975000000004457 ) ) ;
#1607 = CARTESIAN_POINT ( 'NONE',  ( -3.000000000000002665, -1.242640687119286103, -31.17600000000004101 ) ) ;
#1608 = CARTESIAN_POINT ( 'NONE',  ( 1.662041016787797254, -1.662041016787797920, -26.48850000000002325 ) ) ;
#1609 = DATE_AND_TIME ( #1884, #3115 ) ;
#1610 = CARTESIAN_POINT ( 'NONE',  ( 0.000000000000000000, 3.054126587736528453, -33.58224999999999483 ) ) ;
#1611 = EDGE_CURVE ( 'NONE', #1262, #1154, #3307, .T. ) ;
#1612 = LINE ( 'NONE', #3268, #2467 ) ;
#1613 = CARTESIAN_POINT ( 'NONE',  ( -0.5643101117206706929, 1.983596481850145921, 33.36437100616326035 ) ) ;
#1614 = LINE ( 'NONE', #3616, #69 ) ;
#1615 = CARTESIAN_POINT ( 'NONE',  ( -2.350480947161688317, -0.9736010864139069687, -32.67600000000000904 ) ) ;
#1616 = CARTESIAN_POINT ( 'NONE',  ( -2.121320343559644606, 2.121320343559644162, -26.36350000000005167 ) ) ;
#1617 = ORIENTED_EDGE ( 'NONE', *, *, #2249, .F. ) ;
#1618 = CARTESIAN_POINT ( 'NONE',  ( -1.242640687119276777, 3.000000000000010658, -30.55100000000000193 ) ) ;
#1619 = CARTESIAN_POINT ( 'NONE',  ( -2.350480947161672329, -0.9736010864139217347, -29.80100000000001970 ) ) ;
#1620 =( BOUNDED_CURVE ( )  B_SPLINE_CURVE ( 2, ( #3573, #779, #2298, #74, #274, #2596, #3088, #621, #3377 ),
 .UNSPECIFIED., .F., .F. ) 
 B_SPLINE_CURVE_WITH_KNOTS ( ( 3, 2, 2, 2, 3 ),
 ( 0.6363636363636365756, 0.6477272727272728181, 0.6590909090909090606, 0.6704545454545453032, 0.6818181818181815457 ),
 .UNSPECIFIED. ) 
 CURVE ( )  GEOMETRIC_REPRESENTATION_ITEM ( )  RATIONAL_B_SPLINE_CURVE ( ( 0.9999999999999985567, 0.9238795325112881818, 1.000000000000000000, 0.9238795325112867385, 1.000000000000000000, 0.9238795325112867385, 1.000000000000000000, 0.9238795325112881818, 0.9999999999999985567 ) ) 
 REPRESENTATION_ITEM ( '' )  );
#1621 = CARTESIAN_POINT ( 'NONE',  ( -1.662041016787797476, -1.662041016787797476, -25.61350000000002680 ) ) ;
#1622 = ORIENTED_EDGE ( 'NONE', *, *, #1534, .T. ) ;
#1623 = CARTESIAN_POINT ( 'NONE',  ( -1.265060653844733096, -3.054126587736529341, -26.08225000000005167 ) ) ;
#1624 = ORIENTED_EDGE ( 'NONE', *, *, #2613, .F. ) ;
#1625 = CARTESIAN_POINT ( 'NONE',  ( 0.9736010864139218457, 2.350480947161671885, -30.05100000000001970 ) ) ;
#1626 = CARTESIAN_POINT ( 'NONE',  ( 0.9736010864139245102, 2.350480947161670997, -29.17600000000001970 ) ) ;
#1627 = COORDINATED_UNIVERSAL_TIME_OFFSET ( 6, 0, .BEHIND. ) ;
#1628 = CARTESIAN_POINT ( 'NONE',  ( 3.054126587736528009, -1.265060653844735095, -30.89474999999999838 ) ) ;
#1629 = AXIS2_PLACEMENT_3D ( 'NONE', #1092, #542, #2172 ) ;
#1630 = DIRECTION ( 'NONE',  ( 0.000000000000000000, -1.000000000000000000, 0.000000000000000000 ) ) ;
#1631 = CARTESIAN_POINT ( 'NONE',  ( -3.673940397442062333E-16, -3.000000000000002665, -29.11350000000000549 ) ) ;
#1632 = CARTESIAN_POINT ( 'NONE',  ( -1.662041016787797476, 1.662041016787797254, -32.86350000000000904 ) ) ;
#1633 = ADVANCED_FACE ( 'NONE', ( #1697 ), #2565, .T. ) ;
#1634 = CARTESIAN_POINT ( 'NONE',  ( 0.9736010864139231780, -2.350480947161672329, -32.55100000000000904 ) ) ;
#1635 = CARTESIAN_POINT ( 'NONE',  ( -0.8290879766986551935, -1.830726910229653059, 33.30367475204324990 ) ) ;
#1636 = CARTESIAN_POINT ( 'NONE',  ( -0.9736010864139166276, 2.350480947161673662, -29.05100000000001970 ) ) ;
#1637 = EDGE_LOOP ( 'NONE', ( #1096, #2102, #3444, #377 ) ) ;
#1638 = EDGE_CURVE ( 'NONE', #2451, #1423, #46, .T. ) ;
#1639 = LINE ( 'NONE', #1403, #884 ) ;
#1640 = DIRECTION ( 'NONE',  ( -0.000000000000000000, 8.971971810740515560E-18, 1.000000000000000000 ) ) ;
#1641 = AXIS2_PLACEMENT_3D ( 'NONE', #3386, #862, #2023 ) ;
#1642 = EDGE_CURVE ( 'NONE', #419, #2646, #2648, .T. ) ;
#1643 = CIRCLE ( 'NONE', #2532, 3.000000000000005329 ) ;
#1644 = CARTESIAN_POINT ( 'NONE',  ( -2.350480947161671885, 0.9736010864139226229, -27.80100000000002325 ) ) ;
#1645 = ORIENTED_EDGE ( 'NONE', *, *, #2637, .F. ) ;
#1646 = CARTESIAN_POINT ( 'NONE',  ( 3.054126587736528897, -8.626133269396815863E-16, -26.76975000000004812 ) ) ;
#1647 =( BOUNDED_CURVE ( )  B_SPLINE_CURVE ( 2, ( #3473, #2676, #937, #2914, #458, #394, #3187, #1579, #2932 ),
 .UNSPECIFIED., .F., .T. ) 
 B_SPLINE_CURVE_WITH_KNOTS ( ( 3, 2, 2, 2, 3 ),
 ( 0.5909090909090909394, 0.6022727272727274039, 0.6136363636363637575, 0.6250000000000002220, 0.6363636363636365756 ),
 .UNSPECIFIED. ) 
 CURVE ( )  GEOMETRIC_REPRESENTATION_ITEM ( )  RATIONAL_B_SPLINE_CURVE ( ( 0.9999999999999992228, 0.9238795325112875156, 1.000000000000000000, 0.9238795325112867385, 1.000000000000000000, 0.9238795325112867385, 1.000000000000000000, 0.9238795325112852952, 1.000000000000001554 ) ) 
 REPRESENTATION_ITEM ( '' )  );
#1648 = VERTEX_POINT ( 'NONE', #1188 ) ;
#1649 = ORIENTED_EDGE ( 'NONE', *, *, #2638, .F. ) ;
#1650 = FACE_OUTER_BOUND ( 'NONE', #3534, .T. ) ;
#1651 = CARTESIAN_POINT ( 'NONE',  ( 0.9736010864139224008, -2.350480947161673217, -25.55100000000002325 ) ) ;
#1652 = CARTESIAN_POINT ( 'NONE',  ( -3.000000000000002220, 1.242640687119286103, -25.42600000000001614 ) ) ;
#1653 = CARTESIAN_POINT ( 'NONE',  ( 2.159593620790630997, 2.159593620790629664, -26.70725000000000904 ) ) ;
#1654 = CIRCLE ( 'NONE', #3178, 2.309401076758502924 ) ;
#1655 = CARTESIAN_POINT ( 'NONE',  ( 2.350480947161671885, -1.008996476920778279E-14, -24.36350000000002680 ) ) ;
#1656 = DIRECTION ( 'NONE',  ( -1.332554226439511287E-13, 0.8660254037844257180, -0.5000000000000223155 ) ) ;
#1657 = CARTESIAN_POINT ( 'NONE',  ( -0.9736010864139229559, 2.350480947161671441, -30.92600000000001259 ) ) ;
#1658 = PRODUCT ( '92981A207_Alloy Steel Shoulder Screws', '92981A207_Alloy Steel Shoulder Screws', '', ( #509 ) ) ;
#1659 = LINE ( 'NONE', #2804, #650 ) ;
#1660 = CARTESIAN_POINT ( 'NONE',  ( 2.350480947161671885, -3.015793744603263765E-16, -33.61350000000000193 ) ) ;
#1661 = ORIENTED_EDGE ( 'NONE', *, *, #2389, .F. ) ;
#1662 = CARTESIAN_POINT ( 'NONE',  ( -0.9736010864139177379, 2.350480947161673662, -30.92600000000001259 ) ) ;
#1663 = CARTESIAN_POINT ( 'NONE',  ( 0.000000000000000000, -3.015793744603263765E-16, -33.61350000000000193 ) ) ;
#1664 = ADVANCED_FACE ( 'NONE', ( #917 ), #1986, .T. ) ;
#1665 = CARTESIAN_POINT ( 'NONE',  ( -2.350480947161671885, -0.9736010864139230669, -26.67600000000002325 ) ) ;
#1666 = ORIENTED_EDGE ( 'NONE', *, *, #32, .T. ) ;
#1667 = EDGE_CURVE ( 'NONE', #2832, #2451, #814, .T. ) ;
#1668 = CARTESIAN_POINT ( 'NONE',  ( 0.000000000000000000, 3.054126587736528453, -24.51975000000005522 ) ) ;
#1669 = ORIENTED_EDGE ( 'NONE', *, *, #1570, .F. ) ;
#1670 = CARTESIAN_POINT ( 'NONE',  ( 1.662041016787796144, -1.662041016787798808, -27.48850000000001970 ) ) ;
#1671 = CARTESIAN_POINT ( 'NONE',  ( -2.159593620790630997, 2.159593620790630553, -34.39475000000003035 ) ) ;
#1672 =( BOUNDED_CURVE ( )  B_SPLINE_CURVE ( 2, ( #1396, #2542, #7, #2837, #1123, #1434, #2260, #3361, #25 ),
 .UNSPECIFIED., .F., .F. ) 
 B_SPLINE_CURVE_WITH_KNOTS ( ( 3, 2, 2, 2, 3 ),
 ( 0.2954545454545454697, 0.3068181818181817677, 0.3181818181818181213, 0.3295454545454544748, 0.3409090909090907728 ),
 .UNSPECIFIED. ) 
 CURVE ( )  GEOMETRIC_REPRESENTATION_ITEM ( )  RATIONAL_B_SPLINE_CURVE ( ( 1.000000000000000000, 0.9238795325112867385, 1.000000000000000000, 0.9238795325112867385, 1.000000000000000000, 0.9238795325112867385, 1.000000000000000000, 0.9238795325112875156, 0.9999999999999992228 ) ) 
 REPRESENTATION_ITEM ( '' )  );
#1673 = PERSON_AND_ORGANIZATION_ROLE ( 'design_owner' ) ;
#1674 = CARTESIAN_POINT ( 'NONE',  ( -1.265060653844732652, 3.054126587736528453, -26.51975000000001614 ) ) ;
#1675 = CARTESIAN_POINT ( 'NONE',  ( -2.350480947161671885, -8.787360703329654422E-16, -27.73850000000001970 ) ) ;
#1676 = CARTESIAN_POINT ( 'NONE',  ( 2.168404344971008868E-16, 2.309401076758503368, 33.61350000000000193 ) ) ;
#1677 = CARTESIAN_POINT ( 'NONE',  ( 2.350480947161671885, -7.333557197200833873E-16, -31.23850000000001259 ) ) ;
#1678 = CARTESIAN_POINT ( 'NONE',  ( -2.350480947161671885, 4.180478676392687566E-16, -32.86350000000000904 ) ) ;
#1679 = LINE ( 'NONE', #1454, #1991 ) ;
#1680 = ORIENTED_EDGE ( 'NONE', *, *, #2022, .F. ) ;
#1681 = FACE_OUTER_BOUND ( 'NONE', #2650, .T. ) ;
#1682 = CARTESIAN_POINT ( 'NONE',  ( -2.923655408064433914, 0.6724872154159217130, -32.27391400724935266 ) ) ;
#1683 = CARTESIAN_POINT ( 'NONE',  ( -2.350480947161671885, -0.9736010864139230669, -25.67600000000002680 ) ) ;
#1684 = ORIENTED_EDGE ( 'NONE', *, *, #2957, .T. ) ;
#1685 = LINE ( 'NONE', #1135, #1572 ) ;
#1686 = ADVANCED_FACE ( 'NONE', ( #2877 ), #2463, .T. ) ;
#1687 = ORIENTED_EDGE ( 'NONE', *, *, #877, .T. ) ;
#1688 = CARTESIAN_POINT ( 'NONE',  ( 3.000000000000001776, -1.242640687119288545, -24.80100000000005522 ) ) ;
#1689 = CARTESIAN_POINT ( 'NONE',  ( 0.000000000000000000, 2.350480947161671441, -25.11350000000002325 ) ) ;
#1690 = CARTESIAN_POINT ( 'NONE',  ( -3.054126587736528897, -1.265060653844732652, -27.26975000000001259 ) ) ;
#1691 = EDGE_CURVE ( 'NONE', #196, #1367, #3572, .T. ) ;
#1692 = DIRECTION ( 'NONE',  ( -0.000000000000000000, -0.000000000000000000, 1.000000000000000000 ) ) ;
#1693 = LINE ( 'NONE', #373, #1285 ) ;
#1694 = CARTESIAN_POINT ( 'NONE',  ( -2.350480947161671885, -1.576539260404073400E-16, -31.73850000000000904 ) ) ;
#1695 = CARTESIAN_POINT ( 'NONE',  ( -3.673940397442062333E-16, -3.000000000000002665, -27.11350000000000904 ) ) ;
#1696 = CARTESIAN_POINT ( 'NONE',  ( 3.000000000000002220, -8.526704340766356772E-16, -29.86350000000000549 ) ) ;
#1697 = FACE_OUTER_BOUND ( 'NONE', #1637, .T. ) ;
#1698 = ORIENTED_EDGE ( 'NONE', *, *, #369, .T. ) ;
#1699 = DIRECTION ( 'NONE',  ( -0.000000000000000000, 8.971971810740661930E-18, 1.000000000000000000 ) ) ;
#1700 = CARTESIAN_POINT ( 'NONE',  ( 0.000000000000000000, -2.576688650911801242E-15, -24.17261465700000400 ) ) ;
#1701 = AXIS2_PLACEMENT_3D ( 'NONE', #3540, #1822, #2636 ) ;
#1702 = CARTESIAN_POINT ( 'NONE',  ( 0.000000000000000000, 2.350480947161671441, -25.98850000000002680 ) ) ;
#1703 = AXIS2_PLACEMENT_3D ( 'NONE', #2037, #3218, #3165 ) ;
#1704 = ORIENTED_EDGE ( 'NONE', *, *, #1528, .F. ) ;
#1705 = CARTESIAN_POINT ( 'NONE',  ( 0.8542842270959037920, 2.189739514715206337, -24.17261465700000045 ) ) ;
#1706 = AXIS2_PLACEMENT_3D ( 'NONE', #1596, #218, #1338 ) ;
#1707 = ORIENTED_EDGE ( 'NONE', *, *, #3062, .T. ) ;
#1708 = CARTESIAN_POINT ( 'NONE',  ( -1.662041016787801251, -1.662041016787793257, -27.73850000000001970 ) ) ;
#1709 = CARTESIAN_POINT ( 'NONE',  ( 2.159593620790630553, -2.159593620790631441, -33.89475000000003035 ) ) ;
#1710 = CIRCLE ( 'NONE', #2118, 3.807000000000002160 ) ;
#1711 = CARTESIAN_POINT ( 'NONE',  ( -1.265060653844733096, -3.054126587736529341, -30.14475000000000193 ) ) ;
#1712 = DIRECTION ( 'NONE',  ( 1.000000000000000000, 0.000000000000000000, 0.000000000000000000 ) ) ;
#1713 = CARTESIAN_POINT ( 'NONE',  ( 3.454210762078056087E-15, 2.350480947161671441, -27.98850000000001970 ) ) ;
#1714 = CARTESIAN_POINT ( 'NONE',  ( 2.350480947161671885, -7.333557197200833873E-16, -30.23850000000001614 ) ) ;
#1715 = EDGE_CURVE ( 'NONE', #232, #2900, #2685, .T. ) ;
#1716 = CARTESIAN_POINT ( 'NONE',  ( -2.323953983007023272, -0.6951645708231153353, -32.85636649111627605 ) ) ;
#1717 = CARTESIAN_POINT ( 'NONE',  ( -2.710830342841913598, 0.8564731841648693944, -24.51600666942778872 ) ) ;
#1718 = CARTESIAN_POINT ( 'NONE',  ( 2.000000000000000444, 0.2033615549488315966, 33.30409892324149723 ) ) ;
#1719 = ORIENTED_EDGE ( 'NONE', *, *, #1421, .T. ) ;
#1720 = CARTESIAN_POINT ( 'NONE',  ( 0.8755080301536983800, -2.435225161159717100, -32.69223559053058636 ) ) ;
#1721 = CARTESIAN_POINT ( 'NONE',  ( -2.923655408064433914, 0.6724872154159217130, -32.27391400724935266 ) ) ;
#1722 = CARTESIAN_POINT ( 'NONE',  ( 0.000000000000000000, -2.058233259156977999E-15, 33.61350000000000193 ) ) ;
#1723 = ORIENTED_EDGE ( 'NONE', *, *, #923, .T. ) ;
#1724 = CARTESIAN_POINT ( 'NONE',  ( 2.350480947161671885, -6.060052213450049967E-15, -31.36350000000000904 ) ) ;
#1725 = ORIENTED_EDGE ( 'NONE', *, *, #2638, .T. ) ;
#1726 = CARTESIAN_POINT ( 'NONE',  ( -2.188195577938626233E-16, -2.309401076758503368, 30.61350000000000549 ) ) ;
#1727 = CARTESIAN_POINT ( 'NONE',  ( 1.265060653844732430, -3.054126587736530674, -29.01975000000000549 ) ) ;
#1728 = DIRECTION ( 'NONE',  ( -0.000000000000000000, 8.971971810740515560E-18, 1.000000000000000000 ) ) ;
#1729 = CARTESIAN_POINT ( 'NONE',  ( -2.350480947161671885, 0.9736010864139226229, -33.92600000000000904 ) ) ;
#1730 = CARTESIAN_POINT ( 'NONE',  ( 2.159593620790630553, -2.159593620790631441, -31.89475000000003391 ) ) ;
#1731 = CARTESIAN_POINT ( 'NONE',  ( -1.242640687119267229, 3.000000000000019540, -27.55100000000000549 ) ) ;
#1732 = CARTESIAN_POINT ( 'NONE',  ( -2.229605604420877629, -1.579479245443484725, -24.42273662150233093 ) ) ;
#1733 = ADVANCED_FACE ( 'NONE', ( #3166 ), #1456, .T. ) ;
#1734 = AXIS2_PLACEMENT_3D ( 'NONE', #3243, #2080, #2042 ) ;
#1735 = DIRECTION ( 'NONE',  ( 0.000000000000000000, -1.000000000000000000, 0.000000000000000000 ) ) ;
#1736 = ORIENTED_EDGE ( 'NONE', *, *, #2564, .T. ) ;
#1737 = CARTESIAN_POINT ( 'NONE',  ( 1.485639167217976286, 2.606314690291232417, -24.69642365699998621 ) ) ;
#1738 = CYLINDRICAL_SURFACE ( 'NONE', #2096, 2.476191000000002695 ) ;
#1739 = CARTESIAN_POINT ( 'NONE',  ( 0.9736010864139245102, 2.350480947161670997, -24.05100000000003035 ) ) ;
#1740 = ORIENTED_EDGE ( 'NONE', *, *, #3563, .F. ) ;
#1741 = CARTESIAN_POINT ( 'NONE',  ( -3.000000000000002665, 1.242640687119286103, -25.30100000000004457 ) ) ;
#1742 = EDGE_LOOP ( 'NONE', ( #3588, #1684, #796, #942 ) ) ;
#1743 = CARTESIAN_POINT ( 'NONE',  ( -1.265060653844733096, -3.054126587736529341, -23.14475000000001970 ) ) ;
#1744 = CARTESIAN_POINT ( 'NONE',  ( -2.350480947161671885, -3.030342766532892963E-16, -26.73850000000002325 ) ) ;
#1745 = FACE_OUTER_BOUND ( 'NONE', #1281, .T. ) ;
#1746 = CARTESIAN_POINT ( 'NONE',  ( -3.054126587736528897, -1.265060653844732652, -29.20725000000004812 ) ) ;
#1747 = CARTESIAN_POINT ( 'NONE',  ( -0.9633614586385803591, -2.323335588753994152, -32.76657842091859152 ) ) ;
#1748 = CARTESIAN_POINT ( 'NONE',  ( -2.350480947161671885, 8.483693107060629956E-16, -24.73850000000002325 ) ) ;
#1749 = VECTOR ( 'NONE', #3544, 1000.000000000000000 ) ;
#1750 = CARTESIAN_POINT ( 'NONE',  ( 0.000000000000000000, -3.015793744603263765E-16, -33.61350000000000193 ) ) ;
#1751 = EDGE_LOOP ( 'NONE', ( #1069, #1806, #559, #2248 ) ) ;
#1752 = CARTESIAN_POINT ( 'NONE',  ( 2.627074145248801784, -0.5780368915181690603, -32.58987553284761418 ) ) ;
#1753 = DIRECTION ( 'NONE',  ( 0.000000000000000000, -1.000000000000000000, 0.000000000000000000 ) ) ;
#1754 = CARTESIAN_POINT ( 'NONE',  ( -0.9736010864139229559, 2.350480947161671441, -24.92600000000002325 ) ) ;
#1755 = EDGE_LOOP ( 'NONE', ( #1219, #1687 ) ) ;
#1756 = ADVANCED_FACE ( 'NONE', ( #3420 ), #3177, .F. ) ;
#1757 = VERTEX_POINT ( 'NONE', #957 ) ;
#1758 = FACE_OUTER_BOUND ( 'NONE', #1751, .T. ) ;
#1759 = CARTESIAN_POINT ( 'NONE',  ( -2.159593620790630997, 2.159593620790630553, -24.45725000000001259 ) ) ;
#1760 = AXIS2_PLACEMENT_3D ( 'NONE', #842, #322, #1144 ) ;
#1761 = AXIS2_PLACEMENT_3D ( 'NONE', #2033, #1728, #641 ) ;
#1762 = CARTESIAN_POINT ( 'NONE',  ( -2.350480947161671885, 8.483693107060629956E-16, -24.73850000000002325 ) ) ;
#1763 = CARTESIAN_POINT ( 'NONE',  ( 2.350480947161671885, -7.333557197200833873E-16, -33.36350000000000193 ) ) ;
#1764 = CARTESIAN_POINT ( 'NONE',  ( 2.159593620790630553, -2.159593620790631441, -28.89475000000004101 ) ) ;
#1765 = CARTESIAN_POINT ( 'NONE',  ( 2.350480947161671885, -6.635754007129726310E-15, -30.36350000000001614 ) ) ;
#1766 = CYLINDRICAL_SURFACE ( 'NONE', #2763, 2.350480947161671885 ) ;
#1767 =( BOUNDED_CURVE ( )  B_SPLINE_CURVE ( 2, ( #1314, #1876, #1282, #752, #1328, #1486, #2614, #1779, #3159 ),
 .UNSPECIFIED., .F., .F. ) 
 B_SPLINE_CURVE_WITH_KNOTS ( ( 3, 2, 2, 2, 3 ),
 ( 0.3409090909090907728, 0.3522727272727271819, 0.3636363636363635909, 0.3750000000000000000, 0.3863636363636363535 ),
 .UNSPECIFIED. ) 
 CURVE ( )  GEOMETRIC_REPRESENTATION_ITEM ( )  RATIONAL_B_SPLINE_CURVE ( ( 1.000000000000000666, 0.9238795325112859613, 1.000000000000000000, 0.9238795325112867385, 1.000000000000000000, 0.9238795325112867385, 1.000000000000000000, 0.9238795325112867385, 1.000000000000000000 ) ) 
 REPRESENTATION_ITEM ( '' )  );
#1768 = CARTESIAN_POINT ( 'NONE',  ( 2.000000000000000000, 0.9760416760967109973, 33.52417056885873592 ) ) ;
#1769 = ORIENTED_EDGE ( 'NONE', *, *, #3034, .T. ) ;
#1770 = CARTESIAN_POINT ( 'NONE',  ( 0.000000000000000000, 2.446080652973600911E-34, 33.61350000000000193 ) ) ;
#1771 = CARTESIAN_POINT ( 'NONE',  ( 3.000000000000002220, -8.526704340766356772E-16, -27.73850000000004457 ) ) ;
#1772 = PLANE ( 'NONE',  #2112 ) ;
#1773 = VERTEX_POINT ( 'NONE', #976 ) ;
#1774 = CARTESIAN_POINT ( 'NONE',  ( 1.662041016787797698, 1.662041016787796588, -24.23850000000003035 ) ) ;
#1775 = CARTESIAN_POINT ( 'NONE',  ( -3.000000000000002220, 1.242640687119286103, -28.42600000000000904 ) ) ;
#1776 = EDGE_CURVE ( 'NONE', #194, #2039, #1647, .T. ) ;
#1777 = APPLICATION_CONTEXT ( 'configuration controlled 3d designs of mechanical parts and assemblies' ) ;
#1778 = ORIENTED_EDGE ( 'NONE', *, *, #2762, .F. ) ;
#1779 = CARTESIAN_POINT ( 'NONE',  ( -2.350480947161670553, 0.9736010864139258425, -29.92600000000001614 ) ) ;
#1780 = CARTESIAN_POINT ( 'NONE',  ( -3.740226349862368230E-16, -3.054126587736529341, -26.08225000000001259 ) ) ;
#1781 = DIRECTION ( 'NONE',  ( -0.000000000000000000, 8.971971810740515560E-18, 1.000000000000000000 ) ) ;
#1782 = CARTESIAN_POINT ( 'NONE',  ( 2.350480947161671441, 0.9736010864139230669, -31.30100000000000904 ) ) ;
#1783 = CARTESIAN_POINT ( 'NONE',  ( 3.054126587736528453, 1.265060653844733096, -28.70725000000004812 ) ) ;
#1784 = CARTESIAN_POINT ( 'NONE',  ( 3.000000000000002220, -8.526704340766356772E-16, -31.86350000000000193 ) ) ;
#1785 = CARTESIAN_POINT ( 'NONE',  ( 2.350480947161671885, -9.514262975528106448E-15, -25.23850000000002325 ) ) ;
#1786 = CARTESIAN_POINT ( 'NONE',  ( 0.000000000000000000, 3.000000000000001776, -28.61350000000000549 ) ) ;
#1787 = ORIENTED_EDGE ( 'NONE', *, *, #2221, .T. ) ;
#1788 = CARTESIAN_POINT ( 'NONE',  ( 0.3529052390426692387, 2.835468798490052844, -32.42200788200874939 ) ) ;
#1789 = CARTESIAN_POINT ( 'NONE',  ( 2.000000000000000000, -1.154700538379251684, 30.61350000000000549 ) ) ;
#1790 =( BOUNDED_CURVE ( )  B_SPLINE_CURVE ( 2, ( #3205, #2661, #459, #138, #2694, #168, #734, #2983, #1580 ),
 .UNSPECIFIED., .F., .T. ) 
 B_SPLINE_CURVE_WITH_KNOTS ( ( 3, 2, 2, 2, 3 ),
 ( 0.7499999999999998890, 0.7613636363636362425, 0.7727272727272727071, 0.7840909090909091717, 0.7954545454545455252 ),
 .UNSPECIFIED. ) 
 CURVE ( )  GEOMETRIC_REPRESENTATION_ITEM ( )  RATIONAL_B_SPLINE_CURVE ( ( 1.000000000000000666, 0.9238795325112859613, 1.000000000000000000, 0.9238795325112867385, 1.000000000000000000, 0.9238795325112867385, 1.000000000000000000, 0.9238795325112859613, 1.000000000000000666 ) ) 
 REPRESENTATION_ITEM ( '' )  );
#1791 = CARTESIAN_POINT ( 'NONE',  ( -2.350480947161671885, -1.576539260404073400E-16, -24.73850000000002325 ) ) ;
#1792 = VERTEX_POINT ( 'NONE', #1786 ) ;
#1793 = CARTESIAN_POINT ( 'NONE',  ( 3.054126587736528009, -1.265060653844735095, -32.83225000000003035 ) ) ;
#1794 = CARTESIAN_POINT ( 'NONE',  ( 3.000000000000001776, -1.242640687119288545, -26.80100000000004812 ) ) ;
#1795 = ORIENTED_EDGE ( 'NONE', *, *, #486, .F. ) ;
#1796 = EDGE_CURVE ( 'NONE', #1154, #2933, #2569, .T. ) ;
#1797 = CARTESIAN_POINT ( 'NONE',  ( -3.054126587736528897, -1.145680569672079404E-16, -24.33225000000001259 ) ) ;
#1798 = B_SPLINE_CURVE_WITH_KNOTS ( 'NONE', 3,
 ( #2626, #87, #380, #2899, #2027, #1208, #2973, #171, #2986, #1261, #3258, #726, #1296, #3478, #3533, #3208 ),
 .UNSPECIFIED., .F., .F.,
 ( 4, 2, 2, 2, 2, 2, 2, 4 ),
 ( 5.932832738485734464E-16, 0.0004858033734107479983, 0.0009716067468209027211, 0.001457410120231057444, 0.001943213493641212167, 0.002429016867051366890, 0.002914820240461521612, 0.003886426987281831058 ),
 .UNSPECIFIED. ) ;
#1799 = CARTESIAN_POINT ( 'NONE',  ( 0.000000000000000000, -2.058233259156977999E-15, 33.61350000000000193 ) ) ;
#1800 = CARTESIAN_POINT ( 'NONE',  ( 1.662041016787797698, 1.662041016787796588, -30.23850000000001614 ) ) ;
#1801 = CARTESIAN_POINT ( 'NONE',  ( -1.265060653844733096, -3.054126587736529341, -28.08225000000004101 ) ) ;
#1802 = CARTESIAN_POINT ( 'NONE',  ( 2.121320343559644606, 2.121320343559643273, -31.73850000000000193 ) ) ;
#1803 = LINE ( 'NONE', #686, #646 ) ;
#1804 = EDGE_CURVE ( 'NONE', #1910, #1930, #1413, .T. ) ;
#1805 = LINE ( 'NONE', #2094, #2296 ) ;
#1806 = ORIENTED_EDGE ( 'NONE', *, *, #349, .F. ) ;
#1807 = VECTOR ( 'NONE', #1132, 1000.000000000000000 ) ;
#1808 = DIRECTION ( 'NONE',  ( -0.000000000000000000, -0.000000000000000000, 1.000000000000000000 ) ) ;
#1809 = CARTESIAN_POINT ( 'NONE',  ( -2.542856835193183507, -1.591816294586539948, -32.27391400724996373 ) ) ;
#1810 = CARTESIAN_POINT ( 'NONE',  ( 0.000000000000000000, -8.673617379884035472E-16, 33.61350000000000193 ) ) ;
#1811 = ORIENTED_EDGE ( 'NONE', *, *, #3477, .T. ) ;
#1812 = CARTESIAN_POINT ( 'NONE',  ( -3.054126587736528897, 1.265060653844732652, -32.33225000000003035 ) ) ;
#1813 = CARTESIAN_POINT ( 'NONE',  ( -1.662041016787799919, -1.662041016787795034, -31.61350000000000904 ) ) ;
#1814 = VECTOR ( 'NONE', #483, 1000.000000000000000 ) ;
#1815 = EDGE_LOOP ( 'NONE', ( #21, #3516 ) ) ;
#1816 = CARTESIAN_POINT ( 'NONE',  ( -2.878508968398380237E-16, -2.350480947161672329, -33.48850000000000193 ) ) ;
#1817 = AXIS2_PLACEMENT_3D ( 'NONE', #3321, #3556, #2780 ) ;
#1818 = CARTESIAN_POINT ( 'NONE',  ( -3.673940397442062333E-16, -3.000000000000002665, -25.98850000000004812 ) ) ;
#1819 = CARTESIAN_POINT ( 'NONE',  ( -1.662041016787797476, -1.662041016787797476, -30.73850000000001259 ) ) ;
#1820 = AXIS2_PLACEMENT_3D ( 'NONE', #1089, #3368, #3076 ) ;
#1821 = CARTESIAN_POINT ( 'NONE',  ( -3.054126587736528897, -1.145680569672079404E-16, -24.26975000000005522 ) ) ;
#1822 = DIRECTION ( 'NONE',  ( -0.000000000000000000, 8.971971810740515560E-18, 1.000000000000000000 ) ) ;
#1823 = CARTESIAN_POINT ( 'NONE',  ( 0.000000000000000000, -2.576688650911801242E-15, -24.17261465700000400 ) ) ;
#1824 = EDGE_CURVE ( 'NONE', #176, #3393, #53, .T. ) ;
#1825 = DIRECTION ( 'NONE',  ( -0.000000000000000000, 8.971971810740515560E-18, 1.000000000000000000 ) ) ;
#1826 = ORIENTED_EDGE ( 'NONE', *, *, #1073, .F. ) ;
#1827 = CARTESIAN_POINT ( 'NONE',  ( 2.350480947161662559, -0.9736010864139346133, -28.42600000000001259 ) ) ;
#1828 = DIRECTION ( 'NONE',  ( 0.000000000000000000, 0.000000000000000000, 1.000000000000000000 ) ) ;
#1829 = AXIS2_PLACEMENT_3D ( 'NONE', #735, #1581, #2420 ) ;
#1830 = CARTESIAN_POINT ( 'NONE',  ( 2.350480947161684320, 0.9736010864139044152, -28.30100000000002325 ) ) ;
#1831 = ORIENTED_EDGE ( 'NONE', *, *, #2375, .T. ) ;
#1832 = CARTESIAN_POINT ( 'NONE',  ( 3.000000000000001776, 1.242640687119286547, -26.67600000000004812 ) ) ;
#1833 = VERTEX_POINT ( 'NONE', #2115 ) ;
#1834 = DIRECTION ( 'NONE',  ( 0.000000000000000000, -8.971971810740515560E-18, -1.000000000000000000 ) ) ;
#1835 = CARTESIAN_POINT ( 'NONE',  ( 1.662041016787797698, 1.662041016787796588, -31.23850000000001259 ) ) ;
#1836 = CARTESIAN_POINT ( 'NONE',  ( 1.242640687119278997, 3.000000000000009770, -31.67599999999999483 ) ) ;
#1837 = CARTESIAN_POINT ( 'NONE',  ( -3.054126587736528897, 1.265060653844732652, -30.39475000000000193 ) ) ;
#1838 = CARTESIAN_POINT ( 'NONE',  ( 2.429380347338575330, 0.2610401886701744223, -24.17261465700000755 ) ) ;
#1839 = ORIENTED_EDGE ( 'NONE', *, *, #755, .T. ) ;
#1840 = EDGE_CURVE ( 'NONE', #1238, #2749, #1805, .T. ) ;
#1841 = CARTESIAN_POINT ( 'NONE',  ( 3.000000000000001776, -1.242640687119288545, -30.80100000000003746 ) ) ;
#1842 = CARTESIAN_POINT ( 'NONE',  ( 0.5643101117206701378, -1.983596481850146809, 33.36437100616326035 ) ) ;
#1843 = DIRECTION ( 'NONE',  ( 0.000000000000000000, -1.000000000000000000, 0.000000000000000000 ) ) ;
#1844 = VERTEX_POINT ( 'NONE', #137 ) ;
#1845 = LINE ( 'NONE', #728, #363 ) ;
#1846 = CARTESIAN_POINT ( 'NONE',  ( -3.000000000000002220, -1.178823545882232598E-16, -28.36350000000000549 ) ) ;
#1847 = EDGE_LOOP ( 'NONE', ( #2623, #3530, #892, #1669 ) ) ;
#1848 = MANIFOLD_SOLID_BREP ( 'Combine1', #861 ) ;
#1849 = CARTESIAN_POINT ( 'NONE',  ( 0.000000000000000000, -3.000000000000006661, 33.61350000000000193 ) ) ;
#1850 = CARTESIAN_POINT ( 'NONE',  ( 1.662041016787797254, -1.662041016787797920, -29.48850000000001614 ) ) ;
#1851 = CARTESIAN_POINT ( 'NONE',  ( 3.032459382227486805E-16, -2.476191000000005360, -24.17261465700000400 ) ) ;
#1852 = CARTESIAN_POINT ( 'NONE',  ( -2.159593620790630997, 2.159593620790630553, -32.45725000000000193 ) ) ;
#1853 = CARTESIAN_POINT ( 'NONE',  ( 4.605614349437408379E-15, 2.350480947161671441, -26.11350000000002680 ) ) ;
#1854 = ORIENTED_EDGE ( 'NONE', *, *, #3367, .T. ) ;
#1855 = CARTESIAN_POINT ( 'NONE',  ( 0.9736010864139247323, -2.350480947161671441, -28.55100000000001970 ) ) ;
#1856 = LINE ( 'NONE', #3257, #1076 ) ;
#1857 =( BOUNDED_CURVE ( )  B_SPLINE_CURVE ( 2, ( #441, #974, #2691, #3217, #705, #456, #164, #1290, #3527 ),
 .UNSPECIFIED., .F., .F. ) 
 B_SPLINE_CURVE_WITH_KNOTS ( ( 3, 2, 2, 2, 3 ),
 ( 0.4090909090909091717, 0.4204545454545454142, 0.4318181818181816567, 0.4431818181818178992, 0.4545454545454541417 ),
 .UNSPECIFIED. ) 
 CURVE ( )  GEOMETRIC_REPRESENTATION_ITEM ( )  RATIONAL_B_SPLINE_CURVE ( ( 0.9999999999999996669, 0.9238795325112870716, 1.000000000000000000, 0.9238795325112867385, 1.000000000000000000, 0.9238795325112867385, 1.000000000000000000, 0.9238795325112892920, 0.9999999999999974465 ) ) 
 REPRESENTATION_ITEM ( '' )  );
#1858 = CARTESIAN_POINT ( 'NONE',  ( 0.9736010864139231780, 2.350480947161671441, -28.17600000000001970 ) ) ;
#1859 = ORIENTED_EDGE ( 'NONE', *, *, #2431, .F. ) ;
#1860 = CARTESIAN_POINT ( 'NONE',  ( -0.1650345423659610178, 2.869470269103898907, -32.40444373814523971 ) ) ;
#1861 = CARTESIAN_POINT ( 'NONE',  ( 0.9736010864139168497, -2.350480947161674994, -29.55100000000001970 ) ) ;
#1862 = EDGE_LOOP ( 'NONE', ( #1530, #307, #2233, #2903 ) ) ;
#1863 = ADVANCED_FACE ( 'NONE', ( #1256 ), #3221, .T. ) ;
#1864 = CARTESIAN_POINT ( 'NONE',  ( 0.000000000000000000, 6.174999999999994493, 33.61350000000000193 ) ) ;
#1865 = CARTESIAN_POINT ( 'NONE',  ( 1.662041016787797698, 1.662041016787796588, -26.23850000000002680 ) ) ;
#1866 = DATE_AND_TIME ( #1319, #2161 ) ;
#1867 = CARTESIAN_POINT ( 'NONE',  ( -2.159593620790630997, -2.159593620790630997, -31.20724999999999838 ) ) ;
#1868 = CC_DESIGN_APPROVAL ( #1037, ( #184 ) ) ;
#1869 = VECTOR ( 'NONE', #2247, 1000.000000000000000 ) ;
#1870 = CARTESIAN_POINT ( 'NONE',  ( 0.000000000000000000, 3.000000000000001776, -29.61350000000000549 ) ) ;
#1871 = LINE ( 'NONE', #139, #241 ) ;
#1872 = DIRECTION ( 'NONE',  ( -0.000000000000000000, 8.971971810740515560E-18, 1.000000000000000000 ) ) ;
#1873 = VECTOR ( 'NONE', #879, 1000.000000000000000 ) ;
#1874 = AXIS2_PLACEMENT_3D ( 'NONE', #2059, #1237, #3490 ) ;
#1875 = ORIENTED_EDGE ( 'NONE', *, *, #1153, .F. ) ;
#1876 = CARTESIAN_POINT ( 'NONE',  ( 2.350480947161679879, 0.9736010864139140741, -30.30100000000001970 ) ) ;
#1877 = DIRECTION ( 'NONE',  ( 0.000000000000000000, 1.000000000000000000, 0.000000000000000000 ) ) ;
#1878 = CIRCLE ( 'NONE', #1187, 3.999999999999998224 ) ;
#1879 = ORIENTED_EDGE ( 'NONE', *, *, #3220, .F. ) ;
#1880 = CARTESIAN_POINT ( 'NONE',  ( 1.265060653844732430, -3.054126587736530674, -26.95725000000004812 ) ) ;
#1881 = EDGE_CURVE ( 'NONE', #1363, #1115, #3462, .T. ) ;
#1882 = CARTESIAN_POINT ( 'NONE',  ( 4.898587196589416773E-16, 4.000000000000000888, -22.38650000000000517 ) ) ;
#1883 = CARTESIAN_POINT ( 'NONE',  ( 2.350480947161671441, -0.9736010864139245102, -28.42600000000001614 ) ) ;
#1884 = CALENDAR_DATE ( 2026, 24, 2 ) ;
#1885 = CARTESIAN_POINT ( 'NONE',  ( 3.054126587736528897, -8.626133269396815863E-16, -30.83225000000000193 ) ) ;
#1886 = CARTESIAN_POINT ( 'NONE',  ( -2.542856835193183507, -1.591816294586539948, -32.27391400724996373 ) ) ;
#1887 = CARTESIAN_POINT ( 'NONE',  ( 2.121320343559644606, 2.121320343559643273, -28.73850000000000193 ) ) ;
#1888 = FACE_OUTER_BOUND ( 'NONE', #399, .T. ) ;
#1889 = DIRECTION ( 'NONE',  ( 1.000000000000000000, 0.000000000000000000, 0.000000000000000000 ) ) ;
#1890 = CARTESIAN_POINT ( 'NONE',  ( -2.000000000000000000, -1.154700538379251906, 33.61350000000000193 ) ) ;
#1891 = ORIENTED_EDGE ( 'NONE', *, *, #985, .F. ) ;
#1892 = DIRECTION ( 'NONE',  ( 0.000000000000000000, -1.000000000000000000, 0.000000000000000000 ) ) ;
#1893 = CARTESIAN_POINT ( 'NONE',  ( 0.000000000000000000, -2.560663680558446674E-15, -22.38650000000000517 ) ) ;
#1894 = CARTESIAN_POINT ( 'NONE',  ( -1.662041016787797476, -1.662041016787797476, -28.61350000000001614 ) ) ;
#1895 = ORIENTED_EDGE ( 'NONE', *, *, #1010, .F. ) ;
#1896 = CARTESIAN_POINT ( 'NONE',  ( -2.159593620790630997, 2.159593620790630553, -27.39475000000004812 ) ) ;
#1897 =( BOUNDED_SURFACE ( )  B_SPLINE_SURFACE ( 1, 2, ( 
 ( #1610, #2726, #2415, #2398, #3016, #442, #1028, #457, #1320, #1308, #1291, #781, #200, #2761, #2430, #2444, #2981, #2160, #1852, #1577, #2461, #3541, #1009, #3507, #1274, #3284, #1337, #2184, #2741, #2710, #2144, #3267, #2692, #3557, #510, #2128, #745, #720, #1867, #2998, #1045, #1902, #765, #1628, #1885, #490, #216, #3577, #1063, #991, #165, #1837, #2114, #3612, #1099, #1711, #2241, #317, #1140, #240, #1375, #1158, #1394, #1961, #3341, #3128, #855, #2278, #818, #40, #874, #799, #3090, #1727, #277, #1414, #3394, #3322, #3052, #3107, #2835, #2540, #565, #1980, #1432, #583, #3380, #3070, #1356, #259, #2816, #1943, #1122, #531, #2000, #3360, #603, #2501, #2483, #3596, #2201, #1690, #549, #2518, #2259, #1921, #4, #2559, #295, #1083, #1653, #2781, #24, #1674, #2220, #2800, #837, #2598, #3160, #2087, #1780, #1198, #1249, #334, #2052, #2651, #640, #2615, #93, #1214, #2358, #352, #1506, #910, #2906, #2870, #3181, #1449, #2301, #3485, #3414, #2579, #968, #2319, #2377, #1177, #1759, #3213, #1797, #698, #387, #1522, #3198, #2853, #895, #56, #1468, #130, #2889, #2015, #372, #75, #3144, #3429, #2632, #622, #2032, #1743, #1489, #2339, #662, #3446, #110, #681, #1228, #3467, #930 ),
 ( #951, #2071, #2924, #403, #2944, #3231, #148, #424, #1816, #2670, #1269, #1541, #2392, #3501, #2107, #986, #243, #2544, #1632, #2785, #2561, #2802, #3363, #1103, #881, #2262, #43, #2224, #1436, #2281, #2204, #3325, #535, #1360, #2003, #3131, #1694, #2819, #1161, #3398, #1964, #2766, #2485, #803, #1677, #840, #1398, #568, #27, #1657, #3093, #9, #1142, #3111, #1945, #3600, #280, #1086, #2839, #300, #1714, #588, #1924, #3055, #1418, #3383, #320, #3615, #1983, #858, #262, #1378, #2504, #3345, #2522, #822, #3073, #552, #1125, #2244, #1013, #2492, #269, #522, #3606, #2235, #1894, #1093, #831, #2792, #1133, #3354, #1330, #1386, #3045, #2456, #2828, #3587, #1074, #1644, #576, #2512, #3313, #3372, #3569, #543, #2253, #2774, #2213, #3334, #811, #1953, #2474, #3622, #251, #1114, #1348, #1665, #1057, #775, #1970, #3026, #2175, #3100, #793, #848, #3297, #1366, #1702, #289, #503, #3081, #18, #1683, #1621, #2752, #231, #2193, #1913, #1935, #3063, #558, #2809, #1405, #2533, #1754, #2010, #1426, #1791, #2571, #51, #616, #3192, #2882, #2291, #2351, #2553, #3155, #104, #1739, #70, #1192, #2313, #3440, #1444, #2608, #3138, #364, #328, #633, #36, #3390, #945, #866, #1150, #2065, #3408 ) ),
 .UNSPECIFIED., .F., .F., .T. ) 
 B_SPLINE_SURFACE_WITH_KNOTS ( ( 2, 2 ),
 ( 3, 2, 2, 2, 2, 2, 2, 2, 2, 2, 2, 2, 2, 2, 2, 2, 2, 2, 2, 2, 2, 2, 2, 2, 2, 2, 2, 2, 2, 2, 2, 2, 2, 2, 2, 2, 2, 2, 2, 2, 2, 2, 2, 2, 2, 2, 2, 2, 2, 2, 2, 2, 2, 2, 2, 2, 2, 2, 2, 2, 2, 2, 2, 2, 2, 2, 2, 2, 2, 2, 2, 2, 2, 2, 2, 2, 2, 2, 2, 2, 2, 2, 2, 2, 2, 2, 2, 2, 3 ),
 ( 0.000000000000000000, 1.000000000000000000 ),
 ( 0.000000000000000000, 0.01136363636363636395, 0.02272727272727272790, 0.03409090909090908839, 0.04545454545454545581, 0.05681818181818181629, 0.06818181818181817677, 0.07954545454545454419, 0.09090909090909091161, 0.1022727272727272790, 0.1136363636363636326, 0.1250000000000000000, 0.1363636363636363535, 0.1477272727272727348, 0.1590909090909090884, 0.1704545454545454419, 0.1818181818181818232, 0.1931818181818181768, 0.2045454545454545581, 0.2159090909090909116, 0.2272727272727272652, 0.2386363636363636465, 0.2500000000000000000, 0.2613636363636363535, 0.2727272727272727071, 0.2840909090909091161, 0.2954545454545454697, 0.3068181818181818232, 0.3181818181818181768, 0.3295454545454545303, 0.3409090909090908839, 0.3522727272727272929, 0.3636363636363636465, 0.3750000000000000000, 0.3863636363636363535, 0.3977272727272727071, 0.4090909090909091161, 0.4204545454545454697, 0.4318181818181818232, 0.4431818181818181768, 0.4545454545454545303, 0.4659090909090908839, 0.4772727272727272929, 0.4886363636363636465, 0.5000000000000000000, 0.5113636363636363535, 0.5227272727272727071, 0.5340909090909090606, 0.5454545454545454142, 0.5568181818181817677, 0.5681818181818182323, 0.5795454545454545858, 0.5909090909090909394, 0.6022727272727272929, 0.6136363636363636465, 0.6250000000000000000, 0.6363636363636363535, 0.6477272727272727071, 0.6590909090909090606, 0.6704545454545454142, 0.6818181818181817677, 0.6931818181818182323, 0.7045454545454545858, 0.7159090909090909394, 0.7272727272727272929, 0.7386363636363636465, 0.7500000000000000000, 0.7613636363636363535, 0.7727272727272727071, 0.7840909090909090606, 0.7954545454545454142, 0.8068181818181817677, 0.8181818181818182323, 0.8295454545454545858, 0.8409090909090909394, 0.8522727272727272929, 0.8636363636363636465, 0.8750000000000000000, 0.8863636363636363535, 0.8977272727272727071, 0.9090909090909090606, 0.9204545454545454142, 0.9318181818181817677, 0.9431818181818182323, 0.9545454545454545858, 0.9659090909090909394, 0.9772727272727272929, 0.9886363636363636465, 1.000000000000000000 ),
 .UNSPECIFIED. ) 
 GEOMETRIC_REPRESENTATION_ITEM ( )  RATIONAL_B_SPLINE_SURFACE ( (
 ( 1.000000000000000000, 0.9238795325112867385, 1.000000000000000000, 0.9238795325112867385, 1.000000000000000000, 0.9238795325112867385, 1.000000000000000000, 0.9238795325112867385, 1.000000000000000000, 0.9238795325112867385, 1.000000000000000000, 0.9238795325112867385, 1.000000000000000000, 0.9238795325112867385, 1.000000000000000000, 0.9238795325112867385, 1.000000000000000000, 0.9238795325112867385, 1.000000000000000000, 0.9238795325112867385, 1.000000000000000000, 0.9238795325112867385, 1.000000000000000000, 0.9238795325112867385, 1.000000000000000000, 0.9238795325112867385, 1.000000000000000000, 0.9238795325112867385, 1.000000000000000000, 0.9238795325112867385, 1.000000000000000000, 0.9238795325112867385, 1.000000000000000000, 0.9238795325112867385, 1.000000000000000000, 0.9238795325112867385, 1.000000000000000000, 0.9238795325112867385, 1.000000000000000000, 0.9238795325112867385, 1.000000000000000000, 0.9238795325112867385, 1.000000000000000000, 0.9238795325112867385, 1.000000000000000000, 0.9238795325112867385, 1.000000000000000000, 0.9238795325112867385, 1.000000000000000000, 0.9238795325112867385, 1.000000000000000000, 0.9238795325112867385, 1.000000000000000000, 0.9238795325112867385, 1.000000000000000000, 0.9238795325112867385, 1.000000000000000000, 0.9238795325112867385, 1.000000000000000000, 0.9238795325112867385, 1.000000000000000000, 0.9238795325112867385, 1.000000000000000000, 0.9238795325112867385, 1.000000000000000000, 0.9238795325112867385, 1.000000000000000000, 0.9238795325112867385, 1.000000000000000000, 0.9238795325112867385, 1.000000000000000000, 0.9238795325112867385, 1.000000000000000000, 0.9238795325112867385, 1.000000000000000000, 0.9238795325112867385, 1.000000000000000000, 0.9238795325112867385, 1.000000000000000000, 0.9238795325112867385, 1.000000000000000000, 0.9238795325112867385, 1.000000000000000000, 0.9238795325112867385, 1.000000000000000000, 0.9238795325112867385, 1.000000000000000000, 0.9238795325112867385, 1.000000000000000000, 0.9238795325112867385, 1.000000000000000000, 0.9238795325112867385, 1.000000000000000000, 0.9238795325112867385, 1.000000000000000000, 0.9238795325112867385, 1.000000000000000000, 0.9238795325112867385, 1.000000000000000000, 0.9238795325112867385, 1.000000000000000000, 0.9238795325112867385, 1.000000000000000000, 0.9238795325112867385, 1.000000000000000000, 0.9238795325112867385, 1.000000000000000000, 0.9238795325112867385, 1.000000000000000000, 0.9238795325112867385, 1.000000000000000000, 0.9238795325112867385, 1.000000000000000000, 0.9238795325112867385, 1.000000000000000000, 0.9238795325112867385, 1.000000000000000000, 0.9238795325112867385, 1.000000000000000000, 0.9238795325112867385, 1.000000000000000000, 0.9238795325112867385, 1.000000000000000000, 0.9238795325112867385, 1.000000000000000000, 0.9238795325112867385, 1.000000000000000000, 0.9238795325112867385, 1.000000000000000000, 0.9238795325112867385, 1.000000000000000000, 0.9238795325112867385, 1.000000000000000000, 0.9238795325112867385, 1.000000000000000000, 0.9238795325112867385, 1.000000000000000000, 0.9238795325112867385, 1.000000000000000000, 0.9238795325112867385, 1.000000000000000000, 0.9238795325112867385, 1.000000000000000000, 0.9238795325112867385, 1.000000000000000000, 0.9238795325112867385, 1.000000000000000000, 0.9238795325112867385, 1.000000000000000000, 0.9238795325112867385, 1.000000000000000000, 0.9238795325112867385, 1.000000000000000000, 0.9238795325112867385, 1.000000000000000000, 0.9238795325112867385, 1.000000000000000000, 0.9238795325112867385, 1.000000000000000000, 0.9238795325112867385, 1.000000000000000000, 0.9238795325112867385, 1.000000000000000000, 0.9238795325112867385, 1.000000000000000000, 0.9238795325112867385, 1.000000000000000000, 0.9238795325112867385, 1.000000000000000000, 0.9238795325112867385, 1.000000000000000000, 0.9238795325112867385, 1.000000000000000000, 0.9238795325112867385, 1.000000000000000000, 0.9238795325112867385, 1.000000000000000000),
 ( 1.000000000000000000, 0.9238795325112867385, 1.000000000000000000, 0.9238795325112867385, 1.000000000000000000, 0.9238795325112867385, 1.000000000000000000, 0.9238795325112867385, 1.000000000000000000, 0.9238795325112867385, 1.000000000000000000, 0.9238795325112867385, 1.000000000000000000, 0.9238795325112867385, 1.000000000000000000, 0.9238795325112867385, 1.000000000000000000, 0.9238795325112867385, 1.000000000000000000, 0.9238795325112867385, 1.000000000000000000, 0.9238795325112867385, 1.000000000000000000, 0.9238795325112867385, 1.000000000000000000, 0.9238795325112867385, 1.000000000000000000, 0.9238795325112867385, 1.000000000000000000, 0.9238795325112867385, 1.000000000000000000, 0.9238795325112867385, 1.000000000000000000, 0.9238795325112867385, 1.000000000000000000, 0.9238795325112867385, 1.000000000000000000, 0.9238795325112867385, 1.000000000000000000, 0.9238795325112867385, 1.000000000000000000, 0.9238795325112867385, 1.000000000000000000, 0.9238795325112867385, 1.000000000000000000, 0.9238795325112867385, 1.000000000000000000, 0.9238795325112867385, 1.000000000000000000, 0.9238795325112867385, 1.000000000000000000, 0.9238795325112867385, 1.000000000000000000, 0.9238795325112867385, 1.000000000000000000, 0.9238795325112867385, 1.000000000000000000, 0.9238795325112867385, 1.000000000000000000, 0.9238795325112867385, 1.000000000000000000, 0.9238795325112867385, 1.000000000000000000, 0.9238795325112867385, 1.000000000000000000, 0.9238795325112867385, 1.000000000000000000, 0.9238795325112867385, 1.000000000000000000, 0.9238795325112867385, 1.000000000000000000, 0.9238795325112867385, 1.000000000000000000, 0.9238795325112867385, 1.000000000000000000, 0.9238795325112867385, 1.000000000000000000, 0.9238795325112867385, 1.000000000000000000, 0.9238795325112867385, 1.000000000000000000, 0.9238795325112867385, 1.000000000000000000, 0.9238795325112867385, 1.000000000000000000, 0.9238795325112867385, 1.000000000000000000, 0.9238795325112867385, 1.000000000000000000, 0.9238795325112867385, 1.000000000000000000, 0.9238795325112867385, 1.000000000000000000, 0.9238795325112867385, 1.000000000000000000, 0.9238795325112867385, 1.000000000000000000, 0.9238795325112867385, 1.000000000000000000, 0.9238795325112867385, 1.000000000000000000, 0.9238795325112867385, 1.000000000000000000, 0.9238795325112867385, 1.000000000000000000, 0.9238795325112867385, 1.000000000000000000, 0.9238795325112867385, 1.000000000000000000, 0.9238795325112867385, 1.000000000000000000, 0.9238795325112867385, 1.000000000000000000, 0.9238795325112867385, 1.000000000000000000, 0.9238795325112867385, 1.000000000000000000, 0.9238795325112867385, 1.000000000000000000, 0.9238795325112867385, 1.000000000000000000, 0.9238795325112867385, 1.000000000000000000, 0.9238795325112867385, 1.000000000000000000, 0.9238795325112867385, 1.000000000000000000, 0.9238795325112867385, 1.000000000000000000, 0.9238795325112867385, 1.000000000000000000, 0.9238795325112867385, 1.000000000000000000, 0.9238795325112867385, 1.000000000000000000, 0.9238795325112867385, 1.000000000000000000, 0.9238795325112867385, 1.000000000000000000, 0.9238795325112867385, 1.000000000000000000, 0.9238795325112867385, 1.000000000000000000, 0.9238795325112867385, 1.000000000000000000, 0.9238795325112867385, 1.000000000000000000, 0.9238795325112867385, 1.000000000000000000, 0.9238795325112867385, 1.000000000000000000, 0.9238795325112867385, 1.000000000000000000, 0.9238795325112867385, 1.000000000000000000, 0.9238795325112867385, 1.000000000000000000, 0.9238795325112867385, 1.000000000000000000, 0.9238795325112867385, 1.000000000000000000, 0.9238795325112867385, 1.000000000000000000, 0.9238795325112867385, 1.000000000000000000, 0.9238795325112867385, 1.000000000000000000, 0.9238795325112867385, 1.000000000000000000, 0.9238795325112867385, 1.000000000000000000, 0.9238795325112867385, 1.000000000000000000, 0.9238795325112867385, 1.000000000000000000, 0.9238795325112867385, 1.000000000000000000) ) ) 
 REPRESENTATION_ITEM ( '' )  SURFACE ( )  );
#1898 = EDGE_CURVE ( 'NONE', #562, #2595, #153, .T. ) ;
#1899 = CARTESIAN_POINT ( 'NONE',  ( -0.9736010864139172938, 2.350480947161673662, -29.92600000000001614 ) ) ;
#1900 = CARTESIAN_POINT ( 'NONE',  ( 2.350480947161671441, 0.9736010864139230669, -27.30100000000002325 ) ) ;
#1901 = CARTESIAN_POINT ( 'NONE',  ( 0.000000000000000000, 0.000000000000000000, 0.000000000000000000 ) ) ;
#1902 = CARTESIAN_POINT ( 'NONE',  ( 1.265060653844732430, -3.054126587736530674, -31.01975000000000193 ) ) ;
#1903 = ADVANCED_FACE ( 'NONE', ( #3239 ), #721, .T. ) ;
#1904 = CARTESIAN_POINT ( 'NONE',  ( 1.662041016787795478, 1.662041016787798808, -27.11350000000001970 ) ) ;
#1905 = CARTESIAN_POINT ( 'NONE',  ( 1.662041016787795478, -1.662041016787799252, -26.36350000000002325 ) ) ;
#1906 = CC_DESIGN_PERSON_AND_ORGANIZATION_ASSIGNMENT ( #3576, #1355, ( #2109 ) ) ;
#1907 = ADVANCED_FACE ( 'NONE', ( #1012 ), #3529, .T. ) ;
#1908 = FACE_OUTER_BOUND ( 'NONE', #3570, .T. ) ;
#1909 = CARTESIAN_POINT ( 'NONE',  ( 0.000000000000000000, -3.015793744603263765E-16, -33.61350000000000193 ) ) ;
#1910 = VERTEX_POINT ( 'NONE', #1064 ) ;
#1911 = CARTESIAN_POINT ( 'NONE',  ( 0.000000000000000000, 3.000000000000001776, -30.61350000000000193 ) ) ;
#1912 = CARTESIAN_POINT ( 'NONE',  ( 2.350480947161681211, -0.9736010864139158505, -29.42600000000001614 ) ) ;
#1913 = CARTESIAN_POINT ( 'NONE',  ( 1.662041016787797254, -1.662041016787797920, -25.36350000000002325 ) ) ;
#1914 = VERTEX_POINT ( 'NONE', #1655 ) ;
#1915 = CARTESIAN_POINT ( 'NONE',  ( -1.265060653844732652, 3.054126587736528453, -25.45725000000004812 ) ) ;
#1916 = VECTOR ( 'NONE', #2289, 1000.000000000000000 ) ;
#1917 = EDGE_LOOP ( 'NONE', ( #851, #2554, #2789, #2423 ) ) ;
#1918 = CARTESIAN_POINT ( 'NONE',  ( 0.000000000000000000, -2.661392008077630457E-15, -33.61350000000000193 ) ) ;
#1919 = CARTESIAN_POINT ( 'NONE',  ( 2.350480947161671441, 0.9736010864139230669, -26.30100000000001970 ) ) ;
#1920 =( BOUNDED_CURVE ( )  B_SPLINE_CURVE ( 2, ( #435, #2645, #1280, #1000, #2404, #123, #1244, #2371, #3515 ),
 .UNSPECIFIED., .F., .T. ) 
 B_SPLINE_CURVE_WITH_KNOTS ( ( 3, 2, 2, 2, 3 ),
 ( 0.3863636363636363535, 0.3977272727272727626, 0.4090909090909091717, 0.4204545454545455807, 0.4318181818181819898 ),
 .UNSPECIFIED. ) 
 CURVE ( )  GEOMETRIC_REPRESENTATION_ITEM ( )  RATIONAL_B_SPLINE_CURVE ( ( 1.000000000000000000, 0.9238795325112867385, 1.000000000000000000, 0.9238795325112867385, 1.000000000000000000, 0.9238795325112867385, 1.000000000000000000, 0.9238795325112856283, 1.000000000000001110 ) ) 
 REPRESENTATION_ITEM ( '' )  );
#1921 = CARTESIAN_POINT ( 'NONE',  ( 1.265060653844732430, -3.054126587736530674, -27.01975000000001614 ) ) ;
#1922 = LINE ( 'NONE', #3323, #1584 ) ;
#1923 = CARTESIAN_POINT ( 'NONE',  ( -1.662041016787789038, 1.662041016787805248, -24.98850000000002325 ) ) ;
#1924 = CARTESIAN_POINT ( 'NONE',  ( 1.662041016787797698, 1.662041016787796588, -30.11350000000001614 ) ) ;
#1925 = CARTESIAN_POINT ( 'NONE',  ( 0.000000000000000000, -2.058233259156977999E-15, 33.61350000000000193 ) ) ;
#1926 = CARTESIAN_POINT ( 'NONE',  ( -3.673940397442062333E-16, -3.000000000000002665, -30.11350000000000193 ) ) ;
#1927 = EDGE_CURVE ( 'NONE', #3427, #676, #418, .T. ) ;
#1928 = EDGE_CURVE ( 'NONE', #3465, #2595, #1181, .T. ) ;
#1929 = CARTESIAN_POINT ( 'NONE',  ( 2.350480947161661227, 0.9736010864139317267, -29.30100000000001970 ) ) ;
#1930 = VERTEX_POINT ( 'NONE', #2484 ) ;
#1931 = SECURITY_CLASSIFICATION ( '', '', #2482 ) ;
#1932 = DIRECTION ( 'NONE',  ( 1.000000000000000000, 0.000000000000000000, 0.000000000000000000 ) ) ;
#1933 = CARTESIAN_POINT ( 'NONE',  ( 0.000000000000000000, -3.000000000000006661, 33.61350000000000193 ) ) ;
#1934 = AXIS2_PLACEMENT_3D ( 'NONE', #2693, #167, #1292 ) ;
#1935 = CARTESIAN_POINT ( 'NONE',  ( 2.350480947161671441, -0.9736010864139245102, -25.30100000000002325 ) ) ;
#1936 = ORIENTED_EDGE ( 'NONE', *, *, #141, .F. ) ;
#1937 = CARTESIAN_POINT ( 'NONE',  ( 1.265060653844735095, 3.054126587736527565, -24.58225000000005522 ) ) ;
#1938 = VECTOR ( 'NONE', #3554, 1000.000000000000000 ) ;
#1939 = EDGE_LOOP ( 'NONE', ( #1022, #71, #2771, #2457, #73, #54, #674 ) ) ;
#1940 = CARTESIAN_POINT ( 'NONE',  ( 1.242640687119295206, -2.999999999999994227, -28.92600000000004457 ) ) ;
#1941 = CARTESIAN_POINT ( 'NONE',  ( 0.000000000000000000, 2.350480947161671441, -26.11350000000002680 ) ) ;
#1942 = CARTESIAN_POINT ( 'NONE',  ( -2.121320343559644606, 2.121320343559644162, -25.48850000000001614 ) ) ;
#1943 = CARTESIAN_POINT ( 'NONE',  ( 3.054126587736528009, -1.265060653844735095, -27.89475000000000549 ) ) ;
#1944 = CARTESIAN_POINT ( 'NONE',  ( 3.000000000000002220, -8.526704340766356772E-16, -28.86350000000000549 ) ) ;
#1945 = CARTESIAN_POINT ( 'NONE',  ( -1.662041016787797476, -1.662041016787797476, -30.61350000000001259 ) ) ;
#1946 = FACE_OUTER_BOUND ( 'NONE', #3425, .T. ) ;
#1947 = CARTESIAN_POINT ( 'NONE',  ( 2.121320343559644162, -2.121320343559645050, -29.98850000000000193 ) ) ;
#1948 = EDGE_CURVE ( 'NONE', #843, #2961, #1554, .T. ) ;
#1949 = CARTESIAN_POINT ( 'NONE',  ( 0.000000000000000000, 3.000000000000001776, -26.48850000000004812 ) ) ;
#1950 = ORIENTED_EDGE ( 'NONE', *, *, #3262, .F. ) ;
#1951 = CARTESIAN_POINT ( 'NONE',  ( -2.121320343559644606, -2.121320343559644606, -30.23850000000000193 ) ) ;
#1952 = DIRECTION ( 'NONE',  ( 1.000000000000000000, 0.000000000000000000, 0.000000000000000000 ) ) ;
#1953 = CARTESIAN_POINT ( 'NONE',  ( 0.9736010864139245102, 2.350480947161670997, -27.05100000000001970 ) ) ;
#1954 = ORIENTED_EDGE ( 'NONE', *, *, #2320, .F. ) ;
#1955 = CARTESIAN_POINT ( 'NONE',  ( 0.000000000000000000, 2.476191000000000031, -24.17261465700000400 ) ) ;
#1956 = ADVANCED_FACE ( 'NONE', ( #3613 ), #260, .T. ) ;
#1957 = ORIENTED_EDGE ( 'NONE', *, *, #2375, .F. ) ;
#1958 = CARTESIAN_POINT ( 'NONE',  ( 4.608524153823333725E-15, -2.350480947161672329, -27.61350000000001970 ) ) ;
#1959 = CARTESIAN_POINT ( 'NONE',  ( -3.054126587736528897, 1.265060653844732652, -34.33225000000003035 ) ) ;
#1960 = DATE_AND_TIME ( #2558, #3519 ) ;
#1961 = CARTESIAN_POINT ( 'NONE',  ( 1.265060653844735095, 3.054126587736527565, -29.64475000000000549 ) ) ;
#1962 = FACE_OUTER_BOUND ( 'NONE', #1497, .T. ) ;
#1963 = CARTESIAN_POINT ( 'NONE',  ( -1.662041016787797476, -1.662041016787797476, -33.73850000000000193 ) ) ;
#1964 = CARTESIAN_POINT ( 'NONE',  ( -2.878508968398380237E-16, -2.350480947161672329, -31.48850000000000904 ) ) ;
#1965 = CARTESIAN_POINT ( 'NONE',  ( 2.350480947161671885, -1.008996476920778279E-14, -24.23850000000002680 ) ) ;
#1966 = CARTESIAN_POINT ( 'NONE',  ( -2.707743441474055324, -0.5998531010627707882, -24.46378563622144853 ) ) ;
#1967 = DIRECTION ( 'NONE',  ( -0.000000000000000000, -0.000000000000000000, 1.000000000000000000 ) ) ;
#1968 = EDGE_LOOP ( 'NONE', ( #2236, #1090, #314, #484 ) ) ;
#1969 = DIRECTION ( 'NONE',  ( -0.000000000000000000, 8.971971810740515560E-18, 1.000000000000000000 ) ) ;
#1970 = CARTESIAN_POINT ( 'NONE',  ( -2.878508968398380237E-16, -2.350480947161672329, -26.48850000000002325 ) ) ;
#1971 = ORIENTED_EDGE ( 'NONE', *, *, #1824, .F. ) ;
#1972 = CARTESIAN_POINT ( 'NONE',  ( 3.054126587736528009, -1.265060653844735095, -23.83225000000005522 ) ) ;
#1973 = B_SPLINE_CURVE_WITH_KNOTS ( 'NONE', 3,
 ( #3137, #575, #3120, #906, #615, #2863, #344, #3154, #1459, #2588, #2349, #1550, #2402, #2330, #1499, #2679, #2625, #1809 ),
 .UNSPECIFIED., .F., .F.,
 ( 4, 2, 2, 2, 2, 2, 2, 2, 4 ),
 ( 2.135630605041629257E-17, 0.0005840038889196161234, 0.001168007777839210779, 0.001752011666758805652, 0.002336015555678400309, 0.002920019444597994965, 0.003504023333517590055, 0.004088027222437185144, 0.004672031111356779801 ),
 .UNSPECIFIED. ) ;
#1974 = EDGE_CURVE ( 'NONE', #676, #1844, #2145, .T. ) ;
#1975 = ORIENTED_EDGE ( 'NONE', *, *, #159, .F. ) ;
#1976 =( BOUNDED_CURVE ( )  B_SPLINE_CURVE ( 2, ( #2210, #2529, #1951, #226, #2490, #557, #1091, #1618, #1424 ),
 .UNSPECIFIED., .F., .F. ) 
 B_SPLINE_CURVE_WITH_KNOTS ( ( 3, 2, 2, 2, 3 ),
 ( 0.6818181818181818787, 0.6931818181818181213, 0.7045454545454545858, 0.7159090909090909394, 0.7272727272727274039 ),
 .UNSPECIFIED. ) 
 CURVE ( )  GEOMETRIC_REPRESENTATION_ITEM ( )  RATIONAL_B_SPLINE_CURVE ( ( 1.000000000000000000, 0.9238795325112867385, 1.000000000000000000, 0.9238795325112867385, 1.000000000000000000, 0.9238795325112867385, 1.000000000000000000, 0.9238795325112859613, 1.000000000000000666 ) ) 
 REPRESENTATION_ITEM ( '' )  );
#1977 = LINE ( 'NONE', #3413, #532 ) ;
#1978 = CARTESIAN_POINT ( 'NONE',  ( 2.350480947161671885, -7.333557197200833873E-16, -23.36350000000003035 ) ) ;
#1979 = DATE_AND_TIME ( #1467, #2355 ) ;
#1980 = CARTESIAN_POINT ( 'NONE',  ( -3.054126587736528897, 1.265060653844732652, -28.39475000000000549 ) ) ;
#1981 = EDGE_CURVE ( 'NONE', #1410, #402, #2312, .T. ) ;
#1982 = FACE_OUTER_BOUND ( 'NONE', #2936, .T. ) ;
#1983 = CARTESIAN_POINT ( 'NONE',  ( -2.350480947161671885, -1.576539260404073400E-16, -29.73850000000001614 ) ) ;
#1984 = LINE ( 'NONE', #3112, #1243 ) ;
#1985 = CARTESIAN_POINT ( 'NONE',  ( -2.411683836954397808, 1.522451872542825546, -24.54259132479006311 ) ) ;
#1986 = CYLINDRICAL_SURFACE ( 'NONE', #2708, 2.350480947161671885 ) ;
#1987 = VERTEX_POINT ( 'NONE', #2742 ) ;
#1988 = CARTESIAN_POINT ( 'NONE',  ( 1.207613622514326579, -2.304845414381225144, -32.67798053421529403 ) ) ;
#1989 = DIRECTION ( 'NONE',  ( -0.000000000000000000, 8.971971810740515560E-18, 1.000000000000000000 ) ) ;
#1990 = DIRECTION ( 'NONE',  ( -0.000000000000000000, 8.971971810740515560E-18, 1.000000000000000000 ) ) ;
#1991 = VECTOR ( 'NONE', #282, 1000.000000000000000 ) ;
#1992 = EDGE_LOOP ( 'NONE', ( #65, #360, #2572, #2591 ) ) ;
#1993 = LINE ( 'NONE', #1955, #1104 ) ;
#1994 = CIRCLE ( 'NONE', #1180, 3.807000000000002604 ) ;
#1995 = ORIENTED_EDGE ( 'NONE', *, *, #2905, .F. ) ;
#1996 = EDGE_CURVE ( 'NONE', #3568, #1367, #1612, .T. ) ;
#1997 = CARTESIAN_POINT ( 'NONE',  ( -3.673940397442062333E-16, -3.000000000000002665, -29.98850000000003746 ) ) ;
#1998 = AXIS2_PLACEMENT_3D ( 'NONE', #2230, #2807, #1051 ) ;
#1999 = APPROVAL_DATE_TIME ( #1979, #2476 ) ;
#2000 = CARTESIAN_POINT ( 'NONE',  ( 2.159593620790630997, 2.159593620790629664, -27.70725000000000904 ) ) ;
#2001 = LINE ( 'NONE', #3129, #941 ) ;
#2002 = CARTESIAN_POINT ( 'NONE',  ( -2.350480947161673217, 0.9736010864139228449, -31.92600000000000904 ) ) ;
#2003 = CARTESIAN_POINT ( 'NONE',  ( -1.662041016787797476, 1.662041016787797254, -31.86350000000000904 ) ) ;
#2004 = CARTESIAN_POINT ( 'NONE',  ( 0.000000000000000000, 3.000000000000001776, -31.48850000000003035 ) ) ;
#2005 = CARTESIAN_POINT ( 'NONE',  ( -0.3668176595524431649, -2.624817464133381240, -24.34044252444755330 ) ) ;
#2006 = CARTESIAN_POINT ( 'NONE',  ( -1.662041016787801695, -1.662041016787793035, -26.73850000000002325 ) ) ;
#2007 = ORIENTED_EDGE ( 'NONE', *, *, #3412, .F. ) ;
#2008 = CARTESIAN_POINT ( 'NONE',  ( 2.629461852434031854, 0.8351166015704482026, -32.53764325930234946 ) ) ;
#2009 = CARTESIAN_POINT ( 'NONE',  ( 4.662230364353977511E-16, 3.807000000000000384, 25.12350000000001060 ) ) ;
#2010 = CARTESIAN_POINT ( 'NONE',  ( -1.662041016787797476, 1.662041016787797254, -24.86350000000002325 ) ) ;
#2011 = ORIENTED_EDGE ( 'NONE', *, *, #2350, .T. ) ;
#2012 = CARTESIAN_POINT ( 'NONE',  ( 1.727105381039028043E-15, 2.350480947161671441, -31.11350000000001259 ) ) ;
#2013 = ORIENTED_EDGE ( 'NONE', *, *, #830, .T. ) ;
#2014 = CARTESIAN_POINT ( 'NONE',  ( 3.000000000000001776, -1.242640687119288545, -28.80100000000004101 ) ) ;
#2015 = CARTESIAN_POINT ( 'NONE',  ( 1.265060653844735095, 3.054126587736527565, -23.64475000000001970 ) ) ;
#2016 = LINE ( 'NONE', #3109, #3232 ) ;
#2017 = DIRECTION ( 'NONE',  ( 0.000000000000000000, -8.971971810740515560E-18, -1.000000000000000000 ) ) ;
#2018 = CARTESIAN_POINT ( 'NONE',  ( -3.054126587736528897, -1.265060653844732652, -28.20725000000004812 ) ) ;
#2019 = CARTESIAN_POINT ( 'NONE',  ( -1.242640687119295873, -2.999999999999993783, -27.17600000000000904 ) ) ;
#2020 = CARTESIAN_POINT ( 'NONE',  ( 1.662041016787796366, 1.662041016787797920, -25.11350000000002325 ) ) ;
#2021 =( BOUNDED_CURVE ( )  B_SPLINE_CURVE ( 2, ( #3124, #3410, #3084, #1463, #3392, #291, #90, #600, #3374 ),
 .UNSPECIFIED., .F., .T. ) 
 B_SPLINE_CURVE_WITH_KNOTS ( ( 3, 2, 2, 2, 3 ),
 ( 0.2727272727272729846, 0.2840909090909092827, 0.2954545454545455807, 0.3068181818181818787, 0.3181818181818182878 ),
 .UNSPECIFIED. ) 
 CURVE ( )  GEOMETRIC_REPRESENTATION_ITEM ( )  RATIONAL_B_SPLINE_CURVE ( ( 0.9999999999999981126, 0.9238795325112886259, 1.000000000000000000, 0.9238795325112867385, 1.000000000000000000, 0.9238795325112867385, 1.000000000000000000, 0.9238795325112864054, 1.000000000000000444 ) ) 
 REPRESENTATION_ITEM ( '' )  );
#2022 = EDGE_CURVE ( 'NONE', #285, #2900, #1922, .T. ) ;
#2023 = DIRECTION ( 'NONE',  ( 1.000000000000000000, 0.000000000000000000, 0.000000000000000000 ) ) ;
#2024 = ORIENTED_EDGE ( 'NONE', *, *, #2320, .T. ) ;
#2025 = CARTESIAN_POINT ( 'NONE',  ( 1.242640687119257903, -3.000000000000031530, -25.92600000000005167 ) ) ;
#2026 = LINE ( 'NONE', #2826, #1807 ) ;
#2027 = CARTESIAN_POINT ( 'NONE',  ( 2.344366786296521177, -0.9092208674313693173, -24.20565466688413636 ) ) ;
#2028 = ORIENTED_EDGE ( 'NONE', *, *, #737, .T. ) ;
#2029 = CARTESIAN_POINT ( 'NONE',  ( -3.000000000000002220, -1.242640687119286103, -26.30100000000001614 ) ) ;
#2030 = VERTEX_POINT ( 'NONE', #2163 ) ;
#2031 = CARTESIAN_POINT ( 'NONE',  ( -2.825605065828777462, 0.9874879508058762578, -32.28522039175447844 ) ) ;
#2032 = CARTESIAN_POINT ( 'NONE',  ( -2.159593620790630997, -2.159593620790630997, -23.20725000000001970 ) ) ;
#2033 = CARTESIAN_POINT ( 'NONE',  ( 0.000000000000000000, -2.058233259156977999E-15, 33.61350000000000193 ) ) ;
#2034 = CARTESIAN_POINT ( 'NONE',  ( -2.350480947161664336, 0.4483661748051168683, -32.89228271842171836 ) ) ;
#2035 = CARTESIAN_POINT ( 'NONE',  ( -3.054126587736528897, 1.265060653844732652, -30.33225000000003746 ) ) ;
#2036 = CARTESIAN_POINT ( 'NONE',  ( -2.398485445413508277, -0.1024637871385474380, -32.88141097426301940 ) ) ;
#2037 = CARTESIAN_POINT ( 'NONE',  ( 0.000000000000000000, -3.015793744603263765E-16, -33.61350000000000193 ) ) ;
#2038 = DIRECTION ( 'NONE',  ( -0.000000000000000000, 8.971971810740515560E-18, 1.000000000000000000 ) ) ;
#2039 = VERTEX_POINT ( 'NONE', #1870 ) ;
#2040 = ADVANCED_FACE ( 'NONE', ( #3288 ), #1001, .F. ) ;
#2041 = FACE_OUTER_BOUND ( 'NONE', #1023, .T. ) ;
#2042 = DIRECTION ( 'NONE',  ( 0.000000000000000000, -1.000000000000000000, 0.000000000000000000 ) ) ;
#2043 =( BOUNDED_CURVE ( )  B_SPLINE_CURVE ( 2, ( #2573, #1408, #366, #2029, #850, #560, #868, #635, #1483 ),
 .UNSPECIFIED., .F., .T. ) 
 B_SPLINE_CURVE_WITH_KNOTS ( ( 3, 2, 2, 2, 3 ),
 ( 0.3181818181818182878, 0.3295454545454545858, 0.3409090909090909394, 0.3522727272727272929, 0.3636363636363635909 ),
 .UNSPECIFIED. ) 
 CURVE ( )  GEOMETRIC_REPRESENTATION_ITEM ( )  RATIONAL_B_SPLINE_CURVE ( ( 0.9999999999999996669, 0.9238795325112870716, 1.000000000000000000, 0.9238795325112867385, 1.000000000000000000, 0.9238795325112867385, 1.000000000000000000, 0.9238795325112870716, 0.9999999999999996669 ) ) 
 REPRESENTATION_ITEM ( '' )  );
#2044 = EDGE_CURVE ( 'NONE', #2595, #102, #2688, .T. ) ;
#2045 = DIRECTION ( 'NONE',  ( -0.000000000000000000, 8.971971810740515560E-18, 1.000000000000000000 ) ) ;
#2046 = ORIENTED_EDGE ( 'NONE', *, *, #1105, .F. ) ;
#2047 = CARTESIAN_POINT ( 'NONE',  ( 2.350480947161671885, -7.333557197200833873E-16, -24.36350000000002680 ) ) ;
#2048 = CARTESIAN_POINT ( 'NONE',  ( -2.542856835193183507, -1.591816294586539948, -32.27391400724996373 ) ) ;
#2049 = VECTOR ( 'NONE', #2057, 1000.000000000000000 ) ;
#2050 = EDGE_LOOP ( 'NONE', ( #1556, #370, #1723 ) ) ;
#2051 = CARTESIAN_POINT ( 'NONE',  ( -2.881007503528891345, 0.8327362935163448165, -32.27955478072708928 ) ) ;
#2052 = CARTESIAN_POINT ( 'NONE',  ( 3.054126587736528897, -8.626133269396815863E-16, -25.83225000000001259 ) ) ;
#2053 = VECTOR ( 'NONE', #339, 1000.000000000000000 ) ;
#2054 = DIRECTION ( 'NONE',  ( 0.000000000000000000, -1.000000000000000000, 0.000000000000000000 ) ) ;
#2055 = CARTESIAN_POINT ( 'NONE',  ( 0.9736010864139245102, 2.350480947161670997, -33.17600000000000193 ) ) ;
#2056 = CARTESIAN_POINT ( 'NONE',  ( -1.265060653844733096, -3.054126587736529341, -31.08225000000003746 ) ) ;
#2057 = DIRECTION ( 'NONE',  ( -0.000000000000000000, 8.971971810740515560E-18, 1.000000000000000000 ) ) ;
#2058 = CARTESIAN_POINT ( 'NONE',  ( -1.999999999999999556, 0.4011931755287776458, 33.33549306822757785 ) ) ;
#2059 = CARTESIAN_POINT ( 'NONE',  ( 0.000000000000000000, -2.661392008077630457E-15, -33.61350000000000193 ) ) ;
#2060 = VERTEX_POINT ( 'NONE', #2872 ) ;
#2061 = CARTESIAN_POINT ( 'NONE',  ( 1.590722648166202768E-11, -2.546970633785627047, -32.72694337346440818 ) ) ;
#2062 = CARTESIAN_POINT ( 'NONE',  ( 0.000000000000000000, -2.560663680558446674E-15, -22.38650000000000517 ) ) ;
#2063 = VERTEX_POINT ( 'NONE', #1417 ) ;
#2064 = ADVANCED_FACE ( 'NONE', ( #605 ), #2580, .T. ) ;
#2065 = CARTESIAN_POINT ( 'NONE',  ( 0.9736010864139245102, 2.350480947161670997, -23.05100000000002680 ) ) ;
#2066 = ORIENTED_EDGE ( 'NONE', *, *, #141, .T. ) ;
#2067 = CARTESIAN_POINT ( 'NONE',  ( -0.9736010864139229559, 2.350480947161671441, -24.05100000000003035 ) ) ;
#2068 = CARTESIAN_POINT ( 'NONE',  ( -3.673940397442062333E-16, -3.000000000000002665, -25.11350000000001259 ) ) ;
#2069 = EDGE_LOOP ( 'NONE', ( #2508, #1504, #2669, #1624 ) ) ;
#2070 = ADVANCED_FACE ( 'NONE', ( #298 ), #2167, .F. ) ;
#2071 = CARTESIAN_POINT ( 'NONE',  ( -0.9736010864139229559, 2.350480947161671441, -33.92600000000000904 ) ) ;
#2072 = CARTESIAN_POINT ( 'NONE',  ( 0.000000000000000000, -2.058233259156977999E-15, 33.61350000000000193 ) ) ;
#2073 = CARTESIAN_POINT ( 'NONE',  ( 0.9736010864139224008, -2.350480947161673217, -31.55100000000000904 ) ) ;
#2074 = CARTESIAN_POINT ( 'NONE',  ( -2.159593620790630997, -2.159593620790630997, -28.14475000000004457 ) ) ;
#2075 = CARTESIAN_POINT ( 'NONE',  ( 2.350480947161662559, -0.9736010864139346133, -28.30100000000001614 ) ) ;
#2076 = CARTESIAN_POINT ( 'NONE',  ( -1.662041016787789038, 1.662041016787805248, -24.86350000000002325 ) ) ;
#2077 = CARTESIAN_POINT ( 'NONE',  ( -1.662041016787797920, 1.662041016787796366, -31.86350000000000904 ) ) ;
#2078 = LINE ( 'NONE', #154, #1226 ) ;
#2079 = FACE_OUTER_BOUND ( 'NONE', #3277, .T. ) ;
#2080 = DIRECTION ( 'NONE',  ( -0.000000000000000000, 8.971971810740515560E-18, 1.000000000000000000 ) ) ;
#2081 = LINE ( 'NONE', #2681, #3520 ) ;
#2082 = EDGE_LOOP ( 'NONE', ( #1811, #1707, #3060, #2550 ) ) ;
#2083 = CARTESIAN_POINT ( 'NONE',  ( -1.662041016787797476, 1.662041016787797254, -23.98850000000003035 ) ) ;
#2084 = CARTESIAN_POINT ( 'NONE',  ( 2.618299928805856602, 1.331718410060096280, -24.61844090323666379 ) ) ;
#2085 = ORIENTED_EDGE ( 'NONE', *, *, #538, .T. ) ;
#2086 = EDGE_CURVE ( 'NONE', #1648, #1548, #3575, .T. ) ;
#2087 = CARTESIAN_POINT ( 'NONE',  ( -1.265060653844733096, -3.054126587736529341, -26.14475000000000904 ) ) ;
#2088 = ADVANCED_FACE ( 'NONE', ( #1962 ), #911, .T. ) ;
#2089 = CARTESIAN_POINT ( 'NONE',  ( 3.000000000000001776, 1.242640687119286547, -26.80100000000001259 ) ) ;
#2090 = CARTESIAN_POINT ( 'NONE',  ( -1.662041016787797476, 1.662041016787797254, -30.98850000000001259 ) ) ;
#2091 = CARTESIAN_POINT ( 'NONE',  ( -3.054126587736528897, -1.265060653844732652, -30.20725000000004101 ) ) ;
#2092 = LINE ( 'NONE', #1851, #415 ) ;
#2093 = LINE ( 'NONE', #1495, #6 ) ;
#2094 = CARTESIAN_POINT ( 'NONE',  ( 0.000000000000000000, -4.000000000000002665, 33.61350000000000193 ) ) ;
#2095 = ORIENTED_EDGE ( 'NONE', *, *, #3062, .F. ) ;
#2096 = AXIS2_PLACEMENT_3D ( 'NONE', #1443, #1989, #3405 ) ;
#2097 =( BOUNDED_CURVE ( )  B_SPLINE_CURVE ( 2, ( #2978, #1591, #257, #487, #1061, #2441, #2217, #3593, #1373 ),
 .UNSPECIFIED., .F., .F. ) 
 B_SPLINE_CURVE_WITH_KNOTS ( ( 3, 2, 2, 2, 3 ),
 ( 0.4545454545454541417, 0.4659090909090906063, 0.4772727272727271819, 0.4886363636363636465, 0.5000000000000001110 ),
 .UNSPECIFIED. ) 
 CURVE ( )  GEOMETRIC_REPRESENTATION_ITEM ( )  RATIONAL_B_SPLINE_CURVE ( ( 1.000000000000002665, 0.9238795325112841850, 1.000000000000000000, 0.9238795325112867385, 1.000000000000000000, 0.9238795325112867385, 1.000000000000000000, 0.9238795325112859613, 1.000000000000000666 ) ) 
 REPRESENTATION_ITEM ( '' )  );
#2098 = CARTESIAN_POINT ( 'NONE',  ( -3.673940397442062333E-16, -3.000000000000002665, -30.98850000000003746 ) ) ;
#2099 = CARTESIAN_POINT ( 'NONE',  ( 2.121320343559644606, 2.121320343559643273, -27.61350000000004101 ) ) ;
#2100 = ORIENTED_EDGE ( 'NONE', *, *, #737, .F. ) ;
#2101 = DIRECTION ( 'NONE',  ( -0.000000000000000000, -0.000000000000000000, 1.000000000000000000 ) ) ;
#2102 = ORIENTED_EDGE ( 'NONE', *, *, #345, .T. ) ;
#2103 = CARTESIAN_POINT ( 'NONE',  ( 1.265060653844735095, 3.054126587736527565, -32.58225000000003035 ) ) ;
#2104 = CARTESIAN_POINT ( 'NONE',  ( 0.000000000000000000, -2.560663680558446674E-15, -22.38650000000000517 ) ) ;
#2105 = VERTEX_POINT ( 'NONE', #1762 ) ;
#2106 = VERTEX_POINT ( 'NONE', #1470 ) ;
#2107 = CARTESIAN_POINT ( 'NONE',  ( 1.662041016787797698, 1.662041016787796588, -33.11350000000000193 ) ) ;
#2108 = EDGE_CURVE ( 'NONE', #83, #1648, #2016, .T. ) ;
#2109 = PRODUCT_DEFINITION_FORMATION_WITH_SPECIFIED_SOURCE ( 'ANY', '', #1658, .NOT_KNOWN. ) ;
#2110 = FACE_OUTER_BOUND ( 'NONE', #2806, .T. ) ;
#2111 = CARTESIAN_POINT ( 'NONE',  ( -0.9736010864139230669, -2.350480947161672329, -32.67600000000000904 ) ) ;
#2112 = AXIS2_PLACEMENT_3D ( 'NONE', #2864, #1990, #2589 ) ;
#2113 = DIRECTION ( 'NONE',  ( 0.4999999999999999445, -0.8660254037844387076, 0.000000000000000000 ) ) ;
#2114 = CARTESIAN_POINT ( 'NONE',  ( -3.054126587736528897, -1.145680569672079404E-16, -30.33225000000000193 ) ) ;
#2115 = CARTESIAN_POINT ( 'NONE',  ( 2.350480947161671885, -7.211455800809401075E-15, -29.23850000000001614 ) ) ;
#2116 = EDGE_LOOP ( 'NONE', ( #886, #1390, #2612, #1019, #2046 ) ) ;
#2117 = CARTESIAN_POINT ( 'NONE',  ( 2.152449829927485236, 0.9443094898470334453, -24.17261465699999690 ) ) ;
#2118 = AXIS2_PLACEMENT_3D ( 'NONE', #2995, #1305, #3301 ) ;
#2119 = ORIENTED_EDGE ( 'NONE', *, *, #2621, .F. ) ;
#2120 = CARTESIAN_POINT ( 'NONE',  ( 0.000000000000000000, -2.061149149995468517E-15, 33.28849999999999909 ) ) ;
#2121 = ORIENTED_EDGE ( 'NONE', *, *, #2389, .T. ) ;
#2122 = CARTESIAN_POINT ( 'NONE',  ( -0.8144226581773581497, 2.780319979459195512, -32.38147339660676494 ) ) ;
#2123 = CARTESIAN_POINT ( 'NONE',  ( 2.776346425441007515, 1.073772097493110644, -24.65779429829118641 ) ) ;
#2124 = ORIENTED_EDGE ( 'NONE', *, *, #272, .T. ) ;
#2125 = LINE ( 'NONE', #2926, #1297 ) ;
#2126 = CARTESIAN_POINT ( 'NONE',  ( -0.9736010864139230669, -2.350480947161672329, -31.67600000000000904 ) ) ;
#2127 = CARTESIAN_POINT ( 'NONE',  ( -3.673940397442062333E-16, -3.000000000000002665, -25.11350000000001259 ) ) ;
#2128 = CARTESIAN_POINT ( 'NONE',  ( -3.054126587736528897, 1.265060653844732652, -31.39474999999999838 ) ) ;
#2129 = DIRECTION ( 'NONE',  ( -0.000000000000000000, 8.971971810740515560E-18, 1.000000000000000000 ) ) ;
#2130 = ORIENTED_EDGE ( 'NONE', *, *, #3108, .T. ) ;
#2131 = CARTESIAN_POINT ( 'NONE',  ( 3.673940397442064798E-16, 3.000000000000002220, 33.61350000000000193 ) ) ;
#2132 = DIRECTION ( 'NONE',  ( -0.000000000000000000, -0.000000000000000000, 1.000000000000000000 ) ) ;
#2133 = EDGE_CURVE ( 'NONE', #3453, #2194, #878, .T. ) ;
#2134 = LINE ( 'NONE', #190, #2232 ) ;
#2135 = VERTEX_POINT ( 'NONE', #3161 ) ;
#2136 = DIRECTION ( 'NONE',  ( -0.000000000000000000, 8.971971810740661930E-18, 1.000000000000000000 ) ) ;
#2137 = CARTESIAN_POINT ( 'NONE',  ( -2.350480947161671885, -2.030139657692317537E-15, -29.86350000000001614 ) ) ;
#2138 =( BOUNDED_CURVE ( )  B_SPLINE_CURVE ( 2, ( #3531, #2695, #2934, #3223, #1240, #1855, #2369, #1827, #3241 ),
 .UNSPECIFIED., .F., .F. ) 
 B_SPLINE_CURVE_WITH_KNOTS ( ( 3, 2, 2, 2, 3 ),
 ( 0.4772727272727272929, 0.4886363636363636465, 0.4999999999999999445, 0.5113636363636362425, 0.5227272727272725961 ),
 .UNSPECIFIED. ) 
 CURVE ( )  GEOMETRIC_REPRESENTATION_ITEM ( )  RATIONAL_B_SPLINE_CURVE ( ( 1.000000000000000000, 0.9238795325112867385, 1.000000000000000000, 0.9238795325112867385, 1.000000000000000000, 0.9238795325112867385, 1.000000000000000000, 0.9238795325112875156, 0.9999999999999992228 ) ) 
 REPRESENTATION_ITEM ( '' )  );
#2139 = ORIENTED_EDGE ( 'NONE', *, *, #1595, .T. ) ;
#2140 = CIRCLE ( 'NONE', #967, 3.797000000000002817 ) ;
#2141 = CYLINDRICAL_SURFACE ( 'NONE', #3121, 3.000000000000004441 ) ;
#2142 = CARTESIAN_POINT ( 'NONE',  ( -0.9736010864139230669, -2.350480947161672329, -27.67600000000001970 ) ) ;
#2143 = APPLICATION_PROTOCOL_DEFINITION ( 'international standard', 'config_control_design', 1994, #2271 ) ;
#2144 = CARTESIAN_POINT ( 'NONE',  ( 2.159593620790630997, 2.159593620790629664, -31.70724999999999838 ) ) ;
#2145 = LINE ( 'NONE', #491, #3522 ) ;
#2146 = LINE ( 'NONE', #534, #2403 ) ;
#2147 = CARTESIAN_POINT ( 'NONE',  ( 3.000000000000001776, 1.242640687119286547, -25.67600000000004812 ) ) ;
#2148 = CARTESIAN_POINT ( 'NONE',  ( -1.351493277329151921, -1.529116069284547352, 33.34250524179862651 ) ) ;
#2149 = ADVANCED_FACE ( 'NONE', ( #1982 ), #2599, .T. ) ;
#2150 = DIRECTION ( 'NONE',  ( 0.000000000000000000, 0.000000000000000000, 1.000000000000000000 ) ) ;
#2151 = ORIENTED_EDGE ( 'NONE', *, *, #2431, .T. ) ;
#2152 = CARTESIAN_POINT ( 'NONE',  ( 2.350480947161671885, -9.514262975528106448E-15, -25.23850000000002325 ) ) ;
#2153 = DIRECTION ( 'NONE',  ( -1.000000000000000000, 0.000000000000000000, -0.000000000000000000 ) ) ;
#2154 = ORIENTED_EDGE ( 'NONE', *, *, #1642, .T. ) ;
#2155 = CARTESIAN_POINT ( 'NONE',  ( -3.054126587736528897, -1.265060653844732652, -25.20725000000004812 ) ) ;
#2156 = VERTEX_POINT ( 'NONE', #2890 ) ;
#2157 = CARTESIAN_POINT ( 'NONE',  ( 2.000000000000000000, -1.154700538379251684, 30.61350000000000549 ) ) ;
#2158 = CARTESIAN_POINT ( 'NONE',  ( -2.350480947161671885, -1.576539260404073400E-16, -25.86350000000002680 ) ) ;
#2159 = COORDINATED_UNIVERSAL_TIME_OFFSET ( 6, 0, .BEHIND. ) ;
#2160 = CARTESIAN_POINT ( 'NONE',  ( -1.265060653844732652, 3.054126587736528453, -32.51975000000000193 ) ) ;
#2161 = LOCAL_TIME ( 8, 22, 59.00000000000000000, #1627 ) ;
#2162 = AXIS2_PLACEMENT_3D ( 'NONE', #1750, #2844, #1439 ) ;
#2163 = CARTESIAN_POINT ( 'NONE',  ( 0.000000000000000000, 2.476191000000000031, -24.17261465700000400 ) ) ;
#2164 = CARTESIAN_POINT ( 'NONE',  ( 1.081494977730763635E-12, -2.630441209928904733, -24.32686486692890782 ) ) ;
#2165 = CARTESIAN_POINT ( 'NONE',  ( 4.605614349437408379E-15, 2.350480947161671441, -25.98850000000002680 ) ) ;
#2166 = CARTESIAN_POINT ( 'NONE',  ( 0.1562637621166791391, -2.219182151635855860, 33.52328107487735309 ) ) ;
#2167 = CONICAL_SURFACE ( 'NONE', #12, 2.309401076758502924, 0.7853981633974500554 ) ;
#2168 = CARTESIAN_POINT ( 'NONE',  ( 2.121320343559644162, -2.121320343559645050, -31.86350000000003035 ) ) ;
#2169 = AXIS2_PLACEMENT_3D ( 'NONE', #3042, #2470, #1932 ) ;
#2170 = ORIENTED_EDGE ( 'NONE', *, *, #1804, .T. ) ;
#2171 = DIRECTION ( 'NONE',  ( -0.000000000000000000, 8.971971810740515560E-18, 1.000000000000000000 ) ) ;
#2172 = DIRECTION ( 'NONE',  ( 0.000000000000000000, -1.000000000000000000, 0.000000000000000000 ) ) ;
#2173 = EDGE_CURVE ( 'NONE', #3125, #3461, #1672, .T. ) ;
#2174 = AXIS2_PLACEMENT_3D ( 'NONE', #1925, #2465, #2730 ) ;
#2175 = CARTESIAN_POINT ( 'NONE',  ( 1.662041016787797254, -1.662041016787797920, -26.36350000000002325 ) ) ;
#2176 = VERTEX_POINT ( 'NONE', #3396 ) ;
#2177 = CARTESIAN_POINT ( 'NONE',  ( -2.159593620790630997, 2.159593620790630553, -26.39475000000005167 ) ) ;
#2178 = CC_DESIGN_PERSON_AND_ORGANIZATION_ASSIGNMENT ( #1044, #1593, ( #184 ) ) ;
#2179 = ADVANCED_FACE ( 'NONE', ( #3415 ), #838, .T. ) ;
#2180 = CARTESIAN_POINT ( 'NONE',  ( 2.350480947161679879, 0.9736010864139140741, -30.17600000000001970 ) ) ;
#2181 = CARTESIAN_POINT ( 'NONE',  ( -2.350480947161671885, -1.576539260404073400E-16, -28.86350000000001614 ) ) ;
#2182 =( BOUNDED_CURVE ( )  B_SPLINE_CURVE ( 2, ( #1949, #1601, #1616, #2748, #2732, #3329, #206, #1326, #223 ),
 .UNSPECIFIED., .F., .T. ) 
 B_SPLINE_CURVE_WITH_KNOTS ( ( 3, 2, 2, 2, 3 ),
 ( 0.7272727272727271819, 0.7386363636363635354, 0.7499999999999997780, 0.7613636363636360205, 0.7727272727272723740 ),
 .UNSPECIFIED. ) 
 CURVE ( )  GEOMETRIC_REPRESENTATION_ITEM ( )  RATIONAL_B_SPLINE_CURVE ( ( 1.000000000000000666, 0.9238795325112859613, 1.000000000000000000, 0.9238795325112867385, 1.000000000000000000, 0.9238795325112867385, 1.000000000000000000, 0.9238795325112889589, 0.9999999999999977796 ) ) 
 REPRESENTATION_ITEM ( '' )  );
#2183 = CARTESIAN_POINT ( 'NONE',  ( -1.242640687119295873, -2.999999999999993783, -25.17600000000001614 ) ) ;
#2184 = CARTESIAN_POINT ( 'NONE',  ( 3.054126587736528009, -1.265060653844735095, -31.89474999999999838 ) ) ;
#2185 = DIRECTION ( 'NONE',  ( 1.000000000000000000, 0.000000000000000000, -0.000000000000000000 ) ) ;
#2186 = CARTESIAN_POINT ( 'NONE',  ( 3.000000000000001776, -1.242640687119288545, -28.92600000000000904 ) ) ;
#2187 = CARTESIAN_POINT ( 'NONE',  ( 0.9736010864139224008, -2.350480947161673217, -24.42600000000002680 ) ) ;
#2188 = CARTESIAN_POINT ( 'NONE',  ( 2.350480947161671885, -1.309057513399759435E-15, -32.23850000000000904 ) ) ;
#2189 = CARTESIAN_POINT ( 'NONE',  ( 2.168404344971008868E-16, 2.309401076758503368, 33.61350000000000193 ) ) ;
#2190 = ORIENTED_EDGE ( 'NONE', *, *, #2523, .T. ) ;
#2191 = CARTESIAN_POINT ( 'NONE',  ( 3.000000000000001776, 1.242640687119286547, -30.80100000000000193 ) ) ;
#2192 = CARTESIAN_POINT ( 'NONE',  ( 0.000000000000000000, -2.058233259156977999E-15, 33.61350000000000193 ) ) ;
#2193 = CARTESIAN_POINT ( 'NONE',  ( 0.9736010864139224008, -2.350480947161673217, -25.42600000000002680 ) ) ;
#2194 = VERTEX_POINT ( 'NONE', #2817 ) ;
#2195 = CARTESIAN_POINT ( 'NONE',  ( 0.000000000000000000, 3.054126587736528453, -25.51975000000004812 ) ) ;
#2196 = ORIENTED_EDGE ( 'NONE', *, *, #1038, .T. ) ;
#2197 = EDGE_CURVE ( 'NONE', #2832, #3230, #897, .T. ) ;
#2198 = CARTESIAN_POINT ( 'NONE',  ( 0.000000000000000000, -8.673617379884035472E-16, 33.61350000000000193 ) ) ;
#2199 = CARTESIAN_POINT ( 'NONE',  ( 0.000000000000000000, 2.350480947161671441, -28.11350000000001970 ) ) ;
#2200 = CARTESIAN_POINT ( 'NONE',  ( 0.000000000000000000, 3.000000000000001776, -25.61350000000001614 ) ) ;
#2201 = CARTESIAN_POINT ( 'NONE',  ( -3.054126587736528897, -1.145680569672079404E-16, -27.33225000000000904 ) ) ;
#2202 = CARTESIAN_POINT ( 'NONE',  ( -0.9736010864139154064, 2.350480947161674550, -26.92600000000001970 ) ) ;
#2203 = CARTESIAN_POINT ( 'NONE',  ( 2.350480947161671885, -8.938561181848428527E-15, -26.23850000000002325 ) ) ;
#2204 = CARTESIAN_POINT ( 'NONE',  ( 1.662041016787797698, 1.662041016787796588, -32.11350000000000904 ) ) ;
#2205 = CARTESIAN_POINT ( 'NONE',  ( 1.662041016787798142, -1.662041016787796588, -32.48850000000000904 ) ) ;
#2206 = CARTESIAN_POINT ( 'NONE',  ( 0.6485067226708473020, -1.934985545853207478, 33.34250524179863362 ) ) ;
#2207 = EDGE_CURVE ( 'NONE', #3179, #83, #41, .T. ) ;
#2208 = CYLINDRICAL_SURFACE ( 'NONE', #3279, 3.000000000000004441 ) ;
#2209 = ORIENTED_EDGE ( 'NONE', *, *, #278, .T. ) ;
#2210 = CARTESIAN_POINT ( 'NONE',  ( -3.673940397442062333E-16, -3.000000000000002665, -30.11350000000000193 ) ) ;
#2211 = DIRECTION ( 'NONE',  ( -0.000000000000000000, 0.000000000000000000, 1.000000000000000000 ) ) ;
#2212 = EDGE_CURVE ( 'NONE', #807, #3548, #2001, .T. ) ;
#2213 = CARTESIAN_POINT ( 'NONE',  ( 2.350480947161671885, -7.333557197200833873E-16, -27.23850000000001970 ) ) ;
#2214 = ORIENTED_EDGE ( 'NONE', *, *, #369, .F. ) ;
#2215 = CARTESIAN_POINT ( 'NONE',  ( 2.159593620790630553, -2.159593620790631441, -24.89475000000005167 ) ) ;
#2216 = ORIENTED_EDGE ( 'NONE', *, *, #2843, .F. ) ;
#2217 = CARTESIAN_POINT ( 'NONE',  ( -2.121320343559644606, -2.121320343559644606, -29.11350000000004101 ) ) ;
#2218 = CARTESIAN_POINT ( 'NONE',  ( -2.350480947161671885, -0.9736010864139230669, -28.80100000000002325 ) ) ;
#2219 = APPROVAL_ROLE ( '' ) ;
#2220 = CARTESIAN_POINT ( 'NONE',  ( -2.159593620790630997, 2.159593620790630553, -26.45725000000001259 ) ) ;
#2221 = EDGE_CURVE ( 'NONE', #3568, #3097, #585, .T. ) ;
#2222 = CARTESIAN_POINT ( 'NONE',  ( 2.350480947161671885, -8.362859388168753762E-15, -27.23850000000001970 ) ) ;
#2223 = CARTESIAN_POINT ( 'NONE',  ( -2.350480947161671885, 4.180478676392687566E-16, -32.73850000000000904 ) ) ;
#2224 = CARTESIAN_POINT ( 'NONE',  ( 2.350480947161671441, -0.9736010864139245102, -32.30100000000000904 ) ) ;
#2225 = CARTESIAN_POINT ( 'NONE',  ( -1.231050817588611457, 2.635673843829848373, -24.59965290572142038 ) ) ;
#2226 = APPROVAL_PERSON_ORGANIZATION ( #474, #229, #2443 ) ;
#2227 = EDGE_CURVE ( 'NONE', #676, #3427, #1994, .T. ) ;
#2228 = DIRECTION ( 'NONE',  ( -0.000000000000000000, -0.000000000000000000, 1.000000000000000000 ) ) ;
#2229 = ORIENTED_EDGE ( 'NONE', *, *, #1948, .T. ) ;
#2230 = CARTESIAN_POINT ( 'NONE',  ( 0.000000000000000000, -3.015793744603263765E-16, -33.61350000000000193 ) ) ;
#2231 = FACE_OUTER_BOUND ( 'NONE', #1327, .T. ) ;
#2232 = VECTOR ( 'NONE', #2101, 1000.000000000000000 ) ;
#2233 = ORIENTED_EDGE ( 'NONE', *, *, #700, .T. ) ;
#2234 = AXIS2_PLACEMENT_3D ( 'NONE', #1215, #1834, #439 ) ;
#2235 = CARTESIAN_POINT ( 'NONE',  ( -2.350480947161671885, -0.9736010864139230669, -28.67600000000001614 ) ) ;
#2236 = ORIENTED_EDGE ( 'NONE', *, *, #272, .F. ) ;
#2237 = ORIENTED_EDGE ( 'NONE', *, *, #2594, .T. ) ;
#2238 =( BOUNDED_CURVE ( )  B_SPLINE_CURVE ( 2, ( #2239, #602, #1708, #3126, #1958, #1155, #1670, #1392, #2797 ),
 .UNSPECIFIED., .F., .F. ) 
 B_SPLINE_CURVE_WITH_KNOTS ( ( 3, 2, 2, 2, 3 ),
 ( 0.5681818181818181213, 0.5795454545454545858, 0.5909090909090909394, 0.6022727272727272929, 0.6136363636363637575 ),
 .UNSPECIFIED. ) 
 CURVE ( )  GEOMETRIC_REPRESENTATION_ITEM ( )  RATIONAL_B_SPLINE_CURVE ( ( 1.000000000000000666, 0.9238795325112859613, 1.000000000000000000, 0.9238795325112867385, 1.000000000000000000, 0.9238795325112867385, 1.000000000000000000, 0.9238795325112859613, 1.000000000000000666 ) ) 
 REPRESENTATION_ITEM ( '' )  );
#2239 = CARTESIAN_POINT ( 'NONE',  ( -2.350480947161671885, -8.787360703329654422E-16, -27.86350000000001970 ) ) ;
#2240 = CARTESIAN_POINT ( 'NONE',  ( -2.350480947161671885, -0.9736010864139230669, -24.80100000000002325 ) ) ;
#2241 = CARTESIAN_POINT ( 'NONE',  ( -3.740226349862368230E-16, -3.054126587736529341, -30.08225000000000193 ) ) ;
#2242 = DIRECTION ( 'NONE',  ( 0.000000000000000000, -1.000000000000000000, 0.000000000000000000 ) ) ;
#2243 = CARTESIAN_POINT ( 'NONE',  ( 2.000000000000000000, -8.673617382503053677E-16, 33.30409892324150434 ) ) ;
#2244 = CARTESIAN_POINT ( 'NONE',  ( 0.9736010864139245102, 2.350480947161670997, -29.05100000000002325 ) ) ;
#2245 = CARTESIAN_POINT ( 'NONE',  ( -0.9736010864139333920, -2.350480947161667888, -24.55100000000002680 ) ) ;
#2246 = CARTESIAN_POINT ( 'NONE',  ( -1.242811810694221197, -2.380582750990772656, -24.37567364188516450 ) ) ;
#2247 = DIRECTION ( 'NONE',  ( -0.000000000000000000, -0.000000000000000000, 1.000000000000000000 ) ) ;
#2248 = ORIENTED_EDGE ( 'NONE', *, *, #653, .F. ) ;
#2249 = EDGE_CURVE ( 'NONE', #3387, #938, #1643, .T. ) ;
#2250 = FACE_OUTER_BOUND ( 'NONE', #157, .T. ) ;
#2251 = CYLINDRICAL_SURFACE ( 'NONE', #2747, 2.350480947161671885 ) ;
#2252 = ADVANCED_FACE ( 'NONE', ( #2633 ), #162, .T. ) ;
#2253 = CARTESIAN_POINT ( 'NONE',  ( 1.662041016787797254, -1.662041016787797920, -27.36350000000001970 ) ) ;
#2254 = EDGE_LOOP ( 'NONE', ( #1447, #350, #86, #19 ) ) ;
#2255 = CARTESIAN_POINT ( 'NONE',  ( -2.121320343559644606, -2.121320343559644606, -25.11350000000004812 ) ) ;
#2256 = ORIENTED_EDGE ( 'NONE', *, *, #1534, .F. ) ;
#2257 = CARTESIAN_POINT ( 'NONE',  ( 2.000000000000000000, -1.154700538379252350, 33.61350000000000193 ) ) ;
#2258 = CARTESIAN_POINT ( 'NONE',  ( 0.9736010864139245102, 2.350480947161670997, -23.17600000000003391 ) ) ;
#2259 = CARTESIAN_POINT ( 'NONE',  ( -3.740226349862368230E-16, -3.054126587736529341, -27.08225000000000904 ) ) ;
#2260 = CARTESIAN_POINT ( 'NONE',  ( 1.662041016787797476, -1.662041016787797698, -30.48850000000001259 ) ) ;
#2261 = CARTESIAN_POINT ( 'NONE',  ( 1.662041016787795256, 1.662041016787799030, -28.11350000000001970 ) ) ;
#2262 = CARTESIAN_POINT ( 'NONE',  ( 0.9736010864139224008, -2.350480947161673217, -32.42600000000000904 ) ) ;
#2263 = CARTESIAN_POINT ( 'NONE',  ( -0.3938829670718551057, -2.508931382493686968, -32.74215700631541637 ) ) ;
#2264 = CARTESIAN_POINT ( 'NONE',  ( -2.792317031697593155, -0.05594982425862401326, -24.48337623293774712 ) ) ;
#2265 = CARTESIAN_POINT ( 'NONE',  ( 0.000000000000000000, 6.174999999999994493, 33.61350000000000193 ) ) ;
#2266 = ORIENTED_EDGE ( 'NONE', *, *, #385, .F. ) ;
#2267 = CARTESIAN_POINT ( 'NONE',  ( 2.051448102817396979, -1.665250065558834924, -32.63764845386723579 ) ) ;
#2268 = LINE ( 'NONE', #2510, #1916 ) ;
#2269 = AXIS2_PLACEMENT_3D ( 'NONE', #3561, #170, #749 ) ;
#2270 = EDGE_CURVE ( 'NONE', #995, #285, #2125, .T. ) ;
#2271 = APPLICATION_CONTEXT ( 'configuration controlled 3d designs of mechanical parts and assemblies' ) ;
#2272 = FACE_BOUND ( 'NONE', #1815, .T. ) ;
#2273 = VERTEX_POINT ( 'NONE', #664 ) ;
#2274 = CARTESIAN_POINT ( 'NONE',  ( -2.350480947161670997, 0.9736010864139251764, -30.92600000000001259 ) ) ;
#2275 = EDGE_LOOP ( 'NONE', ( #325, #2376, #2028, #3483 ) ) ;
#2276 = DIRECTION ( 'NONE',  ( -0.000000000000000000, -0.000000000000000000, 1.000000000000000000 ) ) ;
#2277 = PERSON_AND_ORGANIZATION ( #210, #1578 ) ;
#2278 = CARTESIAN_POINT ( 'NONE',  ( -3.054126587736528897, 1.265060653844732652, -29.39475000000000193 ) ) ;
#2279 = CARTESIAN_POINT ( 'NONE',  ( 3.105682770849847401E-17, 2.309401076758502924, 30.61350000000000549 ) ) ;
#2280 = LINE ( 'NONE', #58, #3272 ) ;
#2281 = CARTESIAN_POINT ( 'NONE',  ( 2.350480947161671441, 0.9736010864139230669, -32.17600000000000904 ) ) ;
#2282 = AXIS2_PLACEMENT_3D ( 'NONE', #2104, #1283, #3195 ) ;
#2283 = CARTESIAN_POINT ( 'NONE',  ( -0.1982797408324033783, -2.539523623334279723, -32.73439038391697409 ) ) ;
#2284 = CARTESIAN_POINT ( 'NONE',  ( -0.1841942037977599977, 2.941450448466175427, -24.63787410546611412 ) ) ;
#2285 = AXIS2_PLACEMENT_3D ( 'NONE', #2751, #2153, #2211 ) ;
#2286 = CARTESIAN_POINT ( 'NONE',  ( 2.000000000000000444, 0.4011124465748275303, 33.33547516432521007 ) ) ;
#2287 = EDGE_LOOP ( 'NONE', ( #981, #849, #2400, #2256 ) ) ;
#2288 = CARTESIAN_POINT ( 'NONE',  ( 2.140826796760729511, 1.775679873647055151, -32.49817674361382558 ) ) ;
#2289 = DIRECTION ( 'NONE',  ( -0.000000000000000000, 8.971971810740515560E-18, 1.000000000000000000 ) ) ;
#2290 = LOCAL_TIME ( 8, 22, 59.00000000000000000, #3340 ) ;
#2291 = CARTESIAN_POINT ( 'NONE',  ( 1.662041016787797254, -1.662041016787797920, -24.36350000000002680 ) ) ;
#2292 = AXIS2_PLACEMENT_3D ( 'NONE', #2912, #392, #115 ) ;
#2293 = ORIENTED_EDGE ( 'NONE', *, *, #3034, .F. ) ;
#2294 = CARTESIAN_POINT ( 'NONE',  ( 2.159593620790630997, 2.159593620790629664, -23.64475000000005522 ) ) ;
#2295 = ADVANCED_FACE ( 'NONE', ( #1270 ), #3447, .T. ) ;
#2296 = VECTOR ( 'NONE', #2129, 1000.000000000000000 ) ;
#2297 = ORIENTED_EDGE ( 'NONE', *, *, #256, .F. ) ;
#2298 = CARTESIAN_POINT ( 'NONE',  ( -2.121320343559644606, 2.121320343559644162, -27.36350000000004812 ) ) ;
#2299 = AXIS2_PLACEMENT_3D ( 'NONE', #1258, #2384, #2984 ) ;
#2300 = ADVANCED_FACE ( 'NONE', ( #1491 ), #3234, .T. ) ;
#2301 = CARTESIAN_POINT ( 'NONE',  ( 2.159593620790630553, -2.159593620790631441, -24.95725000000001259 ) ) ;
#2302 = EDGE_CURVE ( 'NONE', #3082, #1387, #2412, .T. ) ;
#2303 = DIRECTION ( 'NONE',  ( -0.000000000000000000, 8.971971810740515560E-18, 1.000000000000000000 ) ) ;
#2304 = CARTESIAN_POINT ( 'NONE',  ( 2.350480947161679879, 0.9736010864139152954, -32.30100000000000904 ) ) ;
#2305 = CARTESIAN_POINT ( 'NONE',  ( -3.054126587736528897, -1.145680569672079404E-16, -30.26975000000004101 ) ) ;
#2306 = CARTESIAN_POINT ( 'NONE',  ( -2.121320343559644606, -2.121320343559644606, -31.23849999999999838 ) ) ;
#2307 = CARTESIAN_POINT ( 'NONE',  ( -2.000000000000000444, -0.4014334230124020353, 33.33558259620791375 ) ) ;
#2308 = DIRECTION ( 'NONE',  ( 1.000000000000000000, 0.000000000000000000, 0.000000000000000000 ) ) ;
#2309 = EDGE_LOOP ( 'NONE', ( #2556, #2130, #384, #648 ) ) ;
#2310 = PLANE ( 'NONE',  #2946 ) ;
#2311 = CARTESIAN_POINT ( 'NONE',  ( -3.000000000000002220, -1.178823545882232598E-16, -28.23850000000004101 ) ) ;
#2312 =( BOUNDED_CURVE ( )  B_SPLINE_CURVE ( 2, ( #2502, #202, #3303, #3598, #1886 ),
 .UNSPECIFIED., .F., .T. ) 
 B_SPLINE_CURVE_WITH_KNOTS ( ( 3, 2, 3 ),
 ( 0.8636363636363643126, 0.8750000000000001110, 0.8782966581119310279 ),
 .UNSPECIFIED. ) 
 CURVE ( )  GEOMETRIC_REPRESENTATION_ITEM ( )  RATIONAL_B_SPLINE_CURVE ( ( 0.9999999999999955591, 0.9238795325112911794, 1.000000000000000000, 0.9779170022165029064, 0.9686468209380606487 ) ) 
 REPRESENTATION_ITEM ( '' )  );
#2313 = CARTESIAN_POINT ( 'NONE',  ( -1.662041016787797476, 1.662041016787797254, -23.86350000000003035 ) ) ;
#2314 = VERTEX_POINT ( 'NONE', #3249 ) ;
#2315 = CARTESIAN_POINT ( 'NONE',  ( 1.313494440710448297, 2.010587592865145989, -24.20685720875024671 ) ) ;
#2316 = VERTEX_POINT ( 'NONE', #1818 ) ;
#2317 = LINE ( 'NONE', #3428, #2597 ) ;
#2318 = PERSON_AND_ORGANIZATION ( #210, #1578 ) ;
#2319 = CARTESIAN_POINT ( 'NONE',  ( 1.265060653844735095, 3.054126587736527565, -24.64475000000001614 ) ) ;
#2320 = EDGE_CURVE ( 'NONE', #1757, #601, #368, .T. ) ;
#2321 = CARTESIAN_POINT ( 'NONE',  ( 0.000000000000000000, -2.058233259156977999E-15, 33.61350000000000193 ) ) ;
#2322 = CARTESIAN_POINT ( 'NONE',  ( -1.662041016787790371, 1.662041016787803915, -27.86350000000001970 ) ) ;
#2323 = CARTESIAN_POINT ( 'NONE',  ( 3.054126587736528453, 1.265060653844733096, -31.70725000000003391 ) ) ;
#2324 = EDGE_CURVE ( 'NONE', #1209, #3373, #3597, .T. ) ;
#2325 = CARTESIAN_POINT ( 'NONE',  ( -2.195058144496802033, -1.071453040483408836, -32.83940954580711491 ) ) ;
#2326 = CARTESIAN_POINT ( 'NONE',  ( 2.350480947161671885, -9.514262975528106448E-15, -25.36350000000002325 ) ) ;
#2327 = CARTESIAN_POINT ( 'NONE',  ( 2.000000000000000000, -8.673617382503053677E-16, 33.30409892324150434 ) ) ;
#2328 = ORIENTED_EDGE ( 'NONE', *, *, #2350, .F. ) ;
#2329 = CARTESIAN_POINT ( 'NONE',  ( 2.443630056342374068, -1.074581669535691120, -32.61029644806515648 ) ) ;
#2330 = CARTESIAN_POINT ( 'NONE',  ( -2.803649851389573122, -0.6601529993881376512, -32.40003082273983637 ) ) ;
#2331 = ORIENTED_EDGE ( 'NONE', *, *, #1265, .F. ) ;
#2332 = FACE_OUTER_BOUND ( 'NONE', #523, .T. ) ;
#2333 = EDGE_LOOP ( 'NONE', ( #1006, #2266, #1445, #2991 ) ) ;
#2334 = CARTESIAN_POINT ( 'NONE',  ( -3.054126587736528897, 1.265060653844732652, -33.33225000000003035 ) ) ;
#2335 = CARTESIAN_POINT ( 'NONE',  ( 2.121320343559644162, -2.121320343559645050, -24.98850000000001259 ) ) ;
#2336 = CONICAL_SURFACE ( 'NONE', #3553, 2.309401076758502924, 0.7853981633974500554 ) ;
#2337 = ORIENTED_EDGE ( 'NONE', *, *, #1391, .T. ) ;
#2338 = CYLINDRICAL_SURFACE ( 'NONE', #3285, 3.000000000000004441 ) ;
#2339 = CARTESIAN_POINT ( 'NONE',  ( 1.265060653844732430, -3.054126587736530674, -23.01975000000001614 ) ) ;
#2340 = CARTESIAN_POINT ( 'NONE',  ( 2.350480947161671885, -6.635754007129726310E-15, -30.23850000000001614 ) ) ;
#2341 = CARTESIAN_POINT ( 'NONE',  ( -2.350480947161671885, -1.576539260404073400E-16, -32.86350000000000904 ) ) ;
#2342 = CARTESIAN_POINT ( 'NONE',  ( -3.054126587736528897, 1.265060653844732652, -29.33225000000004101 ) ) ;
#2343 = CARTESIAN_POINT ( 'NONE',  ( -0.9736010864139217347, -2.350480947161673217, -30.55100000000001614 ) ) ;
#2344 = CARTESIAN_POINT ( 'NONE',  ( 0.000000000000000000, 3.000000000000001776, -30.61350000000000193 ) ) ;
#2345 = ADVANCED_FACE ( 'NONE', ( #2110 ), #2827, .T. ) ;
#2346 = DIRECTION ( 'NONE',  ( 1.000000000000000000, 0.000000000000000000, 0.000000000000000000 ) ) ;
#2347 = ORIENTED_EDGE ( 'NONE', *, *, #725, .T. ) ;
#2348 = CARTESIAN_POINT ( 'NONE',  ( 2.424307996033690404, 1.322978548498192408, -32.51774573262820667 ) ) ;
#2349 = CARTESIAN_POINT ( 'NONE',  ( -2.738065622213617711, 0.3039635791627545158, -32.52568180234429462 ) ) ;
#2350 = EDGE_CURVE ( 'NONE', #2451, #2832, #177, .T. ) ;
#2351 = CARTESIAN_POINT ( 'NONE',  ( 2.350480947161671441, -0.9736010864139245102, -24.30100000000002680 ) ) ;
#2352 = ORIENTED_EDGE ( 'NONE', *, *, #1054, .T. ) ;
#2353 = CARTESIAN_POINT ( 'NONE',  ( -1.265060653844733096, -3.054126587736529341, -33.08225000000003746 ) ) ;
#2354 = CARTESIAN_POINT ( 'NONE',  ( 3.000000000000001776, 1.242640687119286547, -24.80100000000001259 ) ) ;
#2355 = LOCAL_TIME ( 8, 22, 59.00000000000000000, #854 ) ;
#2356 = CIRCLE ( 'NONE', #1820, 2.476191000000002695 ) ;
#2357 = ORIENTED_EDGE ( 'NONE', *, *, #830, .F. ) ;
#2358 = CARTESIAN_POINT ( 'NONE',  ( -2.159593620790630997, 2.159593620790630553, -25.45725000000001614 ) ) ;
#2359 = CONICAL_SURFACE ( 'NONE', #759, 3.000000000000004441, 0.7853981633974489451 ) ;
#2360 = CARTESIAN_POINT ( 'NONE',  ( 1.242640687119276555, -3.000000000000012434, -27.05100000000000904 ) ) ;
#2361 = CARTESIAN_POINT ( 'NONE',  ( -2.350480947161671885, 0.9736010864139226229, -30.92600000000001259 ) ) ;
#2362 = CARTESIAN_POINT ( 'NONE',  ( -3.054126587736528897, -1.145680569672079404E-16, -29.26975000000004101 ) ) ;
#2363 = PLANE ( 'NONE',  #120 ) ;
#2364 = DIRECTION ( 'NONE',  ( 0.000000000000000000, -1.000000000000000000, 0.000000000000000000 ) ) ;
#2365 = VECTOR ( 'NONE', #3445, 1000.000000000000000 ) ;
#2366 = CARTESIAN_POINT ( 'NONE',  ( -0.9736010864139226229, 2.350480947161671441, -31.92600000000000904 ) ) ;
#2367 = ORIENTED_EDGE ( 'NONE', *, *, #3508, .T. ) ;
#2368 =( BOUNDED_CURVE ( )  B_SPLINE_CURVE ( 2, ( #608, #1185, #2562, #2343, #80, #1494, #44, #2619, #99 ),
 .UNSPECIFIED., .F., .F. ) 
 B_SPLINE_CURVE_WITH_KNOTS ( ( 3, 2, 2, 2, 3 ),
 ( 0.2954545454545454697, 0.3068181818181817677, 0.3181818181818181213, 0.3295454545454544748, 0.3409090909090907728 ),
 .UNSPECIFIED. ) 
 CURVE ( )  GEOMETRIC_REPRESENTATION_ITEM ( )  RATIONAL_B_SPLINE_CURVE ( ( 1.000000000000000000, 0.9238795325112867385, 1.000000000000000000, 0.9238795325112867385, 1.000000000000000000, 0.9238795325112867385, 1.000000000000000000, 0.9238795325112875156, 0.9999999999999992228 ) ) 
 REPRESENTATION_ITEM ( '' )  );
#2369 = CARTESIAN_POINT ( 'NONE',  ( 1.662041016787796366, -1.662041016787798364, -28.48850000000001614 ) ) ;
#2370 = CARTESIAN_POINT ( 'NONE',  ( -2.000000000000000000, -1.154700538379251684, 30.61350000000000549 ) ) ;
#2371 = CARTESIAN_POINT ( 'NONE',  ( 2.350480947161681211, -0.9736010864139158505, -29.30100000000001614 ) ) ;
#2372 = VERTEX_POINT ( 'NONE', #682 ) ;
#2373 = CARTESIAN_POINT ( 'NONE',  ( -2.350480947161671885, -1.576539260404073400E-16, -24.86350000000002325 ) ) ;
#2374 = CARTESIAN_POINT ( 'NONE',  ( 0.000000000000000000, 3.000000000000001776, -26.48850000000004812 ) ) ;
#2375 = EDGE_CURVE ( 'NONE', #2712, #2749, #2652, .T. ) ;
#2376 = ORIENTED_EDGE ( 'NONE', *, *, #453, .T. ) ;
#2377 = CARTESIAN_POINT ( 'NONE',  ( 0.000000000000000000, 3.054126587736528453, -24.58225000000001259 ) ) ;
#2378 = CARTESIAN_POINT ( 'NONE',  ( -0.9736010864139251764, -2.350480947161671441, -31.67600000000000904 ) ) ;
#2379 = CARTESIAN_POINT ( 'NONE',  ( 0.9736010864139245102, 2.350480947161670997, -30.17600000000001259 ) ) ;
#2380 = CARTESIAN_POINT ( 'NONE',  ( 3.054126587736528897, -8.626133269396815863E-16, -29.76975000000003746 ) ) ;
#2381 = CARTESIAN_POINT ( 'NONE',  ( -1.999999999999999556, -0.9757941217863976835, 33.52404679170356872 ) ) ;
#2382 = CARTESIAN_POINT ( 'NONE',  ( -1.662041016787789705, 1.662041016787804804, -25.98850000000002680 ) ) ;
#2383 = ORIENTED_EDGE ( 'NONE', *, *, #345, .F. ) ;
#2384 = DIRECTION ( 'NONE',  ( -0.000000000000000000, 8.971971810740515560E-18, 1.000000000000000000 ) ) ;
#2385 = CARTESIAN_POINT ( 'NONE',  ( 2.121320343559644162, -2.121320343559645050, -27.86350000000004101 ) ) ;
#2386 = ORIENTED_EDGE ( 'NONE', *, *, #1667, .T. ) ;
#2387 = CARTESIAN_POINT ( 'NONE',  ( -3.740226349862368230E-16, -3.054126587736529341, -32.01975000000003746 ) ) ;
#2388 = CARTESIAN_POINT ( 'NONE',  ( 0.9736010864139180709, -2.350480947161674550, -31.42600000000000904 ) ) ;
#2389 = EDGE_CURVE ( 'NONE', #1284, #3548, #2497, .T. ) ;
#2390 = ORIENTED_EDGE ( 'NONE', *, *, #2592, .F. ) ;
#2391 = ORIENTED_EDGE ( 'NONE', *, *, #580, .T. ) ;
#2392 = CARTESIAN_POINT ( 'NONE',  ( 2.350480947161671885, -7.333557197200833873E-16, -33.23850000000000193 ) ) ;
#2393 = CIRCLE ( 'NONE', #2698, 2.476191000000002695 ) ;
#2394 = CARTESIAN_POINT ( 'NONE',  ( 0.9736010864139180709, -2.350480947161674550, -31.55100000000000904 ) ) ;
#2395 = CARTESIAN_POINT ( 'NONE',  ( -0.9736010864139229559, 2.350480947161671441, -32.05100000000000904 ) ) ;
#2396 = CARTESIAN_POINT ( 'NONE',  ( 3.054126587736528009, -1.265060653844735095, -25.83225000000005167 ) ) ;
#2397 = CARTESIAN_POINT ( 'NONE',  ( 0.000000000000000000, -2.058233259156977999E-15, 33.61350000000000193 ) ) ;
#2398 = CARTESIAN_POINT ( 'NONE',  ( -3.054126587736528897, 1.265060653844732652, -33.39474999999999483 ) ) ;
#2399 = CARTESIAN_POINT ( 'NONE',  ( 2.473797303761473554, -0.1088520481363362546, -24.17261465700000400 ) ) ;
#2400 = ORIENTED_EDGE ( 'NONE', *, *, #3326, .F. ) ;
#2401 = CARTESIAN_POINT ( 'NONE',  ( -2.350480947161671885, -2.605841451371993091E-15, -30.86350000000001259 ) ) ;
#2402 = CARTESIAN_POINT ( 'NONE',  ( -2.816459888955459512, -0.2720509118192937503, -32.45089999893743027 ) ) ;
#2403 = VECTOR ( 'NONE', #1656, 1000.000000000000114 ) ;
#2404 = CARTESIAN_POINT ( 'NONE',  ( -2.590658071558542361E-15, -2.350480947161672329, -29.48850000000001614 ) ) ;
#2405 = VERTEX_POINT ( 'NONE', #472 ) ;
#2406 = DIRECTION ( 'NONE',  ( 0.000000000000000000, -1.000000000000000000, 0.000000000000000000 ) ) ;
#2407 = DIRECTION ( 'NONE',  ( 0.000000000000000000, -1.000000000000000000, 0.000000000000000000 ) ) ;
#2408 =( BOUNDED_CURVE ( )  B_SPLINE_CURVE ( 2, ( #3559, #1047, #1887, #3324, #1944, #2186, #3037, #802, #1631 ),
 .UNSPECIFIED., .F., .T. ) 
 B_SPLINE_CURVE_WITH_KNOTS ( ( 3, 2, 2, 2, 3 ),
 ( 0.5454545454545456362, 0.5568181818181821008, 0.5681818181818183433, 0.5795454545454546968, 0.5909090909090909394 ),
 .UNSPECIFIED. ) 
 CURVE ( )  GEOMETRIC_REPRESENTATION_ITEM ( )  RATIONAL_B_SPLINE_CURVE ( ( 0.9999999999999985567, 0.9238795325112881818, 1.000000000000000000, 0.9238795325112867385, 1.000000000000000000, 0.9238795325112867385, 1.000000000000000000, 0.9238795325112859613, 1.000000000000000666 ) ) 
 REPRESENTATION_ITEM ( '' )  );
#2409 = ORIENTED_EDGE ( 'NONE', *, *, #3196, .F. ) ;
#2410 = APPROVAL_PERSON_ORGANIZATION ( #2318, #2476, #3379 ) ;
#2411 =( GEOMETRIC_REPRESENTATION_CONTEXT ( 3 ) GLOBAL_UNCERTAINTY_ASSIGNED_CONTEXT ( ( #211 ) ) GLOBAL_UNIT_ASSIGNED_CONTEXT ( ( #3283, #3595, #2500 ) ) REPRESENTATION_CONTEXT ( 'NONE', 'WORKASPACE' ) );
#2412 = LINE ( 'NONE', #1849, #756 ) ;
#2413 = CARTESIAN_POINT ( 'NONE',  ( -1.662041016787797476, 1.662041016787797254, -32.98850000000000904 ) ) ;
#2414 = CARTESIAN_POINT ( 'NONE',  ( -1.662041016787800807, -1.662041016787793701, -28.61350000000001614 ) ) ;
#2415 = CARTESIAN_POINT ( 'NONE',  ( -2.159593620790630997, 2.159593620790630553, -33.45724999999999483 ) ) ;
#2416 = EDGE_CURVE ( 'NONE', #3211, #2316, #1353, .T. ) ;
#2417 = AXIS2_PLACEMENT_3D ( 'NONE', #2321, #586, #3430 ) ;
#2418 = CARTESIAN_POINT ( 'NONE',  ( -2.350480947161671885, 2.726675170263868496E-16, -25.86350000000002680 ) ) ;
#2419 = ORIENTED_EDGE ( 'NONE', *, *, #2022, .T. ) ;
#2420 = DIRECTION ( 'NONE',  ( 1.000000000000000000, 0.000000000000000000, 0.000000000000000000 ) ) ;
#2421 = PLANE ( 'NONE',  #2269 ) ;
#2422 = CARTESIAN_POINT ( 'NONE',  ( -1.242640687119282328, -3.000000000000007550, -30.05100000000004101 ) ) ;
#2423 = ORIENTED_EDGE ( 'NONE', *, *, #1490, .F. ) ;
#2424 = CARTESIAN_POINT ( 'NONE',  ( -0.6546204215570928797, 2.816172206907274322, -32.38728423359044228 ) ) ;
#2425 = CARTESIAN_POINT ( 'NONE',  ( 0.000000000000000000, -2.058233259156977999E-15, 33.61350000000000193 ) ) ;
#2426 = EDGE_LOOP ( 'NONE', ( #3314, #2649, #1645, #1879 ) ) ;
#2427 = DIRECTION ( 'NONE',  ( 0.000000000000000000, -8.971971810740515560E-18, -1.000000000000000000 ) ) ;
#2428 = CARTESIAN_POINT ( 'NONE',  ( -2.350480947161671885, -1.576539260404073400E-16, -27.86350000000001970 ) ) ;
#2429 = FACE_OUTER_BOUND ( 'NONE', #1847, .T. ) ;
#2430 = CARTESIAN_POINT ( 'NONE',  ( 2.159593620790630997, 2.159593620790629664, -32.70724999999999483 ) ) ;
#2431 = EDGE_CURVE ( 'NONE', #1477, #2733, #2097, .T. ) ;
#2432 = CARTESIAN_POINT ( 'NONE',  ( 3.000000000000002220, -8.526704340766356772E-16, -27.86350000000000904 ) ) ;
#2433 = CARTESIAN_POINT ( 'NONE',  ( -2.350480947161671885, -1.372847762048833127E-17, -33.61350000000000193 ) ) ;
#2434 = CARTESIAN_POINT ( 'NONE',  ( -3.673940397442062333E-16, -3.000000000000002665, -26.11350000000001259 ) ) ;
#2435 = CARTESIAN_POINT ( 'NONE',  ( 0.3160526121494173779, -2.126928016055952497, 33.44657241007939774 ) ) ;
#2436 = CARTESIAN_POINT ( 'NONE',  ( 1.662041016787795256, 1.662041016787799030, -28.23850000000001970 ) ) ;
#2437 = ORIENTED_EDGE ( 'NONE', *, *, #2704, .F. ) ;
#2438 = FACE_OUTER_BOUND ( 'NONE', #3006, .T. ) ;
#2439 = FACE_OUTER_BOUND ( 'NONE', #1257, .T. ) ;
#2440 = EDGE_LOOP ( 'NONE', ( #540, #904, #463, #365, #1698, #147, #2124, #2209, #1053, #3048, #2229, #1094, #579, #2796, #2196, #1039, #124, #713, #3391, #2534, #3403, #1050, #2829, #3499, #498, #3411, #1854, #2121, #506, #2700, #2367, #332, #594, #2627, #3066, #412, #3521, #1189, #2777, #2013 ) ) ;
#2441 = CARTESIAN_POINT ( 'NONE',  ( -3.000000000000002665, -1.242640687119286103, -29.17600000000004812 ) ) ;
#2442 = CARTESIAN_POINT ( 'NONE',  ( 0.9736010864139224008, -2.350480947161673217, -27.55100000000001970 ) ) ;
#2443 = APPROVAL_ROLE ( '' ) ;
#2444 = CARTESIAN_POINT ( 'NONE',  ( 1.265060653844735095, 3.054126587736527565, -32.64474999999999483 ) ) ;
#2445 = DIRECTION ( 'NONE',  ( -0.000000000000000000, 8.971971810740515560E-18, 1.000000000000000000 ) ) ;
#2446 = CARTESIAN_POINT ( 'NONE',  ( -1.662041016787801695, -1.662041016787793035, -26.61350000000002325 ) ) ;
#2447 = EDGE_CURVE ( 'NONE', #504, #176, #2498, .T. ) ;
#2448 = CARTESIAN_POINT ( 'NONE',  ( 2.350480947161668777, -0.9736010864139296173, -24.30100000000002680 ) ) ;
#2449 = CARTESIAN_POINT ( 'NONE',  ( 1.485639167217976286, 2.606314690291232417, -24.69642365699998621 ) ) ;
#2450 = CARTESIAN_POINT ( 'NONE',  ( -2.350480947161673662, 0.9736010864139180709, -28.92600000000001614 ) ) ;
#2451 = VERTEX_POINT ( 'NONE', #1864 ) ;
#2452 = CARTESIAN_POINT ( 'NONE',  ( -1.129412250178173593, 2.680703791129560365, -32.36969396076685968 ) ) ;
#2453 = CARTESIAN_POINT ( 'NONE',  ( -0.9736010864139222898, -2.350480947161673217, -29.67600000000001614 ) ) ;
#2454 = EDGE_CURVE ( 'NONE', #2405, #2176, #578, .T. ) ;
#2455 = B_SPLINE_CURVE_WITH_KNOTS ( 'NONE', 3,
 ( #305, #1496, #1422, #572, #2622, #324, #2895, #2823, #3402, #376, #3436, #101 ),
 .UNSPECIFIED., .F., .F.,
 ( 4, 2, 2, 2, 2, 4 ),
 ( 2.544349856240417964E-07, 0.0005966331004600526622, 0.0008948224331972668821, 0.001193011765934481102, 0.001789390431408909542, 0.002385769096883337981 ),
 .UNSPECIFIED. ) ;
#2456 = CARTESIAN_POINT ( 'NONE',  ( 0.9736010864139245102, 2.350480947161670997, -28.05100000000001970 ) ) ;
#2457 = ORIENTED_EDGE ( 'NONE', *, *, #923, .F. ) ;
#2458 = CARTESIAN_POINT ( 'NONE',  ( 2.159593620790630553, -2.159593620790631441, -27.89475000000004457 ) ) ;
#2459 = CARTESIAN_POINT ( 'NONE',  ( -1.662041016787797476, 1.662041016787797254, -27.98850000000001970 ) ) ;
#2460 = PERSON_AND_ORGANIZATION_ROLE ( 'creator' ) ;
#2461 = CARTESIAN_POINT ( 'NONE',  ( -3.054126587736528897, -1.145680569672079404E-16, -32.33225000000000193 ) ) ;
#2462 = CC_DESIGN_SECURITY_CLASSIFICATION ( #1931, ( #2109 ) ) ;
#2463 = CONICAL_SURFACE ( 'NONE', #1347, 2.476191000000002695, 0.7853981633974508325 ) ;
#2464 = CARTESIAN_POINT ( 'NONE',  ( 1.662041016787796366, 1.662041016787797920, -25.23850000000002325 ) ) ;
#2465 = DIRECTION ( 'NONE',  ( -0.000000000000000000, 8.971971810740515560E-18, 1.000000000000000000 ) ) ;
#2466 = CARTESIAN_POINT ( 'NONE',  ( 0.9736010864139231780, -2.350480947161672329, -32.42600000000000904 ) ) ;
#2467 = VECTOR ( 'NONE', #2445, 1000.000000000000000 ) ;
#2468 = DIRECTION ( 'NONE',  ( 0.4999999999999997224, 0.8660254037844388186, 0.000000000000000000 ) ) ;
#2469 = ORIENTED_EDGE ( 'NONE', *, *, #201, .T. ) ;
#2470 = DIRECTION ( 'NONE',  ( -0.000000000000000000, -0.000000000000000000, 1.000000000000000000 ) ) ;
#2471 = CYLINDRICAL_SURFACE ( 'NONE', #1333, 3.000000000000004441 ) ;
#2472 = B_SPLINE_CURVE_WITH_KNOTS ( 'NONE', 3,
 ( #2567, #2587, #1478, #614, #919, #1737 ),
 .UNSPECIFIED., .F., .F.,
 ( 4, 2, 4 ),
 ( 0.01262486244040599177, 0.01339137827855719359, 0.01415789411670839541 ),
 .UNSPECIFIED. ) ;
#2473 = EDGE_CURVE ( 'NONE', #3352, #599, #1136, .T. ) ;
#2474 = CARTESIAN_POINT ( 'NONE',  ( 0.000000000000000000, 2.350480947161671441, -26.98850000000001970 ) ) ;
#2475 = ORIENTED_EDGE ( 'NONE', *, *, #2324, .F. ) ;
#2476 = APPROVAL ( #639, 'UNSPECIFIED' ) ;
#2477 = CARTESIAN_POINT ( 'NONE',  ( -3.054126587736528897, -1.145680569672079404E-16, -26.26975000000005167 ) ) ;
#2478 = ORIENTED_EDGE ( 'NONE', *, *, #1667, .F. ) ;
#2479 = EDGE_CURVE ( 'NONE', #1844, #729, #1710, .T. ) ;
#2480 = CARTESIAN_POINT ( 'NONE',  ( 0.8542842270959037920, 2.189739514715206337, -24.17261465700000045 ) ) ;
#2481 = CARTESIAN_POINT ( 'NONE',  ( 2.350480947161671441, -0.9736010864139245102, -26.42600000000002325 ) ) ;
#2482 = SECURITY_CLASSIFICATION_LEVEL ( 'unclassified' ) ;
#2483 = CARTESIAN_POINT ( 'NONE',  ( -2.159593620790630997, 2.159593620790630553, -27.45725000000000904 ) ) ;
#2484 = CARTESIAN_POINT ( 'NONE',  ( 0.000000000000000000, -1.660414007250007984, -33.61350000000000193 ) ) ;
#2485 = CARTESIAN_POINT ( 'NONE',  ( 1.662041016787797254, -1.662041016787797920, -31.36350000000000904 ) ) ;
#2486 = DIRECTION ( 'NONE',  ( 0.000000000000000000, -1.000000000000000000, 8.971971810740515560E-18 ) ) ;
#2487 = CYLINDRICAL_SURFACE ( 'NONE', #2570, 2.350480947161671885 ) ;
#2488 = CARTESIAN_POINT ( 'NONE',  ( -2.350480947161671885, -1.454437864012641391E-15, -28.86350000000001614 ) ) ;
#2489 = ORIENTED_EDGE ( 'NONE', *, *, #340, .F. ) ;
#2490 = CARTESIAN_POINT ( 'NONE',  ( -3.000000000000002220, -1.178823545882232598E-16, -30.36350000000000193 ) ) ;
#2491 = DIRECTION ( 'NONE',  ( 0.000000000000000000, -1.000000000000000000, 0.000000000000000000 ) ) ;
#2492 = CARTESIAN_POINT ( 'NONE',  ( -0.9736010864139229559, 2.350480947161671441, -28.92600000000001614 ) ) ;
#2493 = ORIENTED_EDGE ( 'NONE', *, *, #2905, .T. ) ;
#2494 = CARTESIAN_POINT ( 'NONE',  ( 3.054126587736528009, -1.265060653844735095, -24.83225000000005522 ) ) ;
#2495 = EDGE_CURVE ( 'NONE', #1585, #1648, #471, .T. ) ;
#2496 = VERTEX_POINT ( 'NONE', #3013 ) ;
#2497 =( BOUNDED_CURVE ( )  B_SPLINE_CURVE ( 2, ( #2340, #2180, #3264, #1625, #3319, #1899, #236, #454, #742 ),
 .UNSPECIFIED., .F., .F. ) 
 B_SPLINE_CURVE_WITH_KNOTS ( ( 3, 2, 2, 2, 3 ),
 ( 0.3409090909090907728, 0.3522727272727271819, 0.3636363636363635909, 0.3750000000000000000, 0.3863636363636363535 ),
 .UNSPECIFIED. ) 
 CURVE ( )  GEOMETRIC_REPRESENTATION_ITEM ( )  RATIONAL_B_SPLINE_CURVE ( ( 1.000000000000000666, 0.9238795325112859613, 1.000000000000000000, 0.9238795325112867385, 1.000000000000000000, 0.9238795325112867385, 1.000000000000000000, 0.9238795325112867385, 1.000000000000000000 ) ) 
 REPRESENTATION_ITEM ( '' )  );
#2498 = LINE ( 'NONE', #1042, #1938 ) ;
#2499 = CARTESIAN_POINT ( 'NONE',  ( -1.662041016787797476, 1.662041016787797254, -26.98850000000002325 ) ) ;
#2500 =( NAMED_UNIT ( * ) SI_UNIT ( $, .STERADIAN. ) SOLID_ANGLE_UNIT ( ) );
#2501 = CARTESIAN_POINT ( 'NONE',  ( -1.265060653844732652, 3.054126587736528453, -27.51975000000001614 ) ) ;
#2502 = CARTESIAN_POINT ( 'NONE',  ( -3.673940397442062333E-16, -3.000000000000002665, -32.11350000000000193 ) ) ;
#2503 = DIRECTION ( 'NONE',  ( 0.000000000000000000, -1.000000000000000000, 0.000000000000000000 ) ) ;
#2504 = CARTESIAN_POINT ( 'NONE',  ( -2.878508968398380237E-16, -2.350480947161672329, -29.48850000000001614 ) ) ;
#2505 = CARTESIAN_POINT ( 'NONE',  ( -2.350480947161665224, 0.9736010864139270637, -25.80100000000002680 ) ) ;
#2506 = CARTESIAN_POINT ( 'NONE',  ( -2.499534028010409248, 1.359437613705582137, -24.53591590175360437 ) ) ;
#2507 = CARTESIAN_POINT ( 'NONE',  ( 1.242640687119264786, 3.000000000000024425, -31.55100000000003035 ) ) ;
#2508 = ORIENTED_EDGE ( 'NONE', *, *, #1948, .F. ) ;
#2509 = CARTESIAN_POINT ( 'NONE',  ( -2.350480947161671885, -2.605841451371993091E-15, -30.73850000000001259 ) ) ;
#2510 = CARTESIAN_POINT ( 'NONE',  ( 0.000000000000000000, -3.000000000000006661, 33.61350000000000193 ) ) ;
#2511 = PRODUCT_DEFINITION_SHAPE ( 'NONE', 'NONE',  #184 ) ;
#2512 = CARTESIAN_POINT ( 'NONE',  ( -2.350480947161671885, -0.9736010864139230669, -27.67600000000001970 ) ) ;
#2513 = VERTEX_POINT ( 'NONE', #1882 ) ;
#2514 = CARTESIAN_POINT ( 'NONE',  ( -1.265060653844733096, -3.054126587736529341, -25.08225000000005167 ) ) ;
#2515 = ORIENTED_EDGE ( 'NONE', *, *, #2108, .T. ) ;
#2516 = DIRECTION ( 'NONE',  ( -0.000000000000000000, -0.000000000000000000, 1.000000000000000000 ) ) ;
#2517 = CARTESIAN_POINT ( 'NONE',  ( 1.662041016787797698, 1.662041016787796588, -23.23850000000003035 ) ) ;
#2518 = CARTESIAN_POINT ( 'NONE',  ( -1.265060653844733096, -3.054126587736529341, -27.14475000000000904 ) ) ;
#2519 =( BOUNDED_CURVE ( )  B_SPLINE_CURVE ( 2, ( #1087, #569, #2306, #2893, #882, #2857, #338, #1453, #2602 ),
 .UNSPECIFIED., .F., .F. ) 
 B_SPLINE_CURVE_WITH_KNOTS ( ( 3, 2, 2, 2, 3 ),
 ( 0.7727272727272727071, 0.7840909090909090606, 0.7954545454545454142, 0.8068181818181817677, 0.8181818181818180102 ),
 .UNSPECIFIED. ) 
 CURVE ( )  GEOMETRIC_REPRESENTATION_ITEM ( )  RATIONAL_B_SPLINE_CURVE ( ( 1.000000000000000000, 0.9238795325112867385, 1.000000000000000000, 0.9238795325112867385, 1.000000000000000000, 0.9238795325112867385, 1.000000000000000000, 0.9238795325112875156, 0.9999999999999992228 ) ) 
 REPRESENTATION_ITEM ( '' )  );
#2520 = CARTESIAN_POINT ( 'NONE',  ( 0.000000000000000000, -8.673617379884035472E-16, 33.61350000000000193 ) ) ;
#2521 = PLANE ( 'NONE',  #3044 ) ;
#2522 = CARTESIAN_POINT ( 'NONE',  ( 1.662041016787797254, -1.662041016787797920, -29.36350000000001614 ) ) ;
#2523 = EDGE_CURVE ( 'NONE', #1930, #1910, #943, .T. ) ;
#2524 = CARTESIAN_POINT ( 'NONE',  ( -8.635526905195140217E-16, -2.350480947161672329, -32.61350000000000904 ) ) ;
#2525 = CARTESIAN_POINT ( 'NONE',  ( -2.431352717348721715, -1.276267470218792388, -24.43635453825585202 ) ) ;
#2526 = CC_DESIGN_APPROVAL ( #229, ( #2109 ) ) ;
#2527 = LINE ( 'NONE', #1108, #1869 ) ;
#2528 = ORIENTED_EDGE ( 'NONE', *, *, #3502, .T. ) ;
#2529 = CARTESIAN_POINT ( 'NONE',  ( -1.242640687119286547, -3.000000000000003109, -30.17600000000000549 ) ) ;
#2530 = CARTESIAN_POINT ( 'NONE',  ( -3.000000000000001776, 0.3405771449023706765, -32.25562970754705816 ) ) ;
#2531 = AXIS2_PLACEMENT_3D ( 'NONE', #1566, #2699, #1129 ) ;
#2532 = AXIS2_PLACEMENT_3D ( 'NONE', #3525, #1508, #701 ) ;
#2533 = CARTESIAN_POINT ( 'NONE',  ( 0.000000000000000000, 2.350480947161671441, -24.98850000000002325 ) ) ;
#2534 = ORIENTED_EDGE ( 'NONE', *, *, #1981, .T. ) ;
#2535 = DIRECTION ( 'NONE',  ( 0.000000000000000000, 0.7071067811865492381, -0.7071067811865457964 ) ) ;
#2536 = AXIS2_PLACEMENT_3D ( 'NONE', #2157, #2778, #3280 ) ;
#2537 = ORIENTED_EDGE ( 'NONE', *, *, #1974, .T. ) ;
#2538 = CARTESIAN_POINT ( 'NONE',  ( 1.242640687119316301, 2.999999999999972911, -28.55100000000004101 ) ) ;
#2539 = CARTESIAN_POINT ( 'NONE',  ( 1.662041016787797254, -1.662041016787797920, -23.48850000000003035 ) ) ;
#2540 = CARTESIAN_POINT ( 'NONE',  ( -1.265060653844732652, 3.054126587736528453, -28.51975000000000904 ) ) ;
#2541 = ADVANCED_FACE ( 'NONE', ( #3049 ), #2141, .T. ) ;
#2542 = CARTESIAN_POINT ( 'NONE',  ( -2.350480947161672329, -0.9736010864139222898, -30.80100000000001614 ) ) ;
#2543 = CARTESIAN_POINT ( 'NONE',  ( -2.350480947161671885, -0.9736010864139230669, -33.80100000000000193 ) ) ;
#2544 = CARTESIAN_POINT ( 'NONE',  ( -0.9736010864139229559, 2.350480947161671441, -32.92600000000000904 ) ) ;
#2545 = CARTESIAN_POINT ( 'NONE',  ( 0.000000000000000000, -2.738095500000006233, -22.38650000000000517 ) ) ;
#2546 = DIRECTION ( 'NONE',  ( 0.000000000000000000, -1.000000000000000000, 0.000000000000000000 ) ) ;
#2547 = ADVANCED_FACE ( 'NONE', ( #1650 ), #197, .F. ) ;
#2548 =( BOUNDED_SURFACE ( )  B_SPLINE_SURFACE ( 1, 2, ( 
 ( #567, #354, #1435, #1729, #2600, #2543, #1963, #1200, #3362, #3431, #642, #839, #1763, #2838, #1216, #2055, #731, #1231, #2413, #1524, #2341, #2655, #953, #2111, #406, #2673, #3448, #3200, #932, #3183, #1575, #2948, #389, #2395, #440, #150, #989, #665, #1509, #2126, #96, #2073, #3505, #972, #1271, #1782, #1835, #1251, #2909, #2634, #2090, #2361, #2927, #683, #1819, #1289, #3235, #426, #112, #3469, #132, #718, #1800, #2379, #2965, #3250, #3486, #3215, #1558, #2690, #163, #1543, #3526, #1008, #1850, #2979, #455, #702, #3574, #1626, #763, #1062, #2996, #3611, #2181, #2218, #1318, #2707, #181, #1026, #508, #1883, #1335, #3594, #3265, #3539, #2199, #1306, #2459, #1081, #2428, #2759, #3014, #2142, #548, #2442, #3555, #3320, #1098, #1900, #3339, #816, #743, #3031, #2499, #488, #3302, #780, #237, #798, #198, #1354, #1608, #2481, #2725, #1919, #1865, #473, #1941, #1592, #1043, #3068, #2158, #3281, #2739, #215, #3050, #1651, #528, #2779, #1374, #258, #3480, #657, #1689, #926, #2798, #1120, #2373, #2240, #1393, #963, #1139, #125, #3, #2647, #2047, #677, #1774, #2901, #400, #2067, #2083, #3359, #3210, #2815, #1519, #3106, #275, #582, #2539, #106, #1978, #382, #2517, #2258, #836 ),
 ( #3378, #1246, #1671, #1959, #1412, #3089, #23, #1502, #564, #294, #1709, #316, #853, #3174, #2834, #1482, #2610, #89, #1210, #2334, #2628, #1224, #3442, #2353, #3463, #947, #3194, #1793, #2920, #2666, #982, #2103, #144, #3496, #694, #1812, #2940, #420, #1538, #1263, #2387, #3432, #1730, #625, #3184, #2323, #1493, #899, #1525, #2618, #133, #2874, #607, #2856, #2582, #2056, #913, #2892, #1511, #1184, #1452, #113, #337, #374, #2635, #59, #666, #2035, #2305, #2091, #355, #1472, #1233, #2656, #3449, #1252, #2380, #3417, #933, #407, #3163, #97, #1217, #2342, #2362, #1746, #2910, #643, #79, #2601, #1764, #3201, #3487, #1783, #3147, #1201, #2928, #3470, #954, #684, #390, #2018, #2074, #1801, #973, #3028, #2458, #3315, #3299, #3278, #2794, #271, #1606, #777, #1896, #1332, #524, #2737, #213, #813, #505, #1880, #703, #3216, #1646, #3336, #545, #1095, #3571, #1059, #2177, #1272, #2477, #1388, #3010, #1623, #1544, #2755, #233, #2396, #1350, #3589, #1368, #1077, #2195, #1915, #795, #3047, #2776, #2155, #151, #2514, #485, #254, #2215, #2494, #758, #427, #3608, #1937, #1668, #3065, #3624, #1116, #1821, #2949, #2674, #3552, #1040, #2884, #2811, #1972, #3157, #3102, #2294, #20, #3356 ) ),
 .UNSPECIFIED., .F., .F., .T. ) 
 B_SPLINE_SURFACE_WITH_KNOTS ( ( 2, 2 ),
 ( 3, 2, 2, 2, 2, 2, 2, 2, 2, 2, 2, 2, 2, 2, 2, 2, 2, 2, 2, 2, 2, 2, 2, 2, 2, 2, 2, 2, 2, 2, 2, 2, 2, 2, 2, 2, 2, 2, 2, 2, 2, 2, 2, 2, 2, 2, 2, 2, 2, 2, 2, 2, 2, 2, 2, 2, 2, 2, 2, 2, 2, 2, 2, 2, 2, 2, 2, 2, 2, 2, 2, 2, 2, 2, 2, 2, 2, 2, 2, 2, 2, 2, 2, 2, 2, 2, 2, 2, 3 ),
 ( 0.000000000000000000, 1.000000000000000000 ),
 ( 0.000000000000000000, 0.01136363636363636395, 0.02272727272727272790, 0.03409090909090908839, 0.04545454545454545581, 0.05681818181818181629, 0.06818181818181817677, 0.07954545454545454419, 0.09090909090909091161, 0.1022727272727272790, 0.1136363636363636326, 0.1250000000000000000, 0.1363636363636363535, 0.1477272727272727348, 0.1590909090909090884, 0.1704545454545454419, 0.1818181818181818232, 0.1931818181818181768, 0.2045454545454545581, 0.2159090909090909116, 0.2272727272727272652, 0.2386363636363636465, 0.2500000000000000000, 0.2613636363636363535, 0.2727272727272727071, 0.2840909090909091161, 0.2954545454545454697, 0.3068181818181818232, 0.3181818181818181768, 0.3295454545454545303, 0.3409090909090908839, 0.3522727272727272929, 0.3636363636363636465, 0.3750000000000000000, 0.3863636363636363535, 0.3977272727272727071, 0.4090909090909091161, 0.4204545454545454697, 0.4318181818181818232, 0.4431818181818181768, 0.4545454545454545303, 0.4659090909090908839, 0.4772727272727272929, 0.4886363636363636465, 0.5000000000000000000, 0.5113636363636363535, 0.5227272727272727071, 0.5340909090909090606, 0.5454545454545454142, 0.5568181818181817677, 0.5681818181818182323, 0.5795454545454545858, 0.5909090909090909394, 0.6022727272727272929, 0.6136363636363636465, 0.6250000000000000000, 0.6363636363636363535, 0.6477272727272727071, 0.6590909090909090606, 0.6704545454545454142, 0.6818181818181817677, 0.6931818181818182323, 0.7045454545454545858, 0.7159090909090909394, 0.7272727272727272929, 0.7386363636363636465, 0.7500000000000000000, 0.7613636363636363535, 0.7727272727272727071, 0.7840909090909090606, 0.7954545454545454142, 0.8068181818181817677, 0.8181818181818182323, 0.8295454545454545858, 0.8409090909090909394, 0.8522727272727272929, 0.8636363636363636465, 0.8750000000000000000, 0.8863636363636363535, 0.8977272727272727071, 0.9090909090909090606, 0.9204545454545454142, 0.9318181818181817677, 0.9431818181818182323, 0.9545454545454545858, 0.9659090909090909394, 0.9772727272727272929, 0.9886363636363636465, 1.000000000000000000 ),
 .UNSPECIFIED. ) 
 GEOMETRIC_REPRESENTATION_ITEM ( )  RATIONAL_B_SPLINE_SURFACE ( (
 ( 1.000000000000000000, 0.9238795325112867385, 1.000000000000000000, 0.9238795325112867385, 1.000000000000000000, 0.9238795325112867385, 1.000000000000000000, 0.9238795325112867385, 1.000000000000000000, 0.9238795325112867385, 1.000000000000000000, 0.9238795325112867385, 1.000000000000000000, 0.9238795325112867385, 1.000000000000000000, 0.9238795325112867385, 1.000000000000000000, 0.9238795325112867385, 1.000000000000000000, 0.9238795325112867385, 1.000000000000000000, 0.9238795325112867385, 1.000000000000000000, 0.9238795325112867385, 1.000000000000000000, 0.9238795325112867385, 1.000000000000000000, 0.9238795325112867385, 1.000000000000000000, 0.9238795325112867385, 1.000000000000000000, 0.9238795325112867385, 1.000000000000000000, 0.9238795325112867385, 1.000000000000000000, 0.9238795325112867385, 1.000000000000000000, 0.9238795325112867385, 1.000000000000000000, 0.9238795325112867385, 1.000000000000000000, 0.9238795325112867385, 1.000000000000000000, 0.9238795325112867385, 1.000000000000000000, 0.9238795325112867385, 1.000000000000000000, 0.9238795325112867385, 1.000000000000000000, 0.9238795325112867385, 1.000000000000000000, 0.9238795325112867385, 1.000000000000000000, 0.9238795325112867385, 1.000000000000000000, 0.9238795325112867385, 1.000000000000000000, 0.9238795325112867385, 1.000000000000000000, 0.9238795325112867385, 1.000000000000000000, 0.9238795325112867385, 1.000000000000000000, 0.9238795325112867385, 1.000000000000000000, 0.9238795325112867385, 1.000000000000000000, 0.9238795325112867385, 1.000000000000000000, 0.9238795325112867385, 1.000000000000000000, 0.9238795325112867385, 1.000000000000000000, 0.9238795325112867385, 1.000000000000000000, 0.9238795325112867385, 1.000000000000000000, 0.9238795325112867385, 1.000000000000000000, 0.9238795325112867385, 1.000000000000000000, 0.9238795325112867385, 1.000000000000000000, 0.9238795325112867385, 1.000000000000000000, 0.9238795325112867385, 1.000000000000000000, 0.9238795325112867385, 1.000000000000000000, 0.9238795325112867385, 1.000000000000000000, 0.9238795325112867385, 1.000000000000000000, 0.9238795325112867385, 1.000000000000000000, 0.9238795325112867385, 1.000000000000000000, 0.9238795325112867385, 1.000000000000000000, 0.9238795325112867385, 1.000000000000000000, 0.9238795325112867385, 1.000000000000000000, 0.9238795325112867385, 1.000000000000000000, 0.9238795325112867385, 1.000000000000000000, 0.9238795325112867385, 1.000000000000000000, 0.9238795325112867385, 1.000000000000000000, 0.9238795325112867385, 1.000000000000000000, 0.9238795325112867385, 1.000000000000000000, 0.9238795325112867385, 1.000000000000000000, 0.9238795325112867385, 1.000000000000000000, 0.9238795325112867385, 1.000000000000000000, 0.9238795325112867385, 1.000000000000000000, 0.9238795325112867385, 1.000000000000000000, 0.9238795325112867385, 1.000000000000000000, 0.9238795325112867385, 1.000000000000000000, 0.9238795325112867385, 1.000000000000000000, 0.9238795325112867385, 1.000000000000000000, 0.9238795325112867385, 1.000000000000000000, 0.9238795325112867385, 1.000000000000000000, 0.9238795325112867385, 1.000000000000000000, 0.9238795325112867385, 1.000000000000000000, 0.9238795325112867385, 1.000000000000000000, 0.9238795325112867385, 1.000000000000000000, 0.9238795325112867385, 1.000000000000000000, 0.9238795325112867385, 1.000000000000000000, 0.9238795325112867385, 1.000000000000000000, 0.9238795325112867385, 1.000000000000000000, 0.9238795325112867385, 1.000000000000000000, 0.9238795325112867385, 1.000000000000000000, 0.9238795325112867385, 1.000000000000000000, 0.9238795325112867385, 1.000000000000000000, 0.9238795325112867385, 1.000000000000000000, 0.9238795325112867385, 1.000000000000000000, 0.9238795325112867385, 1.000000000000000000, 0.9238795325112867385, 1.000000000000000000, 0.9238795325112867385, 1.000000000000000000, 0.9238795325112867385, 1.000000000000000000, 0.9238795325112867385, 1.000000000000000000, 0.9238795325112867385, 1.000000000000000000),
 ( 1.000000000000000000, 0.9238795325112867385, 1.000000000000000000, 0.9238795325112867385, 1.000000000000000000, 0.9238795325112867385, 1.000000000000000000, 0.9238795325112867385, 1.000000000000000000, 0.9238795325112867385, 1.000000000000000000, 0.9238795325112867385, 1.000000000000000000, 0.9238795325112867385, 1.000000000000000000, 0.9238795325112867385, 1.000000000000000000, 0.9238795325112867385, 1.000000000000000000, 0.9238795325112867385, 1.000000000000000000, 0.9238795325112867385, 1.000000000000000000, 0.9238795325112867385, 1.000000000000000000, 0.9238795325112867385, 1.000000000000000000, 0.9238795325112867385, 1.000000000000000000, 0.9238795325112867385, 1.000000000000000000, 0.9238795325112867385, 1.000000000000000000, 0.9238795325112867385, 1.000000000000000000, 0.9238795325112867385, 1.000000000000000000, 0.9238795325112867385, 1.000000000000000000, 0.9238795325112867385, 1.000000000000000000, 0.9238795325112867385, 1.000000000000000000, 0.9238795325112867385, 1.000000000000000000, 0.9238795325112867385, 1.000000000000000000, 0.9238795325112867385, 1.000000000000000000, 0.9238795325112867385, 1.000000000000000000, 0.9238795325112867385, 1.000000000000000000, 0.9238795325112867385, 1.000000000000000000, 0.9238795325112867385, 1.000000000000000000, 0.9238795325112867385, 1.000000000000000000, 0.9238795325112867385, 1.000000000000000000, 0.9238795325112867385, 1.000000000000000000, 0.9238795325112867385, 1.000000000000000000, 0.9238795325112867385, 1.000000000000000000, 0.9238795325112867385, 1.000000000000000000, 0.9238795325112867385, 1.000000000000000000, 0.9238795325112867385, 1.000000000000000000, 0.9238795325112867385, 1.000000000000000000, 0.9238795325112867385, 1.000000000000000000, 0.9238795325112867385, 1.000000000000000000, 0.9238795325112867385, 1.000000000000000000, 0.9238795325112867385, 1.000000000000000000, 0.9238795325112867385, 1.000000000000000000, 0.9238795325112867385, 1.000000000000000000, 0.9238795325112867385, 1.000000000000000000, 0.9238795325112867385, 1.000000000000000000, 0.9238795325112867385, 1.000000000000000000, 0.9238795325112867385, 1.000000000000000000, 0.9238795325112867385, 1.000000000000000000, 0.9238795325112867385, 1.000000000000000000, 0.9238795325112867385, 1.000000000000000000, 0.9238795325112867385, 1.000000000000000000, 0.9238795325112867385, 1.000000000000000000, 0.9238795325112867385, 1.000000000000000000, 0.9238795325112867385, 1.000000000000000000, 0.9238795325112867385, 1.000000000000000000, 0.9238795325112867385, 1.000000000000000000, 0.9238795325112867385, 1.000000000000000000, 0.9238795325112867385, 1.000000000000000000, 0.9238795325112867385, 1.000000000000000000, 0.9238795325112867385, 1.000000000000000000, 0.9238795325112867385, 1.000000000000000000, 0.9238795325112867385, 1.000000000000000000, 0.9238795325112867385, 1.000000000000000000, 0.9238795325112867385, 1.000000000000000000, 0.9238795325112867385, 1.000000000000000000, 0.9238795325112867385, 1.000000000000000000, 0.9238795325112867385, 1.000000000000000000, 0.9238795325112867385, 1.000000000000000000, 0.9238795325112867385, 1.000000000000000000, 0.9238795325112867385, 1.000000000000000000, 0.9238795325112867385, 1.000000000000000000, 0.9238795325112867385, 1.000000000000000000, 0.9238795325112867385, 1.000000000000000000, 0.9238795325112867385, 1.000000000000000000, 0.9238795325112867385, 1.000000000000000000, 0.9238795325112867385, 1.000000000000000000, 0.9238795325112867385, 1.000000000000000000, 0.9238795325112867385, 1.000000000000000000, 0.9238795325112867385, 1.000000000000000000, 0.9238795325112867385, 1.000000000000000000, 0.9238795325112867385, 1.000000000000000000, 0.9238795325112867385, 1.000000000000000000, 0.9238795325112867385, 1.000000000000000000, 0.9238795325112867385, 1.000000000000000000, 0.9238795325112867385, 1.000000000000000000, 0.9238795325112867385, 1.000000000000000000, 0.9238795325112867385, 1.000000000000000000, 0.9238795325112867385, 1.000000000000000000) ) ) 
 REPRESENTATION_ITEM ( '' )  SURFACE ( )  );
#2549 = CARTESIAN_POINT ( 'NONE',  ( -0.9736010864139321708, -2.350480947161667888, -26.67600000000002325 ) ) ;
#2550 = ORIENTED_EDGE ( 'NONE', *, *, #185, .F. ) ;
#2551 = CARTESIAN_POINT ( 'NONE',  ( 2.693480229803883574, -0.2286127043094342282, -32.57659740803558179 ) ) ;
#2552 = LINE ( 'NONE', #596, #3503 ) ;
#2553 = CARTESIAN_POINT ( 'NONE',  ( 2.350480947161671885, -7.333557197200833873E-16, -24.23850000000002680 ) ) ;
#2554 = ORIENTED_EDGE ( 'NONE', *, *, #3150, .T. ) ;
#2555 = CARTESIAN_POINT ( 'NONE',  ( 2.350480947161671885, -7.787157594489077418E-15, -28.23850000000001970 ) ) ;
#2556 = ORIENTED_EDGE ( 'NONE', *, *, #1038, .F. ) ;
#2557 = LINE ( 'NONE', #2887, #2365 ) ;
#2558 = CALENDAR_DATE ( 2026, 24, 2 ) ;
#2559 = CARTESIAN_POINT ( 'NONE',  ( 3.054126587736528009, -1.265060653844735095, -26.89475000000000904 ) ) ;
#2560 = DIRECTION ( 'NONE',  ( -0.000000000000000000, 8.971971810740515560E-18, 1.000000000000000000 ) ) ;
#2561 = CARTESIAN_POINT ( 'NONE',  ( -2.350480947161671885, -1.576539260404073400E-16, -32.73850000000000904 ) ) ;
#2562 = CARTESIAN_POINT ( 'NONE',  ( -1.662041016787800363, -1.662041016787794590, -30.61350000000001259 ) ) ;
#2563 = CARTESIAN_POINT ( 'NONE',  ( -1.390279363727721318, 2.547834439121507533, -24.59318259089890546 ) ) ;
#2564 = EDGE_CURVE ( 'NONE', #2106, #2640, #1620, .T. ) ;
#2565 = CYLINDRICAL_SURFACE ( 'NONE', #2162, 2.350480947161671885 ) ;
#2566 = EDGE_LOOP ( 'NONE', ( #3135, #3294, #1975, #3298 ) ) ;
#2567 = CARTESIAN_POINT ( 'NONE',  ( 1.190144236522650400E-12, 2.947428508036754380, -24.64385216503675480 ) ) ;
#2568 = CARTESIAN_POINT ( 'NONE',  ( -2.121320343559644606, -2.121320343559644606, -32.11350000000003035 ) ) ;
#2569 =( BOUNDED_CURVE ( )  B_SPLINE_CURVE ( 2, ( #2639, #669, #2711, #411, #1853, #117, #2382, #2982, #2418 ),
 .UNSPECIFIED., .F., .T. ) 
 B_SPLINE_CURVE_WITH_KNOTS ( ( 3, 2, 2, 2, 3 ),
 ( 0.7045454545454546968, 0.7159090909090910504, 0.7272727272727272929, 0.7386363636363635354, 0.7499999999999998890 ),
 .UNSPECIFIED. ) 
 CURVE ( )  GEOMETRIC_REPRESENTATION_ITEM ( )  RATIONAL_B_SPLINE_CURVE ( ( 0.9999999999999992228, 0.9238795325112875156, 1.000000000000000000, 0.9238795325112867385, 1.000000000000000000, 0.9238795325112867385, 1.000000000000000000, 0.9238795325112875156, 0.9999999999999992228 ) ) 
 REPRESENTATION_ITEM ( '' )  );
#2570 = AXIS2_PLACEMENT_3D ( 'NONE', #1324, #1088, #3271 ) ;
#2571 = CARTESIAN_POINT ( 'NONE',  ( -2.350480947161671885, -0.9736010864139230669, -24.67600000000002680 ) ) ;
#2572 = ORIENTED_EDGE ( 'NONE', *, *, #2108, .F. ) ;
#2573 = CARTESIAN_POINT ( 'NONE',  ( -3.673940397442062333E-16, -3.000000000000002665, -26.11350000000001259 ) ) ;
#2574 = CC_DESIGN_PERSON_AND_ORGANIZATION_ASSIGNMENT ( #1336, #2460, ( #2109 ) ) ;
#2575 = ADVANCED_FACE ( 'NONE', ( #852 ), #3142, .T. ) ;
#2576 = ORIENTED_EDGE ( 'NONE', *, *, #800, .F. ) ;
#2577 = CARTESIAN_POINT ( 'NONE',  ( 0.000000000000000000, -2.134405299830164918E-15, 25.12350000000001060 ) ) ;
#2578 = PERSON_AND_ORGANIZATION_ROLE ( 'classification_officer' ) ;
#2579 = CARTESIAN_POINT ( 'NONE',  ( 3.054126587736528453, 1.265060653844733096, -24.76975000000000904 ) ) ;
#2580 = CYLINDRICAL_SURFACE ( 'NONE', #3460, 6.499999999999997335 ) ;
#2581 = PLANE ( 'NONE',  #804 ) ;
#2582 = CARTESIAN_POINT ( 'NONE',  ( -2.159593620790630997, -2.159593620790630997, -31.14475000000003746 ) ) ;
#2583 = CARTESIAN_POINT ( 'NONE',  ( 0.000000000000000000, 3.000000000000001776, -27.61350000000000904 ) ) ;
#2584 = CARTESIAN_POINT ( 'NONE',  ( 1.081494977730763635E-12, -2.630441209928904733, -24.32686486692890782 ) ) ;
#2585 = CARTESIAN_POINT ( 'NONE',  ( 0.000000000000000000, -3.015793744603263765E-16, -33.61350000000000193 ) ) ;
#2586 = ORIENTED_EDGE ( 'NONE', *, *, #1611, .F. ) ;
#2587 = CARTESIAN_POINT ( 'NONE',  ( 0.2585135982578540270, 2.955818618356769623, -24.65224227535689039 ) ) ;
#2588 = CARTESIAN_POINT ( 'NONE',  ( -2.683651243396382835, 0.4923217408430337061, -32.55224757018140025 ) ) ;
#2589 = DIRECTION ( 'NONE',  ( 0.000000000000000000, -1.000000000000000000, 8.971971810740515560E-18 ) ) ;
#2590 = AXIS2_PLACEMENT_3D ( 'NONE', #1810, #2150, #3273 ) ;
#2591 = ORIENTED_EDGE ( 'NONE', *, *, #2207, .F. ) ;
#2592 = EDGE_CURVE ( 'NONE', #2923, #1170, #1977, .T. ) ;
#2593 = AXIS2_PLACEMENT_3D ( 'NONE', #318, #2303, #3381 ) ;
#2594 = EDGE_CURVE ( 'NONE', #1383, #3357, #2317, .T. ) ;
#2595 = VERTEX_POINT ( 'NONE', #563 ) ;
#2596 = CARTESIAN_POINT ( 'NONE',  ( -3.000000000000002665, -1.242640687119286103, -27.17600000000005167 ) ) ;
#2597 = VECTOR ( 'NONE', #2516, 1000.000000000000000 ) ;
#2598 = CARTESIAN_POINT ( 'NONE',  ( -3.054126587736528897, -1.265060653844732652, -26.26975000000001259 ) ) ;
#2599 = CYLINDRICAL_SURFACE ( 'NONE', #2417, 2.476191000000002695 ) ;
#2600 = CARTESIAN_POINT ( 'NONE',  ( -2.350480947161671885, -1.576539260404073400E-16, -33.86350000000000193 ) ) ;
#2601 = CARTESIAN_POINT ( 'NONE',  ( 1.265060653844732430, -3.054126587736530674, -28.95725000000004812 ) ) ;
#2602 = CARTESIAN_POINT ( 'NONE',  ( 0.000000000000000000, 3.000000000000001776, -31.61349999999999483 ) ) ;
#2603 = CARTESIAN_POINT ( 'NONE',  ( 2.350480947161669665, 0.9736010864139172938, -25.17600000000002680 ) ) ;
#2604 = CARTESIAN_POINT ( 'NONE',  ( 0.000000000000000000, -2.058233259156977999E-15, 33.61350000000000193 ) ) ;
#2605 = ORIENTED_EDGE ( 'NONE', *, *, #2684, .F. ) ;
#2606 = CARTESIAN_POINT ( 'NONE',  ( 0.3568757447757381907, -2.541764331254008358, -32.71330039684820434 ) ) ;
#2607 = DIRECTION ( 'NONE',  ( -0.000000000000000000, 8.971971810740515560E-18, 1.000000000000000000 ) ) ;
#2608 = CARTESIAN_POINT ( 'NONE',  ( -2.350480947161671885, -0.9736010864139230669, -23.67600000000003391 ) ) ;
#2609 = EDGE_LOOP ( 'NONE', ( #2478, #3259, #342, #252 ) ) ;
#2610 = CARTESIAN_POINT ( 'NONE',  ( 0.000000000000000000, 3.054126587736528453, -33.51975000000003035 ) ) ;
#2611 = CARTESIAN_POINT ( 'NONE',  ( 2.350480947161671885, -1.008996476920778279E-14, -24.36350000000002680 ) ) ;
#2612 = ORIENTED_EDGE ( 'NONE', *, *, #1054, .F. ) ;
#2613 = EDGE_CURVE ( 'NONE', #2961, #2496, #1411, .T. ) ;
#2614 = CARTESIAN_POINT ( 'NONE',  ( -1.662041016787797254, 1.662041016787797254, -29.98850000000001614 ) ) ;
#2615 = CARTESIAN_POINT ( 'NONE',  ( 1.265060653844735095, 3.054126587736527565, -25.64475000000001614 ) ) ;
#2616 = CARTESIAN_POINT ( 'NONE',  ( -1.662041016787799919, -1.662041016787795034, -31.73850000000000904 ) ) ;
#2617 = CARTESIAN_POINT ( 'NONE',  ( 2.350480947161671885, -7.787157594489077418E-15, -28.23850000000001970 ) ) ;
#2618 = CARTESIAN_POINT ( 'NONE',  ( -1.265060653844732652, 3.054126587736528453, -31.45725000000003391 ) ) ;
#2619 = CARTESIAN_POINT ( 'NONE',  ( 2.350480947161663892, -0.9736010864139333920, -30.30100000000001970 ) ) ;
#2620 = CARTESIAN_POINT ( 'NONE',  ( 5.181316143117084722E-15, 2.350480947161671441, -24.98850000000002325 ) ) ;
#2621 = EDGE_CURVE ( 'NONE', #2733, #1352, #1255, .T. ) ;
#2622 = CARTESIAN_POINT ( 'NONE',  ( 1.351493277329152143, 1.529116069284548018, 33.34250524179863362 ) ) ;
#2623 = ORIENTED_EDGE ( 'NONE', *, *, #1011, .F. ) ;
#2624 = DIRECTION ( 'NONE',  ( 0.000000000000000000, -1.000000000000000000, 8.971971810740515560E-18 ) ) ;
#2625 = CARTESIAN_POINT ( 'NONE',  ( -2.624890356106068801, -1.414338542885744232, -32.29855149982190454 ) ) ;
#2626 = CARTESIAN_POINT ( 'NONE',  ( 2.473797303761473554, -0.1088520481363362546, -24.17261465700000400 ) ) ;
#2627 = ORIENTED_EDGE ( 'NONE', *, *, #2044, .T. ) ;
#2628 = CARTESIAN_POINT ( 'NONE',  ( -3.054126587736528897, -1.145680569672079404E-16, -33.26975000000003746 ) ) ;
#2629 = DIRECTION ( 'NONE',  ( -0.5000000000000003331, -0.8660254037844385966, 0.000000000000000000 ) ) ;
#2630 = VERTEX_POINT ( 'NONE', #1997 ) ;
#2631 = CARTESIAN_POINT ( 'NONE',  ( -0.3305351135189399381, 2.860776441867413311, -32.39874914823515439 ) ) ;
#2632 = CARTESIAN_POINT ( 'NONE',  ( -3.054126587736528897, -1.145680569672079404E-16, -23.33225000000001970 ) ) ;
#2633 = FACE_OUTER_BOUND ( 'NONE', #2082, .T. ) ;
#2634 = CARTESIAN_POINT ( 'NONE',  ( -0.9736010864139229559, 2.350480947161671441, -31.05100000000001970 ) ) ;
#2635 = CARTESIAN_POINT ( 'NONE',  ( 0.000000000000000000, 3.054126587736528453, -30.51975000000004101 ) ) ;
#2636 = DIRECTION ( 'NONE',  ( 0.000000000000000000, -1.000000000000000000, 0.000000000000000000 ) ) ;
#2637 = EDGE_CURVE ( 'NONE', #518, #419, #333, .T. ) ;
#2638 = EDGE_CURVE ( 'NONE', #2749, #2712, #1878, .T. ) ;
#2639 = CARTESIAN_POINT ( 'NONE',  ( 2.350480947161671885, -8.938561181848428527E-15, -26.36350000000002325 ) ) ;
#2640 = VERTEX_POINT ( 'NONE', #547 ) ;
#2641 = CARTESIAN_POINT ( 'NONE',  ( -3.673940397442062333E-16, -3.000000000000002665, -25.11350000000001259 ) ) ;
#2642 = CARTESIAN_POINT ( 'NONE',  ( -2.350480947161671885, -2.030139657692317537E-15, -29.86350000000001614 ) ) ;
#2643 = VERTEX_POINT ( 'NONE', #872 ) ;
#2644 =( BOUNDED_CURVE ( )  B_SPLINE_CURVE ( 2, ( #1678, #1379, #478, #221, #2524, #1634, #2205, #3580, #3364 ),
 .UNSPECIFIED., .F., .F. ) 
 B_SPLINE_CURVE_WITH_KNOTS ( ( 3, 2, 2, 2, 3 ),
 ( 0.1136363636363633828, 0.1249999999999997780, 0.1363636363636361870, 0.1477272727272725961, 0.1590909090909089774 ),
 .UNSPECIFIED. ) 
 CURVE ( )  GEOMETRIC_REPRESENTATION_ITEM ( )  RATIONAL_B_SPLINE_CURVE ( ( 1.000000000000001776, 0.9238795325112850731, 1.000000000000000000, 0.9238795325112867385, 1.000000000000000000, 0.9238795325112867385, 1.000000000000000000, 0.9238795325112875156, 0.9999999999999992228 ) ) 
 REPRESENTATION_ITEM ( '' )  );
#2645 = CARTESIAN_POINT ( 'NONE',  ( -2.350480947161672329, -0.9736010864139217347, -29.67600000000001614 ) ) ;
#2646 = VERTEX_POINT ( 'NONE', #2257 ) ;
#2647 = CARTESIAN_POINT ( 'NONE',  ( 2.350480947161671441, -0.9736010864139245102, -24.42600000000002680 ) ) ;
#2648 = CIRCLE ( 'NONE', #1641, 2.309401076758502924 ) ;
#2649 = ORIENTED_EDGE ( 'NONE', *, *, #916, .T. ) ;
#2650 = EDGE_LOOP ( 'NONE', ( #2963, #52, #2915, #3064 ) ) ;
#2651 = CARTESIAN_POINT ( 'NONE',  ( 3.054126587736528453, 1.265060653844733096, -25.76975000000001259 ) ) ;
#2652 = CIRCLE ( 'NONE', #1055, 3.999999999999998224 ) ;
#2653 = VECTOR ( 'NONE', #396, 1000.000000000000000 ) ;
#2654 = DIRECTION ( 'NONE',  ( -0.000000000000000000, 8.971971810740515560E-18, 1.000000000000000000 ) ) ;
#2655 = CARTESIAN_POINT ( 'NONE',  ( -2.350480947161671885, -0.9736010864139230669, -32.80100000000000904 ) ) ;
#2656 = CARTESIAN_POINT ( 'NONE',  ( 1.265060653844732430, -3.054126587736530674, -29.95725000000003746 ) ) ;
#2657 = CARTESIAN_POINT ( 'NONE',  ( 0.9736010864139247323, -2.350480947161671441, -28.42600000000001614 ) ) ;
#2658 = CARTESIAN_POINT ( 'NONE',  ( 2.350480947161671885, -7.211455800809401075E-15, -29.23850000000001614 ) ) ;
#2659 = AXIS2_PLACEMENT_3D ( 'NONE', #3290, #3346, #553 ) ;
#2660 = DIRECTION ( 'NONE',  ( 1.000000000000000000, 0.000000000000000000, 0.000000000000000000 ) ) ;
#2661 = CARTESIAN_POINT ( 'NONE',  ( -2.350480947161681211, -0.9736010864139119647, -25.80100000000002680 ) ) ;
#2662 = EDGE_CURVE ( 'NONE', #2063, #562, #2238, .T. ) ;
#2663 = FACE_OUTER_BOUND ( 'NONE', #815, .T. ) ;
#2664 = CARTESIAN_POINT ( 'NONE',  ( 0.9736010864139237331, 2.350480947161670997, -27.17600000000001970 ) ) ;
#2665 = ORIENTED_EDGE ( 'NONE', *, *, #2723, .F. ) ;
#2666 = CARTESIAN_POINT ( 'NONE',  ( 3.054126587736528453, 1.265060653844733096, -32.70725000000003746 ) ) ;
#2667 = CARTESIAN_POINT ( 'NONE',  ( 0.6023601779109934995, 2.528402643340257772, -24.29131688032553882 ) ) ;
#2668 =( BOUNDED_CURVE ( )  B_SPLINE_CURVE ( 2, ( #34, #3079, #67, #1149, #2311, #1404, #2791, #268, #1111 ),
 .UNSPECIFIED., .F., .T. ) 
 B_SPLINE_CURVE_WITH_KNOTS ( ( 3, 2, 2, 2, 3 ),
 ( 0.5454545454545450811, 0.5568181818181815457, 0.5681818181818181213, 0.5795454545454544748, 0.5909090909090909394 ),
 .UNSPECIFIED. ) 
 CURVE ( )  GEOMETRIC_REPRESENTATION_ITEM ( )  RATIONAL_B_SPLINE_CURVE ( ( 1.000000000000002220, 0.9238795325112845180, 1.000000000000000000, 0.9238795325112867385, 1.000000000000000000, 0.9238795325112867385, 1.000000000000000000, 0.9238795325112867385, 1.000000000000000000 ) ) 
 REPRESENTATION_ITEM ( '' )  );
#2669 = ORIENTED_EDGE ( 'NONE', *, *, #896, .F. ) ;
#2670 = CARTESIAN_POINT ( 'NONE',  ( 0.9736010864139224008, -2.350480947161673217, -33.42600000000000904 ) ) ;
#2671 = EDGE_CURVE ( 'NONE', #776, #1313, #1465, .T. ) ;
#2672 = CARTESIAN_POINT ( 'NONE',  ( -3.673940397442062333E-16, -3.000000000000002665, -27.11350000000000904 ) ) ;
#2673 = CARTESIAN_POINT ( 'NONE',  ( 0.9736010864139224008, -2.350480947161673217, -32.55100000000000904 ) ) ;
#2674 = CARTESIAN_POINT ( 'NONE',  ( -2.159593620790630997, -2.159593620790630997, -24.14475000000005522 ) ) ;
#2675 = DIRECTION ( 'NONE',  ( 0.000000000000000000, -8.971971810740515560E-18, -1.000000000000000000 ) ) ;
#2676 = CARTESIAN_POINT ( 'NONE',  ( -1.242640687119295873, -2.999999999999993783, -29.17600000000000193 ) ) ;
#2677 = ORIENTED_EDGE ( 'NONE', *, *, #2959, .F. ) ;
#2678 = CARTESIAN_POINT ( 'NONE',  ( 2.000000000000000000, -0.7874566122254271772, 33.44556407494619066 ) ) ;
#2679 = CARTESIAN_POINT ( 'NONE',  ( -2.688921724716077488, -1.228475169061170824, -32.32390278948649609 ) ) ;
#2680 = AXIS2_PLACEMENT_3D ( 'NONE', #1700, #3389, #3423 ) ;
#2681 = CARTESIAN_POINT ( 'NONE',  ( 3.673940397442064798E-16, 3.000000000000002220, 33.61350000000000193 ) ) ;
#2682 = ORIENTED_EDGE ( 'NONE', *, *, #493, .F. ) ;
#2683 = DIRECTION ( 'NONE',  ( -0.000000000000000000, 8.971971810740515560E-18, 1.000000000000000000 ) ) ;
#2684 = EDGE_CURVE ( 'NONE', #1387, #3387, #847, .T. ) ;
#2685 = B_SPLINE_CURVE_WITH_KNOTS ( 'NONE', 3,
 ( #2327, #1718, #2286, #3134, #1768, #341 ),
 .UNSPECIFIED., .F., .F.,
 ( 4, 2, 4 ),
 ( 0.002562286343442878294, 0.003160720434097906602, 0.003759154524752934476 ),
 .UNSPECIFIED. ) ;
#2686 = ORIENTED_EDGE ( 'NONE', *, *, #561, .T. ) ;
#2687 = EDGE_CURVE ( 'NONE', #3097, #196, #2557, .T. ) ;
#2688 =( BOUNDED_CURVE ( )  B_SPLINE_CURVE ( 2, ( #3578, #783, #1904, #3036, #511, #2202, #801, #77, #1744 ),
 .UNSPECIFIED., .F., .T. ) 
 B_SPLINE_CURVE_WITH_KNOTS ( ( 3, 2, 2, 2, 3 ),
 ( 0.6136363636363637575, 0.6250000000000001110, 0.6363636363636364646, 0.6477272727272727071, 0.6590909090909090606 ),
 .UNSPECIFIED. ) 
 CURVE ( )  GEOMETRIC_REPRESENTATION_ITEM ( )  RATIONAL_B_SPLINE_CURVE ( ( 0.9999999999999992228, 0.9238795325112875156, 1.000000000000000000, 0.9238795325112867385, 1.000000000000000000, 0.9238795325112867385, 1.000000000000000000, 0.9238795325112867385, 1.000000000000000000 ) ) 
 REPRESENTATION_ITEM ( '' )  );
#2689 = CARTESIAN_POINT ( 'NONE',  ( 0.000000000000000000, -2.560663680558446674E-15, -22.38649999999999096 ) ) ;
#2690 = CARTESIAN_POINT ( 'NONE',  ( -2.350480947161671885, -0.9736010864139230669, -29.80100000000001970 ) ) ;
#2691 = CARTESIAN_POINT ( 'NONE',  ( 2.121320343559644162, -2.121320343559645050, -29.86350000000004101 ) ) ;
#2692 = CARTESIAN_POINT ( 'NONE',  ( 0.000000000000000000, 3.054126587736528453, -31.58224999999999838 ) ) ;
#2693 = CARTESIAN_POINT ( 'NONE',  ( 0.000000000000000000, -3.015793744603263765E-16, -33.61350000000000193 ) ) ;
#2694 = CARTESIAN_POINT ( 'NONE',  ( 3.457120566463982222E-15, -2.350480947161672329, -25.61350000000002680 ) ) ;
#2695 = CARTESIAN_POINT ( 'NONE',  ( -2.350480947161673217, -0.9736010864139209575, -28.80100000000001970 ) ) ;
#2696 = DIRECTION ( 'NONE',  ( 1.000000000000000000, 0.000000000000000000, 0.000000000000000000 ) ) ;
#2697 = CLOSED_SHELL ( 'NONE', ( #3300, #610, #2994, #3083, #230, #1071 ) ) ;
#2698 = AXIS2_PLACEMENT_3D ( 'NONE', #3039, #1872, #1295 ) ;
#2699 = DIRECTION ( 'NONE',  ( -0.000000000000000000, 8.971971810740661930E-18, 1.000000000000000000 ) ) ;
#2700 = ORIENTED_EDGE ( 'NONE', *, *, #1268, .T. ) ;
#2701 = DIRECTION ( 'NONE',  ( 1.000000000000000000, -1.224646799147353207E-16, 1.098749656006365481E-33 ) ) ;
#2702 = CARTESIAN_POINT ( 'NONE',  ( 2.224685708946877227, 1.794880330254342571, -24.53896446584570157 ) ) ;
#2703 = ORIENTED_EDGE ( 'NONE', *, *, #2133, .F. ) ;
#2704 = EDGE_CURVE ( 'NONE', #739, #3046, #1112, .T. ) ;
#2705 = ADVANCED_FACE ( 'NONE', ( #2438 ), #1603, .T. ) ;
#2706 = CARTESIAN_POINT ( 'NONE',  ( -2.121320343559644606, 2.121320343559644162, -31.36350000000003035 ) ) ;
#2707 = CARTESIAN_POINT ( 'NONE',  ( -0.9736010864139230669, -2.350480947161672329, -28.67600000000001614 ) ) ;
#2708 = AXIS2_PLACEMENT_3D ( 'NONE', #3117, #3151, #628 ) ;
#2709 = CARTESIAN_POINT ( 'NONE',  ( -2.350480947161671885, -2.030139657692317537E-15, -29.73850000000001614 ) ) ;
#2710 = CARTESIAN_POINT ( 'NONE',  ( 3.054126587736528453, 1.265060653844733096, -31.76974999999999838 ) ) ;
#2711 = CARTESIAN_POINT ( 'NONE',  ( 1.662041016787796144, 1.662041016787798364, -26.23850000000002680 ) ) ;
#2712 = VERTEX_POINT ( 'NONE', #192 ) ;
#2713 = CARTESIAN_POINT ( 'NONE',  ( 0.000000000000000000, 3.000000000000001776, -25.48850000000004457 ) ) ;
#2714 = CARTESIAN_POINT ( 'NONE',  ( 1.842815071353934631, -1.245451299245610377, 33.52274923913321913 ) ) ;
#2715 = AXIS2_PLACEMENT_3D ( 'NONE', #2772, #2171, #1070 ) ;
#2716 = CARTESIAN_POINT ( 'NONE',  ( -3.673940397442062333E-16, -3.000000000000002665, -29.98850000000003746 ) ) ;
#2717 = ORIENTED_EDGE ( 'NONE', *, *, #201, .F. ) ;
#2718 = CARTESIAN_POINT ( 'NONE',  ( 0.000000000000000000, -2.058233259156977999E-15, 33.61350000000000193 ) ) ;
#2719 = CARTESIAN_POINT ( 'NONE',  ( 0.000000000000000000, -2.112065090021420846E-15, 27.61350000000000549 ) ) ;
#2720 = B_SPLINE_CURVE_WITH_KNOTS ( 'NONE', 3,
 ( #2955, #169, #2678, #433, #1014, #413 ),
 .UNSPECIFIED., .F., .F.,
 ( 4, 2, 4 ),
 ( 0.001365665145285295794, 0.001963975744364087044, 0.002562286343442878294 ),
 .UNSPECIFIED. ) ;
#2721 = ORIENTED_EDGE ( 'NONE', *, *, #225, .T. ) ;
#2722 = VERTEX_POINT ( 'NONE', #2988 ) ;
#2723 = EDGE_CURVE ( 'NONE', #2063, #3465, #386, .T. ) ;
#2724 = DIRECTION ( 'NONE',  ( 0.000000000000000000, -1.000000000000000000, 0.000000000000000000 ) ) ;
#2725 = CARTESIAN_POINT ( 'NONE',  ( 2.350480947161671885, -7.333557197200833873E-16, -26.36350000000002325 ) ) ;
#2726 = CARTESIAN_POINT ( 'NONE',  ( -1.265060653844732652, 3.054126587736528453, -33.51974999999999483 ) ) ;
#2727 = DIRECTION ( 'NONE',  ( 0.000000000000000000, 0.000000000000000000, 1.000000000000000000 ) ) ;
#2728 = CARTESIAN_POINT ( 'NONE',  ( -2.350480947161671885, 8.483693107060629956E-16, -24.86350000000002325 ) ) ;
#2729 = EDGE_CURVE ( 'NONE', #2060, #2793, #304, .T. ) ;
#2730 = DIRECTION ( 'NONE',  ( 0.000000000000000000, -1.000000000000000000, 0.000000000000000000 ) ) ;
#2731 = CARTESIAN_POINT ( 'NONE',  ( -0.6574737410325661724, -1.929808435388241206, 33.33420143862439033 ) ) ;
#2732 = CARTESIAN_POINT ( 'NONE',  ( -3.000000000000002220, -1.178823545882232598E-16, -26.23850000000004812 ) ) ;
#2733 = VERTEX_POINT ( 'NONE', #208 ) ;
#2734 = CARTESIAN_POINT ( 'NONE',  ( -2.690091349461969816, 1.286341194569272872, -32.29660343836812331 ) ) ;
#2735 = DIRECTION ( 'NONE',  ( 0.000000000000000000, -8.971971810740515560E-18, -1.000000000000000000 ) ) ;
#2736 = ORIENTED_EDGE ( 'NONE', *, *, #2594, .F. ) ;
#2737 = CARTESIAN_POINT ( 'NONE',  ( -3.054126587736528897, -1.265060653844732652, -27.20725000000004812 ) ) ;
#2738 = CARTESIAN_POINT ( 'NONE',  ( 0.000000000000000000, 3.000000000000001776, -31.48850000000003035 ) ) ;
#2739 = CARTESIAN_POINT ( 'NONE',  ( -1.662041016787797476, -1.662041016787797476, -25.73850000000002680 ) ) ;
#2740 = APPROVAL_DATE_TIME ( #1609, #229 ) ;
#2741 = CARTESIAN_POINT ( 'NONE',  ( 3.054126587736528897, -8.626133269396815863E-16, -31.83224999999999838 ) ) ;
#2742 = CARTESIAN_POINT ( 'NONE',  ( 2.350480947161671885, -8.938561181848428527E-15, -26.23850000000002325 ) ) ;
#2743 = CARTESIAN_POINT ( 'NONE',  ( 0.9736010864139247323, 2.350480947161670553, -25.17600000000002325 ) ) ;
#2744 = FACE_OUTER_BOUND ( 'NONE', #3335, .T. ) ;
#2745 = CARTESIAN_POINT ( 'NONE',  ( -1.662041016787799252, -1.662041016787795478, -32.61350000000000904 ) ) ;
#2746 = EDGE_CURVE ( 'NONE', #3461, #807, #1767, .T. ) ;
#2747 = AXIS2_PLACEMENT_3D ( 'NONE', #3621, #1385, #632 ) ;
#2748 = CARTESIAN_POINT ( 'NONE',  ( -3.000000000000002665, 1.242640687119286103, -26.30100000000004812 ) ) ;
#2749 = VERTEX_POINT ( 'NONE', #637 ) ;
#2750 = CYLINDRICAL_SURFACE ( 'NONE', #1998, 2.350480947161671885 ) ;
#2751 = CARTESIAN_POINT ( 'NONE',  ( -2.000000000000000000, 1.154700538379251684, 30.61350000000000549 ) ) ;
#2752 = CARTESIAN_POINT ( 'NONE',  ( -0.9736010864139230669, -2.350480947161672329, -25.55100000000002325 ) ) ;
#2753 = EDGE_LOOP ( 'NONE', ( #3041, #1567, #546, #2357 ) ) ;
#2754 = AXIS2_PLACEMENT_3D ( 'NONE', #1555, #2683, #2407 ) ;
#2755 = CARTESIAN_POINT ( 'NONE',  ( 1.265060653844732430, -3.054126587736530674, -25.95725000000004812 ) ) ;
#2756 = CONICAL_SURFACE ( 'NONE', #1171, 6.174999999999996270, 0.7853981633974389531 ) ;
#2757 = ORIENTED_EDGE ( 'NONE', *, *, #1996, .F. ) ;
#2758 = CARTESIAN_POINT ( 'NONE',  ( -1.242640687119305420, -2.999999999999984013, -31.05100000000003035 ) ) ;
#2759 = CARTESIAN_POINT ( 'NONE',  ( -2.350480947161671885, -0.9736010864139230669, -27.80100000000002325 ) ) ;
#2760 = CARTESIAN_POINT ( 'NONE',  ( -2.121320343559644606, -2.121320343559644606, -25.23850000000001614 ) ) ;
#2761 = CARTESIAN_POINT ( 'NONE',  ( 3.054126587736528453, 1.265060653844733096, -32.76974999999999483 ) ) ;
#2762 = EDGE_CURVE ( 'NONE', #83, #871, #1845, .T. ) ;
#2763 = AXIS2_PLACEMENT_3D ( 'NONE', #3434, #3451, #1254 ) ;
#2764 = DIRECTION ( 'NONE',  ( -0.000000000000000000, -0.000000000000000000, 1.000000000000000000 ) ) ;
#2765 = CARTESIAN_POINT ( 'NONE',  ( -4.640405099988579815E-29, 0.000000000000000000, 10.00000000000000178 ) ) ;
#2766 = CARTESIAN_POINT ( 'NONE',  ( 0.9736010864139224008, -2.350480947161673217, -31.42600000000000904 ) ) ;
#2767 = CARTESIAN_POINT ( 'NONE',  ( 0.000000000000000000, -8.673617379884035472E-16, 33.61350000000000193 ) ) ;
#2768 = CARTESIAN_POINT ( 'NONE',  ( 2.000000000000000000, -1.154700538379252350, 33.61350000000000193 ) ) ;
#2769 = ADVANCED_FACE ( 'NONE', ( #1758 ), #92, .T. ) ;
#2770 = FACE_OUTER_BOUND ( 'NONE', #2333, .T. ) ;
#2771 = ORIENTED_EDGE ( 'NONE', *, *, #3523, .F. ) ;
#2772 = CARTESIAN_POINT ( 'NONE',  ( 0.000000000000000000, -2.058233259156977999E-15, 33.61350000000000193 ) ) ;
#2773 = DIRECTION ( 'NONE',  ( -0.000000000000000000, 8.971971810740515560E-18, 1.000000000000000000 ) ) ;
#2774 = CARTESIAN_POINT ( 'NONE',  ( 2.350480947161671441, -0.9736010864139245102, -27.30100000000002325 ) ) ;
#2775 = ORIENTED_EDGE ( 'NONE', *, *, #3590, .T. ) ;
#2776 = CARTESIAN_POINT ( 'NONE',  ( -3.054126587736528897, -1.145680569672079404E-16, -25.26975000000004812 ) ) ;
#2777 = ORIENTED_EDGE ( 'NONE', *, *, #3316, .T. ) ;
#2778 = DIRECTION ( 'NONE',  ( 1.000000000000000000, -0.000000000000000000, 0.000000000000000000 ) ) ;
#2779 = CARTESIAN_POINT ( 'NONE',  ( 2.350480947161671441, -0.9736010864139245102, -25.42600000000002680 ) ) ;
#2780 = DIRECTION ( 'NONE',  ( 1.000000000000000000, 0.000000000000000000, 0.000000000000000000 ) ) ;
#2781 = CARTESIAN_POINT ( 'NONE',  ( 1.265060653844735095, 3.054126587736527565, -26.64475000000000549 ) ) ;
#2782 =( BOUNDED_CURVE ( )  B_SPLINE_CURVE ( 2, ( #1102, #3304, #2446, #1597, #261, #1322, #1905, #1339, #2203 ),
 .UNSPECIFIED., .F., .T. ) 
 B_SPLINE_CURVE_WITH_KNOTS ( ( 3, 2, 2, 2, 3 ),
 ( 0.6590909090909090606, 0.6704545454545454142, 0.6818181818181818787, 0.6931818181818183433, 0.7045454545454546968 ),
 .UNSPECIFIED. ) 
 CURVE ( )  GEOMETRIC_REPRESENTATION_ITEM ( )  RATIONAL_B_SPLINE_CURVE ( ( 1.000000000000000000, 0.9238795325112867385, 1.000000000000000000, 0.9238795325112867385, 1.000000000000000000, 0.9238795325112867385, 1.000000000000000000, 0.9238795325112859613, 1.000000000000000666 ) ) 
 REPRESENTATION_ITEM ( '' )  );
#2783 = CARTESIAN_POINT ( 'NONE',  ( -0.9736010864139317267, -2.350480947161668777, -27.55100000000002325 ) ) ;
#2784 = FACE_OUTER_BOUND ( 'NONE', #2069, .T. ) ;
#2785 = CARTESIAN_POINT ( 'NONE',  ( -2.350480947161671885, 0.9736010864139226229, -32.80100000000000904 ) ) ;
#2786 = CARTESIAN_POINT ( 'NONE',  ( -2.350480947161666112, -0.9736010864139260645, -24.80100000000001970 ) ) ;
#2787 = LINE ( 'NONE', #3385, #2053 ) ;
#2788 = DIRECTION ( 'NONE',  ( -0.000000000000000000, 8.971971810740515560E-18, 1.000000000000000000 ) ) ;
#2789 = ORIENTED_EDGE ( 'NONE', *, *, #1239, .F. ) ;
#2790 = CARTESIAN_POINT ( 'NONE',  ( 0.000000000000000000, -2.649373280312614629E-15, -32.27391400725000636 ) ) ;
#2791 = CARTESIAN_POINT ( 'NONE',  ( -2.121320343559644606, -2.121320343559644606, -28.11350000000004457 ) ) ;
#2792 = CARTESIAN_POINT ( 'NONE',  ( 0.9736010864139224008, -2.350480947161673217, -28.42600000000001614 ) ) ;
#2793 = VERTEX_POINT ( 'NONE', #1213 ) ;
#2794 = CARTESIAN_POINT ( 'NONE',  ( 2.159593620790630997, 2.159593620790629664, -27.64475000000004457 ) ) ;
#2795 = ADVANCED_FACE ( 'NONE', ( #3549 ), #2359, .T. ) ;
#2796 = ORIENTED_EDGE ( 'NONE', *, *, #1776, .T. ) ;
#2797 = CARTESIAN_POINT ( 'NONE',  ( 2.350480947161671885, -8.362859388168753762E-15, -27.36350000000001970 ) ) ;
#2798 = CARTESIAN_POINT ( 'NONE',  ( -1.662041016787797476, 1.662041016787797254, -24.98850000000002325 ) ) ;
#2799 = CYLINDRICAL_SURFACE ( 'NONE', #1817, 2.350480947161671885 ) ;
#2800 = CARTESIAN_POINT ( 'NONE',  ( -3.054126587736528897, 1.265060653844732652, -26.39475000000001259 ) ) ;
#2801 = CARTESIAN_POINT ( 'NONE',  ( 3.000000000000001776, 1.242640687119286547, -27.80100000000001259 ) ) ;
#2802 = CARTESIAN_POINT ( 'NONE',  ( -2.350480947161671885, -0.9736010864139230669, -32.67600000000000904 ) ) ;
#2803 = DIRECTION ( 'NONE',  ( 1.000000000000000000, 0.000000000000000000, 0.000000000000000000 ) ) ;
#2804 = CARTESIAN_POINT ( 'NONE',  ( 4.898587196589413815E-16, 3.999999999999999112, 33.61350000000000193 ) ) ;
#2805 =( BOUNDED_CURVE ( )  B_SPLINE_CURVE ( 2, ( #2611, #891, #3140, #2315, #1705 ),
 .UNSPECIFIED., .F., .T. ) 
 B_SPLINE_CURVE_WITH_KNOTS ( ( 3, 2, 3 ),
 ( 0.8863636363636363535, 0.8977272727272727071, 0.9037051678114188524 ),
 .UNSPECIFIED. ) 
 CURVE ( )  GEOMETRIC_REPRESENTATION_ITEM ( )  RATIONAL_B_SPLINE_CURVE ( ( 1.000000000000000000, 0.9238795325112867385, 1.000000000000000000, 0.9599564651804757265, 0.9620431151520579816 ) ) 
 REPRESENTATION_ITEM ( '' )  );
#2806 = EDGE_LOOP ( 'NONE', ( #481, #2328, #3240, #2493 ) ) ;
#2807 = DIRECTION ( 'NONE',  ( -0.000000000000000000, -0.000000000000000000, 1.000000000000000000 ) ) ;
#2808 = CARTESIAN_POINT ( 'NONE',  ( -1.242640687119275444, -3.000000000000014655, -32.05100000000003035 ) ) ;
#2809 = CARTESIAN_POINT ( 'NONE',  ( 1.662041016787797698, 1.662041016787796588, -25.11350000000002325 ) ) ;
#2810 = ORIENTED_EDGE ( 'NONE', *, *, #827, .F. ) ;
#2811 = CARTESIAN_POINT ( 'NONE',  ( 2.159593620790630553, -2.159593620790631441, -23.89475000000005522 ) ) ;
#2812 = ORIENTED_EDGE ( 'NONE', *, *, #2684, .T. ) ;
#2813 = ADVANCED_FACE ( 'NONE', ( #740 ), #2338, .T. ) ;
#2814 = CARTESIAN_POINT ( 'NONE',  ( 3.000000000000002220, 0.4033821382941975564, -24.71821144522736091 ) ) ;
#2815 = CARTESIAN_POINT ( 'NONE',  ( -2.350480947161671885, -0.9736010864139230669, -23.80100000000003035 ) ) ;
#2816 = CARTESIAN_POINT ( 'NONE',  ( 2.159593620790630553, -2.159593620790631441, -27.95725000000000549 ) ) ;
#2817 = CARTESIAN_POINT ( 'NONE',  ( 0.000000000000000000, -6.499999999999999112, 27.61350000000000549 ) ) ;
#2818 = CARTESIAN_POINT ( 'NONE',  ( 2.350480947161671885, -1.309057513399759435E-15, -32.36350000000000904 ) ) ;
#2819 = CARTESIAN_POINT ( 'NONE',  ( -2.350480947161671885, -0.9736010864139230669, -31.67600000000000904 ) ) ;
#2820 = CARTESIAN_POINT ( 'NONE',  ( -3.000000000000002220, -1.178823545882232598E-16, -27.36350000000000904 ) ) ;
#2821 = CARTESIAN_POINT ( 'NONE',  ( -2.091942367177663797, 1.966258256053326825, -24.56159031862785014 ) ) ;
#2822 = CIRCLE ( 'NONE', #1760, 4.000000000000003553 ) ;
#2823 = CARTESIAN_POINT ( 'NONE',  ( 0.8290879766986550825, 1.830726910229651505, 33.30367475204326411 ) ) ;
#2824 = VERTEX_POINT ( 'NONE', #2152 ) ;
#2825 = DIRECTION ( 'NONE',  ( 0.000000000000000000, -1.000000000000000000, 0.000000000000000000 ) ) ;
#2826 = CARTESIAN_POINT ( 'NONE',  ( 3.673940397442064798E-16, 3.000000000000002220, 33.61350000000000193 ) ) ;
#2827 = CONICAL_SURFACE ( 'NONE', #2234, 6.174999999999996270, 0.7853981633974389531 ) ;
#2828 = CARTESIAN_POINT ( 'NONE',  ( 0.000000000000000000, 2.350480947161671441, -27.98850000000001970 ) ) ;
#2829 = ORIENTED_EDGE ( 'NONE', *, *, #1010, .T. ) ;
#2830 = CARTESIAN_POINT ( 'NONE',  ( 0.9736010864139214016, 2.350480947161671885, -31.17600000000001259 ) ) ;
#2831 = AXIS2_PLACEMENT_3D ( 'NONE', #2767, #1361, #2803 ) ;
#2832 = VERTEX_POINT ( 'NONE', #3098 ) ;
#2833 = CARTESIAN_POINT ( 'NONE',  ( 0.000000000000000000, -3.000000000000006661, 33.61350000000000193 ) ) ;
#2834 = CARTESIAN_POINT ( 'NONE',  ( 2.159593620790630997, 2.159593620790629664, -33.64475000000003035 ) ) ;
#2835 = CARTESIAN_POINT ( 'NONE',  ( 0.000000000000000000, 3.054126587736528453, -28.58225000000000549 ) ) ;
#2836 = EDGE_CURVE ( 'NONE', #921, #1134, #1976, .T. ) ;
#2837 = CARTESIAN_POINT ( 'NONE',  ( -0.9736010864139217347, -2.350480947161673217, -30.67600000000001259 ) ) ;
#2838 = CARTESIAN_POINT ( 'NONE',  ( 2.350480947161671441, 0.9736010864139230669, -33.30100000000000193 ) ) ;
#2839 = CARTESIAN_POINT ( 'NONE',  ( 1.662041016787797254, -1.662041016787797920, -30.36350000000001259 ) ) ;
#2840 = CARTESIAN_POINT ( 'NONE',  ( -2.324730616263135374, 0.4920181826673584169, -32.90600677652616923 ) ) ;
#2841 = DIRECTION ( 'NONE',  ( -0.000000000000000000, 8.971971810740515560E-18, 1.000000000000000000 ) ) ;
#2842 = ADVANCED_FACE ( 'NONE', ( #1681 ), #2750, .T. ) ;
#2843 = EDGE_CURVE ( 'NONE', #1910, #3046, #1639, .T. ) ;
#2844 = DIRECTION ( 'NONE',  ( -0.000000000000000000, -0.000000000000000000, 1.000000000000000000 ) ) ;
#2845 = ORIENTED_EDGE ( 'NONE', *, *, #5, .T. ) ;
#2846 = CARTESIAN_POINT ( 'NONE',  ( 2.576982181613921785, -0.7471906438727847766, -32.59661389193187375 ) ) ;
#2847 = DIRECTION ( 'NONE',  ( 0.000000000000000000, -0.7071067811865480168, 0.7071067811865470176 ) ) ;
#2848 = DIRECTION ( 'NONE',  ( -0.000000000000000000, 8.971971810740515560E-18, 1.000000000000000000 ) ) ;
#2849 = EDGE_LOOP ( 'NONE', ( #108, #3254, #812 ) ) ;
#2850 = CARTESIAN_POINT ( 'NONE',  ( 2.350480947161658118, 0.9736010864139365006, -31.30100000000000904 ) ) ;
#2851 = EDGE_LOOP ( 'NONE', ( #2011, #2386 ) ) ;
#2852 = CARTESIAN_POINT ( 'NONE',  ( 2.121320343559644162, -2.121320343559645050, -28.86350000000004101 ) ) ;
#2853 = CARTESIAN_POINT ( 'NONE',  ( 1.265060653844732430, -3.054126587736530674, -24.01975000000001614 ) ) ;
#2854 = DIRECTION ( 'NONE',  ( -0.000000000000000000, -0.000000000000000000, 1.000000000000000000 ) ) ;
#2855 = CARTESIAN_POINT ( 'NONE',  ( -0.9736010864139160725, 2.350480947161673662, -27.92600000000001614 ) ) ;
#2856 = CARTESIAN_POINT ( 'NONE',  ( -3.054126587736528897, -1.265060653844732652, -31.20725000000004101 ) ) ;
#2857 = CARTESIAN_POINT ( 'NONE',  ( -3.000000000000002220, 1.242640687119286103, -31.42599999999999483 ) ) ;
#2858 = CARTESIAN_POINT ( 'NONE',  ( 3.000000000000001776, -1.242640687119288545, -29.92600000000000549 ) ) ;
#2859 = CARTESIAN_POINT ( 'NONE',  ( 0.9736010864139237331, -2.350480947161671885, -26.55100000000002325 ) ) ;
#2860 = ORIENTED_EDGE ( 'NONE', *, *, #1455, .F. ) ;
#2861 = ADVANCED_FACE ( 'NONE', ( #790 ), #3078, .T. ) ;
#2862 = CARTESIAN_POINT ( 'NONE',  ( -3.673940397442062333E-16, -3.000000000000002665, -28.11350000000000549 ) ) ;
#2863 = CARTESIAN_POINT ( 'NONE',  ( -2.088522086281110912, 1.482649794513202890, -32.71976674894090564 ) ) ;
#2864 = CARTESIAN_POINT ( 'NONE',  ( 0.000000000000000000, 6.499999999999995559, 27.61350000000000549 ) ) ;
#2865 = ORIENTED_EDGE ( 'NONE', *, *, #680, .T. ) ;
#2866 = CARTESIAN_POINT ( 'NONE',  ( 0.000000000000000000, 3.000000000000001776, -25.48850000000004457 ) ) ;
#2867 = EDGE_CURVE ( 'NONE', #1134, #3376, #497, .T. ) ;
#2868 = ORIENTED_EDGE ( 'NONE', *, *, #873, .F. ) ;
#2869 = CARTESIAN_POINT ( 'NONE',  ( 3.000000000000002220, -8.526704340766356772E-16, -28.73850000000004101 ) ) ;
#2870 = CARTESIAN_POINT ( 'NONE',  ( -1.265060653844733096, -3.054126587736529341, -25.14475000000001614 ) ) ;
#2871 = VECTOR ( 'NONE', #42, 1000.000000000000114 ) ;
#2872 = CARTESIAN_POINT ( 'NONE',  ( 3.353199889834775802E-16, 2.738095500000000904, -22.38650000000000517 ) ) ;
#2873 = DIRECTION ( 'NONE',  ( -0.000000000000000000, 8.971971810740515560E-18, 1.000000000000000000 ) ) ;
#2874 = CARTESIAN_POINT ( 'NONE',  ( -3.054126587736528897, 1.265060653844732652, -31.33225000000003035 ) ) ;
#2875 = CARTESIAN_POINT ( 'NONE',  ( -1.472301490694761128, -2.008820452956777025, -32.79120977653600733 ) ) ;
#2876 = CYLINDRICAL_SURFACE ( 'NONE', #1703, 2.350480947161671885 ) ;
#2877 = FACE_OUTER_BOUND ( 'NONE', #2116, .T. ) ;
#2878 = ORIENTED_EDGE ( 'NONE', *, *, #1996, .T. ) ;
#2879 = CARTESIAN_POINT ( 'NONE',  ( 0.000000000000000000, -3.000000000000006661, 33.61350000000000193 ) ) ;
#2880 = LINE ( 'NONE', #1789, #495 ) ;
#2881 = EDGE_CURVE ( 'NONE', #871, #1548, #574, .T. ) ;
#2882 = CARTESIAN_POINT ( 'NONE',  ( 0.9736010864139224008, -2.350480947161673217, -24.42600000000002680 ) ) ;
#2883 = VERTEX_POINT ( 'NONE', #1345 ) ;
#2884 = CARTESIAN_POINT ( 'NONE',  ( 1.265060653844732430, -3.054126587736530674, -23.95725000000005522 ) ) ;
#2885 = ORIENTED_EDGE ( 'NONE', *, *, #2212, .T. ) ;
#2886 = ADVANCED_FACE ( 'NONE', ( #2250 ), #2888, .T. ) ;
#2887 = CARTESIAN_POINT ( 'NONE',  ( 4.649983896362503760E-16, 3.797000000000000597, 33.61350000000000193 ) ) ;
#2888 = CONICAL_SURFACE ( 'NONE', #591, 3.000000000000004441, 0.7853981633974489451 ) ;
#2889 = CARTESIAN_POINT ( 'NONE',  ( 2.159593620790630997, 2.159593620790629664, -23.70725000000001970 ) ) ;
#2890 = CARTESIAN_POINT ( 'NONE',  ( -2.350480947161671885, -2.605841451371993091E-15, -30.73850000000001259 ) ) ;
#2891 = CARTESIAN_POINT ( 'NONE',  ( 4.649983896362503760E-16, 3.797000000000000153, 27.61350000000000549 ) ) ;
#2892 = CARTESIAN_POINT ( 'NONE',  ( 1.265060653844732430, -3.054126587736530674, -30.95725000000003746 ) ) ;
#2893 = CARTESIAN_POINT ( 'NONE',  ( -3.000000000000002220, -1.242640687119286103, -31.30100000000000193 ) ) ;
#2894 = CARTESIAN_POINT ( 'NONE',  ( -1.999999999999999112, 1.154700538379252128, 33.61350000000000193 ) ) ;
#2895 = CARTESIAN_POINT ( 'NONE',  ( 1.090980571936517096, 1.679523149870302934, 33.30431779122539382 ) ) ;
#2896 = EDGE_LOOP ( 'NONE', ( #3437, #689, #556, #1957 ) ) ;
#2897 = CARTESIAN_POINT ( 'NONE',  ( 2.359205826387284155, -1.234085166413176671, -32.61730500819778911 ) ) ;
#2898 = CARTESIAN_POINT ( 'NONE',  ( 0.000000000000000000, 3.000000000000001776, -27.48850000000004101 ) ) ;
#2899 = CARTESIAN_POINT ( 'NONE',  ( 2.392359746572199963, -0.7516500120313694966, -24.19886469813425833 ) ) ;
#2900 = VERTEX_POINT ( 'NONE', #808 ) ;
#2901 = CARTESIAN_POINT ( 'NONE',  ( 0.9736010864139245102, 2.350480947161670997, -24.17600000000003391 ) ) ;
#2902 = FACE_OUTER_BOUND ( 'NONE', #2426, .T. ) ;
#2903 = ORIENTED_EDGE ( 'NONE', *, *, #1371, .F. ) ;
#2904 = CARTESIAN_POINT ( 'NONE',  ( -1.508725358815316856E-11, 2.863957931893290176, -32.40995607535671041 ) ) ;
#2905 = EDGE_CURVE ( 'NONE', #1423, #3230, #1302, .T. ) ;
#2906 = CARTESIAN_POINT ( 'NONE',  ( -2.159593620790630997, -2.159593620790630997, -25.20725000000001614 ) ) ;
#2907 = ADVANCED_FACE ( 'NONE', ( #3024 ), #422, .F. ) ;
#2908 = CARTESIAN_POINT ( 'NONE',  ( -2.350480947161671885, 9.937496613189447546E-16, -31.86350000000000904 ) ) ;
#2909 = CARTESIAN_POINT ( 'NONE',  ( 0.000000000000000000, 2.350480947161671441, -31.11350000000001259 ) ) ;
#2910 = CARTESIAN_POINT ( 'NONE',  ( -2.159593620790630997, -2.159593620790630997, -29.14475000000004101 ) ) ;
#2911 = CARTESIAN_POINT ( 'NONE',  ( 3.000000000000001776, -1.242640687119288545, -31.92599999999999483 ) ) ;
#2912 = CARTESIAN_POINT ( 'NONE',  ( 0.000000000000000000, -3.015793744603263765E-16, -33.61350000000000193 ) ) ;
#2913 = AXIS2_PLACEMENT_3D ( 'NONE', #140, #1828, #3224 ) ;
#2914 = CARTESIAN_POINT ( 'NONE',  ( -3.000000000000002220, -1.242640687119286103, -29.30100000000000549 ) ) ;
#2915 = ORIENTED_EDGE ( 'NONE', *, *, #1268, .F. ) ;
#2916 = CARTESIAN_POINT ( 'NONE',  ( 2.028608725929703205, 1.911666702590209876, -32.49209518324737189 ) ) ;
#2917 = CARTESIAN_POINT ( 'NONE',  ( 0.000000000000000000, -2.563013480349552919E-15, -22.64840449999999805 ) ) ;
#2918 = CARTESIAN_POINT ( 'NONE',  ( -2.121320343559644606, -2.121320343559644606, -30.11350000000003746 ) ) ;
#2919 = ORIENTED_EDGE ( 'NONE', *, *, #3500, .F. ) ;
#2920 = CARTESIAN_POINT ( 'NONE',  ( 3.054126587736528897, -8.626133269396815863E-16, -32.76975000000003746 ) ) ;
#2921 = CARTESIAN_POINT ( 'NONE',  ( -3.000000000000002220, -1.242640687119286103, -28.30100000000000549 ) ) ;
#2922 =( BOUNDED_CURVE ( )  B_SPLINE_CURVE ( 2, ( #695, #1264, #1813, #2941, #1539, #2388, #3497, #983, #2962 ),
 .UNSPECIFIED., .F., .T. ) 
 B_SPLINE_CURVE_WITH_KNOTS ( ( 3, 2, 2, 2, 3 ),
 ( 0.2045454545454545858, 0.2159090909090909116, 0.2272727272727272374, 0.2386363636363635632, 0.2499999999999998890 ),
 .UNSPECIFIED. ) 
 CURVE ( )  GEOMETRIC_REPRESENTATION_ITEM ( )  RATIONAL_B_SPLINE_CURVE ( ( 0.9999999999999997780, 0.9238795325112869605, 1.000000000000000000, 0.9238795325112867385, 1.000000000000000000, 0.9238795325112867385, 1.000000000000000000, 0.9238795325112875156, 0.9999999999999992228 ) ) 
 REPRESENTATION_ITEM ( '' )  );
#2923 = VERTEX_POINT ( 'NONE', #3310 ) ;
#2924 = CARTESIAN_POINT ( 'NONE',  ( -1.662041016787797476, 1.662041016787797254, -33.86350000000000193 ) ) ;
#2925 = EDGE_CURVE ( 'NONE', #2643, #2156, #1113, .T. ) ;
#2926 = CARTESIAN_POINT ( 'NONE',  ( 2.000000000000000000, -1.154700538379251684, 30.61350000000000549 ) ) ;
#2927 = CARTESIAN_POINT ( 'NONE',  ( -2.350480947161671885, -1.576539260404073400E-16, -30.86350000000001259 ) ) ;
#2928 = CARTESIAN_POINT ( 'NONE',  ( 0.000000000000000000, 3.054126587736528453, -28.51975000000004457 ) ) ;
#2929 = CARTESIAN_POINT ( 'NONE',  ( 3.000000000000001776, 1.242640687119286547, -31.80100000000000193 ) ) ;
#2930 = CARTESIAN_POINT ( 'NONE',  ( -2.000000000000000000, -0.7874177377144202516, 33.44554792195355475 ) ) ;
#2931 = CIRCLE ( 'NONE', #2282, 2.738095500000003568 ) ;
#2932 = CARTESIAN_POINT ( 'NONE',  ( 0.000000000000000000, 3.000000000000001776, -29.61350000000000549 ) ) ;
#2933 = VERTEX_POINT ( 'NONE', #3620 ) ;
#2934 = CARTESIAN_POINT ( 'NONE',  ( -1.662041016787800807, -1.662041016787793701, -28.73850000000001614 ) ) ;
#2935 = CARTESIAN_POINT ( 'NONE',  ( -2.350480947161671885, -1.372847762048833127E-17, -33.61350000000000193 ) ) ;
#2936 = EDGE_LOOP ( 'NONE', ( #1402, #2391, #2868, #2100, #984 ) ) ;
#2937 = AXIS2_PLACEMENT_3D ( 'NONE', #2719, #753, #2491 ) ;
#2938 = DIRECTION ( 'NONE',  ( -0.000000000000000000, 8.971971810740515560E-18, 1.000000000000000000 ) ) ;
#2939 = ORIENTED_EDGE ( 'NONE', *, *, #116, .F. ) ;
#2940 = CARTESIAN_POINT ( 'NONE',  ( -3.054126587736528897, -1.145680569672079404E-16, -32.26975000000003746 ) ) ;
#2941 = CARTESIAN_POINT ( 'NONE',  ( -0.9736010864139251764, -2.350480947161671441, -31.55100000000000904 ) ) ;
#2942 = AXIS2_PLACEMENT_3D ( 'NONE', #1909, #1967, #2346 ) ;
#2943 = ORIENTED_EDGE ( 'NONE', *, *, #3508, .F. ) ;
#2944 = CARTESIAN_POINT ( 'NONE',  ( -2.350480947161671885, -1.576539260404073400E-16, -33.73850000000000193 ) ) ;
#2945 = AXIS2_PLACEMENT_3D ( 'NONE', #820, #3543, #1630 ) ;
#2946 = AXIS2_PLACEMENT_3D ( 'NONE', #649, #3422, #2624 ) ;
#2947 = CARTESIAN_POINT ( 'NONE',  ( 3.000000000000001776, -1.242640687119288545, -26.92600000000001259 ) ) ;
#2948 = CARTESIAN_POINT ( 'NONE',  ( 0.9736010864139245102, 2.350480947161670997, -32.17600000000000904 ) ) ;
#2949 = CARTESIAN_POINT ( 'NONE',  ( -3.054126587736528897, -1.265060653844732652, -24.20725000000005522 ) ) ;
#2950 = CARTESIAN_POINT ( 'NONE',  ( -2.188195577938626233E-16, -2.309401076758503368, 30.61350000000000549 ) ) ;
#2951 = FACE_OUTER_BOUND ( 'NONE', #1605, .T. ) ;
#2952 = ADVANCED_FACE ( 'NONE', ( #1110 ), #3353, .T. ) ;
#2953 = DIRECTION ( 'NONE',  ( 0.000000000000000000, -1.000000000000000000, 0.000000000000000000 ) ) ;
#2954 = ORIENTED_EDGE ( 'NONE', *, *, #900, .F. ) ;
#2955 = CARTESIAN_POINT ( 'NONE',  ( 2.000000000000000000, -1.154700538379252350, 33.61350000000000193 ) ) ;
#2956 = DIRECTION ( 'NONE',  ( -0.000000000000000000, -0.000000000000000000, 1.000000000000000000 ) ) ;
#2957 = EDGE_CURVE ( 'NONE', #1410, #1773, #66, .T. ) ;
#2958 = CC_DESIGN_PERSON_AND_ORGANIZATION_ASSIGNMENT ( #1027, #1673, ( #1658 ) ) ;
#2959 = EDGE_CURVE ( 'NONE', #3046, #235, #331, .T. ) ;
#2960 = CARTESIAN_POINT ( 'NONE',  ( 0.000000000000000000, 6.499999999999994671, 33.28849999999999909 ) ) ;
#2961 = VERTEX_POINT ( 'NONE', #2862 ) ;
#2962 = CARTESIAN_POINT ( 'NONE',  ( 2.350480947161671885, -6.060052213450049967E-15, -31.23850000000001259 ) ) ;
#2963 = ORIENTED_EDGE ( 'NONE', *, *, #1528, .T. ) ;
#2964 = CARTESIAN_POINT ( 'NONE',  ( -1.439254484199190266E-15, -2.350480947161672329, -31.61350000000000904 ) ) ;
#2965 = CARTESIAN_POINT ( 'NONE',  ( 0.000000000000000000, 2.350480947161671441, -30.11350000000001614 ) ) ;
#2966 = CARTESIAN_POINT ( 'NONE',  ( -3.673940397442062333E-16, -3.000000000000002665, -32.11350000000000193 ) ) ;
#2967 = CARTESIAN_POINT ( 'NONE',  ( 1.662041016787800807, 1.662041016787793479, -29.11350000000001614 ) ) ;
#2968 = DIRECTION ( 'NONE',  ( -0.000000000000000000, -0.000000000000000000, 1.000000000000000000 ) ) ;
#2969 = EDGE_LOOP ( 'NONE', ( #794, #1540 ) ) ;
#2970 = CARTESIAN_POINT ( 'NONE',  ( 1.242640687119292764, 2.999999999999996003, -30.55100000000004101 ) ) ;
#2971 = CARTESIAN_POINT ( 'NONE',  ( -1.843736237883320639, -1.244919463501900525, 33.52328107487736020 ) ) ;
#2972 = ADVANCED_FACE ( 'NONE', ( #887, #1498 ), #3168, .F. ) ;
#2973 = CARTESIAN_POINT ( 'NONE',  ( 2.143087659516374810, -1.352857608765895447, -24.22560450172612789 ) ) ;
#2974 = VERTEX_POINT ( 'NONE', #3136 ) ;
#2975 = CARTESIAN_POINT ( 'NONE',  ( 0.000000000000000000, -2.649373280312614629E-15, -32.27391400725000636 ) ) ;
#2976 = CARTESIAN_POINT ( 'NONE',  ( -1.242640687119267229, 3.000000000000019540, -28.55100000000000549 ) ) ;
#2977 = ORIENTED_EDGE ( 'NONE', *, *, #3108, .F. ) ;
#2978 = CARTESIAN_POINT ( 'NONE',  ( 0.000000000000000000, 3.000000000000001776, -29.48850000000004101 ) ) ;
#2979 = CARTESIAN_POINT ( 'NONE',  ( 2.350480947161671441, -0.9736010864139245102, -29.42600000000001259 ) ) ;
#2980 = CARTESIAN_POINT ( 'NONE',  ( 2.350480947161671885, -7.787157594489077418E-15, -28.23850000000001970 ) ) ;
#2981 = CARTESIAN_POINT ( 'NONE',  ( 0.000000000000000000, 3.054126587736528453, -32.58224999999999483 ) ) ;
#2982 = CARTESIAN_POINT ( 'NONE',  ( -2.350480947161665224, 0.9736010864139270637, -25.92600000000003035 ) ) ;
#2983 = CARTESIAN_POINT ( 'NONE',  ( 2.350480947161676770, -0.9736010864139218457, -25.42600000000002325 ) ) ;
#2984 = DIRECTION ( 'NONE',  ( 0.000000000000000000, -1.000000000000000000, 0.000000000000000000 ) ) ;
#2985 = CARTESIAN_POINT ( 'NONE',  ( 0.8204602706418582247, -1.835708118644034270, 33.31241902722913295 ) ) ;
#2986 = CARTESIAN_POINT ( 'NONE',  ( 1.858468856684435622, -1.751053646183857060, -24.24471914940362893 ) ) ;
#2987 = ORIENTED_EDGE ( 'NONE', *, *, #3212, .F. ) ;
#2988 = CARTESIAN_POINT ( 'NONE',  ( 2.309401076758502924, -8.673617379884035472E-16, 33.61350000000000193 ) ) ;
#2989 = CARTESIAN_POINT ( 'NONE',  ( 3.032459382227486805E-16, 2.476191000000000475, 33.61350000000000193 ) ) ;
#2990 = EDGE_CURVE ( 'NONE', #617, #938, #2472, .T. ) ;
#2991 = ORIENTED_EDGE ( 'NONE', *, *, #873, .T. ) ;
#2992 = AXIS2_PLACEMENT_3D ( 'NONE', #2397, #3185, #1234 ) ;
#2993 = AXIS2_PLACEMENT_3D ( 'NONE', #3419, #357, #935 ) ;
#2994 = ADVANCED_FACE ( 'NONE', ( #1190, #2041 ), #2310, .F. ) ;
#2995 = CARTESIAN_POINT ( 'NONE',  ( 0.000000000000000000, -2.134405299830164918E-15, 25.12350000000001060 ) ) ;
#2996 = CARTESIAN_POINT ( 'NONE',  ( -1.662041016787797476, 1.662041016787797254, -28.98850000000001614 ) ) ;
#2997 = DATE_TIME_ROLE ( 'creation_date' ) ;
#2998 = CARTESIAN_POINT ( 'NONE',  ( -1.265060653844733096, -3.054126587736529341, -31.14474999999999483 ) ) ;
#2999 = AXIS2_PLACEMENT_3D ( 'NONE', #1799, #131, #1250 ) ;
#3000 = CARTESIAN_POINT ( 'NONE',  ( 3.000000000000001776, -1.242640687119288545, -27.92600000000000549 ) ) ;
#3001 = CARTESIAN_POINT ( 'NONE',  ( -2.350480947161671885, -3.030342766532892963E-16, -26.73850000000002325 ) ) ;
#3002 = CARTESIAN_POINT ( 'NONE',  ( 0.000000000000000000, 3.000000000000001776, -30.48850000000003746 ) ) ;
#3003 = CARTESIAN_POINT ( 'NONE',  ( 2.350480947161671885, -3.015793744603263765E-16, -33.61350000000000193 ) ) ;
#3004 = AXIS2_PLACEMENT_3D ( 'NONE', #1918, #2427, #1334 ) ;
#3005 = CARTESIAN_POINT ( 'NONE',  ( 0.000000000000000000, 3.000000000000001776, -29.48850000000004101 ) ) ;
#3006 = EDGE_LOOP ( 'NONE', ( #423, #449, #2878, #128 ) ) ;
#3007 = DIRECTION ( 'NONE',  ( 0.000000000000000000, -1.000000000000000000, 0.000000000000000000 ) ) ;
#3008 = CARTESIAN_POINT ( 'NONE',  ( -1.662041016787800585, -1.662041016787794145, -29.73850000000001614 ) ) ;
#3009 = ORIENTED_EDGE ( 'NONE', *, *, #1898, .T. ) ;
#3010 = CARTESIAN_POINT ( 'NONE',  ( -2.159593620790630997, -2.159593620790630997, -26.14475000000005167 ) ) ;
#3011 = EDGE_CURVE ( 'NONE', #2316, #1313, #970, .T. ) ;
#3012 =( BOUNDED_CURVE ( )  B_SPLINE_CURVE ( 2, ( #3450, #2019, #1437, #934, #2820, #3418, #3094, #1731, #2583 ),
 .UNSPECIFIED., .F., .F. ) 
 B_SPLINE_CURVE_WITH_KNOTS ( ( 3, 2, 2, 2, 3 ),
 ( 0.4090909090909091717, 0.4204545454545455252, 0.4318181818181819343, 0.4431818181818184543, 0.4545454545454548079 ),
 .UNSPECIFIED. ) 
 CURVE ( )  GEOMETRIC_REPRESENTATION_ITEM ( )  RATIONAL_B_SPLINE_CURVE ( ( 0.9999999999999992228, 0.9238795325112875156, 1.000000000000000000, 0.9238795325112867385, 1.000000000000000000, 0.9238795325112867385, 1.000000000000000000, 0.9238795325112852952, 1.000000000000001554 ) ) 
 REPRESENTATION_ITEM ( '' )  );
#3013 = CARTESIAN_POINT ( 'NONE',  ( -3.673940397442062333E-16, -3.000000000000002665, -27.98850000000004101 ) ) ;
#3014 = CARTESIAN_POINT ( 'NONE',  ( -1.662041016787797476, -1.662041016787797476, -27.73850000000001970 ) ) ;
#3015 = CALENDAR_DATE ( 2026, 24, 2 ) ;
#3016 = CARTESIAN_POINT ( 'NONE',  ( -3.054126587736528897, -1.145680569672079404E-16, -33.33224999999999483 ) ) ;
#3017 = CARTESIAN_POINT ( 'NONE',  ( 2.121320343559644606, 2.121320343559643273, -27.73850000000000904 ) ) ;
#3018 = DIRECTION ( 'NONE',  ( 0.000000000000000000, 0.000000000000000000, -1.000000000000000000 ) ) ;
#3019 = CARTESIAN_POINT ( 'NONE',  ( -1.662041016787802583, -1.662041016787791925, -24.73850000000002680 ) ) ;
#3020 = CARTESIAN_POINT ( 'NONE',  ( 0.000000000000000000, -8.673617379884035472E-16, 33.61350000000000193 ) ) ;
#3021 = B_SPLINE_CURVE_WITH_KNOTS ( 'NONE', 3,
 ( #3148, #2283, #2263, #3384, #1747, #859, #2875, #356, #1473, #1202, #2325, #1716, #914, #2036, #3164, #2840, #644, #321 ),
 .UNSPECIFIED., .F., .F.,
 ( 4, 2, 2, 2, 2, 2, 2, 2, 4 ),
 ( 0.01243467456381115027, 0.01303024595392643196, 0.01362581734404171366, 0.01422138873415699535, 0.01481696012427227531, 0.01541253151438755700, 0.01600810290450283696, 0.01660367429461812039, 0.01719924568473340035 ),
 .UNSPECIFIED. ) ;
#3022 = DIRECTION ( 'NONE',  ( -0.000000000000000000, 8.971971810740515560E-18, 1.000000000000000000 ) ) ;
#3023 = ORIENTED_EDGE ( 'NONE', *, *, #916, .F. ) ;
#3024 = FACE_OUTER_BOUND ( 'NONE', #88, .T. ) ;
#3025 = LINE ( 'NONE', #1933, #1814 ) ;
#3026 = CARTESIAN_POINT ( 'NONE',  ( 0.9736010864139224008, -2.350480947161673217, -26.42600000000002325 ) ) ;
#3027 = EDGE_LOOP ( 'NONE', ( #1740, #3156, #1227, #1571 ) ) ;
#3028 = CARTESIAN_POINT ( 'NONE',  ( 1.265060653844732430, -3.054126587736530674, -27.95725000000005167 ) ) ;
#3029 = EDGE_CURVE ( 'NONE', #2646, #232, #2720, .T. ) ;
#3030 = CARTESIAN_POINT ( 'NONE',  ( 0.5877522594670375744, 2.332492987706598075, -24.17261465700000400 ) ) ;
#3031 = CARTESIAN_POINT ( 'NONE',  ( -0.9736010864139229559, 2.350480947161671441, -27.05100000000001970 ) ) ;
#3032 = DIRECTION ( 'NONE',  ( 0.000000000000000000, 0.000000000000000000, 1.000000000000000000 ) ) ;
#3033 = CARTESIAN_POINT ( 'NONE',  ( 2.878508968398380532E-15, 2.350480947161671441, -28.98850000000001614 ) ) ;
#3034 = EDGE_CURVE ( 'NONE', #518, #995, #460, .T. ) ;
#3035 =( BOUNDED_CURVE ( )  B_SPLINE_CURVE ( 2, ( #738, #1830, #2436, #1858, #3547, #1033, #3244, #417, #1517 ),
 .UNSPECIFIED., .F., .F. ) 
 B_SPLINE_CURVE_WITH_KNOTS ( ( 3, 2, 2, 2, 3 ),
 ( 0.5227272727272725961, 0.5340909090909089496, 0.5454545454545453032, 0.5568181818181816567, 0.5681818181818181213 ),
 .UNSPECIFIED. ) 
 CURVE ( )  GEOMETRIC_REPRESENTATION_ITEM ( )  RATIONAL_B_SPLINE_CURVE ( ( 1.000000000000000666, 0.9238795325112859613, 1.000000000000000000, 0.9238795325112867385, 1.000000000000000000, 0.9238795325112867385, 1.000000000000000000, 0.9238795325112875156, 0.9999999999999992228 ) ) 
 REPRESENTATION_ITEM ( '' )  );
#3036 = CARTESIAN_POINT ( 'NONE',  ( 0.9736010864139237331, 2.350480947161670997, -27.05100000000001970 ) ) ;
#3037 = CARTESIAN_POINT ( 'NONE',  ( 2.121320343559644162, -2.121320343559645050, -28.98850000000000549 ) ) ;
#3038 = CARTESIAN_POINT ( 'NONE',  ( -0.9736010864139149623, 2.350480947161674550, -25.92600000000002680 ) ) ;
#3039 = CARTESIAN_POINT ( 'NONE',  ( 0.000000000000000000, -2.576688650911801242E-15, -24.17261465700000400 ) ) ;
#3040 = CARTESIAN_POINT ( 'NONE',  ( 1.662041016787800807, 1.662041016787793479, -29.23850000000001614 ) ) ;
#3041 = ORIENTED_EDGE ( 'NONE', *, *, #3502, .F. ) ;
#3042 = CARTESIAN_POINT ( 'NONE',  ( 0.000000000000000000, -8.673617379884035472E-16, 33.61350000000000193 ) ) ;
#3043 = DIRECTION ( 'NONE',  ( -0.000000000000000000, 8.971971810740515560E-18, 1.000000000000000000 ) ) ;
#3044 = AXIS2_PLACEMENT_3D ( 'NONE', #2765, #8, #3018 ) ;
#3045 = CARTESIAN_POINT ( 'NONE',  ( 1.662041016787797698, 1.662041016787796588, -28.11350000000001970 ) ) ;
#3046 = VERTEX_POINT ( 'NONE', #445 ) ;
#3047 = CARTESIAN_POINT ( 'NONE',  ( -3.054126587736528897, 1.265060653844732652, -25.33225000000005167 ) ) ;
#3048 = ORIENTED_EDGE ( 'NONE', *, *, #3375, .T. ) ;
#3049 = FACE_OUTER_BOUND ( 'NONE', #2254, .T. ) ;
#3050 = CARTESIAN_POINT ( 'NONE',  ( -2.878508968398380237E-16, -2.350480947161672329, -25.61350000000002680 ) ) ;
#3051 = APPROVAL_STATUS ( 'not_yet_approved' ) ;
#3052 = CARTESIAN_POINT ( 'NONE',  ( 2.159593620790630997, 2.159593620790629664, -28.70725000000000193 ) ) ;
#3053 = AXIS2_PLACEMENT_3D ( 'NONE', #1527, #1203, #2364 ) ;
#3054 = CARTESIAN_POINT ( 'NONE',  ( 0.000000000000000000, 0.000000000000000000, 30.61350000000000549 ) ) ;
#3055 = CARTESIAN_POINT ( 'NONE',  ( 0.9736010864139245102, 2.350480947161670997, -30.05100000000001970 ) ) ;
#3056 = DIRECTION ( 'NONE',  ( -0.000000000000000000, 8.971971810740515560E-18, 1.000000000000000000 ) ) ;
#3057 = AXIS2_PLACEMENT_3D ( 'NONE', #2520, #3145, #566 ) ;
#3058 = CARTESIAN_POINT ( 'NONE',  ( 2.350480947161671885, -3.015793744603263765E-16, -33.61350000000000193 ) ) ;
#3059 = VECTOR ( 'NONE', #1317, 1000.000000000000000 ) ;
#3060 = ORIENTED_EDGE ( 'NONE', *, *, #1441, .F. ) ;
#3061 = PLANE ( 'NONE',  #2285 ) ;
#3062 = EDGE_CURVE ( 'NONE', #3453, #1423, #748, .T. ) ;
#3063 = CARTESIAN_POINT ( 'NONE',  ( 2.350480947161671885, -7.333557197200833873E-16, -25.23850000000002325 ) ) ;
#3064 = ORIENTED_EDGE ( 'NONE', *, *, #220, .F. ) ;
#3065 = CARTESIAN_POINT ( 'NONE',  ( -1.265060653844732652, 3.054126587736528453, -24.45725000000005522 ) ) ;
#3066 = ORIENTED_EDGE ( 'NONE', *, *, #50, .T. ) ;
#3067 = CARTESIAN_POINT ( 'NONE',  ( -3.673940397442062333E-16, -3.000000000000002665, -28.98850000000003746 ) ) ;
#3068 = CARTESIAN_POINT ( 'NONE',  ( -2.350480947161671885, 0.9736010864139226229, -25.92600000000002680 ) ) ;
#3069 = FACE_OUTER_BOUND ( 'NONE', #715, .T. ) ;
#3070 = CARTESIAN_POINT ( 'NONE',  ( -1.265060653844733096, -3.054126587736529341, -28.14475000000000549 ) ) ;
#3071 = CARTESIAN_POINT ( 'NONE',  ( 1.662041016787796144, -1.662041016787798808, -27.36350000000001970 ) ) ;
#3072 = CARTESIAN_POINT ( 'NONE',  ( -1.344998254128457305, 1.979083779447136981, -32.89228271842171125 ) ) ;
#3073 = CARTESIAN_POINT ( 'NONE',  ( 2.350480947161671885, -7.333557197200833873E-16, -29.23850000000001614 ) ) ;
#3074 = DIRECTION ( 'NONE',  ( -0.000000000000000000, 8.971971810740515560E-18, 1.000000000000000000 ) ) ;
#3075 = CARTESIAN_POINT ( 'NONE',  ( -1.853592505457600792, -1.980650426303361966, -24.40288247919140119 ) ) ;
#3076 = DIRECTION ( 'NONE',  ( 0.000000000000000000, -1.000000000000000000, 0.000000000000000000 ) ) ;
#3077 = ORIENTED_EDGE ( 'NONE', *, *, #3316, .F. ) ;
#3078 = CYLINDRICAL_SURFACE ( 'NONE', #2715, 3.000000000000004441 ) ;
#3079 = CARTESIAN_POINT ( 'NONE',  ( -1.242640687119258125, 3.000000000000029754, -28.42600000000004812 ) ) ;
#3080 = EDGE_CURVE ( 'NONE', #599, #2135, #993, .T. ) ;
#3081 = CARTESIAN_POINT ( 'NONE',  ( -2.350480947161671885, 0.9736010864139226229, -25.80100000000002325 ) ) ;
#3082 = VERTEX_POINT ( 'NONE', #2641 ) ;
#3083 = ADVANCED_FACE ( 'NONE', ( #1515 ), #3270, .T. ) ;
#3084 = CARTESIAN_POINT ( 'NONE',  ( 2.121320343559644606, 2.121320343559643273, -25.73850000000001614 ) ) ;
#3085 = CONICAL_SURFACE ( 'NONE', #2680, 2.476191000000002695, 0.7853981633974508325 ) ;
#3086 = CIRCLE ( 'NONE', #2913, 2.309401076758502924 ) ;
#3087 = ORIENTED_EDGE ( 'NONE', *, *, #992, .F. ) ;
#3088 = CARTESIAN_POINT ( 'NONE',  ( -2.121320343559644606, -2.121320343559644606, -27.11350000000004812 ) ) ;
#3089 = CARTESIAN_POINT ( 'NONE',  ( -3.054126587736528897, -1.265060653844732652, -34.20725000000003746 ) ) ;
#3090 = CARTESIAN_POINT ( 'NONE',  ( -3.740226349862368230E-16, -3.054126587736529341, -29.08225000000000549 ) ) ;
#3091 = CARTESIAN_POINT ( 'NONE',  ( 0.000000000000000000, -3.015793744603263765E-16, -33.61350000000000193 ) ) ;
#3092 = CARTESIAN_POINT ( 'NONE',  ( -0.9736010864139226229, 2.350480947161671441, -32.05100000000000904 ) ) ;
#3093 = CARTESIAN_POINT ( 'NONE',  ( -1.662041016787797476, 1.662041016787797254, -30.86350000000001259 ) ) ;
#3094 = CARTESIAN_POINT ( 'NONE',  ( -2.121320343559644606, 2.121320343559644162, -27.48850000000000904 ) ) ;
#3095 = DIRECTION ( 'NONE',  ( -0.000000000000000000, 8.971971810740515560E-18, 1.000000000000000000 ) ) ;
#3096 = CARTESIAN_POINT ( 'NONE',  ( -1.266834926533879937E-14, -2.350480947161672329, -26.61350000000002325 ) ) ;
#3097 = VERTEX_POINT ( 'NONE', #1563 ) ;
#3098 = CARTESIAN_POINT ( 'NONE',  ( 7.761199089596346522E-16, -6.174999999999998046, 33.61350000000000193 ) ) ;
#3099 = CARTESIAN_POINT ( 'NONE',  ( 2.350480947161671885, -1.008996476920778279E-14, -24.23850000000002680 ) ) ;
#3100 = CARTESIAN_POINT ( 'NONE',  ( 2.350480947161671441, -0.9736010864139245102, -26.30100000000001970 ) ) ;
#3101 = ORIENTED_EDGE ( 'NONE', *, *, #1430, .F. ) ;
#3102 = CARTESIAN_POINT ( 'NONE',  ( 3.054126587736528453, 1.265060653844733096, -23.70725000000005167 ) ) ;
#3103 = ADVANCED_FACE ( 'NONE', ( #2663 ), #3406, .F. ) ;
#3104 = EDGE_LOOP ( 'NONE', ( #143, #3248, #697, #2297 ) ) ;
#3105 = DIRECTION ( 'NONE',  ( -0.000000000000000000, 8.971971810740515560E-18, 1.000000000000000000 ) ) ;
#3106 = CARTESIAN_POINT ( 'NONE',  ( -0.9736010864139230669, -2.350480947161672329, -23.67600000000003391 ) ) ;
#3107 = CARTESIAN_POINT ( 'NONE',  ( 1.265060653844735095, 3.054126587736527565, -28.64475000000000549 ) ) ;
#3108 = EDGE_CURVE ( 'NONE', #2039, #1477, #1277, .T. ) ;
#3109 = CARTESIAN_POINT ( 'NONE',  ( -2.000000000000000000, 1.154700538379251684, 30.61350000000000549 ) ) ;
#3110 = CARTESIAN_POINT ( 'NONE',  ( 1.151403587359352095E-15, 2.350480947161671441, -32.11350000000000904 ) ) ;
#3111 = CARTESIAN_POINT ( 'NONE',  ( -2.350480947161671885, -0.9736010864139230669, -30.67600000000000904 ) ) ;
#3112 = CARTESIAN_POINT ( 'NONE',  ( 4.662230364353976525E-16, 3.806999999999999940, 33.61350000000000193 ) ) ;
#3113 = CARTESIAN_POINT ( 'NONE',  ( -2.207583378556896569, 1.826001724094064915, -24.55549665872844400 ) ) ;
#3114 =( BOUNDED_CURVE ( )  B_SPLINE_CURVE ( 2, ( #1126, #1048, #204, #2245, #281, #2187, #1323, #2448, #1965 ),
 .UNSPECIFIED., .F., .F. ) 
 B_SPLINE_CURVE_WITH_KNOTS ( ( 3, 2, 2, 2, 3 ),
 ( 0.8409090909090910504, 0.8522727272727274039, 0.8636363636363637575, 0.8750000000000000000, 0.8863636363636363535 ),
 .UNSPECIFIED. ) 
 CURVE ( )  GEOMETRIC_REPRESENTATION_ITEM ( )  RATIONAL_B_SPLINE_CURVE ( ( 0.9999999999999992228, 0.9238795325112875156, 1.000000000000000000, 0.9238795325112867385, 1.000000000000000000, 0.9238795325112867385, 1.000000000000000000, 0.9238795325112867385, 1.000000000000000000 ) ) 
 REPRESENTATION_ITEM ( '' )  );
#3115 = LOCAL_TIME ( 8, 22, 59.00000000000000000, #2159 ) ;
#3116 = AXIS2_PLACEMENT_3D ( 'NONE', #2604, #2038, #82 ) ;
#3117 = CARTESIAN_POINT ( 'NONE',  ( 0.000000000000000000, -3.015793744603263765E-16, -33.61350000000000193 ) ) ;
#3118 = EDGE_LOOP ( 'NONE', ( #3263, #727, #977, #2293 ) ) ;
#3119 = CARTESIAN_POINT ( 'NONE',  ( 1.799707481054490632, -1.916651895541712891, -32.65076695178341737 ) ) ;
#3120 = CARTESIAN_POINT ( 'NONE',  ( -1.301926902533877106, 2.039861179217607567, -32.86152331248378289 ) ) ;
#3121 = AXIS2_PLACEMENT_3D ( 'NONE', #3538, #527, #2724 ) ;
#3122 = CYLINDRICAL_SURFACE ( 'NONE', #525, 3.797000000000002817 ) ;
#3123 = ORIENTED_EDGE ( 'NONE', *, *, #630, .F. ) ;
#3124 = CARTESIAN_POINT ( 'NONE',  ( 0.000000000000000000, 3.000000000000001776, -25.61350000000001614 ) ) ;
#3125 = VERTEX_POINT ( 'NONE', #2401 ) ;
#3126 = CARTESIAN_POINT ( 'NONE',  ( -0.9736010864139317267, -2.350480947161668777, -27.67600000000001970 ) ) ;
#3127 = MANIFOLD_SOLID_BREP ( 'Cut-Revolve-Thin1[1]', #2697 ) ;
#3128 = CARTESIAN_POINT ( 'NONE',  ( -1.265060653844732652, 3.054126587736528453, -29.51975000000000549 ) ) ;
#3129 = CARTESIAN_POINT ( 'NONE',  ( -2.350480947161671885, -1.372847762048833127E-17, -33.61350000000000193 ) ) ;
#3130 = CARTESIAN_POINT ( 'NONE',  ( 2.350480947161684320, 0.9736010864139044152, -28.17600000000001970 ) ) ;
#3131 = CARTESIAN_POINT ( 'NONE',  ( -2.350480947161671885, 0.9736010864139226229, -31.80100000000000904 ) ) ;
#3132 = CARTESIAN_POINT ( 'NONE',  ( -2.350480947161671885, 4.180478676392687566E-16, -32.73850000000000904 ) ) ;
#3133 = DIRECTION ( 'NONE',  ( 0.000000000000000000, -1.000000000000000000, 0.000000000000000000 ) ) ;
#3134 = CARTESIAN_POINT ( 'NONE',  ( 2.000000000000000444, 0.7881141333680523609, 33.44576232472564215 ) ) ;
#3135 = ORIENTED_EDGE ( 'NONE', *, *, #1415, .T. ) ;
#3136 = CARTESIAN_POINT ( 'NONE',  ( 0.000000000000000000, -2.476191000000005804, -22.64840449999999805 ) ) ;
#3137 = CARTESIAN_POINT ( 'NONE',  ( -0.9335098842972193722, 2.157155529601289867, -32.92343306008834247 ) ) ;
#3138 = CARTESIAN_POINT ( 'NONE',  ( -1.662041016787797476, -1.662041016787797476, -23.61350000000003035 ) ) ;
#3139 = ORIENTED_EDGE ( 'NONE', *, *, #1391, .F. ) ;
#3140 = CARTESIAN_POINT ( 'NONE',  ( 1.662041016787796810, 1.662041016787797476, -24.23850000000003035 ) ) ;
#3141 = ORIENTED_EDGE ( 'NONE', *, *, #3011, .T. ) ;
#3142 = CYLINDRICAL_SURFACE ( 'NONE', #1588, 3.000000000000004441 ) ;
#3143 = DATE_TIME_ROLE ( 'classification_date' ) ;
#3144 = CARTESIAN_POINT ( 'NONE',  ( -2.159593620790630997, 2.159593620790630553, -23.45725000000001970 ) ) ;
#3145 = DIRECTION ( 'NONE',  ( 0.000000000000000000, 0.000000000000000000, 1.000000000000000000 ) ) ;
#3146 = CARTESIAN_POINT ( 'NONE',  ( -2.185430472546346259, 0.8652481335639405913, -32.92343306008834247 ) ) ;
#3147 = CARTESIAN_POINT ( 'NONE',  ( 2.159593620790630997, 2.159593620790629664, -28.64475000000004457 ) ) ;
#3148 = CARTESIAN_POINT ( 'NONE',  ( 1.590722648166202768E-11, -2.546970633785627047, -32.72694337346440818 ) ) ;
#3149 = DIRECTION ( 'NONE',  ( 0.7071067811865487940, 0.000000000000000000, 0.7071067811865463515 ) ) ;
#3150 = EDGE_CURVE ( 'NONE', #381, #2105, #1871, .T. ) ;
#3151 = DIRECTION ( 'NONE',  ( -0.000000000000000000, -0.000000000000000000, 1.000000000000000000 ) ) ;
#3152 = ORIENTED_EDGE ( 'NONE', *, *, #846, .T. ) ;
#3153 = CARTESIAN_POINT ( 'NONE',  ( 2.121320343559644162, -2.121320343559645050, -25.86350000000004457 ) ) ;
#3154 = CARTESIAN_POINT ( 'NONE',  ( -2.442072733362705250, 1.019486907678612164, -32.63452546532877818 ) ) ;
#3155 = CARTESIAN_POINT ( 'NONE',  ( 2.350480947161671441, 0.9736010864139230669, -24.17600000000002680 ) ) ;
#3156 = ORIENTED_EDGE ( 'NONE', *, *, #630, .T. ) ;
#3157 = CARTESIAN_POINT ( 'NONE',  ( 3.054126587736528897, -8.626133269396815863E-16, -23.76975000000005522 ) ) ;
#3158 = ORIENTED_EDGE ( 'NONE', *, *, #800, .T. ) ;
#3159 = CARTESIAN_POINT ( 'NONE',  ( -2.350480947161671885, -2.030139657692317537E-15, -29.86350000000001614 ) ) ;
#3160 = CARTESIAN_POINT ( 'NONE',  ( -2.159593620790630997, -2.159593620790630997, -26.20725000000001259 ) ) ;
#3161 = CARTESIAN_POINT ( 'NONE',  ( 0.000000000000000000, 3.000000000000001776, -30.48850000000003746 ) ) ;
#3162 = CARTESIAN_POINT ( 'NONE',  ( 0.000000000000000000, 3.797000000000000153, 25.12350000000001060 ) ) ;
#3163 = CARTESIAN_POINT ( 'NONE',  ( 0.000000000000000000, 3.054126587736528453, -29.51975000000004101 ) ) ;
#3164 = CARTESIAN_POINT ( 'NONE',  ( -2.390780663904484182, 0.09985130876684872314, -32.88931073001293726 ) ) ;
#3165 = DIRECTION ( 'NONE',  ( 1.000000000000000000, 0.000000000000000000, 0.000000000000000000 ) ) ;
#3166 = FACE_OUTER_BOUND ( 'NONE', #3369, .T. ) ;
#3167 = ORIENTED_EDGE ( 'NONE', *, *, #469, .F. ) ;
#3168 = PLANE ( 'NONE',  #3351 ) ;
#3169 = VECTOR ( 'NONE', #955, 1000.000000000000000 ) ;
#3170 = ORIENTED_EDGE ( 'NONE', *, *, #3375, .F. ) ;
#3171 = DIRECTION ( 'NONE',  ( 1.000000000000000000, 0.000000000000000000, 0.000000000000000000 ) ) ;
#3172 = AXIS2_PLACEMENT_3D ( 'NONE', #2120, #2938, #1843 ) ;
#3173 = ORIENTED_EDGE ( 'NONE', *, *, #220, .T. ) ;
#3174 = CARTESIAN_POINT ( 'NONE',  ( 3.054126587736528453, 1.265060653844733096, -33.70725000000003035 ) ) ;
#3175 = CARTESIAN_POINT ( 'NONE',  ( 1.836086098162150737, 2.406554588957137142, -24.71821144522731473 ) ) ;
#3176 = ADVANCED_FACE ( 'NONE', ( #2079 ), #690, .T. ) ;
#3177 = CONICAL_SURFACE ( 'NONE', #1121, 2.309401076758502924, 0.7853981633974500554 ) ;
#3178 = AXIS2_PLACEMENT_3D ( 'NONE', #189, #1312, #2696 ) ;
#3179 = VERTEX_POINT ( 'NONE', #996 ) ;
#3180 = CARTESIAN_POINT ( 'NONE',  ( -1.711585858778654767, 2.380499492184513510, -32.34661221101563910 ) ) ;
#3181 = CARTESIAN_POINT ( 'NONE',  ( -3.740226349862368230E-16, -3.054126587736529341, -25.08225000000001259 ) ) ;
#3182 = DIRECTION ( 'NONE',  ( 0.000000000000000000, -1.000000000000000000, 0.000000000000000000 ) ) ;
#3183 = CARTESIAN_POINT ( 'NONE',  ( 2.350480947161671441, 0.9736010864139230669, -32.30100000000000904 ) ) ;
#3184 = CARTESIAN_POINT ( 'NONE',  ( 3.054126587736528897, -8.626133269396815863E-16, -31.76975000000003391 ) ) ;
#3185 = DIRECTION ( 'NONE',  ( -0.000000000000000000, 8.971971810740515560E-18, 1.000000000000000000 ) ) ;
#3186 = CARTESIAN_POINT ( 'NONE',  ( 2.350480947161671885, -7.211455800809401075E-15, -29.36350000000001614 ) ) ;
#3187 = CARTESIAN_POINT ( 'NONE',  ( -2.121320343559644606, 2.121320343559644162, -29.48850000000000549 ) ) ;
#3188 = ORIENTED_EDGE ( 'NONE', *, *, #2746, .T. ) ;
#3189 = CARTESIAN_POINT ( 'NONE',  ( 0.000000000000000000, -2.058233259156977999E-15, 33.61350000000000193 ) ) ;
#3190 = CARTESIAN_POINT ( 'NONE',  ( 1.242640687119285881, -3.000000000000003553, -27.92600000000004812 ) ) ;
#3191 = ORIENTED_EDGE ( 'NONE', *, *, #2173, .F. ) ;
#3192 = CARTESIAN_POINT ( 'NONE',  ( -2.878508968398380237E-16, -2.350480947161672329, -24.48850000000002680 ) ) ;
#3193 = ORIENTED_EDGE ( 'NONE', *, *, #2133, .T. ) ;
#3194 = CARTESIAN_POINT ( 'NONE',  ( 2.159593620790630553, -2.159593620790631441, -32.89475000000003746 ) ) ;
#3195 = DIRECTION ( 'NONE',  ( 0.000000000000000000, -1.000000000000000000, 0.000000000000000000 ) ) ;
#3196 = EDGE_CURVE ( 'NONE', #2923, #2314, #2138, .T. ) ;
#3197 = EDGE_LOOP ( 'NONE', ( #2469, #670, #207, #656, #1769, #1195 ) ) ;
#3198 = CARTESIAN_POINT ( 'NONE',  ( -3.740226349862368230E-16, -3.054126587736529341, -24.08225000000001614 ) ) ;
#3199 =( BOUNDED_CURVE ( )  B_SPLINE_CURVE ( 2, ( #1278, #710, #2117 ),
 .UNSPECIFIED., .F., .T. ) 
 B_SPLINE_CURVE_WITH_KNOTS ( ( 3, 3 ),
 ( 0.8863636363636363535, 0.8923415314477824989 ),
 .UNSPECIFIED. ) 
 CURVE ( )  GEOMETRIC_REPRESENTATION_ITEM ( )  RATIONAL_B_SPLINE_CURVE ( ( 1.000000000000000000, 0.9599564651804757265, 0.9620431151520579816 ) ) 
 REPRESENTATION_ITEM ( '' )  );
#3200 = CARTESIAN_POINT ( 'NONE',  ( 2.350480947161671441, -0.9736010864139245102, -32.42600000000000904 ) ) ;
#3201 = CARTESIAN_POINT ( 'NONE',  ( 3.054126587736528009, -1.265060653844735095, -28.83225000000004101 ) ) ;
#3202 = CYLINDRICAL_SURFACE ( 'NONE', #2992, 3.000000000000004441 ) ;
#3203 = FACE_OUTER_BOUND ( 'NONE', #634, .T. ) ;
#3204 = CARTESIAN_POINT ( 'NONE',  ( -2.350480947161673217, 0.9736010864139228449, -31.80100000000001614 ) ) ;
#3205 = CARTESIAN_POINT ( 'NONE',  ( -2.350480947161671885, 2.726675170263868496E-16, -25.86350000000002680 ) ) ;
#3206 = CARTESIAN_POINT ( 'NONE',  ( 2.121320343559644606, 2.121320343559643273, -25.61350000000004812 ) ) ;
#3207 = CARTESIAN_POINT ( 'NONE',  ( -0.9736010864139154064, 2.350480947161674550, -27.05100000000001970 ) ) ;
#3208 = CARTESIAN_POINT ( 'NONE',  ( 1.081494977730763635E-12, -2.630441209928904733, -24.32686486692890782 ) ) ;
#3209 = ORIENTED_EDGE ( 'NONE', *, *, #2523, .F. ) ;
#3210 = CARTESIAN_POINT ( 'NONE',  ( -2.350480947161671885, -1.576539260404073400E-16, -23.86350000000003035 ) ) ;
#3211 = VERTEX_POINT ( 'NONE', #2434 ) ;
#3212 = EDGE_CURVE ( 'NONE', #381, #1914, #217, .T. ) ;
#3213 = CARTESIAN_POINT ( 'NONE',  ( -3.054126587736528897, 1.265060653844732652, -24.39475000000001259 ) ) ;
#3214 = CARTESIAN_POINT ( 'NONE',  ( 3.000000000000002220, -8.526704340766356772E-16, -26.86350000000000904 ) ) ;
#3215 = CARTESIAN_POINT ( 'NONE',  ( -2.350480947161671885, 0.9736010864139226229, -29.92600000000001259 ) ) ;
#3216 = CARTESIAN_POINT ( 'NONE',  ( 3.054126587736528009, -1.265060653844735095, -26.83225000000004457 ) ) ;
#3217 = CARTESIAN_POINT ( 'NONE',  ( 3.000000000000001776, -1.242640687119288545, -29.80100000000003746 ) ) ;
#3218 = DIRECTION ( 'NONE',  ( -0.000000000000000000, -0.000000000000000000, 1.000000000000000000 ) ) ;
#3219 = AXIS2_PLACEMENT_3D ( 'NONE', #747, #1377, #2503 ) ;
#3220 = EDGE_CURVE ( 'NONE', #871, #518, #1614, .T. ) ;
#3221 = CYLINDRICAL_SURFACE ( 'NONE', #652, 3.000000000000004441 ) ;
#3222 = ORIENTED_EDGE ( 'NONE', *, *, #301, .F. ) ;
#3223 = CARTESIAN_POINT ( 'NONE',  ( -0.9736010864139308385, -2.350480947161668777, -28.67600000000001614 ) ) ;
#3224 = DIRECTION ( 'NONE',  ( 1.000000000000000000, 0.000000000000000000, 0.000000000000000000 ) ) ;
#3225 = CIRCLE ( 'NONE', #1629, 3.807000000000002160 ) ;
#3226 = CARTESIAN_POINT ( 'NONE',  ( -3.673940397442062333E-16, -3.000000000000002665, -32.11350000000000193 ) ) ;
#3227 = ORIENTED_EDGE ( 'NONE', *, *, #1551, .T. ) ;
#3228 = CARTESIAN_POINT ( 'NONE',  ( -3.859135165941678291E-13, 2.508047345490167057, -24.20447100249020522 ) ) ;
#3229 = TOROIDAL_SURFACE ( 'NONE', #3457, 2.738095500000003568, 0.2619045000000004841 ) ;
#3230 = VERTEX_POINT ( 'NONE', #1399 ) ;
#3231 = CARTESIAN_POINT ( 'NONE',  ( -2.350480947161671885, -0.9736010864139230669, -33.67600000000000904 ) ) ;
#3232 = VECTOR ( 'NONE', #1159, 1000.000000000000000 ) ;
#3233 = AXIS2_PLACEMENT_3D ( 'NONE', #2718, #1505, #3275 ) ;
#3234 = CYLINDRICAL_SURFACE ( 'NONE', #68, 3.000000000000004441 ) ;
#3235 = CARTESIAN_POINT ( 'NONE',  ( -2.878508968398380237E-16, -2.350480947161672329, -30.61350000000001259 ) ) ;
#3236 = CARTESIAN_POINT ( 'NONE',  ( 0.000000000000000000, -3.000000000000006661, 33.61350000000000193 ) ) ;
#3237 = CARTESIAN_POINT ( 'NONE',  ( -2.350480947161673662, 0.9736010864139180709, -28.80100000000001970 ) ) ;
#3238 = ADVANCED_FACE ( 'NONE', ( #1946 ), #3292, .F. ) ;
#3239 = FACE_OUTER_BOUND ( 'NONE', #863, .T. ) ;
#3240 = ORIENTED_EDGE ( 'NONE', *, *, #1638, .T. ) ;
#3241 = CARTESIAN_POINT ( 'NONE',  ( 2.350480947161671885, -7.787157594489077418E-15, -28.36350000000001970 ) ) ;
#3242 = AXIS2_PLACEMENT_3D ( 'NONE', #2062, #2607, #85 ) ;
#3243 = CARTESIAN_POINT ( 'NONE',  ( 0.000000000000000000, -2.058233259156977999E-15, 33.61350000000000193 ) ) ;
#3244 = CARTESIAN_POINT ( 'NONE',  ( -1.662041016787790371, 1.662041016787803915, -27.98850000000001970 ) ) ;
#3245 = ORIENTED_EDGE ( 'NONE', *, *, #2270, .F. ) ;
#3246 = CARTESIAN_POINT ( 'NONE',  ( 3.353199889834775802E-16, 2.738095500000000904, -22.64840450000000160 ) ) ;
#3247 = CARTESIAN_POINT ( 'NONE',  ( -3.673940397442062333E-16, -3.000000000000002665, -26.98850000000004812 ) ) ;
#3248 = ORIENTED_EDGE ( 'NONE', *, *, #3591, .F. ) ;
#3249 = CARTESIAN_POINT ( 'NONE',  ( 2.350480947161671885, -7.787157594489077418E-15, -28.36350000000001970 ) ) ;
#3250 = CARTESIAN_POINT ( 'NONE',  ( -0.9736010864139229559, 2.350480947161671441, -30.05100000000001970 ) ) ;
#3251 = CARTESIAN_POINT ( 'NONE',  ( 0.000000000000000000, -3.797000000000005038, -22.38649999999999807 ) ) ;
#3252 = CARTESIAN_POINT ( 'NONE',  ( -1.662041016787791037, 1.662041016787803693, -28.86350000000001614 ) ) ;
#3253 = CARTESIAN_POINT ( 'NONE',  ( 0.9736010864139248433, 2.350480947161670553, -32.05100000000000904 ) ) ;
#3254 = ORIENTED_EDGE ( 'NONE', *, *, #1179, .T. ) ;
#3255 = ADVANCED_FACE ( 'NONE', ( #2744 ), #841, .F. ) ;
#3256 = CARTESIAN_POINT ( 'NONE',  ( 0.000000000000000000, -3.015793744603263765E-16, -33.61350000000000193 ) ) ;
#3257 = CARTESIAN_POINT ( 'NONE',  ( 3.105682770849847401E-17, 2.309401076758502924, 30.61350000000000549 ) ) ;
#3258 = CARTESIAN_POINT ( 'NONE',  ( 1.505681811569958173, -2.085314533099101642, -24.26333588191029378 ) ) ;
#3259 = ORIENTED_EDGE ( 'NONE', *, *, #2197, .T. ) ;
#3260 = CARTESIAN_POINT ( 'NONE',  ( -2.609214017454155599, 1.431520466195615571, -32.30236621969458355 ) ) ;
#3261 = CARTESIAN_POINT ( 'NONE',  ( 1.662041016787796810, -1.662041016787797920, -29.48850000000001614 ) ) ;
#3262 = EDGE_CURVE ( 'NONE', #1383, #504, #2644, .T. ) ;
#3263 = ORIENTED_EDGE ( 'NONE', *, *, #2637, .T. ) ;
#3264 = CARTESIAN_POINT ( 'NONE',  ( 1.662041016787800363, 1.662041016787793923, -30.11350000000001614 ) ) ;
#3265 = CARTESIAN_POINT ( 'NONE',  ( 1.662041016787797698, 1.662041016787796588, -28.23850000000001970 ) ) ;
#3266 = DATE_AND_TIME ( #3015, #2290 ) ;
#3267 = CARTESIAN_POINT ( 'NONE',  ( 1.265060653844735095, 3.054126587736527565, -31.64474999999999838 ) ) ;
#3268 = CARTESIAN_POINT ( 'NONE',  ( 0.000000000000000000, -3.797000000000004594, 33.61350000000000193 ) ) ;
#3269 = CYLINDRICAL_SURFACE ( 'NONE', #3219, 3.000000000000004441 ) ;
#3270 = CYLINDRICAL_SURFACE ( 'NONE', #2299, 4.000000000000000888 ) ;
#3271 = DIRECTION ( 'NONE',  ( 1.000000000000000000, 0.000000000000000000, 0.000000000000000000 ) ) ;
#3272 = VECTOR ( 'NONE', #2873, 1000.000000000000000 ) ;
#3273 = DIRECTION ( 'NONE',  ( 1.000000000000000000, 0.000000000000000000, 0.000000000000000000 ) ) ;
#3274 = ORIENTED_EDGE ( 'NONE', *, *, #367, .T. ) ;
#3275 = DIRECTION ( 'NONE',  ( 0.000000000000000000, -1.000000000000000000, 0.000000000000000000 ) ) ;
#3276 = CARTESIAN_POINT ( 'NONE',  ( 2.350480947161676770, -0.9736010864139218457, -25.30100000000002325 ) ) ;
#3277 = EDGE_LOOP ( 'NONE', ( #3158, #1666, #867, #890 ) ) ;
#3278 = CARTESIAN_POINT ( 'NONE',  ( 3.054126587736528453, 1.265060653844733096, -27.70725000000004812 ) ) ;
#3279 = AXIS2_PLACEMENT_3D ( 'NONE', #246, #2788, #3350 ) ;
#3280 = DIRECTION ( 'NONE',  ( 0.000000000000000000, 0.000000000000000000, -1.000000000000000000 ) ) ;
#3281 = CARTESIAN_POINT ( 'NONE',  ( -2.350480947161671885, -0.9736010864139230669, -25.80100000000002325 ) ) ;
#3282 = AXIS2_PLACEMENT_3D ( 'NONE', #1376, #2764, #1046 ) ;
#3283 =( LENGTH_UNIT ( ) NAMED_UNIT ( * ) SI_UNIT ( .MILLI., .METRE. ) );
#3284 = CARTESIAN_POINT ( 'NONE',  ( 1.265060653844732430, -3.054126587736530674, -32.01975000000000193 ) ) ;
#3285 = AXIS2_PLACEMENT_3D ( 'NONE', #1568, #465, #1035 ) ;
#3286 =( BOUNDED_CURVE ( )  B_SPLINE_CURVE ( 2, ( #3513, #1241, #691, #2664, #651, #3207, #920, #997, #155 ),
 .UNSPECIFIED., .F., .T. ) 
 B_SPLINE_CURVE_WITH_KNOTS ( ( 3, 2, 2, 2, 3 ),
 ( 0.6136363636363637575, 0.6250000000000001110, 0.6363636363636364646, 0.6477272727272727071, 0.6590909090909090606 ),
 .UNSPECIFIED. ) 
 CURVE ( )  GEOMETRIC_REPRESENTATION_ITEM ( )  RATIONAL_B_SPLINE_CURVE ( ( 0.9999999999999992228, 0.9238795325112875156, 1.000000000000000000, 0.9238795325112867385, 1.000000000000000000, 0.9238795325112867385, 1.000000000000000000, 0.9238795325112867385, 1.000000000000000000 ) ) 
 REPRESENTATION_ITEM ( '' )  );
#3287 = CIRCLE ( 'NONE', #3242, 2.738095500000003568 ) ;
#3288 = FACE_OUTER_BOUND ( 'NONE', #2050, .T. ) ;
#3289 = CARTESIAN_POINT ( 'NONE',  ( 2.350480947161669665, 0.9736010864139172938, -25.30100000000001970 ) ) ;
#3290 = CARTESIAN_POINT ( 'NONE',  ( 0.000000000000000000, 3.000000000000002220, -33.61350000000000193 ) ) ;
#3291 = CARTESIAN_POINT ( 'NONE',  ( 1.680970813925579899, -1.338892124838665154, 33.44493495263412086 ) ) ;
#3292 = TOROIDAL_SURFACE ( 'NONE', #761, 2.738095500000003568, 0.2619045000000004841 ) ;
#3293 = CARTESIAN_POINT ( 'NONE',  ( 0.000000000000000000, 3.000000000000001776, -31.48850000000003035 ) ) ;
#3294 = ORIENTED_EDGE ( 'NONE', *, *, #2723, .T. ) ;
#3295 = CARTESIAN_POINT ( 'NONE',  ( 3.000000000000002220, -8.526704340766356772E-16, -30.86350000000000193 ) ) ;
#3296 = CYLINDRICAL_SURFACE ( 'NONE', #1516, 4.000000000000000888 ) ;
#3297 = CARTESIAN_POINT ( 'NONE',  ( 1.662041016787797698, 1.662041016787796588, -26.11350000000002680 ) ) ;
#3298 = ORIENTED_EDGE ( 'NONE', *, *, #1551, .F. ) ;
#3299 = CARTESIAN_POINT ( 'NONE',  ( 3.054126587736528897, -8.626133269396815863E-16, -27.76975000000004457 ) ) ;
#3300 = ADVANCED_FACE ( 'NONE', ( #805 ), #823, .F. ) ;
#3301 = DIRECTION ( 'NONE',  ( 0.000000000000000000, -1.000000000000000000, 0.000000000000000000 ) ) ;
#3302 = CARTESIAN_POINT ( 'NONE',  ( -2.350480947161671885, -1.576539260404073400E-16, -26.86350000000002325 ) ) ;
#3303 = CARTESIAN_POINT ( 'NONE',  ( -2.121320343559644606, -2.121320343559644606, -32.23850000000000193 ) ) ;
#3304 = CARTESIAN_POINT ( 'NONE',  ( -2.350480947161673662, -0.9736010864139199583, -26.67600000000002325 ) ) ;
#3305 = CARTESIAN_POINT ( 'NONE',  ( 1.662041016787796144, 1.662041016787798364, -26.11350000000002680 ) ) ;
#3306 = LINE ( 'NONE', #787, #1600 ) ;
#3307 =( BOUNDED_CURVE ( )  B_SPLINE_CURVE ( 2, ( #885, #1476, #2006, #2549, #3096, #2859, #30, #1218, #1146 ),
 .UNSPECIFIED., .F., .T. ) 
 B_SPLINE_CURVE_WITH_KNOTS ( ( 3, 2, 2, 2, 3 ),
 ( 0.6590909090909090606, 0.6704545454545454142, 0.6818181818181818787, 0.6931818181818183433, 0.7045454545454546968 ),
 .UNSPECIFIED. ) 
 CURVE ( )  GEOMETRIC_REPRESENTATION_ITEM ( )  RATIONAL_B_SPLINE_CURVE ( ( 1.000000000000000000, 0.9238795325112867385, 1.000000000000000000, 0.9238795325112867385, 1.000000000000000000, 0.9238795325112867385, 1.000000000000000000, 0.9238795325112859613, 1.000000000000000666 ) ) 
 REPRESENTATION_ITEM ( '' )  );
#3308 = FACE_OUTER_BOUND ( 'NONE', #2566, .T. ) ;
#3309 = VERTEX_POINT ( 'NONE', #1066 ) ;
#3310 = CARTESIAN_POINT ( 'NONE',  ( -2.350480947161671885, -1.454437864012641391E-15, -28.86350000000001614 ) ) ;
#3311 = FACE_OUTER_BOUND ( 'NONE', #2609, .T. ) ;
#3312 = AXIS2_PLACEMENT_3D ( 'NONE', #397, #1221, #1479 ) ;
#3313 = CARTESIAN_POINT ( 'NONE',  ( -1.662041016787797476, -1.662041016787797476, -27.61350000000001970 ) ) ;
#3314 = ORIENTED_EDGE ( 'NONE', *, *, #2881, .T. ) ;
#3315 = CARTESIAN_POINT ( 'NONE',  ( 3.054126587736528009, -1.265060653844735095, -27.83225000000004457 ) ) ;
#3316 = EDGE_CURVE ( 'NONE', #2105, #741, #3114, .T. ) ;
#3317 = ORIENTED_EDGE ( 'NONE', *, *, #1395, .T. ) ;
#3318 = ADVANCED_BREP_SHAPE_REPRESENTATION ( '92981A207_Alloy Steel Shoulder Screws', ( #1848, #3127, #464 ), #2411 ) ;
#3319 = CARTESIAN_POINT ( 'NONE',  ( 2.302807174718704189E-15, 2.350480947161671441, -29.98850000000001614 ) ) ;
#3320 = CARTESIAN_POINT ( 'NONE',  ( 2.350480947161671441, -0.9736010864139245102, -27.42600000000001970 ) ) ;
#3321 = CARTESIAN_POINT ( 'NONE',  ( 0.000000000000000000, -3.015793744603263765E-16, -33.61350000000000193 ) ) ;
#3322 = CARTESIAN_POINT ( 'NONE',  ( 3.054126587736528453, 1.265060653844733096, -28.76975000000000549 ) ) ;
#3323 = CARTESIAN_POINT ( 'NONE',  ( 2.000000000000000000, 1.154700538379252128, 30.61350000000000549 ) ) ;
#3324 = CARTESIAN_POINT ( 'NONE',  ( 3.000000000000001776, 1.242640687119286547, -28.80100000000000193 ) ) ;
#3325 = CARTESIAN_POINT ( 'NONE',  ( 0.9736010864139245102, 2.350480947161670997, -32.05100000000000904 ) ) ;
#3326 = EDGE_CURVE ( 'NONE', #1987, #2372, #3482, .T. ) ;
#3327 = CARTESIAN_POINT ( 'NONE',  ( 2.350480947161671885, -1.008996476920778279E-14, -24.36350000000002680 ) ) ;
#3328 = CARTESIAN_POINT ( 'NONE',  ( 1.242640687119285881, -3.000000000000003553, -30.05100000000000549 ) ) ;
#3329 = CARTESIAN_POINT ( 'NONE',  ( -3.000000000000002665, -1.242640687119286103, -26.17600000000004812 ) ) ;
#3330 = ORIENTED_EDGE ( 'NONE', *, *, #2249, .T. ) ;
#3331 = CARTESIAN_POINT ( 'NONE',  ( 2.121320343559644606, 2.121320343559643273, -30.73850000000000193 ) ) ;
#3332 = DIRECTION ( 'NONE',  ( 0.000000000000000000, -1.000000000000000000, 0.000000000000000000 ) ) ;
#3333 = AXIS2_PLACEMENT_3D ( 'NONE', #3162, #2017, #857 ) ;
#3334 = CARTESIAN_POINT ( 'NONE',  ( 2.350480947161671441, 0.9736010864139230669, -27.17600000000001970 ) ) ;
#3335 = EDGE_LOOP ( 'NONE', ( #2190, #2170 ) ) ;
#3336 = CARTESIAN_POINT ( 'NONE',  ( 3.054126587736528453, 1.265060653844733096, -26.70725000000005167 ) ) ;
#3337 = EDGE_LOOP ( 'NONE', ( #2007, #3603, #2537, #3607 ) ) ;
#3338 = CARTESIAN_POINT ( 'NONE',  ( 0.3006405256314280683, 2.420838155255154334, -24.17261465700000400 ) ) ;
#3339 = CARTESIAN_POINT ( 'NONE',  ( 1.662041016787797698, 1.662041016787796588, -27.23850000000001970 ) ) ;
#3340 = COORDINATED_UNIVERSAL_TIME_OFFSET ( 6, 0, .BEHIND. ) ;
#3341 = CARTESIAN_POINT ( 'NONE',  ( 0.000000000000000000, 3.054126587736528453, -29.58225000000000549 ) ) ;
#3342 = AXIS2_PLACEMENT_3D ( 'NONE', #675, #1480, #310 ) ;
#3343 = CARTESIAN_POINT ( 'NONE',  ( 1.242640687119306753, 2.999999999999982236, -27.67600000000001259 ) ) ;
#3344 = CARTESIAN_POINT ( 'NONE',  ( -0.9736010864139145182, 2.350480947161674550, -25.05100000000002325 ) ) ;
#3345 = CARTESIAN_POINT ( 'NONE',  ( 0.9736010864139224008, -2.350480947161673217, -29.42600000000001259 ) ) ;
#3346 = DIRECTION ( 'NONE',  ( -0.000000000000000000, 8.971971810740515560E-18, 1.000000000000000000 ) ) ;
#3347 = CARTESIAN_POINT ( 'NONE',  ( 0.000000000000000000, -2.058233259156977999E-15, 33.61350000000000193 ) ) ;
#3348 = ADVANCED_FACE ( 'NONE', ( #1888 ), #129, .F. ) ;
#3349 = EDGE_CURVE ( 'NONE', #3376, #3583, #2519, .T. ) ;
#3350 = DIRECTION ( 'NONE',  ( 0.000000000000000000, -1.000000000000000000, 0.000000000000000000 ) ) ;
#3351 = AXIS2_PLACEMENT_3D ( 'NONE', #1770, #378, #361 ) ;
#3352 = VERTEX_POINT ( 'NONE', #2004 ) ;
#3353 = CYLINDRICAL_SURFACE ( 'NONE', #1005, 3.000000000000004441 ) ;
#3354 = CARTESIAN_POINT ( 'NONE',  ( 2.350480947161671441, -0.9736010864139245102, -28.30100000000002325 ) ) ;
#3355 = ORIENTED_EDGE ( 'NONE', *, *, #1100, .T. ) ;
#3356 = CARTESIAN_POINT ( 'NONE',  ( 0.000000000000000000, 3.054126587736528453, -23.51975000000005522 ) ) ;
#3357 = VERTEX_POINT ( 'NONE', #3132 ) ;
#3358 = CARTESIAN_POINT ( 'NONE',  ( 2.121320343559644162, -2.121320343559645050, -24.86350000000005167 ) ) ;
#3359 = CARTESIAN_POINT ( 'NONE',  ( -2.350480947161671885, 0.9736010864139226229, -23.92600000000003746 ) ) ;
#3360 = CARTESIAN_POINT ( 'NONE',  ( 1.265060653844735095, 3.054126587736527565, -27.64475000000000904 ) ) ;
#3361 = CARTESIAN_POINT ( 'NONE',  ( 2.350480947161663892, -0.9736010864139333920, -30.42600000000001614 ) ) ;
#3362 = CARTESIAN_POINT ( 'NONE',  ( -2.878508968398380237E-16, -2.350480947161672329, -33.61350000000000193 ) ) ;
#3363 = CARTESIAN_POINT ( 'NONE',  ( -1.662041016787797476, -1.662041016787797476, -32.61350000000000904 ) ) ;
#3364 = CARTESIAN_POINT ( 'NONE',  ( 2.350480947161671885, -1.309057513399759435E-15, -32.36350000000000904 ) ) ;
#3365 = DIRECTION ( 'NONE',  ( 0.000000000000000000, -8.971971810740661930E-18, -1.000000000000000000 ) ) ;
#3366 =( BOUNDED_CURVE ( )  B_SPLINE_CURVE ( 2, ( #3471, #719, #2414, #732, #1545, #2657, #114, #2075, #2980 ),
 .UNSPECIFIED., .F., .F. ) 
 B_SPLINE_CURVE_WITH_KNOTS ( ( 3, 2, 2, 2, 3 ),
 ( 0.4772727272727272929, 0.4886363636363636465, 0.4999999999999999445, 0.5113636363636362425, 0.5227272727272725961 ),
 .UNSPECIFIED. ) 
 CURVE ( )  GEOMETRIC_REPRESENTATION_ITEM ( )  RATIONAL_B_SPLINE_CURVE ( ( 1.000000000000000000, 0.9238795325112867385, 1.000000000000000000, 0.9238795325112867385, 1.000000000000000000, 0.9238795325112867385, 1.000000000000000000, 0.9238795325112875156, 0.9999999999999992228 ) ) 
 REPRESENTATION_ITEM ( '' )  );
#3367 = EDGE_CURVE ( 'NONE', #2156, #1284, #2368, .T. ) ;
#3368 = DIRECTION ( 'NONE',  ( -0.000000000000000000, 8.971971810740515560E-18, 1.000000000000000000 ) ) ;
#3369 = EDGE_LOOP ( 'NONE', ( #3623, #826, #1622, #1109 ) ) ;
#3370 = DIRECTION ( 'NONE',  ( -0.000000000000000000, -0.000000000000000000, 1.000000000000000000 ) ) ;
#3371 = CARTESIAN_POINT ( 'NONE',  ( -3.000000000000002665, -1.242640687119286103, -32.17600000000003746 ) ) ;
#3372 = CARTESIAN_POINT ( 'NONE',  ( -0.9736010864139230669, -2.350480947161672329, -27.55100000000001970 ) ) ;
#3373 = VERTEX_POINT ( 'NONE', #1695 ) ;
#3374 = CARTESIAN_POINT ( 'NONE',  ( -3.673940397442062333E-16, -3.000000000000002665, -26.11350000000001259 ) ) ;
#3375 = EDGE_CURVE ( 'NONE', #3373, #843, #3012, .T. ) ;
#3376 = VERTEX_POINT ( 'NONE', #60 ) ;
#3377 = CARTESIAN_POINT ( 'NONE',  ( -3.673940397442062333E-16, -3.000000000000002665, -26.98850000000004812 ) ) ;
#3378 = CARTESIAN_POINT ( 'NONE',  ( 0.000000000000000000, 3.054126587736528453, -34.51975000000003035 ) ) ;
#3379 = APPROVAL_ROLE ( '' ) ;
#3380 = CARTESIAN_POINT ( 'NONE',  ( -2.159593620790630997, -2.159593620790630997, -28.20725000000000549 ) ) ;
#3381 = DIRECTION ( 'NONE',  ( 0.000000000000000000, -1.000000000000000000, 0.000000000000000000 ) ) ;
#3382 = CARTESIAN_POINT ( 'NONE',  ( 0.9736010864139248433, 2.350480947161670553, -32.17600000000000904 ) ) ;
#3383 = CARTESIAN_POINT ( 'NONE',  ( -0.9736010864139229559, 2.350480947161671441, -29.92600000000001259 ) ) ;
#3384 = CARTESIAN_POINT ( 'NONE',  ( -0.7795728892961869549, -2.400053642787111752, -32.75838137658276139 ) ) ;
#3385 = CARTESIAN_POINT ( 'NONE',  ( 3.466528837660517607E-28, -2.554472335061792112E-15, -21.69642365700001463 ) ) ;
#3386 = CARTESIAN_POINT ( 'NONE',  ( 0.000000000000000000, -8.673617379884035472E-16, 33.61350000000000193 ) ) ;
#3387 = VERTEX_POINT ( 'NONE', #3433 ) ;
#3388 = CARTESIAN_POINT ( 'NONE',  ( 2.703235978397776407, 0.4791615803764651127, -32.55127310120393958 ) ) ;
#3389 = DIRECTION ( 'NONE',  ( 0.000000000000000000, -8.971971810740515560E-18, -1.000000000000000000 ) ) ;
#3390 = CARTESIAN_POINT ( 'NONE',  ( 2.350480947161671441, -0.9736010864139245102, -23.30100000000003035 ) ) ;
#3391 = ORIENTED_EDGE ( 'NONE', *, *, #3563, .T. ) ;
#3392 = CARTESIAN_POINT ( 'NONE',  ( 3.000000000000002220, -8.526704340766356772E-16, -25.86350000000001259 ) ) ;
#3393 = VERTEX_POINT ( 'NONE', #28 ) ;
#3394 = CARTESIAN_POINT ( 'NONE',  ( 3.054126587736528897, -8.626133269396815863E-16, -28.83225000000000193 ) ) ;
#3395 = VECTOR ( 'NONE', #3043, 1000.000000000000000 ) ;
#3396 = CARTESIAN_POINT ( 'NONE',  ( 0.8542842270959037920, 2.189739514715206337, -24.17261465700000045 ) ) ;
#3397 = CARTESIAN_POINT ( 'NONE',  ( 1.590722648166202768E-11, -2.546970633785627047, -32.72694337346440818 ) ) ;
#3398 = CARTESIAN_POINT ( 'NONE',  ( -0.9736010864139230669, -2.350480947161672329, -31.55100000000000904 ) ) ;
#3399 = CARTESIAN_POINT ( 'NONE',  ( 4.662230364353977511E-16, 3.807000000000000384, -22.38649999999999096 ) ) ;
#3400 = CARTESIAN_POINT ( 'NONE',  ( 1.190144236522650400E-12, 2.947428508036754380, -24.64385216503675480 ) ) ;
#3401 = CIRCLE ( 'NONE', #2531, 3.000000000000004441 ) ;
#3402 = CARTESIAN_POINT ( 'NONE',  ( 0.6574737410325665055, 1.929808435388240984, 33.33420143862439744 ) ) ;
#3403 = ORIENTED_EDGE ( 'NONE', *, *, #755, .F. ) ;
#3404 = CARTESIAN_POINT ( 'NONE',  ( 1.778882328119762102, 2.161897699306658094, -32.47981003201405770 ) ) ;
#3405 = DIRECTION ( 'NONE',  ( 0.000000000000000000, -1.000000000000000000, 0.000000000000000000 ) ) ;
#3406 = CONICAL_SURFACE ( 'NONE', #1829, 2.309401076758502924, 0.7853981633974500554 ) ;
#3407 =( BOUNDED_CURVE ( )  B_SPLINE_CURVE ( 2, ( #1301, #1604, #1036, #809, #1315, #1346, #3605, #3276, #1021 ),
 .UNSPECIFIED., .F., .T. ) 
 B_SPLINE_CURVE_WITH_KNOTS ( ( 3, 2, 2, 2, 3 ),
 ( 0.7499999999999998890, 0.7613636363636362425, 0.7727272727272727071, 0.7840909090909091717, 0.7954545454545455252 ),
 .UNSPECIFIED. ) 
 CURVE ( )  GEOMETRIC_REPRESENTATION_ITEM ( )  RATIONAL_B_SPLINE_CURVE ( ( 1.000000000000000666, 0.9238795325112859613, 1.000000000000000000, 0.9238795325112867385, 1.000000000000000000, 0.9238795325112867385, 1.000000000000000000, 0.9238795325112859613, 1.000000000000000666 ) ) 
 REPRESENTATION_ITEM ( '' )  );
#3408 = CARTESIAN_POINT ( 'NONE',  ( 0.000000000000000000, 2.350480947161671441, -22.98850000000003035 ) ) ;
#3409 = ORIENTED_EDGE ( 'NONE', *, *, #877, .F. ) ;
#3410 = CARTESIAN_POINT ( 'NONE',  ( 1.242640687119311416, 2.999999999999976907, -25.67600000000001614 ) ) ;
#3411 = ORIENTED_EDGE ( 'NONE', *, *, #2925, .T. ) ;
#3412 = EDGE_CURVE ( 'NONE', #3427, #729, #1984, .T. ) ;
#3413 = CARTESIAN_POINT ( 'NONE',  ( -2.350480947161671885, -1.372847762048833127E-17, -33.61350000000000193 ) ) ;
#3414 = CARTESIAN_POINT ( 'NONE',  ( 3.054126587736528897, -8.626133269396815863E-16, -24.83225000000001259 ) ) ;
#3415 = FACE_OUTER_BOUND ( 'NONE', #2287, .T. ) ;
#3416 = LINE ( 'NONE', #1471, #2871 ) ;
#3417 = CARTESIAN_POINT ( 'NONE',  ( 3.054126587736528453, 1.265060653844733096, -29.70725000000004101 ) ) ;
#3418 = CARTESIAN_POINT ( 'NONE',  ( -3.000000000000002220, 1.242640687119286103, -27.42600000000000904 ) ) ;
#3419 = CARTESIAN_POINT ( 'NONE',  ( 0.000000000000000000, 4.000000000000000888, -22.38650000000000162 ) ) ;
#3420 = FACE_OUTER_BOUND ( 'NONE', #15, .T. ) ;
#3421 = VERTEX_POINT ( 'NONE', #2545 ) ;
#3422 = DIRECTION ( 'NONE',  ( -0.000000000000000000, 8.971971810740515560E-18, 1.000000000000000000 ) ) ;
#3423 = DIRECTION ( 'NONE',  ( 0.000000000000000000, 1.000000000000000000, 0.000000000000000000 ) ) ;
#3424 = DIRECTION ( 'NONE',  ( -0.000000000000000000, -0.000000000000000000, 1.000000000000000000 ) ) ;
#3425 = EDGE_LOOP ( 'NONE', ( #3409, #105, #160, #1553 ) ) ;
#3426 = CARTESIAN_POINT ( 'NONE',  ( -1.242640687119295206, 2.999999999999992895, -25.42600000000004101 ) ) ;
#3427 = VERTEX_POINT ( 'NONE', #3399 ) ;
#3428 = CARTESIAN_POINT ( 'NONE',  ( -2.350480947161671885, -1.372847762048833127E-17, -33.61350000000000193 ) ) ;
#3429 = CARTESIAN_POINT ( 'NONE',  ( -3.054126587736528897, 1.265060653844732652, -23.39475000000002325 ) ) ;
#3430 = DIRECTION ( 'NONE',  ( 0.000000000000000000, -1.000000000000000000, 0.000000000000000000 ) ) ;
#3431 = CARTESIAN_POINT ( 'NONE',  ( 0.9736010864139224008, -2.350480947161673217, -33.55100000000000193 ) ) ;
#3432 = CARTESIAN_POINT ( 'NONE',  ( 1.265060653844732430, -3.054126587736530674, -31.95725000000003391 ) ) ;
#3433 = CARTESIAN_POINT ( 'NONE',  ( 2.893448320947026975, 0.7924372618755619602, -24.69642365699999331 ) ) ;
#3434 = CARTESIAN_POINT ( 'NONE',  ( 0.000000000000000000, -3.015793744603263765E-16, -33.61350000000000193 ) ) ;
#3435 = ADVANCED_FACE ( 'NONE', ( #1143 ), #589, .T. ) ;
#3436 = CARTESIAN_POINT ( 'NONE',  ( 0.1571849286460656470, 2.218650315892143787, 33.52274923913321203 ) ) ;
#3437 = ORIENTED_EDGE ( 'NONE', *, *, #1030, .F. ) ;
#3438 = CARTESIAN_POINT ( 'NONE',  ( 0.1767677985685748299, -2.553609696544376639, -32.72030431070452750 ) ) ;
#3439 = FACE_OUTER_BOUND ( 'NONE', #187, .T. ) ;
#3440 = CARTESIAN_POINT ( 'NONE',  ( -2.350480947161671885, 0.9736010864139226229, -23.80100000000003035 ) ) ;
#3441 = ORIENTED_EDGE ( 'NONE', *, *, #367, .F. ) ;
#3442 = CARTESIAN_POINT ( 'NONE',  ( -2.159593620790630997, -2.159593620790630997, -33.14475000000003746 ) ) ;
#3443 = CARTESIAN_POINT ( 'NONE',  ( 1.198219686709514065, 2.418881340903665134, -24.37918230996248425 ) ) ;
#3444 = ORIENTED_EDGE ( 'NONE', *, *, #2925, .F. ) ;
#3445 = DIRECTION ( 'NONE',  ( -0.000000000000000000, 8.971971810740515560E-18, 1.000000000000000000 ) ) ;
#3446 = CARTESIAN_POINT ( 'NONE',  ( 3.054126587736528009, -1.265060653844735095, -22.89475000000001970 ) ) ;
#3447 = CYLINDRICAL_SURFACE ( 'NONE', #529, 2.350480947161671885 ) ;
#3448 = CARTESIAN_POINT ( 'NONE',  ( 1.662041016787797254, -1.662041016787797920, -32.48850000000000904 ) ) ;
#3449 = CARTESIAN_POINT ( 'NONE',  ( 2.159593620790630553, -2.159593620790631441, -29.89475000000004101 ) ) ;
#3450 = CARTESIAN_POINT ( 'NONE',  ( -3.673940397442062333E-16, -3.000000000000002665, -27.11350000000000904 ) ) ;
#3451 = DIRECTION ( 'NONE',  ( -0.000000000000000000, -0.000000000000000000, 1.000000000000000000 ) ) ;
#3452 = CARTESIAN_POINT ( 'NONE',  ( 1.151403587359352095E-15, 2.350480947161671441, -31.98850000000000904 ) ) ;
#3453 = VERTEX_POINT ( 'NONE', #1419 ) ;
#3454 = EDGE_CURVE ( 'NONE', #235, #2273, #3021, .T. ) ;
#3455 = CARTESIAN_POINT ( 'NONE',  ( 2.163255579085275659, -1.528665501611294442, -32.63095241825848092 ) ) ;
#3456 = DIRECTION ( 'NONE',  ( 0.000000000000000000, -1.000000000000000000, 0.000000000000000000 ) ) ;
#3457 = AXIS2_PLACEMENT_3D ( 'NONE', #1382, #3022, #539 ) ;
#3458 = PRODUCT_RELATED_PRODUCT_CATEGORY ( 'detail', '', ( #1658 ) ) ;
#3459 = CYLINDRICAL_SURFACE ( 'NONE', #3342, 3.000000000000004441 ) ;
#3460 = AXIS2_PLACEMENT_3D ( 'NONE', #1199, #856, #2242 ) ;
#3461 = VERTEX_POINT ( 'NONE', #1765 ) ;
#3462 = B_SPLINE_CURVE_WITH_KNOTS ( 'NONE', 3,
 ( #1562, #1275, #430, #1838, #1547, #2399 ),
 .UNSPECIFIED., .F., .F.,
 ( 4, 2, 4 ),
 ( 1.006565379098789745E-16, 0.0005528258879521488279, 0.001105651775904197259 ),
 .UNSPECIFIED. ) ;
#3463 = CARTESIAN_POINT ( 'NONE',  ( -3.740226349862368230E-16, -3.054126587736529341, -33.01975000000003746 ) ) ;
#3464 = CARTESIAN_POINT ( 'NONE',  ( 1.998291955771793971, 1.992443222942555048, -24.50218066706596431 ) ) ;
#3465 = VERTEX_POINT ( 'NONE', #1559 ) ;
#3466 = AXIS2_PLACEMENT_3D ( 'NONE', #2198, #1025, #797 ) ;
#3467 = CARTESIAN_POINT ( 'NONE',  ( 1.265060653844735095, 3.054126587736527565, -22.64475000000001970 ) ) ;
#3468 = DIRECTION ( 'NONE',  ( 0.000000000000000000, -1.000000000000000000, 0.000000000000000000 ) ) ;
#3469 = CARTESIAN_POINT ( 'NONE',  ( 2.350480947161671441, -0.9736010864139245102, -30.42600000000001614 ) ) ;
#3470 = CARTESIAN_POINT ( 'NONE',  ( -1.265060653844732652, 3.054126587736528453, -28.45725000000005167 ) ) ;
#3471 = CARTESIAN_POINT ( 'NONE',  ( -2.350480947161671885, -1.454437864012641391E-15, -28.73850000000001614 ) ) ;
#3472 = FACE_OUTER_BOUND ( 'NONE', #31, .T. ) ;
#3473 = CARTESIAN_POINT ( 'NONE',  ( -3.673940397442062333E-16, -3.000000000000002665, -29.11350000000000549 ) ) ;
#3474 = ORIENTED_EDGE ( 'NONE', *, *, #680, .F. ) ;
#3475 = CARTESIAN_POINT ( 'NONE',  ( -2.350480947161671885, 8.483693107060629956E-16, -24.86350000000002325 ) ) ;
#3476 = DIRECTION ( 'NONE',  ( -0.000000000000000000, 8.971971810740515560E-18, 1.000000000000000000 ) ) ;
#3477 = EDGE_CURVE ( 'NONE', #2194, #3453, #1535, .T. ) ;
#3478 = CARTESIAN_POINT ( 'NONE',  ( 0.6483290699069550467, -2.544463885872102704, -24.30219605490328405 ) ) ;
#3479 = EDGE_LOOP ( 'NONE', ( #2095, #3193, #1118, #1995 ) ) ;
#3480 = CARTESIAN_POINT ( 'NONE',  ( 1.662041016787797698, 1.662041016787796588, -25.23850000000002325 ) ) ;
#3481 = CARTESIAN_POINT ( 'NONE',  ( 0.1507863797568783637, 2.529510892290819601, -24.22593454929077694 ) ) ;
#3482 =( BOUNDED_CURVE ( )  B_SPLINE_CURVE ( 2, ( #263, #3560, #3305, #785, #2165, #3038, #244, #2505, #768 ),
 .UNSPECIFIED., .F., .F. ) 
 B_SPLINE_CURVE_WITH_KNOTS ( ( 3, 2, 2, 2, 3 ),
 ( 0.7045454545454546968, 0.7159090909090910504, 0.7272727272727272929, 0.7386363636363635354, 0.7499999999999998890 ),
 .UNSPECIFIED. ) 
 CURVE ( )  GEOMETRIC_REPRESENTATION_ITEM ( )  RATIONAL_B_SPLINE_CURVE ( ( 0.9999999999999992228, 0.9238795325112875156, 1.000000000000000000, 0.9238795325112867385, 1.000000000000000000, 0.9238795325112867385, 1.000000000000000000, 0.9238795325112875156, 0.9999999999999992228 ) ) 
 REPRESENTATION_ITEM ( '' )  );
#3483 = ORIENTED_EDGE ( 'NONE', *, *, #1310, .F. ) ;
#3484 = ADVANCED_FACE ( 'NONE', ( #1273 ), #2363, .F. ) ;
#3485 = CARTESIAN_POINT ( 'NONE',  ( 3.054126587736528009, -1.265060653844735095, -24.89475000000001259 ) ) ;
#3486 = CARTESIAN_POINT ( 'NONE',  ( -1.662041016787797476, 1.662041016787797254, -29.98850000000001614 ) ) ;
#3487 = CARTESIAN_POINT ( 'NONE',  ( 3.054126587736528897, -8.626133269396815863E-16, -28.76975000000004457 ) ) ;
#3488 = CARTESIAN_POINT ( 'NONE',  ( 1.242640687119229925, -3.000000000000059064, -32.05100000000000193 ) ) ;
#3489 = CARTESIAN_POINT ( 'NONE',  ( -2.000000000000000000, 0.7881531954031741893, 33.44577856025940577 ) ) ;
#3490 = DIRECTION ( 'NONE',  ( 0.000000000000000000, -1.000000000000000000, 0.000000000000000000 ) ) ;
#3491 = ORIENTED_EDGE ( 'NONE', *, *, #1928, .F. ) ;
#3492 = DIRECTION ( 'NONE',  ( -0.000000000000000000, 8.971971810740515560E-18, 1.000000000000000000 ) ) ;
#3493 = CARTESIAN_POINT ( 'NONE',  ( 3.000000000000001776, -1.242640687119288545, -27.80100000000004101 ) ) ;
#3494 = CARTESIAN_POINT ( 'NONE',  ( 0.000000000000000000, 3.000000000000001776, -30.48850000000003746 ) ) ;
#3495 = ORIENTED_EDGE ( 'NONE', *, *, #2454, .T. ) ;
#3496 = CARTESIAN_POINT ( 'NONE',  ( -1.265060653844732652, 3.054126587736528453, -32.45725000000003746 ) ) ;
#3497 = CARTESIAN_POINT ( 'NONE',  ( 1.662041016787797698, -1.662041016787797032, -31.36350000000000904 ) ) ;
#3498 = EDGE_LOOP ( 'NONE', ( #431, #2331, #1041, #3139, #1303 ) ) ;
#3499 = ORIENTED_EDGE ( 'NONE', *, *, #1824, .T. ) ;
#3500 = EDGE_CURVE ( 'NONE', #194, #2733, #391, .T. ) ;
#3501 = CARTESIAN_POINT ( 'NONE',  ( 2.350480947161671441, 0.9736010864139230669, -33.17600000000000193 ) ) ;
#3502 = EDGE_CURVE ( 'NONE', #1914, #741, #428, .T. ) ;
#3503 = VECTOR ( 'NONE', #2847, 1000.000000000000000 ) ;
#3504 = CARTESIAN_POINT ( 'NONE',  ( 2.121320343559644162, -2.121320343559645050, -26.98850000000000904 ) ) ;
#3505 = CARTESIAN_POINT ( 'NONE',  ( 1.662041016787797254, -1.662041016787797920, -31.48850000000000904 ) ) ;
#3506 = CARTESIAN_POINT ( 'NONE',  ( 0.000000000000000000, -8.673617379884035472E-16, 33.61350000000000193 ) ) ;
#3507 = CARTESIAN_POINT ( 'NONE',  ( -1.265060653844733096, -3.054126587736529341, -32.14475000000000193 ) ) ;
#3508 = EDGE_CURVE ( 'NONE', #1170, #270, #3366, .T. ) ;
#3509 = VECTOR ( 'NONE', #2132, 1000.000000000000000 ) ;
#3510 = CARTESIAN_POINT ( 'NONE',  ( 2.350480947161671885, -3.015793744603263765E-16, -33.61350000000000193 ) ) ;
#3511 = ORIENTED_EDGE ( 'NONE', *, *, #2621, .T. ) ;
#3512 = DIRECTION ( 'NONE',  ( 1.000000000000000000, 0.000000000000000000, 0.000000000000000000 ) ) ;
#3513 = CARTESIAN_POINT ( 'NONE',  ( 2.350480947161671885, -8.362859388168753762E-15, -27.36350000000001970 ) ) ;
#3514 = ADVANCED_FACE ( 'NONE', ( #2429 ), #3202, .T. ) ;
#3515 = CARTESIAN_POINT ( 'NONE',  ( 2.350480947161671885, -7.211455800809401075E-15, -29.23850000000001614 ) ) ;
#3516 = ORIENTED_EDGE ( 'NONE', *, *, #1691, .T. ) ;
#3517 = DIRECTION ( 'NONE',  ( -0.000000000000000000, -0.000000000000000000, 1.000000000000000000 ) ) ;
#3518 = CARTESIAN_POINT ( 'NONE',  ( 3.000000000000002220, -8.526704340766356772E-16, -26.73850000000004812 ) ) ;
#3519 = LOCAL_TIME ( 8, 22, 59.00000000000000000, #1157 ) ;
#3520 = VECTOR ( 'NONE', #462, 1000.000000000000000 ) ;
#3521 = ORIENTED_EDGE ( 'NONE', *, *, #493, .T. ) ;
#3522 = VECTOR ( 'NONE', #766, 1000.000000000000000 ) ;
#3523 = EDGE_CURVE ( 'NONE', #2722, #2900, #1229, .T. ) ;
#3524 = VECTOR ( 'NONE', #3517, 1000.000000000000000 ) ;
#3525 = CARTESIAN_POINT ( 'NONE',  ( 0.000000000000000000, -2.581388250494013338E-15, -24.69642365700000397 ) ) ;
#3526 = CARTESIAN_POINT ( 'NONE',  ( -2.878508968398380237E-16, -2.350480947161672329, -29.61350000000001614 ) ) ;
#3527 = CARTESIAN_POINT ( 'NONE',  ( 0.000000000000000000, 3.000000000000001776, -29.48850000000004101 ) ) ;
#3528 = CARTESIAN_POINT ( 'NONE',  ( -0.9736010864139166276, 2.350480947161673662, -28.92600000000001614 ) ) ;
#3529 = PLANE ( 'NONE',  #1469 ) ;
#3530 = ORIENTED_EDGE ( 'NONE', *, *, #278, .F. ) ;
#3531 = CARTESIAN_POINT ( 'NONE',  ( -2.350480947161671885, -1.454437864012641391E-15, -28.86350000000001614 ) ) ;
#3532 = LINE ( 'NONE', #3003, #3509 ) ;
#3533 = CARTESIAN_POINT ( 'NONE',  ( 0.3234886993650161191, -2.618677127132768234, -24.31510078413307951 ) ) ;
#3534 = EDGE_LOOP ( 'NONE', ( #613, #1518, #1589, #1680, #3245 ) ) ;
#3535 = CARTESIAN_POINT ( 'NONE',  ( 0.000000000000000000, -2.058233259156977999E-15, 33.61350000000000193 ) ) ;
#3536 = CARTESIAN_POINT ( 'NONE',  ( 2.350480947161671885, -7.211455800809401075E-15, -29.36350000000001614 ) ) ;
#3537 = ORIENTED_EDGE ( 'NONE', *, *, #3080, .T. ) ;
#3538 = CARTESIAN_POINT ( 'NONE',  ( 0.000000000000000000, -2.058233259156977999E-15, 33.61350000000000193 ) ) ;
#3539 = CARTESIAN_POINT ( 'NONE',  ( 0.9736010864139245102, 2.350480947161670997, -28.17600000000001970 ) ) ;
#3540 = CARTESIAN_POINT ( 'NONE',  ( 0.000000000000000000, -2.112065090021420846E-15, 27.61350000000000549 ) ) ;
#3541 = CARTESIAN_POINT ( 'NONE',  ( -3.054126587736528897, -1.265060653844732652, -32.26975000000000193 ) ) ;
#3542 =( BOUNDED_CURVE ( )  B_SPLINE_CURVE ( 2, ( #512, #3289, #2464, #2743, #242, #3344, #1923, #1359, #2728 ),
 .UNSPECIFIED., .F., .T. ) 
 B_SPLINE_CURVE_WITH_KNOTS ( ( 3, 2, 2, 2, 3 ),
 ( 0.7954545454545455252, 0.8068181818181818787, 0.8181818181818183433, 0.8295454545454546968, 0.8409090909090910504 ),
 .UNSPECIFIED. ) 
 CURVE ( )  GEOMETRIC_REPRESENTATION_ITEM ( )  RATIONAL_B_SPLINE_CURVE ( ( 0.9999999999999992228, 0.9238795325112875156, 1.000000000000000000, 0.9238795325112867385, 1.000000000000000000, 0.9238795325112867385, 1.000000000000000000, 0.9238795325112859613, 1.000000000000000666 ) ) 
 REPRESENTATION_ITEM ( '' )  );
#3543 = DIRECTION ( 'NONE',  ( -0.000000000000000000, 8.971971810740515560E-18, 1.000000000000000000 ) ) ;
#3544 = DIRECTION ( 'NONE',  ( -0.000000000000000000, -0.000000000000000000, 1.000000000000000000 ) ) ;
#3545 = CARTESIAN_POINT ( 'NONE',  ( -2.000000000000000000, -1.154700538379251906, 33.61350000000000193 ) ) ;
#3546 = EDGE_CURVE ( 'NONE', #1792, #1352, #685, .T. ) ;
#3547 = CARTESIAN_POINT ( 'NONE',  ( 3.454210762078056087E-15, 2.350480947161671441, -28.11350000000001970 ) ) ;
#3548 = VERTEX_POINT ( 'NONE', #2709 ) ;
#3549 = FACE_OUTER_BOUND ( 'NONE', #1034, .T. ) ;
#3550 = B_SPLINE_CURVE_WITH_KNOTS ( 'NONE', 3,
 ( #3545, #2971, #736, #769, #2148, #1599, #1015, #1635, #2731, #245, #1582, #724 ),
 .UNSPECIFIED., .F., .F.,
 ( 4, 2, 2, 2, 2, 4 ),
 ( 2.544349856255358566E-07, 0.0005966331004600532043, 0.0008948224331972676410, 0.001193011765934481969, 0.001789390431408910192, 0.002385769096883338415 ),
 .UNSPECIFIED. ) ;
#3551 = EDGE_LOOP ( 'NONE', ( #2977, #832, #91, #1859 ) ) ;
#3552 = CARTESIAN_POINT ( 'NONE',  ( -1.265060653844733096, -3.054126587736529341, -24.08225000000005522 ) ) ;
#3553 = AXIS2_PLACEMENT_3D ( 'NONE', #3020, #205, #1889 ) ;
#3554 = DIRECTION ( 'NONE',  ( -0.000000000000000000, -0.000000000000000000, 1.000000000000000000 ) ) ;
#3555 = CARTESIAN_POINT ( 'NONE',  ( 1.662041016787797254, -1.662041016787797920, -27.48850000000001970 ) ) ;
#3556 = DIRECTION ( 'NONE',  ( -0.000000000000000000, -0.000000000000000000, 1.000000000000000000 ) ) ;
#3557 = CARTESIAN_POINT ( 'NONE',  ( -1.265060653844732652, 3.054126587736528453, -31.51974999999999838 ) ) ;
#3558 = CARTESIAN_POINT ( 'NONE',  ( 2.350480947161677214, -0.9736010864139205134, -27.30100000000002325 ) ) ;
#3559 = CARTESIAN_POINT ( 'NONE',  ( 0.000000000000000000, 3.000000000000001776, -28.61350000000000549 ) ) ;
#3560 = CARTESIAN_POINT ( 'NONE',  ( 2.350480947161669665, 0.9736010864139178489, -26.17600000000002680 ) ) ;
#3561 = CARTESIAN_POINT ( 'NONE',  ( 3.105682770849847401E-17, 2.309401076758502924, 30.61350000000000549 ) ) ;
#3562 =( BOUNDED_CURVE ( )  B_SPLINE_CURVE ( 2, ( #1259, #3190, #2385, #3493, #1771, #979, #2099, #434, #2898 ),
 .UNSPECIFIED., .F., .T. ) 
 B_SPLINE_CURVE_WITH_KNOTS ( ( 3, 2, 2, 2, 3 ),
 ( 0.5909090909090909394, 0.6022727272727272929, 0.6136363636363637575, 0.6250000000000002220, 0.6363636363636365756 ),
 .UNSPECIFIED. ) 
 CURVE ( )  GEOMETRIC_REPRESENTATION_ITEM ( )  RATIONAL_B_SPLINE_CURVE ( ( 1.000000000000000000, 0.9238795325112867385, 1.000000000000000000, 0.9238795325112867385, 1.000000000000000000, 0.9238795325112867385, 1.000000000000000000, 0.9238795325112852952, 1.000000000000001554 ) ) 
 REPRESENTATION_ITEM ( '' )  );
#3563 = EDGE_CURVE ( 'NONE', #3583, #1410, #597, .T. ) ;
#3564 = FACE_OUTER_BOUND ( 'NONE', #195, .T. ) ;
#3565 = ORIENTED_EDGE ( 'NONE', *, *, #760, .F. ) ;
#3566 = CARTESIAN_POINT ( 'NONE',  ( 3.000000000000001776, -1.242640687119288545, -30.92599999999999483 ) ) ;
#3567 = CYLINDRICAL_SURFACE ( 'NONE', #283, 2.350480947161671885 ) ;
#3568 = VERTEX_POINT ( 'NONE', #3251 ) ;
#3569 = CARTESIAN_POINT ( 'NONE',  ( -2.878508968398380237E-16, -2.350480947161672329, -27.48850000000001970 ) ) ;
#3570 = EDGE_LOOP ( 'NONE', ( #679, #1205, #3173, #3101 ) ) ;
#3571 = CARTESIAN_POINT ( 'NONE',  ( 0.000000000000000000, 3.054126587736528453, -26.51975000000005167 ) ) ;
#3572 = CIRCLE ( 'NONE', #63, 3.797000000000002373 ) ;
#3573 = CARTESIAN_POINT ( 'NONE',  ( 0.000000000000000000, 3.000000000000001776, -27.48850000000004101 ) ) ;
#3574 = CARTESIAN_POINT ( 'NONE',  ( 1.662041016787797698, 1.662041016787796588, -29.23850000000001614 ) ) ;
#3575 = CIRCLE ( 'NONE', #3057, 2.309401076758502924 ) ;
#3576 = PERSON_AND_ORGANIZATION ( #210, #1578 ) ;
#3577 = CARTESIAN_POINT ( 'NONE',  ( 1.265060653844735095, 3.054126587736527565, -30.64474999999999838 ) ) ;
#3578 = CARTESIAN_POINT ( 'NONE',  ( 2.350480947161671885, -8.362859388168753762E-15, -27.23850000000001970 ) ) ;
#3579 = CARTESIAN_POINT ( 'NONE',  ( -1.999999999999999112, 1.154700538379252128, 33.61350000000000193 ) ) ;
#3580 = CARTESIAN_POINT ( 'NONE',  ( 2.350480947161663892, -0.9736010864139325038, -32.42600000000000904 ) ) ;
#3581 = CARTESIAN_POINT ( 'NONE',  ( 1.662041016787798142, -1.662041016787796588, -32.36350000000000904 ) ) ;
#3582 = DIRECTION ( 'NONE',  ( -0.8660254037844388186, 0.4999999999999997224, 0.000000000000000000 ) ) ;
#3583 = VERTEX_POINT ( 'NONE', #1253 ) ;
#3584 = DIRECTION ( 'NONE',  ( 8.659560562354937789E-17, 0.7071067811865480168, 0.7071067811865470176 ) ) ;
#3585 = DIRECTION ( 'NONE',  ( 0.000000000000000000, -1.000000000000000000, 0.000000000000000000 ) ) ;
#3586 = EDGE_CURVE ( 'NONE', #1427, #118, #2092, .T. ) ;
#3587 = CARTESIAN_POINT ( 'NONE',  ( -0.9736010864139229559, 2.350480947161671441, -27.92600000000002325 ) ) ;
#3588 = ORIENTED_EDGE ( 'NONE', *, *, #1981, .F. ) ;
#3589 = CARTESIAN_POINT ( 'NONE',  ( 3.054126587736528453, 1.265060653844733096, -25.70725000000004812 ) ) ;
#3590 = EDGE_CURVE ( 'NONE', #2630, #1477, #1857, .T. ) ;
#3591 = EDGE_CURVE ( 'NONE', #3082, #776, #870, .T. ) ;
#3592 = ORIENTED_EDGE ( 'NONE', *, *, #3454, .F. ) ;
#3593 = CARTESIAN_POINT ( 'NONE',  ( -1.242640687119277443, -3.000000000000011990, -29.05100000000003746 ) ) ;
#3594 = CARTESIAN_POINT ( 'NONE',  ( 2.350480947161671441, 0.9736010864139230669, -28.30100000000002325 ) ) ;
#3595 =( NAMED_UNIT ( * ) PLANE_ANGLE_UNIT ( ) SI_UNIT ( $, .RADIAN. ) );
#3596 = CARTESIAN_POINT ( 'NONE',  ( -3.054126587736528897, 1.265060653844732652, -27.39475000000000904 ) ) ;
#3597 =( BOUNDED_CURVE ( )  B_SPLINE_CURVE ( 2, ( #95, #931, #971, #2089, #3214, #2947, #3504, #2360, #2672 ),
 .UNSPECIFIED., .F., .F. ) 
 B_SPLINE_CURVE_WITH_KNOTS ( ( 3, 2, 2, 2, 3 ),
 ( 0.3636363636363635909, 0.3750000000000000000, 0.3863636363636363535, 0.3977272727272727626, 0.4090909090909091717 ),
 .UNSPECIFIED. ) 
 CURVE ( )  GEOMETRIC_REPRESENTATION_ITEM ( )  RATIONAL_B_SPLINE_CURVE ( ( 1.000000000000000444, 0.9238795325112864054, 1.000000000000000000, 0.9238795325112867385, 1.000000000000000000, 0.9238795325112867385, 1.000000000000000000, 0.9238795325112859613, 1.000000000000000666 ) ) 
 REPRESENTATION_ITEM ( '' )  );
#3598 = CARTESIAN_POINT ( 'NONE',  ( -2.362144752250370683, -1.880495934868918528, -32.25562970754796766 ) ) ;
#3599 = CARTESIAN_POINT ( 'NONE',  ( -2.350480947161655010, 0.9736010864139404974, -32.80100000000000904 ) ) ;
#3600 = CARTESIAN_POINT ( 'NONE',  ( -0.9736010864139230669, -2.350480947161672329, -30.55100000000001614 ) ) ;
#3601 = CARTESIAN_POINT ( 'NONE',  ( 1.342526258967433828, -1.534293179749514291, 33.33420143862439033 ) ) ;
#3602 = FACE_OUTER_BOUND ( 'NONE', #693, .T. ) ;
#3603 = ORIENTED_EDGE ( 'NONE', *, *, #2227, .F. ) ;
#3604 = CARTESIAN_POINT ( 'NONE',  ( 0.9736010864139214016, 2.350480947161671885, -31.05100000000001614 ) ) ;
#3605 = CARTESIAN_POINT ( 'NONE',  ( 1.662041016787795256, -1.662041016787799474, -25.36350000000002325 ) ) ;
#3606 = CARTESIAN_POINT ( 'NONE',  ( -2.350480947161671885, -1.576539260404073400E-16, -28.73850000000001614 ) ) ;
#3607 = ORIENTED_EDGE ( 'NONE', *, *, #2479, .T. ) ;
#3608 = CARTESIAN_POINT ( 'NONE',  ( 2.159593620790630997, 2.159593620790629664, -24.64475000000005522 ) ) ;
#3609 = ORIENTED_EDGE ( 'NONE', *, *, #2687, .T. ) ;
#3610 = ADVANCED_FACE ( 'NONE', ( #3069 ), #2799, .T. ) ;
#3611 = CARTESIAN_POINT ( 'NONE',  ( -2.350480947161671885, 0.9736010864139226229, -28.92600000000001614 ) ) ;
#3612 = CARTESIAN_POINT ( 'NONE',  ( -3.054126587736528897, -1.265060653844732652, -30.26975000000000193 ) ) ;
#3613 = FACE_OUTER_BOUND ( 'NONE', #1079, .T. ) ;
#3614 = CARTESIAN_POINT ( 'NONE',  ( -0.1562637621166796109, 2.219182151635854527, 33.52328107487735309 ) ) ;
#3615 = CARTESIAN_POINT ( 'NONE',  ( -2.350480947161671885, 0.9736010864139226229, -29.80100000000001970 ) ) ;
#3616 = CARTESIAN_POINT ( 'NONE',  ( -2.000000000000000000, -1.154700538379251684, 30.61350000000000549 ) ) ;
#3617 = CARTESIAN_POINT ( 'NONE',  ( 2.121320343559644606, 2.121320343559643273, -29.73850000000000549 ) ) ;
#3618 = CARTESIAN_POINT ( 'NONE',  ( -1.662041016787791037, 1.662041016787803693, -28.98850000000001614 ) ) ;
#3619 = ORIENTED_EDGE ( 'NONE', *, *, #2959, .T. ) ;
#3620 = CARTESIAN_POINT ( 'NONE',  ( -2.350480947161671885, 2.726675170263868496E-16, -25.86350000000002680 ) ) ;
#3621 = CARTESIAN_POINT ( 'NONE',  ( 0.000000000000000000, -3.015793744603263765E-16, -33.61350000000000193 ) ) ;
#3622 = CARTESIAN_POINT ( 'NONE',  ( -0.9736010864139229559, 2.350480947161671441, -26.92600000000001970 ) ) ;
#3623 = ORIENTED_EDGE ( 'NONE', *, *, #32, .F. ) ;
#3624 = CARTESIAN_POINT ( 'NONE',  ( -2.159593620790630997, 2.159593620790630553, -24.39475000000005522 ) ) ;
ENDSEC;
END-ISO-10303-21;
