solid ASCII
  facet normal 5.257462e-15 -1.000000e+00 -1.199981e-15
    outer loop
      vertex   4.982306e+01 -1.500000e+00 -3.213223e+01
      vertex   4.821861e+01 -1.500000e+00 -3.176018e+01
      vertex   4.962500e+01 -1.500000e+00 -3.300000e+01
    endloop
  endfacet
  facet normal 5.465713e-15 -1.000000e+00 -9.637527e-16
    outer loop
      vertex   4.962500e+01 -1.500000e+00 -3.300000e+01
      vertex   4.821861e+01 -1.500000e+00 -3.176018e+01
      vertex   4.800000e+01 -1.500000e+00 -3.300000e+01
    endloop
  endfacet
  facet normal 5.465713e-15 -1.000000e+00 9.637527e-16
    outer loop
      vertex   4.962500e+01 -1.500000e+00 -3.300000e+01
      vertex   4.800000e+01 -1.500000e+00 -3.300000e+01
      vertex   4.821861e+01 -1.500000e+00 -3.423982e+01
    endloop
  endfacet
  facet normal 4.882101e-15 -1.000000e+00 -2.818683e-15
    outer loop
      vertex   4.821861e+01 -1.500000e+00 -3.176018e+01
      vertex   4.982306e+01 -1.500000e+00 -3.213223e+01
      vertex   4.884809e+01 -1.500000e+00 -3.066989e+01
    endloop
  endfacet
  facet normal 4.148140e-15 -1.000000e+00 -3.308031e-15
    outer loop
      vertex   4.884809e+01 -1.500000e+00 -3.066989e+01
      vertex   4.982306e+01 -1.500000e+00 -3.213223e+01
      vertex   5.037802e+01 -1.500000e+00 -3.143634e+01
    endloop
  endfacet
  facet normal 3.635097e-15 -1.000000e+00 -4.332140e-15
    outer loop
      vertex   4.884809e+01 -1.500000e+00 -3.066989e+01
      vertex   5.037802e+01 -1.500000e+00 -3.143634e+01
      vertex   4.981250e+01 -1.500000e+00 -2.986066e+01
    endloop
  endfacet
  facet normal 2.314501e-15 -1.000000e+00 -4.806110e-15
    outer loop
      vertex   4.981250e+01 -1.500000e+00 -2.986066e+01
      vertex   5.037802e+01 -1.500000e+00 -3.143634e+01
      vertex   5.117996e+01 -1.500000e+00 -3.105014e+01
    endloop
  endfacet
  facet normal 1.916017e-15 -1.000000e+00 -5.264214e-15
    outer loop
      vertex   4.981250e+01 -1.500000e+00 -2.986066e+01
      vertex   5.117996e+01 -1.500000e+00 -3.105014e+01
      vertex   5.099553e+01 -1.500000e+00 -2.943007e+01
    endloop
  endfacet
  facet normal 0.000000e+00 -1.000000e+00 -5.482338e-15
    outer loop
      vertex   5.099553e+01 -1.500000e+00 -2.943007e+01
      vertex   5.117996e+01 -1.500000e+00 -3.105014e+01
      vertex   5.207004e+01 -1.500000e+00 -3.105014e+01
    endloop
  endfacet
  facet normal 0.000000e+00 -1.000000e+00 -5.482338e-15
    outer loop
      vertex   5.099553e+01 -1.500000e+00 -2.943007e+01
      vertex   5.207004e+01 -1.500000e+00 -3.105014e+01
      vertex   5.225447e+01 -1.500000e+00 -2.943007e+01
    endloop
  endfacet
  facet normal -1.916017e-15 -1.000000e+00 -5.264214e-15
    outer loop
      vertex   5.225447e+01 -1.500000e+00 -2.943007e+01
      vertex   5.207004e+01 -1.500000e+00 -3.105014e+01
      vertex   5.343750e+01 -1.500000e+00 -2.986066e+01
    endloop
  endfacet
  facet normal -2.314501e-15 -1.000000e+00 -4.806110e-15
    outer loop
      vertex   5.343750e+01 -1.500000e+00 -2.986066e+01
      vertex   5.207004e+01 -1.500000e+00 -3.105014e+01
      vertex   5.287198e+01 -1.500000e+00 -3.143634e+01
    endloop
  endfacet
  facet normal -3.635097e-15 -1.000000e+00 -4.332140e-15
    outer loop
      vertex   5.343750e+01 -1.500000e+00 -2.986066e+01
      vertex   5.287198e+01 -1.500000e+00 -3.143634e+01
      vertex   5.440191e+01 -1.500000e+00 -3.066989e+01
    endloop
  endfacet
  facet normal -4.148140e-15 -1.000000e+00 -3.308031e-15
    outer loop
      vertex   5.440191e+01 -1.500000e+00 -3.066989e+01
      vertex   5.287198e+01 -1.500000e+00 -3.143634e+01
      vertex   5.342694e+01 -1.500000e+00 -3.213223e+01
    endloop
  endfacet
  facet normal -4.882101e-15 -1.000000e+00 -2.818683e-15
    outer loop
      vertex   5.440191e+01 -1.500000e+00 -3.066989e+01
      vertex   5.342694e+01 -1.500000e+00 -3.213223e+01
      vertex   5.503139e+01 -1.500000e+00 -3.176018e+01
    endloop
  endfacet
  facet normal -5.257462e-15 -1.000000e+00 -1.199981e-15
    outer loop
      vertex   5.503139e+01 -1.500000e+00 -3.176018e+01
      vertex   5.342694e+01 -1.500000e+00 -3.213223e+01
      vertex   5.362500e+01 -1.500000e+00 -3.300000e+01
    endloop
  endfacet
  facet normal -5.465713e-15 -1.000000e+00 -9.637527e-16
    outer loop
      vertex   5.503139e+01 -1.500000e+00 -3.176018e+01
      vertex   5.362500e+01 -1.500000e+00 -3.300000e+01
      vertex   5.525000e+01 -1.500000e+00 -3.300000e+01
    endloop
  endfacet
  facet normal -5.465713e-15 -1.000000e+00 9.637527e-16
    outer loop
      vertex   5.525000e+01 -1.500000e+00 -3.300000e+01
      vertex   5.362500e+01 -1.500000e+00 -3.300000e+01
      vertex   5.503139e+01 -1.500000e+00 -3.423982e+01
    endloop
  endfacet
  facet normal -5.257462e-15 -1.000000e+00 1.199981e-15
    outer loop
      vertex   5.503139e+01 -1.500000e+00 -3.423982e+01
      vertex   5.362500e+01 -1.500000e+00 -3.300000e+01
      vertex   5.342694e+01 -1.500000e+00 -3.386777e+01
    endloop
  endfacet
  facet normal -4.882101e-15 -1.000000e+00 2.818683e-15
    outer loop
      vertex   5.503139e+01 -1.500000e+00 -3.423982e+01
      vertex   5.342694e+01 -1.500000e+00 -3.386777e+01
      vertex   5.440191e+01 -1.500000e+00 -3.533011e+01
    endloop
  endfacet
  facet normal -4.148140e-15 -1.000000e+00 3.308031e-15
    outer loop
      vertex   5.440191e+01 -1.500000e+00 -3.533011e+01
      vertex   5.342694e+01 -1.500000e+00 -3.386777e+01
      vertex   5.287198e+01 -1.500000e+00 -3.456366e+01
    endloop
  endfacet
  facet normal -3.635097e-15 -1.000000e+00 4.332140e-15
    outer loop
      vertex   5.440191e+01 -1.500000e+00 -3.533011e+01
      vertex   5.287198e+01 -1.500000e+00 -3.456366e+01
      vertex   5.343750e+01 -1.500000e+00 -3.613934e+01
    endloop
  endfacet
  facet normal -2.314501e-15 -1.000000e+00 4.806110e-15
    outer loop
      vertex   5.343750e+01 -1.500000e+00 -3.613934e+01
      vertex   5.287198e+01 -1.500000e+00 -3.456366e+01
      vertex   5.207004e+01 -1.500000e+00 -3.494986e+01
    endloop
  endfacet
  facet normal -1.916017e-15 -1.000000e+00 5.264214e-15
    outer loop
      vertex   5.343750e+01 -1.500000e+00 -3.613934e+01
      vertex   5.207004e+01 -1.500000e+00 -3.494986e+01
      vertex   5.225447e+01 -1.500000e+00 -3.656993e+01
    endloop
  endfacet
  facet normal 0.000000e+00 -1.000000e+00 5.482338e-15
    outer loop
      vertex   5.225447e+01 -1.500000e+00 -3.656993e+01
      vertex   5.207004e+01 -1.500000e+00 -3.494986e+01
      vertex   5.117996e+01 -1.500000e+00 -3.494986e+01
    endloop
  endfacet
  facet normal 0.000000e+00 -1.000000e+00 5.482338e-15
    outer loop
      vertex   5.225447e+01 -1.500000e+00 -3.656993e+01
      vertex   5.117996e+01 -1.500000e+00 -3.494986e+01
      vertex   5.099553e+01 -1.500000e+00 -3.656993e+01
    endloop
  endfacet
  facet normal 1.916017e-15 -1.000000e+00 5.264214e-15
    outer loop
      vertex   5.099553e+01 -1.500000e+00 -3.656993e+01
      vertex   5.117996e+01 -1.500000e+00 -3.494986e+01
      vertex   4.981250e+01 -1.500000e+00 -3.613934e+01
    endloop
  endfacet
  facet normal 2.314501e-15 -1.000000e+00 4.806110e-15
    outer loop
      vertex   4.981250e+01 -1.500000e+00 -3.613934e+01
      vertex   5.117996e+01 -1.500000e+00 -3.494986e+01
      vertex   5.037802e+01 -1.500000e+00 -3.456366e+01
    endloop
  endfacet
  facet normal 3.635097e-15 -1.000000e+00 4.332140e-15
    outer loop
      vertex   4.981250e+01 -1.500000e+00 -3.613934e+01
      vertex   5.037802e+01 -1.500000e+00 -3.456366e+01
      vertex   4.884809e+01 -1.500000e+00 -3.533011e+01
    endloop
  endfacet
  facet normal 4.148140e-15 -1.000000e+00 3.308031e-15
    outer loop
      vertex   4.884809e+01 -1.500000e+00 -3.533011e+01
      vertex   5.037802e+01 -1.500000e+00 -3.456366e+01
      vertex   4.982306e+01 -1.500000e+00 -3.386777e+01
    endloop
  endfacet
  facet normal 4.882101e-15 -1.000000e+00 2.818683e-15
    outer loop
      vertex   4.884809e+01 -1.500000e+00 -3.533011e+01
      vertex   4.982306e+01 -1.500000e+00 -3.386777e+01
      vertex   4.821861e+01 -1.500000e+00 -3.423982e+01
    endloop
  endfacet
  facet normal 5.257462e-15 -1.000000e+00 1.199981e-15
    outer loop
      vertex   4.821861e+01 -1.500000e+00 -3.423982e+01
      vertex   4.982306e+01 -1.500000e+00 -3.386777e+01
      vertex   4.962500e+01 -1.500000e+00 -3.300000e+01
    endloop
  endfacet
  facet normal -9.848078e-01 0.000000e+00 -1.736482e-01
    outer loop
      vertex   5.503139e+01 -5.500000e+00 -3.176018e+01
      vertex   5.503139e+01 -1.500000e+00 -3.176018e+01
      vertex   5.525000e+01 -5.500000e+00 -3.300000e+01
    endloop
  endfacet
  facet normal -9.848078e-01 0.000000e+00 -1.736482e-01
    outer loop
      vertex   5.525000e+01 -5.500000e+00 -3.300000e+01
      vertex   5.503139e+01 -1.500000e+00 -3.176018e+01
      vertex   5.525000e+01 -1.500000e+00 -3.300000e+01
    endloop
  endfacet
  facet normal -9.848078e-01 0.000000e+00 1.736482e-01
    outer loop
      vertex   5.525000e+01 -5.500000e+00 -3.300000e+01
      vertex   5.525000e+01 -1.500000e+00 -3.300000e+01
      vertex   5.503139e+01 -5.500000e+00 -3.423982e+01
    endloop
  endfacet
  facet normal -9.848078e-01 0.000000e+00 1.736482e-01
    outer loop
      vertex   5.503139e+01 -5.500000e+00 -3.423982e+01
      vertex   5.525000e+01 -1.500000e+00 -3.300000e+01
      vertex   5.503139e+01 -1.500000e+00 -3.423982e+01
    endloop
  endfacet
  facet normal -8.660254e-01 0.000000e+00 5.000000e-01
    outer loop
      vertex   5.503139e+01 -5.500000e+00 -3.423982e+01
      vertex   5.503139e+01 -1.500000e+00 -3.423982e+01
      vertex   5.440191e+01 -5.500000e+00 -3.533011e+01
    endloop
  endfacet
  facet normal -8.660254e-01 -1.538370e-15 5.000000e-01
    outer loop
      vertex   5.440191e+01 -5.500000e+00 -3.533011e+01
      vertex   5.503139e+01 -1.500000e+00 -3.423982e+01
      vertex   5.440191e+01 -1.500000e+00 -3.533011e+01
    endloop
  endfacet
  facet normal -6.427876e-01 -1.141820e-15 7.660444e-01
    outer loop
      vertex   5.440191e+01 -5.500000e+00 -3.533011e+01
      vertex   5.440191e+01 -1.500000e+00 -3.533011e+01
      vertex   5.343750e+01 -5.500000e+00 -3.613934e+01
    endloop
  endfacet
  facet normal -6.427876e-01 0.000000e+00 7.660444e-01
    outer loop
      vertex   5.343750e+01 -5.500000e+00 -3.613934e+01
      vertex   5.440191e+01 -1.500000e+00 -3.533011e+01
      vertex   5.343750e+01 -1.500000e+00 -3.613934e+01
    endloop
  endfacet
  facet normal -3.420201e-01 0.000000e+00 9.396926e-01
    outer loop
      vertex   5.343750e+01 -5.500000e+00 -3.613934e+01
      vertex   5.343750e+01 -1.500000e+00 -3.613934e+01
      vertex   5.225447e+01 -5.500000e+00 -3.656993e+01
    endloop
  endfacet
  facet normal -3.420201e-01 0.000000e+00 9.396926e-01
    outer loop
      vertex   5.225447e+01 -5.500000e+00 -3.656993e+01
      vertex   5.343750e+01 -1.500000e+00 -3.613934e+01
      vertex   5.225447e+01 -1.500000e+00 -3.656993e+01
    endloop
  endfacet
  facet normal 0.000000e+00 -0.000000e+00 1.000000e+00
    outer loop
      vertex   5.225447e+01 -5.500000e+00 -3.656993e+01
      vertex   5.225447e+01 -1.500000e+00 -3.656993e+01
      vertex   5.099553e+01 -5.500000e+00 -3.656993e+01
    endloop
  endfacet
  facet normal 0.000000e+00 0.000000e+00 1.000000e+00
    outer loop
      vertex   5.099553e+01 -5.500000e+00 -3.656993e+01
      vertex   5.225447e+01 -1.500000e+00 -3.656993e+01
      vertex   5.099553e+01 -1.500000e+00 -3.656993e+01
    endloop
  endfacet
  facet normal 3.420201e-01 -0.000000e+00 9.396926e-01
    outer loop
      vertex   5.099553e+01 -5.500000e+00 -3.656993e+01
      vertex   5.099553e+01 -1.500000e+00 -3.656993e+01
      vertex   4.981250e+01 -5.500000e+00 -3.613934e+01
    endloop
  endfacet
  facet normal 3.420201e-01 -0.000000e+00 9.396926e-01
    outer loop
      vertex   4.981250e+01 -5.500000e+00 -3.613934e+01
      vertex   5.099553e+01 -1.500000e+00 -3.656993e+01
      vertex   4.981250e+01 -1.500000e+00 -3.613934e+01
    endloop
  endfacet
  facet normal 6.427876e-01 -0.000000e+00 7.660444e-01
    outer loop
      vertex   4.981250e+01 -5.500000e+00 -3.613934e+01
      vertex   4.981250e+01 -1.500000e+00 -3.613934e+01
      vertex   4.884809e+01 -5.500000e+00 -3.533011e+01
    endloop
  endfacet
  facet normal 6.427876e-01 -0.000000e+00 7.660444e-01
    outer loop
      vertex   4.884809e+01 -5.500000e+00 -3.533011e+01
      vertex   4.981250e+01 -1.500000e+00 -3.613934e+01
      vertex   4.884809e+01 -1.500000e+00 -3.533011e+01
    endloop
  endfacet
  facet normal 8.660254e-01 -0.000000e+00 5.000000e-01
    outer loop
      vertex   4.884809e+01 -5.500000e+00 -3.533011e+01
      vertex   4.884809e+01 -1.500000e+00 -3.533011e+01
      vertex   4.821861e+01 -5.500000e+00 -3.423982e+01
    endloop
  endfacet
  facet normal 8.660254e-01 -0.000000e+00 5.000000e-01
    outer loop
      vertex   4.821861e+01 -5.500000e+00 -3.423982e+01
      vertex   4.884809e+01 -1.500000e+00 -3.533011e+01
      vertex   4.821861e+01 -1.500000e+00 -3.423982e+01
    endloop
  endfacet
  facet normal 9.848078e-01 -0.000000e+00 1.736482e-01
    outer loop
      vertex   4.821861e+01 -5.500000e+00 -3.423982e+01
      vertex   4.821861e+01 -1.500000e+00 -3.423982e+01
      vertex   4.800000e+01 -5.500000e+00 -3.300000e+01
    endloop
  endfacet
  facet normal 9.848078e-01 -0.000000e+00 1.736482e-01
    outer loop
      vertex   4.800000e+01 -5.500000e+00 -3.300000e+01
      vertex   4.821861e+01 -1.500000e+00 -3.423982e+01
      vertex   4.800000e+01 -1.500000e+00 -3.300000e+01
    endloop
  endfacet
  facet normal 9.848078e-01 0.000000e+00 -1.736482e-01
    outer loop
      vertex   4.800000e+01 -5.500000e+00 -3.300000e+01
      vertex   4.800000e+01 -1.500000e+00 -3.300000e+01
      vertex   4.821861e+01 -5.500000e+00 -3.176018e+01
    endloop
  endfacet
  facet normal 9.848078e-01 0.000000e+00 -1.736482e-01
    outer loop
      vertex   4.821861e+01 -5.500000e+00 -3.176018e+01
      vertex   4.800000e+01 -1.500000e+00 -3.300000e+01
      vertex   4.821861e+01 -1.500000e+00 -3.176018e+01
    endloop
  endfacet
  facet normal 8.660254e-01 0.000000e+00 -5.000000e-01
    outer loop
      vertex   4.821861e+01 -5.500000e+00 -3.176018e+01
      vertex   4.821861e+01 -1.500000e+00 -3.176018e+01
      vertex   4.884809e+01 -5.500000e+00 -3.066989e+01
    endloop
  endfacet
  facet normal 8.660254e-01 0.000000e+00 -5.000000e-01
    outer loop
      vertex   4.884809e+01 -5.500000e+00 -3.066989e+01
      vertex   4.821861e+01 -1.500000e+00 -3.176018e+01
      vertex   4.884809e+01 -1.500000e+00 -3.066989e+01
    endloop
  endfacet
  facet normal 6.427876e-01 0.000000e+00 -7.660444e-01
    outer loop
      vertex   4.884809e+01 -5.500000e+00 -3.066989e+01
      vertex   4.884809e+01 -1.500000e+00 -3.066989e+01
      vertex   4.981250e+01 -5.500000e+00 -2.986066e+01
    endloop
  endfacet
  facet normal 6.427876e-01 0.000000e+00 -7.660444e-01
    outer loop
      vertex   4.981250e+01 -5.500000e+00 -2.986066e+01
      vertex   4.884809e+01 -1.500000e+00 -3.066989e+01
      vertex   4.981250e+01 -1.500000e+00 -2.986066e+01
    endloop
  endfacet
  facet normal 3.420201e-01 0.000000e+00 -9.396926e-01
    outer loop
      vertex   4.981250e+01 -5.500000e+00 -2.986066e+01
      vertex   4.981250e+01 -1.500000e+00 -2.986066e+01
      vertex   5.099553e+01 -5.500000e+00 -2.943007e+01
    endloop
  endfacet
  facet normal 3.420201e-01 0.000000e+00 -9.396926e-01
    outer loop
      vertex   5.099553e+01 -5.500000e+00 -2.943007e+01
      vertex   4.981250e+01 -1.500000e+00 -2.986066e+01
      vertex   5.099553e+01 -1.500000e+00 -2.943007e+01
    endloop
  endfacet
  facet normal 0.000000e+00 0.000000e+00 -1.000000e+00
    outer loop
      vertex   5.099553e+01 -5.500000e+00 -2.943007e+01
      vertex   5.099553e+01 -1.500000e+00 -2.943007e+01
      vertex   5.225447e+01 -5.500000e+00 -2.943007e+01
    endloop
  endfacet
  facet normal 0.000000e+00 0.000000e+00 -1.000000e+00
    outer loop
      vertex   5.225447e+01 -5.500000e+00 -2.943007e+01
      vertex   5.099553e+01 -1.500000e+00 -2.943007e+01
      vertex   5.225447e+01 -1.500000e+00 -2.943007e+01
    endloop
  endfacet
  facet normal -3.420201e-01 0.000000e+00 -9.396926e-01
    outer loop
      vertex   5.225447e+01 -5.500000e+00 -2.943007e+01
      vertex   5.225447e+01 -1.500000e+00 -2.943007e+01
      vertex   5.343750e+01 -5.500000e+00 -2.986066e+01
    endloop
  endfacet
  facet normal -3.420201e-01 0.000000e+00 -9.396926e-01
    outer loop
      vertex   5.343750e+01 -5.500000e+00 -2.986066e+01
      vertex   5.225447e+01 -1.500000e+00 -2.943007e+01
      vertex   5.343750e+01 -1.500000e+00 -2.986066e+01
    endloop
  endfacet
  facet normal -6.427876e-01 0.000000e+00 -7.660444e-01
    outer loop
      vertex   5.343750e+01 -5.500000e+00 -2.986066e+01
      vertex   5.343750e+01 -1.500000e+00 -2.986066e+01
      vertex   5.440191e+01 -5.500000e+00 -3.066989e+01
    endloop
  endfacet
  facet normal -6.427876e-01 1.141820e-15 -7.660444e-01
    outer loop
      vertex   5.440191e+01 -5.500000e+00 -3.066989e+01
      vertex   5.343750e+01 -1.500000e+00 -2.986066e+01
      vertex   5.440191e+01 -1.500000e+00 -3.066989e+01
    endloop
  endfacet
  facet normal -8.660254e-01 1.538370e-15 -5.000000e-01
    outer loop
      vertex   5.440191e+01 -5.500000e+00 -3.066989e+01
      vertex   5.440191e+01 -1.500000e+00 -3.066989e+01
      vertex   5.503139e+01 -5.500000e+00 -3.176018e+01
    endloop
  endfacet
  facet normal -8.660254e-01 0.000000e+00 -5.000000e-01
    outer loop
      vertex   5.503139e+01 -5.500000e+00 -3.176018e+01
      vertex   5.440191e+01 -1.500000e+00 -3.066989e+01
      vertex   5.503139e+01 -1.500000e+00 -3.176018e+01
    endloop
  endfacet
  facet normal 0.000000e+00 1.000000e+00 0.000000e+00
    outer loop
      vertex   -3.350000e+01 -5.000000e-01 0.000000e+00
      vertex   -8.750000e+00 -5.000000e-01 2.500000e+00
      vertex   4.750000e+01 -5.000000e-01 0.000000e+00
    endloop
  endfacet
  facet normal 0.000000e+00 1.000000e+00 0.000000e+00
    outer loop
      vertex   4.750000e+01 -5.000000e-01 0.000000e+00
      vertex   -8.750000e+00 -5.000000e-01 2.500000e+00
      vertex   -8.000000e+00 -5.000000e-01 2.700962e+00
    endloop
  endfacet
  facet normal 0.000000e+00 1.000000e+00 0.000000e+00
    outer loop
      vertex   4.750000e+01 -5.000000e-01 0.000000e+00
      vertex   -8.000000e+00 -5.000000e-01 2.700962e+00
      vertex   -7.450962e+00 -5.000000e-01 3.250000e+00
    endloop
  endfacet
  facet normal 0.000000e+00 1.000000e+00 0.000000e+00
    outer loop
      vertex   -3.350000e+01 -5.000000e-01 2.000000e+01
      vertex   -2.062500e+01 -5.000000e-01 1.000000e+01
      vertex   -3.350000e+01 -5.000000e-01 0.000000e+00
    endloop
  endfacet
  facet normal 0.000000e+00 1.000000e+00 0.000000e+00
    outer loop
      vertex   -3.350000e+01 -5.000000e-01 0.000000e+00
      vertex   -2.062500e+01 -5.000000e-01 1.000000e+01
      vertex   -2.042694e+01 -5.000000e-01 9.132233e+00
    endloop
  endfacet
  facet normal 0.000000e+00 1.000000e+00 0.000000e+00
    outer loop
      vertex   -3.350000e+01 -5.000000e-01 0.000000e+00
      vertex   -2.042694e+01 -5.000000e-01 9.132233e+00
      vertex   -1.987198e+01 -5.000000e-01 8.436337e+00
    endloop
  endfacet
  facet normal 0.000000e+00 1.000000e+00 0.000000e+00
    outer loop
      vertex   3.750000e+01 -5.000000e-01 2.000000e+01
      vertex   1.067996e+01 -5.000000e-01 1.194986e+01
      vertex   -3.350000e+01 -5.000000e-01 2.000000e+01
    endloop
  endfacet
  facet normal 0.000000e+00 1.000000e+00 0.000000e+00
    outer loop
      vertex   -3.350000e+01 -5.000000e-01 2.000000e+01
      vertex   1.067996e+01 -5.000000e-01 1.194986e+01
      vertex   -1.817996e+01 -5.000000e-01 1.194986e+01
    endloop
  endfacet
  facet normal 0.000000e+00 1.000000e+00 0.000000e+00
    outer loop
      vertex   -3.350000e+01 -5.000000e-01 2.000000e+01
      vertex   -1.817996e+01 -5.000000e-01 1.194986e+01
      vertex   -1.907004e+01 -5.000000e-01 1.194986e+01
    endloop
  endfacet
  facet normal 0.000000e+00 1.000000e+00 0.000000e+00
    outer loop
      vertex   4.750000e+01 -5.000000e-01 1.000000e+01
      vertex   4.132004e+01 -5.000000e-01 1.194986e+01
      vertex   3.750000e+01 -5.000000e-01 2.000000e+01
    endloop
  endfacet
  facet normal 0.000000e+00 1.000000e+00 0.000000e+00
    outer loop
      vertex   3.750000e+01 -5.000000e-01 2.000000e+01
      vertex   4.132004e+01 -5.000000e-01 1.194986e+01
      vertex   4.042996e+01 -5.000000e-01 1.194986e+01
    endloop
  endfacet
  facet normal 0.000000e+00 1.000000e+00 0.000000e+00
    outer loop
      vertex   3.750000e+01 -5.000000e-01 2.000000e+01
      vertex   4.042996e+01 -5.000000e-01 1.194986e+01
      vertex   1.157004e+01 -5.000000e-01 1.194986e+01
    endloop
  endfacet
  facet normal -0.000000e+00 1.000000e+00 0.000000e+00
    outer loop
      vertex   1.157004e+01 -5.000000e-01 1.194986e+01
      vertex   4.042996e+01 -5.000000e-01 1.194986e+01
      vertex   3.962802e+01 -5.000000e-01 1.156366e+01
    endloop
  endfacet
  facet normal 0.000000e+00 1.000000e+00 0.000000e+00
    outer loop
      vertex   1.157004e+01 -5.000000e-01 1.194986e+01
      vertex   3.962802e+01 -5.000000e-01 1.156366e+01
      vertex   1.237198e+01 -5.000000e-01 1.156366e+01
    endloop
  endfacet
  facet normal -0.000000e+00 1.000000e+00 0.000000e+00
    outer loop
      vertex   1.237198e+01 -5.000000e-01 1.156366e+01
      vertex   3.962802e+01 -5.000000e-01 1.156366e+01
      vertex   3.907306e+01 -5.000000e-01 1.086777e+01
    endloop
  endfacet
  facet normal 0.000000e+00 1.000000e+00 0.000000e+00
    outer loop
      vertex   1.237198e+01 -5.000000e-01 1.156366e+01
      vertex   3.907306e+01 -5.000000e-01 1.086777e+01
      vertex   1.292694e+01 -5.000000e-01 1.086777e+01
    endloop
  endfacet
  facet normal 0.000000e+00 1.000000e+00 0.000000e+00
    outer loop
      vertex   1.292694e+01 -5.000000e-01 1.086777e+01
      vertex   3.907306e+01 -5.000000e-01 1.086777e+01
      vertex   3.887500e+01 -5.000000e-01 1.000000e+01
    endloop
  endfacet
  facet normal 0.000000e+00 1.000000e+00 0.000000e+00
    outer loop
      vertex   1.292694e+01 -5.000000e-01 1.086777e+01
      vertex   3.887500e+01 -5.000000e-01 1.000000e+01
      vertex   1.312500e+01 -5.000000e-01 1.000000e+01
    endloop
  endfacet
  facet normal -0.000000e+00 1.000000e+00 0.000000e+00
    outer loop
      vertex   1.312500e+01 -5.000000e-01 1.000000e+01
      vertex   3.887500e+01 -5.000000e-01 1.000000e+01
      vertex   1.292694e+01 -5.000000e-01 9.132233e+00
    endloop
  endfacet
  facet normal 0.000000e+00 1.000000e+00 0.000000e+00
    outer loop
      vertex   1.292694e+01 -5.000000e-01 9.132233e+00
      vertex   3.887500e+01 -5.000000e-01 1.000000e+01
      vertex   3.907306e+01 -5.000000e-01 9.132233e+00
    endloop
  endfacet
  facet normal -0.000000e+00 1.000000e+00 0.000000e+00
    outer loop
      vertex   1.292694e+01 -5.000000e-01 9.132233e+00
      vertex   3.907306e+01 -5.000000e-01 9.132233e+00
      vertex   1.237198e+01 -5.000000e-01 8.436337e+00
    endloop
  endfacet
  facet normal 0.000000e+00 1.000000e+00 0.000000e+00
    outer loop
      vertex   1.237198e+01 -5.000000e-01 8.436337e+00
      vertex   3.907306e+01 -5.000000e-01 9.132233e+00
      vertex   3.962802e+01 -5.000000e-01 8.436337e+00
    endloop
  endfacet
  facet normal -0.000000e+00 1.000000e+00 0.000000e+00
    outer loop
      vertex   1.237198e+01 -5.000000e-01 8.436337e+00
      vertex   3.962802e+01 -5.000000e-01 8.436337e+00
      vertex   1.157004e+01 -5.000000e-01 8.050144e+00
    endloop
  endfacet
  facet normal 0.000000e+00 1.000000e+00 0.000000e+00
    outer loop
      vertex   1.157004e+01 -5.000000e-01 8.050144e+00
      vertex   3.962802e+01 -5.000000e-01 8.436337e+00
      vertex   4.042996e+01 -5.000000e-01 8.050144e+00
    endloop
  endfacet
  facet normal -0.000000e+00 1.000000e+00 0.000000e+00
    outer loop
      vertex   1.157004e+01 -5.000000e-01 8.050144e+00
      vertex   4.042996e+01 -5.000000e-01 8.050144e+00
      vertex   4.750000e+01 -5.000000e-01 0.000000e+00
    endloop
  endfacet
  facet normal 0.000000e+00 1.000000e+00 0.000000e+00
    outer loop
      vertex   4.750000e+01 -5.000000e-01 0.000000e+00
      vertex   4.042996e+01 -5.000000e-01 8.050144e+00
      vertex   4.132004e+01 -5.000000e-01 8.050144e+00
    endloop
  endfacet
  facet normal 0.000000e+00 1.000000e+00 -0.000000e+00
    outer loop
      vertex   4.750000e+01 -5.000000e-01 0.000000e+00
      vertex   4.132004e+01 -5.000000e-01 8.050144e+00
      vertex   4.750000e+01 -5.000000e-01 1.000000e+01
    endloop
  endfacet
  facet normal 0.000000e+00 1.000000e+00 0.000000e+00
    outer loop
      vertex   4.750000e+01 -5.000000e-01 1.000000e+01
      vertex   4.132004e+01 -5.000000e-01 8.050144e+00
      vertex   4.212198e+01 -5.000000e-01 8.436337e+00
    endloop
  endfacet
  facet normal 0.000000e+00 1.000000e+00 0.000000e+00
    outer loop
      vertex   4.750000e+01 -5.000000e-01 1.000000e+01
      vertex   4.212198e+01 -5.000000e-01 8.436337e+00
      vertex   4.267694e+01 -5.000000e-01 9.132233e+00
    endloop
  endfacet
  facet normal 0.000000e+00 1.000000e+00 0.000000e+00
    outer loop
      vertex   4.267694e+01 -5.000000e-01 9.132233e+00
      vertex   4.287500e+01 -5.000000e-01 1.000000e+01
      vertex   4.750000e+01 -5.000000e-01 1.000000e+01
    endloop
  endfacet
  facet normal 0.000000e+00 1.000000e+00 0.000000e+00
    outer loop
      vertex   4.750000e+01 -5.000000e-01 1.000000e+01
      vertex   4.287500e+01 -5.000000e-01 1.000000e+01
      vertex   4.267694e+01 -5.000000e-01 1.086777e+01
    endloop
  endfacet
  facet normal 0.000000e+00 1.000000e+00 0.000000e+00
    outer loop
      vertex   4.750000e+01 -5.000000e-01 1.000000e+01
      vertex   4.267694e+01 -5.000000e-01 1.086777e+01
      vertex   4.212198e+01 -5.000000e-01 1.156366e+01
    endloop
  endfacet
  facet normal -0.000000e+00 1.000000e+00 -0.000000e+00
    outer loop
      vertex   4.212198e+01 -5.000000e-01 1.156366e+01
      vertex   4.132004e+01 -5.000000e-01 1.194986e+01
      vertex   4.750000e+01 -5.000000e-01 1.000000e+01
    endloop
  endfacet
  facet normal 0.000000e+00 1.000000e+00 -0.000000e+00
    outer loop
      vertex   1.157004e+01 -5.000000e-01 1.194986e+01
      vertex   1.067996e+01 -5.000000e-01 1.194986e+01
      vertex   3.750000e+01 -5.000000e-01 2.000000e+01
    endloop
  endfacet
  facet normal -0.000000e+00 1.000000e+00 0.000000e+00
    outer loop
      vertex   -1.817996e+01 -5.000000e-01 1.194986e+01
      vertex   1.067996e+01 -5.000000e-01 1.194986e+01
      vertex   -1.737802e+01 -5.000000e-01 1.156366e+01
    endloop
  endfacet
  facet normal 0.000000e+00 1.000000e+00 0.000000e+00
    outer loop
      vertex   -1.737802e+01 -5.000000e-01 1.156366e+01
      vertex   1.067996e+01 -5.000000e-01 1.194986e+01
      vertex   9.878020e+00 -5.000000e-01 1.156366e+01
    endloop
  endfacet
  facet normal -0.000000e+00 1.000000e+00 0.000000e+00
    outer loop
      vertex   -1.737802e+01 -5.000000e-01 1.156366e+01
      vertex   9.878020e+00 -5.000000e-01 1.156366e+01
      vertex   9.323062e+00 -5.000000e-01 1.086777e+01
    endloop
  endfacet
  facet normal 0.000000e+00 1.000000e+00 0.000000e+00
    outer loop
      vertex   -1.737802e+01 -5.000000e-01 1.156366e+01
      vertex   9.323062e+00 -5.000000e-01 1.086777e+01
      vertex   -1.682306e+01 -5.000000e-01 1.086777e+01
    endloop
  endfacet
  facet normal 0.000000e+00 1.000000e+00 0.000000e+00
    outer loop
      vertex   -1.682306e+01 -5.000000e-01 1.086777e+01
      vertex   9.323062e+00 -5.000000e-01 1.086777e+01
      vertex   9.125000e+00 -5.000000e-01 1.000000e+01
    endloop
  endfacet
  facet normal 0.000000e+00 1.000000e+00 0.000000e+00
    outer loop
      vertex   -1.682306e+01 -5.000000e-01 1.086777e+01
      vertex   9.125000e+00 -5.000000e-01 1.000000e+01
      vertex   -1.662500e+01 -5.000000e-01 1.000000e+01
    endloop
  endfacet
  facet normal -0.000000e+00 1.000000e+00 0.000000e+00
    outer loop
      vertex   -1.662500e+01 -5.000000e-01 1.000000e+01
      vertex   9.125000e+00 -5.000000e-01 1.000000e+01
      vertex   9.323062e+00 -5.000000e-01 9.132233e+00
    endloop
  endfacet
  facet normal 0.000000e+00 1.000000e+00 0.000000e+00
    outer loop
      vertex   -1.662500e+01 -5.000000e-01 1.000000e+01
      vertex   9.323062e+00 -5.000000e-01 9.132233e+00
      vertex   -1.682306e+01 -5.000000e-01 9.132233e+00
    endloop
  endfacet
  facet normal -0.000000e+00 1.000000e+00 0.000000e+00
    outer loop
      vertex   -1.682306e+01 -5.000000e-01 9.132233e+00
      vertex   9.323062e+00 -5.000000e-01 9.132233e+00
      vertex   -8.750000e+00 -5.000000e-01 5.500000e+00
    endloop
  endfacet
  facet normal 0.000000e+00 1.000000e+00 0.000000e+00
    outer loop
      vertex   -1.682306e+01 -5.000000e-01 9.132233e+00
      vertex   -8.750000e+00 -5.000000e-01 5.500000e+00
      vertex   -1.737802e+01 -5.000000e-01 8.436337e+00
    endloop
  endfacet
  facet normal 0.000000e+00 1.000000e+00 0.000000e+00
    outer loop
      vertex   -1.737802e+01 -5.000000e-01 8.436337e+00
      vertex   -8.750000e+00 -5.000000e-01 5.500000e+00
      vertex   -1.817996e+01 -5.000000e-01 8.050144e+00
    endloop
  endfacet
  facet normal 0.000000e+00 1.000000e+00 0.000000e+00
    outer loop
      vertex   -1.817996e+01 -5.000000e-01 8.050144e+00
      vertex   -8.750000e+00 -5.000000e-01 5.500000e+00
      vertex   -9.500000e+00 -5.000000e-01 5.299038e+00
    endloop
  endfacet
  facet normal 0.000000e+00 1.000000e+00 0.000000e+00
    outer loop
      vertex   -1.817996e+01 -5.000000e-01 8.050144e+00
      vertex   -9.500000e+00 -5.000000e-01 5.299038e+00
      vertex   -1.907004e+01 -5.000000e-01 8.050144e+00
    endloop
  endfacet
  facet normal 0.000000e+00 1.000000e+00 0.000000e+00
    outer loop
      vertex   -1.907004e+01 -5.000000e-01 8.050144e+00
      vertex   -9.500000e+00 -5.000000e-01 5.299038e+00
      vertex   -1.004904e+01 -5.000000e-01 4.750000e+00
    endloop
  endfacet
  facet normal 0.000000e+00 1.000000e+00 0.000000e+00
    outer loop
      vertex   -1.907004e+01 -5.000000e-01 8.050144e+00
      vertex   -1.004904e+01 -5.000000e-01 4.750000e+00
      vertex   -1.025000e+01 -5.000000e-01 4.000000e+00
    endloop
  endfacet
  facet normal 0.000000e+00 1.000000e+00 0.000000e+00
    outer loop
      vertex   9.323062e+00 -5.000000e-01 9.132233e+00
      vertex   9.878020e+00 -5.000000e-01 8.436337e+00
      vertex   -8.750000e+00 -5.000000e-01 5.500000e+00
    endloop
  endfacet
  facet normal -0.000000e+00 1.000000e+00 0.000000e+00
    outer loop
      vertex   -8.750000e+00 -5.000000e-01 5.500000e+00
      vertex   9.878020e+00 -5.000000e-01 8.436337e+00
      vertex   -8.000000e+00 -5.000000e-01 5.299038e+00
    endloop
  endfacet
  facet normal 0.000000e+00 1.000000e+00 0.000000e+00
    outer loop
      vertex   -8.000000e+00 -5.000000e-01 5.299038e+00
      vertex   9.878020e+00 -5.000000e-01 8.436337e+00
      vertex   1.067996e+01 -5.000000e-01 8.050144e+00
    endloop
  endfacet
  facet normal -0.000000e+00 1.000000e+00 0.000000e+00
    outer loop
      vertex   -8.000000e+00 -5.000000e-01 5.299038e+00
      vertex   1.067996e+01 -5.000000e-01 8.050144e+00
      vertex   -7.450962e+00 -5.000000e-01 4.750000e+00
    endloop
  endfacet
  facet normal -0.000000e+00 1.000000e+00 0.000000e+00
    outer loop
      vertex   -7.450962e+00 -5.000000e-01 4.750000e+00
      vertex   1.067996e+01 -5.000000e-01 8.050144e+00
      vertex   -7.250000e+00 -5.000000e-01 4.000000e+00
    endloop
  endfacet
  facet normal 0.000000e+00 1.000000e+00 0.000000e+00
    outer loop
      vertex   -7.250000e+00 -5.000000e-01 4.000000e+00
      vertex   1.067996e+01 -5.000000e-01 8.050144e+00
      vertex   1.157004e+01 -5.000000e-01 8.050144e+00
    endloop
  endfacet
  facet normal -0.000000e+00 1.000000e+00 0.000000e+00
    outer loop
      vertex   -7.250000e+00 -5.000000e-01 4.000000e+00
      vertex   1.157004e+01 -5.000000e-01 8.050144e+00
      vertex   -7.450962e+00 -5.000000e-01 3.250000e+00
    endloop
  endfacet
  facet normal -0.000000e+00 1.000000e+00 0.000000e+00
    outer loop
      vertex   -7.450962e+00 -5.000000e-01 3.250000e+00
      vertex   1.157004e+01 -5.000000e-01 8.050144e+00
      vertex   4.750000e+01 -5.000000e-01 0.000000e+00
    endloop
  endfacet
  facet normal 0.000000e+00 1.000000e+00 0.000000e+00
    outer loop
      vertex   -1.907004e+01 -5.000000e-01 1.194986e+01
      vertex   -1.987198e+01 -5.000000e-01 1.156366e+01
      vertex   -3.350000e+01 -5.000000e-01 2.000000e+01
    endloop
  endfacet
  facet normal 0.000000e+00 1.000000e+00 0.000000e+00
    outer loop
      vertex   -3.350000e+01 -5.000000e-01 2.000000e+01
      vertex   -1.987198e+01 -5.000000e-01 1.156366e+01
      vertex   -2.042694e+01 -5.000000e-01 1.086777e+01
    endloop
  endfacet
  facet normal 0.000000e+00 1.000000e+00 0.000000e+00
    outer loop
      vertex   -3.350000e+01 -5.000000e-01 2.000000e+01
      vertex   -2.042694e+01 -5.000000e-01 1.086777e+01
      vertex   -2.062500e+01 -5.000000e-01 1.000000e+01
    endloop
  endfacet
  facet normal 0.000000e+00 1.000000e+00 0.000000e+00
    outer loop
      vertex   -1.987198e+01 -5.000000e-01 8.436337e+00
      vertex   -1.907004e+01 -5.000000e-01 8.050144e+00
      vertex   -3.350000e+01 -5.000000e-01 0.000000e+00
    endloop
  endfacet
  facet normal 0.000000e+00 1.000000e+00 0.000000e+00
    outer loop
      vertex   -3.350000e+01 -5.000000e-01 0.000000e+00
      vertex   -1.907004e+01 -5.000000e-01 8.050144e+00
      vertex   -1.025000e+01 -5.000000e-01 4.000000e+00
    endloop
  endfacet
  facet normal 0.000000e+00 1.000000e+00 0.000000e+00
    outer loop
      vertex   -3.350000e+01 -5.000000e-01 0.000000e+00
      vertex   -1.025000e+01 -5.000000e-01 4.000000e+00
      vertex   -1.004904e+01 -5.000000e-01 3.250000e+00
    endloop
  endfacet
  facet normal 0.000000e+00 1.000000e+00 0.000000e+00
    outer loop
      vertex   -1.004904e+01 -5.000000e-01 3.250000e+00
      vertex   -9.500000e+00 -5.000000e-01 2.700962e+00
      vertex   -3.350000e+01 -5.000000e-01 0.000000e+00
    endloop
  endfacet
  facet normal 0.000000e+00 1.000000e+00 0.000000e+00
    outer loop
      vertex   -3.350000e+01 -5.000000e-01 0.000000e+00
      vertex   -9.500000e+00 -5.000000e-01 2.700962e+00
      vertex   -8.750000e+00 -5.000000e-01 2.500000e+00
    endloop
  endfacet
  facet normal -9.659258e-01 -2.742025e-16 2.588190e-01
    outer loop
      vertex   -7.450962e+00 -5.000000e-01 3.250000e+00
      vertex   -7.450962e+00 -5.500000e+00 3.250000e+00
      vertex   -7.250000e+00 -5.000000e-01 4.000000e+00
    endloop
  endfacet
  facet normal -9.659258e-01 3.431658e-16 2.588190e-01
    outer loop
      vertex   -7.250000e+00 -5.000000e-01 4.000000e+00
      vertex   -7.450962e+00 -5.500000e+00 3.250000e+00
      vertex   -7.250000e+00 -5.500000e+00 4.000000e+00
    endloop
  endfacet
  facet normal -9.659258e-01 3.431658e-16 -2.588190e-01
    outer loop
      vertex   -7.250000e+00 -5.000000e-01 4.000000e+00
      vertex   -7.250000e+00 -5.500000e+00 4.000000e+00
      vertex   -7.450962e+00 -5.000000e-01 4.750000e+00
    endloop
  endfacet
  facet normal -9.659258e-01 -2.175584e-16 -2.588190e-01
    outer loop
      vertex   -7.450962e+00 -5.000000e-01 4.750000e+00
      vertex   -7.250000e+00 -5.500000e+00 4.000000e+00
      vertex   -7.450962e+00 -5.500000e+00 4.750000e+00
    endloop
  endfacet
  facet normal -7.071068e-01 -2.512148e-16 -7.071068e-01
    outer loop
      vertex   -7.450962e+00 -5.000000e-01 4.750000e+00
      vertex   -7.450962e+00 -5.500000e+00 4.750000e+00
      vertex   -8.000000e+00 -5.000000e-01 5.299038e+00
    endloop
  endfacet
  facet normal -7.071068e-01 -0.000000e+00 -7.071068e-01
    outer loop
      vertex   -8.000000e+00 -5.000000e-01 5.299038e+00
      vertex   -7.450962e+00 -5.500000e+00 4.750000e+00
      vertex   -8.000000e+00 -5.500000e+00 5.299038e+00
    endloop
  endfacet
  facet normal -2.588190e-01 -0.000000e+00 -9.659258e-01
    outer loop
      vertex   -8.000000e+00 -5.000000e-01 5.299038e+00
      vertex   -8.000000e+00 -5.500000e+00 5.299038e+00
      vertex   -8.750000e+00 -5.000000e-01 5.500000e+00
    endloop
  endfacet
  facet normal -2.588190e-01 -9.195100e-17 -9.659258e-01
    outer loop
      vertex   -8.750000e+00 -5.000000e-01 5.500000e+00
      vertex   -8.000000e+00 -5.500000e+00 5.299038e+00
      vertex   -8.750000e+00 -5.500000e+00 5.500000e+00
    endloop
  endfacet
  facet normal 2.588190e-01 9.195100e-17 -9.659258e-01
    outer loop
      vertex   -8.750000e+00 -5.000000e-01 5.500000e+00
      vertex   -8.750000e+00 -5.500000e+00 5.500000e+00
      vertex   -9.500000e+00 -5.000000e-01 5.299038e+00
    endloop
  endfacet
  facet normal 2.588190e-01 0.000000e+00 -9.659258e-01
    outer loop
      vertex   -9.500000e+00 -5.000000e-01 5.299038e+00
      vertex   -8.750000e+00 -5.500000e+00 5.500000e+00
      vertex   -9.500000e+00 -5.500000e+00 5.299038e+00
    endloop
  endfacet
  facet normal 7.071068e-01 0.000000e+00 -7.071068e-01
    outer loop
      vertex   -9.500000e+00 -5.000000e-01 5.299038e+00
      vertex   -9.500000e+00 -5.500000e+00 5.299038e+00
      vertex   -1.004904e+01 -5.000000e-01 4.750000e+00
    endloop
  endfacet
  facet normal 7.071068e-01 1.256074e-16 -7.071068e-01
    outer loop
      vertex   -1.004904e+01 -5.000000e-01 4.750000e+00
      vertex   -9.500000e+00 -5.500000e+00 5.299038e+00
      vertex   -1.004904e+01 -5.500000e+00 4.750000e+00
    endloop
  endfacet
  facet normal 9.659258e-01 4.597550e-17 -2.588190e-01
    outer loop
      vertex   -1.004904e+01 -5.000000e-01 4.750000e+00
      vertex   -1.004904e+01 -5.500000e+00 4.750000e+00
      vertex   -1.025000e+01 -5.000000e-01 4.000000e+00
    endloop
  endfacet
  facet normal 9.659258e-01 0.000000e+00 -2.588190e-01
    outer loop
      vertex   -1.025000e+01 -5.000000e-01 4.000000e+00
      vertex   -1.004904e+01 -5.500000e+00 4.750000e+00
      vertex   -1.025000e+01 -5.500000e+00 4.000000e+00
    endloop
  endfacet
  facet normal 9.659258e-01 0.000000e+00 2.588190e-01
    outer loop
      vertex   -1.025000e+01 -5.000000e-01 4.000000e+00
      vertex   -1.025000e+01 -5.500000e+00 4.000000e+00
      vertex   -1.004904e+01 -5.000000e-01 3.250000e+00
    endloop
  endfacet
  facet normal 9.659258e-01 -6.896325e-17 2.588190e-01
    outer loop
      vertex   -1.004904e+01 -5.000000e-01 3.250000e+00
      vertex   -1.025000e+01 -5.500000e+00 4.000000e+00
      vertex   -1.004904e+01 -5.500000e+00 3.250000e+00
    endloop
  endfacet
  facet normal 7.071068e-01 -1.884111e-16 7.071068e-01
    outer loop
      vertex   -1.004904e+01 -5.000000e-01 3.250000e+00
      vertex   -1.004904e+01 -5.500000e+00 3.250000e+00
      vertex   -9.500000e+00 -5.000000e-01 2.700962e+00
    endloop
  endfacet
  facet normal 7.071068e-01 6.280370e-17 7.071068e-01
    outer loop
      vertex   -9.500000e+00 -5.000000e-01 2.700962e+00
      vertex   -1.004904e+01 -5.500000e+00 3.250000e+00
      vertex   -9.500000e+00 -5.500000e+00 2.700962e+00
    endloop
  endfacet
  facet normal 2.588190e-01 -1.654233e-16 9.659258e-01
    outer loop
      vertex   -9.500000e+00 -5.000000e-01 2.700962e+00
      vertex   -9.500000e+00 -5.500000e+00 2.700962e+00
      vertex   -8.750000e+00 -5.000000e-01 2.500000e+00
    endloop
  endfacet
  facet normal 2.588190e-01 9.195100e-17 9.659258e-01
    outer loop
      vertex   -8.750000e+00 -5.000000e-01 2.500000e+00
      vertex   -9.500000e+00 -5.500000e+00 2.700962e+00
      vertex   -8.750000e+00 -5.500000e+00 2.500000e+00
    endloop
  endfacet
  facet normal -2.588190e-01 -9.195100e-17 9.659258e-01
    outer loop
      vertex   -8.750000e+00 -5.000000e-01 2.500000e+00
      vertex   -8.750000e+00 -5.500000e+00 2.500000e+00
      vertex   -8.000000e+00 -5.000000e-01 2.700962e+00
    endloop
  endfacet
  facet normal -2.588190e-01 1.654233e-16 9.659258e-01
    outer loop
      vertex   -8.000000e+00 -5.000000e-01 2.700962e+00
      vertex   -8.750000e+00 -5.500000e+00 2.500000e+00
      vertex   -8.000000e+00 -5.500000e+00 2.700962e+00
    endloop
  endfacet
  facet normal -7.071068e-01 -6.280370e-17 7.071068e-01
    outer loop
      vertex   -8.000000e+00 -5.000000e-01 2.700962e+00
      vertex   -8.000000e+00 -5.500000e+00 2.700962e+00
      vertex   -7.450962e+00 -5.000000e-01 3.250000e+00
    endloop
  endfacet
  facet normal -7.071068e-01 -6.280370e-17 7.071068e-01
    outer loop
      vertex   -7.450962e+00 -5.000000e-01 3.250000e+00
      vertex   -8.000000e+00 -5.500000e+00 2.700962e+00
      vertex   -7.450962e+00 -5.500000e+00 3.250000e+00
    endloop
  endfacet
  facet normal 9.659258e-01 -0.000000e+00 2.588190e-01
    outer loop
      vertex   -1.004904e+01 -5.500000e+00 -3.675000e+01
      vertex   -1.004904e+01 5.500000e+00 -3.675000e+01
      vertex   -1.025000e+01 -5.500000e+00 -3.600000e+01
    endloop
  endfacet
  facet normal 9.659258e-01 -0.000000e+00 2.588190e-01
    outer loop
      vertex   -1.025000e+01 -5.500000e+00 -3.600000e+01
      vertex   -1.004904e+01 5.500000e+00 -3.675000e+01
      vertex   -1.025000e+01 5.500000e+00 -3.600000e+01
    endloop
  endfacet
  facet normal 9.659258e-01 0.000000e+00 -2.588190e-01
    outer loop
      vertex   -1.025000e+01 -5.500000e+00 -3.600000e+01
      vertex   -1.025000e+01 5.500000e+00 -3.600000e+01
      vertex   -1.004904e+01 -5.500000e+00 -3.525000e+01
    endloop
  endfacet
  facet normal 9.659258e-01 0.000000e+00 -2.588190e-01
    outer loop
      vertex   -1.004904e+01 -5.500000e+00 -3.525000e+01
      vertex   -1.025000e+01 5.500000e+00 -3.600000e+01
      vertex   -1.004904e+01 5.500000e+00 -3.525000e+01
    endloop
  endfacet
  facet normal 7.071068e-01 0.000000e+00 -7.071068e-01
    outer loop
      vertex   -1.004904e+01 -5.500000e+00 -3.525000e+01
      vertex   -1.004904e+01 5.500000e+00 -3.525000e+01
      vertex   -9.500000e+00 -5.500000e+00 -3.470096e+01
    endloop
  endfacet
  facet normal 7.071068e-01 0.000000e+00 -7.071068e-01
    outer loop
      vertex   -9.500000e+00 -5.500000e+00 -3.470096e+01
      vertex   -1.004904e+01 5.500000e+00 -3.525000e+01
      vertex   -9.500000e+00 5.500000e+00 -3.470096e+01
    endloop
  endfacet
  facet normal 2.588190e-01 0.000000e+00 -9.659258e-01
    outer loop
      vertex   -9.500000e+00 -5.500000e+00 -3.470096e+01
      vertex   -9.500000e+00 5.500000e+00 -3.470096e+01
      vertex   -8.750000e+00 -5.500000e+00 -3.450000e+01
    endloop
  endfacet
  facet normal 2.588190e-01 4.179591e-17 -9.659258e-01
    outer loop
      vertex   -8.750000e+00 -5.500000e+00 -3.450000e+01
      vertex   -9.500000e+00 5.500000e+00 -3.470096e+01
      vertex   -8.750000e+00 5.500000e+00 -3.450000e+01
    endloop
  endfacet
  facet normal -2.588190e-01 -4.179591e-17 -9.659258e-01
    outer loop
      vertex   -8.750000e+00 -5.500000e+00 -3.450000e+01
      vertex   -8.750000e+00 5.500000e+00 -3.450000e+01
      vertex   -8.000000e+00 -5.500000e+00 -3.470096e+01
    endloop
  endfacet
  facet normal -2.588190e-01 0.000000e+00 -9.659258e-01
    outer loop
      vertex   -8.000000e+00 -5.500000e+00 -3.470096e+01
      vertex   -8.750000e+00 5.500000e+00 -3.450000e+01
      vertex   -8.000000e+00 5.500000e+00 -3.470096e+01
    endloop
  endfacet
  facet normal -7.071068e-01 0.000000e+00 -7.071068e-01
    outer loop
      vertex   -8.000000e+00 -5.500000e+00 -3.470096e+01
      vertex   -8.000000e+00 5.500000e+00 -3.470096e+01
      vertex   -7.450962e+00 -5.500000e+00 -3.525000e+01
    endloop
  endfacet
  facet normal -7.071068e-01 -5.709427e-17 -7.071068e-01
    outer loop
      vertex   -7.450962e+00 -5.500000e+00 -3.525000e+01
      vertex   -8.000000e+00 5.500000e+00 -3.470096e+01
      vertex   -7.450962e+00 5.500000e+00 -3.525000e+01
    endloop
  endfacet
  facet normal -9.659258e-01 -7.799222e-17 -2.588190e-01
    outer loop
      vertex   -7.450962e+00 -5.500000e+00 -3.525000e+01
      vertex   -7.450962e+00 5.500000e+00 -3.525000e+01
      vertex   -7.250000e+00 -5.500000e+00 -3.600000e+01
    endloop
  endfacet
  facet normal -9.659258e-01 -1.559844e-16 -2.588190e-01
    outer loop
      vertex   -7.250000e+00 -5.500000e+00 -3.600000e+01
      vertex   -7.450962e+00 5.500000e+00 -3.525000e+01
      vertex   -7.250000e+00 5.500000e+00 -3.600000e+01
    endloop
  endfacet
  facet normal -9.659258e-01 -1.559844e-16 2.588190e-01
    outer loop
      vertex   -7.250000e+00 -5.500000e+00 -3.600000e+01
      vertex   -7.250000e+00 5.500000e+00 -3.600000e+01
      vertex   -7.450962e+00 -5.500000e+00 -3.675000e+01
    endloop
  endfacet
  facet normal -9.659258e-01 -1.559844e-16 2.588190e-01
    outer loop
      vertex   -7.450962e+00 -5.500000e+00 -3.675000e+01
      vertex   -7.250000e+00 5.500000e+00 -3.600000e+01
      vertex   -7.450962e+00 5.500000e+00 -3.675000e+01
    endloop
  endfacet
  facet normal -7.071068e-01 -1.141885e-16 7.071068e-01
    outer loop
      vertex   -7.450962e+00 -5.500000e+00 -3.675000e+01
      vertex   -7.450962e+00 5.500000e+00 -3.675000e+01
      vertex   -8.000000e+00 -5.500000e+00 -3.729904e+01
    endloop
  endfacet
  facet normal -7.071068e-01 -1.141885e-16 7.071068e-01
    outer loop
      vertex   -8.000000e+00 -5.500000e+00 -3.729904e+01
      vertex   -7.450962e+00 5.500000e+00 -3.675000e+01
      vertex   -8.000000e+00 5.500000e+00 -3.729904e+01
    endloop
  endfacet
  facet normal -2.588190e-01 -4.179591e-17 9.659258e-01
    outer loop
      vertex   -8.000000e+00 -5.500000e+00 -3.729904e+01
      vertex   -8.000000e+00 5.500000e+00 -3.729904e+01
      vertex   -8.750000e+00 -5.500000e+00 -3.750000e+01
    endloop
  endfacet
  facet normal -2.588190e-01 -4.179591e-17 9.659258e-01
    outer loop
      vertex   -8.750000e+00 -5.500000e+00 -3.750000e+01
      vertex   -8.000000e+00 5.500000e+00 -3.729904e+01
      vertex   -8.750000e+00 5.500000e+00 -3.750000e+01
    endloop
  endfacet
  facet normal 2.588190e-01 4.179591e-17 9.659258e-01
    outer loop
      vertex   -8.750000e+00 -5.500000e+00 -3.750000e+01
      vertex   -8.750000e+00 5.500000e+00 -3.750000e+01
      vertex   -9.500000e+00 -5.500000e+00 -3.729904e+01
    endloop
  endfacet
  facet normal 2.588190e-01 4.179591e-17 9.659258e-01
    outer loop
      vertex   -9.500000e+00 -5.500000e+00 -3.729904e+01
      vertex   -8.750000e+00 5.500000e+00 -3.750000e+01
      vertex   -9.500000e+00 5.500000e+00 -3.729904e+01
    endloop
  endfacet
  facet normal 7.071068e-01 1.141885e-16 7.071068e-01
    outer loop
      vertex   -9.500000e+00 -5.500000e+00 -3.729904e+01
      vertex   -9.500000e+00 5.500000e+00 -3.729904e+01
      vertex   -1.004904e+01 -5.500000e+00 -3.675000e+01
    endloop
  endfacet
  facet normal 7.071068e-01 -0.000000e+00 7.071068e-01
    outer loop
      vertex   -1.004904e+01 -5.500000e+00 -3.675000e+01
      vertex   -9.500000e+00 5.500000e+00 -3.729904e+01
      vertex   -1.004904e+01 5.500000e+00 -3.675000e+01
    endloop
  endfacet
  facet normal 9.749279e-01 -0.000000e+00 2.225209e-01
    outer loop
      vertex   4.982306e+01 -1.500000e+00 -3.386777e+01
      vertex   4.982306e+01 5.500000e+00 -3.386777e+01
      vertex   4.962500e+01 -1.500000e+00 -3.300000e+01
    endloop
  endfacet
  facet normal 9.749279e-01 -0.000000e+00 2.225209e-01
    outer loop
      vertex   4.962500e+01 -1.500000e+00 -3.300000e+01
      vertex   4.982306e+01 5.500000e+00 -3.386777e+01
      vertex   4.962500e+01 5.500000e+00 -3.300000e+01
    endloop
  endfacet
  facet normal 9.749279e-01 0.000000e+00 -2.225209e-01
    outer loop
      vertex   4.962500e+01 -1.500000e+00 -3.300000e+01
      vertex   4.962500e+01 5.500000e+00 -3.300000e+01
      vertex   4.982306e+01 -1.500000e+00 -3.213223e+01
    endloop
  endfacet
  facet normal 9.749279e-01 0.000000e+00 -2.225209e-01
    outer loop
      vertex   4.982306e+01 -1.500000e+00 -3.213223e+01
      vertex   4.962500e+01 5.500000e+00 -3.300000e+01
      vertex   4.982306e+01 5.500000e+00 -3.213223e+01
    endloop
  endfacet
  facet normal 7.818315e-01 0.000000e+00 -6.234898e-01
    outer loop
      vertex   4.982306e+01 -1.500000e+00 -3.213223e+01
      vertex   4.982306e+01 5.500000e+00 -3.213223e+01
      vertex   5.037802e+01 5.500000e+00 -3.143634e+01
    endloop
  endfacet
  facet normal 7.818315e-01 -0.000000e+00 6.234898e-01
    outer loop
      vertex   4.982306e+01 -1.500000e+00 -3.386777e+01
      vertex   5.037802e+01 -1.500000e+00 -3.456366e+01
      vertex   4.982306e+01 5.500000e+00 -3.386777e+01
    endloop
  endfacet
  facet normal 7.818315e-01 0.000000e+00 6.234898e-01
    outer loop
      vertex   4.982306e+01 5.500000e+00 -3.386777e+01
      vertex   5.037802e+01 -1.500000e+00 -3.456366e+01
      vertex   5.037802e+01 5.500000e+00 -3.456366e+01
    endloop
  endfacet
  facet normal 4.338837e-01 0.000000e+00 9.009689e-01
    outer loop
      vertex   5.037802e+01 5.500000e+00 -3.456366e+01
      vertex   5.037802e+01 -1.500000e+00 -3.456366e+01
      vertex   5.117996e+01 -1.500000e+00 -3.494986e+01
    endloop
  endfacet
  facet normal 4.338837e-01 0.000000e+00 9.009689e-01
    outer loop
      vertex   5.037802e+01 5.500000e+00 -3.456366e+01
      vertex   5.117996e+01 -1.500000e+00 -3.494986e+01
      vertex   5.117996e+01 5.500000e+00 -3.494986e+01
    endloop
  endfacet
  facet normal 0.000000e+00 0.000000e+00 1.000000e+00
    outer loop
      vertex   5.117996e+01 5.500000e+00 -3.494986e+01
      vertex   5.117996e+01 -1.500000e+00 -3.494986e+01
      vertex   5.207004e+01 -1.500000e+00 -3.494986e+01
    endloop
  endfacet
  facet normal -0.000000e+00 0.000000e+00 1.000000e+00
    outer loop
      vertex   5.117996e+01 5.500000e+00 -3.494986e+01
      vertex   5.207004e+01 -1.500000e+00 -3.494986e+01
      vertex   5.207004e+01 5.500000e+00 -3.494986e+01
    endloop
  endfacet
  facet normal -4.338837e-01 0.000000e+00 9.009689e-01
    outer loop
      vertex   5.207004e+01 5.500000e+00 -3.494986e+01
      vertex   5.207004e+01 -1.500000e+00 -3.494986e+01
      vertex   5.287198e+01 -1.500000e+00 -3.456366e+01
    endloop
  endfacet
  facet normal -4.338837e-01 0.000000e+00 9.009689e-01
    outer loop
      vertex   5.207004e+01 5.500000e+00 -3.494986e+01
      vertex   5.287198e+01 -1.500000e+00 -3.456366e+01
      vertex   5.287198e+01 5.500000e+00 -3.456366e+01
    endloop
  endfacet
  facet normal -7.818315e-01 0.000000e+00 6.234898e-01
    outer loop
      vertex   5.287198e+01 5.500000e+00 -3.456366e+01
      vertex   5.287198e+01 -1.500000e+00 -3.456366e+01
      vertex   5.342694e+01 -1.500000e+00 -3.386777e+01
    endloop
  endfacet
  facet normal -7.818315e-01 0.000000e+00 6.234898e-01
    outer loop
      vertex   5.287198e+01 5.500000e+00 -3.456366e+01
      vertex   5.342694e+01 -1.500000e+00 -3.386777e+01
      vertex   5.342694e+01 5.500000e+00 -3.386777e+01
    endloop
  endfacet
  facet normal -9.749279e-01 0.000000e+00 2.225209e-01
    outer loop
      vertex   5.342694e+01 5.500000e+00 -3.386777e+01
      vertex   5.342694e+01 -1.500000e+00 -3.386777e+01
      vertex   5.362500e+01 -1.500000e+00 -3.300000e+01
    endloop
  endfacet
  facet normal -9.749279e-01 0.000000e+00 2.225209e-01
    outer loop
      vertex   5.342694e+01 5.500000e+00 -3.386777e+01
      vertex   5.362500e+01 -1.500000e+00 -3.300000e+01
      vertex   5.362500e+01 5.500000e+00 -3.300000e+01
    endloop
  endfacet
  facet normal -9.749279e-01 -0.000000e+00 -2.225209e-01
    outer loop
      vertex   5.362500e+01 5.500000e+00 -3.300000e+01
      vertex   5.362500e+01 -1.500000e+00 -3.300000e+01
      vertex   5.342694e+01 -1.500000e+00 -3.213223e+01
    endloop
  endfacet
  facet normal -9.749279e-01 0.000000e+00 -2.225209e-01
    outer loop
      vertex   5.362500e+01 5.500000e+00 -3.300000e+01
      vertex   5.342694e+01 -1.500000e+00 -3.213223e+01
      vertex   5.342694e+01 5.500000e+00 -3.213223e+01
    endloop
  endfacet
  facet normal -7.818315e-01 -0.000000e+00 -6.234898e-01
    outer loop
      vertex   5.342694e+01 5.500000e+00 -3.213223e+01
      vertex   5.342694e+01 -1.500000e+00 -3.213223e+01
      vertex   5.287198e+01 -1.500000e+00 -3.143634e+01
    endloop
  endfacet
  facet normal -7.818315e-01 0.000000e+00 -6.234898e-01
    outer loop
      vertex   5.342694e+01 5.500000e+00 -3.213223e+01
      vertex   5.287198e+01 -1.500000e+00 -3.143634e+01
      vertex   5.287198e+01 5.500000e+00 -3.143634e+01
    endloop
  endfacet
  facet normal -4.338837e-01 -0.000000e+00 -9.009689e-01
    outer loop
      vertex   5.287198e+01 5.500000e+00 -3.143634e+01
      vertex   5.287198e+01 -1.500000e+00 -3.143634e+01
      vertex   5.207004e+01 -1.500000e+00 -3.105014e+01
    endloop
  endfacet
  facet normal -4.338837e-01 0.000000e+00 -9.009689e-01
    outer loop
      vertex   5.287198e+01 5.500000e+00 -3.143634e+01
      vertex   5.207004e+01 -1.500000e+00 -3.105014e+01
      vertex   5.207004e+01 5.500000e+00 -3.105014e+01
    endloop
  endfacet
  facet normal 0.000000e+00 -0.000000e+00 -1.000000e+00
    outer loop
      vertex   5.207004e+01 5.500000e+00 -3.105014e+01
      vertex   5.207004e+01 -1.500000e+00 -3.105014e+01
      vertex   5.117996e+01 -1.500000e+00 -3.105014e+01
    endloop
  endfacet
  facet normal -0.000000e+00 0.000000e+00 -1.000000e+00
    outer loop
      vertex   5.207004e+01 5.500000e+00 -3.105014e+01
      vertex   5.117996e+01 -1.500000e+00 -3.105014e+01
      vertex   5.117996e+01 5.500000e+00 -3.105014e+01
    endloop
  endfacet
  facet normal 4.338837e-01 0.000000e+00 -9.009689e-01
    outer loop
      vertex   5.117996e+01 5.500000e+00 -3.105014e+01
      vertex   5.117996e+01 -1.500000e+00 -3.105014e+01
      vertex   5.037802e+01 -1.500000e+00 -3.143634e+01
    endloop
  endfacet
  facet normal 4.338837e-01 0.000000e+00 -9.009689e-01
    outer loop
      vertex   5.117996e+01 5.500000e+00 -3.105014e+01
      vertex   5.037802e+01 -1.500000e+00 -3.143634e+01
      vertex   5.037802e+01 5.500000e+00 -3.143634e+01
    endloop
  endfacet
  facet normal 7.818315e-01 0.000000e+00 -6.234898e-01
    outer loop
      vertex   5.037802e+01 5.500000e+00 -3.143634e+01
      vertex   5.037802e+01 -1.500000e+00 -3.143634e+01
      vertex   4.982306e+01 -1.500000e+00 -3.213223e+01
    endloop
  endfacet
  facet normal -9.749279e-01 -6.922650e-16 2.225209e-01
    outer loop
      vertex   -1.682306e+01 -5.000000e-01 9.132233e+00
      vertex   -1.662500e+01 -5.500000e+00 1.000000e+01
      vertex   -1.662500e+01 -5.000000e-01 1.000000e+01
    endloop
  endfacet
  facet normal -9.749279e-01 -6.927279e-16 -2.225209e-01
    outer loop
      vertex   -1.662500e+01 -5.000000e-01 1.000000e+01
      vertex   -1.662500e+01 -5.500000e+00 1.000000e+01
      vertex   -1.682306e+01 -5.500000e+00 1.086777e+01
    endloop
  endfacet
  facet normal -9.749279e-01 0.000000e+00 -2.225209e-01
    outer loop
      vertex   -1.662500e+01 -5.000000e-01 1.000000e+01
      vertex   -1.682306e+01 -5.500000e+00 1.086777e+01
      vertex   -1.682306e+01 -5.000000e-01 1.086777e+01
    endloop
  endfacet
  facet normal -7.818315e-01 -0.000000e+00 -6.234898e-01
    outer loop
      vertex   -1.682306e+01 -5.000000e-01 1.086777e+01
      vertex   -1.682306e+01 -5.500000e+00 1.086777e+01
      vertex   -1.737802e+01 -5.500000e+00 1.156366e+01
    endloop
  endfacet
  facet normal -7.818315e-01 0.000000e+00 -6.234898e-01
    outer loop
      vertex   -1.682306e+01 -5.000000e-01 1.086777e+01
      vertex   -1.737802e+01 -5.500000e+00 1.156366e+01
      vertex   -1.737802e+01 -5.000000e-01 1.156366e+01
    endloop
  endfacet
  facet normal -4.338837e-01 -0.000000e+00 -9.009689e-01
    outer loop
      vertex   -1.737802e+01 -5.000000e-01 1.156366e+01
      vertex   -1.737802e+01 -5.500000e+00 1.156366e+01
      vertex   -1.817996e+01 -5.500000e+00 1.194986e+01
    endloop
  endfacet
  facet normal -4.338837e-01 0.000000e+00 -9.009689e-01
    outer loop
      vertex   -1.737802e+01 -5.000000e-01 1.156366e+01
      vertex   -1.817996e+01 -5.500000e+00 1.194986e+01
      vertex   -1.817996e+01 -5.000000e-01 1.194986e+01
    endloop
  endfacet
  facet normal 0.000000e+00 -0.000000e+00 -1.000000e+00
    outer loop
      vertex   -1.817996e+01 -5.000000e-01 1.194986e+01
      vertex   -1.817996e+01 -5.500000e+00 1.194986e+01
      vertex   -1.907004e+01 -5.500000e+00 1.194986e+01
    endloop
  endfacet
  facet normal -0.000000e+00 0.000000e+00 -1.000000e+00
    outer loop
      vertex   -1.817996e+01 -5.000000e-01 1.194986e+01
      vertex   -1.907004e+01 -5.500000e+00 1.194986e+01
      vertex   -1.907004e+01 -5.000000e-01 1.194986e+01
    endloop
  endfacet
  facet normal 4.338837e-01 0.000000e+00 -9.009689e-01
    outer loop
      vertex   -1.907004e+01 -5.000000e-01 1.194986e+01
      vertex   -1.907004e+01 -5.500000e+00 1.194986e+01
      vertex   -1.987198e+01 -5.500000e+00 1.156366e+01
    endloop
  endfacet
  facet normal 4.338837e-01 0.000000e+00 -9.009689e-01
    outer loop
      vertex   -1.907004e+01 -5.000000e-01 1.194986e+01
      vertex   -1.987198e+01 -5.500000e+00 1.156366e+01
      vertex   -1.987198e+01 -5.000000e-01 1.156366e+01
    endloop
  endfacet
  facet normal 7.818315e-01 0.000000e+00 -6.234898e-01
    outer loop
      vertex   -1.987198e+01 -5.000000e-01 1.156366e+01
      vertex   -1.987198e+01 -5.500000e+00 1.156366e+01
      vertex   -2.042694e+01 -5.500000e+00 1.086777e+01
    endloop
  endfacet
  facet normal 7.818315e-01 0.000000e+00 -6.234898e-01
    outer loop
      vertex   -1.987198e+01 -5.000000e-01 1.156366e+01
      vertex   -2.042694e+01 -5.500000e+00 1.086777e+01
      vertex   -2.042694e+01 -5.000000e-01 1.086777e+01
    endloop
  endfacet
  facet normal 9.749279e-01 0.000000e+00 -2.225209e-01
    outer loop
      vertex   -2.042694e+01 -5.000000e-01 1.086777e+01
      vertex   -2.042694e+01 -5.500000e+00 1.086777e+01
      vertex   -2.062500e+01 -5.000000e-01 1.000000e+01
    endloop
  endfacet
  facet normal 9.749279e-01 0.000000e+00 -2.225209e-01
    outer loop
      vertex   -2.062500e+01 -5.000000e-01 1.000000e+01
      vertex   -2.042694e+01 -5.500000e+00 1.086777e+01
      vertex   -2.062500e+01 -5.500000e+00 1.000000e+01
    endloop
  endfacet
  facet normal 9.749279e-01 0.000000e+00 2.225209e-01
    outer loop
      vertex   -2.062500e+01 -5.000000e-01 1.000000e+01
      vertex   -2.062500e+01 -5.500000e+00 1.000000e+01
      vertex   -2.042694e+01 -5.000000e-01 9.132233e+00
    endloop
  endfacet
  facet normal 9.749279e-01 0.000000e+00 2.225209e-01
    outer loop
      vertex   -2.042694e+01 -5.000000e-01 9.132233e+00
      vertex   -2.062500e+01 -5.500000e+00 1.000000e+01
      vertex   -2.042694e+01 -5.500000e+00 9.132233e+00
    endloop
  endfacet
  facet normal 7.818315e-01 0.000000e+00 6.234898e-01
    outer loop
      vertex   -2.042694e+01 -5.000000e-01 9.132233e+00
      vertex   -2.042694e+01 -5.500000e+00 9.132233e+00
      vertex   -1.987198e+01 -5.500000e+00 8.436337e+00
    endloop
  endfacet
  facet normal -9.749279e-01 0.000000e+00 2.225209e-01
    outer loop
      vertex   -1.662500e+01 -5.500000e+00 1.000000e+01
      vertex   -1.682306e+01 -5.000000e-01 9.132233e+00
      vertex   -1.682306e+01 -5.500000e+00 9.132233e+00
    endloop
  endfacet
  facet normal -7.818315e-01 0.000000e+00 6.234898e-01
    outer loop
      vertex   -1.682306e+01 -5.500000e+00 9.132233e+00
      vertex   -1.682306e+01 -5.000000e-01 9.132233e+00
      vertex   -1.737802e+01 -5.000000e-01 8.436337e+00
    endloop
  endfacet
  facet normal -7.818315e-01 0.000000e+00 6.234898e-01
    outer loop
      vertex   -1.682306e+01 -5.500000e+00 9.132233e+00
      vertex   -1.737802e+01 -5.000000e-01 8.436337e+00
      vertex   -1.737802e+01 -5.500000e+00 8.436337e+00
    endloop
  endfacet
  facet normal -4.338837e-01 0.000000e+00 9.009689e-01
    outer loop
      vertex   -1.737802e+01 -5.500000e+00 8.436337e+00
      vertex   -1.737802e+01 -5.000000e-01 8.436337e+00
      vertex   -1.817996e+01 -5.000000e-01 8.050144e+00
    endloop
  endfacet
  facet normal -4.338837e-01 -3.118311e-16 9.009689e-01
    outer loop
      vertex   -1.737802e+01 -5.500000e+00 8.436337e+00
      vertex   -1.817996e+01 -5.000000e-01 8.050144e+00
      vertex   -1.817996e+01 -5.500000e+00 8.050144e+00
    endloop
  endfacet
  facet normal 0.000000e+00 0.000000e+00 1.000000e+00
    outer loop
      vertex   -1.817996e+01 -5.500000e+00 8.050144e+00
      vertex   -1.817996e+01 -5.000000e-01 8.050144e+00
      vertex   -1.907004e+01 -5.000000e-01 8.050144e+00
    endloop
  endfacet
  facet normal 0.000000e+00 0.000000e+00 1.000000e+00
    outer loop
      vertex   -1.817996e+01 -5.500000e+00 8.050144e+00
      vertex   -1.907004e+01 -5.000000e-01 8.050144e+00
      vertex   -1.907004e+01 -5.500000e+00 8.050144e+00
    endloop
  endfacet
  facet normal 4.338837e-01 3.082929e-16 9.009689e-01
    outer loop
      vertex   -1.907004e+01 -5.500000e+00 8.050144e+00
      vertex   -1.907004e+01 -5.000000e-01 8.050144e+00
      vertex   -1.987198e+01 -5.000000e-01 8.436337e+00
    endloop
  endfacet
  facet normal 4.338837e-01 0.000000e+00 9.009689e-01
    outer loop
      vertex   -1.907004e+01 -5.500000e+00 8.050144e+00
      vertex   -1.987198e+01 -5.000000e-01 8.436337e+00
      vertex   -1.987198e+01 -5.500000e+00 8.436337e+00
    endloop
  endfacet
  facet normal 7.818315e-01 -0.000000e+00 6.234898e-01
    outer loop
      vertex   -1.987198e+01 -5.500000e+00 8.436337e+00
      vertex   -1.987198e+01 -5.000000e-01 8.436337e+00
      vertex   -2.042694e+01 -5.000000e-01 9.132233e+00
    endloop
  endfacet
  facet normal -9.749279e-01 -3.492508e-16 2.225209e-01
    outer loop
      vertex   1.292694e+01 -5.000000e-01 9.132233e+00
      vertex   1.312500e+01 -5.500000e+00 1.000000e+01
      vertex   1.312500e+01 -5.000000e-01 1.000000e+01
    endloop
  endfacet
  facet normal -9.749279e-01 -3.463640e-16 -2.225209e-01
    outer loop
      vertex   1.312500e+01 -5.000000e-01 1.000000e+01
      vertex   1.312500e+01 -5.500000e+00 1.000000e+01
      vertex   1.292694e+01 -5.500000e+00 1.086777e+01
    endloop
  endfacet
  facet normal -9.749279e-01 0.000000e+00 -2.225209e-01
    outer loop
      vertex   1.312500e+01 -5.000000e-01 1.000000e+01
      vertex   1.292694e+01 -5.500000e+00 1.086777e+01
      vertex   1.292694e+01 -5.000000e-01 1.086777e+01
    endloop
  endfacet
  facet normal -7.818315e-01 -0.000000e+00 -6.234898e-01
    outer loop
      vertex   1.292694e+01 -5.000000e-01 1.086777e+01
      vertex   1.292694e+01 -5.500000e+00 1.086777e+01
      vertex   1.237198e+01 -5.500000e+00 1.156366e+01
    endloop
  endfacet
  facet normal -7.818315e-01 0.000000e+00 -6.234898e-01
    outer loop
      vertex   1.292694e+01 -5.000000e-01 1.086777e+01
      vertex   1.237198e+01 -5.500000e+00 1.156366e+01
      vertex   1.237198e+01 -5.000000e-01 1.156366e+01
    endloop
  endfacet
  facet normal -4.338837e-01 -0.000000e+00 -9.009689e-01
    outer loop
      vertex   1.237198e+01 -5.000000e-01 1.156366e+01
      vertex   1.237198e+01 -5.500000e+00 1.156366e+01
      vertex   1.157004e+01 -5.500000e+00 1.194986e+01
    endloop
  endfacet
  facet normal -4.338837e-01 0.000000e+00 -9.009689e-01
    outer loop
      vertex   1.237198e+01 -5.000000e-01 1.156366e+01
      vertex   1.157004e+01 -5.500000e+00 1.194986e+01
      vertex   1.157004e+01 -5.000000e-01 1.194986e+01
    endloop
  endfacet
  facet normal 0.000000e+00 -0.000000e+00 -1.000000e+00
    outer loop
      vertex   1.157004e+01 -5.000000e-01 1.194986e+01
      vertex   1.157004e+01 -5.500000e+00 1.194986e+01
      vertex   1.067996e+01 -5.500000e+00 1.194986e+01
    endloop
  endfacet
  facet normal -0.000000e+00 0.000000e+00 -1.000000e+00
    outer loop
      vertex   1.157004e+01 -5.000000e-01 1.194986e+01
      vertex   1.067996e+01 -5.500000e+00 1.194986e+01
      vertex   1.067996e+01 -5.000000e-01 1.194986e+01
    endloop
  endfacet
  facet normal 4.338837e-01 -1.541465e-16 -9.009689e-01
    outer loop
      vertex   1.067996e+01 -5.000000e-01 1.194986e+01
      vertex   1.067996e+01 -5.500000e+00 1.194986e+01
      vertex   9.878020e+00 -5.500000e+00 1.156366e+01
    endloop
  endfacet
  facet normal 4.338837e-01 0.000000e+00 -9.009689e-01
    outer loop
      vertex   1.067996e+01 -5.000000e-01 1.194986e+01
      vertex   9.878020e+00 -5.500000e+00 1.156366e+01
      vertex   9.878020e+00 -5.000000e-01 1.156366e+01
    endloop
  endfacet
  facet normal 7.818315e-01 0.000000e+00 -6.234898e-01
    outer loop
      vertex   9.878020e+00 -5.000000e-01 1.156366e+01
      vertex   9.878020e+00 -5.500000e+00 1.156366e+01
      vertex   9.323062e+00 -5.500000e+00 1.086777e+01
    endloop
  endfacet
  facet normal 7.818315e-01 0.000000e+00 -6.234898e-01
    outer loop
      vertex   9.878020e+00 -5.000000e-01 1.156366e+01
      vertex   9.323062e+00 -5.500000e+00 1.086777e+01
      vertex   9.323062e+00 -5.000000e-01 1.086777e+01
    endloop
  endfacet
  facet normal 9.749279e-01 0.000000e+00 -2.225209e-01
    outer loop
      vertex   9.323062e+00 -5.000000e-01 1.086777e+01
      vertex   9.323062e+00 -5.500000e+00 1.086777e+01
      vertex   9.125000e+00 -5.000000e-01 1.000000e+01
    endloop
  endfacet
  facet normal 9.749279e-01 0.000000e+00 -2.225209e-01
    outer loop
      vertex   9.125000e+00 -5.000000e-01 1.000000e+01
      vertex   9.323062e+00 -5.500000e+00 1.086777e+01
      vertex   9.125000e+00 -5.500000e+00 1.000000e+01
    endloop
  endfacet
  facet normal 9.749279e-01 0.000000e+00 2.225209e-01
    outer loop
      vertex   9.125000e+00 -5.000000e-01 1.000000e+01
      vertex   9.125000e+00 -5.500000e+00 1.000000e+01
      vertex   9.323062e+00 -5.000000e-01 9.132233e+00
    endloop
  endfacet
  facet normal 9.749279e-01 0.000000e+00 2.225209e-01
    outer loop
      vertex   9.323062e+00 -5.000000e-01 9.132233e+00
      vertex   9.125000e+00 -5.500000e+00 1.000000e+01
      vertex   9.323062e+00 -5.500000e+00 9.132233e+00
    endloop
  endfacet
  facet normal 7.818315e-01 0.000000e+00 6.234898e-01
    outer loop
      vertex   9.323062e+00 -5.000000e-01 9.132233e+00
      vertex   9.323062e+00 -5.500000e+00 9.132233e+00
      vertex   9.878020e+00 -5.500000e+00 8.436337e+00
    endloop
  endfacet
  facet normal -9.749279e-01 0.000000e+00 2.225209e-01
    outer loop
      vertex   1.312500e+01 -5.500000e+00 1.000000e+01
      vertex   1.292694e+01 -5.000000e-01 9.132233e+00
      vertex   1.292694e+01 -5.500000e+00 9.132233e+00
    endloop
  endfacet
  facet normal -7.818315e-01 0.000000e+00 6.234898e-01
    outer loop
      vertex   1.292694e+01 -5.500000e+00 9.132233e+00
      vertex   1.292694e+01 -5.000000e-01 9.132233e+00
      vertex   1.237198e+01 -5.000000e-01 8.436337e+00
    endloop
  endfacet
  facet normal -7.818315e-01 0.000000e+00 6.234898e-01
    outer loop
      vertex   1.292694e+01 -5.500000e+00 9.132233e+00
      vertex   1.237198e+01 -5.000000e-01 8.436337e+00
      vertex   1.237198e+01 -5.500000e+00 8.436337e+00
    endloop
  endfacet
  facet normal -4.338837e-01 0.000000e+00 9.009689e-01
    outer loop
      vertex   1.237198e+01 -5.500000e+00 8.436337e+00
      vertex   1.237198e+01 -5.000000e-01 8.436337e+00
      vertex   1.157004e+01 -5.000000e-01 8.050144e+00
    endloop
  endfacet
  facet normal -4.338837e-01 0.000000e+00 9.009689e-01
    outer loop
      vertex   1.237198e+01 -5.500000e+00 8.436337e+00
      vertex   1.157004e+01 -5.000000e-01 8.050144e+00
      vertex   1.157004e+01 -5.500000e+00 8.050144e+00
    endloop
  endfacet
  facet normal 0.000000e+00 -0.000000e+00 1.000000e+00
    outer loop
      vertex   1.157004e+01 -5.500000e+00 8.050144e+00
      vertex   1.157004e+01 -5.000000e-01 8.050144e+00
      vertex   1.067996e+01 -5.000000e-01 8.050144e+00
    endloop
  endfacet
  facet normal 0.000000e+00 0.000000e+00 1.000000e+00
    outer loop
      vertex   1.157004e+01 -5.500000e+00 8.050144e+00
      vertex   1.067996e+01 -5.000000e-01 8.050144e+00
      vertex   1.067996e+01 -5.500000e+00 8.050144e+00
    endloop
  endfacet
  facet normal 4.338837e-01 -0.000000e+00 9.009689e-01
    outer loop
      vertex   1.067996e+01 -5.500000e+00 8.050144e+00
      vertex   1.067996e+01 -5.000000e-01 8.050144e+00
      vertex   9.878020e+00 -5.000000e-01 8.436337e+00
    endloop
  endfacet
  facet normal 4.338837e-01 0.000000e+00 9.009689e-01
    outer loop
      vertex   1.067996e+01 -5.500000e+00 8.050144e+00
      vertex   9.878020e+00 -5.000000e-01 8.436337e+00
      vertex   9.878020e+00 -5.500000e+00 8.436337e+00
    endloop
  endfacet
  facet normal 7.818315e-01 -0.000000e+00 6.234898e-01
    outer loop
      vertex   9.878020e+00 -5.500000e+00 8.436337e+00
      vertex   9.878020e+00 -5.000000e-01 8.436337e+00
      vertex   9.323062e+00 -5.000000e-01 9.132233e+00
    endloop
  endfacet
  facet normal -9.749279e-01 0.000000e+00 2.225209e-01
    outer loop
      vertex   4.267694e+01 -5.000000e-01 9.132233e+00
      vertex   4.287500e+01 -5.500000e+00 1.000000e+01
      vertex   4.287500e+01 -5.000000e-01 1.000000e+01
    endloop
  endfacet
  facet normal -9.749279e-01 -0.000000e+00 -2.225209e-01
    outer loop
      vertex   4.287500e+01 -5.000000e-01 1.000000e+01
      vertex   4.287500e+01 -5.500000e+00 1.000000e+01
      vertex   4.267694e+01 -5.500000e+00 1.086777e+01
    endloop
  endfacet
  facet normal -9.749279e-01 0.000000e+00 -2.225209e-01
    outer loop
      vertex   4.287500e+01 -5.000000e-01 1.000000e+01
      vertex   4.267694e+01 -5.500000e+00 1.086777e+01
      vertex   4.267694e+01 -5.000000e-01 1.086777e+01
    endloop
  endfacet
  facet normal -7.818315e-01 -0.000000e+00 -6.234898e-01
    outer loop
      vertex   4.267694e+01 -5.000000e-01 1.086777e+01
      vertex   4.267694e+01 -5.500000e+00 1.086777e+01
      vertex   4.212198e+01 -5.500000e+00 1.156366e+01
    endloop
  endfacet
  facet normal -7.818315e-01 0.000000e+00 -6.234898e-01
    outer loop
      vertex   4.267694e+01 -5.000000e-01 1.086777e+01
      vertex   4.212198e+01 -5.500000e+00 1.156366e+01
      vertex   4.212198e+01 -5.000000e-01 1.156366e+01
    endloop
  endfacet
  facet normal -4.338837e-01 -0.000000e+00 -9.009689e-01
    outer loop
      vertex   4.212198e+01 -5.000000e-01 1.156366e+01
      vertex   4.212198e+01 -5.500000e+00 1.156366e+01
      vertex   4.132004e+01 -5.500000e+00 1.194986e+01
    endloop
  endfacet
  facet normal -4.338837e-01 0.000000e+00 -9.009689e-01
    outer loop
      vertex   4.212198e+01 -5.000000e-01 1.156366e+01
      vertex   4.132004e+01 -5.500000e+00 1.194986e+01
      vertex   4.132004e+01 -5.000000e-01 1.194986e+01
    endloop
  endfacet
  facet normal 0.000000e+00 -0.000000e+00 -1.000000e+00
    outer loop
      vertex   4.132004e+01 -5.000000e-01 1.194986e+01
      vertex   4.132004e+01 -5.500000e+00 1.194986e+01
      vertex   4.042996e+01 -5.500000e+00 1.194986e+01
    endloop
  endfacet
  facet normal -0.000000e+00 0.000000e+00 -1.000000e+00
    outer loop
      vertex   4.132004e+01 -5.000000e-01 1.194986e+01
      vertex   4.042996e+01 -5.500000e+00 1.194986e+01
      vertex   4.042996e+01 -5.000000e-01 1.194986e+01
    endloop
  endfacet
  facet normal 4.338837e-01 0.000000e+00 -9.009689e-01
    outer loop
      vertex   4.042996e+01 -5.000000e-01 1.194986e+01
      vertex   4.042996e+01 -5.500000e+00 1.194986e+01
      vertex   3.962802e+01 -5.500000e+00 1.156366e+01
    endloop
  endfacet
  facet normal 4.338837e-01 0.000000e+00 -9.009689e-01
    outer loop
      vertex   4.042996e+01 -5.000000e-01 1.194986e+01
      vertex   3.962802e+01 -5.500000e+00 1.156366e+01
      vertex   3.962802e+01 -5.000000e-01 1.156366e+01
    endloop
  endfacet
  facet normal 7.818315e-01 0.000000e+00 -6.234898e-01
    outer loop
      vertex   3.962802e+01 -5.000000e-01 1.156366e+01
      vertex   3.962802e+01 -5.500000e+00 1.156366e+01
      vertex   3.907306e+01 -5.500000e+00 1.086777e+01
    endloop
  endfacet
  facet normal 7.818315e-01 0.000000e+00 -6.234898e-01
    outer loop
      vertex   3.962802e+01 -5.000000e-01 1.156366e+01
      vertex   3.907306e+01 -5.500000e+00 1.086777e+01
      vertex   3.907306e+01 -5.000000e-01 1.086777e+01
    endloop
  endfacet
  facet normal 9.749279e-01 0.000000e+00 -2.225209e-01
    outer loop
      vertex   3.907306e+01 -5.000000e-01 1.086777e+01
      vertex   3.907306e+01 -5.500000e+00 1.086777e+01
      vertex   3.887500e+01 -5.000000e-01 1.000000e+01
    endloop
  endfacet
  facet normal 9.749279e-01 0.000000e+00 -2.225209e-01
    outer loop
      vertex   3.887500e+01 -5.000000e-01 1.000000e+01
      vertex   3.907306e+01 -5.500000e+00 1.086777e+01
      vertex   3.887500e+01 -5.500000e+00 1.000000e+01
    endloop
  endfacet
  facet normal 9.749279e-01 0.000000e+00 2.225209e-01
    outer loop
      vertex   3.887500e+01 -5.000000e-01 1.000000e+01
      vertex   3.887500e+01 -5.500000e+00 1.000000e+01
      vertex   3.907306e+01 -5.000000e-01 9.132233e+00
    endloop
  endfacet
  facet normal 9.749279e-01 0.000000e+00 2.225209e-01
    outer loop
      vertex   3.907306e+01 -5.000000e-01 9.132233e+00
      vertex   3.887500e+01 -5.500000e+00 1.000000e+01
      vertex   3.907306e+01 -5.500000e+00 9.132233e+00
    endloop
  endfacet
  facet normal 7.818315e-01 0.000000e+00 6.234898e-01
    outer loop
      vertex   3.907306e+01 -5.000000e-01 9.132233e+00
      vertex   3.907306e+01 -5.500000e+00 9.132233e+00
      vertex   3.962802e+01 -5.500000e+00 8.436337e+00
    endloop
  endfacet
  facet normal -9.749279e-01 0.000000e+00 2.225209e-01
    outer loop
      vertex   4.287500e+01 -5.500000e+00 1.000000e+01
      vertex   4.267694e+01 -5.000000e-01 9.132233e+00
      vertex   4.267694e+01 -5.500000e+00 9.132233e+00
    endloop
  endfacet
  facet normal -7.818315e-01 0.000000e+00 6.234898e-01
    outer loop
      vertex   4.267694e+01 -5.500000e+00 9.132233e+00
      vertex   4.267694e+01 -5.000000e-01 9.132233e+00
      vertex   4.212198e+01 -5.000000e-01 8.436337e+00
    endloop
  endfacet
  facet normal -7.818315e-01 0.000000e+00 6.234898e-01
    outer loop
      vertex   4.267694e+01 -5.500000e+00 9.132233e+00
      vertex   4.212198e+01 -5.000000e-01 8.436337e+00
      vertex   4.212198e+01 -5.500000e+00 8.436337e+00
    endloop
  endfacet
  facet normal -4.338837e-01 0.000000e+00 9.009689e-01
    outer loop
      vertex   4.212198e+01 -5.500000e+00 8.436337e+00
      vertex   4.212198e+01 -5.000000e-01 8.436337e+00
      vertex   4.132004e+01 -5.000000e-01 8.050144e+00
    endloop
  endfacet
  facet normal -4.338837e-01 0.000000e+00 9.009689e-01
    outer loop
      vertex   4.212198e+01 -5.500000e+00 8.436337e+00
      vertex   4.132004e+01 -5.000000e-01 8.050144e+00
      vertex   4.132004e+01 -5.500000e+00 8.050144e+00
    endloop
  endfacet
  facet normal 0.000000e+00 -0.000000e+00 1.000000e+00
    outer loop
      vertex   4.132004e+01 -5.500000e+00 8.050144e+00
      vertex   4.132004e+01 -5.000000e-01 8.050144e+00
      vertex   4.042996e+01 -5.000000e-01 8.050144e+00
    endloop
  endfacet
  facet normal 0.000000e+00 0.000000e+00 1.000000e+00
    outer loop
      vertex   4.132004e+01 -5.500000e+00 8.050144e+00
      vertex   4.042996e+01 -5.000000e-01 8.050144e+00
      vertex   4.042996e+01 -5.500000e+00 8.050144e+00
    endloop
  endfacet
  facet normal 4.338837e-01 -0.000000e+00 9.009689e-01
    outer loop
      vertex   4.042996e+01 -5.500000e+00 8.050144e+00
      vertex   4.042996e+01 -5.000000e-01 8.050144e+00
      vertex   3.962802e+01 -5.000000e-01 8.436337e+00
    endloop
  endfacet
  facet normal 4.338837e-01 0.000000e+00 9.009689e-01
    outer loop
      vertex   4.042996e+01 -5.500000e+00 8.050144e+00
      vertex   3.962802e+01 -5.000000e-01 8.436337e+00
      vertex   3.962802e+01 -5.500000e+00 8.436337e+00
    endloop
  endfacet
  facet normal 7.818315e-01 -0.000000e+00 6.234898e-01
    outer loop
      vertex   3.962802e+01 -5.500000e+00 8.436337e+00
      vertex   3.962802e+01 -5.000000e-01 8.436337e+00
      vertex   3.907306e+01 -5.000000e-01 9.132233e+00
    endloop
  endfacet
  facet normal 1.000000e+00 -0.000000e+00 0.000000e+00
    outer loop
      vertex   4.750000e+01 -5.500000e+00 1.000000e+01
      vertex   4.750000e+01 -5.500000e+00 0.000000e+00
      vertex   4.750000e+01 -5.000000e-01 1.000000e+01
    endloop
  endfacet
  facet normal 1.000000e+00 0.000000e+00 0.000000e+00
    outer loop
      vertex   4.750000e+01 -5.000000e-01 1.000000e+01
      vertex   4.750000e+01 -5.500000e+00 0.000000e+00
      vertex   4.750000e+01 -5.000000e-01 0.000000e+00
    endloop
  endfacet
  facet normal 7.071068e-01 -0.000000e+00 7.071068e-01
    outer loop
      vertex   3.750000e+01 -5.500000e+00 2.000000e+01
      vertex   4.750000e+01 -5.500000e+00 1.000000e+01
      vertex   3.750000e+01 -5.000000e-01 2.000000e+01
    endloop
  endfacet
  facet normal 7.071068e-01 0.000000e+00 7.071068e-01
    outer loop
      vertex   3.750000e+01 -5.000000e-01 2.000000e+01
      vertex   4.750000e+01 -5.500000e+00 1.000000e+01
      vertex   4.750000e+01 -5.000000e-01 1.000000e+01
    endloop
  endfacet
  facet normal 0.000000e+00 0.000000e+00 1.000000e+00
    outer loop
      vertex   4.750000e+01 -5.500000e+00 0.000000e+00
      vertex   5.575000e+01 -5.500000e+00 0.000000e+00
      vertex   4.750000e+01 -5.000000e-01 0.000000e+00
    endloop
  endfacet
  facet normal -0.000000e+00 0.000000e+00 1.000000e+00
    outer loop
      vertex   4.750000e+01 -5.000000e-01 0.000000e+00
      vertex   5.575000e+01 -5.500000e+00 0.000000e+00
      vertex   5.575000e+01 5.500000e+00 0.000000e+00
    endloop
  endfacet
  facet normal 0.000000e+00 -0.000000e+00 1.000000e+00
    outer loop
      vertex   4.750000e+01 -5.000000e-01 0.000000e+00
      vertex   5.575000e+01 5.500000e+00 0.000000e+00
      vertex   -3.350000e+01 1.000000e+00 0.000000e+00
    endloop
  endfacet
  facet normal 0.000000e+00 -0.000000e+00 1.000000e+00
    outer loop
      vertex   -3.350000e+01 1.000000e+00 0.000000e+00
      vertex   5.575000e+01 5.500000e+00 0.000000e+00
      vertex   -3.975000e+01 2.500000e+00 0.000000e+00
    endloop
  endfacet
  facet normal 0.000000e+00 0.000000e+00 1.000000e+00
    outer loop
      vertex   -3.350000e+01 1.000000e+00 0.000000e+00
      vertex   -3.975000e+01 2.500000e+00 0.000000e+00
      vertex   -3.975000e+01 1.000000e+00 0.000000e+00
    endloop
  endfacet
  facet normal 0.000000e+00 0.000000e+00 1.000000e+00
    outer loop
      vertex   5.575000e+01 5.500000e+00 0.000000e+00
      vertex   -4.875000e+01 5.500000e+00 0.000000e+00
      vertex   -3.975000e+01 2.500000e+00 0.000000e+00
    endloop
  endfacet
  facet normal 0.000000e+00 0.000000e+00 1.000000e+00
    outer loop
      vertex   -3.975000e+01 2.500000e+00 0.000000e+00
      vertex   -4.875000e+01 5.500000e+00 0.000000e+00
      vertex   -4.875000e+01 2.500000e+00 0.000000e+00
    endloop
  endfacet
  facet normal 0.000000e+00 0.000000e+00 1.000000e+00
    outer loop
      vertex   -3.350000e+01 1.000000e+00 0.000000e+00
      vertex   -3.350000e+01 -5.000000e-01 0.000000e+00
      vertex   4.750000e+01 -5.000000e-01 0.000000e+00
    endloop
  endfacet
  facet normal 0.000000e+00 0.000000e+00 -1.000000e+00
    outer loop
      vertex   -4.875000e+01 2.500000e+00 -7.500000e+01
      vertex   -4.875000e+01 5.500000e+00 -7.500000e+01
      vertex   -3.975000e+01 2.500000e+00 -7.500000e+01
    endloop
  endfacet
  facet normal 0.000000e+00 0.000000e+00 -1.000000e+00
    outer loop
      vertex   -3.975000e+01 2.500000e+00 -7.500000e+01
      vertex   -4.875000e+01 5.500000e+00 -7.500000e+01
      vertex   4.750000e+01 5.500000e+00 -7.500000e+01
    endloop
  endfacet
  facet normal 0.000000e+00 0.000000e+00 -1.000000e+00
    outer loop
      vertex   -3.975000e+01 2.500000e+00 -7.500000e+01
      vertex   4.750000e+01 5.500000e+00 -7.500000e+01
      vertex   -3.350000e+01 1.000000e+00 -7.500000e+01
    endloop
  endfacet
  facet normal 0.000000e+00 0.000000e+00 -1.000000e+00
    outer loop
      vertex   -3.350000e+01 1.000000e+00 -7.500000e+01
      vertex   4.750000e+01 5.500000e+00 -7.500000e+01
      vertex   1.283122e+00 -5.500000e+00 -7.500000e+01
    endloop
  endfacet
  facet normal 0.000000e+00 0.000000e+00 -1.000000e+00
    outer loop
      vertex   -3.350000e+01 1.000000e+00 -7.500000e+01
      vertex   1.283122e+00 -5.500000e+00 -7.500000e+01
      vertex   -3.350000e+01 -5.500000e+00 -7.500000e+01
    endloop
  endfacet
  facet normal 0.000000e+00 0.000000e+00 -1.000000e+00
    outer loop
      vertex   4.750000e+01 -1.800000e+01 -7.500000e+01
      vertex   4.229904e+01 -1.025000e+01 -7.500000e+01
      vertex   4.750000e+01 5.500000e+00 -7.500000e+01
    endloop
  endfacet
  facet normal 0.000000e+00 0.000000e+00 -1.000000e+00
    outer loop
      vertex   4.750000e+01 5.500000e+00 -7.500000e+01
      vertex   4.229904e+01 -1.025000e+01 -7.500000e+01
      vertex   4.175000e+01 -9.700962e+00 -7.500000e+01
    endloop
  endfacet
  facet normal 0.000000e+00 0.000000e+00 -1.000000e+00
    outer loop
      vertex   4.750000e+01 5.500000e+00 -7.500000e+01
      vertex   4.175000e+01 -9.700962e+00 -7.500000e+01
      vertex   4.100000e+01 -9.500000e+00 -7.500000e+01
    endloop
  endfacet
  facet normal 0.000000e+00 0.000000e+00 -1.000000e+00
    outer loop
      vertex   1.427350e+01 -1.800000e+01 -7.500000e+01
      vertex   4.100000e+01 -1.250000e+01 -7.500000e+01
      vertex   4.750000e+01 -1.800000e+01 -7.500000e+01
    endloop
  endfacet
  facet normal 0.000000e+00 0.000000e+00 -1.000000e+00
    outer loop
      vertex   4.750000e+01 -1.800000e+01 -7.500000e+01
      vertex   4.100000e+01 -1.250000e+01 -7.500000e+01
      vertex   4.175000e+01 -1.229904e+01 -7.500000e+01
    endloop
  endfacet
  facet normal 0.000000e+00 0.000000e+00 -1.000000e+00
    outer loop
      vertex   4.750000e+01 -1.800000e+01 -7.500000e+01
      vertex   4.175000e+01 -1.229904e+01 -7.500000e+01
      vertex   4.229904e+01 -1.175000e+01 -7.500000e+01
    endloop
  endfacet
  facet normal 0.000000e+00 0.000000e+00 -1.000000e+00
    outer loop
      vertex   1.219439e+01 -1.778148e+01 -7.500000e+01
      vertex   1.020614e+01 -1.713545e+01 -7.500000e+01
      vertex   1.427350e+01 -1.800000e+01 -7.500000e+01
    endloop
  endfacet
  facet normal 0.000000e+00 0.000000e+00 -1.000000e+00
    outer loop
      vertex   1.427350e+01 -1.800000e+01 -7.500000e+01
      vertex   1.020614e+01 -1.713545e+01 -7.500000e+01
      vertex   8.395650e+00 -1.609017e+01 -7.500000e+01
    endloop
  endfacet
  facet normal 0.000000e+00 0.000000e+00 -1.000000e+00
    outer loop
      vertex   1.427350e+01 -1.800000e+01 -7.500000e+01
      vertex   8.395650e+00 -1.609017e+01 -7.500000e+01
      vertex   4.025000e+01 -1.229904e+01 -7.500000e+01
    endloop
  endfacet
  facet normal -0.000000e+00 0.000000e+00 -1.000000e+00
    outer loop
      vertex   4.025000e+01 -1.229904e+01 -7.500000e+01
      vertex   8.395650e+00 -1.609017e+01 -7.500000e+01
      vertex   1.175000e+01 -1.229904e+01 -7.500000e+01
    endloop
  endfacet
  facet normal 0.000000e+00 0.000000e+00 -1.000000e+00
    outer loop
      vertex   4.025000e+01 -1.229904e+01 -7.500000e+01
      vertex   1.175000e+01 -1.229904e+01 -7.500000e+01
      vertex   3.970096e+01 -1.175000e+01 -7.500000e+01
    endloop
  endfacet
  facet normal -0.000000e+00 0.000000e+00 -1.000000e+00
    outer loop
      vertex   3.970096e+01 -1.175000e+01 -7.500000e+01
      vertex   1.175000e+01 -1.229904e+01 -7.500000e+01
      vertex   1.229904e+01 -1.175000e+01 -7.500000e+01
    endloop
  endfacet
  facet normal 0.000000e+00 0.000000e+00 -1.000000e+00
    outer loop
      vertex   3.970096e+01 -1.175000e+01 -7.500000e+01
      vertex   1.229904e+01 -1.175000e+01 -7.500000e+01
      vertex   3.950000e+01 -1.100000e+01 -7.500000e+01
    endloop
  endfacet
  facet normal -0.000000e+00 0.000000e+00 -1.000000e+00
    outer loop
      vertex   3.950000e+01 -1.100000e+01 -7.500000e+01
      vertex   1.229904e+01 -1.175000e+01 -7.500000e+01
      vertex   1.250000e+01 -1.100000e+01 -7.500000e+01
    endloop
  endfacet
  facet normal 0.000000e+00 0.000000e+00 -1.000000e+00
    outer loop
      vertex   3.950000e+01 -1.100000e+01 -7.500000e+01
      vertex   1.250000e+01 -1.100000e+01 -7.500000e+01
      vertex   3.970096e+01 -1.025000e+01 -7.500000e+01
    endloop
  endfacet
  facet normal -0.000000e+00 0.000000e+00 -1.000000e+00
    outer loop
      vertex   3.970096e+01 -1.025000e+01 -7.500000e+01
      vertex   1.250000e+01 -1.100000e+01 -7.500000e+01
      vertex   1.229904e+01 -1.025000e+01 -7.500000e+01
    endloop
  endfacet
  facet normal 0.000000e+00 0.000000e+00 -1.000000e+00
    outer loop
      vertex   3.970096e+01 -1.025000e+01 -7.500000e+01
      vertex   1.229904e+01 -1.025000e+01 -7.500000e+01
      vertex   4.025000e+01 -9.700962e+00 -7.500000e+01
    endloop
  endfacet
  facet normal -0.000000e+00 0.000000e+00 -1.000000e+00
    outer loop
      vertex   4.025000e+01 -9.700962e+00 -7.500000e+01
      vertex   1.229904e+01 -1.025000e+01 -7.500000e+01
      vertex   1.175000e+01 -9.700962e+00 -7.500000e+01
    endloop
  endfacet
  facet normal 0.000000e+00 0.000000e+00 -1.000000e+00
    outer loop
      vertex   4.025000e+01 -9.700962e+00 -7.500000e+01
      vertex   1.175000e+01 -9.700962e+00 -7.500000e+01
      vertex   4.100000e+01 -9.500000e+00 -7.500000e+01
    endloop
  endfacet
  facet normal -0.000000e+00 0.000000e+00 -1.000000e+00
    outer loop
      vertex   4.100000e+01 -9.500000e+00 -7.500000e+01
      vertex   1.175000e+01 -9.700962e+00 -7.500000e+01
      vertex   1.100000e+01 -9.500000e+00 -7.500000e+01
    endloop
  endfacet
  facet normal 0.000000e+00 0.000000e+00 -1.000000e+00
    outer loop
      vertex   4.100000e+01 -9.500000e+00 -7.500000e+01
      vertex   1.100000e+01 -9.500000e+00 -7.500000e+01
      vertex   1.283122e+00 -5.500000e+00 -7.500000e+01
    endloop
  endfacet
  facet normal 0.000000e+00 0.000000e+00 -1.000000e+00
    outer loop
      vertex   1.283122e+00 -5.500000e+00 -7.500000e+01
      vertex   1.100000e+01 -9.500000e+00 -7.500000e+01
      vertex   1.025000e+01 -9.700962e+00 -7.500000e+01
    endloop
  endfacet
  facet normal 0.000000e+00 0.000000e+00 -1.000000e+00
    outer loop
      vertex   1.283122e+00 -5.500000e+00 -7.500000e+01
      vertex   1.025000e+01 -9.700962e+00 -7.500000e+01
      vertex   9.700962e+00 -1.025000e+01 -7.500000e+01
    endloop
  endfacet
  facet normal 0.000000e+00 0.000000e+00 -1.000000e+00
    outer loop
      vertex   1.175000e+01 -1.229904e+01 -7.500000e+01
      vertex   8.395650e+00 -1.609017e+01 -7.500000e+01
      vertex   1.100000e+01 -1.250000e+01 -7.500000e+01
    endloop
  endfacet
  facet normal 0.000000e+00 0.000000e+00 -1.000000e+00
    outer loop
      vertex   1.100000e+01 -1.250000e+01 -7.500000e+01
      vertex   8.395650e+00 -1.609017e+01 -7.500000e+01
      vertex   6.842054e+00 -1.469131e+01 -7.500000e+01
    endloop
  endfacet
  facet normal 0.000000e+00 0.000000e+00 -1.000000e+00
    outer loop
      vertex   1.100000e+01 -1.250000e+01 -7.500000e+01
      vertex   6.842054e+00 -1.469131e+01 -7.500000e+01
      vertex   5.613249e+00 -1.300000e+01 -7.500000e+01
    endloop
  endfacet
  facet normal 0.000000e+00 0.000000e+00 -1.000000e+00
    outer loop
      vertex   1.283122e+00 -5.500000e+00 -7.500000e+01
      vertex   9.700962e+00 -1.025000e+01 -7.500000e+01
      vertex   5.613249e+00 -1.300000e+01 -7.500000e+01
    endloop
  endfacet
  facet normal 0.000000e+00 0.000000e+00 -1.000000e+00
    outer loop
      vertex   5.613249e+00 -1.300000e+01 -7.500000e+01
      vertex   9.700962e+00 -1.025000e+01 -7.500000e+01
      vertex   9.500000e+00 -1.100000e+01 -7.500000e+01
    endloop
  endfacet
  facet normal 0.000000e+00 0.000000e+00 -1.000000e+00
    outer loop
      vertex   5.613249e+00 -1.300000e+01 -7.500000e+01
      vertex   9.500000e+00 -1.100000e+01 -7.500000e+01
      vertex   9.700962e+00 -1.175000e+01 -7.500000e+01
    endloop
  endfacet
  facet normal -0.000000e+00 0.000000e+00 -1.000000e+00
    outer loop
      vertex   -3.350000e+01 1.000000e+00 -7.500000e+01
      vertex   -3.975000e+01 1.000000e+00 -7.500000e+01
      vertex   -3.975000e+01 2.500000e+00 -7.500000e+01
    endloop
  endfacet
  facet normal 0.000000e+00 0.000000e+00 -1.000000e+00
    outer loop
      vertex   4.229904e+01 -1.175000e+01 -7.500000e+01
      vertex   4.250000e+01 -1.100000e+01 -7.500000e+01
      vertex   4.750000e+01 -1.800000e+01 -7.500000e+01
    endloop
  endfacet
  facet normal 0.000000e+00 0.000000e+00 -1.000000e+00
    outer loop
      vertex   4.750000e+01 -1.800000e+01 -7.500000e+01
      vertex   4.250000e+01 -1.100000e+01 -7.500000e+01
      vertex   4.229904e+01 -1.025000e+01 -7.500000e+01
    endloop
  endfacet
  facet normal 0.000000e+00 -0.000000e+00 -1.000000e+00
    outer loop
      vertex   4.025000e+01 -1.229904e+01 -7.500000e+01
      vertex   4.100000e+01 -1.250000e+01 -7.500000e+01
      vertex   1.427350e+01 -1.800000e+01 -7.500000e+01
    endloop
  endfacet
  facet normal 0.000000e+00 -0.000000e+00 -1.000000e+00
    outer loop
      vertex   9.700962e+00 -1.175000e+01 -7.500000e+01
      vertex   1.025000e+01 -1.229904e+01 -7.500000e+01
      vertex   5.613249e+00 -1.300000e+01 -7.500000e+01
    endloop
  endfacet
  facet normal 0.000000e+00 0.000000e+00 -1.000000e+00
    outer loop
      vertex   5.613249e+00 -1.300000e+01 -7.500000e+01
      vertex   1.025000e+01 -1.229904e+01 -7.500000e+01
      vertex   1.100000e+01 -1.250000e+01 -7.500000e+01
    endloop
  endfacet
  facet normal 0.000000e+00 0.000000e+00 -1.000000e+00
    outer loop
      vertex   4.750000e+01 5.500000e+00 -7.500000e+01
      vertex   4.100000e+01 -9.500000e+00 -7.500000e+01
      vertex   1.283122e+00 -5.500000e+00 -7.500000e+01
    endloop
  endfacet
  facet normal 0.000000e+00 0.000000e+00 -1.000000e+00
    outer loop
      vertex   4.750000e+01 -5.500000e+00 -4.500000e+01
      vertex   4.750000e+01 5.500000e+00 -4.500000e+01
      vertex   5.575000e+01 -5.500000e+00 -4.500000e+01
    endloop
  endfacet
  facet normal 0.000000e+00 0.000000e+00 -1.000000e+00
    outer loop
      vertex   5.575000e+01 -5.500000e+00 -4.500000e+01
      vertex   4.750000e+01 5.500000e+00 -4.500000e+01
      vertex   5.575000e+01 5.500000e+00 -4.500000e+01
    endloop
  endfacet
  facet normal 1.000000e+00 1.291896e-15 0.000000e+00
    outer loop
      vertex   5.575000e+01 -5.500000e+00 0.000000e+00
      vertex   5.575000e+01 -5.500000e+00 -4.500000e+01
      vertex   5.575000e+01 5.500000e+00 0.000000e+00
    endloop
  endfacet
  facet normal 1.000000e+00 0.000000e+00 3.157968e-16
    outer loop
      vertex   5.575000e+01 5.500000e+00 0.000000e+00
      vertex   5.575000e+01 -5.500000e+00 -4.500000e+01
      vertex   5.575000e+01 5.500000e+00 -4.500000e+01
    endloop
  endfacet
  facet normal 1.000000e+00 -0.000000e+00 0.000000e+00
    outer loop
      vertex   4.750000e+01 -5.500000e+00 -4.500000e+01
      vertex   4.750000e+01 -5.500000e+00 -6.400000e+01
      vertex   4.750000e+01 5.500000e+00 -4.500000e+01
    endloop
  endfacet
  facet normal 1.000000e+00 0.000000e+00 0.000000e+00
    outer loop
      vertex   4.750000e+01 5.500000e+00 -4.500000e+01
      vertex   4.750000e+01 -5.500000e+00 -6.400000e+01
      vertex   4.750000e+01 5.500000e+00 -7.500000e+01
    endloop
  endfacet
  facet normal 1.000000e+00 0.000000e+00 0.000000e+00
    outer loop
      vertex   4.750000e+01 5.500000e+00 -7.500000e+01
      vertex   4.750000e+01 -5.500000e+00 -6.400000e+01
      vertex   4.750000e+01 -5.695774e+00 -6.523607e+01
    endloop
  endfacet
  facet normal 1.000000e+00 0.000000e+00 0.000000e+00
    outer loop
      vertex   4.750000e+01 5.500000e+00 -7.500000e+01
      vertex   4.750000e+01 -5.695774e+00 -6.523607e+01
      vertex   4.750000e+01 -6.263932e+00 -6.635114e+01
    endloop
  endfacet
  facet normal 1.000000e+00 0.000000e+00 0.000000e+00
    outer loop
      vertex   4.750000e+01 -6.263932e+00 -6.635114e+01
      vertex   4.750000e+01 -7.148859e+00 -6.723607e+01
      vertex   4.750000e+01 5.500000e+00 -7.500000e+01
    endloop
  endfacet
  facet normal 1.000000e+00 0.000000e+00 0.000000e+00
    outer loop
      vertex   4.750000e+01 5.500000e+00 -7.500000e+01
      vertex   4.750000e+01 -7.148859e+00 -6.723607e+01
      vertex   4.750000e+01 -8.263932e+00 -6.780423e+01
    endloop
  endfacet
  facet normal 1.000000e+00 0.000000e+00 0.000000e+00
    outer loop
      vertex   4.750000e+01 5.500000e+00 -7.500000e+01
      vertex   4.750000e+01 -8.263932e+00 -6.780423e+01
      vertex   4.750000e+01 -1.800000e+01 -7.500000e+01
    endloop
  endfacet
  facet normal 1.000000e+00 0.000000e+00 0.000000e+00
    outer loop
      vertex   4.750000e+01 -1.800000e+01 -7.500000e+01
      vertex   4.750000e+01 -8.263932e+00 -6.780423e+01
      vertex   4.750000e+01 -9.500000e+00 -6.800000e+01
    endloop
  endfacet
  facet normal 1.000000e+00 0.000000e+00 0.000000e+00
    outer loop
      vertex   4.750000e+01 -1.800000e+01 -7.500000e+01
      vertex   4.750000e+01 -9.500000e+00 -6.800000e+01
      vertex   4.750000e+01 -1.800000e+01 -6.800000e+01
    endloop
  endfacet
  facet normal 4.157645e-16 1.000000e+00 -1.054674e-14
    outer loop
      vertex   -7.450962e+00 5.500000e+00 -3.525000e+01
      vertex   4.962500e+01 5.500000e+00 -3.300000e+01
      vertex   -7.250000e+00 5.500000e+00 -3.600000e+01
    endloop
  endfacet
  facet normal -1.418721e-16 1.000000e+00 2.512318e-17
    outer loop
      vertex   -7.250000e+00 5.500000e+00 -3.600000e+01
      vertex   4.962500e+01 5.500000e+00 -3.300000e+01
      vertex   4.750000e+01 5.500000e+00 -4.500000e+01
    endloop
  endfacet
  facet normal 1.538266e-15 1.000000e+00 1.024596e-14
    outer loop
      vertex   -7.250000e+00 5.500000e+00 -3.600000e+01
      vertex   4.750000e+01 5.500000e+00 -4.500000e+01
      vertex   -7.450962e+00 5.500000e+00 -3.675000e+01
    endloop
  endfacet
  facet normal 0.000000e+00 1.000000e+00 0.000000e+00
    outer loop
      vertex   -7.450962e+00 5.500000e+00 -3.675000e+01
      vertex   4.750000e+01 5.500000e+00 -4.500000e+01
      vertex   -8.000000e+00 5.500000e+00 -3.729904e+01
    endloop
  endfacet
  facet normal 0.000000e+00 1.000000e+00 0.000000e+00
    outer loop
      vertex   -8.000000e+00 5.500000e+00 -3.729904e+01
      vertex   4.750000e+01 5.500000e+00 -4.500000e+01
      vertex   4.750000e+01 5.500000e+00 -7.500000e+01
    endloop
  endfacet
  facet normal 0.000000e+00 1.000000e+00 0.000000e+00
    outer loop
      vertex   -8.000000e+00 5.500000e+00 -3.729904e+01
      vertex   4.750000e+01 5.500000e+00 -7.500000e+01
      vertex   -8.750000e+00 5.500000e+00 -3.750000e+01
    endloop
  endfacet
  facet normal -1.213028e-16 1.000000e+00 -1.819542e-16
    outer loop
      vertex   -8.750000e+00 5.500000e+00 -3.750000e+01
      vertex   4.750000e+01 5.500000e+00 -7.500000e+01
      vertex   -4.295096e+01 5.500000e+00 -5.375000e+01
    endloop
  endfacet
  facet normal -2.380634e-16 1.000000e+00 6.378889e-17
    outer loop
      vertex   -8.750000e+00 5.500000e+00 -3.750000e+01
      vertex   -4.295096e+01 5.500000e+00 -5.375000e+01
      vertex   -4.275000e+01 5.500000e+00 -5.300000e+01
    endloop
  endfacet
  facet normal 0.000000e+00 1.000000e+00 -0.000000e+00
    outer loop
      vertex   4.962500e+01 5.500000e+00 -3.300000e+01
      vertex   -7.450962e+00 5.500000e+00 -3.525000e+01
      vertex   4.982306e+01 5.500000e+00 -3.213223e+01
    endloop
  endfacet
  facet normal 0.000000e+00 1.000000e+00 0.000000e+00
    outer loop
      vertex   4.982306e+01 5.500000e+00 -3.213223e+01
      vertex   -7.450962e+00 5.500000e+00 -3.525000e+01
      vertex   -8.000000e+00 5.500000e+00 -3.470096e+01
    endloop
  endfacet
  facet normal 0.000000e+00 1.000000e+00 -0.000000e+00
    outer loop
      vertex   4.982306e+01 5.500000e+00 -3.213223e+01
      vertex   -8.000000e+00 5.500000e+00 -3.470096e+01
      vertex   5.037802e+01 5.500000e+00 -3.143634e+01
    endloop
  endfacet
  facet normal 0.000000e+00 1.000000e+00 -0.000000e+00
    outer loop
      vertex   5.037802e+01 5.500000e+00 -3.143634e+01
      vertex   -8.000000e+00 5.500000e+00 -3.470096e+01
      vertex   5.575000e+01 5.500000e+00 0.000000e+00
    endloop
  endfacet
  facet normal 0.000000e+00 1.000000e+00 0.000000e+00
    outer loop
      vertex   5.037802e+01 5.500000e+00 -3.143634e+01
      vertex   5.575000e+01 5.500000e+00 0.000000e+00
      vertex   5.117996e+01 5.500000e+00 -3.105014e+01
    endloop
  endfacet
  facet normal 0.000000e+00 1.000000e+00 0.000000e+00
    outer loop
      vertex   5.117996e+01 5.500000e+00 -3.105014e+01
      vertex   5.575000e+01 5.500000e+00 0.000000e+00
      vertex   5.207004e+01 5.500000e+00 -3.105014e+01
    endloop
  endfacet
  facet normal -0.000000e+00 1.000000e+00 0.000000e+00
    outer loop
      vertex   5.207004e+01 5.500000e+00 -3.105014e+01
      vertex   5.575000e+01 5.500000e+00 0.000000e+00
      vertex   5.287198e+01 5.500000e+00 -3.143634e+01
    endloop
  endfacet
  facet normal -0.000000e+00 1.000000e+00 0.000000e+00
    outer loop
      vertex   5.287198e+01 5.500000e+00 -3.143634e+01
      vertex   5.575000e+01 5.500000e+00 0.000000e+00
      vertex   5.342694e+01 5.500000e+00 -3.213223e+01
    endloop
  endfacet
  facet normal -0.000000e+00 1.000000e+00 0.000000e+00
    outer loop
      vertex   5.342694e+01 5.500000e+00 -3.213223e+01
      vertex   5.575000e+01 5.500000e+00 0.000000e+00
      vertex   5.362500e+01 5.500000e+00 -3.300000e+01
    endloop
  endfacet
  facet normal -0.000000e+00 1.000000e+00 0.000000e+00
    outer loop
      vertex   5.362500e+01 5.500000e+00 -3.300000e+01
      vertex   5.575000e+01 5.500000e+00 0.000000e+00
      vertex   5.575000e+01 5.500000e+00 -4.500000e+01
    endloop
  endfacet
  facet normal 0.000000e+00 1.000000e+00 0.000000e+00
    outer loop
      vertex   5.362500e+01 5.500000e+00 -3.300000e+01
      vertex   5.575000e+01 5.500000e+00 -4.500000e+01
      vertex   5.342694e+01 5.500000e+00 -3.386777e+01
    endloop
  endfacet
  facet normal 0.000000e+00 1.000000e+00 0.000000e+00
    outer loop
      vertex   5.342694e+01 5.500000e+00 -3.386777e+01
      vertex   5.575000e+01 5.500000e+00 -4.500000e+01
      vertex   5.287198e+01 5.500000e+00 -3.456366e+01
    endloop
  endfacet
  facet normal 0.000000e+00 1.000000e+00 0.000000e+00
    outer loop
      vertex   5.287198e+01 5.500000e+00 -3.456366e+01
      vertex   5.575000e+01 5.500000e+00 -4.500000e+01
      vertex   5.207004e+01 5.500000e+00 -3.494986e+01
    endloop
  endfacet
  facet normal 0.000000e+00 1.000000e+00 0.000000e+00
    outer loop
      vertex   5.207004e+01 5.500000e+00 -3.494986e+01
      vertex   5.575000e+01 5.500000e+00 -4.500000e+01
      vertex   4.750000e+01 5.500000e+00 -4.500000e+01
    endloop
  endfacet
  facet normal 0.000000e+00 1.000000e+00 0.000000e+00
    outer loop
      vertex   5.207004e+01 5.500000e+00 -3.494986e+01
      vertex   4.750000e+01 5.500000e+00 -4.500000e+01
      vertex   5.117996e+01 5.500000e+00 -3.494986e+01
    endloop
  endfacet
  facet normal 0.000000e+00 1.000000e+00 0.000000e+00
    outer loop
      vertex   5.117996e+01 5.500000e+00 -3.494986e+01
      vertex   4.750000e+01 5.500000e+00 -4.500000e+01
      vertex   5.037802e+01 5.500000e+00 -3.456366e+01
    endloop
  endfacet
  facet normal 0.000000e+00 1.000000e+00 0.000000e+00
    outer loop
      vertex   5.037802e+01 5.500000e+00 -3.456366e+01
      vertex   4.750000e+01 5.500000e+00 -4.500000e+01
      vertex   4.982306e+01 5.500000e+00 -3.386777e+01
    endloop
  endfacet
  facet normal 0.000000e+00 1.000000e+00 0.000000e+00
    outer loop
      vertex   4.982306e+01 5.500000e+00 -3.386777e+01
      vertex   4.750000e+01 5.500000e+00 -4.500000e+01
      vertex   4.962500e+01 5.500000e+00 -3.300000e+01
    endloop
  endfacet
  facet normal 0.000000e+00 1.000000e+00 -0.000000e+00
    outer loop
      vertex   -8.000000e+00 5.500000e+00 -3.470096e+01
      vertex   -8.750000e+00 5.500000e+00 -3.450000e+01
      vertex   5.575000e+01 5.500000e+00 0.000000e+00
    endloop
  endfacet
  facet normal -9.374065e-17 1.000000e+00 1.752543e-16
    outer loop
      vertex   5.575000e+01 5.500000e+00 0.000000e+00
      vertex   -8.750000e+00 5.500000e+00 -3.450000e+01
      vertex   -4.295096e+01 5.500000e+00 -1.225000e+01
    endloop
  endfacet
  facet normal -1.189904e-16 1.000000e+00 3.786972e-16
    outer loop
      vertex   5.575000e+01 5.500000e+00 0.000000e+00
      vertex   -4.295096e+01 5.500000e+00 -1.225000e+01
      vertex   -4.875000e+01 5.500000e+00 0.000000e+00
    endloop
  endfacet
  facet normal 8.260893e-16 1.000000e+00 8.260893e-16
    outer loop
      vertex   -4.875000e+01 5.500000e+00 0.000000e+00
      vertex   -4.295096e+01 5.500000e+00 -1.225000e+01
      vertex   -4.350000e+01 5.500000e+00 -1.170096e+01
    endloop
  endfacet
  facet normal 1.387107e-16 1.000000e+00 5.176756e-16
    outer loop
      vertex   -4.875000e+01 5.500000e+00 0.000000e+00
      vertex   -4.350000e+01 5.500000e+00 -1.170096e+01
      vertex   -4.425000e+01 5.500000e+00 -1.150000e+01
    endloop
  endfacet
  facet normal -6.364531e-17 1.000000e+00 2.375275e-16
    outer loop
      vertex   -9.500000e+00 5.500000e+00 -3.470096e+01
      vertex   -4.295096e+01 5.500000e+00 -1.375000e+01
      vertex   -8.750000e+00 5.500000e+00 -3.450000e+01
    endloop
  endfacet
  facet normal -1.787039e-16 1.000000e+00 4.788355e-17
    outer loop
      vertex   -8.750000e+00 5.500000e+00 -3.450000e+01
      vertex   -4.295096e+01 5.500000e+00 -1.375000e+01
      vertex   -4.275000e+01 5.500000e+00 -1.300000e+01
    endloop
  endfacet
  facet normal -2.516167e-16 1.000000e+00 -6.742049e-17
    outer loop
      vertex   -8.750000e+00 5.500000e+00 -3.450000e+01
      vertex   -4.275000e+01 5.500000e+00 -1.300000e+01
      vertex   -4.295096e+01 5.500000e+00 -1.225000e+01
    endloop
  endfacet
  facet normal -2.124132e-16 1.000000e+00 0.000000e+00
    outer loop
      vertex   -4.295096e+01 5.500000e+00 -1.375000e+01
      vertex   -9.500000e+00 5.500000e+00 -3.470096e+01
      vertex   -4.295096e+01 5.500000e+00 -3.225000e+01
    endloop
  endfacet
  facet normal -1.979122e-16 1.000000e+00 1.979122e-16
    outer loop
      vertex   -4.295096e+01 5.500000e+00 -3.225000e+01
      vertex   -9.500000e+00 5.500000e+00 -3.470096e+01
      vertex   -1.004904e+01 5.500000e+00 -3.525000e+01
    endloop
  endfacet
  facet normal -2.213661e-16 1.000000e+00 -5.931488e-17
    outer loop
      vertex   -4.295096e+01 5.500000e+00 -3.225000e+01
      vertex   -1.004904e+01 5.500000e+00 -3.525000e+01
      vertex   -4.275000e+01 5.500000e+00 -3.300000e+01
    endloop
  endfacet
  facet normal -2.133515e-16 1.000000e+00 5.716737e-17
    outer loop
      vertex   -4.275000e+01 5.500000e+00 -3.300000e+01
      vertex   -1.004904e+01 5.500000e+00 -3.525000e+01
      vertex   -1.025000e+01 5.500000e+00 -3.600000e+01
    endloop
  endfacet
  facet normal -2.133515e-16 1.000000e+00 5.716737e-17
    outer loop
      vertex   -4.275000e+01 5.500000e+00 -3.300000e+01
      vertex   -1.025000e+01 5.500000e+00 -3.600000e+01
      vertex   -4.295096e+01 5.500000e+00 -3.375000e+01
    endloop
  endfacet
  facet normal -2.213661e-16 1.000000e+00 -5.931488e-17
    outer loop
      vertex   -4.295096e+01 5.500000e+00 -3.375000e+01
      vertex   -1.025000e+01 5.500000e+00 -3.600000e+01
      vertex   -1.004904e+01 5.500000e+00 -3.675000e+01
    endloop
  endfacet
  facet normal -1.979122e-16 1.000000e+00 1.979122e-16
    outer loop
      vertex   -4.295096e+01 5.500000e+00 -3.375000e+01
      vertex   -1.004904e+01 5.500000e+00 -3.675000e+01
      vertex   -4.350000e+01 5.500000e+00 -3.429904e+01
    endloop
  endfacet
  facet normal -2.124132e-16 1.000000e+00 0.000000e+00
    outer loop
      vertex   -4.350000e+01 5.500000e+00 -3.429904e+01
      vertex   -1.004904e+01 5.500000e+00 -3.675000e+01
      vertex   -4.350000e+01 5.500000e+00 -5.170096e+01
    endloop
  endfacet
  facet normal 0.000000e+00 1.000000e+00 0.000000e+00
    outer loop
      vertex   -4.350000e+01 5.500000e+00 -3.429904e+01
      vertex   -4.350000e+01 5.500000e+00 -5.170096e+01
      vertex   -4.425000e+01 5.500000e+00 -3.450000e+01
    endloop
  endfacet
  facet normal 0.000000e+00 1.000000e+00 0.000000e+00
    outer loop
      vertex   -4.425000e+01 5.500000e+00 -3.450000e+01
      vertex   -4.350000e+01 5.500000e+00 -5.170096e+01
      vertex   -4.425000e+01 5.500000e+00 -5.150000e+01
    endloop
  endfacet
  facet normal 0.000000e+00 1.000000e+00 0.000000e+00
    outer loop
      vertex   -4.425000e+01 5.500000e+00 -3.450000e+01
      vertex   -4.425000e+01 5.500000e+00 -5.150000e+01
      vertex   -4.500000e+01 5.500000e+00 -3.429904e+01
    endloop
  endfacet
  facet normal 0.000000e+00 1.000000e+00 0.000000e+00
    outer loop
      vertex   -4.500000e+01 5.500000e+00 -3.429904e+01
      vertex   -4.425000e+01 5.500000e+00 -5.150000e+01
      vertex   -4.500000e+01 5.500000e+00 -5.170096e+01
    endloop
  endfacet
  facet normal 0.000000e+00 1.000000e+00 0.000000e+00
    outer loop
      vertex   -4.500000e+01 5.500000e+00 -3.429904e+01
      vertex   -4.500000e+01 5.500000e+00 -5.170096e+01
      vertex   -4.554904e+01 5.500000e+00 -3.375000e+01
    endloop
  endfacet
  facet normal 0.000000e+00 1.000000e+00 0.000000e+00
    outer loop
      vertex   -4.554904e+01 5.500000e+00 -3.375000e+01
      vertex   -4.500000e+01 5.500000e+00 -5.170096e+01
      vertex   -4.554904e+01 5.500000e+00 -5.225000e+01
    endloop
  endfacet
  facet normal 0.000000e+00 1.000000e+00 0.000000e+00
    outer loop
      vertex   -4.554904e+01 5.500000e+00 -3.375000e+01
      vertex   -4.554904e+01 5.500000e+00 -5.225000e+01
      vertex   -4.575000e+01 5.500000e+00 -3.300000e+01
    endloop
  endfacet
  facet normal 0.000000e+00 1.000000e+00 0.000000e+00
    outer loop
      vertex   -4.575000e+01 5.500000e+00 -3.300000e+01
      vertex   -4.554904e+01 5.500000e+00 -5.225000e+01
      vertex   -4.575000e+01 5.500000e+00 -5.300000e+01
    endloop
  endfacet
  facet normal -1.776357e-15 1.000000e+00 0.000000e+00
    outer loop
      vertex   -4.575000e+01 5.500000e+00 -3.300000e+01
      vertex   -4.575000e+01 5.500000e+00 -5.300000e+01
      vertex   -4.875000e+01 5.500000e+00 -7.500000e+01
    endloop
  endfacet
  facet normal -5.991165e-16 1.000000e+00 -1.605328e-16
    outer loop
      vertex   -4.875000e+01 5.500000e+00 -7.500000e+01
      vertex   -4.575000e+01 5.500000e+00 -5.300000e+01
      vertex   -4.554904e+01 5.500000e+00 -5.375000e+01
    endloop
  endfacet
  facet normal -2.179493e-16 1.000000e+00 -2.179493e-16
    outer loop
      vertex   -4.875000e+01 5.500000e+00 -7.500000e+01
      vertex   -4.554904e+01 5.500000e+00 -5.375000e+01
      vertex   -4.500000e+01 5.500000e+00 -5.429904e+01
    endloop
  endfacet
  facet normal -1.468005e-16 1.000000e+00 -1.468005e-16
    outer loop
      vertex   -4.350000e+01 5.500000e+00 -5.170096e+01
      vertex   -1.004904e+01 5.500000e+00 -3.675000e+01
      vertex   -4.295096e+01 5.500000e+00 -5.225000e+01
    endloop
  endfacet
  facet normal -1.468005e-16 1.000000e+00 -1.468005e-16
    outer loop
      vertex   -4.295096e+01 5.500000e+00 -5.225000e+01
      vertex   -1.004904e+01 5.500000e+00 -3.675000e+01
      vertex   -9.500000e+00 5.500000e+00 -3.729904e+01
    endloop
  endfacet
  facet normal -1.896953e-16 1.000000e+00 -5.082870e-17
    outer loop
      vertex   -4.295096e+01 5.500000e+00 -5.225000e+01
      vertex   -9.500000e+00 5.500000e+00 -3.729904e+01
      vertex   -4.275000e+01 5.500000e+00 -5.300000e+01
    endloop
  endfacet
  facet normal -7.736174e-17 1.000000e+00 -2.887179e-16
    outer loop
      vertex   -4.275000e+01 5.500000e+00 -5.300000e+01
      vertex   -9.500000e+00 5.500000e+00 -3.729904e+01
      vertex   -8.750000e+00 5.500000e+00 -3.750000e+01
    endloop
  endfacet
  facet normal -1.291896e-16 1.000000e+00 -2.155245e-16
    outer loop
      vertex   4.750000e+01 5.500000e+00 -7.500000e+01
      vertex   -4.875000e+01 5.500000e+00 -7.500000e+01
      vertex   -4.295096e+01 5.500000e+00 -5.375000e+01
    endloop
  endfacet
  facet normal 3.449022e-16 1.000000e+00 -3.449022e-16
    outer loop
      vertex   -4.295096e+01 5.500000e+00 -5.375000e+01
      vertex   -4.875000e+01 5.500000e+00 -7.500000e+01
      vertex   -4.350000e+01 5.500000e+00 -5.429904e+01
    endloop
  endfacet
  facet normal 7.400763e-17 1.000000e+00 -2.762002e-16
    outer loop
      vertex   -4.350000e+01 5.500000e+00 -5.429904e+01
      vertex   -4.875000e+01 5.500000e+00 -7.500000e+01
      vertex   -4.425000e+01 5.500000e+00 -5.450000e+01
    endloop
  endfacet
  facet normal -6.578528e-17 1.000000e+00 -2.455140e-16
    outer loop
      vertex   -4.425000e+01 5.500000e+00 -5.450000e+01
      vertex   -4.875000e+01 5.500000e+00 -7.500000e+01
      vertex   -4.500000e+01 5.500000e+00 -5.429904e+01
    endloop
  endfacet
  facet normal -1.776357e-15 1.000000e+00 0.000000e+00
    outer loop
      vertex   -4.875000e+01 5.500000e+00 -7.500000e+01
      vertex   -4.875000e+01 5.500000e+00 0.000000e+00
      vertex   -4.575000e+01 5.500000e+00 -3.300000e+01
    endloop
  endfacet
  facet normal -1.776357e-15 1.000000e+00 0.000000e+00
    outer loop
      vertex   -4.575000e+01 5.500000e+00 -3.300000e+01
      vertex   -4.875000e+01 5.500000e+00 0.000000e+00
      vertex   -4.575000e+01 5.500000e+00 -1.300000e+01
    endloop
  endfacet
  facet normal 0.000000e+00 1.000000e+00 0.000000e+00
    outer loop
      vertex   -4.575000e+01 5.500000e+00 -3.300000e+01
      vertex   -4.575000e+01 5.500000e+00 -1.300000e+01
      vertex   -4.554904e+01 5.500000e+00 -3.225000e+01
    endloop
  endfacet
  facet normal 0.000000e+00 1.000000e+00 -0.000000e+00
    outer loop
      vertex   -4.554904e+01 5.500000e+00 -3.225000e+01
      vertex   -4.575000e+01 5.500000e+00 -1.300000e+01
      vertex   -4.554904e+01 5.500000e+00 -1.375000e+01
    endloop
  endfacet
  facet normal 0.000000e+00 1.000000e+00 0.000000e+00
    outer loop
      vertex   -4.554904e+01 5.500000e+00 -3.225000e+01
      vertex   -4.554904e+01 5.500000e+00 -1.375000e+01
      vertex   -4.500000e+01 5.500000e+00 -3.170096e+01
    endloop
  endfacet
  facet normal 0.000000e+00 1.000000e+00 -0.000000e+00
    outer loop
      vertex   -4.500000e+01 5.500000e+00 -3.170096e+01
      vertex   -4.554904e+01 5.500000e+00 -1.375000e+01
      vertex   -4.500000e+01 5.500000e+00 -1.429904e+01
    endloop
  endfacet
  facet normal 0.000000e+00 1.000000e+00 0.000000e+00
    outer loop
      vertex   -4.500000e+01 5.500000e+00 -3.170096e+01
      vertex   -4.500000e+01 5.500000e+00 -1.429904e+01
      vertex   -4.425000e+01 5.500000e+00 -3.150000e+01
    endloop
  endfacet
  facet normal 0.000000e+00 1.000000e+00 -0.000000e+00
    outer loop
      vertex   -4.425000e+01 5.500000e+00 -3.150000e+01
      vertex   -4.500000e+01 5.500000e+00 -1.429904e+01
      vertex   -4.425000e+01 5.500000e+00 -1.450000e+01
    endloop
  endfacet
  facet normal -0.000000e+00 1.000000e+00 0.000000e+00
    outer loop
      vertex   -4.425000e+01 5.500000e+00 -3.150000e+01
      vertex   -4.425000e+01 5.500000e+00 -1.450000e+01
      vertex   -4.350000e+01 5.500000e+00 -3.170096e+01
    endloop
  endfacet
  facet normal 0.000000e+00 1.000000e+00 -0.000000e+00
    outer loop
      vertex   -4.350000e+01 5.500000e+00 -3.170096e+01
      vertex   -4.425000e+01 5.500000e+00 -1.450000e+01
      vertex   -4.350000e+01 5.500000e+00 -1.429904e+01
    endloop
  endfacet
  facet normal -0.000000e+00 1.000000e+00 0.000000e+00
    outer loop
      vertex   -4.350000e+01 5.500000e+00 -3.170096e+01
      vertex   -4.350000e+01 5.500000e+00 -1.429904e+01
      vertex   -4.295096e+01 5.500000e+00 -3.225000e+01
    endloop
  endfacet
  facet normal 0.000000e+00 1.000000e+00 -0.000000e+00
    outer loop
      vertex   -4.295096e+01 5.500000e+00 -3.225000e+01
      vertex   -4.350000e+01 5.500000e+00 -1.429904e+01
      vertex   -4.295096e+01 5.500000e+00 -1.375000e+01
    endloop
  endfacet
  facet normal -1.123836e-16 1.000000e+00 4.194213e-16
    outer loop
      vertex   -4.425000e+01 5.500000e+00 -1.150000e+01
      vertex   -4.500000e+01 5.500000e+00 -1.170096e+01
      vertex   -4.875000e+01 5.500000e+00 0.000000e+00
    endloop
  endfacet
  facet normal -3.449022e-16 1.000000e+00 3.449022e-16
    outer loop
      vertex   -4.875000e+01 5.500000e+00 0.000000e+00
      vertex   -4.500000e+01 5.500000e+00 -1.170096e+01
      vertex   -4.554904e+01 5.500000e+00 -1.225000e+01
    endloop
  endfacet
  facet normal -8.219638e-16 1.000000e+00 2.202445e-16
    outer loop
      vertex   -4.875000e+01 5.500000e+00 0.000000e+00
      vertex   -4.554904e+01 5.500000e+00 -1.225000e+01
      vertex   -4.575000e+01 5.500000e+00 -1.300000e+01
    endloop
  endfacet
  facet normal 6.415447e-16 -1.000000e+00 0.000000e+00
    outer loop
      vertex   4.750000e+01 -1.800000e+01 -6.800000e+01
      vertex   1.427350e+01 -1.800000e+01 -6.800000e+01
      vertex   4.750000e+01 -1.800000e+01 -7.500000e+01
    endloop
  endfacet
  facet normal 6.415447e-16 -1.000000e+00 0.000000e+00
    outer loop
      vertex   4.750000e+01 -1.800000e+01 -7.500000e+01
      vertex   1.427350e+01 -1.800000e+01 -6.800000e+01
      vertex   1.427350e+01 -1.800000e+01 -7.500000e+01
    endloop
  endfacet
  facet normal 0.000000e+00 0.000000e+00 1.000000e+00
    outer loop
      vertex   4.750000e+01 -9.500000e+00 -6.800000e+01
      vertex   4.175000e+01 -1.229904e+01 -6.800000e+01
      vertex   4.750000e+01 -1.800000e+01 -6.800000e+01
    endloop
  endfacet
  facet normal 0.000000e+00 0.000000e+00 1.000000e+00
    outer loop
      vertex   4.750000e+01 -1.800000e+01 -6.800000e+01
      vertex   4.175000e+01 -1.229904e+01 -6.800000e+01
      vertex   4.100000e+01 -1.250000e+01 -6.800000e+01
    endloop
  endfacet
  facet normal 0.000000e+00 0.000000e+00 1.000000e+00
    outer loop
      vertex   4.750000e+01 -1.800000e+01 -6.800000e+01
      vertex   4.100000e+01 -1.250000e+01 -6.800000e+01
      vertex   1.427350e+01 -1.800000e+01 -6.800000e+01
    endloop
  endfacet
  facet normal 0.000000e+00 -0.000000e+00 1.000000e+00
    outer loop
      vertex   1.427350e+01 -1.800000e+01 -6.800000e+01
      vertex   4.100000e+01 -1.250000e+01 -6.800000e+01
      vertex   1.020614e+01 -1.713545e+01 -6.800000e+01
    endloop
  endfacet
  facet normal 0.000000e+00 0.000000e+00 1.000000e+00
    outer loop
      vertex   1.427350e+01 -1.800000e+01 -6.800000e+01
      vertex   1.020614e+01 -1.713545e+01 -6.800000e+01
      vertex   1.219439e+01 -1.778148e+01 -6.800000e+01
    endloop
  endfacet
  facet normal -0.000000e+00 0.000000e+00 1.000000e+00
    outer loop
      vertex   4.100000e+01 -9.500000e+00 -6.800000e+01
      vertex   4.175000e+01 -9.700962e+00 -6.800000e+01
      vertex   4.750000e+01 -9.500000e+00 -6.800000e+01
    endloop
  endfacet
  facet normal 0.000000e+00 0.000000e+00 1.000000e+00
    outer loop
      vertex   4.750000e+01 -9.500000e+00 -6.800000e+01
      vertex   4.175000e+01 -9.700962e+00 -6.800000e+01
      vertex   4.229904e+01 -1.025000e+01 -6.800000e+01
    endloop
  endfacet
  facet normal 0.000000e+00 0.000000e+00 1.000000e+00
    outer loop
      vertex   4.750000e+01 -9.500000e+00 -6.800000e+01
      vertex   4.229904e+01 -1.025000e+01 -6.800000e+01
      vertex   4.250000e+01 -1.100000e+01 -6.800000e+01
    endloop
  endfacet
  facet normal -0.000000e+00 0.000000e+00 1.000000e+00
    outer loop
      vertex   4.250000e+01 -1.100000e+01 -6.800000e+01
      vertex   4.229904e+01 -1.175000e+01 -6.800000e+01
      vertex   4.750000e+01 -9.500000e+00 -6.800000e+01
    endloop
  endfacet
  facet normal 0.000000e+00 0.000000e+00 1.000000e+00
    outer loop
      vertex   4.750000e+01 -9.500000e+00 -6.800000e+01
      vertex   4.229904e+01 -1.175000e+01 -6.800000e+01
      vertex   4.175000e+01 -1.229904e+01 -6.800000e+01
    endloop
  endfacet
  facet normal 0.000000e+00 0.000000e+00 1.000000e+00
    outer loop
      vertex   4.025000e+01 -1.229904e+01 -6.800000e+01
      vertex   1.175000e+01 -1.229904e+01 -6.800000e+01
      vertex   4.100000e+01 -1.250000e+01 -6.800000e+01
    endloop
  endfacet
  facet normal 0.000000e+00 0.000000e+00 1.000000e+00
    outer loop
      vertex   4.100000e+01 -1.250000e+01 -6.800000e+01
      vertex   1.175000e+01 -1.229904e+01 -6.800000e+01
      vertex   1.100000e+01 -1.250000e+01 -6.800000e+01
    endloop
  endfacet
  facet normal 0.000000e+00 0.000000e+00 1.000000e+00
    outer loop
      vertex   4.100000e+01 -1.250000e+01 -6.800000e+01
      vertex   1.100000e+01 -1.250000e+01 -6.800000e+01
      vertex   6.842054e+00 -1.469131e+01 -6.800000e+01
    endloop
  endfacet
  facet normal 0.000000e+00 -0.000000e+00 1.000000e+00
    outer loop
      vertex   6.842054e+00 -1.469131e+01 -6.800000e+01
      vertex   1.100000e+01 -1.250000e+01 -6.800000e+01
      vertex   5.613249e+00 -1.300000e+01 -6.800000e+01
    endloop
  endfacet
  facet normal 0.000000e+00 0.000000e+00 1.000000e+00
    outer loop
      vertex   5.613249e+00 -1.300000e+01 -6.800000e+01
      vertex   1.100000e+01 -1.250000e+01 -6.800000e+01
      vertex   1.025000e+01 -1.229904e+01 -6.800000e+01
    endloop
  endfacet
  facet normal 0.000000e+00 0.000000e+00 1.000000e+00
    outer loop
      vertex   5.613249e+00 -1.300000e+01 -6.800000e+01
      vertex   1.025000e+01 -1.229904e+01 -6.800000e+01
      vertex   9.700962e+00 -1.175000e+01 -6.800000e+01
    endloop
  endfacet
  facet normal 0.000000e+00 0.000000e+00 1.000000e+00
    outer loop
      vertex   1.175000e+01 -1.229904e+01 -6.800000e+01
      vertex   4.025000e+01 -1.229904e+01 -6.800000e+01
      vertex   1.229904e+01 -1.175000e+01 -6.800000e+01
    endloop
  endfacet
  facet normal -0.000000e+00 0.000000e+00 1.000000e+00
    outer loop
      vertex   1.229904e+01 -1.175000e+01 -6.800000e+01
      vertex   4.025000e+01 -1.229904e+01 -6.800000e+01
      vertex   3.970096e+01 -1.175000e+01 -6.800000e+01
    endloop
  endfacet
  facet normal 0.000000e+00 0.000000e+00 1.000000e+00
    outer loop
      vertex   1.229904e+01 -1.175000e+01 -6.800000e+01
      vertex   3.970096e+01 -1.175000e+01 -6.800000e+01
      vertex   1.250000e+01 -1.100000e+01 -6.800000e+01
    endloop
  endfacet
  facet normal -0.000000e+00 0.000000e+00 1.000000e+00
    outer loop
      vertex   1.250000e+01 -1.100000e+01 -6.800000e+01
      vertex   3.970096e+01 -1.175000e+01 -6.800000e+01
      vertex   3.950000e+01 -1.100000e+01 -6.800000e+01
    endloop
  endfacet
  facet normal 0.000000e+00 -0.000000e+00 1.000000e+00
    outer loop
      vertex   1.250000e+01 -1.100000e+01 -6.800000e+01
      vertex   3.950000e+01 -1.100000e+01 -6.800000e+01
      vertex   1.229904e+01 -1.025000e+01 -6.800000e+01
    endloop
  endfacet
  facet normal -0.000000e+00 0.000000e+00 1.000000e+00
    outer loop
      vertex   1.229904e+01 -1.025000e+01 -6.800000e+01
      vertex   3.950000e+01 -1.100000e+01 -6.800000e+01
      vertex   3.970096e+01 -1.025000e+01 -6.800000e+01
    endloop
  endfacet
  facet normal 0.000000e+00 -0.000000e+00 1.000000e+00
    outer loop
      vertex   1.229904e+01 -1.025000e+01 -6.800000e+01
      vertex   3.970096e+01 -1.025000e+01 -6.800000e+01
      vertex   1.175000e+01 -9.700962e+00 -6.800000e+01
    endloop
  endfacet
  facet normal -0.000000e+00 0.000000e+00 1.000000e+00
    outer loop
      vertex   1.175000e+01 -9.700962e+00 -6.800000e+01
      vertex   3.970096e+01 -1.025000e+01 -6.800000e+01
      vertex   4.025000e+01 -9.700962e+00 -6.800000e+01
    endloop
  endfacet
  facet normal 0.000000e+00 -0.000000e+00 1.000000e+00
    outer loop
      vertex   1.175000e+01 -9.700962e+00 -6.800000e+01
      vertex   4.025000e+01 -9.700962e+00 -6.800000e+01
      vertex   1.100000e+01 -9.500000e+00 -6.800000e+01
    endloop
  endfacet
  facet normal -0.000000e+00 0.000000e+00 1.000000e+00
    outer loop
      vertex   1.100000e+01 -9.500000e+00 -6.800000e+01
      vertex   4.025000e+01 -9.700962e+00 -6.800000e+01
      vertex   4.100000e+01 -9.500000e+00 -6.800000e+01
    endloop
  endfacet
  facet normal 0.000000e+00 0.000000e+00 1.000000e+00
    outer loop
      vertex   9.700962e+00 -1.175000e+01 -6.800000e+01
      vertex   9.500000e+00 -1.100000e+01 -6.800000e+01
      vertex   5.613249e+00 -1.300000e+01 -6.800000e+01
    endloop
  endfacet
  facet normal 0.000000e+00 -0.000000e+00 1.000000e+00
    outer loop
      vertex   5.613249e+00 -1.300000e+01 -6.800000e+01
      vertex   9.500000e+00 -1.100000e+01 -6.800000e+01
      vertex   3.592523e+00 -9.500000e+00 -6.800000e+01
    endloop
  endfacet
  facet normal 0.000000e+00 0.000000e+00 1.000000e+00
    outer loop
      vertex   3.592523e+00 -9.500000e+00 -6.800000e+01
      vertex   9.500000e+00 -1.100000e+01 -6.800000e+01
      vertex   9.700962e+00 -1.025000e+01 -6.800000e+01
    endloop
  endfacet
  facet normal 0.000000e+00 0.000000e+00 1.000000e+00
    outer loop
      vertex   3.592523e+00 -9.500000e+00 -6.800000e+01
      vertex   9.700962e+00 -1.025000e+01 -6.800000e+01
      vertex   1.025000e+01 -9.700962e+00 -6.800000e+01
    endloop
  endfacet
  facet normal 0.000000e+00 -0.000000e+00 1.000000e+00
    outer loop
      vertex   1.025000e+01 -9.700962e+00 -6.800000e+01
      vertex   1.100000e+01 -9.500000e+00 -6.800000e+01
      vertex   3.592523e+00 -9.500000e+00 -6.800000e+01
    endloop
  endfacet
  facet normal -0.000000e+00 0.000000e+00 1.000000e+00
    outer loop
      vertex   6.842054e+00 -1.469131e+01 -6.800000e+01
      vertex   8.395650e+00 -1.609017e+01 -6.800000e+01
      vertex   4.100000e+01 -1.250000e+01 -6.800000e+01
    endloop
  endfacet
  facet normal 0.000000e+00 0.000000e+00 1.000000e+00
    outer loop
      vertex   4.100000e+01 -1.250000e+01 -6.800000e+01
      vertex   8.395650e+00 -1.609017e+01 -6.800000e+01
      vertex   1.020614e+01 -1.713545e+01 -6.800000e+01
    endloop
  endfacet
  facet normal 0.000000e+00 -1.564345e-01 9.876883e-01
    outer loop
      vertex   4.750000e+01 -9.500000e+00 -6.800000e+01
      vertex   4.750000e+01 -8.263932e+00 -6.780423e+01
      vertex   4.100000e+01 -9.500000e+00 -6.800000e+01
    endloop
  endfacet
  facet normal -6.075205e-16 -1.564345e-01 9.876883e-01
    outer loop
      vertex   4.100000e+01 -9.500000e+00 -6.800000e+01
      vertex   4.750000e+01 -8.263932e+00 -6.780423e+01
      vertex   2.439156e+01 -8.263932e+00 -6.780423e+01
    endloop
  endfacet
  facet normal -1.680077e-03 -1.784173e-01 9.839535e-01
    outer loop
      vertex   4.100000e+01 -9.500000e+00 -6.800000e+01
      vertex   2.439156e+01 -8.263932e+00 -6.780423e+01
      vertex   3.141981e+00 -8.719639e+00 -6.792314e+01
    endloop
  endfacet
  facet normal 8.596190e-04 -2.898301e-01 9.570777e-01
    outer loop
      vertex   3.141981e+00 -8.719639e+00 -6.792314e+01
      vertex   2.439156e+01 -8.263932e+00 -6.780423e+01
      vertex   2.708753e+00 -7.969266e+00 -6.769552e+01
    endloop
  endfacet
  facet normal -1.702543e-03 -4.539898e-01 8.910052e-01
    outer loop
      vertex   2.708753e+00 -7.969266e+00 -6.769552e+01
      vertex   2.439156e+01 -8.263932e+00 -6.780423e+01
      vertex   2.439156e+01 -7.148859e+00 -6.723607e+01
    endloop
  endfacet
  facet normal -8.330457e-04 -4.717706e-01 8.817209e-01
    outer loop
      vertex   2.708753e+00 -7.969266e+00 -6.769552e+01
      vertex   2.439156e+01 -7.148859e+00 -6.723607e+01
      vertex   2.309488e+00 -7.277719e+00 -6.732588e+01
    endloop
  endfacet
  facet normal 5.563180e-04 -6.342012e-01 7.731678e-01
    outer loop
      vertex   2.309488e+00 -7.277719e+00 -6.732588e+01
      vertex   2.439156e+01 -7.148859e+00 -6.723607e+01
      vertex   1.959530e+00 -6.671573e+00 -6.682843e+01
    endloop
  endfacet
  facet normal -2.195366e-03 -7.071051e-01 7.071051e-01
    outer loop
      vertex   1.959530e+00 -6.671573e+00 -6.682843e+01
      vertex   2.439156e+01 -7.148859e+00 -6.723607e+01
      vertex   2.439156e+01 -6.263932e+00 -6.635114e+01
    endloop
  endfacet
  facet normal 5.438000e-04 -7.728840e-01 6.345471e-01
    outer loop
      vertex   1.959530e+00 -6.671573e+00 -6.682843e+01
      vertex   2.439156e+01 -6.263932e+00 -6.635114e+01
      vertex   1.672326e+00 -6.174122e+00 -6.622228e+01
    endloop
  endfacet
  facet normal -8.141163e-04 -8.820254e-01 4.712012e-01
    outer loop
      vertex   1.672326e+00 -6.174122e+00 -6.622228e+01
      vertex   2.439156e+01 -6.263932e+00 -6.635114e+01
      vertex   1.458914e+00 -5.804482e+00 -6.553073e+01
    endloop
  endfacet
  facet normal -1.609754e-03 -8.910054e-01 4.539899e-01
    outer loop
      vertex   1.458914e+00 -5.804482e+00 -6.553073e+01
      vertex   2.439156e+01 -6.263932e+00 -6.635114e+01
      vertex   2.439156e+01 -5.695774e+00 -6.523607e+01
    endloop
  endfacet
  facet normal 8.044330e-04 -9.569009e-01 2.904136e-01
    outer loop
      vertex   1.458914e+00 -5.804482e+00 -6.553073e+01
      vertex   2.439156e+01 -5.695774e+00 -6.523607e+01
      vertex   1.327496e+00 -5.576859e+00 -6.478036e+01
    endloop
  endfacet
  facet normal -3.198013e-03 -9.951974e-01 9.783653e-02
    outer loop
      vertex   1.327496e+00 -5.576859e+00 -6.478036e+01
      vertex   2.439156e+01 -5.695774e+00 -6.523607e+01
      vertex   1.283122e+00 -5.500000e+00 -6.400000e+01
    endloop
  endfacet
  facet normal 1.898102e-17 -9.876883e-01 1.564345e-01
    outer loop
      vertex   1.283122e+00 -5.500000e+00 -6.400000e+01
      vertex   2.439156e+01 -5.695774e+00 -6.523607e+01
      vertex   4.750000e+01 -5.500000e+00 -6.400000e+01
    endloop
  endfacet
  facet normal -3.838992e-17 -9.876883e-01 1.564345e-01
    outer loop
      vertex   4.750000e+01 -5.500000e+00 -6.400000e+01
      vertex   2.439156e+01 -5.695774e+00 -6.523607e+01
      vertex   4.750000e+01 -5.695774e+00 -6.523607e+01
    endloop
  endfacet
  facet normal -3.424605e-17 -8.910065e-01 4.539905e-01
    outer loop
      vertex   4.750000e+01 -5.695774e+00 -6.523607e+01
      vertex   2.439156e+01 -5.695774e+00 -6.523607e+01
      vertex   4.750000e+01 -6.263932e+00 -6.635114e+01
    endloop
  endfacet
  facet normal 3.424605e-17 -8.910065e-01 4.539905e-01
    outer loop
      vertex   4.750000e+01 -6.263932e+00 -6.635114e+01
      vertex   2.439156e+01 -5.695774e+00 -6.523607e+01
      vertex   2.439156e+01 -6.263932e+00 -6.635114e+01
    endloop
  endfacet
  facet normal 2.717782e-17 -7.071068e-01 7.071068e-01
    outer loop
      vertex   4.750000e+01 -6.263932e+00 -6.635114e+01
      vertex   2.439156e+01 -6.263932e+00 -6.635114e+01
      vertex   4.750000e+01 -7.148859e+00 -6.723607e+01
    endloop
  endfacet
  facet normal 2.717782e-17 -7.071068e-01 7.071068e-01
    outer loop
      vertex   4.750000e+01 -7.148859e+00 -6.723607e+01
      vertex   2.439156e+01 -6.263932e+00 -6.635114e+01
      vertex   2.439156e+01 -7.148859e+00 -6.723607e+01
    endloop
  endfacet
  facet normal 1.744923e-17 -4.539905e-01 8.910065e-01
    outer loop
      vertex   4.750000e+01 -7.148859e+00 -6.723607e+01
      vertex   2.439156e+01 -7.148859e+00 -6.723607e+01
      vertex   4.750000e+01 -8.263932e+00 -6.780423e+01
    endloop
  endfacet
  facet normal -5.479368e-16 -4.539905e-01 8.910065e-01
    outer loop
      vertex   4.750000e+01 -8.263932e+00 -6.780423e+01
      vertex   2.439156e+01 -7.148859e+00 -6.723607e+01
      vertex   2.439156e+01 -8.263932e+00 -6.780423e+01
    endloop
  endfacet
  facet normal -2.350509e-17 -9.801714e-02 9.951847e-01
    outer loop
      vertex   3.592523e+00 -9.500000e+00 -6.800000e+01
      vertex   1.100000e+01 -9.500000e+00 -6.800000e+01
      vertex   3.141981e+00 -8.719639e+00 -6.792314e+01
    endloop
  endfacet
  facet normal 0.000000e+00 -9.801714e-02 9.951847e-01
    outer loop
      vertex   3.141981e+00 -8.719639e+00 -6.792314e+01
      vertex   1.100000e+01 -9.500000e+00 -6.800000e+01
      vertex   4.100000e+01 -9.500000e+00 -6.800000e+01
    endloop
  endfacet
  facet normal 2.588190e-01 -9.659258e-01 -6.567928e-17
    outer loop
      vertex   1.025000e+01 -9.700962e+00 -6.800000e+01
      vertex   1.025000e+01 -9.700962e+00 -7.500000e+01
      vertex   1.100000e+01 -9.500000e+00 -6.800000e+01
    endloop
  endfacet
  facet normal 2.588190e-01 -9.659258e-01 -2.941421e-15
    outer loop
      vertex   1.100000e+01 -9.500000e+00 -6.800000e+01
      vertex   1.025000e+01 -9.700962e+00 -7.500000e+01
      vertex   1.100000e+01 -9.500000e+00 -7.500000e+01
    endloop
  endfacet
  facet normal -2.588190e-01 -9.659258e-01 -2.941421e-15
    outer loop
      vertex   1.100000e+01 -9.500000e+00 -6.800000e+01
      vertex   1.100000e+01 -9.500000e+00 -7.500000e+01
      vertex   1.175000e+01 -9.700962e+00 -6.800000e+01
    endloop
  endfacet
  facet normal -2.588190e-01 -9.659258e-01 -1.794391e-16
    outer loop
      vertex   1.175000e+01 -9.700962e+00 -6.800000e+01
      vertex   1.100000e+01 -9.500000e+00 -7.500000e+01
      vertex   1.175000e+01 -9.700962e+00 -7.500000e+01
    endloop
  endfacet
  facet normal -7.071068e-01 -7.071068e-01 0.000000e+00
    outer loop
      vertex   1.175000e+01 -9.700962e+00 -6.800000e+01
      vertex   1.175000e+01 -9.700962e+00 -7.500000e+01
      vertex   1.229904e+01 -1.025000e+01 -6.800000e+01
    endloop
  endfacet
  facet normal -7.071068e-01 -7.071068e-01 -1.794391e-16
    outer loop
      vertex   1.229904e+01 -1.025000e+01 -6.800000e+01
      vertex   1.175000e+01 -9.700962e+00 -7.500000e+01
      vertex   1.229904e+01 -1.025000e+01 -7.500000e+01
    endloop
  endfacet
  facet normal -9.659258e-01 -2.588190e-01 1.137599e-16
    outer loop
      vertex   1.229904e+01 -1.025000e+01 -6.800000e+01
      vertex   1.229904e+01 -1.025000e+01 -7.500000e+01
      vertex   1.250000e+01 -1.100000e+01 -6.800000e+01
    endloop
  endfacet
  facet normal -9.659258e-01 -2.588190e-01 -0.000000e+00
    outer loop
      vertex   1.250000e+01 -1.100000e+01 -6.800000e+01
      vertex   1.229904e+01 -1.025000e+01 -7.500000e+01
      vertex   1.250000e+01 -1.100000e+01 -7.500000e+01
    endloop
  endfacet
  facet normal -9.659258e-01 2.588190e-01 0.000000e+00
    outer loop
      vertex   1.250000e+01 -1.100000e+01 -6.800000e+01
      vertex   1.250000e+01 -1.100000e+01 -7.500000e+01
      vertex   1.229904e+01 -1.175000e+01 -6.800000e+01
    endloop
  endfacet
  facet normal -9.659258e-01 2.588190e-01 6.567928e-17
    outer loop
      vertex   1.229904e+01 -1.175000e+01 -6.800000e+01
      vertex   1.250000e+01 -1.100000e+01 -7.500000e+01
      vertex   1.229904e+01 -1.175000e+01 -7.500000e+01
    endloop
  endfacet
  facet normal -7.071068e-01 7.071068e-01 1.794391e-16
    outer loop
      vertex   1.229904e+01 -1.175000e+01 -6.800000e+01
      vertex   1.229904e+01 -1.175000e+01 -7.500000e+01
      vertex   1.175000e+01 -1.229904e+01 -6.800000e+01
    endloop
  endfacet
  facet normal -7.071068e-01 7.071068e-01 1.794391e-16
    outer loop
      vertex   1.175000e+01 -1.229904e+01 -6.800000e+01
      vertex   1.229904e+01 -1.175000e+01 -7.500000e+01
      vertex   1.175000e+01 -1.229904e+01 -7.500000e+01
    endloop
  endfacet
  facet normal -2.588190e-01 9.659258e-01 2.451184e-16
    outer loop
      vertex   1.175000e+01 -1.229904e+01 -6.800000e+01
      vertex   1.175000e+01 -1.229904e+01 -7.500000e+01
      vertex   1.100000e+01 -1.250000e+01 -6.800000e+01
    endloop
  endfacet
  facet normal -2.588190e-01 9.659258e-01 0.000000e+00
    outer loop
      vertex   1.100000e+01 -1.250000e+01 -6.800000e+01
      vertex   1.175000e+01 -1.229904e+01 -7.500000e+01
      vertex   1.100000e+01 -1.250000e+01 -7.500000e+01
    endloop
  endfacet
  facet normal 2.588190e-01 9.659258e-01 0.000000e+00
    outer loop
      vertex   1.100000e+01 -1.250000e+01 -6.800000e+01
      vertex   1.100000e+01 -1.250000e+01 -7.500000e+01
      vertex   1.025000e+01 -1.229904e+01 -6.800000e+01
    endloop
  endfacet
  facet normal 2.588190e-01 9.659258e-01 6.567928e-17
    outer loop
      vertex   1.025000e+01 -1.229904e+01 -6.800000e+01
      vertex   1.100000e+01 -1.250000e+01 -7.500000e+01
      vertex   1.025000e+01 -1.229904e+01 -7.500000e+01
    endloop
  endfacet
  facet normal 7.071068e-01 7.071068e-01 1.794391e-16
    outer loop
      vertex   1.025000e+01 -1.229904e+01 -6.800000e+01
      vertex   1.025000e+01 -1.229904e+01 -7.500000e+01
      vertex   9.700962e+00 -1.175000e+01 -6.800000e+01
    endloop
  endfacet
  facet normal 7.071068e-01 7.071068e-01 -1.794391e-16
    outer loop
      vertex   9.700962e+00 -1.175000e+01 -6.800000e+01
      vertex   1.025000e+01 -1.229904e+01 -7.500000e+01
      vertex   9.700962e+00 -1.175000e+01 -7.500000e+01
    endloop
  endfacet
  facet normal 9.659258e-01 2.588190e-01 -6.567928e-17
    outer loop
      vertex   9.700962e+00 -1.175000e+01 -6.800000e+01
      vertex   9.700962e+00 -1.175000e+01 -7.500000e+01
      vertex   9.500000e+00 -1.100000e+01 -6.800000e+01
    endloop
  endfacet
  facet normal 9.659258e-01 2.588190e-01 0.000000e+00
    outer loop
      vertex   9.500000e+00 -1.100000e+01 -6.800000e+01
      vertex   9.700962e+00 -1.175000e+01 -7.500000e+01
      vertex   9.500000e+00 -1.100000e+01 -7.500000e+01
    endloop
  endfacet
  facet normal 9.659258e-01 -2.588190e-01 0.000000e+00
    outer loop
      vertex   9.500000e+00 -1.100000e+01 -6.800000e+01
      vertex   9.500000e+00 -1.100000e+01 -7.500000e+01
      vertex   9.700962e+00 -1.025000e+01 -6.800000e+01
    endloop
  endfacet
  facet normal 9.659258e-01 -2.588190e-01 1.313586e-16
    outer loop
      vertex   9.700962e+00 -1.025000e+01 -6.800000e+01
      vertex   9.500000e+00 -1.100000e+01 -7.500000e+01
      vertex   9.700962e+00 -1.025000e+01 -7.500000e+01
    endloop
  endfacet
  facet normal 7.071068e-01 -7.071068e-01 3.588783e-16
    outer loop
      vertex   9.700962e+00 -1.025000e+01 -6.800000e+01
      vertex   9.700962e+00 -1.025000e+01 -7.500000e+01
      vertex   1.025000e+01 -9.700962e+00 -6.800000e+01
    endloop
  endfacet
  facet normal 7.071068e-01 -7.071068e-01 -1.794391e-16
    outer loop
      vertex   1.025000e+01 -9.700962e+00 -6.800000e+01
      vertex   9.700962e+00 -1.025000e+01 -7.500000e+01
      vertex   1.025000e+01 -9.700962e+00 -7.500000e+01
    endloop
  endfacet
  facet normal 2.588190e-01 -9.659258e-01 0.000000e+00
    outer loop
      vertex   4.025000e+01 -9.700962e+00 -6.800000e+01
      vertex   4.025000e+01 -9.700962e+00 -7.500000e+01
      vertex   4.100000e+01 -9.500000e+00 -6.800000e+01
    endloop
  endfacet
  facet normal 2.588190e-01 -9.659258e-01 -2.941421e-15
    outer loop
      vertex   4.100000e+01 -9.500000e+00 -6.800000e+01
      vertex   4.025000e+01 -9.700962e+00 -7.500000e+01
      vertex   4.100000e+01 -9.500000e+00 -7.500000e+01
    endloop
  endfacet
  facet normal -2.588190e-01 -9.659258e-01 -2.941421e-15
    outer loop
      vertex   4.100000e+01 -9.500000e+00 -6.800000e+01
      vertex   4.100000e+01 -9.500000e+00 -7.500000e+01
      vertex   4.175000e+01 -9.700962e+00 -6.800000e+01
    endloop
  endfacet
  facet normal -2.588190e-01 -9.659258e-01 -2.451184e-16
    outer loop
      vertex   4.175000e+01 -9.700962e+00 -6.800000e+01
      vertex   4.100000e+01 -9.500000e+00 -7.500000e+01
      vertex   4.175000e+01 -9.700962e+00 -7.500000e+01
    endloop
  endfacet
  facet normal -7.071068e-01 -7.071068e-01 -1.794391e-16
    outer loop
      vertex   4.175000e+01 -9.700962e+00 -6.800000e+01
      vertex   4.175000e+01 -9.700962e+00 -7.500000e+01
      vertex   4.229904e+01 -1.025000e+01 -6.800000e+01
    endloop
  endfacet
  facet normal -7.071068e-01 -7.071068e-01 -3.588783e-16
    outer loop
      vertex   4.229904e+01 -1.025000e+01 -6.800000e+01
      vertex   4.175000e+01 -9.700962e+00 -7.500000e+01
      vertex   4.229904e+01 -1.025000e+01 -7.500000e+01
    endloop
  endfacet
  facet normal -9.659258e-01 -2.588190e-01 -1.313586e-16
    outer loop
      vertex   4.229904e+01 -1.025000e+01 -6.800000e+01
      vertex   4.229904e+01 -1.025000e+01 -7.500000e+01
      vertex   4.250000e+01 -1.100000e+01 -6.800000e+01
    endloop
  endfacet
  facet normal -9.659258e-01 -2.588190e-01 -0.000000e+00
    outer loop
      vertex   4.250000e+01 -1.100000e+01 -6.800000e+01
      vertex   4.229904e+01 -1.025000e+01 -7.500000e+01
      vertex   4.250000e+01 -1.100000e+01 -7.500000e+01
    endloop
  endfacet
  facet normal -9.659258e-01 2.588190e-01 0.000000e+00
    outer loop
      vertex   4.250000e+01 -1.100000e+01 -6.800000e+01
      vertex   4.250000e+01 -1.100000e+01 -7.500000e+01
      vertex   4.229904e+01 -1.175000e+01 -6.800000e+01
    endloop
  endfacet
  facet normal -9.659258e-01 2.588190e-01 6.567928e-17
    outer loop
      vertex   4.229904e+01 -1.175000e+01 -6.800000e+01
      vertex   4.250000e+01 -1.100000e+01 -7.500000e+01
      vertex   4.229904e+01 -1.175000e+01 -7.500000e+01
    endloop
  endfacet
  facet normal -7.071068e-01 7.071068e-01 1.794391e-16
    outer loop
      vertex   4.229904e+01 -1.175000e+01 -6.800000e+01
      vertex   4.229904e+01 -1.175000e+01 -7.500000e+01
      vertex   4.175000e+01 -1.229904e+01 -6.800000e+01
    endloop
  endfacet
  facet normal -7.071068e-01 7.071068e-01 1.794391e-16
    outer loop
      vertex   4.175000e+01 -1.229904e+01 -6.800000e+01
      vertex   4.229904e+01 -1.175000e+01 -7.500000e+01
      vertex   4.175000e+01 -1.229904e+01 -7.500000e+01
    endloop
  endfacet
  facet normal -2.588190e-01 9.659258e-01 2.451184e-16
    outer loop
      vertex   4.175000e+01 -1.229904e+01 -6.800000e+01
      vertex   4.175000e+01 -1.229904e+01 -7.500000e+01
      vertex   4.100000e+01 -1.250000e+01 -6.800000e+01
    endloop
  endfacet
  facet normal -2.588190e-01 9.659258e-01 0.000000e+00
    outer loop
      vertex   4.100000e+01 -1.250000e+01 -6.800000e+01
      vertex   4.175000e+01 -1.229904e+01 -7.500000e+01
      vertex   4.100000e+01 -1.250000e+01 -7.500000e+01
    endloop
  endfacet
  facet normal 2.588190e-01 9.659258e-01 0.000000e+00
    outer loop
      vertex   4.100000e+01 -1.250000e+01 -6.800000e+01
      vertex   4.100000e+01 -1.250000e+01 -7.500000e+01
      vertex   4.025000e+01 -1.229904e+01 -6.800000e+01
    endloop
  endfacet
  facet normal 2.588190e-01 9.659258e-01 0.000000e+00
    outer loop
      vertex   4.025000e+01 -1.229904e+01 -6.800000e+01
      vertex   4.100000e+01 -1.250000e+01 -7.500000e+01
      vertex   4.025000e+01 -1.229904e+01 -7.500000e+01
    endloop
  endfacet
  facet normal 7.071068e-01 7.071068e-01 0.000000e+00
    outer loop
      vertex   4.025000e+01 -1.229904e+01 -6.800000e+01
      vertex   4.025000e+01 -1.229904e+01 -7.500000e+01
      vertex   3.970096e+01 -1.175000e+01 -6.800000e+01
    endloop
  endfacet
  facet normal 7.071068e-01 7.071068e-01 -1.794391e-16
    outer loop
      vertex   3.970096e+01 -1.175000e+01 -6.800000e+01
      vertex   4.025000e+01 -1.229904e+01 -7.500000e+01
      vertex   3.970096e+01 -1.175000e+01 -7.500000e+01
    endloop
  endfacet
  facet normal 9.659258e-01 2.588190e-01 -6.567928e-17
    outer loop
      vertex   3.970096e+01 -1.175000e+01 -6.800000e+01
      vertex   3.970096e+01 -1.175000e+01 -7.500000e+01
      vertex   3.950000e+01 -1.100000e+01 -6.800000e+01
    endloop
  endfacet
  facet normal 9.659258e-01 2.588190e-01 0.000000e+00
    outer loop
      vertex   3.950000e+01 -1.100000e+01 -6.800000e+01
      vertex   3.970096e+01 -1.175000e+01 -7.500000e+01
      vertex   3.950000e+01 -1.100000e+01 -7.500000e+01
    endloop
  endfacet
  facet normal 9.659258e-01 -2.588190e-01 0.000000e+00
    outer loop
      vertex   3.950000e+01 -1.100000e+01 -6.800000e+01
      vertex   3.950000e+01 -1.100000e+01 -7.500000e+01
      vertex   3.970096e+01 -1.025000e+01 -6.800000e+01
    endloop
  endfacet
  facet normal 9.659258e-01 -2.588190e-01 1.313586e-16
    outer loop
      vertex   3.970096e+01 -1.025000e+01 -6.800000e+01
      vertex   3.950000e+01 -1.100000e+01 -7.500000e+01
      vertex   3.970096e+01 -1.025000e+01 -7.500000e+01
    endloop
  endfacet
  facet normal 7.071068e-01 -7.071068e-01 3.588783e-16
    outer loop
      vertex   3.970096e+01 -1.025000e+01 -6.800000e+01
      vertex   3.970096e+01 -1.025000e+01 -7.500000e+01
      vertex   4.025000e+01 -9.700962e+00 -6.800000e+01
    endloop
  endfacet
  facet normal 7.071068e-01 -7.071068e-01 0.000000e+00
    outer loop
      vertex   4.025000e+01 -9.700962e+00 -6.800000e+01
      vertex   3.970096e+01 -1.025000e+01 -7.500000e+01
      vertex   4.025000e+01 -9.700962e+00 -7.500000e+01
    endloop
  endfacet
  facet normal -1.045285e-01 -9.945219e-01 0.000000e+00
    outer loop
      vertex   1.427350e+01 -1.800000e+01 -7.500000e+01
      vertex   1.427350e+01 -1.800000e+01 -6.800000e+01
      vertex   1.219439e+01 -1.778148e+01 -7.500000e+01
    endloop
  endfacet
  facet normal -1.045285e-01 -9.945219e-01 5.305139e-17
    outer loop
      vertex   1.219439e+01 -1.778148e+01 -7.500000e+01
      vertex   1.427350e+01 -1.800000e+01 -6.800000e+01
      vertex   1.219439e+01 -1.778148e+01 -6.800000e+01
    endloop
  endfacet
  facet normal -3.090170e-01 -9.510565e-01 1.568356e-16
    outer loop
      vertex   1.219439e+01 -1.778148e+01 -7.500000e+01
      vertex   1.219439e+01 -1.778148e+01 -6.800000e+01
      vertex   1.020614e+01 -1.713545e+01 -7.500000e+01
    endloop
  endfacet
  facet normal -3.090170e-01 -9.510565e-01 -4.042724e-16
    outer loop
      vertex   1.020614e+01 -1.713545e+01 -7.500000e+01
      vertex   1.219439e+01 -1.778148e+01 -6.800000e+01
      vertex   1.020614e+01 -1.713545e+01 -6.800000e+01
    endloop
  endfacet
  facet normal -5.000000e-01 -8.660254e-01 -3.126517e-16
    outer loop
      vertex   1.020614e+01 -1.713545e+01 -7.500000e+01
      vertex   1.020614e+01 -1.713545e+01 -6.800000e+01
      vertex   8.395650e+00 -1.609017e+01 -7.500000e+01
    endloop
  endfacet
  facet normal -5.000000e-01 -8.660254e-01 -3.126517e-16
    outer loop
      vertex   8.395650e+00 -1.609017e+01 -7.500000e+01
      vertex   1.020614e+01 -1.713545e+01 -6.800000e+01
      vertex   8.395650e+00 -1.609017e+01 -6.800000e+01
    endloop
  endfacet
  facet normal -6.691306e-01 -7.431448e-01 -2.073666e-16
    outer loop
      vertex   8.395650e+00 -1.609017e+01 -7.500000e+01
      vertex   8.395650e+00 -1.609017e+01 -6.800000e+01
      vertex   6.842054e+00 -1.469131e+01 -7.500000e+01
    endloop
  endfacet
  facet normal -6.691306e-01 -7.431448e-01 -1.224655e-16
    outer loop
      vertex   6.842054e+00 -1.469131e+01 -7.500000e+01
      vertex   8.395650e+00 -1.609017e+01 -6.800000e+01
      vertex   6.842054e+00 -1.469131e+01 -6.800000e+01
    endloop
  endfacet
  facet normal -8.090170e-01 -5.877853e-01 9.631657e-18
    outer loop
      vertex   6.842054e+00 -1.469131e+01 -7.500000e+01
      vertex   6.842054e+00 -1.469131e+01 -6.800000e+01
      vertex   5.613249e+00 -1.300000e+01 -7.500000e+01
    endloop
  endfacet
  facet normal -8.090170e-01 -5.877853e-01 0.000000e+00
    outer loop
      vertex   5.613249e+00 -1.300000e+01 -7.500000e+01
      vertex   6.842054e+00 -1.469131e+01 -6.800000e+01
      vertex   5.613249e+00 -1.300000e+01 -6.800000e+01
    endloop
  endfacet
  facet normal 3.395276e-16 -1.000000e+00 -5.986788e-17
    outer loop
      vertex   5.503139e+01 -5.500000e+00 -3.423982e+01
      vertex   5.575000e+01 -5.500000e+00 -4.500000e+01
      vertex   5.525000e+01 -5.500000e+00 -3.300000e+01
    endloop
  endfacet
  facet normal 1.776357e-15 -1.000000e+00 0.000000e+00
    outer loop
      vertex   5.525000e+01 -5.500000e+00 -3.300000e+01
      vertex   5.575000e+01 -5.500000e+00 -4.500000e+01
      vertex   5.575000e+01 -5.500000e+00 0.000000e+00
    endloop
  endfacet
  facet normal 1.405615e-16 -1.000000e+00 2.478478e-17
    outer loop
      vertex   5.525000e+01 -5.500000e+00 -3.300000e+01
      vertex   5.575000e+01 -5.500000e+00 0.000000e+00
      vertex   5.503139e+01 -5.500000e+00 -3.176018e+01
    endloop
  endfacet
  facet normal 4.661042e-17 -1.000000e+00 2.691054e-17
    outer loop
      vertex   5.503139e+01 -5.500000e+00 -3.176018e+01
      vertex   5.575000e+01 -5.500000e+00 0.000000e+00
      vertex   5.440191e+01 -5.500000e+00 -3.066989e+01
    endloop
  endfacet
  facet normal 2.343538e-17 -1.000000e+00 2.792919e-17
    outer loop
      vertex   5.440191e+01 -5.500000e+00 -3.066989e+01
      vertex   5.575000e+01 -5.500000e+00 0.000000e+00
      vertex   5.343750e+01 -5.500000e+00 -2.986066e+01
    endloop
  endfacet
  facet normal 1.052918e-17 -1.000000e+00 2.892869e-17
    outer loop
      vertex   5.343750e+01 -5.500000e+00 -2.986066e+01
      vertex   5.575000e+01 -5.500000e+00 0.000000e+00
      vertex   5.225447e+01 -5.500000e+00 -2.943007e+01
    endloop
  endfacet
  facet normal 1.076580e-16 -1.000000e+00 1.739232e-17
    outer loop
      vertex   5.225447e+01 -5.500000e+00 -2.943007e+01
      vertex   5.575000e+01 -5.500000e+00 0.000000e+00
      vertex   4.750000e+01 -5.500000e+00 0.000000e+00
    endloop
  endfacet
  facet normal 0.000000e+00 -1.000000e+00 0.000000e+00
    outer loop
      vertex   5.225447e+01 -5.500000e+00 -2.943007e+01
      vertex   4.750000e+01 -5.500000e+00 0.000000e+00
      vertex   5.099553e+01 -5.500000e+00 -2.943007e+01
    endloop
  endfacet
  facet normal -0.000000e+00 -1.000000e+00 0.000000e+00
    outer loop
      vertex   5.099553e+01 -5.500000e+00 -2.943007e+01
      vertex   4.750000e+01 -5.500000e+00 0.000000e+00
      vertex   4.981250e+01 -5.500000e+00 -2.986066e+01
    endloop
  endfacet
  facet normal -0.000000e+00 -1.000000e+00 0.000000e+00
    outer loop
      vertex   4.981250e+01 -5.500000e+00 -2.986066e+01
      vertex   4.750000e+01 -5.500000e+00 0.000000e+00
      vertex   4.884809e+01 -5.500000e+00 -3.066989e+01
    endloop
  endfacet
  facet normal -0.000000e+00 -1.000000e+00 0.000000e+00
    outer loop
      vertex   4.884809e+01 -5.500000e+00 -3.066989e+01
      vertex   4.750000e+01 -5.500000e+00 0.000000e+00
      vertex   4.821861e+01 -5.500000e+00 -3.176018e+01
    endloop
  endfacet
  facet normal 0.000000e+00 -1.000000e+00 0.000000e+00
    outer loop
      vertex   4.821861e+01 -5.500000e+00 -3.176018e+01
      vertex   4.750000e+01 -5.500000e+00 0.000000e+00
      vertex   1.237198e+01 -5.500000e+00 8.436337e+00
    endloop
  endfacet
  facet normal 0.000000e+00 -1.000000e+00 0.000000e+00
    outer loop
      vertex   4.821861e+01 -5.500000e+00 -3.176018e+01
      vertex   1.237198e+01 -5.500000e+00 8.436337e+00
      vertex   1.157004e+01 -5.500000e+00 8.050144e+00
    endloop
  endfacet
  facet normal 1.281457e-16 -1.000000e+00 -7.398495e-17
    outer loop
      vertex   5.503139e+01 -5.500000e+00 -3.423982e+01
      vertex   5.440191e+01 -5.500000e+00 -3.533011e+01
      vertex   5.575000e+01 -5.500000e+00 -4.500000e+01
    endloop
  endfacet
  facet normal 6.899963e-17 -1.000000e+00 -8.223055e-17
    outer loop
      vertex   5.575000e+01 -5.500000e+00 -4.500000e+01
      vertex   5.440191e+01 -5.500000e+00 -3.533011e+01
      vertex   5.343750e+01 -5.500000e+00 -3.613934e+01
    endloop
  endfacet
  facet normal 3.331882e-17 -1.000000e+00 -9.154271e-17
    outer loop
      vertex   5.575000e+01 -5.500000e+00 -4.500000e+01
      vertex   5.343750e+01 -5.500000e+00 -3.613934e+01
      vertex   5.225447e+01 -5.500000e+00 -3.656993e+01
    endloop
  endfacet
  facet normal -0.000000e+00 -1.000000e+00 -1.053583e-16
    outer loop
      vertex   5.225447e+01 -5.500000e+00 -3.656993e+01
      vertex   5.099553e+01 -5.500000e+00 -3.656993e+01
      vertex   5.575000e+01 -5.500000e+00 -4.500000e+01
    endloop
  endfacet
  facet normal -0.000000e+00 -1.000000e+00 -1.053583e-16
    outer loop
      vertex   5.575000e+01 -5.500000e+00 -4.500000e+01
      vertex   5.099553e+01 -5.500000e+00 -3.656993e+01
      vertex   4.750000e+01 -5.500000e+00 -4.500000e+01
    endloop
  endfacet
  facet normal -3.331882e-17 -1.000000e+00 -9.154271e-17
    outer loop
      vertex   4.750000e+01 -5.500000e+00 -4.500000e+01
      vertex   5.099553e+01 -5.500000e+00 -3.656993e+01
      vertex   4.981250e+01 -5.500000e+00 -3.613934e+01
    endloop
  endfacet
  facet normal -6.899963e-17 -1.000000e+00 -8.223055e-17
    outer loop
      vertex   4.750000e+01 -5.500000e+00 -4.500000e+01
      vertex   4.981250e+01 -5.500000e+00 -3.613934e+01
      vertex   4.884809e+01 -5.500000e+00 -3.533011e+01
    endloop
  endfacet
  facet normal -1.281457e-16 -1.000000e+00 -7.398495e-17
    outer loop
      vertex   4.884809e+01 -5.500000e+00 -3.533011e+01
      vertex   4.821861e+01 -5.500000e+00 -3.423982e+01
      vertex   4.750000e+01 -5.500000e+00 -4.500000e+01
    endloop
  endfacet
  facet normal -3.395276e-16 -1.000000e+00 -5.986788e-17
    outer loop
      vertex   4.750000e+01 -5.500000e+00 -4.500000e+01
      vertex   4.821861e+01 -5.500000e+00 -3.423982e+01
      vertex   4.800000e+01 -5.500000e+00 -3.300000e+01
    endloop
  endfacet
  facet normal -9.264446e-17 -1.000000e+00 -7.015468e-17
    outer loop
      vertex   4.750000e+01 -5.500000e+00 -4.500000e+01
      vertex   4.800000e+01 -5.500000e+00 -3.300000e+01
      vertex   -7.250000e+00 -5.500000e+00 -3.600000e+01
    endloop
  endfacet
  facet normal -9.507056e-17 -1.000000e+00 -2.547408e-17
    outer loop
      vertex   -7.250000e+00 -5.500000e+00 -3.600000e+01
      vertex   4.800000e+01 -5.500000e+00 -3.300000e+01
      vertex   -7.450962e+00 -5.500000e+00 -3.525000e+01
    endloop
  endfacet
  facet normal -9.679676e-17 -1.000000e+00 1.706788e-17
    outer loop
      vertex   -7.450962e+00 -5.500000e+00 -3.525000e+01
      vertex   4.800000e+01 -5.500000e+00 -3.300000e+01
      vertex   4.821861e+01 -5.500000e+00 -3.176018e+01
    endloop
  endfacet
  facet normal -9.050387e-17 -1.000000e+00 -8.331603e-17
    outer loop
      vertex   -7.450962e+00 -5.500000e+00 -3.525000e+01
      vertex   4.821861e+01 -5.500000e+00 -3.176018e+01
      vertex   1.157004e+01 -5.500000e+00 8.050144e+00
    endloop
  endfacet
  facet normal 6.407649e-16 -1.000000e+00 -1.716924e-16
    outer loop
      vertex   -1.004904e+01 -5.500000e+00 4.750000e+00
      vertex   -1.737802e+01 -5.500000e+00 8.436337e+00
      vertex   -1.025000e+01 -5.500000e+00 4.000000e+00
    endloop
  endfacet
  facet normal 3.261331e-16 -1.000000e+00 -6.772224e-16
    outer loop
      vertex   -1.025000e+01 -5.500000e+00 4.000000e+00
      vertex   -1.737802e+01 -5.500000e+00 8.436337e+00
      vertex   -1.817996e+01 -5.500000e+00 8.050144e+00
    endloop
  endfacet
  facet normal 7.785660e-16 -1.000000e+00 2.086161e-16
    outer loop
      vertex   -1.025000e+01 -5.500000e+00 4.000000e+00
      vertex   -1.817996e+01 -5.500000e+00 8.050144e+00
      vertex   -1.004904e+01 -5.500000e+00 3.250000e+00
    endloop
  endfacet
  facet normal 0.000000e+00 -1.000000e+00 -1.110190e-15
    outer loop
      vertex   -1.004904e+01 -5.500000e+00 3.250000e+00
      vertex   -1.817996e+01 -5.500000e+00 8.050144e+00
      vertex   -1.907004e+01 -5.500000e+00 8.050144e+00
    endloop
  endfacet
  facet normal 1.262556e-15 -1.000000e+00 1.262556e-15
    outer loop
      vertex   -1.004904e+01 -5.500000e+00 3.250000e+00
      vertex   -1.907004e+01 -5.500000e+00 8.050144e+00
      vertex   -9.500000e+00 -5.500000e+00 2.700962e+00
    endloop
  endfacet
  facet normal 5.568492e-16 -1.000000e+00 -2.644685e-32
    outer loop
      vertex   -9.500000e+00 -5.500000e+00 2.700962e+00
      vertex   -1.907004e+01 -5.500000e+00 8.050144e+00
      vertex   -9.500000e+00 -5.500000e+00 -3.470096e+01
    endloop
  endfacet
  facet normal 0.000000e+00 -1.000000e+00 -0.000000e+00
    outer loop
      vertex   -9.500000e+00 -5.500000e+00 2.700962e+00
      vertex   -9.500000e+00 -5.500000e+00 -3.470096e+01
      vertex   -8.750000e+00 -5.500000e+00 -3.450000e+01
    endloop
  endfacet
  facet normal 5.189606e-16 -1.000000e+00 -4.138573e-16
    outer loop
      vertex   -1.737802e+01 -5.500000e+00 8.436337e+00
      vertex   -1.004904e+01 -5.500000e+00 4.750000e+00
      vertex   -1.682306e+01 -5.500000e+00 9.132233e+00
    endloop
  endfacet
  facet normal 4.776755e-16 -1.000000e+00 -4.776755e-16
    outer loop
      vertex   -1.682306e+01 -5.500000e+00 9.132233e+00
      vertex   -1.004904e+01 -5.500000e+00 4.750000e+00
      vertex   -9.500000e+00 -5.500000e+00 5.299038e+00
    endloop
  endfacet
  facet normal 6.500481e-16 -1.000000e+00 -1.483692e-16
    outer loop
      vertex   -1.682306e+01 -5.500000e+00 9.132233e+00
      vertex   -9.500000e+00 -5.500000e+00 5.299038e+00
      vertex   -1.662500e+01 -5.500000e+00 1.000000e+01
    endloop
  endfacet
  facet normal 2.160210e-16 -1.000000e+00 -8.062012e-16
    outer loop
      vertex   -1.662500e+01 -5.500000e+00 1.000000e+01
      vertex   -9.500000e+00 -5.500000e+00 5.299038e+00
      vertex   -8.750000e+00 -5.500000e+00 5.500000e+00
    endloop
  endfacet
  facet normal 7.782046e-16 -1.000000e+00 1.776201e-16
    outer loop
      vertex   -1.662500e+01 -5.500000e+00 1.000000e+01
      vertex   -8.750000e+00 -5.500000e+00 5.500000e+00
      vertex   -1.682306e+01 -5.500000e+00 1.086777e+01
    endloop
  endfacet
  facet normal -4.455849e-16 -1.000000e+00 -1.662946e-15
    outer loop
      vertex   -1.682306e+01 -5.500000e+00 1.086777e+01
      vertex   -8.750000e+00 -5.500000e+00 5.500000e+00
      vertex   -8.000000e+00 -5.500000e+00 5.299038e+00
    endloop
  endfacet
  facet normal 1.216086e-15 -1.000000e+00 9.697964e-16
    outer loop
      vertex   -1.682306e+01 -5.500000e+00 1.086777e+01
      vertex   -8.000000e+00 -5.500000e+00 5.299038e+00
      vertex   -1.737802e+01 -5.500000e+00 1.156366e+01
    endloop
  endfacet
  facet normal 0.000000e+00 -1.000000e+00 -8.506608e-16
    outer loop
      vertex   -1.737802e+01 -5.500000e+00 1.156366e+01
      vertex   -8.000000e+00 -5.500000e+00 5.299038e+00
      vertex   9.878020e+00 -5.500000e+00 1.156366e+01
    endloop
  endfacet
  facet normal 0.000000e+00 -1.000000e+00 0.000000e+00
    outer loop
      vertex   -1.737802e+01 -5.500000e+00 1.156366e+01
      vertex   9.878020e+00 -5.500000e+00 1.156366e+01
      vertex   -1.817996e+01 -5.500000e+00 1.194986e+01
    endloop
  endfacet
  facet normal 0.000000e+00 -1.000000e+00 0.000000e+00
    outer loop
      vertex   -1.817996e+01 -5.500000e+00 1.194986e+01
      vertex   9.878020e+00 -5.500000e+00 1.156366e+01
      vertex   1.067996e+01 -5.500000e+00 1.194986e+01
    endloop
  endfacet
  facet normal 0.000000e+00 -1.000000e+00 0.000000e+00
    outer loop
      vertex   -1.817996e+01 -5.500000e+00 1.194986e+01
      vertex   1.067996e+01 -5.500000e+00 1.194986e+01
      vertex   -3.350000e+01 -5.500000e+00 2.000000e+01
    endloop
  endfacet
  facet normal 0.000000e+00 -1.000000e+00 0.000000e+00
    outer loop
      vertex   -3.350000e+01 -5.500000e+00 2.000000e+01
      vertex   1.067996e+01 -5.500000e+00 1.194986e+01
      vertex   3.750000e+01 -5.500000e+00 2.000000e+01
    endloop
  endfacet
  facet normal 0.000000e+00 -1.000000e+00 0.000000e+00
    outer loop
      vertex   3.750000e+01 -5.500000e+00 2.000000e+01
      vertex   1.067996e+01 -5.500000e+00 1.194986e+01
      vertex   1.157004e+01 -5.500000e+00 1.194986e+01
    endloop
  endfacet
  facet normal 0.000000e+00 -1.000000e+00 0.000000e+00
    outer loop
      vertex   3.750000e+01 -5.500000e+00 2.000000e+01
      vertex   1.157004e+01 -5.500000e+00 1.194986e+01
      vertex   1.237198e+01 -5.500000e+00 1.156366e+01
    endloop
  endfacet
  facet normal -2.441620e-16 -1.000000e+00 -2.441620e-16
    outer loop
      vertex   -7.450962e+00 -5.500000e+00 4.750000e+00
      vertex   9.125000e+00 -5.500000e+00 1.000000e+01
      vertex   -8.000000e+00 -5.500000e+00 5.299038e+00
    endloop
  endfacet
  facet normal -3.319872e-16 -1.000000e+00 7.577391e-17
    outer loop
      vertex   -8.000000e+00 -5.500000e+00 5.299038e+00
      vertex   9.125000e+00 -5.500000e+00 1.000000e+01
      vertex   9.323062e+00 -5.500000e+00 1.086777e+01
    endloop
  endfacet
  facet normal -4.136787e-16 -1.000000e+00 3.298978e-16
    outer loop
      vertex   -8.000000e+00 -5.500000e+00 5.299038e+00
      vertex   9.323062e+00 -5.500000e+00 1.086777e+01
      vertex   9.878020e+00 -5.500000e+00 1.156366e+01
    endloop
  endfacet
  facet normal -2.998199e-16 -1.000000e+00 -6.843193e-17
    outer loop
      vertex   9.125000e+00 -5.500000e+00 1.000000e+01
      vertex   -7.450962e+00 -5.500000e+00 4.750000e+00
      vertex   9.323062e+00 -5.500000e+00 9.132233e+00
    endloop
  endfacet
  facet normal -2.969133e-16 -1.000000e+00 -7.955767e-17
    outer loop
      vertex   9.323062e+00 -5.500000e+00 9.132233e+00
      vertex   -7.450962e+00 -5.500000e+00 4.750000e+00
      vertex   -7.250000e+00 -5.500000e+00 4.000000e+00
    endloop
  endfacet
  facet normal -2.578681e-16 -1.000000e+00 -2.056429e-16
    outer loop
      vertex   9.323062e+00 -5.500000e+00 9.132233e+00
      vertex   -7.250000e+00 -5.500000e+00 4.000000e+00
      vertex   9.878020e+00 -5.500000e+00 8.436337e+00
    endloop
  endfacet
  facet normal -3.343351e-16 -1.000000e+00 8.958483e-17
    outer loop
      vertex   9.878020e+00 -5.500000e+00 8.436337e+00
      vertex   -7.250000e+00 -5.500000e+00 4.000000e+00
      vertex   -7.450962e+00 -5.500000e+00 3.250000e+00
    endloop
  endfacet
  facet normal -1.896566e-16 -1.000000e+00 -3.938260e-16
    outer loop
      vertex   9.878020e+00 -5.500000e+00 8.436337e+00
      vertex   -7.450962e+00 -5.500000e+00 3.250000e+00
      vertex   1.067996e+01 -5.500000e+00 8.050144e+00
    endloop
  endfacet
  facet normal -3.997570e-16 -1.000000e+00 3.997570e-16
    outer loop
      vertex   1.067996e+01 -5.500000e+00 8.050144e+00
      vertex   -7.450962e+00 -5.500000e+00 3.250000e+00
      vertex   -8.000000e+00 -5.500000e+00 2.700962e+00
    endloop
  endfacet
  facet normal -2.852828e-16 -1.000000e+00 1.806552e-32
    outer loop
      vertex   1.067996e+01 -5.500000e+00 8.050144e+00
      vertex   -8.000000e+00 -5.500000e+00 2.700962e+00
      vertex   -8.000000e+00 -5.500000e+00 -3.470096e+01
    endloop
  endfacet
  facet normal 0.000000e+00 -1.000000e+00 0.000000e+00
    outer loop
      vertex   -8.000000e+00 -5.500000e+00 -3.470096e+01
      vertex   -8.000000e+00 -5.500000e+00 2.700962e+00
      vertex   -8.750000e+00 -5.500000e+00 -3.450000e+01
    endloop
  endfacet
  facet normal 0.000000e+00 -1.000000e+00 0.000000e+00
    outer loop
      vertex   -8.750000e+00 -5.500000e+00 -3.450000e+01
      vertex   -8.000000e+00 -5.500000e+00 2.700962e+00
      vertex   -8.750000e+00 -5.500000e+00 2.500000e+00
    endloop
  endfacet
  facet normal 0.000000e+00 -1.000000e+00 0.000000e+00
    outer loop
      vertex   -8.750000e+00 -5.500000e+00 -3.450000e+01
      vertex   -8.750000e+00 -5.500000e+00 2.500000e+00
      vertex   -9.500000e+00 -5.500000e+00 2.700962e+00
    endloop
  endfacet
  facet normal 2.475338e-16 -1.000000e+00 -6.632647e-17
    outer loop
      vertex   -1.004904e+01 -5.500000e+00 -3.525000e+01
      vertex   -1.987198e+01 -5.500000e+00 8.436337e+00
      vertex   -1.025000e+01 -5.500000e+00 -3.600000e+01
    endloop
  endfacet
  facet normal -1.246648e-16 -1.000000e+00 -1.469201e-16
    outer loop
      vertex   -1.025000e+01 -5.500000e+00 -3.600000e+01
      vertex   -1.987198e+01 -5.500000e+00 8.436337e+00
      vertex   -3.350000e+01 -5.500000e+00 2.000000e+01
    endloop
  endfacet
  facet normal 4.093563e-16 -1.000000e+00 7.479397e-17
    outer loop
      vertex   -1.025000e+01 -5.500000e+00 -3.600000e+01
      vertex   -3.350000e+01 -5.500000e+00 2.000000e+01
      vertex   -3.350000e+01 -5.500000e+00 -7.500000e+01
    endloop
  endfacet
  facet normal -6.587829e-17 -1.000000e+00 -1.367977e-16
    outer loop
      vertex   -1.987198e+01 -5.500000e+00 8.436337e+00
      vertex   -1.004904e+01 -5.500000e+00 -3.525000e+01
      vertex   -1.907004e+01 -5.500000e+00 8.050144e+00
    endloop
  endfacet
  facet normal 1.018531e-16 -1.000000e+00 -1.018531e-16
    outer loop
      vertex   -1.907004e+01 -5.500000e+00 8.050144e+00
      vertex   -1.004904e+01 -5.500000e+00 -3.525000e+01
      vertex   -9.500000e+00 -5.500000e+00 -3.470096e+01
    endloop
  endfacet
  facet normal -8.674879e-17 -1.000000e+00 -8.674879e-17
    outer loop
      vertex   -8.000000e+00 -5.500000e+00 -3.470096e+01
      vertex   -7.450962e+00 -5.500000e+00 -3.525000e+01
      vertex   1.067996e+01 -5.500000e+00 8.050144e+00
    endloop
  endfacet
  facet normal 0.000000e+00 -1.000000e+00 -1.230728e-16
    outer loop
      vertex   1.067996e+01 -5.500000e+00 8.050144e+00
      vertex   -7.450962e+00 -5.500000e+00 -3.525000e+01
      vertex   1.157004e+01 -5.500000e+00 8.050144e+00
    endloop
  endfacet
  facet normal -5.245381e-17 -1.000000e+00 1.743384e-16
    outer loop
      vertex   4.750000e+01 -5.500000e+00 -4.500000e+01
      vertex   -7.250000e+00 -5.500000e+00 -3.600000e+01
      vertex   1.283122e+00 -5.500000e+00 -6.400000e+01
    endloop
  endfacet
  facet normal -3.323254e-16 -1.000000e+00 8.904633e-17
    outer loop
      vertex   1.283122e+00 -5.500000e+00 -6.400000e+01
      vertex   -7.250000e+00 -5.500000e+00 -3.600000e+01
      vertex   -7.450962e+00 -5.500000e+00 -3.675000e+01
    endloop
  endfacet
  facet normal -1.480952e-16 -1.000000e+00 1.480952e-16
    outer loop
      vertex   1.283122e+00 -5.500000e+00 -6.400000e+01
      vertex   -7.450962e+00 -5.500000e+00 -3.675000e+01
      vertex   -8.000000e+00 -5.500000e+00 -3.729904e+01
    endloop
  endfacet
  facet normal -4.892086e-17 -1.000000e+00 1.825752e-16
    outer loop
      vertex   -8.000000e+00 -5.500000e+00 -3.729904e+01
      vertex   -8.750000e+00 -5.500000e+00 -3.750000e+01
      vertex   1.283122e+00 -5.500000e+00 -6.400000e+01
    endloop
  endfacet
  facet normal 5.996733e-17 -1.000000e+00 2.238011e-16
    outer loop
      vertex   1.283122e+00 -5.500000e+00 -6.400000e+01
      vertex   -8.750000e+00 -5.500000e+00 -3.750000e+01
      vertex   -9.500000e+00 -5.500000e+00 -3.729904e+01
    endloop
  endfacet
  facet normal 1.251741e-16 -1.000000e+00 2.501347e-16
    outer loop
      vertex   1.283122e+00 -5.500000e+00 -6.400000e+01
      vertex   -9.500000e+00 -5.500000e+00 -3.729904e+01
      vertex   -3.350000e+01 -5.500000e+00 -7.500000e+01
    endloop
  endfacet
  facet normal 2.015284e-16 -1.000000e+00 2.015284e-16
    outer loop
      vertex   -3.350000e+01 -5.500000e+00 -7.500000e+01
      vertex   -9.500000e+00 -5.500000e+00 -3.729904e+01
      vertex   -1.004904e+01 -5.500000e+00 -3.675000e+01
    endloop
  endfacet
  facet normal 3.689760e-16 -1.000000e+00 9.886682e-17
    outer loop
      vertex   -3.350000e+01 -5.500000e+00 -7.500000e+01
      vertex   -1.004904e+01 -5.500000e+00 -3.675000e+01
      vertex   -1.025000e+01 -5.500000e+00 -3.600000e+01
    endloop
  endfacet
  facet normal 0.000000e+00 -1.000000e+00 0.000000e+00
    outer loop
      vertex   -1.987198e+01 -5.500000e+00 8.436337e+00
      vertex   -2.042694e+01 -5.500000e+00 9.132233e+00
      vertex   -3.350000e+01 -5.500000e+00 2.000000e+01
    endloop
  endfacet
  facet normal 0.000000e+00 -1.000000e+00 0.000000e+00
    outer loop
      vertex   -3.350000e+01 -5.500000e+00 2.000000e+01
      vertex   -2.042694e+01 -5.500000e+00 9.132233e+00
      vertex   -2.062500e+01 -5.500000e+00 1.000000e+01
    endloop
  endfacet
  facet normal 0.000000e+00 -1.000000e+00 0.000000e+00
    outer loop
      vertex   -3.350000e+01 -5.500000e+00 2.000000e+01
      vertex   -2.062500e+01 -5.500000e+00 1.000000e+01
      vertex   -2.042694e+01 -5.500000e+00 1.086777e+01
    endloop
  endfacet
  facet normal 0.000000e+00 -1.000000e+00 0.000000e+00
    outer loop
      vertex   -2.042694e+01 -5.500000e+00 1.086777e+01
      vertex   -1.987198e+01 -5.500000e+00 1.156366e+01
      vertex   -3.350000e+01 -5.500000e+00 2.000000e+01
    endloop
  endfacet
  facet normal 0.000000e+00 -1.000000e+00 0.000000e+00
    outer loop
      vertex   -3.350000e+01 -5.500000e+00 2.000000e+01
      vertex   -1.987198e+01 -5.500000e+00 1.156366e+01
      vertex   -1.907004e+01 -5.500000e+00 1.194986e+01
    endloop
  endfacet
  facet normal 0.000000e+00 -1.000000e+00 0.000000e+00
    outer loop
      vertex   -3.350000e+01 -5.500000e+00 2.000000e+01
      vertex   -1.907004e+01 -5.500000e+00 1.194986e+01
      vertex   -1.817996e+01 -5.500000e+00 1.194986e+01
    endloop
  endfacet
  facet normal 0.000000e+00 -1.000000e+00 0.000000e+00
    outer loop
      vertex   1.292694e+01 -5.500000e+00 9.132233e+00
      vertex   3.907306e+01 -5.500000e+00 9.132233e+00
      vertex   1.312500e+01 -5.500000e+00 1.000000e+01
    endloop
  endfacet
  facet normal 0.000000e+00 -1.000000e+00 0.000000e+00
    outer loop
      vertex   1.312500e+01 -5.500000e+00 1.000000e+01
      vertex   3.907306e+01 -5.500000e+00 9.132233e+00
      vertex   3.887500e+01 -5.500000e+00 1.000000e+01
    endloop
  endfacet
  facet normal 0.000000e+00 -1.000000e+00 0.000000e+00
    outer loop
      vertex   1.312500e+01 -5.500000e+00 1.000000e+01
      vertex   3.887500e+01 -5.500000e+00 1.000000e+01
      vertex   3.750000e+01 -5.500000e+00 2.000000e+01
    endloop
  endfacet
  facet normal 0.000000e+00 -1.000000e+00 0.000000e+00
    outer loop
      vertex   3.750000e+01 -5.500000e+00 2.000000e+01
      vertex   3.887500e+01 -5.500000e+00 1.000000e+01
      vertex   3.907306e+01 -5.500000e+00 1.086777e+01
    endloop
  endfacet
  facet normal 0.000000e+00 -1.000000e+00 0.000000e+00
    outer loop
      vertex   3.750000e+01 -5.500000e+00 2.000000e+01
      vertex   3.907306e+01 -5.500000e+00 1.086777e+01
      vertex   3.962802e+01 -5.500000e+00 1.156366e+01
    endloop
  endfacet
  facet normal -0.000000e+00 -1.000000e+00 -0.000000e+00
    outer loop
      vertex   3.907306e+01 -5.500000e+00 9.132233e+00
      vertex   1.292694e+01 -5.500000e+00 9.132233e+00
      vertex   3.962802e+01 -5.500000e+00 8.436337e+00
    endloop
  endfacet
  facet normal 0.000000e+00 -1.000000e+00 0.000000e+00
    outer loop
      vertex   3.962802e+01 -5.500000e+00 8.436337e+00
      vertex   1.292694e+01 -5.500000e+00 9.132233e+00
      vertex   1.237198e+01 -5.500000e+00 8.436337e+00
    endloop
  endfacet
  facet normal -0.000000e+00 -1.000000e+00 -0.000000e+00
    outer loop
      vertex   3.962802e+01 -5.500000e+00 8.436337e+00
      vertex   1.237198e+01 -5.500000e+00 8.436337e+00
      vertex   4.750000e+01 -5.500000e+00 0.000000e+00
    endloop
  endfacet
  facet normal 0.000000e+00 -1.000000e+00 0.000000e+00
    outer loop
      vertex   1.237198e+01 -5.500000e+00 1.156366e+01
      vertex   1.292694e+01 -5.500000e+00 1.086777e+01
      vertex   3.750000e+01 -5.500000e+00 2.000000e+01
    endloop
  endfacet
  facet normal 0.000000e+00 -1.000000e+00 0.000000e+00
    outer loop
      vertex   3.750000e+01 -5.500000e+00 2.000000e+01
      vertex   1.292694e+01 -5.500000e+00 1.086777e+01
      vertex   1.312500e+01 -5.500000e+00 1.000000e+01
    endloop
  endfacet
  facet normal 0.000000e+00 -1.000000e+00 0.000000e+00
    outer loop
      vertex   4.267694e+01 -5.500000e+00 1.086777e+01
      vertex   4.287500e+01 -5.500000e+00 1.000000e+01
      vertex   4.750000e+01 -5.500000e+00 1.000000e+01
    endloop
  endfacet
  facet normal -0.000000e+00 -1.000000e+00 0.000000e+00
    outer loop
      vertex   4.750000e+01 -5.500000e+00 1.000000e+01
      vertex   4.287500e+01 -5.500000e+00 1.000000e+01
      vertex   4.267694e+01 -5.500000e+00 9.132233e+00
    endloop
  endfacet
  facet normal 0.000000e+00 -1.000000e+00 0.000000e+00
    outer loop
      vertex   4.750000e+01 -5.500000e+00 1.000000e+01
      vertex   4.267694e+01 -5.500000e+00 9.132233e+00
      vertex   4.212198e+01 -5.500000e+00 8.436337e+00
    endloop
  endfacet
  facet normal 0.000000e+00 -1.000000e+00 -0.000000e+00
    outer loop
      vertex   4.750000e+01 -5.500000e+00 1.000000e+01
      vertex   4.212198e+01 -5.500000e+00 8.436337e+00
      vertex   4.750000e+01 -5.500000e+00 0.000000e+00
    endloop
  endfacet
  facet normal 0.000000e+00 -1.000000e+00 0.000000e+00
    outer loop
      vertex   4.750000e+01 -5.500000e+00 0.000000e+00
      vertex   4.212198e+01 -5.500000e+00 8.436337e+00
      vertex   4.132004e+01 -5.500000e+00 8.050144e+00
    endloop
  endfacet
  facet normal 0.000000e+00 -1.000000e+00 0.000000e+00
    outer loop
      vertex   4.750000e+01 -5.500000e+00 0.000000e+00
      vertex   4.132004e+01 -5.500000e+00 8.050144e+00
      vertex   4.042996e+01 -5.500000e+00 8.050144e+00
    endloop
  endfacet
  facet normal -0.000000e+00 -1.000000e+00 -0.000000e+00
    outer loop
      vertex   4.042996e+01 -5.500000e+00 8.050144e+00
      vertex   3.962802e+01 -5.500000e+00 8.436337e+00
      vertex   4.750000e+01 -5.500000e+00 0.000000e+00
    endloop
  endfacet
  facet normal 0.000000e+00 -1.000000e+00 0.000000e+00
    outer loop
      vertex   3.962802e+01 -5.500000e+00 1.156366e+01
      vertex   4.042996e+01 -5.500000e+00 1.194986e+01
      vertex   3.750000e+01 -5.500000e+00 2.000000e+01
    endloop
  endfacet
  facet normal 0.000000e+00 -1.000000e+00 0.000000e+00
    outer loop
      vertex   3.750000e+01 -5.500000e+00 2.000000e+01
      vertex   4.042996e+01 -5.500000e+00 1.194986e+01
      vertex   4.132004e+01 -5.500000e+00 1.194986e+01
    endloop
  endfacet
  facet normal 0.000000e+00 -1.000000e+00 0.000000e+00
    outer loop
      vertex   3.750000e+01 -5.500000e+00 2.000000e+01
      vertex   4.132004e+01 -5.500000e+00 1.194986e+01
      vertex   4.212198e+01 -5.500000e+00 1.156366e+01
    endloop
  endfacet
  facet normal 0.000000e+00 -1.000000e+00 0.000000e+00
    outer loop
      vertex   3.750000e+01 -5.500000e+00 2.000000e+01
      vertex   4.212198e+01 -5.500000e+00 1.156366e+01
      vertex   4.750000e+01 -5.500000e+00 1.000000e+01
    endloop
  endfacet
  facet normal 0.000000e+00 -1.000000e+00 0.000000e+00
    outer loop
      vertex   4.750000e+01 -5.500000e+00 1.000000e+01
      vertex   4.212198e+01 -5.500000e+00 1.156366e+01
      vertex   4.267694e+01 -5.500000e+00 1.086777e+01
    endloop
  endfacet
  facet normal 1.921762e-17 -1.000000e+00 0.000000e+00
    outer loop
      vertex   4.750000e+01 -5.500000e+00 -6.400000e+01
      vertex   4.750000e+01 -5.500000e+00 -4.500000e+01
      vertex   1.283122e+00 -5.500000e+00 -6.400000e+01
    endloop
  endfacet
  facet normal 1.532085e-16 -1.000000e+00 1.614870e-16
    outer loop
      vertex   -3.350000e+01 -5.500000e+00 -7.500000e+01
      vertex   1.283122e+00 -5.500000e+00 -7.500000e+01
      vertex   1.283122e+00 -5.500000e+00 -6.400000e+01
    endloop
  endfacet
  facet normal -8.660254e-01 -5.000000e-01 -0.000000e+00
    outer loop
      vertex   5.613249e+00 -1.300000e+01 -6.800000e+01
      vertex   3.592523e+00 -9.500000e+00 -6.800000e+01
      vertex   5.613249e+00 -1.300000e+01 -7.500000e+01
    endloop
  endfacet
  facet normal -8.660254e-01 -5.000000e-01 2.344183e-16
    outer loop
      vertex   5.613249e+00 -1.300000e+01 -7.500000e+01
      vertex   3.592523e+00 -9.500000e+00 -6.800000e+01
      vertex   1.283122e+00 -5.500000e+00 -7.500000e+01
    endloop
  endfacet
  facet normal -8.660254e-01 -5.000000e-01 -5.065721e-15
    outer loop
      vertex   1.283122e+00 -5.500000e+00 -7.500000e+01
      vertex   3.592523e+00 -9.500000e+00 -6.800000e+01
      vertex   3.141981e+00 -8.719639e+00 -6.792314e+01
    endloop
  endfacet
  facet normal -8.660254e-01 -5.000000e-01 -5.091291e-16
    outer loop
      vertex   1.283122e+00 -5.500000e+00 -7.500000e+01
      vertex   3.141981e+00 -8.719639e+00 -6.792314e+01
      vertex   2.708753e+00 -7.969266e+00 -6.769552e+01
    endloop
  endfacet
  facet normal -8.660254e-01 -5.000000e-01 -3.224212e-16
    outer loop
      vertex   2.708753e+00 -7.969266e+00 -6.769552e+01
      vertex   2.309488e+00 -7.277719e+00 -6.732588e+01
      vertex   1.283122e+00 -5.500000e+00 -7.500000e+01
    endloop
  endfacet
  facet normal -8.660254e-01 -5.000000e-01 -3.820938e-16
    outer loop
      vertex   1.283122e+00 -5.500000e+00 -7.500000e+01
      vertex   2.309488e+00 -7.277719e+00 -6.732588e+01
      vertex   1.959530e+00 -6.671573e+00 -6.682843e+01
    endloop
  endfacet
  facet normal -8.660254e-01 -5.000000e-01 -3.926383e-16
    outer loop
      vertex   1.283122e+00 -5.500000e+00 -7.500000e+01
      vertex   1.959530e+00 -6.671573e+00 -6.682843e+01
      vertex   1.672326e+00 -6.174122e+00 -6.622228e+01
    endloop
  endfacet
  facet normal -8.660254e-01 -5.000000e-01 -2.655825e-16
    outer loop
      vertex   1.672326e+00 -6.174122e+00 -6.622228e+01
      vertex   1.458914e+00 -5.804482e+00 -6.553073e+01
      vertex   1.283122e+00 -5.500000e+00 -7.500000e+01
    endloop
  endfacet
  facet normal -8.660254e-01 -5.000000e-01 -2.653111e-16
    outer loop
      vertex   1.283122e+00 -5.500000e+00 -7.500000e+01
      vertex   1.458914e+00 -5.804482e+00 -6.553073e+01
      vertex   1.327496e+00 -5.576859e+00 -6.478036e+01
    endloop
  endfacet
  facet normal -8.660254e-01 -5.000000e-01 -4.437009e-16
    outer loop
      vertex   1.283122e+00 -5.500000e+00 -7.500000e+01
      vertex   1.327496e+00 -5.576859e+00 -6.478036e+01
      vertex   1.283122e+00 -5.500000e+00 -6.400000e+01
    endloop
  endfacet
  facet normal 2.501911e-16 3.555429e-31 1.000000e+00
    outer loop
      vertex   -3.350000e+01 -5.500000e+00 2.000000e+01
      vertex   3.750000e+01 -5.500000e+00 2.000000e+01
      vertex   -3.350000e+01 -5.000000e-01 2.000000e+01
    endloop
  endfacet
  facet normal 2.501911e-16 0.000000e+00 1.000000e+00
    outer loop
      vertex   -3.350000e+01 -5.000000e-01 2.000000e+01
      vertex   3.750000e+01 -5.500000e+00 2.000000e+01
      vertex   3.750000e+01 -5.000000e-01 2.000000e+01
    endloop
  endfacet
  facet normal 9.659258e-01 0.000000e+00 -2.588190e-01
    outer loop
      vertex   -4.554904e+01 5.500000e+00 -5.225000e+01
      vertex   -4.554904e+01 2.500000e+00 -5.225000e+01
      vertex   -4.575000e+01 5.500000e+00 -5.300000e+01
    endloop
  endfacet
  facet normal 9.659258e-01 0.000000e+00 -2.588190e-01
    outer loop
      vertex   -4.575000e+01 5.500000e+00 -5.300000e+01
      vertex   -4.554904e+01 2.500000e+00 -5.225000e+01
      vertex   -4.575000e+01 2.500000e+00 -5.300000e+01
    endloop
  endfacet
  facet normal 9.659258e-01 0.000000e+00 2.588190e-01
    outer loop
      vertex   -4.575000e+01 5.500000e+00 -5.300000e+01
      vertex   -4.575000e+01 2.500000e+00 -5.300000e+01
      vertex   -4.554904e+01 5.500000e+00 -5.375000e+01
    endloop
  endfacet
  facet normal 9.659258e-01 0.000000e+00 2.588190e-01
    outer loop
      vertex   -4.554904e+01 5.500000e+00 -5.375000e+01
      vertex   -4.575000e+01 2.500000e+00 -5.300000e+01
      vertex   -4.554904e+01 2.500000e+00 -5.375000e+01
    endloop
  endfacet
  facet normal 7.071068e-01 0.000000e+00 7.071068e-01
    outer loop
      vertex   -4.554904e+01 5.500000e+00 -5.375000e+01
      vertex   -4.554904e+01 2.500000e+00 -5.375000e+01
      vertex   -4.500000e+01 5.500000e+00 -5.429904e+01
    endloop
  endfacet
  facet normal 7.071068e-01 0.000000e+00 7.071068e-01
    outer loop
      vertex   -4.500000e+01 5.500000e+00 -5.429904e+01
      vertex   -4.554904e+01 2.500000e+00 -5.375000e+01
      vertex   -4.500000e+01 2.500000e+00 -5.429904e+01
    endloop
  endfacet
  facet normal 2.588190e-01 0.000000e+00 9.659258e-01
    outer loop
      vertex   -4.500000e+01 5.500000e+00 -5.429904e+01
      vertex   -4.500000e+01 2.500000e+00 -5.429904e+01
      vertex   -4.425000e+01 5.500000e+00 -5.450000e+01
    endloop
  endfacet
  facet normal 2.588190e-01 0.000000e+00 9.659258e-01
    outer loop
      vertex   -4.425000e+01 5.500000e+00 -5.450000e+01
      vertex   -4.500000e+01 2.500000e+00 -5.429904e+01
      vertex   -4.425000e+01 2.500000e+00 -5.450000e+01
    endloop
  endfacet
  facet normal -2.588190e-01 0.000000e+00 9.659258e-01
    outer loop
      vertex   -4.425000e+01 5.500000e+00 -5.450000e+01
      vertex   -4.425000e+01 2.500000e+00 -5.450000e+01
      vertex   -4.350000e+01 5.500000e+00 -5.429904e+01
    endloop
  endfacet
  facet normal -2.588190e-01 0.000000e+00 9.659258e-01
    outer loop
      vertex   -4.350000e+01 5.500000e+00 -5.429904e+01
      vertex   -4.425000e+01 2.500000e+00 -5.450000e+01
      vertex   -4.350000e+01 2.500000e+00 -5.429904e+01
    endloop
  endfacet
  facet normal -7.071068e-01 0.000000e+00 7.071068e-01
    outer loop
      vertex   -4.350000e+01 5.500000e+00 -5.429904e+01
      vertex   -4.350000e+01 2.500000e+00 -5.429904e+01
      vertex   -4.295096e+01 5.500000e+00 -5.375000e+01
    endloop
  endfacet
  facet normal -7.071068e-01 0.000000e+00 7.071068e-01
    outer loop
      vertex   -4.295096e+01 5.500000e+00 -5.375000e+01
      vertex   -4.350000e+01 2.500000e+00 -5.429904e+01
      vertex   -4.295096e+01 2.500000e+00 -5.375000e+01
    endloop
  endfacet
  facet normal -9.659258e-01 0.000000e+00 2.588190e-01
    outer loop
      vertex   -4.295096e+01 5.500000e+00 -5.375000e+01
      vertex   -4.295096e+01 2.500000e+00 -5.375000e+01
      vertex   -4.275000e+01 5.500000e+00 -5.300000e+01
    endloop
  endfacet
  facet normal -9.659258e-01 0.000000e+00 2.588190e-01
    outer loop
      vertex   -4.275000e+01 5.500000e+00 -5.300000e+01
      vertex   -4.295096e+01 2.500000e+00 -5.375000e+01
      vertex   -4.275000e+01 2.500000e+00 -5.300000e+01
    endloop
  endfacet
  facet normal -9.659258e-01 -0.000000e+00 -2.588190e-01
    outer loop
      vertex   -4.275000e+01 5.500000e+00 -5.300000e+01
      vertex   -4.275000e+01 2.500000e+00 -5.300000e+01
      vertex   -4.295096e+01 5.500000e+00 -5.225000e+01
    endloop
  endfacet
  facet normal -9.659258e-01 -0.000000e+00 -2.588190e-01
    outer loop
      vertex   -4.295096e+01 5.500000e+00 -5.225000e+01
      vertex   -4.275000e+01 2.500000e+00 -5.300000e+01
      vertex   -4.295096e+01 2.500000e+00 -5.225000e+01
    endloop
  endfacet
  facet normal -7.071068e-01 -0.000000e+00 -7.071068e-01
    outer loop
      vertex   -4.295096e+01 5.500000e+00 -5.225000e+01
      vertex   -4.295096e+01 2.500000e+00 -5.225000e+01
      vertex   -4.350000e+01 5.500000e+00 -5.170096e+01
    endloop
  endfacet
  facet normal -7.071068e-01 -0.000000e+00 -7.071068e-01
    outer loop
      vertex   -4.350000e+01 5.500000e+00 -5.170096e+01
      vertex   -4.295096e+01 2.500000e+00 -5.225000e+01
      vertex   -4.350000e+01 2.500000e+00 -5.170096e+01
    endloop
  endfacet
  facet normal -2.588190e-01 -0.000000e+00 -9.659258e-01
    outer loop
      vertex   -4.350000e+01 5.500000e+00 -5.170096e+01
      vertex   -4.350000e+01 2.500000e+00 -5.170096e+01
      vertex   -4.425000e+01 5.500000e+00 -5.150000e+01
    endloop
  endfacet
  facet normal -2.588190e-01 -0.000000e+00 -9.659258e-01
    outer loop
      vertex   -4.425000e+01 5.500000e+00 -5.150000e+01
      vertex   -4.350000e+01 2.500000e+00 -5.170096e+01
      vertex   -4.425000e+01 2.500000e+00 -5.150000e+01
    endloop
  endfacet
  facet normal 2.588190e-01 0.000000e+00 -9.659258e-01
    outer loop
      vertex   -4.425000e+01 5.500000e+00 -5.150000e+01
      vertex   -4.425000e+01 2.500000e+00 -5.150000e+01
      vertex   -4.500000e+01 5.500000e+00 -5.170096e+01
    endloop
  endfacet
  facet normal 2.588190e-01 0.000000e+00 -9.659258e-01
    outer loop
      vertex   -4.500000e+01 5.500000e+00 -5.170096e+01
      vertex   -4.425000e+01 2.500000e+00 -5.150000e+01
      vertex   -4.500000e+01 2.500000e+00 -5.170096e+01
    endloop
  endfacet
  facet normal 7.071068e-01 0.000000e+00 -7.071068e-01
    outer loop
      vertex   -4.500000e+01 5.500000e+00 -5.170096e+01
      vertex   -4.500000e+01 2.500000e+00 -5.170096e+01
      vertex   -4.554904e+01 5.500000e+00 -5.225000e+01
    endloop
  endfacet
  facet normal 7.071068e-01 0.000000e+00 -7.071068e-01
    outer loop
      vertex   -4.554904e+01 5.500000e+00 -5.225000e+01
      vertex   -4.500000e+01 2.500000e+00 -5.170096e+01
      vertex   -4.554904e+01 2.500000e+00 -5.225000e+01
    endloop
  endfacet
  facet normal 9.659258e-01 0.000000e+00 -2.588190e-01
    outer loop
      vertex   -4.554904e+01 5.500000e+00 -3.225000e+01
      vertex   -4.554904e+01 2.500000e+00 -3.225000e+01
      vertex   -4.575000e+01 5.500000e+00 -3.300000e+01
    endloop
  endfacet
  facet normal 9.659258e-01 0.000000e+00 -2.588190e-01
    outer loop
      vertex   -4.575000e+01 5.500000e+00 -3.300000e+01
      vertex   -4.554904e+01 2.500000e+00 -3.225000e+01
      vertex   -4.575000e+01 2.500000e+00 -3.300000e+01
    endloop
  endfacet
  facet normal 9.659258e-01 0.000000e+00 2.588190e-01
    outer loop
      vertex   -4.575000e+01 5.500000e+00 -3.300000e+01
      vertex   -4.575000e+01 2.500000e+00 -3.300000e+01
      vertex   -4.554904e+01 5.500000e+00 -3.375000e+01
    endloop
  endfacet
  facet normal 9.659258e-01 0.000000e+00 2.588190e-01
    outer loop
      vertex   -4.554904e+01 5.500000e+00 -3.375000e+01
      vertex   -4.575000e+01 2.500000e+00 -3.300000e+01
      vertex   -4.554904e+01 2.500000e+00 -3.375000e+01
    endloop
  endfacet
  facet normal 7.071068e-01 0.000000e+00 7.071068e-01
    outer loop
      vertex   -4.554904e+01 5.500000e+00 -3.375000e+01
      vertex   -4.554904e+01 2.500000e+00 -3.375000e+01
      vertex   -4.500000e+01 5.500000e+00 -3.429904e+01
    endloop
  endfacet
  facet normal 7.071068e-01 0.000000e+00 7.071068e-01
    outer loop
      vertex   -4.500000e+01 5.500000e+00 -3.429904e+01
      vertex   -4.554904e+01 2.500000e+00 -3.375000e+01
      vertex   -4.500000e+01 2.500000e+00 -3.429904e+01
    endloop
  endfacet
  facet normal 2.588190e-01 0.000000e+00 9.659258e-01
    outer loop
      vertex   -4.500000e+01 5.500000e+00 -3.429904e+01
      vertex   -4.500000e+01 2.500000e+00 -3.429904e+01
      vertex   -4.425000e+01 5.500000e+00 -3.450000e+01
    endloop
  endfacet
  facet normal 2.588190e-01 0.000000e+00 9.659258e-01
    outer loop
      vertex   -4.425000e+01 5.500000e+00 -3.450000e+01
      vertex   -4.500000e+01 2.500000e+00 -3.429904e+01
      vertex   -4.425000e+01 2.500000e+00 -3.450000e+01
    endloop
  endfacet
  facet normal -2.588190e-01 0.000000e+00 9.659258e-01
    outer loop
      vertex   -4.425000e+01 5.500000e+00 -3.450000e+01
      vertex   -4.425000e+01 2.500000e+00 -3.450000e+01
      vertex   -4.350000e+01 5.500000e+00 -3.429904e+01
    endloop
  endfacet
  facet normal -2.588190e-01 0.000000e+00 9.659258e-01
    outer loop
      vertex   -4.350000e+01 5.500000e+00 -3.429904e+01
      vertex   -4.425000e+01 2.500000e+00 -3.450000e+01
      vertex   -4.350000e+01 2.500000e+00 -3.429904e+01
    endloop
  endfacet
  facet normal -7.071068e-01 0.000000e+00 7.071068e-01
    outer loop
      vertex   -4.350000e+01 5.500000e+00 -3.429904e+01
      vertex   -4.350000e+01 2.500000e+00 -3.429904e+01
      vertex   -4.295096e+01 5.500000e+00 -3.375000e+01
    endloop
  endfacet
  facet normal -7.071068e-01 0.000000e+00 7.071068e-01
    outer loop
      vertex   -4.295096e+01 5.500000e+00 -3.375000e+01
      vertex   -4.350000e+01 2.500000e+00 -3.429904e+01
      vertex   -4.295096e+01 2.500000e+00 -3.375000e+01
    endloop
  endfacet
  facet normal -9.659258e-01 0.000000e+00 2.588190e-01
    outer loop
      vertex   -4.295096e+01 5.500000e+00 -3.375000e+01
      vertex   -4.295096e+01 2.500000e+00 -3.375000e+01
      vertex   -4.275000e+01 5.500000e+00 -3.300000e+01
    endloop
  endfacet
  facet normal -9.659258e-01 0.000000e+00 2.588190e-01
    outer loop
      vertex   -4.275000e+01 5.500000e+00 -3.300000e+01
      vertex   -4.295096e+01 2.500000e+00 -3.375000e+01
      vertex   -4.275000e+01 2.500000e+00 -3.300000e+01
    endloop
  endfacet
  facet normal -9.659258e-01 -0.000000e+00 -2.588190e-01
    outer loop
      vertex   -4.275000e+01 5.500000e+00 -3.300000e+01
      vertex   -4.275000e+01 2.500000e+00 -3.300000e+01
      vertex   -4.295096e+01 5.500000e+00 -3.225000e+01
    endloop
  endfacet
  facet normal -9.659258e-01 -0.000000e+00 -2.588190e-01
    outer loop
      vertex   -4.295096e+01 5.500000e+00 -3.225000e+01
      vertex   -4.275000e+01 2.500000e+00 -3.300000e+01
      vertex   -4.295096e+01 2.500000e+00 -3.225000e+01
    endloop
  endfacet
  facet normal -7.071068e-01 -0.000000e+00 -7.071068e-01
    outer loop
      vertex   -4.295096e+01 5.500000e+00 -3.225000e+01
      vertex   -4.295096e+01 2.500000e+00 -3.225000e+01
      vertex   -4.350000e+01 5.500000e+00 -3.170096e+01
    endloop
  endfacet
  facet normal -7.071068e-01 -0.000000e+00 -7.071068e-01
    outer loop
      vertex   -4.350000e+01 5.500000e+00 -3.170096e+01
      vertex   -4.295096e+01 2.500000e+00 -3.225000e+01
      vertex   -4.350000e+01 2.500000e+00 -3.170096e+01
    endloop
  endfacet
  facet normal -2.588190e-01 -0.000000e+00 -9.659258e-01
    outer loop
      vertex   -4.350000e+01 5.500000e+00 -3.170096e+01
      vertex   -4.350000e+01 2.500000e+00 -3.170096e+01
      vertex   -4.425000e+01 5.500000e+00 -3.150000e+01
    endloop
  endfacet
  facet normal -2.588190e-01 -0.000000e+00 -9.659258e-01
    outer loop
      vertex   -4.425000e+01 5.500000e+00 -3.150000e+01
      vertex   -4.350000e+01 2.500000e+00 -3.170096e+01
      vertex   -4.425000e+01 2.500000e+00 -3.150000e+01
    endloop
  endfacet
  facet normal 2.588190e-01 0.000000e+00 -9.659258e-01
    outer loop
      vertex   -4.425000e+01 5.500000e+00 -3.150000e+01
      vertex   -4.425000e+01 2.500000e+00 -3.150000e+01
      vertex   -4.500000e+01 5.500000e+00 -3.170096e+01
    endloop
  endfacet
  facet normal 2.588190e-01 0.000000e+00 -9.659258e-01
    outer loop
      vertex   -4.500000e+01 5.500000e+00 -3.170096e+01
      vertex   -4.425000e+01 2.500000e+00 -3.150000e+01
      vertex   -4.500000e+01 2.500000e+00 -3.170096e+01
    endloop
  endfacet
  facet normal 7.071068e-01 0.000000e+00 -7.071068e-01
    outer loop
      vertex   -4.500000e+01 5.500000e+00 -3.170096e+01
      vertex   -4.500000e+01 2.500000e+00 -3.170096e+01
      vertex   -4.554904e+01 5.500000e+00 -3.225000e+01
    endloop
  endfacet
  facet normal 7.071068e-01 0.000000e+00 -7.071068e-01
    outer loop
      vertex   -4.554904e+01 5.500000e+00 -3.225000e+01
      vertex   -4.500000e+01 2.500000e+00 -3.170096e+01
      vertex   -4.554904e+01 2.500000e+00 -3.225000e+01
    endloop
  endfacet
  facet normal 9.659258e-01 0.000000e+00 -2.588190e-01
    outer loop
      vertex   -4.554904e+01 5.500000e+00 -1.225000e+01
      vertex   -4.554904e+01 2.500000e+00 -1.225000e+01
      vertex   -4.575000e+01 5.500000e+00 -1.300000e+01
    endloop
  endfacet
  facet normal 9.659258e-01 0.000000e+00 -2.588190e-01
    outer loop
      vertex   -4.575000e+01 5.500000e+00 -1.300000e+01
      vertex   -4.554904e+01 2.500000e+00 -1.225000e+01
      vertex   -4.575000e+01 2.500000e+00 -1.300000e+01
    endloop
  endfacet
  facet normal 9.659258e-01 0.000000e+00 2.588190e-01
    outer loop
      vertex   -4.575000e+01 5.500000e+00 -1.300000e+01
      vertex   -4.575000e+01 2.500000e+00 -1.300000e+01
      vertex   -4.554904e+01 5.500000e+00 -1.375000e+01
    endloop
  endfacet
  facet normal 9.659258e-01 0.000000e+00 2.588190e-01
    outer loop
      vertex   -4.554904e+01 5.500000e+00 -1.375000e+01
      vertex   -4.575000e+01 2.500000e+00 -1.300000e+01
      vertex   -4.554904e+01 2.500000e+00 -1.375000e+01
    endloop
  endfacet
  facet normal 7.071068e-01 0.000000e+00 7.071068e-01
    outer loop
      vertex   -4.554904e+01 5.500000e+00 -1.375000e+01
      vertex   -4.554904e+01 2.500000e+00 -1.375000e+01
      vertex   -4.500000e+01 5.500000e+00 -1.429904e+01
    endloop
  endfacet
  facet normal 7.071068e-01 0.000000e+00 7.071068e-01
    outer loop
      vertex   -4.500000e+01 5.500000e+00 -1.429904e+01
      vertex   -4.554904e+01 2.500000e+00 -1.375000e+01
      vertex   -4.500000e+01 2.500000e+00 -1.429904e+01
    endloop
  endfacet
  facet normal 2.588190e-01 0.000000e+00 9.659258e-01
    outer loop
      vertex   -4.500000e+01 5.500000e+00 -1.429904e+01
      vertex   -4.500000e+01 2.500000e+00 -1.429904e+01
      vertex   -4.425000e+01 5.500000e+00 -1.450000e+01
    endloop
  endfacet
  facet normal 2.588190e-01 0.000000e+00 9.659258e-01
    outer loop
      vertex   -4.425000e+01 5.500000e+00 -1.450000e+01
      vertex   -4.500000e+01 2.500000e+00 -1.429904e+01
      vertex   -4.425000e+01 2.500000e+00 -1.450000e+01
    endloop
  endfacet
  facet normal -2.588190e-01 0.000000e+00 9.659258e-01
    outer loop
      vertex   -4.425000e+01 5.500000e+00 -1.450000e+01
      vertex   -4.425000e+01 2.500000e+00 -1.450000e+01
      vertex   -4.350000e+01 5.500000e+00 -1.429904e+01
    endloop
  endfacet
  facet normal -2.588190e-01 0.000000e+00 9.659258e-01
    outer loop
      vertex   -4.350000e+01 5.500000e+00 -1.429904e+01
      vertex   -4.425000e+01 2.500000e+00 -1.450000e+01
      vertex   -4.350000e+01 2.500000e+00 -1.429904e+01
    endloop
  endfacet
  facet normal -7.071068e-01 0.000000e+00 7.071068e-01
    outer loop
      vertex   -4.350000e+01 5.500000e+00 -1.429904e+01
      vertex   -4.350000e+01 2.500000e+00 -1.429904e+01
      vertex   -4.295096e+01 5.500000e+00 -1.375000e+01
    endloop
  endfacet
  facet normal -7.071068e-01 -4.186913e-16 7.071068e-01
    outer loop
      vertex   -4.295096e+01 5.500000e+00 -1.375000e+01
      vertex   -4.350000e+01 2.500000e+00 -1.429904e+01
      vertex   -4.295096e+01 2.500000e+00 -1.375000e+01
    endloop
  endfacet
  facet normal -9.659258e-01 -1.532517e-16 2.588190e-01
    outer loop
      vertex   -4.295096e+01 5.500000e+00 -1.375000e+01
      vertex   -4.295096e+01 2.500000e+00 -1.375000e+01
      vertex   -4.275000e+01 5.500000e+00 -1.300000e+01
    endloop
  endfacet
  facet normal -9.659258e-01 0.000000e+00 2.588190e-01
    outer loop
      vertex   -4.275000e+01 5.500000e+00 -1.300000e+01
      vertex   -4.295096e+01 2.500000e+00 -1.375000e+01
      vertex   -4.275000e+01 2.500000e+00 -1.300000e+01
    endloop
  endfacet
  facet normal -9.659258e-01 -0.000000e+00 -2.588190e-01
    outer loop
      vertex   -4.275000e+01 5.500000e+00 -1.300000e+01
      vertex   -4.275000e+01 2.500000e+00 -1.300000e+01
      vertex   -4.295096e+01 5.500000e+00 -1.225000e+01
    endloop
  endfacet
  facet normal -9.659258e-01 -0.000000e+00 -2.588190e-01
    outer loop
      vertex   -4.295096e+01 5.500000e+00 -1.225000e+01
      vertex   -4.275000e+01 2.500000e+00 -1.300000e+01
      vertex   -4.295096e+01 2.500000e+00 -1.225000e+01
    endloop
  endfacet
  facet normal -7.071068e-01 -0.000000e+00 -7.071068e-01
    outer loop
      vertex   -4.295096e+01 5.500000e+00 -1.225000e+01
      vertex   -4.295096e+01 2.500000e+00 -1.225000e+01
      vertex   -4.350000e+01 5.500000e+00 -1.170096e+01
    endloop
  endfacet
  facet normal -7.071068e-01 -0.000000e+00 -7.071068e-01
    outer loop
      vertex   -4.350000e+01 5.500000e+00 -1.170096e+01
      vertex   -4.295096e+01 2.500000e+00 -1.225000e+01
      vertex   -4.350000e+01 2.500000e+00 -1.170096e+01
    endloop
  endfacet
  facet normal -2.588190e-01 -0.000000e+00 -9.659258e-01
    outer loop
      vertex   -4.350000e+01 5.500000e+00 -1.170096e+01
      vertex   -4.350000e+01 2.500000e+00 -1.170096e+01
      vertex   -4.425000e+01 5.500000e+00 -1.150000e+01
    endloop
  endfacet
  facet normal -2.588190e-01 -0.000000e+00 -9.659258e-01
    outer loop
      vertex   -4.425000e+01 5.500000e+00 -1.150000e+01
      vertex   -4.350000e+01 2.500000e+00 -1.170096e+01
      vertex   -4.425000e+01 2.500000e+00 -1.150000e+01
    endloop
  endfacet
  facet normal 2.588190e-01 0.000000e+00 -9.659258e-01
    outer loop
      vertex   -4.425000e+01 5.500000e+00 -1.150000e+01
      vertex   -4.425000e+01 2.500000e+00 -1.150000e+01
      vertex   -4.500000e+01 5.500000e+00 -1.170096e+01
    endloop
  endfacet
  facet normal 2.588190e-01 0.000000e+00 -9.659258e-01
    outer loop
      vertex   -4.500000e+01 5.500000e+00 -1.170096e+01
      vertex   -4.425000e+01 2.500000e+00 -1.150000e+01
      vertex   -4.500000e+01 2.500000e+00 -1.170096e+01
    endloop
  endfacet
  facet normal 7.071068e-01 0.000000e+00 -7.071068e-01
    outer loop
      vertex   -4.500000e+01 5.500000e+00 -1.170096e+01
      vertex   -4.500000e+01 2.500000e+00 -1.170096e+01
      vertex   -4.554904e+01 5.500000e+00 -1.225000e+01
    endloop
  endfacet
  facet normal 7.071068e-01 0.000000e+00 -7.071068e-01
    outer loop
      vertex   -4.554904e+01 5.500000e+00 -1.225000e+01
      vertex   -4.500000e+01 2.500000e+00 -1.170096e+01
      vertex   -4.554904e+01 2.500000e+00 -1.225000e+01
    endloop
  endfacet
  facet normal -1.000000e+00 -0.000000e+00 -0.000000e+00
    outer loop
      vertex   -3.350000e+01 1.000000e+00 0.000000e+00
      vertex   -3.350000e+01 1.000000e+00 -7.500000e+01
      vertex   -3.350000e+01 -5.000000e-01 0.000000e+00
    endloop
  endfacet
  facet normal -1.000000e+00 -1.093143e-15 -2.186285e-17
    outer loop
      vertex   -3.350000e+01 -5.000000e-01 0.000000e+00
      vertex   -3.350000e+01 1.000000e+00 -7.500000e+01
      vertex   -3.350000e+01 -5.500000e+00 -7.500000e+01
    endloop
  endfacet
  facet normal -1.000000e+00 -1.421085e-15 1.062886e-31
    outer loop
      vertex   -3.350000e+01 -5.000000e-01 0.000000e+00
      vertex   -3.350000e+01 -5.500000e+00 -7.500000e+01
      vertex   -3.350000e+01 -5.500000e+00 2.000000e+01
    endloop
  endfacet
  facet normal -1.000000e+00 -1.421085e-15 0.000000e+00
    outer loop
      vertex   -3.350000e+01 -5.500000e+00 2.000000e+01
      vertex   -3.350000e+01 -5.000000e-01 2.000000e+01
      vertex   -3.350000e+01 -5.000000e-01 0.000000e+00
    endloop
  endfacet
  facet normal 2.486900e-16 -1.000000e+00 0.000000e+00
    outer loop
      vertex   -3.350000e+01 1.000000e+00 0.000000e+00
      vertex   -3.975000e+01 1.000000e+00 0.000000e+00
      vertex   -3.350000e+01 1.000000e+00 -7.500000e+01
    endloop
  endfacet
  facet normal 2.842171e-16 -1.000000e+00 2.960595e-18
    outer loop
      vertex   -3.350000e+01 1.000000e+00 -7.500000e+01
      vertex   -3.975000e+01 1.000000e+00 0.000000e+00
      vertex   -3.975000e+01 1.000000e+00 -7.500000e+01
    endloop
  endfacet
  facet normal -1.000000e+00 0.000000e+00 -0.000000e+00
    outer loop
      vertex   -3.975000e+01 1.000000e+00 0.000000e+00
      vertex   -3.975000e+01 2.500000e+00 0.000000e+00
      vertex   -3.975000e+01 1.000000e+00 -7.500000e+01
    endloop
  endfacet
  facet normal -1.000000e+00 0.000000e+00 0.000000e+00
    outer loop
      vertex   -3.975000e+01 1.000000e+00 -7.500000e+01
      vertex   -3.975000e+01 2.500000e+00 0.000000e+00
      vertex   -3.975000e+01 2.500000e+00 -7.500000e+01
    endloop
  endfacet
  facet normal 2.929014e-15 -1.000000e+00 3.994110e-16
    outer loop
      vertex   -4.295096e+01 2.500000e+00 -5.375000e+01
      vertex   -3.975000e+01 2.500000e+00 -7.500000e+01
      vertex   -4.275000e+01 2.500000e+00 -5.300000e+01
    endloop
  endfacet
  facet normal 0.000000e+00 -1.000000e+00 0.000000e+00
    outer loop
      vertex   -4.275000e+01 2.500000e+00 -5.300000e+01
      vertex   -3.975000e+01 2.500000e+00 -7.500000e+01
      vertex   -4.275000e+01 2.500000e+00 -3.300000e+01
    endloop
  endfacet
  facet normal 4.419636e-15 -1.000000e+00 0.000000e+00
    outer loop
      vertex   -4.275000e+01 2.500000e+00 -5.300000e+01
      vertex   -4.275000e+01 2.500000e+00 -3.300000e+01
      vertex   -4.295096e+01 2.500000e+00 -5.225000e+01
    endloop
  endfacet
  facet normal 4.419636e-15 -1.000000e+00 0.000000e+00
    outer loop
      vertex   -4.295096e+01 2.500000e+00 -5.225000e+01
      vertex   -4.275000e+01 2.500000e+00 -3.300000e+01
      vertex   -4.295096e+01 2.500000e+00 -3.375000e+01
    endloop
  endfacet
  facet normal 0.000000e+00 -1.000000e+00 0.000000e+00
    outer loop
      vertex   -4.295096e+01 2.500000e+00 -5.225000e+01
      vertex   -4.295096e+01 2.500000e+00 -3.375000e+01
      vertex   -4.350000e+01 2.500000e+00 -5.170096e+01
    endloop
  endfacet
  facet normal 0.000000e+00 -1.000000e+00 0.000000e+00
    outer loop
      vertex   -4.350000e+01 2.500000e+00 -5.170096e+01
      vertex   -4.295096e+01 2.500000e+00 -3.375000e+01
      vertex   -4.350000e+01 2.500000e+00 -3.429904e+01
    endloop
  endfacet
  facet normal 0.000000e+00 -1.000000e+00 0.000000e+00
    outer loop
      vertex   -4.350000e+01 2.500000e+00 -5.170096e+01
      vertex   -4.350000e+01 2.500000e+00 -3.429904e+01
      vertex   -4.425000e+01 2.500000e+00 -5.150000e+01
    endloop
  endfacet
  facet normal 0.000000e+00 -1.000000e+00 0.000000e+00
    outer loop
      vertex   -4.425000e+01 2.500000e+00 -5.150000e+01
      vertex   -4.350000e+01 2.500000e+00 -3.429904e+01
      vertex   -4.425000e+01 2.500000e+00 -3.450000e+01
    endloop
  endfacet
  facet normal 0.000000e+00 -1.000000e+00 0.000000e+00
    outer loop
      vertex   -4.425000e+01 2.500000e+00 -5.150000e+01
      vertex   -4.425000e+01 2.500000e+00 -3.450000e+01
      vertex   -4.500000e+01 2.500000e+00 -3.429904e+01
    endloop
  endfacet
  facet normal 3.632489e-17 -1.000000e+00 -3.632489e-17
    outer loop
      vertex   -4.295096e+01 2.500000e+00 -5.375000e+01
      vertex   -4.350000e+01 2.500000e+00 -5.429904e+01
      vertex   -3.975000e+01 2.500000e+00 -7.500000e+01
    endloop
  endfacet
  facet normal 1.096421e-17 -1.000000e+00 -4.091900e-17
    outer loop
      vertex   -3.975000e+01 2.500000e+00 -7.500000e+01
      vertex   -4.350000e+01 2.500000e+00 -5.429904e+01
      vertex   -4.425000e+01 2.500000e+00 -5.450000e+01
    endloop
  endfacet
  facet normal 4.934325e-17 -1.000000e+00 -3.249433e-17
    outer loop
      vertex   -3.975000e+01 2.500000e+00 -7.500000e+01
      vertex   -4.425000e+01 2.500000e+00 -5.450000e+01
      vertex   -4.875000e+01 2.500000e+00 -7.500000e+01
    endloop
  endfacet
  facet normal -5.482106e-18 -1.000000e+00 -2.045950e-17
    outer loop
      vertex   -4.875000e+01 2.500000e+00 -7.500000e+01
      vertex   -4.425000e+01 2.500000e+00 -5.450000e+01
      vertex   -4.500000e+01 2.500000e+00 -5.429904e+01
    endloop
  endfacet
  facet normal -1.816244e-17 -1.000000e+00 -1.816244e-17
    outer loop
      vertex   -4.875000e+01 2.500000e+00 -7.500000e+01
      vertex   -4.500000e+01 2.500000e+00 -5.429904e+01
      vertex   -4.554904e+01 2.500000e+00 -5.375000e+01
    endloop
  endfacet
  facet normal -4.992637e-17 -1.000000e+00 -1.337773e-17
    outer loop
      vertex   -4.554904e+01 2.500000e+00 -5.375000e+01
      vertex   -4.575000e+01 2.500000e+00 -5.300000e+01
      vertex   -4.875000e+01 2.500000e+00 -7.500000e+01
    endloop
  endfacet
  facet normal -1.480297e-16 -1.000000e+00 0.000000e+00
    outer loop
      vertex   -4.875000e+01 2.500000e+00 -7.500000e+01
      vertex   -4.575000e+01 2.500000e+00 -5.300000e+01
      vertex   -4.575000e+01 2.500000e+00 -3.300000e+01
    endloop
  endfacet
  facet normal -1.480297e-16 -1.000000e+00 0.000000e+00
    outer loop
      vertex   -4.875000e+01 2.500000e+00 -7.500000e+01
      vertex   -4.575000e+01 2.500000e+00 -3.300000e+01
      vertex   -4.875000e+01 2.500000e+00 0.000000e+00
    endloop
  endfacet
  facet normal -1.480297e-16 -1.000000e+00 0.000000e+00
    outer loop
      vertex   -4.875000e+01 2.500000e+00 0.000000e+00
      vertex   -4.575000e+01 2.500000e+00 -3.300000e+01
      vertex   -4.575000e+01 2.500000e+00 -1.300000e+01
    endloop
  endfacet
  facet normal -6.849699e-17 -1.000000e+00 1.835371e-17
    outer loop
      vertex   -4.875000e+01 2.500000e+00 0.000000e+00
      vertex   -4.575000e+01 2.500000e+00 -1.300000e+01
      vertex   -4.554904e+01 2.500000e+00 -1.225000e+01
    endloop
  endfacet
  facet normal 0.000000e+00 -1.000000e+00 0.000000e+00
    outer loop
      vertex   -4.575000e+01 2.500000e+00 -5.300000e+01
      vertex   -4.554904e+01 2.500000e+00 -5.225000e+01
      vertex   -4.575000e+01 2.500000e+00 -3.300000e+01
    endloop
  endfacet
  facet normal 0.000000e+00 -1.000000e+00 0.000000e+00
    outer loop
      vertex   -4.575000e+01 2.500000e+00 -3.300000e+01
      vertex   -4.554904e+01 2.500000e+00 -5.225000e+01
      vertex   -4.554904e+01 2.500000e+00 -3.375000e+01
    endloop
  endfacet
  facet normal 0.000000e+00 -1.000000e+00 0.000000e+00
    outer loop
      vertex   -4.554904e+01 2.500000e+00 -3.375000e+01
      vertex   -4.554904e+01 2.500000e+00 -5.225000e+01
      vertex   -4.500000e+01 2.500000e+00 -5.170096e+01
    endloop
  endfacet
  facet normal 0.000000e+00 -1.000000e+00 0.000000e+00
    outer loop
      vertex   -4.554904e+01 2.500000e+00 -3.375000e+01
      vertex   -4.500000e+01 2.500000e+00 -5.170096e+01
      vertex   -4.500000e+01 2.500000e+00 -3.429904e+01
    endloop
  endfacet
  facet normal 0.000000e+00 -1.000000e+00 0.000000e+00
    outer loop
      vertex   -4.500000e+01 2.500000e+00 -3.429904e+01
      vertex   -4.500000e+01 2.500000e+00 -5.170096e+01
      vertex   -4.425000e+01 2.500000e+00 -5.150000e+01
    endloop
  endfacet
  facet normal 0.000000e+00 -1.000000e+00 0.000000e+00
    outer loop
      vertex   -4.575000e+01 2.500000e+00 -3.300000e+01
      vertex   -4.554904e+01 2.500000e+00 -3.225000e+01
      vertex   -4.575000e+01 2.500000e+00 -1.300000e+01
    endloop
  endfacet
  facet normal 0.000000e+00 -1.000000e+00 0.000000e+00
    outer loop
      vertex   -4.575000e+01 2.500000e+00 -1.300000e+01
      vertex   -4.554904e+01 2.500000e+00 -3.225000e+01
      vertex   -4.554904e+01 2.500000e+00 -1.375000e+01
    endloop
  endfacet
  facet normal 0.000000e+00 -1.000000e+00 0.000000e+00
    outer loop
      vertex   -4.554904e+01 2.500000e+00 -1.375000e+01
      vertex   -4.554904e+01 2.500000e+00 -3.225000e+01
      vertex   -4.500000e+01 2.500000e+00 -3.170096e+01
    endloop
  endfacet
  facet normal 0.000000e+00 -1.000000e+00 0.000000e+00
    outer loop
      vertex   -4.554904e+01 2.500000e+00 -1.375000e+01
      vertex   -4.500000e+01 2.500000e+00 -3.170096e+01
      vertex   -4.500000e+01 2.500000e+00 -1.429904e+01
    endloop
  endfacet
  facet normal 0.000000e+00 -1.000000e+00 0.000000e+00
    outer loop
      vertex   -4.500000e+01 2.500000e+00 -1.429904e+01
      vertex   -4.500000e+01 2.500000e+00 -3.170096e+01
      vertex   -4.425000e+01 2.500000e+00 -3.150000e+01
    endloop
  endfacet
  facet normal 0.000000e+00 -1.000000e+00 0.000000e+00
    outer loop
      vertex   -4.500000e+01 2.500000e+00 -1.429904e+01
      vertex   -4.425000e+01 2.500000e+00 -3.150000e+01
      vertex   -4.425000e+01 2.500000e+00 -1.450000e+01
    endloop
  endfacet
  facet normal 0.000000e+00 -1.000000e+00 0.000000e+00
    outer loop
      vertex   -4.425000e+01 2.500000e+00 -1.450000e+01
      vertex   -4.425000e+01 2.500000e+00 -3.150000e+01
      vertex   -4.350000e+01 2.500000e+00 -1.429904e+01
    endloop
  endfacet
  facet normal 0.000000e+00 -1.000000e+00 -0.000000e+00
    outer loop
      vertex   -4.350000e+01 2.500000e+00 -1.429904e+01
      vertex   -4.425000e+01 2.500000e+00 -3.150000e+01
      vertex   -4.350000e+01 2.500000e+00 -3.170096e+01
    endloop
  endfacet
  facet normal 0.000000e+00 -1.000000e+00 0.000000e+00
    outer loop
      vertex   -4.350000e+01 2.500000e+00 -1.429904e+01
      vertex   -4.350000e+01 2.500000e+00 -3.170096e+01
      vertex   -4.295096e+01 2.500000e+00 -1.375000e+01
    endloop
  endfacet
  facet normal 0.000000e+00 -1.000000e+00 -0.000000e+00
    outer loop
      vertex   -4.295096e+01 2.500000e+00 -1.375000e+01
      vertex   -4.350000e+01 2.500000e+00 -3.170096e+01
      vertex   -4.295096e+01 2.500000e+00 -3.225000e+01
    endloop
  endfacet
  facet normal 4.419636e-15 -1.000000e+00 0.000000e+00
    outer loop
      vertex   -4.295096e+01 2.500000e+00 -1.375000e+01
      vertex   -4.295096e+01 2.500000e+00 -3.225000e+01
      vertex   -4.275000e+01 2.500000e+00 -1.300000e+01
    endloop
  endfacet
  facet normal 4.419636e-15 -1.000000e+00 0.000000e+00
    outer loop
      vertex   -4.275000e+01 2.500000e+00 -1.300000e+01
      vertex   -4.295096e+01 2.500000e+00 -3.225000e+01
      vertex   -4.275000e+01 2.500000e+00 -3.300000e+01
    endloop
  endfacet
  facet normal 0.000000e+00 -1.000000e+00 0.000000e+00
    outer loop
      vertex   -4.275000e+01 2.500000e+00 -1.300000e+01
      vertex   -4.275000e+01 2.500000e+00 -3.300000e+01
      vertex   -3.975000e+01 2.500000e+00 0.000000e+00
    endloop
  endfacet
  facet normal 0.000000e+00 -1.000000e+00 -0.000000e+00
    outer loop
      vertex   -3.975000e+01 2.500000e+00 0.000000e+00
      vertex   -4.275000e+01 2.500000e+00 -3.300000e+01
      vertex   -3.975000e+01 2.500000e+00 -7.500000e+01
    endloop
  endfacet
  facet normal -2.874185e-17 -1.000000e+00 2.874185e-17
    outer loop
      vertex   -4.554904e+01 2.500000e+00 -1.225000e+01
      vertex   -4.500000e+01 2.500000e+00 -1.170096e+01
      vertex   -4.875000e+01 2.500000e+00 0.000000e+00
    endloop
  endfacet
  facet normal -9.365299e-18 -1.000000e+00 3.495177e-17
    outer loop
      vertex   -4.875000e+01 2.500000e+00 0.000000e+00
      vertex   -4.500000e+01 2.500000e+00 -1.170096e+01
      vertex   -4.425000e+01 2.500000e+00 -1.150000e+01
    endloop
  endfacet
  facet normal 4.934325e-17 -1.000000e+00 5.792468e-17
    outer loop
      vertex   -4.875000e+01 2.500000e+00 0.000000e+00
      vertex   -4.425000e+01 2.500000e+00 -1.150000e+01
      vertex   -3.975000e+01 2.500000e+00 0.000000e+00
    endloop
  endfacet
  facet normal 1.873060e-17 -1.000000e+00 6.990354e-17
    outer loop
      vertex   -3.975000e+01 2.500000e+00 0.000000e+00
      vertex   -4.425000e+01 2.500000e+00 -1.150000e+01
      vertex   -4.350000e+01 2.500000e+00 -1.170096e+01
    endloop
  endfacet
  facet normal 5.748370e-17 -1.000000e+00 5.748370e-17
    outer loop
      vertex   -3.975000e+01 2.500000e+00 0.000000e+00
      vertex   -4.350000e+01 2.500000e+00 -1.170096e+01
      vertex   -4.295096e+01 2.500000e+00 -1.225000e+01
    endloop
  endfacet
  facet normal 2.374562e-15 -1.000000e+00 -5.479759e-16
    outer loop
      vertex   -4.295096e+01 2.500000e+00 -1.225000e+01
      vertex   -4.275000e+01 2.500000e+00 -1.300000e+01
      vertex   -3.975000e+01 2.500000e+00 0.000000e+00
    endloop
  endfacet
  facet normal -1.000000e+00 2.368476e-15 0.000000e+00
    outer loop
      vertex   -4.875000e+01 2.500000e+00 0.000000e+00
      vertex   -4.875000e+01 5.500000e+00 0.000000e+00
      vertex   -4.875000e+01 2.500000e+00 -7.500000e+01
    endloop
  endfacet
  facet normal -1.000000e+00 2.368476e-15 0.000000e+00
    outer loop
      vertex   -4.875000e+01 2.500000e+00 -7.500000e+01
      vertex   -4.875000e+01 5.500000e+00 0.000000e+00
      vertex   -4.875000e+01 5.500000e+00 -7.500000e+01
    endloop
  endfacet
endsolid
