solid ASCII
  facet normal -1.148206e-01 9.933862e-01 0.000000e+00
    outer loop
      vertex   -1.188598e+02 1.160000e+02 6.000000e+00
      vertex   -1.188598e+02 1.160000e+02 0.000000e+00
      vertex   -1.200004e+02 1.158682e+02 6.000000e+00
    endloop
  endfacet
  facet normal -1.148206e-01 9.933862e-01 0.000000e+00
    outer loop
      vertex   -1.200004e+02 1.158682e+02 6.000000e+00
      vertex   -1.188598e+02 1.160000e+02 0.000000e+00
      vertex   -1.200004e+02 1.158682e+02 0.000000e+00
    endloop
  endfacet
  facet normal -3.384067e-01 9.409999e-01 0.000000e+00
    outer loop
      vertex   -1.200004e+02 1.158682e+02 6.000000e+00
      vertex   -1.200004e+02 1.158682e+02 0.000000e+00
      vertex   -1.210808e+02 1.154796e+02 0.000000e+00
    endloop
  endfacet
  facet normal -5.441470e-01 8.389899e-01 0.000000e+00
    outer loop
      vertex   -1.220442e+02 1.148548e+02 0.000000e+00
      vertex   -1.220442e+02 1.148548e+02 6.000000e+00
      vertex   -1.210808e+02 1.154796e+02 0.000000e+00
    endloop
  endfacet
  facet normal -5.441470e-01 8.389899e-01 0.000000e+00
    outer loop
      vertex   -1.210808e+02 1.154796e+02 0.000000e+00
      vertex   -1.220442e+02 1.148548e+02 6.000000e+00
      vertex   -1.210808e+02 1.154796e+02 6.000000e+00
    endloop
  endfacet
  facet normal -3.384067e-01 9.409999e-01 0.000000e+00
    outer loop
      vertex   -1.210808e+02 1.154796e+02 0.000000e+00
      vertex   -1.210808e+02 1.154796e+02 6.000000e+00
      vertex   -1.200004e+02 1.158682e+02 6.000000e+00
    endloop
  endfacet
  facet normal 0.000000e+00 -0.000000e+00 -1.000000e+00
    outer loop
      vertex   -1.210808e+02 1.154796e+02 0.000000e+00
      vertex   -1.188598e+02 1.160000e+02 0.000000e+00
      vertex   -1.220442e+02 1.148548e+02 0.000000e+00
    endloop
  endfacet
  facet normal 0.000000e+00 -0.000000e+00 -1.000000e+00
    outer loop
      vertex   -1.220442e+02 1.148548e+02 0.000000e+00
      vertex   -1.188598e+02 1.160000e+02 0.000000e+00
      vertex   -1.255000e+02 1.096450e+02 0.000000e+00
    endloop
  endfacet
  facet normal 0.000000e+00 0.000000e+00 -1.000000e+00
    outer loop
      vertex   -1.220442e+02 1.148548e+02 0.000000e+00
      vertex   -1.255000e+02 1.096450e+02 0.000000e+00
      vertex   -1.236844e+02 1.134998e+02 0.000000e+00
    endloop
  endfacet
  facet normal 0.000000e+00 0.000000e+00 -1.000000e+00
    outer loop
      vertex   -1.236844e+02 1.134998e+02 0.000000e+00
      vertex   -1.255000e+02 1.096450e+02 0.000000e+00
      vertex   -1.252863e+02 1.110913e+02 0.000000e+00
    endloop
  endfacet
  facet normal 0.000000e+00 0.000000e+00 -1.000000e+00
    outer loop
      vertex   -1.236844e+02 1.134998e+02 0.000000e+00
      vertex   -1.252863e+02 1.110913e+02 0.000000e+00
      vertex   -1.246633e+02 1.124139e+02 0.000000e+00
    endloop
  endfacet
  facet normal 0.000000e+00 0.000000e+00 -1.000000e+00
    outer loop
      vertex   -1.210808e+02 1.154796e+02 0.000000e+00
      vertex   -1.200004e+02 1.158682e+02 0.000000e+00
      vertex   -1.188598e+02 1.160000e+02 0.000000e+00
    endloop
  endfacet
  facet normal 0.000000e+00 -0.000000e+00 -1.000000e+00
    outer loop
      vertex   -1.188598e+02 1.160000e+02 0.000000e+00
      vertex   -1.087500e+02 1.160000e+02 0.000000e+00
      vertex   -1.255000e+02 1.096450e+02 0.000000e+00
    endloop
  endfacet
  facet normal 0.000000e+00 0.000000e+00 -1.000000e+00
    outer loop
      vertex   -1.255000e+02 1.096450e+02 0.000000e+00
      vertex   -1.087500e+02 1.160000e+02 0.000000e+00
      vertex   -1.132500e+02 8.350000e+01 0.000000e+00
    endloop
  endfacet
  facet normal 0.000000e+00 0.000000e+00 -1.000000e+00
    outer loop
      vertex   -1.255000e+02 1.096450e+02 0.000000e+00
      vertex   -1.132500e+02 8.350000e+01 0.000000e+00
      vertex   -1.140000e+02 8.329904e+01 0.000000e+00
    endloop
  endfacet
  facet normal 0.000000e+00 0.000000e+00 -1.000000e+00
    outer loop
      vertex   -1.087500e+02 -1.120000e+02 0.000000e+00
      vertex   -1.117500e+02 -2.000000e+00 0.000000e+00
      vertex   -1.087500e+02 1.160000e+02 0.000000e+00
    endloop
  endfacet
  facet normal 0.000000e+00 0.000000e+00 -1.000000e+00
    outer loop
      vertex   -1.087500e+02 1.160000e+02 0.000000e+00
      vertex   -1.117500e+02 -2.000000e+00 0.000000e+00
      vertex   -1.117500e+02 4.000000e+01 0.000000e+00
    endloop
  endfacet
  facet normal 0.000000e+00 0.000000e+00 -1.000000e+00
    outer loop
      vertex   -1.087500e+02 1.160000e+02 0.000000e+00
      vertex   -1.117500e+02 4.000000e+01 0.000000e+00
      vertex   -1.117500e+02 8.200000e+01 0.000000e+00
    endloop
  endfacet
  facet normal 0.000000e+00 -0.000000e+00 -1.000000e+00
    outer loop
      vertex   -1.117500e+02 8.200000e+01 0.000000e+00
      vertex   -1.117500e+02 4.000000e+01 0.000000e+00
      vertex   -1.119510e+02 8.125000e+01 0.000000e+00
    endloop
  endfacet
  facet normal 0.000000e+00 0.000000e+00 -1.000000e+00
    outer loop
      vertex   -1.119510e+02 8.125000e+01 0.000000e+00
      vertex   -1.117500e+02 4.000000e+01 0.000000e+00
      vertex   -1.119510e+02 4.075000e+01 0.000000e+00
    endloop
  endfacet
  facet normal 0.000000e+00 -0.000000e+00 -1.000000e+00
    outer loop
      vertex   -1.119510e+02 8.125000e+01 0.000000e+00
      vertex   -1.119510e+02 4.075000e+01 0.000000e+00
      vertex   -1.125000e+02 8.070096e+01 0.000000e+00
    endloop
  endfacet
  facet normal 0.000000e+00 0.000000e+00 -1.000000e+00
    outer loop
      vertex   -1.125000e+02 8.070096e+01 0.000000e+00
      vertex   -1.119510e+02 4.075000e+01 0.000000e+00
      vertex   -1.125000e+02 4.129904e+01 0.000000e+00
    endloop
  endfacet
  facet normal 0.000000e+00 -0.000000e+00 -1.000000e+00
    outer loop
      vertex   -1.125000e+02 8.070096e+01 0.000000e+00
      vertex   -1.125000e+02 4.129904e+01 0.000000e+00
      vertex   -1.132500e+02 8.050000e+01 0.000000e+00
    endloop
  endfacet
  facet normal 0.000000e+00 0.000000e+00 -1.000000e+00
    outer loop
      vertex   -1.132500e+02 8.050000e+01 0.000000e+00
      vertex   -1.125000e+02 4.129904e+01 0.000000e+00
      vertex   -1.132500e+02 4.150000e+01 0.000000e+00
    endloop
  endfacet
  facet normal 0.000000e+00 -0.000000e+00 -1.000000e+00
    outer loop
      vertex   -1.132500e+02 8.050000e+01 0.000000e+00
      vertex   -1.132500e+02 4.150000e+01 0.000000e+00
      vertex   -1.140000e+02 4.129904e+01 0.000000e+00
    endloop
  endfacet
  facet normal 0.000000e+00 0.000000e+00 -1.000000e+00
    outer loop
      vertex   -8.750000e+00 -1.120000e+02 0.000000e+00
      vertex   -1.255000e+02 -1.220000e+02 0.000000e+00
      vertex   -1.087500e+02 -1.120000e+02 0.000000e+00
    endloop
  endfacet
  facet normal 0.000000e+00 0.000000e+00 -1.000000e+00
    outer loop
      vertex   -1.087500e+02 -1.120000e+02 0.000000e+00
      vertex   -1.255000e+02 -1.220000e+02 0.000000e+00
      vertex   -1.202500e+02 -1.157990e+02 0.000000e+00
    endloop
  endfacet
  facet normal 0.000000e+00 0.000000e+00 -1.000000e+00
    outer loop
      vertex   -1.087500e+02 -1.120000e+02 0.000000e+00
      vertex   -1.202500e+02 -1.157990e+02 0.000000e+00
      vertex   -1.197010e+02 -1.152500e+02 0.000000e+00
    endloop
  endfacet
  facet normal 0.000000e+00 -0.000000e+00 -1.000000e+00
    outer loop
      vertex   -8.750000e+00 1.160000e+02 0.000000e+00
      vertex   4.816987e+01 6.057107e+01 0.000000e+00
      vertex   -8.750000e+00 -1.120000e+02 0.000000e+00
    endloop
  endfacet
  facet normal 0.000000e+00 0.000000e+00 -1.000000e+00
    outer loop
      vertex   -8.750000e+00 -1.120000e+02 0.000000e+00
      vertex   4.816987e+01 6.057107e+01 0.000000e+00
      vertex   4.896447e+01 5.953553e+01 0.000000e+00
    endloop
  endfacet
  facet normal 0.000000e+00 0.000000e+00 -1.000000e+00
    outer loop
      vertex   -8.750000e+00 -1.120000e+02 0.000000e+00
      vertex   4.896447e+01 5.953553e+01 0.000000e+00
      vertex   5.603553e+01 5.246447e+01 0.000000e+00
    endloop
  endfacet
  facet normal -0.000000e+00 -0.000000e+00 -1.000000e+00
    outer loop
      vertex   4.750000e+01 1.160000e+02 0.000000e+00
      vertex   4.750000e+01 6.307107e+01 0.000000e+00
      vertex   -8.750000e+00 1.160000e+02 0.000000e+00
    endloop
  endfacet
  facet normal 0.000000e+00 0.000000e+00 -1.000000e+00
    outer loop
      vertex   -8.750000e+00 1.160000e+02 0.000000e+00
      vertex   4.750000e+01 6.307107e+01 0.000000e+00
      vertex   4.767037e+01 6.177697e+01 0.000000e+00
    endloop
  endfacet
  facet normal 0.000000e+00 0.000000e+00 -1.000000e+00
    outer loop
      vertex   -8.750000e+00 1.160000e+02 0.000000e+00
      vertex   4.767037e+01 6.177697e+01 0.000000e+00
      vertex   4.816987e+01 6.057107e+01 0.000000e+00
    endloop
  endfacet
  facet normal 0.000000e+00 -0.000000e+00 -1.000000e+00
    outer loop
      vertex   5.603553e+01 5.246447e+01 0.000000e+00
      vertex   5.707107e+01 5.166987e+01 0.000000e+00
      vertex   -8.750000e+00 -1.120000e+02 0.000000e+00
    endloop
  endfacet
  facet normal 0.000000e+00 0.000000e+00 -1.000000e+00
    outer loop
      vertex   -8.750000e+00 -1.120000e+02 0.000000e+00
      vertex   5.707107e+01 5.166987e+01 0.000000e+00
      vertex   5.827697e+01 5.117037e+01 0.000000e+00
    endloop
  endfacet
  facet normal 0.000000e+00 0.000000e+00 -1.000000e+00
    outer loop
      vertex   -8.750000e+00 -1.120000e+02 0.000000e+00
      vertex   5.827697e+01 5.117037e+01 0.000000e+00
      vertex   1.119510e+02 -6.500000e+00 0.000000e+00
    endloop
  endfacet
  facet normal 0.000000e+00 0.000000e+00 -1.000000e+00
    outer loop
      vertex   1.119510e+02 -6.500000e+00 0.000000e+00
      vertex   5.827697e+01 5.117037e+01 0.000000e+00
      vertex   1.117500e+02 -5.750000e+00 0.000000e+00
    endloop
  endfacet
  facet normal 0.000000e+00 0.000000e+00 -1.000000e+00
    outer loop
      vertex   1.117500e+02 -5.750000e+00 0.000000e+00
      vertex   5.827697e+01 5.117037e+01 0.000000e+00
      vertex   5.957107e+01 5.100000e+01 0.000000e+00
    endloop
  endfacet
  facet normal 0.000000e+00 0.000000e+00 -1.000000e+00
    outer loop
      vertex   1.117500e+02 -5.750000e+00 0.000000e+00
      vertex   5.957107e+01 5.100000e+01 0.000000e+00
      vertex   1.119510e+02 -5.000000e+00 0.000000e+00
    endloop
  endfacet
  facet normal 0.000000e+00 0.000000e+00 -1.000000e+00
    outer loop
      vertex   1.119510e+02 -5.000000e+00 0.000000e+00
      vertex   5.957107e+01 5.100000e+01 0.000000e+00
      vertex   1.119510e+02 3.400000e+01 0.000000e+00
    endloop
  endfacet
  facet normal 0.000000e+00 0.000000e+00 -1.000000e+00
    outer loop
      vertex   1.119510e+02 -5.000000e+00 0.000000e+00
      vertex   1.119510e+02 3.400000e+01 0.000000e+00
      vertex   1.125000e+02 -4.450962e+00 0.000000e+00
    endloop
  endfacet
  facet normal 0.000000e+00 0.000000e+00 -1.000000e+00
    outer loop
      vertex   1.125000e+02 -4.450962e+00 0.000000e+00
      vertex   1.119510e+02 3.400000e+01 0.000000e+00
      vertex   1.125000e+02 3.345096e+01 0.000000e+00
    endloop
  endfacet
  facet normal 0.000000e+00 0.000000e+00 -1.000000e+00
    outer loop
      vertex   1.125000e+02 -4.450962e+00 0.000000e+00
      vertex   1.125000e+02 3.345096e+01 0.000000e+00
      vertex   1.132500e+02 3.325000e+01 0.000000e+00
    endloop
  endfacet
  facet normal 0.000000e+00 0.000000e+00 -1.000000e+00
    outer loop
      vertex   1.255000e+02 5.100000e+01 0.000000e+00
      vertex   1.125000e+02 3.604904e+01 0.000000e+00
      vertex   5.957107e+01 5.100000e+01 0.000000e+00
    endloop
  endfacet
  facet normal 0.000000e+00 0.000000e+00 -1.000000e+00
    outer loop
      vertex   5.957107e+01 5.100000e+01 0.000000e+00
      vertex   1.125000e+02 3.604904e+01 0.000000e+00
      vertex   1.119510e+02 3.550000e+01 0.000000e+00
    endloop
  endfacet
  facet normal 0.000000e+00 0.000000e+00 -1.000000e+00
    outer loop
      vertex   5.957107e+01 5.100000e+01 0.000000e+00
      vertex   1.119510e+02 3.550000e+01 0.000000e+00
      vertex   1.117500e+02 3.475000e+01 0.000000e+00
    endloop
  endfacet
  facet normal 0.000000e+00 0.000000e+00 -1.000000e+00
    outer loop
      vertex   1.255000e+02 -1.220000e+02 0.000000e+00
      vertex   1.147500e+02 -4.625000e+01 0.000000e+00
      vertex   1.255000e+02 5.100000e+01 0.000000e+00
    endloop
  endfacet
  facet normal 0.000000e+00 0.000000e+00 -1.000000e+00
    outer loop
      vertex   1.255000e+02 5.100000e+01 0.000000e+00
      vertex   1.147500e+02 -4.625000e+01 0.000000e+00
      vertex   1.147500e+02 -5.750000e+00 0.000000e+00
    endloop
  endfacet
  facet normal 0.000000e+00 0.000000e+00 -1.000000e+00
    outer loop
      vertex   1.255000e+02 5.100000e+01 0.000000e+00
      vertex   1.147500e+02 -5.750000e+00 0.000000e+00
      vertex   1.145490e+02 -5.000000e+00 0.000000e+00
    endloop
  endfacet
  facet normal 0.000000e+00 0.000000e+00 -1.000000e+00
    outer loop
      vertex   -1.255000e+02 -1.220000e+02 0.000000e+00
      vertex   6.275000e+01 -1.160000e+02 0.000000e+00
      vertex   1.255000e+02 -1.220000e+02 0.000000e+00
    endloop
  endfacet
  facet normal 0.000000e+00 0.000000e+00 -1.000000e+00
    outer loop
      vertex   1.255000e+02 -1.220000e+02 0.000000e+00
      vertex   6.275000e+01 -1.160000e+02 0.000000e+00
      vertex   6.350000e+01 -1.157990e+02 0.000000e+00
    endloop
  endfacet
  facet normal 0.000000e+00 0.000000e+00 -1.000000e+00
    outer loop
      vertex   1.255000e+02 -1.220000e+02 0.000000e+00
      vertex   6.350000e+01 -1.157990e+02 0.000000e+00
      vertex   1.147500e+02 -1.157990e+02 0.000000e+00
    endloop
  endfacet
  facet normal 0.000000e+00 0.000000e+00 -1.000000e+00
    outer loop
      vertex   1.147500e+02 -1.157990e+02 0.000000e+00
      vertex   6.350000e+01 -1.157990e+02 0.000000e+00
      vertex   1.142010e+02 -1.152500e+02 0.000000e+00
    endloop
  endfacet
  facet normal -0.000000e+00 0.000000e+00 -1.000000e+00
    outer loop
      vertex   1.142010e+02 -1.152500e+02 0.000000e+00
      vertex   6.350000e+01 -1.157990e+02 0.000000e+00
      vertex   6.404904e+01 -1.152500e+02 0.000000e+00
    endloop
  endfacet
  facet normal 0.000000e+00 0.000000e+00 -1.000000e+00
    outer loop
      vertex   1.142010e+02 -1.152500e+02 0.000000e+00
      vertex   6.404904e+01 -1.152500e+02 0.000000e+00
      vertex   1.140000e+02 -1.145000e+02 0.000000e+00
    endloop
  endfacet
  facet normal -0.000000e+00 0.000000e+00 -1.000000e+00
    outer loop
      vertex   1.140000e+02 -1.145000e+02 0.000000e+00
      vertex   6.404904e+01 -1.152500e+02 0.000000e+00
      vertex   6.425000e+01 -1.145000e+02 0.000000e+00
    endloop
  endfacet
  facet normal 0.000000e+00 0.000000e+00 -1.000000e+00
    outer loop
      vertex   1.140000e+02 -1.145000e+02 0.000000e+00
      vertex   6.425000e+01 -1.145000e+02 0.000000e+00
      vertex   1.142010e+02 -1.137500e+02 0.000000e+00
    endloop
  endfacet
  facet normal -0.000000e+00 0.000000e+00 -1.000000e+00
    outer loop
      vertex   1.142010e+02 -1.137500e+02 0.000000e+00
      vertex   6.425000e+01 -1.145000e+02 0.000000e+00
      vertex   6.404904e+01 -1.137500e+02 0.000000e+00
    endloop
  endfacet
  facet normal 0.000000e+00 0.000000e+00 -1.000000e+00
    outer loop
      vertex   1.142010e+02 -1.137500e+02 0.000000e+00
      vertex   6.404904e+01 -1.137500e+02 0.000000e+00
      vertex   1.119510e+02 -8.750000e+01 0.000000e+00
    endloop
  endfacet
  facet normal 0.000000e+00 0.000000e+00 -1.000000e+00
    outer loop
      vertex   1.119510e+02 -8.750000e+01 0.000000e+00
      vertex   6.404904e+01 -1.137500e+02 0.000000e+00
      vertex   6.350000e+01 -1.132010e+02 0.000000e+00
    endloop
  endfacet
  facet normal -0.000000e+00 0.000000e+00 -1.000000e+00
    outer loop
      vertex   1.119510e+02 -8.750000e+01 0.000000e+00
      vertex   6.350000e+01 -1.132010e+02 0.000000e+00
      vertex   1.117500e+02 -8.675000e+01 0.000000e+00
    endloop
  endfacet
  facet normal 0.000000e+00 0.000000e+00 -1.000000e+00
    outer loop
      vertex   1.117500e+02 -8.675000e+01 0.000000e+00
      vertex   6.350000e+01 -1.132010e+02 0.000000e+00
      vertex   6.275000e+01 -1.130000e+02 0.000000e+00
    endloop
  endfacet
  facet normal -0.000000e+00 0.000000e+00 -1.000000e+00
    outer loop
      vertex   1.117500e+02 -8.675000e+01 0.000000e+00
      vertex   6.275000e+01 -1.130000e+02 0.000000e+00
      vertex   1.119510e+02 -8.600000e+01 0.000000e+00
    endloop
  endfacet
  facet normal -0.000000e+00 0.000000e+00 -1.000000e+00
    outer loop
      vertex   1.119510e+02 -8.600000e+01 0.000000e+00
      vertex   6.275000e+01 -1.130000e+02 0.000000e+00
      vertex   1.119510e+02 -4.700000e+01 0.000000e+00
    endloop
  endfacet
  facet normal 0.000000e+00 0.000000e+00 -1.000000e+00
    outer loop
      vertex   1.119510e+02 -8.600000e+01 0.000000e+00
      vertex   1.119510e+02 -4.700000e+01 0.000000e+00
      vertex   1.125000e+02 -8.545096e+01 0.000000e+00
    endloop
  endfacet
  facet normal 0.000000e+00 0.000000e+00 -1.000000e+00
    outer loop
      vertex   1.125000e+02 -8.545096e+01 0.000000e+00
      vertex   1.119510e+02 -4.700000e+01 0.000000e+00
      vertex   1.125000e+02 -4.754904e+01 0.000000e+00
    endloop
  endfacet
  facet normal 0.000000e+00 0.000000e+00 -1.000000e+00
    outer loop
      vertex   1.125000e+02 -8.545096e+01 0.000000e+00
      vertex   1.125000e+02 -4.754904e+01 0.000000e+00
      vertex   1.132500e+02 -8.525000e+01 0.000000e+00
    endloop
  endfacet
  facet normal 0.000000e+00 0.000000e+00 -1.000000e+00
    outer loop
      vertex   1.132500e+02 -8.525000e+01 0.000000e+00
      vertex   1.125000e+02 -4.754904e+01 0.000000e+00
      vertex   1.132500e+02 -4.775000e+01 0.000000e+00
    endloop
  endfacet
  facet normal 0.000000e+00 0.000000e+00 -1.000000e+00
    outer loop
      vertex   1.132500e+02 -8.525000e+01 0.000000e+00
      vertex   1.132500e+02 -4.775000e+01 0.000000e+00
      vertex   1.140000e+02 -8.545096e+01 0.000000e+00
    endloop
  endfacet
  facet normal 0.000000e+00 0.000000e+00 -1.000000e+00
    outer loop
      vertex   1.140000e+02 -8.545096e+01 0.000000e+00
      vertex   1.132500e+02 -4.775000e+01 0.000000e+00
      vertex   1.140000e+02 -4.754904e+01 0.000000e+00
    endloop
  endfacet
  facet normal 0.000000e+00 0.000000e+00 -1.000000e+00
    outer loop
      vertex   1.140000e+02 -8.545096e+01 0.000000e+00
      vertex   1.140000e+02 -4.754904e+01 0.000000e+00
      vertex   1.145490e+02 -8.600000e+01 0.000000e+00
    endloop
  endfacet
  facet normal 0.000000e+00 0.000000e+00 -1.000000e+00
    outer loop
      vertex   1.145490e+02 -8.600000e+01 0.000000e+00
      vertex   1.140000e+02 -4.754904e+01 0.000000e+00
      vertex   1.145490e+02 -4.700000e+01 0.000000e+00
    endloop
  endfacet
  facet normal 0.000000e+00 0.000000e+00 -1.000000e+00
    outer loop
      vertex   1.145490e+02 -8.600000e+01 0.000000e+00
      vertex   1.145490e+02 -4.700000e+01 0.000000e+00
      vertex   1.147500e+02 -4.625000e+01 0.000000e+00
    endloop
  endfacet
  facet normal 0.000000e+00 0.000000e+00 -1.000000e+00
    outer loop
      vertex   -1.255000e+02 1.096450e+02 0.000000e+00
      vertex   -1.147500e+02 -2.000000e+00 0.000000e+00
      vertex   -1.255000e+02 -1.220000e+02 0.000000e+00
    endloop
  endfacet
  facet normal 0.000000e+00 0.000000e+00 -1.000000e+00
    outer loop
      vertex   -1.255000e+02 -1.220000e+02 0.000000e+00
      vertex   -1.147500e+02 -2.000000e+00 0.000000e+00
      vertex   -1.147500e+02 -4.400000e+01 0.000000e+00
    endloop
  endfacet
  facet normal 0.000000e+00 0.000000e+00 -1.000000e+00
    outer loop
      vertex   -1.255000e+02 -1.220000e+02 0.000000e+00
      vertex   -1.147500e+02 -4.400000e+01 0.000000e+00
      vertex   -1.222990e+02 -1.137500e+02 0.000000e+00
    endloop
  endfacet
  facet normal 0.000000e+00 0.000000e+00 -1.000000e+00
    outer loop
      vertex   -1.222990e+02 -1.137500e+02 0.000000e+00
      vertex   -1.147500e+02 -4.400000e+01 0.000000e+00
      vertex   -1.147500e+02 -8.600000e+01 0.000000e+00
    endloop
  endfacet
  facet normal 0.000000e+00 0.000000e+00 -1.000000e+00
    outer loop
      vertex   -1.222990e+02 -1.137500e+02 0.000000e+00
      vertex   -1.147500e+02 -8.600000e+01 0.000000e+00
      vertex   -1.145490e+02 -8.675000e+01 0.000000e+00
    endloop
  endfacet
  facet normal 0.000000e+00 0.000000e+00 -1.000000e+00
    outer loop
      vertex   -1.222990e+02 -1.137500e+02 0.000000e+00
      vertex   -1.225000e+02 -1.145000e+02 0.000000e+00
      vertex   -1.255000e+02 -1.220000e+02 0.000000e+00
    endloop
  endfacet
  facet normal 0.000000e+00 0.000000e+00 -1.000000e+00
    outer loop
      vertex   -1.255000e+02 -1.220000e+02 0.000000e+00
      vertex   -1.225000e+02 -1.145000e+02 0.000000e+00
      vertex   -1.222990e+02 -1.152500e+02 0.000000e+00
    endloop
  endfacet
  facet normal 0.000000e+00 0.000000e+00 -1.000000e+00
    outer loop
      vertex   -1.255000e+02 -1.220000e+02 0.000000e+00
      vertex   -1.222990e+02 -1.152500e+02 0.000000e+00
      vertex   -1.217500e+02 -1.157990e+02 0.000000e+00
    endloop
  endfacet
  facet normal 0.000000e+00 -0.000000e+00 -1.000000e+00
    outer loop
      vertex   -1.217500e+02 -1.157990e+02 0.000000e+00
      vertex   -1.210000e+02 -1.160000e+02 0.000000e+00
      vertex   -1.255000e+02 -1.220000e+02 0.000000e+00
    endloop
  endfacet
  facet normal 0.000000e+00 0.000000e+00 -1.000000e+00
    outer loop
      vertex   -1.255000e+02 -1.220000e+02 0.000000e+00
      vertex   -1.210000e+02 -1.160000e+02 0.000000e+00
      vertex   -1.202500e+02 -1.157990e+02 0.000000e+00
    endloop
  endfacet
  facet normal 0.000000e+00 0.000000e+00 -1.000000e+00
    outer loop
      vertex   -1.197010e+02 -1.152500e+02 0.000000e+00
      vertex   -1.195000e+02 -1.145000e+02 0.000000e+00
      vertex   -1.087500e+02 -1.120000e+02 0.000000e+00
    endloop
  endfacet
  facet normal 0.000000e+00 0.000000e+00 -1.000000e+00
    outer loop
      vertex   -1.087500e+02 -1.120000e+02 0.000000e+00
      vertex   -1.195000e+02 -1.145000e+02 0.000000e+00
      vertex   -1.197010e+02 -1.137500e+02 0.000000e+00
    endloop
  endfacet
  facet normal 0.000000e+00 0.000000e+00 -1.000000e+00
    outer loop
      vertex   -1.087500e+02 -1.120000e+02 0.000000e+00
      vertex   -1.197010e+02 -1.137500e+02 0.000000e+00
      vertex   -1.202500e+02 -1.132010e+02 0.000000e+00
    endloop
  endfacet
  facet normal -0.000000e+00 0.000000e+00 -1.000000e+00
    outer loop
      vertex   -1.087500e+02 -1.120000e+02 0.000000e+00
      vertex   -1.202500e+02 -1.132010e+02 0.000000e+00
      vertex   -1.132500e+02 -8.750000e+01 0.000000e+00
    endloop
  endfacet
  facet normal 0.000000e+00 0.000000e+00 -1.000000e+00
    outer loop
      vertex   -1.132500e+02 -8.750000e+01 0.000000e+00
      vertex   -1.202500e+02 -1.132010e+02 0.000000e+00
      vertex   -1.210000e+02 -1.130000e+02 0.000000e+00
    endloop
  endfacet
  facet normal -0.000000e+00 0.000000e+00 -1.000000e+00
    outer loop
      vertex   -1.132500e+02 -8.750000e+01 0.000000e+00
      vertex   -1.210000e+02 -1.130000e+02 0.000000e+00
      vertex   -1.140000e+02 -8.729904e+01 0.000000e+00
    endloop
  endfacet
  facet normal 0.000000e+00 0.000000e+00 -1.000000e+00
    outer loop
      vertex   -1.140000e+02 -8.729904e+01 0.000000e+00
      vertex   -1.210000e+02 -1.130000e+02 0.000000e+00
      vertex   -1.217500e+02 -1.132010e+02 0.000000e+00
    endloop
  endfacet
  facet normal -0.000000e+00 0.000000e+00 -1.000000e+00
    outer loop
      vertex   -1.140000e+02 -8.729904e+01 0.000000e+00
      vertex   -1.217500e+02 -1.132010e+02 0.000000e+00
      vertex   -1.145490e+02 -8.675000e+01 0.000000e+00
    endloop
  endfacet
  facet normal 0.000000e+00 0.000000e+00 -1.000000e+00
    outer loop
      vertex   -1.145490e+02 -8.675000e+01 0.000000e+00
      vertex   -1.217500e+02 -1.132010e+02 0.000000e+00
      vertex   -1.222990e+02 -1.137500e+02 0.000000e+00
    endloop
  endfacet
  facet normal 0.000000e+00 0.000000e+00 -1.000000e+00
    outer loop
      vertex   1.147500e+02 -1.157990e+02 0.000000e+00
      vertex   1.155000e+02 -1.160000e+02 0.000000e+00
      vertex   1.255000e+02 -1.220000e+02 0.000000e+00
    endloop
  endfacet
  facet normal 0.000000e+00 0.000000e+00 -1.000000e+00
    outer loop
      vertex   1.255000e+02 -1.220000e+02 0.000000e+00
      vertex   1.155000e+02 -1.160000e+02 0.000000e+00
      vertex   1.162500e+02 -1.157990e+02 0.000000e+00
    endloop
  endfacet
  facet normal 0.000000e+00 0.000000e+00 -1.000000e+00
    outer loop
      vertex   1.255000e+02 -1.220000e+02 0.000000e+00
      vertex   1.162500e+02 -1.157990e+02 0.000000e+00
      vertex   1.167990e+02 -1.152500e+02 0.000000e+00
    endloop
  endfacet
  facet normal 0.000000e+00 0.000000e+00 -1.000000e+00
    outer loop
      vertex   1.167990e+02 -1.152500e+02 0.000000e+00
      vertex   1.170000e+02 -1.145000e+02 0.000000e+00
      vertex   1.255000e+02 -1.220000e+02 0.000000e+00
    endloop
  endfacet
  facet normal 0.000000e+00 0.000000e+00 -1.000000e+00
    outer loop
      vertex   1.255000e+02 -1.220000e+02 0.000000e+00
      vertex   1.170000e+02 -1.145000e+02 0.000000e+00
      vertex   1.167990e+02 -1.137500e+02 0.000000e+00
    endloop
  endfacet
  facet normal 0.000000e+00 0.000000e+00 -1.000000e+00
    outer loop
      vertex   1.255000e+02 -1.220000e+02 0.000000e+00
      vertex   1.167990e+02 -1.137500e+02 0.000000e+00
      vertex   1.145490e+02 -8.750000e+01 0.000000e+00
    endloop
  endfacet
  facet normal 0.000000e+00 0.000000e+00 -1.000000e+00
    outer loop
      vertex   1.145490e+02 -8.750000e+01 0.000000e+00
      vertex   1.167990e+02 -1.137500e+02 0.000000e+00
      vertex   1.162500e+02 -1.132010e+02 0.000000e+00
    endloop
  endfacet
  facet normal 0.000000e+00 -0.000000e+00 -1.000000e+00
    outer loop
      vertex   1.145490e+02 -8.750000e+01 0.000000e+00
      vertex   1.162500e+02 -1.132010e+02 0.000000e+00
      vertex   1.140000e+02 -8.804904e+01 0.000000e+00
    endloop
  endfacet
  facet normal 0.000000e+00 0.000000e+00 -1.000000e+00
    outer loop
      vertex   1.140000e+02 -8.804904e+01 0.000000e+00
      vertex   1.162500e+02 -1.132010e+02 0.000000e+00
      vertex   1.155000e+02 -1.130000e+02 0.000000e+00
    endloop
  endfacet
  facet normal 0.000000e+00 -0.000000e+00 -1.000000e+00
    outer loop
      vertex   1.140000e+02 -8.804904e+01 0.000000e+00
      vertex   1.155000e+02 -1.130000e+02 0.000000e+00
      vertex   1.132500e+02 -8.825000e+01 0.000000e+00
    endloop
  endfacet
  facet normal 0.000000e+00 0.000000e+00 -1.000000e+00
    outer loop
      vertex   1.132500e+02 -8.825000e+01 0.000000e+00
      vertex   1.155000e+02 -1.130000e+02 0.000000e+00
      vertex   1.147500e+02 -1.132010e+02 0.000000e+00
    endloop
  endfacet
  facet normal -0.000000e+00 -0.000000e+00 -1.000000e+00
    outer loop
      vertex   1.132500e+02 -8.825000e+01 0.000000e+00
      vertex   1.147500e+02 -1.132010e+02 0.000000e+00
      vertex   1.125000e+02 -8.804904e+01 0.000000e+00
    endloop
  endfacet
  facet normal 0.000000e+00 0.000000e+00 -1.000000e+00
    outer loop
      vertex   1.125000e+02 -8.804904e+01 0.000000e+00
      vertex   1.147500e+02 -1.132010e+02 0.000000e+00
      vertex   1.142010e+02 -1.137500e+02 0.000000e+00
    endloop
  endfacet
  facet normal -0.000000e+00 -0.000000e+00 -1.000000e+00
    outer loop
      vertex   1.125000e+02 -8.804904e+01 0.000000e+00
      vertex   1.142010e+02 -1.137500e+02 0.000000e+00
      vertex   1.119510e+02 -8.750000e+01 0.000000e+00
    endloop
  endfacet
  facet normal -0.000000e+00 0.000000e+00 -1.000000e+00
    outer loop
      vertex   6.145096e+01 -1.137500e+02 0.000000e+00
      vertex   6.125000e+01 -1.145000e+02 0.000000e+00
      vertex   -8.750000e+00 -1.120000e+02 0.000000e+00
    endloop
  endfacet
  facet normal 0.000000e+00 0.000000e+00 -1.000000e+00
    outer loop
      vertex   -8.750000e+00 -1.120000e+02 0.000000e+00
      vertex   6.125000e+01 -1.145000e+02 0.000000e+00
      vertex   6.145096e+01 -1.152500e+02 0.000000e+00
    endloop
  endfacet
  facet normal 0.000000e+00 0.000000e+00 -1.000000e+00
    outer loop
      vertex   -8.750000e+00 -1.120000e+02 0.000000e+00
      vertex   6.145096e+01 -1.152500e+02 0.000000e+00
      vertex   6.200000e+01 -1.157990e+02 0.000000e+00
    endloop
  endfacet
  facet normal -0.000000e+00 -0.000000e+00 -1.000000e+00
    outer loop
      vertex   6.200000e+01 -1.157990e+02 0.000000e+00
      vertex   6.275000e+01 -1.160000e+02 0.000000e+00
      vertex   -8.750000e+00 -1.120000e+02 0.000000e+00
    endloop
  endfacet
  facet normal 0.000000e+00 -0.000000e+00 -1.000000e+00
    outer loop
      vertex   -8.750000e+00 -1.120000e+02 0.000000e+00
      vertex   6.275000e+01 -1.160000e+02 0.000000e+00
      vertex   -1.255000e+02 -1.220000e+02 0.000000e+00
    endloop
  endfacet
  facet normal -0.000000e+00 0.000000e+00 -1.000000e+00
    outer loop
      vertex   1.119510e+02 -4.700000e+01 0.000000e+00
      vertex   6.275000e+01 -1.130000e+02 0.000000e+00
      vertex   1.117500e+02 -4.625000e+01 0.000000e+00
    endloop
  endfacet
  facet normal 0.000000e+00 0.000000e+00 -1.000000e+00
    outer loop
      vertex   1.117500e+02 -4.625000e+01 0.000000e+00
      vertex   6.275000e+01 -1.130000e+02 0.000000e+00
      vertex   6.200000e+01 -1.132010e+02 0.000000e+00
    endloop
  endfacet
  facet normal 0.000000e+00 0.000000e+00 -1.000000e+00
    outer loop
      vertex   1.117500e+02 -4.625000e+01 0.000000e+00
      vertex   6.200000e+01 -1.132010e+02 0.000000e+00
      vertex   -8.750000e+00 -1.120000e+02 0.000000e+00
    endloop
  endfacet
  facet normal 0.000000e+00 0.000000e+00 -1.000000e+00
    outer loop
      vertex   -8.750000e+00 -1.120000e+02 0.000000e+00
      vertex   6.200000e+01 -1.132010e+02 0.000000e+00
      vertex   6.145096e+01 -1.137500e+02 0.000000e+00
    endloop
  endfacet
  facet normal -0.000000e+00 -0.000000e+00 -1.000000e+00
    outer loop
      vertex   1.117500e+02 3.475000e+01 0.000000e+00
      vertex   1.119510e+02 3.400000e+01 0.000000e+00
      vertex   5.957107e+01 5.100000e+01 0.000000e+00
    endloop
  endfacet
  facet normal 0.000000e+00 -0.000000e+00 -1.000000e+00
    outer loop
      vertex   1.140000e+02 3.345096e+01 0.000000e+00
      vertex   1.140000e+02 -4.450962e+00 0.000000e+00
      vertex   1.132500e+02 3.325000e+01 0.000000e+00
    endloop
  endfacet
  facet normal 0.000000e+00 0.000000e+00 -1.000000e+00
    outer loop
      vertex   1.132500e+02 3.325000e+01 0.000000e+00
      vertex   1.140000e+02 -4.450962e+00 0.000000e+00
      vertex   1.132500e+02 -4.250000e+00 0.000000e+00
    endloop
  endfacet
  facet normal 0.000000e+00 -0.000000e+00 -1.000000e+00
    outer loop
      vertex   1.132500e+02 3.325000e+01 0.000000e+00
      vertex   1.132500e+02 -4.250000e+00 0.000000e+00
      vertex   1.125000e+02 -4.450962e+00 0.000000e+00
    endloop
  endfacet
  facet normal 0.000000e+00 0.000000e+00 -1.000000e+00
    outer loop
      vertex   1.140000e+02 -4.450962e+00 0.000000e+00
      vertex   1.140000e+02 3.345096e+01 0.000000e+00
      vertex   1.145490e+02 -5.000000e+00 0.000000e+00
    endloop
  endfacet
  facet normal 0.000000e+00 0.000000e+00 -1.000000e+00
    outer loop
      vertex   1.145490e+02 -5.000000e+00 0.000000e+00
      vertex   1.140000e+02 3.345096e+01 0.000000e+00
      vertex   1.145490e+02 3.400000e+01 0.000000e+00
    endloop
  endfacet
  facet normal 0.000000e+00 0.000000e+00 -1.000000e+00
    outer loop
      vertex   1.145490e+02 -5.000000e+00 0.000000e+00
      vertex   1.145490e+02 3.400000e+01 0.000000e+00
      vertex   1.255000e+02 5.100000e+01 0.000000e+00
    endloop
  endfacet
  facet normal 0.000000e+00 0.000000e+00 -1.000000e+00
    outer loop
      vertex   1.255000e+02 5.100000e+01 0.000000e+00
      vertex   1.145490e+02 3.400000e+01 0.000000e+00
      vertex   1.147500e+02 3.475000e+01 0.000000e+00
    endloop
  endfacet
  facet normal 0.000000e+00 0.000000e+00 -1.000000e+00
    outer loop
      vertex   1.255000e+02 5.100000e+01 0.000000e+00
      vertex   1.147500e+02 3.475000e+01 0.000000e+00
      vertex   1.145490e+02 3.550000e+01 0.000000e+00
    endloop
  endfacet
  facet normal 0.000000e+00 0.000000e+00 -1.000000e+00
    outer loop
      vertex   1.145490e+02 3.550000e+01 0.000000e+00
      vertex   1.140000e+02 3.604904e+01 0.000000e+00
      vertex   1.255000e+02 5.100000e+01 0.000000e+00
    endloop
  endfacet
  facet normal 0.000000e+00 0.000000e+00 -1.000000e+00
    outer loop
      vertex   1.255000e+02 5.100000e+01 0.000000e+00
      vertex   1.140000e+02 3.604904e+01 0.000000e+00
      vertex   1.132500e+02 3.625000e+01 0.000000e+00
    endloop
  endfacet
  facet normal 0.000000e+00 0.000000e+00 -1.000000e+00
    outer loop
      vertex   1.255000e+02 5.100000e+01 0.000000e+00
      vertex   1.132500e+02 3.625000e+01 0.000000e+00
      vertex   1.125000e+02 3.604904e+01 0.000000e+00
    endloop
  endfacet
  facet normal -0.000000e+00 -0.000000e+00 -1.000000e+00
    outer loop
      vertex   1.125000e+02 -7.049038e+00 0.000000e+00
      vertex   1.125000e+02 -4.495096e+01 0.000000e+00
      vertex   1.119510e+02 -6.500000e+00 0.000000e+00
    endloop
  endfacet
  facet normal 0.000000e+00 0.000000e+00 -1.000000e+00
    outer loop
      vertex   1.119510e+02 -6.500000e+00 0.000000e+00
      vertex   1.125000e+02 -4.495096e+01 0.000000e+00
      vertex   1.119510e+02 -4.550000e+01 0.000000e+00
    endloop
  endfacet
  facet normal 0.000000e+00 -0.000000e+00 -1.000000e+00
    outer loop
      vertex   1.119510e+02 -6.500000e+00 0.000000e+00
      vertex   1.119510e+02 -4.550000e+01 0.000000e+00
      vertex   1.117500e+02 -4.625000e+01 0.000000e+00
    endloop
  endfacet
  facet normal 0.000000e+00 0.000000e+00 -1.000000e+00
    outer loop
      vertex   1.125000e+02 -7.049038e+00 0.000000e+00
      vertex   1.132500e+02 -7.250000e+00 0.000000e+00
      vertex   1.125000e+02 -4.495096e+01 0.000000e+00
    endloop
  endfacet
  facet normal 0.000000e+00 0.000000e+00 -1.000000e+00
    outer loop
      vertex   1.125000e+02 -4.495096e+01 0.000000e+00
      vertex   1.132500e+02 -7.250000e+00 0.000000e+00
      vertex   1.132500e+02 -4.475000e+01 0.000000e+00
    endloop
  endfacet
  facet normal 0.000000e+00 0.000000e+00 -1.000000e+00
    outer loop
      vertex   1.132500e+02 -4.475000e+01 0.000000e+00
      vertex   1.132500e+02 -7.250000e+00 0.000000e+00
      vertex   1.140000e+02 -4.495096e+01 0.000000e+00
    endloop
  endfacet
  facet normal 0.000000e+00 0.000000e+00 -1.000000e+00
    outer loop
      vertex   1.140000e+02 -4.495096e+01 0.000000e+00
      vertex   1.132500e+02 -7.250000e+00 0.000000e+00
      vertex   1.140000e+02 -7.049038e+00 0.000000e+00
    endloop
  endfacet
  facet normal 0.000000e+00 0.000000e+00 -1.000000e+00
    outer loop
      vertex   1.140000e+02 -4.495096e+01 0.000000e+00
      vertex   1.140000e+02 -7.049038e+00 0.000000e+00
      vertex   1.145490e+02 -4.550000e+01 0.000000e+00
    endloop
  endfacet
  facet normal 0.000000e+00 0.000000e+00 -1.000000e+00
    outer loop
      vertex   1.145490e+02 -4.550000e+01 0.000000e+00
      vertex   1.140000e+02 -7.049038e+00 0.000000e+00
      vertex   1.145490e+02 -6.500000e+00 0.000000e+00
    endloop
  endfacet
  facet normal 0.000000e+00 0.000000e+00 -1.000000e+00
    outer loop
      vertex   1.145490e+02 -4.550000e+01 0.000000e+00
      vertex   1.145490e+02 -6.500000e+00 0.000000e+00
      vertex   1.147500e+02 -4.625000e+01 0.000000e+00
    endloop
  endfacet
  facet normal 0.000000e+00 0.000000e+00 -1.000000e+00
    outer loop
      vertex   1.147500e+02 -4.625000e+01 0.000000e+00
      vertex   1.145490e+02 -6.500000e+00 0.000000e+00
      vertex   1.147500e+02 -5.750000e+00 0.000000e+00
    endloop
  endfacet
  facet normal 0.000000e+00 0.000000e+00 -1.000000e+00
    outer loop
      vertex   1.145490e+02 -8.750000e+01 0.000000e+00
      vertex   1.147500e+02 -8.675000e+01 0.000000e+00
      vertex   1.255000e+02 -1.220000e+02 0.000000e+00
    endloop
  endfacet
  facet normal 0.000000e+00 0.000000e+00 -1.000000e+00
    outer loop
      vertex   1.255000e+02 -1.220000e+02 0.000000e+00
      vertex   1.147500e+02 -8.675000e+01 0.000000e+00
      vertex   1.147500e+02 -4.625000e+01 0.000000e+00
    endloop
  endfacet
  facet normal 0.000000e+00 0.000000e+00 -1.000000e+00
    outer loop
      vertex   1.147500e+02 -8.675000e+01 0.000000e+00
      vertex   1.145490e+02 -8.600000e+01 0.000000e+00
      vertex   1.147500e+02 -4.625000e+01 0.000000e+00
    endloop
  endfacet
  facet normal -0.000000e+00 0.000000e+00 -1.000000e+00
    outer loop
      vertex   -1.145490e+02 8.125000e+01 0.000000e+00
      vertex   -1.147500e+02 4.000000e+01 0.000000e+00
      vertex   -1.147500e+02 8.200000e+01 0.000000e+00
    endloop
  endfacet
  facet normal -0.000000e+00 -0.000000e+00 -1.000000e+00
    outer loop
      vertex   -1.147500e+02 8.200000e+01 0.000000e+00
      vertex   -1.147500e+02 4.000000e+01 0.000000e+00
      vertex   -1.255000e+02 1.096450e+02 0.000000e+00
    endloop
  endfacet
  facet normal 0.000000e+00 0.000000e+00 -1.000000e+00
    outer loop
      vertex   -1.147500e+02 8.200000e+01 0.000000e+00
      vertex   -1.255000e+02 1.096450e+02 0.000000e+00
      vertex   -1.145490e+02 8.275000e+01 0.000000e+00
    endloop
  endfacet
  facet normal 0.000000e+00 0.000000e+00 -1.000000e+00
    outer loop
      vertex   -1.145490e+02 8.275000e+01 0.000000e+00
      vertex   -1.255000e+02 1.096450e+02 0.000000e+00
      vertex   -1.140000e+02 8.329904e+01 0.000000e+00
    endloop
  endfacet
  facet normal 0.000000e+00 0.000000e+00 -1.000000e+00
    outer loop
      vertex   -1.147500e+02 4.000000e+01 0.000000e+00
      vertex   -1.145490e+02 8.125000e+01 0.000000e+00
      vertex   -1.145490e+02 4.075000e+01 0.000000e+00
    endloop
  endfacet
  facet normal 0.000000e+00 0.000000e+00 -1.000000e+00
    outer loop
      vertex   -1.145490e+02 4.075000e+01 0.000000e+00
      vertex   -1.145490e+02 8.125000e+01 0.000000e+00
      vertex   -1.140000e+02 8.070096e+01 0.000000e+00
    endloop
  endfacet
  facet normal 0.000000e+00 0.000000e+00 -1.000000e+00
    outer loop
      vertex   -1.145490e+02 4.075000e+01 0.000000e+00
      vertex   -1.140000e+02 8.070096e+01 0.000000e+00
      vertex   -1.140000e+02 4.129904e+01 0.000000e+00
    endloop
  endfacet
  facet normal 0.000000e+00 0.000000e+00 -1.000000e+00
    outer loop
      vertex   -1.140000e+02 4.129904e+01 0.000000e+00
      vertex   -1.140000e+02 8.070096e+01 0.000000e+00
      vertex   -1.132500e+02 8.050000e+01 0.000000e+00
    endloop
  endfacet
  facet normal 0.000000e+00 0.000000e+00 -1.000000e+00
    outer loop
      vertex   -1.117500e+02 8.200000e+01 0.000000e+00
      vertex   -1.119510e+02 8.275000e+01 0.000000e+00
      vertex   -1.087500e+02 1.160000e+02 0.000000e+00
    endloop
  endfacet
  facet normal 0.000000e+00 0.000000e+00 -1.000000e+00
    outer loop
      vertex   -1.087500e+02 1.160000e+02 0.000000e+00
      vertex   -1.119510e+02 8.275000e+01 0.000000e+00
      vertex   -1.125000e+02 8.329904e+01 0.000000e+00
    endloop
  endfacet
  facet normal 0.000000e+00 0.000000e+00 -1.000000e+00
    outer loop
      vertex   -1.087500e+02 1.160000e+02 0.000000e+00
      vertex   -1.125000e+02 8.329904e+01 0.000000e+00
      vertex   -1.132500e+02 8.350000e+01 0.000000e+00
    endloop
  endfacet
  facet normal 0.000000e+00 0.000000e+00 -1.000000e+00
    outer loop
      vertex   -1.255000e+02 1.096450e+02 0.000000e+00
      vertex   -1.147500e+02 4.000000e+01 0.000000e+00
      vertex   -1.147500e+02 -2.000000e+00 0.000000e+00
    endloop
  endfacet
  facet normal 0.000000e+00 0.000000e+00 -1.000000e+00
    outer loop
      vertex   -1.147500e+02 -2.000000e+00 0.000000e+00
      vertex   -1.147500e+02 4.000000e+01 0.000000e+00
      vertex   -1.145490e+02 3.925000e+01 0.000000e+00
    endloop
  endfacet
  facet normal 0.000000e+00 0.000000e+00 -1.000000e+00
    outer loop
      vertex   -1.147500e+02 -2.000000e+00 0.000000e+00
      vertex   -1.145490e+02 3.925000e+01 0.000000e+00
      vertex   -1.145490e+02 -1.250000e+00 0.000000e+00
    endloop
  endfacet
  facet normal 0.000000e+00 0.000000e+00 -1.000000e+00
    outer loop
      vertex   -1.145490e+02 -1.250000e+00 0.000000e+00
      vertex   -1.145490e+02 3.925000e+01 0.000000e+00
      vertex   -1.140000e+02 3.870096e+01 0.000000e+00
    endloop
  endfacet
  facet normal 0.000000e+00 0.000000e+00 -1.000000e+00
    outer loop
      vertex   -1.145490e+02 -1.250000e+00 0.000000e+00
      vertex   -1.140000e+02 3.870096e+01 0.000000e+00
      vertex   -1.140000e+02 -7.009619e-01 0.000000e+00
    endloop
  endfacet
  facet normal 0.000000e+00 0.000000e+00 -1.000000e+00
    outer loop
      vertex   -1.140000e+02 -7.009619e-01 0.000000e+00
      vertex   -1.140000e+02 3.870096e+01 0.000000e+00
      vertex   -1.132500e+02 3.850000e+01 0.000000e+00
    endloop
  endfacet
  facet normal 0.000000e+00 0.000000e+00 -1.000000e+00
    outer loop
      vertex   -1.140000e+02 -7.009619e-01 0.000000e+00
      vertex   -1.132500e+02 3.850000e+01 0.000000e+00
      vertex   -1.132500e+02 -5.000000e-01 0.000000e+00
    endloop
  endfacet
  facet normal 0.000000e+00 0.000000e+00 -1.000000e+00
    outer loop
      vertex   -1.132500e+02 -5.000000e-01 0.000000e+00
      vertex   -1.132500e+02 3.850000e+01 0.000000e+00
      vertex   -1.125000e+02 -7.009619e-01 0.000000e+00
    endloop
  endfacet
  facet normal 0.000000e+00 0.000000e+00 -1.000000e+00
    outer loop
      vertex   -1.125000e+02 -7.009619e-01 0.000000e+00
      vertex   -1.132500e+02 3.850000e+01 0.000000e+00
      vertex   -1.125000e+02 3.870096e+01 0.000000e+00
    endloop
  endfacet
  facet normal 0.000000e+00 0.000000e+00 -1.000000e+00
    outer loop
      vertex   -1.125000e+02 -7.009619e-01 0.000000e+00
      vertex   -1.125000e+02 3.870096e+01 0.000000e+00
      vertex   -1.119510e+02 -1.250000e+00 0.000000e+00
    endloop
  endfacet
  facet normal 0.000000e+00 0.000000e+00 -1.000000e+00
    outer loop
      vertex   -1.119510e+02 -1.250000e+00 0.000000e+00
      vertex   -1.125000e+02 3.870096e+01 0.000000e+00
      vertex   -1.119510e+02 3.925000e+01 0.000000e+00
    endloop
  endfacet
  facet normal 0.000000e+00 0.000000e+00 -1.000000e+00
    outer loop
      vertex   -1.119510e+02 -1.250000e+00 0.000000e+00
      vertex   -1.119510e+02 3.925000e+01 0.000000e+00
      vertex   -1.117500e+02 -2.000000e+00 0.000000e+00
    endloop
  endfacet
  facet normal 0.000000e+00 0.000000e+00 -1.000000e+00
    outer loop
      vertex   -1.117500e+02 -2.000000e+00 0.000000e+00
      vertex   -1.119510e+02 3.925000e+01 0.000000e+00
      vertex   -1.117500e+02 4.000000e+01 0.000000e+00
    endloop
  endfacet
  facet normal 0.000000e+00 0.000000e+00 -1.000000e+00
    outer loop
      vertex   -1.147500e+02 -2.000000e+00 0.000000e+00
      vertex   -1.145490e+02 -2.750000e+00 0.000000e+00
      vertex   -1.147500e+02 -4.400000e+01 0.000000e+00
    endloop
  endfacet
  facet normal 0.000000e+00 0.000000e+00 -1.000000e+00
    outer loop
      vertex   -1.147500e+02 -4.400000e+01 0.000000e+00
      vertex   -1.145490e+02 -2.750000e+00 0.000000e+00
      vertex   -1.145490e+02 -4.325000e+01 0.000000e+00
    endloop
  endfacet
  facet normal 0.000000e+00 0.000000e+00 -1.000000e+00
    outer loop
      vertex   -1.145490e+02 -4.325000e+01 0.000000e+00
      vertex   -1.145490e+02 -2.750000e+00 0.000000e+00
      vertex   -1.140000e+02 -3.299038e+00 0.000000e+00
    endloop
  endfacet
  facet normal 0.000000e+00 0.000000e+00 -1.000000e+00
    outer loop
      vertex   -1.145490e+02 -4.325000e+01 0.000000e+00
      vertex   -1.140000e+02 -3.299038e+00 0.000000e+00
      vertex   -1.140000e+02 -4.270096e+01 0.000000e+00
    endloop
  endfacet
  facet normal 0.000000e+00 0.000000e+00 -1.000000e+00
    outer loop
      vertex   -1.140000e+02 -4.270096e+01 0.000000e+00
      vertex   -1.140000e+02 -3.299038e+00 0.000000e+00
      vertex   -1.132500e+02 -3.500000e+00 0.000000e+00
    endloop
  endfacet
  facet normal 0.000000e+00 0.000000e+00 -1.000000e+00
    outer loop
      vertex   -1.140000e+02 -4.270096e+01 0.000000e+00
      vertex   -1.132500e+02 -3.500000e+00 0.000000e+00
      vertex   -1.132500e+02 -4.250000e+01 0.000000e+00
    endloop
  endfacet
  facet normal 0.000000e+00 0.000000e+00 -1.000000e+00
    outer loop
      vertex   -1.132500e+02 -4.250000e+01 0.000000e+00
      vertex   -1.132500e+02 -3.500000e+00 0.000000e+00
      vertex   -1.125000e+02 -4.270096e+01 0.000000e+00
    endloop
  endfacet
  facet normal 0.000000e+00 0.000000e+00 -1.000000e+00
    outer loop
      vertex   -1.125000e+02 -4.270096e+01 0.000000e+00
      vertex   -1.132500e+02 -3.500000e+00 0.000000e+00
      vertex   -1.125000e+02 -3.299038e+00 0.000000e+00
    endloop
  endfacet
  facet normal 0.000000e+00 0.000000e+00 -1.000000e+00
    outer loop
      vertex   -1.125000e+02 -4.270096e+01 0.000000e+00
      vertex   -1.125000e+02 -3.299038e+00 0.000000e+00
      vertex   -1.119510e+02 -4.325000e+01 0.000000e+00
    endloop
  endfacet
  facet normal 0.000000e+00 0.000000e+00 -1.000000e+00
    outer loop
      vertex   -1.119510e+02 -4.325000e+01 0.000000e+00
      vertex   -1.125000e+02 -3.299038e+00 0.000000e+00
      vertex   -1.119510e+02 -2.750000e+00 0.000000e+00
    endloop
  endfacet
  facet normal 0.000000e+00 0.000000e+00 -1.000000e+00
    outer loop
      vertex   -1.119510e+02 -4.325000e+01 0.000000e+00
      vertex   -1.119510e+02 -2.750000e+00 0.000000e+00
      vertex   -1.117500e+02 -4.400000e+01 0.000000e+00
    endloop
  endfacet
  facet normal 0.000000e+00 0.000000e+00 -1.000000e+00
    outer loop
      vertex   -1.117500e+02 -4.400000e+01 0.000000e+00
      vertex   -1.119510e+02 -2.750000e+00 0.000000e+00
      vertex   -1.117500e+02 -2.000000e+00 0.000000e+00
    endloop
  endfacet
  facet normal 0.000000e+00 0.000000e+00 -1.000000e+00
    outer loop
      vertex   -1.117500e+02 -4.400000e+01 0.000000e+00
      vertex   -1.117500e+02 -2.000000e+00 0.000000e+00
      vertex   -1.087500e+02 -1.120000e+02 0.000000e+00
    endloop
  endfacet
  facet normal 0.000000e+00 0.000000e+00 -1.000000e+00
    outer loop
      vertex   -1.147500e+02 -8.600000e+01 0.000000e+00
      vertex   -1.147500e+02 -4.400000e+01 0.000000e+00
      vertex   -1.145490e+02 -8.525000e+01 0.000000e+00
    endloop
  endfacet
  facet normal 0.000000e+00 0.000000e+00 -1.000000e+00
    outer loop
      vertex   -1.145490e+02 -8.525000e+01 0.000000e+00
      vertex   -1.147500e+02 -4.400000e+01 0.000000e+00
      vertex   -1.145490e+02 -4.475000e+01 0.000000e+00
    endloop
  endfacet
  facet normal 0.000000e+00 0.000000e+00 -1.000000e+00
    outer loop
      vertex   -1.145490e+02 -8.525000e+01 0.000000e+00
      vertex   -1.145490e+02 -4.475000e+01 0.000000e+00
      vertex   -1.140000e+02 -4.529904e+01 0.000000e+00
    endloop
  endfacet
  facet normal 0.000000e+00 0.000000e+00 -1.000000e+00
    outer loop
      vertex   -1.145490e+02 -8.525000e+01 0.000000e+00
      vertex   -1.140000e+02 -4.529904e+01 0.000000e+00
      vertex   -1.140000e+02 -8.470096e+01 0.000000e+00
    endloop
  endfacet
  facet normal 0.000000e+00 0.000000e+00 -1.000000e+00
    outer loop
      vertex   -1.140000e+02 -8.470096e+01 0.000000e+00
      vertex   -1.140000e+02 -4.529904e+01 0.000000e+00
      vertex   -1.132500e+02 -4.550000e+01 0.000000e+00
    endloop
  endfacet
  facet normal 0.000000e+00 0.000000e+00 -1.000000e+00
    outer loop
      vertex   -1.140000e+02 -8.470096e+01 0.000000e+00
      vertex   -1.132500e+02 -4.550000e+01 0.000000e+00
      vertex   -1.132500e+02 -8.450000e+01 0.000000e+00
    endloop
  endfacet
  facet normal 0.000000e+00 0.000000e+00 -1.000000e+00
    outer loop
      vertex   -1.132500e+02 -8.450000e+01 0.000000e+00
      vertex   -1.132500e+02 -4.550000e+01 0.000000e+00
      vertex   -1.125000e+02 -8.470096e+01 0.000000e+00
    endloop
  endfacet
  facet normal 0.000000e+00 0.000000e+00 -1.000000e+00
    outer loop
      vertex   -1.125000e+02 -8.470096e+01 0.000000e+00
      vertex   -1.132500e+02 -4.550000e+01 0.000000e+00
      vertex   -1.125000e+02 -4.529904e+01 0.000000e+00
    endloop
  endfacet
  facet normal 0.000000e+00 0.000000e+00 -1.000000e+00
    outer loop
      vertex   -1.125000e+02 -8.470096e+01 0.000000e+00
      vertex   -1.125000e+02 -4.529904e+01 0.000000e+00
      vertex   -1.119510e+02 -8.525000e+01 0.000000e+00
    endloop
  endfacet
  facet normal 0.000000e+00 0.000000e+00 -1.000000e+00
    outer loop
      vertex   -1.119510e+02 -8.525000e+01 0.000000e+00
      vertex   -1.125000e+02 -4.529904e+01 0.000000e+00
      vertex   -1.119510e+02 -4.475000e+01 0.000000e+00
    endloop
  endfacet
  facet normal 0.000000e+00 0.000000e+00 -1.000000e+00
    outer loop
      vertex   -1.119510e+02 -8.525000e+01 0.000000e+00
      vertex   -1.119510e+02 -4.475000e+01 0.000000e+00
      vertex   -1.117500e+02 -8.600000e+01 0.000000e+00
    endloop
  endfacet
  facet normal 0.000000e+00 0.000000e+00 -1.000000e+00
    outer loop
      vertex   -1.117500e+02 -8.600000e+01 0.000000e+00
      vertex   -1.119510e+02 -4.475000e+01 0.000000e+00
      vertex   -1.117500e+02 -4.400000e+01 0.000000e+00
    endloop
  endfacet
  facet normal 0.000000e+00 0.000000e+00 -1.000000e+00
    outer loop
      vertex   -1.117500e+02 -8.600000e+01 0.000000e+00
      vertex   -1.117500e+02 -4.400000e+01 0.000000e+00
      vertex   -1.087500e+02 -1.120000e+02 0.000000e+00
    endloop
  endfacet
  facet normal 0.000000e+00 0.000000e+00 -1.000000e+00
    outer loop
      vertex   -1.132500e+02 -8.750000e+01 0.000000e+00
      vertex   -1.125000e+02 -8.729904e+01 0.000000e+00
      vertex   -1.087500e+02 -1.120000e+02 0.000000e+00
    endloop
  endfacet
  facet normal 0.000000e+00 0.000000e+00 -1.000000e+00
    outer loop
      vertex   -1.087500e+02 -1.120000e+02 0.000000e+00
      vertex   -1.125000e+02 -8.729904e+01 0.000000e+00
      vertex   -1.119510e+02 -8.675000e+01 0.000000e+00
    endloop
  endfacet
  facet normal 0.000000e+00 0.000000e+00 -1.000000e+00
    outer loop
      vertex   -1.087500e+02 -1.120000e+02 0.000000e+00
      vertex   -1.119510e+02 -8.675000e+01 0.000000e+00
      vertex   -1.117500e+02 -8.600000e+01 0.000000e+00
    endloop
  endfacet
  facet normal 0.000000e+00 0.000000e+00 -1.000000e+00
    outer loop
      vertex   1.119510e+02 -6.500000e+00 0.000000e+00
      vertex   1.117500e+02 -4.625000e+01 0.000000e+00
      vertex   -8.750000e+00 -1.120000e+02 0.000000e+00
    endloop
  endfacet
  facet normal 0.000000e+00 1.000000e+00 4.372571e-15
    outer loop
      vertex   -1.087500e+02 1.160000e+02 0.000000e+00
      vertex   -1.188598e+02 1.160000e+02 0.000000e+00
      vertex   -1.087500e+02 1.160000e+02 3.250000e+00
    endloop
  endfacet
  facet normal 1.405655e-15 1.000000e+00 0.000000e+00
    outer loop
      vertex   -1.087500e+02 1.160000e+02 3.250000e+00
      vertex   -1.188598e+02 1.160000e+02 0.000000e+00
      vertex   -1.188598e+02 1.160000e+02 6.000000e+00
    endloop
  endfacet
  facet normal -4.263256e-16 1.000000e+00 -6.734876e-15
    outer loop
      vertex   -1.087500e+02 1.160000e+02 3.250000e+00
      vertex   -1.188598e+02 1.160000e+02 6.000000e+00
      vertex   -8.750000e+00 1.160000e+02 3.250000e+00
    endloop
  endfacet
  facet normal -2.562673e-16 1.000000e+00 7.424694e-17
    outer loop
      vertex   -8.750000e+00 1.160000e+02 3.250000e+00
      vertex   -1.188598e+02 1.160000e+02 6.000000e+00
      vertex   4.750000e+01 1.160000e+02 6.000000e+00
    endloop
  endfacet
  facet normal -2.526374e-16 1.000000e+00 2.991828e-31
    outer loop
      vertex   -8.750000e+00 1.160000e+02 3.250000e+00
      vertex   4.750000e+01 1.160000e+02 6.000000e+00
      vertex   4.750000e+01 1.160000e+02 0.000000e+00
    endloop
  endfacet
  facet normal 0.000000e+00 1.000000e+00 4.372571e-15
    outer loop
      vertex   4.750000e+01 1.160000e+02 0.000000e+00
      vertex   -8.750000e+00 1.160000e+02 0.000000e+00
      vertex   -8.750000e+00 1.160000e+02 3.250000e+00
    endloop
  endfacet
  facet normal -1.000000e+00 1.480297e-16 6.472705e-31
    outer loop
      vertex   -8.750000e+00 1.160000e+02 0.000000e+00
      vertex   -8.750000e+00 -1.120000e+02 0.000000e+00
      vertex   -8.750000e+00 1.160000e+02 3.250000e+00
    endloop
  endfacet
  facet normal -1.000000e+00 1.480297e-16 0.000000e+00
    outer loop
      vertex   -8.750000e+00 1.160000e+02 3.250000e+00
      vertex   -8.750000e+00 -1.120000e+02 0.000000e+00
      vertex   -8.750000e+00 -1.120000e+02 3.250000e+00
    endloop
  endfacet
  facet normal -0.000000e+00 0.000000e+00 1.000000e+00
    outer loop
      vertex   -1.200004e+02 1.158682e+02 6.000000e+00
      vertex   -1.210808e+02 1.154796e+02 6.000000e+00
      vertex   -1.188598e+02 1.160000e+02 6.000000e+00
    endloop
  endfacet
  facet normal 0.000000e+00 0.000000e+00 1.000000e+00
    outer loop
      vertex   -1.188598e+02 1.160000e+02 6.000000e+00
      vertex   -1.210808e+02 1.154796e+02 6.000000e+00
      vertex   -1.220442e+02 1.148548e+02 6.000000e+00
    endloop
  endfacet
  facet normal 0.000000e+00 0.000000e+00 1.000000e+00
    outer loop
      vertex   -1.188598e+02 1.160000e+02 6.000000e+00
      vertex   -1.220442e+02 1.148548e+02 6.000000e+00
      vertex   -1.255000e+02 1.096450e+02 6.000000e+00
    endloop
  endfacet
  facet normal 0.000000e+00 0.000000e+00 1.000000e+00
    outer loop
      vertex   -1.255000e+02 1.096450e+02 6.000000e+00
      vertex   -1.220442e+02 1.148548e+02 6.000000e+00
      vertex   -1.236844e+02 1.134998e+02 6.000000e+00
    endloop
  endfacet
  facet normal 0.000000e+00 0.000000e+00 1.000000e+00
    outer loop
      vertex   -1.255000e+02 1.096450e+02 6.000000e+00
      vertex   -1.236844e+02 1.134998e+02 6.000000e+00
      vertex   -1.252863e+02 1.110913e+02 6.000000e+00
    endloop
  endfacet
  facet normal 0.000000e+00 0.000000e+00 1.000000e+00
    outer loop
      vertex   -1.252863e+02 1.110913e+02 6.000000e+00
      vertex   -1.236844e+02 1.134998e+02 6.000000e+00
      vertex   -1.246633e+02 1.124139e+02 6.000000e+00
    endloop
  endfacet
  facet normal 0.000000e+00 -0.000000e+00 1.000000e+00
    outer loop
      vertex   -1.255000e+02 -1.220000e+02 6.000000e+00
      vertex   -1.162500e+02 -2.000000e+00 6.000000e+00
      vertex   -1.255000e+02 1.096450e+02 6.000000e+00
    endloop
  endfacet
  facet normal 0.000000e+00 0.000000e+00 1.000000e+00
    outer loop
      vertex   -1.255000e+02 1.096450e+02 6.000000e+00
      vertex   -1.162500e+02 -2.000000e+00 6.000000e+00
      vertex   -1.162500e+02 4.000000e+01 6.000000e+00
    endloop
  endfacet
  facet normal 0.000000e+00 0.000000e+00 1.000000e+00
    outer loop
      vertex   -1.255000e+02 1.096450e+02 6.000000e+00
      vertex   -1.162500e+02 4.000000e+01 6.000000e+00
      vertex   -1.162500e+02 8.200000e+01 6.000000e+00
    endloop
  endfacet
  facet normal 0.000000e+00 0.000000e+00 1.000000e+00
    outer loop
      vertex   -1.162500e+02 8.200000e+01 6.000000e+00
      vertex   -1.162500e+02 4.000000e+01 6.000000e+00
      vertex   -1.158481e+02 8.050000e+01 6.000000e+00
    endloop
  endfacet
  facet normal 0.000000e+00 0.000000e+00 1.000000e+00
    outer loop
      vertex   -1.158481e+02 8.050000e+01 6.000000e+00
      vertex   -1.162500e+02 4.000000e+01 6.000000e+00
      vertex   -1.158481e+02 4.150000e+01 6.000000e+00
    endloop
  endfacet
  facet normal 0.000000e+00 0.000000e+00 1.000000e+00
    outer loop
      vertex   -1.158481e+02 8.050000e+01 6.000000e+00
      vertex   -1.158481e+02 4.150000e+01 6.000000e+00
      vertex   -1.147500e+02 7.940192e+01 6.000000e+00
    endloop
  endfacet
  facet normal 0.000000e+00 0.000000e+00 1.000000e+00
    outer loop
      vertex   -1.147500e+02 7.940192e+01 6.000000e+00
      vertex   -1.158481e+02 4.150000e+01 6.000000e+00
      vertex   -1.147500e+02 4.259808e+01 6.000000e+00
    endloop
  endfacet
  facet normal 0.000000e+00 0.000000e+00 1.000000e+00
    outer loop
      vertex   -1.147500e+02 7.940192e+01 6.000000e+00
      vertex   -1.147500e+02 4.259808e+01 6.000000e+00
      vertex   -1.132500e+02 7.900000e+01 6.000000e+00
    endloop
  endfacet
  facet normal 0.000000e+00 0.000000e+00 1.000000e+00
    outer loop
      vertex   -1.132500e+02 7.900000e+01 6.000000e+00
      vertex   -1.147500e+02 4.259808e+01 6.000000e+00
      vertex   -1.132500e+02 4.300000e+01 6.000000e+00
    endloop
  endfacet
  facet normal 0.000000e+00 0.000000e+00 1.000000e+00
    outer loop
      vertex   -1.132500e+02 7.900000e+01 6.000000e+00
      vertex   -1.132500e+02 4.300000e+01 6.000000e+00
      vertex   -1.117500e+02 4.259808e+01 6.000000e+00
    endloop
  endfacet
  facet normal 0.000000e+00 0.000000e+00 1.000000e+00
    outer loop
      vertex   1.255000e+02 -1.220000e+02 6.000000e+00
      vertex   6.275000e+01 -1.175000e+02 6.000000e+00
      vertex   -1.255000e+02 -1.220000e+02 6.000000e+00
    endloop
  endfacet
  facet normal 0.000000e+00 0.000000e+00 1.000000e+00
    outer loop
      vertex   -1.255000e+02 -1.220000e+02 6.000000e+00
      vertex   6.275000e+01 -1.175000e+02 6.000000e+00
      vertex   6.125000e+01 -1.170981e+02 6.000000e+00
    endloop
  endfacet
  facet normal 0.000000e+00 0.000000e+00 1.000000e+00
    outer loop
      vertex   -1.255000e+02 -1.220000e+02 6.000000e+00
      vertex   6.125000e+01 -1.170981e+02 6.000000e+00
      vertex   -9.682000e+01 -1.094000e+02 6.000000e+00
    endloop
  endfacet
  facet normal 0.000000e+00 0.000000e+00 1.000000e+00
    outer loop
      vertex   -9.682000e+01 -1.094000e+02 6.000000e+00
      vertex   6.125000e+01 -1.170981e+02 6.000000e+00
      vertex   6.015192e+01 -1.160000e+02 6.000000e+00
    endloop
  endfacet
  facet normal 0.000000e+00 0.000000e+00 1.000000e+00
    outer loop
      vertex   -9.682000e+01 -1.094000e+02 6.000000e+00
      vertex   6.015192e+01 -1.160000e+02 6.000000e+00
      vertex   5.975000e+01 -1.145000e+02 6.000000e+00
    endloop
  endfacet
  facet normal 0.000000e+00 0.000000e+00 1.000000e+00
    outer loop
      vertex   1.255000e+02 5.100000e+01 6.000000e+00
      vertex   1.162500e+02 -4.625000e+01 6.000000e+00
      vertex   1.255000e+02 -1.220000e+02 6.000000e+00
    endloop
  endfacet
  facet normal 0.000000e+00 0.000000e+00 1.000000e+00
    outer loop
      vertex   1.255000e+02 -1.220000e+02 6.000000e+00
      vertex   1.162500e+02 -4.625000e+01 6.000000e+00
      vertex   1.162500e+02 -8.675000e+01 6.000000e+00
    endloop
  endfacet
  facet normal 0.000000e+00 0.000000e+00 1.000000e+00
    outer loop
      vertex   1.255000e+02 -1.220000e+02 6.000000e+00
      vertex   1.162500e+02 -8.675000e+01 6.000000e+00
      vertex   1.158481e+02 -8.825000e+01 6.000000e+00
    endloop
  endfacet
  facet normal -0.000000e+00 0.000000e+00 1.000000e+00
    outer loop
      vertex   8.502000e+01 5.100000e+01 6.000000e+00
      vertex   1.117500e+02 3.734808e+01 6.000000e+00
      vertex   1.255000e+02 5.100000e+01 6.000000e+00
    endloop
  endfacet
  facet normal 0.000000e+00 0.000000e+00 1.000000e+00
    outer loop
      vertex   1.255000e+02 5.100000e+01 6.000000e+00
      vertex   1.117500e+02 3.734808e+01 6.000000e+00
      vertex   1.132500e+02 3.775000e+01 6.000000e+00
    endloop
  endfacet
  facet normal 0.000000e+00 0.000000e+00 1.000000e+00
    outer loop
      vertex   1.255000e+02 5.100000e+01 6.000000e+00
      vertex   1.132500e+02 3.775000e+01 6.000000e+00
      vertex   1.147500e+02 3.734808e+01 6.000000e+00
    endloop
  endfacet
  facet normal 0.000000e+00 0.000000e+00 1.000000e+00
    outer loop
      vertex   8.502000e+01 -1.094000e+02 6.000000e+00
      vertex   1.102500e+02 -4.625000e+01 6.000000e+00
      vertex   8.502000e+01 5.100000e+01 6.000000e+00
    endloop
  endfacet
  facet normal 0.000000e+00 0.000000e+00 1.000000e+00
    outer loop
      vertex   8.502000e+01 5.100000e+01 6.000000e+00
      vertex   1.102500e+02 -4.625000e+01 6.000000e+00
      vertex   1.102500e+02 -5.750000e+00 6.000000e+00
    endloop
  endfacet
  facet normal 0.000000e+00 0.000000e+00 1.000000e+00
    outer loop
      vertex   8.502000e+01 5.100000e+01 6.000000e+00
      vertex   1.102500e+02 -5.750000e+00 6.000000e+00
      vertex   1.106519e+02 -4.250000e+00 6.000000e+00
    endloop
  endfacet
  facet normal -0.000000e+00 0.000000e+00 1.000000e+00
    outer loop
      vertex   -9.682000e+01 -1.094000e+02 6.000000e+00
      vertex   6.275000e+01 -1.115000e+02 6.000000e+00
      vertex   8.502000e+01 -1.094000e+02 6.000000e+00
    endloop
  endfacet
  facet normal 0.000000e+00 0.000000e+00 1.000000e+00
    outer loop
      vertex   8.502000e+01 -1.094000e+02 6.000000e+00
      vertex   6.275000e+01 -1.115000e+02 6.000000e+00
      vertex   6.425000e+01 -1.119019e+02 6.000000e+00
    endloop
  endfacet
  facet normal 0.000000e+00 0.000000e+00 1.000000e+00
    outer loop
      vertex   8.502000e+01 -1.094000e+02 6.000000e+00
      vertex   6.425000e+01 -1.119019e+02 6.000000e+00
      vertex   6.534808e+01 -1.130000e+02 6.000000e+00
    endloop
  endfacet
  facet normal 0.000000e+00 0.000000e+00 1.000000e+00
    outer loop
      vertex   -9.682000e+01 9.410000e+01 6.000000e+00
      vertex   -1.102500e+02 -2.000000e+00 6.000000e+00
      vertex   -9.682000e+01 -1.094000e+02 6.000000e+00
    endloop
  endfacet
  facet normal 0.000000e+00 0.000000e+00 1.000000e+00
    outer loop
      vertex   -9.682000e+01 -1.094000e+02 6.000000e+00
      vertex   -1.102500e+02 -2.000000e+00 6.000000e+00
      vertex   -1.102500e+02 -4.400000e+01 6.000000e+00
    endloop
  endfacet
  facet normal 0.000000e+00 0.000000e+00 1.000000e+00
    outer loop
      vertex   -9.682000e+01 -1.094000e+02 6.000000e+00
      vertex   -1.102500e+02 -4.400000e+01 6.000000e+00
      vertex   -1.106519e+02 -4.550000e+01 6.000000e+00
    endloop
  endfacet
  facet normal 0.000000e+00 -0.000000e+00 1.000000e+00
    outer loop
      vertex   4.750000e+01 9.410000e+01 6.000000e+00
      vertex   4.750000e+01 1.160000e+02 6.000000e+00
      vertex   -9.682000e+01 9.410000e+01 6.000000e+00
    endloop
  endfacet
  facet normal 0.000000e+00 -0.000000e+00 1.000000e+00
    outer loop
      vertex   -9.682000e+01 9.410000e+01 6.000000e+00
      vertex   4.750000e+01 1.160000e+02 6.000000e+00
      vertex   -1.188598e+02 1.160000e+02 6.000000e+00
    endloop
  endfacet
  facet normal 0.000000e+00 0.000000e+00 1.000000e+00
    outer loop
      vertex   -9.682000e+01 9.410000e+01 6.000000e+00
      vertex   -1.188598e+02 1.160000e+02 6.000000e+00
      vertex   -1.255000e+02 1.096450e+02 6.000000e+00
    endloop
  endfacet
  facet normal -0.000000e+00 0.000000e+00 1.000000e+00
    outer loop
      vertex   -1.184019e+02 -1.130000e+02 6.000000e+00
      vertex   -1.180000e+02 -1.145000e+02 6.000000e+00
      vertex   -9.682000e+01 -1.094000e+02 6.000000e+00
    endloop
  endfacet
  facet normal 0.000000e+00 0.000000e+00 1.000000e+00
    outer loop
      vertex   -9.682000e+01 -1.094000e+02 6.000000e+00
      vertex   -1.180000e+02 -1.145000e+02 6.000000e+00
      vertex   -1.184019e+02 -1.160000e+02 6.000000e+00
    endloop
  endfacet
  facet normal 0.000000e+00 0.000000e+00 1.000000e+00
    outer loop
      vertex   -9.682000e+01 -1.094000e+02 6.000000e+00
      vertex   -1.184019e+02 -1.160000e+02 6.000000e+00
      vertex   -1.195000e+02 -1.170981e+02 6.000000e+00
    endloop
  endfacet
  facet normal 0.000000e+00 0.000000e+00 1.000000e+00
    outer loop
      vertex   -9.682000e+01 -1.094000e+02 6.000000e+00
      vertex   -1.195000e+02 -1.170981e+02 6.000000e+00
      vertex   -1.255000e+02 -1.220000e+02 6.000000e+00
    endloop
  endfacet
  facet normal 0.000000e+00 0.000000e+00 1.000000e+00
    outer loop
      vertex   -1.255000e+02 -1.220000e+02 6.000000e+00
      vertex   -1.195000e+02 -1.170981e+02 6.000000e+00
      vertex   -1.210000e+02 -1.175000e+02 6.000000e+00
    endloop
  endfacet
  facet normal 0.000000e+00 0.000000e+00 1.000000e+00
    outer loop
      vertex   -1.255000e+02 -1.220000e+02 6.000000e+00
      vertex   -1.210000e+02 -1.175000e+02 6.000000e+00
      vertex   -1.225000e+02 -1.170981e+02 6.000000e+00
    endloop
  endfacet
  facet normal 0.000000e+00 0.000000e+00 1.000000e+00
    outer loop
      vertex   -1.225000e+02 -1.170981e+02 6.000000e+00
      vertex   -1.235981e+02 -1.160000e+02 6.000000e+00
      vertex   -1.255000e+02 -1.220000e+02 6.000000e+00
    endloop
  endfacet
  facet normal 0.000000e+00 0.000000e+00 1.000000e+00
    outer loop
      vertex   -1.255000e+02 -1.220000e+02 6.000000e+00
      vertex   -1.235981e+02 -1.160000e+02 6.000000e+00
      vertex   -1.240000e+02 -1.145000e+02 6.000000e+00
    endloop
  endfacet
  facet normal 0.000000e+00 0.000000e+00 1.000000e+00
    outer loop
      vertex   -1.255000e+02 -1.220000e+02 6.000000e+00
      vertex   -1.240000e+02 -1.145000e+02 6.000000e+00
      vertex   -1.162500e+02 -4.400000e+01 6.000000e+00
    endloop
  endfacet
  facet normal 0.000000e+00 0.000000e+00 1.000000e+00
    outer loop
      vertex   -1.162500e+02 -4.400000e+01 6.000000e+00
      vertex   -1.240000e+02 -1.145000e+02 6.000000e+00
      vertex   -1.235981e+02 -1.130000e+02 6.000000e+00
    endloop
  endfacet
  facet normal 0.000000e+00 0.000000e+00 1.000000e+00
    outer loop
      vertex   -1.162500e+02 -4.400000e+01 6.000000e+00
      vertex   -1.235981e+02 -1.130000e+02 6.000000e+00
      vertex   -1.162500e+02 -8.600000e+01 6.000000e+00
    endloop
  endfacet
  facet normal 0.000000e+00 0.000000e+00 1.000000e+00
    outer loop
      vertex   -1.162500e+02 -8.600000e+01 6.000000e+00
      vertex   -1.235981e+02 -1.130000e+02 6.000000e+00
      vertex   -1.158481e+02 -8.750000e+01 6.000000e+00
    endloop
  endfacet
  facet normal 0.000000e+00 0.000000e+00 1.000000e+00
    outer loop
      vertex   -1.158481e+02 -8.750000e+01 6.000000e+00
      vertex   -1.235981e+02 -1.130000e+02 6.000000e+00
      vertex   -1.225000e+02 -1.119019e+02 6.000000e+00
    endloop
  endfacet
  facet normal 0.000000e+00 0.000000e+00 1.000000e+00
    outer loop
      vertex   -1.158481e+02 -8.750000e+01 6.000000e+00
      vertex   -1.225000e+02 -1.119019e+02 6.000000e+00
      vertex   -1.147500e+02 -8.859808e+01 6.000000e+00
    endloop
  endfacet
  facet normal 0.000000e+00 0.000000e+00 1.000000e+00
    outer loop
      vertex   -1.147500e+02 -8.859808e+01 6.000000e+00
      vertex   -1.225000e+02 -1.119019e+02 6.000000e+00
      vertex   -1.210000e+02 -1.115000e+02 6.000000e+00
    endloop
  endfacet
  facet normal 0.000000e+00 0.000000e+00 1.000000e+00
    outer loop
      vertex   -1.147500e+02 -8.859808e+01 6.000000e+00
      vertex   -1.210000e+02 -1.115000e+02 6.000000e+00
      vertex   -1.132500e+02 -8.900000e+01 6.000000e+00
    endloop
  endfacet
  facet normal 0.000000e+00 0.000000e+00 1.000000e+00
    outer loop
      vertex   -1.132500e+02 -8.900000e+01 6.000000e+00
      vertex   -1.210000e+02 -1.115000e+02 6.000000e+00
      vertex   -1.195000e+02 -1.119019e+02 6.000000e+00
    endloop
  endfacet
  facet normal 0.000000e+00 0.000000e+00 1.000000e+00
    outer loop
      vertex   -1.132500e+02 -8.900000e+01 6.000000e+00
      vertex   -1.195000e+02 -1.119019e+02 6.000000e+00
      vertex   -9.682000e+01 -1.094000e+02 6.000000e+00
    endloop
  endfacet
  facet normal 0.000000e+00 0.000000e+00 1.000000e+00
    outer loop
      vertex   -9.682000e+01 -1.094000e+02 6.000000e+00
      vertex   -1.195000e+02 -1.119019e+02 6.000000e+00
      vertex   -1.184019e+02 -1.130000e+02 6.000000e+00
    endloop
  endfacet
  facet normal 0.000000e+00 0.000000e+00 1.000000e+00
    outer loop
      vertex   1.180981e+02 -1.130000e+02 6.000000e+00
      vertex   1.185000e+02 -1.145000e+02 6.000000e+00
      vertex   1.255000e+02 -1.220000e+02 6.000000e+00
    endloop
  endfacet
  facet normal 0.000000e+00 0.000000e+00 1.000000e+00
    outer loop
      vertex   1.255000e+02 -1.220000e+02 6.000000e+00
      vertex   1.185000e+02 -1.145000e+02 6.000000e+00
      vertex   1.180981e+02 -1.160000e+02 6.000000e+00
    endloop
  endfacet
  facet normal 0.000000e+00 0.000000e+00 1.000000e+00
    outer loop
      vertex   1.255000e+02 -1.220000e+02 6.000000e+00
      vertex   1.180981e+02 -1.160000e+02 6.000000e+00
      vertex   1.170000e+02 -1.170981e+02 6.000000e+00
    endloop
  endfacet
  facet normal 0.000000e+00 0.000000e+00 1.000000e+00
    outer loop
      vertex   1.170000e+02 -1.170981e+02 6.000000e+00
      vertex   1.155000e+02 -1.175000e+02 6.000000e+00
      vertex   1.255000e+02 -1.220000e+02 6.000000e+00
    endloop
  endfacet
  facet normal 0.000000e+00 0.000000e+00 1.000000e+00
    outer loop
      vertex   1.255000e+02 -1.220000e+02 6.000000e+00
      vertex   1.155000e+02 -1.175000e+02 6.000000e+00
      vertex   1.140000e+02 -1.170981e+02 6.000000e+00
    endloop
  endfacet
  facet normal 0.000000e+00 0.000000e+00 1.000000e+00
    outer loop
      vertex   1.255000e+02 -1.220000e+02 6.000000e+00
      vertex   1.140000e+02 -1.170981e+02 6.000000e+00
      vertex   6.425000e+01 -1.170981e+02 6.000000e+00
    endloop
  endfacet
  facet normal 0.000000e+00 0.000000e+00 1.000000e+00
    outer loop
      vertex   6.425000e+01 -1.170981e+02 6.000000e+00
      vertex   1.140000e+02 -1.170981e+02 6.000000e+00
      vertex   8.502000e+01 -1.094000e+02 6.000000e+00
    endloop
  endfacet
  facet normal 0.000000e+00 0.000000e+00 1.000000e+00
    outer loop
      vertex   6.425000e+01 -1.170981e+02 6.000000e+00
      vertex   8.502000e+01 -1.094000e+02 6.000000e+00
      vertex   6.534808e+01 -1.160000e+02 6.000000e+00
    endloop
  endfacet
  facet normal 0.000000e+00 0.000000e+00 1.000000e+00
    outer loop
      vertex   6.534808e+01 -1.160000e+02 6.000000e+00
      vertex   8.502000e+01 -1.094000e+02 6.000000e+00
      vertex   6.575000e+01 -1.145000e+02 6.000000e+00
    endloop
  endfacet
  facet normal 0.000000e+00 -0.000000e+00 1.000000e+00
    outer loop
      vertex   6.575000e+01 -1.145000e+02 6.000000e+00
      vertex   8.502000e+01 -1.094000e+02 6.000000e+00
      vertex   6.534808e+01 -1.130000e+02 6.000000e+00
    endloop
  endfacet
  facet normal 0.000000e+00 0.000000e+00 1.000000e+00
    outer loop
      vertex   1.140000e+02 -1.170981e+02 6.000000e+00
      vertex   1.129019e+02 -1.160000e+02 6.000000e+00
      vertex   8.502000e+01 -1.094000e+02 6.000000e+00
    endloop
  endfacet
  facet normal 0.000000e+00 0.000000e+00 1.000000e+00
    outer loop
      vertex   8.502000e+01 -1.094000e+02 6.000000e+00
      vertex   1.129019e+02 -1.160000e+02 6.000000e+00
      vertex   1.125000e+02 -1.145000e+02 6.000000e+00
    endloop
  endfacet
  facet normal 0.000000e+00 0.000000e+00 1.000000e+00
    outer loop
      vertex   8.502000e+01 -1.094000e+02 6.000000e+00
      vertex   1.125000e+02 -1.145000e+02 6.000000e+00
      vertex   1.129019e+02 -1.130000e+02 6.000000e+00
    endloop
  endfacet
  facet normal -0.000000e+00 0.000000e+00 1.000000e+00
    outer loop
      vertex   8.502000e+01 -1.094000e+02 6.000000e+00
      vertex   1.129019e+02 -1.130000e+02 6.000000e+00
      vertex   1.117500e+02 -8.934808e+01 6.000000e+00
    endloop
  endfacet
  facet normal 0.000000e+00 0.000000e+00 1.000000e+00
    outer loop
      vertex   1.117500e+02 -8.934808e+01 6.000000e+00
      vertex   1.129019e+02 -1.130000e+02 6.000000e+00
      vertex   1.140000e+02 -1.119019e+02 6.000000e+00
    endloop
  endfacet
  facet normal 0.000000e+00 0.000000e+00 1.000000e+00
    outer loop
      vertex   1.117500e+02 -8.934808e+01 6.000000e+00
      vertex   1.140000e+02 -1.119019e+02 6.000000e+00
      vertex   1.132500e+02 -8.975000e+01 6.000000e+00
    endloop
  endfacet
  facet normal 0.000000e+00 0.000000e+00 1.000000e+00
    outer loop
      vertex   1.132500e+02 -8.975000e+01 6.000000e+00
      vertex   1.140000e+02 -1.119019e+02 6.000000e+00
      vertex   1.155000e+02 -1.115000e+02 6.000000e+00
    endloop
  endfacet
  facet normal -0.000000e+00 0.000000e+00 1.000000e+00
    outer loop
      vertex   1.132500e+02 -8.975000e+01 6.000000e+00
      vertex   1.155000e+02 -1.115000e+02 6.000000e+00
      vertex   1.147500e+02 -8.934808e+01 6.000000e+00
    endloop
  endfacet
  facet normal 0.000000e+00 0.000000e+00 1.000000e+00
    outer loop
      vertex   1.147500e+02 -8.934808e+01 6.000000e+00
      vertex   1.155000e+02 -1.115000e+02 6.000000e+00
      vertex   1.170000e+02 -1.119019e+02 6.000000e+00
    endloop
  endfacet
  facet normal -0.000000e+00 0.000000e+00 1.000000e+00
    outer loop
      vertex   1.147500e+02 -8.934808e+01 6.000000e+00
      vertex   1.170000e+02 -1.119019e+02 6.000000e+00
      vertex   1.158481e+02 -8.825000e+01 6.000000e+00
    endloop
  endfacet
  facet normal 0.000000e+00 0.000000e+00 1.000000e+00
    outer loop
      vertex   1.158481e+02 -8.825000e+01 6.000000e+00
      vertex   1.170000e+02 -1.119019e+02 6.000000e+00
      vertex   1.180981e+02 -1.130000e+02 6.000000e+00
    endloop
  endfacet
  facet normal 0.000000e+00 0.000000e+00 1.000000e+00
    outer loop
      vertex   1.158481e+02 -8.825000e+01 6.000000e+00
      vertex   1.180981e+02 -1.130000e+02 6.000000e+00
      vertex   1.255000e+02 -1.220000e+02 6.000000e+00
    endloop
  endfacet
  facet normal 0.000000e+00 0.000000e+00 1.000000e+00
    outer loop
      vertex   6.425000e+01 -1.170981e+02 6.000000e+00
      vertex   6.275000e+01 -1.175000e+02 6.000000e+00
      vertex   1.255000e+02 -1.220000e+02 6.000000e+00
    endloop
  endfacet
  facet normal 0.000000e+00 -0.000000e+00 1.000000e+00
    outer loop
      vertex   5.975000e+01 -1.145000e+02 6.000000e+00
      vertex   6.015192e+01 -1.130000e+02 6.000000e+00
      vertex   -9.682000e+01 -1.094000e+02 6.000000e+00
    endloop
  endfacet
  facet normal 0.000000e+00 0.000000e+00 1.000000e+00
    outer loop
      vertex   -9.682000e+01 -1.094000e+02 6.000000e+00
      vertex   6.015192e+01 -1.130000e+02 6.000000e+00
      vertex   6.125000e+01 -1.119019e+02 6.000000e+00
    endloop
  endfacet
  facet normal 0.000000e+00 0.000000e+00 1.000000e+00
    outer loop
      vertex   -9.682000e+01 -1.094000e+02 6.000000e+00
      vertex   6.125000e+01 -1.119019e+02 6.000000e+00
      vertex   6.275000e+01 -1.115000e+02 6.000000e+00
    endloop
  endfacet
  facet normal -0.000000e+00 0.000000e+00 1.000000e+00
    outer loop
      vertex   1.158481e+02 3.625000e+01 6.000000e+00
      vertex   1.162500e+02 3.475000e+01 6.000000e+00
      vertex   1.255000e+02 5.100000e+01 6.000000e+00
    endloop
  endfacet
  facet normal 0.000000e+00 0.000000e+00 1.000000e+00
    outer loop
      vertex   1.255000e+02 5.100000e+01 6.000000e+00
      vertex   1.162500e+02 3.475000e+01 6.000000e+00
      vertex   1.158481e+02 3.325000e+01 6.000000e+00
    endloop
  endfacet
  facet normal 0.000000e+00 0.000000e+00 1.000000e+00
    outer loop
      vertex   1.255000e+02 5.100000e+01 6.000000e+00
      vertex   1.158481e+02 3.325000e+01 6.000000e+00
      vertex   1.158481e+02 -4.250000e+00 6.000000e+00
    endloop
  endfacet
  facet normal 0.000000e+00 -0.000000e+00 1.000000e+00
    outer loop
      vertex   1.158481e+02 -4.250000e+00 6.000000e+00
      vertex   1.158481e+02 3.325000e+01 6.000000e+00
      vertex   1.147500e+02 3.215192e+01 6.000000e+00
    endloop
  endfacet
  facet normal 0.000000e+00 0.000000e+00 1.000000e+00
    outer loop
      vertex   1.158481e+02 -4.250000e+00 6.000000e+00
      vertex   1.147500e+02 3.215192e+01 6.000000e+00
      vertex   1.147500e+02 -3.151924e+00 6.000000e+00
    endloop
  endfacet
  facet normal 0.000000e+00 -0.000000e+00 1.000000e+00
    outer loop
      vertex   1.147500e+02 -3.151924e+00 6.000000e+00
      vertex   1.147500e+02 3.215192e+01 6.000000e+00
      vertex   1.132500e+02 3.175000e+01 6.000000e+00
    endloop
  endfacet
  facet normal 0.000000e+00 0.000000e+00 1.000000e+00
    outer loop
      vertex   1.147500e+02 -3.151924e+00 6.000000e+00
      vertex   1.132500e+02 3.175000e+01 6.000000e+00
      vertex   1.132500e+02 -2.750000e+00 6.000000e+00
    endloop
  endfacet
  facet normal 0.000000e+00 -0.000000e+00 1.000000e+00
    outer loop
      vertex   1.132500e+02 -2.750000e+00 6.000000e+00
      vertex   1.132500e+02 3.175000e+01 6.000000e+00
      vertex   1.117500e+02 -3.151924e+00 6.000000e+00
    endloop
  endfacet
  facet normal 0.000000e+00 0.000000e+00 1.000000e+00
    outer loop
      vertex   1.117500e+02 -3.151924e+00 6.000000e+00
      vertex   1.132500e+02 3.175000e+01 6.000000e+00
      vertex   1.117500e+02 3.215192e+01 6.000000e+00
    endloop
  endfacet
  facet normal 0.000000e+00 -0.000000e+00 1.000000e+00
    outer loop
      vertex   1.117500e+02 -3.151924e+00 6.000000e+00
      vertex   1.117500e+02 3.215192e+01 6.000000e+00
      vertex   1.106519e+02 -4.250000e+00 6.000000e+00
    endloop
  endfacet
  facet normal 0.000000e+00 0.000000e+00 1.000000e+00
    outer loop
      vertex   1.106519e+02 -4.250000e+00 6.000000e+00
      vertex   1.117500e+02 3.215192e+01 6.000000e+00
      vertex   1.106519e+02 3.325000e+01 6.000000e+00
    endloop
  endfacet
  facet normal 0.000000e+00 -0.000000e+00 1.000000e+00
    outer loop
      vertex   1.106519e+02 -4.250000e+00 6.000000e+00
      vertex   1.106519e+02 3.325000e+01 6.000000e+00
      vertex   8.502000e+01 5.100000e+01 6.000000e+00
    endloop
  endfacet
  facet normal 0.000000e+00 0.000000e+00 1.000000e+00
    outer loop
      vertex   8.502000e+01 5.100000e+01 6.000000e+00
      vertex   1.106519e+02 3.325000e+01 6.000000e+00
      vertex   1.102500e+02 3.475000e+01 6.000000e+00
    endloop
  endfacet
  facet normal 0.000000e+00 0.000000e+00 1.000000e+00
    outer loop
      vertex   8.502000e+01 5.100000e+01 6.000000e+00
      vertex   1.102500e+02 3.475000e+01 6.000000e+00
      vertex   1.106519e+02 3.625000e+01 6.000000e+00
    endloop
  endfacet
  facet normal 0.000000e+00 -0.000000e+00 1.000000e+00
    outer loop
      vertex   1.106519e+02 3.625000e+01 6.000000e+00
      vertex   1.117500e+02 3.734808e+01 6.000000e+00
      vertex   8.502000e+01 5.100000e+01 6.000000e+00
    endloop
  endfacet
  facet normal -0.000000e+00 0.000000e+00 1.000000e+00
    outer loop
      vertex   1.147500e+02 3.734808e+01 6.000000e+00
      vertex   1.158481e+02 3.625000e+01 6.000000e+00
      vertex   1.255000e+02 5.100000e+01 6.000000e+00
    endloop
  endfacet
  facet normal -0.000000e+00 0.000000e+00 1.000000e+00
    outer loop
      vertex   1.158481e+02 -7.250000e+00 6.000000e+00
      vertex   1.162500e+02 -4.625000e+01 6.000000e+00
      vertex   1.162500e+02 -5.750000e+00 6.000000e+00
    endloop
  endfacet
  facet normal -0.000000e+00 0.000000e+00 1.000000e+00
    outer loop
      vertex   1.162500e+02 -5.750000e+00 6.000000e+00
      vertex   1.162500e+02 -4.625000e+01 6.000000e+00
      vertex   1.255000e+02 5.100000e+01 6.000000e+00
    endloop
  endfacet
  facet normal 0.000000e+00 -0.000000e+00 1.000000e+00
    outer loop
      vertex   1.162500e+02 -5.750000e+00 6.000000e+00
      vertex   1.255000e+02 5.100000e+01 6.000000e+00
      vertex   1.158481e+02 -4.250000e+00 6.000000e+00
    endloop
  endfacet
  facet normal 0.000000e+00 0.000000e+00 1.000000e+00
    outer loop
      vertex   1.162500e+02 -4.625000e+01 6.000000e+00
      vertex   1.158481e+02 -7.250000e+00 6.000000e+00
      vertex   1.158481e+02 -4.475000e+01 6.000000e+00
    endloop
  endfacet
  facet normal 0.000000e+00 -0.000000e+00 1.000000e+00
    outer loop
      vertex   1.158481e+02 -4.475000e+01 6.000000e+00
      vertex   1.158481e+02 -7.250000e+00 6.000000e+00
      vertex   1.147500e+02 -8.348076e+00 6.000000e+00
    endloop
  endfacet
  facet normal 0.000000e+00 0.000000e+00 1.000000e+00
    outer loop
      vertex   1.158481e+02 -4.475000e+01 6.000000e+00
      vertex   1.147500e+02 -8.348076e+00 6.000000e+00
      vertex   1.147500e+02 -4.365192e+01 6.000000e+00
    endloop
  endfacet
  facet normal 0.000000e+00 -0.000000e+00 1.000000e+00
    outer loop
      vertex   1.147500e+02 -4.365192e+01 6.000000e+00
      vertex   1.147500e+02 -8.348076e+00 6.000000e+00
      vertex   1.132500e+02 -8.750000e+00 6.000000e+00
    endloop
  endfacet
  facet normal 0.000000e+00 0.000000e+00 1.000000e+00
    outer loop
      vertex   1.147500e+02 -4.365192e+01 6.000000e+00
      vertex   1.132500e+02 -8.750000e+00 6.000000e+00
      vertex   1.132500e+02 -4.325000e+01 6.000000e+00
    endloop
  endfacet
  facet normal 0.000000e+00 -0.000000e+00 1.000000e+00
    outer loop
      vertex   1.132500e+02 -4.325000e+01 6.000000e+00
      vertex   1.132500e+02 -8.750000e+00 6.000000e+00
      vertex   1.117500e+02 -4.365192e+01 6.000000e+00
    endloop
  endfacet
  facet normal 0.000000e+00 0.000000e+00 1.000000e+00
    outer loop
      vertex   1.117500e+02 -4.365192e+01 6.000000e+00
      vertex   1.132500e+02 -8.750000e+00 6.000000e+00
      vertex   1.117500e+02 -8.348076e+00 6.000000e+00
    endloop
  endfacet
  facet normal 0.000000e+00 -0.000000e+00 1.000000e+00
    outer loop
      vertex   1.117500e+02 -4.365192e+01 6.000000e+00
      vertex   1.117500e+02 -8.348076e+00 6.000000e+00
      vertex   1.106519e+02 -4.475000e+01 6.000000e+00
    endloop
  endfacet
  facet normal 0.000000e+00 0.000000e+00 1.000000e+00
    outer loop
      vertex   1.106519e+02 -4.475000e+01 6.000000e+00
      vertex   1.117500e+02 -8.348076e+00 6.000000e+00
      vertex   1.106519e+02 -7.250000e+00 6.000000e+00
    endloop
  endfacet
  facet normal 0.000000e+00 -0.000000e+00 1.000000e+00
    outer loop
      vertex   1.106519e+02 -4.475000e+01 6.000000e+00
      vertex   1.106519e+02 -7.250000e+00 6.000000e+00
      vertex   1.102500e+02 -5.750000e+00 6.000000e+00
    endloop
  endfacet
  facet normal 0.000000e+00 0.000000e+00 1.000000e+00
    outer loop
      vertex   1.162500e+02 -4.625000e+01 6.000000e+00
      vertex   1.158481e+02 -4.775000e+01 6.000000e+00
      vertex   1.162500e+02 -8.675000e+01 6.000000e+00
    endloop
  endfacet
  facet normal 0.000000e+00 0.000000e+00 1.000000e+00
    outer loop
      vertex   1.162500e+02 -8.675000e+01 6.000000e+00
      vertex   1.158481e+02 -4.775000e+01 6.000000e+00
      vertex   1.158481e+02 -8.525000e+01 6.000000e+00
    endloop
  endfacet
  facet normal 0.000000e+00 -0.000000e+00 1.000000e+00
    outer loop
      vertex   1.158481e+02 -8.525000e+01 6.000000e+00
      vertex   1.158481e+02 -4.775000e+01 6.000000e+00
      vertex   1.147500e+02 -4.884808e+01 6.000000e+00
    endloop
  endfacet
  facet normal 0.000000e+00 0.000000e+00 1.000000e+00
    outer loop
      vertex   1.158481e+02 -8.525000e+01 6.000000e+00
      vertex   1.147500e+02 -4.884808e+01 6.000000e+00
      vertex   1.147500e+02 -8.415192e+01 6.000000e+00
    endloop
  endfacet
  facet normal 0.000000e+00 -0.000000e+00 1.000000e+00
    outer loop
      vertex   1.147500e+02 -8.415192e+01 6.000000e+00
      vertex   1.147500e+02 -4.884808e+01 6.000000e+00
      vertex   1.132500e+02 -4.925000e+01 6.000000e+00
    endloop
  endfacet
  facet normal 0.000000e+00 0.000000e+00 1.000000e+00
    outer loop
      vertex   1.147500e+02 -8.415192e+01 6.000000e+00
      vertex   1.132500e+02 -4.925000e+01 6.000000e+00
      vertex   1.132500e+02 -8.375000e+01 6.000000e+00
    endloop
  endfacet
  facet normal 0.000000e+00 -0.000000e+00 1.000000e+00
    outer loop
      vertex   1.132500e+02 -8.375000e+01 6.000000e+00
      vertex   1.132500e+02 -4.925000e+01 6.000000e+00
      vertex   1.117500e+02 -8.415192e+01 6.000000e+00
    endloop
  endfacet
  facet normal 0.000000e+00 0.000000e+00 1.000000e+00
    outer loop
      vertex   1.117500e+02 -8.415192e+01 6.000000e+00
      vertex   1.132500e+02 -4.925000e+01 6.000000e+00
      vertex   1.117500e+02 -4.884808e+01 6.000000e+00
    endloop
  endfacet
  facet normal 0.000000e+00 -0.000000e+00 1.000000e+00
    outer loop
      vertex   1.117500e+02 -8.415192e+01 6.000000e+00
      vertex   1.117500e+02 -4.884808e+01 6.000000e+00
      vertex   1.106519e+02 -4.775000e+01 6.000000e+00
    endloop
  endfacet
  facet normal 0.000000e+00 0.000000e+00 1.000000e+00
    outer loop
      vertex   1.102500e+02 -4.625000e+01 6.000000e+00
      vertex   8.502000e+01 -1.094000e+02 6.000000e+00
      vertex   1.106519e+02 -4.775000e+01 6.000000e+00
    endloop
  endfacet
  facet normal 0.000000e+00 0.000000e+00 1.000000e+00
    outer loop
      vertex   1.106519e+02 -4.775000e+01 6.000000e+00
      vertex   8.502000e+01 -1.094000e+02 6.000000e+00
      vertex   1.106519e+02 -8.525000e+01 6.000000e+00
    endloop
  endfacet
  facet normal 0.000000e+00 0.000000e+00 1.000000e+00
    outer loop
      vertex   1.106519e+02 -4.775000e+01 6.000000e+00
      vertex   1.106519e+02 -8.525000e+01 6.000000e+00
      vertex   1.117500e+02 -8.415192e+01 6.000000e+00
    endloop
  endfacet
  facet normal 0.000000e+00 0.000000e+00 1.000000e+00
    outer loop
      vertex   1.102500e+02 -4.625000e+01 6.000000e+00
      vertex   1.106519e+02 -4.475000e+01 6.000000e+00
      vertex   1.102500e+02 -5.750000e+00 6.000000e+00
    endloop
  endfacet
  facet normal 0.000000e+00 0.000000e+00 1.000000e+00
    outer loop
      vertex   1.117500e+02 -8.934808e+01 6.000000e+00
      vertex   1.106519e+02 -8.825000e+01 6.000000e+00
      vertex   8.502000e+01 -1.094000e+02 6.000000e+00
    endloop
  endfacet
  facet normal 0.000000e+00 0.000000e+00 1.000000e+00
    outer loop
      vertex   8.502000e+01 -1.094000e+02 6.000000e+00
      vertex   1.106519e+02 -8.825000e+01 6.000000e+00
      vertex   1.102500e+02 -8.675000e+01 6.000000e+00
    endloop
  endfacet
  facet normal 0.000000e+00 0.000000e+00 1.000000e+00
    outer loop
      vertex   8.502000e+01 -1.094000e+02 6.000000e+00
      vertex   1.102500e+02 -8.675000e+01 6.000000e+00
      vertex   1.106519e+02 -8.525000e+01 6.000000e+00
    endloop
  endfacet
  facet normal -0.000000e+00 0.000000e+00 1.000000e+00
    outer loop
      vertex   -1.106519e+02 8.350000e+01 6.000000e+00
      vertex   -1.102500e+02 8.200000e+01 6.000000e+00
      vertex   -9.682000e+01 9.410000e+01 6.000000e+00
    endloop
  endfacet
  facet normal 0.000000e+00 0.000000e+00 1.000000e+00
    outer loop
      vertex   -9.682000e+01 9.410000e+01 6.000000e+00
      vertex   -1.102500e+02 8.200000e+01 6.000000e+00
      vertex   -1.106519e+02 8.050000e+01 6.000000e+00
    endloop
  endfacet
  facet normal 0.000000e+00 0.000000e+00 1.000000e+00
    outer loop
      vertex   -9.682000e+01 9.410000e+01 6.000000e+00
      vertex   -1.106519e+02 8.050000e+01 6.000000e+00
      vertex   -1.106519e+02 4.150000e+01 6.000000e+00
    endloop
  endfacet
  facet normal 0.000000e+00 -0.000000e+00 1.000000e+00
    outer loop
      vertex   -1.106519e+02 4.150000e+01 6.000000e+00
      vertex   -1.106519e+02 8.050000e+01 6.000000e+00
      vertex   -1.117500e+02 7.940192e+01 6.000000e+00
    endloop
  endfacet
  facet normal 0.000000e+00 0.000000e+00 1.000000e+00
    outer loop
      vertex   -1.106519e+02 4.150000e+01 6.000000e+00
      vertex   -1.117500e+02 7.940192e+01 6.000000e+00
      vertex   -1.117500e+02 4.259808e+01 6.000000e+00
    endloop
  endfacet
  facet normal 0.000000e+00 -0.000000e+00 1.000000e+00
    outer loop
      vertex   -1.117500e+02 4.259808e+01 6.000000e+00
      vertex   -1.117500e+02 7.940192e+01 6.000000e+00
      vertex   -1.132500e+02 7.900000e+01 6.000000e+00
    endloop
  endfacet
  facet normal 0.000000e+00 -0.000000e+00 1.000000e+00
    outer loop
      vertex   -1.162500e+02 8.200000e+01 6.000000e+00
      vertex   -1.158481e+02 8.350000e+01 6.000000e+00
      vertex   -1.255000e+02 1.096450e+02 6.000000e+00
    endloop
  endfacet
  facet normal 0.000000e+00 0.000000e+00 1.000000e+00
    outer loop
      vertex   -1.255000e+02 1.096450e+02 6.000000e+00
      vertex   -1.158481e+02 8.350000e+01 6.000000e+00
      vertex   -1.147500e+02 8.459808e+01 6.000000e+00
    endloop
  endfacet
  facet normal 0.000000e+00 0.000000e+00 1.000000e+00
    outer loop
      vertex   -1.255000e+02 1.096450e+02 6.000000e+00
      vertex   -1.147500e+02 8.459808e+01 6.000000e+00
      vertex   -1.132500e+02 8.500000e+01 6.000000e+00
    endloop
  endfacet
  facet normal 0.000000e+00 0.000000e+00 1.000000e+00
    outer loop
      vertex   -1.255000e+02 1.096450e+02 6.000000e+00
      vertex   -1.132500e+02 8.500000e+01 6.000000e+00
      vertex   -9.682000e+01 9.410000e+01 6.000000e+00
    endloop
  endfacet
  facet normal 0.000000e+00 0.000000e+00 1.000000e+00
    outer loop
      vertex   -9.682000e+01 9.410000e+01 6.000000e+00
      vertex   -1.132500e+02 8.500000e+01 6.000000e+00
      vertex   -1.117500e+02 8.459808e+01 6.000000e+00
    endloop
  endfacet
  facet normal 0.000000e+00 0.000000e+00 1.000000e+00
    outer loop
      vertex   -9.682000e+01 9.410000e+01 6.000000e+00
      vertex   -1.117500e+02 8.459808e+01 6.000000e+00
      vertex   -1.106519e+02 8.350000e+01 6.000000e+00
    endloop
  endfacet
  facet normal -0.000000e+00 0.000000e+00 1.000000e+00
    outer loop
      vertex   -1.106519e+02 3.850000e+01 6.000000e+00
      vertex   -1.102500e+02 -2.000000e+00 6.000000e+00
      vertex   -1.102500e+02 4.000000e+01 6.000000e+00
    endloop
  endfacet
  facet normal -0.000000e+00 0.000000e+00 1.000000e+00
    outer loop
      vertex   -1.102500e+02 4.000000e+01 6.000000e+00
      vertex   -1.102500e+02 -2.000000e+00 6.000000e+00
      vertex   -9.682000e+01 9.410000e+01 6.000000e+00
    endloop
  endfacet
  facet normal 0.000000e+00 -0.000000e+00 1.000000e+00
    outer loop
      vertex   -1.102500e+02 4.000000e+01 6.000000e+00
      vertex   -9.682000e+01 9.410000e+01 6.000000e+00
      vertex   -1.106519e+02 4.150000e+01 6.000000e+00
    endloop
  endfacet
  facet normal 0.000000e+00 0.000000e+00 1.000000e+00
    outer loop
      vertex   -1.102500e+02 -2.000000e+00 6.000000e+00
      vertex   -1.106519e+02 3.850000e+01 6.000000e+00
      vertex   -1.106519e+02 -5.000000e-01 6.000000e+00
    endloop
  endfacet
  facet normal 0.000000e+00 -0.000000e+00 1.000000e+00
    outer loop
      vertex   -1.106519e+02 -5.000000e-01 6.000000e+00
      vertex   -1.106519e+02 3.850000e+01 6.000000e+00
      vertex   -1.117500e+02 3.740192e+01 6.000000e+00
    endloop
  endfacet
  facet normal 0.000000e+00 0.000000e+00 1.000000e+00
    outer loop
      vertex   -1.106519e+02 -5.000000e-01 6.000000e+00
      vertex   -1.117500e+02 3.740192e+01 6.000000e+00
      vertex   -1.117500e+02 5.980762e-01 6.000000e+00
    endloop
  endfacet
  facet normal 0.000000e+00 -0.000000e+00 1.000000e+00
    outer loop
      vertex   -1.117500e+02 5.980762e-01 6.000000e+00
      vertex   -1.117500e+02 3.740192e+01 6.000000e+00
      vertex   -1.132500e+02 3.700000e+01 6.000000e+00
    endloop
  endfacet
  facet normal 0.000000e+00 0.000000e+00 1.000000e+00
    outer loop
      vertex   -1.117500e+02 5.980762e-01 6.000000e+00
      vertex   -1.132500e+02 3.700000e+01 6.000000e+00
      vertex   -1.132500e+02 1.000000e+00 6.000000e+00
    endloop
  endfacet
  facet normal 0.000000e+00 -0.000000e+00 1.000000e+00
    outer loop
      vertex   -1.132500e+02 1.000000e+00 6.000000e+00
      vertex   -1.132500e+02 3.700000e+01 6.000000e+00
      vertex   -1.147500e+02 5.980762e-01 6.000000e+00
    endloop
  endfacet
  facet normal 0.000000e+00 0.000000e+00 1.000000e+00
    outer loop
      vertex   -1.147500e+02 5.980762e-01 6.000000e+00
      vertex   -1.132500e+02 3.700000e+01 6.000000e+00
      vertex   -1.147500e+02 3.740192e+01 6.000000e+00
    endloop
  endfacet
  facet normal 0.000000e+00 -0.000000e+00 1.000000e+00
    outer loop
      vertex   -1.147500e+02 5.980762e-01 6.000000e+00
      vertex   -1.147500e+02 3.740192e+01 6.000000e+00
      vertex   -1.158481e+02 -5.000000e-01 6.000000e+00
    endloop
  endfacet
  facet normal 0.000000e+00 0.000000e+00 1.000000e+00
    outer loop
      vertex   -1.158481e+02 -5.000000e-01 6.000000e+00
      vertex   -1.147500e+02 3.740192e+01 6.000000e+00
      vertex   -1.158481e+02 3.850000e+01 6.000000e+00
    endloop
  endfacet
  facet normal 0.000000e+00 -0.000000e+00 1.000000e+00
    outer loop
      vertex   -1.158481e+02 -5.000000e-01 6.000000e+00
      vertex   -1.158481e+02 3.850000e+01 6.000000e+00
      vertex   -1.162500e+02 -2.000000e+00 6.000000e+00
    endloop
  endfacet
  facet normal 0.000000e+00 0.000000e+00 1.000000e+00
    outer loop
      vertex   -1.162500e+02 -2.000000e+00 6.000000e+00
      vertex   -1.158481e+02 3.850000e+01 6.000000e+00
      vertex   -1.162500e+02 4.000000e+01 6.000000e+00
    endloop
  endfacet
  facet normal 0.000000e+00 0.000000e+00 1.000000e+00
    outer loop
      vertex   -1.102500e+02 -2.000000e+00 6.000000e+00
      vertex   -1.106519e+02 -3.500000e+00 6.000000e+00
      vertex   -1.102500e+02 -4.400000e+01 6.000000e+00
    endloop
  endfacet
  facet normal 0.000000e+00 0.000000e+00 1.000000e+00
    outer loop
      vertex   -1.102500e+02 -4.400000e+01 6.000000e+00
      vertex   -1.106519e+02 -3.500000e+00 6.000000e+00
      vertex   -1.106519e+02 -4.250000e+01 6.000000e+00
    endloop
  endfacet
  facet normal 0.000000e+00 -0.000000e+00 1.000000e+00
    outer loop
      vertex   -1.106519e+02 -4.250000e+01 6.000000e+00
      vertex   -1.106519e+02 -3.500000e+00 6.000000e+00
      vertex   -1.117500e+02 -4.598076e+00 6.000000e+00
    endloop
  endfacet
  facet normal 0.000000e+00 0.000000e+00 1.000000e+00
    outer loop
      vertex   -1.106519e+02 -4.250000e+01 6.000000e+00
      vertex   -1.117500e+02 -4.598076e+00 6.000000e+00
      vertex   -1.117500e+02 -4.140192e+01 6.000000e+00
    endloop
  endfacet
  facet normal 0.000000e+00 -0.000000e+00 1.000000e+00
    outer loop
      vertex   -1.117500e+02 -4.140192e+01 6.000000e+00
      vertex   -1.117500e+02 -4.598076e+00 6.000000e+00
      vertex   -1.132500e+02 -5.000000e+00 6.000000e+00
    endloop
  endfacet
  facet normal 0.000000e+00 0.000000e+00 1.000000e+00
    outer loop
      vertex   -1.117500e+02 -4.140192e+01 6.000000e+00
      vertex   -1.132500e+02 -5.000000e+00 6.000000e+00
      vertex   -1.132500e+02 -4.100000e+01 6.000000e+00
    endloop
  endfacet
  facet normal 0.000000e+00 -0.000000e+00 1.000000e+00
    outer loop
      vertex   -1.132500e+02 -4.100000e+01 6.000000e+00
      vertex   -1.132500e+02 -5.000000e+00 6.000000e+00
      vertex   -1.147500e+02 -4.140192e+01 6.000000e+00
    endloop
  endfacet
  facet normal 0.000000e+00 0.000000e+00 1.000000e+00
    outer loop
      vertex   -1.147500e+02 -4.140192e+01 6.000000e+00
      vertex   -1.132500e+02 -5.000000e+00 6.000000e+00
      vertex   -1.147500e+02 -4.598076e+00 6.000000e+00
    endloop
  endfacet
  facet normal 0.000000e+00 -0.000000e+00 1.000000e+00
    outer loop
      vertex   -1.147500e+02 -4.140192e+01 6.000000e+00
      vertex   -1.147500e+02 -4.598076e+00 6.000000e+00
      vertex   -1.158481e+02 -4.250000e+01 6.000000e+00
    endloop
  endfacet
  facet normal 0.000000e+00 0.000000e+00 1.000000e+00
    outer loop
      vertex   -1.158481e+02 -4.250000e+01 6.000000e+00
      vertex   -1.147500e+02 -4.598076e+00 6.000000e+00
      vertex   -1.158481e+02 -3.500000e+00 6.000000e+00
    endloop
  endfacet
  facet normal 0.000000e+00 -0.000000e+00 1.000000e+00
    outer loop
      vertex   -1.158481e+02 -4.250000e+01 6.000000e+00
      vertex   -1.158481e+02 -3.500000e+00 6.000000e+00
      vertex   -1.162500e+02 -4.400000e+01 6.000000e+00
    endloop
  endfacet
  facet normal 0.000000e+00 0.000000e+00 1.000000e+00
    outer loop
      vertex   -1.162500e+02 -4.400000e+01 6.000000e+00
      vertex   -1.158481e+02 -3.500000e+00 6.000000e+00
      vertex   -1.162500e+02 -2.000000e+00 6.000000e+00
    endloop
  endfacet
  facet normal 0.000000e+00 -0.000000e+00 1.000000e+00
    outer loop
      vertex   -1.162500e+02 -4.400000e+01 6.000000e+00
      vertex   -1.162500e+02 -2.000000e+00 6.000000e+00
      vertex   -1.255000e+02 -1.220000e+02 6.000000e+00
    endloop
  endfacet
  facet normal 0.000000e+00 0.000000e+00 1.000000e+00
    outer loop
      vertex   -9.682000e+01 -1.094000e+02 6.000000e+00
      vertex   -1.106519e+02 -4.550000e+01 6.000000e+00
      vertex   -1.106519e+02 -8.450000e+01 6.000000e+00
    endloop
  endfacet
  facet normal 0.000000e+00 -0.000000e+00 1.000000e+00
    outer loop
      vertex   -1.106519e+02 -8.450000e+01 6.000000e+00
      vertex   -1.106519e+02 -4.550000e+01 6.000000e+00
      vertex   -1.117500e+02 -4.659808e+01 6.000000e+00
    endloop
  endfacet
  facet normal 0.000000e+00 0.000000e+00 1.000000e+00
    outer loop
      vertex   -1.106519e+02 -8.450000e+01 6.000000e+00
      vertex   -1.117500e+02 -4.659808e+01 6.000000e+00
      vertex   -1.117500e+02 -8.340192e+01 6.000000e+00
    endloop
  endfacet
  facet normal 0.000000e+00 -0.000000e+00 1.000000e+00
    outer loop
      vertex   -1.117500e+02 -8.340192e+01 6.000000e+00
      vertex   -1.117500e+02 -4.659808e+01 6.000000e+00
      vertex   -1.132500e+02 -4.700000e+01 6.000000e+00
    endloop
  endfacet
  facet normal 0.000000e+00 0.000000e+00 1.000000e+00
    outer loop
      vertex   -1.117500e+02 -8.340192e+01 6.000000e+00
      vertex   -1.132500e+02 -4.700000e+01 6.000000e+00
      vertex   -1.132500e+02 -8.300000e+01 6.000000e+00
    endloop
  endfacet
  facet normal 0.000000e+00 -0.000000e+00 1.000000e+00
    outer loop
      vertex   -1.132500e+02 -8.300000e+01 6.000000e+00
      vertex   -1.132500e+02 -4.700000e+01 6.000000e+00
      vertex   -1.147500e+02 -8.340192e+01 6.000000e+00
    endloop
  endfacet
  facet normal 0.000000e+00 0.000000e+00 1.000000e+00
    outer loop
      vertex   -1.147500e+02 -8.340192e+01 6.000000e+00
      vertex   -1.132500e+02 -4.700000e+01 6.000000e+00
      vertex   -1.147500e+02 -4.659808e+01 6.000000e+00
    endloop
  endfacet
  facet normal 0.000000e+00 -0.000000e+00 1.000000e+00
    outer loop
      vertex   -1.147500e+02 -8.340192e+01 6.000000e+00
      vertex   -1.147500e+02 -4.659808e+01 6.000000e+00
      vertex   -1.158481e+02 -8.450000e+01 6.000000e+00
    endloop
  endfacet
  facet normal 0.000000e+00 0.000000e+00 1.000000e+00
    outer loop
      vertex   -1.158481e+02 -8.450000e+01 6.000000e+00
      vertex   -1.147500e+02 -4.659808e+01 6.000000e+00
      vertex   -1.158481e+02 -4.550000e+01 6.000000e+00
    endloop
  endfacet
  facet normal 0.000000e+00 -0.000000e+00 1.000000e+00
    outer loop
      vertex   -1.158481e+02 -8.450000e+01 6.000000e+00
      vertex   -1.158481e+02 -4.550000e+01 6.000000e+00
      vertex   -1.162500e+02 -4.400000e+01 6.000000e+00
    endloop
  endfacet
  facet normal 0.000000e+00 0.000000e+00 1.000000e+00
    outer loop
      vertex   -1.106519e+02 -8.450000e+01 6.000000e+00
      vertex   -1.102500e+02 -8.600000e+01 6.000000e+00
      vertex   -9.682000e+01 -1.094000e+02 6.000000e+00
    endloop
  endfacet
  facet normal 0.000000e+00 0.000000e+00 1.000000e+00
    outer loop
      vertex   -9.682000e+01 -1.094000e+02 6.000000e+00
      vertex   -1.102500e+02 -8.600000e+01 6.000000e+00
      vertex   -1.106519e+02 -8.750000e+01 6.000000e+00
    endloop
  endfacet
  facet normal 0.000000e+00 0.000000e+00 1.000000e+00
    outer loop
      vertex   -9.682000e+01 -1.094000e+02 6.000000e+00
      vertex   -1.106519e+02 -8.750000e+01 6.000000e+00
      vertex   -1.117500e+02 -8.859808e+01 6.000000e+00
    endloop
  endfacet
  facet normal 0.000000e+00 0.000000e+00 1.000000e+00
    outer loop
      vertex   -1.117500e+02 -8.859808e+01 6.000000e+00
      vertex   -1.132500e+02 -8.900000e+01 6.000000e+00
      vertex   -9.682000e+01 -1.094000e+02 6.000000e+00
    endloop
  endfacet
  facet normal 0.000000e+00 0.000000e+00 1.000000e+00
    outer loop
      vertex   -1.162500e+02 -8.600000e+01 6.000000e+00
      vertex   -1.158481e+02 -8.450000e+01 6.000000e+00
      vertex   -1.162500e+02 -4.400000e+01 6.000000e+00
    endloop
  endfacet
  facet normal -6.368814e-01 7.709618e-01 0.000000e+00
    outer loop
      vertex   -1.220442e+02 1.148548e+02 0.000000e+00
      vertex   -1.236844e+02 1.134998e+02 0.000000e+00
      vertex   -1.220442e+02 1.148548e+02 6.000000e+00
    endloop
  endfacet
  facet normal -6.368814e-01 7.709618e-01 0.000000e+00
    outer loop
      vertex   -1.220442e+02 1.148548e+02 6.000000e+00
      vertex   -1.236844e+02 1.134998e+02 0.000000e+00
      vertex   -1.236844e+02 1.134998e+02 6.000000e+00
    endloop
  endfacet
  facet normal 6.087614e-01 7.933533e-01 -0.000000e+00
    outer loop
      vertex   5.603553e+01 5.246447e+01 0.000000e+00
      vertex   5.603553e+01 5.246447e+01 7.000000e+00
      vertex   5.707107e+01 5.166987e+01 0.000000e+00
    endloop
  endfacet
  facet normal 6.087614e-01 7.933533e-01 -0.000000e+00
    outer loop
      vertex   5.707107e+01 5.166987e+01 0.000000e+00
      vertex   5.603553e+01 5.246447e+01 7.000000e+00
      vertex   5.707107e+01 5.166987e+01 7.000000e+00
    endloop
  endfacet
  facet normal 3.826834e-01 9.238795e-01 -0.000000e+00
    outer loop
      vertex   5.707107e+01 5.166987e+01 0.000000e+00
      vertex   5.707107e+01 5.166987e+01 7.000000e+00
      vertex   5.827697e+01 5.117037e+01 7.000000e+00
    endloop
  endfacet
  facet normal 1.305262e-01 9.914449e-01 0.000000e+00
    outer loop
      vertex   5.957107e+01 5.100000e+01 7.000000e+00
      vertex   5.957107e+01 5.100000e+01 0.000000e+00
      vertex   5.827697e+01 5.117037e+01 7.000000e+00
    endloop
  endfacet
  facet normal 1.305262e-01 9.914449e-01 0.000000e+00
    outer loop
      vertex   5.827697e+01 5.117037e+01 7.000000e+00
      vertex   5.957107e+01 5.100000e+01 0.000000e+00
      vertex   5.827697e+01 5.117037e+01 0.000000e+00
    endloop
  endfacet
  facet normal 3.826834e-01 9.238795e-01 0.000000e+00
    outer loop
      vertex   5.827697e+01 5.117037e+01 7.000000e+00
      vertex   5.827697e+01 5.117037e+01 0.000000e+00
      vertex   5.707107e+01 5.166987e+01 0.000000e+00
    endloop
  endfacet
  facet normal -4.310962e-16 1.000000e+00 1.828489e-15
    outer loop
      vertex   1.255000e+02 5.100000e+01 0.000000e+00
      vertex   5.957107e+01 5.100000e+01 0.000000e+00
      vertex   8.502000e+01 5.100000e+01 6.000000e+00
    endloop
  endfacet
  facet normal 0.000000e+00 1.000000e+00 0.000000e+00
    outer loop
      vertex   8.502000e+01 5.100000e+01 6.000000e+00
      vertex   5.957107e+01 5.100000e+01 0.000000e+00
      vertex   5.957107e+01 5.100000e+01 7.000000e+00
    endloop
  endfacet
  facet normal 0.000000e+00 1.000000e+00 -0.000000e+00
    outer loop
      vertex   8.502000e+01 5.100000e+01 6.000000e+00
      vertex   5.957107e+01 5.100000e+01 7.000000e+00
      vertex   8.502000e+01 5.100000e+01 7.000000e+00
    endloop
  endfacet
  facet normal -3.510587e-16 1.000000e+00 2.368476e-15
    outer loop
      vertex   8.502000e+01 5.100000e+01 6.000000e+00
      vertex   1.255000e+02 5.100000e+01 6.000000e+00
      vertex   1.255000e+02 5.100000e+01 0.000000e+00
    endloop
  endfacet
  facet normal 7.933533e-01 6.087614e-01 0.000000e+00
    outer loop
      vertex   4.896447e+01 5.953553e+01 7.000000e+00
      vertex   4.896447e+01 5.953553e+01 0.000000e+00
      vertex   4.816987e+01 6.057107e+01 7.000000e+00
    endloop
  endfacet
  facet normal 7.933533e-01 6.087614e-01 0.000000e+00
    outer loop
      vertex   4.816987e+01 6.057107e+01 7.000000e+00
      vertex   4.896447e+01 5.953553e+01 0.000000e+00
      vertex   4.816987e+01 6.057107e+01 0.000000e+00
    endloop
  endfacet
  facet normal 9.238795e-01 3.826834e-01 0.000000e+00
    outer loop
      vertex   4.816987e+01 6.057107e+01 7.000000e+00
      vertex   4.816987e+01 6.057107e+01 0.000000e+00
      vertex   4.767037e+01 6.177697e+01 0.000000e+00
    endloop
  endfacet
  facet normal 9.914449e-01 1.305262e-01 -0.000000e+00
    outer loop
      vertex   4.750000e+01 6.307107e+01 0.000000e+00
      vertex   4.750000e+01 6.307107e+01 7.000000e+00
      vertex   4.767037e+01 6.177697e+01 0.000000e+00
    endloop
  endfacet
  facet normal 9.914449e-01 1.305262e-01 -0.000000e+00
    outer loop
      vertex   4.767037e+01 6.177697e+01 0.000000e+00
      vertex   4.750000e+01 6.307107e+01 7.000000e+00
      vertex   4.767037e+01 6.177697e+01 7.000000e+00
    endloop
  endfacet
  facet normal 9.238795e-01 3.826834e-01 -0.000000e+00
    outer loop
      vertex   4.767037e+01 6.177697e+01 0.000000e+00
      vertex   4.767037e+01 6.177697e+01 7.000000e+00
      vertex   4.816987e+01 6.057107e+01 7.000000e+00
    endloop
  endfacet
  facet normal 1.000000e+00 0.000000e+00 -1.184238e-15
    outer loop
      vertex   4.750000e+01 1.160000e+02 6.000000e+00
      vertex   4.750000e+01 9.410000e+01 6.000000e+00
      vertex   4.750000e+01 1.160000e+02 0.000000e+00
    endloop
  endfacet
  facet normal 1.000000e+00 4.027340e-16 2.857413e-16
    outer loop
      vertex   4.750000e+01 1.160000e+02 0.000000e+00
      vertex   4.750000e+01 9.410000e+01 6.000000e+00
      vertex   4.750000e+01 6.307107e+01 0.000000e+00
    endloop
  endfacet
  facet normal 1.000000e+00 4.579872e-16 -0.000000e+00
    outer loop
      vertex   4.750000e+01 6.307107e+01 0.000000e+00
      vertex   4.750000e+01 9.410000e+01 6.000000e+00
      vertex   4.750000e+01 6.307107e+01 7.000000e+00
    endloop
  endfacet
  facet normal 1.000000e+00 4.579872e-16 0.000000e+00
    outer loop
      vertex   4.750000e+01 6.307107e+01 7.000000e+00
      vertex   4.750000e+01 9.410000e+01 6.000000e+00
      vertex   4.750000e+01 9.410000e+01 7.000000e+00
    endloop
  endfacet
  facet normal -2.842171e-16 1.000000e+00 0.000000e+00
    outer loop
      vertex   -8.750000e+00 -1.120000e+02 0.000000e+00
      vertex   -1.087500e+02 -1.120000e+02 0.000000e+00
      vertex   -8.750000e+00 -1.120000e+02 3.250000e+00
    endloop
  endfacet
  facet normal -2.842171e-16 1.000000e+00 0.000000e+00
    outer loop
      vertex   -8.750000e+00 -1.120000e+02 3.250000e+00
      vertex   -1.087500e+02 -1.120000e+02 0.000000e+00
      vertex   -1.087500e+02 -1.120000e+02 3.250000e+00
    endloop
  endfacet
  facet normal 1.000000e+00 -1.869849e-16 4.372571e-15
    outer loop
      vertex   -1.087500e+02 1.160000e+02 3.250000e+00
      vertex   -1.087500e+02 -1.120000e+02 3.250000e+00
      vertex   -1.087500e+02 1.160000e+02 0.000000e+00
    endloop
  endfacet
  facet normal 1.000000e+00 -2.493132e-16 0.000000e+00
    outer loop
      vertex   -1.087500e+02 1.160000e+02 0.000000e+00
      vertex   -1.087500e+02 -1.120000e+02 3.250000e+00
      vertex   -1.087500e+02 -1.120000e+02 0.000000e+00
    endloop
  endfacet
  facet normal 0.000000e+00 -0.000000e+00 -1.000000e+00
    outer loop
      vertex   -1.087500e+02 1.160000e+02 3.250000e+00
      vertex   -8.750000e+00 1.160000e+02 3.250000e+00
      vertex   -1.087500e+02 -1.120000e+02 3.250000e+00
    endloop
  endfacet
  facet normal 0.000000e+00 0.000000e+00 -1.000000e+00
    outer loop
      vertex   -1.087500e+02 -1.120000e+02 3.250000e+00
      vertex   -8.750000e+00 1.160000e+02 3.250000e+00
      vertex   -8.750000e+00 -1.120000e+02 3.250000e+00
    endloop
  endfacet
  facet normal -6.334606e-01 -1.697352e-01 7.549289e-01
    outer loop
      vertex   -1.106519e+02 -8.450000e+01 6.000000e+00
      vertex   -1.119510e+02 -8.525000e+01 4.741351e+00
      vertex   -1.102500e+02 -8.600000e+01 6.000000e+00
    endloop
  endfacet
  facet normal -6.334606e-01 -1.697352e-01 7.549289e-01
    outer loop
      vertex   -1.102500e+02 -8.600000e+01 6.000000e+00
      vertex   -1.119510e+02 -8.525000e+01 4.741351e+00
      vertex   -1.117500e+02 -8.600000e+01 4.741351e+00
    endloop
  endfacet
  facet normal -6.334606e-01 1.697352e-01 7.549289e-01
    outer loop
      vertex   -1.102500e+02 -8.600000e+01 6.000000e+00
      vertex   -1.117500e+02 -8.600000e+01 4.741351e+00
      vertex   -1.106519e+02 -8.750000e+01 6.000000e+00
    endloop
  endfacet
  facet normal -6.334606e-01 1.697352e-01 7.549289e-01
    outer loop
      vertex   -1.106519e+02 -8.750000e+01 6.000000e+00
      vertex   -1.117500e+02 -8.600000e+01 4.741351e+00
      vertex   -1.119510e+02 -8.675000e+01 4.741351e+00
    endloop
  endfacet
  facet normal -4.637253e-01 4.637253e-01 7.549289e-01
    outer loop
      vertex   -1.106519e+02 -8.750000e+01 6.000000e+00
      vertex   -1.119510e+02 -8.675000e+01 4.741351e+00
      vertex   -1.117500e+02 -8.859808e+01 6.000000e+00
    endloop
  endfacet
  facet normal -4.637253e-01 4.637253e-01 7.549289e-01
    outer loop
      vertex   -1.117500e+02 -8.859808e+01 6.000000e+00
      vertex   -1.119510e+02 -8.675000e+01 4.741351e+00
      vertex   -1.125000e+02 -8.729904e+01 4.741351e+00
    endloop
  endfacet
  facet normal -1.697352e-01 6.334606e-01 7.549289e-01
    outer loop
      vertex   -1.117500e+02 -8.859808e+01 6.000000e+00
      vertex   -1.125000e+02 -8.729904e+01 4.741351e+00
      vertex   -1.132500e+02 -8.900000e+01 6.000000e+00
    endloop
  endfacet
  facet normal -1.697352e-01 6.334606e-01 7.549289e-01
    outer loop
      vertex   -1.132500e+02 -8.900000e+01 6.000000e+00
      vertex   -1.125000e+02 -8.729904e+01 4.741351e+00
      vertex   -1.132500e+02 -8.750000e+01 4.741351e+00
    endloop
  endfacet
  facet normal 1.697352e-01 6.334606e-01 7.549289e-01
    outer loop
      vertex   -1.132500e+02 -8.900000e+01 6.000000e+00
      vertex   -1.132500e+02 -8.750000e+01 4.741351e+00
      vertex   -1.147500e+02 -8.859808e+01 6.000000e+00
    endloop
  endfacet
  facet normal 1.697352e-01 6.334606e-01 7.549289e-01
    outer loop
      vertex   -1.147500e+02 -8.859808e+01 6.000000e+00
      vertex   -1.132500e+02 -8.750000e+01 4.741351e+00
      vertex   -1.140000e+02 -8.729904e+01 4.741351e+00
    endloop
  endfacet
  facet normal 4.637253e-01 4.637253e-01 7.549289e-01
    outer loop
      vertex   -1.147500e+02 -8.859808e+01 6.000000e+00
      vertex   -1.140000e+02 -8.729904e+01 4.741351e+00
      vertex   -1.158481e+02 -8.750000e+01 6.000000e+00
    endloop
  endfacet
  facet normal 4.637253e-01 4.637253e-01 7.549289e-01
    outer loop
      vertex   -1.158481e+02 -8.750000e+01 6.000000e+00
      vertex   -1.140000e+02 -8.729904e+01 4.741351e+00
      vertex   -1.145490e+02 -8.675000e+01 4.741351e+00
    endloop
  endfacet
  facet normal 6.334606e-01 1.697352e-01 7.549289e-01
    outer loop
      vertex   -1.158481e+02 -8.750000e+01 6.000000e+00
      vertex   -1.145490e+02 -8.675000e+01 4.741351e+00
      vertex   -1.162500e+02 -8.600000e+01 6.000000e+00
    endloop
  endfacet
  facet normal 6.334606e-01 1.697352e-01 7.549289e-01
    outer loop
      vertex   -1.162500e+02 -8.600000e+01 6.000000e+00
      vertex   -1.145490e+02 -8.675000e+01 4.741351e+00
      vertex   -1.147500e+02 -8.600000e+01 4.741351e+00
    endloop
  endfacet
  facet normal 6.334606e-01 -1.697352e-01 7.549289e-01
    outer loop
      vertex   -1.162500e+02 -8.600000e+01 6.000000e+00
      vertex   -1.147500e+02 -8.600000e+01 4.741351e+00
      vertex   -1.158481e+02 -8.450000e+01 6.000000e+00
    endloop
  endfacet
  facet normal 6.334606e-01 -1.697352e-01 7.549289e-01
    outer loop
      vertex   -1.158481e+02 -8.450000e+01 6.000000e+00
      vertex   -1.147500e+02 -8.600000e+01 4.741351e+00
      vertex   -1.145490e+02 -8.525000e+01 4.741351e+00
    endloop
  endfacet
  facet normal 4.637253e-01 -4.637253e-01 7.549289e-01
    outer loop
      vertex   -1.158481e+02 -8.450000e+01 6.000000e+00
      vertex   -1.145490e+02 -8.525000e+01 4.741351e+00
      vertex   -1.147500e+02 -8.340192e+01 6.000000e+00
    endloop
  endfacet
  facet normal 4.637253e-01 -4.637253e-01 7.549289e-01
    outer loop
      vertex   -1.147500e+02 -8.340192e+01 6.000000e+00
      vertex   -1.145490e+02 -8.525000e+01 4.741351e+00
      vertex   -1.140000e+02 -8.470096e+01 4.741351e+00
    endloop
  endfacet
  facet normal 1.697352e-01 -6.334606e-01 7.549289e-01
    outer loop
      vertex   -1.147500e+02 -8.340192e+01 6.000000e+00
      vertex   -1.140000e+02 -8.470096e+01 4.741351e+00
      vertex   -1.132500e+02 -8.300000e+01 6.000000e+00
    endloop
  endfacet
  facet normal 1.697352e-01 -6.334606e-01 7.549289e-01
    outer loop
      vertex   -1.132500e+02 -8.300000e+01 6.000000e+00
      vertex   -1.140000e+02 -8.470096e+01 4.741351e+00
      vertex   -1.132500e+02 -8.450000e+01 4.741351e+00
    endloop
  endfacet
  facet normal -1.697352e-01 -6.334606e-01 7.549289e-01
    outer loop
      vertex   -1.132500e+02 -8.300000e+01 6.000000e+00
      vertex   -1.132500e+02 -8.450000e+01 4.741351e+00
      vertex   -1.117500e+02 -8.340192e+01 6.000000e+00
    endloop
  endfacet
  facet normal -1.697352e-01 -6.334606e-01 7.549289e-01
    outer loop
      vertex   -1.117500e+02 -8.340192e+01 6.000000e+00
      vertex   -1.132500e+02 -8.450000e+01 4.741351e+00
      vertex   -1.125000e+02 -8.470096e+01 4.741351e+00
    endloop
  endfacet
  facet normal -4.637253e-01 -4.637253e-01 7.549289e-01
    outer loop
      vertex   -1.117500e+02 -8.340192e+01 6.000000e+00
      vertex   -1.125000e+02 -8.470096e+01 4.741351e+00
      vertex   -1.106519e+02 -8.450000e+01 6.000000e+00
    endloop
  endfacet
  facet normal -4.637253e-01 -4.637253e-01 7.549289e-01
    outer loop
      vertex   -1.106519e+02 -8.450000e+01 6.000000e+00
      vertex   -1.125000e+02 -8.470096e+01 4.741351e+00
      vertex   -1.119510e+02 -8.525000e+01 4.741351e+00
    endloop
  endfacet
  facet normal 9.659258e-01 -2.588190e-01 0.000000e+00
    outer loop
      vertex   -1.145490e+02 -8.525000e+01 0.000000e+00
      vertex   -1.145490e+02 -8.525000e+01 4.741351e+00
      vertex   -1.147500e+02 -8.600000e+01 0.000000e+00
    endloop
  endfacet
  facet normal 9.659258e-01 -2.588190e-01 0.000000e+00
    outer loop
      vertex   -1.147500e+02 -8.600000e+01 0.000000e+00
      vertex   -1.145490e+02 -8.525000e+01 4.741351e+00
      vertex   -1.147500e+02 -8.600000e+01 4.741351e+00
    endloop
  endfacet
  facet normal 9.659258e-01 2.588190e-01 -0.000000e+00
    outer loop
      vertex   -1.147500e+02 -8.600000e+01 0.000000e+00
      vertex   -1.147500e+02 -8.600000e+01 4.741351e+00
      vertex   -1.145490e+02 -8.675000e+01 0.000000e+00
    endloop
  endfacet
  facet normal 9.659258e-01 2.588190e-01 -0.000000e+00
    outer loop
      vertex   -1.145490e+02 -8.675000e+01 0.000000e+00
      vertex   -1.147500e+02 -8.600000e+01 4.741351e+00
      vertex   -1.145490e+02 -8.675000e+01 4.741351e+00
    endloop
  endfacet
  facet normal 7.071068e-01 7.071068e-01 -0.000000e+00
    outer loop
      vertex   -1.145490e+02 -8.675000e+01 0.000000e+00
      vertex   -1.145490e+02 -8.675000e+01 4.741351e+00
      vertex   -1.140000e+02 -8.729904e+01 0.000000e+00
    endloop
  endfacet
  facet normal 7.071068e-01 7.071068e-01 -0.000000e+00
    outer loop
      vertex   -1.140000e+02 -8.729904e+01 0.000000e+00
      vertex   -1.145490e+02 -8.675000e+01 4.741351e+00
      vertex   -1.140000e+02 -8.729904e+01 4.741351e+00
    endloop
  endfacet
  facet normal 2.588190e-01 9.659258e-01 -0.000000e+00
    outer loop
      vertex   -1.140000e+02 -8.729904e+01 0.000000e+00
      vertex   -1.140000e+02 -8.729904e+01 4.741351e+00
      vertex   -1.132500e+02 -8.750000e+01 0.000000e+00
    endloop
  endfacet
  facet normal 2.588190e-01 9.659258e-01 -0.000000e+00
    outer loop
      vertex   -1.132500e+02 -8.750000e+01 0.000000e+00
      vertex   -1.140000e+02 -8.729904e+01 4.741351e+00
      vertex   -1.132500e+02 -8.750000e+01 4.741351e+00
    endloop
  endfacet
  facet normal -2.588190e-01 9.659258e-01 0.000000e+00
    outer loop
      vertex   -1.132500e+02 -8.750000e+01 0.000000e+00
      vertex   -1.132500e+02 -8.750000e+01 4.741351e+00
      vertex   -1.125000e+02 -8.729904e+01 0.000000e+00
    endloop
  endfacet
  facet normal -2.588190e-01 9.659258e-01 0.000000e+00
    outer loop
      vertex   -1.125000e+02 -8.729904e+01 0.000000e+00
      vertex   -1.132500e+02 -8.750000e+01 4.741351e+00
      vertex   -1.125000e+02 -8.729904e+01 4.741351e+00
    endloop
  endfacet
  facet normal -7.071068e-01 7.071068e-01 0.000000e+00
    outer loop
      vertex   -1.125000e+02 -8.729904e+01 0.000000e+00
      vertex   -1.125000e+02 -8.729904e+01 4.741351e+00
      vertex   -1.119510e+02 -8.675000e+01 0.000000e+00
    endloop
  endfacet
  facet normal -7.071068e-01 7.071068e-01 0.000000e+00
    outer loop
      vertex   -1.119510e+02 -8.675000e+01 0.000000e+00
      vertex   -1.125000e+02 -8.729904e+01 4.741351e+00
      vertex   -1.119510e+02 -8.675000e+01 4.741351e+00
    endloop
  endfacet
  facet normal -9.659258e-01 2.588190e-01 0.000000e+00
    outer loop
      vertex   -1.119510e+02 -8.675000e+01 0.000000e+00
      vertex   -1.119510e+02 -8.675000e+01 4.741351e+00
      vertex   -1.117500e+02 -8.600000e+01 0.000000e+00
    endloop
  endfacet
  facet normal -9.659258e-01 2.588190e-01 0.000000e+00
    outer loop
      vertex   -1.117500e+02 -8.600000e+01 0.000000e+00
      vertex   -1.119510e+02 -8.675000e+01 4.741351e+00
      vertex   -1.117500e+02 -8.600000e+01 4.741351e+00
    endloop
  endfacet
  facet normal -9.659258e-01 -2.588190e-01 0.000000e+00
    outer loop
      vertex   -1.117500e+02 -8.600000e+01 0.000000e+00
      vertex   -1.117500e+02 -8.600000e+01 4.741351e+00
      vertex   -1.119510e+02 -8.525000e+01 0.000000e+00
    endloop
  endfacet
  facet normal -9.659258e-01 -2.588190e-01 0.000000e+00
    outer loop
      vertex   -1.119510e+02 -8.525000e+01 0.000000e+00
      vertex   -1.117500e+02 -8.600000e+01 4.741351e+00
      vertex   -1.119510e+02 -8.525000e+01 4.741351e+00
    endloop
  endfacet
  facet normal -7.071068e-01 -7.071068e-01 0.000000e+00
    outer loop
      vertex   -1.119510e+02 -8.525000e+01 0.000000e+00
      vertex   -1.119510e+02 -8.525000e+01 4.741351e+00
      vertex   -1.125000e+02 -8.470096e+01 0.000000e+00
    endloop
  endfacet
  facet normal -7.071068e-01 -7.071068e-01 0.000000e+00
    outer loop
      vertex   -1.125000e+02 -8.470096e+01 0.000000e+00
      vertex   -1.119510e+02 -8.525000e+01 4.741351e+00
      vertex   -1.125000e+02 -8.470096e+01 4.741351e+00
    endloop
  endfacet
  facet normal -2.588190e-01 -9.659258e-01 0.000000e+00
    outer loop
      vertex   -1.125000e+02 -8.470096e+01 0.000000e+00
      vertex   -1.125000e+02 -8.470096e+01 4.741351e+00
      vertex   -1.132500e+02 -8.450000e+01 0.000000e+00
    endloop
  endfacet
  facet normal -2.588190e-01 -9.659258e-01 0.000000e+00
    outer loop
      vertex   -1.132500e+02 -8.450000e+01 0.000000e+00
      vertex   -1.125000e+02 -8.470096e+01 4.741351e+00
      vertex   -1.132500e+02 -8.450000e+01 4.741351e+00
    endloop
  endfacet
  facet normal 2.588190e-01 -9.659258e-01 0.000000e+00
    outer loop
      vertex   -1.132500e+02 -8.450000e+01 0.000000e+00
      vertex   -1.132500e+02 -8.450000e+01 4.741351e+00
      vertex   -1.140000e+02 -8.470096e+01 0.000000e+00
    endloop
  endfacet
  facet normal 2.588190e-01 -9.659258e-01 0.000000e+00
    outer loop
      vertex   -1.140000e+02 -8.470096e+01 0.000000e+00
      vertex   -1.132500e+02 -8.450000e+01 4.741351e+00
      vertex   -1.140000e+02 -8.470096e+01 4.741351e+00
    endloop
  endfacet
  facet normal 7.071068e-01 -7.071068e-01 0.000000e+00
    outer loop
      vertex   -1.140000e+02 -8.470096e+01 0.000000e+00
      vertex   -1.140000e+02 -8.470096e+01 4.741351e+00
      vertex   -1.145490e+02 -8.525000e+01 0.000000e+00
    endloop
  endfacet
  facet normal 7.071068e-01 -7.071068e-01 0.000000e+00
    outer loop
      vertex   -1.145490e+02 -8.525000e+01 0.000000e+00
      vertex   -1.140000e+02 -8.470096e+01 4.741351e+00
      vertex   -1.145490e+02 -8.525000e+01 4.741351e+00
    endloop
  endfacet
  facet normal -6.334606e-01 -1.697352e-01 7.549289e-01
    outer loop
      vertex   -1.106519e+02 -4.250000e+01 6.000000e+00
      vertex   -1.119510e+02 -4.325000e+01 4.741351e+00
      vertex   -1.102500e+02 -4.400000e+01 6.000000e+00
    endloop
  endfacet
  facet normal -6.334606e-01 -1.697352e-01 7.549289e-01
    outer loop
      vertex   -1.102500e+02 -4.400000e+01 6.000000e+00
      vertex   -1.119510e+02 -4.325000e+01 4.741351e+00
      vertex   -1.117500e+02 -4.400000e+01 4.741351e+00
    endloop
  endfacet
  facet normal -6.334606e-01 1.697352e-01 7.549289e-01
    outer loop
      vertex   -1.102500e+02 -4.400000e+01 6.000000e+00
      vertex   -1.117500e+02 -4.400000e+01 4.741351e+00
      vertex   -1.106519e+02 -4.550000e+01 6.000000e+00
    endloop
  endfacet
  facet normal -6.334606e-01 1.697352e-01 7.549289e-01
    outer loop
      vertex   -1.106519e+02 -4.550000e+01 6.000000e+00
      vertex   -1.117500e+02 -4.400000e+01 4.741351e+00
      vertex   -1.119510e+02 -4.475000e+01 4.741351e+00
    endloop
  endfacet
  facet normal -4.637253e-01 4.637253e-01 7.549289e-01
    outer loop
      vertex   -1.106519e+02 -4.550000e+01 6.000000e+00
      vertex   -1.119510e+02 -4.475000e+01 4.741351e+00
      vertex   -1.117500e+02 -4.659808e+01 6.000000e+00
    endloop
  endfacet
  facet normal -4.637253e-01 4.637253e-01 7.549289e-01
    outer loop
      vertex   -1.117500e+02 -4.659808e+01 6.000000e+00
      vertex   -1.119510e+02 -4.475000e+01 4.741351e+00
      vertex   -1.125000e+02 -4.529904e+01 4.741351e+00
    endloop
  endfacet
  facet normal -1.697352e-01 6.334606e-01 7.549289e-01
    outer loop
      vertex   -1.117500e+02 -4.659808e+01 6.000000e+00
      vertex   -1.125000e+02 -4.529904e+01 4.741351e+00
      vertex   -1.132500e+02 -4.700000e+01 6.000000e+00
    endloop
  endfacet
  facet normal -1.697352e-01 6.334606e-01 7.549289e-01
    outer loop
      vertex   -1.132500e+02 -4.700000e+01 6.000000e+00
      vertex   -1.125000e+02 -4.529904e+01 4.741351e+00
      vertex   -1.132500e+02 -4.550000e+01 4.741351e+00
    endloop
  endfacet
  facet normal 1.697352e-01 6.334606e-01 7.549289e-01
    outer loop
      vertex   -1.132500e+02 -4.700000e+01 6.000000e+00
      vertex   -1.132500e+02 -4.550000e+01 4.741351e+00
      vertex   -1.147500e+02 -4.659808e+01 6.000000e+00
    endloop
  endfacet
  facet normal 1.697352e-01 6.334606e-01 7.549289e-01
    outer loop
      vertex   -1.147500e+02 -4.659808e+01 6.000000e+00
      vertex   -1.132500e+02 -4.550000e+01 4.741351e+00
      vertex   -1.140000e+02 -4.529904e+01 4.741351e+00
    endloop
  endfacet
  facet normal 4.637253e-01 4.637253e-01 7.549289e-01
    outer loop
      vertex   -1.147500e+02 -4.659808e+01 6.000000e+00
      vertex   -1.140000e+02 -4.529904e+01 4.741351e+00
      vertex   -1.158481e+02 -4.550000e+01 6.000000e+00
    endloop
  endfacet
  facet normal 4.637253e-01 4.637253e-01 7.549289e-01
    outer loop
      vertex   -1.158481e+02 -4.550000e+01 6.000000e+00
      vertex   -1.140000e+02 -4.529904e+01 4.741351e+00
      vertex   -1.145490e+02 -4.475000e+01 4.741351e+00
    endloop
  endfacet
  facet normal 6.334606e-01 1.697352e-01 7.549289e-01
    outer loop
      vertex   -1.158481e+02 -4.550000e+01 6.000000e+00
      vertex   -1.145490e+02 -4.475000e+01 4.741351e+00
      vertex   -1.162500e+02 -4.400000e+01 6.000000e+00
    endloop
  endfacet
  facet normal 6.334606e-01 1.697352e-01 7.549289e-01
    outer loop
      vertex   -1.162500e+02 -4.400000e+01 6.000000e+00
      vertex   -1.145490e+02 -4.475000e+01 4.741351e+00
      vertex   -1.147500e+02 -4.400000e+01 4.741351e+00
    endloop
  endfacet
  facet normal 6.334606e-01 -1.697352e-01 7.549289e-01
    outer loop
      vertex   -1.162500e+02 -4.400000e+01 6.000000e+00
      vertex   -1.147500e+02 -4.400000e+01 4.741351e+00
      vertex   -1.158481e+02 -4.250000e+01 6.000000e+00
    endloop
  endfacet
  facet normal 6.334606e-01 -1.697352e-01 7.549289e-01
    outer loop
      vertex   -1.158481e+02 -4.250000e+01 6.000000e+00
      vertex   -1.147500e+02 -4.400000e+01 4.741351e+00
      vertex   -1.145490e+02 -4.325000e+01 4.741351e+00
    endloop
  endfacet
  facet normal 4.637253e-01 -4.637253e-01 7.549289e-01
    outer loop
      vertex   -1.158481e+02 -4.250000e+01 6.000000e+00
      vertex   -1.145490e+02 -4.325000e+01 4.741351e+00
      vertex   -1.147500e+02 -4.140192e+01 6.000000e+00
    endloop
  endfacet
  facet normal 4.637253e-01 -4.637253e-01 7.549289e-01
    outer loop
      vertex   -1.147500e+02 -4.140192e+01 6.000000e+00
      vertex   -1.145490e+02 -4.325000e+01 4.741351e+00
      vertex   -1.140000e+02 -4.270096e+01 4.741351e+00
    endloop
  endfacet
  facet normal 1.697352e-01 -6.334606e-01 7.549289e-01
    outer loop
      vertex   -1.147500e+02 -4.140192e+01 6.000000e+00
      vertex   -1.140000e+02 -4.270096e+01 4.741351e+00
      vertex   -1.132500e+02 -4.100000e+01 6.000000e+00
    endloop
  endfacet
  facet normal 1.697352e-01 -6.334606e-01 7.549289e-01
    outer loop
      vertex   -1.132500e+02 -4.100000e+01 6.000000e+00
      vertex   -1.140000e+02 -4.270096e+01 4.741351e+00
      vertex   -1.132500e+02 -4.250000e+01 4.741351e+00
    endloop
  endfacet
  facet normal -1.697352e-01 -6.334606e-01 7.549289e-01
    outer loop
      vertex   -1.132500e+02 -4.100000e+01 6.000000e+00
      vertex   -1.132500e+02 -4.250000e+01 4.741351e+00
      vertex   -1.117500e+02 -4.140192e+01 6.000000e+00
    endloop
  endfacet
  facet normal -1.697352e-01 -6.334606e-01 7.549289e-01
    outer loop
      vertex   -1.117500e+02 -4.140192e+01 6.000000e+00
      vertex   -1.132500e+02 -4.250000e+01 4.741351e+00
      vertex   -1.125000e+02 -4.270096e+01 4.741351e+00
    endloop
  endfacet
  facet normal -4.637253e-01 -4.637253e-01 7.549289e-01
    outer loop
      vertex   -1.117500e+02 -4.140192e+01 6.000000e+00
      vertex   -1.125000e+02 -4.270096e+01 4.741351e+00
      vertex   -1.106519e+02 -4.250000e+01 6.000000e+00
    endloop
  endfacet
  facet normal -4.637253e-01 -4.637253e-01 7.549289e-01
    outer loop
      vertex   -1.106519e+02 -4.250000e+01 6.000000e+00
      vertex   -1.125000e+02 -4.270096e+01 4.741351e+00
      vertex   -1.119510e+02 -4.325000e+01 4.741351e+00
    endloop
  endfacet
  facet normal 9.659258e-01 -2.588190e-01 0.000000e+00
    outer loop
      vertex   -1.145490e+02 -4.325000e+01 0.000000e+00
      vertex   -1.145490e+02 -4.325000e+01 4.741351e+00
      vertex   -1.147500e+02 -4.400000e+01 0.000000e+00
    endloop
  endfacet
  facet normal 9.659258e-01 -2.588190e-01 0.000000e+00
    outer loop
      vertex   -1.147500e+02 -4.400000e+01 0.000000e+00
      vertex   -1.145490e+02 -4.325000e+01 4.741351e+00
      vertex   -1.147500e+02 -4.400000e+01 4.741351e+00
    endloop
  endfacet
  facet normal 9.659258e-01 2.588190e-01 -0.000000e+00
    outer loop
      vertex   -1.147500e+02 -4.400000e+01 0.000000e+00
      vertex   -1.147500e+02 -4.400000e+01 4.741351e+00
      vertex   -1.145490e+02 -4.475000e+01 0.000000e+00
    endloop
  endfacet
  facet normal 9.659258e-01 2.588190e-01 -0.000000e+00
    outer loop
      vertex   -1.145490e+02 -4.475000e+01 0.000000e+00
      vertex   -1.147500e+02 -4.400000e+01 4.741351e+00
      vertex   -1.145490e+02 -4.475000e+01 4.741351e+00
    endloop
  endfacet
  facet normal 7.071068e-01 7.071068e-01 -0.000000e+00
    outer loop
      vertex   -1.145490e+02 -4.475000e+01 0.000000e+00
      vertex   -1.145490e+02 -4.475000e+01 4.741351e+00
      vertex   -1.140000e+02 -4.529904e+01 0.000000e+00
    endloop
  endfacet
  facet normal 7.071068e-01 7.071068e-01 -0.000000e+00
    outer loop
      vertex   -1.140000e+02 -4.529904e+01 0.000000e+00
      vertex   -1.145490e+02 -4.475000e+01 4.741351e+00
      vertex   -1.140000e+02 -4.529904e+01 4.741351e+00
    endloop
  endfacet
  facet normal 2.588190e-01 9.659258e-01 -0.000000e+00
    outer loop
      vertex   -1.140000e+02 -4.529904e+01 0.000000e+00
      vertex   -1.140000e+02 -4.529904e+01 4.741351e+00
      vertex   -1.132500e+02 -4.550000e+01 0.000000e+00
    endloop
  endfacet
  facet normal 2.588190e-01 9.659258e-01 -0.000000e+00
    outer loop
      vertex   -1.132500e+02 -4.550000e+01 0.000000e+00
      vertex   -1.140000e+02 -4.529904e+01 4.741351e+00
      vertex   -1.132500e+02 -4.550000e+01 4.741351e+00
    endloop
  endfacet
  facet normal -2.588190e-01 9.659258e-01 0.000000e+00
    outer loop
      vertex   -1.132500e+02 -4.550000e+01 0.000000e+00
      vertex   -1.132500e+02 -4.550000e+01 4.741351e+00
      vertex   -1.125000e+02 -4.529904e+01 0.000000e+00
    endloop
  endfacet
  facet normal -2.588190e-01 9.659258e-01 0.000000e+00
    outer loop
      vertex   -1.125000e+02 -4.529904e+01 0.000000e+00
      vertex   -1.132500e+02 -4.550000e+01 4.741351e+00
      vertex   -1.125000e+02 -4.529904e+01 4.741351e+00
    endloop
  endfacet
  facet normal -7.071068e-01 7.071068e-01 0.000000e+00
    outer loop
      vertex   -1.125000e+02 -4.529904e+01 0.000000e+00
      vertex   -1.125000e+02 -4.529904e+01 4.741351e+00
      vertex   -1.119510e+02 -4.475000e+01 0.000000e+00
    endloop
  endfacet
  facet normal -7.071068e-01 7.071068e-01 0.000000e+00
    outer loop
      vertex   -1.119510e+02 -4.475000e+01 0.000000e+00
      vertex   -1.125000e+02 -4.529904e+01 4.741351e+00
      vertex   -1.119510e+02 -4.475000e+01 4.741351e+00
    endloop
  endfacet
  facet normal -9.659258e-01 2.588190e-01 0.000000e+00
    outer loop
      vertex   -1.119510e+02 -4.475000e+01 0.000000e+00
      vertex   -1.119510e+02 -4.475000e+01 4.741351e+00
      vertex   -1.117500e+02 -4.400000e+01 0.000000e+00
    endloop
  endfacet
  facet normal -9.659258e-01 2.588190e-01 0.000000e+00
    outer loop
      vertex   -1.117500e+02 -4.400000e+01 0.000000e+00
      vertex   -1.119510e+02 -4.475000e+01 4.741351e+00
      vertex   -1.117500e+02 -4.400000e+01 4.741351e+00
    endloop
  endfacet
  facet normal -9.659258e-01 -2.588190e-01 0.000000e+00
    outer loop
      vertex   -1.117500e+02 -4.400000e+01 0.000000e+00
      vertex   -1.117500e+02 -4.400000e+01 4.741351e+00
      vertex   -1.119510e+02 -4.325000e+01 0.000000e+00
    endloop
  endfacet
  facet normal -9.659258e-01 -2.588190e-01 0.000000e+00
    outer loop
      vertex   -1.119510e+02 -4.325000e+01 0.000000e+00
      vertex   -1.117500e+02 -4.400000e+01 4.741351e+00
      vertex   -1.119510e+02 -4.325000e+01 4.741351e+00
    endloop
  endfacet
  facet normal -7.071068e-01 -7.071068e-01 0.000000e+00
    outer loop
      vertex   -1.119510e+02 -4.325000e+01 0.000000e+00
      vertex   -1.119510e+02 -4.325000e+01 4.741351e+00
      vertex   -1.125000e+02 -4.270096e+01 0.000000e+00
    endloop
  endfacet
  facet normal -7.071068e-01 -7.071068e-01 0.000000e+00
    outer loop
      vertex   -1.125000e+02 -4.270096e+01 0.000000e+00
      vertex   -1.119510e+02 -4.325000e+01 4.741351e+00
      vertex   -1.125000e+02 -4.270096e+01 4.741351e+00
    endloop
  endfacet
  facet normal -2.588190e-01 -9.659258e-01 0.000000e+00
    outer loop
      vertex   -1.125000e+02 -4.270096e+01 0.000000e+00
      vertex   -1.125000e+02 -4.270096e+01 4.741351e+00
      vertex   -1.132500e+02 -4.250000e+01 0.000000e+00
    endloop
  endfacet
  facet normal -2.588190e-01 -9.659258e-01 0.000000e+00
    outer loop
      vertex   -1.132500e+02 -4.250000e+01 0.000000e+00
      vertex   -1.125000e+02 -4.270096e+01 4.741351e+00
      vertex   -1.132500e+02 -4.250000e+01 4.741351e+00
    endloop
  endfacet
  facet normal 2.588190e-01 -9.659258e-01 0.000000e+00
    outer loop
      vertex   -1.132500e+02 -4.250000e+01 0.000000e+00
      vertex   -1.132500e+02 -4.250000e+01 4.741351e+00
      vertex   -1.140000e+02 -4.270096e+01 0.000000e+00
    endloop
  endfacet
  facet normal 2.588190e-01 -9.659258e-01 0.000000e+00
    outer loop
      vertex   -1.140000e+02 -4.270096e+01 0.000000e+00
      vertex   -1.132500e+02 -4.250000e+01 4.741351e+00
      vertex   -1.140000e+02 -4.270096e+01 4.741351e+00
    endloop
  endfacet
  facet normal 7.071068e-01 -7.071068e-01 0.000000e+00
    outer loop
      vertex   -1.140000e+02 -4.270096e+01 0.000000e+00
      vertex   -1.140000e+02 -4.270096e+01 4.741351e+00
      vertex   -1.145490e+02 -4.325000e+01 0.000000e+00
    endloop
  endfacet
  facet normal 7.071068e-01 -7.071068e-01 0.000000e+00
    outer loop
      vertex   -1.145490e+02 -4.325000e+01 0.000000e+00
      vertex   -1.140000e+02 -4.270096e+01 4.741351e+00
      vertex   -1.145490e+02 -4.325000e+01 4.741351e+00
    endloop
  endfacet
  facet normal -6.334606e-01 -1.697352e-01 7.549289e-01
    outer loop
      vertex   -1.106519e+02 -5.000000e-01 6.000000e+00
      vertex   -1.119510e+02 -1.250000e+00 4.741351e+00
      vertex   -1.102500e+02 -2.000000e+00 6.000000e+00
    endloop
  endfacet
  facet normal -6.334606e-01 -1.697352e-01 7.549289e-01
    outer loop
      vertex   -1.102500e+02 -2.000000e+00 6.000000e+00
      vertex   -1.119510e+02 -1.250000e+00 4.741351e+00
      vertex   -1.117500e+02 -2.000000e+00 4.741351e+00
    endloop
  endfacet
  facet normal -6.334606e-01 1.697352e-01 7.549289e-01
    outer loop
      vertex   -1.102500e+02 -2.000000e+00 6.000000e+00
      vertex   -1.117500e+02 -2.000000e+00 4.741351e+00
      vertex   -1.106519e+02 -3.500000e+00 6.000000e+00
    endloop
  endfacet
  facet normal -6.334606e-01 1.697352e-01 7.549289e-01
    outer loop
      vertex   -1.106519e+02 -3.500000e+00 6.000000e+00
      vertex   -1.117500e+02 -2.000000e+00 4.741351e+00
      vertex   -1.119510e+02 -2.750000e+00 4.741351e+00
    endloop
  endfacet
  facet normal -4.637253e-01 4.637253e-01 7.549289e-01
    outer loop
      vertex   -1.106519e+02 -3.500000e+00 6.000000e+00
      vertex   -1.119510e+02 -2.750000e+00 4.741351e+00
      vertex   -1.117500e+02 -4.598076e+00 6.000000e+00
    endloop
  endfacet
  facet normal -4.637253e-01 4.637253e-01 7.549289e-01
    outer loop
      vertex   -1.117500e+02 -4.598076e+00 6.000000e+00
      vertex   -1.119510e+02 -2.750000e+00 4.741351e+00
      vertex   -1.125000e+02 -3.299038e+00 4.741351e+00
    endloop
  endfacet
  facet normal -1.697352e-01 6.334606e-01 7.549289e-01
    outer loop
      vertex   -1.117500e+02 -4.598076e+00 6.000000e+00
      vertex   -1.125000e+02 -3.299038e+00 4.741351e+00
      vertex   -1.132500e+02 -5.000000e+00 6.000000e+00
    endloop
  endfacet
  facet normal -1.697352e-01 6.334606e-01 7.549289e-01
    outer loop
      vertex   -1.132500e+02 -5.000000e+00 6.000000e+00
      vertex   -1.125000e+02 -3.299038e+00 4.741351e+00
      vertex   -1.132500e+02 -3.500000e+00 4.741351e+00
    endloop
  endfacet
  facet normal 1.697352e-01 6.334606e-01 7.549289e-01
    outer loop
      vertex   -1.132500e+02 -5.000000e+00 6.000000e+00
      vertex   -1.132500e+02 -3.500000e+00 4.741351e+00
      vertex   -1.147500e+02 -4.598076e+00 6.000000e+00
    endloop
  endfacet
  facet normal 1.697352e-01 6.334606e-01 7.549289e-01
    outer loop
      vertex   -1.147500e+02 -4.598076e+00 6.000000e+00
      vertex   -1.132500e+02 -3.500000e+00 4.741351e+00
      vertex   -1.140000e+02 -3.299038e+00 4.741351e+00
    endloop
  endfacet
  facet normal 4.637253e-01 4.637253e-01 7.549289e-01
    outer loop
      vertex   -1.147500e+02 -4.598076e+00 6.000000e+00
      vertex   -1.140000e+02 -3.299038e+00 4.741351e+00
      vertex   -1.158481e+02 -3.500000e+00 6.000000e+00
    endloop
  endfacet
  facet normal 4.637253e-01 4.637253e-01 7.549289e-01
    outer loop
      vertex   -1.158481e+02 -3.500000e+00 6.000000e+00
      vertex   -1.140000e+02 -3.299038e+00 4.741351e+00
      vertex   -1.145490e+02 -2.750000e+00 4.741351e+00
    endloop
  endfacet
  facet normal 6.334606e-01 1.697352e-01 7.549289e-01
    outer loop
      vertex   -1.158481e+02 -3.500000e+00 6.000000e+00
      vertex   -1.145490e+02 -2.750000e+00 4.741351e+00
      vertex   -1.162500e+02 -2.000000e+00 6.000000e+00
    endloop
  endfacet
  facet normal 6.334606e-01 1.697352e-01 7.549289e-01
    outer loop
      vertex   -1.162500e+02 -2.000000e+00 6.000000e+00
      vertex   -1.145490e+02 -2.750000e+00 4.741351e+00
      vertex   -1.147500e+02 -2.000000e+00 4.741351e+00
    endloop
  endfacet
  facet normal 6.334606e-01 -1.697352e-01 7.549289e-01
    outer loop
      vertex   -1.162500e+02 -2.000000e+00 6.000000e+00
      vertex   -1.147500e+02 -2.000000e+00 4.741351e+00
      vertex   -1.158481e+02 -5.000000e-01 6.000000e+00
    endloop
  endfacet
  facet normal 6.334606e-01 -1.697352e-01 7.549289e-01
    outer loop
      vertex   -1.158481e+02 -5.000000e-01 6.000000e+00
      vertex   -1.147500e+02 -2.000000e+00 4.741351e+00
      vertex   -1.145490e+02 -1.250000e+00 4.741351e+00
    endloop
  endfacet
  facet normal 4.637253e-01 -4.637253e-01 7.549289e-01
    outer loop
      vertex   -1.158481e+02 -5.000000e-01 6.000000e+00
      vertex   -1.145490e+02 -1.250000e+00 4.741351e+00
      vertex   -1.147500e+02 5.980762e-01 6.000000e+00
    endloop
  endfacet
  facet normal 4.637253e-01 -4.637253e-01 7.549289e-01
    outer loop
      vertex   -1.147500e+02 5.980762e-01 6.000000e+00
      vertex   -1.145490e+02 -1.250000e+00 4.741351e+00
      vertex   -1.140000e+02 -7.009619e-01 4.741351e+00
    endloop
  endfacet
  facet normal 1.697352e-01 -6.334606e-01 7.549289e-01
    outer loop
      vertex   -1.147500e+02 5.980762e-01 6.000000e+00
      vertex   -1.140000e+02 -7.009619e-01 4.741351e+00
      vertex   -1.132500e+02 1.000000e+00 6.000000e+00
    endloop
  endfacet
  facet normal 1.697352e-01 -6.334606e-01 7.549289e-01
    outer loop
      vertex   -1.132500e+02 1.000000e+00 6.000000e+00
      vertex   -1.140000e+02 -7.009619e-01 4.741351e+00
      vertex   -1.132500e+02 -5.000000e-01 4.741351e+00
    endloop
  endfacet
  facet normal -1.697352e-01 -6.334606e-01 7.549289e-01
    outer loop
      vertex   -1.132500e+02 1.000000e+00 6.000000e+00
      vertex   -1.132500e+02 -5.000000e-01 4.741351e+00
      vertex   -1.117500e+02 5.980762e-01 6.000000e+00
    endloop
  endfacet
  facet normal -1.697352e-01 -6.334606e-01 7.549289e-01
    outer loop
      vertex   -1.117500e+02 5.980762e-01 6.000000e+00
      vertex   -1.132500e+02 -5.000000e-01 4.741351e+00
      vertex   -1.125000e+02 -7.009619e-01 4.741351e+00
    endloop
  endfacet
  facet normal -4.637253e-01 -4.637253e-01 7.549289e-01
    outer loop
      vertex   -1.117500e+02 5.980762e-01 6.000000e+00
      vertex   -1.125000e+02 -7.009619e-01 4.741351e+00
      vertex   -1.106519e+02 -5.000000e-01 6.000000e+00
    endloop
  endfacet
  facet normal -4.637253e-01 -4.637253e-01 7.549289e-01
    outer loop
      vertex   -1.106519e+02 -5.000000e-01 6.000000e+00
      vertex   -1.125000e+02 -7.009619e-01 4.741351e+00
      vertex   -1.119510e+02 -1.250000e+00 4.741351e+00
    endloop
  endfacet
  facet normal 9.659258e-01 -2.588190e-01 0.000000e+00
    outer loop
      vertex   -1.145490e+02 -1.250000e+00 0.000000e+00
      vertex   -1.145490e+02 -1.250000e+00 4.741351e+00
      vertex   -1.147500e+02 -2.000000e+00 0.000000e+00
    endloop
  endfacet
  facet normal 9.659258e-01 -2.588190e-01 4.848355e-17
    outer loop
      vertex   -1.147500e+02 -2.000000e+00 0.000000e+00
      vertex   -1.145490e+02 -1.250000e+00 4.741351e+00
      vertex   -1.147500e+02 -2.000000e+00 4.741351e+00
    endloop
  endfacet
  facet normal 9.659258e-01 2.588190e-01 -4.848355e-17
    outer loop
      vertex   -1.147500e+02 -2.000000e+00 0.000000e+00
      vertex   -1.147500e+02 -2.000000e+00 4.741351e+00
      vertex   -1.145490e+02 -2.750000e+00 0.000000e+00
    endloop
  endfacet
  facet normal 9.659258e-01 2.588190e-01 -2.424177e-17
    outer loop
      vertex   -1.145490e+02 -2.750000e+00 0.000000e+00
      vertex   -1.147500e+02 -2.000000e+00 4.741351e+00
      vertex   -1.145490e+02 -2.750000e+00 4.741351e+00
    endloop
  endfacet
  facet normal 7.071068e-01 7.071068e-01 -6.622976e-17
    outer loop
      vertex   -1.145490e+02 -2.750000e+00 0.000000e+00
      vertex   -1.145490e+02 -2.750000e+00 4.741351e+00
      vertex   -1.140000e+02 -3.299038e+00 0.000000e+00
    endloop
  endfacet
  facet normal 7.071068e-01 7.071068e-01 -6.622976e-17
    outer loop
      vertex   -1.140000e+02 -3.299038e+00 0.000000e+00
      vertex   -1.145490e+02 -2.750000e+00 4.741351e+00
      vertex   -1.140000e+02 -3.299038e+00 4.741351e+00
    endloop
  endfacet
  facet normal 2.588190e-01 9.659258e-01 -9.047153e-17
    outer loop
      vertex   -1.140000e+02 -3.299038e+00 0.000000e+00
      vertex   -1.140000e+02 -3.299038e+00 4.741351e+00
      vertex   -1.132500e+02 -3.500000e+00 0.000000e+00
    endloop
  endfacet
  facet normal 2.588190e-01 9.659258e-01 -0.000000e+00
    outer loop
      vertex   -1.132500e+02 -3.500000e+00 0.000000e+00
      vertex   -1.140000e+02 -3.299038e+00 4.741351e+00
      vertex   -1.132500e+02 -3.500000e+00 4.741351e+00
    endloop
  endfacet
  facet normal -2.588190e-01 9.659258e-01 0.000000e+00
    outer loop
      vertex   -1.132500e+02 -3.500000e+00 0.000000e+00
      vertex   -1.132500e+02 -3.500000e+00 4.741351e+00
      vertex   -1.125000e+02 -3.299038e+00 0.000000e+00
    endloop
  endfacet
  facet normal -2.588190e-01 9.659258e-01 1.809431e-16
    outer loop
      vertex   -1.125000e+02 -3.299038e+00 0.000000e+00
      vertex   -1.132500e+02 -3.500000e+00 4.741351e+00
      vertex   -1.125000e+02 -3.299038e+00 4.741351e+00
    endloop
  endfacet
  facet normal -7.071068e-01 7.071068e-01 1.324595e-16
    outer loop
      vertex   -1.125000e+02 -3.299038e+00 0.000000e+00
      vertex   -1.125000e+02 -3.299038e+00 4.741351e+00
      vertex   -1.119510e+02 -2.750000e+00 0.000000e+00
    endloop
  endfacet
  facet normal -7.071068e-01 7.071068e-01 0.000000e+00
    outer loop
      vertex   -1.119510e+02 -2.750000e+00 0.000000e+00
      vertex   -1.125000e+02 -3.299038e+00 4.741351e+00
      vertex   -1.119510e+02 -2.750000e+00 4.741351e+00
    endloop
  endfacet
  facet normal -9.659258e-01 2.588190e-01 0.000000e+00
    outer loop
      vertex   -1.119510e+02 -2.750000e+00 0.000000e+00
      vertex   -1.119510e+02 -2.750000e+00 4.741351e+00
      vertex   -1.117500e+02 -2.000000e+00 0.000000e+00
    endloop
  endfacet
  facet normal -9.659258e-01 2.588190e-01 0.000000e+00
    outer loop
      vertex   -1.117500e+02 -2.000000e+00 0.000000e+00
      vertex   -1.119510e+02 -2.750000e+00 4.741351e+00
      vertex   -1.117500e+02 -2.000000e+00 4.741351e+00
    endloop
  endfacet
  facet normal -9.659258e-01 -2.588190e-01 0.000000e+00
    outer loop
      vertex   -1.117500e+02 -2.000000e+00 0.000000e+00
      vertex   -1.117500e+02 -2.000000e+00 4.741351e+00
      vertex   -1.119510e+02 -1.250000e+00 0.000000e+00
    endloop
  endfacet
  facet normal -9.659258e-01 -2.588190e-01 1.212089e-17
    outer loop
      vertex   -1.119510e+02 -1.250000e+00 0.000000e+00
      vertex   -1.117500e+02 -2.000000e+00 4.741351e+00
      vertex   -1.119510e+02 -1.250000e+00 4.741351e+00
    endloop
  endfacet
  facet normal -7.071068e-01 -7.071068e-01 3.311488e-17
    outer loop
      vertex   -1.119510e+02 -1.250000e+00 0.000000e+00
      vertex   -1.119510e+02 -1.250000e+00 4.741351e+00
      vertex   -1.125000e+02 -7.009619e-01 0.000000e+00
    endloop
  endfacet
  facet normal -7.071068e-01 -7.071068e-01 4.967232e-17
    outer loop
      vertex   -1.125000e+02 -7.009619e-01 0.000000e+00
      vertex   -1.119510e+02 -1.250000e+00 4.741351e+00
      vertex   -1.125000e+02 -7.009619e-01 4.741351e+00
    endloop
  endfacet
  facet normal -2.588190e-01 -9.659258e-01 6.785365e-17
    outer loop
      vertex   -1.125000e+02 -7.009619e-01 0.000000e+00
      vertex   -1.125000e+02 -7.009619e-01 4.741351e+00
      vertex   -1.132500e+02 -5.000000e-01 0.000000e+00
    endloop
  endfacet
  facet normal -2.588190e-01 -9.659258e-01 0.000000e+00
    outer loop
      vertex   -1.132500e+02 -5.000000e-01 0.000000e+00
      vertex   -1.125000e+02 -7.009619e-01 4.741351e+00
      vertex   -1.132500e+02 -5.000000e-01 4.741351e+00
    endloop
  endfacet
  facet normal 2.588190e-01 -9.659258e-01 0.000000e+00
    outer loop
      vertex   -1.132500e+02 -5.000000e-01 0.000000e+00
      vertex   -1.132500e+02 -5.000000e-01 4.741351e+00
      vertex   -1.140000e+02 -7.009619e-01 0.000000e+00
    endloop
  endfacet
  facet normal 2.588190e-01 -9.659258e-01 -1.130894e-16
    outer loop
      vertex   -1.140000e+02 -7.009619e-01 0.000000e+00
      vertex   -1.132500e+02 -5.000000e-01 4.741351e+00
      vertex   -1.140000e+02 -7.009619e-01 4.741351e+00
    endloop
  endfacet
  facet normal 7.071068e-01 -7.071068e-01 -8.278720e-17
    outer loop
      vertex   -1.140000e+02 -7.009619e-01 0.000000e+00
      vertex   -1.140000e+02 -7.009619e-01 4.741351e+00
      vertex   -1.145490e+02 -1.250000e+00 0.000000e+00
    endloop
  endfacet
  facet normal 7.071068e-01 -7.071068e-01 0.000000e+00
    outer loop
      vertex   -1.145490e+02 -1.250000e+00 0.000000e+00
      vertex   -1.140000e+02 -7.009619e-01 4.741351e+00
      vertex   -1.145490e+02 -1.250000e+00 4.741351e+00
    endloop
  endfacet
  facet normal -6.334606e-01 -1.697352e-01 7.549289e-01
    outer loop
      vertex   -1.106519e+02 4.150000e+01 6.000000e+00
      vertex   -1.119510e+02 4.075000e+01 4.741351e+00
      vertex   -1.102500e+02 4.000000e+01 6.000000e+00
    endloop
  endfacet
  facet normal -6.334606e-01 -1.697352e-01 7.549289e-01
    outer loop
      vertex   -1.102500e+02 4.000000e+01 6.000000e+00
      vertex   -1.119510e+02 4.075000e+01 4.741351e+00
      vertex   -1.117500e+02 4.000000e+01 4.741351e+00
    endloop
  endfacet
  facet normal -6.334606e-01 1.697352e-01 7.549289e-01
    outer loop
      vertex   -1.102500e+02 4.000000e+01 6.000000e+00
      vertex   -1.117500e+02 4.000000e+01 4.741351e+00
      vertex   -1.106519e+02 3.850000e+01 6.000000e+00
    endloop
  endfacet
  facet normal -6.334606e-01 1.697352e-01 7.549289e-01
    outer loop
      vertex   -1.106519e+02 3.850000e+01 6.000000e+00
      vertex   -1.117500e+02 4.000000e+01 4.741351e+00
      vertex   -1.119510e+02 3.925000e+01 4.741351e+00
    endloop
  endfacet
  facet normal -4.637253e-01 4.637253e-01 7.549289e-01
    outer loop
      vertex   -1.106519e+02 3.850000e+01 6.000000e+00
      vertex   -1.119510e+02 3.925000e+01 4.741351e+00
      vertex   -1.117500e+02 3.740192e+01 6.000000e+00
    endloop
  endfacet
  facet normal -4.637253e-01 4.637253e-01 7.549289e-01
    outer loop
      vertex   -1.117500e+02 3.740192e+01 6.000000e+00
      vertex   -1.119510e+02 3.925000e+01 4.741351e+00
      vertex   -1.125000e+02 3.870096e+01 4.741351e+00
    endloop
  endfacet
  facet normal -1.697352e-01 6.334606e-01 7.549289e-01
    outer loop
      vertex   -1.117500e+02 3.740192e+01 6.000000e+00
      vertex   -1.125000e+02 3.870096e+01 4.741351e+00
      vertex   -1.132500e+02 3.700000e+01 6.000000e+00
    endloop
  endfacet
  facet normal -1.697352e-01 6.334606e-01 7.549289e-01
    outer loop
      vertex   -1.132500e+02 3.700000e+01 6.000000e+00
      vertex   -1.125000e+02 3.870096e+01 4.741351e+00
      vertex   -1.132500e+02 3.850000e+01 4.741351e+00
    endloop
  endfacet
  facet normal 1.697352e-01 6.334606e-01 7.549289e-01
    outer loop
      vertex   -1.132500e+02 3.700000e+01 6.000000e+00
      vertex   -1.132500e+02 3.850000e+01 4.741351e+00
      vertex   -1.147500e+02 3.740192e+01 6.000000e+00
    endloop
  endfacet
  facet normal 1.697352e-01 6.334606e-01 7.549289e-01
    outer loop
      vertex   -1.147500e+02 3.740192e+01 6.000000e+00
      vertex   -1.132500e+02 3.850000e+01 4.741351e+00
      vertex   -1.140000e+02 3.870096e+01 4.741351e+00
    endloop
  endfacet
  facet normal 4.637253e-01 4.637253e-01 7.549289e-01
    outer loop
      vertex   -1.147500e+02 3.740192e+01 6.000000e+00
      vertex   -1.140000e+02 3.870096e+01 4.741351e+00
      vertex   -1.158481e+02 3.850000e+01 6.000000e+00
    endloop
  endfacet
  facet normal 4.637253e-01 4.637253e-01 7.549289e-01
    outer loop
      vertex   -1.158481e+02 3.850000e+01 6.000000e+00
      vertex   -1.140000e+02 3.870096e+01 4.741351e+00
      vertex   -1.145490e+02 3.925000e+01 4.741351e+00
    endloop
  endfacet
  facet normal 6.334606e-01 1.697352e-01 7.549289e-01
    outer loop
      vertex   -1.158481e+02 3.850000e+01 6.000000e+00
      vertex   -1.145490e+02 3.925000e+01 4.741351e+00
      vertex   -1.162500e+02 4.000000e+01 6.000000e+00
    endloop
  endfacet
  facet normal 6.334606e-01 1.697352e-01 7.549289e-01
    outer loop
      vertex   -1.162500e+02 4.000000e+01 6.000000e+00
      vertex   -1.145490e+02 3.925000e+01 4.741351e+00
      vertex   -1.147500e+02 4.000000e+01 4.741351e+00
    endloop
  endfacet
  facet normal 6.334606e-01 -1.697352e-01 7.549289e-01
    outer loop
      vertex   -1.162500e+02 4.000000e+01 6.000000e+00
      vertex   -1.147500e+02 4.000000e+01 4.741351e+00
      vertex   -1.158481e+02 4.150000e+01 6.000000e+00
    endloop
  endfacet
  facet normal 6.334606e-01 -1.697352e-01 7.549289e-01
    outer loop
      vertex   -1.158481e+02 4.150000e+01 6.000000e+00
      vertex   -1.147500e+02 4.000000e+01 4.741351e+00
      vertex   -1.145490e+02 4.075000e+01 4.741351e+00
    endloop
  endfacet
  facet normal 4.637253e-01 -4.637253e-01 7.549289e-01
    outer loop
      vertex   -1.158481e+02 4.150000e+01 6.000000e+00
      vertex   -1.145490e+02 4.075000e+01 4.741351e+00
      vertex   -1.147500e+02 4.259808e+01 6.000000e+00
    endloop
  endfacet
  facet normal 4.637253e-01 -4.637253e-01 7.549289e-01
    outer loop
      vertex   -1.147500e+02 4.259808e+01 6.000000e+00
      vertex   -1.145490e+02 4.075000e+01 4.741351e+00
      vertex   -1.140000e+02 4.129904e+01 4.741351e+00
    endloop
  endfacet
  facet normal 1.697352e-01 -6.334606e-01 7.549289e-01
    outer loop
      vertex   -1.147500e+02 4.259808e+01 6.000000e+00
      vertex   -1.140000e+02 4.129904e+01 4.741351e+00
      vertex   -1.132500e+02 4.300000e+01 6.000000e+00
    endloop
  endfacet
  facet normal 1.697352e-01 -6.334606e-01 7.549289e-01
    outer loop
      vertex   -1.132500e+02 4.300000e+01 6.000000e+00
      vertex   -1.140000e+02 4.129904e+01 4.741351e+00
      vertex   -1.132500e+02 4.150000e+01 4.741351e+00
    endloop
  endfacet
  facet normal -1.697352e-01 -6.334606e-01 7.549289e-01
    outer loop
      vertex   -1.132500e+02 4.300000e+01 6.000000e+00
      vertex   -1.132500e+02 4.150000e+01 4.741351e+00
      vertex   -1.117500e+02 4.259808e+01 6.000000e+00
    endloop
  endfacet
  facet normal -1.697352e-01 -6.334606e-01 7.549289e-01
    outer loop
      vertex   -1.117500e+02 4.259808e+01 6.000000e+00
      vertex   -1.132500e+02 4.150000e+01 4.741351e+00
      vertex   -1.125000e+02 4.129904e+01 4.741351e+00
    endloop
  endfacet
  facet normal -4.637253e-01 -4.637253e-01 7.549289e-01
    outer loop
      vertex   -1.117500e+02 4.259808e+01 6.000000e+00
      vertex   -1.125000e+02 4.129904e+01 4.741351e+00
      vertex   -1.106519e+02 4.150000e+01 6.000000e+00
    endloop
  endfacet
  facet normal -4.637253e-01 -4.637253e-01 7.549289e-01
    outer loop
      vertex   -1.106519e+02 4.150000e+01 6.000000e+00
      vertex   -1.125000e+02 4.129904e+01 4.741351e+00
      vertex   -1.119510e+02 4.075000e+01 4.741351e+00
    endloop
  endfacet
  facet normal 9.659258e-01 -2.588190e-01 0.000000e+00
    outer loop
      vertex   -1.145490e+02 4.075000e+01 0.000000e+00
      vertex   -1.145490e+02 4.075000e+01 4.741351e+00
      vertex   -1.147500e+02 4.000000e+01 0.000000e+00
    endloop
  endfacet
  facet normal 9.659258e-01 -2.588190e-01 0.000000e+00
    outer loop
      vertex   -1.147500e+02 4.000000e+01 0.000000e+00
      vertex   -1.145490e+02 4.075000e+01 4.741351e+00
      vertex   -1.147500e+02 4.000000e+01 4.741351e+00
    endloop
  endfacet
  facet normal 9.659258e-01 2.588190e-01 -0.000000e+00
    outer loop
      vertex   -1.147500e+02 4.000000e+01 0.000000e+00
      vertex   -1.147500e+02 4.000000e+01 4.741351e+00
      vertex   -1.145490e+02 3.925000e+01 0.000000e+00
    endloop
  endfacet
  facet normal 9.659258e-01 2.588190e-01 -0.000000e+00
    outer loop
      vertex   -1.145490e+02 3.925000e+01 0.000000e+00
      vertex   -1.147500e+02 4.000000e+01 4.741351e+00
      vertex   -1.145490e+02 3.925000e+01 4.741351e+00
    endloop
  endfacet
  facet normal 7.071068e-01 7.071068e-01 -0.000000e+00
    outer loop
      vertex   -1.145490e+02 3.925000e+01 0.000000e+00
      vertex   -1.145490e+02 3.925000e+01 4.741351e+00
      vertex   -1.140000e+02 3.870096e+01 0.000000e+00
    endloop
  endfacet
  facet normal 7.071068e-01 7.071068e-01 -0.000000e+00
    outer loop
      vertex   -1.140000e+02 3.870096e+01 0.000000e+00
      vertex   -1.145490e+02 3.925000e+01 4.741351e+00
      vertex   -1.140000e+02 3.870096e+01 4.741351e+00
    endloop
  endfacet
  facet normal 2.588190e-01 9.659258e-01 -0.000000e+00
    outer loop
      vertex   -1.140000e+02 3.870096e+01 0.000000e+00
      vertex   -1.140000e+02 3.870096e+01 4.741351e+00
      vertex   -1.132500e+02 3.850000e+01 0.000000e+00
    endloop
  endfacet
  facet normal 2.588190e-01 9.659258e-01 -0.000000e+00
    outer loop
      vertex   -1.132500e+02 3.850000e+01 0.000000e+00
      vertex   -1.140000e+02 3.870096e+01 4.741351e+00
      vertex   -1.132500e+02 3.850000e+01 4.741351e+00
    endloop
  endfacet
  facet normal -2.588190e-01 9.659258e-01 0.000000e+00
    outer loop
      vertex   -1.132500e+02 3.850000e+01 0.000000e+00
      vertex   -1.132500e+02 3.850000e+01 4.741351e+00
      vertex   -1.125000e+02 3.870096e+01 0.000000e+00
    endloop
  endfacet
  facet normal -2.588190e-01 9.659258e-01 0.000000e+00
    outer loop
      vertex   -1.125000e+02 3.870096e+01 0.000000e+00
      vertex   -1.132500e+02 3.850000e+01 4.741351e+00
      vertex   -1.125000e+02 3.870096e+01 4.741351e+00
    endloop
  endfacet
  facet normal -7.071068e-01 7.071068e-01 0.000000e+00
    outer loop
      vertex   -1.125000e+02 3.870096e+01 0.000000e+00
      vertex   -1.125000e+02 3.870096e+01 4.741351e+00
      vertex   -1.119510e+02 3.925000e+01 0.000000e+00
    endloop
  endfacet
  facet normal -7.071068e-01 7.071068e-01 0.000000e+00
    outer loop
      vertex   -1.119510e+02 3.925000e+01 0.000000e+00
      vertex   -1.125000e+02 3.870096e+01 4.741351e+00
      vertex   -1.119510e+02 3.925000e+01 4.741351e+00
    endloop
  endfacet
  facet normal -9.659258e-01 2.588190e-01 0.000000e+00
    outer loop
      vertex   -1.119510e+02 3.925000e+01 0.000000e+00
      vertex   -1.119510e+02 3.925000e+01 4.741351e+00
      vertex   -1.117500e+02 4.000000e+01 0.000000e+00
    endloop
  endfacet
  facet normal -9.659258e-01 2.588190e-01 0.000000e+00
    outer loop
      vertex   -1.117500e+02 4.000000e+01 0.000000e+00
      vertex   -1.119510e+02 3.925000e+01 4.741351e+00
      vertex   -1.117500e+02 4.000000e+01 4.741351e+00
    endloop
  endfacet
  facet normal -9.659258e-01 -2.588190e-01 0.000000e+00
    outer loop
      vertex   -1.117500e+02 4.000000e+01 0.000000e+00
      vertex   -1.117500e+02 4.000000e+01 4.741351e+00
      vertex   -1.119510e+02 4.075000e+01 0.000000e+00
    endloop
  endfacet
  facet normal -9.659258e-01 -2.588190e-01 0.000000e+00
    outer loop
      vertex   -1.119510e+02 4.075000e+01 0.000000e+00
      vertex   -1.117500e+02 4.000000e+01 4.741351e+00
      vertex   -1.119510e+02 4.075000e+01 4.741351e+00
    endloop
  endfacet
  facet normal -7.071068e-01 -7.071068e-01 0.000000e+00
    outer loop
      vertex   -1.119510e+02 4.075000e+01 0.000000e+00
      vertex   -1.119510e+02 4.075000e+01 4.741351e+00
      vertex   -1.125000e+02 4.129904e+01 0.000000e+00
    endloop
  endfacet
  facet normal -7.071068e-01 -7.071068e-01 0.000000e+00
    outer loop
      vertex   -1.125000e+02 4.129904e+01 0.000000e+00
      vertex   -1.119510e+02 4.075000e+01 4.741351e+00
      vertex   -1.125000e+02 4.129904e+01 4.741351e+00
    endloop
  endfacet
  facet normal -2.588190e-01 -9.659258e-01 0.000000e+00
    outer loop
      vertex   -1.125000e+02 4.129904e+01 0.000000e+00
      vertex   -1.125000e+02 4.129904e+01 4.741351e+00
      vertex   -1.132500e+02 4.150000e+01 0.000000e+00
    endloop
  endfacet
  facet normal -2.588190e-01 -9.659258e-01 0.000000e+00
    outer loop
      vertex   -1.132500e+02 4.150000e+01 0.000000e+00
      vertex   -1.125000e+02 4.129904e+01 4.741351e+00
      vertex   -1.132500e+02 4.150000e+01 4.741351e+00
    endloop
  endfacet
  facet normal 2.588190e-01 -9.659258e-01 0.000000e+00
    outer loop
      vertex   -1.132500e+02 4.150000e+01 0.000000e+00
      vertex   -1.132500e+02 4.150000e+01 4.741351e+00
      vertex   -1.140000e+02 4.129904e+01 0.000000e+00
    endloop
  endfacet
  facet normal 2.588190e-01 -9.659258e-01 0.000000e+00
    outer loop
      vertex   -1.140000e+02 4.129904e+01 0.000000e+00
      vertex   -1.132500e+02 4.150000e+01 4.741351e+00
      vertex   -1.140000e+02 4.129904e+01 4.741351e+00
    endloop
  endfacet
  facet normal 7.071068e-01 -7.071068e-01 0.000000e+00
    outer loop
      vertex   -1.140000e+02 4.129904e+01 0.000000e+00
      vertex   -1.140000e+02 4.129904e+01 4.741351e+00
      vertex   -1.145490e+02 4.075000e+01 0.000000e+00
    endloop
  endfacet
  facet normal 7.071068e-01 -7.071068e-01 0.000000e+00
    outer loop
      vertex   -1.145490e+02 4.075000e+01 0.000000e+00
      vertex   -1.140000e+02 4.129904e+01 4.741351e+00
      vertex   -1.145490e+02 4.075000e+01 4.741351e+00
    endloop
  endfacet
  facet normal -6.334606e-01 -1.697352e-01 7.549289e-01
    outer loop
      vertex   -1.106519e+02 8.350000e+01 6.000000e+00
      vertex   -1.119510e+02 8.275000e+01 4.741351e+00
      vertex   -1.102500e+02 8.200000e+01 6.000000e+00
    endloop
  endfacet
  facet normal -6.334606e-01 -1.697352e-01 7.549289e-01
    outer loop
      vertex   -1.102500e+02 8.200000e+01 6.000000e+00
      vertex   -1.119510e+02 8.275000e+01 4.741351e+00
      vertex   -1.117500e+02 8.200000e+01 4.741351e+00
    endloop
  endfacet
  facet normal -6.334606e-01 1.697352e-01 7.549289e-01
    outer loop
      vertex   -1.102500e+02 8.200000e+01 6.000000e+00
      vertex   -1.117500e+02 8.200000e+01 4.741351e+00
      vertex   -1.106519e+02 8.050000e+01 6.000000e+00
    endloop
  endfacet
  facet normal -6.334606e-01 1.697352e-01 7.549289e-01
    outer loop
      vertex   -1.106519e+02 8.050000e+01 6.000000e+00
      vertex   -1.117500e+02 8.200000e+01 4.741351e+00
      vertex   -1.119510e+02 8.125000e+01 4.741351e+00
    endloop
  endfacet
  facet normal -4.637253e-01 4.637253e-01 7.549289e-01
    outer loop
      vertex   -1.106519e+02 8.050000e+01 6.000000e+00
      vertex   -1.119510e+02 8.125000e+01 4.741351e+00
      vertex   -1.117500e+02 7.940192e+01 6.000000e+00
    endloop
  endfacet
  facet normal -4.637253e-01 4.637253e-01 7.549289e-01
    outer loop
      vertex   -1.117500e+02 7.940192e+01 6.000000e+00
      vertex   -1.119510e+02 8.125000e+01 4.741351e+00
      vertex   -1.125000e+02 8.070096e+01 4.741351e+00
    endloop
  endfacet
  facet normal -1.697352e-01 6.334606e-01 7.549289e-01
    outer loop
      vertex   -1.117500e+02 7.940192e+01 6.000000e+00
      vertex   -1.125000e+02 8.070096e+01 4.741351e+00
      vertex   -1.132500e+02 7.900000e+01 6.000000e+00
    endloop
  endfacet
  facet normal -1.697352e-01 6.334606e-01 7.549289e-01
    outer loop
      vertex   -1.132500e+02 7.900000e+01 6.000000e+00
      vertex   -1.125000e+02 8.070096e+01 4.741351e+00
      vertex   -1.132500e+02 8.050000e+01 4.741351e+00
    endloop
  endfacet
  facet normal 1.697352e-01 6.334606e-01 7.549289e-01
    outer loop
      vertex   -1.132500e+02 7.900000e+01 6.000000e+00
      vertex   -1.132500e+02 8.050000e+01 4.741351e+00
      vertex   -1.147500e+02 7.940192e+01 6.000000e+00
    endloop
  endfacet
  facet normal 1.697352e-01 6.334606e-01 7.549289e-01
    outer loop
      vertex   -1.147500e+02 7.940192e+01 6.000000e+00
      vertex   -1.132500e+02 8.050000e+01 4.741351e+00
      vertex   -1.140000e+02 8.070096e+01 4.741351e+00
    endloop
  endfacet
  facet normal 4.637253e-01 4.637253e-01 7.549289e-01
    outer loop
      vertex   -1.147500e+02 7.940192e+01 6.000000e+00
      vertex   -1.140000e+02 8.070096e+01 4.741351e+00
      vertex   -1.158481e+02 8.050000e+01 6.000000e+00
    endloop
  endfacet
  facet normal 4.637253e-01 4.637253e-01 7.549289e-01
    outer loop
      vertex   -1.158481e+02 8.050000e+01 6.000000e+00
      vertex   -1.140000e+02 8.070096e+01 4.741351e+00
      vertex   -1.145490e+02 8.125000e+01 4.741351e+00
    endloop
  endfacet
  facet normal 6.334606e-01 1.697352e-01 7.549289e-01
    outer loop
      vertex   -1.158481e+02 8.050000e+01 6.000000e+00
      vertex   -1.145490e+02 8.125000e+01 4.741351e+00
      vertex   -1.162500e+02 8.200000e+01 6.000000e+00
    endloop
  endfacet
  facet normal 6.334606e-01 1.697352e-01 7.549289e-01
    outer loop
      vertex   -1.162500e+02 8.200000e+01 6.000000e+00
      vertex   -1.145490e+02 8.125000e+01 4.741351e+00
      vertex   -1.147500e+02 8.200000e+01 4.741351e+00
    endloop
  endfacet
  facet normal 6.334606e-01 -1.697352e-01 7.549289e-01
    outer loop
      vertex   -1.162500e+02 8.200000e+01 6.000000e+00
      vertex   -1.147500e+02 8.200000e+01 4.741351e+00
      vertex   -1.158481e+02 8.350000e+01 6.000000e+00
    endloop
  endfacet
  facet normal 6.334606e-01 -1.697352e-01 7.549289e-01
    outer loop
      vertex   -1.158481e+02 8.350000e+01 6.000000e+00
      vertex   -1.147500e+02 8.200000e+01 4.741351e+00
      vertex   -1.145490e+02 8.275000e+01 4.741351e+00
    endloop
  endfacet
  facet normal 4.637253e-01 -4.637253e-01 7.549289e-01
    outer loop
      vertex   -1.158481e+02 8.350000e+01 6.000000e+00
      vertex   -1.145490e+02 8.275000e+01 4.741351e+00
      vertex   -1.147500e+02 8.459808e+01 6.000000e+00
    endloop
  endfacet
  facet normal 4.637253e-01 -4.637253e-01 7.549289e-01
    outer loop
      vertex   -1.147500e+02 8.459808e+01 6.000000e+00
      vertex   -1.145490e+02 8.275000e+01 4.741351e+00
      vertex   -1.140000e+02 8.329904e+01 4.741351e+00
    endloop
  endfacet
  facet normal 1.697352e-01 -6.334606e-01 7.549289e-01
    outer loop
      vertex   -1.147500e+02 8.459808e+01 6.000000e+00
      vertex   -1.140000e+02 8.329904e+01 4.741351e+00
      vertex   -1.132500e+02 8.500000e+01 6.000000e+00
    endloop
  endfacet
  facet normal 1.697352e-01 -6.334606e-01 7.549289e-01
    outer loop
      vertex   -1.132500e+02 8.500000e+01 6.000000e+00
      vertex   -1.140000e+02 8.329904e+01 4.741351e+00
      vertex   -1.132500e+02 8.350000e+01 4.741351e+00
    endloop
  endfacet
  facet normal -1.697352e-01 -6.334606e-01 7.549289e-01
    outer loop
      vertex   -1.132500e+02 8.500000e+01 6.000000e+00
      vertex   -1.132500e+02 8.350000e+01 4.741351e+00
      vertex   -1.117500e+02 8.459808e+01 6.000000e+00
    endloop
  endfacet
  facet normal -1.697352e-01 -6.334606e-01 7.549289e-01
    outer loop
      vertex   -1.117500e+02 8.459808e+01 6.000000e+00
      vertex   -1.132500e+02 8.350000e+01 4.741351e+00
      vertex   -1.125000e+02 8.329904e+01 4.741351e+00
    endloop
  endfacet
  facet normal -4.637253e-01 -4.637253e-01 7.549289e-01
    outer loop
      vertex   -1.117500e+02 8.459808e+01 6.000000e+00
      vertex   -1.125000e+02 8.329904e+01 4.741351e+00
      vertex   -1.106519e+02 8.350000e+01 6.000000e+00
    endloop
  endfacet
  facet normal -4.637253e-01 -4.637253e-01 7.549289e-01
    outer loop
      vertex   -1.106519e+02 8.350000e+01 6.000000e+00
      vertex   -1.125000e+02 8.329904e+01 4.741351e+00
      vertex   -1.119510e+02 8.275000e+01 4.741351e+00
    endloop
  endfacet
  facet normal 9.659258e-01 -2.588190e-01 0.000000e+00
    outer loop
      vertex   -1.145490e+02 8.275000e+01 0.000000e+00
      vertex   -1.145490e+02 8.275000e+01 4.741351e+00
      vertex   -1.147500e+02 8.200000e+01 0.000000e+00
    endloop
  endfacet
  facet normal 9.659258e-01 -2.588190e-01 0.000000e+00
    outer loop
      vertex   -1.147500e+02 8.200000e+01 0.000000e+00
      vertex   -1.145490e+02 8.275000e+01 4.741351e+00
      vertex   -1.147500e+02 8.200000e+01 4.741351e+00
    endloop
  endfacet
  facet normal 9.659258e-01 2.588190e-01 -0.000000e+00
    outer loop
      vertex   -1.147500e+02 8.200000e+01 0.000000e+00
      vertex   -1.147500e+02 8.200000e+01 4.741351e+00
      vertex   -1.145490e+02 8.125000e+01 0.000000e+00
    endloop
  endfacet
  facet normal 9.659258e-01 2.588190e-01 -0.000000e+00
    outer loop
      vertex   -1.145490e+02 8.125000e+01 0.000000e+00
      vertex   -1.147500e+02 8.200000e+01 4.741351e+00
      vertex   -1.145490e+02 8.125000e+01 4.741351e+00
    endloop
  endfacet
  facet normal 7.071068e-01 7.071068e-01 -0.000000e+00
    outer loop
      vertex   -1.145490e+02 8.125000e+01 0.000000e+00
      vertex   -1.145490e+02 8.125000e+01 4.741351e+00
      vertex   -1.140000e+02 8.070096e+01 0.000000e+00
    endloop
  endfacet
  facet normal 7.071068e-01 7.071068e-01 -0.000000e+00
    outer loop
      vertex   -1.140000e+02 8.070096e+01 0.000000e+00
      vertex   -1.145490e+02 8.125000e+01 4.741351e+00
      vertex   -1.140000e+02 8.070096e+01 4.741351e+00
    endloop
  endfacet
  facet normal 2.588190e-01 9.659258e-01 -0.000000e+00
    outer loop
      vertex   -1.140000e+02 8.070096e+01 0.000000e+00
      vertex   -1.140000e+02 8.070096e+01 4.741351e+00
      vertex   -1.132500e+02 8.050000e+01 0.000000e+00
    endloop
  endfacet
  facet normal 2.588190e-01 9.659258e-01 -0.000000e+00
    outer loop
      vertex   -1.132500e+02 8.050000e+01 0.000000e+00
      vertex   -1.140000e+02 8.070096e+01 4.741351e+00
      vertex   -1.132500e+02 8.050000e+01 4.741351e+00
    endloop
  endfacet
  facet normal -2.588190e-01 9.659258e-01 0.000000e+00
    outer loop
      vertex   -1.132500e+02 8.050000e+01 0.000000e+00
      vertex   -1.132500e+02 8.050000e+01 4.741351e+00
      vertex   -1.125000e+02 8.070096e+01 0.000000e+00
    endloop
  endfacet
  facet normal -2.588190e-01 9.659258e-01 0.000000e+00
    outer loop
      vertex   -1.125000e+02 8.070096e+01 0.000000e+00
      vertex   -1.132500e+02 8.050000e+01 4.741351e+00
      vertex   -1.125000e+02 8.070096e+01 4.741351e+00
    endloop
  endfacet
  facet normal -7.071068e-01 7.071068e-01 0.000000e+00
    outer loop
      vertex   -1.125000e+02 8.070096e+01 0.000000e+00
      vertex   -1.125000e+02 8.070096e+01 4.741351e+00
      vertex   -1.119510e+02 8.125000e+01 0.000000e+00
    endloop
  endfacet
  facet normal -7.071068e-01 7.071068e-01 0.000000e+00
    outer loop
      vertex   -1.119510e+02 8.125000e+01 0.000000e+00
      vertex   -1.125000e+02 8.070096e+01 4.741351e+00
      vertex   -1.119510e+02 8.125000e+01 4.741351e+00
    endloop
  endfacet
  facet normal -9.659258e-01 2.588190e-01 0.000000e+00
    outer loop
      vertex   -1.119510e+02 8.125000e+01 0.000000e+00
      vertex   -1.119510e+02 8.125000e+01 4.741351e+00
      vertex   -1.117500e+02 8.200000e+01 0.000000e+00
    endloop
  endfacet
  facet normal -9.659258e-01 2.588190e-01 0.000000e+00
    outer loop
      vertex   -1.117500e+02 8.200000e+01 0.000000e+00
      vertex   -1.119510e+02 8.125000e+01 4.741351e+00
      vertex   -1.117500e+02 8.200000e+01 4.741351e+00
    endloop
  endfacet
  facet normal -9.659258e-01 -2.588190e-01 0.000000e+00
    outer loop
      vertex   -1.117500e+02 8.200000e+01 0.000000e+00
      vertex   -1.117500e+02 8.200000e+01 4.741351e+00
      vertex   -1.119510e+02 8.275000e+01 0.000000e+00
    endloop
  endfacet
  facet normal -9.659258e-01 -2.588190e-01 0.000000e+00
    outer loop
      vertex   -1.119510e+02 8.275000e+01 0.000000e+00
      vertex   -1.117500e+02 8.200000e+01 4.741351e+00
      vertex   -1.119510e+02 8.275000e+01 4.741351e+00
    endloop
  endfacet
  facet normal -7.071068e-01 -7.071068e-01 0.000000e+00
    outer loop
      vertex   -1.119510e+02 8.275000e+01 0.000000e+00
      vertex   -1.119510e+02 8.275000e+01 4.741351e+00
      vertex   -1.125000e+02 8.329904e+01 0.000000e+00
    endloop
  endfacet
  facet normal -7.071068e-01 -7.071068e-01 0.000000e+00
    outer loop
      vertex   -1.125000e+02 8.329904e+01 0.000000e+00
      vertex   -1.119510e+02 8.275000e+01 4.741351e+00
      vertex   -1.125000e+02 8.329904e+01 4.741351e+00
    endloop
  endfacet
  facet normal -2.588190e-01 -9.659258e-01 0.000000e+00
    outer loop
      vertex   -1.125000e+02 8.329904e+01 0.000000e+00
      vertex   -1.125000e+02 8.329904e+01 4.741351e+00
      vertex   -1.132500e+02 8.350000e+01 0.000000e+00
    endloop
  endfacet
  facet normal -2.588190e-01 -9.659258e-01 0.000000e+00
    outer loop
      vertex   -1.132500e+02 8.350000e+01 0.000000e+00
      vertex   -1.125000e+02 8.329904e+01 4.741351e+00
      vertex   -1.132500e+02 8.350000e+01 4.741351e+00
    endloop
  endfacet
  facet normal 2.588190e-01 -9.659258e-01 0.000000e+00
    outer loop
      vertex   -1.132500e+02 8.350000e+01 0.000000e+00
      vertex   -1.132500e+02 8.350000e+01 4.741351e+00
      vertex   -1.140000e+02 8.329904e+01 0.000000e+00
    endloop
  endfacet
  facet normal 2.588190e-01 -9.659258e-01 0.000000e+00
    outer loop
      vertex   -1.140000e+02 8.329904e+01 0.000000e+00
      vertex   -1.132500e+02 8.350000e+01 4.741351e+00
      vertex   -1.140000e+02 8.329904e+01 4.741351e+00
    endloop
  endfacet
  facet normal 7.071068e-01 -7.071068e-01 0.000000e+00
    outer loop
      vertex   -1.140000e+02 8.329904e+01 0.000000e+00
      vertex   -1.140000e+02 8.329904e+01 4.741351e+00
      vertex   -1.145490e+02 8.275000e+01 0.000000e+00
    endloop
  endfacet
  facet normal 7.071068e-01 -7.071068e-01 0.000000e+00
    outer loop
      vertex   -1.145490e+02 8.275000e+01 0.000000e+00
      vertex   -1.140000e+02 8.329904e+01 4.741351e+00
      vertex   -1.145490e+02 8.275000e+01 4.741351e+00
    endloop
  endfacet
  facet normal -6.334606e-01 -1.697352e-01 7.549289e-01
    outer loop
      vertex   1.158481e+02 -8.525000e+01 6.000000e+00
      vertex   1.145490e+02 -8.600000e+01 4.741351e+00
      vertex   1.162500e+02 -8.675000e+01 6.000000e+00
    endloop
  endfacet
  facet normal -6.334606e-01 -1.697352e-01 7.549289e-01
    outer loop
      vertex   1.162500e+02 -8.675000e+01 6.000000e+00
      vertex   1.145490e+02 -8.600000e+01 4.741351e+00
      vertex   1.147500e+02 -8.675000e+01 4.741351e+00
    endloop
  endfacet
  facet normal -6.334606e-01 1.697352e-01 7.549289e-01
    outer loop
      vertex   1.162500e+02 -8.675000e+01 6.000000e+00
      vertex   1.147500e+02 -8.675000e+01 4.741351e+00
      vertex   1.158481e+02 -8.825000e+01 6.000000e+00
    endloop
  endfacet
  facet normal -6.334606e-01 1.697352e-01 7.549289e-01
    outer loop
      vertex   1.158481e+02 -8.825000e+01 6.000000e+00
      vertex   1.147500e+02 -8.675000e+01 4.741351e+00
      vertex   1.145490e+02 -8.750000e+01 4.741351e+00
    endloop
  endfacet
  facet normal -4.637253e-01 4.637253e-01 7.549289e-01
    outer loop
      vertex   1.158481e+02 -8.825000e+01 6.000000e+00
      vertex   1.145490e+02 -8.750000e+01 4.741351e+00
      vertex   1.147500e+02 -8.934808e+01 6.000000e+00
    endloop
  endfacet
  facet normal -4.637253e-01 4.637253e-01 7.549289e-01
    outer loop
      vertex   1.147500e+02 -8.934808e+01 6.000000e+00
      vertex   1.145490e+02 -8.750000e+01 4.741351e+00
      vertex   1.140000e+02 -8.804904e+01 4.741351e+00
    endloop
  endfacet
  facet normal -1.697352e-01 6.334606e-01 7.549289e-01
    outer loop
      vertex   1.147500e+02 -8.934808e+01 6.000000e+00
      vertex   1.140000e+02 -8.804904e+01 4.741351e+00
      vertex   1.132500e+02 -8.975000e+01 6.000000e+00
    endloop
  endfacet
  facet normal -1.697352e-01 6.334606e-01 7.549289e-01
    outer loop
      vertex   1.132500e+02 -8.975000e+01 6.000000e+00
      vertex   1.140000e+02 -8.804904e+01 4.741351e+00
      vertex   1.132500e+02 -8.825000e+01 4.741351e+00
    endloop
  endfacet
  facet normal 1.697352e-01 6.334606e-01 7.549289e-01
    outer loop
      vertex   1.132500e+02 -8.975000e+01 6.000000e+00
      vertex   1.132500e+02 -8.825000e+01 4.741351e+00
      vertex   1.117500e+02 -8.934808e+01 6.000000e+00
    endloop
  endfacet
  facet normal 1.697352e-01 6.334606e-01 7.549289e-01
    outer loop
      vertex   1.117500e+02 -8.934808e+01 6.000000e+00
      vertex   1.132500e+02 -8.825000e+01 4.741351e+00
      vertex   1.125000e+02 -8.804904e+01 4.741351e+00
    endloop
  endfacet
  facet normal 4.637253e-01 4.637253e-01 7.549289e-01
    outer loop
      vertex   1.117500e+02 -8.934808e+01 6.000000e+00
      vertex   1.125000e+02 -8.804904e+01 4.741351e+00
      vertex   1.106519e+02 -8.825000e+01 6.000000e+00
    endloop
  endfacet
  facet normal 4.637253e-01 4.637253e-01 7.549289e-01
    outer loop
      vertex   1.106519e+02 -8.825000e+01 6.000000e+00
      vertex   1.125000e+02 -8.804904e+01 4.741351e+00
      vertex   1.119510e+02 -8.750000e+01 4.741351e+00
    endloop
  endfacet
  facet normal 6.334606e-01 1.697352e-01 7.549289e-01
    outer loop
      vertex   1.106519e+02 -8.825000e+01 6.000000e+00
      vertex   1.119510e+02 -8.750000e+01 4.741351e+00
      vertex   1.102500e+02 -8.675000e+01 6.000000e+00
    endloop
  endfacet
  facet normal 6.334606e-01 1.697352e-01 7.549289e-01
    outer loop
      vertex   1.102500e+02 -8.675000e+01 6.000000e+00
      vertex   1.119510e+02 -8.750000e+01 4.741351e+00
      vertex   1.117500e+02 -8.675000e+01 4.741351e+00
    endloop
  endfacet
  facet normal 6.334606e-01 -1.697352e-01 7.549289e-01
    outer loop
      vertex   1.102500e+02 -8.675000e+01 6.000000e+00
      vertex   1.117500e+02 -8.675000e+01 4.741351e+00
      vertex   1.106519e+02 -8.525000e+01 6.000000e+00
    endloop
  endfacet
  facet normal 6.334606e-01 -1.697352e-01 7.549289e-01
    outer loop
      vertex   1.106519e+02 -8.525000e+01 6.000000e+00
      vertex   1.117500e+02 -8.675000e+01 4.741351e+00
      vertex   1.119510e+02 -8.600000e+01 4.741351e+00
    endloop
  endfacet
  facet normal 4.637253e-01 -4.637253e-01 7.549289e-01
    outer loop
      vertex   1.106519e+02 -8.525000e+01 6.000000e+00
      vertex   1.119510e+02 -8.600000e+01 4.741351e+00
      vertex   1.117500e+02 -8.415192e+01 6.000000e+00
    endloop
  endfacet
  facet normal 4.637253e-01 -4.637253e-01 7.549289e-01
    outer loop
      vertex   1.117500e+02 -8.415192e+01 6.000000e+00
      vertex   1.119510e+02 -8.600000e+01 4.741351e+00
      vertex   1.125000e+02 -8.545096e+01 4.741351e+00
    endloop
  endfacet
  facet normal 1.697352e-01 -6.334606e-01 7.549289e-01
    outer loop
      vertex   1.117500e+02 -8.415192e+01 6.000000e+00
      vertex   1.125000e+02 -8.545096e+01 4.741351e+00
      vertex   1.132500e+02 -8.375000e+01 6.000000e+00
    endloop
  endfacet
  facet normal 1.697352e-01 -6.334606e-01 7.549289e-01
    outer loop
      vertex   1.132500e+02 -8.375000e+01 6.000000e+00
      vertex   1.125000e+02 -8.545096e+01 4.741351e+00
      vertex   1.132500e+02 -8.525000e+01 4.741351e+00
    endloop
  endfacet
  facet normal -1.697352e-01 -6.334606e-01 7.549289e-01
    outer loop
      vertex   1.132500e+02 -8.375000e+01 6.000000e+00
      vertex   1.132500e+02 -8.525000e+01 4.741351e+00
      vertex   1.147500e+02 -8.415192e+01 6.000000e+00
    endloop
  endfacet
  facet normal -1.697352e-01 -6.334606e-01 7.549289e-01
    outer loop
      vertex   1.147500e+02 -8.415192e+01 6.000000e+00
      vertex   1.132500e+02 -8.525000e+01 4.741351e+00
      vertex   1.140000e+02 -8.545096e+01 4.741351e+00
    endloop
  endfacet
  facet normal -4.637253e-01 -4.637253e-01 7.549289e-01
    outer loop
      vertex   1.147500e+02 -8.415192e+01 6.000000e+00
      vertex   1.140000e+02 -8.545096e+01 4.741351e+00
      vertex   1.158481e+02 -8.525000e+01 6.000000e+00
    endloop
  endfacet
  facet normal -4.637253e-01 -4.637253e-01 7.549289e-01
    outer loop
      vertex   1.158481e+02 -8.525000e+01 6.000000e+00
      vertex   1.140000e+02 -8.545096e+01 4.741351e+00
      vertex   1.145490e+02 -8.600000e+01 4.741351e+00
    endloop
  endfacet
  facet normal 9.659258e-01 -2.588190e-01 0.000000e+00
    outer loop
      vertex   1.119510e+02 -8.600000e+01 0.000000e+00
      vertex   1.119510e+02 -8.600000e+01 4.741351e+00
      vertex   1.117500e+02 -8.675000e+01 0.000000e+00
    endloop
  endfacet
  facet normal 9.659258e-01 -2.588190e-01 0.000000e+00
    outer loop
      vertex   1.117500e+02 -8.675000e+01 0.000000e+00
      vertex   1.119510e+02 -8.600000e+01 4.741351e+00
      vertex   1.117500e+02 -8.675000e+01 4.741351e+00
    endloop
  endfacet
  facet normal 9.659258e-01 2.588190e-01 -0.000000e+00
    outer loop
      vertex   1.117500e+02 -8.675000e+01 0.000000e+00
      vertex   1.117500e+02 -8.675000e+01 4.741351e+00
      vertex   1.119510e+02 -8.750000e+01 0.000000e+00
    endloop
  endfacet
  facet normal 9.659258e-01 2.588190e-01 -0.000000e+00
    outer loop
      vertex   1.119510e+02 -8.750000e+01 0.000000e+00
      vertex   1.117500e+02 -8.675000e+01 4.741351e+00
      vertex   1.119510e+02 -8.750000e+01 4.741351e+00
    endloop
  endfacet
  facet normal 7.071068e-01 7.071068e-01 -0.000000e+00
    outer loop
      vertex   1.119510e+02 -8.750000e+01 0.000000e+00
      vertex   1.119510e+02 -8.750000e+01 4.741351e+00
      vertex   1.125000e+02 -8.804904e+01 0.000000e+00
    endloop
  endfacet
  facet normal 7.071068e-01 7.071068e-01 -0.000000e+00
    outer loop
      vertex   1.125000e+02 -8.804904e+01 0.000000e+00
      vertex   1.119510e+02 -8.750000e+01 4.741351e+00
      vertex   1.125000e+02 -8.804904e+01 4.741351e+00
    endloop
  endfacet
  facet normal 2.588190e-01 9.659258e-01 -0.000000e+00
    outer loop
      vertex   1.125000e+02 -8.804904e+01 0.000000e+00
      vertex   1.125000e+02 -8.804904e+01 4.741351e+00
      vertex   1.132500e+02 -8.825000e+01 0.000000e+00
    endloop
  endfacet
  facet normal 2.588190e-01 9.659258e-01 -0.000000e+00
    outer loop
      vertex   1.132500e+02 -8.825000e+01 0.000000e+00
      vertex   1.125000e+02 -8.804904e+01 4.741351e+00
      vertex   1.132500e+02 -8.825000e+01 4.741351e+00
    endloop
  endfacet
  facet normal -2.588190e-01 9.659258e-01 0.000000e+00
    outer loop
      vertex   1.132500e+02 -8.825000e+01 0.000000e+00
      vertex   1.132500e+02 -8.825000e+01 4.741351e+00
      vertex   1.140000e+02 -8.804904e+01 0.000000e+00
    endloop
  endfacet
  facet normal -2.588190e-01 9.659258e-01 0.000000e+00
    outer loop
      vertex   1.140000e+02 -8.804904e+01 0.000000e+00
      vertex   1.132500e+02 -8.825000e+01 4.741351e+00
      vertex   1.140000e+02 -8.804904e+01 4.741351e+00
    endloop
  endfacet
  facet normal -7.071068e-01 7.071068e-01 0.000000e+00
    outer loop
      vertex   1.140000e+02 -8.804904e+01 0.000000e+00
      vertex   1.140000e+02 -8.804904e+01 4.741351e+00
      vertex   1.145490e+02 -8.750000e+01 0.000000e+00
    endloop
  endfacet
  facet normal -7.071068e-01 7.071068e-01 0.000000e+00
    outer loop
      vertex   1.145490e+02 -8.750000e+01 0.000000e+00
      vertex   1.140000e+02 -8.804904e+01 4.741351e+00
      vertex   1.145490e+02 -8.750000e+01 4.741351e+00
    endloop
  endfacet
  facet normal -9.659258e-01 2.588190e-01 0.000000e+00
    outer loop
      vertex   1.145490e+02 -8.750000e+01 0.000000e+00
      vertex   1.145490e+02 -8.750000e+01 4.741351e+00
      vertex   1.147500e+02 -8.675000e+01 0.000000e+00
    endloop
  endfacet
  facet normal -9.659258e-01 2.588190e-01 0.000000e+00
    outer loop
      vertex   1.147500e+02 -8.675000e+01 0.000000e+00
      vertex   1.145490e+02 -8.750000e+01 4.741351e+00
      vertex   1.147500e+02 -8.675000e+01 4.741351e+00
    endloop
  endfacet
  facet normal -9.659258e-01 -2.588190e-01 0.000000e+00
    outer loop
      vertex   1.147500e+02 -8.675000e+01 0.000000e+00
      vertex   1.147500e+02 -8.675000e+01 4.741351e+00
      vertex   1.145490e+02 -8.600000e+01 0.000000e+00
    endloop
  endfacet
  facet normal -9.659258e-01 -2.588190e-01 0.000000e+00
    outer loop
      vertex   1.145490e+02 -8.600000e+01 0.000000e+00
      vertex   1.147500e+02 -8.675000e+01 4.741351e+00
      vertex   1.145490e+02 -8.600000e+01 4.741351e+00
    endloop
  endfacet
  facet normal -7.071068e-01 -7.071068e-01 0.000000e+00
    outer loop
      vertex   1.145490e+02 -8.600000e+01 0.000000e+00
      vertex   1.145490e+02 -8.600000e+01 4.741351e+00
      vertex   1.140000e+02 -8.545096e+01 0.000000e+00
    endloop
  endfacet
  facet normal -7.071068e-01 -7.071068e-01 0.000000e+00
    outer loop
      vertex   1.140000e+02 -8.545096e+01 0.000000e+00
      vertex   1.145490e+02 -8.600000e+01 4.741351e+00
      vertex   1.140000e+02 -8.545096e+01 4.741351e+00
    endloop
  endfacet
  facet normal -2.588190e-01 -9.659258e-01 0.000000e+00
    outer loop
      vertex   1.140000e+02 -8.545096e+01 0.000000e+00
      vertex   1.140000e+02 -8.545096e+01 4.741351e+00
      vertex   1.132500e+02 -8.525000e+01 0.000000e+00
    endloop
  endfacet
  facet normal -2.588190e-01 -9.659258e-01 0.000000e+00
    outer loop
      vertex   1.132500e+02 -8.525000e+01 0.000000e+00
      vertex   1.140000e+02 -8.545096e+01 4.741351e+00
      vertex   1.132500e+02 -8.525000e+01 4.741351e+00
    endloop
  endfacet
  facet normal 2.588190e-01 -9.659258e-01 0.000000e+00
    outer loop
      vertex   1.132500e+02 -8.525000e+01 0.000000e+00
      vertex   1.132500e+02 -8.525000e+01 4.741351e+00
      vertex   1.125000e+02 -8.545096e+01 0.000000e+00
    endloop
  endfacet
  facet normal 2.588190e-01 -9.659258e-01 0.000000e+00
    outer loop
      vertex   1.125000e+02 -8.545096e+01 0.000000e+00
      vertex   1.132500e+02 -8.525000e+01 4.741351e+00
      vertex   1.125000e+02 -8.545096e+01 4.741351e+00
    endloop
  endfacet
  facet normal 7.071068e-01 -7.071068e-01 0.000000e+00
    outer loop
      vertex   1.125000e+02 -8.545096e+01 0.000000e+00
      vertex   1.125000e+02 -8.545096e+01 4.741351e+00
      vertex   1.119510e+02 -8.600000e+01 0.000000e+00
    endloop
  endfacet
  facet normal 7.071068e-01 -7.071068e-01 0.000000e+00
    outer loop
      vertex   1.119510e+02 -8.600000e+01 0.000000e+00
      vertex   1.125000e+02 -8.545096e+01 4.741351e+00
      vertex   1.119510e+02 -8.600000e+01 4.741351e+00
    endloop
  endfacet
  facet normal -6.334606e-01 -1.697352e-01 7.549289e-01
    outer loop
      vertex   1.158481e+02 -4.475000e+01 6.000000e+00
      vertex   1.145490e+02 -4.550000e+01 4.741351e+00
      vertex   1.162500e+02 -4.625000e+01 6.000000e+00
    endloop
  endfacet
  facet normal -6.334606e-01 -1.697352e-01 7.549289e-01
    outer loop
      vertex   1.162500e+02 -4.625000e+01 6.000000e+00
      vertex   1.145490e+02 -4.550000e+01 4.741351e+00
      vertex   1.147500e+02 -4.625000e+01 4.741351e+00
    endloop
  endfacet
  facet normal -6.334606e-01 1.697352e-01 7.549289e-01
    outer loop
      vertex   1.162500e+02 -4.625000e+01 6.000000e+00
      vertex   1.147500e+02 -4.625000e+01 4.741351e+00
      vertex   1.158481e+02 -4.775000e+01 6.000000e+00
    endloop
  endfacet
  facet normal -6.334606e-01 1.697352e-01 7.549289e-01
    outer loop
      vertex   1.158481e+02 -4.775000e+01 6.000000e+00
      vertex   1.147500e+02 -4.625000e+01 4.741351e+00
      vertex   1.145490e+02 -4.700000e+01 4.741351e+00
    endloop
  endfacet
  facet normal -4.637253e-01 4.637253e-01 7.549289e-01
    outer loop
      vertex   1.158481e+02 -4.775000e+01 6.000000e+00
      vertex   1.145490e+02 -4.700000e+01 4.741351e+00
      vertex   1.147500e+02 -4.884808e+01 6.000000e+00
    endloop
  endfacet
  facet normal -4.637253e-01 4.637253e-01 7.549289e-01
    outer loop
      vertex   1.147500e+02 -4.884808e+01 6.000000e+00
      vertex   1.145490e+02 -4.700000e+01 4.741351e+00
      vertex   1.140000e+02 -4.754904e+01 4.741351e+00
    endloop
  endfacet
  facet normal -1.697352e-01 6.334606e-01 7.549289e-01
    outer loop
      vertex   1.147500e+02 -4.884808e+01 6.000000e+00
      vertex   1.140000e+02 -4.754904e+01 4.741351e+00
      vertex   1.132500e+02 -4.925000e+01 6.000000e+00
    endloop
  endfacet
  facet normal -1.697352e-01 6.334606e-01 7.549289e-01
    outer loop
      vertex   1.132500e+02 -4.925000e+01 6.000000e+00
      vertex   1.140000e+02 -4.754904e+01 4.741351e+00
      vertex   1.132500e+02 -4.775000e+01 4.741351e+00
    endloop
  endfacet
  facet normal 1.697352e-01 6.334606e-01 7.549289e-01
    outer loop
      vertex   1.132500e+02 -4.925000e+01 6.000000e+00
      vertex   1.132500e+02 -4.775000e+01 4.741351e+00
      vertex   1.117500e+02 -4.884808e+01 6.000000e+00
    endloop
  endfacet
  facet normal 1.697352e-01 6.334606e-01 7.549289e-01
    outer loop
      vertex   1.117500e+02 -4.884808e+01 6.000000e+00
      vertex   1.132500e+02 -4.775000e+01 4.741351e+00
      vertex   1.125000e+02 -4.754904e+01 4.741351e+00
    endloop
  endfacet
  facet normal 4.637253e-01 4.637253e-01 7.549289e-01
    outer loop
      vertex   1.117500e+02 -4.884808e+01 6.000000e+00
      vertex   1.125000e+02 -4.754904e+01 4.741351e+00
      vertex   1.106519e+02 -4.775000e+01 6.000000e+00
    endloop
  endfacet
  facet normal 4.637253e-01 4.637253e-01 7.549289e-01
    outer loop
      vertex   1.106519e+02 -4.775000e+01 6.000000e+00
      vertex   1.125000e+02 -4.754904e+01 4.741351e+00
      vertex   1.119510e+02 -4.700000e+01 4.741351e+00
    endloop
  endfacet
  facet normal 6.334606e-01 1.697352e-01 7.549289e-01
    outer loop
      vertex   1.106519e+02 -4.775000e+01 6.000000e+00
      vertex   1.119510e+02 -4.700000e+01 4.741351e+00
      vertex   1.102500e+02 -4.625000e+01 6.000000e+00
    endloop
  endfacet
  facet normal 6.334606e-01 1.697352e-01 7.549289e-01
    outer loop
      vertex   1.102500e+02 -4.625000e+01 6.000000e+00
      vertex   1.119510e+02 -4.700000e+01 4.741351e+00
      vertex   1.117500e+02 -4.625000e+01 4.741351e+00
    endloop
  endfacet
  facet normal 6.334606e-01 -1.697352e-01 7.549289e-01
    outer loop
      vertex   1.102500e+02 -4.625000e+01 6.000000e+00
      vertex   1.117500e+02 -4.625000e+01 4.741351e+00
      vertex   1.106519e+02 -4.475000e+01 6.000000e+00
    endloop
  endfacet
  facet normal 6.334606e-01 -1.697352e-01 7.549289e-01
    outer loop
      vertex   1.106519e+02 -4.475000e+01 6.000000e+00
      vertex   1.117500e+02 -4.625000e+01 4.741351e+00
      vertex   1.119510e+02 -4.550000e+01 4.741351e+00
    endloop
  endfacet
  facet normal 4.637253e-01 -4.637253e-01 7.549289e-01
    outer loop
      vertex   1.106519e+02 -4.475000e+01 6.000000e+00
      vertex   1.119510e+02 -4.550000e+01 4.741351e+00
      vertex   1.117500e+02 -4.365192e+01 6.000000e+00
    endloop
  endfacet
  facet normal 4.637253e-01 -4.637253e-01 7.549289e-01
    outer loop
      vertex   1.117500e+02 -4.365192e+01 6.000000e+00
      vertex   1.119510e+02 -4.550000e+01 4.741351e+00
      vertex   1.125000e+02 -4.495096e+01 4.741351e+00
    endloop
  endfacet
  facet normal 1.697352e-01 -6.334606e-01 7.549289e-01
    outer loop
      vertex   1.117500e+02 -4.365192e+01 6.000000e+00
      vertex   1.125000e+02 -4.495096e+01 4.741351e+00
      vertex   1.132500e+02 -4.325000e+01 6.000000e+00
    endloop
  endfacet
  facet normal 1.697352e-01 -6.334606e-01 7.549289e-01
    outer loop
      vertex   1.132500e+02 -4.325000e+01 6.000000e+00
      vertex   1.125000e+02 -4.495096e+01 4.741351e+00
      vertex   1.132500e+02 -4.475000e+01 4.741351e+00
    endloop
  endfacet
  facet normal -1.697352e-01 -6.334606e-01 7.549289e-01
    outer loop
      vertex   1.132500e+02 -4.325000e+01 6.000000e+00
      vertex   1.132500e+02 -4.475000e+01 4.741351e+00
      vertex   1.147500e+02 -4.365192e+01 6.000000e+00
    endloop
  endfacet
  facet normal -1.697352e-01 -6.334606e-01 7.549289e-01
    outer loop
      vertex   1.147500e+02 -4.365192e+01 6.000000e+00
      vertex   1.132500e+02 -4.475000e+01 4.741351e+00
      vertex   1.140000e+02 -4.495096e+01 4.741351e+00
    endloop
  endfacet
  facet normal -4.637253e-01 -4.637253e-01 7.549289e-01
    outer loop
      vertex   1.147500e+02 -4.365192e+01 6.000000e+00
      vertex   1.140000e+02 -4.495096e+01 4.741351e+00
      vertex   1.158481e+02 -4.475000e+01 6.000000e+00
    endloop
  endfacet
  facet normal -4.637253e-01 -4.637253e-01 7.549289e-01
    outer loop
      vertex   1.158481e+02 -4.475000e+01 6.000000e+00
      vertex   1.140000e+02 -4.495096e+01 4.741351e+00
      vertex   1.145490e+02 -4.550000e+01 4.741351e+00
    endloop
  endfacet
  facet normal 9.659258e-01 -2.588190e-01 0.000000e+00
    outer loop
      vertex   1.119510e+02 -4.550000e+01 0.000000e+00
      vertex   1.119510e+02 -4.550000e+01 4.741351e+00
      vertex   1.117500e+02 -4.625000e+01 0.000000e+00
    endloop
  endfacet
  facet normal 9.659258e-01 -2.588190e-01 0.000000e+00
    outer loop
      vertex   1.117500e+02 -4.625000e+01 0.000000e+00
      vertex   1.119510e+02 -4.550000e+01 4.741351e+00
      vertex   1.117500e+02 -4.625000e+01 4.741351e+00
    endloop
  endfacet
  facet normal 9.659258e-01 2.588190e-01 -0.000000e+00
    outer loop
      vertex   1.117500e+02 -4.625000e+01 0.000000e+00
      vertex   1.117500e+02 -4.625000e+01 4.741351e+00
      vertex   1.119510e+02 -4.700000e+01 0.000000e+00
    endloop
  endfacet
  facet normal 9.659258e-01 2.588190e-01 -0.000000e+00
    outer loop
      vertex   1.119510e+02 -4.700000e+01 0.000000e+00
      vertex   1.117500e+02 -4.625000e+01 4.741351e+00
      vertex   1.119510e+02 -4.700000e+01 4.741351e+00
    endloop
  endfacet
  facet normal 7.071068e-01 7.071068e-01 -0.000000e+00
    outer loop
      vertex   1.119510e+02 -4.700000e+01 0.000000e+00
      vertex   1.119510e+02 -4.700000e+01 4.741351e+00
      vertex   1.125000e+02 -4.754904e+01 0.000000e+00
    endloop
  endfacet
  facet normal 7.071068e-01 7.071068e-01 -0.000000e+00
    outer loop
      vertex   1.125000e+02 -4.754904e+01 0.000000e+00
      vertex   1.119510e+02 -4.700000e+01 4.741351e+00
      vertex   1.125000e+02 -4.754904e+01 4.741351e+00
    endloop
  endfacet
  facet normal 2.588190e-01 9.659258e-01 -0.000000e+00
    outer loop
      vertex   1.125000e+02 -4.754904e+01 0.000000e+00
      vertex   1.125000e+02 -4.754904e+01 4.741351e+00
      vertex   1.132500e+02 -4.775000e+01 0.000000e+00
    endloop
  endfacet
  facet normal 2.588190e-01 9.659258e-01 -0.000000e+00
    outer loop
      vertex   1.132500e+02 -4.775000e+01 0.000000e+00
      vertex   1.125000e+02 -4.754904e+01 4.741351e+00
      vertex   1.132500e+02 -4.775000e+01 4.741351e+00
    endloop
  endfacet
  facet normal -2.588190e-01 9.659258e-01 0.000000e+00
    outer loop
      vertex   1.132500e+02 -4.775000e+01 0.000000e+00
      vertex   1.132500e+02 -4.775000e+01 4.741351e+00
      vertex   1.140000e+02 -4.754904e+01 0.000000e+00
    endloop
  endfacet
  facet normal -2.588190e-01 9.659258e-01 0.000000e+00
    outer loop
      vertex   1.140000e+02 -4.754904e+01 0.000000e+00
      vertex   1.132500e+02 -4.775000e+01 4.741351e+00
      vertex   1.140000e+02 -4.754904e+01 4.741351e+00
    endloop
  endfacet
  facet normal -7.071068e-01 7.071068e-01 0.000000e+00
    outer loop
      vertex   1.140000e+02 -4.754904e+01 0.000000e+00
      vertex   1.140000e+02 -4.754904e+01 4.741351e+00
      vertex   1.145490e+02 -4.700000e+01 0.000000e+00
    endloop
  endfacet
  facet normal -7.071068e-01 7.071068e-01 0.000000e+00
    outer loop
      vertex   1.145490e+02 -4.700000e+01 0.000000e+00
      vertex   1.140000e+02 -4.754904e+01 4.741351e+00
      vertex   1.145490e+02 -4.700000e+01 4.741351e+00
    endloop
  endfacet
  facet normal -9.659258e-01 2.588190e-01 0.000000e+00
    outer loop
      vertex   1.145490e+02 -4.700000e+01 0.000000e+00
      vertex   1.145490e+02 -4.700000e+01 4.741351e+00
      vertex   1.147500e+02 -4.625000e+01 0.000000e+00
    endloop
  endfacet
  facet normal -9.659258e-01 2.588190e-01 0.000000e+00
    outer loop
      vertex   1.147500e+02 -4.625000e+01 0.000000e+00
      vertex   1.145490e+02 -4.700000e+01 4.741351e+00
      vertex   1.147500e+02 -4.625000e+01 4.741351e+00
    endloop
  endfacet
  facet normal -9.659258e-01 -2.588190e-01 0.000000e+00
    outer loop
      vertex   1.147500e+02 -4.625000e+01 0.000000e+00
      vertex   1.147500e+02 -4.625000e+01 4.741351e+00
      vertex   1.145490e+02 -4.550000e+01 0.000000e+00
    endloop
  endfacet
  facet normal -9.659258e-01 -2.588190e-01 0.000000e+00
    outer loop
      vertex   1.145490e+02 -4.550000e+01 0.000000e+00
      vertex   1.147500e+02 -4.625000e+01 4.741351e+00
      vertex   1.145490e+02 -4.550000e+01 4.741351e+00
    endloop
  endfacet
  facet normal -7.071068e-01 -7.071068e-01 0.000000e+00
    outer loop
      vertex   1.145490e+02 -4.550000e+01 0.000000e+00
      vertex   1.145490e+02 -4.550000e+01 4.741351e+00
      vertex   1.140000e+02 -4.495096e+01 0.000000e+00
    endloop
  endfacet
  facet normal -7.071068e-01 -7.071068e-01 0.000000e+00
    outer loop
      vertex   1.140000e+02 -4.495096e+01 0.000000e+00
      vertex   1.145490e+02 -4.550000e+01 4.741351e+00
      vertex   1.140000e+02 -4.495096e+01 4.741351e+00
    endloop
  endfacet
  facet normal -2.588190e-01 -9.659258e-01 0.000000e+00
    outer loop
      vertex   1.140000e+02 -4.495096e+01 0.000000e+00
      vertex   1.140000e+02 -4.495096e+01 4.741351e+00
      vertex   1.132500e+02 -4.475000e+01 0.000000e+00
    endloop
  endfacet
  facet normal -2.588190e-01 -9.659258e-01 0.000000e+00
    outer loop
      vertex   1.132500e+02 -4.475000e+01 0.000000e+00
      vertex   1.140000e+02 -4.495096e+01 4.741351e+00
      vertex   1.132500e+02 -4.475000e+01 4.741351e+00
    endloop
  endfacet
  facet normal 2.588190e-01 -9.659258e-01 0.000000e+00
    outer loop
      vertex   1.132500e+02 -4.475000e+01 0.000000e+00
      vertex   1.132500e+02 -4.475000e+01 4.741351e+00
      vertex   1.125000e+02 -4.495096e+01 0.000000e+00
    endloop
  endfacet
  facet normal 2.588190e-01 -9.659258e-01 0.000000e+00
    outer loop
      vertex   1.125000e+02 -4.495096e+01 0.000000e+00
      vertex   1.132500e+02 -4.475000e+01 4.741351e+00
      vertex   1.125000e+02 -4.495096e+01 4.741351e+00
    endloop
  endfacet
  facet normal 7.071068e-01 -7.071068e-01 0.000000e+00
    outer loop
      vertex   1.125000e+02 -4.495096e+01 0.000000e+00
      vertex   1.125000e+02 -4.495096e+01 4.741351e+00
      vertex   1.119510e+02 -4.550000e+01 0.000000e+00
    endloop
  endfacet
  facet normal 7.071068e-01 -7.071068e-01 0.000000e+00
    outer loop
      vertex   1.119510e+02 -4.550000e+01 0.000000e+00
      vertex   1.125000e+02 -4.495096e+01 4.741351e+00
      vertex   1.119510e+02 -4.550000e+01 4.741351e+00
    endloop
  endfacet
  facet normal -6.334606e-01 -1.697352e-01 7.549289e-01
    outer loop
      vertex   1.158481e+02 -4.250000e+00 6.000000e+00
      vertex   1.145490e+02 -5.000000e+00 4.741351e+00
      vertex   1.162500e+02 -5.750000e+00 6.000000e+00
    endloop
  endfacet
  facet normal -6.334606e-01 -1.697352e-01 7.549289e-01
    outer loop
      vertex   1.162500e+02 -5.750000e+00 6.000000e+00
      vertex   1.145490e+02 -5.000000e+00 4.741351e+00
      vertex   1.147500e+02 -5.750000e+00 4.741351e+00
    endloop
  endfacet
  facet normal -6.334606e-01 1.697352e-01 7.549289e-01
    outer loop
      vertex   1.162500e+02 -5.750000e+00 6.000000e+00
      vertex   1.147500e+02 -5.750000e+00 4.741351e+00
      vertex   1.158481e+02 -7.250000e+00 6.000000e+00
    endloop
  endfacet
  facet normal -6.334606e-01 1.697352e-01 7.549289e-01
    outer loop
      vertex   1.158481e+02 -7.250000e+00 6.000000e+00
      vertex   1.147500e+02 -5.750000e+00 4.741351e+00
      vertex   1.145490e+02 -6.500000e+00 4.741351e+00
    endloop
  endfacet
  facet normal -4.637253e-01 4.637253e-01 7.549289e-01
    outer loop
      vertex   1.158481e+02 -7.250000e+00 6.000000e+00
      vertex   1.145490e+02 -6.500000e+00 4.741351e+00
      vertex   1.147500e+02 -8.348076e+00 6.000000e+00
    endloop
  endfacet
  facet normal -4.637253e-01 4.637253e-01 7.549289e-01
    outer loop
      vertex   1.147500e+02 -8.348076e+00 6.000000e+00
      vertex   1.145490e+02 -6.500000e+00 4.741351e+00
      vertex   1.140000e+02 -7.049038e+00 4.741351e+00
    endloop
  endfacet
  facet normal -1.697352e-01 6.334606e-01 7.549289e-01
    outer loop
      vertex   1.147500e+02 -8.348076e+00 6.000000e+00
      vertex   1.140000e+02 -7.049038e+00 4.741351e+00
      vertex   1.132500e+02 -8.750000e+00 6.000000e+00
    endloop
  endfacet
  facet normal -1.697352e-01 6.334606e-01 7.549289e-01
    outer loop
      vertex   1.132500e+02 -8.750000e+00 6.000000e+00
      vertex   1.140000e+02 -7.049038e+00 4.741351e+00
      vertex   1.132500e+02 -7.250000e+00 4.741351e+00
    endloop
  endfacet
  facet normal 1.697352e-01 6.334606e-01 7.549289e-01
    outer loop
      vertex   1.132500e+02 -8.750000e+00 6.000000e+00
      vertex   1.132500e+02 -7.250000e+00 4.741351e+00
      vertex   1.117500e+02 -8.348076e+00 6.000000e+00
    endloop
  endfacet
  facet normal 1.697352e-01 6.334606e-01 7.549289e-01
    outer loop
      vertex   1.117500e+02 -8.348076e+00 6.000000e+00
      vertex   1.132500e+02 -7.250000e+00 4.741351e+00
      vertex   1.125000e+02 -7.049038e+00 4.741351e+00
    endloop
  endfacet
  facet normal 4.637253e-01 4.637253e-01 7.549289e-01
    outer loop
      vertex   1.117500e+02 -8.348076e+00 6.000000e+00
      vertex   1.125000e+02 -7.049038e+00 4.741351e+00
      vertex   1.106519e+02 -7.250000e+00 6.000000e+00
    endloop
  endfacet
  facet normal 4.637253e-01 4.637253e-01 7.549289e-01
    outer loop
      vertex   1.106519e+02 -7.250000e+00 6.000000e+00
      vertex   1.125000e+02 -7.049038e+00 4.741351e+00
      vertex   1.119510e+02 -6.500000e+00 4.741351e+00
    endloop
  endfacet
  facet normal 6.334606e-01 1.697352e-01 7.549289e-01
    outer loop
      vertex   1.106519e+02 -7.250000e+00 6.000000e+00
      vertex   1.119510e+02 -6.500000e+00 4.741351e+00
      vertex   1.102500e+02 -5.750000e+00 6.000000e+00
    endloop
  endfacet
  facet normal 6.334606e-01 1.697352e-01 7.549289e-01
    outer loop
      vertex   1.102500e+02 -5.750000e+00 6.000000e+00
      vertex   1.119510e+02 -6.500000e+00 4.741351e+00
      vertex   1.117500e+02 -5.750000e+00 4.741351e+00
    endloop
  endfacet
  facet normal 6.334606e-01 -1.697352e-01 7.549289e-01
    outer loop
      vertex   1.102500e+02 -5.750000e+00 6.000000e+00
      vertex   1.117500e+02 -5.750000e+00 4.741351e+00
      vertex   1.106519e+02 -4.250000e+00 6.000000e+00
    endloop
  endfacet
  facet normal 6.334606e-01 -1.697352e-01 7.549289e-01
    outer loop
      vertex   1.106519e+02 -4.250000e+00 6.000000e+00
      vertex   1.117500e+02 -5.750000e+00 4.741351e+00
      vertex   1.119510e+02 -5.000000e+00 4.741351e+00
    endloop
  endfacet
  facet normal 4.637253e-01 -4.637253e-01 7.549289e-01
    outer loop
      vertex   1.106519e+02 -4.250000e+00 6.000000e+00
      vertex   1.119510e+02 -5.000000e+00 4.741351e+00
      vertex   1.117500e+02 -3.151924e+00 6.000000e+00
    endloop
  endfacet
  facet normal 4.637253e-01 -4.637253e-01 7.549289e-01
    outer loop
      vertex   1.117500e+02 -3.151924e+00 6.000000e+00
      vertex   1.119510e+02 -5.000000e+00 4.741351e+00
      vertex   1.125000e+02 -4.450962e+00 4.741351e+00
    endloop
  endfacet
  facet normal 1.697352e-01 -6.334606e-01 7.549289e-01
    outer loop
      vertex   1.117500e+02 -3.151924e+00 6.000000e+00
      vertex   1.125000e+02 -4.450962e+00 4.741351e+00
      vertex   1.132500e+02 -2.750000e+00 6.000000e+00
    endloop
  endfacet
  facet normal 1.697352e-01 -6.334606e-01 7.549289e-01
    outer loop
      vertex   1.132500e+02 -2.750000e+00 6.000000e+00
      vertex   1.125000e+02 -4.450962e+00 4.741351e+00
      vertex   1.132500e+02 -4.250000e+00 4.741351e+00
    endloop
  endfacet
  facet normal -1.697352e-01 -6.334606e-01 7.549289e-01
    outer loop
      vertex   1.132500e+02 -2.750000e+00 6.000000e+00
      vertex   1.132500e+02 -4.250000e+00 4.741351e+00
      vertex   1.147500e+02 -3.151924e+00 6.000000e+00
    endloop
  endfacet
  facet normal -1.697352e-01 -6.334606e-01 7.549289e-01
    outer loop
      vertex   1.147500e+02 -3.151924e+00 6.000000e+00
      vertex   1.132500e+02 -4.250000e+00 4.741351e+00
      vertex   1.140000e+02 -4.450962e+00 4.741351e+00
    endloop
  endfacet
  facet normal -4.637253e-01 -4.637253e-01 7.549289e-01
    outer loop
      vertex   1.147500e+02 -3.151924e+00 6.000000e+00
      vertex   1.140000e+02 -4.450962e+00 4.741351e+00
      vertex   1.158481e+02 -4.250000e+00 6.000000e+00
    endloop
  endfacet
  facet normal -4.637253e-01 -4.637253e-01 7.549289e-01
    outer loop
      vertex   1.158481e+02 -4.250000e+00 6.000000e+00
      vertex   1.140000e+02 -4.450962e+00 4.741351e+00
      vertex   1.145490e+02 -5.000000e+00 4.741351e+00
    endloop
  endfacet
  facet normal 9.659258e-01 -2.588190e-01 0.000000e+00
    outer loop
      vertex   1.119510e+02 -5.000000e+00 0.000000e+00
      vertex   1.119510e+02 -5.000000e+00 4.741351e+00
      vertex   1.117500e+02 -5.750000e+00 0.000000e+00
    endloop
  endfacet
  facet normal 9.659258e-01 -2.588190e-01 0.000000e+00
    outer loop
      vertex   1.117500e+02 -5.750000e+00 0.000000e+00
      vertex   1.119510e+02 -5.000000e+00 4.741351e+00
      vertex   1.117500e+02 -5.750000e+00 4.741351e+00
    endloop
  endfacet
  facet normal 9.659258e-01 2.588190e-01 -0.000000e+00
    outer loop
      vertex   1.117500e+02 -5.750000e+00 0.000000e+00
      vertex   1.117500e+02 -5.750000e+00 4.741351e+00
      vertex   1.119510e+02 -6.500000e+00 0.000000e+00
    endloop
  endfacet
  facet normal 9.659258e-01 2.588190e-01 -0.000000e+00
    outer loop
      vertex   1.119510e+02 -6.500000e+00 0.000000e+00
      vertex   1.117500e+02 -5.750000e+00 4.741351e+00
      vertex   1.119510e+02 -6.500000e+00 4.741351e+00
    endloop
  endfacet
  facet normal 7.071068e-01 7.071068e-01 -0.000000e+00
    outer loop
      vertex   1.119510e+02 -6.500000e+00 0.000000e+00
      vertex   1.119510e+02 -6.500000e+00 4.741351e+00
      vertex   1.125000e+02 -7.049038e+00 0.000000e+00
    endloop
  endfacet
  facet normal 7.071068e-01 7.071068e-01 -0.000000e+00
    outer loop
      vertex   1.125000e+02 -7.049038e+00 0.000000e+00
      vertex   1.119510e+02 -6.500000e+00 4.741351e+00
      vertex   1.125000e+02 -7.049038e+00 4.741351e+00
    endloop
  endfacet
  facet normal 2.588190e-01 9.659258e-01 -0.000000e+00
    outer loop
      vertex   1.125000e+02 -7.049038e+00 0.000000e+00
      vertex   1.125000e+02 -7.049038e+00 4.741351e+00
      vertex   1.132500e+02 -7.250000e+00 0.000000e+00
    endloop
  endfacet
  facet normal 2.588190e-01 9.659258e-01 -0.000000e+00
    outer loop
      vertex   1.132500e+02 -7.250000e+00 0.000000e+00
      vertex   1.125000e+02 -7.049038e+00 4.741351e+00
      vertex   1.132500e+02 -7.250000e+00 4.741351e+00
    endloop
  endfacet
  facet normal -2.588190e-01 9.659258e-01 0.000000e+00
    outer loop
      vertex   1.132500e+02 -7.250000e+00 0.000000e+00
      vertex   1.132500e+02 -7.250000e+00 4.741351e+00
      vertex   1.140000e+02 -7.049038e+00 0.000000e+00
    endloop
  endfacet
  facet normal -2.588190e-01 9.659258e-01 1.809431e-16
    outer loop
      vertex   1.140000e+02 -7.049038e+00 0.000000e+00
      vertex   1.132500e+02 -7.250000e+00 4.741351e+00
      vertex   1.140000e+02 -7.049038e+00 4.741351e+00
    endloop
  endfacet
  facet normal -7.071068e-01 7.071068e-01 1.324595e-16
    outer loop
      vertex   1.140000e+02 -7.049038e+00 0.000000e+00
      vertex   1.140000e+02 -7.049038e+00 4.741351e+00
      vertex   1.145490e+02 -6.500000e+00 0.000000e+00
    endloop
  endfacet
  facet normal -7.071068e-01 7.071068e-01 0.000000e+00
    outer loop
      vertex   1.145490e+02 -6.500000e+00 0.000000e+00
      vertex   1.140000e+02 -7.049038e+00 4.741351e+00
      vertex   1.145490e+02 -6.500000e+00 4.741351e+00
    endloop
  endfacet
  facet normal -9.659258e-01 2.588190e-01 0.000000e+00
    outer loop
      vertex   1.145490e+02 -6.500000e+00 0.000000e+00
      vertex   1.145490e+02 -6.500000e+00 4.741351e+00
      vertex   1.147500e+02 -5.750000e+00 0.000000e+00
    endloop
  endfacet
  facet normal -9.659258e-01 2.588190e-01 0.000000e+00
    outer loop
      vertex   1.147500e+02 -5.750000e+00 0.000000e+00
      vertex   1.145490e+02 -6.500000e+00 4.741351e+00
      vertex   1.147500e+02 -5.750000e+00 4.741351e+00
    endloop
  endfacet
  facet normal -9.659258e-01 -2.588190e-01 0.000000e+00
    outer loop
      vertex   1.147500e+02 -5.750000e+00 0.000000e+00
      vertex   1.147500e+02 -5.750000e+00 4.741351e+00
      vertex   1.145490e+02 -5.000000e+00 0.000000e+00
    endloop
  endfacet
  facet normal -9.659258e-01 -2.588190e-01 0.000000e+00
    outer loop
      vertex   1.145490e+02 -5.000000e+00 0.000000e+00
      vertex   1.147500e+02 -5.750000e+00 4.741351e+00
      vertex   1.145490e+02 -5.000000e+00 4.741351e+00
    endloop
  endfacet
  facet normal -7.071068e-01 -7.071068e-01 0.000000e+00
    outer loop
      vertex   1.145490e+02 -5.000000e+00 0.000000e+00
      vertex   1.145490e+02 -5.000000e+00 4.741351e+00
      vertex   1.140000e+02 -4.450962e+00 0.000000e+00
    endloop
  endfacet
  facet normal -7.071068e-01 -7.071068e-01 0.000000e+00
    outer loop
      vertex   1.140000e+02 -4.450962e+00 0.000000e+00
      vertex   1.145490e+02 -5.000000e+00 4.741351e+00
      vertex   1.140000e+02 -4.450962e+00 4.741351e+00
    endloop
  endfacet
  facet normal -2.588190e-01 -9.659258e-01 0.000000e+00
    outer loop
      vertex   1.140000e+02 -4.450962e+00 0.000000e+00
      vertex   1.140000e+02 -4.450962e+00 4.741351e+00
      vertex   1.132500e+02 -4.250000e+00 0.000000e+00
    endloop
  endfacet
  facet normal -2.588190e-01 -9.659258e-01 0.000000e+00
    outer loop
      vertex   1.132500e+02 -4.250000e+00 0.000000e+00
      vertex   1.140000e+02 -4.450962e+00 4.741351e+00
      vertex   1.132500e+02 -4.250000e+00 4.741351e+00
    endloop
  endfacet
  facet normal 2.588190e-01 -9.659258e-01 0.000000e+00
    outer loop
      vertex   1.132500e+02 -4.250000e+00 0.000000e+00
      vertex   1.132500e+02 -4.250000e+00 4.741351e+00
      vertex   1.125000e+02 -4.450962e+00 0.000000e+00
    endloop
  endfacet
  facet normal 2.588190e-01 -9.659258e-01 -1.809431e-16
    outer loop
      vertex   1.125000e+02 -4.450962e+00 0.000000e+00
      vertex   1.132500e+02 -4.250000e+00 4.741351e+00
      vertex   1.125000e+02 -4.450962e+00 4.741351e+00
    endloop
  endfacet
  facet normal 7.071068e-01 -7.071068e-01 -1.324595e-16
    outer loop
      vertex   1.125000e+02 -4.450962e+00 0.000000e+00
      vertex   1.125000e+02 -4.450962e+00 4.741351e+00
      vertex   1.119510e+02 -5.000000e+00 0.000000e+00
    endloop
  endfacet
  facet normal 7.071068e-01 -7.071068e-01 0.000000e+00
    outer loop
      vertex   1.119510e+02 -5.000000e+00 0.000000e+00
      vertex   1.125000e+02 -4.450962e+00 4.741351e+00
      vertex   1.119510e+02 -5.000000e+00 4.741351e+00
    endloop
  endfacet
  facet normal -6.334606e-01 -1.697352e-01 7.549289e-01
    outer loop
      vertex   1.158481e+02 3.625000e+01 6.000000e+00
      vertex   1.145490e+02 3.550000e+01 4.741351e+00
      vertex   1.162500e+02 3.475000e+01 6.000000e+00
    endloop
  endfacet
  facet normal -6.334606e-01 -1.697352e-01 7.549289e-01
    outer loop
      vertex   1.162500e+02 3.475000e+01 6.000000e+00
      vertex   1.145490e+02 3.550000e+01 4.741351e+00
      vertex   1.147500e+02 3.475000e+01 4.741351e+00
    endloop
  endfacet
  facet normal -6.334606e-01 1.697352e-01 7.549289e-01
    outer loop
      vertex   1.162500e+02 3.475000e+01 6.000000e+00
      vertex   1.147500e+02 3.475000e+01 4.741351e+00
      vertex   1.158481e+02 3.325000e+01 6.000000e+00
    endloop
  endfacet
  facet normal -6.334606e-01 1.697352e-01 7.549289e-01
    outer loop
      vertex   1.158481e+02 3.325000e+01 6.000000e+00
      vertex   1.147500e+02 3.475000e+01 4.741351e+00
      vertex   1.145490e+02 3.400000e+01 4.741351e+00
    endloop
  endfacet
  facet normal -4.637253e-01 4.637253e-01 7.549289e-01
    outer loop
      vertex   1.158481e+02 3.325000e+01 6.000000e+00
      vertex   1.145490e+02 3.400000e+01 4.741351e+00
      vertex   1.147500e+02 3.215192e+01 6.000000e+00
    endloop
  endfacet
  facet normal -4.637253e-01 4.637253e-01 7.549289e-01
    outer loop
      vertex   1.147500e+02 3.215192e+01 6.000000e+00
      vertex   1.145490e+02 3.400000e+01 4.741351e+00
      vertex   1.140000e+02 3.345096e+01 4.741351e+00
    endloop
  endfacet
  facet normal -1.697352e-01 6.334606e-01 7.549289e-01
    outer loop
      vertex   1.147500e+02 3.215192e+01 6.000000e+00
      vertex   1.140000e+02 3.345096e+01 4.741351e+00
      vertex   1.132500e+02 3.175000e+01 6.000000e+00
    endloop
  endfacet
  facet normal -1.697352e-01 6.334606e-01 7.549289e-01
    outer loop
      vertex   1.132500e+02 3.175000e+01 6.000000e+00
      vertex   1.140000e+02 3.345096e+01 4.741351e+00
      vertex   1.132500e+02 3.325000e+01 4.741351e+00
    endloop
  endfacet
  facet normal 1.697352e-01 6.334606e-01 7.549289e-01
    outer loop
      vertex   1.132500e+02 3.175000e+01 6.000000e+00
      vertex   1.132500e+02 3.325000e+01 4.741351e+00
      vertex   1.117500e+02 3.215192e+01 6.000000e+00
    endloop
  endfacet
  facet normal 1.697352e-01 6.334606e-01 7.549289e-01
    outer loop
      vertex   1.117500e+02 3.215192e+01 6.000000e+00
      vertex   1.132500e+02 3.325000e+01 4.741351e+00
      vertex   1.125000e+02 3.345096e+01 4.741351e+00
    endloop
  endfacet
  facet normal 4.637253e-01 4.637253e-01 7.549289e-01
    outer loop
      vertex   1.117500e+02 3.215192e+01 6.000000e+00
      vertex   1.125000e+02 3.345096e+01 4.741351e+00
      vertex   1.106519e+02 3.325000e+01 6.000000e+00
    endloop
  endfacet
  facet normal 4.637253e-01 4.637253e-01 7.549289e-01
    outer loop
      vertex   1.106519e+02 3.325000e+01 6.000000e+00
      vertex   1.125000e+02 3.345096e+01 4.741351e+00
      vertex   1.119510e+02 3.400000e+01 4.741351e+00
    endloop
  endfacet
  facet normal 6.334606e-01 1.697352e-01 7.549289e-01
    outer loop
      vertex   1.106519e+02 3.325000e+01 6.000000e+00
      vertex   1.119510e+02 3.400000e+01 4.741351e+00
      vertex   1.102500e+02 3.475000e+01 6.000000e+00
    endloop
  endfacet
  facet normal 6.334606e-01 1.697352e-01 7.549289e-01
    outer loop
      vertex   1.102500e+02 3.475000e+01 6.000000e+00
      vertex   1.119510e+02 3.400000e+01 4.741351e+00
      vertex   1.117500e+02 3.475000e+01 4.741351e+00
    endloop
  endfacet
  facet normal 6.334606e-01 -1.697352e-01 7.549289e-01
    outer loop
      vertex   1.102500e+02 3.475000e+01 6.000000e+00
      vertex   1.117500e+02 3.475000e+01 4.741351e+00
      vertex   1.106519e+02 3.625000e+01 6.000000e+00
    endloop
  endfacet
  facet normal 6.334606e-01 -1.697352e-01 7.549289e-01
    outer loop
      vertex   1.106519e+02 3.625000e+01 6.000000e+00
      vertex   1.117500e+02 3.475000e+01 4.741351e+00
      vertex   1.119510e+02 3.550000e+01 4.741351e+00
    endloop
  endfacet
  facet normal 4.637253e-01 -4.637253e-01 7.549289e-01
    outer loop
      vertex   1.106519e+02 3.625000e+01 6.000000e+00
      vertex   1.119510e+02 3.550000e+01 4.741351e+00
      vertex   1.117500e+02 3.734808e+01 6.000000e+00
    endloop
  endfacet
  facet normal 4.637253e-01 -4.637253e-01 7.549289e-01
    outer loop
      vertex   1.117500e+02 3.734808e+01 6.000000e+00
      vertex   1.119510e+02 3.550000e+01 4.741351e+00
      vertex   1.125000e+02 3.604904e+01 4.741351e+00
    endloop
  endfacet
  facet normal 1.697352e-01 -6.334606e-01 7.549289e-01
    outer loop
      vertex   1.117500e+02 3.734808e+01 6.000000e+00
      vertex   1.125000e+02 3.604904e+01 4.741351e+00
      vertex   1.132500e+02 3.775000e+01 6.000000e+00
    endloop
  endfacet
  facet normal 1.697352e-01 -6.334606e-01 7.549289e-01
    outer loop
      vertex   1.132500e+02 3.775000e+01 6.000000e+00
      vertex   1.125000e+02 3.604904e+01 4.741351e+00
      vertex   1.132500e+02 3.625000e+01 4.741351e+00
    endloop
  endfacet
  facet normal -1.697352e-01 -6.334606e-01 7.549289e-01
    outer loop
      vertex   1.132500e+02 3.775000e+01 6.000000e+00
      vertex   1.132500e+02 3.625000e+01 4.741351e+00
      vertex   1.147500e+02 3.734808e+01 6.000000e+00
    endloop
  endfacet
  facet normal -1.697352e-01 -6.334606e-01 7.549289e-01
    outer loop
      vertex   1.147500e+02 3.734808e+01 6.000000e+00
      vertex   1.132500e+02 3.625000e+01 4.741351e+00
      vertex   1.140000e+02 3.604904e+01 4.741351e+00
    endloop
  endfacet
  facet normal -4.637253e-01 -4.637253e-01 7.549289e-01
    outer loop
      vertex   1.147500e+02 3.734808e+01 6.000000e+00
      vertex   1.140000e+02 3.604904e+01 4.741351e+00
      vertex   1.158481e+02 3.625000e+01 6.000000e+00
    endloop
  endfacet
  facet normal -4.637253e-01 -4.637253e-01 7.549289e-01
    outer loop
      vertex   1.158481e+02 3.625000e+01 6.000000e+00
      vertex   1.140000e+02 3.604904e+01 4.741351e+00
      vertex   1.145490e+02 3.550000e+01 4.741351e+00
    endloop
  endfacet
  facet normal 9.659258e-01 -2.588190e-01 0.000000e+00
    outer loop
      vertex   1.119510e+02 3.550000e+01 0.000000e+00
      vertex   1.119510e+02 3.550000e+01 4.741351e+00
      vertex   1.117500e+02 3.475000e+01 0.000000e+00
    endloop
  endfacet
  facet normal 9.659258e-01 -2.588190e-01 0.000000e+00
    outer loop
      vertex   1.117500e+02 3.475000e+01 0.000000e+00
      vertex   1.119510e+02 3.550000e+01 4.741351e+00
      vertex   1.117500e+02 3.475000e+01 4.741351e+00
    endloop
  endfacet
  facet normal 9.659258e-01 2.588190e-01 -0.000000e+00
    outer loop
      vertex   1.117500e+02 3.475000e+01 0.000000e+00
      vertex   1.117500e+02 3.475000e+01 4.741351e+00
      vertex   1.119510e+02 3.400000e+01 0.000000e+00
    endloop
  endfacet
  facet normal 9.659258e-01 2.588190e-01 -0.000000e+00
    outer loop
      vertex   1.119510e+02 3.400000e+01 0.000000e+00
      vertex   1.117500e+02 3.475000e+01 4.741351e+00
      vertex   1.119510e+02 3.400000e+01 4.741351e+00
    endloop
  endfacet
  facet normal 7.071068e-01 7.071068e-01 -0.000000e+00
    outer loop
      vertex   1.119510e+02 3.400000e+01 0.000000e+00
      vertex   1.119510e+02 3.400000e+01 4.741351e+00
      vertex   1.125000e+02 3.345096e+01 0.000000e+00
    endloop
  endfacet
  facet normal 7.071068e-01 7.071068e-01 -0.000000e+00
    outer loop
      vertex   1.125000e+02 3.345096e+01 0.000000e+00
      vertex   1.119510e+02 3.400000e+01 4.741351e+00
      vertex   1.125000e+02 3.345096e+01 4.741351e+00
    endloop
  endfacet
  facet normal 2.588190e-01 9.659258e-01 -0.000000e+00
    outer loop
      vertex   1.125000e+02 3.345096e+01 0.000000e+00
      vertex   1.125000e+02 3.345096e+01 4.741351e+00
      vertex   1.132500e+02 3.325000e+01 0.000000e+00
    endloop
  endfacet
  facet normal 2.588190e-01 9.659258e-01 -0.000000e+00
    outer loop
      vertex   1.132500e+02 3.325000e+01 0.000000e+00
      vertex   1.125000e+02 3.345096e+01 4.741351e+00
      vertex   1.132500e+02 3.325000e+01 4.741351e+00
    endloop
  endfacet
  facet normal -2.588190e-01 9.659258e-01 0.000000e+00
    outer loop
      vertex   1.132500e+02 3.325000e+01 0.000000e+00
      vertex   1.132500e+02 3.325000e+01 4.741351e+00
      vertex   1.140000e+02 3.345096e+01 0.000000e+00
    endloop
  endfacet
  facet normal -2.588190e-01 9.659258e-01 0.000000e+00
    outer loop
      vertex   1.140000e+02 3.345096e+01 0.000000e+00
      vertex   1.132500e+02 3.325000e+01 4.741351e+00
      vertex   1.140000e+02 3.345096e+01 4.741351e+00
    endloop
  endfacet
  facet normal -7.071068e-01 7.071068e-01 0.000000e+00
    outer loop
      vertex   1.140000e+02 3.345096e+01 0.000000e+00
      vertex   1.140000e+02 3.345096e+01 4.741351e+00
      vertex   1.145490e+02 3.400000e+01 0.000000e+00
    endloop
  endfacet
  facet normal -7.071068e-01 7.071068e-01 0.000000e+00
    outer loop
      vertex   1.145490e+02 3.400000e+01 0.000000e+00
      vertex   1.140000e+02 3.345096e+01 4.741351e+00
      vertex   1.145490e+02 3.400000e+01 4.741351e+00
    endloop
  endfacet
  facet normal -9.659258e-01 2.588190e-01 0.000000e+00
    outer loop
      vertex   1.145490e+02 3.400000e+01 0.000000e+00
      vertex   1.145490e+02 3.400000e+01 4.741351e+00
      vertex   1.147500e+02 3.475000e+01 0.000000e+00
    endloop
  endfacet
  facet normal -9.659258e-01 2.588190e-01 0.000000e+00
    outer loop
      vertex   1.147500e+02 3.475000e+01 0.000000e+00
      vertex   1.145490e+02 3.400000e+01 4.741351e+00
      vertex   1.147500e+02 3.475000e+01 4.741351e+00
    endloop
  endfacet
  facet normal -9.659258e-01 -2.588190e-01 0.000000e+00
    outer loop
      vertex   1.147500e+02 3.475000e+01 0.000000e+00
      vertex   1.147500e+02 3.475000e+01 4.741351e+00
      vertex   1.145490e+02 3.550000e+01 0.000000e+00
    endloop
  endfacet
  facet normal -9.659258e-01 -2.588190e-01 0.000000e+00
    outer loop
      vertex   1.145490e+02 3.550000e+01 0.000000e+00
      vertex   1.147500e+02 3.475000e+01 4.741351e+00
      vertex   1.145490e+02 3.550000e+01 4.741351e+00
    endloop
  endfacet
  facet normal -7.071068e-01 -7.071068e-01 0.000000e+00
    outer loop
      vertex   1.145490e+02 3.550000e+01 0.000000e+00
      vertex   1.145490e+02 3.550000e+01 4.741351e+00
      vertex   1.140000e+02 3.604904e+01 0.000000e+00
    endloop
  endfacet
  facet normal -7.071068e-01 -7.071068e-01 0.000000e+00
    outer loop
      vertex   1.140000e+02 3.604904e+01 0.000000e+00
      vertex   1.145490e+02 3.550000e+01 4.741351e+00
      vertex   1.140000e+02 3.604904e+01 4.741351e+00
    endloop
  endfacet
  facet normal -2.588190e-01 -9.659258e-01 0.000000e+00
    outer loop
      vertex   1.140000e+02 3.604904e+01 0.000000e+00
      vertex   1.140000e+02 3.604904e+01 4.741351e+00
      vertex   1.132500e+02 3.625000e+01 0.000000e+00
    endloop
  endfacet
  facet normal -2.588190e-01 -9.659258e-01 0.000000e+00
    outer loop
      vertex   1.132500e+02 3.625000e+01 0.000000e+00
      vertex   1.140000e+02 3.604904e+01 4.741351e+00
      vertex   1.132500e+02 3.625000e+01 4.741351e+00
    endloop
  endfacet
  facet normal 2.588190e-01 -9.659258e-01 0.000000e+00
    outer loop
      vertex   1.132500e+02 3.625000e+01 0.000000e+00
      vertex   1.132500e+02 3.625000e+01 4.741351e+00
      vertex   1.125000e+02 3.604904e+01 0.000000e+00
    endloop
  endfacet
  facet normal 2.588190e-01 -9.659258e-01 0.000000e+00
    outer loop
      vertex   1.125000e+02 3.604904e+01 0.000000e+00
      vertex   1.132500e+02 3.625000e+01 4.741351e+00
      vertex   1.125000e+02 3.604904e+01 4.741351e+00
    endloop
  endfacet
  facet normal 7.071068e-01 -7.071068e-01 0.000000e+00
    outer loop
      vertex   1.125000e+02 3.604904e+01 0.000000e+00
      vertex   1.125000e+02 3.604904e+01 4.741351e+00
      vertex   1.119510e+02 3.550000e+01 0.000000e+00
    endloop
  endfacet
  facet normal 7.071068e-01 -7.071068e-01 0.000000e+00
    outer loop
      vertex   1.119510e+02 3.550000e+01 0.000000e+00
      vertex   1.125000e+02 3.604904e+01 4.741351e+00
      vertex   1.119510e+02 3.550000e+01 4.741351e+00
    endloop
  endfacet
  facet normal -6.334606e-01 -1.697352e-01 7.549289e-01
    outer loop
      vertex   6.534808e+01 -1.130000e+02 6.000000e+00
      vertex   6.404904e+01 -1.137500e+02 4.741351e+00
      vertex   6.575000e+01 -1.145000e+02 6.000000e+00
    endloop
  endfacet
  facet normal -6.334606e-01 -1.697352e-01 7.549289e-01
    outer loop
      vertex   6.575000e+01 -1.145000e+02 6.000000e+00
      vertex   6.404904e+01 -1.137500e+02 4.741351e+00
      vertex   6.425000e+01 -1.145000e+02 4.741351e+00
    endloop
  endfacet
  facet normal -6.334606e-01 1.697352e-01 7.549289e-01
    outer loop
      vertex   6.575000e+01 -1.145000e+02 6.000000e+00
      vertex   6.425000e+01 -1.145000e+02 4.741351e+00
      vertex   6.534808e+01 -1.160000e+02 6.000000e+00
    endloop
  endfacet
  facet normal -6.334606e-01 1.697352e-01 7.549289e-01
    outer loop
      vertex   6.534808e+01 -1.160000e+02 6.000000e+00
      vertex   6.425000e+01 -1.145000e+02 4.741351e+00
      vertex   6.404904e+01 -1.152500e+02 4.741351e+00
    endloop
  endfacet
  facet normal -4.637253e-01 4.637253e-01 7.549289e-01
    outer loop
      vertex   6.534808e+01 -1.160000e+02 6.000000e+00
      vertex   6.404904e+01 -1.152500e+02 4.741351e+00
      vertex   6.425000e+01 -1.170981e+02 6.000000e+00
    endloop
  endfacet
  facet normal -4.637253e-01 4.637253e-01 7.549289e-01
    outer loop
      vertex   6.425000e+01 -1.170981e+02 6.000000e+00
      vertex   6.404904e+01 -1.152500e+02 4.741351e+00
      vertex   6.350000e+01 -1.157990e+02 4.741351e+00
    endloop
  endfacet
  facet normal -1.697352e-01 6.334606e-01 7.549289e-01
    outer loop
      vertex   6.425000e+01 -1.170981e+02 6.000000e+00
      vertex   6.350000e+01 -1.157990e+02 4.741351e+00
      vertex   6.275000e+01 -1.175000e+02 6.000000e+00
    endloop
  endfacet
  facet normal -1.697352e-01 6.334606e-01 7.549289e-01
    outer loop
      vertex   6.275000e+01 -1.175000e+02 6.000000e+00
      vertex   6.350000e+01 -1.157990e+02 4.741351e+00
      vertex   6.275000e+01 -1.160000e+02 4.741351e+00
    endloop
  endfacet
  facet normal 1.697352e-01 6.334606e-01 7.549289e-01
    outer loop
      vertex   6.275000e+01 -1.175000e+02 6.000000e+00
      vertex   6.275000e+01 -1.160000e+02 4.741351e+00
      vertex   6.125000e+01 -1.170981e+02 6.000000e+00
    endloop
  endfacet
  facet normal 1.697352e-01 6.334606e-01 7.549289e-01
    outer loop
      vertex   6.125000e+01 -1.170981e+02 6.000000e+00
      vertex   6.275000e+01 -1.160000e+02 4.741351e+00
      vertex   6.200000e+01 -1.157990e+02 4.741351e+00
    endloop
  endfacet
  facet normal 4.637253e-01 4.637253e-01 7.549289e-01
    outer loop
      vertex   6.125000e+01 -1.170981e+02 6.000000e+00
      vertex   6.200000e+01 -1.157990e+02 4.741351e+00
      vertex   6.015192e+01 -1.160000e+02 6.000000e+00
    endloop
  endfacet
  facet normal 4.637253e-01 4.637253e-01 7.549289e-01
    outer loop
      vertex   6.015192e+01 -1.160000e+02 6.000000e+00
      vertex   6.200000e+01 -1.157990e+02 4.741351e+00
      vertex   6.145096e+01 -1.152500e+02 4.741351e+00
    endloop
  endfacet
  facet normal 6.334606e-01 1.697352e-01 7.549289e-01
    outer loop
      vertex   6.015192e+01 -1.160000e+02 6.000000e+00
      vertex   6.145096e+01 -1.152500e+02 4.741351e+00
      vertex   5.975000e+01 -1.145000e+02 6.000000e+00
    endloop
  endfacet
  facet normal 6.334606e-01 1.697352e-01 7.549289e-01
    outer loop
      vertex   5.975000e+01 -1.145000e+02 6.000000e+00
      vertex   6.145096e+01 -1.152500e+02 4.741351e+00
      vertex   6.125000e+01 -1.145000e+02 4.741351e+00
    endloop
  endfacet
  facet normal 6.334606e-01 -1.697352e-01 7.549289e-01
    outer loop
      vertex   5.975000e+01 -1.145000e+02 6.000000e+00
      vertex   6.125000e+01 -1.145000e+02 4.741351e+00
      vertex   6.015192e+01 -1.130000e+02 6.000000e+00
    endloop
  endfacet
  facet normal 6.334606e-01 -1.697352e-01 7.549289e-01
    outer loop
      vertex   6.015192e+01 -1.130000e+02 6.000000e+00
      vertex   6.125000e+01 -1.145000e+02 4.741351e+00
      vertex   6.145096e+01 -1.137500e+02 4.741351e+00
    endloop
  endfacet
  facet normal 4.637253e-01 -4.637253e-01 7.549289e-01
    outer loop
      vertex   6.015192e+01 -1.130000e+02 6.000000e+00
      vertex   6.145096e+01 -1.137500e+02 4.741351e+00
      vertex   6.125000e+01 -1.119019e+02 6.000000e+00
    endloop
  endfacet
  facet normal 4.637253e-01 -4.637253e-01 7.549289e-01
    outer loop
      vertex   6.125000e+01 -1.119019e+02 6.000000e+00
      vertex   6.145096e+01 -1.137500e+02 4.741351e+00
      vertex   6.200000e+01 -1.132010e+02 4.741351e+00
    endloop
  endfacet
  facet normal 1.697352e-01 -6.334606e-01 7.549289e-01
    outer loop
      vertex   6.125000e+01 -1.119019e+02 6.000000e+00
      vertex   6.200000e+01 -1.132010e+02 4.741351e+00
      vertex   6.275000e+01 -1.115000e+02 6.000000e+00
    endloop
  endfacet
  facet normal 1.697352e-01 -6.334606e-01 7.549289e-01
    outer loop
      vertex   6.275000e+01 -1.115000e+02 6.000000e+00
      vertex   6.200000e+01 -1.132010e+02 4.741351e+00
      vertex   6.275000e+01 -1.130000e+02 4.741351e+00
    endloop
  endfacet
  facet normal -1.697352e-01 -6.334606e-01 7.549289e-01
    outer loop
      vertex   6.275000e+01 -1.115000e+02 6.000000e+00
      vertex   6.275000e+01 -1.130000e+02 4.741351e+00
      vertex   6.425000e+01 -1.119019e+02 6.000000e+00
    endloop
  endfacet
  facet normal -1.697352e-01 -6.334606e-01 7.549289e-01
    outer loop
      vertex   6.425000e+01 -1.119019e+02 6.000000e+00
      vertex   6.275000e+01 -1.130000e+02 4.741351e+00
      vertex   6.350000e+01 -1.132010e+02 4.741351e+00
    endloop
  endfacet
  facet normal -4.637253e-01 -4.637253e-01 7.549289e-01
    outer loop
      vertex   6.425000e+01 -1.119019e+02 6.000000e+00
      vertex   6.350000e+01 -1.132010e+02 4.741351e+00
      vertex   6.534808e+01 -1.130000e+02 6.000000e+00
    endloop
  endfacet
  facet normal -4.637253e-01 -4.637253e-01 7.549289e-01
    outer loop
      vertex   6.534808e+01 -1.130000e+02 6.000000e+00
      vertex   6.350000e+01 -1.132010e+02 4.741351e+00
      vertex   6.404904e+01 -1.137500e+02 4.741351e+00
    endloop
  endfacet
  facet normal -6.334606e-01 -1.697352e-01 7.549289e-01
    outer loop
      vertex   1.180981e+02 -1.130000e+02 6.000000e+00
      vertex   1.167990e+02 -1.137500e+02 4.741351e+00
      vertex   1.185000e+02 -1.145000e+02 6.000000e+00
    endloop
  endfacet
  facet normal -6.334606e-01 -1.697352e-01 7.549289e-01
    outer loop
      vertex   1.185000e+02 -1.145000e+02 6.000000e+00
      vertex   1.167990e+02 -1.137500e+02 4.741351e+00
      vertex   1.170000e+02 -1.145000e+02 4.741351e+00
    endloop
  endfacet
  facet normal -6.334606e-01 1.697352e-01 7.549289e-01
    outer loop
      vertex   1.185000e+02 -1.145000e+02 6.000000e+00
      vertex   1.170000e+02 -1.145000e+02 4.741351e+00
      vertex   1.180981e+02 -1.160000e+02 6.000000e+00
    endloop
  endfacet
  facet normal -6.334606e-01 1.697352e-01 7.549289e-01
    outer loop
      vertex   1.180981e+02 -1.160000e+02 6.000000e+00
      vertex   1.170000e+02 -1.145000e+02 4.741351e+00
      vertex   1.167990e+02 -1.152500e+02 4.741351e+00
    endloop
  endfacet
  facet normal -4.637253e-01 4.637253e-01 7.549289e-01
    outer loop
      vertex   1.180981e+02 -1.160000e+02 6.000000e+00
      vertex   1.167990e+02 -1.152500e+02 4.741351e+00
      vertex   1.170000e+02 -1.170981e+02 6.000000e+00
    endloop
  endfacet
  facet normal -4.637253e-01 4.637253e-01 7.549289e-01
    outer loop
      vertex   1.170000e+02 -1.170981e+02 6.000000e+00
      vertex   1.167990e+02 -1.152500e+02 4.741351e+00
      vertex   1.162500e+02 -1.157990e+02 4.741351e+00
    endloop
  endfacet
  facet normal -1.697352e-01 6.334606e-01 7.549289e-01
    outer loop
      vertex   1.170000e+02 -1.170981e+02 6.000000e+00
      vertex   1.162500e+02 -1.157990e+02 4.741351e+00
      vertex   1.155000e+02 -1.175000e+02 6.000000e+00
    endloop
  endfacet
  facet normal -1.697352e-01 6.334606e-01 7.549289e-01
    outer loop
      vertex   1.155000e+02 -1.175000e+02 6.000000e+00
      vertex   1.162500e+02 -1.157990e+02 4.741351e+00
      vertex   1.155000e+02 -1.160000e+02 4.741351e+00
    endloop
  endfacet
  facet normal 1.697352e-01 6.334606e-01 7.549289e-01
    outer loop
      vertex   1.155000e+02 -1.175000e+02 6.000000e+00
      vertex   1.155000e+02 -1.160000e+02 4.741351e+00
      vertex   1.140000e+02 -1.170981e+02 6.000000e+00
    endloop
  endfacet
  facet normal 1.697352e-01 6.334606e-01 7.549289e-01
    outer loop
      vertex   1.140000e+02 -1.170981e+02 6.000000e+00
      vertex   1.155000e+02 -1.160000e+02 4.741351e+00
      vertex   1.147500e+02 -1.157990e+02 4.741351e+00
    endloop
  endfacet
  facet normal 4.637253e-01 4.637253e-01 7.549289e-01
    outer loop
      vertex   1.140000e+02 -1.170981e+02 6.000000e+00
      vertex   1.147500e+02 -1.157990e+02 4.741351e+00
      vertex   1.129019e+02 -1.160000e+02 6.000000e+00
    endloop
  endfacet
  facet normal 4.637253e-01 4.637253e-01 7.549289e-01
    outer loop
      vertex   1.129019e+02 -1.160000e+02 6.000000e+00
      vertex   1.147500e+02 -1.157990e+02 4.741351e+00
      vertex   1.142010e+02 -1.152500e+02 4.741351e+00
    endloop
  endfacet
  facet normal 6.334606e-01 1.697352e-01 7.549289e-01
    outer loop
      vertex   1.129019e+02 -1.160000e+02 6.000000e+00
      vertex   1.142010e+02 -1.152500e+02 4.741351e+00
      vertex   1.125000e+02 -1.145000e+02 6.000000e+00
    endloop
  endfacet
  facet normal 6.334606e-01 1.697352e-01 7.549289e-01
    outer loop
      vertex   1.125000e+02 -1.145000e+02 6.000000e+00
      vertex   1.142010e+02 -1.152500e+02 4.741351e+00
      vertex   1.140000e+02 -1.145000e+02 4.741351e+00
    endloop
  endfacet
  facet normal 6.334606e-01 -1.697352e-01 7.549289e-01
    outer loop
      vertex   1.125000e+02 -1.145000e+02 6.000000e+00
      vertex   1.140000e+02 -1.145000e+02 4.741351e+00
      vertex   1.129019e+02 -1.130000e+02 6.000000e+00
    endloop
  endfacet
  facet normal 6.334606e-01 -1.697352e-01 7.549289e-01
    outer loop
      vertex   1.129019e+02 -1.130000e+02 6.000000e+00
      vertex   1.140000e+02 -1.145000e+02 4.741351e+00
      vertex   1.142010e+02 -1.137500e+02 4.741351e+00
    endloop
  endfacet
  facet normal 4.637253e-01 -4.637253e-01 7.549289e-01
    outer loop
      vertex   1.129019e+02 -1.130000e+02 6.000000e+00
      vertex   1.142010e+02 -1.137500e+02 4.741351e+00
      vertex   1.140000e+02 -1.119019e+02 6.000000e+00
    endloop
  endfacet
  facet normal 4.637253e-01 -4.637253e-01 7.549289e-01
    outer loop
      vertex   1.140000e+02 -1.119019e+02 6.000000e+00
      vertex   1.142010e+02 -1.137500e+02 4.741351e+00
      vertex   1.147500e+02 -1.132010e+02 4.741351e+00
    endloop
  endfacet
  facet normal 1.697352e-01 -6.334606e-01 7.549289e-01
    outer loop
      vertex   1.140000e+02 -1.119019e+02 6.000000e+00
      vertex   1.147500e+02 -1.132010e+02 4.741351e+00
      vertex   1.155000e+02 -1.115000e+02 6.000000e+00
    endloop
  endfacet
  facet normal 1.697352e-01 -6.334606e-01 7.549289e-01
    outer loop
      vertex   1.155000e+02 -1.115000e+02 6.000000e+00
      vertex   1.147500e+02 -1.132010e+02 4.741351e+00
      vertex   1.155000e+02 -1.130000e+02 4.741351e+00
    endloop
  endfacet
  facet normal -1.697352e-01 -6.334606e-01 7.549289e-01
    outer loop
      vertex   1.155000e+02 -1.115000e+02 6.000000e+00
      vertex   1.155000e+02 -1.130000e+02 4.741351e+00
      vertex   1.170000e+02 -1.119019e+02 6.000000e+00
    endloop
  endfacet
  facet normal -1.697352e-01 -6.334606e-01 7.549289e-01
    outer loop
      vertex   1.170000e+02 -1.119019e+02 6.000000e+00
      vertex   1.155000e+02 -1.130000e+02 4.741351e+00
      vertex   1.162500e+02 -1.132010e+02 4.741351e+00
    endloop
  endfacet
  facet normal -4.637253e-01 -4.637253e-01 7.549289e-01
    outer loop
      vertex   1.170000e+02 -1.119019e+02 6.000000e+00
      vertex   1.162500e+02 -1.132010e+02 4.741351e+00
      vertex   1.180981e+02 -1.130000e+02 6.000000e+00
    endloop
  endfacet
  facet normal -4.637253e-01 -4.637253e-01 7.549289e-01
    outer loop
      vertex   1.180981e+02 -1.130000e+02 6.000000e+00
      vertex   1.162500e+02 -1.132010e+02 4.741351e+00
      vertex   1.167990e+02 -1.137500e+02 4.741351e+00
    endloop
  endfacet
  facet normal -6.334606e-01 -1.697352e-01 7.549289e-01
    outer loop
      vertex   -1.184019e+02 -1.130000e+02 6.000000e+00
      vertex   -1.197010e+02 -1.137500e+02 4.741351e+00
      vertex   -1.180000e+02 -1.145000e+02 6.000000e+00
    endloop
  endfacet
  facet normal -6.334606e-01 -1.697352e-01 7.549289e-01
    outer loop
      vertex   -1.180000e+02 -1.145000e+02 6.000000e+00
      vertex   -1.197010e+02 -1.137500e+02 4.741351e+00
      vertex   -1.195000e+02 -1.145000e+02 4.741351e+00
    endloop
  endfacet
  facet normal -6.334606e-01 1.697352e-01 7.549289e-01
    outer loop
      vertex   -1.180000e+02 -1.145000e+02 6.000000e+00
      vertex   -1.195000e+02 -1.145000e+02 4.741351e+00
      vertex   -1.184019e+02 -1.160000e+02 6.000000e+00
    endloop
  endfacet
  facet normal -6.334606e-01 1.697352e-01 7.549289e-01
    outer loop
      vertex   -1.184019e+02 -1.160000e+02 6.000000e+00
      vertex   -1.195000e+02 -1.145000e+02 4.741351e+00
      vertex   -1.197010e+02 -1.152500e+02 4.741351e+00
    endloop
  endfacet
  facet normal -4.637253e-01 4.637253e-01 7.549289e-01
    outer loop
      vertex   -1.184019e+02 -1.160000e+02 6.000000e+00
      vertex   -1.197010e+02 -1.152500e+02 4.741351e+00
      vertex   -1.195000e+02 -1.170981e+02 6.000000e+00
    endloop
  endfacet
  facet normal -4.637253e-01 4.637253e-01 7.549289e-01
    outer loop
      vertex   -1.195000e+02 -1.170981e+02 6.000000e+00
      vertex   -1.197010e+02 -1.152500e+02 4.741351e+00
      vertex   -1.202500e+02 -1.157990e+02 4.741351e+00
    endloop
  endfacet
  facet normal -1.697352e-01 6.334606e-01 7.549289e-01
    outer loop
      vertex   -1.195000e+02 -1.170981e+02 6.000000e+00
      vertex   -1.202500e+02 -1.157990e+02 4.741351e+00
      vertex   -1.210000e+02 -1.175000e+02 6.000000e+00
    endloop
  endfacet
  facet normal -1.697352e-01 6.334606e-01 7.549289e-01
    outer loop
      vertex   -1.210000e+02 -1.175000e+02 6.000000e+00
      vertex   -1.202500e+02 -1.157990e+02 4.741351e+00
      vertex   -1.210000e+02 -1.160000e+02 4.741351e+00
    endloop
  endfacet
  facet normal 1.697352e-01 6.334606e-01 7.549289e-01
    outer loop
      vertex   -1.210000e+02 -1.175000e+02 6.000000e+00
      vertex   -1.210000e+02 -1.160000e+02 4.741351e+00
      vertex   -1.225000e+02 -1.170981e+02 6.000000e+00
    endloop
  endfacet
  facet normal 1.697352e-01 6.334606e-01 7.549289e-01
    outer loop
      vertex   -1.225000e+02 -1.170981e+02 6.000000e+00
      vertex   -1.210000e+02 -1.160000e+02 4.741351e+00
      vertex   -1.217500e+02 -1.157990e+02 4.741351e+00
    endloop
  endfacet
  facet normal 4.637253e-01 4.637253e-01 7.549289e-01
    outer loop
      vertex   -1.225000e+02 -1.170981e+02 6.000000e+00
      vertex   -1.217500e+02 -1.157990e+02 4.741351e+00
      vertex   -1.235981e+02 -1.160000e+02 6.000000e+00
    endloop
  endfacet
  facet normal 4.637253e-01 4.637253e-01 7.549289e-01
    outer loop
      vertex   -1.235981e+02 -1.160000e+02 6.000000e+00
      vertex   -1.217500e+02 -1.157990e+02 4.741351e+00
      vertex   -1.222990e+02 -1.152500e+02 4.741351e+00
    endloop
  endfacet
  facet normal 6.334606e-01 1.697352e-01 7.549289e-01
    outer loop
      vertex   -1.235981e+02 -1.160000e+02 6.000000e+00
      vertex   -1.222990e+02 -1.152500e+02 4.741351e+00
      vertex   -1.240000e+02 -1.145000e+02 6.000000e+00
    endloop
  endfacet
  facet normal 6.334606e-01 1.697352e-01 7.549289e-01
    outer loop
      vertex   -1.240000e+02 -1.145000e+02 6.000000e+00
      vertex   -1.222990e+02 -1.152500e+02 4.741351e+00
      vertex   -1.225000e+02 -1.145000e+02 4.741351e+00
    endloop
  endfacet
  facet normal 6.334606e-01 -1.697352e-01 7.549289e-01
    outer loop
      vertex   -1.240000e+02 -1.145000e+02 6.000000e+00
      vertex   -1.225000e+02 -1.145000e+02 4.741351e+00
      vertex   -1.235981e+02 -1.130000e+02 6.000000e+00
    endloop
  endfacet
  facet normal 6.334606e-01 -1.697352e-01 7.549289e-01
    outer loop
      vertex   -1.235981e+02 -1.130000e+02 6.000000e+00
      vertex   -1.225000e+02 -1.145000e+02 4.741351e+00
      vertex   -1.222990e+02 -1.137500e+02 4.741351e+00
    endloop
  endfacet
  facet normal 4.637253e-01 -4.637253e-01 7.549289e-01
    outer loop
      vertex   -1.235981e+02 -1.130000e+02 6.000000e+00
      vertex   -1.222990e+02 -1.137500e+02 4.741351e+00
      vertex   -1.225000e+02 -1.119019e+02 6.000000e+00
    endloop
  endfacet
  facet normal 4.637253e-01 -4.637253e-01 7.549289e-01
    outer loop
      vertex   -1.225000e+02 -1.119019e+02 6.000000e+00
      vertex   -1.222990e+02 -1.137500e+02 4.741351e+00
      vertex   -1.217500e+02 -1.132010e+02 4.741351e+00
    endloop
  endfacet
  facet normal 1.697352e-01 -6.334606e-01 7.549289e-01
    outer loop
      vertex   -1.225000e+02 -1.119019e+02 6.000000e+00
      vertex   -1.217500e+02 -1.132010e+02 4.741351e+00
      vertex   -1.210000e+02 -1.115000e+02 6.000000e+00
    endloop
  endfacet
  facet normal 1.697352e-01 -6.334606e-01 7.549289e-01
    outer loop
      vertex   -1.210000e+02 -1.115000e+02 6.000000e+00
      vertex   -1.217500e+02 -1.132010e+02 4.741351e+00
      vertex   -1.210000e+02 -1.130000e+02 4.741351e+00
    endloop
  endfacet
  facet normal -1.697352e-01 -6.334606e-01 7.549289e-01
    outer loop
      vertex   -1.210000e+02 -1.115000e+02 6.000000e+00
      vertex   -1.210000e+02 -1.130000e+02 4.741351e+00
      vertex   -1.195000e+02 -1.119019e+02 6.000000e+00
    endloop
  endfacet
  facet normal -1.697352e-01 -6.334606e-01 7.549289e-01
    outer loop
      vertex   -1.195000e+02 -1.119019e+02 6.000000e+00
      vertex   -1.210000e+02 -1.130000e+02 4.741351e+00
      vertex   -1.202500e+02 -1.132010e+02 4.741351e+00
    endloop
  endfacet
  facet normal -4.637253e-01 -4.637253e-01 7.549289e-01
    outer loop
      vertex   -1.195000e+02 -1.119019e+02 6.000000e+00
      vertex   -1.202500e+02 -1.132010e+02 4.741351e+00
      vertex   -1.184019e+02 -1.130000e+02 6.000000e+00
    endloop
  endfacet
  facet normal -4.637253e-01 -4.637253e-01 7.549289e-01
    outer loop
      vertex   -1.184019e+02 -1.130000e+02 6.000000e+00
      vertex   -1.202500e+02 -1.132010e+02 4.741351e+00
      vertex   -1.197010e+02 -1.137500e+02 4.741351e+00
    endloop
  endfacet
  facet normal 1.000000e+00 0.000000e+00 0.000000e+00
    outer loop
      vertex   8.502000e+01 5.100000e+01 7.000000e+00
      vertex   8.502000e+01 -1.094000e+02 7.000000e+00
      vertex   8.502000e+01 5.100000e+01 6.000000e+00
    endloop
  endfacet
  facet normal 1.000000e+00 0.000000e+00 0.000000e+00
    outer loop
      vertex   8.502000e+01 5.100000e+01 6.000000e+00
      vertex   8.502000e+01 -1.094000e+02 7.000000e+00
      vertex   8.502000e+01 -1.094000e+02 6.000000e+00
    endloop
  endfacet
  facet normal 1.563006e-16 -1.000000e+00 2.842171e-14
    outer loop
      vertex   8.502000e+01 -1.094000e+02 7.000000e+00
      vertex   -9.682000e+01 -1.094000e+02 7.000000e+00
      vertex   8.502000e+01 -1.094000e+02 6.000000e+00
    endloop
  endfacet
  facet normal 0.000000e+00 -1.000000e+00 0.000000e+00
    outer loop
      vertex   8.502000e+01 -1.094000e+02 6.000000e+00
      vertex   -9.682000e+01 -1.094000e+02 7.000000e+00
      vertex   -9.682000e+01 -1.094000e+02 6.000000e+00
    endloop
  endfacet
  facet normal -1.000000e+00 -2.094966e-16 -0.000000e+00
    outer loop
      vertex   -9.682000e+01 -1.094000e+02 7.000000e+00
      vertex   -9.682000e+01 9.410000e+01 7.000000e+00
      vertex   -9.682000e+01 -1.094000e+02 6.000000e+00
    endloop
  endfacet
  facet normal -1.000000e+00 -2.094966e-16 0.000000e+00
    outer loop
      vertex   -9.682000e+01 -1.094000e+02 6.000000e+00
      vertex   -9.682000e+01 9.410000e+01 7.000000e+00
      vertex   -9.682000e+01 9.410000e+01 6.000000e+00
    endloop
  endfacet
  facet normal -0.000000e+00 1.000000e+00 0.000000e+00
    outer loop
      vertex   -9.682000e+01 9.410000e+01 7.000000e+00
      vertex   4.750000e+01 9.410000e+01 7.000000e+00
      vertex   -9.682000e+01 9.410000e+01 6.000000e+00
    endloop
  endfacet
  facet normal 0.000000e+00 1.000000e+00 0.000000e+00
    outer loop
      vertex   -9.682000e+01 9.410000e+01 6.000000e+00
      vertex   4.750000e+01 9.410000e+01 7.000000e+00
      vertex   4.750000e+01 9.410000e+01 6.000000e+00
    endloop
  endfacet
  facet normal 1.000000e+00 4.107183e-16 9.727765e-31
    outer loop
      vertex   1.255000e+02 5.100000e+01 6.000000e+00
      vertex   1.255000e+02 -1.220000e+02 6.000000e+00
      vertex   1.255000e+02 5.100000e+01 0.000000e+00
    endloop
  endfacet
  facet normal 1.000000e+00 4.107183e-16 0.000000e+00
    outer loop
      vertex   1.255000e+02 5.100000e+01 0.000000e+00
      vertex   1.255000e+02 -1.220000e+02 6.000000e+00
      vertex   1.255000e+02 -1.220000e+02 0.000000e+00
    endloop
  endfacet
  facet normal 2.830848e-16 -1.000000e+00 0.000000e+00
    outer loop
      vertex   1.255000e+02 -1.220000e+02 6.000000e+00
      vertex   -1.255000e+02 -1.220000e+02 6.000000e+00
      vertex   1.255000e+02 -1.220000e+02 0.000000e+00
    endloop
  endfacet
  facet normal 2.830848e-16 -1.000000e+00 0.000000e+00
    outer loop
      vertex   1.255000e+02 -1.220000e+02 0.000000e+00
      vertex   -1.255000e+02 -1.220000e+02 6.000000e+00
      vertex   -1.255000e+02 -1.220000e+02 0.000000e+00
    endloop
  endfacet
  facet normal -1.000000e+00 -6.134755e-16 -0.000000e+00
    outer loop
      vertex   -1.255000e+02 -1.220000e+02 6.000000e+00
      vertex   -1.255000e+02 1.096450e+02 6.000000e+00
      vertex   -1.255000e+02 -1.220000e+02 0.000000e+00
    endloop
  endfacet
  facet normal -1.000000e+00 -6.134755e-16 0.000000e+00
    outer loop
      vertex   -1.255000e+02 -1.220000e+02 0.000000e+00
      vertex   -1.255000e+02 1.096450e+02 6.000000e+00
      vertex   -1.255000e+02 1.096450e+02 0.000000e+00
    endloop
  endfacet
  facet normal -9.892552e-01 1.461991e-01 0.000000e+00
    outer loop
      vertex   -1.255000e+02 1.096450e+02 0.000000e+00
      vertex   -1.255000e+02 1.096450e+02 6.000000e+00
      vertex   -1.252863e+02 1.110913e+02 0.000000e+00
    endloop
  endfacet
  facet normal -9.892552e-01 1.461991e-01 0.000000e+00
    outer loop
      vertex   -1.252863e+02 1.110913e+02 0.000000e+00
      vertex   -1.255000e+02 1.096450e+02 6.000000e+00
      vertex   -1.252863e+02 1.110913e+02 6.000000e+00
    endloop
  endfacet
  facet normal -9.046771e-01 4.260977e-01 0.000000e+00
    outer loop
      vertex   -1.252863e+02 1.110913e+02 0.000000e+00
      vertex   -1.252863e+02 1.110913e+02 6.000000e+00
      vertex   -1.246633e+02 1.124139e+02 6.000000e+00
    endloop
  endfacet
  facet normal -7.427522e-01 6.695664e-01 0.000000e+00
    outer loop
      vertex   -1.236844e+02 1.134998e+02 6.000000e+00
      vertex   -1.236844e+02 1.134998e+02 0.000000e+00
      vertex   -1.246633e+02 1.124139e+02 6.000000e+00
    endloop
  endfacet
  facet normal -7.427522e-01 6.695664e-01 0.000000e+00
    outer loop
      vertex   -1.246633e+02 1.124139e+02 6.000000e+00
      vertex   -1.236844e+02 1.134998e+02 0.000000e+00
      vertex   -1.246633e+02 1.124139e+02 0.000000e+00
    endloop
  endfacet
  facet normal -9.046771e-01 4.260977e-01 0.000000e+00
    outer loop
      vertex   -1.246633e+02 1.124139e+02 6.000000e+00
      vertex   -1.246633e+02 1.124139e+02 0.000000e+00
      vertex   -1.252863e+02 1.110913e+02 0.000000e+00
    endloop
  endfacet
  facet normal -9.659258e-01 -2.588190e-01 -0.000000e+00
    outer loop
      vertex   6.404904e+01 -1.137500e+02 4.741351e+00
      vertex   6.404904e+01 -1.137500e+02 0.000000e+00
      vertex   6.425000e+01 -1.145000e+02 4.741351e+00
    endloop
  endfacet
  facet normal -9.659258e-01 -2.588190e-01 -0.000000e+00
    outer loop
      vertex   6.425000e+01 -1.145000e+02 4.741351e+00
      vertex   6.404904e+01 -1.137500e+02 0.000000e+00
      vertex   6.425000e+01 -1.145000e+02 0.000000e+00
    endloop
  endfacet
  facet normal -9.659258e-01 2.588190e-01 0.000000e+00
    outer loop
      vertex   6.425000e+01 -1.145000e+02 4.741351e+00
      vertex   6.425000e+01 -1.145000e+02 0.000000e+00
      vertex   6.404904e+01 -1.152500e+02 4.741351e+00
    endloop
  endfacet
  facet normal -9.659258e-01 2.588190e-01 0.000000e+00
    outer loop
      vertex   6.404904e+01 -1.152500e+02 4.741351e+00
      vertex   6.425000e+01 -1.145000e+02 0.000000e+00
      vertex   6.404904e+01 -1.152500e+02 0.000000e+00
    endloop
  endfacet
  facet normal -7.071068e-01 7.071068e-01 0.000000e+00
    outer loop
      vertex   6.404904e+01 -1.152500e+02 4.741351e+00
      vertex   6.404904e+01 -1.152500e+02 0.000000e+00
      vertex   6.350000e+01 -1.157990e+02 4.741351e+00
    endloop
  endfacet
  facet normal -7.071068e-01 7.071068e-01 0.000000e+00
    outer loop
      vertex   6.350000e+01 -1.157990e+02 4.741351e+00
      vertex   6.404904e+01 -1.152500e+02 0.000000e+00
      vertex   6.350000e+01 -1.157990e+02 0.000000e+00
    endloop
  endfacet
  facet normal -2.588190e-01 9.659258e-01 0.000000e+00
    outer loop
      vertex   6.350000e+01 -1.157990e+02 4.741351e+00
      vertex   6.350000e+01 -1.157990e+02 0.000000e+00
      vertex   6.275000e+01 -1.160000e+02 4.741351e+00
    endloop
  endfacet
  facet normal -2.588190e-01 9.659258e-01 0.000000e+00
    outer loop
      vertex   6.275000e+01 -1.160000e+02 4.741351e+00
      vertex   6.350000e+01 -1.157990e+02 0.000000e+00
      vertex   6.275000e+01 -1.160000e+02 0.000000e+00
    endloop
  endfacet
  facet normal 2.588190e-01 9.659258e-01 0.000000e+00
    outer loop
      vertex   6.275000e+01 -1.160000e+02 4.741351e+00
      vertex   6.275000e+01 -1.160000e+02 0.000000e+00
      vertex   6.200000e+01 -1.157990e+02 4.741351e+00
    endloop
  endfacet
  facet normal 2.588190e-01 9.659258e-01 0.000000e+00
    outer loop
      vertex   6.200000e+01 -1.157990e+02 4.741351e+00
      vertex   6.275000e+01 -1.160000e+02 0.000000e+00
      vertex   6.200000e+01 -1.157990e+02 0.000000e+00
    endloop
  endfacet
  facet normal 7.071068e-01 7.071068e-01 0.000000e+00
    outer loop
      vertex   6.200000e+01 -1.157990e+02 4.741351e+00
      vertex   6.200000e+01 -1.157990e+02 0.000000e+00
      vertex   6.145096e+01 -1.152500e+02 4.741351e+00
    endloop
  endfacet
  facet normal 7.071068e-01 7.071068e-01 0.000000e+00
    outer loop
      vertex   6.145096e+01 -1.152500e+02 4.741351e+00
      vertex   6.200000e+01 -1.157990e+02 0.000000e+00
      vertex   6.145096e+01 -1.152500e+02 0.000000e+00
    endloop
  endfacet
  facet normal 9.659258e-01 2.588190e-01 0.000000e+00
    outer loop
      vertex   6.145096e+01 -1.152500e+02 4.741351e+00
      vertex   6.145096e+01 -1.152500e+02 0.000000e+00
      vertex   6.125000e+01 -1.145000e+02 4.741351e+00
    endloop
  endfacet
  facet normal 9.659258e-01 2.588190e-01 0.000000e+00
    outer loop
      vertex   6.125000e+01 -1.145000e+02 4.741351e+00
      vertex   6.145096e+01 -1.152500e+02 0.000000e+00
      vertex   6.125000e+01 -1.145000e+02 0.000000e+00
    endloop
  endfacet
  facet normal 9.659258e-01 -2.588190e-01 0.000000e+00
    outer loop
      vertex   6.125000e+01 -1.145000e+02 4.741351e+00
      vertex   6.125000e+01 -1.145000e+02 0.000000e+00
      vertex   6.145096e+01 -1.137500e+02 4.741351e+00
    endloop
  endfacet
  facet normal 9.659258e-01 -2.588190e-01 0.000000e+00
    outer loop
      vertex   6.145096e+01 -1.137500e+02 4.741351e+00
      vertex   6.125000e+01 -1.145000e+02 0.000000e+00
      vertex   6.145096e+01 -1.137500e+02 0.000000e+00
    endloop
  endfacet
  facet normal 7.071068e-01 -7.071068e-01 0.000000e+00
    outer loop
      vertex   6.145096e+01 -1.137500e+02 4.741351e+00
      vertex   6.145096e+01 -1.137500e+02 0.000000e+00
      vertex   6.200000e+01 -1.132010e+02 4.741351e+00
    endloop
  endfacet
  facet normal 7.071068e-01 -7.071068e-01 0.000000e+00
    outer loop
      vertex   6.200000e+01 -1.132010e+02 4.741351e+00
      vertex   6.145096e+01 -1.137500e+02 0.000000e+00
      vertex   6.200000e+01 -1.132010e+02 0.000000e+00
    endloop
  endfacet
  facet normal 2.588190e-01 -9.659258e-01 0.000000e+00
    outer loop
      vertex   6.200000e+01 -1.132010e+02 4.741351e+00
      vertex   6.200000e+01 -1.132010e+02 0.000000e+00
      vertex   6.275000e+01 -1.130000e+02 4.741351e+00
    endloop
  endfacet
  facet normal 2.588190e-01 -9.659258e-01 0.000000e+00
    outer loop
      vertex   6.275000e+01 -1.130000e+02 4.741351e+00
      vertex   6.200000e+01 -1.132010e+02 0.000000e+00
      vertex   6.275000e+01 -1.130000e+02 0.000000e+00
    endloop
  endfacet
  facet normal -2.588190e-01 -9.659258e-01 -0.000000e+00
    outer loop
      vertex   6.275000e+01 -1.130000e+02 4.741351e+00
      vertex   6.275000e+01 -1.130000e+02 0.000000e+00
      vertex   6.350000e+01 -1.132010e+02 4.741351e+00
    endloop
  endfacet
  facet normal -2.588190e-01 -9.659258e-01 -0.000000e+00
    outer loop
      vertex   6.350000e+01 -1.132010e+02 4.741351e+00
      vertex   6.275000e+01 -1.130000e+02 0.000000e+00
      vertex   6.350000e+01 -1.132010e+02 0.000000e+00
    endloop
  endfacet
  facet normal -7.071068e-01 -7.071068e-01 -0.000000e+00
    outer loop
      vertex   6.350000e+01 -1.132010e+02 4.741351e+00
      vertex   6.350000e+01 -1.132010e+02 0.000000e+00
      vertex   6.404904e+01 -1.137500e+02 4.741351e+00
    endloop
  endfacet
  facet normal -7.071068e-01 -7.071068e-01 -0.000000e+00
    outer loop
      vertex   6.404904e+01 -1.137500e+02 4.741351e+00
      vertex   6.350000e+01 -1.132010e+02 0.000000e+00
      vertex   6.404904e+01 -1.137500e+02 0.000000e+00
    endloop
  endfacet
  facet normal -9.659258e-01 -2.588190e-01 -0.000000e+00
    outer loop
      vertex   1.167990e+02 -1.137500e+02 4.741351e+00
      vertex   1.167990e+02 -1.137500e+02 0.000000e+00
      vertex   1.170000e+02 -1.145000e+02 4.741351e+00
    endloop
  endfacet
  facet normal -9.659258e-01 -2.588190e-01 -0.000000e+00
    outer loop
      vertex   1.170000e+02 -1.145000e+02 4.741351e+00
      vertex   1.167990e+02 -1.137500e+02 0.000000e+00
      vertex   1.170000e+02 -1.145000e+02 0.000000e+00
    endloop
  endfacet
  facet normal -9.659258e-01 2.588190e-01 0.000000e+00
    outer loop
      vertex   1.170000e+02 -1.145000e+02 4.741351e+00
      vertex   1.170000e+02 -1.145000e+02 0.000000e+00
      vertex   1.167990e+02 -1.152500e+02 4.741351e+00
    endloop
  endfacet
  facet normal -9.659258e-01 2.588190e-01 0.000000e+00
    outer loop
      vertex   1.167990e+02 -1.152500e+02 4.741351e+00
      vertex   1.170000e+02 -1.145000e+02 0.000000e+00
      vertex   1.167990e+02 -1.152500e+02 0.000000e+00
    endloop
  endfacet
  facet normal -7.071068e-01 7.071068e-01 0.000000e+00
    outer loop
      vertex   1.167990e+02 -1.152500e+02 4.741351e+00
      vertex   1.167990e+02 -1.152500e+02 0.000000e+00
      vertex   1.162500e+02 -1.157990e+02 4.741351e+00
    endloop
  endfacet
  facet normal -7.071068e-01 7.071068e-01 0.000000e+00
    outer loop
      vertex   1.162500e+02 -1.157990e+02 4.741351e+00
      vertex   1.167990e+02 -1.152500e+02 0.000000e+00
      vertex   1.162500e+02 -1.157990e+02 0.000000e+00
    endloop
  endfacet
  facet normal -2.588190e-01 9.659258e-01 0.000000e+00
    outer loop
      vertex   1.162500e+02 -1.157990e+02 4.741351e+00
      vertex   1.162500e+02 -1.157990e+02 0.000000e+00
      vertex   1.155000e+02 -1.160000e+02 4.741351e+00
    endloop
  endfacet
  facet normal -2.588190e-01 9.659258e-01 0.000000e+00
    outer loop
      vertex   1.155000e+02 -1.160000e+02 4.741351e+00
      vertex   1.162500e+02 -1.157990e+02 0.000000e+00
      vertex   1.155000e+02 -1.160000e+02 0.000000e+00
    endloop
  endfacet
  facet normal 2.588190e-01 9.659258e-01 0.000000e+00
    outer loop
      vertex   1.155000e+02 -1.160000e+02 4.741351e+00
      vertex   1.155000e+02 -1.160000e+02 0.000000e+00
      vertex   1.147500e+02 -1.157990e+02 4.741351e+00
    endloop
  endfacet
  facet normal 2.588190e-01 9.659258e-01 0.000000e+00
    outer loop
      vertex   1.147500e+02 -1.157990e+02 4.741351e+00
      vertex   1.155000e+02 -1.160000e+02 0.000000e+00
      vertex   1.147500e+02 -1.157990e+02 0.000000e+00
    endloop
  endfacet
  facet normal 7.071068e-01 7.071068e-01 0.000000e+00
    outer loop
      vertex   1.147500e+02 -1.157990e+02 4.741351e+00
      vertex   1.147500e+02 -1.157990e+02 0.000000e+00
      vertex   1.142010e+02 -1.152500e+02 4.741351e+00
    endloop
  endfacet
  facet normal 7.071068e-01 7.071068e-01 0.000000e+00
    outer loop
      vertex   1.142010e+02 -1.152500e+02 4.741351e+00
      vertex   1.147500e+02 -1.157990e+02 0.000000e+00
      vertex   1.142010e+02 -1.152500e+02 0.000000e+00
    endloop
  endfacet
  facet normal 9.659258e-01 2.588190e-01 0.000000e+00
    outer loop
      vertex   1.142010e+02 -1.152500e+02 4.741351e+00
      vertex   1.142010e+02 -1.152500e+02 0.000000e+00
      vertex   1.140000e+02 -1.145000e+02 4.741351e+00
    endloop
  endfacet
  facet normal 9.659258e-01 2.588190e-01 0.000000e+00
    outer loop
      vertex   1.140000e+02 -1.145000e+02 4.741351e+00
      vertex   1.142010e+02 -1.152500e+02 0.000000e+00
      vertex   1.140000e+02 -1.145000e+02 0.000000e+00
    endloop
  endfacet
  facet normal 9.659258e-01 -2.588190e-01 0.000000e+00
    outer loop
      vertex   1.140000e+02 -1.145000e+02 4.741351e+00
      vertex   1.140000e+02 -1.145000e+02 0.000000e+00
      vertex   1.142010e+02 -1.137500e+02 4.741351e+00
    endloop
  endfacet
  facet normal 9.659258e-01 -2.588190e-01 0.000000e+00
    outer loop
      vertex   1.142010e+02 -1.137500e+02 4.741351e+00
      vertex   1.140000e+02 -1.145000e+02 0.000000e+00
      vertex   1.142010e+02 -1.137500e+02 0.000000e+00
    endloop
  endfacet
  facet normal 7.071068e-01 -7.071068e-01 0.000000e+00
    outer loop
      vertex   1.142010e+02 -1.137500e+02 4.741351e+00
      vertex   1.142010e+02 -1.137500e+02 0.000000e+00
      vertex   1.147500e+02 -1.132010e+02 4.741351e+00
    endloop
  endfacet
  facet normal 7.071068e-01 -7.071068e-01 0.000000e+00
    outer loop
      vertex   1.147500e+02 -1.132010e+02 4.741351e+00
      vertex   1.142010e+02 -1.137500e+02 0.000000e+00
      vertex   1.147500e+02 -1.132010e+02 0.000000e+00
    endloop
  endfacet
  facet normal 2.588190e-01 -9.659258e-01 0.000000e+00
    outer loop
      vertex   1.147500e+02 -1.132010e+02 4.741351e+00
      vertex   1.147500e+02 -1.132010e+02 0.000000e+00
      vertex   1.155000e+02 -1.130000e+02 4.741351e+00
    endloop
  endfacet
  facet normal 2.588190e-01 -9.659258e-01 0.000000e+00
    outer loop
      vertex   1.155000e+02 -1.130000e+02 4.741351e+00
      vertex   1.147500e+02 -1.132010e+02 0.000000e+00
      vertex   1.155000e+02 -1.130000e+02 0.000000e+00
    endloop
  endfacet
  facet normal -2.588190e-01 -9.659258e-01 -0.000000e+00
    outer loop
      vertex   1.155000e+02 -1.130000e+02 4.741351e+00
      vertex   1.155000e+02 -1.130000e+02 0.000000e+00
      vertex   1.162500e+02 -1.132010e+02 4.741351e+00
    endloop
  endfacet
  facet normal -2.588190e-01 -9.659258e-01 -0.000000e+00
    outer loop
      vertex   1.162500e+02 -1.132010e+02 4.741351e+00
      vertex   1.155000e+02 -1.130000e+02 0.000000e+00
      vertex   1.162500e+02 -1.132010e+02 0.000000e+00
    endloop
  endfacet
  facet normal -7.071068e-01 -7.071068e-01 -0.000000e+00
    outer loop
      vertex   1.162500e+02 -1.132010e+02 4.741351e+00
      vertex   1.162500e+02 -1.132010e+02 0.000000e+00
      vertex   1.167990e+02 -1.137500e+02 4.741351e+00
    endloop
  endfacet
  facet normal -7.071068e-01 -7.071068e-01 -0.000000e+00
    outer loop
      vertex   1.167990e+02 -1.137500e+02 4.741351e+00
      vertex   1.162500e+02 -1.132010e+02 0.000000e+00
      vertex   1.167990e+02 -1.137500e+02 0.000000e+00
    endloop
  endfacet
  facet normal -9.659258e-01 -2.588190e-01 -0.000000e+00
    outer loop
      vertex   -1.197010e+02 -1.137500e+02 4.741351e+00
      vertex   -1.197010e+02 -1.137500e+02 0.000000e+00
      vertex   -1.195000e+02 -1.145000e+02 4.741351e+00
    endloop
  endfacet
  facet normal -9.659258e-01 -2.588190e-01 -0.000000e+00
    outer loop
      vertex   -1.195000e+02 -1.145000e+02 4.741351e+00
      vertex   -1.197010e+02 -1.137500e+02 0.000000e+00
      vertex   -1.195000e+02 -1.145000e+02 0.000000e+00
    endloop
  endfacet
  facet normal -9.659258e-01 2.588190e-01 0.000000e+00
    outer loop
      vertex   -1.195000e+02 -1.145000e+02 4.741351e+00
      vertex   -1.195000e+02 -1.145000e+02 0.000000e+00
      vertex   -1.197010e+02 -1.152500e+02 4.741351e+00
    endloop
  endfacet
  facet normal -9.659258e-01 2.588190e-01 0.000000e+00
    outer loop
      vertex   -1.197010e+02 -1.152500e+02 4.741351e+00
      vertex   -1.195000e+02 -1.145000e+02 0.000000e+00
      vertex   -1.197010e+02 -1.152500e+02 0.000000e+00
    endloop
  endfacet
  facet normal -7.071068e-01 7.071068e-01 0.000000e+00
    outer loop
      vertex   -1.197010e+02 -1.152500e+02 4.741351e+00
      vertex   -1.197010e+02 -1.152500e+02 0.000000e+00
      vertex   -1.202500e+02 -1.157990e+02 4.741351e+00
    endloop
  endfacet
  facet normal -7.071068e-01 7.071068e-01 0.000000e+00
    outer loop
      vertex   -1.202500e+02 -1.157990e+02 4.741351e+00
      vertex   -1.197010e+02 -1.152500e+02 0.000000e+00
      vertex   -1.202500e+02 -1.157990e+02 0.000000e+00
    endloop
  endfacet
  facet normal -2.588190e-01 9.659258e-01 0.000000e+00
    outer loop
      vertex   -1.202500e+02 -1.157990e+02 4.741351e+00
      vertex   -1.202500e+02 -1.157990e+02 0.000000e+00
      vertex   -1.210000e+02 -1.160000e+02 4.741351e+00
    endloop
  endfacet
  facet normal -2.588190e-01 9.659258e-01 0.000000e+00
    outer loop
      vertex   -1.210000e+02 -1.160000e+02 4.741351e+00
      vertex   -1.202500e+02 -1.157990e+02 0.000000e+00
      vertex   -1.210000e+02 -1.160000e+02 0.000000e+00
    endloop
  endfacet
  facet normal 2.588190e-01 9.659258e-01 0.000000e+00
    outer loop
      vertex   -1.210000e+02 -1.160000e+02 4.741351e+00
      vertex   -1.210000e+02 -1.160000e+02 0.000000e+00
      vertex   -1.217500e+02 -1.157990e+02 4.741351e+00
    endloop
  endfacet
  facet normal 2.588190e-01 9.659258e-01 0.000000e+00
    outer loop
      vertex   -1.217500e+02 -1.157990e+02 4.741351e+00
      vertex   -1.210000e+02 -1.160000e+02 0.000000e+00
      vertex   -1.217500e+02 -1.157990e+02 0.000000e+00
    endloop
  endfacet
  facet normal 7.071068e-01 7.071068e-01 0.000000e+00
    outer loop
      vertex   -1.217500e+02 -1.157990e+02 4.741351e+00
      vertex   -1.217500e+02 -1.157990e+02 0.000000e+00
      vertex   -1.222990e+02 -1.152500e+02 4.741351e+00
    endloop
  endfacet
  facet normal 7.071068e-01 7.071068e-01 0.000000e+00
    outer loop
      vertex   -1.222990e+02 -1.152500e+02 4.741351e+00
      vertex   -1.217500e+02 -1.157990e+02 0.000000e+00
      vertex   -1.222990e+02 -1.152500e+02 0.000000e+00
    endloop
  endfacet
  facet normal 9.659258e-01 2.588190e-01 0.000000e+00
    outer loop
      vertex   -1.222990e+02 -1.152500e+02 4.741351e+00
      vertex   -1.222990e+02 -1.152500e+02 0.000000e+00
      vertex   -1.225000e+02 -1.145000e+02 4.741351e+00
    endloop
  endfacet
  facet normal 9.659258e-01 2.588190e-01 0.000000e+00
    outer loop
      vertex   -1.225000e+02 -1.145000e+02 4.741351e+00
      vertex   -1.222990e+02 -1.152500e+02 0.000000e+00
      vertex   -1.225000e+02 -1.145000e+02 0.000000e+00
    endloop
  endfacet
  facet normal 9.659258e-01 -2.588190e-01 0.000000e+00
    outer loop
      vertex   -1.225000e+02 -1.145000e+02 4.741351e+00
      vertex   -1.225000e+02 -1.145000e+02 0.000000e+00
      vertex   -1.222990e+02 -1.137500e+02 4.741351e+00
    endloop
  endfacet
  facet normal 9.659258e-01 -2.588190e-01 0.000000e+00
    outer loop
      vertex   -1.222990e+02 -1.137500e+02 4.741351e+00
      vertex   -1.225000e+02 -1.145000e+02 0.000000e+00
      vertex   -1.222990e+02 -1.137500e+02 0.000000e+00
    endloop
  endfacet
  facet normal 7.071068e-01 -7.071068e-01 0.000000e+00
    outer loop
      vertex   -1.222990e+02 -1.137500e+02 4.741351e+00
      vertex   -1.222990e+02 -1.137500e+02 0.000000e+00
      vertex   -1.217500e+02 -1.132010e+02 4.741351e+00
    endloop
  endfacet
  facet normal 7.071068e-01 -7.071068e-01 0.000000e+00
    outer loop
      vertex   -1.217500e+02 -1.132010e+02 4.741351e+00
      vertex   -1.222990e+02 -1.137500e+02 0.000000e+00
      vertex   -1.217500e+02 -1.132010e+02 0.000000e+00
    endloop
  endfacet
  facet normal 2.588190e-01 -9.659258e-01 0.000000e+00
    outer loop
      vertex   -1.217500e+02 -1.132010e+02 4.741351e+00
      vertex   -1.217500e+02 -1.132010e+02 0.000000e+00
      vertex   -1.210000e+02 -1.130000e+02 4.741351e+00
    endloop
  endfacet
  facet normal 2.588190e-01 -9.659258e-01 0.000000e+00
    outer loop
      vertex   -1.210000e+02 -1.130000e+02 4.741351e+00
      vertex   -1.217500e+02 -1.132010e+02 0.000000e+00
      vertex   -1.210000e+02 -1.130000e+02 0.000000e+00
    endloop
  endfacet
  facet normal -2.588190e-01 -9.659258e-01 -0.000000e+00
    outer loop
      vertex   -1.210000e+02 -1.130000e+02 4.741351e+00
      vertex   -1.210000e+02 -1.130000e+02 0.000000e+00
      vertex   -1.202500e+02 -1.132010e+02 4.741351e+00
    endloop
  endfacet
  facet normal -2.588190e-01 -9.659258e-01 -0.000000e+00
    outer loop
      vertex   -1.202500e+02 -1.132010e+02 4.741351e+00
      vertex   -1.210000e+02 -1.130000e+02 0.000000e+00
      vertex   -1.202500e+02 -1.132010e+02 0.000000e+00
    endloop
  endfacet
  facet normal -7.071068e-01 -7.071068e-01 -0.000000e+00
    outer loop
      vertex   -1.202500e+02 -1.132010e+02 4.741351e+00
      vertex   -1.202500e+02 -1.132010e+02 0.000000e+00
      vertex   -1.197010e+02 -1.137500e+02 4.741351e+00
    endloop
  endfacet
  facet normal -7.071068e-01 -7.071068e-01 -0.000000e+00
    outer loop
      vertex   -1.197010e+02 -1.137500e+02 4.741351e+00
      vertex   -1.202500e+02 -1.132010e+02 0.000000e+00
      vertex   -1.197010e+02 -1.137500e+02 0.000000e+00
    endloop
  endfacet
  facet normal 7.071068e-01 7.071068e-01 0.000000e+00
    outer loop
      vertex   5.603553e+01 5.246447e+01 7.000000e+00
      vertex   5.603553e+01 5.246447e+01 0.000000e+00
      vertex   4.896447e+01 5.953553e+01 7.000000e+00
    endloop
  endfacet
  facet normal 7.071068e-01 7.071068e-01 0.000000e+00
    outer loop
      vertex   4.896447e+01 5.953553e+01 7.000000e+00
      vertex   5.603553e+01 5.246447e+01 0.000000e+00
      vertex   4.896447e+01 5.953553e+01 0.000000e+00
    endloop
  endfacet
  facet normal 0.000000e+00 0.000000e+00 1.000000e+00
    outer loop
      vertex   8.502000e+01 5.100000e+01 7.000000e+00
      vertex   5.957107e+01 5.100000e+01 7.000000e+00
      vertex   8.502000e+01 -1.094000e+02 7.000000e+00
    endloop
  endfacet
  facet normal 0.000000e+00 0.000000e+00 1.000000e+00
    outer loop
      vertex   8.502000e+01 -1.094000e+02 7.000000e+00
      vertex   5.957107e+01 5.100000e+01 7.000000e+00
      vertex   5.827697e+01 5.117037e+01 7.000000e+00
    endloop
  endfacet
  facet normal 0.000000e+00 0.000000e+00 1.000000e+00
    outer loop
      vertex   8.502000e+01 -1.094000e+02 7.000000e+00
      vertex   5.827697e+01 5.117037e+01 7.000000e+00
      vertex   5.707107e+01 5.166987e+01 7.000000e+00
    endloop
  endfacet
  facet normal 0.000000e+00 0.000000e+00 1.000000e+00
    outer loop
      vertex   5.707107e+01 5.166987e+01 7.000000e+00
      vertex   5.603553e+01 5.246447e+01 7.000000e+00
      vertex   8.502000e+01 -1.094000e+02 7.000000e+00
    endloop
  endfacet
  facet normal 0.000000e+00 0.000000e+00 1.000000e+00
    outer loop
      vertex   8.502000e+01 -1.094000e+02 7.000000e+00
      vertex   5.603553e+01 5.246447e+01 7.000000e+00
      vertex   -9.682000e+01 -1.094000e+02 7.000000e+00
    endloop
  endfacet
  facet normal 0.000000e+00 0.000000e+00 1.000000e+00
    outer loop
      vertex   -9.682000e+01 -1.094000e+02 7.000000e+00
      vertex   5.603553e+01 5.246447e+01 7.000000e+00
      vertex   4.896447e+01 5.953553e+01 7.000000e+00
    endloop
  endfacet
  facet normal 0.000000e+00 0.000000e+00 1.000000e+00
    outer loop
      vertex   -9.682000e+01 -1.094000e+02 7.000000e+00
      vertex   4.896447e+01 5.953553e+01 7.000000e+00
      vertex   4.816987e+01 6.057107e+01 7.000000e+00
    endloop
  endfacet
  facet normal 0.000000e+00 -0.000000e+00 1.000000e+00
    outer loop
      vertex   -9.682000e+01 -1.094000e+02 7.000000e+00
      vertex   4.816987e+01 6.057107e+01 7.000000e+00
      vertex   -9.682000e+01 9.410000e+01 7.000000e+00
    endloop
  endfacet
  facet normal 0.000000e+00 0.000000e+00 1.000000e+00
    outer loop
      vertex   -9.682000e+01 9.410000e+01 7.000000e+00
      vertex   4.816987e+01 6.057107e+01 7.000000e+00
      vertex   4.767037e+01 6.177697e+01 7.000000e+00
    endloop
  endfacet
  facet normal 0.000000e+00 0.000000e+00 1.000000e+00
    outer loop
      vertex   -9.682000e+01 9.410000e+01 7.000000e+00
      vertex   4.767037e+01 6.177697e+01 7.000000e+00
      vertex   4.750000e+01 6.307107e+01 7.000000e+00
    endloop
  endfacet
  facet normal 0.000000e+00 0.000000e+00 1.000000e+00
    outer loop
      vertex   4.750000e+01 6.307107e+01 7.000000e+00
      vertex   4.750000e+01 9.410000e+01 7.000000e+00
      vertex   -9.682000e+01 9.410000e+01 7.000000e+00
    endloop
  endfacet
endsolid
