solid ASCII
  facet normal -1.148206e-01 9.933862e-01 0.000000e+00
    outer loop
      vertex   -1.188598e+02 1.140000e+02 6.000000e+00
      vertex   -1.188598e+02 1.140000e+02 0.000000e+00
      vertex   -1.200004e+02 1.138682e+02 6.000000e+00
    endloop
  endfacet
  facet normal -1.148206e-01 9.933862e-01 0.000000e+00
    outer loop
      vertex   -1.200004e+02 1.138682e+02 6.000000e+00
      vertex   -1.188598e+02 1.140000e+02 0.000000e+00
      vertex   -1.200004e+02 1.138682e+02 0.000000e+00
    endloop
  endfacet
  facet normal -3.384067e-01 9.409999e-01 0.000000e+00
    outer loop
      vertex   -1.200004e+02 1.138682e+02 6.000000e+00
      vertex   -1.200004e+02 1.138682e+02 0.000000e+00
      vertex   -1.210808e+02 1.134796e+02 0.000000e+00
    endloop
  endfacet
  facet normal -5.441470e-01 8.389899e-01 0.000000e+00
    outer loop
      vertex   -1.220442e+02 1.128548e+02 0.000000e+00
      vertex   -1.220442e+02 1.128548e+02 6.000000e+00
      vertex   -1.210808e+02 1.134796e+02 0.000000e+00
    endloop
  endfacet
  facet normal -5.441470e-01 8.389899e-01 0.000000e+00
    outer loop
      vertex   -1.210808e+02 1.134796e+02 0.000000e+00
      vertex   -1.220442e+02 1.128548e+02 6.000000e+00
      vertex   -1.210808e+02 1.134796e+02 6.000000e+00
    endloop
  endfacet
  facet normal -3.384067e-01 9.409999e-01 0.000000e+00
    outer loop
      vertex   -1.210808e+02 1.134796e+02 0.000000e+00
      vertex   -1.210808e+02 1.134796e+02 6.000000e+00
      vertex   -1.200004e+02 1.138682e+02 6.000000e+00
    endloop
  endfacet
  facet normal 0.000000e+00 -0.000000e+00 -1.000000e+00
    outer loop
      vertex   -1.210808e+02 1.134796e+02 0.000000e+00
      vertex   -1.188598e+02 1.140000e+02 0.000000e+00
      vertex   -1.220442e+02 1.128548e+02 0.000000e+00
    endloop
  endfacet
  facet normal 0.000000e+00 -0.000000e+00 -1.000000e+00
    outer loop
      vertex   -1.220442e+02 1.128548e+02 0.000000e+00
      vertex   -1.188598e+02 1.140000e+02 0.000000e+00
      vertex   -1.255000e+02 1.076450e+02 0.000000e+00
    endloop
  endfacet
  facet normal 0.000000e+00 0.000000e+00 -1.000000e+00
    outer loop
      vertex   -1.220442e+02 1.128548e+02 0.000000e+00
      vertex   -1.255000e+02 1.076450e+02 0.000000e+00
      vertex   -1.236844e+02 1.114998e+02 0.000000e+00
    endloop
  endfacet
  facet normal 0.000000e+00 0.000000e+00 -1.000000e+00
    outer loop
      vertex   -1.236844e+02 1.114998e+02 0.000000e+00
      vertex   -1.255000e+02 1.076450e+02 0.000000e+00
      vertex   -1.252863e+02 1.090913e+02 0.000000e+00
    endloop
  endfacet
  facet normal 0.000000e+00 0.000000e+00 -1.000000e+00
    outer loop
      vertex   -1.236844e+02 1.114998e+02 0.000000e+00
      vertex   -1.252863e+02 1.090913e+02 0.000000e+00
      vertex   -1.246633e+02 1.104139e+02 0.000000e+00
    endloop
  endfacet
  facet normal 0.000000e+00 0.000000e+00 -1.000000e+00
    outer loop
      vertex   -1.210808e+02 1.134796e+02 0.000000e+00
      vertex   -1.200004e+02 1.138682e+02 0.000000e+00
      vertex   -1.188598e+02 1.140000e+02 0.000000e+00
    endloop
  endfacet
  facet normal 0.000000e+00 0.000000e+00 -1.000000e+00
    outer loop
      vertex   -1.255000e+02 1.076450e+02 0.000000e+00
      vertex   -1.188598e+02 1.140000e+02 0.000000e+00
      vertex   -1.132500e+02 8.550000e+01 0.000000e+00
    endloop
  endfacet
  facet normal 0.000000e+00 0.000000e+00 -1.000000e+00
    outer loop
      vertex   -1.132500e+02 8.550000e+01 0.000000e+00
      vertex   -1.188598e+02 1.140000e+02 0.000000e+00
      vertex   -1.087500e+02 1.140000e+02 0.000000e+00
    endloop
  endfacet
  facet normal 0.000000e+00 0.000000e+00 -1.000000e+00
    outer loop
      vertex   -1.132500e+02 8.550000e+01 0.000000e+00
      vertex   -1.087500e+02 1.140000e+02 0.000000e+00
      vertex   -1.125000e+02 8.529904e+01 0.000000e+00
    endloop
  endfacet
  facet normal 0.000000e+00 0.000000e+00 -1.000000e+00
    outer loop
      vertex   -1.125000e+02 8.529904e+01 0.000000e+00
      vertex   -1.087500e+02 1.140000e+02 0.000000e+00
      vertex   -1.119510e+02 8.475000e+01 0.000000e+00
    endloop
  endfacet
  facet normal 0.000000e+00 0.000000e+00 -1.000000e+00
    outer loop
      vertex   -1.119510e+02 8.475000e+01 0.000000e+00
      vertex   -1.087500e+02 1.140000e+02 0.000000e+00
      vertex   -1.117500e+02 8.400000e+01 0.000000e+00
    endloop
  endfacet
  facet normal 0.000000e+00 0.000000e+00 -1.000000e+00
    outer loop
      vertex   -1.117500e+02 8.400000e+01 0.000000e+00
      vertex   -1.087500e+02 1.140000e+02 0.000000e+00
      vertex   -1.117500e+02 4.200000e+01 0.000000e+00
    endloop
  endfacet
  facet normal 0.000000e+00 -0.000000e+00 -1.000000e+00
    outer loop
      vertex   -1.117500e+02 8.400000e+01 0.000000e+00
      vertex   -1.117500e+02 4.200000e+01 0.000000e+00
      vertex   -1.119510e+02 8.325000e+01 0.000000e+00
    endloop
  endfacet
  facet normal 0.000000e+00 0.000000e+00 -1.000000e+00
    outer loop
      vertex   -1.119510e+02 8.325000e+01 0.000000e+00
      vertex   -1.117500e+02 4.200000e+01 0.000000e+00
      vertex   -1.119510e+02 4.275000e+01 0.000000e+00
    endloop
  endfacet
  facet normal 0.000000e+00 -0.000000e+00 -1.000000e+00
    outer loop
      vertex   -1.119510e+02 8.325000e+01 0.000000e+00
      vertex   -1.119510e+02 4.275000e+01 0.000000e+00
      vertex   -1.125000e+02 8.270096e+01 0.000000e+00
    endloop
  endfacet
  facet normal 0.000000e+00 0.000000e+00 -1.000000e+00
    outer loop
      vertex   -1.125000e+02 8.270096e+01 0.000000e+00
      vertex   -1.119510e+02 4.275000e+01 0.000000e+00
      vertex   -1.125000e+02 4.329904e+01 0.000000e+00
    endloop
  endfacet
  facet normal 0.000000e+00 -0.000000e+00 -1.000000e+00
    outer loop
      vertex   -1.125000e+02 8.270096e+01 0.000000e+00
      vertex   -1.125000e+02 4.329904e+01 0.000000e+00
      vertex   -1.132500e+02 8.250000e+01 0.000000e+00
    endloop
  endfacet
  facet normal 0.000000e+00 0.000000e+00 -1.000000e+00
    outer loop
      vertex   -1.132500e+02 8.250000e+01 0.000000e+00
      vertex   -1.125000e+02 4.329904e+01 0.000000e+00
      vertex   -1.132500e+02 4.350000e+01 0.000000e+00
    endloop
  endfacet
  facet normal 0.000000e+00 -0.000000e+00 -1.000000e+00
    outer loop
      vertex   -1.132500e+02 8.250000e+01 0.000000e+00
      vertex   -1.132500e+02 4.350000e+01 0.000000e+00
      vertex   -1.140000e+02 4.329904e+01 0.000000e+00
    endloop
  endfacet
  facet normal 0.000000e+00 0.000000e+00 -1.000000e+00
    outer loop
      vertex   -1.117500e+02 4.200000e+01 0.000000e+00
      vertex   -1.087500e+02 1.140000e+02 0.000000e+00
      vertex   -1.117500e+02 -1.776357e-14 0.000000e+00
    endloop
  endfacet
  facet normal 0.000000e+00 0.000000e+00 -1.000000e+00
    outer loop
      vertex   -1.117500e+02 -1.776357e-14 0.000000e+00
      vertex   -1.087500e+02 1.140000e+02 0.000000e+00
      vertex   -1.087500e+02 -1.100000e+02 0.000000e+00
    endloop
  endfacet
  facet normal 0.000000e+00 0.000000e+00 -1.000000e+00
    outer loop
      vertex   -1.117500e+02 -1.776357e-14 0.000000e+00
      vertex   -1.087500e+02 -1.100000e+02 0.000000e+00
      vertex   -1.117500e+02 -4.200000e+01 0.000000e+00
    endloop
  endfacet
  facet normal 0.000000e+00 0.000000e+00 -1.000000e+00
    outer loop
      vertex   -1.117500e+02 -4.200000e+01 0.000000e+00
      vertex   -1.087500e+02 -1.100000e+02 0.000000e+00
      vertex   -1.117500e+02 -8.400000e+01 0.000000e+00
    endloop
  endfacet
  facet normal 0.000000e+00 -0.000000e+00 -1.000000e+00
    outer loop
      vertex   -1.117500e+02 -4.200000e+01 0.000000e+00
      vertex   -1.117500e+02 -8.400000e+01 0.000000e+00
      vertex   -1.119510e+02 -4.275000e+01 0.000000e+00
    endloop
  endfacet
  facet normal 0.000000e+00 0.000000e+00 -1.000000e+00
    outer loop
      vertex   -1.119510e+02 -4.275000e+01 0.000000e+00
      vertex   -1.117500e+02 -8.400000e+01 0.000000e+00
      vertex   -1.119510e+02 -8.325000e+01 0.000000e+00
    endloop
  endfacet
  facet normal 0.000000e+00 -0.000000e+00 -1.000000e+00
    outer loop
      vertex   -1.119510e+02 -4.275000e+01 0.000000e+00
      vertex   -1.119510e+02 -8.325000e+01 0.000000e+00
      vertex   -1.125000e+02 -4.329904e+01 0.000000e+00
    endloop
  endfacet
  facet normal 0.000000e+00 0.000000e+00 -1.000000e+00
    outer loop
      vertex   -1.125000e+02 -4.329904e+01 0.000000e+00
      vertex   -1.119510e+02 -8.325000e+01 0.000000e+00
      vertex   -1.125000e+02 -8.270096e+01 0.000000e+00
    endloop
  endfacet
  facet normal 0.000000e+00 -0.000000e+00 -1.000000e+00
    outer loop
      vertex   -1.125000e+02 -4.329904e+01 0.000000e+00
      vertex   -1.125000e+02 -8.270096e+01 0.000000e+00
      vertex   -1.132500e+02 -4.350000e+01 0.000000e+00
    endloop
  endfacet
  facet normal 0.000000e+00 0.000000e+00 -1.000000e+00
    outer loop
      vertex   -1.132500e+02 -4.350000e+01 0.000000e+00
      vertex   -1.125000e+02 -8.270096e+01 0.000000e+00
      vertex   -1.132500e+02 -8.250000e+01 0.000000e+00
    endloop
  endfacet
  facet normal 0.000000e+00 -0.000000e+00 -1.000000e+00
    outer loop
      vertex   -1.132500e+02 -4.350000e+01 0.000000e+00
      vertex   -1.132500e+02 -8.250000e+01 0.000000e+00
      vertex   -1.140000e+02 -8.270096e+01 0.000000e+00
    endloop
  endfacet
  facet normal 0.000000e+00 0.000000e+00 -1.000000e+00
    outer loop
      vertex   -8.750000e+00 -1.100000e+02 0.000000e+00
      vertex   -1.255000e+02 -1.200000e+02 0.000000e+00
      vertex   -1.087500e+02 -1.100000e+02 0.000000e+00
    endloop
  endfacet
  facet normal 0.000000e+00 0.000000e+00 -1.000000e+00
    outer loop
      vertex   -1.087500e+02 -1.100000e+02 0.000000e+00
      vertex   -1.255000e+02 -1.200000e+02 0.000000e+00
      vertex   -1.202500e+02 -1.137990e+02 0.000000e+00
    endloop
  endfacet
  facet normal 0.000000e+00 0.000000e+00 -1.000000e+00
    outer loop
      vertex   -1.087500e+02 -1.100000e+02 0.000000e+00
      vertex   -1.202500e+02 -1.137990e+02 0.000000e+00
      vertex   -1.197010e+02 -1.132500e+02 0.000000e+00
    endloop
  endfacet
  facet normal 0.000000e+00 -0.000000e+00 -1.000000e+00
    outer loop
      vertex   -8.750000e+00 1.140000e+02 0.000000e+00
      vertex   4.816987e+01 5.857107e+01 0.000000e+00
      vertex   -8.750000e+00 -1.100000e+02 0.000000e+00
    endloop
  endfacet
  facet normal 0.000000e+00 0.000000e+00 -1.000000e+00
    outer loop
      vertex   -8.750000e+00 -1.100000e+02 0.000000e+00
      vertex   4.816987e+01 5.857107e+01 0.000000e+00
      vertex   4.896447e+01 5.753553e+01 0.000000e+00
    endloop
  endfacet
  facet normal 0.000000e+00 0.000000e+00 -1.000000e+00
    outer loop
      vertex   -8.750000e+00 -1.100000e+02 0.000000e+00
      vertex   4.896447e+01 5.753553e+01 0.000000e+00
      vertex   5.603553e+01 5.046447e+01 0.000000e+00
    endloop
  endfacet
  facet normal -0.000000e+00 -0.000000e+00 -1.000000e+00
    outer loop
      vertex   4.750000e+01 1.140000e+02 0.000000e+00
      vertex   4.750000e+01 6.107107e+01 0.000000e+00
      vertex   -8.750000e+00 1.140000e+02 0.000000e+00
    endloop
  endfacet
  facet normal 0.000000e+00 0.000000e+00 -1.000000e+00
    outer loop
      vertex   -8.750000e+00 1.140000e+02 0.000000e+00
      vertex   4.750000e+01 6.107107e+01 0.000000e+00
      vertex   4.767037e+01 5.977697e+01 0.000000e+00
    endloop
  endfacet
  facet normal 0.000000e+00 0.000000e+00 -1.000000e+00
    outer loop
      vertex   -8.750000e+00 1.140000e+02 0.000000e+00
      vertex   4.767037e+01 5.977697e+01 0.000000e+00
      vertex   4.816987e+01 5.857107e+01 0.000000e+00
    endloop
  endfacet
  facet normal 0.000000e+00 -0.000000e+00 -1.000000e+00
    outer loop
      vertex   5.603553e+01 5.046447e+01 0.000000e+00
      vertex   5.707107e+01 4.966987e+01 0.000000e+00
      vertex   -8.750000e+00 -1.100000e+02 0.000000e+00
    endloop
  endfacet
  facet normal 0.000000e+00 0.000000e+00 -1.000000e+00
    outer loop
      vertex   -8.750000e+00 -1.100000e+02 0.000000e+00
      vertex   5.707107e+01 4.966987e+01 0.000000e+00
      vertex   5.827697e+01 4.917037e+01 0.000000e+00
    endloop
  endfacet
  facet normal 0.000000e+00 0.000000e+00 -1.000000e+00
    outer loop
      vertex   -8.750000e+00 -1.100000e+02 0.000000e+00
      vertex   5.827697e+01 4.917037e+01 0.000000e+00
      vertex   6.200000e+01 -1.112010e+02 0.000000e+00
    endloop
  endfacet
  facet normal 0.000000e+00 0.000000e+00 -1.000000e+00
    outer loop
      vertex   6.200000e+01 -1.112010e+02 0.000000e+00
      vertex   5.827697e+01 4.917037e+01 0.000000e+00
      vertex   1.117500e+02 -4.425000e+01 0.000000e+00
    endloop
  endfacet
  facet normal 0.000000e+00 0.000000e+00 -1.000000e+00
    outer loop
      vertex   6.200000e+01 -1.112010e+02 0.000000e+00
      vertex   1.117500e+02 -4.425000e+01 0.000000e+00
      vertex   6.275000e+01 -1.110000e+02 0.000000e+00
    endloop
  endfacet
  facet normal 0.000000e+00 0.000000e+00 -1.000000e+00
    outer loop
      vertex   6.275000e+01 -1.110000e+02 0.000000e+00
      vertex   1.117500e+02 -4.425000e+01 0.000000e+00
      vertex   1.119510e+02 -4.500000e+01 0.000000e+00
    endloop
  endfacet
  facet normal 0.000000e+00 0.000000e+00 -1.000000e+00
    outer loop
      vertex   6.275000e+01 -1.110000e+02 0.000000e+00
      vertex   1.119510e+02 -4.500000e+01 0.000000e+00
      vertex   1.119510e+02 -8.400000e+01 0.000000e+00
    endloop
  endfacet
  facet normal 0.000000e+00 0.000000e+00 -1.000000e+00
    outer loop
      vertex   1.119510e+02 -8.400000e+01 0.000000e+00
      vertex   1.119510e+02 -4.500000e+01 0.000000e+00
      vertex   1.125000e+02 -8.345096e+01 0.000000e+00
    endloop
  endfacet
  facet normal 0.000000e+00 0.000000e+00 -1.000000e+00
    outer loop
      vertex   1.125000e+02 -8.345096e+01 0.000000e+00
      vertex   1.119510e+02 -4.500000e+01 0.000000e+00
      vertex   1.125000e+02 -4.554904e+01 0.000000e+00
    endloop
  endfacet
  facet normal 0.000000e+00 0.000000e+00 -1.000000e+00
    outer loop
      vertex   1.125000e+02 -8.345096e+01 0.000000e+00
      vertex   1.125000e+02 -4.554904e+01 0.000000e+00
      vertex   1.132500e+02 -8.325000e+01 0.000000e+00
    endloop
  endfacet
  facet normal 0.000000e+00 0.000000e+00 -1.000000e+00
    outer loop
      vertex   1.132500e+02 -8.325000e+01 0.000000e+00
      vertex   1.125000e+02 -4.554904e+01 0.000000e+00
      vertex   1.132500e+02 -4.575000e+01 0.000000e+00
    endloop
  endfacet
  facet normal 0.000000e+00 0.000000e+00 -1.000000e+00
    outer loop
      vertex   1.132500e+02 -8.325000e+01 0.000000e+00
      vertex   1.132500e+02 -4.575000e+01 0.000000e+00
      vertex   1.140000e+02 -8.345096e+01 0.000000e+00
    endloop
  endfacet
  facet normal 0.000000e+00 0.000000e+00 -1.000000e+00
    outer loop
      vertex   1.140000e+02 -8.345096e+01 0.000000e+00
      vertex   1.132500e+02 -4.575000e+01 0.000000e+00
      vertex   1.140000e+02 -4.554904e+01 0.000000e+00
    endloop
  endfacet
  facet normal 0.000000e+00 0.000000e+00 -1.000000e+00
    outer loop
      vertex   1.140000e+02 -8.345096e+01 0.000000e+00
      vertex   1.140000e+02 -4.554904e+01 0.000000e+00
      vertex   1.145490e+02 -8.400000e+01 0.000000e+00
    endloop
  endfacet
  facet normal 0.000000e+00 0.000000e+00 -1.000000e+00
    outer loop
      vertex   1.145490e+02 -8.400000e+01 0.000000e+00
      vertex   1.140000e+02 -4.554904e+01 0.000000e+00
      vertex   1.145490e+02 -4.500000e+01 0.000000e+00
    endloop
  endfacet
  facet normal 0.000000e+00 0.000000e+00 -1.000000e+00
    outer loop
      vertex   1.145490e+02 -8.400000e+01 0.000000e+00
      vertex   1.145490e+02 -4.500000e+01 0.000000e+00
      vertex   1.147500e+02 -4.425000e+01 0.000000e+00
    endloop
  endfacet
  facet normal -0.000000e+00 -0.000000e+00 -1.000000e+00
    outer loop
      vertex   5.957107e+01 4.900000e+01 0.000000e+00
      vertex   1.117500e+02 -3.750000e+00 0.000000e+00
      vertex   5.827697e+01 4.917037e+01 0.000000e+00
    endloop
  endfacet
  facet normal 0.000000e+00 0.000000e+00 -1.000000e+00
    outer loop
      vertex   5.827697e+01 4.917037e+01 0.000000e+00
      vertex   1.117500e+02 -3.750000e+00 0.000000e+00
      vertex   1.119510e+02 -4.500000e+00 0.000000e+00
    endloop
  endfacet
  facet normal 0.000000e+00 0.000000e+00 -1.000000e+00
    outer loop
      vertex   5.827697e+01 4.917037e+01 0.000000e+00
      vertex   1.119510e+02 -4.500000e+00 0.000000e+00
      vertex   1.119510e+02 -4.350000e+01 0.000000e+00
    endloop
  endfacet
  facet normal 0.000000e+00 0.000000e+00 -1.000000e+00
    outer loop
      vertex   1.119510e+02 -4.350000e+01 0.000000e+00
      vertex   1.119510e+02 -4.500000e+00 0.000000e+00
      vertex   1.125000e+02 -4.295096e+01 0.000000e+00
    endloop
  endfacet
  facet normal 0.000000e+00 0.000000e+00 -1.000000e+00
    outer loop
      vertex   1.125000e+02 -4.295096e+01 0.000000e+00
      vertex   1.119510e+02 -4.500000e+00 0.000000e+00
      vertex   1.125000e+02 -5.049038e+00 0.000000e+00
    endloop
  endfacet
  facet normal 0.000000e+00 0.000000e+00 -1.000000e+00
    outer loop
      vertex   1.125000e+02 -4.295096e+01 0.000000e+00
      vertex   1.125000e+02 -5.049038e+00 0.000000e+00
      vertex   1.132500e+02 -5.250000e+00 0.000000e+00
    endloop
  endfacet
  facet normal 0.000000e+00 0.000000e+00 -1.000000e+00
    outer loop
      vertex   1.255000e+02 4.900000e+01 0.000000e+00
      vertex   1.125000e+02 3.804904e+01 0.000000e+00
      vertex   5.957107e+01 4.900000e+01 0.000000e+00
    endloop
  endfacet
  facet normal 0.000000e+00 0.000000e+00 -1.000000e+00
    outer loop
      vertex   5.957107e+01 4.900000e+01 0.000000e+00
      vertex   1.125000e+02 3.804904e+01 0.000000e+00
      vertex   1.119510e+02 3.750000e+01 0.000000e+00
    endloop
  endfacet
  facet normal 0.000000e+00 0.000000e+00 -1.000000e+00
    outer loop
      vertex   5.957107e+01 4.900000e+01 0.000000e+00
      vertex   1.119510e+02 3.750000e+01 0.000000e+00
      vertex   1.117500e+02 3.675000e+01 0.000000e+00
    endloop
  endfacet
  facet normal 0.000000e+00 0.000000e+00 -1.000000e+00
    outer loop
      vertex   1.255000e+02 -1.200000e+02 0.000000e+00
      vertex   1.147500e+02 -4.425000e+01 0.000000e+00
      vertex   1.255000e+02 4.900000e+01 0.000000e+00
    endloop
  endfacet
  facet normal 0.000000e+00 0.000000e+00 -1.000000e+00
    outer loop
      vertex   1.255000e+02 4.900000e+01 0.000000e+00
      vertex   1.147500e+02 -4.425000e+01 0.000000e+00
      vertex   1.147500e+02 -3.750000e+00 0.000000e+00
    endloop
  endfacet
  facet normal 0.000000e+00 0.000000e+00 -1.000000e+00
    outer loop
      vertex   1.255000e+02 4.900000e+01 0.000000e+00
      vertex   1.147500e+02 -3.750000e+00 0.000000e+00
      vertex   1.145490e+02 -3.000000e+00 0.000000e+00
    endloop
  endfacet
  facet normal 0.000000e+00 0.000000e+00 -1.000000e+00
    outer loop
      vertex   -1.255000e+02 -1.200000e+02 0.000000e+00
      vertex   6.275000e+01 -1.140000e+02 0.000000e+00
      vertex   1.255000e+02 -1.200000e+02 0.000000e+00
    endloop
  endfacet
  facet normal 0.000000e+00 0.000000e+00 -1.000000e+00
    outer loop
      vertex   1.255000e+02 -1.200000e+02 0.000000e+00
      vertex   6.275000e+01 -1.140000e+02 0.000000e+00
      vertex   6.350000e+01 -1.137990e+02 0.000000e+00
    endloop
  endfacet
  facet normal 0.000000e+00 0.000000e+00 -1.000000e+00
    outer loop
      vertex   1.255000e+02 -1.200000e+02 0.000000e+00
      vertex   6.350000e+01 -1.137990e+02 0.000000e+00
      vertex   1.147500e+02 -1.137990e+02 0.000000e+00
    endloop
  endfacet
  facet normal 0.000000e+00 0.000000e+00 -1.000000e+00
    outer loop
      vertex   1.147500e+02 -1.137990e+02 0.000000e+00
      vertex   6.350000e+01 -1.137990e+02 0.000000e+00
      vertex   1.142010e+02 -1.132500e+02 0.000000e+00
    endloop
  endfacet
  facet normal -0.000000e+00 0.000000e+00 -1.000000e+00
    outer loop
      vertex   1.142010e+02 -1.132500e+02 0.000000e+00
      vertex   6.350000e+01 -1.137990e+02 0.000000e+00
      vertex   6.404904e+01 -1.132500e+02 0.000000e+00
    endloop
  endfacet
  facet normal 0.000000e+00 0.000000e+00 -1.000000e+00
    outer loop
      vertex   1.142010e+02 -1.132500e+02 0.000000e+00
      vertex   6.404904e+01 -1.132500e+02 0.000000e+00
      vertex   1.140000e+02 -1.125000e+02 0.000000e+00
    endloop
  endfacet
  facet normal -0.000000e+00 0.000000e+00 -1.000000e+00
    outer loop
      vertex   1.140000e+02 -1.125000e+02 0.000000e+00
      vertex   6.404904e+01 -1.132500e+02 0.000000e+00
      vertex   6.425000e+01 -1.125000e+02 0.000000e+00
    endloop
  endfacet
  facet normal 0.000000e+00 0.000000e+00 -1.000000e+00
    outer loop
      vertex   1.140000e+02 -1.125000e+02 0.000000e+00
      vertex   6.425000e+01 -1.125000e+02 0.000000e+00
      vertex   1.142010e+02 -1.117500e+02 0.000000e+00
    endloop
  endfacet
  facet normal -0.000000e+00 0.000000e+00 -1.000000e+00
    outer loop
      vertex   1.142010e+02 -1.117500e+02 0.000000e+00
      vertex   6.425000e+01 -1.125000e+02 0.000000e+00
      vertex   6.404904e+01 -1.117500e+02 0.000000e+00
    endloop
  endfacet
  facet normal 0.000000e+00 0.000000e+00 -1.000000e+00
    outer loop
      vertex   1.142010e+02 -1.117500e+02 0.000000e+00
      vertex   6.404904e+01 -1.117500e+02 0.000000e+00
      vertex   1.119510e+02 -8.550000e+01 0.000000e+00
    endloop
  endfacet
  facet normal 0.000000e+00 0.000000e+00 -1.000000e+00
    outer loop
      vertex   1.119510e+02 -8.550000e+01 0.000000e+00
      vertex   6.404904e+01 -1.117500e+02 0.000000e+00
      vertex   6.350000e+01 -1.112010e+02 0.000000e+00
    endloop
  endfacet
  facet normal -0.000000e+00 0.000000e+00 -1.000000e+00
    outer loop
      vertex   1.119510e+02 -8.550000e+01 0.000000e+00
      vertex   6.350000e+01 -1.112010e+02 0.000000e+00
      vertex   1.117500e+02 -8.475000e+01 0.000000e+00
    endloop
  endfacet
  facet normal 0.000000e+00 0.000000e+00 -1.000000e+00
    outer loop
      vertex   1.117500e+02 -8.475000e+01 0.000000e+00
      vertex   6.350000e+01 -1.112010e+02 0.000000e+00
      vertex   6.275000e+01 -1.110000e+02 0.000000e+00
    endloop
  endfacet
  facet normal -0.000000e+00 0.000000e+00 -1.000000e+00
    outer loop
      vertex   1.117500e+02 -8.475000e+01 0.000000e+00
      vertex   6.275000e+01 -1.110000e+02 0.000000e+00
      vertex   1.119510e+02 -8.400000e+01 0.000000e+00
    endloop
  endfacet
  facet normal 0.000000e+00 0.000000e+00 -1.000000e+00
    outer loop
      vertex   -1.255000e+02 1.076450e+02 0.000000e+00
      vertex   -1.147500e+02 -1.794727e-14 0.000000e+00
      vertex   -1.255000e+02 -1.200000e+02 0.000000e+00
    endloop
  endfacet
  facet normal 0.000000e+00 0.000000e+00 -1.000000e+00
    outer loop
      vertex   -1.255000e+02 -1.200000e+02 0.000000e+00
      vertex   -1.147500e+02 -1.794727e-14 0.000000e+00
      vertex   -1.147500e+02 -4.200000e+01 0.000000e+00
    endloop
  endfacet
  facet normal 0.000000e+00 0.000000e+00 -1.000000e+00
    outer loop
      vertex   -1.255000e+02 -1.200000e+02 0.000000e+00
      vertex   -1.147500e+02 -4.200000e+01 0.000000e+00
      vertex   -1.222990e+02 -1.117500e+02 0.000000e+00
    endloop
  endfacet
  facet normal 0.000000e+00 0.000000e+00 -1.000000e+00
    outer loop
      vertex   -1.222990e+02 -1.117500e+02 0.000000e+00
      vertex   -1.147500e+02 -4.200000e+01 0.000000e+00
      vertex   -1.147500e+02 -8.400000e+01 0.000000e+00
    endloop
  endfacet
  facet normal 0.000000e+00 0.000000e+00 -1.000000e+00
    outer loop
      vertex   -1.222990e+02 -1.117500e+02 0.000000e+00
      vertex   -1.147500e+02 -8.400000e+01 0.000000e+00
      vertex   -1.145490e+02 -8.475000e+01 0.000000e+00
    endloop
  endfacet
  facet normal 0.000000e+00 0.000000e+00 -1.000000e+00
    outer loop
      vertex   -1.222990e+02 -1.117500e+02 0.000000e+00
      vertex   -1.225000e+02 -1.125000e+02 0.000000e+00
      vertex   -1.255000e+02 -1.200000e+02 0.000000e+00
    endloop
  endfacet
  facet normal 0.000000e+00 0.000000e+00 -1.000000e+00
    outer loop
      vertex   -1.255000e+02 -1.200000e+02 0.000000e+00
      vertex   -1.225000e+02 -1.125000e+02 0.000000e+00
      vertex   -1.222990e+02 -1.132500e+02 0.000000e+00
    endloop
  endfacet
  facet normal 0.000000e+00 0.000000e+00 -1.000000e+00
    outer loop
      vertex   -1.255000e+02 -1.200000e+02 0.000000e+00
      vertex   -1.222990e+02 -1.132500e+02 0.000000e+00
      vertex   -1.217500e+02 -1.137990e+02 0.000000e+00
    endloop
  endfacet
  facet normal 0.000000e+00 -0.000000e+00 -1.000000e+00
    outer loop
      vertex   -1.217500e+02 -1.137990e+02 0.000000e+00
      vertex   -1.210000e+02 -1.140000e+02 0.000000e+00
      vertex   -1.255000e+02 -1.200000e+02 0.000000e+00
    endloop
  endfacet
  facet normal 0.000000e+00 0.000000e+00 -1.000000e+00
    outer loop
      vertex   -1.255000e+02 -1.200000e+02 0.000000e+00
      vertex   -1.210000e+02 -1.140000e+02 0.000000e+00
      vertex   -1.202500e+02 -1.137990e+02 0.000000e+00
    endloop
  endfacet
  facet normal 0.000000e+00 0.000000e+00 -1.000000e+00
    outer loop
      vertex   -1.197010e+02 -1.132500e+02 0.000000e+00
      vertex   -1.195000e+02 -1.125000e+02 0.000000e+00
      vertex   -1.087500e+02 -1.100000e+02 0.000000e+00
    endloop
  endfacet
  facet normal 0.000000e+00 0.000000e+00 -1.000000e+00
    outer loop
      vertex   -1.087500e+02 -1.100000e+02 0.000000e+00
      vertex   -1.195000e+02 -1.125000e+02 0.000000e+00
      vertex   -1.197010e+02 -1.117500e+02 0.000000e+00
    endloop
  endfacet
  facet normal 0.000000e+00 0.000000e+00 -1.000000e+00
    outer loop
      vertex   -1.087500e+02 -1.100000e+02 0.000000e+00
      vertex   -1.197010e+02 -1.117500e+02 0.000000e+00
      vertex   -1.202500e+02 -1.112010e+02 0.000000e+00
    endloop
  endfacet
  facet normal -0.000000e+00 0.000000e+00 -1.000000e+00
    outer loop
      vertex   -1.087500e+02 -1.100000e+02 0.000000e+00
      vertex   -1.202500e+02 -1.112010e+02 0.000000e+00
      vertex   -1.132500e+02 -8.550000e+01 0.000000e+00
    endloop
  endfacet
  facet normal 0.000000e+00 0.000000e+00 -1.000000e+00
    outer loop
      vertex   -1.132500e+02 -8.550000e+01 0.000000e+00
      vertex   -1.202500e+02 -1.112010e+02 0.000000e+00
      vertex   -1.210000e+02 -1.110000e+02 0.000000e+00
    endloop
  endfacet
  facet normal -0.000000e+00 0.000000e+00 -1.000000e+00
    outer loop
      vertex   -1.132500e+02 -8.550000e+01 0.000000e+00
      vertex   -1.210000e+02 -1.110000e+02 0.000000e+00
      vertex   -1.140000e+02 -8.529904e+01 0.000000e+00
    endloop
  endfacet
  facet normal 0.000000e+00 0.000000e+00 -1.000000e+00
    outer loop
      vertex   -1.140000e+02 -8.529904e+01 0.000000e+00
      vertex   -1.210000e+02 -1.110000e+02 0.000000e+00
      vertex   -1.217500e+02 -1.112010e+02 0.000000e+00
    endloop
  endfacet
  facet normal -0.000000e+00 0.000000e+00 -1.000000e+00
    outer loop
      vertex   -1.140000e+02 -8.529904e+01 0.000000e+00
      vertex   -1.217500e+02 -1.112010e+02 0.000000e+00
      vertex   -1.145490e+02 -8.475000e+01 0.000000e+00
    endloop
  endfacet
  facet normal 0.000000e+00 0.000000e+00 -1.000000e+00
    outer loop
      vertex   -1.145490e+02 -8.475000e+01 0.000000e+00
      vertex   -1.217500e+02 -1.112010e+02 0.000000e+00
      vertex   -1.222990e+02 -1.117500e+02 0.000000e+00
    endloop
  endfacet
  facet normal 0.000000e+00 0.000000e+00 -1.000000e+00
    outer loop
      vertex   1.147500e+02 -1.137990e+02 0.000000e+00
      vertex   1.155000e+02 -1.140000e+02 0.000000e+00
      vertex   1.255000e+02 -1.200000e+02 0.000000e+00
    endloop
  endfacet
  facet normal 0.000000e+00 0.000000e+00 -1.000000e+00
    outer loop
      vertex   1.255000e+02 -1.200000e+02 0.000000e+00
      vertex   1.155000e+02 -1.140000e+02 0.000000e+00
      vertex   1.162500e+02 -1.137990e+02 0.000000e+00
    endloop
  endfacet
  facet normal 0.000000e+00 0.000000e+00 -1.000000e+00
    outer loop
      vertex   1.255000e+02 -1.200000e+02 0.000000e+00
      vertex   1.162500e+02 -1.137990e+02 0.000000e+00
      vertex   1.167990e+02 -1.132500e+02 0.000000e+00
    endloop
  endfacet
  facet normal 0.000000e+00 0.000000e+00 -1.000000e+00
    outer loop
      vertex   1.167990e+02 -1.132500e+02 0.000000e+00
      vertex   1.170000e+02 -1.125000e+02 0.000000e+00
      vertex   1.255000e+02 -1.200000e+02 0.000000e+00
    endloop
  endfacet
  facet normal 0.000000e+00 0.000000e+00 -1.000000e+00
    outer loop
      vertex   1.255000e+02 -1.200000e+02 0.000000e+00
      vertex   1.170000e+02 -1.125000e+02 0.000000e+00
      vertex   1.167990e+02 -1.117500e+02 0.000000e+00
    endloop
  endfacet
  facet normal 0.000000e+00 0.000000e+00 -1.000000e+00
    outer loop
      vertex   1.255000e+02 -1.200000e+02 0.000000e+00
      vertex   1.167990e+02 -1.117500e+02 0.000000e+00
      vertex   1.145490e+02 -8.550000e+01 0.000000e+00
    endloop
  endfacet
  facet normal 0.000000e+00 0.000000e+00 -1.000000e+00
    outer loop
      vertex   1.145490e+02 -8.550000e+01 0.000000e+00
      vertex   1.167990e+02 -1.117500e+02 0.000000e+00
      vertex   1.162500e+02 -1.112010e+02 0.000000e+00
    endloop
  endfacet
  facet normal 0.000000e+00 -0.000000e+00 -1.000000e+00
    outer loop
      vertex   1.145490e+02 -8.550000e+01 0.000000e+00
      vertex   1.162500e+02 -1.112010e+02 0.000000e+00
      vertex   1.140000e+02 -8.604904e+01 0.000000e+00
    endloop
  endfacet
  facet normal 0.000000e+00 0.000000e+00 -1.000000e+00
    outer loop
      vertex   1.140000e+02 -8.604904e+01 0.000000e+00
      vertex   1.162500e+02 -1.112010e+02 0.000000e+00
      vertex   1.155000e+02 -1.110000e+02 0.000000e+00
    endloop
  endfacet
  facet normal 0.000000e+00 -0.000000e+00 -1.000000e+00
    outer loop
      vertex   1.140000e+02 -8.604904e+01 0.000000e+00
      vertex   1.155000e+02 -1.110000e+02 0.000000e+00
      vertex   1.132500e+02 -8.625000e+01 0.000000e+00
    endloop
  endfacet
  facet normal 0.000000e+00 0.000000e+00 -1.000000e+00
    outer loop
      vertex   1.132500e+02 -8.625000e+01 0.000000e+00
      vertex   1.155000e+02 -1.110000e+02 0.000000e+00
      vertex   1.147500e+02 -1.112010e+02 0.000000e+00
    endloop
  endfacet
  facet normal -0.000000e+00 -0.000000e+00 -1.000000e+00
    outer loop
      vertex   1.132500e+02 -8.625000e+01 0.000000e+00
      vertex   1.147500e+02 -1.112010e+02 0.000000e+00
      vertex   1.125000e+02 -8.604904e+01 0.000000e+00
    endloop
  endfacet
  facet normal 0.000000e+00 0.000000e+00 -1.000000e+00
    outer loop
      vertex   1.125000e+02 -8.604904e+01 0.000000e+00
      vertex   1.147500e+02 -1.112010e+02 0.000000e+00
      vertex   1.142010e+02 -1.117500e+02 0.000000e+00
    endloop
  endfacet
  facet normal -0.000000e+00 -0.000000e+00 -1.000000e+00
    outer loop
      vertex   1.125000e+02 -8.604904e+01 0.000000e+00
      vertex   1.142010e+02 -1.117500e+02 0.000000e+00
      vertex   1.119510e+02 -8.550000e+01 0.000000e+00
    endloop
  endfacet
  facet normal -0.000000e+00 0.000000e+00 -1.000000e+00
    outer loop
      vertex   6.145096e+01 -1.117500e+02 0.000000e+00
      vertex   6.125000e+01 -1.125000e+02 0.000000e+00
      vertex   -8.750000e+00 -1.100000e+02 0.000000e+00
    endloop
  endfacet
  facet normal 0.000000e+00 0.000000e+00 -1.000000e+00
    outer loop
      vertex   -8.750000e+00 -1.100000e+02 0.000000e+00
      vertex   6.125000e+01 -1.125000e+02 0.000000e+00
      vertex   6.145096e+01 -1.132500e+02 0.000000e+00
    endloop
  endfacet
  facet normal 0.000000e+00 0.000000e+00 -1.000000e+00
    outer loop
      vertex   -8.750000e+00 -1.100000e+02 0.000000e+00
      vertex   6.145096e+01 -1.132500e+02 0.000000e+00
      vertex   6.200000e+01 -1.137990e+02 0.000000e+00
    endloop
  endfacet
  facet normal -0.000000e+00 -0.000000e+00 -1.000000e+00
    outer loop
      vertex   6.200000e+01 -1.137990e+02 0.000000e+00
      vertex   6.275000e+01 -1.140000e+02 0.000000e+00
      vertex   -8.750000e+00 -1.100000e+02 0.000000e+00
    endloop
  endfacet
  facet normal 0.000000e+00 -0.000000e+00 -1.000000e+00
    outer loop
      vertex   -8.750000e+00 -1.100000e+02 0.000000e+00
      vertex   6.275000e+01 -1.140000e+02 0.000000e+00
      vertex   -1.255000e+02 -1.200000e+02 0.000000e+00
    endloop
  endfacet
  facet normal -0.000000e+00 0.000000e+00 -1.000000e+00
    outer loop
      vertex   6.200000e+01 -1.112010e+02 0.000000e+00
      vertex   6.145096e+01 -1.117500e+02 0.000000e+00
      vertex   -8.750000e+00 -1.100000e+02 0.000000e+00
    endloop
  endfacet
  facet normal -0.000000e+00 -0.000000e+00 -1.000000e+00
    outer loop
      vertex   1.117500e+02 3.675000e+01 0.000000e+00
      vertex   1.119510e+02 3.600000e+01 0.000000e+00
      vertex   5.957107e+01 4.900000e+01 0.000000e+00
    endloop
  endfacet
  facet normal 0.000000e+00 0.000000e+00 -1.000000e+00
    outer loop
      vertex   5.957107e+01 4.900000e+01 0.000000e+00
      vertex   1.119510e+02 3.600000e+01 0.000000e+00
      vertex   1.119510e+02 -3.000000e+00 0.000000e+00
    endloop
  endfacet
  facet normal 0.000000e+00 0.000000e+00 -1.000000e+00
    outer loop
      vertex   5.957107e+01 4.900000e+01 0.000000e+00
      vertex   1.119510e+02 -3.000000e+00 0.000000e+00
      vertex   1.117500e+02 -3.750000e+00 0.000000e+00
    endloop
  endfacet
  facet normal 0.000000e+00 0.000000e+00 -1.000000e+00
    outer loop
      vertex   1.119510e+02 -3.000000e+00 0.000000e+00
      vertex   1.119510e+02 3.600000e+01 0.000000e+00
      vertex   1.125000e+02 -2.450962e+00 0.000000e+00
    endloop
  endfacet
  facet normal 0.000000e+00 0.000000e+00 -1.000000e+00
    outer loop
      vertex   1.125000e+02 -2.450962e+00 0.000000e+00
      vertex   1.119510e+02 3.600000e+01 0.000000e+00
      vertex   1.125000e+02 3.545096e+01 0.000000e+00
    endloop
  endfacet
  facet normal 0.000000e+00 0.000000e+00 -1.000000e+00
    outer loop
      vertex   1.125000e+02 -2.450962e+00 0.000000e+00
      vertex   1.125000e+02 3.545096e+01 0.000000e+00
      vertex   1.132500e+02 3.525000e+01 0.000000e+00
    endloop
  endfacet
  facet normal 0.000000e+00 -0.000000e+00 -1.000000e+00
    outer loop
      vertex   1.140000e+02 3.545096e+01 0.000000e+00
      vertex   1.140000e+02 -2.450962e+00 0.000000e+00
      vertex   1.132500e+02 3.525000e+01 0.000000e+00
    endloop
  endfacet
  facet normal 0.000000e+00 0.000000e+00 -1.000000e+00
    outer loop
      vertex   1.132500e+02 3.525000e+01 0.000000e+00
      vertex   1.140000e+02 -2.450962e+00 0.000000e+00
      vertex   1.132500e+02 -2.250000e+00 0.000000e+00
    endloop
  endfacet
  facet normal 0.000000e+00 -0.000000e+00 -1.000000e+00
    outer loop
      vertex   1.132500e+02 3.525000e+01 0.000000e+00
      vertex   1.132500e+02 -2.250000e+00 0.000000e+00
      vertex   1.125000e+02 -2.450962e+00 0.000000e+00
    endloop
  endfacet
  facet normal 0.000000e+00 0.000000e+00 -1.000000e+00
    outer loop
      vertex   1.140000e+02 -2.450962e+00 0.000000e+00
      vertex   1.140000e+02 3.545096e+01 0.000000e+00
      vertex   1.145490e+02 -3.000000e+00 0.000000e+00
    endloop
  endfacet
  facet normal 0.000000e+00 0.000000e+00 -1.000000e+00
    outer loop
      vertex   1.145490e+02 -3.000000e+00 0.000000e+00
      vertex   1.140000e+02 3.545096e+01 0.000000e+00
      vertex   1.145490e+02 3.600000e+01 0.000000e+00
    endloop
  endfacet
  facet normal 0.000000e+00 0.000000e+00 -1.000000e+00
    outer loop
      vertex   1.145490e+02 -3.000000e+00 0.000000e+00
      vertex   1.145490e+02 3.600000e+01 0.000000e+00
      vertex   1.255000e+02 4.900000e+01 0.000000e+00
    endloop
  endfacet
  facet normal 0.000000e+00 0.000000e+00 -1.000000e+00
    outer loop
      vertex   1.255000e+02 4.900000e+01 0.000000e+00
      vertex   1.145490e+02 3.600000e+01 0.000000e+00
      vertex   1.147500e+02 3.675000e+01 0.000000e+00
    endloop
  endfacet
  facet normal 0.000000e+00 0.000000e+00 -1.000000e+00
    outer loop
      vertex   1.255000e+02 4.900000e+01 0.000000e+00
      vertex   1.147500e+02 3.675000e+01 0.000000e+00
      vertex   1.145490e+02 3.750000e+01 0.000000e+00
    endloop
  endfacet
  facet normal 0.000000e+00 0.000000e+00 -1.000000e+00
    outer loop
      vertex   1.145490e+02 3.750000e+01 0.000000e+00
      vertex   1.140000e+02 3.804904e+01 0.000000e+00
      vertex   1.255000e+02 4.900000e+01 0.000000e+00
    endloop
  endfacet
  facet normal 0.000000e+00 0.000000e+00 -1.000000e+00
    outer loop
      vertex   1.255000e+02 4.900000e+01 0.000000e+00
      vertex   1.140000e+02 3.804904e+01 0.000000e+00
      vertex   1.132500e+02 3.825000e+01 0.000000e+00
    endloop
  endfacet
  facet normal 0.000000e+00 0.000000e+00 -1.000000e+00
    outer loop
      vertex   1.255000e+02 4.900000e+01 0.000000e+00
      vertex   1.132500e+02 3.825000e+01 0.000000e+00
      vertex   1.125000e+02 3.804904e+01 0.000000e+00
    endloop
  endfacet
  facet normal 0.000000e+00 -0.000000e+00 -1.000000e+00
    outer loop
      vertex   1.140000e+02 -5.049038e+00 0.000000e+00
      vertex   1.140000e+02 -4.295096e+01 0.000000e+00
      vertex   1.132500e+02 -5.250000e+00 0.000000e+00
    endloop
  endfacet
  facet normal 0.000000e+00 0.000000e+00 -1.000000e+00
    outer loop
      vertex   1.132500e+02 -5.250000e+00 0.000000e+00
      vertex   1.140000e+02 -4.295096e+01 0.000000e+00
      vertex   1.132500e+02 -4.275000e+01 0.000000e+00
    endloop
  endfacet
  facet normal 0.000000e+00 -0.000000e+00 -1.000000e+00
    outer loop
      vertex   1.132500e+02 -5.250000e+00 0.000000e+00
      vertex   1.132500e+02 -4.275000e+01 0.000000e+00
      vertex   1.125000e+02 -4.295096e+01 0.000000e+00
    endloop
  endfacet
  facet normal 0.000000e+00 0.000000e+00 -1.000000e+00
    outer loop
      vertex   1.140000e+02 -4.295096e+01 0.000000e+00
      vertex   1.140000e+02 -5.049038e+00 0.000000e+00
      vertex   1.145490e+02 -4.350000e+01 0.000000e+00
    endloop
  endfacet
  facet normal 0.000000e+00 0.000000e+00 -1.000000e+00
    outer loop
      vertex   1.145490e+02 -4.350000e+01 0.000000e+00
      vertex   1.140000e+02 -5.049038e+00 0.000000e+00
      vertex   1.145490e+02 -4.500000e+00 0.000000e+00
    endloop
  endfacet
  facet normal 0.000000e+00 0.000000e+00 -1.000000e+00
    outer loop
      vertex   1.145490e+02 -4.350000e+01 0.000000e+00
      vertex   1.145490e+02 -4.500000e+00 0.000000e+00
      vertex   1.147500e+02 -4.425000e+01 0.000000e+00
    endloop
  endfacet
  facet normal 0.000000e+00 0.000000e+00 -1.000000e+00
    outer loop
      vertex   1.147500e+02 -4.425000e+01 0.000000e+00
      vertex   1.145490e+02 -4.500000e+00 0.000000e+00
      vertex   1.147500e+02 -3.750000e+00 0.000000e+00
    endloop
  endfacet
  facet normal -0.000000e+00 0.000000e+00 -1.000000e+00
    outer loop
      vertex   1.119510e+02 -4.350000e+01 0.000000e+00
      vertex   1.117500e+02 -4.425000e+01 0.000000e+00
      vertex   5.827697e+01 4.917037e+01 0.000000e+00
    endloop
  endfacet
  facet normal 0.000000e+00 0.000000e+00 -1.000000e+00
    outer loop
      vertex   1.145490e+02 -8.550000e+01 0.000000e+00
      vertex   1.147500e+02 -8.475000e+01 0.000000e+00
      vertex   1.255000e+02 -1.200000e+02 0.000000e+00
    endloop
  endfacet
  facet normal 0.000000e+00 0.000000e+00 -1.000000e+00
    outer loop
      vertex   1.255000e+02 -1.200000e+02 0.000000e+00
      vertex   1.147500e+02 -8.475000e+01 0.000000e+00
      vertex   1.147500e+02 -4.425000e+01 0.000000e+00
    endloop
  endfacet
  facet normal 0.000000e+00 0.000000e+00 -1.000000e+00
    outer loop
      vertex   1.147500e+02 -8.475000e+01 0.000000e+00
      vertex   1.145490e+02 -8.400000e+01 0.000000e+00
      vertex   1.147500e+02 -4.425000e+01 0.000000e+00
    endloop
  endfacet
  facet normal -0.000000e+00 0.000000e+00 -1.000000e+00
    outer loop
      vertex   -1.145490e+02 8.475000e+01 0.000000e+00
      vertex   -1.147500e+02 8.400000e+01 0.000000e+00
      vertex   -1.255000e+02 1.076450e+02 0.000000e+00
    endloop
  endfacet
  facet normal 0.000000e+00 0.000000e+00 -1.000000e+00
    outer loop
      vertex   -1.255000e+02 1.076450e+02 0.000000e+00
      vertex   -1.147500e+02 8.400000e+01 0.000000e+00
      vertex   -1.145490e+02 8.325000e+01 0.000000e+00
    endloop
  endfacet
  facet normal 0.000000e+00 0.000000e+00 -1.000000e+00
    outer loop
      vertex   -1.255000e+02 1.076450e+02 0.000000e+00
      vertex   -1.145490e+02 8.325000e+01 0.000000e+00
      vertex   -1.145490e+02 4.275000e+01 0.000000e+00
    endloop
  endfacet
  facet normal 0.000000e+00 0.000000e+00 -1.000000e+00
    outer loop
      vertex   -1.145490e+02 4.275000e+01 0.000000e+00
      vertex   -1.145490e+02 8.325000e+01 0.000000e+00
      vertex   -1.140000e+02 8.270096e+01 0.000000e+00
    endloop
  endfacet
  facet normal 0.000000e+00 0.000000e+00 -1.000000e+00
    outer loop
      vertex   -1.145490e+02 4.275000e+01 0.000000e+00
      vertex   -1.140000e+02 8.270096e+01 0.000000e+00
      vertex   -1.140000e+02 4.329904e+01 0.000000e+00
    endloop
  endfacet
  facet normal 0.000000e+00 0.000000e+00 -1.000000e+00
    outer loop
      vertex   -1.140000e+02 4.329904e+01 0.000000e+00
      vertex   -1.140000e+02 8.270096e+01 0.000000e+00
      vertex   -1.132500e+02 8.250000e+01 0.000000e+00
    endloop
  endfacet
  facet normal -0.000000e+00 0.000000e+00 -1.000000e+00
    outer loop
      vertex   -1.132500e+02 8.550000e+01 0.000000e+00
      vertex   -1.140000e+02 8.529904e+01 0.000000e+00
      vertex   -1.255000e+02 1.076450e+02 0.000000e+00
    endloop
  endfacet
  facet normal 0.000000e+00 0.000000e+00 -1.000000e+00
    outer loop
      vertex   -1.255000e+02 1.076450e+02 0.000000e+00
      vertex   -1.140000e+02 8.529904e+01 0.000000e+00
      vertex   -1.145490e+02 8.475000e+01 0.000000e+00
    endloop
  endfacet
  facet normal -0.000000e+00 0.000000e+00 -1.000000e+00
    outer loop
      vertex   -1.145490e+02 4.125000e+01 0.000000e+00
      vertex   -1.147500e+02 -1.794727e-14 0.000000e+00
      vertex   -1.147500e+02 4.200000e+01 0.000000e+00
    endloop
  endfacet
  facet normal -0.000000e+00 -0.000000e+00 -1.000000e+00
    outer loop
      vertex   -1.147500e+02 4.200000e+01 0.000000e+00
      vertex   -1.147500e+02 -1.794727e-14 0.000000e+00
      vertex   -1.255000e+02 1.076450e+02 0.000000e+00
    endloop
  endfacet
  facet normal 0.000000e+00 0.000000e+00 -1.000000e+00
    outer loop
      vertex   -1.147500e+02 4.200000e+01 0.000000e+00
      vertex   -1.255000e+02 1.076450e+02 0.000000e+00
      vertex   -1.145490e+02 4.275000e+01 0.000000e+00
    endloop
  endfacet
  facet normal 0.000000e+00 0.000000e+00 -1.000000e+00
    outer loop
      vertex   -1.147500e+02 -1.794727e-14 0.000000e+00
      vertex   -1.145490e+02 4.125000e+01 0.000000e+00
      vertex   -1.145490e+02 7.500000e-01 0.000000e+00
    endloop
  endfacet
  facet normal 0.000000e+00 0.000000e+00 -1.000000e+00
    outer loop
      vertex   -1.145490e+02 7.500000e-01 0.000000e+00
      vertex   -1.145490e+02 4.125000e+01 0.000000e+00
      vertex   -1.140000e+02 4.070096e+01 0.000000e+00
    endloop
  endfacet
  facet normal 0.000000e+00 0.000000e+00 -1.000000e+00
    outer loop
      vertex   -1.145490e+02 7.500000e-01 0.000000e+00
      vertex   -1.140000e+02 4.070096e+01 0.000000e+00
      vertex   -1.140000e+02 1.299038e+00 0.000000e+00
    endloop
  endfacet
  facet normal 0.000000e+00 0.000000e+00 -1.000000e+00
    outer loop
      vertex   -1.140000e+02 1.299038e+00 0.000000e+00
      vertex   -1.140000e+02 4.070096e+01 0.000000e+00
      vertex   -1.132500e+02 4.050000e+01 0.000000e+00
    endloop
  endfacet
  facet normal 0.000000e+00 0.000000e+00 -1.000000e+00
    outer loop
      vertex   -1.140000e+02 1.299038e+00 0.000000e+00
      vertex   -1.132500e+02 4.050000e+01 0.000000e+00
      vertex   -1.132500e+02 1.500000e+00 0.000000e+00
    endloop
  endfacet
  facet normal 0.000000e+00 0.000000e+00 -1.000000e+00
    outer loop
      vertex   -1.132500e+02 1.500000e+00 0.000000e+00
      vertex   -1.132500e+02 4.050000e+01 0.000000e+00
      vertex   -1.125000e+02 1.299038e+00 0.000000e+00
    endloop
  endfacet
  facet normal 0.000000e+00 0.000000e+00 -1.000000e+00
    outer loop
      vertex   -1.125000e+02 1.299038e+00 0.000000e+00
      vertex   -1.132500e+02 4.050000e+01 0.000000e+00
      vertex   -1.125000e+02 4.070096e+01 0.000000e+00
    endloop
  endfacet
  facet normal 0.000000e+00 0.000000e+00 -1.000000e+00
    outer loop
      vertex   -1.125000e+02 1.299038e+00 0.000000e+00
      vertex   -1.125000e+02 4.070096e+01 0.000000e+00
      vertex   -1.119510e+02 7.500000e-01 0.000000e+00
    endloop
  endfacet
  facet normal 0.000000e+00 0.000000e+00 -1.000000e+00
    outer loop
      vertex   -1.119510e+02 7.500000e-01 0.000000e+00
      vertex   -1.125000e+02 4.070096e+01 0.000000e+00
      vertex   -1.119510e+02 4.125000e+01 0.000000e+00
    endloop
  endfacet
  facet normal 0.000000e+00 0.000000e+00 -1.000000e+00
    outer loop
      vertex   -1.119510e+02 7.500000e-01 0.000000e+00
      vertex   -1.119510e+02 4.125000e+01 0.000000e+00
      vertex   -1.117500e+02 -1.776357e-14 0.000000e+00
    endloop
  endfacet
  facet normal 0.000000e+00 0.000000e+00 -1.000000e+00
    outer loop
      vertex   -1.117500e+02 -1.776357e-14 0.000000e+00
      vertex   -1.119510e+02 4.125000e+01 0.000000e+00
      vertex   -1.117500e+02 4.200000e+01 0.000000e+00
    endloop
  endfacet
  facet normal 0.000000e+00 0.000000e+00 -1.000000e+00
    outer loop
      vertex   -1.147500e+02 -1.794727e-14 0.000000e+00
      vertex   -1.145490e+02 -7.500000e-01 0.000000e+00
      vertex   -1.147500e+02 -4.200000e+01 0.000000e+00
    endloop
  endfacet
  facet normal 0.000000e+00 0.000000e+00 -1.000000e+00
    outer loop
      vertex   -1.147500e+02 -4.200000e+01 0.000000e+00
      vertex   -1.145490e+02 -7.500000e-01 0.000000e+00
      vertex   -1.145490e+02 -4.125000e+01 0.000000e+00
    endloop
  endfacet
  facet normal 0.000000e+00 0.000000e+00 -1.000000e+00
    outer loop
      vertex   -1.145490e+02 -4.125000e+01 0.000000e+00
      vertex   -1.145490e+02 -7.500000e-01 0.000000e+00
      vertex   -1.140000e+02 -1.299038e+00 0.000000e+00
    endloop
  endfacet
  facet normal 0.000000e+00 0.000000e+00 -1.000000e+00
    outer loop
      vertex   -1.145490e+02 -4.125000e+01 0.000000e+00
      vertex   -1.140000e+02 -1.299038e+00 0.000000e+00
      vertex   -1.140000e+02 -4.070096e+01 0.000000e+00
    endloop
  endfacet
  facet normal 0.000000e+00 0.000000e+00 -1.000000e+00
    outer loop
      vertex   -1.140000e+02 -4.070096e+01 0.000000e+00
      vertex   -1.140000e+02 -1.299038e+00 0.000000e+00
      vertex   -1.132500e+02 -1.500000e+00 0.000000e+00
    endloop
  endfacet
  facet normal 0.000000e+00 0.000000e+00 -1.000000e+00
    outer loop
      vertex   -1.140000e+02 -4.070096e+01 0.000000e+00
      vertex   -1.132500e+02 -1.500000e+00 0.000000e+00
      vertex   -1.132500e+02 -4.050000e+01 0.000000e+00
    endloop
  endfacet
  facet normal 0.000000e+00 0.000000e+00 -1.000000e+00
    outer loop
      vertex   -1.132500e+02 -4.050000e+01 0.000000e+00
      vertex   -1.132500e+02 -1.500000e+00 0.000000e+00
      vertex   -1.125000e+02 -4.070096e+01 0.000000e+00
    endloop
  endfacet
  facet normal 0.000000e+00 0.000000e+00 -1.000000e+00
    outer loop
      vertex   -1.125000e+02 -4.070096e+01 0.000000e+00
      vertex   -1.132500e+02 -1.500000e+00 0.000000e+00
      vertex   -1.125000e+02 -1.299038e+00 0.000000e+00
    endloop
  endfacet
  facet normal 0.000000e+00 0.000000e+00 -1.000000e+00
    outer loop
      vertex   -1.125000e+02 -4.070096e+01 0.000000e+00
      vertex   -1.125000e+02 -1.299038e+00 0.000000e+00
      vertex   -1.119510e+02 -4.125000e+01 0.000000e+00
    endloop
  endfacet
  facet normal 0.000000e+00 0.000000e+00 -1.000000e+00
    outer loop
      vertex   -1.119510e+02 -4.125000e+01 0.000000e+00
      vertex   -1.125000e+02 -1.299038e+00 0.000000e+00
      vertex   -1.119510e+02 -7.500000e-01 0.000000e+00
    endloop
  endfacet
  facet normal 0.000000e+00 0.000000e+00 -1.000000e+00
    outer loop
      vertex   -1.119510e+02 -4.125000e+01 0.000000e+00
      vertex   -1.119510e+02 -7.500000e-01 0.000000e+00
      vertex   -1.117500e+02 -4.200000e+01 0.000000e+00
    endloop
  endfacet
  facet normal 0.000000e+00 0.000000e+00 -1.000000e+00
    outer loop
      vertex   -1.117500e+02 -4.200000e+01 0.000000e+00
      vertex   -1.119510e+02 -7.500000e-01 0.000000e+00
      vertex   -1.117500e+02 -1.776357e-14 0.000000e+00
    endloop
  endfacet
  facet normal 0.000000e+00 0.000000e+00 -1.000000e+00
    outer loop
      vertex   -1.147500e+02 -8.400000e+01 0.000000e+00
      vertex   -1.147500e+02 -4.200000e+01 0.000000e+00
      vertex   -1.145490e+02 -8.325000e+01 0.000000e+00
    endloop
  endfacet
  facet normal 0.000000e+00 0.000000e+00 -1.000000e+00
    outer loop
      vertex   -1.145490e+02 -8.325000e+01 0.000000e+00
      vertex   -1.147500e+02 -4.200000e+01 0.000000e+00
      vertex   -1.145490e+02 -4.275000e+01 0.000000e+00
    endloop
  endfacet
  facet normal 0.000000e+00 0.000000e+00 -1.000000e+00
    outer loop
      vertex   -1.145490e+02 -8.325000e+01 0.000000e+00
      vertex   -1.145490e+02 -4.275000e+01 0.000000e+00
      vertex   -1.140000e+02 -4.329904e+01 0.000000e+00
    endloop
  endfacet
  facet normal 0.000000e+00 0.000000e+00 -1.000000e+00
    outer loop
      vertex   -1.145490e+02 -8.325000e+01 0.000000e+00
      vertex   -1.140000e+02 -4.329904e+01 0.000000e+00
      vertex   -1.140000e+02 -8.270096e+01 0.000000e+00
    endloop
  endfacet
  facet normal 0.000000e+00 0.000000e+00 -1.000000e+00
    outer loop
      vertex   -1.140000e+02 -8.270096e+01 0.000000e+00
      vertex   -1.140000e+02 -4.329904e+01 0.000000e+00
      vertex   -1.132500e+02 -4.350000e+01 0.000000e+00
    endloop
  endfacet
  facet normal 0.000000e+00 0.000000e+00 -1.000000e+00
    outer loop
      vertex   -1.132500e+02 -8.550000e+01 0.000000e+00
      vertex   -1.125000e+02 -8.529904e+01 0.000000e+00
      vertex   -1.087500e+02 -1.100000e+02 0.000000e+00
    endloop
  endfacet
  facet normal 0.000000e+00 0.000000e+00 -1.000000e+00
    outer loop
      vertex   -1.087500e+02 -1.100000e+02 0.000000e+00
      vertex   -1.125000e+02 -8.529904e+01 0.000000e+00
      vertex   -1.119510e+02 -8.475000e+01 0.000000e+00
    endloop
  endfacet
  facet normal 0.000000e+00 0.000000e+00 -1.000000e+00
    outer loop
      vertex   -1.087500e+02 -1.100000e+02 0.000000e+00
      vertex   -1.119510e+02 -8.475000e+01 0.000000e+00
      vertex   -1.117500e+02 -8.400000e+01 0.000000e+00
    endloop
  endfacet
  facet normal -1.405655e-15 1.000000e+00 0.000000e+00
    outer loop
      vertex   -1.087500e+02 1.140000e+02 0.000000e+00
      vertex   -1.188598e+02 1.140000e+02 0.000000e+00
      vertex   -1.087500e+02 1.140000e+02 3.250000e+00
    endloop
  endfacet
  facet normal -1.405655e-15 1.000000e+00 0.000000e+00
    outer loop
      vertex   -1.087500e+02 1.140000e+02 3.250000e+00
      vertex   -1.188598e+02 1.140000e+02 0.000000e+00
      vertex   -1.188598e+02 1.140000e+02 6.000000e+00
    endloop
  endfacet
  facet normal -2.842171e-16 1.000000e+00 4.122722e-15
    outer loop
      vertex   -1.087500e+02 1.140000e+02 3.250000e+00
      vertex   -1.188598e+02 1.140000e+02 6.000000e+00
      vertex   -8.750000e+00 1.140000e+02 3.250000e+00
    endloop
  endfacet
  facet normal -3.416897e-16 1.000000e+00 1.821524e-15
    outer loop
      vertex   -8.750000e+00 1.140000e+02 3.250000e+00
      vertex   -1.188598e+02 1.140000e+02 6.000000e+00
      vertex   4.750000e+01 1.140000e+02 6.000000e+00
    endloop
  endfacet
  facet normal -2.526374e-16 1.000000e+00 0.000000e+00
    outer loop
      vertex   -8.750000e+00 1.140000e+02 3.250000e+00
      vertex   4.750000e+01 1.140000e+02 6.000000e+00
      vertex   4.750000e+01 1.140000e+02 0.000000e+00
    endloop
  endfacet
  facet normal 2.526374e-16 1.000000e+00 8.745141e-15
    outer loop
      vertex   4.750000e+01 1.140000e+02 0.000000e+00
      vertex   -8.750000e+00 1.140000e+02 0.000000e+00
      vertex   -8.750000e+00 1.140000e+02 3.250000e+00
    endloop
  endfacet
  facet normal -1.000000e+00 1.506731e-16 1.317658e-30
    outer loop
      vertex   -8.750000e+00 1.140000e+02 0.000000e+00
      vertex   -8.750000e+00 -1.100000e+02 0.000000e+00
      vertex   -8.750000e+00 1.140000e+02 3.250000e+00
    endloop
  endfacet
  facet normal -1.000000e+00 1.506731e-16 0.000000e+00
    outer loop
      vertex   -8.750000e+00 1.140000e+02 3.250000e+00
      vertex   -8.750000e+00 -1.100000e+02 0.000000e+00
      vertex   -8.750000e+00 -1.100000e+02 3.250000e+00
    endloop
  endfacet
  facet normal -0.000000e+00 0.000000e+00 1.000000e+00
    outer loop
      vertex   -1.200004e+02 1.138682e+02 6.000000e+00
      vertex   -1.210808e+02 1.134796e+02 6.000000e+00
      vertex   -1.188598e+02 1.140000e+02 6.000000e+00
    endloop
  endfacet
  facet normal 0.000000e+00 0.000000e+00 1.000000e+00
    outer loop
      vertex   -1.188598e+02 1.140000e+02 6.000000e+00
      vertex   -1.210808e+02 1.134796e+02 6.000000e+00
      vertex   -1.220442e+02 1.128548e+02 6.000000e+00
    endloop
  endfacet
  facet normal 0.000000e+00 0.000000e+00 1.000000e+00
    outer loop
      vertex   -1.188598e+02 1.140000e+02 6.000000e+00
      vertex   -1.220442e+02 1.128548e+02 6.000000e+00
      vertex   -1.255000e+02 1.076450e+02 6.000000e+00
    endloop
  endfacet
  facet normal 0.000000e+00 0.000000e+00 1.000000e+00
    outer loop
      vertex   -1.255000e+02 1.076450e+02 6.000000e+00
      vertex   -1.220442e+02 1.128548e+02 6.000000e+00
      vertex   -1.236844e+02 1.114998e+02 6.000000e+00
    endloop
  endfacet
  facet normal 0.000000e+00 0.000000e+00 1.000000e+00
    outer loop
      vertex   -1.255000e+02 1.076450e+02 6.000000e+00
      vertex   -1.236844e+02 1.114998e+02 6.000000e+00
      vertex   -1.252863e+02 1.090913e+02 6.000000e+00
    endloop
  endfacet
  facet normal 0.000000e+00 0.000000e+00 1.000000e+00
    outer loop
      vertex   -1.252863e+02 1.090913e+02 6.000000e+00
      vertex   -1.236844e+02 1.114998e+02 6.000000e+00
      vertex   -1.246633e+02 1.104139e+02 6.000000e+00
    endloop
  endfacet
  facet normal 0.000000e+00 -0.000000e+00 1.000000e+00
    outer loop
      vertex   -1.255000e+02 -1.200000e+02 6.000000e+00
      vertex   -1.162500e+02 -1.813096e-14 6.000000e+00
      vertex   -1.255000e+02 1.076450e+02 6.000000e+00
    endloop
  endfacet
  facet normal 0.000000e+00 0.000000e+00 1.000000e+00
    outer loop
      vertex   -1.255000e+02 1.076450e+02 6.000000e+00
      vertex   -1.162500e+02 -1.813096e-14 6.000000e+00
      vertex   -1.162500e+02 4.200000e+01 6.000000e+00
    endloop
  endfacet
  facet normal 0.000000e+00 0.000000e+00 1.000000e+00
    outer loop
      vertex   -1.255000e+02 1.076450e+02 6.000000e+00
      vertex   -1.162500e+02 4.200000e+01 6.000000e+00
      vertex   -1.162500e+02 8.400000e+01 6.000000e+00
    endloop
  endfacet
  facet normal 0.000000e+00 0.000000e+00 1.000000e+00
    outer loop
      vertex   -1.162500e+02 8.400000e+01 6.000000e+00
      vertex   -1.162500e+02 4.200000e+01 6.000000e+00
      vertex   -1.158481e+02 8.250000e+01 6.000000e+00
    endloop
  endfacet
  facet normal 0.000000e+00 0.000000e+00 1.000000e+00
    outer loop
      vertex   -1.158481e+02 8.250000e+01 6.000000e+00
      vertex   -1.162500e+02 4.200000e+01 6.000000e+00
      vertex   -1.158481e+02 4.350000e+01 6.000000e+00
    endloop
  endfacet
  facet normal 0.000000e+00 0.000000e+00 1.000000e+00
    outer loop
      vertex   -1.158481e+02 8.250000e+01 6.000000e+00
      vertex   -1.158481e+02 4.350000e+01 6.000000e+00
      vertex   -1.147500e+02 8.140192e+01 6.000000e+00
    endloop
  endfacet
  facet normal 0.000000e+00 0.000000e+00 1.000000e+00
    outer loop
      vertex   -1.147500e+02 8.140192e+01 6.000000e+00
      vertex   -1.158481e+02 4.350000e+01 6.000000e+00
      vertex   -1.147500e+02 4.459808e+01 6.000000e+00
    endloop
  endfacet
  facet normal 0.000000e+00 0.000000e+00 1.000000e+00
    outer loop
      vertex   -1.147500e+02 8.140192e+01 6.000000e+00
      vertex   -1.147500e+02 4.459808e+01 6.000000e+00
      vertex   -1.132500e+02 8.100000e+01 6.000000e+00
    endloop
  endfacet
  facet normal 0.000000e+00 0.000000e+00 1.000000e+00
    outer loop
      vertex   -1.132500e+02 8.100000e+01 6.000000e+00
      vertex   -1.147500e+02 4.459808e+01 6.000000e+00
      vertex   -1.132500e+02 4.500000e+01 6.000000e+00
    endloop
  endfacet
  facet normal 0.000000e+00 0.000000e+00 1.000000e+00
    outer loop
      vertex   -1.132500e+02 8.100000e+01 6.000000e+00
      vertex   -1.132500e+02 4.500000e+01 6.000000e+00
      vertex   -1.117500e+02 4.459808e+01 6.000000e+00
    endloop
  endfacet
  facet normal 0.000000e+00 0.000000e+00 1.000000e+00
    outer loop
      vertex   1.255000e+02 -1.200000e+02 6.000000e+00
      vertex   6.275000e+01 -1.155000e+02 6.000000e+00
      vertex   -1.255000e+02 -1.200000e+02 6.000000e+00
    endloop
  endfacet
  facet normal 0.000000e+00 0.000000e+00 1.000000e+00
    outer loop
      vertex   -1.255000e+02 -1.200000e+02 6.000000e+00
      vertex   6.275000e+01 -1.155000e+02 6.000000e+00
      vertex   6.125000e+01 -1.150981e+02 6.000000e+00
    endloop
  endfacet
  facet normal 0.000000e+00 0.000000e+00 1.000000e+00
    outer loop
      vertex   -1.255000e+02 -1.200000e+02 6.000000e+00
      vertex   6.125000e+01 -1.150981e+02 6.000000e+00
      vertex   -9.682000e+01 -1.074000e+02 6.000000e+00
    endloop
  endfacet
  facet normal 0.000000e+00 0.000000e+00 1.000000e+00
    outer loop
      vertex   -9.682000e+01 -1.074000e+02 6.000000e+00
      vertex   6.125000e+01 -1.150981e+02 6.000000e+00
      vertex   6.015192e+01 -1.140000e+02 6.000000e+00
    endloop
  endfacet
  facet normal 0.000000e+00 0.000000e+00 1.000000e+00
    outer loop
      vertex   -9.682000e+01 -1.074000e+02 6.000000e+00
      vertex   6.015192e+01 -1.140000e+02 6.000000e+00
      vertex   5.975000e+01 -1.125000e+02 6.000000e+00
    endloop
  endfacet
  facet normal 0.000000e+00 0.000000e+00 1.000000e+00
    outer loop
      vertex   1.255000e+02 4.900000e+01 6.000000e+00
      vertex   1.162500e+02 -4.425000e+01 6.000000e+00
      vertex   1.255000e+02 -1.200000e+02 6.000000e+00
    endloop
  endfacet
  facet normal 0.000000e+00 0.000000e+00 1.000000e+00
    outer loop
      vertex   1.255000e+02 -1.200000e+02 6.000000e+00
      vertex   1.162500e+02 -4.425000e+01 6.000000e+00
      vertex   1.162500e+02 -8.475000e+01 6.000000e+00
    endloop
  endfacet
  facet normal 0.000000e+00 0.000000e+00 1.000000e+00
    outer loop
      vertex   1.255000e+02 -1.200000e+02 6.000000e+00
      vertex   1.162500e+02 -8.475000e+01 6.000000e+00
      vertex   1.158481e+02 -8.625000e+01 6.000000e+00
    endloop
  endfacet
  facet normal -0.000000e+00 0.000000e+00 1.000000e+00
    outer loop
      vertex   8.502000e+01 4.900000e+01 6.000000e+00
      vertex   1.117500e+02 3.934808e+01 6.000000e+00
      vertex   1.255000e+02 4.900000e+01 6.000000e+00
    endloop
  endfacet
  facet normal 0.000000e+00 0.000000e+00 1.000000e+00
    outer loop
      vertex   1.255000e+02 4.900000e+01 6.000000e+00
      vertex   1.117500e+02 3.934808e+01 6.000000e+00
      vertex   1.132500e+02 3.975000e+01 6.000000e+00
    endloop
  endfacet
  facet normal 0.000000e+00 0.000000e+00 1.000000e+00
    outer loop
      vertex   1.255000e+02 4.900000e+01 6.000000e+00
      vertex   1.132500e+02 3.975000e+01 6.000000e+00
      vertex   1.147500e+02 3.934808e+01 6.000000e+00
    endloop
  endfacet
  facet normal 0.000000e+00 0.000000e+00 1.000000e+00
    outer loop
      vertex   8.502000e+01 -1.074000e+02 6.000000e+00
      vertex   1.102500e+02 -4.425000e+01 6.000000e+00
      vertex   8.502000e+01 4.900000e+01 6.000000e+00
    endloop
  endfacet
  facet normal 0.000000e+00 0.000000e+00 1.000000e+00
    outer loop
      vertex   8.502000e+01 4.900000e+01 6.000000e+00
      vertex   1.102500e+02 -4.425000e+01 6.000000e+00
      vertex   1.102500e+02 -3.750000e+00 6.000000e+00
    endloop
  endfacet
  facet normal 0.000000e+00 0.000000e+00 1.000000e+00
    outer loop
      vertex   8.502000e+01 4.900000e+01 6.000000e+00
      vertex   1.102500e+02 -3.750000e+00 6.000000e+00
      vertex   1.106519e+02 -2.250000e+00 6.000000e+00
    endloop
  endfacet
  facet normal -0.000000e+00 0.000000e+00 1.000000e+00
    outer loop
      vertex   -9.682000e+01 -1.074000e+02 6.000000e+00
      vertex   6.275000e+01 -1.095000e+02 6.000000e+00
      vertex   8.502000e+01 -1.074000e+02 6.000000e+00
    endloop
  endfacet
  facet normal 0.000000e+00 0.000000e+00 1.000000e+00
    outer loop
      vertex   8.502000e+01 -1.074000e+02 6.000000e+00
      vertex   6.275000e+01 -1.095000e+02 6.000000e+00
      vertex   6.425000e+01 -1.099019e+02 6.000000e+00
    endloop
  endfacet
  facet normal 0.000000e+00 0.000000e+00 1.000000e+00
    outer loop
      vertex   8.502000e+01 -1.074000e+02 6.000000e+00
      vertex   6.425000e+01 -1.099019e+02 6.000000e+00
      vertex   6.534808e+01 -1.110000e+02 6.000000e+00
    endloop
  endfacet
  facet normal 0.000000e+00 0.000000e+00 1.000000e+00
    outer loop
      vertex   -9.682000e+01 9.210000e+01 6.000000e+00
      vertex   -1.102500e+02 -1.776357e-14 6.000000e+00
      vertex   -9.682000e+01 -1.074000e+02 6.000000e+00
    endloop
  endfacet
  facet normal 0.000000e+00 0.000000e+00 1.000000e+00
    outer loop
      vertex   -9.682000e+01 -1.074000e+02 6.000000e+00
      vertex   -1.102500e+02 -1.776357e-14 6.000000e+00
      vertex   -1.102500e+02 -4.200000e+01 6.000000e+00
    endloop
  endfacet
  facet normal 0.000000e+00 0.000000e+00 1.000000e+00
    outer loop
      vertex   -9.682000e+01 -1.074000e+02 6.000000e+00
      vertex   -1.102500e+02 -4.200000e+01 6.000000e+00
      vertex   -1.106519e+02 -4.350000e+01 6.000000e+00
    endloop
  endfacet
  facet normal 0.000000e+00 0.000000e+00 1.000000e+00
    outer loop
      vertex   4.750000e+01 9.210000e+01 6.000000e+00
      vertex   4.750000e+01 1.140000e+02 6.000000e+00
      vertex   -9.682000e+01 9.210000e+01 6.000000e+00
    endloop
  endfacet
  facet normal 0.000000e+00 -0.000000e+00 1.000000e+00
    outer loop
      vertex   -9.682000e+01 9.210000e+01 6.000000e+00
      vertex   4.750000e+01 1.140000e+02 6.000000e+00
      vertex   -1.188598e+02 1.140000e+02 6.000000e+00
    endloop
  endfacet
  facet normal 0.000000e+00 0.000000e+00 1.000000e+00
    outer loop
      vertex   -9.682000e+01 9.210000e+01 6.000000e+00
      vertex   -1.188598e+02 1.140000e+02 6.000000e+00
      vertex   -1.132500e+02 8.700000e+01 6.000000e+00
    endloop
  endfacet
  facet normal 0.000000e+00 0.000000e+00 1.000000e+00
    outer loop
      vertex   -1.132500e+02 8.700000e+01 6.000000e+00
      vertex   -1.188598e+02 1.140000e+02 6.000000e+00
      vertex   -1.255000e+02 1.076450e+02 6.000000e+00
    endloop
  endfacet
  facet normal 0.000000e+00 0.000000e+00 1.000000e+00
    outer loop
      vertex   -1.132500e+02 8.700000e+01 6.000000e+00
      vertex   -1.255000e+02 1.076450e+02 6.000000e+00
      vertex   -1.147500e+02 8.659808e+01 6.000000e+00
    endloop
  endfacet
  facet normal 0.000000e+00 0.000000e+00 1.000000e+00
    outer loop
      vertex   -1.147500e+02 8.659808e+01 6.000000e+00
      vertex   -1.255000e+02 1.076450e+02 6.000000e+00
      vertex   -1.158481e+02 8.550000e+01 6.000000e+00
    endloop
  endfacet
  facet normal 0.000000e+00 0.000000e+00 1.000000e+00
    outer loop
      vertex   -1.158481e+02 8.550000e+01 6.000000e+00
      vertex   -1.255000e+02 1.076450e+02 6.000000e+00
      vertex   -1.162500e+02 8.400000e+01 6.000000e+00
    endloop
  endfacet
  facet normal -0.000000e+00 0.000000e+00 1.000000e+00
    outer loop
      vertex   -1.184019e+02 -1.110000e+02 6.000000e+00
      vertex   -1.180000e+02 -1.125000e+02 6.000000e+00
      vertex   -9.682000e+01 -1.074000e+02 6.000000e+00
    endloop
  endfacet
  facet normal 0.000000e+00 0.000000e+00 1.000000e+00
    outer loop
      vertex   -9.682000e+01 -1.074000e+02 6.000000e+00
      vertex   -1.180000e+02 -1.125000e+02 6.000000e+00
      vertex   -1.184019e+02 -1.140000e+02 6.000000e+00
    endloop
  endfacet
  facet normal 0.000000e+00 0.000000e+00 1.000000e+00
    outer loop
      vertex   -9.682000e+01 -1.074000e+02 6.000000e+00
      vertex   -1.184019e+02 -1.140000e+02 6.000000e+00
      vertex   -1.195000e+02 -1.150981e+02 6.000000e+00
    endloop
  endfacet
  facet normal 0.000000e+00 0.000000e+00 1.000000e+00
    outer loop
      vertex   -9.682000e+01 -1.074000e+02 6.000000e+00
      vertex   -1.195000e+02 -1.150981e+02 6.000000e+00
      vertex   -1.255000e+02 -1.200000e+02 6.000000e+00
    endloop
  endfacet
  facet normal 0.000000e+00 0.000000e+00 1.000000e+00
    outer loop
      vertex   -1.255000e+02 -1.200000e+02 6.000000e+00
      vertex   -1.195000e+02 -1.150981e+02 6.000000e+00
      vertex   -1.210000e+02 -1.155000e+02 6.000000e+00
    endloop
  endfacet
  facet normal 0.000000e+00 0.000000e+00 1.000000e+00
    outer loop
      vertex   -1.255000e+02 -1.200000e+02 6.000000e+00
      vertex   -1.210000e+02 -1.155000e+02 6.000000e+00
      vertex   -1.225000e+02 -1.150981e+02 6.000000e+00
    endloop
  endfacet
  facet normal 0.000000e+00 0.000000e+00 1.000000e+00
    outer loop
      vertex   -1.225000e+02 -1.150981e+02 6.000000e+00
      vertex   -1.235981e+02 -1.140000e+02 6.000000e+00
      vertex   -1.255000e+02 -1.200000e+02 6.000000e+00
    endloop
  endfacet
  facet normal 0.000000e+00 0.000000e+00 1.000000e+00
    outer loop
      vertex   -1.255000e+02 -1.200000e+02 6.000000e+00
      vertex   -1.235981e+02 -1.140000e+02 6.000000e+00
      vertex   -1.240000e+02 -1.125000e+02 6.000000e+00
    endloop
  endfacet
  facet normal 0.000000e+00 0.000000e+00 1.000000e+00
    outer loop
      vertex   -1.255000e+02 -1.200000e+02 6.000000e+00
      vertex   -1.240000e+02 -1.125000e+02 6.000000e+00
      vertex   -1.162500e+02 -4.200000e+01 6.000000e+00
    endloop
  endfacet
  facet normal 0.000000e+00 0.000000e+00 1.000000e+00
    outer loop
      vertex   -1.162500e+02 -4.200000e+01 6.000000e+00
      vertex   -1.240000e+02 -1.125000e+02 6.000000e+00
      vertex   -1.235981e+02 -1.110000e+02 6.000000e+00
    endloop
  endfacet
  facet normal 0.000000e+00 0.000000e+00 1.000000e+00
    outer loop
      vertex   -1.162500e+02 -4.200000e+01 6.000000e+00
      vertex   -1.235981e+02 -1.110000e+02 6.000000e+00
      vertex   -1.162500e+02 -8.400000e+01 6.000000e+00
    endloop
  endfacet
  facet normal 0.000000e+00 0.000000e+00 1.000000e+00
    outer loop
      vertex   -1.162500e+02 -8.400000e+01 6.000000e+00
      vertex   -1.235981e+02 -1.110000e+02 6.000000e+00
      vertex   -1.158481e+02 -8.550000e+01 6.000000e+00
    endloop
  endfacet
  facet normal 0.000000e+00 0.000000e+00 1.000000e+00
    outer loop
      vertex   -1.158481e+02 -8.550000e+01 6.000000e+00
      vertex   -1.235981e+02 -1.110000e+02 6.000000e+00
      vertex   -1.225000e+02 -1.099019e+02 6.000000e+00
    endloop
  endfacet
  facet normal 0.000000e+00 0.000000e+00 1.000000e+00
    outer loop
      vertex   -1.158481e+02 -8.550000e+01 6.000000e+00
      vertex   -1.225000e+02 -1.099019e+02 6.000000e+00
      vertex   -1.147500e+02 -8.659808e+01 6.000000e+00
    endloop
  endfacet
  facet normal 0.000000e+00 0.000000e+00 1.000000e+00
    outer loop
      vertex   -1.147500e+02 -8.659808e+01 6.000000e+00
      vertex   -1.225000e+02 -1.099019e+02 6.000000e+00
      vertex   -1.210000e+02 -1.095000e+02 6.000000e+00
    endloop
  endfacet
  facet normal 0.000000e+00 0.000000e+00 1.000000e+00
    outer loop
      vertex   -1.147500e+02 -8.659808e+01 6.000000e+00
      vertex   -1.210000e+02 -1.095000e+02 6.000000e+00
      vertex   -1.132500e+02 -8.700000e+01 6.000000e+00
    endloop
  endfacet
  facet normal 0.000000e+00 0.000000e+00 1.000000e+00
    outer loop
      vertex   -1.132500e+02 -8.700000e+01 6.000000e+00
      vertex   -1.210000e+02 -1.095000e+02 6.000000e+00
      vertex   -1.195000e+02 -1.099019e+02 6.000000e+00
    endloop
  endfacet
  facet normal 0.000000e+00 0.000000e+00 1.000000e+00
    outer loop
      vertex   -1.132500e+02 -8.700000e+01 6.000000e+00
      vertex   -1.195000e+02 -1.099019e+02 6.000000e+00
      vertex   -9.682000e+01 -1.074000e+02 6.000000e+00
    endloop
  endfacet
  facet normal 0.000000e+00 0.000000e+00 1.000000e+00
    outer loop
      vertex   -9.682000e+01 -1.074000e+02 6.000000e+00
      vertex   -1.195000e+02 -1.099019e+02 6.000000e+00
      vertex   -1.184019e+02 -1.110000e+02 6.000000e+00
    endloop
  endfacet
  facet normal 0.000000e+00 0.000000e+00 1.000000e+00
    outer loop
      vertex   1.180981e+02 -1.110000e+02 6.000000e+00
      vertex   1.185000e+02 -1.125000e+02 6.000000e+00
      vertex   1.255000e+02 -1.200000e+02 6.000000e+00
    endloop
  endfacet
  facet normal 0.000000e+00 0.000000e+00 1.000000e+00
    outer loop
      vertex   1.255000e+02 -1.200000e+02 6.000000e+00
      vertex   1.185000e+02 -1.125000e+02 6.000000e+00
      vertex   1.180981e+02 -1.140000e+02 6.000000e+00
    endloop
  endfacet
  facet normal 0.000000e+00 0.000000e+00 1.000000e+00
    outer loop
      vertex   1.255000e+02 -1.200000e+02 6.000000e+00
      vertex   1.180981e+02 -1.140000e+02 6.000000e+00
      vertex   1.170000e+02 -1.150981e+02 6.000000e+00
    endloop
  endfacet
  facet normal 0.000000e+00 0.000000e+00 1.000000e+00
    outer loop
      vertex   1.170000e+02 -1.150981e+02 6.000000e+00
      vertex   1.155000e+02 -1.155000e+02 6.000000e+00
      vertex   1.255000e+02 -1.200000e+02 6.000000e+00
    endloop
  endfacet
  facet normal 0.000000e+00 0.000000e+00 1.000000e+00
    outer loop
      vertex   1.255000e+02 -1.200000e+02 6.000000e+00
      vertex   1.155000e+02 -1.155000e+02 6.000000e+00
      vertex   1.140000e+02 -1.150981e+02 6.000000e+00
    endloop
  endfacet
  facet normal 0.000000e+00 0.000000e+00 1.000000e+00
    outer loop
      vertex   1.255000e+02 -1.200000e+02 6.000000e+00
      vertex   1.140000e+02 -1.150981e+02 6.000000e+00
      vertex   6.425000e+01 -1.150981e+02 6.000000e+00
    endloop
  endfacet
  facet normal 0.000000e+00 0.000000e+00 1.000000e+00
    outer loop
      vertex   6.425000e+01 -1.150981e+02 6.000000e+00
      vertex   1.140000e+02 -1.150981e+02 6.000000e+00
      vertex   8.502000e+01 -1.074000e+02 6.000000e+00
    endloop
  endfacet
  facet normal 0.000000e+00 0.000000e+00 1.000000e+00
    outer loop
      vertex   6.425000e+01 -1.150981e+02 6.000000e+00
      vertex   8.502000e+01 -1.074000e+02 6.000000e+00
      vertex   6.534808e+01 -1.140000e+02 6.000000e+00
    endloop
  endfacet
  facet normal 0.000000e+00 0.000000e+00 1.000000e+00
    outer loop
      vertex   6.534808e+01 -1.140000e+02 6.000000e+00
      vertex   8.502000e+01 -1.074000e+02 6.000000e+00
      vertex   6.575000e+01 -1.125000e+02 6.000000e+00
    endloop
  endfacet
  facet normal 0.000000e+00 -0.000000e+00 1.000000e+00
    outer loop
      vertex   6.575000e+01 -1.125000e+02 6.000000e+00
      vertex   8.502000e+01 -1.074000e+02 6.000000e+00
      vertex   6.534808e+01 -1.110000e+02 6.000000e+00
    endloop
  endfacet
  facet normal 0.000000e+00 0.000000e+00 1.000000e+00
    outer loop
      vertex   1.140000e+02 -1.150981e+02 6.000000e+00
      vertex   1.129019e+02 -1.140000e+02 6.000000e+00
      vertex   8.502000e+01 -1.074000e+02 6.000000e+00
    endloop
  endfacet
  facet normal 0.000000e+00 0.000000e+00 1.000000e+00
    outer loop
      vertex   8.502000e+01 -1.074000e+02 6.000000e+00
      vertex   1.129019e+02 -1.140000e+02 6.000000e+00
      vertex   1.125000e+02 -1.125000e+02 6.000000e+00
    endloop
  endfacet
  facet normal 0.000000e+00 0.000000e+00 1.000000e+00
    outer loop
      vertex   8.502000e+01 -1.074000e+02 6.000000e+00
      vertex   1.125000e+02 -1.125000e+02 6.000000e+00
      vertex   1.129019e+02 -1.110000e+02 6.000000e+00
    endloop
  endfacet
  facet normal -0.000000e+00 0.000000e+00 1.000000e+00
    outer loop
      vertex   8.502000e+01 -1.074000e+02 6.000000e+00
      vertex   1.129019e+02 -1.110000e+02 6.000000e+00
      vertex   1.117500e+02 -8.734808e+01 6.000000e+00
    endloop
  endfacet
  facet normal 0.000000e+00 0.000000e+00 1.000000e+00
    outer loop
      vertex   1.117500e+02 -8.734808e+01 6.000000e+00
      vertex   1.129019e+02 -1.110000e+02 6.000000e+00
      vertex   1.140000e+02 -1.099019e+02 6.000000e+00
    endloop
  endfacet
  facet normal 0.000000e+00 0.000000e+00 1.000000e+00
    outer loop
      vertex   1.117500e+02 -8.734808e+01 6.000000e+00
      vertex   1.140000e+02 -1.099019e+02 6.000000e+00
      vertex   1.132500e+02 -8.775000e+01 6.000000e+00
    endloop
  endfacet
  facet normal 0.000000e+00 0.000000e+00 1.000000e+00
    outer loop
      vertex   1.132500e+02 -8.775000e+01 6.000000e+00
      vertex   1.140000e+02 -1.099019e+02 6.000000e+00
      vertex   1.155000e+02 -1.095000e+02 6.000000e+00
    endloop
  endfacet
  facet normal -0.000000e+00 0.000000e+00 1.000000e+00
    outer loop
      vertex   1.132500e+02 -8.775000e+01 6.000000e+00
      vertex   1.155000e+02 -1.095000e+02 6.000000e+00
      vertex   1.147500e+02 -8.734808e+01 6.000000e+00
    endloop
  endfacet
  facet normal 0.000000e+00 0.000000e+00 1.000000e+00
    outer loop
      vertex   1.147500e+02 -8.734808e+01 6.000000e+00
      vertex   1.155000e+02 -1.095000e+02 6.000000e+00
      vertex   1.170000e+02 -1.099019e+02 6.000000e+00
    endloop
  endfacet
  facet normal -0.000000e+00 0.000000e+00 1.000000e+00
    outer loop
      vertex   1.147500e+02 -8.734808e+01 6.000000e+00
      vertex   1.170000e+02 -1.099019e+02 6.000000e+00
      vertex   1.158481e+02 -8.625000e+01 6.000000e+00
    endloop
  endfacet
  facet normal 0.000000e+00 0.000000e+00 1.000000e+00
    outer loop
      vertex   1.158481e+02 -8.625000e+01 6.000000e+00
      vertex   1.170000e+02 -1.099019e+02 6.000000e+00
      vertex   1.180981e+02 -1.110000e+02 6.000000e+00
    endloop
  endfacet
  facet normal 0.000000e+00 0.000000e+00 1.000000e+00
    outer loop
      vertex   1.158481e+02 -8.625000e+01 6.000000e+00
      vertex   1.180981e+02 -1.110000e+02 6.000000e+00
      vertex   1.255000e+02 -1.200000e+02 6.000000e+00
    endloop
  endfacet
  facet normal 0.000000e+00 0.000000e+00 1.000000e+00
    outer loop
      vertex   6.425000e+01 -1.150981e+02 6.000000e+00
      vertex   6.275000e+01 -1.155000e+02 6.000000e+00
      vertex   1.255000e+02 -1.200000e+02 6.000000e+00
    endloop
  endfacet
  facet normal 0.000000e+00 -0.000000e+00 1.000000e+00
    outer loop
      vertex   5.975000e+01 -1.125000e+02 6.000000e+00
      vertex   6.015192e+01 -1.110000e+02 6.000000e+00
      vertex   -9.682000e+01 -1.074000e+02 6.000000e+00
    endloop
  endfacet
  facet normal 0.000000e+00 0.000000e+00 1.000000e+00
    outer loop
      vertex   -9.682000e+01 -1.074000e+02 6.000000e+00
      vertex   6.015192e+01 -1.110000e+02 6.000000e+00
      vertex   6.125000e+01 -1.099019e+02 6.000000e+00
    endloop
  endfacet
  facet normal 0.000000e+00 0.000000e+00 1.000000e+00
    outer loop
      vertex   -9.682000e+01 -1.074000e+02 6.000000e+00
      vertex   6.125000e+01 -1.099019e+02 6.000000e+00
      vertex   6.275000e+01 -1.095000e+02 6.000000e+00
    endloop
  endfacet
  facet normal -0.000000e+00 0.000000e+00 1.000000e+00
    outer loop
      vertex   1.158481e+02 3.825000e+01 6.000000e+00
      vertex   1.162500e+02 3.675000e+01 6.000000e+00
      vertex   1.255000e+02 4.900000e+01 6.000000e+00
    endloop
  endfacet
  facet normal 0.000000e+00 0.000000e+00 1.000000e+00
    outer loop
      vertex   1.255000e+02 4.900000e+01 6.000000e+00
      vertex   1.162500e+02 3.675000e+01 6.000000e+00
      vertex   1.158481e+02 3.525000e+01 6.000000e+00
    endloop
  endfacet
  facet normal 0.000000e+00 0.000000e+00 1.000000e+00
    outer loop
      vertex   1.255000e+02 4.900000e+01 6.000000e+00
      vertex   1.158481e+02 3.525000e+01 6.000000e+00
      vertex   1.158481e+02 -2.250000e+00 6.000000e+00
    endloop
  endfacet
  facet normal 0.000000e+00 -0.000000e+00 1.000000e+00
    outer loop
      vertex   1.158481e+02 -2.250000e+00 6.000000e+00
      vertex   1.158481e+02 3.525000e+01 6.000000e+00
      vertex   1.147500e+02 3.415192e+01 6.000000e+00
    endloop
  endfacet
  facet normal 0.000000e+00 0.000000e+00 1.000000e+00
    outer loop
      vertex   1.158481e+02 -2.250000e+00 6.000000e+00
      vertex   1.147500e+02 3.415192e+01 6.000000e+00
      vertex   1.147500e+02 -1.151924e+00 6.000000e+00
    endloop
  endfacet
  facet normal 0.000000e+00 -0.000000e+00 1.000000e+00
    outer loop
      vertex   1.147500e+02 -1.151924e+00 6.000000e+00
      vertex   1.147500e+02 3.415192e+01 6.000000e+00
      vertex   1.132500e+02 3.375000e+01 6.000000e+00
    endloop
  endfacet
  facet normal 0.000000e+00 0.000000e+00 1.000000e+00
    outer loop
      vertex   1.147500e+02 -1.151924e+00 6.000000e+00
      vertex   1.132500e+02 3.375000e+01 6.000000e+00
      vertex   1.132500e+02 -7.500000e-01 6.000000e+00
    endloop
  endfacet
  facet normal 0.000000e+00 -0.000000e+00 1.000000e+00
    outer loop
      vertex   1.132500e+02 -7.500000e-01 6.000000e+00
      vertex   1.132500e+02 3.375000e+01 6.000000e+00
      vertex   1.117500e+02 -1.151924e+00 6.000000e+00
    endloop
  endfacet
  facet normal 0.000000e+00 0.000000e+00 1.000000e+00
    outer loop
      vertex   1.117500e+02 -1.151924e+00 6.000000e+00
      vertex   1.132500e+02 3.375000e+01 6.000000e+00
      vertex   1.117500e+02 3.415192e+01 6.000000e+00
    endloop
  endfacet
  facet normal 0.000000e+00 -0.000000e+00 1.000000e+00
    outer loop
      vertex   1.117500e+02 -1.151924e+00 6.000000e+00
      vertex   1.117500e+02 3.415192e+01 6.000000e+00
      vertex   1.106519e+02 -2.250000e+00 6.000000e+00
    endloop
  endfacet
  facet normal 0.000000e+00 0.000000e+00 1.000000e+00
    outer loop
      vertex   1.106519e+02 -2.250000e+00 6.000000e+00
      vertex   1.117500e+02 3.415192e+01 6.000000e+00
      vertex   1.106519e+02 3.525000e+01 6.000000e+00
    endloop
  endfacet
  facet normal 0.000000e+00 -0.000000e+00 1.000000e+00
    outer loop
      vertex   1.106519e+02 -2.250000e+00 6.000000e+00
      vertex   1.106519e+02 3.525000e+01 6.000000e+00
      vertex   8.502000e+01 4.900000e+01 6.000000e+00
    endloop
  endfacet
  facet normal 0.000000e+00 0.000000e+00 1.000000e+00
    outer loop
      vertex   8.502000e+01 4.900000e+01 6.000000e+00
      vertex   1.106519e+02 3.525000e+01 6.000000e+00
      vertex   1.102500e+02 3.675000e+01 6.000000e+00
    endloop
  endfacet
  facet normal 0.000000e+00 0.000000e+00 1.000000e+00
    outer loop
      vertex   8.502000e+01 4.900000e+01 6.000000e+00
      vertex   1.102500e+02 3.675000e+01 6.000000e+00
      vertex   1.106519e+02 3.825000e+01 6.000000e+00
    endloop
  endfacet
  facet normal 0.000000e+00 -0.000000e+00 1.000000e+00
    outer loop
      vertex   1.106519e+02 3.825000e+01 6.000000e+00
      vertex   1.117500e+02 3.934808e+01 6.000000e+00
      vertex   8.502000e+01 4.900000e+01 6.000000e+00
    endloop
  endfacet
  facet normal -0.000000e+00 0.000000e+00 1.000000e+00
    outer loop
      vertex   1.147500e+02 3.934808e+01 6.000000e+00
      vertex   1.158481e+02 3.825000e+01 6.000000e+00
      vertex   1.255000e+02 4.900000e+01 6.000000e+00
    endloop
  endfacet
  facet normal -0.000000e+00 0.000000e+00 1.000000e+00
    outer loop
      vertex   1.158481e+02 -5.250000e+00 6.000000e+00
      vertex   1.162500e+02 -4.425000e+01 6.000000e+00
      vertex   1.162500e+02 -3.750000e+00 6.000000e+00
    endloop
  endfacet
  facet normal -0.000000e+00 0.000000e+00 1.000000e+00
    outer loop
      vertex   1.162500e+02 -3.750000e+00 6.000000e+00
      vertex   1.162500e+02 -4.425000e+01 6.000000e+00
      vertex   1.255000e+02 4.900000e+01 6.000000e+00
    endloop
  endfacet
  facet normal 0.000000e+00 -0.000000e+00 1.000000e+00
    outer loop
      vertex   1.162500e+02 -3.750000e+00 6.000000e+00
      vertex   1.255000e+02 4.900000e+01 6.000000e+00
      vertex   1.158481e+02 -2.250000e+00 6.000000e+00
    endloop
  endfacet
  facet normal 0.000000e+00 0.000000e+00 1.000000e+00
    outer loop
      vertex   1.162500e+02 -4.425000e+01 6.000000e+00
      vertex   1.158481e+02 -5.250000e+00 6.000000e+00
      vertex   1.158481e+02 -4.275000e+01 6.000000e+00
    endloop
  endfacet
  facet normal 0.000000e+00 -0.000000e+00 1.000000e+00
    outer loop
      vertex   1.158481e+02 -4.275000e+01 6.000000e+00
      vertex   1.158481e+02 -5.250000e+00 6.000000e+00
      vertex   1.147500e+02 -6.348076e+00 6.000000e+00
    endloop
  endfacet
  facet normal 0.000000e+00 0.000000e+00 1.000000e+00
    outer loop
      vertex   1.158481e+02 -4.275000e+01 6.000000e+00
      vertex   1.147500e+02 -6.348076e+00 6.000000e+00
      vertex   1.147500e+02 -4.165192e+01 6.000000e+00
    endloop
  endfacet
  facet normal 0.000000e+00 -0.000000e+00 1.000000e+00
    outer loop
      vertex   1.147500e+02 -4.165192e+01 6.000000e+00
      vertex   1.147500e+02 -6.348076e+00 6.000000e+00
      vertex   1.132500e+02 -6.750000e+00 6.000000e+00
    endloop
  endfacet
  facet normal 0.000000e+00 0.000000e+00 1.000000e+00
    outer loop
      vertex   1.147500e+02 -4.165192e+01 6.000000e+00
      vertex   1.132500e+02 -6.750000e+00 6.000000e+00
      vertex   1.132500e+02 -4.125000e+01 6.000000e+00
    endloop
  endfacet
  facet normal 0.000000e+00 -0.000000e+00 1.000000e+00
    outer loop
      vertex   1.132500e+02 -4.125000e+01 6.000000e+00
      vertex   1.132500e+02 -6.750000e+00 6.000000e+00
      vertex   1.117500e+02 -4.165192e+01 6.000000e+00
    endloop
  endfacet
  facet normal 0.000000e+00 0.000000e+00 1.000000e+00
    outer loop
      vertex   1.117500e+02 -4.165192e+01 6.000000e+00
      vertex   1.132500e+02 -6.750000e+00 6.000000e+00
      vertex   1.117500e+02 -6.348076e+00 6.000000e+00
    endloop
  endfacet
  facet normal 0.000000e+00 -0.000000e+00 1.000000e+00
    outer loop
      vertex   1.117500e+02 -4.165192e+01 6.000000e+00
      vertex   1.117500e+02 -6.348076e+00 6.000000e+00
      vertex   1.106519e+02 -4.275000e+01 6.000000e+00
    endloop
  endfacet
  facet normal 0.000000e+00 0.000000e+00 1.000000e+00
    outer loop
      vertex   1.106519e+02 -4.275000e+01 6.000000e+00
      vertex   1.117500e+02 -6.348076e+00 6.000000e+00
      vertex   1.106519e+02 -5.250000e+00 6.000000e+00
    endloop
  endfacet
  facet normal 0.000000e+00 -0.000000e+00 1.000000e+00
    outer loop
      vertex   1.106519e+02 -4.275000e+01 6.000000e+00
      vertex   1.106519e+02 -5.250000e+00 6.000000e+00
      vertex   1.102500e+02 -3.750000e+00 6.000000e+00
    endloop
  endfacet
  facet normal 0.000000e+00 0.000000e+00 1.000000e+00
    outer loop
      vertex   1.162500e+02 -4.425000e+01 6.000000e+00
      vertex   1.158481e+02 -4.575000e+01 6.000000e+00
      vertex   1.162500e+02 -8.475000e+01 6.000000e+00
    endloop
  endfacet
  facet normal 0.000000e+00 0.000000e+00 1.000000e+00
    outer loop
      vertex   1.162500e+02 -8.475000e+01 6.000000e+00
      vertex   1.158481e+02 -4.575000e+01 6.000000e+00
      vertex   1.158481e+02 -8.325000e+01 6.000000e+00
    endloop
  endfacet
  facet normal 0.000000e+00 -0.000000e+00 1.000000e+00
    outer loop
      vertex   1.158481e+02 -8.325000e+01 6.000000e+00
      vertex   1.158481e+02 -4.575000e+01 6.000000e+00
      vertex   1.147500e+02 -4.684808e+01 6.000000e+00
    endloop
  endfacet
  facet normal 0.000000e+00 0.000000e+00 1.000000e+00
    outer loop
      vertex   1.158481e+02 -8.325000e+01 6.000000e+00
      vertex   1.147500e+02 -4.684808e+01 6.000000e+00
      vertex   1.147500e+02 -8.215192e+01 6.000000e+00
    endloop
  endfacet
  facet normal 0.000000e+00 -0.000000e+00 1.000000e+00
    outer loop
      vertex   1.147500e+02 -8.215192e+01 6.000000e+00
      vertex   1.147500e+02 -4.684808e+01 6.000000e+00
      vertex   1.132500e+02 -4.725000e+01 6.000000e+00
    endloop
  endfacet
  facet normal 0.000000e+00 0.000000e+00 1.000000e+00
    outer loop
      vertex   1.147500e+02 -8.215192e+01 6.000000e+00
      vertex   1.132500e+02 -4.725000e+01 6.000000e+00
      vertex   1.132500e+02 -8.175000e+01 6.000000e+00
    endloop
  endfacet
  facet normal 0.000000e+00 -0.000000e+00 1.000000e+00
    outer loop
      vertex   1.132500e+02 -8.175000e+01 6.000000e+00
      vertex   1.132500e+02 -4.725000e+01 6.000000e+00
      vertex   1.117500e+02 -8.215192e+01 6.000000e+00
    endloop
  endfacet
  facet normal 0.000000e+00 0.000000e+00 1.000000e+00
    outer loop
      vertex   1.117500e+02 -8.215192e+01 6.000000e+00
      vertex   1.132500e+02 -4.725000e+01 6.000000e+00
      vertex   1.117500e+02 -4.684808e+01 6.000000e+00
    endloop
  endfacet
  facet normal 0.000000e+00 -0.000000e+00 1.000000e+00
    outer loop
      vertex   1.117500e+02 -8.215192e+01 6.000000e+00
      vertex   1.117500e+02 -4.684808e+01 6.000000e+00
      vertex   1.106519e+02 -4.575000e+01 6.000000e+00
    endloop
  endfacet
  facet normal 0.000000e+00 0.000000e+00 1.000000e+00
    outer loop
      vertex   1.102500e+02 -4.425000e+01 6.000000e+00
      vertex   8.502000e+01 -1.074000e+02 6.000000e+00
      vertex   1.106519e+02 -4.575000e+01 6.000000e+00
    endloop
  endfacet
  facet normal 0.000000e+00 0.000000e+00 1.000000e+00
    outer loop
      vertex   1.106519e+02 -4.575000e+01 6.000000e+00
      vertex   8.502000e+01 -1.074000e+02 6.000000e+00
      vertex   1.106519e+02 -8.325000e+01 6.000000e+00
    endloop
  endfacet
  facet normal 0.000000e+00 0.000000e+00 1.000000e+00
    outer loop
      vertex   1.106519e+02 -4.575000e+01 6.000000e+00
      vertex   1.106519e+02 -8.325000e+01 6.000000e+00
      vertex   1.117500e+02 -8.215192e+01 6.000000e+00
    endloop
  endfacet
  facet normal 0.000000e+00 0.000000e+00 1.000000e+00
    outer loop
      vertex   1.102500e+02 -4.425000e+01 6.000000e+00
      vertex   1.106519e+02 -4.275000e+01 6.000000e+00
      vertex   1.102500e+02 -3.750000e+00 6.000000e+00
    endloop
  endfacet
  facet normal 0.000000e+00 0.000000e+00 1.000000e+00
    outer loop
      vertex   1.117500e+02 -8.734808e+01 6.000000e+00
      vertex   1.106519e+02 -8.625000e+01 6.000000e+00
      vertex   8.502000e+01 -1.074000e+02 6.000000e+00
    endloop
  endfacet
  facet normal 0.000000e+00 0.000000e+00 1.000000e+00
    outer loop
      vertex   8.502000e+01 -1.074000e+02 6.000000e+00
      vertex   1.106519e+02 -8.625000e+01 6.000000e+00
      vertex   1.102500e+02 -8.475000e+01 6.000000e+00
    endloop
  endfacet
  facet normal 0.000000e+00 0.000000e+00 1.000000e+00
    outer loop
      vertex   8.502000e+01 -1.074000e+02 6.000000e+00
      vertex   1.102500e+02 -8.475000e+01 6.000000e+00
      vertex   1.106519e+02 -8.325000e+01 6.000000e+00
    endloop
  endfacet
  facet normal -0.000000e+00 0.000000e+00 1.000000e+00
    outer loop
      vertex   -1.106519e+02 8.550000e+01 6.000000e+00
      vertex   -1.102500e+02 8.400000e+01 6.000000e+00
      vertex   -9.682000e+01 9.210000e+01 6.000000e+00
    endloop
  endfacet
  facet normal 0.000000e+00 0.000000e+00 1.000000e+00
    outer loop
      vertex   -9.682000e+01 9.210000e+01 6.000000e+00
      vertex   -1.102500e+02 8.400000e+01 6.000000e+00
      vertex   -1.106519e+02 8.250000e+01 6.000000e+00
    endloop
  endfacet
  facet normal 0.000000e+00 0.000000e+00 1.000000e+00
    outer loop
      vertex   -9.682000e+01 9.210000e+01 6.000000e+00
      vertex   -1.106519e+02 8.250000e+01 6.000000e+00
      vertex   -1.106519e+02 4.350000e+01 6.000000e+00
    endloop
  endfacet
  facet normal 0.000000e+00 -0.000000e+00 1.000000e+00
    outer loop
      vertex   -1.106519e+02 4.350000e+01 6.000000e+00
      vertex   -1.106519e+02 8.250000e+01 6.000000e+00
      vertex   -1.117500e+02 8.140192e+01 6.000000e+00
    endloop
  endfacet
  facet normal 0.000000e+00 0.000000e+00 1.000000e+00
    outer loop
      vertex   -1.106519e+02 4.350000e+01 6.000000e+00
      vertex   -1.117500e+02 8.140192e+01 6.000000e+00
      vertex   -1.117500e+02 4.459808e+01 6.000000e+00
    endloop
  endfacet
  facet normal 0.000000e+00 -0.000000e+00 1.000000e+00
    outer loop
      vertex   -1.117500e+02 4.459808e+01 6.000000e+00
      vertex   -1.117500e+02 8.140192e+01 6.000000e+00
      vertex   -1.132500e+02 8.100000e+01 6.000000e+00
    endloop
  endfacet
  facet normal -0.000000e+00 0.000000e+00 1.000000e+00
    outer loop
      vertex   -1.132500e+02 8.700000e+01 6.000000e+00
      vertex   -1.117500e+02 8.659808e+01 6.000000e+00
      vertex   -9.682000e+01 9.210000e+01 6.000000e+00
    endloop
  endfacet
  facet normal 0.000000e+00 0.000000e+00 1.000000e+00
    outer loop
      vertex   -9.682000e+01 9.210000e+01 6.000000e+00
      vertex   -1.117500e+02 8.659808e+01 6.000000e+00
      vertex   -1.106519e+02 8.550000e+01 6.000000e+00
    endloop
  endfacet
  facet normal -0.000000e+00 0.000000e+00 1.000000e+00
    outer loop
      vertex   -1.106519e+02 4.050000e+01 6.000000e+00
      vertex   -1.102500e+02 -1.776357e-14 6.000000e+00
      vertex   -1.102500e+02 4.200000e+01 6.000000e+00
    endloop
  endfacet
  facet normal -0.000000e+00 0.000000e+00 1.000000e+00
    outer loop
      vertex   -1.102500e+02 4.200000e+01 6.000000e+00
      vertex   -1.102500e+02 -1.776357e-14 6.000000e+00
      vertex   -9.682000e+01 9.210000e+01 6.000000e+00
    endloop
  endfacet
  facet normal 0.000000e+00 -0.000000e+00 1.000000e+00
    outer loop
      vertex   -1.102500e+02 4.200000e+01 6.000000e+00
      vertex   -9.682000e+01 9.210000e+01 6.000000e+00
      vertex   -1.106519e+02 4.350000e+01 6.000000e+00
    endloop
  endfacet
  facet normal 0.000000e+00 0.000000e+00 1.000000e+00
    outer loop
      vertex   -1.102500e+02 -1.776357e-14 6.000000e+00
      vertex   -1.106519e+02 4.050000e+01 6.000000e+00
      vertex   -1.106519e+02 1.500000e+00 6.000000e+00
    endloop
  endfacet
  facet normal 0.000000e+00 -0.000000e+00 1.000000e+00
    outer loop
      vertex   -1.106519e+02 1.500000e+00 6.000000e+00
      vertex   -1.106519e+02 4.050000e+01 6.000000e+00
      vertex   -1.117500e+02 3.940192e+01 6.000000e+00
    endloop
  endfacet
  facet normal 0.000000e+00 0.000000e+00 1.000000e+00
    outer loop
      vertex   -1.106519e+02 1.500000e+00 6.000000e+00
      vertex   -1.117500e+02 3.940192e+01 6.000000e+00
      vertex   -1.117500e+02 2.598076e+00 6.000000e+00
    endloop
  endfacet
  facet normal 0.000000e+00 -0.000000e+00 1.000000e+00
    outer loop
      vertex   -1.117500e+02 2.598076e+00 6.000000e+00
      vertex   -1.117500e+02 3.940192e+01 6.000000e+00
      vertex   -1.132500e+02 3.900000e+01 6.000000e+00
    endloop
  endfacet
  facet normal 0.000000e+00 0.000000e+00 1.000000e+00
    outer loop
      vertex   -1.117500e+02 2.598076e+00 6.000000e+00
      vertex   -1.132500e+02 3.900000e+01 6.000000e+00
      vertex   -1.132500e+02 3.000000e+00 6.000000e+00
    endloop
  endfacet
  facet normal 0.000000e+00 -0.000000e+00 1.000000e+00
    outer loop
      vertex   -1.132500e+02 3.000000e+00 6.000000e+00
      vertex   -1.132500e+02 3.900000e+01 6.000000e+00
      vertex   -1.147500e+02 2.598076e+00 6.000000e+00
    endloop
  endfacet
  facet normal 0.000000e+00 0.000000e+00 1.000000e+00
    outer loop
      vertex   -1.147500e+02 2.598076e+00 6.000000e+00
      vertex   -1.132500e+02 3.900000e+01 6.000000e+00
      vertex   -1.147500e+02 3.940192e+01 6.000000e+00
    endloop
  endfacet
  facet normal 0.000000e+00 -0.000000e+00 1.000000e+00
    outer loop
      vertex   -1.147500e+02 2.598076e+00 6.000000e+00
      vertex   -1.147500e+02 3.940192e+01 6.000000e+00
      vertex   -1.158481e+02 1.500000e+00 6.000000e+00
    endloop
  endfacet
  facet normal 0.000000e+00 0.000000e+00 1.000000e+00
    outer loop
      vertex   -1.158481e+02 1.500000e+00 6.000000e+00
      vertex   -1.147500e+02 3.940192e+01 6.000000e+00
      vertex   -1.158481e+02 4.050000e+01 6.000000e+00
    endloop
  endfacet
  facet normal 0.000000e+00 -0.000000e+00 1.000000e+00
    outer loop
      vertex   -1.158481e+02 1.500000e+00 6.000000e+00
      vertex   -1.158481e+02 4.050000e+01 6.000000e+00
      vertex   -1.162500e+02 -1.813096e-14 6.000000e+00
    endloop
  endfacet
  facet normal 0.000000e+00 0.000000e+00 1.000000e+00
    outer loop
      vertex   -1.162500e+02 -1.813096e-14 6.000000e+00
      vertex   -1.158481e+02 4.050000e+01 6.000000e+00
      vertex   -1.162500e+02 4.200000e+01 6.000000e+00
    endloop
  endfacet
  facet normal 0.000000e+00 0.000000e+00 1.000000e+00
    outer loop
      vertex   -1.102500e+02 -1.776357e-14 6.000000e+00
      vertex   -1.106519e+02 -1.500000e+00 6.000000e+00
      vertex   -1.102500e+02 -4.200000e+01 6.000000e+00
    endloop
  endfacet
  facet normal 0.000000e+00 0.000000e+00 1.000000e+00
    outer loop
      vertex   -1.102500e+02 -4.200000e+01 6.000000e+00
      vertex   -1.106519e+02 -1.500000e+00 6.000000e+00
      vertex   -1.106519e+02 -4.050000e+01 6.000000e+00
    endloop
  endfacet
  facet normal 0.000000e+00 -0.000000e+00 1.000000e+00
    outer loop
      vertex   -1.106519e+02 -4.050000e+01 6.000000e+00
      vertex   -1.106519e+02 -1.500000e+00 6.000000e+00
      vertex   -1.117500e+02 -2.598076e+00 6.000000e+00
    endloop
  endfacet
  facet normal 0.000000e+00 0.000000e+00 1.000000e+00
    outer loop
      vertex   -1.106519e+02 -4.050000e+01 6.000000e+00
      vertex   -1.117500e+02 -2.598076e+00 6.000000e+00
      vertex   -1.117500e+02 -3.940192e+01 6.000000e+00
    endloop
  endfacet
  facet normal 0.000000e+00 -0.000000e+00 1.000000e+00
    outer loop
      vertex   -1.117500e+02 -3.940192e+01 6.000000e+00
      vertex   -1.117500e+02 -2.598076e+00 6.000000e+00
      vertex   -1.132500e+02 -3.000000e+00 6.000000e+00
    endloop
  endfacet
  facet normal 0.000000e+00 0.000000e+00 1.000000e+00
    outer loop
      vertex   -1.117500e+02 -3.940192e+01 6.000000e+00
      vertex   -1.132500e+02 -3.000000e+00 6.000000e+00
      vertex   -1.132500e+02 -3.900000e+01 6.000000e+00
    endloop
  endfacet
  facet normal 0.000000e+00 -0.000000e+00 1.000000e+00
    outer loop
      vertex   -1.132500e+02 -3.900000e+01 6.000000e+00
      vertex   -1.132500e+02 -3.000000e+00 6.000000e+00
      vertex   -1.147500e+02 -3.940192e+01 6.000000e+00
    endloop
  endfacet
  facet normal 0.000000e+00 0.000000e+00 1.000000e+00
    outer loop
      vertex   -1.147500e+02 -3.940192e+01 6.000000e+00
      vertex   -1.132500e+02 -3.000000e+00 6.000000e+00
      vertex   -1.147500e+02 -2.598076e+00 6.000000e+00
    endloop
  endfacet
  facet normal 0.000000e+00 -0.000000e+00 1.000000e+00
    outer loop
      vertex   -1.147500e+02 -3.940192e+01 6.000000e+00
      vertex   -1.147500e+02 -2.598076e+00 6.000000e+00
      vertex   -1.158481e+02 -4.050000e+01 6.000000e+00
    endloop
  endfacet
  facet normal 0.000000e+00 0.000000e+00 1.000000e+00
    outer loop
      vertex   -1.158481e+02 -4.050000e+01 6.000000e+00
      vertex   -1.147500e+02 -2.598076e+00 6.000000e+00
      vertex   -1.158481e+02 -1.500000e+00 6.000000e+00
    endloop
  endfacet
  facet normal 0.000000e+00 -0.000000e+00 1.000000e+00
    outer loop
      vertex   -1.158481e+02 -4.050000e+01 6.000000e+00
      vertex   -1.158481e+02 -1.500000e+00 6.000000e+00
      vertex   -1.162500e+02 -4.200000e+01 6.000000e+00
    endloop
  endfacet
  facet normal 0.000000e+00 0.000000e+00 1.000000e+00
    outer loop
      vertex   -1.162500e+02 -4.200000e+01 6.000000e+00
      vertex   -1.158481e+02 -1.500000e+00 6.000000e+00
      vertex   -1.162500e+02 -1.813096e-14 6.000000e+00
    endloop
  endfacet
  facet normal 0.000000e+00 -0.000000e+00 1.000000e+00
    outer loop
      vertex   -1.162500e+02 -4.200000e+01 6.000000e+00
      vertex   -1.162500e+02 -1.813096e-14 6.000000e+00
      vertex   -1.255000e+02 -1.200000e+02 6.000000e+00
    endloop
  endfacet
  facet normal 0.000000e+00 0.000000e+00 1.000000e+00
    outer loop
      vertex   -9.682000e+01 -1.074000e+02 6.000000e+00
      vertex   -1.106519e+02 -4.350000e+01 6.000000e+00
      vertex   -1.106519e+02 -8.250000e+01 6.000000e+00
    endloop
  endfacet
  facet normal 0.000000e+00 -0.000000e+00 1.000000e+00
    outer loop
      vertex   -1.106519e+02 -8.250000e+01 6.000000e+00
      vertex   -1.106519e+02 -4.350000e+01 6.000000e+00
      vertex   -1.117500e+02 -4.459808e+01 6.000000e+00
    endloop
  endfacet
  facet normal 0.000000e+00 0.000000e+00 1.000000e+00
    outer loop
      vertex   -1.106519e+02 -8.250000e+01 6.000000e+00
      vertex   -1.117500e+02 -4.459808e+01 6.000000e+00
      vertex   -1.117500e+02 -8.140192e+01 6.000000e+00
    endloop
  endfacet
  facet normal 0.000000e+00 -0.000000e+00 1.000000e+00
    outer loop
      vertex   -1.117500e+02 -8.140192e+01 6.000000e+00
      vertex   -1.117500e+02 -4.459808e+01 6.000000e+00
      vertex   -1.132500e+02 -4.500000e+01 6.000000e+00
    endloop
  endfacet
  facet normal 0.000000e+00 0.000000e+00 1.000000e+00
    outer loop
      vertex   -1.117500e+02 -8.140192e+01 6.000000e+00
      vertex   -1.132500e+02 -4.500000e+01 6.000000e+00
      vertex   -1.132500e+02 -8.100000e+01 6.000000e+00
    endloop
  endfacet
  facet normal 0.000000e+00 -0.000000e+00 1.000000e+00
    outer loop
      vertex   -1.132500e+02 -8.100000e+01 6.000000e+00
      vertex   -1.132500e+02 -4.500000e+01 6.000000e+00
      vertex   -1.147500e+02 -8.140192e+01 6.000000e+00
    endloop
  endfacet
  facet normal 0.000000e+00 0.000000e+00 1.000000e+00
    outer loop
      vertex   -1.147500e+02 -8.140192e+01 6.000000e+00
      vertex   -1.132500e+02 -4.500000e+01 6.000000e+00
      vertex   -1.147500e+02 -4.459808e+01 6.000000e+00
    endloop
  endfacet
  facet normal 0.000000e+00 -0.000000e+00 1.000000e+00
    outer loop
      vertex   -1.147500e+02 -8.140192e+01 6.000000e+00
      vertex   -1.147500e+02 -4.459808e+01 6.000000e+00
      vertex   -1.158481e+02 -8.250000e+01 6.000000e+00
    endloop
  endfacet
  facet normal 0.000000e+00 0.000000e+00 1.000000e+00
    outer loop
      vertex   -1.158481e+02 -8.250000e+01 6.000000e+00
      vertex   -1.147500e+02 -4.459808e+01 6.000000e+00
      vertex   -1.158481e+02 -4.350000e+01 6.000000e+00
    endloop
  endfacet
  facet normal 0.000000e+00 -0.000000e+00 1.000000e+00
    outer loop
      vertex   -1.158481e+02 -8.250000e+01 6.000000e+00
      vertex   -1.158481e+02 -4.350000e+01 6.000000e+00
      vertex   -1.162500e+02 -4.200000e+01 6.000000e+00
    endloop
  endfacet
  facet normal 0.000000e+00 0.000000e+00 1.000000e+00
    outer loop
      vertex   -1.106519e+02 -8.250000e+01 6.000000e+00
      vertex   -1.102500e+02 -8.400000e+01 6.000000e+00
      vertex   -9.682000e+01 -1.074000e+02 6.000000e+00
    endloop
  endfacet
  facet normal 0.000000e+00 0.000000e+00 1.000000e+00
    outer loop
      vertex   -9.682000e+01 -1.074000e+02 6.000000e+00
      vertex   -1.102500e+02 -8.400000e+01 6.000000e+00
      vertex   -1.106519e+02 -8.550000e+01 6.000000e+00
    endloop
  endfacet
  facet normal 0.000000e+00 0.000000e+00 1.000000e+00
    outer loop
      vertex   -9.682000e+01 -1.074000e+02 6.000000e+00
      vertex   -1.106519e+02 -8.550000e+01 6.000000e+00
      vertex   -1.117500e+02 -8.659808e+01 6.000000e+00
    endloop
  endfacet
  facet normal 0.000000e+00 0.000000e+00 1.000000e+00
    outer loop
      vertex   -1.117500e+02 -8.659808e+01 6.000000e+00
      vertex   -1.132500e+02 -8.700000e+01 6.000000e+00
      vertex   -9.682000e+01 -1.074000e+02 6.000000e+00
    endloop
  endfacet
  facet normal 0.000000e+00 0.000000e+00 1.000000e+00
    outer loop
      vertex   -1.162500e+02 -8.400000e+01 6.000000e+00
      vertex   -1.158481e+02 -8.250000e+01 6.000000e+00
      vertex   -1.162500e+02 -4.200000e+01 6.000000e+00
    endloop
  endfacet
  facet normal -6.368814e-01 7.709618e-01 0.000000e+00
    outer loop
      vertex   -1.220442e+02 1.128548e+02 0.000000e+00
      vertex   -1.236844e+02 1.114998e+02 0.000000e+00
      vertex   -1.220442e+02 1.128548e+02 6.000000e+00
    endloop
  endfacet
  facet normal -6.368814e-01 7.709618e-01 0.000000e+00
    outer loop
      vertex   -1.220442e+02 1.128548e+02 6.000000e+00
      vertex   -1.236844e+02 1.114998e+02 0.000000e+00
      vertex   -1.236844e+02 1.114998e+02 6.000000e+00
    endloop
  endfacet
  facet normal 6.087614e-01 7.933533e-01 -0.000000e+00
    outer loop
      vertex   5.603553e+01 5.046447e+01 0.000000e+00
      vertex   5.603553e+01 5.046447e+01 7.000000e+00
      vertex   5.707107e+01 4.966987e+01 0.000000e+00
    endloop
  endfacet
  facet normal 6.087614e-01 7.933533e-01 -0.000000e+00
    outer loop
      vertex   5.707107e+01 4.966987e+01 0.000000e+00
      vertex   5.603553e+01 5.046447e+01 7.000000e+00
      vertex   5.707107e+01 4.966987e+01 7.000000e+00
    endloop
  endfacet
  facet normal 3.826834e-01 9.238795e-01 -0.000000e+00
    outer loop
      vertex   5.707107e+01 4.966987e+01 0.000000e+00
      vertex   5.707107e+01 4.966987e+01 7.000000e+00
      vertex   5.827697e+01 4.917037e+01 7.000000e+00
    endloop
  endfacet
  facet normal 1.305262e-01 9.914449e-01 0.000000e+00
    outer loop
      vertex   5.957107e+01 4.900000e+01 7.000000e+00
      vertex   5.957107e+01 4.900000e+01 0.000000e+00
      vertex   5.827697e+01 4.917037e+01 7.000000e+00
    endloop
  endfacet
  facet normal 1.305262e-01 9.914449e-01 0.000000e+00
    outer loop
      vertex   5.827697e+01 4.917037e+01 7.000000e+00
      vertex   5.957107e+01 4.900000e+01 0.000000e+00
      vertex   5.827697e+01 4.917037e+01 0.000000e+00
    endloop
  endfacet
  facet normal 3.826834e-01 9.238795e-01 0.000000e+00
    outer loop
      vertex   5.827697e+01 4.917037e+01 7.000000e+00
      vertex   5.827697e+01 4.917037e+01 0.000000e+00
      vertex   5.707107e+01 4.966987e+01 0.000000e+00
    endloop
  endfacet
  facet normal -4.310962e-16 1.000000e+00 -1.724224e-15
    outer loop
      vertex   1.255000e+02 4.900000e+01 0.000000e+00
      vertex   5.957107e+01 4.900000e+01 0.000000e+00
      vertex   8.502000e+01 4.900000e+01 6.000000e+00
    endloop
  endfacet
  facet normal -8.376101e-16 1.000000e+00 0.000000e+00
    outer loop
      vertex   8.502000e+01 4.900000e+01 6.000000e+00
      vertex   5.957107e+01 4.900000e+01 0.000000e+00
      vertex   5.957107e+01 4.900000e+01 7.000000e+00
    endloop
  endfacet
  facet normal -8.376101e-16 1.000000e+00 0.000000e+00
    outer loop
      vertex   8.502000e+01 4.900000e+01 6.000000e+00
      vertex   5.957107e+01 4.900000e+01 7.000000e+00
      vertex   8.502000e+01 4.900000e+01 7.000000e+00
    endloop
  endfacet
  facet normal -7.021173e-16 1.000000e+00 -3.552714e-15
    outer loop
      vertex   8.502000e+01 4.900000e+01 6.000000e+00
      vertex   1.255000e+02 4.900000e+01 6.000000e+00
      vertex   1.255000e+02 4.900000e+01 0.000000e+00
    endloop
  endfacet
  facet normal 7.933533e-01 6.087614e-01 0.000000e+00
    outer loop
      vertex   4.896447e+01 5.753553e+01 7.000000e+00
      vertex   4.896447e+01 5.753553e+01 0.000000e+00
      vertex   4.816987e+01 5.857107e+01 7.000000e+00
    endloop
  endfacet
  facet normal 7.933533e-01 6.087614e-01 0.000000e+00
    outer loop
      vertex   4.816987e+01 5.857107e+01 7.000000e+00
      vertex   4.896447e+01 5.753553e+01 0.000000e+00
      vertex   4.816987e+01 5.857107e+01 0.000000e+00
    endloop
  endfacet
  facet normal 9.238795e-01 3.826834e-01 0.000000e+00
    outer loop
      vertex   4.816987e+01 5.857107e+01 7.000000e+00
      vertex   4.816987e+01 5.857107e+01 0.000000e+00
      vertex   4.767037e+01 5.977697e+01 0.000000e+00
    endloop
  endfacet
  facet normal 9.914449e-01 1.305262e-01 -0.000000e+00
    outer loop
      vertex   4.750000e+01 6.107107e+01 0.000000e+00
      vertex   4.750000e+01 6.107107e+01 7.000000e+00
      vertex   4.767037e+01 5.977697e+01 0.000000e+00
    endloop
  endfacet
  facet normal 9.914449e-01 1.305262e-01 -0.000000e+00
    outer loop
      vertex   4.767037e+01 5.977697e+01 0.000000e+00
      vertex   4.750000e+01 6.107107e+01 7.000000e+00
      vertex   4.767037e+01 5.977697e+01 7.000000e+00
    endloop
  endfacet
  facet normal 9.238795e-01 3.826834e-01 -0.000000e+00
    outer loop
      vertex   4.767037e+01 5.977697e+01 0.000000e+00
      vertex   4.767037e+01 5.977697e+01 7.000000e+00
      vertex   4.816987e+01 5.857107e+01 7.000000e+00
    endloop
  endfacet
  facet normal 1.000000e+00 9.733462e-16 0.000000e+00
    outer loop
      vertex   4.750000e+01 1.140000e+02 6.000000e+00
      vertex   4.750000e+01 9.210000e+01 6.000000e+00
      vertex   4.750000e+01 1.140000e+02 0.000000e+00
    endloop
  endfacet
  facet normal 1.000000e+00 4.027340e-16 -2.082734e-15
    outer loop
      vertex   4.750000e+01 1.140000e+02 0.000000e+00
      vertex   4.750000e+01 9.210000e+01 6.000000e+00
      vertex   4.750000e+01 6.107107e+01 0.000000e+00
    endloop
  endfacet
  facet normal 1.000000e+00 0.000000e+00 0.000000e+00
    outer loop
      vertex   4.750000e+01 6.107107e+01 0.000000e+00
      vertex   4.750000e+01 9.210000e+01 6.000000e+00
      vertex   4.750000e+01 6.107107e+01 7.000000e+00
    endloop
  endfacet
  facet normal 1.000000e+00 -0.000000e+00 0.000000e+00
    outer loop
      vertex   4.750000e+01 6.107107e+01 7.000000e+00
      vertex   4.750000e+01 9.210000e+01 6.000000e+00
      vertex   4.750000e+01 9.210000e+01 7.000000e+00
    endloop
  endfacet
  facet normal -2.842171e-16 1.000000e+00 0.000000e+00
    outer loop
      vertex   -8.750000e+00 -1.100000e+02 0.000000e+00
      vertex   -1.087500e+02 -1.100000e+02 0.000000e+00
      vertex   -8.750000e+00 -1.100000e+02 3.250000e+00
    endloop
  endfacet
  facet normal -2.842171e-16 1.000000e+00 0.000000e+00
    outer loop
      vertex   -8.750000e+00 -1.100000e+02 3.250000e+00
      vertex   -1.087500e+02 -1.100000e+02 0.000000e+00
      vertex   -1.087500e+02 -1.100000e+02 3.250000e+00
    endloop
  endfacet
  facet normal 1.000000e+00 -6.344132e-17 0.000000e+00
    outer loop
      vertex   -1.087500e+02 1.140000e+02 3.250000e+00
      vertex   -1.087500e+02 -1.100000e+02 3.250000e+00
      vertex   -1.087500e+02 1.140000e+02 0.000000e+00
    endloop
  endfacet
  facet normal 1.000000e+00 -6.344132e-17 0.000000e+00
    outer loop
      vertex   -1.087500e+02 1.140000e+02 0.000000e+00
      vertex   -1.087500e+02 -1.100000e+02 3.250000e+00
      vertex   -1.087500e+02 -1.100000e+02 0.000000e+00
    endloop
  endfacet
  facet normal 0.000000e+00 -0.000000e+00 -1.000000e+00
    outer loop
      vertex   -1.087500e+02 1.140000e+02 3.250000e+00
      vertex   -8.750000e+00 1.140000e+02 3.250000e+00
      vertex   -1.087500e+02 -1.100000e+02 3.250000e+00
    endloop
  endfacet
  facet normal 0.000000e+00 0.000000e+00 -1.000000e+00
    outer loop
      vertex   -1.087500e+02 -1.100000e+02 3.250000e+00
      vertex   -8.750000e+00 1.140000e+02 3.250000e+00
      vertex   -8.750000e+00 -1.100000e+02 3.250000e+00
    endloop
  endfacet
  facet normal -6.334606e-01 -1.697352e-01 7.549289e-01
    outer loop
      vertex   -1.106519e+02 -8.250000e+01 6.000000e+00
      vertex   -1.119510e+02 -8.325000e+01 4.741351e+00
      vertex   -1.102500e+02 -8.400000e+01 6.000000e+00
    endloop
  endfacet
  facet normal -6.334606e-01 -1.697352e-01 7.549289e-01
    outer loop
      vertex   -1.102500e+02 -8.400000e+01 6.000000e+00
      vertex   -1.119510e+02 -8.325000e+01 4.741351e+00
      vertex   -1.117500e+02 -8.400000e+01 4.741351e+00
    endloop
  endfacet
  facet normal -6.334606e-01 1.697352e-01 7.549289e-01
    outer loop
      vertex   -1.102500e+02 -8.400000e+01 6.000000e+00
      vertex   -1.117500e+02 -8.400000e+01 4.741351e+00
      vertex   -1.106519e+02 -8.550000e+01 6.000000e+00
    endloop
  endfacet
  facet normal -6.334606e-01 1.697352e-01 7.549289e-01
    outer loop
      vertex   -1.106519e+02 -8.550000e+01 6.000000e+00
      vertex   -1.117500e+02 -8.400000e+01 4.741351e+00
      vertex   -1.119510e+02 -8.475000e+01 4.741351e+00
    endloop
  endfacet
  facet normal -4.637253e-01 4.637253e-01 7.549289e-01
    outer loop
      vertex   -1.106519e+02 -8.550000e+01 6.000000e+00
      vertex   -1.119510e+02 -8.475000e+01 4.741351e+00
      vertex   -1.117500e+02 -8.659808e+01 6.000000e+00
    endloop
  endfacet
  facet normal -4.637253e-01 4.637253e-01 7.549289e-01
    outer loop
      vertex   -1.117500e+02 -8.659808e+01 6.000000e+00
      vertex   -1.119510e+02 -8.475000e+01 4.741351e+00
      vertex   -1.125000e+02 -8.529904e+01 4.741351e+00
    endloop
  endfacet
  facet normal -1.697352e-01 6.334606e-01 7.549289e-01
    outer loop
      vertex   -1.117500e+02 -8.659808e+01 6.000000e+00
      vertex   -1.125000e+02 -8.529904e+01 4.741351e+00
      vertex   -1.132500e+02 -8.700000e+01 6.000000e+00
    endloop
  endfacet
  facet normal -1.697352e-01 6.334606e-01 7.549289e-01
    outer loop
      vertex   -1.132500e+02 -8.700000e+01 6.000000e+00
      vertex   -1.125000e+02 -8.529904e+01 4.741351e+00
      vertex   -1.132500e+02 -8.550000e+01 4.741351e+00
    endloop
  endfacet
  facet normal 1.697352e-01 6.334606e-01 7.549289e-01
    outer loop
      vertex   -1.132500e+02 -8.700000e+01 6.000000e+00
      vertex   -1.132500e+02 -8.550000e+01 4.741351e+00
      vertex   -1.147500e+02 -8.659808e+01 6.000000e+00
    endloop
  endfacet
  facet normal 1.697352e-01 6.334606e-01 7.549289e-01
    outer loop
      vertex   -1.147500e+02 -8.659808e+01 6.000000e+00
      vertex   -1.132500e+02 -8.550000e+01 4.741351e+00
      vertex   -1.140000e+02 -8.529904e+01 4.741351e+00
    endloop
  endfacet
  facet normal 4.637253e-01 4.637253e-01 7.549289e-01
    outer loop
      vertex   -1.147500e+02 -8.659808e+01 6.000000e+00
      vertex   -1.140000e+02 -8.529904e+01 4.741351e+00
      vertex   -1.158481e+02 -8.550000e+01 6.000000e+00
    endloop
  endfacet
  facet normal 4.637253e-01 4.637253e-01 7.549289e-01
    outer loop
      vertex   -1.158481e+02 -8.550000e+01 6.000000e+00
      vertex   -1.140000e+02 -8.529904e+01 4.741351e+00
      vertex   -1.145490e+02 -8.475000e+01 4.741351e+00
    endloop
  endfacet
  facet normal 6.334606e-01 1.697352e-01 7.549289e-01
    outer loop
      vertex   -1.158481e+02 -8.550000e+01 6.000000e+00
      vertex   -1.145490e+02 -8.475000e+01 4.741351e+00
      vertex   -1.162500e+02 -8.400000e+01 6.000000e+00
    endloop
  endfacet
  facet normal 6.334606e-01 1.697352e-01 7.549289e-01
    outer loop
      vertex   -1.162500e+02 -8.400000e+01 6.000000e+00
      vertex   -1.145490e+02 -8.475000e+01 4.741351e+00
      vertex   -1.147500e+02 -8.400000e+01 4.741351e+00
    endloop
  endfacet
  facet normal 6.334606e-01 -1.697352e-01 7.549289e-01
    outer loop
      vertex   -1.162500e+02 -8.400000e+01 6.000000e+00
      vertex   -1.147500e+02 -8.400000e+01 4.741351e+00
      vertex   -1.158481e+02 -8.250000e+01 6.000000e+00
    endloop
  endfacet
  facet normal 6.334606e-01 -1.697352e-01 7.549289e-01
    outer loop
      vertex   -1.158481e+02 -8.250000e+01 6.000000e+00
      vertex   -1.147500e+02 -8.400000e+01 4.741351e+00
      vertex   -1.145490e+02 -8.325000e+01 4.741351e+00
    endloop
  endfacet
  facet normal 4.637253e-01 -4.637253e-01 7.549289e-01
    outer loop
      vertex   -1.158481e+02 -8.250000e+01 6.000000e+00
      vertex   -1.145490e+02 -8.325000e+01 4.741351e+00
      vertex   -1.147500e+02 -8.140192e+01 6.000000e+00
    endloop
  endfacet
  facet normal 4.637253e-01 -4.637253e-01 7.549289e-01
    outer loop
      vertex   -1.147500e+02 -8.140192e+01 6.000000e+00
      vertex   -1.145490e+02 -8.325000e+01 4.741351e+00
      vertex   -1.140000e+02 -8.270096e+01 4.741351e+00
    endloop
  endfacet
  facet normal 1.697352e-01 -6.334606e-01 7.549289e-01
    outer loop
      vertex   -1.147500e+02 -8.140192e+01 6.000000e+00
      vertex   -1.140000e+02 -8.270096e+01 4.741351e+00
      vertex   -1.132500e+02 -8.100000e+01 6.000000e+00
    endloop
  endfacet
  facet normal 1.697352e-01 -6.334606e-01 7.549289e-01
    outer loop
      vertex   -1.132500e+02 -8.100000e+01 6.000000e+00
      vertex   -1.140000e+02 -8.270096e+01 4.741351e+00
      vertex   -1.132500e+02 -8.250000e+01 4.741351e+00
    endloop
  endfacet
  facet normal -1.697352e-01 -6.334606e-01 7.549289e-01
    outer loop
      vertex   -1.132500e+02 -8.100000e+01 6.000000e+00
      vertex   -1.132500e+02 -8.250000e+01 4.741351e+00
      vertex   -1.117500e+02 -8.140192e+01 6.000000e+00
    endloop
  endfacet
  facet normal -1.697352e-01 -6.334606e-01 7.549289e-01
    outer loop
      vertex   -1.117500e+02 -8.140192e+01 6.000000e+00
      vertex   -1.132500e+02 -8.250000e+01 4.741351e+00
      vertex   -1.125000e+02 -8.270096e+01 4.741351e+00
    endloop
  endfacet
  facet normal -4.637253e-01 -4.637253e-01 7.549289e-01
    outer loop
      vertex   -1.117500e+02 -8.140192e+01 6.000000e+00
      vertex   -1.125000e+02 -8.270096e+01 4.741351e+00
      vertex   -1.106519e+02 -8.250000e+01 6.000000e+00
    endloop
  endfacet
  facet normal -4.637253e-01 -4.637253e-01 7.549289e-01
    outer loop
      vertex   -1.106519e+02 -8.250000e+01 6.000000e+00
      vertex   -1.125000e+02 -8.270096e+01 4.741351e+00
      vertex   -1.119510e+02 -8.325000e+01 4.741351e+00
    endloop
  endfacet
  facet normal 9.659258e-01 -2.588190e-01 0.000000e+00
    outer loop
      vertex   -1.145490e+02 -8.325000e+01 0.000000e+00
      vertex   -1.145490e+02 -8.325000e+01 4.741351e+00
      vertex   -1.147500e+02 -8.400000e+01 0.000000e+00
    endloop
  endfacet
  facet normal 9.659258e-01 -2.588190e-01 0.000000e+00
    outer loop
      vertex   -1.147500e+02 -8.400000e+01 0.000000e+00
      vertex   -1.145490e+02 -8.325000e+01 4.741351e+00
      vertex   -1.147500e+02 -8.400000e+01 4.741351e+00
    endloop
  endfacet
  facet normal 9.659258e-01 2.588190e-01 -0.000000e+00
    outer loop
      vertex   -1.147500e+02 -8.400000e+01 0.000000e+00
      vertex   -1.147500e+02 -8.400000e+01 4.741351e+00
      vertex   -1.145490e+02 -8.475000e+01 0.000000e+00
    endloop
  endfacet
  facet normal 9.659258e-01 2.588190e-01 -0.000000e+00
    outer loop
      vertex   -1.145490e+02 -8.475000e+01 0.000000e+00
      vertex   -1.147500e+02 -8.400000e+01 4.741351e+00
      vertex   -1.145490e+02 -8.475000e+01 4.741351e+00
    endloop
  endfacet
  facet normal 7.071068e-01 7.071068e-01 -0.000000e+00
    outer loop
      vertex   -1.145490e+02 -8.475000e+01 0.000000e+00
      vertex   -1.145490e+02 -8.475000e+01 4.741351e+00
      vertex   -1.140000e+02 -8.529904e+01 0.000000e+00
    endloop
  endfacet
  facet normal 7.071068e-01 7.071068e-01 -0.000000e+00
    outer loop
      vertex   -1.140000e+02 -8.529904e+01 0.000000e+00
      vertex   -1.145490e+02 -8.475000e+01 4.741351e+00
      vertex   -1.140000e+02 -8.529904e+01 4.741351e+00
    endloop
  endfacet
  facet normal 2.588190e-01 9.659258e-01 -0.000000e+00
    outer loop
      vertex   -1.140000e+02 -8.529904e+01 0.000000e+00
      vertex   -1.140000e+02 -8.529904e+01 4.741351e+00
      vertex   -1.132500e+02 -8.550000e+01 0.000000e+00
    endloop
  endfacet
  facet normal 2.588190e-01 9.659258e-01 -0.000000e+00
    outer loop
      vertex   -1.132500e+02 -8.550000e+01 0.000000e+00
      vertex   -1.140000e+02 -8.529904e+01 4.741351e+00
      vertex   -1.132500e+02 -8.550000e+01 4.741351e+00
    endloop
  endfacet
  facet normal -2.588190e-01 9.659258e-01 0.000000e+00
    outer loop
      vertex   -1.132500e+02 -8.550000e+01 0.000000e+00
      vertex   -1.132500e+02 -8.550000e+01 4.741351e+00
      vertex   -1.125000e+02 -8.529904e+01 0.000000e+00
    endloop
  endfacet
  facet normal -2.588190e-01 9.659258e-01 0.000000e+00
    outer loop
      vertex   -1.125000e+02 -8.529904e+01 0.000000e+00
      vertex   -1.132500e+02 -8.550000e+01 4.741351e+00
      vertex   -1.125000e+02 -8.529904e+01 4.741351e+00
    endloop
  endfacet
  facet normal -7.071068e-01 7.071068e-01 0.000000e+00
    outer loop
      vertex   -1.125000e+02 -8.529904e+01 0.000000e+00
      vertex   -1.125000e+02 -8.529904e+01 4.741351e+00
      vertex   -1.119510e+02 -8.475000e+01 0.000000e+00
    endloop
  endfacet
  facet normal -7.071068e-01 7.071068e-01 0.000000e+00
    outer loop
      vertex   -1.119510e+02 -8.475000e+01 0.000000e+00
      vertex   -1.125000e+02 -8.529904e+01 4.741351e+00
      vertex   -1.119510e+02 -8.475000e+01 4.741351e+00
    endloop
  endfacet
  facet normal -9.659258e-01 2.588190e-01 0.000000e+00
    outer loop
      vertex   -1.119510e+02 -8.475000e+01 0.000000e+00
      vertex   -1.119510e+02 -8.475000e+01 4.741351e+00
      vertex   -1.117500e+02 -8.400000e+01 0.000000e+00
    endloop
  endfacet
  facet normal -9.659258e-01 2.588190e-01 0.000000e+00
    outer loop
      vertex   -1.117500e+02 -8.400000e+01 0.000000e+00
      vertex   -1.119510e+02 -8.475000e+01 4.741351e+00
      vertex   -1.117500e+02 -8.400000e+01 4.741351e+00
    endloop
  endfacet
  facet normal -9.659258e-01 -2.588190e-01 0.000000e+00
    outer loop
      vertex   -1.117500e+02 -8.400000e+01 0.000000e+00
      vertex   -1.117500e+02 -8.400000e+01 4.741351e+00
      vertex   -1.119510e+02 -8.325000e+01 0.000000e+00
    endloop
  endfacet
  facet normal -9.659258e-01 -2.588190e-01 0.000000e+00
    outer loop
      vertex   -1.119510e+02 -8.325000e+01 0.000000e+00
      vertex   -1.117500e+02 -8.400000e+01 4.741351e+00
      vertex   -1.119510e+02 -8.325000e+01 4.741351e+00
    endloop
  endfacet
  facet normal -7.071068e-01 -7.071068e-01 0.000000e+00
    outer loop
      vertex   -1.119510e+02 -8.325000e+01 0.000000e+00
      vertex   -1.119510e+02 -8.325000e+01 4.741351e+00
      vertex   -1.125000e+02 -8.270096e+01 0.000000e+00
    endloop
  endfacet
  facet normal -7.071068e-01 -7.071068e-01 0.000000e+00
    outer loop
      vertex   -1.125000e+02 -8.270096e+01 0.000000e+00
      vertex   -1.119510e+02 -8.325000e+01 4.741351e+00
      vertex   -1.125000e+02 -8.270096e+01 4.741351e+00
    endloop
  endfacet
  facet normal -2.588190e-01 -9.659258e-01 0.000000e+00
    outer loop
      vertex   -1.125000e+02 -8.270096e+01 0.000000e+00
      vertex   -1.125000e+02 -8.270096e+01 4.741351e+00
      vertex   -1.132500e+02 -8.250000e+01 0.000000e+00
    endloop
  endfacet
  facet normal -2.588190e-01 -9.659258e-01 0.000000e+00
    outer loop
      vertex   -1.132500e+02 -8.250000e+01 0.000000e+00
      vertex   -1.125000e+02 -8.270096e+01 4.741351e+00
      vertex   -1.132500e+02 -8.250000e+01 4.741351e+00
    endloop
  endfacet
  facet normal 2.588190e-01 -9.659258e-01 0.000000e+00
    outer loop
      vertex   -1.132500e+02 -8.250000e+01 0.000000e+00
      vertex   -1.132500e+02 -8.250000e+01 4.741351e+00
      vertex   -1.140000e+02 -8.270096e+01 0.000000e+00
    endloop
  endfacet
  facet normal 2.588190e-01 -9.659258e-01 0.000000e+00
    outer loop
      vertex   -1.140000e+02 -8.270096e+01 0.000000e+00
      vertex   -1.132500e+02 -8.250000e+01 4.741351e+00
      vertex   -1.140000e+02 -8.270096e+01 4.741351e+00
    endloop
  endfacet
  facet normal 7.071068e-01 -7.071068e-01 0.000000e+00
    outer loop
      vertex   -1.140000e+02 -8.270096e+01 0.000000e+00
      vertex   -1.140000e+02 -8.270096e+01 4.741351e+00
      vertex   -1.145490e+02 -8.325000e+01 0.000000e+00
    endloop
  endfacet
  facet normal 7.071068e-01 -7.071068e-01 0.000000e+00
    outer loop
      vertex   -1.145490e+02 -8.325000e+01 0.000000e+00
      vertex   -1.140000e+02 -8.270096e+01 4.741351e+00
      vertex   -1.145490e+02 -8.325000e+01 4.741351e+00
    endloop
  endfacet
  facet normal -6.334606e-01 -1.697352e-01 7.549289e-01
    outer loop
      vertex   -1.106519e+02 -4.050000e+01 6.000000e+00
      vertex   -1.119510e+02 -4.125000e+01 4.741351e+00
      vertex   -1.102500e+02 -4.200000e+01 6.000000e+00
    endloop
  endfacet
  facet normal -6.334606e-01 -1.697352e-01 7.549289e-01
    outer loop
      vertex   -1.102500e+02 -4.200000e+01 6.000000e+00
      vertex   -1.119510e+02 -4.125000e+01 4.741351e+00
      vertex   -1.117500e+02 -4.200000e+01 4.741351e+00
    endloop
  endfacet
  facet normal -6.334606e-01 1.697352e-01 7.549289e-01
    outer loop
      vertex   -1.102500e+02 -4.200000e+01 6.000000e+00
      vertex   -1.117500e+02 -4.200000e+01 4.741351e+00
      vertex   -1.106519e+02 -4.350000e+01 6.000000e+00
    endloop
  endfacet
  facet normal -6.334606e-01 1.697352e-01 7.549289e-01
    outer loop
      vertex   -1.106519e+02 -4.350000e+01 6.000000e+00
      vertex   -1.117500e+02 -4.200000e+01 4.741351e+00
      vertex   -1.119510e+02 -4.275000e+01 4.741351e+00
    endloop
  endfacet
  facet normal -4.637253e-01 4.637253e-01 7.549289e-01
    outer loop
      vertex   -1.106519e+02 -4.350000e+01 6.000000e+00
      vertex   -1.119510e+02 -4.275000e+01 4.741351e+00
      vertex   -1.117500e+02 -4.459808e+01 6.000000e+00
    endloop
  endfacet
  facet normal -4.637253e-01 4.637253e-01 7.549289e-01
    outer loop
      vertex   -1.117500e+02 -4.459808e+01 6.000000e+00
      vertex   -1.119510e+02 -4.275000e+01 4.741351e+00
      vertex   -1.125000e+02 -4.329904e+01 4.741351e+00
    endloop
  endfacet
  facet normal -1.697352e-01 6.334606e-01 7.549289e-01
    outer loop
      vertex   -1.117500e+02 -4.459808e+01 6.000000e+00
      vertex   -1.125000e+02 -4.329904e+01 4.741351e+00
      vertex   -1.132500e+02 -4.500000e+01 6.000000e+00
    endloop
  endfacet
  facet normal -1.697352e-01 6.334606e-01 7.549289e-01
    outer loop
      vertex   -1.132500e+02 -4.500000e+01 6.000000e+00
      vertex   -1.125000e+02 -4.329904e+01 4.741351e+00
      vertex   -1.132500e+02 -4.350000e+01 4.741351e+00
    endloop
  endfacet
  facet normal 1.697352e-01 6.334606e-01 7.549289e-01
    outer loop
      vertex   -1.132500e+02 -4.500000e+01 6.000000e+00
      vertex   -1.132500e+02 -4.350000e+01 4.741351e+00
      vertex   -1.147500e+02 -4.459808e+01 6.000000e+00
    endloop
  endfacet
  facet normal 1.697352e-01 6.334606e-01 7.549289e-01
    outer loop
      vertex   -1.147500e+02 -4.459808e+01 6.000000e+00
      vertex   -1.132500e+02 -4.350000e+01 4.741351e+00
      vertex   -1.140000e+02 -4.329904e+01 4.741351e+00
    endloop
  endfacet
  facet normal 4.637253e-01 4.637253e-01 7.549289e-01
    outer loop
      vertex   -1.147500e+02 -4.459808e+01 6.000000e+00
      vertex   -1.140000e+02 -4.329904e+01 4.741351e+00
      vertex   -1.158481e+02 -4.350000e+01 6.000000e+00
    endloop
  endfacet
  facet normal 4.637253e-01 4.637253e-01 7.549289e-01
    outer loop
      vertex   -1.158481e+02 -4.350000e+01 6.000000e+00
      vertex   -1.140000e+02 -4.329904e+01 4.741351e+00
      vertex   -1.145490e+02 -4.275000e+01 4.741351e+00
    endloop
  endfacet
  facet normal 6.334606e-01 1.697352e-01 7.549289e-01
    outer loop
      vertex   -1.158481e+02 -4.350000e+01 6.000000e+00
      vertex   -1.145490e+02 -4.275000e+01 4.741351e+00
      vertex   -1.162500e+02 -4.200000e+01 6.000000e+00
    endloop
  endfacet
  facet normal 6.334606e-01 1.697352e-01 7.549289e-01
    outer loop
      vertex   -1.162500e+02 -4.200000e+01 6.000000e+00
      vertex   -1.145490e+02 -4.275000e+01 4.741351e+00
      vertex   -1.147500e+02 -4.200000e+01 4.741351e+00
    endloop
  endfacet
  facet normal 6.334606e-01 -1.697352e-01 7.549289e-01
    outer loop
      vertex   -1.162500e+02 -4.200000e+01 6.000000e+00
      vertex   -1.147500e+02 -4.200000e+01 4.741351e+00
      vertex   -1.158481e+02 -4.050000e+01 6.000000e+00
    endloop
  endfacet
  facet normal 6.334606e-01 -1.697352e-01 7.549289e-01
    outer loop
      vertex   -1.158481e+02 -4.050000e+01 6.000000e+00
      vertex   -1.147500e+02 -4.200000e+01 4.741351e+00
      vertex   -1.145490e+02 -4.125000e+01 4.741351e+00
    endloop
  endfacet
  facet normal 4.637253e-01 -4.637253e-01 7.549289e-01
    outer loop
      vertex   -1.158481e+02 -4.050000e+01 6.000000e+00
      vertex   -1.145490e+02 -4.125000e+01 4.741351e+00
      vertex   -1.147500e+02 -3.940192e+01 6.000000e+00
    endloop
  endfacet
  facet normal 4.637253e-01 -4.637253e-01 7.549289e-01
    outer loop
      vertex   -1.147500e+02 -3.940192e+01 6.000000e+00
      vertex   -1.145490e+02 -4.125000e+01 4.741351e+00
      vertex   -1.140000e+02 -4.070096e+01 4.741351e+00
    endloop
  endfacet
  facet normal 1.697352e-01 -6.334606e-01 7.549289e-01
    outer loop
      vertex   -1.147500e+02 -3.940192e+01 6.000000e+00
      vertex   -1.140000e+02 -4.070096e+01 4.741351e+00
      vertex   -1.132500e+02 -3.900000e+01 6.000000e+00
    endloop
  endfacet
  facet normal 1.697352e-01 -6.334606e-01 7.549289e-01
    outer loop
      vertex   -1.132500e+02 -3.900000e+01 6.000000e+00
      vertex   -1.140000e+02 -4.070096e+01 4.741351e+00
      vertex   -1.132500e+02 -4.050000e+01 4.741351e+00
    endloop
  endfacet
  facet normal -1.697352e-01 -6.334606e-01 7.549289e-01
    outer loop
      vertex   -1.132500e+02 -3.900000e+01 6.000000e+00
      vertex   -1.132500e+02 -4.050000e+01 4.741351e+00
      vertex   -1.117500e+02 -3.940192e+01 6.000000e+00
    endloop
  endfacet
  facet normal -1.697352e-01 -6.334606e-01 7.549289e-01
    outer loop
      vertex   -1.117500e+02 -3.940192e+01 6.000000e+00
      vertex   -1.132500e+02 -4.050000e+01 4.741351e+00
      vertex   -1.125000e+02 -4.070096e+01 4.741351e+00
    endloop
  endfacet
  facet normal -4.637253e-01 -4.637253e-01 7.549289e-01
    outer loop
      vertex   -1.117500e+02 -3.940192e+01 6.000000e+00
      vertex   -1.125000e+02 -4.070096e+01 4.741351e+00
      vertex   -1.106519e+02 -4.050000e+01 6.000000e+00
    endloop
  endfacet
  facet normal -4.637253e-01 -4.637253e-01 7.549289e-01
    outer loop
      vertex   -1.106519e+02 -4.050000e+01 6.000000e+00
      vertex   -1.125000e+02 -4.070096e+01 4.741351e+00
      vertex   -1.119510e+02 -4.125000e+01 4.741351e+00
    endloop
  endfacet
  facet normal 9.659258e-01 -2.588190e-01 0.000000e+00
    outer loop
      vertex   -1.145490e+02 -4.125000e+01 0.000000e+00
      vertex   -1.145490e+02 -4.125000e+01 4.741351e+00
      vertex   -1.147500e+02 -4.200000e+01 0.000000e+00
    endloop
  endfacet
  facet normal 9.659258e-01 -2.588190e-01 0.000000e+00
    outer loop
      vertex   -1.147500e+02 -4.200000e+01 0.000000e+00
      vertex   -1.145490e+02 -4.125000e+01 4.741351e+00
      vertex   -1.147500e+02 -4.200000e+01 4.741351e+00
    endloop
  endfacet
  facet normal 9.659258e-01 2.588190e-01 -0.000000e+00
    outer loop
      vertex   -1.147500e+02 -4.200000e+01 0.000000e+00
      vertex   -1.147500e+02 -4.200000e+01 4.741351e+00
      vertex   -1.145490e+02 -4.275000e+01 0.000000e+00
    endloop
  endfacet
  facet normal 9.659258e-01 2.588190e-01 -0.000000e+00
    outer loop
      vertex   -1.145490e+02 -4.275000e+01 0.000000e+00
      vertex   -1.147500e+02 -4.200000e+01 4.741351e+00
      vertex   -1.145490e+02 -4.275000e+01 4.741351e+00
    endloop
  endfacet
  facet normal 7.071068e-01 7.071068e-01 -0.000000e+00
    outer loop
      vertex   -1.145490e+02 -4.275000e+01 0.000000e+00
      vertex   -1.145490e+02 -4.275000e+01 4.741351e+00
      vertex   -1.140000e+02 -4.329904e+01 0.000000e+00
    endloop
  endfacet
  facet normal 7.071068e-01 7.071068e-01 -0.000000e+00
    outer loop
      vertex   -1.140000e+02 -4.329904e+01 0.000000e+00
      vertex   -1.145490e+02 -4.275000e+01 4.741351e+00
      vertex   -1.140000e+02 -4.329904e+01 4.741351e+00
    endloop
  endfacet
  facet normal 2.588190e-01 9.659258e-01 -0.000000e+00
    outer loop
      vertex   -1.140000e+02 -4.329904e+01 0.000000e+00
      vertex   -1.140000e+02 -4.329904e+01 4.741351e+00
      vertex   -1.132500e+02 -4.350000e+01 0.000000e+00
    endloop
  endfacet
  facet normal 2.588190e-01 9.659258e-01 -0.000000e+00
    outer loop
      vertex   -1.132500e+02 -4.350000e+01 0.000000e+00
      vertex   -1.140000e+02 -4.329904e+01 4.741351e+00
      vertex   -1.132500e+02 -4.350000e+01 4.741351e+00
    endloop
  endfacet
  facet normal -2.588190e-01 9.659258e-01 0.000000e+00
    outer loop
      vertex   -1.132500e+02 -4.350000e+01 0.000000e+00
      vertex   -1.132500e+02 -4.350000e+01 4.741351e+00
      vertex   -1.125000e+02 -4.329904e+01 0.000000e+00
    endloop
  endfacet
  facet normal -2.588190e-01 9.659258e-01 0.000000e+00
    outer loop
      vertex   -1.125000e+02 -4.329904e+01 0.000000e+00
      vertex   -1.132500e+02 -4.350000e+01 4.741351e+00
      vertex   -1.125000e+02 -4.329904e+01 4.741351e+00
    endloop
  endfacet
  facet normal -7.071068e-01 7.071068e-01 0.000000e+00
    outer loop
      vertex   -1.125000e+02 -4.329904e+01 0.000000e+00
      vertex   -1.125000e+02 -4.329904e+01 4.741351e+00
      vertex   -1.119510e+02 -4.275000e+01 0.000000e+00
    endloop
  endfacet
  facet normal -7.071068e-01 7.071068e-01 0.000000e+00
    outer loop
      vertex   -1.119510e+02 -4.275000e+01 0.000000e+00
      vertex   -1.125000e+02 -4.329904e+01 4.741351e+00
      vertex   -1.119510e+02 -4.275000e+01 4.741351e+00
    endloop
  endfacet
  facet normal -9.659258e-01 2.588190e-01 0.000000e+00
    outer loop
      vertex   -1.119510e+02 -4.275000e+01 0.000000e+00
      vertex   -1.119510e+02 -4.275000e+01 4.741351e+00
      vertex   -1.117500e+02 -4.200000e+01 0.000000e+00
    endloop
  endfacet
  facet normal -9.659258e-01 2.588190e-01 0.000000e+00
    outer loop
      vertex   -1.117500e+02 -4.200000e+01 0.000000e+00
      vertex   -1.119510e+02 -4.275000e+01 4.741351e+00
      vertex   -1.117500e+02 -4.200000e+01 4.741351e+00
    endloop
  endfacet
  facet normal -9.659258e-01 -2.588190e-01 0.000000e+00
    outer loop
      vertex   -1.117500e+02 -4.200000e+01 0.000000e+00
      vertex   -1.117500e+02 -4.200000e+01 4.741351e+00
      vertex   -1.119510e+02 -4.125000e+01 0.000000e+00
    endloop
  endfacet
  facet normal -9.659258e-01 -2.588190e-01 0.000000e+00
    outer loop
      vertex   -1.119510e+02 -4.125000e+01 0.000000e+00
      vertex   -1.117500e+02 -4.200000e+01 4.741351e+00
      vertex   -1.119510e+02 -4.125000e+01 4.741351e+00
    endloop
  endfacet
  facet normal -7.071068e-01 -7.071068e-01 0.000000e+00
    outer loop
      vertex   -1.119510e+02 -4.125000e+01 0.000000e+00
      vertex   -1.119510e+02 -4.125000e+01 4.741351e+00
      vertex   -1.125000e+02 -4.070096e+01 0.000000e+00
    endloop
  endfacet
  facet normal -7.071068e-01 -7.071068e-01 0.000000e+00
    outer loop
      vertex   -1.125000e+02 -4.070096e+01 0.000000e+00
      vertex   -1.119510e+02 -4.125000e+01 4.741351e+00
      vertex   -1.125000e+02 -4.070096e+01 4.741351e+00
    endloop
  endfacet
  facet normal -2.588190e-01 -9.659258e-01 0.000000e+00
    outer loop
      vertex   -1.125000e+02 -4.070096e+01 0.000000e+00
      vertex   -1.125000e+02 -4.070096e+01 4.741351e+00
      vertex   -1.132500e+02 -4.050000e+01 0.000000e+00
    endloop
  endfacet
  facet normal -2.588190e-01 -9.659258e-01 0.000000e+00
    outer loop
      vertex   -1.132500e+02 -4.050000e+01 0.000000e+00
      vertex   -1.125000e+02 -4.070096e+01 4.741351e+00
      vertex   -1.132500e+02 -4.050000e+01 4.741351e+00
    endloop
  endfacet
  facet normal 2.588190e-01 -9.659258e-01 0.000000e+00
    outer loop
      vertex   -1.132500e+02 -4.050000e+01 0.000000e+00
      vertex   -1.132500e+02 -4.050000e+01 4.741351e+00
      vertex   -1.140000e+02 -4.070096e+01 0.000000e+00
    endloop
  endfacet
  facet normal 2.588190e-01 -9.659258e-01 0.000000e+00
    outer loop
      vertex   -1.140000e+02 -4.070096e+01 0.000000e+00
      vertex   -1.132500e+02 -4.050000e+01 4.741351e+00
      vertex   -1.140000e+02 -4.070096e+01 4.741351e+00
    endloop
  endfacet
  facet normal 7.071068e-01 -7.071068e-01 0.000000e+00
    outer loop
      vertex   -1.140000e+02 -4.070096e+01 0.000000e+00
      vertex   -1.140000e+02 -4.070096e+01 4.741351e+00
      vertex   -1.145490e+02 -4.125000e+01 0.000000e+00
    endloop
  endfacet
  facet normal 7.071068e-01 -7.071068e-01 0.000000e+00
    outer loop
      vertex   -1.145490e+02 -4.125000e+01 0.000000e+00
      vertex   -1.140000e+02 -4.070096e+01 4.741351e+00
      vertex   -1.145490e+02 -4.125000e+01 4.741351e+00
    endloop
  endfacet
  facet normal -6.334606e-01 -1.697352e-01 7.549289e-01
    outer loop
      vertex   -1.106519e+02 1.500000e+00 6.000000e+00
      vertex   -1.119510e+02 7.500000e-01 4.741351e+00
      vertex   -1.102500e+02 -1.776357e-14 6.000000e+00
    endloop
  endfacet
  facet normal -6.334606e-01 -1.697352e-01 7.549289e-01
    outer loop
      vertex   -1.102500e+02 -1.776357e-14 6.000000e+00
      vertex   -1.119510e+02 7.500000e-01 4.741351e+00
      vertex   -1.117500e+02 -1.776357e-14 4.741351e+00
    endloop
  endfacet
  facet normal -6.334606e-01 1.697352e-01 7.549289e-01
    outer loop
      vertex   -1.102500e+02 -1.776357e-14 6.000000e+00
      vertex   -1.117500e+02 -1.776357e-14 4.741351e+00
      vertex   -1.106519e+02 -1.500000e+00 6.000000e+00
    endloop
  endfacet
  facet normal -6.334606e-01 1.697352e-01 7.549289e-01
    outer loop
      vertex   -1.106519e+02 -1.500000e+00 6.000000e+00
      vertex   -1.117500e+02 -1.776357e-14 4.741351e+00
      vertex   -1.119510e+02 -7.500000e-01 4.741351e+00
    endloop
  endfacet
  facet normal -4.637253e-01 4.637253e-01 7.549289e-01
    outer loop
      vertex   -1.106519e+02 -1.500000e+00 6.000000e+00
      vertex   -1.119510e+02 -7.500000e-01 4.741351e+00
      vertex   -1.117500e+02 -2.598076e+00 6.000000e+00
    endloop
  endfacet
  facet normal -4.637253e-01 4.637253e-01 7.549289e-01
    outer loop
      vertex   -1.117500e+02 -2.598076e+00 6.000000e+00
      vertex   -1.119510e+02 -7.500000e-01 4.741351e+00
      vertex   -1.125000e+02 -1.299038e+00 4.741351e+00
    endloop
  endfacet
  facet normal -1.697352e-01 6.334606e-01 7.549289e-01
    outer loop
      vertex   -1.117500e+02 -2.598076e+00 6.000000e+00
      vertex   -1.125000e+02 -1.299038e+00 4.741351e+00
      vertex   -1.132500e+02 -3.000000e+00 6.000000e+00
    endloop
  endfacet
  facet normal -1.697352e-01 6.334606e-01 7.549289e-01
    outer loop
      vertex   -1.132500e+02 -3.000000e+00 6.000000e+00
      vertex   -1.125000e+02 -1.299038e+00 4.741351e+00
      vertex   -1.132500e+02 -1.500000e+00 4.741351e+00
    endloop
  endfacet
  facet normal 1.697352e-01 6.334606e-01 7.549289e-01
    outer loop
      vertex   -1.132500e+02 -3.000000e+00 6.000000e+00
      vertex   -1.132500e+02 -1.500000e+00 4.741351e+00
      vertex   -1.147500e+02 -2.598076e+00 6.000000e+00
    endloop
  endfacet
  facet normal 1.697352e-01 6.334606e-01 7.549289e-01
    outer loop
      vertex   -1.147500e+02 -2.598076e+00 6.000000e+00
      vertex   -1.132500e+02 -1.500000e+00 4.741351e+00
      vertex   -1.140000e+02 -1.299038e+00 4.741351e+00
    endloop
  endfacet
  facet normal 4.637253e-01 4.637253e-01 7.549289e-01
    outer loop
      vertex   -1.147500e+02 -2.598076e+00 6.000000e+00
      vertex   -1.140000e+02 -1.299038e+00 4.741351e+00
      vertex   -1.158481e+02 -1.500000e+00 6.000000e+00
    endloop
  endfacet
  facet normal 4.637253e-01 4.637253e-01 7.549289e-01
    outer loop
      vertex   -1.158481e+02 -1.500000e+00 6.000000e+00
      vertex   -1.140000e+02 -1.299038e+00 4.741351e+00
      vertex   -1.145490e+02 -7.500000e-01 4.741351e+00
    endloop
  endfacet
  facet normal 6.334606e-01 1.697352e-01 7.549289e-01
    outer loop
      vertex   -1.158481e+02 -1.500000e+00 6.000000e+00
      vertex   -1.145490e+02 -7.500000e-01 4.741351e+00
      vertex   -1.162500e+02 -1.813096e-14 6.000000e+00
    endloop
  endfacet
  facet normal 6.334606e-01 1.697352e-01 7.549289e-01
    outer loop
      vertex   -1.162500e+02 -1.813096e-14 6.000000e+00
      vertex   -1.145490e+02 -7.500000e-01 4.741351e+00
      vertex   -1.147500e+02 -1.757987e-14 4.741351e+00
    endloop
  endfacet
  facet normal 6.334606e-01 -1.697352e-01 7.549289e-01
    outer loop
      vertex   -1.162500e+02 -1.813096e-14 6.000000e+00
      vertex   -1.147500e+02 -1.757987e-14 4.741351e+00
      vertex   -1.158481e+02 1.500000e+00 6.000000e+00
    endloop
  endfacet
  facet normal 6.334606e-01 -1.697352e-01 7.549289e-01
    outer loop
      vertex   -1.158481e+02 1.500000e+00 6.000000e+00
      vertex   -1.147500e+02 -1.757987e-14 4.741351e+00
      vertex   -1.145490e+02 7.500000e-01 4.741351e+00
    endloop
  endfacet
  facet normal 4.637253e-01 -4.637253e-01 7.549289e-01
    outer loop
      vertex   -1.158481e+02 1.500000e+00 6.000000e+00
      vertex   -1.145490e+02 7.500000e-01 4.741351e+00
      vertex   -1.147500e+02 2.598076e+00 6.000000e+00
    endloop
  endfacet
  facet normal 4.637253e-01 -4.637253e-01 7.549289e-01
    outer loop
      vertex   -1.147500e+02 2.598076e+00 6.000000e+00
      vertex   -1.145490e+02 7.500000e-01 4.741351e+00
      vertex   -1.140000e+02 1.299038e+00 4.741351e+00
    endloop
  endfacet
  facet normal 1.697352e-01 -6.334606e-01 7.549289e-01
    outer loop
      vertex   -1.147500e+02 2.598076e+00 6.000000e+00
      vertex   -1.140000e+02 1.299038e+00 4.741351e+00
      vertex   -1.132500e+02 3.000000e+00 6.000000e+00
    endloop
  endfacet
  facet normal 1.697352e-01 -6.334606e-01 7.549289e-01
    outer loop
      vertex   -1.132500e+02 3.000000e+00 6.000000e+00
      vertex   -1.140000e+02 1.299038e+00 4.741351e+00
      vertex   -1.132500e+02 1.500000e+00 4.741351e+00
    endloop
  endfacet
  facet normal -1.697352e-01 -6.334606e-01 7.549289e-01
    outer loop
      vertex   -1.132500e+02 3.000000e+00 6.000000e+00
      vertex   -1.132500e+02 1.500000e+00 4.741351e+00
      vertex   -1.117500e+02 2.598076e+00 6.000000e+00
    endloop
  endfacet
  facet normal -1.697352e-01 -6.334606e-01 7.549289e-01
    outer loop
      vertex   -1.117500e+02 2.598076e+00 6.000000e+00
      vertex   -1.132500e+02 1.500000e+00 4.741351e+00
      vertex   -1.125000e+02 1.299038e+00 4.741351e+00
    endloop
  endfacet
  facet normal -4.637253e-01 -4.637253e-01 7.549289e-01
    outer loop
      vertex   -1.117500e+02 2.598076e+00 6.000000e+00
      vertex   -1.125000e+02 1.299038e+00 4.741351e+00
      vertex   -1.106519e+02 1.500000e+00 6.000000e+00
    endloop
  endfacet
  facet normal -4.637253e-01 -4.637253e-01 7.549289e-01
    outer loop
      vertex   -1.106519e+02 1.500000e+00 6.000000e+00
      vertex   -1.125000e+02 1.299038e+00 4.741351e+00
      vertex   -1.119510e+02 7.500000e-01 4.741351e+00
    endloop
  endfacet
  facet normal 9.659258e-01 -2.588190e-01 0.000000e+00
    outer loop
      vertex   -1.145490e+02 7.500000e-01 0.000000e+00
      vertex   -1.145490e+02 7.500000e-01 4.741351e+00
      vertex   -1.147500e+02 -1.794727e-14 0.000000e+00
    endloop
  endfacet
  facet normal 9.659258e-01 -2.588190e-01 2.005517e-17
    outer loop
      vertex   -1.147500e+02 -1.794727e-14 0.000000e+00
      vertex   -1.145490e+02 7.500000e-01 4.741351e+00
      vertex   -1.147500e+02 -1.757987e-14 4.741351e+00
    endloop
  endfacet
  facet normal 9.659258e-01 2.588190e-01 -2.005517e-17
    outer loop
      vertex   -1.147500e+02 -1.794727e-14 0.000000e+00
      vertex   -1.147500e+02 -1.757987e-14 4.741351e+00
      vertex   -1.145490e+02 -7.500000e-01 0.000000e+00
    endloop
  endfacet
  facet normal 9.659258e-01 2.588190e-01 -1.818133e-17
    outer loop
      vertex   -1.145490e+02 -7.500000e-01 0.000000e+00
      vertex   -1.147500e+02 -1.757987e-14 4.741351e+00
      vertex   -1.145490e+02 -7.500000e-01 4.741351e+00
    endloop
  endfacet
  facet normal 7.071068e-01 7.071068e-01 -4.967232e-17
    outer loop
      vertex   -1.145490e+02 -7.500000e-01 0.000000e+00
      vertex   -1.145490e+02 -7.500000e-01 4.741351e+00
      vertex   -1.140000e+02 -1.299038e+00 0.000000e+00
    endloop
  endfacet
  facet normal 7.071068e-01 7.071068e-01 -3.311488e-17
    outer loop
      vertex   -1.140000e+02 -1.299038e+00 0.000000e+00
      vertex   -1.145490e+02 -7.500000e-01 4.741351e+00
      vertex   -1.140000e+02 -1.299038e+00 4.741351e+00
    endloop
  endfacet
  facet normal 2.588190e-01 9.659258e-01 -4.523576e-17
    outer loop
      vertex   -1.140000e+02 -1.299038e+00 0.000000e+00
      vertex   -1.140000e+02 -1.299038e+00 4.741351e+00
      vertex   -1.132500e+02 -1.500000e+00 0.000000e+00
    endloop
  endfacet
  facet normal 2.588190e-01 9.659258e-01 -0.000000e+00
    outer loop
      vertex   -1.132500e+02 -1.500000e+00 0.000000e+00
      vertex   -1.140000e+02 -1.299038e+00 4.741351e+00
      vertex   -1.132500e+02 -1.500000e+00 4.741351e+00
    endloop
  endfacet
  facet normal -2.588190e-01 9.659258e-01 0.000000e+00
    outer loop
      vertex   -1.132500e+02 -1.500000e+00 0.000000e+00
      vertex   -1.132500e+02 -1.500000e+00 4.741351e+00
      vertex   -1.125000e+02 -1.299038e+00 0.000000e+00
    endloop
  endfacet
  facet normal -2.588190e-01 9.659258e-01 1.357073e-16
    outer loop
      vertex   -1.125000e+02 -1.299038e+00 0.000000e+00
      vertex   -1.132500e+02 -1.500000e+00 4.741351e+00
      vertex   -1.125000e+02 -1.299038e+00 4.741351e+00
    endloop
  endfacet
  facet normal -7.071068e-01 7.071068e-01 9.934463e-17
    outer loop
      vertex   -1.125000e+02 -1.299038e+00 0.000000e+00
      vertex   -1.125000e+02 -1.299038e+00 4.741351e+00
      vertex   -1.119510e+02 -7.500000e-01 0.000000e+00
    endloop
  endfacet
  facet normal -7.071068e-01 7.071068e-01 4.967232e-17
    outer loop
      vertex   -1.119510e+02 -7.500000e-01 0.000000e+00
      vertex   -1.125000e+02 -1.299038e+00 4.741351e+00
      vertex   -1.119510e+02 -7.500000e-01 4.741351e+00
    endloop
  endfacet
  facet normal -9.659258e-01 2.588190e-01 1.818133e-17
    outer loop
      vertex   -1.119510e+02 -7.500000e-01 0.000000e+00
      vertex   -1.119510e+02 -7.500000e-01 4.741351e+00
      vertex   -1.117500e+02 -1.776357e-14 0.000000e+00
    endloop
  endfacet
  facet normal -9.659258e-01 2.588190e-01 0.000000e+00
    outer loop
      vertex   -1.117500e+02 -1.776357e-14 0.000000e+00
      vertex   -1.119510e+02 -7.500000e-01 4.741351e+00
      vertex   -1.117500e+02 -1.776357e-14 4.741351e+00
    endloop
  endfacet
  facet normal -9.659258e-01 -2.588190e-01 0.000000e+00
    outer loop
      vertex   -1.117500e+02 -1.776357e-14 0.000000e+00
      vertex   -1.117500e+02 -1.776357e-14 4.741351e+00
      vertex   -1.119510e+02 7.500000e-01 0.000000e+00
    endloop
  endfacet
  facet normal -9.659258e-01 -2.588190e-01 1.212089e-17
    outer loop
      vertex   -1.119510e+02 7.500000e-01 0.000000e+00
      vertex   -1.117500e+02 -1.776357e-14 4.741351e+00
      vertex   -1.119510e+02 7.500000e-01 4.741351e+00
    endloop
  endfacet
  facet normal -7.071068e-01 -7.071068e-01 3.311488e-17
    outer loop
      vertex   -1.119510e+02 7.500000e-01 0.000000e+00
      vertex   -1.119510e+02 7.500000e-01 4.741351e+00
      vertex   -1.125000e+02 1.299038e+00 0.000000e+00
    endloop
  endfacet
  facet normal -7.071068e-01 -7.071068e-01 3.311488e-17
    outer loop
      vertex   -1.125000e+02 1.299038e+00 0.000000e+00
      vertex   -1.119510e+02 7.500000e-01 4.741351e+00
      vertex   -1.125000e+02 1.299038e+00 4.741351e+00
    endloop
  endfacet
  facet normal -2.588190e-01 -9.659258e-01 4.523576e-17
    outer loop
      vertex   -1.125000e+02 1.299038e+00 0.000000e+00
      vertex   -1.125000e+02 1.299038e+00 4.741351e+00
      vertex   -1.132500e+02 1.500000e+00 0.000000e+00
    endloop
  endfacet
  facet normal -2.588190e-01 -9.659258e-01 0.000000e+00
    outer loop
      vertex   -1.132500e+02 1.500000e+00 0.000000e+00
      vertex   -1.125000e+02 1.299038e+00 4.741351e+00
      vertex   -1.132500e+02 1.500000e+00 4.741351e+00
    endloop
  endfacet
  facet normal 2.588190e-01 -9.659258e-01 0.000000e+00
    outer loop
      vertex   -1.132500e+02 1.500000e+00 0.000000e+00
      vertex   -1.132500e+02 1.500000e+00 4.741351e+00
      vertex   -1.140000e+02 1.299038e+00 0.000000e+00
    endloop
  endfacet
  facet normal 2.588190e-01 -9.659258e-01 -1.357073e-16
    outer loop
      vertex   -1.140000e+02 1.299038e+00 0.000000e+00
      vertex   -1.132500e+02 1.500000e+00 4.741351e+00
      vertex   -1.140000e+02 1.299038e+00 4.741351e+00
    endloop
  endfacet
  facet normal 7.071068e-01 -7.071068e-01 -9.934463e-17
    outer loop
      vertex   -1.140000e+02 1.299038e+00 0.000000e+00
      vertex   -1.140000e+02 1.299038e+00 4.741351e+00
      vertex   -1.145490e+02 7.500000e-01 0.000000e+00
    endloop
  endfacet
  facet normal 7.071068e-01 -7.071068e-01 0.000000e+00
    outer loop
      vertex   -1.145490e+02 7.500000e-01 0.000000e+00
      vertex   -1.140000e+02 1.299038e+00 4.741351e+00
      vertex   -1.145490e+02 7.500000e-01 4.741351e+00
    endloop
  endfacet
  facet normal -6.334606e-01 -1.697352e-01 7.549289e-01
    outer loop
      vertex   -1.106519e+02 4.350000e+01 6.000000e+00
      vertex   -1.119510e+02 4.275000e+01 4.741351e+00
      vertex   -1.102500e+02 4.200000e+01 6.000000e+00
    endloop
  endfacet
  facet normal -6.334606e-01 -1.697352e-01 7.549289e-01
    outer loop
      vertex   -1.102500e+02 4.200000e+01 6.000000e+00
      vertex   -1.119510e+02 4.275000e+01 4.741351e+00
      vertex   -1.117500e+02 4.200000e+01 4.741351e+00
    endloop
  endfacet
  facet normal -6.334606e-01 1.697352e-01 7.549289e-01
    outer loop
      vertex   -1.102500e+02 4.200000e+01 6.000000e+00
      vertex   -1.117500e+02 4.200000e+01 4.741351e+00
      vertex   -1.106519e+02 4.050000e+01 6.000000e+00
    endloop
  endfacet
  facet normal -6.334606e-01 1.697352e-01 7.549289e-01
    outer loop
      vertex   -1.106519e+02 4.050000e+01 6.000000e+00
      vertex   -1.117500e+02 4.200000e+01 4.741351e+00
      vertex   -1.119510e+02 4.125000e+01 4.741351e+00
    endloop
  endfacet
  facet normal -4.637253e-01 4.637253e-01 7.549289e-01
    outer loop
      vertex   -1.106519e+02 4.050000e+01 6.000000e+00
      vertex   -1.119510e+02 4.125000e+01 4.741351e+00
      vertex   -1.117500e+02 3.940192e+01 6.000000e+00
    endloop
  endfacet
  facet normal -4.637253e-01 4.637253e-01 7.549289e-01
    outer loop
      vertex   -1.117500e+02 3.940192e+01 6.000000e+00
      vertex   -1.119510e+02 4.125000e+01 4.741351e+00
      vertex   -1.125000e+02 4.070096e+01 4.741351e+00
    endloop
  endfacet
  facet normal -1.697352e-01 6.334606e-01 7.549289e-01
    outer loop
      vertex   -1.117500e+02 3.940192e+01 6.000000e+00
      vertex   -1.125000e+02 4.070096e+01 4.741351e+00
      vertex   -1.132500e+02 3.900000e+01 6.000000e+00
    endloop
  endfacet
  facet normal -1.697352e-01 6.334606e-01 7.549289e-01
    outer loop
      vertex   -1.132500e+02 3.900000e+01 6.000000e+00
      vertex   -1.125000e+02 4.070096e+01 4.741351e+00
      vertex   -1.132500e+02 4.050000e+01 4.741351e+00
    endloop
  endfacet
  facet normal 1.697352e-01 6.334606e-01 7.549289e-01
    outer loop
      vertex   -1.132500e+02 3.900000e+01 6.000000e+00
      vertex   -1.132500e+02 4.050000e+01 4.741351e+00
      vertex   -1.147500e+02 3.940192e+01 6.000000e+00
    endloop
  endfacet
  facet normal 1.697352e-01 6.334606e-01 7.549289e-01
    outer loop
      vertex   -1.147500e+02 3.940192e+01 6.000000e+00
      vertex   -1.132500e+02 4.050000e+01 4.741351e+00
      vertex   -1.140000e+02 4.070096e+01 4.741351e+00
    endloop
  endfacet
  facet normal 4.637253e-01 4.637253e-01 7.549289e-01
    outer loop
      vertex   -1.147500e+02 3.940192e+01 6.000000e+00
      vertex   -1.140000e+02 4.070096e+01 4.741351e+00
      vertex   -1.158481e+02 4.050000e+01 6.000000e+00
    endloop
  endfacet
  facet normal 4.637253e-01 4.637253e-01 7.549289e-01
    outer loop
      vertex   -1.158481e+02 4.050000e+01 6.000000e+00
      vertex   -1.140000e+02 4.070096e+01 4.741351e+00
      vertex   -1.145490e+02 4.125000e+01 4.741351e+00
    endloop
  endfacet
  facet normal 6.334606e-01 1.697352e-01 7.549289e-01
    outer loop
      vertex   -1.158481e+02 4.050000e+01 6.000000e+00
      vertex   -1.145490e+02 4.125000e+01 4.741351e+00
      vertex   -1.162500e+02 4.200000e+01 6.000000e+00
    endloop
  endfacet
  facet normal 6.334606e-01 1.697352e-01 7.549289e-01
    outer loop
      vertex   -1.162500e+02 4.200000e+01 6.000000e+00
      vertex   -1.145490e+02 4.125000e+01 4.741351e+00
      vertex   -1.147500e+02 4.200000e+01 4.741351e+00
    endloop
  endfacet
  facet normal 6.334606e-01 -1.697352e-01 7.549289e-01
    outer loop
      vertex   -1.162500e+02 4.200000e+01 6.000000e+00
      vertex   -1.147500e+02 4.200000e+01 4.741351e+00
      vertex   -1.158481e+02 4.350000e+01 6.000000e+00
    endloop
  endfacet
  facet normal 6.334606e-01 -1.697352e-01 7.549289e-01
    outer loop
      vertex   -1.158481e+02 4.350000e+01 6.000000e+00
      vertex   -1.147500e+02 4.200000e+01 4.741351e+00
      vertex   -1.145490e+02 4.275000e+01 4.741351e+00
    endloop
  endfacet
  facet normal 4.637253e-01 -4.637253e-01 7.549289e-01
    outer loop
      vertex   -1.158481e+02 4.350000e+01 6.000000e+00
      vertex   -1.145490e+02 4.275000e+01 4.741351e+00
      vertex   -1.147500e+02 4.459808e+01 6.000000e+00
    endloop
  endfacet
  facet normal 4.637253e-01 -4.637253e-01 7.549289e-01
    outer loop
      vertex   -1.147500e+02 4.459808e+01 6.000000e+00
      vertex   -1.145490e+02 4.275000e+01 4.741351e+00
      vertex   -1.140000e+02 4.329904e+01 4.741351e+00
    endloop
  endfacet
  facet normal 1.697352e-01 -6.334606e-01 7.549289e-01
    outer loop
      vertex   -1.147500e+02 4.459808e+01 6.000000e+00
      vertex   -1.140000e+02 4.329904e+01 4.741351e+00
      vertex   -1.132500e+02 4.500000e+01 6.000000e+00
    endloop
  endfacet
  facet normal 1.697352e-01 -6.334606e-01 7.549289e-01
    outer loop
      vertex   -1.132500e+02 4.500000e+01 6.000000e+00
      vertex   -1.140000e+02 4.329904e+01 4.741351e+00
      vertex   -1.132500e+02 4.350000e+01 4.741351e+00
    endloop
  endfacet
  facet normal -1.697352e-01 -6.334606e-01 7.549289e-01
    outer loop
      vertex   -1.132500e+02 4.500000e+01 6.000000e+00
      vertex   -1.132500e+02 4.350000e+01 4.741351e+00
      vertex   -1.117500e+02 4.459808e+01 6.000000e+00
    endloop
  endfacet
  facet normal -1.697352e-01 -6.334606e-01 7.549289e-01
    outer loop
      vertex   -1.117500e+02 4.459808e+01 6.000000e+00
      vertex   -1.132500e+02 4.350000e+01 4.741351e+00
      vertex   -1.125000e+02 4.329904e+01 4.741351e+00
    endloop
  endfacet
  facet normal -4.637253e-01 -4.637253e-01 7.549289e-01
    outer loop
      vertex   -1.117500e+02 4.459808e+01 6.000000e+00
      vertex   -1.125000e+02 4.329904e+01 4.741351e+00
      vertex   -1.106519e+02 4.350000e+01 6.000000e+00
    endloop
  endfacet
  facet normal -4.637253e-01 -4.637253e-01 7.549289e-01
    outer loop
      vertex   -1.106519e+02 4.350000e+01 6.000000e+00
      vertex   -1.125000e+02 4.329904e+01 4.741351e+00
      vertex   -1.119510e+02 4.275000e+01 4.741351e+00
    endloop
  endfacet
  facet normal 9.659258e-01 -2.588190e-01 0.000000e+00
    outer loop
      vertex   -1.145490e+02 4.275000e+01 0.000000e+00
      vertex   -1.145490e+02 4.275000e+01 4.741351e+00
      vertex   -1.147500e+02 4.200000e+01 0.000000e+00
    endloop
  endfacet
  facet normal 9.659258e-01 -2.588190e-01 0.000000e+00
    outer loop
      vertex   -1.147500e+02 4.200000e+01 0.000000e+00
      vertex   -1.145490e+02 4.275000e+01 4.741351e+00
      vertex   -1.147500e+02 4.200000e+01 4.741351e+00
    endloop
  endfacet
  facet normal 9.659258e-01 2.588190e-01 -0.000000e+00
    outer loop
      vertex   -1.147500e+02 4.200000e+01 0.000000e+00
      vertex   -1.147500e+02 4.200000e+01 4.741351e+00
      vertex   -1.145490e+02 4.125000e+01 0.000000e+00
    endloop
  endfacet
  facet normal 9.659258e-01 2.588190e-01 -0.000000e+00
    outer loop
      vertex   -1.145490e+02 4.125000e+01 0.000000e+00
      vertex   -1.147500e+02 4.200000e+01 4.741351e+00
      vertex   -1.145490e+02 4.125000e+01 4.741351e+00
    endloop
  endfacet
  facet normal 7.071068e-01 7.071068e-01 -0.000000e+00
    outer loop
      vertex   -1.145490e+02 4.125000e+01 0.000000e+00
      vertex   -1.145490e+02 4.125000e+01 4.741351e+00
      vertex   -1.140000e+02 4.070096e+01 0.000000e+00
    endloop
  endfacet
  facet normal 7.071068e-01 7.071068e-01 -0.000000e+00
    outer loop
      vertex   -1.140000e+02 4.070096e+01 0.000000e+00
      vertex   -1.145490e+02 4.125000e+01 4.741351e+00
      vertex   -1.140000e+02 4.070096e+01 4.741351e+00
    endloop
  endfacet
  facet normal 2.588190e-01 9.659258e-01 -0.000000e+00
    outer loop
      vertex   -1.140000e+02 4.070096e+01 0.000000e+00
      vertex   -1.140000e+02 4.070096e+01 4.741351e+00
      vertex   -1.132500e+02 4.050000e+01 0.000000e+00
    endloop
  endfacet
  facet normal 2.588190e-01 9.659258e-01 -0.000000e+00
    outer loop
      vertex   -1.132500e+02 4.050000e+01 0.000000e+00
      vertex   -1.140000e+02 4.070096e+01 4.741351e+00
      vertex   -1.132500e+02 4.050000e+01 4.741351e+00
    endloop
  endfacet
  facet normal -2.588190e-01 9.659258e-01 0.000000e+00
    outer loop
      vertex   -1.132500e+02 4.050000e+01 0.000000e+00
      vertex   -1.132500e+02 4.050000e+01 4.741351e+00
      vertex   -1.125000e+02 4.070096e+01 0.000000e+00
    endloop
  endfacet
  facet normal -2.588190e-01 9.659258e-01 0.000000e+00
    outer loop
      vertex   -1.125000e+02 4.070096e+01 0.000000e+00
      vertex   -1.132500e+02 4.050000e+01 4.741351e+00
      vertex   -1.125000e+02 4.070096e+01 4.741351e+00
    endloop
  endfacet
  facet normal -7.071068e-01 7.071068e-01 0.000000e+00
    outer loop
      vertex   -1.125000e+02 4.070096e+01 0.000000e+00
      vertex   -1.125000e+02 4.070096e+01 4.741351e+00
      vertex   -1.119510e+02 4.125000e+01 0.000000e+00
    endloop
  endfacet
  facet normal -7.071068e-01 7.071068e-01 0.000000e+00
    outer loop
      vertex   -1.119510e+02 4.125000e+01 0.000000e+00
      vertex   -1.125000e+02 4.070096e+01 4.741351e+00
      vertex   -1.119510e+02 4.125000e+01 4.741351e+00
    endloop
  endfacet
  facet normal -9.659258e-01 2.588190e-01 0.000000e+00
    outer loop
      vertex   -1.119510e+02 4.125000e+01 0.000000e+00
      vertex   -1.119510e+02 4.125000e+01 4.741351e+00
      vertex   -1.117500e+02 4.200000e+01 0.000000e+00
    endloop
  endfacet
  facet normal -9.659258e-01 2.588190e-01 0.000000e+00
    outer loop
      vertex   -1.117500e+02 4.200000e+01 0.000000e+00
      vertex   -1.119510e+02 4.125000e+01 4.741351e+00
      vertex   -1.117500e+02 4.200000e+01 4.741351e+00
    endloop
  endfacet
  facet normal -9.659258e-01 -2.588190e-01 0.000000e+00
    outer loop
      vertex   -1.117500e+02 4.200000e+01 0.000000e+00
      vertex   -1.117500e+02 4.200000e+01 4.741351e+00
      vertex   -1.119510e+02 4.275000e+01 0.000000e+00
    endloop
  endfacet
  facet normal -9.659258e-01 -2.588190e-01 0.000000e+00
    outer loop
      vertex   -1.119510e+02 4.275000e+01 0.000000e+00
      vertex   -1.117500e+02 4.200000e+01 4.741351e+00
      vertex   -1.119510e+02 4.275000e+01 4.741351e+00
    endloop
  endfacet
  facet normal -7.071068e-01 -7.071068e-01 0.000000e+00
    outer loop
      vertex   -1.119510e+02 4.275000e+01 0.000000e+00
      vertex   -1.119510e+02 4.275000e+01 4.741351e+00
      vertex   -1.125000e+02 4.329904e+01 0.000000e+00
    endloop
  endfacet
  facet normal -7.071068e-01 -7.071068e-01 0.000000e+00
    outer loop
      vertex   -1.125000e+02 4.329904e+01 0.000000e+00
      vertex   -1.119510e+02 4.275000e+01 4.741351e+00
      vertex   -1.125000e+02 4.329904e+01 4.741351e+00
    endloop
  endfacet
  facet normal -2.588190e-01 -9.659258e-01 0.000000e+00
    outer loop
      vertex   -1.125000e+02 4.329904e+01 0.000000e+00
      vertex   -1.125000e+02 4.329904e+01 4.741351e+00
      vertex   -1.132500e+02 4.350000e+01 0.000000e+00
    endloop
  endfacet
  facet normal -2.588190e-01 -9.659258e-01 0.000000e+00
    outer loop
      vertex   -1.132500e+02 4.350000e+01 0.000000e+00
      vertex   -1.125000e+02 4.329904e+01 4.741351e+00
      vertex   -1.132500e+02 4.350000e+01 4.741351e+00
    endloop
  endfacet
  facet normal 2.588190e-01 -9.659258e-01 0.000000e+00
    outer loop
      vertex   -1.132500e+02 4.350000e+01 0.000000e+00
      vertex   -1.132500e+02 4.350000e+01 4.741351e+00
      vertex   -1.140000e+02 4.329904e+01 0.000000e+00
    endloop
  endfacet
  facet normal 2.588190e-01 -9.659258e-01 0.000000e+00
    outer loop
      vertex   -1.140000e+02 4.329904e+01 0.000000e+00
      vertex   -1.132500e+02 4.350000e+01 4.741351e+00
      vertex   -1.140000e+02 4.329904e+01 4.741351e+00
    endloop
  endfacet
  facet normal 7.071068e-01 -7.071068e-01 0.000000e+00
    outer loop
      vertex   -1.140000e+02 4.329904e+01 0.000000e+00
      vertex   -1.140000e+02 4.329904e+01 4.741351e+00
      vertex   -1.145490e+02 4.275000e+01 0.000000e+00
    endloop
  endfacet
  facet normal 7.071068e-01 -7.071068e-01 0.000000e+00
    outer loop
      vertex   -1.145490e+02 4.275000e+01 0.000000e+00
      vertex   -1.140000e+02 4.329904e+01 4.741351e+00
      vertex   -1.145490e+02 4.275000e+01 4.741351e+00
    endloop
  endfacet
  facet normal -6.334606e-01 -1.697352e-01 7.549289e-01
    outer loop
      vertex   -1.106519e+02 8.550000e+01 6.000000e+00
      vertex   -1.119510e+02 8.475000e+01 4.741351e+00
      vertex   -1.102500e+02 8.400000e+01 6.000000e+00
    endloop
  endfacet
  facet normal -6.334606e-01 -1.697352e-01 7.549289e-01
    outer loop
      vertex   -1.102500e+02 8.400000e+01 6.000000e+00
      vertex   -1.119510e+02 8.475000e+01 4.741351e+00
      vertex   -1.117500e+02 8.400000e+01 4.741351e+00
    endloop
  endfacet
  facet normal -6.334606e-01 1.697352e-01 7.549289e-01
    outer loop
      vertex   -1.102500e+02 8.400000e+01 6.000000e+00
      vertex   -1.117500e+02 8.400000e+01 4.741351e+00
      vertex   -1.106519e+02 8.250000e+01 6.000000e+00
    endloop
  endfacet
  facet normal -6.334606e-01 1.697352e-01 7.549289e-01
    outer loop
      vertex   -1.106519e+02 8.250000e+01 6.000000e+00
      vertex   -1.117500e+02 8.400000e+01 4.741351e+00
      vertex   -1.119510e+02 8.325000e+01 4.741351e+00
    endloop
  endfacet
  facet normal -4.637253e-01 4.637253e-01 7.549289e-01
    outer loop
      vertex   -1.106519e+02 8.250000e+01 6.000000e+00
      vertex   -1.119510e+02 8.325000e+01 4.741351e+00
      vertex   -1.117500e+02 8.140192e+01 6.000000e+00
    endloop
  endfacet
  facet normal -4.637253e-01 4.637253e-01 7.549289e-01
    outer loop
      vertex   -1.117500e+02 8.140192e+01 6.000000e+00
      vertex   -1.119510e+02 8.325000e+01 4.741351e+00
      vertex   -1.125000e+02 8.270096e+01 4.741351e+00
    endloop
  endfacet
  facet normal -1.697352e-01 6.334606e-01 7.549289e-01
    outer loop
      vertex   -1.117500e+02 8.140192e+01 6.000000e+00
      vertex   -1.125000e+02 8.270096e+01 4.741351e+00
      vertex   -1.132500e+02 8.100000e+01 6.000000e+00
    endloop
  endfacet
  facet normal -1.697352e-01 6.334606e-01 7.549289e-01
    outer loop
      vertex   -1.132500e+02 8.100000e+01 6.000000e+00
      vertex   -1.125000e+02 8.270096e+01 4.741351e+00
      vertex   -1.132500e+02 8.250000e+01 4.741351e+00
    endloop
  endfacet
  facet normal 1.697352e-01 6.334606e-01 7.549289e-01
    outer loop
      vertex   -1.132500e+02 8.100000e+01 6.000000e+00
      vertex   -1.132500e+02 8.250000e+01 4.741351e+00
      vertex   -1.147500e+02 8.140192e+01 6.000000e+00
    endloop
  endfacet
  facet normal 1.697352e-01 6.334606e-01 7.549289e-01
    outer loop
      vertex   -1.147500e+02 8.140192e+01 6.000000e+00
      vertex   -1.132500e+02 8.250000e+01 4.741351e+00
      vertex   -1.140000e+02 8.270096e+01 4.741351e+00
    endloop
  endfacet
  facet normal 4.637253e-01 4.637253e-01 7.549289e-01
    outer loop
      vertex   -1.147500e+02 8.140192e+01 6.000000e+00
      vertex   -1.140000e+02 8.270096e+01 4.741351e+00
      vertex   -1.158481e+02 8.250000e+01 6.000000e+00
    endloop
  endfacet
  facet normal 4.637253e-01 4.637253e-01 7.549289e-01
    outer loop
      vertex   -1.158481e+02 8.250000e+01 6.000000e+00
      vertex   -1.140000e+02 8.270096e+01 4.741351e+00
      vertex   -1.145490e+02 8.325000e+01 4.741351e+00
    endloop
  endfacet
  facet normal 6.334606e-01 1.697352e-01 7.549289e-01
    outer loop
      vertex   -1.158481e+02 8.250000e+01 6.000000e+00
      vertex   -1.145490e+02 8.325000e+01 4.741351e+00
      vertex   -1.162500e+02 8.400000e+01 6.000000e+00
    endloop
  endfacet
  facet normal 6.334606e-01 1.697352e-01 7.549289e-01
    outer loop
      vertex   -1.162500e+02 8.400000e+01 6.000000e+00
      vertex   -1.145490e+02 8.325000e+01 4.741351e+00
      vertex   -1.147500e+02 8.400000e+01 4.741351e+00
    endloop
  endfacet
  facet normal 6.334606e-01 -1.697352e-01 7.549289e-01
    outer loop
      vertex   -1.162500e+02 8.400000e+01 6.000000e+00
      vertex   -1.147500e+02 8.400000e+01 4.741351e+00
      vertex   -1.158481e+02 8.550000e+01 6.000000e+00
    endloop
  endfacet
  facet normal 6.334606e-01 -1.697352e-01 7.549289e-01
    outer loop
      vertex   -1.158481e+02 8.550000e+01 6.000000e+00
      vertex   -1.147500e+02 8.400000e+01 4.741351e+00
      vertex   -1.145490e+02 8.475000e+01 4.741351e+00
    endloop
  endfacet
  facet normal 4.637253e-01 -4.637253e-01 7.549289e-01
    outer loop
      vertex   -1.158481e+02 8.550000e+01 6.000000e+00
      vertex   -1.145490e+02 8.475000e+01 4.741351e+00
      vertex   -1.147500e+02 8.659808e+01 6.000000e+00
    endloop
  endfacet
  facet normal 4.637253e-01 -4.637253e-01 7.549289e-01
    outer loop
      vertex   -1.147500e+02 8.659808e+01 6.000000e+00
      vertex   -1.145490e+02 8.475000e+01 4.741351e+00
      vertex   -1.140000e+02 8.529904e+01 4.741351e+00
    endloop
  endfacet
  facet normal 1.697352e-01 -6.334606e-01 7.549289e-01
    outer loop
      vertex   -1.147500e+02 8.659808e+01 6.000000e+00
      vertex   -1.140000e+02 8.529904e+01 4.741351e+00
      vertex   -1.132500e+02 8.700000e+01 6.000000e+00
    endloop
  endfacet
  facet normal 1.697352e-01 -6.334606e-01 7.549289e-01
    outer loop
      vertex   -1.132500e+02 8.700000e+01 6.000000e+00
      vertex   -1.140000e+02 8.529904e+01 4.741351e+00
      vertex   -1.132500e+02 8.550000e+01 4.741351e+00
    endloop
  endfacet
  facet normal -1.697352e-01 -6.334606e-01 7.549289e-01
    outer loop
      vertex   -1.132500e+02 8.700000e+01 6.000000e+00
      vertex   -1.132500e+02 8.550000e+01 4.741351e+00
      vertex   -1.117500e+02 8.659808e+01 6.000000e+00
    endloop
  endfacet
  facet normal -1.697352e-01 -6.334606e-01 7.549289e-01
    outer loop
      vertex   -1.117500e+02 8.659808e+01 6.000000e+00
      vertex   -1.132500e+02 8.550000e+01 4.741351e+00
      vertex   -1.125000e+02 8.529904e+01 4.741351e+00
    endloop
  endfacet
  facet normal -4.637253e-01 -4.637253e-01 7.549289e-01
    outer loop
      vertex   -1.117500e+02 8.659808e+01 6.000000e+00
      vertex   -1.125000e+02 8.529904e+01 4.741351e+00
      vertex   -1.106519e+02 8.550000e+01 6.000000e+00
    endloop
  endfacet
  facet normal -4.637253e-01 -4.637253e-01 7.549289e-01
    outer loop
      vertex   -1.106519e+02 8.550000e+01 6.000000e+00
      vertex   -1.125000e+02 8.529904e+01 4.741351e+00
      vertex   -1.119510e+02 8.475000e+01 4.741351e+00
    endloop
  endfacet
  facet normal 9.659258e-01 -2.588190e-01 0.000000e+00
    outer loop
      vertex   -1.145490e+02 8.475000e+01 0.000000e+00
      vertex   -1.145490e+02 8.475000e+01 4.741351e+00
      vertex   -1.147500e+02 8.400000e+01 0.000000e+00
    endloop
  endfacet
  facet normal 9.659258e-01 -2.588190e-01 0.000000e+00
    outer loop
      vertex   -1.147500e+02 8.400000e+01 0.000000e+00
      vertex   -1.145490e+02 8.475000e+01 4.741351e+00
      vertex   -1.147500e+02 8.400000e+01 4.741351e+00
    endloop
  endfacet
  facet normal 9.659258e-01 2.588190e-01 -0.000000e+00
    outer loop
      vertex   -1.147500e+02 8.400000e+01 0.000000e+00
      vertex   -1.147500e+02 8.400000e+01 4.741351e+00
      vertex   -1.145490e+02 8.325000e+01 0.000000e+00
    endloop
  endfacet
  facet normal 9.659258e-01 2.588190e-01 -0.000000e+00
    outer loop
      vertex   -1.145490e+02 8.325000e+01 0.000000e+00
      vertex   -1.147500e+02 8.400000e+01 4.741351e+00
      vertex   -1.145490e+02 8.325000e+01 4.741351e+00
    endloop
  endfacet
  facet normal 7.071068e-01 7.071068e-01 -0.000000e+00
    outer loop
      vertex   -1.145490e+02 8.325000e+01 0.000000e+00
      vertex   -1.145490e+02 8.325000e+01 4.741351e+00
      vertex   -1.140000e+02 8.270096e+01 0.000000e+00
    endloop
  endfacet
  facet normal 7.071068e-01 7.071068e-01 -0.000000e+00
    outer loop
      vertex   -1.140000e+02 8.270096e+01 0.000000e+00
      vertex   -1.145490e+02 8.325000e+01 4.741351e+00
      vertex   -1.140000e+02 8.270096e+01 4.741351e+00
    endloop
  endfacet
  facet normal 2.588190e-01 9.659258e-01 -0.000000e+00
    outer loop
      vertex   -1.140000e+02 8.270096e+01 0.000000e+00
      vertex   -1.140000e+02 8.270096e+01 4.741351e+00
      vertex   -1.132500e+02 8.250000e+01 0.000000e+00
    endloop
  endfacet
  facet normal 2.588190e-01 9.659258e-01 -0.000000e+00
    outer loop
      vertex   -1.132500e+02 8.250000e+01 0.000000e+00
      vertex   -1.140000e+02 8.270096e+01 4.741351e+00
      vertex   -1.132500e+02 8.250000e+01 4.741351e+00
    endloop
  endfacet
  facet normal -2.588190e-01 9.659258e-01 0.000000e+00
    outer loop
      vertex   -1.132500e+02 8.250000e+01 0.000000e+00
      vertex   -1.132500e+02 8.250000e+01 4.741351e+00
      vertex   -1.125000e+02 8.270096e+01 0.000000e+00
    endloop
  endfacet
  facet normal -2.588190e-01 9.659258e-01 0.000000e+00
    outer loop
      vertex   -1.125000e+02 8.270096e+01 0.000000e+00
      vertex   -1.132500e+02 8.250000e+01 4.741351e+00
      vertex   -1.125000e+02 8.270096e+01 4.741351e+00
    endloop
  endfacet
  facet normal -7.071068e-01 7.071068e-01 0.000000e+00
    outer loop
      vertex   -1.125000e+02 8.270096e+01 0.000000e+00
      vertex   -1.125000e+02 8.270096e+01 4.741351e+00
      vertex   -1.119510e+02 8.325000e+01 0.000000e+00
    endloop
  endfacet
  facet normal -7.071068e-01 7.071068e-01 0.000000e+00
    outer loop
      vertex   -1.119510e+02 8.325000e+01 0.000000e+00
      vertex   -1.125000e+02 8.270096e+01 4.741351e+00
      vertex   -1.119510e+02 8.325000e+01 4.741351e+00
    endloop
  endfacet
  facet normal -9.659258e-01 2.588190e-01 0.000000e+00
    outer loop
      vertex   -1.119510e+02 8.325000e+01 0.000000e+00
      vertex   -1.119510e+02 8.325000e+01 4.741351e+00
      vertex   -1.117500e+02 8.400000e+01 0.000000e+00
    endloop
  endfacet
  facet normal -9.659258e-01 2.588190e-01 0.000000e+00
    outer loop
      vertex   -1.117500e+02 8.400000e+01 0.000000e+00
      vertex   -1.119510e+02 8.325000e+01 4.741351e+00
      vertex   -1.117500e+02 8.400000e+01 4.741351e+00
    endloop
  endfacet
  facet normal -9.659258e-01 -2.588190e-01 0.000000e+00
    outer loop
      vertex   -1.117500e+02 8.400000e+01 0.000000e+00
      vertex   -1.117500e+02 8.400000e+01 4.741351e+00
      vertex   -1.119510e+02 8.475000e+01 0.000000e+00
    endloop
  endfacet
  facet normal -9.659258e-01 -2.588190e-01 0.000000e+00
    outer loop
      vertex   -1.119510e+02 8.475000e+01 0.000000e+00
      vertex   -1.117500e+02 8.400000e+01 4.741351e+00
      vertex   -1.119510e+02 8.475000e+01 4.741351e+00
    endloop
  endfacet
  facet normal -7.071068e-01 -7.071068e-01 0.000000e+00
    outer loop
      vertex   -1.119510e+02 8.475000e+01 0.000000e+00
      vertex   -1.119510e+02 8.475000e+01 4.741351e+00
      vertex   -1.125000e+02 8.529904e+01 0.000000e+00
    endloop
  endfacet
  facet normal -7.071068e-01 -7.071068e-01 0.000000e+00
    outer loop
      vertex   -1.125000e+02 8.529904e+01 0.000000e+00
      vertex   -1.119510e+02 8.475000e+01 4.741351e+00
      vertex   -1.125000e+02 8.529904e+01 4.741351e+00
    endloop
  endfacet
  facet normal -2.588190e-01 -9.659258e-01 0.000000e+00
    outer loop
      vertex   -1.125000e+02 8.529904e+01 0.000000e+00
      vertex   -1.125000e+02 8.529904e+01 4.741351e+00
      vertex   -1.132500e+02 8.550000e+01 0.000000e+00
    endloop
  endfacet
  facet normal -2.588190e-01 -9.659258e-01 0.000000e+00
    outer loop
      vertex   -1.132500e+02 8.550000e+01 0.000000e+00
      vertex   -1.125000e+02 8.529904e+01 4.741351e+00
      vertex   -1.132500e+02 8.550000e+01 4.741351e+00
    endloop
  endfacet
  facet normal 2.588190e-01 -9.659258e-01 0.000000e+00
    outer loop
      vertex   -1.132500e+02 8.550000e+01 0.000000e+00
      vertex   -1.132500e+02 8.550000e+01 4.741351e+00
      vertex   -1.140000e+02 8.529904e+01 0.000000e+00
    endloop
  endfacet
  facet normal 2.588190e-01 -9.659258e-01 0.000000e+00
    outer loop
      vertex   -1.140000e+02 8.529904e+01 0.000000e+00
      vertex   -1.132500e+02 8.550000e+01 4.741351e+00
      vertex   -1.140000e+02 8.529904e+01 4.741351e+00
    endloop
  endfacet
  facet normal 7.071068e-01 -7.071068e-01 0.000000e+00
    outer loop
      vertex   -1.140000e+02 8.529904e+01 0.000000e+00
      vertex   -1.140000e+02 8.529904e+01 4.741351e+00
      vertex   -1.145490e+02 8.475000e+01 0.000000e+00
    endloop
  endfacet
  facet normal 7.071068e-01 -7.071068e-01 0.000000e+00
    outer loop
      vertex   -1.145490e+02 8.475000e+01 0.000000e+00
      vertex   -1.140000e+02 8.529904e+01 4.741351e+00
      vertex   -1.145490e+02 8.475000e+01 4.741351e+00
    endloop
  endfacet
  facet normal -6.334606e-01 -1.697352e-01 7.549289e-01
    outer loop
      vertex   1.158481e+02 -8.325000e+01 6.000000e+00
      vertex   1.145490e+02 -8.400000e+01 4.741351e+00
      vertex   1.162500e+02 -8.475000e+01 6.000000e+00
    endloop
  endfacet
  facet normal -6.334606e-01 -1.697352e-01 7.549289e-01
    outer loop
      vertex   1.162500e+02 -8.475000e+01 6.000000e+00
      vertex   1.145490e+02 -8.400000e+01 4.741351e+00
      vertex   1.147500e+02 -8.475000e+01 4.741351e+00
    endloop
  endfacet
  facet normal -6.334606e-01 1.697352e-01 7.549289e-01
    outer loop
      vertex   1.162500e+02 -8.475000e+01 6.000000e+00
      vertex   1.147500e+02 -8.475000e+01 4.741351e+00
      vertex   1.158481e+02 -8.625000e+01 6.000000e+00
    endloop
  endfacet
  facet normal -6.334606e-01 1.697352e-01 7.549289e-01
    outer loop
      vertex   1.158481e+02 -8.625000e+01 6.000000e+00
      vertex   1.147500e+02 -8.475000e+01 4.741351e+00
      vertex   1.145490e+02 -8.550000e+01 4.741351e+00
    endloop
  endfacet
  facet normal -4.637253e-01 4.637253e-01 7.549289e-01
    outer loop
      vertex   1.158481e+02 -8.625000e+01 6.000000e+00
      vertex   1.145490e+02 -8.550000e+01 4.741351e+00
      vertex   1.147500e+02 -8.734808e+01 6.000000e+00
    endloop
  endfacet
  facet normal -4.637253e-01 4.637253e-01 7.549289e-01
    outer loop
      vertex   1.147500e+02 -8.734808e+01 6.000000e+00
      vertex   1.145490e+02 -8.550000e+01 4.741351e+00
      vertex   1.140000e+02 -8.604904e+01 4.741351e+00
    endloop
  endfacet
  facet normal -1.697352e-01 6.334606e-01 7.549289e-01
    outer loop
      vertex   1.147500e+02 -8.734808e+01 6.000000e+00
      vertex   1.140000e+02 -8.604904e+01 4.741351e+00
      vertex   1.132500e+02 -8.775000e+01 6.000000e+00
    endloop
  endfacet
  facet normal -1.697352e-01 6.334606e-01 7.549289e-01
    outer loop
      vertex   1.132500e+02 -8.775000e+01 6.000000e+00
      vertex   1.140000e+02 -8.604904e+01 4.741351e+00
      vertex   1.132500e+02 -8.625000e+01 4.741351e+00
    endloop
  endfacet
  facet normal 1.697352e-01 6.334606e-01 7.549289e-01
    outer loop
      vertex   1.132500e+02 -8.775000e+01 6.000000e+00
      vertex   1.132500e+02 -8.625000e+01 4.741351e+00
      vertex   1.117500e+02 -8.734808e+01 6.000000e+00
    endloop
  endfacet
  facet normal 1.697352e-01 6.334606e-01 7.549289e-01
    outer loop
      vertex   1.117500e+02 -8.734808e+01 6.000000e+00
      vertex   1.132500e+02 -8.625000e+01 4.741351e+00
      vertex   1.125000e+02 -8.604904e+01 4.741351e+00
    endloop
  endfacet
  facet normal 4.637253e-01 4.637253e-01 7.549289e-01
    outer loop
      vertex   1.117500e+02 -8.734808e+01 6.000000e+00
      vertex   1.125000e+02 -8.604904e+01 4.741351e+00
      vertex   1.106519e+02 -8.625000e+01 6.000000e+00
    endloop
  endfacet
  facet normal 4.637253e-01 4.637253e-01 7.549289e-01
    outer loop
      vertex   1.106519e+02 -8.625000e+01 6.000000e+00
      vertex   1.125000e+02 -8.604904e+01 4.741351e+00
      vertex   1.119510e+02 -8.550000e+01 4.741351e+00
    endloop
  endfacet
  facet normal 6.334606e-01 1.697352e-01 7.549289e-01
    outer loop
      vertex   1.106519e+02 -8.625000e+01 6.000000e+00
      vertex   1.119510e+02 -8.550000e+01 4.741351e+00
      vertex   1.102500e+02 -8.475000e+01 6.000000e+00
    endloop
  endfacet
  facet normal 6.334606e-01 1.697352e-01 7.549289e-01
    outer loop
      vertex   1.102500e+02 -8.475000e+01 6.000000e+00
      vertex   1.119510e+02 -8.550000e+01 4.741351e+00
      vertex   1.117500e+02 -8.475000e+01 4.741351e+00
    endloop
  endfacet
  facet normal 6.334606e-01 -1.697352e-01 7.549289e-01
    outer loop
      vertex   1.102500e+02 -8.475000e+01 6.000000e+00
      vertex   1.117500e+02 -8.475000e+01 4.741351e+00
      vertex   1.106519e+02 -8.325000e+01 6.000000e+00
    endloop
  endfacet
  facet normal 6.334606e-01 -1.697352e-01 7.549289e-01
    outer loop
      vertex   1.106519e+02 -8.325000e+01 6.000000e+00
      vertex   1.117500e+02 -8.475000e+01 4.741351e+00
      vertex   1.119510e+02 -8.400000e+01 4.741351e+00
    endloop
  endfacet
  facet normal 4.637253e-01 -4.637253e-01 7.549289e-01
    outer loop
      vertex   1.106519e+02 -8.325000e+01 6.000000e+00
      vertex   1.119510e+02 -8.400000e+01 4.741351e+00
      vertex   1.117500e+02 -8.215192e+01 6.000000e+00
    endloop
  endfacet
  facet normal 4.637253e-01 -4.637253e-01 7.549289e-01
    outer loop
      vertex   1.117500e+02 -8.215192e+01 6.000000e+00
      vertex   1.119510e+02 -8.400000e+01 4.741351e+00
      vertex   1.125000e+02 -8.345096e+01 4.741351e+00
    endloop
  endfacet
  facet normal 1.697352e-01 -6.334606e-01 7.549289e-01
    outer loop
      vertex   1.117500e+02 -8.215192e+01 6.000000e+00
      vertex   1.125000e+02 -8.345096e+01 4.741351e+00
      vertex   1.132500e+02 -8.175000e+01 6.000000e+00
    endloop
  endfacet
  facet normal 1.697352e-01 -6.334606e-01 7.549289e-01
    outer loop
      vertex   1.132500e+02 -8.175000e+01 6.000000e+00
      vertex   1.125000e+02 -8.345096e+01 4.741351e+00
      vertex   1.132500e+02 -8.325000e+01 4.741351e+00
    endloop
  endfacet
  facet normal -1.697352e-01 -6.334606e-01 7.549289e-01
    outer loop
      vertex   1.132500e+02 -8.175000e+01 6.000000e+00
      vertex   1.132500e+02 -8.325000e+01 4.741351e+00
      vertex   1.147500e+02 -8.215192e+01 6.000000e+00
    endloop
  endfacet
  facet normal -1.697352e-01 -6.334606e-01 7.549289e-01
    outer loop
      vertex   1.147500e+02 -8.215192e+01 6.000000e+00
      vertex   1.132500e+02 -8.325000e+01 4.741351e+00
      vertex   1.140000e+02 -8.345096e+01 4.741351e+00
    endloop
  endfacet
  facet normal -4.637253e-01 -4.637253e-01 7.549289e-01
    outer loop
      vertex   1.147500e+02 -8.215192e+01 6.000000e+00
      vertex   1.140000e+02 -8.345096e+01 4.741351e+00
      vertex   1.158481e+02 -8.325000e+01 6.000000e+00
    endloop
  endfacet
  facet normal -4.637253e-01 -4.637253e-01 7.549289e-01
    outer loop
      vertex   1.158481e+02 -8.325000e+01 6.000000e+00
      vertex   1.140000e+02 -8.345096e+01 4.741351e+00
      vertex   1.145490e+02 -8.400000e+01 4.741351e+00
    endloop
  endfacet
  facet normal 9.659258e-01 -2.588190e-01 0.000000e+00
    outer loop
      vertex   1.119510e+02 -8.400000e+01 0.000000e+00
      vertex   1.119510e+02 -8.400000e+01 4.741351e+00
      vertex   1.117500e+02 -8.475000e+01 0.000000e+00
    endloop
  endfacet
  facet normal 9.659258e-01 -2.588190e-01 0.000000e+00
    outer loop
      vertex   1.117500e+02 -8.475000e+01 0.000000e+00
      vertex   1.119510e+02 -8.400000e+01 4.741351e+00
      vertex   1.117500e+02 -8.475000e+01 4.741351e+00
    endloop
  endfacet
  facet normal 9.659258e-01 2.588190e-01 -0.000000e+00
    outer loop
      vertex   1.117500e+02 -8.475000e+01 0.000000e+00
      vertex   1.117500e+02 -8.475000e+01 4.741351e+00
      vertex   1.119510e+02 -8.550000e+01 0.000000e+00
    endloop
  endfacet
  facet normal 9.659258e-01 2.588190e-01 -0.000000e+00
    outer loop
      vertex   1.119510e+02 -8.550000e+01 0.000000e+00
      vertex   1.117500e+02 -8.475000e+01 4.741351e+00
      vertex   1.119510e+02 -8.550000e+01 4.741351e+00
    endloop
  endfacet
  facet normal 7.071068e-01 7.071068e-01 -0.000000e+00
    outer loop
      vertex   1.119510e+02 -8.550000e+01 0.000000e+00
      vertex   1.119510e+02 -8.550000e+01 4.741351e+00
      vertex   1.125000e+02 -8.604904e+01 0.000000e+00
    endloop
  endfacet
  facet normal 7.071068e-01 7.071068e-01 -0.000000e+00
    outer loop
      vertex   1.125000e+02 -8.604904e+01 0.000000e+00
      vertex   1.119510e+02 -8.550000e+01 4.741351e+00
      vertex   1.125000e+02 -8.604904e+01 4.741351e+00
    endloop
  endfacet
  facet normal 2.588190e-01 9.659258e-01 -0.000000e+00
    outer loop
      vertex   1.125000e+02 -8.604904e+01 0.000000e+00
      vertex   1.125000e+02 -8.604904e+01 4.741351e+00
      vertex   1.132500e+02 -8.625000e+01 0.000000e+00
    endloop
  endfacet
  facet normal 2.588190e-01 9.659258e-01 -0.000000e+00
    outer loop
      vertex   1.132500e+02 -8.625000e+01 0.000000e+00
      vertex   1.125000e+02 -8.604904e+01 4.741351e+00
      vertex   1.132500e+02 -8.625000e+01 4.741351e+00
    endloop
  endfacet
  facet normal -2.588190e-01 9.659258e-01 0.000000e+00
    outer loop
      vertex   1.132500e+02 -8.625000e+01 0.000000e+00
      vertex   1.132500e+02 -8.625000e+01 4.741351e+00
      vertex   1.140000e+02 -8.604904e+01 0.000000e+00
    endloop
  endfacet
  facet normal -2.588190e-01 9.659258e-01 0.000000e+00
    outer loop
      vertex   1.140000e+02 -8.604904e+01 0.000000e+00
      vertex   1.132500e+02 -8.625000e+01 4.741351e+00
      vertex   1.140000e+02 -8.604904e+01 4.741351e+00
    endloop
  endfacet
  facet normal -7.071068e-01 7.071068e-01 0.000000e+00
    outer loop
      vertex   1.140000e+02 -8.604904e+01 0.000000e+00
      vertex   1.140000e+02 -8.604904e+01 4.741351e+00
      vertex   1.145490e+02 -8.550000e+01 0.000000e+00
    endloop
  endfacet
  facet normal -7.071068e-01 7.071068e-01 0.000000e+00
    outer loop
      vertex   1.145490e+02 -8.550000e+01 0.000000e+00
      vertex   1.140000e+02 -8.604904e+01 4.741351e+00
      vertex   1.145490e+02 -8.550000e+01 4.741351e+00
    endloop
  endfacet
  facet normal -9.659258e-01 2.588190e-01 0.000000e+00
    outer loop
      vertex   1.145490e+02 -8.550000e+01 0.000000e+00
      vertex   1.145490e+02 -8.550000e+01 4.741351e+00
      vertex   1.147500e+02 -8.475000e+01 0.000000e+00
    endloop
  endfacet
  facet normal -9.659258e-01 2.588190e-01 0.000000e+00
    outer loop
      vertex   1.147500e+02 -8.475000e+01 0.000000e+00
      vertex   1.145490e+02 -8.550000e+01 4.741351e+00
      vertex   1.147500e+02 -8.475000e+01 4.741351e+00
    endloop
  endfacet
  facet normal -9.659258e-01 -2.588190e-01 0.000000e+00
    outer loop
      vertex   1.147500e+02 -8.475000e+01 0.000000e+00
      vertex   1.147500e+02 -8.475000e+01 4.741351e+00
      vertex   1.145490e+02 -8.400000e+01 0.000000e+00
    endloop
  endfacet
  facet normal -9.659258e-01 -2.588190e-01 0.000000e+00
    outer loop
      vertex   1.145490e+02 -8.400000e+01 0.000000e+00
      vertex   1.147500e+02 -8.475000e+01 4.741351e+00
      vertex   1.145490e+02 -8.400000e+01 4.741351e+00
    endloop
  endfacet
  facet normal -7.071068e-01 -7.071068e-01 0.000000e+00
    outer loop
      vertex   1.145490e+02 -8.400000e+01 0.000000e+00
      vertex   1.145490e+02 -8.400000e+01 4.741351e+00
      vertex   1.140000e+02 -8.345096e+01 0.000000e+00
    endloop
  endfacet
  facet normal -7.071068e-01 -7.071068e-01 0.000000e+00
    outer loop
      vertex   1.140000e+02 -8.345096e+01 0.000000e+00
      vertex   1.145490e+02 -8.400000e+01 4.741351e+00
      vertex   1.140000e+02 -8.345096e+01 4.741351e+00
    endloop
  endfacet
  facet normal -2.588190e-01 -9.659258e-01 0.000000e+00
    outer loop
      vertex   1.140000e+02 -8.345096e+01 0.000000e+00
      vertex   1.140000e+02 -8.345096e+01 4.741351e+00
      vertex   1.132500e+02 -8.325000e+01 0.000000e+00
    endloop
  endfacet
  facet normal -2.588190e-01 -9.659258e-01 0.000000e+00
    outer loop
      vertex   1.132500e+02 -8.325000e+01 0.000000e+00
      vertex   1.140000e+02 -8.345096e+01 4.741351e+00
      vertex   1.132500e+02 -8.325000e+01 4.741351e+00
    endloop
  endfacet
  facet normal 2.588190e-01 -9.659258e-01 0.000000e+00
    outer loop
      vertex   1.132500e+02 -8.325000e+01 0.000000e+00
      vertex   1.132500e+02 -8.325000e+01 4.741351e+00
      vertex   1.125000e+02 -8.345096e+01 0.000000e+00
    endloop
  endfacet
  facet normal 2.588190e-01 -9.659258e-01 0.000000e+00
    outer loop
      vertex   1.125000e+02 -8.345096e+01 0.000000e+00
      vertex   1.132500e+02 -8.325000e+01 4.741351e+00
      vertex   1.125000e+02 -8.345096e+01 4.741351e+00
    endloop
  endfacet
  facet normal 7.071068e-01 -7.071068e-01 0.000000e+00
    outer loop
      vertex   1.125000e+02 -8.345096e+01 0.000000e+00
      vertex   1.125000e+02 -8.345096e+01 4.741351e+00
      vertex   1.119510e+02 -8.400000e+01 0.000000e+00
    endloop
  endfacet
  facet normal 7.071068e-01 -7.071068e-01 0.000000e+00
    outer loop
      vertex   1.119510e+02 -8.400000e+01 0.000000e+00
      vertex   1.125000e+02 -8.345096e+01 4.741351e+00
      vertex   1.119510e+02 -8.400000e+01 4.741351e+00
    endloop
  endfacet
  facet normal -6.334606e-01 -1.697352e-01 7.549289e-01
    outer loop
      vertex   1.158481e+02 -4.275000e+01 6.000000e+00
      vertex   1.145490e+02 -4.350000e+01 4.741351e+00
      vertex   1.162500e+02 -4.425000e+01 6.000000e+00
    endloop
  endfacet
  facet normal -6.334606e-01 -1.697352e-01 7.549289e-01
    outer loop
      vertex   1.162500e+02 -4.425000e+01 6.000000e+00
      vertex   1.145490e+02 -4.350000e+01 4.741351e+00
      vertex   1.147500e+02 -4.425000e+01 4.741351e+00
    endloop
  endfacet
  facet normal -6.334606e-01 1.697352e-01 7.549289e-01
    outer loop
      vertex   1.162500e+02 -4.425000e+01 6.000000e+00
      vertex   1.147500e+02 -4.425000e+01 4.741351e+00
      vertex   1.158481e+02 -4.575000e+01 6.000000e+00
    endloop
  endfacet
  facet normal -6.334606e-01 1.697352e-01 7.549289e-01
    outer loop
      vertex   1.158481e+02 -4.575000e+01 6.000000e+00
      vertex   1.147500e+02 -4.425000e+01 4.741351e+00
      vertex   1.145490e+02 -4.500000e+01 4.741351e+00
    endloop
  endfacet
  facet normal -4.637253e-01 4.637253e-01 7.549289e-01
    outer loop
      vertex   1.158481e+02 -4.575000e+01 6.000000e+00
      vertex   1.145490e+02 -4.500000e+01 4.741351e+00
      vertex   1.147500e+02 -4.684808e+01 6.000000e+00
    endloop
  endfacet
  facet normal -4.637253e-01 4.637253e-01 7.549289e-01
    outer loop
      vertex   1.147500e+02 -4.684808e+01 6.000000e+00
      vertex   1.145490e+02 -4.500000e+01 4.741351e+00
      vertex   1.140000e+02 -4.554904e+01 4.741351e+00
    endloop
  endfacet
  facet normal -1.697352e-01 6.334606e-01 7.549289e-01
    outer loop
      vertex   1.147500e+02 -4.684808e+01 6.000000e+00
      vertex   1.140000e+02 -4.554904e+01 4.741351e+00
      vertex   1.132500e+02 -4.725000e+01 6.000000e+00
    endloop
  endfacet
  facet normal -1.697352e-01 6.334606e-01 7.549289e-01
    outer loop
      vertex   1.132500e+02 -4.725000e+01 6.000000e+00
      vertex   1.140000e+02 -4.554904e+01 4.741351e+00
      vertex   1.132500e+02 -4.575000e+01 4.741351e+00
    endloop
  endfacet
  facet normal 1.697352e-01 6.334606e-01 7.549289e-01
    outer loop
      vertex   1.132500e+02 -4.725000e+01 6.000000e+00
      vertex   1.132500e+02 -4.575000e+01 4.741351e+00
      vertex   1.117500e+02 -4.684808e+01 6.000000e+00
    endloop
  endfacet
  facet normal 1.697352e-01 6.334606e-01 7.549289e-01
    outer loop
      vertex   1.117500e+02 -4.684808e+01 6.000000e+00
      vertex   1.132500e+02 -4.575000e+01 4.741351e+00
      vertex   1.125000e+02 -4.554904e+01 4.741351e+00
    endloop
  endfacet
  facet normal 4.637253e-01 4.637253e-01 7.549289e-01
    outer loop
      vertex   1.117500e+02 -4.684808e+01 6.000000e+00
      vertex   1.125000e+02 -4.554904e+01 4.741351e+00
      vertex   1.106519e+02 -4.575000e+01 6.000000e+00
    endloop
  endfacet
  facet normal 4.637253e-01 4.637253e-01 7.549289e-01
    outer loop
      vertex   1.106519e+02 -4.575000e+01 6.000000e+00
      vertex   1.125000e+02 -4.554904e+01 4.741351e+00
      vertex   1.119510e+02 -4.500000e+01 4.741351e+00
    endloop
  endfacet
  facet normal 6.334606e-01 1.697352e-01 7.549289e-01
    outer loop
      vertex   1.106519e+02 -4.575000e+01 6.000000e+00
      vertex   1.119510e+02 -4.500000e+01 4.741351e+00
      vertex   1.102500e+02 -4.425000e+01 6.000000e+00
    endloop
  endfacet
  facet normal 6.334606e-01 1.697352e-01 7.549289e-01
    outer loop
      vertex   1.102500e+02 -4.425000e+01 6.000000e+00
      vertex   1.119510e+02 -4.500000e+01 4.741351e+00
      vertex   1.117500e+02 -4.425000e+01 4.741351e+00
    endloop
  endfacet
  facet normal 6.334606e-01 -1.697352e-01 7.549289e-01
    outer loop
      vertex   1.102500e+02 -4.425000e+01 6.000000e+00
      vertex   1.117500e+02 -4.425000e+01 4.741351e+00
      vertex   1.106519e+02 -4.275000e+01 6.000000e+00
    endloop
  endfacet
  facet normal 6.334606e-01 -1.697352e-01 7.549289e-01
    outer loop
      vertex   1.106519e+02 -4.275000e+01 6.000000e+00
      vertex   1.117500e+02 -4.425000e+01 4.741351e+00
      vertex   1.119510e+02 -4.350000e+01 4.741351e+00
    endloop
  endfacet
  facet normal 4.637253e-01 -4.637253e-01 7.549289e-01
    outer loop
      vertex   1.106519e+02 -4.275000e+01 6.000000e+00
      vertex   1.119510e+02 -4.350000e+01 4.741351e+00
      vertex   1.117500e+02 -4.165192e+01 6.000000e+00
    endloop
  endfacet
  facet normal 4.637253e-01 -4.637253e-01 7.549289e-01
    outer loop
      vertex   1.117500e+02 -4.165192e+01 6.000000e+00
      vertex   1.119510e+02 -4.350000e+01 4.741351e+00
      vertex   1.125000e+02 -4.295096e+01 4.741351e+00
    endloop
  endfacet
  facet normal 1.697352e-01 -6.334606e-01 7.549289e-01
    outer loop
      vertex   1.117500e+02 -4.165192e+01 6.000000e+00
      vertex   1.125000e+02 -4.295096e+01 4.741351e+00
      vertex   1.132500e+02 -4.125000e+01 6.000000e+00
    endloop
  endfacet
  facet normal 1.697352e-01 -6.334606e-01 7.549289e-01
    outer loop
      vertex   1.132500e+02 -4.125000e+01 6.000000e+00
      vertex   1.125000e+02 -4.295096e+01 4.741351e+00
      vertex   1.132500e+02 -4.275000e+01 4.741351e+00
    endloop
  endfacet
  facet normal -1.697352e-01 -6.334606e-01 7.549289e-01
    outer loop
      vertex   1.132500e+02 -4.125000e+01 6.000000e+00
      vertex   1.132500e+02 -4.275000e+01 4.741351e+00
      vertex   1.147500e+02 -4.165192e+01 6.000000e+00
    endloop
  endfacet
  facet normal -1.697352e-01 -6.334606e-01 7.549289e-01
    outer loop
      vertex   1.147500e+02 -4.165192e+01 6.000000e+00
      vertex   1.132500e+02 -4.275000e+01 4.741351e+00
      vertex   1.140000e+02 -4.295096e+01 4.741351e+00
    endloop
  endfacet
  facet normal -4.637253e-01 -4.637253e-01 7.549289e-01
    outer loop
      vertex   1.147500e+02 -4.165192e+01 6.000000e+00
      vertex   1.140000e+02 -4.295096e+01 4.741351e+00
      vertex   1.158481e+02 -4.275000e+01 6.000000e+00
    endloop
  endfacet
  facet normal -4.637253e-01 -4.637253e-01 7.549289e-01
    outer loop
      vertex   1.158481e+02 -4.275000e+01 6.000000e+00
      vertex   1.140000e+02 -4.295096e+01 4.741351e+00
      vertex   1.145490e+02 -4.350000e+01 4.741351e+00
    endloop
  endfacet
  facet normal 9.659258e-01 -2.588190e-01 0.000000e+00
    outer loop
      vertex   1.119510e+02 -4.350000e+01 0.000000e+00
      vertex   1.119510e+02 -4.350000e+01 4.741351e+00
      vertex   1.117500e+02 -4.425000e+01 0.000000e+00
    endloop
  endfacet
  facet normal 9.659258e-01 -2.588190e-01 0.000000e+00
    outer loop
      vertex   1.117500e+02 -4.425000e+01 0.000000e+00
      vertex   1.119510e+02 -4.350000e+01 4.741351e+00
      vertex   1.117500e+02 -4.425000e+01 4.741351e+00
    endloop
  endfacet
  facet normal 9.659258e-01 2.588190e-01 -0.000000e+00
    outer loop
      vertex   1.117500e+02 -4.425000e+01 0.000000e+00
      vertex   1.117500e+02 -4.425000e+01 4.741351e+00
      vertex   1.119510e+02 -4.500000e+01 0.000000e+00
    endloop
  endfacet
  facet normal 9.659258e-01 2.588190e-01 -0.000000e+00
    outer loop
      vertex   1.119510e+02 -4.500000e+01 0.000000e+00
      vertex   1.117500e+02 -4.425000e+01 4.741351e+00
      vertex   1.119510e+02 -4.500000e+01 4.741351e+00
    endloop
  endfacet
  facet normal 7.071068e-01 7.071068e-01 -0.000000e+00
    outer loop
      vertex   1.119510e+02 -4.500000e+01 0.000000e+00
      vertex   1.119510e+02 -4.500000e+01 4.741351e+00
      vertex   1.125000e+02 -4.554904e+01 0.000000e+00
    endloop
  endfacet
  facet normal 7.071068e-01 7.071068e-01 -0.000000e+00
    outer loop
      vertex   1.125000e+02 -4.554904e+01 0.000000e+00
      vertex   1.119510e+02 -4.500000e+01 4.741351e+00
      vertex   1.125000e+02 -4.554904e+01 4.741351e+00
    endloop
  endfacet
  facet normal 2.588190e-01 9.659258e-01 -0.000000e+00
    outer loop
      vertex   1.125000e+02 -4.554904e+01 0.000000e+00
      vertex   1.125000e+02 -4.554904e+01 4.741351e+00
      vertex   1.132500e+02 -4.575000e+01 0.000000e+00
    endloop
  endfacet
  facet normal 2.588190e-01 9.659258e-01 -0.000000e+00
    outer loop
      vertex   1.132500e+02 -4.575000e+01 0.000000e+00
      vertex   1.125000e+02 -4.554904e+01 4.741351e+00
      vertex   1.132500e+02 -4.575000e+01 4.741351e+00
    endloop
  endfacet
  facet normal -2.588190e-01 9.659258e-01 0.000000e+00
    outer loop
      vertex   1.132500e+02 -4.575000e+01 0.000000e+00
      vertex   1.132500e+02 -4.575000e+01 4.741351e+00
      vertex   1.140000e+02 -4.554904e+01 0.000000e+00
    endloop
  endfacet
  facet normal -2.588190e-01 9.659258e-01 0.000000e+00
    outer loop
      vertex   1.140000e+02 -4.554904e+01 0.000000e+00
      vertex   1.132500e+02 -4.575000e+01 4.741351e+00
      vertex   1.140000e+02 -4.554904e+01 4.741351e+00
    endloop
  endfacet
  facet normal -7.071068e-01 7.071068e-01 0.000000e+00
    outer loop
      vertex   1.140000e+02 -4.554904e+01 0.000000e+00
      vertex   1.140000e+02 -4.554904e+01 4.741351e+00
      vertex   1.145490e+02 -4.500000e+01 0.000000e+00
    endloop
  endfacet
  facet normal -7.071068e-01 7.071068e-01 0.000000e+00
    outer loop
      vertex   1.145490e+02 -4.500000e+01 0.000000e+00
      vertex   1.140000e+02 -4.554904e+01 4.741351e+00
      vertex   1.145490e+02 -4.500000e+01 4.741351e+00
    endloop
  endfacet
  facet normal -9.659258e-01 2.588190e-01 0.000000e+00
    outer loop
      vertex   1.145490e+02 -4.500000e+01 0.000000e+00
      vertex   1.145490e+02 -4.500000e+01 4.741351e+00
      vertex   1.147500e+02 -4.425000e+01 0.000000e+00
    endloop
  endfacet
  facet normal -9.659258e-01 2.588190e-01 0.000000e+00
    outer loop
      vertex   1.147500e+02 -4.425000e+01 0.000000e+00
      vertex   1.145490e+02 -4.500000e+01 4.741351e+00
      vertex   1.147500e+02 -4.425000e+01 4.741351e+00
    endloop
  endfacet
  facet normal -9.659258e-01 -2.588190e-01 0.000000e+00
    outer loop
      vertex   1.147500e+02 -4.425000e+01 0.000000e+00
      vertex   1.147500e+02 -4.425000e+01 4.741351e+00
      vertex   1.145490e+02 -4.350000e+01 0.000000e+00
    endloop
  endfacet
  facet normal -9.659258e-01 -2.588190e-01 0.000000e+00
    outer loop
      vertex   1.145490e+02 -4.350000e+01 0.000000e+00
      vertex   1.147500e+02 -4.425000e+01 4.741351e+00
      vertex   1.145490e+02 -4.350000e+01 4.741351e+00
    endloop
  endfacet
  facet normal -7.071068e-01 -7.071068e-01 0.000000e+00
    outer loop
      vertex   1.145490e+02 -4.350000e+01 0.000000e+00
      vertex   1.145490e+02 -4.350000e+01 4.741351e+00
      vertex   1.140000e+02 -4.295096e+01 0.000000e+00
    endloop
  endfacet
  facet normal -7.071068e-01 -7.071068e-01 0.000000e+00
    outer loop
      vertex   1.140000e+02 -4.295096e+01 0.000000e+00
      vertex   1.145490e+02 -4.350000e+01 4.741351e+00
      vertex   1.140000e+02 -4.295096e+01 4.741351e+00
    endloop
  endfacet
  facet normal -2.588190e-01 -9.659258e-01 0.000000e+00
    outer loop
      vertex   1.140000e+02 -4.295096e+01 0.000000e+00
      vertex   1.140000e+02 -4.295096e+01 4.741351e+00
      vertex   1.132500e+02 -4.275000e+01 0.000000e+00
    endloop
  endfacet
  facet normal -2.588190e-01 -9.659258e-01 0.000000e+00
    outer loop
      vertex   1.132500e+02 -4.275000e+01 0.000000e+00
      vertex   1.140000e+02 -4.295096e+01 4.741351e+00
      vertex   1.132500e+02 -4.275000e+01 4.741351e+00
    endloop
  endfacet
  facet normal 2.588190e-01 -9.659258e-01 0.000000e+00
    outer loop
      vertex   1.132500e+02 -4.275000e+01 0.000000e+00
      vertex   1.132500e+02 -4.275000e+01 4.741351e+00
      vertex   1.125000e+02 -4.295096e+01 0.000000e+00
    endloop
  endfacet
  facet normal 2.588190e-01 -9.659258e-01 0.000000e+00
    outer loop
      vertex   1.125000e+02 -4.295096e+01 0.000000e+00
      vertex   1.132500e+02 -4.275000e+01 4.741351e+00
      vertex   1.125000e+02 -4.295096e+01 4.741351e+00
    endloop
  endfacet
  facet normal 7.071068e-01 -7.071068e-01 0.000000e+00
    outer loop
      vertex   1.125000e+02 -4.295096e+01 0.000000e+00
      vertex   1.125000e+02 -4.295096e+01 4.741351e+00
      vertex   1.119510e+02 -4.350000e+01 0.000000e+00
    endloop
  endfacet
  facet normal 7.071068e-01 -7.071068e-01 0.000000e+00
    outer loop
      vertex   1.119510e+02 -4.350000e+01 0.000000e+00
      vertex   1.125000e+02 -4.295096e+01 4.741351e+00
      vertex   1.119510e+02 -4.350000e+01 4.741351e+00
    endloop
  endfacet
  facet normal -6.334606e-01 -1.697352e-01 7.549289e-01
    outer loop
      vertex   1.158481e+02 -2.250000e+00 6.000000e+00
      vertex   1.145490e+02 -3.000000e+00 4.741351e+00
      vertex   1.162500e+02 -3.750000e+00 6.000000e+00
    endloop
  endfacet
  facet normal -6.334606e-01 -1.697352e-01 7.549289e-01
    outer loop
      vertex   1.162500e+02 -3.750000e+00 6.000000e+00
      vertex   1.145490e+02 -3.000000e+00 4.741351e+00
      vertex   1.147500e+02 -3.750000e+00 4.741351e+00
    endloop
  endfacet
  facet normal -6.334606e-01 1.697352e-01 7.549289e-01
    outer loop
      vertex   1.162500e+02 -3.750000e+00 6.000000e+00
      vertex   1.147500e+02 -3.750000e+00 4.741351e+00
      vertex   1.158481e+02 -5.250000e+00 6.000000e+00
    endloop
  endfacet
  facet normal -6.334606e-01 1.697352e-01 7.549289e-01
    outer loop
      vertex   1.158481e+02 -5.250000e+00 6.000000e+00
      vertex   1.147500e+02 -3.750000e+00 4.741351e+00
      vertex   1.145490e+02 -4.500000e+00 4.741351e+00
    endloop
  endfacet
  facet normal -4.637253e-01 4.637253e-01 7.549289e-01
    outer loop
      vertex   1.158481e+02 -5.250000e+00 6.000000e+00
      vertex   1.145490e+02 -4.500000e+00 4.741351e+00
      vertex   1.147500e+02 -6.348076e+00 6.000000e+00
    endloop
  endfacet
  facet normal -4.637253e-01 4.637253e-01 7.549289e-01
    outer loop
      vertex   1.147500e+02 -6.348076e+00 6.000000e+00
      vertex   1.145490e+02 -4.500000e+00 4.741351e+00
      vertex   1.140000e+02 -5.049038e+00 4.741351e+00
    endloop
  endfacet
  facet normal -1.697352e-01 6.334606e-01 7.549289e-01
    outer loop
      vertex   1.147500e+02 -6.348076e+00 6.000000e+00
      vertex   1.140000e+02 -5.049038e+00 4.741351e+00
      vertex   1.132500e+02 -6.750000e+00 6.000000e+00
    endloop
  endfacet
  facet normal -1.697352e-01 6.334606e-01 7.549289e-01
    outer loop
      vertex   1.132500e+02 -6.750000e+00 6.000000e+00
      vertex   1.140000e+02 -5.049038e+00 4.741351e+00
      vertex   1.132500e+02 -5.250000e+00 4.741351e+00
    endloop
  endfacet
  facet normal 1.697352e-01 6.334606e-01 7.549289e-01
    outer loop
      vertex   1.132500e+02 -6.750000e+00 6.000000e+00
      vertex   1.132500e+02 -5.250000e+00 4.741351e+00
      vertex   1.117500e+02 -6.348076e+00 6.000000e+00
    endloop
  endfacet
  facet normal 1.697352e-01 6.334606e-01 7.549289e-01
    outer loop
      vertex   1.117500e+02 -6.348076e+00 6.000000e+00
      vertex   1.132500e+02 -5.250000e+00 4.741351e+00
      vertex   1.125000e+02 -5.049038e+00 4.741351e+00
    endloop
  endfacet
  facet normal 4.637253e-01 4.637253e-01 7.549289e-01
    outer loop
      vertex   1.117500e+02 -6.348076e+00 6.000000e+00
      vertex   1.125000e+02 -5.049038e+00 4.741351e+00
      vertex   1.106519e+02 -5.250000e+00 6.000000e+00
    endloop
  endfacet
  facet normal 4.637253e-01 4.637253e-01 7.549289e-01
    outer loop
      vertex   1.106519e+02 -5.250000e+00 6.000000e+00
      vertex   1.125000e+02 -5.049038e+00 4.741351e+00
      vertex   1.119510e+02 -4.500000e+00 4.741351e+00
    endloop
  endfacet
  facet normal 6.334606e-01 1.697352e-01 7.549289e-01
    outer loop
      vertex   1.106519e+02 -5.250000e+00 6.000000e+00
      vertex   1.119510e+02 -4.500000e+00 4.741351e+00
      vertex   1.102500e+02 -3.750000e+00 6.000000e+00
    endloop
  endfacet
  facet normal 6.334606e-01 1.697352e-01 7.549289e-01
    outer loop
      vertex   1.102500e+02 -3.750000e+00 6.000000e+00
      vertex   1.119510e+02 -4.500000e+00 4.741351e+00
      vertex   1.117500e+02 -3.750000e+00 4.741351e+00
    endloop
  endfacet
  facet normal 6.334606e-01 -1.697352e-01 7.549289e-01
    outer loop
      vertex   1.102500e+02 -3.750000e+00 6.000000e+00
      vertex   1.117500e+02 -3.750000e+00 4.741351e+00
      vertex   1.106519e+02 -2.250000e+00 6.000000e+00
    endloop
  endfacet
  facet normal 6.334606e-01 -1.697352e-01 7.549289e-01
    outer loop
      vertex   1.106519e+02 -2.250000e+00 6.000000e+00
      vertex   1.117500e+02 -3.750000e+00 4.741351e+00
      vertex   1.119510e+02 -3.000000e+00 4.741351e+00
    endloop
  endfacet
  facet normal 4.637253e-01 -4.637253e-01 7.549289e-01
    outer loop
      vertex   1.106519e+02 -2.250000e+00 6.000000e+00
      vertex   1.119510e+02 -3.000000e+00 4.741351e+00
      vertex   1.117500e+02 -1.151924e+00 6.000000e+00
    endloop
  endfacet
  facet normal 4.637253e-01 -4.637253e-01 7.549289e-01
    outer loop
      vertex   1.117500e+02 -1.151924e+00 6.000000e+00
      vertex   1.119510e+02 -3.000000e+00 4.741351e+00
      vertex   1.125000e+02 -2.450962e+00 4.741351e+00
    endloop
  endfacet
  facet normal 1.697352e-01 -6.334606e-01 7.549289e-01
    outer loop
      vertex   1.117500e+02 -1.151924e+00 6.000000e+00
      vertex   1.125000e+02 -2.450962e+00 4.741351e+00
      vertex   1.132500e+02 -7.500000e-01 6.000000e+00
    endloop
  endfacet
  facet normal 1.697352e-01 -6.334606e-01 7.549289e-01
    outer loop
      vertex   1.132500e+02 -7.500000e-01 6.000000e+00
      vertex   1.125000e+02 -2.450962e+00 4.741351e+00
      vertex   1.132500e+02 -2.250000e+00 4.741351e+00
    endloop
  endfacet
  facet normal -1.697352e-01 -6.334606e-01 7.549289e-01
    outer loop
      vertex   1.132500e+02 -7.500000e-01 6.000000e+00
      vertex   1.132500e+02 -2.250000e+00 4.741351e+00
      vertex   1.147500e+02 -1.151924e+00 6.000000e+00
    endloop
  endfacet
  facet normal -1.697352e-01 -6.334606e-01 7.549289e-01
    outer loop
      vertex   1.147500e+02 -1.151924e+00 6.000000e+00
      vertex   1.132500e+02 -2.250000e+00 4.741351e+00
      vertex   1.140000e+02 -2.450962e+00 4.741351e+00
    endloop
  endfacet
  facet normal -4.637253e-01 -4.637253e-01 7.549289e-01
    outer loop
      vertex   1.147500e+02 -1.151924e+00 6.000000e+00
      vertex   1.140000e+02 -2.450962e+00 4.741351e+00
      vertex   1.158481e+02 -2.250000e+00 6.000000e+00
    endloop
  endfacet
  facet normal -4.637253e-01 -4.637253e-01 7.549289e-01
    outer loop
      vertex   1.158481e+02 -2.250000e+00 6.000000e+00
      vertex   1.140000e+02 -2.450962e+00 4.741351e+00
      vertex   1.145490e+02 -3.000000e+00 4.741351e+00
    endloop
  endfacet
  facet normal 9.659258e-01 -2.588190e-01 0.000000e+00
    outer loop
      vertex   1.119510e+02 -3.000000e+00 0.000000e+00
      vertex   1.119510e+02 -3.000000e+00 4.741351e+00
      vertex   1.117500e+02 -3.750000e+00 0.000000e+00
    endloop
  endfacet
  facet normal 9.659258e-01 -2.588190e-01 0.000000e+00
    outer loop
      vertex   1.117500e+02 -3.750000e+00 0.000000e+00
      vertex   1.119510e+02 -3.000000e+00 4.741351e+00
      vertex   1.117500e+02 -3.750000e+00 4.741351e+00
    endloop
  endfacet
  facet normal 9.659258e-01 2.588190e-01 -0.000000e+00
    outer loop
      vertex   1.117500e+02 -3.750000e+00 0.000000e+00
      vertex   1.117500e+02 -3.750000e+00 4.741351e+00
      vertex   1.119510e+02 -4.500000e+00 0.000000e+00
    endloop
  endfacet
  facet normal 9.659258e-01 2.588190e-01 -0.000000e+00
    outer loop
      vertex   1.119510e+02 -4.500000e+00 0.000000e+00
      vertex   1.117500e+02 -3.750000e+00 4.741351e+00
      vertex   1.119510e+02 -4.500000e+00 4.741351e+00
    endloop
  endfacet
  facet normal 7.071068e-01 7.071068e-01 -0.000000e+00
    outer loop
      vertex   1.119510e+02 -4.500000e+00 0.000000e+00
      vertex   1.119510e+02 -4.500000e+00 4.741351e+00
      vertex   1.125000e+02 -5.049038e+00 0.000000e+00
    endloop
  endfacet
  facet normal 7.071068e-01 7.071068e-01 -0.000000e+00
    outer loop
      vertex   1.125000e+02 -5.049038e+00 0.000000e+00
      vertex   1.119510e+02 -4.500000e+00 4.741351e+00
      vertex   1.125000e+02 -5.049038e+00 4.741351e+00
    endloop
  endfacet
  facet normal 2.588190e-01 9.659258e-01 -0.000000e+00
    outer loop
      vertex   1.125000e+02 -5.049038e+00 0.000000e+00
      vertex   1.125000e+02 -5.049038e+00 4.741351e+00
      vertex   1.132500e+02 -5.250000e+00 0.000000e+00
    endloop
  endfacet
  facet normal 2.588190e-01 9.659258e-01 -0.000000e+00
    outer loop
      vertex   1.132500e+02 -5.250000e+00 0.000000e+00
      vertex   1.125000e+02 -5.049038e+00 4.741351e+00
      vertex   1.132500e+02 -5.250000e+00 4.741351e+00
    endloop
  endfacet
  facet normal -2.588190e-01 9.659258e-01 0.000000e+00
    outer loop
      vertex   1.132500e+02 -5.250000e+00 0.000000e+00
      vertex   1.132500e+02 -5.250000e+00 4.741351e+00
      vertex   1.140000e+02 -5.049038e+00 0.000000e+00
    endloop
  endfacet
  facet normal -2.588190e-01 9.659258e-01 1.809431e-16
    outer loop
      vertex   1.140000e+02 -5.049038e+00 0.000000e+00
      vertex   1.132500e+02 -5.250000e+00 4.741351e+00
      vertex   1.140000e+02 -5.049038e+00 4.741351e+00
    endloop
  endfacet
  facet normal -7.071068e-01 7.071068e-01 1.324595e-16
    outer loop
      vertex   1.140000e+02 -5.049038e+00 0.000000e+00
      vertex   1.140000e+02 -5.049038e+00 4.741351e+00
      vertex   1.145490e+02 -4.500000e+00 0.000000e+00
    endloop
  endfacet
  facet normal -7.071068e-01 7.071068e-01 0.000000e+00
    outer loop
      vertex   1.145490e+02 -4.500000e+00 0.000000e+00
      vertex   1.140000e+02 -5.049038e+00 4.741351e+00
      vertex   1.145490e+02 -4.500000e+00 4.741351e+00
    endloop
  endfacet
  facet normal -9.659258e-01 2.588190e-01 0.000000e+00
    outer loop
      vertex   1.145490e+02 -4.500000e+00 0.000000e+00
      vertex   1.145490e+02 -4.500000e+00 4.741351e+00
      vertex   1.147500e+02 -3.750000e+00 0.000000e+00
    endloop
  endfacet
  facet normal -9.659258e-01 2.588190e-01 0.000000e+00
    outer loop
      vertex   1.147500e+02 -3.750000e+00 0.000000e+00
      vertex   1.145490e+02 -4.500000e+00 4.741351e+00
      vertex   1.147500e+02 -3.750000e+00 4.741351e+00
    endloop
  endfacet
  facet normal -9.659258e-01 -2.588190e-01 0.000000e+00
    outer loop
      vertex   1.147500e+02 -3.750000e+00 0.000000e+00
      vertex   1.147500e+02 -3.750000e+00 4.741351e+00
      vertex   1.145490e+02 -3.000000e+00 0.000000e+00
    endloop
  endfacet
  facet normal -9.659258e-01 -2.588190e-01 2.424177e-17
    outer loop
      vertex   1.145490e+02 -3.000000e+00 0.000000e+00
      vertex   1.147500e+02 -3.750000e+00 4.741351e+00
      vertex   1.145490e+02 -3.000000e+00 4.741351e+00
    endloop
  endfacet
  facet normal -7.071068e-01 -7.071068e-01 6.622976e-17
    outer loop
      vertex   1.145490e+02 -3.000000e+00 0.000000e+00
      vertex   1.145490e+02 -3.000000e+00 4.741351e+00
      vertex   1.140000e+02 -2.450962e+00 0.000000e+00
    endloop
  endfacet
  facet normal -7.071068e-01 -7.071068e-01 0.000000e+00
    outer loop
      vertex   1.140000e+02 -2.450962e+00 0.000000e+00
      vertex   1.145490e+02 -3.000000e+00 4.741351e+00
      vertex   1.140000e+02 -2.450962e+00 4.741351e+00
    endloop
  endfacet
  facet normal -2.588190e-01 -9.659258e-01 0.000000e+00
    outer loop
      vertex   1.140000e+02 -2.450962e+00 0.000000e+00
      vertex   1.140000e+02 -2.450962e+00 4.741351e+00
      vertex   1.132500e+02 -2.250000e+00 0.000000e+00
    endloop
  endfacet
  facet normal -2.588190e-01 -9.659258e-01 0.000000e+00
    outer loop
      vertex   1.132500e+02 -2.250000e+00 0.000000e+00
      vertex   1.140000e+02 -2.450962e+00 4.741351e+00
      vertex   1.132500e+02 -2.250000e+00 4.741351e+00
    endloop
  endfacet
  facet normal 2.588190e-01 -9.659258e-01 0.000000e+00
    outer loop
      vertex   1.132500e+02 -2.250000e+00 0.000000e+00
      vertex   1.132500e+02 -2.250000e+00 4.741351e+00
      vertex   1.125000e+02 -2.450962e+00 0.000000e+00
    endloop
  endfacet
  facet normal 2.588190e-01 -9.659258e-01 -1.809431e-16
    outer loop
      vertex   1.125000e+02 -2.450962e+00 0.000000e+00
      vertex   1.132500e+02 -2.250000e+00 4.741351e+00
      vertex   1.125000e+02 -2.450962e+00 4.741351e+00
    endloop
  endfacet
  facet normal 7.071068e-01 -7.071068e-01 -1.324595e-16
    outer loop
      vertex   1.125000e+02 -2.450962e+00 0.000000e+00
      vertex   1.125000e+02 -2.450962e+00 4.741351e+00
      vertex   1.119510e+02 -3.000000e+00 0.000000e+00
    endloop
  endfacet
  facet normal 7.071068e-01 -7.071068e-01 0.000000e+00
    outer loop
      vertex   1.119510e+02 -3.000000e+00 0.000000e+00
      vertex   1.125000e+02 -2.450962e+00 4.741351e+00
      vertex   1.119510e+02 -3.000000e+00 4.741351e+00
    endloop
  endfacet
  facet normal -6.334606e-01 -1.697352e-01 7.549289e-01
    outer loop
      vertex   1.158481e+02 3.825000e+01 6.000000e+00
      vertex   1.145490e+02 3.750000e+01 4.741351e+00
      vertex   1.162500e+02 3.675000e+01 6.000000e+00
    endloop
  endfacet
  facet normal -6.334606e-01 -1.697352e-01 7.549289e-01
    outer loop
      vertex   1.162500e+02 3.675000e+01 6.000000e+00
      vertex   1.145490e+02 3.750000e+01 4.741351e+00
      vertex   1.147500e+02 3.675000e+01 4.741351e+00
    endloop
  endfacet
  facet normal -6.334606e-01 1.697352e-01 7.549289e-01
    outer loop
      vertex   1.162500e+02 3.675000e+01 6.000000e+00
      vertex   1.147500e+02 3.675000e+01 4.741351e+00
      vertex   1.158481e+02 3.525000e+01 6.000000e+00
    endloop
  endfacet
  facet normal -6.334606e-01 1.697352e-01 7.549289e-01
    outer loop
      vertex   1.158481e+02 3.525000e+01 6.000000e+00
      vertex   1.147500e+02 3.675000e+01 4.741351e+00
      vertex   1.145490e+02 3.600000e+01 4.741351e+00
    endloop
  endfacet
  facet normal -4.637253e-01 4.637253e-01 7.549289e-01
    outer loop
      vertex   1.158481e+02 3.525000e+01 6.000000e+00
      vertex   1.145490e+02 3.600000e+01 4.741351e+00
      vertex   1.147500e+02 3.415192e+01 6.000000e+00
    endloop
  endfacet
  facet normal -4.637253e-01 4.637253e-01 7.549289e-01
    outer loop
      vertex   1.147500e+02 3.415192e+01 6.000000e+00
      vertex   1.145490e+02 3.600000e+01 4.741351e+00
      vertex   1.140000e+02 3.545096e+01 4.741351e+00
    endloop
  endfacet
  facet normal -1.697352e-01 6.334606e-01 7.549289e-01
    outer loop
      vertex   1.147500e+02 3.415192e+01 6.000000e+00
      vertex   1.140000e+02 3.545096e+01 4.741351e+00
      vertex   1.132500e+02 3.375000e+01 6.000000e+00
    endloop
  endfacet
  facet normal -1.697352e-01 6.334606e-01 7.549289e-01
    outer loop
      vertex   1.132500e+02 3.375000e+01 6.000000e+00
      vertex   1.140000e+02 3.545096e+01 4.741351e+00
      vertex   1.132500e+02 3.525000e+01 4.741351e+00
    endloop
  endfacet
  facet normal 1.697352e-01 6.334606e-01 7.549289e-01
    outer loop
      vertex   1.132500e+02 3.375000e+01 6.000000e+00
      vertex   1.132500e+02 3.525000e+01 4.741351e+00
      vertex   1.117500e+02 3.415192e+01 6.000000e+00
    endloop
  endfacet
  facet normal 1.697352e-01 6.334606e-01 7.549289e-01
    outer loop
      vertex   1.117500e+02 3.415192e+01 6.000000e+00
      vertex   1.132500e+02 3.525000e+01 4.741351e+00
      vertex   1.125000e+02 3.545096e+01 4.741351e+00
    endloop
  endfacet
  facet normal 4.637253e-01 4.637253e-01 7.549289e-01
    outer loop
      vertex   1.117500e+02 3.415192e+01 6.000000e+00
      vertex   1.125000e+02 3.545096e+01 4.741351e+00
      vertex   1.106519e+02 3.525000e+01 6.000000e+00
    endloop
  endfacet
  facet normal 4.637253e-01 4.637253e-01 7.549289e-01
    outer loop
      vertex   1.106519e+02 3.525000e+01 6.000000e+00
      vertex   1.125000e+02 3.545096e+01 4.741351e+00
      vertex   1.119510e+02 3.600000e+01 4.741351e+00
    endloop
  endfacet
  facet normal 6.334606e-01 1.697352e-01 7.549289e-01
    outer loop
      vertex   1.106519e+02 3.525000e+01 6.000000e+00
      vertex   1.119510e+02 3.600000e+01 4.741351e+00
      vertex   1.102500e+02 3.675000e+01 6.000000e+00
    endloop
  endfacet
  facet normal 6.334606e-01 1.697352e-01 7.549289e-01
    outer loop
      vertex   1.102500e+02 3.675000e+01 6.000000e+00
      vertex   1.119510e+02 3.600000e+01 4.741351e+00
      vertex   1.117500e+02 3.675000e+01 4.741351e+00
    endloop
  endfacet
  facet normal 6.334606e-01 -1.697352e-01 7.549289e-01
    outer loop
      vertex   1.102500e+02 3.675000e+01 6.000000e+00
      vertex   1.117500e+02 3.675000e+01 4.741351e+00
      vertex   1.106519e+02 3.825000e+01 6.000000e+00
    endloop
  endfacet
  facet normal 6.334606e-01 -1.697352e-01 7.549289e-01
    outer loop
      vertex   1.106519e+02 3.825000e+01 6.000000e+00
      vertex   1.117500e+02 3.675000e+01 4.741351e+00
      vertex   1.119510e+02 3.750000e+01 4.741351e+00
    endloop
  endfacet
  facet normal 4.637253e-01 -4.637253e-01 7.549289e-01
    outer loop
      vertex   1.106519e+02 3.825000e+01 6.000000e+00
      vertex   1.119510e+02 3.750000e+01 4.741351e+00
      vertex   1.117500e+02 3.934808e+01 6.000000e+00
    endloop
  endfacet
  facet normal 4.637253e-01 -4.637253e-01 7.549289e-01
    outer loop
      vertex   1.117500e+02 3.934808e+01 6.000000e+00
      vertex   1.119510e+02 3.750000e+01 4.741351e+00
      vertex   1.125000e+02 3.804904e+01 4.741351e+00
    endloop
  endfacet
  facet normal 1.697352e-01 -6.334606e-01 7.549289e-01
    outer loop
      vertex   1.117500e+02 3.934808e+01 6.000000e+00
      vertex   1.125000e+02 3.804904e+01 4.741351e+00
      vertex   1.132500e+02 3.975000e+01 6.000000e+00
    endloop
  endfacet
  facet normal 1.697352e-01 -6.334606e-01 7.549289e-01
    outer loop
      vertex   1.132500e+02 3.975000e+01 6.000000e+00
      vertex   1.125000e+02 3.804904e+01 4.741351e+00
      vertex   1.132500e+02 3.825000e+01 4.741351e+00
    endloop
  endfacet
  facet normal -1.697352e-01 -6.334606e-01 7.549289e-01
    outer loop
      vertex   1.132500e+02 3.975000e+01 6.000000e+00
      vertex   1.132500e+02 3.825000e+01 4.741351e+00
      vertex   1.147500e+02 3.934808e+01 6.000000e+00
    endloop
  endfacet
  facet normal -1.697352e-01 -6.334606e-01 7.549289e-01
    outer loop
      vertex   1.147500e+02 3.934808e+01 6.000000e+00
      vertex   1.132500e+02 3.825000e+01 4.741351e+00
      vertex   1.140000e+02 3.804904e+01 4.741351e+00
    endloop
  endfacet
  facet normal -4.637253e-01 -4.637253e-01 7.549289e-01
    outer loop
      vertex   1.147500e+02 3.934808e+01 6.000000e+00
      vertex   1.140000e+02 3.804904e+01 4.741351e+00
      vertex   1.158481e+02 3.825000e+01 6.000000e+00
    endloop
  endfacet
  facet normal -4.637253e-01 -4.637253e-01 7.549289e-01
    outer loop
      vertex   1.158481e+02 3.825000e+01 6.000000e+00
      vertex   1.140000e+02 3.804904e+01 4.741351e+00
      vertex   1.145490e+02 3.750000e+01 4.741351e+00
    endloop
  endfacet
  facet normal 9.659258e-01 -2.588190e-01 0.000000e+00
    outer loop
      vertex   1.119510e+02 3.750000e+01 0.000000e+00
      vertex   1.119510e+02 3.750000e+01 4.741351e+00
      vertex   1.117500e+02 3.675000e+01 0.000000e+00
    endloop
  endfacet
  facet normal 9.659258e-01 -2.588190e-01 0.000000e+00
    outer loop
      vertex   1.117500e+02 3.675000e+01 0.000000e+00
      vertex   1.119510e+02 3.750000e+01 4.741351e+00
      vertex   1.117500e+02 3.675000e+01 4.741351e+00
    endloop
  endfacet
  facet normal 9.659258e-01 2.588190e-01 -0.000000e+00
    outer loop
      vertex   1.117500e+02 3.675000e+01 0.000000e+00
      vertex   1.117500e+02 3.675000e+01 4.741351e+00
      vertex   1.119510e+02 3.600000e+01 0.000000e+00
    endloop
  endfacet
  facet normal 9.659258e-01 2.588190e-01 -0.000000e+00
    outer loop
      vertex   1.119510e+02 3.600000e+01 0.000000e+00
      vertex   1.117500e+02 3.675000e+01 4.741351e+00
      vertex   1.119510e+02 3.600000e+01 4.741351e+00
    endloop
  endfacet
  facet normal 7.071068e-01 7.071068e-01 -0.000000e+00
    outer loop
      vertex   1.119510e+02 3.600000e+01 0.000000e+00
      vertex   1.119510e+02 3.600000e+01 4.741351e+00
      vertex   1.125000e+02 3.545096e+01 0.000000e+00
    endloop
  endfacet
  facet normal 7.071068e-01 7.071068e-01 -0.000000e+00
    outer loop
      vertex   1.125000e+02 3.545096e+01 0.000000e+00
      vertex   1.119510e+02 3.600000e+01 4.741351e+00
      vertex   1.125000e+02 3.545096e+01 4.741351e+00
    endloop
  endfacet
  facet normal 2.588190e-01 9.659258e-01 -0.000000e+00
    outer loop
      vertex   1.125000e+02 3.545096e+01 0.000000e+00
      vertex   1.125000e+02 3.545096e+01 4.741351e+00
      vertex   1.132500e+02 3.525000e+01 0.000000e+00
    endloop
  endfacet
  facet normal 2.588190e-01 9.659258e-01 -0.000000e+00
    outer loop
      vertex   1.132500e+02 3.525000e+01 0.000000e+00
      vertex   1.125000e+02 3.545096e+01 4.741351e+00
      vertex   1.132500e+02 3.525000e+01 4.741351e+00
    endloop
  endfacet
  facet normal -2.588190e-01 9.659258e-01 0.000000e+00
    outer loop
      vertex   1.132500e+02 3.525000e+01 0.000000e+00
      vertex   1.132500e+02 3.525000e+01 4.741351e+00
      vertex   1.140000e+02 3.545096e+01 0.000000e+00
    endloop
  endfacet
  facet normal -2.588190e-01 9.659258e-01 0.000000e+00
    outer loop
      vertex   1.140000e+02 3.545096e+01 0.000000e+00
      vertex   1.132500e+02 3.525000e+01 4.741351e+00
      vertex   1.140000e+02 3.545096e+01 4.741351e+00
    endloop
  endfacet
  facet normal -7.071068e-01 7.071068e-01 0.000000e+00
    outer loop
      vertex   1.140000e+02 3.545096e+01 0.000000e+00
      vertex   1.140000e+02 3.545096e+01 4.741351e+00
      vertex   1.145490e+02 3.600000e+01 0.000000e+00
    endloop
  endfacet
  facet normal -7.071068e-01 7.071068e-01 0.000000e+00
    outer loop
      vertex   1.145490e+02 3.600000e+01 0.000000e+00
      vertex   1.140000e+02 3.545096e+01 4.741351e+00
      vertex   1.145490e+02 3.600000e+01 4.741351e+00
    endloop
  endfacet
  facet normal -9.659258e-01 2.588190e-01 0.000000e+00
    outer loop
      vertex   1.145490e+02 3.600000e+01 0.000000e+00
      vertex   1.145490e+02 3.600000e+01 4.741351e+00
      vertex   1.147500e+02 3.675000e+01 0.000000e+00
    endloop
  endfacet
  facet normal -9.659258e-01 2.588190e-01 0.000000e+00
    outer loop
      vertex   1.147500e+02 3.675000e+01 0.000000e+00
      vertex   1.145490e+02 3.600000e+01 4.741351e+00
      vertex   1.147500e+02 3.675000e+01 4.741351e+00
    endloop
  endfacet
  facet normal -9.659258e-01 -2.588190e-01 0.000000e+00
    outer loop
      vertex   1.147500e+02 3.675000e+01 0.000000e+00
      vertex   1.147500e+02 3.675000e+01 4.741351e+00
      vertex   1.145490e+02 3.750000e+01 0.000000e+00
    endloop
  endfacet
  facet normal -9.659258e-01 -2.588190e-01 0.000000e+00
    outer loop
      vertex   1.145490e+02 3.750000e+01 0.000000e+00
      vertex   1.147500e+02 3.675000e+01 4.741351e+00
      vertex   1.145490e+02 3.750000e+01 4.741351e+00
    endloop
  endfacet
  facet normal -7.071068e-01 -7.071068e-01 0.000000e+00
    outer loop
      vertex   1.145490e+02 3.750000e+01 0.000000e+00
      vertex   1.145490e+02 3.750000e+01 4.741351e+00
      vertex   1.140000e+02 3.804904e+01 0.000000e+00
    endloop
  endfacet
  facet normal -7.071068e-01 -7.071068e-01 0.000000e+00
    outer loop
      vertex   1.140000e+02 3.804904e+01 0.000000e+00
      vertex   1.145490e+02 3.750000e+01 4.741351e+00
      vertex   1.140000e+02 3.804904e+01 4.741351e+00
    endloop
  endfacet
  facet normal -2.588190e-01 -9.659258e-01 0.000000e+00
    outer loop
      vertex   1.140000e+02 3.804904e+01 0.000000e+00
      vertex   1.140000e+02 3.804904e+01 4.741351e+00
      vertex   1.132500e+02 3.825000e+01 0.000000e+00
    endloop
  endfacet
  facet normal -2.588190e-01 -9.659258e-01 0.000000e+00
    outer loop
      vertex   1.132500e+02 3.825000e+01 0.000000e+00
      vertex   1.140000e+02 3.804904e+01 4.741351e+00
      vertex   1.132500e+02 3.825000e+01 4.741351e+00
    endloop
  endfacet
  facet normal 2.588190e-01 -9.659258e-01 0.000000e+00
    outer loop
      vertex   1.132500e+02 3.825000e+01 0.000000e+00
      vertex   1.132500e+02 3.825000e+01 4.741351e+00
      vertex   1.125000e+02 3.804904e+01 0.000000e+00
    endloop
  endfacet
  facet normal 2.588190e-01 -9.659258e-01 0.000000e+00
    outer loop
      vertex   1.125000e+02 3.804904e+01 0.000000e+00
      vertex   1.132500e+02 3.825000e+01 4.741351e+00
      vertex   1.125000e+02 3.804904e+01 4.741351e+00
    endloop
  endfacet
  facet normal 7.071068e-01 -7.071068e-01 0.000000e+00
    outer loop
      vertex   1.125000e+02 3.804904e+01 0.000000e+00
      vertex   1.125000e+02 3.804904e+01 4.741351e+00
      vertex   1.119510e+02 3.750000e+01 0.000000e+00
    endloop
  endfacet
  facet normal 7.071068e-01 -7.071068e-01 0.000000e+00
    outer loop
      vertex   1.119510e+02 3.750000e+01 0.000000e+00
      vertex   1.125000e+02 3.804904e+01 4.741351e+00
      vertex   1.119510e+02 3.750000e+01 4.741351e+00
    endloop
  endfacet
  facet normal -6.334606e-01 -1.697352e-01 7.549289e-01
    outer loop
      vertex   6.534808e+01 -1.110000e+02 6.000000e+00
      vertex   6.404904e+01 -1.117500e+02 4.741351e+00
      vertex   6.575000e+01 -1.125000e+02 6.000000e+00
    endloop
  endfacet
  facet normal -6.334606e-01 -1.697352e-01 7.549289e-01
    outer loop
      vertex   6.575000e+01 -1.125000e+02 6.000000e+00
      vertex   6.404904e+01 -1.117500e+02 4.741351e+00
      vertex   6.425000e+01 -1.125000e+02 4.741351e+00
    endloop
  endfacet
  facet normal -6.334606e-01 1.697352e-01 7.549289e-01
    outer loop
      vertex   6.575000e+01 -1.125000e+02 6.000000e+00
      vertex   6.425000e+01 -1.125000e+02 4.741351e+00
      vertex   6.534808e+01 -1.140000e+02 6.000000e+00
    endloop
  endfacet
  facet normal -6.334606e-01 1.697352e-01 7.549289e-01
    outer loop
      vertex   6.534808e+01 -1.140000e+02 6.000000e+00
      vertex   6.425000e+01 -1.125000e+02 4.741351e+00
      vertex   6.404904e+01 -1.132500e+02 4.741351e+00
    endloop
  endfacet
  facet normal -4.637253e-01 4.637253e-01 7.549289e-01
    outer loop
      vertex   6.534808e+01 -1.140000e+02 6.000000e+00
      vertex   6.404904e+01 -1.132500e+02 4.741351e+00
      vertex   6.425000e+01 -1.150981e+02 6.000000e+00
    endloop
  endfacet
  facet normal -4.637253e-01 4.637253e-01 7.549289e-01
    outer loop
      vertex   6.425000e+01 -1.150981e+02 6.000000e+00
      vertex   6.404904e+01 -1.132500e+02 4.741351e+00
      vertex   6.350000e+01 -1.137990e+02 4.741351e+00
    endloop
  endfacet
  facet normal -1.697352e-01 6.334606e-01 7.549289e-01
    outer loop
      vertex   6.425000e+01 -1.150981e+02 6.000000e+00
      vertex   6.350000e+01 -1.137990e+02 4.741351e+00
      vertex   6.275000e+01 -1.155000e+02 6.000000e+00
    endloop
  endfacet
  facet normal -1.697352e-01 6.334606e-01 7.549289e-01
    outer loop
      vertex   6.275000e+01 -1.155000e+02 6.000000e+00
      vertex   6.350000e+01 -1.137990e+02 4.741351e+00
      vertex   6.275000e+01 -1.140000e+02 4.741351e+00
    endloop
  endfacet
  facet normal 1.697352e-01 6.334606e-01 7.549289e-01
    outer loop
      vertex   6.275000e+01 -1.155000e+02 6.000000e+00
      vertex   6.275000e+01 -1.140000e+02 4.741351e+00
      vertex   6.125000e+01 -1.150981e+02 6.000000e+00
    endloop
  endfacet
  facet normal 1.697352e-01 6.334606e-01 7.549289e-01
    outer loop
      vertex   6.125000e+01 -1.150981e+02 6.000000e+00
      vertex   6.275000e+01 -1.140000e+02 4.741351e+00
      vertex   6.200000e+01 -1.137990e+02 4.741351e+00
    endloop
  endfacet
  facet normal 4.637253e-01 4.637253e-01 7.549289e-01
    outer loop
      vertex   6.125000e+01 -1.150981e+02 6.000000e+00
      vertex   6.200000e+01 -1.137990e+02 4.741351e+00
      vertex   6.015192e+01 -1.140000e+02 6.000000e+00
    endloop
  endfacet
  facet normal 4.637253e-01 4.637253e-01 7.549289e-01
    outer loop
      vertex   6.015192e+01 -1.140000e+02 6.000000e+00
      vertex   6.200000e+01 -1.137990e+02 4.741351e+00
      vertex   6.145096e+01 -1.132500e+02 4.741351e+00
    endloop
  endfacet
  facet normal 6.334606e-01 1.697352e-01 7.549289e-01
    outer loop
      vertex   6.015192e+01 -1.140000e+02 6.000000e+00
      vertex   6.145096e+01 -1.132500e+02 4.741351e+00
      vertex   5.975000e+01 -1.125000e+02 6.000000e+00
    endloop
  endfacet
  facet normal 6.334606e-01 1.697352e-01 7.549289e-01
    outer loop
      vertex   5.975000e+01 -1.125000e+02 6.000000e+00
      vertex   6.145096e+01 -1.132500e+02 4.741351e+00
      vertex   6.125000e+01 -1.125000e+02 4.741351e+00
    endloop
  endfacet
  facet normal 6.334606e-01 -1.697352e-01 7.549289e-01
    outer loop
      vertex   5.975000e+01 -1.125000e+02 6.000000e+00
      vertex   6.125000e+01 -1.125000e+02 4.741351e+00
      vertex   6.015192e+01 -1.110000e+02 6.000000e+00
    endloop
  endfacet
  facet normal 6.334606e-01 -1.697352e-01 7.549289e-01
    outer loop
      vertex   6.015192e+01 -1.110000e+02 6.000000e+00
      vertex   6.125000e+01 -1.125000e+02 4.741351e+00
      vertex   6.145096e+01 -1.117500e+02 4.741351e+00
    endloop
  endfacet
  facet normal 4.637253e-01 -4.637253e-01 7.549289e-01
    outer loop
      vertex   6.015192e+01 -1.110000e+02 6.000000e+00
      vertex   6.145096e+01 -1.117500e+02 4.741351e+00
      vertex   6.125000e+01 -1.099019e+02 6.000000e+00
    endloop
  endfacet
  facet normal 4.637253e-01 -4.637253e-01 7.549289e-01
    outer loop
      vertex   6.125000e+01 -1.099019e+02 6.000000e+00
      vertex   6.145096e+01 -1.117500e+02 4.741351e+00
      vertex   6.200000e+01 -1.112010e+02 4.741351e+00
    endloop
  endfacet
  facet normal 1.697352e-01 -6.334606e-01 7.549289e-01
    outer loop
      vertex   6.125000e+01 -1.099019e+02 6.000000e+00
      vertex   6.200000e+01 -1.112010e+02 4.741351e+00
      vertex   6.275000e+01 -1.095000e+02 6.000000e+00
    endloop
  endfacet
  facet normal 1.697352e-01 -6.334606e-01 7.549289e-01
    outer loop
      vertex   6.275000e+01 -1.095000e+02 6.000000e+00
      vertex   6.200000e+01 -1.112010e+02 4.741351e+00
      vertex   6.275000e+01 -1.110000e+02 4.741351e+00
    endloop
  endfacet
  facet normal -1.697352e-01 -6.334606e-01 7.549289e-01
    outer loop
      vertex   6.275000e+01 -1.095000e+02 6.000000e+00
      vertex   6.275000e+01 -1.110000e+02 4.741351e+00
      vertex   6.425000e+01 -1.099019e+02 6.000000e+00
    endloop
  endfacet
  facet normal -1.697352e-01 -6.334606e-01 7.549289e-01
    outer loop
      vertex   6.425000e+01 -1.099019e+02 6.000000e+00
      vertex   6.275000e+01 -1.110000e+02 4.741351e+00
      vertex   6.350000e+01 -1.112010e+02 4.741351e+00
    endloop
  endfacet
  facet normal -4.637253e-01 -4.637253e-01 7.549289e-01
    outer loop
      vertex   6.425000e+01 -1.099019e+02 6.000000e+00
      vertex   6.350000e+01 -1.112010e+02 4.741351e+00
      vertex   6.534808e+01 -1.110000e+02 6.000000e+00
    endloop
  endfacet
  facet normal -4.637253e-01 -4.637253e-01 7.549289e-01
    outer loop
      vertex   6.534808e+01 -1.110000e+02 6.000000e+00
      vertex   6.350000e+01 -1.112010e+02 4.741351e+00
      vertex   6.404904e+01 -1.117500e+02 4.741351e+00
    endloop
  endfacet
  facet normal -6.334606e-01 -1.697352e-01 7.549289e-01
    outer loop
      vertex   1.180981e+02 -1.110000e+02 6.000000e+00
      vertex   1.167990e+02 -1.117500e+02 4.741351e+00
      vertex   1.185000e+02 -1.125000e+02 6.000000e+00
    endloop
  endfacet
  facet normal -6.334606e-01 -1.697352e-01 7.549289e-01
    outer loop
      vertex   1.185000e+02 -1.125000e+02 6.000000e+00
      vertex   1.167990e+02 -1.117500e+02 4.741351e+00
      vertex   1.170000e+02 -1.125000e+02 4.741351e+00
    endloop
  endfacet
  facet normal -6.334606e-01 1.697352e-01 7.549289e-01
    outer loop
      vertex   1.185000e+02 -1.125000e+02 6.000000e+00
      vertex   1.170000e+02 -1.125000e+02 4.741351e+00
      vertex   1.180981e+02 -1.140000e+02 6.000000e+00
    endloop
  endfacet
  facet normal -6.334606e-01 1.697352e-01 7.549289e-01
    outer loop
      vertex   1.180981e+02 -1.140000e+02 6.000000e+00
      vertex   1.170000e+02 -1.125000e+02 4.741351e+00
      vertex   1.167990e+02 -1.132500e+02 4.741351e+00
    endloop
  endfacet
  facet normal -4.637253e-01 4.637253e-01 7.549289e-01
    outer loop
      vertex   1.180981e+02 -1.140000e+02 6.000000e+00
      vertex   1.167990e+02 -1.132500e+02 4.741351e+00
      vertex   1.170000e+02 -1.150981e+02 6.000000e+00
    endloop
  endfacet
  facet normal -4.637253e-01 4.637253e-01 7.549289e-01
    outer loop
      vertex   1.170000e+02 -1.150981e+02 6.000000e+00
      vertex   1.167990e+02 -1.132500e+02 4.741351e+00
      vertex   1.162500e+02 -1.137990e+02 4.741351e+00
    endloop
  endfacet
  facet normal -1.697352e-01 6.334606e-01 7.549289e-01
    outer loop
      vertex   1.170000e+02 -1.150981e+02 6.000000e+00
      vertex   1.162500e+02 -1.137990e+02 4.741351e+00
      vertex   1.155000e+02 -1.155000e+02 6.000000e+00
    endloop
  endfacet
  facet normal -1.697352e-01 6.334606e-01 7.549289e-01
    outer loop
      vertex   1.155000e+02 -1.155000e+02 6.000000e+00
      vertex   1.162500e+02 -1.137990e+02 4.741351e+00
      vertex   1.155000e+02 -1.140000e+02 4.741351e+00
    endloop
  endfacet
  facet normal 1.697352e-01 6.334606e-01 7.549289e-01
    outer loop
      vertex   1.155000e+02 -1.155000e+02 6.000000e+00
      vertex   1.155000e+02 -1.140000e+02 4.741351e+00
      vertex   1.140000e+02 -1.150981e+02 6.000000e+00
    endloop
  endfacet
  facet normal 1.697352e-01 6.334606e-01 7.549289e-01
    outer loop
      vertex   1.140000e+02 -1.150981e+02 6.000000e+00
      vertex   1.155000e+02 -1.140000e+02 4.741351e+00
      vertex   1.147500e+02 -1.137990e+02 4.741351e+00
    endloop
  endfacet
  facet normal 4.637253e-01 4.637253e-01 7.549289e-01
    outer loop
      vertex   1.140000e+02 -1.150981e+02 6.000000e+00
      vertex   1.147500e+02 -1.137990e+02 4.741351e+00
      vertex   1.129019e+02 -1.140000e+02 6.000000e+00
    endloop
  endfacet
  facet normal 4.637253e-01 4.637253e-01 7.549289e-01
    outer loop
      vertex   1.129019e+02 -1.140000e+02 6.000000e+00
      vertex   1.147500e+02 -1.137990e+02 4.741351e+00
      vertex   1.142010e+02 -1.132500e+02 4.741351e+00
    endloop
  endfacet
  facet normal 6.334606e-01 1.697352e-01 7.549289e-01
    outer loop
      vertex   1.129019e+02 -1.140000e+02 6.000000e+00
      vertex   1.142010e+02 -1.132500e+02 4.741351e+00
      vertex   1.125000e+02 -1.125000e+02 6.000000e+00
    endloop
  endfacet
  facet normal 6.334606e-01 1.697352e-01 7.549289e-01
    outer loop
      vertex   1.125000e+02 -1.125000e+02 6.000000e+00
      vertex   1.142010e+02 -1.132500e+02 4.741351e+00
      vertex   1.140000e+02 -1.125000e+02 4.741351e+00
    endloop
  endfacet
  facet normal 6.334606e-01 -1.697352e-01 7.549289e-01
    outer loop
      vertex   1.125000e+02 -1.125000e+02 6.000000e+00
      vertex   1.140000e+02 -1.125000e+02 4.741351e+00
      vertex   1.129019e+02 -1.110000e+02 6.000000e+00
    endloop
  endfacet
  facet normal 6.334606e-01 -1.697352e-01 7.549289e-01
    outer loop
      vertex   1.129019e+02 -1.110000e+02 6.000000e+00
      vertex   1.140000e+02 -1.125000e+02 4.741351e+00
      vertex   1.142010e+02 -1.117500e+02 4.741351e+00
    endloop
  endfacet
  facet normal 4.637253e-01 -4.637253e-01 7.549289e-01
    outer loop
      vertex   1.129019e+02 -1.110000e+02 6.000000e+00
      vertex   1.142010e+02 -1.117500e+02 4.741351e+00
      vertex   1.140000e+02 -1.099019e+02 6.000000e+00
    endloop
  endfacet
  facet normal 4.637253e-01 -4.637253e-01 7.549289e-01
    outer loop
      vertex   1.140000e+02 -1.099019e+02 6.000000e+00
      vertex   1.142010e+02 -1.117500e+02 4.741351e+00
      vertex   1.147500e+02 -1.112010e+02 4.741351e+00
    endloop
  endfacet
  facet normal 1.697352e-01 -6.334606e-01 7.549289e-01
    outer loop
      vertex   1.140000e+02 -1.099019e+02 6.000000e+00
      vertex   1.147500e+02 -1.112010e+02 4.741351e+00
      vertex   1.155000e+02 -1.095000e+02 6.000000e+00
    endloop
  endfacet
  facet normal 1.697352e-01 -6.334606e-01 7.549289e-01
    outer loop
      vertex   1.155000e+02 -1.095000e+02 6.000000e+00
      vertex   1.147500e+02 -1.112010e+02 4.741351e+00
      vertex   1.155000e+02 -1.110000e+02 4.741351e+00
    endloop
  endfacet
  facet normal -1.697352e-01 -6.334606e-01 7.549289e-01
    outer loop
      vertex   1.155000e+02 -1.095000e+02 6.000000e+00
      vertex   1.155000e+02 -1.110000e+02 4.741351e+00
      vertex   1.170000e+02 -1.099019e+02 6.000000e+00
    endloop
  endfacet
  facet normal -1.697352e-01 -6.334606e-01 7.549289e-01
    outer loop
      vertex   1.170000e+02 -1.099019e+02 6.000000e+00
      vertex   1.155000e+02 -1.110000e+02 4.741351e+00
      vertex   1.162500e+02 -1.112010e+02 4.741351e+00
    endloop
  endfacet
  facet normal -4.637253e-01 -4.637253e-01 7.549289e-01
    outer loop
      vertex   1.170000e+02 -1.099019e+02 6.000000e+00
      vertex   1.162500e+02 -1.112010e+02 4.741351e+00
      vertex   1.180981e+02 -1.110000e+02 6.000000e+00
    endloop
  endfacet
  facet normal -4.637253e-01 -4.637253e-01 7.549289e-01
    outer loop
      vertex   1.180981e+02 -1.110000e+02 6.000000e+00
      vertex   1.162500e+02 -1.112010e+02 4.741351e+00
      vertex   1.167990e+02 -1.117500e+02 4.741351e+00
    endloop
  endfacet
  facet normal -6.334606e-01 -1.697352e-01 7.549289e-01
    outer loop
      vertex   -1.184019e+02 -1.110000e+02 6.000000e+00
      vertex   -1.197010e+02 -1.117500e+02 4.741351e+00
      vertex   -1.180000e+02 -1.125000e+02 6.000000e+00
    endloop
  endfacet
  facet normal -6.334606e-01 -1.697352e-01 7.549289e-01
    outer loop
      vertex   -1.180000e+02 -1.125000e+02 6.000000e+00
      vertex   -1.197010e+02 -1.117500e+02 4.741351e+00
      vertex   -1.195000e+02 -1.125000e+02 4.741351e+00
    endloop
  endfacet
  facet normal -6.334606e-01 1.697352e-01 7.549289e-01
    outer loop
      vertex   -1.180000e+02 -1.125000e+02 6.000000e+00
      vertex   -1.195000e+02 -1.125000e+02 4.741351e+00
      vertex   -1.184019e+02 -1.140000e+02 6.000000e+00
    endloop
  endfacet
  facet normal -6.334606e-01 1.697352e-01 7.549289e-01
    outer loop
      vertex   -1.184019e+02 -1.140000e+02 6.000000e+00
      vertex   -1.195000e+02 -1.125000e+02 4.741351e+00
      vertex   -1.197010e+02 -1.132500e+02 4.741351e+00
    endloop
  endfacet
  facet normal -4.637253e-01 4.637253e-01 7.549289e-01
    outer loop
      vertex   -1.184019e+02 -1.140000e+02 6.000000e+00
      vertex   -1.197010e+02 -1.132500e+02 4.741351e+00
      vertex   -1.195000e+02 -1.150981e+02 6.000000e+00
    endloop
  endfacet
  facet normal -4.637253e-01 4.637253e-01 7.549289e-01
    outer loop
      vertex   -1.195000e+02 -1.150981e+02 6.000000e+00
      vertex   -1.197010e+02 -1.132500e+02 4.741351e+00
      vertex   -1.202500e+02 -1.137990e+02 4.741351e+00
    endloop
  endfacet
  facet normal -1.697352e-01 6.334606e-01 7.549289e-01
    outer loop
      vertex   -1.195000e+02 -1.150981e+02 6.000000e+00
      vertex   -1.202500e+02 -1.137990e+02 4.741351e+00
      vertex   -1.210000e+02 -1.155000e+02 6.000000e+00
    endloop
  endfacet
  facet normal -1.697352e-01 6.334606e-01 7.549289e-01
    outer loop
      vertex   -1.210000e+02 -1.155000e+02 6.000000e+00
      vertex   -1.202500e+02 -1.137990e+02 4.741351e+00
      vertex   -1.210000e+02 -1.140000e+02 4.741351e+00
    endloop
  endfacet
  facet normal 1.697352e-01 6.334606e-01 7.549289e-01
    outer loop
      vertex   -1.210000e+02 -1.155000e+02 6.000000e+00
      vertex   -1.210000e+02 -1.140000e+02 4.741351e+00
      vertex   -1.225000e+02 -1.150981e+02 6.000000e+00
    endloop
  endfacet
  facet normal 1.697352e-01 6.334606e-01 7.549289e-01
    outer loop
      vertex   -1.225000e+02 -1.150981e+02 6.000000e+00
      vertex   -1.210000e+02 -1.140000e+02 4.741351e+00
      vertex   -1.217500e+02 -1.137990e+02 4.741351e+00
    endloop
  endfacet
  facet normal 4.637253e-01 4.637253e-01 7.549289e-01
    outer loop
      vertex   -1.225000e+02 -1.150981e+02 6.000000e+00
      vertex   -1.217500e+02 -1.137990e+02 4.741351e+00
      vertex   -1.235981e+02 -1.140000e+02 6.000000e+00
    endloop
  endfacet
  facet normal 4.637253e-01 4.637253e-01 7.549289e-01
    outer loop
      vertex   -1.235981e+02 -1.140000e+02 6.000000e+00
      vertex   -1.217500e+02 -1.137990e+02 4.741351e+00
      vertex   -1.222990e+02 -1.132500e+02 4.741351e+00
    endloop
  endfacet
  facet normal 6.334606e-01 1.697352e-01 7.549289e-01
    outer loop
      vertex   -1.235981e+02 -1.140000e+02 6.000000e+00
      vertex   -1.222990e+02 -1.132500e+02 4.741351e+00
      vertex   -1.240000e+02 -1.125000e+02 6.000000e+00
    endloop
  endfacet
  facet normal 6.334606e-01 1.697352e-01 7.549289e-01
    outer loop
      vertex   -1.240000e+02 -1.125000e+02 6.000000e+00
      vertex   -1.222990e+02 -1.132500e+02 4.741351e+00
      vertex   -1.225000e+02 -1.125000e+02 4.741351e+00
    endloop
  endfacet
  facet normal 6.334606e-01 -1.697352e-01 7.549289e-01
    outer loop
      vertex   -1.240000e+02 -1.125000e+02 6.000000e+00
      vertex   -1.225000e+02 -1.125000e+02 4.741351e+00
      vertex   -1.235981e+02 -1.110000e+02 6.000000e+00
    endloop
  endfacet
  facet normal 6.334606e-01 -1.697352e-01 7.549289e-01
    outer loop
      vertex   -1.235981e+02 -1.110000e+02 6.000000e+00
      vertex   -1.225000e+02 -1.125000e+02 4.741351e+00
      vertex   -1.222990e+02 -1.117500e+02 4.741351e+00
    endloop
  endfacet
  facet normal 4.637253e-01 -4.637253e-01 7.549289e-01
    outer loop
      vertex   -1.235981e+02 -1.110000e+02 6.000000e+00
      vertex   -1.222990e+02 -1.117500e+02 4.741351e+00
      vertex   -1.225000e+02 -1.099019e+02 6.000000e+00
    endloop
  endfacet
  facet normal 4.637253e-01 -4.637253e-01 7.549289e-01
    outer loop
      vertex   -1.225000e+02 -1.099019e+02 6.000000e+00
      vertex   -1.222990e+02 -1.117500e+02 4.741351e+00
      vertex   -1.217500e+02 -1.112010e+02 4.741351e+00
    endloop
  endfacet
  facet normal 1.697352e-01 -6.334606e-01 7.549289e-01
    outer loop
      vertex   -1.225000e+02 -1.099019e+02 6.000000e+00
      vertex   -1.217500e+02 -1.112010e+02 4.741351e+00
      vertex   -1.210000e+02 -1.095000e+02 6.000000e+00
    endloop
  endfacet
  facet normal 1.697352e-01 -6.334606e-01 7.549289e-01
    outer loop
      vertex   -1.210000e+02 -1.095000e+02 6.000000e+00
      vertex   -1.217500e+02 -1.112010e+02 4.741351e+00
      vertex   -1.210000e+02 -1.110000e+02 4.741351e+00
    endloop
  endfacet
  facet normal -1.697352e-01 -6.334606e-01 7.549289e-01
    outer loop
      vertex   -1.210000e+02 -1.095000e+02 6.000000e+00
      vertex   -1.210000e+02 -1.110000e+02 4.741351e+00
      vertex   -1.195000e+02 -1.099019e+02 6.000000e+00
    endloop
  endfacet
  facet normal -1.697352e-01 -6.334606e-01 7.549289e-01
    outer loop
      vertex   -1.195000e+02 -1.099019e+02 6.000000e+00
      vertex   -1.210000e+02 -1.110000e+02 4.741351e+00
      vertex   -1.202500e+02 -1.112010e+02 4.741351e+00
    endloop
  endfacet
  facet normal -4.637253e-01 -4.637253e-01 7.549289e-01
    outer loop
      vertex   -1.195000e+02 -1.099019e+02 6.000000e+00
      vertex   -1.202500e+02 -1.112010e+02 4.741351e+00
      vertex   -1.184019e+02 -1.110000e+02 6.000000e+00
    endloop
  endfacet
  facet normal -4.637253e-01 -4.637253e-01 7.549289e-01
    outer loop
      vertex   -1.184019e+02 -1.110000e+02 6.000000e+00
      vertex   -1.202500e+02 -1.112010e+02 4.741351e+00
      vertex   -1.197010e+02 -1.117500e+02 4.741351e+00
    endloop
  endfacet
  facet normal 1.000000e+00 0.000000e+00 0.000000e+00
    outer loop
      vertex   8.502000e+01 4.900000e+01 7.000000e+00
      vertex   8.502000e+01 -1.074000e+02 7.000000e+00
      vertex   8.502000e+01 4.900000e+01 6.000000e+00
    endloop
  endfacet
  facet normal 1.000000e+00 0.000000e+00 0.000000e+00
    outer loop
      vertex   8.502000e+01 4.900000e+01 6.000000e+00
      vertex   8.502000e+01 -1.074000e+02 7.000000e+00
      vertex   8.502000e+01 -1.074000e+02 6.000000e+00
    endloop
  endfacet
  facet normal 1.563006e-16 -1.000000e+00 2.842171e-14
    outer loop
      vertex   8.502000e+01 -1.074000e+02 7.000000e+00
      vertex   -9.682000e+01 -1.074000e+02 7.000000e+00
      vertex   8.502000e+01 -1.074000e+02 6.000000e+00
    endloop
  endfacet
  facet normal 0.000000e+00 -1.000000e+00 0.000000e+00
    outer loop
      vertex   8.502000e+01 -1.074000e+02 6.000000e+00
      vertex   -9.682000e+01 -1.074000e+02 7.000000e+00
      vertex   -9.682000e+01 -1.074000e+02 6.000000e+00
    endloop
  endfacet
  facet normal -1.000000e+00 -1.424647e-16 -0.000000e+00
    outer loop
      vertex   -9.682000e+01 -1.074000e+02 7.000000e+00
      vertex   -9.682000e+01 9.210000e+01 7.000000e+00
      vertex   -9.682000e+01 -1.074000e+02 6.000000e+00
    endloop
  endfacet
  facet normal -1.000000e+00 -1.424647e-16 0.000000e+00
    outer loop
      vertex   -9.682000e+01 -1.074000e+02 6.000000e+00
      vertex   -9.682000e+01 9.210000e+01 7.000000e+00
      vertex   -9.682000e+01 9.210000e+01 6.000000e+00
    endloop
  endfacet
  facet normal -0.000000e+00 1.000000e+00 0.000000e+00
    outer loop
      vertex   -9.682000e+01 9.210000e+01 7.000000e+00
      vertex   4.750000e+01 9.210000e+01 7.000000e+00
      vertex   -9.682000e+01 9.210000e+01 6.000000e+00
    endloop
  endfacet
  facet normal 0.000000e+00 1.000000e+00 0.000000e+00
    outer loop
      vertex   -9.682000e+01 9.210000e+01 6.000000e+00
      vertex   4.750000e+01 9.210000e+01 7.000000e+00
      vertex   4.750000e+01 9.210000e+01 6.000000e+00
    endloop
  endfacet
  facet normal 1.000000e+00 2.522637e-16 -8.962207e-31
    outer loop
      vertex   1.255000e+02 4.900000e+01 6.000000e+00
      vertex   1.255000e+02 -1.200000e+02 6.000000e+00
      vertex   1.255000e+02 4.900000e+01 0.000000e+00
    endloop
  endfacet
  facet normal 1.000000e+00 3.363516e-16 2.368476e-15
    outer loop
      vertex   1.255000e+02 4.900000e+01 0.000000e+00
      vertex   1.255000e+02 -1.200000e+02 6.000000e+00
      vertex   1.255000e+02 -1.200000e+02 0.000000e+00
    endloop
  endfacet
  facet normal 2.830848e-16 -1.000000e+00 6.704794e-31
    outer loop
      vertex   1.255000e+02 -1.200000e+02 6.000000e+00
      vertex   -1.255000e+02 -1.200000e+02 6.000000e+00
      vertex   1.255000e+02 -1.200000e+02 0.000000e+00
    endloop
  endfacet
  facet normal 2.830848e-16 -1.000000e+00 0.000000e+00
    outer loop
      vertex   1.255000e+02 -1.200000e+02 0.000000e+00
      vertex   -1.255000e+02 -1.200000e+02 6.000000e+00
      vertex   -1.255000e+02 -1.200000e+02 0.000000e+00
    endloop
  endfacet
  facet normal -1.000000e+00 -3.745530e-16 -2.368476e-15
    outer loop
      vertex   -1.255000e+02 -1.200000e+02 6.000000e+00
      vertex   -1.255000e+02 1.076450e+02 6.000000e+00
      vertex   -1.255000e+02 -1.200000e+02 0.000000e+00
    endloop
  endfacet
  facet normal -1.000000e+00 -4.369785e-16 0.000000e+00
    outer loop
      vertex   -1.255000e+02 -1.200000e+02 0.000000e+00
      vertex   -1.255000e+02 1.076450e+02 6.000000e+00
      vertex   -1.255000e+02 1.076450e+02 0.000000e+00
    endloop
  endfacet
  facet normal -9.892552e-01 1.461991e-01 0.000000e+00
    outer loop
      vertex   -1.255000e+02 1.076450e+02 0.000000e+00
      vertex   -1.255000e+02 1.076450e+02 6.000000e+00
      vertex   -1.252863e+02 1.090913e+02 0.000000e+00
    endloop
  endfacet
  facet normal -9.892552e-01 1.461991e-01 0.000000e+00
    outer loop
      vertex   -1.252863e+02 1.090913e+02 0.000000e+00
      vertex   -1.255000e+02 1.076450e+02 6.000000e+00
      vertex   -1.252863e+02 1.090913e+02 6.000000e+00
    endloop
  endfacet
  facet normal -9.046771e-01 4.260977e-01 0.000000e+00
    outer loop
      vertex   -1.252863e+02 1.090913e+02 0.000000e+00
      vertex   -1.252863e+02 1.090913e+02 6.000000e+00
      vertex   -1.246633e+02 1.104139e+02 6.000000e+00
    endloop
  endfacet
  facet normal -7.427522e-01 6.695664e-01 0.000000e+00
    outer loop
      vertex   -1.236844e+02 1.114998e+02 6.000000e+00
      vertex   -1.236844e+02 1.114998e+02 0.000000e+00
      vertex   -1.246633e+02 1.104139e+02 6.000000e+00
    endloop
  endfacet
  facet normal -7.427522e-01 6.695664e-01 0.000000e+00
    outer loop
      vertex   -1.246633e+02 1.104139e+02 6.000000e+00
      vertex   -1.236844e+02 1.114998e+02 0.000000e+00
      vertex   -1.246633e+02 1.104139e+02 0.000000e+00
    endloop
  endfacet
  facet normal -9.046771e-01 4.260977e-01 0.000000e+00
    outer loop
      vertex   -1.246633e+02 1.104139e+02 6.000000e+00
      vertex   -1.246633e+02 1.104139e+02 0.000000e+00
      vertex   -1.252863e+02 1.090913e+02 0.000000e+00
    endloop
  endfacet
  facet normal -9.659258e-01 -2.588190e-01 -0.000000e+00
    outer loop
      vertex   6.404904e+01 -1.117500e+02 4.741351e+00
      vertex   6.404904e+01 -1.117500e+02 0.000000e+00
      vertex   6.425000e+01 -1.125000e+02 4.741351e+00
    endloop
  endfacet
  facet normal -9.659258e-01 -2.588190e-01 -0.000000e+00
    outer loop
      vertex   6.425000e+01 -1.125000e+02 4.741351e+00
      vertex   6.404904e+01 -1.117500e+02 0.000000e+00
      vertex   6.425000e+01 -1.125000e+02 0.000000e+00
    endloop
  endfacet
  facet normal -9.659258e-01 2.588190e-01 0.000000e+00
    outer loop
      vertex   6.425000e+01 -1.125000e+02 4.741351e+00
      vertex   6.425000e+01 -1.125000e+02 0.000000e+00
      vertex   6.404904e+01 -1.132500e+02 4.741351e+00
    endloop
  endfacet
  facet normal -9.659258e-01 2.588190e-01 0.000000e+00
    outer loop
      vertex   6.404904e+01 -1.132500e+02 4.741351e+00
      vertex   6.425000e+01 -1.125000e+02 0.000000e+00
      vertex   6.404904e+01 -1.132500e+02 0.000000e+00
    endloop
  endfacet
  facet normal -7.071068e-01 7.071068e-01 0.000000e+00
    outer loop
      vertex   6.404904e+01 -1.132500e+02 4.741351e+00
      vertex   6.404904e+01 -1.132500e+02 0.000000e+00
      vertex   6.350000e+01 -1.137990e+02 4.741351e+00
    endloop
  endfacet
  facet normal -7.071068e-01 7.071068e-01 0.000000e+00
    outer loop
      vertex   6.350000e+01 -1.137990e+02 4.741351e+00
      vertex   6.404904e+01 -1.132500e+02 0.000000e+00
      vertex   6.350000e+01 -1.137990e+02 0.000000e+00
    endloop
  endfacet
  facet normal -2.588190e-01 9.659258e-01 0.000000e+00
    outer loop
      vertex   6.350000e+01 -1.137990e+02 4.741351e+00
      vertex   6.350000e+01 -1.137990e+02 0.000000e+00
      vertex   6.275000e+01 -1.140000e+02 4.741351e+00
    endloop
  endfacet
  facet normal -2.588190e-01 9.659258e-01 0.000000e+00
    outer loop
      vertex   6.275000e+01 -1.140000e+02 4.741351e+00
      vertex   6.350000e+01 -1.137990e+02 0.000000e+00
      vertex   6.275000e+01 -1.140000e+02 0.000000e+00
    endloop
  endfacet
  facet normal 2.588190e-01 9.659258e-01 0.000000e+00
    outer loop
      vertex   6.275000e+01 -1.140000e+02 4.741351e+00
      vertex   6.275000e+01 -1.140000e+02 0.000000e+00
      vertex   6.200000e+01 -1.137990e+02 4.741351e+00
    endloop
  endfacet
  facet normal 2.588190e-01 9.659258e-01 0.000000e+00
    outer loop
      vertex   6.200000e+01 -1.137990e+02 4.741351e+00
      vertex   6.275000e+01 -1.140000e+02 0.000000e+00
      vertex   6.200000e+01 -1.137990e+02 0.000000e+00
    endloop
  endfacet
  facet normal 7.071068e-01 7.071068e-01 0.000000e+00
    outer loop
      vertex   6.200000e+01 -1.137990e+02 4.741351e+00
      vertex   6.200000e+01 -1.137990e+02 0.000000e+00
      vertex   6.145096e+01 -1.132500e+02 4.741351e+00
    endloop
  endfacet
  facet normal 7.071068e-01 7.071068e-01 0.000000e+00
    outer loop
      vertex   6.145096e+01 -1.132500e+02 4.741351e+00
      vertex   6.200000e+01 -1.137990e+02 0.000000e+00
      vertex   6.145096e+01 -1.132500e+02 0.000000e+00
    endloop
  endfacet
  facet normal 9.659258e-01 2.588190e-01 0.000000e+00
    outer loop
      vertex   6.145096e+01 -1.132500e+02 4.741351e+00
      vertex   6.145096e+01 -1.132500e+02 0.000000e+00
      vertex   6.125000e+01 -1.125000e+02 4.741351e+00
    endloop
  endfacet
  facet normal 9.659258e-01 2.588190e-01 0.000000e+00
    outer loop
      vertex   6.125000e+01 -1.125000e+02 4.741351e+00
      vertex   6.145096e+01 -1.132500e+02 0.000000e+00
      vertex   6.125000e+01 -1.125000e+02 0.000000e+00
    endloop
  endfacet
  facet normal 9.659258e-01 -2.588190e-01 0.000000e+00
    outer loop
      vertex   6.125000e+01 -1.125000e+02 4.741351e+00
      vertex   6.125000e+01 -1.125000e+02 0.000000e+00
      vertex   6.145096e+01 -1.117500e+02 4.741351e+00
    endloop
  endfacet
  facet normal 9.659258e-01 -2.588190e-01 0.000000e+00
    outer loop
      vertex   6.145096e+01 -1.117500e+02 4.741351e+00
      vertex   6.125000e+01 -1.125000e+02 0.000000e+00
      vertex   6.145096e+01 -1.117500e+02 0.000000e+00
    endloop
  endfacet
  facet normal 7.071068e-01 -7.071068e-01 0.000000e+00
    outer loop
      vertex   6.145096e+01 -1.117500e+02 4.741351e+00
      vertex   6.145096e+01 -1.117500e+02 0.000000e+00
      vertex   6.200000e+01 -1.112010e+02 4.741351e+00
    endloop
  endfacet
  facet normal 7.071068e-01 -7.071068e-01 0.000000e+00
    outer loop
      vertex   6.200000e+01 -1.112010e+02 4.741351e+00
      vertex   6.145096e+01 -1.117500e+02 0.000000e+00
      vertex   6.200000e+01 -1.112010e+02 0.000000e+00
    endloop
  endfacet
  facet normal 2.588190e-01 -9.659258e-01 0.000000e+00
    outer loop
      vertex   6.200000e+01 -1.112010e+02 4.741351e+00
      vertex   6.200000e+01 -1.112010e+02 0.000000e+00
      vertex   6.275000e+01 -1.110000e+02 4.741351e+00
    endloop
  endfacet
  facet normal 2.588190e-01 -9.659258e-01 0.000000e+00
    outer loop
      vertex   6.275000e+01 -1.110000e+02 4.741351e+00
      vertex   6.200000e+01 -1.112010e+02 0.000000e+00
      vertex   6.275000e+01 -1.110000e+02 0.000000e+00
    endloop
  endfacet
  facet normal -2.588190e-01 -9.659258e-01 -0.000000e+00
    outer loop
      vertex   6.275000e+01 -1.110000e+02 4.741351e+00
      vertex   6.275000e+01 -1.110000e+02 0.000000e+00
      vertex   6.350000e+01 -1.112010e+02 4.741351e+00
    endloop
  endfacet
  facet normal -2.588190e-01 -9.659258e-01 -0.000000e+00
    outer loop
      vertex   6.350000e+01 -1.112010e+02 4.741351e+00
      vertex   6.275000e+01 -1.110000e+02 0.000000e+00
      vertex   6.350000e+01 -1.112010e+02 0.000000e+00
    endloop
  endfacet
  facet normal -7.071068e-01 -7.071068e-01 -0.000000e+00
    outer loop
      vertex   6.350000e+01 -1.112010e+02 4.741351e+00
      vertex   6.350000e+01 -1.112010e+02 0.000000e+00
      vertex   6.404904e+01 -1.117500e+02 4.741351e+00
    endloop
  endfacet
  facet normal -7.071068e-01 -7.071068e-01 -0.000000e+00
    outer loop
      vertex   6.404904e+01 -1.117500e+02 4.741351e+00
      vertex   6.350000e+01 -1.112010e+02 0.000000e+00
      vertex   6.404904e+01 -1.117500e+02 0.000000e+00
    endloop
  endfacet
  facet normal -9.659258e-01 -2.588190e-01 -0.000000e+00
    outer loop
      vertex   1.167990e+02 -1.117500e+02 4.741351e+00
      vertex   1.167990e+02 -1.117500e+02 0.000000e+00
      vertex   1.170000e+02 -1.125000e+02 4.741351e+00
    endloop
  endfacet
  facet normal -9.659258e-01 -2.588190e-01 -0.000000e+00
    outer loop
      vertex   1.170000e+02 -1.125000e+02 4.741351e+00
      vertex   1.167990e+02 -1.117500e+02 0.000000e+00
      vertex   1.170000e+02 -1.125000e+02 0.000000e+00
    endloop
  endfacet
  facet normal -9.659258e-01 2.588190e-01 0.000000e+00
    outer loop
      vertex   1.170000e+02 -1.125000e+02 4.741351e+00
      vertex   1.170000e+02 -1.125000e+02 0.000000e+00
      vertex   1.167990e+02 -1.132500e+02 4.741351e+00
    endloop
  endfacet
  facet normal -9.659258e-01 2.588190e-01 0.000000e+00
    outer loop
      vertex   1.167990e+02 -1.132500e+02 4.741351e+00
      vertex   1.170000e+02 -1.125000e+02 0.000000e+00
      vertex   1.167990e+02 -1.132500e+02 0.000000e+00
    endloop
  endfacet
  facet normal -7.071068e-01 7.071068e-01 0.000000e+00
    outer loop
      vertex   1.167990e+02 -1.132500e+02 4.741351e+00
      vertex   1.167990e+02 -1.132500e+02 0.000000e+00
      vertex   1.162500e+02 -1.137990e+02 4.741351e+00
    endloop
  endfacet
  facet normal -7.071068e-01 7.071068e-01 0.000000e+00
    outer loop
      vertex   1.162500e+02 -1.137990e+02 4.741351e+00
      vertex   1.167990e+02 -1.132500e+02 0.000000e+00
      vertex   1.162500e+02 -1.137990e+02 0.000000e+00
    endloop
  endfacet
  facet normal -2.588190e-01 9.659258e-01 0.000000e+00
    outer loop
      vertex   1.162500e+02 -1.137990e+02 4.741351e+00
      vertex   1.162500e+02 -1.137990e+02 0.000000e+00
      vertex   1.155000e+02 -1.140000e+02 4.741351e+00
    endloop
  endfacet
  facet normal -2.588190e-01 9.659258e-01 0.000000e+00
    outer loop
      vertex   1.155000e+02 -1.140000e+02 4.741351e+00
      vertex   1.162500e+02 -1.137990e+02 0.000000e+00
      vertex   1.155000e+02 -1.140000e+02 0.000000e+00
    endloop
  endfacet
  facet normal 2.588190e-01 9.659258e-01 0.000000e+00
    outer loop
      vertex   1.155000e+02 -1.140000e+02 4.741351e+00
      vertex   1.155000e+02 -1.140000e+02 0.000000e+00
      vertex   1.147500e+02 -1.137990e+02 4.741351e+00
    endloop
  endfacet
  facet normal 2.588190e-01 9.659258e-01 0.000000e+00
    outer loop
      vertex   1.147500e+02 -1.137990e+02 4.741351e+00
      vertex   1.155000e+02 -1.140000e+02 0.000000e+00
      vertex   1.147500e+02 -1.137990e+02 0.000000e+00
    endloop
  endfacet
  facet normal 7.071068e-01 7.071068e-01 0.000000e+00
    outer loop
      vertex   1.147500e+02 -1.137990e+02 4.741351e+00
      vertex   1.147500e+02 -1.137990e+02 0.000000e+00
      vertex   1.142010e+02 -1.132500e+02 4.741351e+00
    endloop
  endfacet
  facet normal 7.071068e-01 7.071068e-01 0.000000e+00
    outer loop
      vertex   1.142010e+02 -1.132500e+02 4.741351e+00
      vertex   1.147500e+02 -1.137990e+02 0.000000e+00
      vertex   1.142010e+02 -1.132500e+02 0.000000e+00
    endloop
  endfacet
  facet normal 9.659258e-01 2.588190e-01 0.000000e+00
    outer loop
      vertex   1.142010e+02 -1.132500e+02 4.741351e+00
      vertex   1.142010e+02 -1.132500e+02 0.000000e+00
      vertex   1.140000e+02 -1.125000e+02 4.741351e+00
    endloop
  endfacet
  facet normal 9.659258e-01 2.588190e-01 0.000000e+00
    outer loop
      vertex   1.140000e+02 -1.125000e+02 4.741351e+00
      vertex   1.142010e+02 -1.132500e+02 0.000000e+00
      vertex   1.140000e+02 -1.125000e+02 0.000000e+00
    endloop
  endfacet
  facet normal 9.659258e-01 -2.588190e-01 0.000000e+00
    outer loop
      vertex   1.140000e+02 -1.125000e+02 4.741351e+00
      vertex   1.140000e+02 -1.125000e+02 0.000000e+00
      vertex   1.142010e+02 -1.117500e+02 4.741351e+00
    endloop
  endfacet
  facet normal 9.659258e-01 -2.588190e-01 0.000000e+00
    outer loop
      vertex   1.142010e+02 -1.117500e+02 4.741351e+00
      vertex   1.140000e+02 -1.125000e+02 0.000000e+00
      vertex   1.142010e+02 -1.117500e+02 0.000000e+00
    endloop
  endfacet
  facet normal 7.071068e-01 -7.071068e-01 0.000000e+00
    outer loop
      vertex   1.142010e+02 -1.117500e+02 4.741351e+00
      vertex   1.142010e+02 -1.117500e+02 0.000000e+00
      vertex   1.147500e+02 -1.112010e+02 4.741351e+00
    endloop
  endfacet
  facet normal 7.071068e-01 -7.071068e-01 0.000000e+00
    outer loop
      vertex   1.147500e+02 -1.112010e+02 4.741351e+00
      vertex   1.142010e+02 -1.117500e+02 0.000000e+00
      vertex   1.147500e+02 -1.112010e+02 0.000000e+00
    endloop
  endfacet
  facet normal 2.588190e-01 -9.659258e-01 0.000000e+00
    outer loop
      vertex   1.147500e+02 -1.112010e+02 4.741351e+00
      vertex   1.147500e+02 -1.112010e+02 0.000000e+00
      vertex   1.155000e+02 -1.110000e+02 4.741351e+00
    endloop
  endfacet
  facet normal 2.588190e-01 -9.659258e-01 0.000000e+00
    outer loop
      vertex   1.155000e+02 -1.110000e+02 4.741351e+00
      vertex   1.147500e+02 -1.112010e+02 0.000000e+00
      vertex   1.155000e+02 -1.110000e+02 0.000000e+00
    endloop
  endfacet
  facet normal -2.588190e-01 -9.659258e-01 -0.000000e+00
    outer loop
      vertex   1.155000e+02 -1.110000e+02 4.741351e+00
      vertex   1.155000e+02 -1.110000e+02 0.000000e+00
      vertex   1.162500e+02 -1.112010e+02 4.741351e+00
    endloop
  endfacet
  facet normal -2.588190e-01 -9.659258e-01 -0.000000e+00
    outer loop
      vertex   1.162500e+02 -1.112010e+02 4.741351e+00
      vertex   1.155000e+02 -1.110000e+02 0.000000e+00
      vertex   1.162500e+02 -1.112010e+02 0.000000e+00
    endloop
  endfacet
  facet normal -7.071068e-01 -7.071068e-01 -0.000000e+00
    outer loop
      vertex   1.162500e+02 -1.112010e+02 4.741351e+00
      vertex   1.162500e+02 -1.112010e+02 0.000000e+00
      vertex   1.167990e+02 -1.117500e+02 4.741351e+00
    endloop
  endfacet
  facet normal -7.071068e-01 -7.071068e-01 -0.000000e+00
    outer loop
      vertex   1.167990e+02 -1.117500e+02 4.741351e+00
      vertex   1.162500e+02 -1.112010e+02 0.000000e+00
      vertex   1.167990e+02 -1.117500e+02 0.000000e+00
    endloop
  endfacet
  facet normal -9.659258e-01 -2.588190e-01 -0.000000e+00
    outer loop
      vertex   -1.197010e+02 -1.117500e+02 4.741351e+00
      vertex   -1.197010e+02 -1.117500e+02 0.000000e+00
      vertex   -1.195000e+02 -1.125000e+02 4.741351e+00
    endloop
  endfacet
  facet normal -9.659258e-01 -2.588190e-01 -0.000000e+00
    outer loop
      vertex   -1.195000e+02 -1.125000e+02 4.741351e+00
      vertex   -1.197010e+02 -1.117500e+02 0.000000e+00
      vertex   -1.195000e+02 -1.125000e+02 0.000000e+00
    endloop
  endfacet
  facet normal -9.659258e-01 2.588190e-01 0.000000e+00
    outer loop
      vertex   -1.195000e+02 -1.125000e+02 4.741351e+00
      vertex   -1.195000e+02 -1.125000e+02 0.000000e+00
      vertex   -1.197010e+02 -1.132500e+02 4.741351e+00
    endloop
  endfacet
  facet normal -9.659258e-01 2.588190e-01 0.000000e+00
    outer loop
      vertex   -1.197010e+02 -1.132500e+02 4.741351e+00
      vertex   -1.195000e+02 -1.125000e+02 0.000000e+00
      vertex   -1.197010e+02 -1.132500e+02 0.000000e+00
    endloop
  endfacet
  facet normal -7.071068e-01 7.071068e-01 0.000000e+00
    outer loop
      vertex   -1.197010e+02 -1.132500e+02 4.741351e+00
      vertex   -1.197010e+02 -1.132500e+02 0.000000e+00
      vertex   -1.202500e+02 -1.137990e+02 4.741351e+00
    endloop
  endfacet
  facet normal -7.071068e-01 7.071068e-01 0.000000e+00
    outer loop
      vertex   -1.202500e+02 -1.137990e+02 4.741351e+00
      vertex   -1.197010e+02 -1.132500e+02 0.000000e+00
      vertex   -1.202500e+02 -1.137990e+02 0.000000e+00
    endloop
  endfacet
  facet normal -2.588190e-01 9.659258e-01 0.000000e+00
    outer loop
      vertex   -1.202500e+02 -1.137990e+02 4.741351e+00
      vertex   -1.202500e+02 -1.137990e+02 0.000000e+00
      vertex   -1.210000e+02 -1.140000e+02 4.741351e+00
    endloop
  endfacet
  facet normal -2.588190e-01 9.659258e-01 0.000000e+00
    outer loop
      vertex   -1.210000e+02 -1.140000e+02 4.741351e+00
      vertex   -1.202500e+02 -1.137990e+02 0.000000e+00
      vertex   -1.210000e+02 -1.140000e+02 0.000000e+00
    endloop
  endfacet
  facet normal 2.588190e-01 9.659258e-01 0.000000e+00
    outer loop
      vertex   -1.210000e+02 -1.140000e+02 4.741351e+00
      vertex   -1.210000e+02 -1.140000e+02 0.000000e+00
      vertex   -1.217500e+02 -1.137990e+02 4.741351e+00
    endloop
  endfacet
  facet normal 2.588190e-01 9.659258e-01 0.000000e+00
    outer loop
      vertex   -1.217500e+02 -1.137990e+02 4.741351e+00
      vertex   -1.210000e+02 -1.140000e+02 0.000000e+00
      vertex   -1.217500e+02 -1.137990e+02 0.000000e+00
    endloop
  endfacet
  facet normal 7.071068e-01 7.071068e-01 0.000000e+00
    outer loop
      vertex   -1.217500e+02 -1.137990e+02 4.741351e+00
      vertex   -1.217500e+02 -1.137990e+02 0.000000e+00
      vertex   -1.222990e+02 -1.132500e+02 4.741351e+00
    endloop
  endfacet
  facet normal 7.071068e-01 7.071068e-01 0.000000e+00
    outer loop
      vertex   -1.222990e+02 -1.132500e+02 4.741351e+00
      vertex   -1.217500e+02 -1.137990e+02 0.000000e+00
      vertex   -1.222990e+02 -1.132500e+02 0.000000e+00
    endloop
  endfacet
  facet normal 9.659258e-01 2.588190e-01 0.000000e+00
    outer loop
      vertex   -1.222990e+02 -1.132500e+02 4.741351e+00
      vertex   -1.222990e+02 -1.132500e+02 0.000000e+00
      vertex   -1.225000e+02 -1.125000e+02 4.741351e+00
    endloop
  endfacet
  facet normal 9.659258e-01 2.588190e-01 0.000000e+00
    outer loop
      vertex   -1.225000e+02 -1.125000e+02 4.741351e+00
      vertex   -1.222990e+02 -1.132500e+02 0.000000e+00
      vertex   -1.225000e+02 -1.125000e+02 0.000000e+00
    endloop
  endfacet
  facet normal 9.659258e-01 -2.588190e-01 0.000000e+00
    outer loop
      vertex   -1.225000e+02 -1.125000e+02 4.741351e+00
      vertex   -1.225000e+02 -1.125000e+02 0.000000e+00
      vertex   -1.222990e+02 -1.117500e+02 4.741351e+00
    endloop
  endfacet
  facet normal 9.659258e-01 -2.588190e-01 0.000000e+00
    outer loop
      vertex   -1.222990e+02 -1.117500e+02 4.741351e+00
      vertex   -1.225000e+02 -1.125000e+02 0.000000e+00
      vertex   -1.222990e+02 -1.117500e+02 0.000000e+00
    endloop
  endfacet
  facet normal 7.071068e-01 -7.071068e-01 0.000000e+00
    outer loop
      vertex   -1.222990e+02 -1.117500e+02 4.741351e+00
      vertex   -1.222990e+02 -1.117500e+02 0.000000e+00
      vertex   -1.217500e+02 -1.112010e+02 4.741351e+00
    endloop
  endfacet
  facet normal 7.071068e-01 -7.071068e-01 0.000000e+00
    outer loop
      vertex   -1.217500e+02 -1.112010e+02 4.741351e+00
      vertex   -1.222990e+02 -1.117500e+02 0.000000e+00
      vertex   -1.217500e+02 -1.112010e+02 0.000000e+00
    endloop
  endfacet
  facet normal 2.588190e-01 -9.659258e-01 0.000000e+00
    outer loop
      vertex   -1.217500e+02 -1.112010e+02 4.741351e+00
      vertex   -1.217500e+02 -1.112010e+02 0.000000e+00
      vertex   -1.210000e+02 -1.110000e+02 4.741351e+00
    endloop
  endfacet
  facet normal 2.588190e-01 -9.659258e-01 0.000000e+00
    outer loop
      vertex   -1.210000e+02 -1.110000e+02 4.741351e+00
      vertex   -1.217500e+02 -1.112010e+02 0.000000e+00
      vertex   -1.210000e+02 -1.110000e+02 0.000000e+00
    endloop
  endfacet
  facet normal -2.588190e-01 -9.659258e-01 -0.000000e+00
    outer loop
      vertex   -1.210000e+02 -1.110000e+02 4.741351e+00
      vertex   -1.210000e+02 -1.110000e+02 0.000000e+00
      vertex   -1.202500e+02 -1.112010e+02 4.741351e+00
    endloop
  endfacet
  facet normal -2.588190e-01 -9.659258e-01 -0.000000e+00
    outer loop
      vertex   -1.202500e+02 -1.112010e+02 4.741351e+00
      vertex   -1.210000e+02 -1.110000e+02 0.000000e+00
      vertex   -1.202500e+02 -1.112010e+02 0.000000e+00
    endloop
  endfacet
  facet normal -7.071068e-01 -7.071068e-01 -0.000000e+00
    outer loop
      vertex   -1.202500e+02 -1.112010e+02 4.741351e+00
      vertex   -1.202500e+02 -1.112010e+02 0.000000e+00
      vertex   -1.197010e+02 -1.117500e+02 4.741351e+00
    endloop
  endfacet
  facet normal -7.071068e-01 -7.071068e-01 -0.000000e+00
    outer loop
      vertex   -1.197010e+02 -1.117500e+02 4.741351e+00
      vertex   -1.202500e+02 -1.112010e+02 0.000000e+00
      vertex   -1.197010e+02 -1.117500e+02 0.000000e+00
    endloop
  endfacet
  facet normal 7.071068e-01 7.071068e-01 0.000000e+00
    outer loop
      vertex   5.603553e+01 5.046447e+01 7.000000e+00
      vertex   5.603553e+01 5.046447e+01 0.000000e+00
      vertex   4.896447e+01 5.753553e+01 7.000000e+00
    endloop
  endfacet
  facet normal 7.071068e-01 7.071068e-01 0.000000e+00
    outer loop
      vertex   4.896447e+01 5.753553e+01 7.000000e+00
      vertex   5.603553e+01 5.046447e+01 0.000000e+00
      vertex   4.896447e+01 5.753553e+01 0.000000e+00
    endloop
  endfacet
  facet normal 0.000000e+00 0.000000e+00 1.000000e+00
    outer loop
      vertex   8.502000e+01 4.900000e+01 7.000000e+00
      vertex   5.957107e+01 4.900000e+01 7.000000e+00
      vertex   8.502000e+01 -1.074000e+02 7.000000e+00
    endloop
  endfacet
  facet normal 0.000000e+00 0.000000e+00 1.000000e+00
    outer loop
      vertex   8.502000e+01 -1.074000e+02 7.000000e+00
      vertex   5.957107e+01 4.900000e+01 7.000000e+00
      vertex   5.827697e+01 4.917037e+01 7.000000e+00
    endloop
  endfacet
  facet normal 0.000000e+00 0.000000e+00 1.000000e+00
    outer loop
      vertex   8.502000e+01 -1.074000e+02 7.000000e+00
      vertex   5.827697e+01 4.917037e+01 7.000000e+00
      vertex   5.707107e+01 4.966987e+01 7.000000e+00
    endloop
  endfacet
  facet normal 0.000000e+00 0.000000e+00 1.000000e+00
    outer loop
      vertex   5.707107e+01 4.966987e+01 7.000000e+00
      vertex   5.603553e+01 5.046447e+01 7.000000e+00
      vertex   8.502000e+01 -1.074000e+02 7.000000e+00
    endloop
  endfacet
  facet normal 0.000000e+00 0.000000e+00 1.000000e+00
    outer loop
      vertex   8.502000e+01 -1.074000e+02 7.000000e+00
      vertex   5.603553e+01 5.046447e+01 7.000000e+00
      vertex   -9.682000e+01 -1.074000e+02 7.000000e+00
    endloop
  endfacet
  facet normal 0.000000e+00 0.000000e+00 1.000000e+00
    outer loop
      vertex   -9.682000e+01 -1.074000e+02 7.000000e+00
      vertex   5.603553e+01 5.046447e+01 7.000000e+00
      vertex   4.896447e+01 5.753553e+01 7.000000e+00
    endloop
  endfacet
  facet normal 0.000000e+00 0.000000e+00 1.000000e+00
    outer loop
      vertex   -9.682000e+01 -1.074000e+02 7.000000e+00
      vertex   4.896447e+01 5.753553e+01 7.000000e+00
      vertex   4.816987e+01 5.857107e+01 7.000000e+00
    endloop
  endfacet
  facet normal 0.000000e+00 -0.000000e+00 1.000000e+00
    outer loop
      vertex   -9.682000e+01 -1.074000e+02 7.000000e+00
      vertex   4.816987e+01 5.857107e+01 7.000000e+00
      vertex   -9.682000e+01 9.210000e+01 7.000000e+00
    endloop
  endfacet
  facet normal 0.000000e+00 0.000000e+00 1.000000e+00
    outer loop
      vertex   -9.682000e+01 9.210000e+01 7.000000e+00
      vertex   4.816987e+01 5.857107e+01 7.000000e+00
      vertex   4.767037e+01 5.977697e+01 7.000000e+00
    endloop
  endfacet
  facet normal 0.000000e+00 0.000000e+00 1.000000e+00
    outer loop
      vertex   -9.682000e+01 9.210000e+01 7.000000e+00
      vertex   4.767037e+01 5.977697e+01 7.000000e+00
      vertex   4.750000e+01 6.107107e+01 7.000000e+00
    endloop
  endfacet
  facet normal 0.000000e+00 -0.000000e+00 1.000000e+00
    outer loop
      vertex   4.750000e+01 6.107107e+01 7.000000e+00
      vertex   4.750000e+01 9.210000e+01 7.000000e+00
      vertex   -9.682000e+01 9.210000e+01 7.000000e+00
    endloop
  endfacet
endsolid
