solid ASCII
  facet normal 0.000000e+00 0.000000e+00 -1.000000e+00
    outer loop
      vertex   4.440892e-15 5.958255e+00 5.000000e-01
      vertex   -6.096376e-01 3.953270e+00 5.000000e-01
      vertex   -3.000000e+00 4.226204e+00 5.000000e-01
    endloop
  endfacet
  facet normal 0.000000e+00 0.000000e+00 -1.000000e+00
    outer loop
      vertex   -3.000000e+00 4.226204e+00 5.000000e-01
      vertex   -6.096376e-01 3.953270e+00 5.000000e-01
      vertex   -1.501092e+00 3.707658e+00 5.000000e-01
    endloop
  endfacet
  facet normal 0.000000e+00 0.000000e+00 -1.000000e+00
    outer loop
      vertex   -3.000000e+00 4.226204e+00 5.000000e-01
      vertex   -1.501092e+00 3.707658e+00 5.000000e-01
      vertex   -2.312329e+00 3.263914e+00 5.000000e-01
    endloop
  endfacet
  facet normal 0.000000e+00 0.000000e+00 -1.000000e+00
    outer loop
      vertex   5.160000e+00 2.979127e+00 5.000000e-01
      vertex   2.063575e+00 3.426610e+00 5.000000e-01
      vertex   4.440892e-15 5.958255e+00 5.000000e-01
    endloop
  endfacet
  facet normal 0.000000e+00 0.000000e+00 -1.000000e+00
    outer loop
      vertex   4.440892e-15 5.958255e+00 5.000000e-01
      vertex   2.063575e+00 3.426610e+00 5.000000e-01
      vertex   1.221626e+00 3.808888e+00 5.000000e-01
    endloop
  endfacet
  facet normal 0.000000e+00 0.000000e+00 -1.000000e+00
    outer loop
      vertex   4.440892e-15 5.958255e+00 5.000000e-01
      vertex   1.221626e+00 3.808888e+00 5.000000e-01
      vertex   3.143944e-01 3.987625e+00 5.000000e-01
    endloop
  endfacet
  facet normal 0.000000e+00 0.000000e+00 -1.000000e+00
    outer loop
      vertex   5.160000e+00 -9.711045e+00 5.000000e-01
      vertex   3.966412e+00 -5.172739e-01 5.000000e-01
      vertex   5.160000e+00 2.979127e+00 5.000000e-01
    endloop
  endfacet
  facet normal 0.000000e+00 0.000000e+00 -1.000000e+00
    outer loop
      vertex   5.160000e+00 2.979127e+00 5.000000e-01
      vertex   3.966412e+00 -5.172739e-01 5.000000e-01
      vertex   3.979208e+00 4.073080e-01 5.000000e-01
    endloop
  endfacet
  facet normal 0.000000e+00 0.000000e+00 -1.000000e+00
    outer loop
      vertex   5.160000e+00 2.979127e+00 5.000000e-01
      vertex   3.979208e+00 4.073080e-01 5.000000e-01
      vertex   3.779362e+00 1.310124e+00 5.000000e-01
    endloop
  endfacet
  facet normal -0.000000e+00 0.000000e+00 -1.000000e+00
    outer loop
      vertex   5.249877e+00 -1.012538e+01 5.000000e-01
      vertex   3.788169e+00 -1.191217e+01 5.000000e-01
      vertex   5.160000e+00 -9.711045e+00 5.000000e-01
    endloop
  endfacet
  facet normal 0.000000e+00 0.000000e+00 -1.000000e+00
    outer loop
      vertex   5.160000e+00 -9.711045e+00 5.000000e-01
      vertex   3.788169e+00 -1.191217e+01 5.000000e-01
      vertex   2.228067e+00 -1.229983e+01 5.000000e-01
    endloop
  endfacet
  facet normal 0.000000e+00 0.000000e+00 -1.000000e+00
    outer loop
      vertex   5.160000e+00 -9.711045e+00 5.000000e-01
      vertex   2.228067e+00 -1.229983e+01 5.000000e-01
      vertex   6.311142e-01 -1.248406e+01 5.000000e-01
    endloop
  endfacet
  facet normal 0.000000e+00 0.000000e+00 -1.000000e+00
    outer loop
      vertex   3.788169e+00 -1.191217e+01 5.000000e-01
      vertex   5.249877e+00 -1.012538e+01 5.000000e-01
      vertex   5.285620e+00 -1.132750e+01 5.000000e-01
    endloop
  endfacet
  facet normal 0.000000e+00 0.000000e+00 -1.000000e+00
    outer loop
      vertex   5.285620e+00 -1.132750e+01 5.000000e-01
      vertex   5.249877e+00 -1.012538e+01 5.000000e-01
      vertex   5.503352e+00 -1.046524e+01 5.000000e-01
    endloop
  endfacet
  facet normal 0.000000e+00 0.000000e+00 -1.000000e+00
    outer loop
      vertex   5.285620e+00 -1.132750e+01 5.000000e-01
      vertex   5.503352e+00 -1.046524e+01 5.000000e-01
      vertex   5.874862e+00 -1.066953e+01 5.000000e-01
    endloop
  endfacet
  facet normal 0.000000e+00 -0.000000e+00 -1.000000e+00
    outer loop
      vertex   5.874862e+00 -1.066953e+01 5.000000e-01
      vertex   6.297626e+00 -1.070153e+01 5.000000e-01
      vertex   5.285620e+00 -1.132750e+01 5.000000e-01
    endloop
  endfacet
  facet normal 0.000000e+00 0.000000e+00 -1.000000e+00
    outer loop
      vertex   5.285620e+00 -1.132750e+01 5.000000e-01
      vertex   6.297626e+00 -1.070153e+01 5.000000e-01
      vertex   6.695652e+00 -1.055548e+01 5.000000e-01
    endloop
  endfacet
  facet normal 0.000000e+00 0.000000e+00 -1.000000e+00
    outer loop
      vertex   6.311142e-01 -1.248406e+01 5.000000e-01
      vertex   -9.762761e-01 -1.246182e+01 5.000000e-01
      vertex   5.160000e+00 -9.711045e+00 5.000000e-01
    endloop
  endfacet
  facet normal -0.000000e+00 0.000000e+00 -1.000000e+00
    outer loop
      vertex   5.160000e+00 -9.711045e+00 5.000000e-01
      vertex   -9.762761e-01 -1.246182e+01 5.000000e-01
      vertex   2.039192e-01 -3.994799e+00 5.000000e-01
    endloop
  endfacet
  facet normal 0.000000e+00 0.000000e+00 -1.000000e+00
    outer loop
      vertex   5.160000e+00 -9.711045e+00 5.000000e-01
      vertex   2.039192e-01 -3.994799e+00 5.000000e-01
      vertex   1.115749e+00 -3.841237e+00 5.000000e-01
    endloop
  endfacet
  facet normal 0.000000e+00 0.000000e+00 -1.000000e+00
    outer loop
      vertex   -9.762761e-01 -1.246182e+01 5.000000e-01
      vertex   -2.567520e+00 -1.223347e+01 5.000000e-01
      vertex   2.039192e-01 -3.994799e+00 5.000000e-01
    endloop
  endfacet
  facet normal -0.000000e+00 0.000000e+00 -1.000000e+00
    outer loop
      vertex   2.039192e-01 -3.994799e+00 5.000000e-01
      vertex   -2.567520e+00 -1.223347e+01 5.000000e-01
      vertex   -7.188082e-01 -3.934884e+00 5.000000e-01
    endloop
  endfacet
  facet normal 0.000000e+00 0.000000e+00 -1.000000e+00
    outer loop
      vertex   -7.188082e-01 -3.934884e+00 5.000000e-01
      vertex   -2.567520e+00 -1.223347e+01 5.000000e-01
      vertex   -4.116300e+00 -1.180280e+01 5.000000e-01
    endloop
  endfacet
  facet normal 0.000000e+00 0.000000e+00 -1.000000e+00
    outer loop
      vertex   -7.188082e-01 -3.934884e+00 5.000000e-01
      vertex   -4.116300e+00 -1.180280e+01 5.000000e-01
      vertex   -5.597001e+00 -1.117692e+01 5.000000e-01
    endloop
  endfacet
  facet normal 0.000000e+00 0.000000e+00 -1.000000e+00
    outer loop
      vertex   -5.597001e+00 -1.117692e+01 5.000000e-01
      vertex   -6.985133e+00 -1.036619e+01 5.000000e-01
      vertex   -7.188082e-01 -3.934884e+00 5.000000e-01
    endloop
  endfacet
  facet normal -0.000000e+00 0.000000e+00 -1.000000e+00
    outer loop
      vertex   -7.188082e-01 -3.934884e+00 5.000000e-01
      vertex   -6.985133e+00 -1.036619e+01 5.000000e-01
      vertex   -1.603124e+00 -3.664696e+00 5.000000e-01
    endloop
  endfacet
  facet normal 0.000000e+00 0.000000e+00 -1.000000e+00
    outer loop
      vertex   -1.603124e+00 -3.664696e+00 5.000000e-01
      vertex   -6.985133e+00 -1.036619e+01 5.000000e-01
      vertex   -8.257740e+00 -9.384014e+00 5.000000e-01
    endloop
  endfacet
  facet normal 0.000000e+00 0.000000e+00 -1.000000e+00
    outer loop
      vertex   -1.603124e+00 -3.664696e+00 5.000000e-01
      vertex   -8.257740e+00 -9.384014e+00 5.000000e-01
      vertex   -9.393773e+00 -8.246637e+00 5.000000e-01
    endloop
  endfacet
  facet normal -0.000000e+00 0.000000e+00 -1.000000e+00
    outer loop
      vertex   -1.603124e+00 -3.664696e+00 5.000000e-01
      vertex   -9.393773e+00 -8.246637e+00 5.000000e-01
      vertex   -2.401770e+00 -3.198671e+00 5.000000e-01
    endloop
  endfacet
  facet normal 0.000000e+00 0.000000e+00 -1.000000e+00
    outer loop
      vertex   -2.401770e+00 -3.198671e+00 5.000000e-01
      vertex   -9.393773e+00 -8.246637e+00 5.000000e-01
      vertex   -1.037444e+01 -6.972870e+00 5.000000e-01
    endloop
  endfacet
  facet normal 0.000000e+00 0.000000e+00 -1.000000e+00
    outer loop
      vertex   -2.401770e+00 -3.198671e+00 5.000000e-01
      vertex   -1.037444e+01 -6.972870e+00 5.000000e-01
      vertex   -1.118353e+01 -5.583779e+00 5.000000e-01
    endloop
  endfacet
  facet normal -0.000000e+00 0.000000e+00 -1.000000e+00
    outer loop
      vertex   -2.401770e+00 -3.198671e+00 5.000000e-01
      vertex   -1.118353e+01 -5.583779e+00 5.000000e-01
      vertex   -3.072070e+00 -2.561715e+00 5.000000e-01
    endloop
  endfacet
  facet normal 0.000000e+00 0.000000e+00 -1.000000e+00
    outer loop
      vertex   -3.072070e+00 -2.561715e+00 5.000000e-01
      vertex   -1.118353e+01 -5.583779e+00 5.000000e-01
      vertex   -1.180766e+01 -4.102339e+00 5.000000e-01
    endloop
  endfacet
  facet normal -0.000000e+00 0.000000e+00 -1.000000e+00
    outer loop
      vertex   -3.072070e+00 -2.561715e+00 5.000000e-01
      vertex   -1.180766e+01 -4.102339e+00 5.000000e-01
      vertex   -3.578204e+00 -1.787864e+00 5.000000e-01
    endloop
  endfacet
  facet normal 0.000000e+00 0.000000e+00 -1.000000e+00
    outer loop
      vertex   -3.578204e+00 -1.787864e+00 5.000000e-01
      vertex   -1.180766e+01 -4.102339e+00 5.000000e-01
      vertex   -1.223650e+01 -2.553051e+00 5.000000e-01
    endloop
  endfacet
  facet normal -0.000000e+00 0.000000e+00 -1.000000e+00
    outer loop
      vertex   -3.578204e+00 -1.787864e+00 5.000000e-01
      vertex   -1.223650e+01 -2.553051e+00 5.000000e-01
      vertex   -3.893123e+00 -9.184731e-01 5.000000e-01
    endloop
  endfacet
  facet normal 0.000000e+00 0.000000e+00 -1.000000e+00
    outer loop
      vertex   -3.893123e+00 -9.184731e-01 5.000000e-01
      vertex   -1.223650e+01 -2.553051e+00 5.000000e-01
      vertex   -1.246296e+01 -9.615385e-01 5.000000e-01
    endloop
  endfacet
  facet normal -0.000000e+00 0.000000e+00 -1.000000e+00
    outer loop
      vertex   -3.893123e+00 -9.184731e-01 5.000000e-01
      vertex   -1.246296e+01 -9.615385e-01 5.000000e-01
      vertex   -4.000000e+00 0.000000e+00 5.000000e-01
    endloop
  endfacet
  facet normal -0.000000e+00 0.000000e+00 -1.000000e+00
    outer loop
      vertex   -4.000000e+00 0.000000e+00 5.000000e-01
      vertex   -1.246296e+01 -9.615385e-01 5.000000e-01
      vertex   -1.264784e+01 1.841500e-01 5.000000e-01
    endloop
  endfacet
  facet normal 0.000000e+00 0.000000e+00 -1.000000e+00
    outer loop
      vertex   -4.000000e+00 0.000000e+00 5.000000e-01
      vertex   -1.264784e+01 1.841500e-01 5.000000e-01
      vertex   -1.301946e+01 1.283549e+00 5.000000e-01
    endloop
  endfacet
  facet normal 0.000000e+00 0.000000e+00 -1.000000e+00
    outer loop
      vertex   -4.000000e+00 0.000000e+00 5.000000e-01
      vertex   -1.301946e+01 1.283549e+00 5.000000e-01
      vertex   -4.000000e+00 5.000000e+00 5.000000e-01
    endloop
  endfacet
  facet normal 0.000000e+00 0.000000e+00 -1.000000e+00
    outer loop
      vertex   -4.000000e+00 5.000000e+00 5.000000e-01
      vertex   -1.301946e+01 1.283549e+00 5.000000e-01
      vertex   -1.356762e+01 2.306441e+00 5.000000e-01
    endloop
  endfacet
  facet normal -0.000000e+00 0.000000e+00 -1.000000e+00
    outer loop
      vertex   -4.000000e+00 5.000000e+00 5.000000e-01
      vertex   -1.356762e+01 2.306441e+00 5.000000e-01
      vertex   -4.500000e+00 5.500000e+00 5.000000e-01
    endloop
  endfacet
  facet normal 0.000000e+00 0.000000e+00 -1.000000e+00
    outer loop
      vertex   -4.500000e+00 5.500000e+00 5.000000e-01
      vertex   -1.356762e+01 2.306441e+00 5.000000e-01
      vertex   -1.427723e+01 3.224712e+00 5.000000e-01
    endloop
  endfacet
  facet normal 0.000000e+00 0.000000e+00 -1.000000e+00
    outer loop
      vertex   -4.500000e+00 5.500000e+00 5.000000e-01
      vertex   -1.427723e+01 3.224712e+00 5.000000e-01
      vertex   -1.512882e+01 4.013123e+00 5.000000e-01
    endloop
  endfacet
  facet normal 0.000000e+00 0.000000e+00 -1.000000e+00
    outer loop
      vertex   -1.512882e+01 4.013123e+00 5.000000e-01
      vertex   -1.609895e+01 4.650004e+00 5.000000e-01
      vertex   -4.500000e+00 5.500000e+00 5.000000e-01
    endloop
  endfacet
  facet normal 0.000000e+00 0.000000e+00 -1.000000e+00
    outer loop
      vertex   -4.500000e+00 5.500000e+00 5.000000e-01
      vertex   -1.609895e+01 4.650004e+00 5.000000e-01
      vertex   -1.716098e+01 5.117849e+00 5.000000e-01
    endloop
  endfacet
  facet normal 0.000000e+00 0.000000e+00 -1.000000e+00
    outer loop
      vertex   -4.500000e+00 5.500000e+00 5.000000e-01
      vertex   -1.716098e+01 5.117849e+00 5.000000e-01
      vertex   -1.828571e+01 5.403801e+00 5.000000e-01
    endloop
  endfacet
  facet normal 3.715053e-17 -5.323840e-15 -1.000000e+00
    outer loop
      vertex   -1.828571e+01 5.403801e+00 5.000000e-01
      vertex   -1.944222e+01 5.500000e+00 5.000000e-01
      vertex   -4.500000e+00 5.500000e+00 5.000000e-01
    endloop
  endfacet
  facet normal 0.000000e+00 0.000000e+00 -1.000000e+00
    outer loop
      vertex   1.115749e+00 -3.841237e+00 5.000000e-01
      vertex   1.967956e+00 -3.482406e+00 5.000000e-01
      vertex   5.160000e+00 -9.711045e+00 5.000000e-01
    endloop
  endfacet
  facet normal 0.000000e+00 0.000000e+00 -1.000000e+00
    outer loop
      vertex   5.160000e+00 -9.711045e+00 5.000000e-01
      vertex   1.967956e+00 -3.482406e+00 5.000000e-01
      vertex   2.714997e+00 -2.937480e+00 5.000000e-01
    endloop
  endfacet
  facet normal 0.000000e+00 0.000000e+00 -1.000000e+00
    outer loop
      vertex   5.160000e+00 -9.711045e+00 5.000000e-01
      vertex   2.714997e+00 -2.937480e+00 5.000000e-01
      vertex   3.316954e+00 -2.235580e+00 5.000000e-01
    endloop
  endfacet
  facet normal 0.000000e+00 0.000000e+00 -1.000000e+00
    outer loop
      vertex   3.316954e+00 -2.235580e+00 5.000000e-01
      vertex   3.741657e+00 -1.414214e+00 5.000000e-01
      vertex   5.160000e+00 -9.711045e+00 5.000000e-01
    endloop
  endfacet
  facet normal 0.000000e+00 0.000000e+00 -1.000000e+00
    outer loop
      vertex   5.160000e+00 -9.711045e+00 5.000000e-01
      vertex   3.741657e+00 -1.414214e+00 5.000000e-01
      vertex   3.966412e+00 -5.172739e-01 5.000000e-01
    endloop
  endfacet
  facet normal 0.000000e+00 0.000000e+00 -1.000000e+00
    outer loop
      vertex   3.779362e+00 1.310124e+00 5.000000e-01
      vertex   3.377552e+00 2.142929e+00 5.000000e-01
      vertex   5.160000e+00 2.979127e+00 5.000000e-01
    endloop
  endfacet
  facet normal 0.000000e+00 0.000000e+00 -1.000000e+00
    outer loop
      vertex   5.160000e+00 2.979127e+00 5.000000e-01
      vertex   3.377552e+00 2.142929e+00 5.000000e-01
      vertex   2.795250e+00 2.861219e+00 5.000000e-01
    endloop
  endfacet
  facet normal -0.000000e+00 0.000000e+00 -1.000000e+00
    outer loop
      vertex   5.160000e+00 2.979127e+00 5.000000e-01
      vertex   2.795250e+00 2.861219e+00 5.000000e-01
      vertex   2.063575e+00 3.426610e+00 5.000000e-01
    endloop
  endfacet
  facet normal -0.000000e+00 0.000000e+00 -1.000000e+00
    outer loop
      vertex   3.143944e-01 3.987625e+00 5.000000e-01
      vertex   -6.096376e-01 3.953270e+00 5.000000e-01
      vertex   4.440892e-15 5.958255e+00 5.000000e-01
    endloop
  endfacet
  facet normal -0.000000e+00 0.000000e+00 -1.000000e+00
    outer loop
      vertex   -2.312329e+00 3.263914e+00 5.000000e-01
      vertex   -3.000000e+00 2.645751e+00 5.000000e-01
      vertex   -3.000000e+00 4.226204e+00 5.000000e-01
    endloop
  endfacet
  facet normal -1.000000e+00 7.589217e-31 2.220446e-15
    outer loop
      vertex   -3.000000e+00 4.226204e+00 -5.000000e-01
      vertex   -3.000000e+00 4.226204e+00 5.000000e-01
      vertex   -3.000000e+00 6.500000e+00 -5.000000e-01
    endloop
  endfacet
  facet normal -1.000000e+00 -9.514976e-16 5.693451e-17
    outer loop
      vertex   -3.000000e+00 6.500000e+00 -5.000000e-01
      vertex   -3.000000e+00 4.226204e+00 5.000000e-01
      vertex   -3.000000e+00 6.500000e+00 3.850000e+01
    endloop
  endfacet
  facet normal -1.000000e+00 -0.000000e+00 0.000000e+00
    outer loop
      vertex   -3.000000e+00 6.500000e+00 3.850000e+01
      vertex   -3.000000e+00 4.226204e+00 5.000000e-01
      vertex   -3.000000e+00 2.645751e+00 3.850000e+01
    endloop
  endfacet
  facet normal -1.000000e+00 0.000000e+00 0.000000e+00
    outer loop
      vertex   -3.000000e+00 2.645751e+00 3.850000e+01
      vertex   -3.000000e+00 4.226204e+00 5.000000e-01
      vertex   -3.000000e+00 2.645751e+00 5.000000e-01
    endloop
  endfacet
  facet normal 6.685218e-01 -7.436926e-01 0.000000e+00
    outer loop
      vertex   -3.000000e+00 2.645751e+00 3.850000e+01
      vertex   -3.000000e+00 2.645751e+00 5.000000e-01
      vertex   -2.312329e+00 3.263914e+00 1.950000e+01
    endloop
  endfacet
  facet normal 6.685218e-01 -7.436926e-01 -1.562544e-17
    outer loop
      vertex   -2.312329e+00 3.263914e+00 1.950000e+01
      vertex   -3.000000e+00 2.645751e+00 5.000000e-01
      vertex   -2.312329e+00 3.263914e+00 5.000000e-01
    endloop
  endfacet
  facet normal 4.798940e-01 -8.773265e-01 -1.121662e-17
    outer loop
      vertex   -2.312329e+00 3.263914e+00 1.950000e+01
      vertex   -2.312329e+00 3.263914e+00 5.000000e-01
      vertex   -1.501092e+00 3.707658e+00 1.950000e+01
    endloop
  endfacet
  facet normal 4.798940e-01 -8.773265e-01 0.000000e+00
    outer loop
      vertex   -1.501092e+00 3.707658e+00 1.950000e+01
      vertex   -2.312329e+00 3.263914e+00 5.000000e-01
      vertex   -1.501092e+00 3.707658e+00 5.000000e-01
    endloop
  endfacet
  facet normal 2.656214e-01 -9.640774e-01 0.000000e+00
    outer loop
      vertex   -1.501092e+00 3.707658e+00 1.950000e+01
      vertex   -1.501092e+00 3.707658e+00 5.000000e-01
      vertex   -6.096376e-01 3.953270e+00 1.950000e+01
    endloop
  endfacet
  facet normal 2.656214e-01 -9.640774e-01 0.000000e+00
    outer loop
      vertex   -6.096376e-01 3.953270e+00 1.950000e+01
      vertex   -1.501092e+00 3.707658e+00 5.000000e-01
      vertex   -6.096376e-01 3.953270e+00 5.000000e-01
    endloop
  endfacet
  facet normal 3.715441e-02 -9.993095e-01 0.000000e+00
    outer loop
      vertex   -6.096376e-01 3.953270e+00 1.950000e+01
      vertex   -6.096376e-01 3.953270e+00 5.000000e-01
      vertex   3.143944e-01 3.987625e+00 1.950000e+01
    endloop
  endfacet
  facet normal 3.715441e-02 -9.993095e-01 0.000000e+00
    outer loop
      vertex   3.143944e-01 3.987625e+00 1.950000e+01
      vertex   -6.096376e-01 3.953270e+00 5.000000e-01
      vertex   3.143944e-01 3.987625e+00 5.000000e-01
    endloop
  endfacet
  facet normal -1.932981e-01 -9.811401e-01 -0.000000e+00
    outer loop
      vertex   3.143944e-01 3.987625e+00 1.950000e+01
      vertex   3.143944e-01 3.987625e+00 5.000000e-01
      vertex   1.221626e+00 3.808888e+00 1.950000e+01
    endloop
  endfacet
  facet normal -1.932981e-01 -9.811401e-01 -0.000000e+00
    outer loop
      vertex   1.221626e+00 3.808888e+00 1.950000e+01
      vertex   3.143944e-01 3.987625e+00 5.000000e-01
      vertex   1.221626e+00 3.808888e+00 5.000000e-01
    endloop
  endfacet
  facet normal -4.134210e-01 -9.105400e-01 -0.000000e+00
    outer loop
      vertex   1.221626e+00 3.808888e+00 1.950000e+01
      vertex   1.221626e+00 3.808888e+00 5.000000e-01
      vertex   2.063575e+00 3.426610e+00 1.950000e+01
    endloop
  endfacet
  facet normal -4.134210e-01 -9.105400e-01 -0.000000e+00
    outer loop
      vertex   2.063575e+00 3.426610e+00 1.950000e+01
      vertex   1.221626e+00 3.808888e+00 5.000000e-01
      vertex   2.063575e+00 3.426610e+00 5.000000e-01
    endloop
  endfacet
  facet normal -6.114513e-01 -7.912821e-01 -0.000000e+00
    outer loop
      vertex   2.063575e+00 3.426610e+00 1.950000e+01
      vertex   2.063575e+00 3.426610e+00 5.000000e-01
      vertex   2.795250e+00 2.861219e+00 1.950000e+01
    endloop
  endfacet
  facet normal -6.114513e-01 -7.912821e-01 4.539587e-17
    outer loop
      vertex   2.795250e+00 2.861219e+00 1.950000e+01
      vertex   2.063575e+00 3.426610e+00 5.000000e-01
      vertex   2.795250e+00 2.861219e+00 5.000000e-01
    endloop
  endfacet
  facet normal -7.768066e-01 -6.297392e-01 2.256309e-17
    outer loop
      vertex   2.795250e+00 2.861219e+00 1.950000e+01
      vertex   2.795250e+00 2.861219e+00 5.000000e-01
      vertex   3.377552e+00 2.142929e+00 1.950000e+01
    endloop
  endfacet
  facet normal -7.768066e-01 -6.297392e-01 -0.000000e+00
    outer loop
      vertex   3.377552e+00 2.142929e+00 1.950000e+01
      vertex   2.795250e+00 2.861219e+00 5.000000e-01
      vertex   3.377552e+00 2.142929e+00 5.000000e-01
    endloop
  endfacet
  facet normal -9.006506e-01 -4.345441e-01 -0.000000e+00
    outer loop
      vertex   3.377552e+00 2.142929e+00 1.950000e+01
      vertex   3.377552e+00 2.142929e+00 5.000000e-01
      vertex   3.779362e+00 1.310124e+00 1.950000e+01
    endloop
  endfacet
  facet normal -9.006506e-01 -4.345441e-01 -0.000000e+00
    outer loop
      vertex   3.779362e+00 1.310124e+00 1.950000e+01
      vertex   3.377552e+00 2.142929e+00 5.000000e-01
      vertex   3.779362e+00 1.310124e+00 5.000000e-01
    endloop
  endfacet
  facet normal -9.763651e-01 -2.161276e-01 -0.000000e+00
    outer loop
      vertex   3.779362e+00 1.310124e+00 1.950000e+01
      vertex   3.779362e+00 1.310124e+00 5.000000e-01
      vertex   3.979208e+00 4.073080e-01 1.950000e+01
    endloop
  endfacet
  facet normal -9.763651e-01 -2.161276e-01 -0.000000e+00
    outer loop
      vertex   3.979208e+00 4.073080e-01 1.950000e+01
      vertex   3.779362e+00 1.310124e+00 5.000000e-01
      vertex   3.979208e+00 4.073080e-01 5.000000e-01
    endloop
  endfacet
  facet normal -9.999042e-01 1.383849e-02 0.000000e+00
    outer loop
      vertex   3.979208e+00 4.073080e-01 1.950000e+01
      vertex   3.979208e+00 4.073080e-01 5.000000e-01
      vertex   3.966412e+00 -5.172739e-01 1.950000e+01
    endloop
  endfacet
  facet normal -9.999042e-01 1.383849e-02 -1.293795e-18
    outer loop
      vertex   3.966412e+00 -5.172739e-01 1.950000e+01
      vertex   3.979208e+00 4.073080e-01 5.000000e-01
      vertex   3.966412e+00 -5.172739e-01 5.000000e-01
    endloop
  endfacet
  facet normal -9.700100e-01 2.430650e-01 -2.272475e-17
    outer loop
      vertex   3.966412e+00 -5.172739e-01 1.950000e+01
      vertex   3.966412e+00 -5.172739e-01 5.000000e-01
      vertex   3.741657e+00 -1.414214e+00 1.950000e+01
    endloop
  endfacet
  facet normal -9.700100e-01 2.430650e-01 -5.259194e-20
    outer loop
      vertex   3.741657e+00 -1.414214e+00 1.950000e+01
      vertex   3.966412e+00 -5.172739e-01 5.000000e-01
      vertex   3.741657e+00 -1.414214e+00 5.000000e-01
    endloop
  endfacet
  facet normal -8.882799e-01 4.593025e-01 -2.217946e-17
    outer loop
      vertex   3.741657e+00 -1.414214e+00 1.950000e+01
      vertex   3.741657e+00 -1.414214e+00 5.000000e-01
      vertex   3.316954e+00 -2.235580e+00 1.950000e+01
    endloop
  endfacet
  facet normal -8.882799e-01 4.593025e-01 -1.144413e-17
    outer loop
      vertex   3.316954e+00 -2.235580e+00 1.950000e+01
      vertex   3.741657e+00 -1.414214e+00 5.000000e-01
      vertex   3.316954e+00 -2.235580e+00 5.000000e-01
    endloop
  endfacet
  facet normal -7.590815e-01 6.509956e-01 -2.790529e-17
    outer loop
      vertex   3.316954e+00 -2.235580e+00 1.950000e+01
      vertex   3.316954e+00 -2.235580e+00 5.000000e-01
      vertex   2.714997e+00 -2.937480e+00 1.950000e+01
    endloop
  endfacet
  facet normal -7.590815e-01 6.509956e-01 4.053681e-17
    outer loop
      vertex   2.714997e+00 -2.937480e+00 1.950000e+01
      vertex   3.316954e+00 -2.235580e+00 5.000000e-01
      vertex   2.714997e+00 -2.937480e+00 5.000000e-01
    endloop
  endfacet
  facet normal -5.893189e-01 8.079005e-01 1.733057e-17
    outer loop
      vertex   2.714997e+00 -2.937480e+00 1.950000e+01
      vertex   2.714997e+00 -2.937480e+00 5.000000e-01
      vertex   1.967956e+00 -3.482406e+00 1.950000e+01
    endloop
  endfacet
  facet normal -5.893189e-01 8.079005e-01 5.865323e-17
    outer loop
      vertex   1.967956e+00 -3.482406e+00 1.950000e+01
      vertex   2.714997e+00 -2.937480e+00 5.000000e-01
      vertex   1.967956e+00 -3.482406e+00 5.000000e-01
    endloop
  endfacet
  facet normal -3.880640e-01 9.216324e-01 2.040902e-17
    outer loop
      vertex   1.967956e+00 -3.482406e+00 1.950000e+01
      vertex   1.967956e+00 -3.482406e+00 5.000000e-01
      vertex   1.115749e+00 -3.841237e+00 1.950000e+01
    endloop
  endfacet
  facet normal -3.880640e-01 9.216324e-01 2.494415e-17
    outer loop
      vertex   1.115749e+00 -3.841237e+00 1.950000e+01
      vertex   1.967956e+00 -3.482406e+00 5.000000e-01
      vertex   1.115749e+00 -3.841237e+00 5.000000e-01
    endloop
  endfacet
  facet normal -1.660716e-01 9.861137e-01 -1.698501e-17
    outer loop
      vertex   1.115749e+00 -3.841237e+00 1.950000e+01
      vertex   1.115749e+00 -3.841237e+00 5.000000e-01
      vertex   2.039192e-01 -3.994799e+00 1.950000e+01
    endloop
  endfacet
  facet normal -1.660716e-01 9.861137e-01 3.105289e-17
    outer loop
      vertex   2.039192e-01 -3.994799e+00 1.950000e+01
      vertex   1.115749e+00 -3.841237e+00 5.000000e-01
      vertex   2.039192e-01 -3.994799e+00 5.000000e-01
    endloop
  endfacet
  facet normal 6.479541e-02 9.978986e-01 -1.211576e-17
    outer loop
      vertex   2.039192e-01 -3.994799e+00 1.950000e+01
      vertex   2.039192e-01 -3.994799e+00 5.000000e-01
      vertex   -7.188082e-01 -3.934884e+00 1.950000e+01
    endloop
  endfacet
  facet normal 6.479541e-02 9.978986e-01 0.000000e+00
    outer loop
      vertex   -7.188082e-01 -3.934884e+00 1.950000e+01
      vertex   2.039192e-01 -3.994799e+00 5.000000e-01
      vertex   -7.188082e-01 -3.934884e+00 5.000000e-01
    endloop
  endfacet
  facet normal 2.921999e-01 9.563573e-01 0.000000e+00
    outer loop
      vertex   -7.188082e-01 -3.934884e+00 1.950000e+01
      vertex   -7.188082e-01 -3.934884e+00 5.000000e-01
      vertex   -1.603124e+00 -3.664696e+00 1.950000e+01
    endloop
  endfacet
  facet normal 2.921999e-01 9.563573e-01 0.000000e+00
    outer loop
      vertex   -1.603124e+00 -3.664696e+00 1.950000e+01
      vertex   -7.188082e-01 -3.934884e+00 5.000000e-01
      vertex   -1.603124e+00 -3.664696e+00 5.000000e-01
    endloop
  endfacet
  facet normal 5.039896e-01 8.637097e-01 0.000000e+00
    outer loop
      vertex   -1.603124e+00 -3.664696e+00 1.950000e+01
      vertex   -1.603124e+00 -3.664696e+00 5.000000e-01
      vertex   -2.401770e+00 -3.198671e+00 1.950000e+01
    endloop
  endfacet
  facet normal 5.039896e-01 8.637097e-01 0.000000e+00
    outer loop
      vertex   -2.401770e+00 -3.198671e+00 1.950000e+01
      vertex   -1.603124e+00 -3.664696e+00 5.000000e-01
      vertex   -2.401770e+00 -3.198671e+00 5.000000e-01
    endloop
  endfacet
  facet normal 6.888469e-01 7.249068e-01 0.000000e+00
    outer loop
      vertex   -2.401770e+00 -3.198671e+00 1.950000e+01
      vertex   -2.401770e+00 -3.198671e+00 5.000000e-01
      vertex   -3.072070e+00 -2.561715e+00 1.950000e+01
    endloop
  endfacet
  facet normal 6.888469e-01 7.249068e-01 0.000000e+00
    outer loop
      vertex   -3.072070e+00 -2.561715e+00 1.950000e+01
      vertex   -2.401770e+00 -3.198671e+00 5.000000e-01
      vertex   -3.072070e+00 -2.561715e+00 5.000000e-01
    endloop
  endfacet
  facet normal 8.368933e-01 5.473660e-01 0.000000e+00
    outer loop
      vertex   -3.072070e+00 -2.561715e+00 1.950000e+01
      vertex   -3.072070e+00 -2.561715e+00 5.000000e-01
      vertex   -3.578204e+00 -1.787864e+00 1.950000e+01
    endloop
  endfacet
  facet normal 8.368933e-01 5.473660e-01 0.000000e+00
    outer loop
      vertex   -3.578204e+00 -1.787864e+00 1.950000e+01
      vertex   -3.072070e+00 -2.561715e+00 5.000000e-01
      vertex   -3.578204e+00 -1.787864e+00 5.000000e-01
    endloop
  endfacet
  facet normal 9.402174e-01 3.405748e-01 0.000000e+00
    outer loop
      vertex   -3.578204e+00 -1.787864e+00 1.950000e+01
      vertex   -3.578204e+00 -1.787864e+00 5.000000e-01
      vertex   -3.893123e+00 -9.184731e-01 1.950000e+01
    endloop
  endfacet
  facet normal 9.402174e-01 3.405748e-01 0.000000e+00
    outer loop
      vertex   -3.893123e+00 -9.184731e-01 1.950000e+01
      vertex   -3.578204e+00 -1.787864e+00 5.000000e-01
      vertex   -3.893123e+00 -9.184731e-01 5.000000e-01
    endloop
  endfacet
  facet normal 9.932977e-01 1.155838e-01 0.000000e+00
    outer loop
      vertex   -3.893123e+00 -9.184731e-01 1.950000e+01
      vertex   -3.893123e+00 -9.184731e-01 5.000000e-01
      vertex   -4.000000e+00 0.000000e+00 5.000000e-01
    endloop
  endfacet
  facet normal 9.932977e-01 1.155838e-01 -0.000000e+00
    outer loop
      vertex   -4.000000e+00 0.000000e+00 5.000000e-01
      vertex   -4.000000e+00 0.000000e+00 3.850000e+01
      vertex   -3.893123e+00 -9.184731e-01 1.950000e+01
    endloop
  endfacet
  facet normal 9.932977e-01 1.155838e-01 -4.727719e-18
    outer loop
      vertex   -3.893123e+00 -9.184731e-01 1.950000e+01
      vertex   -4.000000e+00 0.000000e+00 3.850000e+01
      vertex   -3.893123e+00 -9.184731e-01 3.850000e+01
    endloop
  endfacet
  facet normal 9.402174e-01 3.405748e-01 -1.393052e-17
    outer loop
      vertex   -3.893123e+00 -9.184731e-01 1.950000e+01
      vertex   -3.893123e+00 -9.184731e-01 3.850000e+01
      vertex   -3.578204e+00 -1.787864e+00 1.950000e+01
    endloop
  endfacet
  facet normal 9.402174e-01 3.405748e-01 1.003537e-17
    outer loop
      vertex   -3.578204e+00 -1.787864e+00 1.950000e+01
      vertex   -3.893123e+00 -9.184731e-01 3.850000e+01
      vertex   -3.578204e+00 -1.787864e+00 3.850000e+01
    endloop
  endfacet
  facet normal 8.368933e-01 5.473660e-01 3.703308e-19
    outer loop
      vertex   -3.578204e+00 -1.787864e+00 1.950000e+01
      vertex   -3.578204e+00 -1.787864e+00 3.850000e+01
      vertex   -3.072070e+00 -2.561715e+00 1.950000e+01
    endloop
  endfacet
  facet normal 8.368933e-01 5.473660e-01 3.309512e-17
    outer loop
      vertex   -3.072070e+00 -2.561715e+00 1.950000e+01
      vertex   -3.578204e+00 -1.787864e+00 3.850000e+01
      vertex   -3.072070e+00 -2.561715e+00 3.850000e+01
    endloop
  endfacet
  facet normal 6.888469e-01 7.249068e-01 1.441484e-17
    outer loop
      vertex   -3.072070e+00 -2.561715e+00 1.950000e+01
      vertex   -3.072070e+00 -2.561715e+00 3.850000e+01
      vertex   -2.401770e+00 -3.198671e+00 1.950000e+01
    endloop
  endfacet
  facet normal 6.888469e-01 7.249068e-01 1.525767e-17
    outer loop
      vertex   -2.401770e+00 -3.198671e+00 1.950000e+01
      vertex   -3.072070e+00 -2.561715e+00 3.850000e+01
      vertex   -2.401770e+00 -3.198671e+00 3.850000e+01
    endloop
  endfacet
  facet normal 5.039896e-01 8.637097e-01 3.372029e-18
    outer loop
      vertex   -2.401770e+00 -3.198671e+00 1.950000e+01
      vertex   -2.401770e+00 -3.198671e+00 3.850000e+01
      vertex   -1.603124e+00 -3.664696e+00 1.950000e+01
    endloop
  endfacet
  facet normal 5.039896e-01 8.637097e-01 3.372029e-18
    outer loop
      vertex   -1.603124e+00 -3.664696e+00 1.950000e+01
      vertex   -2.401770e+00 -3.198671e+00 3.850000e+01
      vertex   -1.603124e+00 -3.664696e+00 3.850000e+01
    endloop
  endfacet
  facet normal 2.921999e-01 9.563573e-01 -8.693807e-18
    outer loop
      vertex   -1.603124e+00 -3.664696e+00 1.950000e+01
      vertex   -1.603124e+00 -3.664696e+00 3.850000e+01
      vertex   -7.188082e-01 -3.934884e+00 1.950000e+01
    endloop
  endfacet
  facet normal 2.921999e-01 9.563573e-01 1.536665e-17
    outer loop
      vertex   -7.188082e-01 -3.934884e+00 1.950000e+01
      vertex   -1.603124e+00 -3.664696e+00 3.850000e+01
      vertex   -7.188082e-01 -3.934884e+00 3.850000e+01
    endloop
  endfacet
  facet normal 6.479541e-02 9.978986e-01 3.407559e-18
    outer loop
      vertex   -7.188082e-01 -3.934884e+00 1.950000e+01
      vertex   -7.188082e-01 -3.934884e+00 3.850000e+01
      vertex   2.039192e-01 -3.994799e+00 1.950000e+01
    endloop
  endfacet
  facet normal 6.479541e-02 9.978986e-01 9.370787e-18
    outer loop
      vertex   2.039192e-01 -3.994799e+00 1.950000e+01
      vertex   -7.188082e-01 -3.934884e+00 3.850000e+01
      vertex   2.039192e-01 -3.994799e+00 3.850000e+01
    endloop
  endfacet
  facet normal -1.660716e-01 9.861137e-01 -2.401747e-17
    outer loop
      vertex   2.039192e-01 -3.994799e+00 1.950000e+01
      vertex   2.039192e-01 -3.994799e+00 3.850000e+01
      vertex   1.115749e+00 -3.841237e+00 1.950000e+01
    endloop
  endfacet
  facet normal -1.660716e-01 9.861137e-01 2.280743e-17
    outer loop
      vertex   1.115749e+00 -3.841237e+00 1.950000e+01
      vertex   2.039192e-01 -3.994799e+00 3.850000e+01
      vertex   1.115749e+00 -3.841237e+00 3.850000e+01
    endloop
  endfacet
  facet normal -3.880640e-01 9.216324e-01 -1.133875e-17
    outer loop
      vertex   1.115749e+00 -3.841237e+00 1.950000e+01
      vertex   1.115749e+00 -3.841237e+00 3.850000e+01
      vertex   1.967956e+00 -3.482406e+00 1.950000e+01
    endloop
  endfacet
  facet normal -3.880640e-01 9.216324e-01 -2.268487e-18
    outer loop
      vertex   1.967956e+00 -3.482406e+00 1.950000e+01
      vertex   1.115749e+00 -3.841237e+00 3.850000e+01
      vertex   1.967956e+00 -3.482406e+00 3.850000e+01
    endloop
  endfacet
  facet normal -5.893189e-01 8.079005e-01 -3.110479e-17
    outer loop
      vertex   1.967956e+00 -3.482406e+00 1.950000e+01
      vertex   1.967956e+00 -3.482406e+00 3.850000e+01
      vertex   2.714997e+00 -2.937480e+00 1.950000e+01
    endloop
  endfacet
  facet normal -5.893189e-01 8.079005e-01 -3.556354e-18
    outer loop
      vertex   2.714997e+00 -2.937480e+00 1.950000e+01
      vertex   1.967956e+00 -3.482406e+00 3.850000e+01
      vertex   2.714997e+00 -2.937480e+00 3.850000e+01
    endloop
  endfacet
  facet normal -7.590815e-01 6.509956e-01 -2.279471e-17
    outer loop
      vertex   2.714997e+00 -2.937480e+00 1.950000e+01
      vertex   2.714997e+00 -2.937480e+00 3.850000e+01
      vertex   3.316954e+00 -2.235580e+00 1.950000e+01
    endloop
  endfacet
  facet normal -7.590815e-01 6.509956e-01 1.268949e-17
    outer loop
      vertex   3.316954e+00 -2.235580e+00 1.950000e+01
      vertex   2.714997e+00 -2.937480e+00 3.850000e+01
      vertex   3.316954e+00 -2.235580e+00 3.850000e+01
    endloop
  endfacet
  facet normal -8.882799e-01 4.593025e-01 7.087938e-19
    outer loop
      vertex   3.316954e+00 -2.235580e+00 1.950000e+01
      vertex   3.316954e+00 -2.235580e+00 3.850000e+01
      vertex   3.741657e+00 -1.414214e+00 1.950000e+01
    endloop
  endfacet
  facet normal -8.882799e-01 4.593025e-01 2.147066e-17
    outer loop
      vertex   3.741657e+00 -1.414214e+00 1.950000e+01
      vertex   3.316954e+00 -2.235580e+00 3.850000e+01
      vertex   3.741657e+00 -1.414214e+00 3.850000e+01
    endloop
  endfacet
  facet normal -9.700100e-01 2.430650e-01 1.136237e-17
    outer loop
      vertex   3.741657e+00 -1.414214e+00 1.950000e+01
      vertex   3.741657e+00 -1.414214e+00 3.850000e+01
      vertex   3.966412e+00 -5.172739e-01 1.950000e+01
    endloop
  endfacet
  facet normal -9.700100e-01 2.430650e-01 1.278267e-17
    outer loop
      vertex   3.966412e+00 -5.172739e-01 1.950000e+01
      vertex   3.741657e+00 -1.414214e+00 3.850000e+01
      vertex   3.966412e+00 -5.172739e-01 3.850000e+01
    endloop
  endfacet
  facet normal -9.999042e-01 1.383849e-02 7.277595e-19
    outer loop
      vertex   3.966412e+00 -5.172739e-01 1.950000e+01
      vertex   3.966412e+00 -5.172739e-01 3.850000e+01
      vertex   3.979208e+00 4.073080e-01 1.950000e+01
    endloop
  endfacet
  facet normal -9.999042e-01 1.383849e-02 -4.730779e-17
    outer loop
      vertex   3.979208e+00 4.073080e-01 1.950000e+01
      vertex   3.966412e+00 -5.172739e-01 3.850000e+01
      vertex   3.979208e+00 4.073080e-01 3.850000e+01
    endloop
  endfacet
  facet normal -9.763651e-01 -2.161276e-01 -3.680114e-17
    outer loop
      vertex   3.979208e+00 4.073080e-01 1.950000e+01
      vertex   3.979208e+00 4.073080e-01 3.850000e+01
      vertex   3.779362e+00 1.310124e+00 1.950000e+01
    endloop
  endfacet
  facet normal -9.763651e-01 -2.161276e-01 1.010315e-17
    outer loop
      vertex   3.779362e+00 1.310124e+00 1.950000e+01
      vertex   3.979208e+00 4.073080e-01 3.850000e+01
      vertex   3.779362e+00 1.310124e+00 3.850000e+01
    endloop
  endfacet
  facet normal -9.006506e-01 -4.345441e-01 2.031330e-17
    outer loop
      vertex   3.779362e+00 1.310124e+00 1.950000e+01
      vertex   3.779362e+00 1.310124e+00 3.850000e+01
      vertex   3.377552e+00 2.142929e+00 1.950000e+01
    endloop
  endfacet
  facet normal -9.006506e-01 -4.345441e-01 -7.377125e-19
    outer loop
      vertex   3.377552e+00 2.142929e+00 1.950000e+01
      vertex   3.779362e+00 1.310124e+00 3.850000e+01
      vertex   3.377552e+00 2.142929e+00 3.850000e+01
    endloop
  endfacet
  facet normal -7.768066e-01 -6.297392e-01 1.128154e-17
    outer loop
      vertex   3.377552e+00 2.142929e+00 1.950000e+01
      vertex   3.377552e+00 2.142929e+00 3.850000e+01
      vertex   2.795250e+00 2.861219e+00 1.950000e+01
    endloop
  endfacet
  facet normal -7.768066e-01 -6.297392e-01 -1.128154e-17
    outer loop
      vertex   2.795250e+00 2.861219e+00 1.950000e+01
      vertex   3.377552e+00 2.142929e+00 3.850000e+01
      vertex   2.795250e+00 2.861219e+00 3.850000e+01
    endloop
  endfacet
  facet normal -6.114513e-01 -7.912821e-01 -2.269793e-17
    outer loop
      vertex   2.795250e+00 2.861219e+00 1.950000e+01
      vertex   2.795250e+00 2.861219e+00 3.850000e+01
      vertex   2.063575e+00 3.426610e+00 1.950000e+01
    endloop
  endfacet
  facet normal -6.114513e-01 -7.912821e-01 -8.406410e-18
    outer loop
      vertex   2.063575e+00 3.426610e+00 1.950000e+01
      vertex   2.795250e+00 2.861219e+00 3.850000e+01
      vertex   2.063575e+00 3.426610e+00 3.850000e+01
    endloop
  endfacet
  facet normal -4.134210e-01 -9.105400e-01 -2.323844e-17
    outer loop
      vertex   2.063575e+00 3.426610e+00 1.950000e+01
      vertex   2.063575e+00 3.426610e+00 3.850000e+01
      vertex   1.221626e+00 3.808888e+00 1.950000e+01
    endloop
  endfacet
  facet normal -4.134210e-01 -9.105400e-01 1.449440e-17
    outer loop
      vertex   1.221626e+00 3.808888e+00 1.950000e+01
      vertex   2.063575e+00 3.426610e+00 3.850000e+01
      vertex   1.221626e+00 3.808888e+00 3.850000e+01
    endloop
  endfacet
  facet normal -1.932981e-01 -9.811401e-01 6.776967e-18
    outer loop
      vertex   1.221626e+00 3.808888e+00 1.950000e+01
      vertex   1.221626e+00 3.808888e+00 3.850000e+01
      vertex   3.143944e-01 3.987625e+00 1.950000e+01
    endloop
  endfacet
  facet normal -1.932981e-01 -9.811401e-01 9.035956e-18
    outer loop
      vertex   3.143944e-01 3.987625e+00 1.950000e+01
      vertex   1.221626e+00 3.808888e+00 3.850000e+01
      vertex   3.143944e-01 3.987625e+00 3.850000e+01
    endloop
  endfacet
  facet normal 3.715441e-02 -9.993095e-01 -1.736829e-18
    outer loop
      vertex   3.143944e-01 3.987625e+00 1.950000e+01
      vertex   3.143944e-01 3.987625e+00 3.850000e+01
      vertex   -6.096376e-01 3.953270e+00 1.950000e+01
    endloop
  endfacet
  facet normal 3.715441e-02 -9.993095e-01 -1.953932e-18
    outer loop
      vertex   -6.096376e-01 3.953270e+00 1.950000e+01
      vertex   3.143944e-01 3.987625e+00 3.850000e+01
      vertex   -6.096376e-01 3.953270e+00 3.850000e+01
    endloop
  endfacet
  facet normal 2.656214e-01 -9.640774e-01 -1.396890e-17
    outer loop
      vertex   -6.096376e-01 3.953270e+00 1.950000e+01
      vertex   -6.096376e-01 3.953270e+00 3.850000e+01
      vertex   -1.501092e+00 3.707658e+00 1.950000e+01
    endloop
  endfacet
  facet normal 2.656214e-01 -9.640774e-01 0.000000e+00
    outer loop
      vertex   -1.501092e+00 3.707658e+00 1.950000e+01
      vertex   -6.096376e-01 3.953270e+00 3.850000e+01
      vertex   -1.501092e+00 3.707658e+00 3.850000e+01
    endloop
  endfacet
  facet normal 4.798940e-01 -8.773265e-01 0.000000e+00
    outer loop
      vertex   -1.501092e+00 3.707658e+00 1.950000e+01
      vertex   -1.501092e+00 3.707658e+00 3.850000e+01
      vertex   -2.312329e+00 3.263914e+00 1.950000e+01
    endloop
  endfacet
  facet normal 4.798940e-01 -8.773265e-01 0.000000e+00
    outer loop
      vertex   -2.312329e+00 3.263914e+00 1.950000e+01
      vertex   -1.501092e+00 3.707658e+00 3.850000e+01
      vertex   -2.312329e+00 3.263914e+00 3.850000e+01
    endloop
  endfacet
  facet normal 6.685218e-01 -7.436926e-01 0.000000e+00
    outer loop
      vertex   -2.312329e+00 3.263914e+00 1.950000e+01
      vertex   -2.312329e+00 3.263914e+00 3.850000e+01
      vertex   -3.000000e+00 2.645751e+00 3.850000e+01
    endloop
  endfacet
  facet normal 1.000000e+00 -8.881784e-17 0.000000e+00
    outer loop
      vertex   -4.000000e+00 0.000000e+00 5.000000e-01
      vertex   -4.000000e+00 5.000000e+00 5.000000e-01
      vertex   -4.000000e+00 0.000000e+00 3.850000e+01
    endloop
  endfacet
  facet normal 1.000000e+00 -8.881784e-17 0.000000e+00
    outer loop
      vertex   -4.000000e+00 0.000000e+00 3.850000e+01
      vertex   -4.000000e+00 5.000000e+00 5.000000e-01
      vertex   -4.000000e+00 5.000000e+00 3.850000e+01
    endloop
  endfacet
  facet normal 7.071068e-01 7.071068e-01 -0.000000e+00
    outer loop
      vertex   -4.000000e+00 5.000000e+00 5.000000e-01
      vertex   -4.500000e+00 5.500000e+00 5.000000e-01
      vertex   -4.000000e+00 5.000000e+00 3.850000e+01
    endloop
  endfacet
  facet normal 7.071068e-01 7.071068e-01 -2.213859e-17
    outer loop
      vertex   -4.000000e+00 5.000000e+00 3.850000e+01
      vertex   -4.500000e+00 5.500000e+00 5.000000e-01
      vertex   -8.000000e+00 9.000000e+00 4.000000e+00
    endloop
  endfacet
  facet normal 7.071068e-01 7.071068e-01 0.000000e+00
    outer loop
      vertex   -4.000000e+00 5.000000e+00 3.850000e+01
      vertex   -8.000000e+00 9.000000e+00 4.000000e+00
      vertex   -8.000000e+00 9.000000e+00 3.850000e+01
    endloop
  endfacet
  facet normal 1.103315e-16 7.071068e-01 -7.071068e-01
    outer loop
      vertex   -4.500000e+00 5.500000e+00 5.000000e-01
      vertex   -1.944222e+01 5.500000e+00 5.000000e-01
      vertex   -8.000000e+00 9.000000e+00 4.000000e+00
    endloop
  endfacet
  facet normal 0.000000e+00 7.071068e-01 -7.071068e-01
    outer loop
      vertex   -8.000000e+00 9.000000e+00 4.000000e+00
      vertex   -1.944222e+01 5.500000e+00 5.000000e-01
      vertex   -2.050000e+01 9.000000e+00 4.000000e+00
    endloop
  endfacet
  facet normal -1.427267e-16 7.071068e-01 -7.071068e-01
    outer loop
      vertex   -2.050000e+01 9.000000e+00 4.000000e+00
      vertex   -1.944222e+01 5.500000e+00 5.000000e-01
      vertex   -2.950000e+01 5.500000e+00 5.000000e-01
    endloop
  endfacet
  facet normal -4.186913e-16 7.071068e-01 -7.071068e-01
    outer loop
      vertex   -2.050000e+01 9.000000e+00 4.000000e+00
      vertex   -2.950000e+01 5.500000e+00 5.000000e-01
      vertex   -2.950000e+01 9.000000e+00 4.000000e+00
    endloop
  endfacet
  facet normal -2.732635e-16 -3.287369e-01 9.444215e-01
    outer loop
      vertex   -1.262869e+01 1.049290e-01 -1.500459e+00
      vertex   -1.246296e+01 -9.615385e-01 -1.871678e+00
      vertex   -5.160000e+00 2.979127e+00 -5.000000e-01
    endloop
  endfacet
  facet normal 0.000000e+00 -3.287369e-01 9.444215e-01
    outer loop
      vertex   -5.160000e+00 2.979127e+00 -5.000000e-01
      vertex   -1.246296e+01 -9.615385e-01 -1.871678e+00
      vertex   -1.226141e+01 -2.430615e+00 -2.383038e+00
    endloop
  endfacet
  facet normal -1.373596e-16 -3.287369e-01 9.444215e-01
    outer loop
      vertex   -5.160000e+00 2.979127e+00 -5.000000e-01
      vertex   -1.226141e+01 -2.430615e+00 -2.383038e+00
      vertex   -1.188730e+01 -3.865488e+00 -2.882493e+00
    endloop
  endfacet
  facet normal -2.905276e-16 -3.287369e-01 9.444215e-01
    outer loop
      vertex   -1.188730e+01 -3.865488e+00 -2.882493e+00
      vertex   -1.134592e+01 -5.245963e+00 -3.363013e+00
      vertex   -5.160000e+00 2.979127e+00 -5.000000e-01
    endloop
  endfacet
  facet normal 2.422737e-16 -3.287369e-01 9.444215e-01
    outer loop
      vertex   -5.160000e+00 2.979127e+00 -5.000000e-01
      vertex   -1.134592e+01 -5.245963e+00 -3.363013e+00
      vertex   -1.064487e+01 -6.552616e+00 -3.817836e+00
    endloop
  endfacet
  facet normal 0.000000e+00 -3.287369e-01 9.444215e-01
    outer loop
      vertex   -5.160000e+00 2.979127e+00 -5.000000e-01
      vertex   -1.064487e+01 -6.552616e+00 -3.817836e+00
      vertex   -9.794020e+00 -7.767057e+00 -4.240562e+00
    endloop
  endfacet
  facet normal -2.663629e-16 -3.287369e-01 9.444215e-01
    outer loop
      vertex   -9.794020e+00 -7.767057e+00 -4.240562e+00
      vertex   -8.805346e+00 -8.872197e+00 -4.625242e+00
      vertex   -5.160000e+00 2.979127e+00 -5.000000e-01
    endloop
  endfacet
  facet normal -4.004102e-16 -3.287369e-01 9.444215e-01
    outer loop
      vertex   -5.160000e+00 2.979127e+00 -5.000000e-01
      vertex   -8.805346e+00 -8.872197e+00 -4.625242e+00
      vertex   -7.692759e+00 -9.852485e+00 -4.966463e+00
    endloop
  endfacet
  facet normal 1.131174e-15 -3.287369e-01 9.444215e-01
    outer loop
      vertex   -5.160000e+00 2.979127e+00 -5.000000e-01
      vertex   -7.692759e+00 -9.852485e+00 -4.966463e+00
      vertex   -6.471917e+00 -1.069412e+01 -5.259424e+00
    endloop
  endfacet
  facet normal -1.046020e-15 -3.287369e-01 9.444215e-01
    outer loop
      vertex   -6.471917e+00 -1.069412e+01 -5.259424e+00
      vertex   -5.160000e+00 -1.138527e+01 -5.500000e+00
      vertex   -5.160000e+00 2.979127e+00 -5.000000e-01
    endloop
  endfacet
  facet normal -1.002985e-16 -3.287369e-01 9.444215e-01
    outer loop
      vertex   -1.406287e+01 2.979127e+00 -5.000000e-01
      vertex   -1.343827e+01 2.098963e+00 -8.063701e-01
      vertex   -5.160000e+00 2.979127e+00 -5.000000e-01
    endloop
  endfacet
  facet normal -1.370025e-16 -3.287369e-01 9.444215e-01
    outer loop
      vertex   -5.160000e+00 2.979127e+00 -5.000000e-01
      vertex   -1.343827e+01 2.098963e+00 -8.063701e-01
      vertex   -1.295639e+01 1.133244e+00 -1.142520e+00
    endloop
  endfacet
  facet normal -9.728728e-17 -3.287369e-01 9.444215e-01
    outer loop
      vertex   -5.160000e+00 2.979127e+00 -5.000000e-01
      vertex   -1.295639e+01 1.133244e+00 -1.142520e+00
      vertex   -1.262869e+01 1.049290e-01 -1.500459e+00
    endloop
  endfacet
  facet normal 5.660339e-01 -8.243819e-01 0.000000e+00
    outer loop
      vertex   6.695652e+00 -1.055548e+01 -5.500000e+00
      vertex   7.445819e+00 -1.004041e+01 -1.150000e+01
      vertex   6.695652e+00 -1.055548e+01 5.000000e-01
    endloop
  endfacet
  facet normal 5.660339e-01 -8.243819e-01 6.100295e-17
    outer loop
      vertex   6.695652e+00 -1.055548e+01 5.000000e-01
      vertex   7.445819e+00 -1.004041e+01 -1.150000e+01
      vertex   7.445819e+00 -1.004041e+01 1.350000e+01
    endloop
  endfacet
  facet normal 5.408698e-01 -8.411037e-01 2.114634e-03
    outer loop
      vertex   6.695652e+00 -1.055548e+01 5.000000e-01
      vertex   7.445819e+00 -1.004041e+01 1.350000e+01
      vertex   6.045960e+00 -1.094058e+01 1.350000e+01
    endloop
  endfacet
  facet normal 5.408710e-01 -8.411055e-01 -2.134649e-17
    outer loop
      vertex   6.045960e+00 -1.094058e+01 1.350000e+01
      vertex   7.445819e+00 -1.004041e+01 1.350000e+01
      vertex   7.445819e+00 -1.004041e+01 3.850000e+01
    endloop
  endfacet
  facet normal 5.408710e-01 -8.411055e-01 2.117344e-18
    outer loop
      vertex   6.045960e+00 -1.094058e+01 1.350000e+01
      vertex   7.445819e+00 -1.004041e+01 3.850000e+01
      vertex   6.045960e+00 -1.094058e+01 3.850000e+01
    endloop
  endfacet
  facet normal 5.408654e-01 -8.410967e-01 -4.581670e-03
    outer loop
      vertex   7.445819e+00 -1.004041e+01 -1.150000e+01
      vertex   6.695652e+00 -1.055548e+01 -5.500000e+00
      vertex   6.045960e+00 -1.094058e+01 -1.150000e+01
    endloop
  endfacet
  facet normal 4.823628e-01 -8.759624e-01 3.990893e-03
    outer loop
      vertex   6.045960e+00 -1.094058e+01 -1.150000e+01
      vertex   6.695652e+00 -1.055548e+01 -5.500000e+00
      vertex   5.340400e+00 -1.130178e+01 -5.500000e+00
    endloop
  endfacet
  facet normal 4.243321e-01 -9.054949e-01 -4.610947e-03
    outer loop
      vertex   6.045960e+00 -1.094058e+01 -1.150000e+01
      vertex   5.340400e+00 -1.130178e+01 -5.500000e+00
      vertex   4.538922e+00 -1.164681e+01 -1.150000e+01
    endloop
  endfacet
  facet normal 3.704567e-01 -9.288414e-01 3.928279e-03
    outer loop
      vertex   4.538922e+00 -1.164681e+01 -1.150000e+01
      vertex   5.340400e+00 -1.130178e+01 -5.500000e+00
      vertex   3.903337e+00 -1.187493e+01 -5.500000e+00
    endloop
  endfacet
  facet normal 3.002768e-01 -9.538417e-01 -4.456444e-03
    outer loop
      vertex   4.538922e+00 -1.164681e+01 -1.150000e+01
      vertex   3.903337e+00 -1.187493e+01 -5.500000e+00
      vertex   2.951419e+00 -1.214657e+01 -1.150000e+01
    endloop
  endfacet
  facet normal 2.528755e-01 -9.674918e-01 3.681888e-03
    outer loop
      vertex   2.951419e+00 -1.214657e+01 -1.150000e+01
      vertex   3.903337e+00 -1.187493e+01 -5.500000e+00
      vertex   2.406477e+00 -1.226617e+01 -5.500000e+00
    endloop
  endfacet
  facet normal 1.708983e-01 -9.852801e-01 -4.118174e-03
    outer loop
      vertex   2.951419e+00 -1.214657e+01 -1.150000e+01
      vertex   2.406477e+00 -1.226617e+01 -5.500000e+00
      vertex   1.311596e+00 -1.243100e+01 -1.150000e+01
    endloop
  endfacet
  facet normal 1.314203e-01 -9.913214e-01 3.251740e-03
    outer loop
      vertex   1.311596e+00 -1.243100e+01 -1.150000e+01
      vertex   2.406477e+00 -1.226617e+01 -5.500000e+00
      vertex   8.727506e-01 -1.246950e+01 -5.500000e+00
    endloop
  endfacet
  facet normal 3.848981e-02 -9.992525e-01 -3.596164e-03
    outer loop
      vertex   1.311596e+00 -1.243100e+01 -1.150000e+01
      vertex   8.727506e-01 -1.246950e+01 -5.500000e+00
      vertex   -3.514790e-01 -1.249506e+01 -1.150000e+01
    endloop
  endfacet
  facet normal 7.951416e-03 -9.999649e-01 2.637872e-03
    outer loop
      vertex   -3.514790e-01 -1.249506e+01 -1.150000e+01
      vertex   8.727506e-01 -1.246950e+01 -5.500000e+00
      vertex   -6.743455e-01 -1.248180e+01 -5.500000e+00
    endloop
  endfacet
  facet normal -9.460155e-02 -9.955110e-01 -2.890458e-03
    outer loop
      vertex   -3.514790e-01 -1.249506e+01 -1.150000e+01
      vertex   -6.743455e-01 -1.248180e+01 -5.500000e+00
      vertex   -2.008323e+00 -1.233761e+01 -1.150000e+01
    endloop
  endfacet
  facet normal -1.156397e-01 -9.932895e-01 1.840335e-03
    outer loop
      vertex   -2.008323e+00 -1.233761e+01 -1.150000e+01
      vertex   -6.743455e-01 -1.248180e+01 -5.500000e+00
      vertex   -2.211111e+00 -1.230289e+01 -5.500000e+00
    endloop
  endfacet
  facet normal -2.260164e-01 -9.741214e-01 -2.001115e-03
    outer loop
      vertex   -2.008323e+00 -1.233761e+01 -1.150000e+01
      vertex   -2.211111e+00 -1.230289e+01 -5.500000e+00
      vertex   -3.629565e+00 -1.196145e+01 -1.150000e+01
    endloop
  endfacet
  facet normal -2.374597e-01 -9.713970e-01 8.591980e-04
    outer loop
      vertex   -3.629565e+00 -1.196145e+01 -1.150000e+01
      vertex   -2.211111e+00 -1.230289e+01 -5.500000e+00
      vertex   -3.714004e+00 -1.193550e+01 -5.500000e+00
    endloop
  endfacet
  facet normal -3.534250e-01 -9.354624e-01 -9.282115e-04
    outer loop
      vertex   -3.629565e+00 -1.196145e+01 -1.150000e+01
      vertex   -3.714004e+00 -1.193550e+01 -5.500000e+00
      vertex   -5.186463e+00 -1.137324e+01 -1.150000e+01
    endloop
  endfacet
  facet normal -3.556418e-01 -9.346223e-01 -3.054515e-04
    outer loop
      vertex   -5.186463e+00 -1.137324e+01 -1.150000e+01
      vertex   -3.714004e+00 -1.193550e+01 -5.500000e+00
      vertex   -5.160000e+00 -1.138527e+01 -5.500000e+00
    endloop
  endfacet
  facet normal -4.660569e-01 -8.847547e-01 2.815221e-04
    outer loop
      vertex   -5.186463e+00 -1.137324e+01 -1.150000e+01
      vertex   -5.160000e+00 -1.138527e+01 -5.500000e+00
      vertex   -6.471917e+00 -1.069412e+01 -5.259424e+00
    endloop
  endfacet
  facet normal -4.745671e-01 -8.802171e-01 -1.965238e-03
    outer loop
      vertex   -5.186463e+00 -1.137324e+01 -1.150000e+01
      vertex   -6.471917e+00 -1.069412e+01 -5.259424e+00
      vertex   -6.651418e+00 -1.058341e+01 -1.150000e+01
    endloop
  endfacet
  facet normal -5.673076e-01 -8.235042e-01 1.708420e-03
    outer loop
      vertex   -6.651418e+00 -1.058341e+01 -1.150000e+01
      vertex   -6.471917e+00 -1.069412e+01 -5.259424e+00
      vertex   -7.692759e+00 -9.852485e+00 -4.966463e+00
    endloop
  endfacet
  facet normal -5.872953e-01 -8.093670e-01 -3.058872e-03
    outer loop
      vertex   -6.651418e+00 -1.058341e+01 -1.150000e+01
      vertex   -7.692759e+00 -9.852485e+00 -4.966463e+00
      vertex   -7.998461e+00 -9.605968e+00 -1.150000e+01
    endloop
  endfacet
  facet normal -6.606392e-01 -7.506991e-01 2.586454e-03
    outer loop
      vertex   -7.998461e+00 -9.605968e+00 -1.150000e+01
      vertex   -7.692759e+00 -9.852485e+00 -4.966463e+00
      vertex   -8.805346e+00 -8.872197e+00 -4.625242e+00
    endloop
  endfacet
  facet normal -6.896121e-01 -7.241698e-01 -3.645655e-03
    outer loop
      vertex   -7.998461e+00 -9.605968e+00 -1.150000e+01
      vertex   -8.805346e+00 -8.872197e+00 -4.625242e+00
      vertex   -9.203710e+00 -8.458234e+00 -1.150000e+01
    endloop
  endfacet
  facet normal -7.447689e-01 -6.673159e-01 2.973917e-03
    outer loop
      vertex   -9.203710e+00 -8.458234e+00 -1.150000e+01
      vertex   -8.805346e+00 -8.872197e+00 -4.625242e+00
      vertex   -9.794020e+00 -7.767057e+00 -4.240562e+00
    endloop
  endfacet
  facet normal -7.797046e-01 -6.261361e-01 -3.787679e-03
    outer loop
      vertex   -9.203710e+00 -8.458234e+00 -1.150000e+01
      vertex   -9.794020e+00 -7.767057e+00 -4.240562e+00
      vertex   -1.024580e+01 -7.160556e+00 -1.150000e+01
    endloop
  endfacet
  facet normal -8.185122e-01 -5.744816e-01 2.943023e-03
    outer loop
      vertex   -1.024580e+01 -7.160556e+00 -1.150000e+01
      vertex   -9.794020e+00 -7.767057e+00 -4.240562e+00
      vertex   -1.064487e+01 -6.552616e+00 -3.817836e+00
    endloop
  endfacet
  facet normal -8.559759e-01 -5.170034e-01 -3.551736e-03
    outer loop
      vertex   -1.024580e+01 -7.160556e+00 -1.150000e+01
      vertex   -1.064487e+01 -6.552616e+00 -3.817836e+00
      vertex   -1.110626e+01 -5.735939e+00 -1.150000e+01
    endloop
  endfacet
  facet normal -8.808074e-01 -4.734679e-01 2.567828e-03
    outer loop
      vertex   -1.110626e+01 -5.735939e+00 -1.150000e+01
      vertex   -1.064487e+01 -6.552616e+00 -3.817836e+00
      vertex   -1.134592e+01 -5.245963e+00 -3.363013e+00
    endloop
  endfacet
  facet normal -9.170740e-01 -3.987058e-01 -3.002195e-03
    outer loop
      vertex   -1.110626e+01 -5.735939e+00 -1.150000e+01
      vertex   -1.134592e+01 -5.245963e+00 -3.363013e+00
      vertex   -1.176983e+01 -4.209638e+00 -1.150000e+01
    endloop
  endfacet
  facet normal -9.307394e-01 -3.656782e-01 1.916124e-03
    outer loop
      vertex   -1.176983e+01 -4.209638e+00 -1.150000e+01
      vertex   -1.134592e+01 -5.245963e+00 -3.363013e+00
      vertex   -1.188730e+01 -3.865488e+00 -2.882493e+00
    endloop
  endfacet
  facet normal -9.619151e-01 -2.733397e-01 -2.196505e-03
    outer loop
      vertex   -1.176983e+01 -4.209638e+00 -1.150000e+01
      vertex   -1.188730e+01 -3.865488e+00 -2.882493e+00
      vertex   -1.222475e+01 -2.608711e+00 -1.150000e+01
    endloop
  endfacet
  facet normal -9.675627e-01 -2.526288e-01 1.045128e-03
    outer loop
      vertex   -1.222475e+01 -2.608711e+00 -1.150000e+01
      vertex   -1.188730e+01 -3.865488e+00 -2.882493e+00
      vertex   -1.226141e+01 -2.430615e+00 -2.383038e+00
    endloop
  endfacet
  facet normal -9.897036e-01 -1.431274e-01 -1.182947e-03
    outer loop
      vertex   -1.222475e+01 -2.608711e+00 -1.150000e+01
      vertex   -1.226141e+01 -2.430615e+00 -2.383038e+00
      vertex   -1.246296e+01 -9.615385e-01 -1.150000e+01
    endloop
  endfacet
  facet normal -9.907191e-01 -1.359255e-01 -1.567330e-18
    outer loop
      vertex   -1.246296e+01 -9.615385e-01 -1.150000e+01
      vertex   -1.226141e+01 -2.430615e+00 -2.383038e+00
      vertex   -1.246296e+01 -9.615385e-01 -1.871678e+00
    endloop
  endfacet
  facet normal 6.478172e-01 -7.617959e-01 6.904527e-17
    outer loop
      vertex   7.445819e+00 -1.004041e+01 1.350000e+01
      vertex   7.445819e+00 -1.004041e+01 -1.150000e+01
      vertex   8.713682e+00 -8.962240e+00 1.350000e+01
    endloop
  endfacet
  facet normal 6.478172e-01 -7.617959e-01 0.000000e+00
    outer loop
      vertex   8.713682e+00 -8.962240e+00 1.350000e+01
      vertex   7.445819e+00 -1.004041e+01 -1.150000e+01
      vertex   8.713682e+00 -8.962240e+00 -1.150000e+01
    endloop
  endfacet
  facet normal 7.432791e-01 -6.689814e-01 0.000000e+00
    outer loop
      vertex   8.713682e+00 -8.962240e+00 1.350000e+01
      vertex   8.713682e+00 -8.962240e+00 -1.150000e+01
      vertex   9.827073e+00 -7.725194e+00 1.350000e+01
    endloop
  endfacet
  facet normal 7.432791e-01 -6.689814e-01 -1.320866e-17
    outer loop
      vertex   9.827073e+00 -7.725194e+00 1.350000e+01
      vertex   8.713682e+00 -8.962240e+00 -1.150000e+01
      vertex   9.827073e+00 -7.725194e+00 -1.150000e+01
    endloop
  endfacet
  facet normal 8.255646e-01 -5.643077e-01 1.707861e-17
    outer loop
      vertex   9.827073e+00 -7.725194e+00 1.350000e+01
      vertex   9.827073e+00 -7.725194e+00 -1.150000e+01
      vertex   1.076626e+01 -6.351201e+00 1.350000e+01
    endloop
  endfacet
  facet normal 8.255646e-01 -5.643077e-01 0.000000e+00
    outer loop
      vertex   1.076626e+01 -6.351201e+00 1.350000e+01
      vertex   9.827073e+00 -7.725194e+00 -1.150000e+01
      vertex   1.076626e+01 -6.351201e+00 -1.150000e+01
    endloop
  endfacet
  facet normal 8.932148e-01 -4.496301e-01 0.000000e+00
    outer loop
      vertex   1.076626e+01 -6.351201e+00 1.350000e+01
      vertex   1.076626e+01 -6.351201e+00 -1.150000e+01
      vertex   1.151458e+01 -4.864616e+00 1.350000e+01
    endloop
  endfacet
  facet normal 8.932148e-01 -4.496301e-01 -3.237769e-17
    outer loop
      vertex   1.151458e+01 -4.864616e+00 1.350000e+01
      vertex   1.076626e+01 -6.351201e+00 -1.150000e+01
      vertex   1.151458e+01 -4.864616e+00 -1.150000e+01
    endloop
  endfacet
  facet normal 9.450307e-01 -3.269817e-01 -2.551885e-18
    outer loop
      vertex   1.151458e+01 -4.864616e+00 1.350000e+01
      vertex   1.151458e+01 -4.864616e+00 -1.150000e+01
      vertex   1.205878e+01 -3.291794e+00 1.350000e+01
    endloop
  endfacet
  facet normal 9.450307e-01 -3.269817e-01 1.284886e-16
    outer loop
      vertex   1.205878e+01 -3.291794e+00 1.350000e+01
      vertex   1.151458e+01 -4.864616e+00 -1.150000e+01
      vertex   1.205878e+01 -3.291794e+00 -1.150000e+01
    endloop
  endfacet
  facet normal 9.800934e-01 -1.985368e-01 1.357529e-16
    outer loop
      vertex   1.205878e+01 -3.291794e+00 1.350000e+01
      vertex   1.205878e+01 -3.291794e+00 -1.150000e+01
      vertex   1.238920e+01 -1.660616e+00 1.350000e+01
    endloop
  endfacet
  facet normal 9.800934e-01 -1.985368e-01 -1.058017e-17
    outer loop
      vertex   1.238920e+01 -1.660616e+00 1.350000e+01
      vertex   1.205878e+01 -3.291794e+00 -1.150000e+01
      vertex   1.238920e+01 -1.660616e+00 -1.150000e+01
    endloop
  endfacet
  facet normal 9.977816e-01 -6.657233e-02 -3.547686e-18
    outer loop
      vertex   1.238920e+01 -1.660616e+00 1.350000e+01
      vertex   1.238920e+01 -1.660616e+00 -1.150000e+01
      vertex   1.250000e+01 0.000000e+00 -1.150000e+01
    endloop
  endfacet
  facet normal 9.977816e-01 -6.657233e-02 0.000000e+00
    outer loop
      vertex   1.250000e+01 0.000000e+00 -1.150000e+01
      vertex   1.250000e+01 0.000000e+00 3.850000e+01
      vertex   1.238920e+01 -1.660616e+00 1.350000e+01
    endloop
  endfacet
  facet normal 9.977816e-01 -6.657233e-02 -2.956405e-18
    outer loop
      vertex   1.238920e+01 -1.660616e+00 1.350000e+01
      vertex   1.250000e+01 0.000000e+00 3.850000e+01
      vertex   1.238920e+01 -1.660616e+00 3.850000e+01
    endloop
  endfacet
  facet normal 9.800934e-01 -1.985368e-01 -8.816806e-18
    outer loop
      vertex   1.238920e+01 -1.660616e+00 1.350000e+01
      vertex   1.238920e+01 -1.660616e+00 3.850000e+01
      vertex   1.205878e+01 -3.291794e+00 1.350000e+01
    endloop
  endfacet
  facet normal 9.800934e-01 -1.985368e-01 -7.053445e-18
    outer loop
      vertex   1.205878e+01 -3.291794e+00 1.350000e+01
      vertex   1.238920e+01 -1.660616e+00 3.850000e+01
      vertex   1.205878e+01 -3.291794e+00 3.850000e+01
    endloop
  endfacet
  facet normal 9.450307e-01 -3.269817e-01 -1.161673e-17
    outer loop
      vertex   1.205878e+01 -3.291794e+00 1.350000e+01
      vertex   1.205878e+01 -3.291794e+00 3.850000e+01
      vertex   1.151458e+01 -4.864616e+00 1.350000e+01
    endloop
  endfacet
  facet normal 9.450307e-01 -3.269817e-01 -1.416861e-17
    outer loop
      vertex   1.151458e+01 -4.864616e+00 1.350000e+01
      vertex   1.205878e+01 -3.291794e+00 3.850000e+01
      vertex   1.151458e+01 -4.864616e+00 3.850000e+01
    endloop
  endfacet
  facet normal 8.932148e-01 -4.496301e-01 -4.835176e-17
    outer loop
      vertex   1.151458e+01 -4.864616e+00 1.350000e+01
      vertex   1.151458e+01 -4.864616e+00 3.850000e+01
      vertex   1.076626e+01 -6.351201e+00 1.350000e+01
    endloop
  endfacet
  facet normal 8.932148e-01 -4.496301e-01 0.000000e+00
    outer loop
      vertex   1.076626e+01 -6.351201e+00 1.350000e+01
      vertex   1.151458e+01 -4.864616e+00 3.850000e+01
      vertex   1.076626e+01 -6.351201e+00 3.850000e+01
    endloop
  endfacet
  facet normal 8.255646e-01 -5.643077e-01 0.000000e+00
    outer loop
      vertex   1.076626e+01 -6.351201e+00 1.350000e+01
      vertex   1.076626e+01 -6.351201e+00 3.850000e+01
      vertex   9.827073e+00 -7.725194e+00 1.350000e+01
    endloop
  endfacet
  facet normal 8.255646e-01 -5.643077e-01 3.712684e-17
    outer loop
      vertex   9.827073e+00 -7.725194e+00 1.350000e+01
      vertex   1.076626e+01 -6.351201e+00 3.850000e+01
      vertex   9.827073e+00 -7.725194e+00 3.850000e+01
    endloop
  endfacet
  facet normal 7.432791e-01 -6.689814e-01 1.055833e-17
    outer loop
      vertex   9.827073e+00 -7.725194e+00 1.350000e+01
      vertex   9.827073e+00 -7.725194e+00 3.850000e+01
      vertex   8.713682e+00 -8.962240e+00 1.350000e+01
    endloop
  endfacet
  facet normal 7.432791e-01 -6.689814e-01 0.000000e+00
    outer loop
      vertex   8.713682e+00 -8.962240e+00 1.350000e+01
      vertex   9.827073e+00 -7.725194e+00 3.850000e+01
      vertex   8.713682e+00 -8.962240e+00 3.850000e+01
    endloop
  endfacet
  facet normal 6.478172e-01 -7.617959e-01 0.000000e+00
    outer loop
      vertex   8.713682e+00 -8.962240e+00 1.350000e+01
      vertex   8.713682e+00 -8.962240e+00 3.850000e+01
      vertex   7.445819e+00 -1.004041e+01 1.350000e+01
    endloop
  endfacet
  facet normal 6.478172e-01 -7.617959e-01 6.817743e-18
    outer loop
      vertex   7.445819e+00 -1.004041e+01 1.350000e+01
      vertex   8.713682e+00 -8.962240e+00 3.850000e+01
      vertex   7.445819e+00 -1.004041e+01 3.850000e+01
    endloop
  endfacet
  facet normal 4.243366e-01 -9.055045e-01 1.911357e-17
    outer loop
      vertex   6.045960e+00 -1.094058e+01 1.350000e+01
      vertex   6.045960e+00 -1.094058e+01 3.850000e+01
      vertex   4.538922e+00 -1.164681e+01 1.350000e+01
    endloop
  endfacet
  facet normal 4.243366e-01 -9.055045e-01 9.045279e-17
    outer loop
      vertex   4.538922e+00 -1.164681e+01 1.350000e+01
      vertex   6.045960e+00 -1.094058e+01 3.850000e+01
      vertex   4.538922e+00 -1.164681e+01 3.850000e+01
    endloop
  endfacet
  facet normal 3.002798e-01 -9.538512e-01 6.400849e-17
    outer loop
      vertex   4.538922e+00 -1.164681e+01 1.350000e+01
      vertex   4.538922e+00 -1.164681e+01 3.850000e+01
      vertex   2.951419e+00 -1.214657e+01 1.350000e+01
    endloop
  endfacet
  facet normal 3.002798e-01 -9.538512e-01 -3.577096e-17
    outer loop
      vertex   2.951419e+00 -1.214657e+01 1.350000e+01
      vertex   4.538922e+00 -1.164681e+01 3.850000e+01
      vertex   2.951419e+00 -1.214657e+01 3.850000e+01
    endloop
  endfacet
  facet normal 1.708997e-01 -9.852884e-01 -5.179422e-17
    outer loop
      vertex   2.951419e+00 -1.214657e+01 1.350000e+01
      vertex   2.951419e+00 -1.214657e+01 3.850000e+01
      vertex   1.311596e+00 -1.243100e+01 1.350000e+01
    endloop
  endfacet
  facet normal 1.708997e-01 -9.852884e-01 2.125052e-17
    outer loop
      vertex   1.311596e+00 -1.243100e+01 1.350000e+01
      vertex   2.951419e+00 -1.214657e+01 3.850000e+01
      vertex   1.311596e+00 -1.243100e+01 3.850000e+01
    endloop
  endfacet
  facet normal 3.849006e-02 -9.992590e-01 4.786046e-18
    outer loop
      vertex   1.311596e+00 -1.243100e+01 1.350000e+01
      vertex   1.311596e+00 -1.243100e+01 3.850000e+01
      vertex   -3.514790e-01 -1.249506e+01 1.350000e+01
    endloop
  endfacet
  facet normal 3.849006e-02 -9.992590e-01 4.786046e-18
    outer loop
      vertex   -3.514790e-01 -1.249506e+01 1.350000e+01
      vertex   1.311596e+00 -1.243100e+01 3.850000e+01
      vertex   -3.514790e-01 -1.249506e+01 3.850000e+01
    endloop
  endfacet
  facet normal -9.460195e-02 -9.955152e-01 -1.176328e-17
    outer loop
      vertex   -3.514790e-01 -1.249506e+01 1.350000e+01
      vertex   -3.514790e-01 -1.249506e+01 3.850000e+01
      vertex   -2.008323e+00 -1.233761e+01 1.350000e+01
    endloop
  endfacet
  facet normal -9.460195e-02 -9.955152e-01 -1.008281e-17
    outer loop
      vertex   -2.008323e+00 -1.233761e+01 1.350000e+01
      vertex   -3.514790e-01 -1.249506e+01 3.850000e+01
      vertex   -2.008323e+00 -1.233761e+01 3.850000e+01
    endloop
  endfacet
  facet normal -2.260169e-01 -9.741234e-01 -2.408920e-17
    outer loop
      vertex   -2.008323e+00 -1.233761e+01 1.350000e+01
      vertex   -2.008323e+00 -1.233761e+01 3.850000e+01
      vertex   -3.629565e+00 -1.196145e+01 1.350000e+01
    endloop
  endfacet
  facet normal -2.260169e-01 -9.741234e-01 -3.613380e-17
    outer loop
      vertex   -3.629565e+00 -1.196145e+01 1.350000e+01
      vertex   -2.008323e+00 -1.233761e+01 3.850000e+01
      vertex   -3.629565e+00 -1.196145e+01 3.850000e+01
    endloop
  endfacet
  facet normal -3.534251e-01 -9.354628e-01 -5.650282e-17
    outer loop
      vertex   -3.629565e+00 -1.196145e+01 1.350000e+01
      vertex   -3.629565e+00 -1.196145e+01 3.850000e+01
      vertex   -5.186463e+00 -1.137324e+01 1.350000e+01
    endloop
  endfacet
  facet normal -3.534251e-01 -9.354628e-01 2.880008e-17
    outer loop
      vertex   -5.186463e+00 -1.137324e+01 1.350000e+01
      vertex   -3.629565e+00 -1.196145e+01 3.850000e+01
      vertex   -5.186463e+00 -1.137324e+01 3.850000e+01
    endloop
  endfacet
  facet normal -4.745680e-01 -8.802188e-01 1.196318e-17
    outer loop
      vertex   -5.186463e+00 -1.137324e+01 1.350000e+01
      vertex   -5.186463e+00 -1.137324e+01 3.850000e+01
      vertex   -6.651418e+00 -1.058341e+01 1.350000e+01
    endloop
  endfacet
  facet normal -4.745680e-01 -8.802188e-01 2.882322e-17
    outer loop
      vertex   -6.651418e+00 -1.058341e+01 1.350000e+01
      vertex   -5.186463e+00 -1.137324e+01 3.850000e+01
      vertex   -6.651418e+00 -1.058341e+01 3.850000e+01
    endloop
  endfacet
  facet normal -5.872980e-01 -8.093708e-01 1.577922e-17
    outer loop
      vertex   -6.651418e+00 -1.058341e+01 1.350000e+01
      vertex   -6.651418e+00 -1.058341e+01 3.850000e+01
      vertex   -7.998461e+00 -9.605968e+00 1.350000e+01
    endloop
  endfacet
  facet normal -5.872980e-01 -8.093708e-01 7.328847e-17
    outer loop
      vertex   -7.998461e+00 -9.605968e+00 1.350000e+01
      vertex   -6.651418e+00 -1.058341e+01 3.850000e+01
      vertex   -7.998461e+00 -9.605968e+00 3.850000e+01
    endloop
  endfacet
  facet normal -6.896167e-01 -7.241746e-01 5.391119e-17
    outer loop
      vertex   -7.998461e+00 -9.605968e+00 1.350000e+01
      vertex   -7.998461e+00 -9.605968e+00 3.850000e+01
      vertex   -9.203710e+00 -8.458234e+00 1.350000e+01
    endloop
  endfacet
  facet normal -6.896167e-01 -7.241746e-01 5.391119e-17
    outer loop
      vertex   -9.203710e+00 -8.458234e+00 1.350000e+01
      vertex   -7.998461e+00 -9.605968e+00 3.850000e+01
      vertex   -9.203710e+00 -8.458234e+00 3.850000e+01
    endloop
  endfacet
  facet normal -7.797102e-01 -6.261406e-01 3.357819e-17
    outer loop
      vertex   -9.203710e+00 -8.458234e+00 1.350000e+01
      vertex   -9.203710e+00 -8.458234e+00 3.850000e+01
      vertex   -1.024580e+01 -7.160556e+00 1.350000e+01
    endloop
  endfacet
  facet normal -7.797102e-01 -6.261406e-01 -6.631351e-17
    outer loop
      vertex   -1.024580e+01 -7.160556e+00 1.350000e+01
      vertex   -9.203710e+00 -8.458234e+00 3.850000e+01
      vertex   -1.024580e+01 -7.160556e+00 3.850000e+01
    endloop
  endfacet
  facet normal -8.559813e-01 -5.170067e-01 -8.490673e-17
    outer loop
      vertex   -1.024580e+01 -7.160556e+00 1.350000e+01
      vertex   -1.024580e+01 -7.160556e+00 3.850000e+01
      vertex   -1.110626e+01 -5.735939e+00 1.350000e+01
    endloop
  endfacet
  facet normal -8.559813e-01 -5.170067e-01 -4.817119e-17
    outer loop
      vertex   -1.110626e+01 -5.735939e+00 1.350000e+01
      vertex   -1.024580e+01 -7.160556e+00 3.850000e+01
      vertex   -1.110626e+01 -5.735939e+00 3.850000e+01
    endloop
  endfacet
  facet normal -9.170781e-01 -3.987076e-01 -7.366488e-17
    outer loop
      vertex   -1.110626e+01 -5.735939e+00 1.350000e+01
      vertex   -1.110626e+01 -5.735939e+00 3.850000e+01
      vertex   -1.176983e+01 -4.209638e+00 1.350000e+01
    endloop
  endfacet
  facet normal -9.170781e-01 -3.987076e-01 4.249482e-17
    outer loop
      vertex   -1.176983e+01 -4.209638e+00 1.350000e+01
      vertex   -1.110626e+01 -5.735939e+00 3.850000e+01
      vertex   -1.176983e+01 -4.209638e+00 3.850000e+01
    endloop
  endfacet
  facet normal -9.619174e-01 -2.733404e-01 2.913300e-17
    outer loop
      vertex   -1.176983e+01 -4.209638e+00 1.350000e+01
      vertex   -1.176983e+01 -4.209638e+00 3.850000e+01
      vertex   -1.222475e+01 -2.608711e+00 1.350000e+01
    endloop
  endfacet
  facet normal -9.619174e-01 -2.733404e-01 -1.075637e-16
    outer loop
      vertex   -1.222475e+01 -2.608711e+00 1.350000e+01
      vertex   -1.176983e+01 -4.209638e+00 3.850000e+01
      vertex   -1.222475e+01 -2.608711e+00 3.850000e+01
    endloop
  endfacet
  facet normal -9.897043e-01 -1.431275e-01 -1.253907e-16
    outer loop
      vertex   -1.222475e+01 -2.608711e+00 1.350000e+01
      vertex   -1.222475e+01 -2.608711e+00 3.850000e+01
      vertex   -1.246296e+01 -9.615385e-01 3.850000e+01
    endloop
  endfacet
  facet normal -9.897043e-01 -1.431275e-01 4.181670e-19
    outer loop
      vertex   -1.246296e+01 -9.615385e-01 3.850000e+01
      vertex   -1.246296e+01 -9.615385e-01 5.000000e-01
      vertex   -1.222475e+01 -2.608711e+00 1.350000e+01
    endloop
  endfacet
  facet normal -9.900273e-01 -1.408751e-01 2.913100e-04
    outer loop
      vertex   -1.222475e+01 -2.608711e+00 1.350000e+01
      vertex   -1.246296e+01 -9.615385e-01 5.000000e-01
      vertex   -1.223650e+01 -2.553051e+00 5.000000e-01
    endloop
  endfacet
  facet normal -9.637608e-01 -2.667677e-01 -2.714373e-04
    outer loop
      vertex   -1.222475e+01 -2.608711e+00 1.350000e+01
      vertex   -1.223650e+01 -2.553051e+00 5.000000e-01
      vertex   -1.180766e+01 -4.102339e+00 5.000000e-01
    endloop
  endfacet
  facet normal -9.619172e-01 -2.733403e-01 5.428731e-04
    outer loop
      vertex   -1.222475e+01 -2.608711e+00 1.350000e+01
      vertex   -1.180766e+01 -4.102339e+00 5.000000e-01
      vertex   -1.176983e+01 -4.209638e+00 1.350000e+01
    endloop
  endfacet
  facet normal -9.215547e-01 -3.882482e-01 -5.229962e-04
    outer loop
      vertex   -1.176983e+01 -4.209638e+00 1.350000e+01
      vertex   -1.180766e+01 -4.102339e+00 5.000000e-01
      vertex   -1.118353e+01 -5.583779e+00 5.000000e-01
    endloop
  endfacet
  facet normal -9.170778e-01 -3.987075e-01 7.844908e-04
    outer loop
      vertex   -1.176983e+01 -4.209638e+00 1.350000e+01
      vertex   -1.118353e+01 -5.583779e+00 5.000000e-01
      vertex   -1.110626e+01 -5.735939e+00 1.350000e+01
    endloop
  endfacet
  facet normal -8.641071e-01 -5.033074e-01 -7.546715e-04
    outer loop
      vertex   -1.110626e+01 -5.735939e+00 1.350000e+01
      vertex   -1.118353e+01 -5.583779e+00 5.000000e-01
      vertex   -1.037444e+01 -6.972870e+00 5.000000e-01
    endloop
  endfacet
  facet normal -8.559809e-01 -5.170064e-01 1.006222e-03
    outer loop
      vertex   -1.110626e+01 -5.735939e+00 1.350000e+01
      vertex   -1.037444e+01 -6.972870e+00 5.000000e-01
      vertex   -1.024580e+01 -7.160556e+00 1.350000e+01
    endloop
  endfacet
  facet normal -7.923681e-01 -6.100425e-01 -9.664584e-04
    outer loop
      vertex   -1.024580e+01 -7.160556e+00 1.350000e+01
      vertex   -1.037444e+01 -6.972870e+00 5.000000e-01
      vertex   -9.393773e+00 -8.246637e+00 5.000000e-01
    endloop
  endfacet
  facet normal -7.797096e-01 -6.261401e-01 1.208063e-03
    outer loop
      vertex   -1.024580e+01 -7.160556e+00 1.350000e+01
      vertex   -9.393773e+00 -8.246637e+00 5.000000e-01
      vertex   -9.203710e+00 -8.458234e+00 1.350000e+01
    endloop
  endfacet
  facet normal -7.075243e-01 -7.066881e-01 -1.158352e-03
    outer loop
      vertex   -9.203710e+00 -8.458234e+00 1.350000e+01
      vertex   -9.393773e+00 -8.246637e+00 5.000000e-01
      vertex   -8.257740e+00 -9.384014e+00 5.000000e-01
    endloop
  endfacet
  facet normal -6.896160e-01 -7.241739e-01 1.390009e-03
    outer loop
      vertex   -9.203710e+00 -8.458234e+00 1.350000e+01
      vertex   -8.257740e+00 -9.384014e+00 5.000000e-01
      vertex   -7.998461e+00 -9.605968e+00 1.350000e+01
    endloop
  endfacet
  facet normal -6.109788e-01 -7.916458e-01 -1.330350e-03
    outer loop
      vertex   -7.998461e+00 -9.605968e+00 1.350000e+01
      vertex   -8.257740e+00 -9.384014e+00 5.000000e-01
      vertex   -6.985133e+00 -1.036619e+01 5.000000e-01
    endloop
  endfacet
  facet normal -5.872973e-01 -8.093698e-01 1.552057e-03
    outer loop
      vertex   -7.998461e+00 -9.605968e+00 1.350000e+01
      vertex   -6.985133e+00 -1.036619e+01 5.000000e-01
      vertex   -6.651418e+00 -1.058341e+01 1.350000e+01
    endloop
  endfacet
  facet normal -5.043285e-01 -8.635106e-01 -1.482447e-03
    outer loop
      vertex   -6.651418e+00 -1.058341e+01 1.350000e+01
      vertex   -6.985133e+00 -1.036619e+01 5.000000e-01
      vertex   -5.597001e+00 -1.117692e+01 5.000000e-01
    endloop
  endfacet
  facet normal -4.745673e-01 -8.802176e-01 1.694202e-03
    outer loop
      vertex   -6.651418e+00 -1.058341e+01 1.350000e+01
      vertex   -5.597001e+00 -1.117692e+01 5.000000e-01
      vertex   -5.186463e+00 -1.137324e+01 1.350000e+01
    endloop
  endfacet
  facet normal -3.893372e-01 -9.210939e-01 -1.614640e-03
    outer loop
      vertex   -5.186463e+00 -1.137324e+01 1.350000e+01
      vertex   -5.597001e+00 -1.117692e+01 5.000000e-01
      vertex   -4.116300e+00 -1.180280e+01 5.000000e-01
    endloop
  endfacet
  facet normal -3.534246e-01 -9.354613e-01 1.816443e-03
    outer loop
      vertex   -5.186463e+00 -1.137324e+01 1.350000e+01
      vertex   -4.116300e+00 -1.180280e+01 5.000000e-01
      vertex   -3.629565e+00 -1.196145e+01 1.350000e+01
    endloop
  endfacet
  facet normal -2.679068e-01 -9.634433e-01 -1.726928e-03
    outer loop
      vertex   -3.629565e+00 -1.196145e+01 1.350000e+01
      vertex   -4.116300e+00 -1.180280e+01 5.000000e-01
      vertex   -2.567520e+00 -1.223347e+01 5.000000e-01
    endloop
  endfacet
  facet normal -2.260165e-01 -9.741216e-01 1.918776e-03
    outer loop
      vertex   -3.629565e+00 -1.196145e+01 1.350000e+01
      vertex   -2.567520e+00 -1.223347e+01 5.000000e-01
      vertex   -2.008323e+00 -1.233761e+01 1.350000e+01
    endloop
  endfacet
  facet normal -1.420456e-01 -9.898584e-01 -1.819307e-03
    outer loop
      vertex   -2.008323e+00 -1.233761e+01 1.350000e+01
      vertex   -2.567520e+00 -1.223347e+01 5.000000e-01
      vertex   -9.762761e-01 -1.246182e+01 5.000000e-01
    endloop
  endfacet
  facet normal -9.460176e-02 -9.955132e-01 2.001200e-03
    outer loop
      vertex   -2.008323e+00 -1.233761e+01 1.350000e+01
      vertex   -9.762761e-01 -1.246182e+01 5.000000e-01
      vertex   -3.514790e-01 -1.249506e+01 1.350000e+01
    endloop
  endfacet
  facet normal -1.383508e-02 -9.999025e-01 -1.891775e-03
    outer loop
      vertex   -3.514790e-01 -1.249506e+01 1.350000e+01
      vertex   -9.762761e-01 -1.246182e+01 5.000000e-01
      vertex   6.311142e-01 -1.248406e+01 5.000000e-01
    endloop
  endfacet
  facet normal 3.848998e-02 -9.992569e-01 2.063713e-03
    outer loop
      vertex   -3.514790e-01 -1.249506e+01 1.350000e+01
      vertex   6.311142e-01 -1.248406e+01 5.000000e-01
      vertex   1.311596e+00 -1.243100e+01 1.350000e+01
    endloop
  endfacet
  facet normal 1.146042e-01 -9.934093e-01 -1.944332e-03
    outer loop
      vertex   1.311596e+00 -1.243100e+01 1.350000e+01
      vertex   6.311142e-01 -1.248406e+01 5.000000e-01
      vertex   2.228067e+00 -1.229983e+01 5.000000e-01
    endloop
  endfacet
  facet normal 1.708994e-01 -9.852862e-01 2.106314e-03
    outer loop
      vertex   1.311596e+00 -1.243100e+01 1.350000e+01
      vertex   2.228067e+00 -1.229983e+01 5.000000e-01
      vertex   2.951419e+00 -1.214657e+01 1.350000e+01
    endloop
  endfacet
  facet normal 2.411480e-01 -9.704863e-01 -1.976976e-03
    outer loop
      vertex   2.951419e+00 -1.214657e+01 1.350000e+01
      vertex   2.228067e+00 -1.229983e+01 5.000000e-01
      vertex   3.788169e+00 -1.191217e+01 5.000000e-01
    endloop
  endfacet
  facet normal 3.002791e-01 -9.538490e-01 2.129001e-03
    outer loop
      vertex   2.951419e+00 -1.214657e+01 1.350000e+01
      vertex   3.788169e+00 -1.191217e+01 5.000000e-01
      vertex   4.538922e+00 -1.164681e+01 1.350000e+01
    endloop
  endfacet
  facet normal 3.637035e-01 -9.315126e-01 -1.989707e-03
    outer loop
      vertex   4.538922e+00 -1.164681e+01 1.350000e+01
      vertex   3.788169e+00 -1.191217e+01 5.000000e-01
      vertex   5.285620e+00 -1.132750e+01 5.000000e-01
    endloop
  endfacet
  facet normal 4.243357e-01 -9.055025e-01 2.131775e-03
    outer loop
      vertex   4.538922e+00 -1.164681e+01 1.350000e+01
      vertex   5.285620e+00 -1.132750e+01 5.000000e-01
      vertex   6.045960e+00 -1.094058e+01 1.350000e+01
    endloop
  endfacet
  facet normal 4.802438e-01 -8.771328e-01 -1.982523e-03
    outer loop
      vertex   6.045960e+00 -1.094058e+01 1.350000e+01
      vertex   5.285620e+00 -1.132750e+01 5.000000e-01
      vertex   6.695652e+00 -1.055548e+01 5.000000e-01
    endloop
  endfacet
  facet normal -9.881399e-01 -1.535563e-01 -1.770628e-18
    outer loop
      vertex   -1.246296e+01 -9.615385e-01 -1.871678e+00
      vertex   -1.262869e+01 1.049290e-01 -1.500459e+00
      vertex   -1.246296e+01 -9.615385e-01 -1.150000e+01
    endloop
  endfacet
  facet normal -9.872290e-01 -1.593062e-01 6.283338e-04
    outer loop
      vertex   -1.246296e+01 -9.615385e-01 -1.150000e+01
      vertex   -1.262869e+01 1.049290e-01 -1.500459e+00
      vertex   -1.264784e+01 1.841500e-01 -1.150000e+01
    endloop
  endfacet
  facet normal -9.528481e-01 -3.034471e-01 -5.794526e-04
    outer loop
      vertex   -1.264784e+01 1.841500e-01 -1.150000e+01
      vertex   -1.262869e+01 1.049290e-01 -1.500459e+00
      vertex   -1.295639e+01 1.133244e+00 -1.142520e+00
    endloop
  endfacet
  facet normal -9.473414e-01 -3.202232e-01 1.121852e-03
    outer loop
      vertex   -1.264784e+01 1.841500e-01 -1.150000e+01
      vertex   -1.295639e+01 1.133244e+00 -1.142520e+00
      vertex   -1.301946e+01 1.283549e+00 -1.150000e+01
    endloop
  endfacet
  facet normal -8.949325e-01 -4.462003e-01 -1.025433e-03
    outer loop
      vertex   -1.301946e+01 1.283549e+00 -1.150000e+01
      vertex   -1.295639e+01 1.133244e+00 -1.142520e+00
      vertex   -1.343827e+01 2.098963e+00 -8.063701e-01
    endloop
  endfacet
  facet normal -8.814159e-01 -4.723387e-01 1.497043e-03
    outer loop
      vertex   -1.301946e+01 1.283549e+00 -1.150000e+01
      vertex   -1.343827e+01 2.098963e+00 -8.063701e-01
      vertex   -1.356762e+01 2.306441e+00 -1.150000e+01
    endloop
  endfacet
  facet normal -8.157420e-01 -5.784143e-01 -1.355419e-03
    outer loop
      vertex   -1.356762e+01 2.306441e+00 -1.150000e+01
      vertex   -1.343827e+01 2.098963e+00 -8.063701e-01
      vertex   -1.406287e+01 2.979127e+00 -5.000000e-01
    endloop
  endfacet
  facet normal -7.912644e-01 -6.114716e-01 1.768202e-03
    outer loop
      vertex   -1.356762e+01 2.306441e+00 -1.150000e+01
      vertex   -1.406287e+01 2.979127e+00 -5.000000e-01
      vertex   -1.427723e+01 3.224712e+00 -1.150000e+01
    endloop
  endfacet
  facet normal -7.095169e-01 -7.046858e-01 -1.905953e-03
    outer loop
      vertex   -1.427723e+01 3.224712e+00 -1.150000e+01
      vertex   -1.406287e+01 2.979127e+00 -5.000000e-01
      vertex   -1.492645e+01 3.848623e+00 -5.000000e-01
    endloop
  endfacet
  facet normal -6.793654e-01 -7.337985e-01 1.524813e-03
    outer loop
      vertex   -1.427723e+01 3.224712e+00 -1.150000e+01
      vertex   -1.492645e+01 3.848623e+00 -5.000000e-01
      vertex   -1.512882e+01 4.013123e+00 -1.150000e+01
    endloop
  endfacet
  facet normal -5.757501e-01 -8.176241e-01 -1.634985e-03
    outer loop
      vertex   -1.512882e+01 4.013123e+00 -1.150000e+01
      vertex   -1.492645e+01 3.848623e+00 -5.000000e-01
      vertex   -1.592843e+01 4.554191e+00 -5.000000e-01
    endloop
  endfacet
  facet normal -5.487938e-01 -8.359569e-01 1.226270e-03
    outer loop
      vertex   -1.512882e+01 4.013123e+00 -1.150000e+01
      vertex   -1.592843e+01 4.554191e+00 -5.000000e-01
      vertex   -1.609895e+01 4.650004e+00 -1.150000e+01
    endloop
  endfacet
  facet normal -4.243372e-01 -9.055033e-01 -1.308875e-03
    outer loop
      vertex   -1.609895e+01 4.650004e+00 -1.150000e+01
      vertex   -1.592843e+01 4.554191e+00 -5.000000e-01
      vertex   -1.703810e+01 5.074206e+00 -5.000000e-01
    endloop
  endfacet
  facet normal -4.031382e-01 -9.151387e-01 8.725993e-04
    outer loop
      vertex   -1.609895e+01 4.650004e+00 -1.150000e+01
      vertex   -1.703810e+01 5.074206e+00 -5.000000e-01
      vertex   -1.716098e+01 5.117849e+00 -1.150000e+01
    endloop
  endfacet
  facet normal -2.599187e-01 -9.656301e-01 -9.276510e-04
    outer loop
      vertex   -1.716098e+01 5.117849e+00 -1.150000e+01
      vertex   -1.703810e+01 5.074206e+00 -5.000000e-01
      vertex   -1.822145e+01 5.392730e+00 -5.000000e-01
    endloop
  endfacet
  facet normal -2.464021e-01 -9.691676e-01 4.638307e-04
    outer loop
      vertex   -1.716098e+01 5.117849e+00 -1.150000e+01
      vertex   -1.822145e+01 5.392730e+00 -5.000000e-01
      vertex   -1.828571e+01 5.403801e+00 -1.150000e+01
    endloop
  endfacet
  facet normal -8.753385e-02 -9.961614e-01 -4.913468e-04
    outer loop
      vertex   -1.828571e+01 5.403801e+00 -1.150000e+01
      vertex   -1.822145e+01 5.392730e+00 -5.000000e-01
      vertex   -1.944222e+01 5.500000e+00 -5.000000e-01
    endloop
  endfacet
  facet normal -8.289351e-02 -9.965584e-01 0.000000e+00
    outer loop
      vertex   -1.828571e+01 5.403801e+00 -1.150000e+01
      vertex   -1.944222e+01 5.500000e+00 -5.000000e-01
      vertex   -1.944222e+01 5.500000e+00 -1.150000e+01
    endloop
  endfacet
  facet normal 6.487741e-16 -7.071068e-01 7.071068e-01
    outer loop
      vertex   -3.000000e+00 6.500000e+00 -5.000000e-01
      vertex   -7.000000e+00 1.050000e+01 3.500000e+00
      vertex   -2.950000e+01 6.500000e+00 -5.000000e-01
    endloop
  endfacet
  facet normal 2.233020e-16 -7.071068e-01 7.071068e-01
    outer loop
      vertex   -2.950000e+01 6.500000e+00 -5.000000e-01
      vertex   -7.000000e+00 1.050000e+01 3.500000e+00
      vertex   -2.950000e+01 1.050000e+01 3.500000e+00
    endloop
  endfacet
  facet normal 2.368476e-16 -1.000000e+00 -4.144655e-15
    outer loop
      vertex   -7.000000e+00 1.050000e+01 3.500000e+00
      vertex   -2.063840e+01 1.050000e+01 4.006399e+00
      vertex   -2.950000e+01 1.050000e+01 3.500000e+00
    endloop
  endfacet
  facet normal 0.000000e+00 -1.000000e+00 0.000000e+00
    outer loop
      vertex   -2.950000e+01 1.050000e+01 3.500000e+00
      vertex   -2.063840e+01 1.050000e+01 4.006399e+00
      vertex   -2.116861e+01 1.050000e+01 4.157255e+00
    endloop
  endfacet
  facet normal 0.000000e+00 -1.000000e+00 0.000000e+00
    outer loop
      vertex   -2.950000e+01 1.050000e+01 3.500000e+00
      vertex   -2.116861e+01 1.050000e+01 4.157255e+00
      vertex   -2.160851e+01 1.050000e+01 4.489457e+00
    endloop
  endfacet
  facet normal 3.939990e-16 -1.000000e+00 0.000000e+00
    outer loop
      vertex   -7.000000e+00 1.050000e+01 3.850000e+01
      vertex   -2.052559e+01 1.050000e+01 2.044639e+01
      vertex   -7.000000e+00 1.050000e+01 3.500000e+00
    endloop
  endfacet
  facet normal 3.192317e-16 -1.000000e+00 -5.967475e-17
    outer loop
      vertex   -7.000000e+00 1.050000e+01 3.500000e+00
      vertex   -2.052559e+01 1.050000e+01 2.044639e+01
      vertex   -2.072905e+01 1.050000e+01 1.935802e+01
    endloop
  endfacet
  facet normal 4.476878e-16 -1.000000e+00 5.153578e-17
    outer loop
      vertex   -7.000000e+00 1.050000e+01 3.500000e+00
      vertex   -2.072905e+01 1.050000e+01 1.935802e+01
      vertex   -1.922467e+01 1.050000e+01 6.289648e+00
    endloop
  endfacet
  facet normal 0.000000e+00 -1.000000e+00 0.000000e+00
    outer loop
      vertex   -1.922467e+01 1.050000e+01 6.289648e+00
      vertex   -2.072905e+01 1.050000e+01 1.935802e+01
      vertex   -2.112902e+01 1.050000e+01 1.832557e+01
    endloop
  endfacet
  facet normal 0.000000e+00 -1.000000e+00 0.000000e+00
    outer loop
      vertex   -1.922467e+01 1.050000e+01 6.289648e+00
      vertex   -2.112902e+01 1.050000e+01 1.832557e+01
      vertex   -1.959605e+01 1.050000e+01 6.697026e+00
    endloop
  endfacet
  facet normal 0.000000e+00 -1.000000e+00 0.000000e+00
    outer loop
      vertex   -1.959605e+01 1.050000e+01 6.697026e+00
      vertex   -2.112902e+01 1.050000e+01 1.832557e+01
      vertex   -2.171190e+01 1.050000e+01 1.738419e+01
    endloop
  endfacet
  facet normal 0.000000e+00 -1.000000e+00 0.000000e+00
    outer loop
      vertex   -1.959605e+01 1.050000e+01 6.697026e+00
      vertex   -2.171190e+01 1.050000e+01 1.738419e+01
      vertex   -2.008951e+01 1.050000e+01 6.942738e+00
    endloop
  endfacet
  facet normal 0.000000e+00 -1.000000e+00 0.000000e+00
    outer loop
      vertex   -2.008951e+01 1.050000e+01 6.942738e+00
      vertex   -2.171190e+01 1.050000e+01 1.738419e+01
      vertex   -2.245783e+01 1.050000e+01 1.656595e+01
    endloop
  endfacet
  facet normal 0.000000e+00 -1.000000e+00 0.000000e+00
    outer loop
      vertex   -2.008951e+01 1.050000e+01 6.942738e+00
      vertex   -2.245783e+01 1.050000e+01 1.656595e+01
      vertex   -2.063840e+01 1.050000e+01 6.993601e+00
    endloop
  endfacet
  facet normal -0.000000e+00 -1.000000e+00 0.000000e+00
    outer loop
      vertex   -2.063840e+01 1.050000e+01 6.993601e+00
      vertex   -2.245783e+01 1.050000e+01 1.656595e+01
      vertex   -2.116861e+01 1.050000e+01 6.842745e+00
    endloop
  endfacet
  facet normal 0.000000e+00 -1.000000e+00 0.000000e+00
    outer loop
      vertex   -2.116861e+01 1.050000e+01 6.842745e+00
      vertex   -2.245783e+01 1.050000e+01 1.656595e+01
      vertex   -2.334141e+01 1.050000e+01 1.589870e+01
    endloop
  endfacet
  facet normal -0.000000e+00 -1.000000e+00 0.000000e+00
    outer loop
      vertex   -2.116861e+01 1.050000e+01 6.842745e+00
      vertex   -2.334141e+01 1.050000e+01 1.589870e+01
      vertex   -2.160851e+01 1.050000e+01 6.510543e+00
    endloop
  endfacet
  facet normal 0.000000e+00 -1.000000e+00 0.000000e+00
    outer loop
      vertex   -2.160851e+01 1.050000e+01 6.510543e+00
      vertex   -2.334141e+01 1.050000e+01 1.589870e+01
      vertex   -2.433255e+01 1.050000e+01 1.540517e+01
    endloop
  endfacet
  facet normal 0.000000e+00 -1.000000e+00 0.000000e+00
    outer loop
      vertex   -2.160851e+01 1.050000e+01 6.510543e+00
      vertex   -2.433255e+01 1.050000e+01 1.540517e+01
      vertex   -2.539750e+01 1.050000e+01 1.510216e+01
    endloop
  endfacet
  facet normal 2.368476e-16 -1.000000e+00 3.399060e-16
    outer loop
      vertex   -2.950000e+01 1.050000e+01 3.850000e+01
      vertex   -2.008951e+01 1.050000e+01 3.194274e+01
      vertex   -7.000000e+00 1.050000e+01 3.850000e+01
    endloop
  endfacet
  facet normal 2.029483e-16 -1.000000e+00 4.075752e-16
    outer loop
      vertex   -7.000000e+00 1.050000e+01 3.850000e+01
      vertex   -2.008951e+01 1.050000e+01 3.194274e+01
      vertex   -1.959605e+01 1.050000e+01 3.169703e+01
    endloop
  endfacet
  facet normal 2.834947e-16 -1.000000e+00 2.584396e-16
    outer loop
      vertex   -7.000000e+00 1.050000e+01 3.850000e+01
      vertex   -1.959605e+01 1.050000e+01 3.169703e+01
      vertex   -1.922467e+01 1.050000e+01 3.128965e+01
    endloop
  endfacet
  facet normal 0.000000e+00 -1.000000e+00 0.000000e+00
    outer loop
      vertex   -2.950000e+01 1.050000e+01 2.700000e+01
      vertex   -2.650000e+01 1.050000e+01 2.700000e+01
      vertex   -2.950000e+01 1.050000e+01 3.850000e+01
    endloop
  endfacet
  facet normal 0.000000e+00 -1.000000e+00 0.000000e+00
    outer loop
      vertex   -2.950000e+01 1.050000e+01 3.850000e+01
      vertex   -2.650000e+01 1.050000e+01 2.700000e+01
      vertex   -2.189871e+01 1.050000e+01 3.104186e+01
    endloop
  endfacet
  facet normal 0.000000e+00 -1.000000e+00 0.000000e+00
    outer loop
      vertex   -2.950000e+01 1.050000e+01 3.850000e+01
      vertex   -2.189871e+01 1.050000e+01 3.104186e+01
      vertex   -2.160851e+01 1.050000e+01 3.151054e+01
    endloop
  endfacet
  facet normal 0.000000e+00 -1.000000e+00 0.000000e+00
    outer loop
      vertex   -2.650000e+01 1.050000e+01 2.700000e+01
      vertex   -2.539750e+01 1.050000e+01 2.689784e+01
      vertex   -2.189871e+01 1.050000e+01 3.104186e+01
    endloop
  endfacet
  facet normal 0.000000e+00 -1.000000e+00 0.000000e+00
    outer loop
      vertex   -2.189871e+01 1.050000e+01 3.104186e+01
      vertex   -2.539750e+01 1.050000e+01 2.689784e+01
      vertex   -2.200000e+01 1.050000e+01 3.050000e+01
    endloop
  endfacet
  facet normal 0.000000e+00 -1.000000e+00 0.000000e+00
    outer loop
      vertex   -2.200000e+01 1.050000e+01 3.050000e+01
      vertex   -2.539750e+01 1.050000e+01 2.689784e+01
      vertex   -2.433255e+01 1.050000e+01 2.659483e+01
    endloop
  endfacet
  facet normal 0.000000e+00 -1.000000e+00 -0.000000e+00
    outer loop
      vertex   -2.200000e+01 1.050000e+01 3.050000e+01
      vertex   -2.433255e+01 1.050000e+01 2.659483e+01
      vertex   -2.189871e+01 1.050000e+01 2.995814e+01
    endloop
  endfacet
  facet normal 0.000000e+00 -1.000000e+00 0.000000e+00
    outer loop
      vertex   -2.189871e+01 1.050000e+01 2.995814e+01
      vertex   -2.433255e+01 1.050000e+01 2.659483e+01
      vertex   -2.334141e+01 1.050000e+01 2.610130e+01
    endloop
  endfacet
  facet normal 0.000000e+00 -1.000000e+00 -0.000000e+00
    outer loop
      vertex   -2.189871e+01 1.050000e+01 2.995814e+01
      vertex   -2.334141e+01 1.050000e+01 2.610130e+01
      vertex   -2.160851e+01 1.050000e+01 2.948946e+01
    endloop
  endfacet
  facet normal 0.000000e+00 -1.000000e+00 0.000000e+00
    outer loop
      vertex   -2.160851e+01 1.050000e+01 2.948946e+01
      vertex   -2.334141e+01 1.050000e+01 2.610130e+01
      vertex   -2.245783e+01 1.050000e+01 2.543405e+01
    endloop
  endfacet
  facet normal 0.000000e+00 -1.000000e+00 -0.000000e+00
    outer loop
      vertex   -2.160851e+01 1.050000e+01 2.948946e+01
      vertex   -2.245783e+01 1.050000e+01 2.543405e+01
      vertex   -2.116861e+01 1.050000e+01 2.915726e+01
    endloop
  endfacet
  facet normal 0.000000e+00 -1.000000e+00 0.000000e+00
    outer loop
      vertex   -2.116861e+01 1.050000e+01 2.915726e+01
      vertex   -2.245783e+01 1.050000e+01 2.543405e+01
      vertex   -2.171190e+01 1.050000e+01 2.461581e+01
    endloop
  endfacet
  facet normal 0.000000e+00 -1.000000e+00 -0.000000e+00
    outer loop
      vertex   -2.116861e+01 1.050000e+01 2.915726e+01
      vertex   -2.171190e+01 1.050000e+01 2.461581e+01
      vertex   -2.063840e+01 1.050000e+01 2.900640e+01
    endloop
  endfacet
  facet normal 0.000000e+00 -1.000000e+00 -0.000000e+00
    outer loop
      vertex   -2.063840e+01 1.050000e+01 2.900640e+01
      vertex   -2.171190e+01 1.050000e+01 2.461581e+01
      vertex   -2.008951e+01 1.050000e+01 2.905726e+01
    endloop
  endfacet
  facet normal 0.000000e+00 -1.000000e+00 0.000000e+00
    outer loop
      vertex   -2.008951e+01 1.050000e+01 2.905726e+01
      vertex   -2.171190e+01 1.050000e+01 2.461581e+01
      vertex   -2.112902e+01 1.050000e+01 2.367443e+01
    endloop
  endfacet
  facet normal 0.000000e+00 -1.000000e+00 -0.000000e+00
    outer loop
      vertex   -2.008951e+01 1.050000e+01 2.905726e+01
      vertex   -2.112902e+01 1.050000e+01 2.367443e+01
      vertex   -1.959605e+01 1.050000e+01 2.930297e+01
    endloop
  endfacet
  facet normal 0.000000e+00 -1.000000e+00 0.000000e+00
    outer loop
      vertex   -1.959605e+01 1.050000e+01 2.930297e+01
      vertex   -2.112902e+01 1.050000e+01 2.367443e+01
      vertex   -2.072905e+01 1.050000e+01 2.264198e+01
    endloop
  endfacet
  facet normal 0.000000e+00 -1.000000e+00 -0.000000e+00
    outer loop
      vertex   -1.959605e+01 1.050000e+01 2.930297e+01
      vertex   -2.072905e+01 1.050000e+01 2.264198e+01
      vertex   -1.922467e+01 1.050000e+01 2.971035e+01
    endloop
  endfacet
  facet normal 0.000000e+00 -1.000000e+00 0.000000e+00
    outer loop
      vertex   -1.922467e+01 1.050000e+01 2.971035e+01
      vertex   -2.072905e+01 1.050000e+01 2.264198e+01
      vertex   -2.052559e+01 1.050000e+01 2.155361e+01
    endloop
  endfacet
  facet normal 0.000000e+00 -1.000000e+00 -0.000000e+00
    outer loop
      vertex   -1.922467e+01 1.050000e+01 2.971035e+01
      vertex   -2.052559e+01 1.050000e+01 2.155361e+01
      vertex   -1.902554e+01 1.050000e+01 3.022438e+01
    endloop
  endfacet
  facet normal 5.030346e-16 -1.000000e+00 -8.702568e-17
    outer loop
      vertex   -1.902554e+01 1.050000e+01 3.022438e+01
      vertex   -2.052559e+01 1.050000e+01 2.155361e+01
      vertex   -7.000000e+00 1.050000e+01 3.850000e+01
    endloop
  endfacet
  facet normal 4.431460e-16 -1.000000e+00 0.000000e+00
    outer loop
      vertex   -1.902554e+01 1.050000e+01 3.022438e+01
      vertex   -7.000000e+00 1.050000e+01 3.850000e+01
      vertex   -1.902554e+01 1.050000e+01 3.077562e+01
    endloop
  endfacet
  facet normal 3.548460e-16 -1.000000e+00 1.374681e-16
    outer loop
      vertex   -1.902554e+01 1.050000e+01 3.077562e+01
      vertex   -7.000000e+00 1.050000e+01 3.850000e+01
      vertex   -1.922467e+01 1.050000e+01 3.128965e+01
    endloop
  endfacet
  facet normal 3.939990e-16 -1.000000e+00 0.000000e+00
    outer loop
      vertex   -2.052559e+01 1.050000e+01 2.155361e+01
      vertex   -2.052559e+01 1.050000e+01 2.044639e+01
      vertex   -7.000000e+00 1.050000e+01 3.850000e+01
    endloop
  endfacet
  facet normal -0.000000e+00 -1.000000e+00 0.000000e+00
    outer loop
      vertex   -2.160851e+01 1.050000e+01 6.510543e+00
      vertex   -2.539750e+01 1.050000e+01 1.510216e+01
      vertex   -2.189871e+01 1.050000e+01 6.041862e+00
    endloop
  endfacet
  facet normal 0.000000e+00 -1.000000e+00 0.000000e+00
    outer loop
      vertex   -2.189871e+01 1.050000e+01 6.041862e+00
      vertex   -2.539750e+01 1.050000e+01 1.510216e+01
      vertex   -2.650000e+01 1.050000e+01 1.500000e+01
    endloop
  endfacet
  facet normal -0.000000e+00 -1.000000e+00 0.000000e+00
    outer loop
      vertex   -2.189871e+01 1.050000e+01 6.041862e+00
      vertex   -2.650000e+01 1.050000e+01 1.500000e+01
      vertex   -2.950000e+01 1.050000e+01 3.500000e+00
    endloop
  endfacet
  facet normal 0.000000e+00 -1.000000e+00 0.000000e+00
    outer loop
      vertex   -2.950000e+01 1.050000e+01 3.500000e+00
      vertex   -2.650000e+01 1.050000e+01 1.500000e+01
      vertex   -2.950000e+01 1.050000e+01 1.500000e+01
    endloop
  endfacet
  facet normal 0.000000e+00 -1.000000e+00 0.000000e+00
    outer loop
      vertex   -2.160851e+01 1.050000e+01 3.151054e+01
      vertex   -2.116861e+01 1.050000e+01 3.184274e+01
      vertex   -2.950000e+01 1.050000e+01 3.850000e+01
    endloop
  endfacet
  facet normal 0.000000e+00 -1.000000e+00 0.000000e+00
    outer loop
      vertex   -2.950000e+01 1.050000e+01 3.850000e+01
      vertex   -2.116861e+01 1.050000e+01 3.184274e+01
      vertex   -2.063840e+01 1.050000e+01 3.199360e+01
    endloop
  endfacet
  facet normal 0.000000e+00 -1.000000e+00 0.000000e+00
    outer loop
      vertex   -2.950000e+01 1.050000e+01 3.850000e+01
      vertex   -2.063840e+01 1.050000e+01 3.199360e+01
      vertex   -2.008951e+01 1.050000e+01 3.194274e+01
    endloop
  endfacet
  facet normal -0.000000e+00 -1.000000e+00 0.000000e+00
    outer loop
      vertex   -2.189871e+01 1.050000e+01 4.958138e+00
      vertex   -2.200000e+01 1.050000e+01 5.500000e+00
      vertex   -2.950000e+01 1.050000e+01 3.500000e+00
    endloop
  endfacet
  facet normal 0.000000e+00 -1.000000e+00 0.000000e+00
    outer loop
      vertex   -2.950000e+01 1.050000e+01 3.500000e+00
      vertex   -2.200000e+01 1.050000e+01 5.500000e+00
      vertex   -2.189871e+01 1.050000e+01 6.041862e+00
    endloop
  endfacet
  facet normal 4.782026e-16 -1.000000e+00 1.852567e-16
    outer loop
      vertex   -1.922467e+01 1.050000e+01 6.289648e+00
      vertex   -1.902554e+01 1.050000e+01 5.775624e+00
      vertex   -7.000000e+00 1.050000e+01 3.500000e+00
    endloop
  endfacet
  facet normal 4.431460e-16 -1.000000e+00 0.000000e+00
    outer loop
      vertex   -7.000000e+00 1.050000e+01 3.500000e+00
      vertex   -1.902554e+01 1.050000e+01 5.775624e+00
      vertex   -1.902554e+01 1.050000e+01 5.224376e+00
    endloop
  endfacet
  facet normal 4.198245e-16 -1.000000e+00 -1.626409e-16
    outer loop
      vertex   -7.000000e+00 1.050000e+01 3.500000e+00
      vertex   -1.902554e+01 1.050000e+01 5.224376e+00
      vertex   -1.922467e+01 1.050000e+01 4.710352e+00
    endloop
  endfacet
  facet normal 3.998386e-16 -1.000000e+00 -3.645010e-16
    outer loop
      vertex   -1.922467e+01 1.050000e+01 4.710352e+00
      vertex   -1.959605e+01 1.050000e+01 4.302974e+00
      vertex   -7.000000e+00 1.050000e+01 3.500000e+00
    endloop
  endfacet
  facet normal 3.750585e-16 -1.000000e+00 -7.532190e-16
    outer loop
      vertex   -7.000000e+00 1.050000e+01 3.500000e+00
      vertex   -1.959605e+01 1.050000e+01 4.302974e+00
      vertex   -2.008951e+01 1.050000e+01 4.057262e+00
    endloop
  endfacet
  facet normal 2.789605e-16 -1.000000e+00 -3.010463e-15
    outer loop
      vertex   -7.000000e+00 1.050000e+01 3.500000e+00
      vertex   -2.008951e+01 1.050000e+01 4.057262e+00
      vertex   -2.063840e+01 1.050000e+01 4.006399e+00
    endloop
  endfacet
  facet normal -0.000000e+00 -1.000000e+00 0.000000e+00
    outer loop
      vertex   -2.160851e+01 1.050000e+01 4.489457e+00
      vertex   -2.189871e+01 1.050000e+01 4.958138e+00
      vertex   -2.950000e+01 1.050000e+01 3.500000e+00
    endloop
  endfacet
  facet normal -8.830762e-17 -1.000000e+00 1.612782e-16
    outer loop
      vertex   -1.944222e+01 5.500000e+00 5.000000e-01
      vertex   -2.178416e+01 5.500000e+00 4.724797e+00
      vertex   -2.950000e+01 5.500000e+00 5.000000e-01
    endloop
  endfacet
  facet normal 0.000000e+00 -1.000000e+00 0.000000e+00
    outer loop
      vertex   -2.950000e+01 5.500000e+00 5.000000e-01
      vertex   -2.178416e+01 5.500000e+00 4.724797e+00
      vertex   -2.197549e+01 5.500000e+00 5.229925e+00
    endloop
  endfacet
  facet normal 0.000000e+00 -1.000000e+00 0.000000e+00
    outer loop
      vertex   -2.950000e+01 5.500000e+00 5.000000e-01
      vertex   -2.197549e+01 5.500000e+00 5.229925e+00
      vertex   -2.566240e+01 5.500000e+00 1.760170e+01
    endloop
  endfacet
  facet normal 0.000000e+00 -1.000000e+00 0.000000e+00
    outer loop
      vertex   -2.566240e+01 5.500000e+00 1.760170e+01
      vertex   -2.197549e+01 5.500000e+00 5.229925e+00
      vertex   -2.197549e+01 5.500000e+00 5.770075e+00
    endloop
  endfacet
  facet normal 0.000000e+00 -1.000000e+00 0.000000e+00
    outer loop
      vertex   -2.566240e+01 5.500000e+00 1.760170e+01
      vertex   -2.197549e+01 5.500000e+00 5.770075e+00
      vertex   -2.487347e+01 5.500000e+00 1.790090e+01
    endloop
  endfacet
  facet normal 0.000000e+00 -1.000000e+00 0.000000e+00
    outer loop
      vertex   -2.487347e+01 5.500000e+00 1.790090e+01
      vertex   -2.197549e+01 5.500000e+00 5.770075e+00
      vertex   -2.417907e+01 5.500000e+00 1.838021e+01
    endloop
  endfacet
  facet normal 0.000000e+00 -1.000000e+00 0.000000e+00
    outer loop
      vertex   -2.417907e+01 5.500000e+00 1.838021e+01
      vertex   -2.197549e+01 5.500000e+00 5.770075e+00
      vertex   -2.361956e+01 5.500000e+00 1.901177e+01
    endloop
  endfacet
  facet normal 0.000000e+00 -1.000000e+00 0.000000e+00
    outer loop
      vertex   -2.361956e+01 5.500000e+00 1.901177e+01
      vertex   -2.197549e+01 5.500000e+00 5.770075e+00
      vertex   -2.178416e+01 5.500000e+00 6.275203e+00
    endloop
  endfacet
  facet normal 0.000000e+00 -1.000000e+00 0.000000e+00
    outer loop
      vertex   -2.361956e+01 5.500000e+00 1.901177e+01
      vertex   -2.178416e+01 5.500000e+00 6.275203e+00
      vertex   -2.322744e+01 5.500000e+00 1.975888e+01
    endloop
  endfacet
  facet normal 0.000000e+00 -1.000000e+00 0.000000e+00
    outer loop
      vertex   -2.322744e+01 5.500000e+00 1.975888e+01
      vertex   -2.178416e+01 5.500000e+00 6.275203e+00
      vertex   -2.142631e+01 5.500000e+00 6.679809e+00
    endloop
  endfacet
  facet normal 0.000000e+00 -1.000000e+00 0.000000e+00
    outer loop
      vertex   -2.322744e+01 5.500000e+00 1.975888e+01
      vertex   -2.142631e+01 5.500000e+00 6.679809e+00
      vertex   -2.302552e+01 5.500000e+00 2.057812e+01
    endloop
  endfacet
  facet normal 0.000000e+00 -1.000000e+00 0.000000e+00
    outer loop
      vertex   -2.302552e+01 5.500000e+00 2.057812e+01
      vertex   -2.142631e+01 5.500000e+00 6.679809e+00
      vertex   -2.094835e+01 5.500000e+00 6.931428e+00
    endloop
  endfacet
  facet normal 0.000000e+00 -1.000000e+00 0.000000e+00
    outer loop
      vertex   -2.302552e+01 5.500000e+00 2.057812e+01
      vertex   -2.094835e+01 5.500000e+00 6.931428e+00
      vertex   -2.041225e+01 5.500000e+00 6.997431e+00
    endloop
  endfacet
  facet normal -1.994556e-15 -1.000000e+00 -0.000000e+00
    outer loop
      vertex   -1.944222e+01 5.500000e+00 4.436465e+00
      vertex   -1.988752e+01 5.500000e+00 4.130740e+00
      vertex   -1.944222e+01 5.500000e+00 5.000000e-01
    endloop
  endfacet
  facet normal -5.801576e-17 -1.000000e+00 2.375119e-16
    outer loop
      vertex   -1.944222e+01 5.500000e+00 5.000000e-01
      vertex   -1.988752e+01 5.500000e+00 4.130740e+00
      vertex   -2.041225e+01 5.500000e+00 4.002569e+00
    endloop
  endfacet
  facet normal 3.232196e-17 -1.000000e+00 2.625306e-16
    outer loop
      vertex   -1.944222e+01 5.500000e+00 5.000000e-01
      vertex   -2.041225e+01 5.500000e+00 4.002569e+00
      vertex   -2.094835e+01 5.500000e+00 4.068572e+00
    endloop
  endfacet
  facet normal 1.684525e-16 -1.000000e+00 3.199848e-16
    outer loop
      vertex   -2.094835e+01 5.500000e+00 4.068572e+00
      vertex   -2.142631e+01 5.500000e+00 4.320191e+00
      vertex   -1.944222e+01 5.500000e+00 5.000000e-01
    endloop
  endfacet
  facet normal 6.368621e-16 -1.000000e+00 5.632622e-16
    outer loop
      vertex   -1.944222e+01 5.500000e+00 5.000000e-01
      vertex   -2.142631e+01 5.500000e+00 4.320191e+00
      vertex   -2.178416e+01 5.500000e+00 4.724797e+00
    endloop
  endfacet
  facet normal 0.000000e+00 -1.000000e+00 0.000000e+00
    outer loop
      vertex   -2.302552e+01 5.500000e+00 2.057812e+01
      vertex   -2.041225e+01 5.500000e+00 6.997431e+00
      vertex   -2.041225e+01 5.500000e+00 2.900257e+01
    endloop
  endfacet
  facet normal 0.000000e+00 -1.000000e+00 0.000000e+00
    outer loop
      vertex   -2.041225e+01 5.500000e+00 2.900257e+01
      vertex   -2.041225e+01 5.500000e+00 6.997431e+00
      vertex   -1.988752e+01 5.500000e+00 6.869260e+00
    endloop
  endfacet
  facet normal 0.000000e+00 -1.000000e+00 0.000000e+00
    outer loop
      vertex   -2.041225e+01 5.500000e+00 2.900257e+01
      vertex   -1.988752e+01 5.500000e+00 6.869260e+00
      vertex   -1.988752e+01 5.500000e+00 2.913074e+01
    endloop
  endfacet
  facet normal -1.994556e-15 -1.000000e+00 3.183116e-31
    outer loop
      vertex   -1.988752e+01 5.500000e+00 2.913074e+01
      vertex   -1.988752e+01 5.500000e+00 6.869260e+00
      vertex   -1.944222e+01 5.500000e+00 6.563535e+00
    endloop
  endfacet
  facet normal -1.994556e-15 -1.000000e+00 0.000000e+00
    outer loop
      vertex   -1.988752e+01 5.500000e+00 2.913074e+01
      vertex   -1.944222e+01 5.500000e+00 6.563535e+00
      vertex   -1.944222e+01 5.500000e+00 2.943647e+01
    endloop
  endfacet
  facet normal -0.000000e+00 -1.000000e+00 0.000000e+00
    outer loop
      vertex   -2.041225e+01 5.500000e+00 2.900257e+01
      vertex   -2.094835e+01 5.500000e+00 2.906857e+01
      vertex   -2.302552e+01 5.500000e+00 2.057812e+01
    endloop
  endfacet
  facet normal 0.000000e+00 -1.000000e+00 0.000000e+00
    outer loop
      vertex   -2.302552e+01 5.500000e+00 2.057812e+01
      vertex   -2.094835e+01 5.500000e+00 2.906857e+01
      vertex   -2.302552e+01 5.500000e+00 2.142188e+01
    endloop
  endfacet
  facet normal 0.000000e+00 -1.000000e+00 0.000000e+00
    outer loop
      vertex   -2.302552e+01 5.500000e+00 2.142188e+01
      vertex   -2.094835e+01 5.500000e+00 2.906857e+01
      vertex   -2.142631e+01 5.500000e+00 2.932019e+01
    endloop
  endfacet
  facet normal 0.000000e+00 -1.000000e+00 0.000000e+00
    outer loop
      vertex   -2.302552e+01 5.500000e+00 2.142188e+01
      vertex   -2.142631e+01 5.500000e+00 2.932019e+01
      vertex   -2.178416e+01 5.500000e+00 2.972480e+01
    endloop
  endfacet
  facet normal 0.000000e+00 -1.000000e+00 0.000000e+00
    outer loop
      vertex   -2.302552e+01 5.500000e+00 2.142188e+01
      vertex   -2.178416e+01 5.500000e+00 2.972480e+01
      vertex   -2.322744e+01 5.500000e+00 2.224112e+01
    endloop
  endfacet
  facet normal 0.000000e+00 -1.000000e+00 0.000000e+00
    outer loop
      vertex   -2.322744e+01 5.500000e+00 2.224112e+01
      vertex   -2.178416e+01 5.500000e+00 2.972480e+01
      vertex   -2.197549e+01 5.500000e+00 3.022993e+01
    endloop
  endfacet
  facet normal 0.000000e+00 -1.000000e+00 0.000000e+00
    outer loop
      vertex   -2.322744e+01 5.500000e+00 2.224112e+01
      vertex   -2.197549e+01 5.500000e+00 3.022993e+01
      vertex   -2.361956e+01 5.500000e+00 2.298823e+01
    endloop
  endfacet
  facet normal 0.000000e+00 -1.000000e+00 0.000000e+00
    outer loop
      vertex   -2.361956e+01 5.500000e+00 2.298823e+01
      vertex   -2.197549e+01 5.500000e+00 3.022993e+01
      vertex   -2.417907e+01 5.500000e+00 2.361979e+01
    endloop
  endfacet
  facet normal 0.000000e+00 -1.000000e+00 0.000000e+00
    outer loop
      vertex   -2.417907e+01 5.500000e+00 2.361979e+01
      vertex   -2.197549e+01 5.500000e+00 3.022993e+01
      vertex   -2.197549e+01 5.500000e+00 3.077007e+01
    endloop
  endfacet
  facet normal 0.000000e+00 -1.000000e+00 0.000000e+00
    outer loop
      vertex   -2.417907e+01 5.500000e+00 2.361979e+01
      vertex   -2.197549e+01 5.500000e+00 3.077007e+01
      vertex   -2.487347e+01 5.500000e+00 2.409910e+01
    endloop
  endfacet
  facet normal 0.000000e+00 -1.000000e+00 0.000000e+00
    outer loop
      vertex   -2.487347e+01 5.500000e+00 2.409910e+01
      vertex   -2.197549e+01 5.500000e+00 3.077007e+01
      vertex   -2.566240e+01 5.500000e+00 2.439830e+01
    endloop
  endfacet
  facet normal 0.000000e+00 -1.000000e+00 0.000000e+00
    outer loop
      vertex   -2.566240e+01 5.500000e+00 2.439830e+01
      vertex   -2.197549e+01 5.500000e+00 3.077007e+01
      vertex   -2.950000e+01 5.500000e+00 3.850000e+01
    endloop
  endfacet
  facet normal 0.000000e+00 -1.000000e+00 0.000000e+00
    outer loop
      vertex   -2.566240e+01 5.500000e+00 2.439830e+01
      vertex   -2.950000e+01 5.500000e+00 3.850000e+01
      vertex   -2.650000e+01 5.500000e+00 2.450000e+01
    endloop
  endfacet
  facet normal 0.000000e+00 -1.000000e+00 0.000000e+00
    outer loop
      vertex   -2.650000e+01 5.500000e+00 2.450000e+01
      vertex   -2.950000e+01 5.500000e+00 3.850000e+01
      vertex   -2.950000e+01 5.500000e+00 2.450000e+01
    endloop
  endfacet
  facet normal 0.000000e+00 -1.000000e+00 0.000000e+00
    outer loop
      vertex   -2.197549e+01 5.500000e+00 3.077007e+01
      vertex   -2.178416e+01 5.500000e+00 3.127520e+01
      vertex   -2.950000e+01 5.500000e+00 3.850000e+01
    endloop
  endfacet
  facet normal -1.766152e-16 -1.000000e+00 -1.886192e-16
    outer loop
      vertex   -2.950000e+01 5.500000e+00 3.850000e+01
      vertex   -2.178416e+01 5.500000e+00 3.127520e+01
      vertex   -1.944222e+01 5.500000e+00 3.850000e+01
    endloop
  endfacet
  facet normal 4.388323e-16 -1.000000e+00 -3.881180e-16
    outer loop
      vertex   -1.944222e+01 5.500000e+00 3.850000e+01
      vertex   -2.178416e+01 5.500000e+00 3.127520e+01
      vertex   -2.142631e+01 5.500000e+00 3.167981e+01
    endloop
  endfacet
  facet normal 1.619103e-16 -1.000000e+00 -3.075575e-16
    outer loop
      vertex   -1.944222e+01 5.500000e+00 3.850000e+01
      vertex   -2.142631e+01 5.500000e+00 3.167981e+01
      vertex   -2.094835e+01 5.500000e+00 3.193143e+01
    endloop
  endfacet
  facet normal 3.426206e-17 -1.000000e+00 -2.782887e-16
    outer loop
      vertex   -2.094835e+01 5.500000e+00 3.193143e+01
      vertex   -2.041225e+01 5.500000e+00 3.199743e+01
      vertex   -1.944222e+01 5.500000e+00 3.850000e+01
    endloop
  endfacet
  facet normal -6.438170e-17 -1.000000e+00 -2.635735e-16
    outer loop
      vertex   -1.944222e+01 5.500000e+00 3.850000e+01
      vertex   -2.041225e+01 5.500000e+00 3.199743e+01
      vertex   -1.988752e+01 5.500000e+00 3.186926e+01
    endloop
  endfacet
  facet normal -2.082467e-15 -1.000000e+00 -1.280448e-16
    outer loop
      vertex   -1.944222e+01 5.500000e+00 3.850000e+01
      vertex   -1.988752e+01 5.500000e+00 3.186926e+01
      vertex   -1.944222e+01 5.500000e+00 3.156353e+01
    endloop
  endfacet
  facet normal 0.000000e+00 -1.000000e+00 0.000000e+00
    outer loop
      vertex   -2.566240e+01 5.500000e+00 1.760170e+01
      vertex   -2.650000e+01 5.500000e+00 1.750000e+01
      vertex   -2.950000e+01 5.500000e+00 5.000000e-01
    endloop
  endfacet
  facet normal 0.000000e+00 -1.000000e+00 0.000000e+00
    outer loop
      vertex   -2.950000e+01 5.500000e+00 5.000000e-01
      vertex   -2.650000e+01 5.500000e+00 1.750000e+01
      vertex   -2.950000e+01 5.500000e+00 1.750000e+01
    endloop
  endfacet
  facet normal -8.289265e-02 -9.965481e-01 4.544533e-03
    outer loop
      vertex   -1.828571e+01 5.403801e+00 5.000000e-01
      vertex   -1.900000e+01 5.486017e+00 5.500000e+00
      vertex   -1.944222e+01 5.500000e+00 5.000000e-01
    endloop
  endfacet
  facet normal -3.169278e-01 -9.481100e-01 2.537909e-02
    outer loop
      vertex   -1.944222e+01 5.500000e+00 5.000000e-01
      vertex   -1.900000e+01 5.486017e+00 5.500000e+00
      vertex   -1.902860e+01 5.487829e+00 5.210597e+00
    endloop
  endfacet
  facet normal -6.157354e-02 -9.980985e-01 2.827859e-03
    outer loop
      vertex   -1.944222e+01 5.500000e+00 5.000000e-01
      vertex   -1.902860e+01 5.487829e+00 5.210597e+00
      vertex   -1.911500e+01 5.492347e+00 4.924009e+00
    endloop
  endfacet
  facet normal -2.464022e-01 -9.691677e-01 0.000000e+00
    outer loop
      vertex   -1.716098e+01 5.117849e+00 5.000000e-01
      vertex   -1.716098e+01 5.117849e+00 1.950000e+01
      vertex   -1.828571e+01 5.403801e+00 5.000000e-01
    endloop
  endfacet
  facet normal -2.464022e-01 -9.691677e-01 0.000000e+00
    outer loop
      vertex   -1.828571e+01 5.403801e+00 5.000000e-01
      vertex   -1.716098e+01 5.117849e+00 1.950000e+01
      vertex   -1.828571e+01 5.403801e+00 1.950000e+01
    endloop
  endfacet
  facet normal -1.143464e-01 -9.934409e-01 0.000000e+00
    outer loop
      vertex   -1.828571e+01 5.403801e+00 5.000000e-01
      vertex   -1.828571e+01 5.403801e+00 1.950000e+01
      vertex   -1.900000e+01 5.486017e+00 5.500000e+00
    endloop
  endfacet
  facet normal -8.071653e-02 -9.967356e-01 -1.735176e-03
    outer loop
      vertex   -1.900000e+01 5.486017e+00 5.500000e+00
      vertex   -1.828571e+01 5.403801e+00 1.950000e+01
      vertex   -1.902860e+01 5.487829e+00 5.789403e+00
    endloop
  endfacet
  facet normal -1.134581e-01 -9.935428e-01 5.844461e-05
    outer loop
      vertex   -1.902860e+01 5.487829e+00 5.789403e+00
      vertex   -1.828571e+01 5.403801e+00 1.950000e+01
      vertex   -1.900000e+01 5.486017e+00 3.050000e+01
    endloop
  endfacet
  facet normal -6.323541e-02 -9.979986e-01 6.439493e-17
    outer loop
      vertex   -1.902860e+01 5.487829e+00 5.789403e+00
      vertex   -1.900000e+01 5.486017e+00 3.050000e+01
      vertex   -1.902860e+01 5.487829e+00 3.021060e+01
    endloop
  endfacet
  facet normal -4.031384e-01 -9.151390e-01 -0.000000e+00
    outer loop
      vertex   -1.716098e+01 5.117849e+00 1.950000e+01
      vertex   -1.716098e+01 5.117849e+00 5.000000e-01
      vertex   -1.609895e+01 4.650004e+00 1.950000e+01
    endloop
  endfacet
  facet normal -4.031384e-01 -9.151390e-01 -0.000000e+00
    outer loop
      vertex   -1.609895e+01 4.650004e+00 1.950000e+01
      vertex   -1.716098e+01 5.117849e+00 5.000000e-01
      vertex   -1.609895e+01 4.650004e+00 5.000000e-01
    endloop
  endfacet
  facet normal -5.487942e-01 -8.359575e-01 -0.000000e+00
    outer loop
      vertex   -1.609895e+01 4.650004e+00 1.950000e+01
      vertex   -1.609895e+01 4.650004e+00 5.000000e-01
      vertex   -1.512882e+01 4.013123e+00 1.950000e+01
    endloop
  endfacet
  facet normal -5.487942e-01 -8.359575e-01 -0.000000e+00
    outer loop
      vertex   -1.512882e+01 4.013123e+00 1.950000e+01
      vertex   -1.609895e+01 4.650004e+00 5.000000e-01
      vertex   -1.512882e+01 4.013123e+00 5.000000e-01
    endloop
  endfacet
  facet normal -6.793662e-01 -7.337994e-01 -0.000000e+00
    outer loop
      vertex   -1.512882e+01 4.013123e+00 1.950000e+01
      vertex   -1.512882e+01 4.013123e+00 5.000000e-01
      vertex   -1.427723e+01 3.224712e+00 1.950000e+01
    endloop
  endfacet
  facet normal -6.793662e-01 -7.337994e-01 -0.000000e+00
    outer loop
      vertex   -1.427723e+01 3.224712e+00 1.950000e+01
      vertex   -1.512882e+01 4.013123e+00 5.000000e-01
      vertex   -1.427723e+01 3.224712e+00 5.000000e-01
    endloop
  endfacet
  facet normal -7.912656e-01 -6.114726e-01 -0.000000e+00
    outer loop
      vertex   -1.427723e+01 3.224712e+00 1.950000e+01
      vertex   -1.427723e+01 3.224712e+00 5.000000e-01
      vertex   -1.356762e+01 2.306441e+00 1.950000e+01
    endloop
  endfacet
  facet normal -7.912656e-01 -6.114726e-01 -0.000000e+00
    outer loop
      vertex   -1.356762e+01 2.306441e+00 1.950000e+01
      vertex   -1.427723e+01 3.224712e+00 5.000000e-01
      vertex   -1.356762e+01 2.306441e+00 5.000000e-01
    endloop
  endfacet
  facet normal -8.814169e-01 -4.723392e-01 -0.000000e+00
    outer loop
      vertex   -1.356762e+01 2.306441e+00 1.950000e+01
      vertex   -1.356762e+01 2.306441e+00 5.000000e-01
      vertex   -1.301946e+01 1.283549e+00 1.950000e+01
    endloop
  endfacet
  facet normal -8.814169e-01 -4.723392e-01 -0.000000e+00
    outer loop
      vertex   -1.301946e+01 1.283549e+00 1.950000e+01
      vertex   -1.356762e+01 2.306441e+00 5.000000e-01
      vertex   -1.301946e+01 1.283549e+00 5.000000e-01
    endloop
  endfacet
  facet normal -9.473420e-01 -3.202234e-01 -0.000000e+00
    outer loop
      vertex   -1.301946e+01 1.283549e+00 1.950000e+01
      vertex   -1.301946e+01 1.283549e+00 5.000000e-01
      vertex   -1.264784e+01 1.841500e-01 1.950000e+01
    endloop
  endfacet
  facet normal -9.473420e-01 -3.202234e-01 -0.000000e+00
    outer loop
      vertex   -1.264784e+01 1.841500e-01 1.950000e+01
      vertex   -1.301946e+01 1.283549e+00 5.000000e-01
      vertex   -1.264784e+01 1.841500e-01 5.000000e-01
    endloop
  endfacet
  facet normal -9.872292e-01 -1.593062e-01 -0.000000e+00
    outer loop
      vertex   -1.264784e+01 1.841500e-01 1.950000e+01
      vertex   -1.264784e+01 1.841500e-01 5.000000e-01
      vertex   -1.246296e+01 -9.615385e-01 5.000000e-01
    endloop
  endfacet
  facet normal -9.872292e-01 -1.593062e-01 4.654354e-19
    outer loop
      vertex   -1.246296e+01 -9.615385e-01 5.000000e-01
      vertex   -1.246296e+01 -9.615385e-01 3.850000e+01
      vertex   -1.264784e+01 1.841500e-01 1.950000e+01
    endloop
  endfacet
  facet normal -9.872292e-01 -1.593062e-01 0.000000e+00
    outer loop
      vertex   -1.264784e+01 1.841500e-01 1.950000e+01
      vertex   -1.246296e+01 -9.615385e-01 3.850000e+01
      vertex   -1.264784e+01 1.841500e-01 3.850000e+01
    endloop
  endfacet
  facet normal -9.473420e-01 -3.202234e-01 0.000000e+00
    outer loop
      vertex   -1.264784e+01 1.841500e-01 1.950000e+01
      vertex   -1.264784e+01 1.841500e-01 3.850000e+01
      vertex   -1.301946e+01 1.283549e+00 1.950000e+01
    endloop
  endfacet
  facet normal -9.473420e-01 -3.202234e-01 0.000000e+00
    outer loop
      vertex   -1.301946e+01 1.283549e+00 1.950000e+01
      vertex   -1.264784e+01 1.841500e-01 3.850000e+01
      vertex   -1.301946e+01 1.283549e+00 3.850000e+01
    endloop
  endfacet
  facet normal -8.814169e-01 -4.723392e-01 0.000000e+00
    outer loop
      vertex   -1.301946e+01 1.283549e+00 1.950000e+01
      vertex   -1.301946e+01 1.283549e+00 3.850000e+01
      vertex   -1.356762e+01 2.306441e+00 1.950000e+01
    endloop
  endfacet
  facet normal -8.814169e-01 -4.723392e-01 0.000000e+00
    outer loop
      vertex   -1.356762e+01 2.306441e+00 1.950000e+01
      vertex   -1.301946e+01 1.283549e+00 3.850000e+01
      vertex   -1.356762e+01 2.306441e+00 3.850000e+01
    endloop
  endfacet
  facet normal -7.912656e-01 -6.114726e-01 0.000000e+00
    outer loop
      vertex   -1.356762e+01 2.306441e+00 1.950000e+01
      vertex   -1.356762e+01 2.306441e+00 3.850000e+01
      vertex   -1.427723e+01 3.224712e+00 1.950000e+01
    endloop
  endfacet
  facet normal -7.912656e-01 -6.114726e-01 0.000000e+00
    outer loop
      vertex   -1.427723e+01 3.224712e+00 1.950000e+01
      vertex   -1.356762e+01 2.306441e+00 3.850000e+01
      vertex   -1.427723e+01 3.224712e+00 3.850000e+01
    endloop
  endfacet
  facet normal -6.793662e-01 -7.337994e-01 0.000000e+00
    outer loop
      vertex   -1.427723e+01 3.224712e+00 1.950000e+01
      vertex   -1.427723e+01 3.224712e+00 3.850000e+01
      vertex   -1.512882e+01 4.013123e+00 1.950000e+01
    endloop
  endfacet
  facet normal -6.793662e-01 -7.337994e-01 0.000000e+00
    outer loop
      vertex   -1.512882e+01 4.013123e+00 1.950000e+01
      vertex   -1.427723e+01 3.224712e+00 3.850000e+01
      vertex   -1.512882e+01 4.013123e+00 3.850000e+01
    endloop
  endfacet
  facet normal -5.487942e-01 -8.359575e-01 0.000000e+00
    outer loop
      vertex   -1.512882e+01 4.013123e+00 1.950000e+01
      vertex   -1.512882e+01 4.013123e+00 3.850000e+01
      vertex   -1.609895e+01 4.650004e+00 1.950000e+01
    endloop
  endfacet
  facet normal -5.487942e-01 -8.359575e-01 0.000000e+00
    outer loop
      vertex   -1.609895e+01 4.650004e+00 1.950000e+01
      vertex   -1.512882e+01 4.013123e+00 3.850000e+01
      vertex   -1.609895e+01 4.650004e+00 3.850000e+01
    endloop
  endfacet
  facet normal -4.031384e-01 -9.151390e-01 0.000000e+00
    outer loop
      vertex   -1.609895e+01 4.650004e+00 1.950000e+01
      vertex   -1.609895e+01 4.650004e+00 3.850000e+01
      vertex   -1.716098e+01 5.117849e+00 1.950000e+01
    endloop
  endfacet
  facet normal -4.031384e-01 -9.151390e-01 0.000000e+00
    outer loop
      vertex   -1.716098e+01 5.117849e+00 1.950000e+01
      vertex   -1.609895e+01 4.650004e+00 3.850000e+01
      vertex   -1.716098e+01 5.117849e+00 3.850000e+01
    endloop
  endfacet
  facet normal -2.464022e-01 -9.691677e-01 0.000000e+00
    outer loop
      vertex   -1.716098e+01 5.117849e+00 1.950000e+01
      vertex   -1.716098e+01 5.117849e+00 3.850000e+01
      vertex   -1.828571e+01 5.403801e+00 1.950000e+01
    endloop
  endfacet
  facet normal -2.464022e-01 -9.691677e-01 0.000000e+00
    outer loop
      vertex   -1.828571e+01 5.403801e+00 1.950000e+01
      vertex   -1.716098e+01 5.117849e+00 3.850000e+01
      vertex   -1.828571e+01 5.403801e+00 3.850000e+01
    endloop
  endfacet
  facet normal -1.143464e-01 -9.934409e-01 0.000000e+00
    outer loop
      vertex   -1.828571e+01 5.403801e+00 1.950000e+01
      vertex   -1.828571e+01 5.403801e+00 3.850000e+01
      vertex   -1.900000e+01 5.486017e+00 3.050000e+01
    endloop
  endfacet
  facet normal -8.289317e-02 -9.965544e-01 -2.840351e-03
    outer loop
      vertex   -1.900000e+01 5.486017e+00 3.050000e+01
      vertex   -1.828571e+01 5.403801e+00 3.850000e+01
      vertex   -1.944222e+01 5.500000e+00 3.850000e+01
    endloop
  endfacet
  facet normal -1.031190e-01 -9.946611e-01 -3.961697e-03
    outer loop
      vertex   -1.900000e+01 5.486017e+00 3.050000e+01
      vertex   -1.944222e+01 5.500000e+00 3.850000e+01
      vertex   -1.902860e+01 5.487829e+00 3.078940e+01
    endloop
  endfacet
  facet normal -5.714939e-02 -9.983645e-01 -1.489862e-03
    outer loop
      vertex   -1.902860e+01 5.487829e+00 3.078940e+01
      vertex   -1.944222e+01 5.500000e+00 3.850000e+01
      vertex   -1.911500e+01 5.492347e+00 3.107599e+01
    endloop
  endfacet
  facet normal -3.753376e-02 -9.992952e-01 -6.243110e-04
    outer loop
      vertex   -1.911500e+01 5.492347e+00 3.107599e+01
      vertex   -1.944222e+01 5.500000e+00 3.850000e+01
      vertex   -1.925727e+01 5.497527e+00 3.133929e+01
    endloop
  endfacet
  facet normal -1.337076e-02 -9.999106e-01 -1.280652e-16
    outer loop
      vertex   -1.925727e+01 5.497527e+00 3.133929e+01
      vertex   -1.944222e+01 5.500000e+00 3.850000e+01
      vertex   -1.944222e+01 5.500000e+00 3.156353e+01
    endloop
  endfacet
  facet normal -5.222178e-02 -9.986355e-01 5.317935e-17
    outer loop
      vertex   -1.902860e+01 5.487829e+00 3.021060e+01
      vertex   -1.911500e+01 5.492347e+00 2.992401e+01
      vertex   -1.902860e+01 5.487829e+00 5.789403e+00
    endloop
  endfacet
  facet normal -5.222178e-02 -9.986355e-01 4.836909e-17
    outer loop
      vertex   -1.902860e+01 5.487829e+00 5.789403e+00
      vertex   -1.911500e+01 5.492347e+00 2.992401e+01
      vertex   -1.911500e+01 5.492347e+00 6.075991e+00
    endloop
  endfacet
  facet normal -3.637993e-02 -9.993380e-01 2.239732e-17
    outer loop
      vertex   -1.911500e+01 5.492347e+00 6.075991e+00
      vertex   -1.911500e+01 5.492347e+00 2.992401e+01
      vertex   -1.925727e+01 5.497527e+00 2.966071e+01
    endloop
  endfacet
  facet normal -3.637993e-02 -9.993380e-01 3.954457e-17
    outer loop
      vertex   -1.911500e+01 5.492347e+00 6.075991e+00
      vertex   -1.925727e+01 5.497527e+00 2.966071e+01
      vertex   -1.925727e+01 5.497527e+00 6.339293e+00
    endloop
  endfacet
  facet normal -1.337076e-02 -9.999106e-01 -9.564777e-18
    outer loop
      vertex   -1.925727e+01 5.497527e+00 6.339293e+00
      vertex   -1.925727e+01 5.497527e+00 2.966071e+01
      vertex   -1.944222e+01 5.500000e+00 2.943647e+01
    endloop
  endfacet
  facet normal -1.337076e-02 -9.999106e-01 0.000000e+00
    outer loop
      vertex   -1.925727e+01 5.497527e+00 6.339293e+00
      vertex   -1.944222e+01 5.500000e+00 2.943647e+01
      vertex   -1.944222e+01 5.500000e+00 6.563535e+00
    endloop
  endfacet
  facet normal -3.844018e-02 -9.992603e-01 1.114771e-03
    outer loop
      vertex   -1.911500e+01 5.492347e+00 4.924009e+00
      vertex   -1.925727e+01 5.497527e+00 4.660707e+00
      vertex   -1.944222e+01 5.500000e+00 5.000000e-01
    endloop
  endfacet
  facet normal -1.337076e-02 -9.999106e-01 0.000000e+00
    outer loop
      vertex   -1.944222e+01 5.500000e+00 5.000000e-01
      vertex   -1.925727e+01 5.497527e+00 4.660707e+00
      vertex   -1.944222e+01 5.500000e+00 4.436465e+00
    endloop
  endfacet
  facet normal -9.772725e-01 -2.119869e-01 2.074261e-16
    outer loop
      vertex   5.160000e+00 -9.711045e+00 5.000000e-01
      vertex   5.160000e+00 -9.711045e+00 -5.500000e+00
      vertex   5.249877e+00 -1.012538e+01 5.000000e-01
    endloop
  endfacet
  facet normal -9.772725e-01 -2.119869e-01 -1.446654e-16
    outer loop
      vertex   5.249877e+00 -1.012538e+01 5.000000e-01
      vertex   5.160000e+00 -9.711045e+00 -5.500000e+00
      vertex   5.249877e+00 -1.012538e+01 -5.500000e+00
    endloop
  endfacet
  facet normal -8.016041e-01 -5.978553e-01 -1.186612e-16
    outer loop
      vertex   5.249877e+00 -1.012538e+01 5.000000e-01
      vertex   5.249877e+00 -1.012538e+01 -5.500000e+00
      vertex   5.503352e+00 -1.046524e+01 5.000000e-01
    endloop
  endfacet
  facet normal -8.016041e-01 -5.978553e-01 -3.540014e-16
    outer loop
      vertex   5.503352e+00 -1.046524e+01 5.000000e-01
      vertex   5.249877e+00 -1.012538e+01 -5.500000e+00
      vertex   5.503352e+00 -1.046524e+01 -5.500000e+00
    endloop
  endfacet
  facet normal -4.818443e-01 -8.762569e-01 -5.188483e-16
    outer loop
      vertex   5.503352e+00 -1.046524e+01 5.000000e-01
      vertex   5.503352e+00 -1.046524e+01 -5.500000e+00
      vertex   5.874862e+00 -1.066953e+01 5.000000e-01
    endloop
  endfacet
  facet normal -4.818443e-01 -8.762569e-01 -2.594241e-16
    outer loop
      vertex   5.874862e+00 -1.066953e+01 5.000000e-01
      vertex   5.503352e+00 -1.046524e+01 -5.500000e+00
      vertex   5.874862e+00 -1.066953e+01 -5.500000e+00
    endloop
  endfacet
  facet normal -7.547116e-02 -9.971480e-01 -2.952151e-16
    outer loop
      vertex   5.874862e+00 -1.066953e+01 5.000000e-01
      vertex   5.874862e+00 -1.066953e+01 -5.500000e+00
      vertex   6.297626e+00 -1.070153e+01 5.000000e-01
    endloop
  endfacet
  facet normal -7.547116e-02 -9.971480e-01 -0.000000e+00
    outer loop
      vertex   6.297626e+00 -1.070153e+01 5.000000e-01
      vertex   5.874862e+00 -1.066953e+01 -5.500000e+00
      vertex   6.297626e+00 -1.070153e+01 -5.500000e+00
    endloop
  endfacet
  facet normal 3.444682e-01 -9.387980e-01 0.000000e+00
    outer loop
      vertex   6.297626e+00 -1.070153e+01 5.000000e-01
      vertex   6.297626e+00 -1.070153e+01 -5.500000e+00
      vertex   6.695652e+00 -1.055548e+01 5.000000e-01
    endloop
  endfacet
  facet normal 3.444682e-01 -9.387980e-01 0.000000e+00
    outer loop
      vertex   6.695652e+00 -1.055548e+01 5.000000e-01
      vertex   6.297626e+00 -1.070153e+01 -5.500000e+00
      vertex   6.695652e+00 -1.055548e+01 -5.500000e+00
    endloop
  endfacet
  facet normal -1.000000e+00 2.099684e-16 1.480297e-16
    outer loop
      vertex   5.160000e+00 -9.711045e+00 5.000000e-01
      vertex   5.160000e+00 2.979127e+00 5.000000e-01
      vertex   5.160000e+00 -9.711045e+00 -5.500000e+00
    endloop
  endfacet
  facet normal -1.000000e+00 2.799579e-16 0.000000e+00
    outer loop
      vertex   5.160000e+00 -9.711045e+00 -5.500000e+00
      vertex   5.160000e+00 2.979127e+00 5.000000e-01
      vertex   5.160000e+00 2.979127e+00 -5.500000e+00
    endloop
  endfacet
  facet normal -9.828930e-01 -1.276913e-02 1.837345e-01
    outer loop
      vertex   -1.910129e+01 1.250000e+01 4.958138e+00
      vertex   -1.902554e+01 1.050000e+01 5.224376e+00
      vertex   -1.900000e+01 1.250000e+01 5.500000e+00
    endloop
  endfacet
  facet normal -9.999185e-01 1.276913e-02 0.000000e+00
    outer loop
      vertex   -1.900000e+01 1.250000e+01 5.500000e+00
      vertex   -1.902554e+01 1.050000e+01 5.224376e+00
      vertex   -1.902554e+01 1.050000e+01 5.775624e+00
    endloop
  endfacet
  facet normal -9.828930e-01 -1.276913e-02 -1.837345e-01
    outer loop
      vertex   -1.900000e+01 1.250000e+01 5.500000e+00
      vertex   -1.902554e+01 1.050000e+01 5.775624e+00
      vertex   -1.910129e+01 1.250000e+01 6.041862e+00
    endloop
  endfacet
  facet normal -9.323962e-01 1.276913e-02 -3.612122e-01
    outer loop
      vertex   -1.910129e+01 1.250000e+01 6.041862e+00
      vertex   -1.902554e+01 1.050000e+01 5.775624e+00
      vertex   -1.922467e+01 1.050000e+01 6.289648e+00
    endloop
  endfacet
  facet normal -8.501478e-01 -1.276913e-02 -5.263892e-01
    outer loop
      vertex   -1.910129e+01 1.250000e+01 6.041862e+00
      vertex   -1.922467e+01 1.050000e+01 6.289648e+00
      vertex   -1.939149e+01 1.250000e+01 6.510543e+00
    endloop
  endfacet
  facet normal -7.389487e-01 1.276913e-02 -6.736407e-01
    outer loop
      vertex   -1.939149e+01 1.250000e+01 6.510543e+00
      vertex   -1.922467e+01 1.050000e+01 6.289648e+00
      vertex   -1.959605e+01 1.050000e+01 6.697026e+00
    endloop
  endfacet
  facet normal -6.025855e-01 -1.276913e-02 -7.979522e-01
    outer loop
      vertex   -1.939149e+01 1.250000e+01 6.510543e+00
      vertex   -1.959605e+01 1.050000e+01 6.697026e+00
      vertex   -1.983139e+01 1.250000e+01 6.842745e+00
    endloop
  endfacet
  facet normal -4.457020e-01 1.276913e-02 -8.950903e-01
    outer loop
      vertex   -1.983139e+01 1.250000e+01 6.842745e+00
      vertex   -1.959605e+01 1.050000e+01 6.697026e+00
      vertex   -2.008951e+01 1.050000e+01 6.942738e+00
    endloop
  endfacet
  facet normal -2.736407e-01 -1.276913e-02 -9.617472e-01
    outer loop
      vertex   -1.983139e+01 1.250000e+01 6.842745e+00
      vertex   -2.008951e+01 1.050000e+01 6.942738e+00
      vertex   -2.036160e+01 1.250000e+01 6.993601e+00
    endloop
  endfacet
  facet normal -9.226084e-02 1.276913e-02 -9.956530e-01
    outer loop
      vertex   -2.036160e+01 1.250000e+01 6.993601e+00
      vertex   -2.008951e+01 1.050000e+01 6.942738e+00
      vertex   -2.063840e+01 1.050000e+01 6.993601e+00
    endloop
  endfacet
  facet normal 9.226084e-02 -1.276913e-02 -9.956530e-01
    outer loop
      vertex   -2.036160e+01 1.250000e+01 6.993601e+00
      vertex   -2.063840e+01 1.050000e+01 6.993601e+00
      vertex   -2.091049e+01 1.250000e+01 6.942738e+00
    endloop
  endfacet
  facet normal 2.736407e-01 1.276913e-02 -9.617472e-01
    outer loop
      vertex   -2.091049e+01 1.250000e+01 6.942738e+00
      vertex   -2.063840e+01 1.050000e+01 6.993601e+00
      vertex   -2.116861e+01 1.050000e+01 6.842745e+00
    endloop
  endfacet
  facet normal 4.457020e-01 -1.276913e-02 -8.950903e-01
    outer loop
      vertex   -2.091049e+01 1.250000e+01 6.942738e+00
      vertex   -2.116861e+01 1.050000e+01 6.842745e+00
      vertex   -2.140395e+01 1.250000e+01 6.697026e+00
    endloop
  endfacet
  facet normal 6.025855e-01 1.276913e-02 -7.979522e-01
    outer loop
      vertex   -2.140395e+01 1.250000e+01 6.697026e+00
      vertex   -2.116861e+01 1.050000e+01 6.842745e+00
      vertex   -2.160851e+01 1.050000e+01 6.510543e+00
    endloop
  endfacet
  facet normal 7.389487e-01 -1.276913e-02 -6.736407e-01
    outer loop
      vertex   -2.140395e+01 1.250000e+01 6.697026e+00
      vertex   -2.160851e+01 1.050000e+01 6.510543e+00
      vertex   -2.177533e+01 1.250000e+01 6.289648e+00
    endloop
  endfacet
  facet normal 8.501478e-01 1.276913e-02 -5.263892e-01
    outer loop
      vertex   -2.177533e+01 1.250000e+01 6.289648e+00
      vertex   -2.160851e+01 1.050000e+01 6.510543e+00
      vertex   -2.189871e+01 1.050000e+01 6.041862e+00
    endloop
  endfacet
  facet normal 9.323962e-01 -1.276913e-02 -3.612122e-01
    outer loop
      vertex   -2.177533e+01 1.250000e+01 6.289648e+00
      vertex   -2.189871e+01 1.050000e+01 6.041862e+00
      vertex   -2.197446e+01 1.250000e+01 5.775624e+00
    endloop
  endfacet
  facet normal 9.828930e-01 1.276913e-02 -1.837345e-01
    outer loop
      vertex   -2.197446e+01 1.250000e+01 5.775624e+00
      vertex   -2.189871e+01 1.050000e+01 6.041862e+00
      vertex   -2.200000e+01 1.050000e+01 5.500000e+00
    endloop
  endfacet
  facet normal 9.999185e-01 -1.276913e-02 0.000000e+00
    outer loop
      vertex   -2.197446e+01 1.250000e+01 5.775624e+00
      vertex   -2.200000e+01 1.050000e+01 5.500000e+00
      vertex   -2.197446e+01 1.250000e+01 5.224376e+00
    endloop
  endfacet
  facet normal 9.828930e-01 1.276913e-02 1.837345e-01
    outer loop
      vertex   -2.197446e+01 1.250000e+01 5.224376e+00
      vertex   -2.200000e+01 1.050000e+01 5.500000e+00
      vertex   -2.189871e+01 1.050000e+01 4.958138e+00
    endloop
  endfacet
  facet normal 9.323962e-01 -1.276913e-02 3.612122e-01
    outer loop
      vertex   -2.197446e+01 1.250000e+01 5.224376e+00
      vertex   -2.189871e+01 1.050000e+01 4.958138e+00
      vertex   -2.177533e+01 1.250000e+01 4.710352e+00
    endloop
  endfacet
  facet normal 8.501478e-01 1.276913e-02 5.263892e-01
    outer loop
      vertex   -2.177533e+01 1.250000e+01 4.710352e+00
      vertex   -2.189871e+01 1.050000e+01 4.958138e+00
      vertex   -2.160851e+01 1.050000e+01 4.489457e+00
    endloop
  endfacet
  facet normal 7.389487e-01 -1.276913e-02 6.736407e-01
    outer loop
      vertex   -2.177533e+01 1.250000e+01 4.710352e+00
      vertex   -2.160851e+01 1.050000e+01 4.489457e+00
      vertex   -2.140395e+01 1.250000e+01 4.302974e+00
    endloop
  endfacet
  facet normal 6.025855e-01 1.276913e-02 7.979522e-01
    outer loop
      vertex   -2.140395e+01 1.250000e+01 4.302974e+00
      vertex   -2.160851e+01 1.050000e+01 4.489457e+00
      vertex   -2.116861e+01 1.050000e+01 4.157255e+00
    endloop
  endfacet
  facet normal 4.457020e-01 -1.276913e-02 8.950903e-01
    outer loop
      vertex   -2.140395e+01 1.250000e+01 4.302974e+00
      vertex   -2.116861e+01 1.050000e+01 4.157255e+00
      vertex   -2.091049e+01 1.250000e+01 4.057262e+00
    endloop
  endfacet
  facet normal 2.736407e-01 1.276913e-02 9.617472e-01
    outer loop
      vertex   -2.091049e+01 1.250000e+01 4.057262e+00
      vertex   -2.116861e+01 1.050000e+01 4.157255e+00
      vertex   -2.063840e+01 1.050000e+01 4.006399e+00
    endloop
  endfacet
  facet normal 9.226084e-02 -1.276913e-02 9.956530e-01
    outer loop
      vertex   -2.091049e+01 1.250000e+01 4.057262e+00
      vertex   -2.063840e+01 1.050000e+01 4.006399e+00
      vertex   -2.036160e+01 1.250000e+01 4.006399e+00
    endloop
  endfacet
  facet normal -9.226084e-02 1.276913e-02 9.956530e-01
    outer loop
      vertex   -2.036160e+01 1.250000e+01 4.006399e+00
      vertex   -2.063840e+01 1.050000e+01 4.006399e+00
      vertex   -2.008951e+01 1.050000e+01 4.057262e+00
    endloop
  endfacet
  facet normal -2.736407e-01 -1.276913e-02 9.617472e-01
    outer loop
      vertex   -2.036160e+01 1.250000e+01 4.006399e+00
      vertex   -2.008951e+01 1.050000e+01 4.057262e+00
      vertex   -1.983139e+01 1.250000e+01 4.157255e+00
    endloop
  endfacet
  facet normal -4.457020e-01 1.276913e-02 8.950903e-01
    outer loop
      vertex   -1.983139e+01 1.250000e+01 4.157255e+00
      vertex   -2.008951e+01 1.050000e+01 4.057262e+00
      vertex   -1.959605e+01 1.050000e+01 4.302974e+00
    endloop
  endfacet
  facet normal -6.025855e-01 -1.276913e-02 7.979522e-01
    outer loop
      vertex   -1.983139e+01 1.250000e+01 4.157255e+00
      vertex   -1.959605e+01 1.050000e+01 4.302974e+00
      vertex   -1.939149e+01 1.250000e+01 4.489457e+00
    endloop
  endfacet
  facet normal -7.389487e-01 1.276913e-02 6.736407e-01
    outer loop
      vertex   -1.939149e+01 1.250000e+01 4.489457e+00
      vertex   -1.959605e+01 1.050000e+01 4.302974e+00
      vertex   -1.922467e+01 1.050000e+01 4.710352e+00
    endloop
  endfacet
  facet normal -8.501478e-01 -1.276913e-02 5.263892e-01
    outer loop
      vertex   -1.939149e+01 1.250000e+01 4.489457e+00
      vertex   -1.922467e+01 1.050000e+01 4.710352e+00
      vertex   -1.910129e+01 1.250000e+01 4.958138e+00
    endloop
  endfacet
  facet normal -9.323962e-01 1.276913e-02 3.612122e-01
    outer loop
      vertex   -1.910129e+01 1.250000e+01 4.958138e+00
      vertex   -1.922467e+01 1.050000e+01 4.710352e+00
      vertex   -1.902554e+01 1.050000e+01 5.224376e+00
    endloop
  endfacet
  facet normal 1.837478e-01 -4.279604e-03 9.829641e-01
    outer loop
      vertex   -2.104186e+01 9.000000e+00 4.101292e+00
      vertex   -2.094835e+01 5.500000e+00 4.068572e+00
      vertex   -2.050000e+01 9.000000e+00 4.000000e+00
    endloop
  endfacet
  facet normal 1.221935e-01 3.792264e-03 9.924991e-01
    outer loop
      vertex   -2.050000e+01 9.000000e+00 4.000000e+00
      vertex   -2.094835e+01 5.500000e+00 4.068572e+00
      vertex   -2.041225e+01 5.500000e+00 4.002569e+00
    endloop
  endfacet
  facet normal -1.837481e-01 -3.885529e-03 9.829657e-01
    outer loop
      vertex   -2.050000e+01 9.000000e+00 4.000000e+00
      vertex   -2.041225e+01 5.500000e+00 4.002569e+00
      vertex   -1.995814e+01 9.000000e+00 4.101292e+00
    endloop
  endfacet
  facet normal -2.372869e-01 3.386146e-03 9.714337e-01
    outer loop
      vertex   -1.995814e+01 9.000000e+00 4.101292e+00
      vertex   -2.041225e+01 5.500000e+00 4.002569e+00
      vertex   -1.988752e+01 5.500000e+00 4.130740e+00
    endloop
  endfacet
  facet normal -5.264290e-01 -3.467377e-03 8.502120e-01
    outer loop
      vertex   -1.995814e+01 9.000000e+00 4.101292e+00
      vertex   -1.988752e+01 5.500000e+00 4.130740e+00
      vertex   -1.948946e+01 9.000000e+00 4.391487e+00
    endloop
  endfacet
  facet normal -5.659989e-01 2.955963e-03 8.244007e-01
    outer loop
      vertex   -1.948946e+01 9.000000e+00 4.391487e+00
      vertex   -1.988752e+01 5.500000e+00 4.130740e+00
      vertex   -1.944222e+01 5.500000e+00 4.436465e+00
    endloop
  endfacet
  facet normal -7.714641e-01 -2.234597e-03 6.362690e-01
    outer loop
      vertex   -1.948946e+01 9.000000e+00 4.391487e+00
      vertex   -1.944222e+01 5.500000e+00 4.436465e+00
      vertex   -1.925727e+01 5.497527e+00 4.660707e+00
    endloop
  endfacet
  facet normal 4.658278e-01 4.174294e-03 8.848656e-01
    outer loop
      vertex   -2.094835e+01 5.500000e+00 4.068572e+00
      vertex   -2.104186e+01 9.000000e+00 4.101292e+00
      vertex   -2.142631e+01 5.500000e+00 4.320191e+00
    endloop
  endfacet
  facet normal 5.264265e-01 -4.649580e-03 8.502079e-01
    outer loop
      vertex   -2.142631e+01 5.500000e+00 4.320191e+00
      vertex   -2.104186e+01 9.000000e+00 4.101292e+00
      vertex   -2.151054e+01 9.000000e+00 4.391487e+00
    endloop
  endfacet
  facet normal 7.490565e-01 4.532213e-03 6.624906e-01
    outer loop
      vertex   -2.142631e+01 5.500000e+00 4.320191e+00
      vertex   -2.151054e+01 9.000000e+00 4.391487e+00
      vertex   -2.178416e+01 5.500000e+00 4.724797e+00
    endloop
  endfacet
  facet normal 7.980073e-01 -4.995435e-03 6.026271e-01
    outer loop
      vertex   -2.178416e+01 5.500000e+00 4.724797e+00
      vertex   -2.151054e+01 9.000000e+00 4.391487e+00
      vertex   -2.184274e+01 9.000000e+00 4.831392e+00
    endloop
  endfacet
  facet normal 9.351531e-01 4.866003e-03 3.542103e-01
    outer loop
      vertex   -2.178416e+01 5.500000e+00 4.724797e+00
      vertex   -2.184274e+01 9.000000e+00 4.831392e+00
      vertex   -2.197549e+01 5.500000e+00 5.229925e+00
    endloop
  endfacet
  facet normal 9.618120e-01 -5.317151e-03 2.736591e-01
    outer loop
      vertex   -2.197549e+01 5.500000e+00 5.229925e+00
      vertex   -2.184274e+01 9.000000e+00 4.831392e+00
      vertex   -2.199360e+01 9.000000e+00 5.361597e+00
    endloop
  endfacet
  facet normal 9.999866e-01 5.175643e-03 -0.000000e+00
    outer loop
      vertex   -2.197549e+01 5.500000e+00 5.229925e+00
      vertex   -2.199360e+01 9.000000e+00 5.361597e+00
      vertex   -2.197549e+01 5.500000e+00 5.770075e+00
    endloop
  endfacet
  facet normal 9.957185e-01 -5.614709e-03 -9.226691e-02
    outer loop
      vertex   -2.197549e+01 5.500000e+00 5.770075e+00
      vertex   -2.199360e+01 9.000000e+00 5.361597e+00
      vertex   -2.194274e+01 9.000000e+00 5.910494e+00
    endloop
  endfacet
  facet normal 9.351503e-01 5.461118e-03 -3.542092e-01
    outer loop
      vertex   -2.197549e+01 5.500000e+00 5.770075e+00
      vertex   -2.194274e+01 9.000000e+00 5.910494e+00
      vertex   -2.178416e+01 5.500000e+00 6.275203e+00
    endloop
  endfacet
  facet normal 8.951478e-01 -5.888094e-03 -4.457306e-01
    outer loop
      vertex   -2.178416e+01 5.500000e+00 6.275203e+00
      vertex   -2.194274e+01 9.000000e+00 5.910494e+00
      vertex   -2.169703e+01 9.000000e+00 6.403952e+00
    endloop
  endfacet
  facet normal 7.490519e-01 5.722411e-03 -6.624866e-01
    outer loop
      vertex   -2.178416e+01 5.500000e+00 6.275203e+00
      vertex   -2.169703e+01 9.000000e+00 6.403952e+00
      vertex   -2.142631e+01 5.500000e+00 6.679809e+00
    endloop
  endfacet
  facet normal 6.736830e-01 -6.137289e-03 -7.389950e-01
    outer loop
      vertex   -2.142631e+01 5.500000e+00 6.679809e+00
      vertex   -2.169703e+01 9.000000e+00 6.403952e+00
      vertex   -2.128965e+01 9.000000e+00 6.775326e+00
    endloop
  endfacet
  facet normal 4.658236e-01 5.959507e-03 -8.848576e-01
    outer loop
      vertex   -2.142631e+01 5.500000e+00 6.679809e+00
      vertex   -2.128965e+01 9.000000e+00 6.775326e+00
      vertex   -2.094835e+01 5.500000e+00 6.931428e+00
    endloop
  endfacet
  facet normal 3.612344e-01 -6.362281e-03 -9.324534e-01
    outer loop
      vertex   -2.094835e+01 5.500000e+00 6.931428e+00
      vertex   -2.128965e+01 9.000000e+00 6.775326e+00
      vertex   -2.077562e+01 9.000000e+00 6.974460e+00
    endloop
  endfacet
  facet normal 1.221920e-01 6.172394e-03 -9.924873e-01
    outer loop
      vertex   -2.094835e+01 5.500000e+00 6.931428e+00
      vertex   -2.077562e+01 9.000000e+00 6.974460e+00
      vertex   -2.041225e+01 5.500000e+00 6.997431e+00
    endloop
  endfacet
  facet normal 0.000000e+00 -6.563057e-03 -9.999785e-01
    outer loop
      vertex   -2.041225e+01 5.500000e+00 6.997431e+00
      vertex   -2.077562e+01 9.000000e+00 6.974460e+00
      vertex   -2.022438e+01 9.000000e+00 6.974460e+00
    endloop
  endfacet
  facet normal -2.372835e-01 6.361059e-03 -9.714196e-01
    outer loop
      vertex   -2.041225e+01 5.500000e+00 6.997431e+00
      vertex   -2.022438e+01 9.000000e+00 6.974460e+00
      vertex   -1.988752e+01 5.500000e+00 6.869260e+00
    endloop
  endfacet
  facet normal -3.612335e-01 -6.739606e-03 -9.324511e-01
    outer loop
      vertex   -1.988752e+01 5.500000e+00 6.869260e+00
      vertex   -2.022438e+01 9.000000e+00 6.974460e+00
      vertex   -1.971035e+01 9.000000e+00 6.775326e+00
    endloop
  endfacet
  facet normal -5.659893e-01 6.525492e-03 -8.243867e-01
    outer loop
      vertex   -1.988752e+01 5.500000e+00 6.869260e+00
      vertex   -1.971035e+01 9.000000e+00 6.775326e+00
      vertex   -1.944222e+01 5.500000e+00 6.563535e+00
    endloop
  endfacet
  facet normal -6.736796e-01 -6.891919e-03 -7.389914e-01
    outer loop
      vertex   -1.944222e+01 5.500000e+00 6.563535e+00
      vertex   -1.971035e+01 9.000000e+00 6.775326e+00
      vertex   -1.930297e+01 9.000000e+00 6.403952e+00
    endloop
  endfacet
  facet normal -7.714437e-01 1.680065e-03 -6.362954e-01
    outer loop
      vertex   -1.944222e+01 5.500000e+00 6.563535e+00
      vertex   -1.930297e+01 9.000000e+00 6.403952e+00
      vertex   -1.925727e+01 5.497527e+00 6.339293e+00
    endloop
  endfacet
  facet normal -8.797976e-01 -2.705218e-03 -4.753407e-01
    outer loop
      vertex   -1.925727e+01 5.497527e+00 6.339293e+00
      vertex   -1.930297e+01 9.000000e+00 6.403952e+00
      vertex   -1.911500e+01 5.492347e+00 6.075991e+00
    endloop
  endfacet
  facet normal -8.951455e-01 -6.296331e-03 -4.457295e-01
    outer loop
      vertex   -1.911500e+01 5.492347e+00 6.075991e+00
      vertex   -1.930297e+01 9.000000e+00 6.403952e+00
      vertex   -1.905726e+01 9.000000e+00 5.910494e+00
    endloop
  endfacet
  facet normal -9.574232e-01 2.138569e-03 -2.886803e-01
    outer loop
      vertex   -1.911500e+01 5.492347e+00 6.075991e+00
      vertex   -1.905726e+01 9.000000e+00 5.910494e+00
      vertex   -1.902860e+01 5.487829e+00 5.789403e+00
    endloop
  endfacet
  facet normal -9.951457e-01 -4.733267e-03 -9.829841e-02
    outer loop
      vertex   -1.902860e+01 5.487829e+00 5.789403e+00
      vertex   -1.905726e+01 9.000000e+00 5.910494e+00
      vertex   -1.900000e+01 5.486017e+00 5.500000e+00
    endloop
  endfacet
  facet normal -9.957194e-01 -5.447190e-03 -9.226699e-02
    outer loop
      vertex   -1.900000e+01 5.486017e+00 5.500000e+00
      vertex   -1.905726e+01 9.000000e+00 5.910494e+00
      vertex   -1.900640e+01 9.000000e+00 5.361597e+00
    endloop
  endfacet
  facet normal -9.951506e-01 2.061194e-03 9.834143e-02
    outer loop
      vertex   -1.900000e+01 5.486017e+00 5.500000e+00
      vertex   -1.900640e+01 9.000000e+00 5.361597e+00
      vertex   -1.902860e+01 5.487829e+00 5.210597e+00
    endloop
  endfacet
  facet normal -9.618101e-01 -5.686991e-03 2.736586e-01
    outer loop
      vertex   -1.902860e+01 5.487829e+00 5.210597e+00
      vertex   -1.900640e+01 9.000000e+00 5.361597e+00
      vertex   -1.915726e+01 9.000000e+00 4.831392e+00
    endloop
  endfacet
  facet normal -9.574444e-01 -3.914802e-03 2.885912e-01
    outer loop
      vertex   -1.902860e+01 5.487829e+00 5.210597e+00
      vertex   -1.915726e+01 9.000000e+00 4.831392e+00
      vertex   -1.911500e+01 5.492347e+00 4.924009e+00
    endloop
  endfacet
  facet normal -8.797609e-01 1.953948e-03 4.754125e-01
    outer loop
      vertex   -1.911500e+01 5.492347e+00 4.924009e+00
      vertex   -1.915726e+01 9.000000e+00 4.831392e+00
      vertex   -1.925727e+01 5.497527e+00 4.660707e+00
    endloop
  endfacet
  facet normal -7.980000e-01 -6.580049e-03 6.026216e-01
    outer loop
      vertex   -1.925727e+01 5.497527e+00 4.660707e+00
      vertex   -1.915726e+01 9.000000e+00 4.831392e+00
      vertex   -1.948946e+01 9.000000e+00 4.391487e+00
    endloop
  endfacet
  facet normal -9.828930e-01 -1.276913e-02 1.837345e-01
    outer loop
      vertex   -1.910129e+01 1.250000e+01 2.995814e+01
      vertex   -1.902554e+01 1.050000e+01 3.022438e+01
      vertex   -1.900000e+01 1.250000e+01 3.050000e+01
    endloop
  endfacet
  facet normal -9.999185e-01 1.276913e-02 0.000000e+00
    outer loop
      vertex   -1.900000e+01 1.250000e+01 3.050000e+01
      vertex   -1.902554e+01 1.050000e+01 3.022438e+01
      vertex   -1.902554e+01 1.050000e+01 3.077562e+01
    endloop
  endfacet
  facet normal -9.828930e-01 -1.276913e-02 -1.837345e-01
    outer loop
      vertex   -1.900000e+01 1.250000e+01 3.050000e+01
      vertex   -1.902554e+01 1.050000e+01 3.077562e+01
      vertex   -1.910129e+01 1.250000e+01 3.104186e+01
    endloop
  endfacet
  facet normal -9.323962e-01 1.276913e-02 -3.612122e-01
    outer loop
      vertex   -1.910129e+01 1.250000e+01 3.104186e+01
      vertex   -1.902554e+01 1.050000e+01 3.077562e+01
      vertex   -1.922467e+01 1.050000e+01 3.128965e+01
    endloop
  endfacet
  facet normal -8.501478e-01 -1.276913e-02 -5.263892e-01
    outer loop
      vertex   -1.910129e+01 1.250000e+01 3.104186e+01
      vertex   -1.922467e+01 1.050000e+01 3.128965e+01
      vertex   -1.939149e+01 1.250000e+01 3.151054e+01
    endloop
  endfacet
  facet normal -7.389487e-01 1.276913e-02 -6.736407e-01
    outer loop
      vertex   -1.939149e+01 1.250000e+01 3.151054e+01
      vertex   -1.922467e+01 1.050000e+01 3.128965e+01
      vertex   -1.959605e+01 1.050000e+01 3.169703e+01
    endloop
  endfacet
  facet normal -6.025855e-01 -1.276913e-02 -7.979522e-01
    outer loop
      vertex   -1.939149e+01 1.250000e+01 3.151054e+01
      vertex   -1.959605e+01 1.050000e+01 3.169703e+01
      vertex   -1.983139e+01 1.250000e+01 3.184274e+01
    endloop
  endfacet
  facet normal -4.457020e-01 1.276913e-02 -8.950903e-01
    outer loop
      vertex   -1.983139e+01 1.250000e+01 3.184274e+01
      vertex   -1.959605e+01 1.050000e+01 3.169703e+01
      vertex   -2.008951e+01 1.050000e+01 3.194274e+01
    endloop
  endfacet
  facet normal -2.736407e-01 -1.276913e-02 -9.617472e-01
    outer loop
      vertex   -1.983139e+01 1.250000e+01 3.184274e+01
      vertex   -2.008951e+01 1.050000e+01 3.194274e+01
      vertex   -2.036160e+01 1.250000e+01 3.199360e+01
    endloop
  endfacet
  facet normal -9.226084e-02 1.276913e-02 -9.956530e-01
    outer loop
      vertex   -2.036160e+01 1.250000e+01 3.199360e+01
      vertex   -2.008951e+01 1.050000e+01 3.194274e+01
      vertex   -2.063840e+01 1.050000e+01 3.199360e+01
    endloop
  endfacet
  facet normal 9.226084e-02 -1.276913e-02 -9.956530e-01
    outer loop
      vertex   -2.036160e+01 1.250000e+01 3.199360e+01
      vertex   -2.063840e+01 1.050000e+01 3.199360e+01
      vertex   -2.091049e+01 1.250000e+01 3.194274e+01
    endloop
  endfacet
  facet normal 2.736407e-01 1.276913e-02 -9.617472e-01
    outer loop
      vertex   -2.091049e+01 1.250000e+01 3.194274e+01
      vertex   -2.063840e+01 1.050000e+01 3.199360e+01
      vertex   -2.116861e+01 1.050000e+01 3.184274e+01
    endloop
  endfacet
  facet normal 4.457020e-01 -1.276913e-02 -8.950903e-01
    outer loop
      vertex   -2.091049e+01 1.250000e+01 3.194274e+01
      vertex   -2.116861e+01 1.050000e+01 3.184274e+01
      vertex   -2.140395e+01 1.250000e+01 3.169703e+01
    endloop
  endfacet
  facet normal 6.025855e-01 1.276913e-02 -7.979522e-01
    outer loop
      vertex   -2.140395e+01 1.250000e+01 3.169703e+01
      vertex   -2.116861e+01 1.050000e+01 3.184274e+01
      vertex   -2.160851e+01 1.050000e+01 3.151054e+01
    endloop
  endfacet
  facet normal 7.389487e-01 -1.276913e-02 -6.736407e-01
    outer loop
      vertex   -2.140395e+01 1.250000e+01 3.169703e+01
      vertex   -2.160851e+01 1.050000e+01 3.151054e+01
      vertex   -2.177533e+01 1.250000e+01 3.128965e+01
    endloop
  endfacet
  facet normal 8.501478e-01 1.276913e-02 -5.263892e-01
    outer loop
      vertex   -2.177533e+01 1.250000e+01 3.128965e+01
      vertex   -2.160851e+01 1.050000e+01 3.151054e+01
      vertex   -2.189871e+01 1.050000e+01 3.104186e+01
    endloop
  endfacet
  facet normal 9.323962e-01 -1.276913e-02 -3.612122e-01
    outer loop
      vertex   -2.177533e+01 1.250000e+01 3.128965e+01
      vertex   -2.189871e+01 1.050000e+01 3.104186e+01
      vertex   -2.197446e+01 1.250000e+01 3.077562e+01
    endloop
  endfacet
  facet normal 9.828930e-01 1.276913e-02 -1.837345e-01
    outer loop
      vertex   -2.197446e+01 1.250000e+01 3.077562e+01
      vertex   -2.189871e+01 1.050000e+01 3.104186e+01
      vertex   -2.200000e+01 1.050000e+01 3.050000e+01
    endloop
  endfacet
  facet normal 9.999185e-01 -1.276913e-02 0.000000e+00
    outer loop
      vertex   -2.197446e+01 1.250000e+01 3.077562e+01
      vertex   -2.200000e+01 1.050000e+01 3.050000e+01
      vertex   -2.197446e+01 1.250000e+01 3.022438e+01
    endloop
  endfacet
  facet normal 9.828930e-01 1.276913e-02 1.837345e-01
    outer loop
      vertex   -2.197446e+01 1.250000e+01 3.022438e+01
      vertex   -2.200000e+01 1.050000e+01 3.050000e+01
      vertex   -2.189871e+01 1.050000e+01 2.995814e+01
    endloop
  endfacet
  facet normal 9.323962e-01 -1.276913e-02 3.612122e-01
    outer loop
      vertex   -2.197446e+01 1.250000e+01 3.022438e+01
      vertex   -2.189871e+01 1.050000e+01 2.995814e+01
      vertex   -2.177533e+01 1.250000e+01 2.971035e+01
    endloop
  endfacet
  facet normal 8.501478e-01 1.276913e-02 5.263892e-01
    outer loop
      vertex   -2.177533e+01 1.250000e+01 2.971035e+01
      vertex   -2.189871e+01 1.050000e+01 2.995814e+01
      vertex   -2.160851e+01 1.050000e+01 2.948946e+01
    endloop
  endfacet
  facet normal 7.389487e-01 -1.276913e-02 6.736407e-01
    outer loop
      vertex   -2.177533e+01 1.250000e+01 2.971035e+01
      vertex   -2.160851e+01 1.050000e+01 2.948946e+01
      vertex   -2.140395e+01 1.250000e+01 2.930297e+01
    endloop
  endfacet
  facet normal 6.025855e-01 1.276913e-02 7.979522e-01
    outer loop
      vertex   -2.140395e+01 1.250000e+01 2.930297e+01
      vertex   -2.160851e+01 1.050000e+01 2.948946e+01
      vertex   -2.116861e+01 1.050000e+01 2.915726e+01
    endloop
  endfacet
  facet normal 4.457020e-01 -1.276913e-02 8.950903e-01
    outer loop
      vertex   -2.140395e+01 1.250000e+01 2.930297e+01
      vertex   -2.116861e+01 1.050000e+01 2.915726e+01
      vertex   -2.091049e+01 1.250000e+01 2.905726e+01
    endloop
  endfacet
  facet normal 2.736407e-01 1.276913e-02 9.617472e-01
    outer loop
      vertex   -2.091049e+01 1.250000e+01 2.905726e+01
      vertex   -2.116861e+01 1.050000e+01 2.915726e+01
      vertex   -2.063840e+01 1.050000e+01 2.900640e+01
    endloop
  endfacet
  facet normal 9.226084e-02 -1.276913e-02 9.956530e-01
    outer loop
      vertex   -2.091049e+01 1.250000e+01 2.905726e+01
      vertex   -2.063840e+01 1.050000e+01 2.900640e+01
      vertex   -2.036160e+01 1.250000e+01 2.900640e+01
    endloop
  endfacet
  facet normal -9.226084e-02 1.276913e-02 9.956530e-01
    outer loop
      vertex   -2.036160e+01 1.250000e+01 2.900640e+01
      vertex   -2.063840e+01 1.050000e+01 2.900640e+01
      vertex   -2.008951e+01 1.050000e+01 2.905726e+01
    endloop
  endfacet
  facet normal -2.736407e-01 -1.276913e-02 9.617472e-01
    outer loop
      vertex   -2.036160e+01 1.250000e+01 2.900640e+01
      vertex   -2.008951e+01 1.050000e+01 2.905726e+01
      vertex   -1.983139e+01 1.250000e+01 2.915726e+01
    endloop
  endfacet
  facet normal -4.457020e-01 1.276913e-02 8.950903e-01
    outer loop
      vertex   -1.983139e+01 1.250000e+01 2.915726e+01
      vertex   -2.008951e+01 1.050000e+01 2.905726e+01
      vertex   -1.959605e+01 1.050000e+01 2.930297e+01
    endloop
  endfacet
  facet normal -6.025855e-01 -1.276913e-02 7.979522e-01
    outer loop
      vertex   -1.983139e+01 1.250000e+01 2.915726e+01
      vertex   -1.959605e+01 1.050000e+01 2.930297e+01
      vertex   -1.939149e+01 1.250000e+01 2.948946e+01
    endloop
  endfacet
  facet normal -7.389487e-01 1.276913e-02 6.736407e-01
    outer loop
      vertex   -1.939149e+01 1.250000e+01 2.948946e+01
      vertex   -1.959605e+01 1.050000e+01 2.930297e+01
      vertex   -1.922467e+01 1.050000e+01 2.971035e+01
    endloop
  endfacet
  facet normal -8.501478e-01 -1.276913e-02 5.263892e-01
    outer loop
      vertex   -1.939149e+01 1.250000e+01 2.948946e+01
      vertex   -1.922467e+01 1.050000e+01 2.971035e+01
      vertex   -1.910129e+01 1.250000e+01 2.995814e+01
    endloop
  endfacet
  facet normal -9.323962e-01 1.276913e-02 3.612122e-01
    outer loop
      vertex   -1.910129e+01 1.250000e+01 2.995814e+01
      vertex   -1.922467e+01 1.050000e+01 2.971035e+01
      vertex   -1.902554e+01 1.050000e+01 3.022438e+01
    endloop
  endfacet
  facet normal 9.829470e-01 -7.294015e-03 -1.837446e-01
    outer loop
      vertex   -2.189871e+01 9.000000e+00 3.104186e+01
      vertex   -2.197549e+01 5.500000e+00 3.077007e+01
      vertex   -2.200000e+01 9.000000e+00 3.050000e+01
    endloop
  endfacet
  facet normal 9.999755e-01 7.003751e-03 0.000000e+00
    outer loop
      vertex   -2.200000e+01 9.000000e+00 3.050000e+01
      vertex   -2.197549e+01 5.500000e+00 3.077007e+01
      vertex   -2.197549e+01 5.500000e+00 3.022993e+01
    endloop
  endfacet
  facet normal 9.829470e-01 -7.294015e-03 1.837446e-01
    outer loop
      vertex   -2.200000e+01 9.000000e+00 3.050000e+01
      vertex   -2.197549e+01 5.500000e+00 3.022993e+01
      vertex   -2.189871e+01 9.000000e+00 2.995814e+01
    endloop
  endfacet
  facet normal 9.351414e-01 6.991617e-03 3.542058e-01
    outer loop
      vertex   -2.189871e+01 9.000000e+00 2.995814e+01
      vertex   -2.197549e+01 5.500000e+00 3.022993e+01
      vertex   -2.178416e+01 5.500000e+00 2.972480e+01
    endloop
  endfacet
  facet normal 8.501947e-01 -7.269748e-03 5.264183e-01
    outer loop
      vertex   -2.189871e+01 9.000000e+00 2.995814e+01
      vertex   -2.178416e+01 5.500000e+00 2.972480e+01
      vertex   -2.160851e+01 9.000000e+00 2.948946e+01
    endloop
  endfacet
  facet normal 7.490461e-01 6.955217e-03 6.624814e-01
    outer loop
      vertex   -2.160851e+01 9.000000e+00 2.948946e+01
      vertex   -2.178416e+01 5.500000e+00 2.972480e+01
      vertex   -2.142631e+01 5.500000e+00 2.932019e+01
    endloop
  endfacet
  facet normal 6.026189e-01 -7.221216e-03 7.979964e-01
    outer loop
      vertex   -2.160851e+01 9.000000e+00 2.948946e+01
      vertex   -2.142631e+01 5.500000e+00 2.932019e+01
      vertex   -2.116861e+01 9.000000e+00 2.915726e+01
    endloop
  endfacet
  facet normal 4.658208e-01 6.894552e-03 8.848522e-01
    outer loop
      vertex   -2.116861e+01 9.000000e+00 2.915726e+01
      vertex   -2.142631e+01 5.500000e+00 2.932019e+01
      vertex   -2.094835e+01 5.500000e+00 2.906857e+01
    endloop
  endfacet
  facet normal 2.736560e-01 -7.148420e-03 9.618011e-01
    outer loop
      vertex   -2.116861e+01 9.000000e+00 2.915726e+01
      vertex   -2.094835e+01 5.500000e+00 2.906857e+01
      vertex   -2.063840e+01 9.000000e+00 2.900640e+01
    endloop
  endfacet
  facet normal 1.221915e-01 6.809625e-03 9.924832e-01
    outer loop
      vertex   -2.063840e+01 9.000000e+00 2.900640e+01
      vertex   -2.094835e+01 5.500000e+00 2.906857e+01
      vertex   -2.041225e+01 5.500000e+00 2.900257e+01
    endloop
  endfacet
  facet normal -9.226607e-02 -7.051365e-03 9.957094e-01
    outer loop
      vertex   -2.063840e+01 9.000000e+00 2.900640e+01
      vertex   -2.041225e+01 5.500000e+00 2.900257e+01
      vertex   -2.008951e+01 9.000000e+00 2.905726e+01
    endloop
  endfacet
  facet normal -2.372830e-01 6.700442e-03 9.714175e-01
    outer loop
      vertex   -2.008951e+01 9.000000e+00 2.905726e+01
      vertex   -2.041225e+01 5.500000e+00 2.900257e+01
      vertex   -1.988752e+01 5.500000e+00 2.913074e+01
    endloop
  endfacet
  facet normal -4.457277e-01 -6.930056e-03 8.951418e-01
    outer loop
      vertex   -2.008951e+01 9.000000e+00 2.905726e+01
      vertex   -1.988752e+01 5.500000e+00 2.913074e+01
      vertex   -1.959605e+01 9.000000e+00 2.930297e+01
    endloop
  endfacet
  facet normal -5.659892e-01 6.567009e-03 8.243865e-01
    outer loop
      vertex   -1.959605e+01 9.000000e+00 2.930297e+01
      vertex   -1.988752e+01 5.500000e+00 2.913074e+01
      vertex   -1.944222e+01 5.500000e+00 2.943647e+01
    endloop
  endfacet
  facet normal -7.389919e-01 -6.784501e-03 6.736801e-01
    outer loop
      vertex   -1.959605e+01 9.000000e+00 2.930297e+01
      vertex   -1.944222e+01 5.500000e+00 2.943647e+01
      vertex   -1.922467e+01 9.000000e+00 2.971035e+01
    endloop
  endfacet
  facet normal -7.714625e-01 -1.838939e-03 6.362721e-01
    outer loop
      vertex   -1.922467e+01 9.000000e+00 2.971035e+01
      vertex   -1.944222e+01 5.500000e+00 2.943647e+01
      vertex   -1.925727e+01 5.497527e+00 2.966071e+01
    endloop
  endfacet
  facet normal -8.797658e-01 1.449157e-03 4.754052e-01
    outer loop
      vertex   -1.922467e+01 9.000000e+00 2.971035e+01
      vertex   -1.925727e+01 5.497527e+00 2.966071e+01
      vertex   -1.911500e+01 5.492347e+00 2.992401e+01
    endloop
  endfacet
  facet normal 9.351414e-01 6.991617e-03 -3.542058e-01
    outer loop
      vertex   -2.197549e+01 5.500000e+00 3.077007e+01
      vertex   -2.189871e+01 9.000000e+00 3.104186e+01
      vertex   -2.178416e+01 5.500000e+00 3.127520e+01
    endloop
  endfacet
  facet normal 8.501947e-01 -7.269748e-03 -5.264183e-01
    outer loop
      vertex   -2.178416e+01 5.500000e+00 3.127520e+01
      vertex   -2.189871e+01 9.000000e+00 3.104186e+01
      vertex   -2.160851e+01 9.000000e+00 3.151054e+01
    endloop
  endfacet
  facet normal 7.490461e-01 6.955217e-03 -6.624814e-01
    outer loop
      vertex   -2.178416e+01 5.500000e+00 3.127520e+01
      vertex   -2.160851e+01 9.000000e+00 3.151054e+01
      vertex   -2.142631e+01 5.500000e+00 3.167981e+01
    endloop
  endfacet
  facet normal 6.026189e-01 -7.221216e-03 -7.979964e-01
    outer loop
      vertex   -2.142631e+01 5.500000e+00 3.167981e+01
      vertex   -2.160851e+01 9.000000e+00 3.151054e+01
      vertex   -2.116861e+01 9.000000e+00 3.184274e+01
    endloop
  endfacet
  facet normal 4.658208e-01 6.894552e-03 -8.848522e-01
    outer loop
      vertex   -2.142631e+01 5.500000e+00 3.167981e+01
      vertex   -2.116861e+01 9.000000e+00 3.184274e+01
      vertex   -2.094835e+01 5.500000e+00 3.193143e+01
    endloop
  endfacet
  facet normal 2.736560e-01 -7.148420e-03 -9.618011e-01
    outer loop
      vertex   -2.094835e+01 5.500000e+00 3.193143e+01
      vertex   -2.116861e+01 9.000000e+00 3.184274e+01
      vertex   -2.063840e+01 9.000000e+00 3.199360e+01
    endloop
  endfacet
  facet normal 1.221915e-01 6.809625e-03 -9.924832e-01
    outer loop
      vertex   -2.094835e+01 5.500000e+00 3.193143e+01
      vertex   -2.063840e+01 9.000000e+00 3.199360e+01
      vertex   -2.041225e+01 5.500000e+00 3.199743e+01
    endloop
  endfacet
  facet normal -9.226607e-02 -7.051365e-03 -9.957094e-01
    outer loop
      vertex   -2.041225e+01 5.500000e+00 3.199743e+01
      vertex   -2.063840e+01 9.000000e+00 3.199360e+01
      vertex   -2.008951e+01 9.000000e+00 3.194274e+01
    endloop
  endfacet
  facet normal -2.372830e-01 6.700442e-03 -9.714175e-01
    outer loop
      vertex   -2.041225e+01 5.500000e+00 3.199743e+01
      vertex   -2.008951e+01 9.000000e+00 3.194274e+01
      vertex   -1.988752e+01 5.500000e+00 3.186926e+01
    endloop
  endfacet
  facet normal -4.457277e-01 -6.930056e-03 -8.951418e-01
    outer loop
      vertex   -1.988752e+01 5.500000e+00 3.186926e+01
      vertex   -2.008951e+01 9.000000e+00 3.194274e+01
      vertex   -1.959605e+01 9.000000e+00 3.169703e+01
    endloop
  endfacet
  facet normal -5.659892e-01 6.567009e-03 -8.243865e-01
    outer loop
      vertex   -1.988752e+01 5.500000e+00 3.186926e+01
      vertex   -1.959605e+01 9.000000e+00 3.169703e+01
      vertex   -1.944222e+01 5.500000e+00 3.156353e+01
    endloop
  endfacet
  facet normal -7.389919e-01 -6.784501e-03 -6.736801e-01
    outer loop
      vertex   -1.944222e+01 5.500000e+00 3.156353e+01
      vertex   -1.959605e+01 9.000000e+00 3.169703e+01
      vertex   -1.922467e+01 9.000000e+00 3.128965e+01
    endloop
  endfacet
  facet normal -7.714625e-01 -1.838939e-03 -6.362721e-01
    outer loop
      vertex   -1.944222e+01 5.500000e+00 3.156353e+01
      vertex   -1.922467e+01 9.000000e+00 3.128965e+01
      vertex   -1.925727e+01 5.497527e+00 3.133929e+01
    endloop
  endfacet
  facet normal -8.797658e-01 1.449157e-03 -4.754052e-01
    outer loop
      vertex   -1.925727e+01 5.497527e+00 3.133929e+01
      vertex   -1.922467e+01 9.000000e+00 3.128965e+01
      vertex   -1.911500e+01 5.492347e+00 3.107599e+01
    endloop
  endfacet
  facet normal -9.324484e-01 -7.152594e-03 -3.612324e-01
    outer loop
      vertex   -1.911500e+01 5.492347e+00 3.107599e+01
      vertex   -1.922467e+01 9.000000e+00 3.128965e+01
      vertex   -1.902554e+01 9.000000e+00 3.077562e+01
    endloop
  endfacet
  facet normal -9.574359e-01 -2.995971e-04 -2.886457e-01
    outer loop
      vertex   -1.911500e+01 5.492347e+00 3.107599e+01
      vertex   -1.902554e+01 9.000000e+00 3.077562e+01
      vertex   -1.902860e+01 5.487829e+00 3.078940e+01
    endloop
  endfacet
  facet normal -9.951536e-01 4.798164e-04 -9.833182e-02
    outer loop
      vertex   -1.902860e+01 5.487829e+00 3.078940e+01
      vertex   -1.902554e+01 9.000000e+00 3.077562e+01
      vertex   -1.900000e+01 5.486017e+00 3.050000e+01
    endloop
  endfacet
  facet normal -9.999736e-01 -7.268014e-03 0.000000e+00
    outer loop
      vertex   -1.900000e+01 5.486017e+00 3.050000e+01
      vertex   -1.902554e+01 9.000000e+00 3.077562e+01
      vertex   -1.902554e+01 9.000000e+00 3.022438e+01
    endloop
  endfacet
  facet normal -9.951536e-01 4.798164e-04 9.833182e-02
    outer loop
      vertex   -1.900000e+01 5.486017e+00 3.050000e+01
      vertex   -1.902554e+01 9.000000e+00 3.022438e+01
      vertex   -1.902860e+01 5.487829e+00 3.021060e+01
    endloop
  endfacet
  facet normal -9.574359e-01 -2.995971e-04 2.886457e-01
    outer loop
      vertex   -1.902860e+01 5.487829e+00 3.021060e+01
      vertex   -1.902554e+01 9.000000e+00 3.022438e+01
      vertex   -1.911500e+01 5.492347e+00 2.992401e+01
    endloop
  endfacet
  facet normal -9.324484e-01 -7.152594e-03 3.612324e-01
    outer loop
      vertex   -1.911500e+01 5.492347e+00 2.992401e+01
      vertex   -1.902554e+01 9.000000e+00 3.022438e+01
      vertex   -1.922467e+01 9.000000e+00 2.971035e+01
    endloop
  endfacet
  facet normal -7.071068e-01 -7.071068e-01 4.025878e-17
    outer loop
      vertex   -3.000000e+00 6.500000e+00 -5.000000e-01
      vertex   -3.000000e+00 6.500000e+00 3.850000e+01
      vertex   -7.000000e+00 1.050000e+01 3.500000e+00
    endloop
  endfacet
  facet normal -7.071068e-01 -7.071068e-01 0.000000e+00
    outer loop
      vertex   -7.000000e+00 1.050000e+01 3.500000e+00
      vertex   -3.000000e+00 6.500000e+00 3.850000e+01
      vertex   -7.000000e+00 1.050000e+01 3.850000e+01
    endloop
  endfacet
  facet normal 0.000000e+00 0.000000e+00 1.000000e+00
    outer loop
      vertex   -8.000000e+00 9.000000e+00 3.850000e+01
      vertex   -1.512882e+01 4.013123e+00 3.850000e+01
      vertex   -4.000000e+00 5.000000e+00 3.850000e+01
    endloop
  endfacet
  facet normal 0.000000e+00 0.000000e+00 1.000000e+00
    outer loop
      vertex   -4.000000e+00 5.000000e+00 3.850000e+01
      vertex   -1.512882e+01 4.013123e+00 3.850000e+01
      vertex   -1.427723e+01 3.224712e+00 3.850000e+01
    endloop
  endfacet
  facet normal 0.000000e+00 0.000000e+00 1.000000e+00
    outer loop
      vertex   -4.000000e+00 5.000000e+00 3.850000e+01
      vertex   -1.427723e+01 3.224712e+00 3.850000e+01
      vertex   -1.356762e+01 2.306441e+00 3.850000e+01
    endloop
  endfacet
  facet normal -0.000000e+00 0.000000e+00 1.000000e+00
    outer loop
      vertex   -2.950000e+01 9.000000e+00 3.850000e+01
      vertex   -1.944222e+01 5.500000e+00 3.850000e+01
      vertex   -8.000000e+00 9.000000e+00 3.850000e+01
    endloop
  endfacet
  facet normal 0.000000e+00 0.000000e+00 1.000000e+00
    outer loop
      vertex   -8.000000e+00 9.000000e+00 3.850000e+01
      vertex   -1.944222e+01 5.500000e+00 3.850000e+01
      vertex   -1.828571e+01 5.403801e+00 3.850000e+01
    endloop
  endfacet
  facet normal 0.000000e+00 0.000000e+00 1.000000e+00
    outer loop
      vertex   -8.000000e+00 9.000000e+00 3.850000e+01
      vertex   -1.828571e+01 5.403801e+00 3.850000e+01
      vertex   -1.716098e+01 5.117849e+00 3.850000e+01
    endloop
  endfacet
  facet normal 0.000000e+00 0.000000e+00 1.000000e+00
    outer loop
      vertex   -2.950000e+01 9.000000e+00 3.850000e+01
      vertex   -2.950000e+01 5.500000e+00 3.850000e+01
      vertex   -1.944222e+01 5.500000e+00 3.850000e+01
    endloop
  endfacet
  facet normal -0.000000e+00 0.000000e+00 1.000000e+00
    outer loop
      vertex   -1.716098e+01 5.117849e+00 3.850000e+01
      vertex   -1.609895e+01 4.650004e+00 3.850000e+01
      vertex   -8.000000e+00 9.000000e+00 3.850000e+01
    endloop
  endfacet
  facet normal 0.000000e+00 0.000000e+00 1.000000e+00
    outer loop
      vertex   -8.000000e+00 9.000000e+00 3.850000e+01
      vertex   -1.609895e+01 4.650004e+00 3.850000e+01
      vertex   -1.512882e+01 4.013123e+00 3.850000e+01
    endloop
  endfacet
  facet normal -0.000000e+00 0.000000e+00 1.000000e+00
    outer loop
      vertex   -1.356762e+01 2.306441e+00 3.850000e+01
      vertex   -1.301946e+01 1.283549e+00 3.850000e+01
      vertex   -4.000000e+00 5.000000e+00 3.850000e+01
    endloop
  endfacet
  facet normal 0.000000e+00 0.000000e+00 1.000000e+00
    outer loop
      vertex   -4.000000e+00 5.000000e+00 3.850000e+01
      vertex   -1.301946e+01 1.283549e+00 3.850000e+01
      vertex   -4.000000e+00 0.000000e+00 3.850000e+01
    endloop
  endfacet
  facet normal 0.000000e+00 0.000000e+00 1.000000e+00
    outer loop
      vertex   -4.000000e+00 0.000000e+00 3.850000e+01
      vertex   -1.301946e+01 1.283549e+00 3.850000e+01
      vertex   -1.264784e+01 1.841500e-01 3.850000e+01
    endloop
  endfacet
  facet normal 0.000000e+00 0.000000e+00 1.000000e+00
    outer loop
      vertex   -4.000000e+00 0.000000e+00 3.850000e+01
      vertex   -1.264784e+01 1.841500e-01 3.850000e+01
      vertex   -1.246296e+01 -9.615385e-01 3.850000e+01
    endloop
  endfacet
  facet normal 0.000000e+00 0.000000e+00 1.000000e+00
    outer loop
      vertex   -4.000000e+00 0.000000e+00 3.850000e+01
      vertex   -1.246296e+01 -9.615385e-01 3.850000e+01
      vertex   -3.893123e+00 -9.184731e-01 3.850000e+01
    endloop
  endfacet
  facet normal 0.000000e+00 0.000000e+00 1.000000e+00
    outer loop
      vertex   -3.893123e+00 -9.184731e-01 3.850000e+01
      vertex   -1.246296e+01 -9.615385e-01 3.850000e+01
      vertex   -1.222475e+01 -2.608711e+00 3.850000e+01
    endloop
  endfacet
  facet normal 0.000000e+00 0.000000e+00 1.000000e+00
    outer loop
      vertex   -3.893123e+00 -9.184731e-01 3.850000e+01
      vertex   -1.222475e+01 -2.608711e+00 3.850000e+01
      vertex   -3.578204e+00 -1.787864e+00 3.850000e+01
    endloop
  endfacet
  facet normal 0.000000e+00 0.000000e+00 1.000000e+00
    outer loop
      vertex   -3.578204e+00 -1.787864e+00 3.850000e+01
      vertex   -1.222475e+01 -2.608711e+00 3.850000e+01
      vertex   -1.176983e+01 -4.209638e+00 3.850000e+01
    endloop
  endfacet
  facet normal 0.000000e+00 0.000000e+00 1.000000e+00
    outer loop
      vertex   -3.578204e+00 -1.787864e+00 3.850000e+01
      vertex   -1.176983e+01 -4.209638e+00 3.850000e+01
      vertex   -3.072070e+00 -2.561715e+00 3.850000e+01
    endloop
  endfacet
  facet normal 0.000000e+00 0.000000e+00 1.000000e+00
    outer loop
      vertex   -3.072070e+00 -2.561715e+00 3.850000e+01
      vertex   -1.176983e+01 -4.209638e+00 3.850000e+01
      vertex   -1.110626e+01 -5.735939e+00 3.850000e+01
    endloop
  endfacet
  facet normal 0.000000e+00 0.000000e+00 1.000000e+00
    outer loop
      vertex   -3.072070e+00 -2.561715e+00 3.850000e+01
      vertex   -1.110626e+01 -5.735939e+00 3.850000e+01
      vertex   -2.401770e+00 -3.198671e+00 3.850000e+01
    endloop
  endfacet
  facet normal 0.000000e+00 0.000000e+00 1.000000e+00
    outer loop
      vertex   -2.401770e+00 -3.198671e+00 3.850000e+01
      vertex   -1.110626e+01 -5.735939e+00 3.850000e+01
      vertex   -1.024580e+01 -7.160556e+00 3.850000e+01
    endloop
  endfacet
  facet normal 0.000000e+00 0.000000e+00 1.000000e+00
    outer loop
      vertex   -2.401770e+00 -3.198671e+00 3.850000e+01
      vertex   -1.024580e+01 -7.160556e+00 3.850000e+01
      vertex   -1.603124e+00 -3.664696e+00 3.850000e+01
    endloop
  endfacet
  facet normal 0.000000e+00 0.000000e+00 1.000000e+00
    outer loop
      vertex   -1.603124e+00 -3.664696e+00 3.850000e+01
      vertex   -1.024580e+01 -7.160556e+00 3.850000e+01
      vertex   -9.203710e+00 -8.458234e+00 3.850000e+01
    endloop
  endfacet
  facet normal 0.000000e+00 0.000000e+00 1.000000e+00
    outer loop
      vertex   -1.603124e+00 -3.664696e+00 3.850000e+01
      vertex   -9.203710e+00 -8.458234e+00 3.850000e+01
      vertex   -7.188082e-01 -3.934884e+00 3.850000e+01
    endloop
  endfacet
  facet normal 0.000000e+00 0.000000e+00 1.000000e+00
    outer loop
      vertex   -7.188082e-01 -3.934884e+00 3.850000e+01
      vertex   -9.203710e+00 -8.458234e+00 3.850000e+01
      vertex   -7.998461e+00 -9.605968e+00 3.850000e+01
    endloop
  endfacet
  facet normal 0.000000e+00 0.000000e+00 1.000000e+00
    outer loop
      vertex   -7.188082e-01 -3.934884e+00 3.850000e+01
      vertex   -7.998461e+00 -9.605968e+00 3.850000e+01
      vertex   -6.651418e+00 -1.058341e+01 3.850000e+01
    endloop
  endfacet
  facet normal -0.000000e+00 0.000000e+00 1.000000e+00
    outer loop
      vertex   -6.651418e+00 -1.058341e+01 3.850000e+01
      vertex   -5.186463e+00 -1.137324e+01 3.850000e+01
      vertex   -7.188082e-01 -3.934884e+00 3.850000e+01
    endloop
  endfacet
  facet normal 0.000000e+00 0.000000e+00 1.000000e+00
    outer loop
      vertex   -7.188082e-01 -3.934884e+00 3.850000e+01
      vertex   -5.186463e+00 -1.137324e+01 3.850000e+01
      vertex   2.039192e-01 -3.994799e+00 3.850000e+01
    endloop
  endfacet
  facet normal 0.000000e+00 0.000000e+00 1.000000e+00
    outer loop
      vertex   2.039192e-01 -3.994799e+00 3.850000e+01
      vertex   -5.186463e+00 -1.137324e+01 3.850000e+01
      vertex   -3.629565e+00 -1.196145e+01 3.850000e+01
    endloop
  endfacet
  facet normal 0.000000e+00 0.000000e+00 1.000000e+00
    outer loop
      vertex   2.039192e-01 -3.994799e+00 3.850000e+01
      vertex   -3.629565e+00 -1.196145e+01 3.850000e+01
      vertex   -2.008323e+00 -1.233761e+01 3.850000e+01
    endloop
  endfacet
  facet normal -0.000000e+00 0.000000e+00 1.000000e+00
    outer loop
      vertex   -2.008323e+00 -1.233761e+01 3.850000e+01
      vertex   -3.514790e-01 -1.249506e+01 3.850000e+01
      vertex   2.039192e-01 -3.994799e+00 3.850000e+01
    endloop
  endfacet
  facet normal 0.000000e+00 0.000000e+00 1.000000e+00
    outer loop
      vertex   2.039192e-01 -3.994799e+00 3.850000e+01
      vertex   -3.514790e-01 -1.249506e+01 3.850000e+01
      vertex   1.311596e+00 -1.243100e+01 3.850000e+01
    endloop
  endfacet
  facet normal 0.000000e+00 0.000000e+00 1.000000e+00
    outer loop
      vertex   2.039192e-01 -3.994799e+00 3.850000e+01
      vertex   1.311596e+00 -1.243100e+01 3.850000e+01
      vertex   2.951419e+00 -1.214657e+01 3.850000e+01
    endloop
  endfacet
  facet normal 0.000000e+00 -0.000000e+00 1.000000e+00
    outer loop
      vertex   2.951419e+00 -1.214657e+01 3.850000e+01
      vertex   4.538922e+00 -1.164681e+01 3.850000e+01
      vertex   2.039192e-01 -3.994799e+00 3.850000e+01
    endloop
  endfacet
  facet normal 0.000000e+00 0.000000e+00 1.000000e+00
    outer loop
      vertex   2.039192e-01 -3.994799e+00 3.850000e+01
      vertex   4.538922e+00 -1.164681e+01 3.850000e+01
      vertex   6.045960e+00 -1.094058e+01 3.850000e+01
    endloop
  endfacet
  facet normal 0.000000e+00 0.000000e+00 1.000000e+00
    outer loop
      vertex   2.039192e-01 -3.994799e+00 3.850000e+01
      vertex   6.045960e+00 -1.094058e+01 3.850000e+01
      vertex   7.445819e+00 -1.004041e+01 3.850000e+01
    endloop
  endfacet
  facet normal -0.000000e+00 0.000000e+00 1.000000e+00
    outer loop
      vertex   2.039192e-01 -3.994799e+00 3.850000e+01
      vertex   7.445819e+00 -1.004041e+01 3.850000e+01
      vertex   1.115749e+00 -3.841237e+00 3.850000e+01
    endloop
  endfacet
  facet normal 0.000000e+00 0.000000e+00 1.000000e+00
    outer loop
      vertex   1.115749e+00 -3.841237e+00 3.850000e+01
      vertex   7.445819e+00 -1.004041e+01 3.850000e+01
      vertex   8.713682e+00 -8.962240e+00 3.850000e+01
    endloop
  endfacet
  facet normal 0.000000e+00 0.000000e+00 1.000000e+00
    outer loop
      vertex   1.115749e+00 -3.841237e+00 3.850000e+01
      vertex   8.713682e+00 -8.962240e+00 3.850000e+01
      vertex   9.827073e+00 -7.725194e+00 3.850000e+01
    endloop
  endfacet
  facet normal -0.000000e+00 0.000000e+00 1.000000e+00
    outer loop
      vertex   1.115749e+00 -3.841237e+00 3.850000e+01
      vertex   9.827073e+00 -7.725194e+00 3.850000e+01
      vertex   1.967956e+00 -3.482406e+00 3.850000e+01
    endloop
  endfacet
  facet normal 0.000000e+00 0.000000e+00 1.000000e+00
    outer loop
      vertex   1.967956e+00 -3.482406e+00 3.850000e+01
      vertex   9.827073e+00 -7.725194e+00 3.850000e+01
      vertex   1.076626e+01 -6.351201e+00 3.850000e+01
    endloop
  endfacet
  facet normal -0.000000e+00 0.000000e+00 1.000000e+00
    outer loop
      vertex   1.967956e+00 -3.482406e+00 3.850000e+01
      vertex   1.076626e+01 -6.351201e+00 3.850000e+01
      vertex   2.714997e+00 -2.937480e+00 3.850000e+01
    endloop
  endfacet
  facet normal 0.000000e+00 0.000000e+00 1.000000e+00
    outer loop
      vertex   2.714997e+00 -2.937480e+00 3.850000e+01
      vertex   1.076626e+01 -6.351201e+00 3.850000e+01
      vertex   1.151458e+01 -4.864616e+00 3.850000e+01
    endloop
  endfacet
  facet normal -0.000000e+00 0.000000e+00 1.000000e+00
    outer loop
      vertex   2.714997e+00 -2.937480e+00 3.850000e+01
      vertex   1.151458e+01 -4.864616e+00 3.850000e+01
      vertex   3.316954e+00 -2.235580e+00 3.850000e+01
    endloop
  endfacet
  facet normal 0.000000e+00 0.000000e+00 1.000000e+00
    outer loop
      vertex   3.316954e+00 -2.235580e+00 3.850000e+01
      vertex   1.151458e+01 -4.864616e+00 3.850000e+01
      vertex   1.205878e+01 -3.291794e+00 3.850000e+01
    endloop
  endfacet
  facet normal -0.000000e+00 0.000000e+00 1.000000e+00
    outer loop
      vertex   3.316954e+00 -2.235580e+00 3.850000e+01
      vertex   1.205878e+01 -3.291794e+00 3.850000e+01
      vertex   3.741657e+00 -1.414214e+00 3.850000e+01
    endloop
  endfacet
  facet normal 0.000000e+00 0.000000e+00 1.000000e+00
    outer loop
      vertex   3.741657e+00 -1.414214e+00 3.850000e+01
      vertex   1.205878e+01 -3.291794e+00 3.850000e+01
      vertex   1.238920e+01 -1.660616e+00 3.850000e+01
    endloop
  endfacet
  facet normal -0.000000e+00 0.000000e+00 1.000000e+00
    outer loop
      vertex   3.741657e+00 -1.414214e+00 3.850000e+01
      vertex   1.238920e+01 -1.660616e+00 3.850000e+01
      vertex   3.966412e+00 -5.172739e-01 3.850000e+01
    endloop
  endfacet
  facet normal -0.000000e+00 0.000000e+00 1.000000e+00
    outer loop
      vertex   3.966412e+00 -5.172739e-01 3.850000e+01
      vertex   1.238920e+01 -1.660616e+00 3.850000e+01
      vertex   1.250000e+01 0.000000e+00 3.850000e+01
    endloop
  endfacet
  facet normal 0.000000e+00 0.000000e+00 1.000000e+00
    outer loop
      vertex   3.966412e+00 -5.172739e-01 3.850000e+01
      vertex   1.250000e+01 0.000000e+00 3.850000e+01
      vertex   3.979208e+00 4.073080e-01 3.850000e+01
    endloop
  endfacet
  facet normal -0.000000e+00 -0.000000e+00 1.000000e+00
    outer loop
      vertex   3.979208e+00 4.073080e-01 3.850000e+01
      vertex   1.250000e+01 0.000000e+00 3.850000e+01
      vertex   3.779362e+00 1.310124e+00 3.850000e+01
    endloop
  endfacet
  facet normal -0.000000e+00 -0.000000e+00 1.000000e+00
    outer loop
      vertex   3.779362e+00 1.310124e+00 3.850000e+01
      vertex   1.250000e+01 0.000000e+00 3.850000e+01
      vertex   3.377552e+00 2.142929e+00 3.850000e+01
    endloop
  endfacet
  facet normal -0.000000e+00 -0.000000e+00 1.000000e+00
    outer loop
      vertex   3.377552e+00 2.142929e+00 3.850000e+01
      vertex   1.250000e+01 0.000000e+00 3.850000e+01
      vertex   2.795250e+00 2.861219e+00 3.850000e+01
    endloop
  endfacet
  facet normal -0.000000e+00 0.000000e+00 1.000000e+00
    outer loop
      vertex   2.795250e+00 2.861219e+00 3.850000e+01
      vertex   1.250000e+01 0.000000e+00 3.850000e+01
      vertex   1.250000e+01 1.250000e+01 3.850000e+01
    endloop
  endfacet
  facet normal 0.000000e+00 -0.000000e+00 1.000000e+00
    outer loop
      vertex   2.795250e+00 2.861219e+00 3.850000e+01
      vertex   1.250000e+01 1.250000e+01 3.850000e+01
      vertex   2.063575e+00 3.426610e+00 3.850000e+01
    endloop
  endfacet
  facet normal 0.000000e+00 -0.000000e+00 1.000000e+00
    outer loop
      vertex   2.063575e+00 3.426610e+00 3.850000e+01
      vertex   1.250000e+01 1.250000e+01 3.850000e+01
      vertex   1.221626e+00 3.808888e+00 3.850000e+01
    endloop
  endfacet
  facet normal 0.000000e+00 -0.000000e+00 1.000000e+00
    outer loop
      vertex   1.221626e+00 3.808888e+00 3.850000e+01
      vertex   1.250000e+01 1.250000e+01 3.850000e+01
      vertex   -3.000000e+00 6.500000e+00 3.850000e+01
    endloop
  endfacet
  facet normal 0.000000e+00 0.000000e+00 1.000000e+00
    outer loop
      vertex   1.221626e+00 3.808888e+00 3.850000e+01
      vertex   -3.000000e+00 6.500000e+00 3.850000e+01
      vertex   3.143944e-01 3.987625e+00 3.850000e+01
    endloop
  endfacet
  facet normal 0.000000e+00 0.000000e+00 1.000000e+00
    outer loop
      vertex   3.143944e-01 3.987625e+00 3.850000e+01
      vertex   -3.000000e+00 6.500000e+00 3.850000e+01
      vertex   -6.096376e-01 3.953270e+00 3.850000e+01
    endloop
  endfacet
  facet normal 0.000000e+00 0.000000e+00 1.000000e+00
    outer loop
      vertex   -6.096376e-01 3.953270e+00 3.850000e+01
      vertex   -3.000000e+00 6.500000e+00 3.850000e+01
      vertex   -1.501092e+00 3.707658e+00 3.850000e+01
    endloop
  endfacet
  facet normal 0.000000e+00 0.000000e+00 1.000000e+00
    outer loop
      vertex   -1.501092e+00 3.707658e+00 3.850000e+01
      vertex   -3.000000e+00 6.500000e+00 3.850000e+01
      vertex   -2.312329e+00 3.263914e+00 3.850000e+01
    endloop
  endfacet
  facet normal 0.000000e+00 0.000000e+00 1.000000e+00
    outer loop
      vertex   -2.312329e+00 3.263914e+00 3.850000e+01
      vertex   -3.000000e+00 6.500000e+00 3.850000e+01
      vertex   -3.000000e+00 2.645751e+00 3.850000e+01
    endloop
  endfacet
  facet normal 0.000000e+00 -0.000000e+00 1.000000e+00
    outer loop
      vertex   -3.000000e+00 6.500000e+00 3.850000e+01
      vertex   1.250000e+01 1.250000e+01 3.850000e+01
      vertex   -7.000000e+00 1.050000e+01 3.850000e+01
    endloop
  endfacet
  facet normal 0.000000e+00 -0.000000e+00 1.000000e+00
    outer loop
      vertex   -7.000000e+00 1.050000e+01 3.850000e+01
      vertex   1.250000e+01 1.250000e+01 3.850000e+01
      vertex   -2.950000e+01 1.250000e+01 3.850000e+01
    endloop
  endfacet
  facet normal 0.000000e+00 0.000000e+00 1.000000e+00
    outer loop
      vertex   -7.000000e+00 1.050000e+01 3.850000e+01
      vertex   -2.950000e+01 1.250000e+01 3.850000e+01
      vertex   -2.950000e+01 1.050000e+01 3.850000e+01
    endloop
  endfacet
  facet normal -5.921189e-16 1.000000e+00 -3.167557e-15
    outer loop
      vertex   -2.050000e+01 9.000000e+00 4.000000e+00
      vertex   -2.950000e+01 9.000000e+00 4.000000e+00
      vertex   -2.104186e+01 9.000000e+00 4.101292e+00
    endloop
  endfacet
  facet normal -6.180976e-16 1.000000e+00 -9.982620e-16
    outer loop
      vertex   -2.104186e+01 9.000000e+00 4.101292e+00
      vertex   -2.950000e+01 9.000000e+00 4.000000e+00
      vertex   -2.151054e+01 9.000000e+00 4.391487e+00
    endloop
  endfacet
  facet normal -6.432119e-16 1.000000e+00 -4.857311e-16
    outer loop
      vertex   -2.151054e+01 9.000000e+00 4.391487e+00
      vertex   -2.950000e+01 9.000000e+00 4.000000e+00
      vertex   -2.184274e+01 9.000000e+00 4.831392e+00
    endloop
  endfacet
  facet normal -6.750951e-16 1.000000e+00 -1.920811e-16
    outer loop
      vertex   -2.184274e+01 9.000000e+00 4.831392e+00
      vertex   -2.950000e+01 9.000000e+00 4.000000e+00
      vertex   -2.199360e+01 9.000000e+00 5.361597e+00
    endloop
  endfacet
  facet normal -7.220740e-16 1.000000e+00 6.691001e-17
    outer loop
      vertex   -2.199360e+01 9.000000e+00 5.361597e+00
      vertex   -2.950000e+01 9.000000e+00 4.000000e+00
      vertex   -2.194274e+01 9.000000e+00 5.910494e+00
    endloop
  endfacet
  facet normal -7.139594e-16 1.000000e+00 3.481155e-17
    outer loop
      vertex   -2.194274e+01 9.000000e+00 5.910494e+00
      vertex   -2.950000e+01 9.000000e+00 4.000000e+00
      vertex   -2.650000e+01 9.000000e+00 1.450000e+01
    endloop
  endfacet
  facet normal 1.381049e-15 1.000000e+00 1.146342e-15
    outer loop
      vertex   -2.194274e+01 9.000000e+00 5.910494e+00
      vertex   -2.650000e+01 9.000000e+00 1.450000e+01
      vertex   -2.530563e+01 9.000000e+00 1.461067e+01
    endloop
  endfacet
  facet normal -5.921189e-16 1.000000e+00 0.000000e+00
    outer loop
      vertex   -2.950000e+01 9.000000e+00 4.000000e+00
      vertex   -2.950000e+01 9.000000e+00 1.450000e+01
      vertex   -2.650000e+01 9.000000e+00 1.450000e+01
    endloop
  endfacet
  facet normal -6.925310e-16 1.000000e+00 3.448394e-16
    outer loop
      vertex   -2.194274e+01 9.000000e+00 5.910494e+00
      vertex   -2.530563e+01 9.000000e+00 1.461067e+01
      vertex   -2.169703e+01 9.000000e+00 6.403952e+00
    endloop
  endfacet
  facet normal -1.642127e-16 1.000000e+00 5.771478e-16
    outer loop
      vertex   -2.169703e+01 9.000000e+00 6.403952e+00
      vertex   -2.530563e+01 9.000000e+00 1.461067e+01
      vertex   -2.415193e+01 9.000000e+00 1.493893e+01
    endloop
  endfacet
  facet normal -4.509539e-16 1.000000e+00 4.946729e-16
    outer loop
      vertex   -2.169703e+01 9.000000e+00 6.403952e+00
      vertex   -2.415193e+01 9.000000e+00 1.493893e+01
      vertex   -2.128965e+01 9.000000e+00 6.775326e+00
    endloop
  endfacet
  facet normal -1.685203e-15 1.000000e+00 6.192693e-17
    outer loop
      vertex   -2.128965e+01 9.000000e+00 6.775326e+00
      vertex   -2.415193e+01 9.000000e+00 1.493893e+01
      vertex   -2.307819e+01 9.000000e+00 1.547359e+01
    endloop
  endfacet
  facet normal -1.465559e-16 1.000000e+00 3.783045e-16
    outer loop
      vertex   -2.128965e+01 9.000000e+00 6.775326e+00
      vertex   -2.307819e+01 9.000000e+00 1.547359e+01
      vertex   -2.077562e+01 9.000000e+00 6.974460e+00
    endloop
  endfacet
  facet normal -2.620530e-16 1.000000e+00 3.470143e-16
    outer loop
      vertex   -2.077562e+01 9.000000e+00 6.974460e+00
      vertex   -2.307819e+01 9.000000e+00 1.547359e+01
      vertex   -2.212098e+01 9.000000e+00 1.619644e+01
    endloop
  endfacet
  facet normal -0.000000e+00 1.000000e+00 3.852440e-16
    outer loop
      vertex   -2.077562e+01 9.000000e+00 6.974460e+00
      vertex   -2.212098e+01 9.000000e+00 1.619644e+01
      vertex   -2.022438e+01 9.000000e+00 6.974460e+00
    endloop
  endfacet
  facet normal -3.448048e-16 1.000000e+00 3.143311e-16
    outer loop
      vertex   -2.022438e+01 9.000000e+00 6.974460e+00
      vertex   -2.212098e+01 9.000000e+00 1.619644e+01
      vertex   -2.131289e+01 9.000000e+00 1.708287e+01
    endloop
  endfacet
  facet normal 1.420840e-16 1.000000e+00 3.667611e-16
    outer loop
      vertex   -2.022438e+01 9.000000e+00 6.974460e+00
      vertex   -2.131289e+01 9.000000e+00 1.708287e+01
      vertex   -1.971035e+01 9.000000e+00 6.775326e+00
    endloop
  endfacet
  facet normal -4.449401e-16 1.000000e+00 2.754953e-16
    outer loop
      vertex   -1.971035e+01 9.000000e+00 6.775326e+00
      vertex   -2.131289e+01 9.000000e+00 1.708287e+01
      vertex   -2.068144e+01 9.000000e+00 1.810270e+01
    endloop
  endfacet
  facet normal 3.101601e-16 1.000000e+00 3.402294e-16
    outer loop
      vertex   -1.971035e+01 9.000000e+00 6.775326e+00
      vertex   -2.068144e+01 9.000000e+00 1.810270e+01
      vertex   -1.930297e+01 9.000000e+00 6.403952e+00
    endloop
  endfacet
  facet normal -6.010766e-16 1.000000e+00 2.328583e-16
    outer loop
      vertex   -1.930297e+01 9.000000e+00 6.403952e+00
      vertex   -2.068144e+01 9.000000e+00 1.810270e+01
      vertex   -2.024813e+01 9.000000e+00 1.922119e+01
    endloop
  endfacet
  facet normal 6.534246e-16 1.000000e+00 3.253668e-16
    outer loop
      vertex   -1.930297e+01 9.000000e+00 6.403952e+00
      vertex   -2.024813e+01 9.000000e+00 1.922119e+01
      vertex   -1.905726e+01 9.000000e+00 5.910494e+00
    endloop
  endfacet
  facet normal 4.684072e-17 1.000000e+00 2.710974e-16
    outer loop
      vertex   -1.905726e+01 9.000000e+00 5.910494e+00
      vertex   -2.024813e+01 9.000000e+00 1.922119e+01
      vertex   -8.000000e+00 9.000000e+00 4.000000e+00
    endloop
  endfacet
  facet normal 0.000000e+00 1.000000e+00 0.000000e+00
    outer loop
      vertex   -1.905726e+01 9.000000e+00 5.910494e+00
      vertex   -8.000000e+00 9.000000e+00 4.000000e+00
      vertex   -1.900640e+01 9.000000e+00 5.361597e+00
    endloop
  endfacet
  facet normal 0.000000e+00 1.000000e+00 0.000000e+00
    outer loop
      vertex   -1.900640e+01 9.000000e+00 5.361597e+00
      vertex   -8.000000e+00 9.000000e+00 4.000000e+00
      vertex   -1.915726e+01 9.000000e+00 4.831392e+00
    endloop
  endfacet
  facet normal 0.000000e+00 1.000000e+00 0.000000e+00
    outer loop
      vertex   -1.915726e+01 9.000000e+00 4.831392e+00
      vertex   -8.000000e+00 9.000000e+00 4.000000e+00
      vertex   -1.948946e+01 9.000000e+00 4.391487e+00
    endloop
  endfacet
  facet normal 0.000000e+00 1.000000e+00 0.000000e+00
    outer loop
      vertex   -1.948946e+01 9.000000e+00 4.391487e+00
      vertex   -8.000000e+00 9.000000e+00 4.000000e+00
      vertex   -1.995814e+01 9.000000e+00 4.101292e+00
    endloop
  endfacet
  facet normal 0.000000e+00 1.000000e+00 0.000000e+00
    outer loop
      vertex   -1.995814e+01 9.000000e+00 4.101292e+00
      vertex   -8.000000e+00 9.000000e+00 4.000000e+00
      vertex   -2.050000e+01 9.000000e+00 4.000000e+00
    endloop
  endfacet
  facet normal -2.353809e-16 1.000000e+00 4.400031e-17
    outer loop
      vertex   -2.024813e+01 9.000000e+00 1.922119e+01
      vertex   -2.002773e+01 9.000000e+00 2.040026e+01
      vertex   -8.000000e+00 9.000000e+00 4.000000e+00
    endloop
  endfacet
  facet normal -2.953770e-16 1.000000e+00 0.000000e+00
    outer loop
      vertex   -8.000000e+00 9.000000e+00 4.000000e+00
      vertex   -2.002773e+01 9.000000e+00 2.040026e+01
      vertex   -2.002773e+01 9.000000e+00 2.159974e+01
    endloop
  endfacet
  facet normal -2.953770e-16 1.000000e+00 0.000000e+00
    outer loop
      vertex   -8.000000e+00 9.000000e+00 4.000000e+00
      vertex   -2.002773e+01 9.000000e+00 2.159974e+01
      vertex   -8.000000e+00 9.000000e+00 3.850000e+01
    endloop
  endfacet
  facet normal 3.387301e-16 1.000000e+00 -4.512871e-16
    outer loop
      vertex   -8.000000e+00 9.000000e+00 3.850000e+01
      vertex   -2.002773e+01 9.000000e+00 2.159974e+01
      vertex   -1.902554e+01 9.000000e+00 3.022438e+01
    endloop
  endfacet
  facet normal 0.000000e+00 1.000000e+00 0.000000e+00
    outer loop
      vertex   -8.000000e+00 9.000000e+00 3.850000e+01
      vertex   -1.902554e+01 9.000000e+00 3.022438e+01
      vertex   -1.902554e+01 9.000000e+00 3.077562e+01
    endloop
  endfacet
  facet normal 1.518895e-15 1.000000e+00 -5.884229e-16
    outer loop
      vertex   -1.902554e+01 9.000000e+00 3.022438e+01
      vertex   -2.002773e+01 9.000000e+00 2.159974e+01
      vertex   -1.922467e+01 9.000000e+00 2.971035e+01
    endloop
  endfacet
  facet normal -1.531878e-15 1.000000e+00 -2.863576e-16
    outer loop
      vertex   -1.922467e+01 9.000000e+00 2.971035e+01
      vertex   -2.002773e+01 9.000000e+00 2.159974e+01
      vertex   -2.024813e+01 9.000000e+00 2.277881e+01
    endloop
  endfacet
  facet normal 6.708959e-16 1.000000e+00 -6.116024e-16
    outer loop
      vertex   -1.922467e+01 9.000000e+00 2.971035e+01
      vertex   -2.024813e+01 9.000000e+00 2.277881e+01
      vertex   -1.959605e+01 9.000000e+00 2.930297e+01
    endloop
  endfacet
  facet normal -1.117360e-15 1.000000e+00 -4.328676e-16
    outer loop
      vertex   -1.959605e+01 9.000000e+00 2.930297e+01
      vertex   -2.024813e+01 9.000000e+00 2.277881e+01
      vertex   -2.068144e+01 9.000000e+00 2.389730e+01
    endloop
  endfacet
  facet normal 3.636101e-16 1.000000e+00 -7.302275e-16
    outer loop
      vertex   -1.959605e+01 9.000000e+00 2.930297e+01
      vertex   -2.068144e+01 9.000000e+00 2.389730e+01
      vertex   -2.008951e+01 9.000000e+00 2.905726e+01
    endloop
  endfacet
  facet normal -9.381721e-16 1.000000e+00 -5.808916e-16
    outer loop
      vertex   -2.008951e+01 9.000000e+00 2.905726e+01
      vertex   -2.068144e+01 9.000000e+00 2.389730e+01
      vertex   -2.131289e+01 9.000000e+00 2.491713e+01
    endloop
  endfacet
  facet normal 8.175464e-17 1.000000e+00 -8.822731e-16
    outer loop
      vertex   -2.008951e+01 9.000000e+00 2.905726e+01
      vertex   -2.131289e+01 9.000000e+00 2.491713e+01
      vertex   -2.063840e+01 9.000000e+00 2.900640e+01
    endloop
  endfacet
  facet normal -8.070037e-16 1.000000e+00 -7.356811e-16
    outer loop
      vertex   -2.063840e+01 9.000000e+00 2.900640e+01
      vertex   -2.131289e+01 9.000000e+00 2.491713e+01
      vertex   -2.212098e+01 9.000000e+00 2.580356e+01
    endloop
  endfacet
  facet normal -2.788762e-16 1.000000e+00 -9.801482e-16
    outer loop
      vertex   -2.063840e+01 9.000000e+00 2.900640e+01
      vertex   -2.212098e+01 9.000000e+00 2.580356e+01
      vertex   -2.116861e+01 9.000000e+00 2.915726e+01
    endloop
  endfacet
  facet normal -6.587171e-16 1.000000e+00 -8.722824e-16
    outer loop
      vertex   -2.116861e+01 9.000000e+00 2.915726e+01
      vertex   -2.212098e+01 9.000000e+00 2.580356e+01
      vertex   -2.160851e+01 9.000000e+00 2.948946e+01
    endloop
  endfacet
  facet normal -6.587171e-16 1.000000e+00 -8.722824e-16
    outer loop
      vertex   -2.160851e+01 9.000000e+00 2.948946e+01
      vertex   -2.212098e+01 9.000000e+00 2.580356e+01
      vertex   -2.307819e+01 9.000000e+00 2.652641e+01
    endloop
  endfacet
  facet normal -1.075173e-15 1.000000e+00 -6.657191e-16
    outer loop
      vertex   -2.160851e+01 9.000000e+00 2.948946e+01
      vertex   -2.307819e+01 9.000000e+00 2.652641e+01
      vertex   -2.189871e+01 9.000000e+00 2.995814e+01
    endloop
  endfacet
  facet normal -1.852775e-15 1.000000e+00 -3.984577e-16
    outer loop
      vertex   -2.189871e+01 9.000000e+00 2.995814e+01
      vertex   -2.307819e+01 9.000000e+00 2.652641e+01
      vertex   -2.415193e+01 9.000000e+00 2.706107e+01
    endloop
  endfacet
  facet normal -1.906797e-15 1.000000e+00 -3.564420e-16
    outer loop
      vertex   -2.189871e+01 9.000000e+00 2.995814e+01
      vertex   -2.415193e+01 9.000000e+00 2.706107e+01
      vertex   -2.200000e+01 9.000000e+00 3.050000e+01
    endloop
  endfacet
  facet normal -3.742715e-16 1.000000e+00 -1.315428e-15
    outer loop
      vertex   -2.200000e+01 9.000000e+00 3.050000e+01
      vertex   -2.415193e+01 9.000000e+00 2.706107e+01
      vertex   -2.530563e+01 9.000000e+00 2.738933e+01
    endloop
  endfacet
  facet normal -1.956238e-15 1.000000e+00 3.656843e-16
    outer loop
      vertex   -2.200000e+01 9.000000e+00 3.050000e+01
      vertex   -2.530563e+01 9.000000e+00 2.738933e+01
      vertex   -2.189871e+01 9.000000e+00 3.104186e+01
    endloop
  endfacet
  facet normal -1.244410e-16 1.000000e+00 -1.342932e-15
    outer loop
      vertex   -2.189871e+01 9.000000e+00 3.104186e+01
      vertex   -2.530563e+01 9.000000e+00 2.738933e+01
      vertex   -2.650000e+01 9.000000e+00 2.750000e+01
    endloop
  endfacet
  facet normal -9.572170e-16 1.000000e+00 -2.610592e-16
    outer loop
      vertex   -2.189871e+01 9.000000e+00 3.104186e+01
      vertex   -2.650000e+01 9.000000e+00 2.750000e+01
      vertex   -2.950000e+01 9.000000e+00 3.850000e+01
    endloop
  endfacet
  facet normal 0.000000e+00 1.000000e+00 0.000000e+00
    outer loop
      vertex   -2.950000e+01 9.000000e+00 3.850000e+01
      vertex   -2.650000e+01 9.000000e+00 2.750000e+01
      vertex   -2.950000e+01 9.000000e+00 2.750000e+01
    endloop
  endfacet
  facet normal -2.478637e-16 1.000000e+00 4.569819e-16
    outer loop
      vertex   -8.000000e+00 9.000000e+00 3.850000e+01
      vertex   -2.008951e+01 9.000000e+00 3.194274e+01
      vertex   -2.950000e+01 9.000000e+00 3.850000e+01
    endloop
  endfacet
  facet normal 8.685828e-17 1.000000e+00 9.373501e-16
    outer loop
      vertex   -2.950000e+01 9.000000e+00 3.850000e+01
      vertex   -2.008951e+01 9.000000e+00 3.194274e+01
      vertex   -2.063840e+01 9.000000e+00 3.199360e+01
    endloop
  endfacet
  facet normal -1.679547e-16 1.000000e+00 5.902995e-16
    outer loop
      vertex   -2.950000e+01 9.000000e+00 3.850000e+01
      vertex   -2.063840e+01 9.000000e+00 3.199360e+01
      vertex   -2.116861e+01 9.000000e+00 3.184274e+01
    endloop
  endfacet
  facet normal 0.000000e+00 1.000000e+00 -0.000000e+00
    outer loop
      vertex   -1.902554e+01 9.000000e+00 3.077562e+01
      vertex   -1.922467e+01 9.000000e+00 3.128965e+01
      vertex   -8.000000e+00 9.000000e+00 3.850000e+01
    endloop
  endfacet
  facet normal 0.000000e+00 1.000000e+00 0.000000e+00
    outer loop
      vertex   -8.000000e+00 9.000000e+00 3.850000e+01
      vertex   -1.922467e+01 9.000000e+00 3.128965e+01
      vertex   -1.959605e+01 9.000000e+00 3.169703e+01
    endloop
  endfacet
  facet normal 0.000000e+00 1.000000e+00 0.000000e+00
    outer loop
      vertex   -8.000000e+00 9.000000e+00 3.850000e+01
      vertex   -1.959605e+01 9.000000e+00 3.169703e+01
      vertex   -2.008951e+01 9.000000e+00 3.194274e+01
    endloop
  endfacet
  facet normal -3.107869e-16 1.000000e+00 4.115484e-16
    outer loop
      vertex   -2.116861e+01 9.000000e+00 3.184274e+01
      vertex   -2.160851e+01 9.000000e+00 3.151054e+01
      vertex   -2.950000e+01 9.000000e+00 3.850000e+01
    endloop
  endfacet
  facet normal -4.361236e-16 1.000000e+00 2.700363e-16
    outer loop
      vertex   -2.950000e+01 9.000000e+00 3.850000e+01
      vertex   -2.160851e+01 9.000000e+00 3.151054e+01
      vertex   -2.189871e+01 9.000000e+00 3.104186e+01
    endloop
  endfacet
  facet normal -9.863613e-01 0.000000e+00 1.645946e-01
    outer loop
      vertex   1.014163e+01 1.250000e+01 -5.149399e+00
      vertex   1.025000e+01 -2.500000e+00 -4.500000e+00
      vertex   1.025000e+01 1.250000e+01 -4.500000e+00
    endloop
  endfacet
  facet normal -9.863613e-01 -0.000000e+00 -1.645946e-01
    outer loop
      vertex   1.025000e+01 1.250000e+01 -4.500000e+00
      vertex   1.025000e+01 -2.500000e+00 -4.500000e+00
      vertex   1.014163e+01 -2.500000e+00 -3.850601e+00
    endloop
  endfacet
  facet normal -9.863613e-01 -5.620998e-18 -1.645946e-01
    outer loop
      vertex   1.025000e+01 1.250000e+01 -4.500000e+00
      vertex   1.014163e+01 -2.500000e+00 -3.850601e+00
      vertex   1.014163e+01 1.250000e+01 -3.850601e+00
    endloop
  endfacet
  facet normal -8.794738e-01 -1.409087e-17 -4.759474e-01
    outer loop
      vertex   1.014163e+01 1.250000e+01 -3.850601e+00
      vertex   1.014163e+01 -2.500000e+00 -3.850601e+00
      vertex   9.828281e+00 -2.500000e+00 -3.271575e+00
    endloop
  endfacet
  facet normal -8.794738e-01 0.000000e+00 -4.759474e-01
    outer loop
      vertex   1.014163e+01 1.250000e+01 -3.850601e+00
      vertex   9.828281e+00 -2.500000e+00 -3.271575e+00
      vertex   9.828281e+00 1.250000e+01 -3.271575e+00
    endloop
  endfacet
  facet normal -6.772816e-01 -0.000000e+00 -7.357239e-01
    outer loop
      vertex   9.828281e+00 1.250000e+01 -3.271575e+00
      vertex   9.828281e+00 -2.500000e+00 -3.271575e+00
      vertex   9.343896e+00 -2.500000e+00 -2.825667e+00
    endloop
  endfacet
  facet normal -6.772816e-01 0.000000e+00 -7.357239e-01
    outer loop
      vertex   9.828281e+00 1.250000e+01 -3.271575e+00
      vertex   9.343896e+00 -2.500000e+00 -2.825667e+00
      vertex   9.343896e+00 1.250000e+01 -2.825667e+00
    endloop
  endfacet
  facet normal -4.016954e-01 -0.000000e+00 -9.157733e-01
    outer loop
      vertex   9.343896e+00 1.250000e+01 -2.825667e+00
      vertex   9.343896e+00 -2.500000e+00 -2.825667e+00
      vertex   8.740971e+00 -2.500000e+00 -2.561199e+00
    endloop
  endfacet
  facet normal -4.016954e-01 1.967349e-17 -9.157733e-01
    outer loop
      vertex   9.343896e+00 1.250000e+01 -2.825667e+00
      vertex   8.740971e+00 -2.500000e+00 -2.561199e+00
      vertex   8.740971e+00 1.250000e+01 -2.561199e+00
    endloop
  endfacet
  facet normal -8.257935e-02 -1.972547e-17 -9.965845e-01
    outer loop
      vertex   8.740971e+00 1.250000e+01 -2.561199e+00
      vertex   8.740971e+00 -2.500000e+00 -2.561199e+00
      vertex   8.084841e+00 -2.500000e+00 -2.506831e+00
    endloop
  endfacet
  facet normal -8.257935e-02 9.836746e-18 -9.965845e-01
    outer loop
      vertex   8.740971e+00 1.250000e+01 -2.561199e+00
      vertex   8.084841e+00 -2.500000e+00 -2.506831e+00
      vertex   8.084841e+00 1.250000e+01 -2.506831e+00
    endloop
  endfacet
  facet normal 2.454855e-01 -2.907132e-17 -9.694003e-01
    outer loop
      vertex   8.084841e+00 1.250000e+01 -2.506831e+00
      vertex   8.084841e+00 -2.500000e+00 -2.506831e+00
      vertex   7.446609e+00 -2.500000e+00 -2.668453e+00
    endloop
  endfacet
  facet normal 2.454855e-01 7.166772e-17 -9.694003e-01
    outer loop
      vertex   8.084841e+00 1.250000e+01 -2.506831e+00
      vertex   7.446609e+00 -2.500000e+00 -2.668453e+00
      vertex   7.446609e+00 1.250000e+01 -2.668453e+00
    endloop
  endfacet
  facet normal 5.469482e-01 4.196948e-17 -8.371665e-01
    outer loop
      vertex   7.446609e+00 1.250000e+01 -2.668453e+00
      vertex   7.446609e+00 -2.500000e+00 -2.668453e+00
      vertex   6.895437e+00 -2.500000e+00 -3.028552e+00
    endloop
  endfacet
  facet normal 5.469482e-01 1.686299e-17 -8.371665e-01
    outer loop
      vertex   7.446609e+00 1.250000e+01 -2.668453e+00
      vertex   6.895437e+00 -2.500000e+00 -3.028552e+00
      vertex   6.895437e+00 1.250000e+01 -3.028552e+00
    endloop
  endfacet
  facet normal 7.891405e-01 -1.035781e-17 -6.142127e-01
    outer loop
      vertex   6.895437e+00 1.250000e+01 -3.028552e+00
      vertex   6.895437e+00 -2.500000e+00 -3.028552e+00
      vertex   6.491052e+00 -2.500000e+00 -3.548105e+00
    endloop
  endfacet
  facet normal 7.891405e-01 -1.124200e-17 -6.142127e-01
    outer loop
      vertex   6.895437e+00 1.250000e+01 -3.028552e+00
      vertex   6.491052e+00 -2.500000e+00 -3.548105e+00
      vertex   6.491052e+00 1.250000e+01 -3.548105e+00
    endloop
  endfacet
  facet normal 9.458172e-01 -3.677756e-17 -3.246995e-01
    outer loop
      vertex   6.491052e+00 1.250000e+01 -3.548105e+00
      vertex   6.491052e+00 -2.500000e+00 -3.548105e+00
      vertex   6.277277e+00 -2.500000e+00 -4.170811e+00
    endloop
  endfacet
  facet normal 9.458172e-01 1.686299e-17 -3.246995e-01
    outer loop
      vertex   6.491052e+00 1.250000e+01 -3.548105e+00
      vertex   6.277277e+00 -2.500000e+00 -4.170811e+00
      vertex   6.277277e+00 1.250000e+01 -4.170811e+00
    endloop
  endfacet
  facet normal 1.000000e+00 0.000000e+00 0.000000e+00
    outer loop
      vertex   6.277277e+00 1.250000e+01 -4.170811e+00
      vertex   6.277277e+00 -2.500000e+00 -4.170811e+00
      vertex   6.277277e+00 -2.500000e+00 -4.829189e+00
    endloop
  endfacet
  facet normal 1.000000e+00 0.000000e+00 0.000000e+00
    outer loop
      vertex   6.277277e+00 1.250000e+01 -4.170811e+00
      vertex   6.277277e+00 -2.500000e+00 -4.829189e+00
      vertex   6.277277e+00 1.250000e+01 -4.829189e+00
    endloop
  endfacet
  facet normal 9.458172e-01 -1.922607e-17 3.246995e-01
    outer loop
      vertex   6.277277e+00 1.250000e+01 -4.829189e+00
      vertex   6.277277e+00 -2.500000e+00 -4.829189e+00
      vertex   6.491052e+00 -2.500000e+00 -5.451895e+00
    endloop
  endfacet
  facet normal 9.458172e-01 1.967349e-17 3.246995e-01
    outer loop
      vertex   6.277277e+00 1.250000e+01 -4.829189e+00
      vertex   6.491052e+00 -2.500000e+00 -5.451895e+00
      vertex   6.491052e+00 1.250000e+01 -5.451895e+00
    endloop
  endfacet
  facet normal 7.891405e-01 -2.601089e-17 6.142127e-01
    outer loop
      vertex   6.491052e+00 1.250000e+01 -5.451895e+00
      vertex   6.491052e+00 -2.500000e+00 -5.451895e+00
      vertex   6.895437e+00 -2.500000e+00 -5.971448e+00
    endloop
  endfacet
  facet normal 7.891405e-01 1.124200e-17 6.142127e-01
    outer loop
      vertex   6.491052e+00 1.250000e+01 -5.451895e+00
      vertex   6.895437e+00 -2.500000e+00 -5.971448e+00
      vertex   6.895437e+00 1.250000e+01 -5.971448e+00
    endloop
  endfacet
  facet normal 5.469482e-01 -1.718438e-17 8.371665e-01
    outer loop
      vertex   6.895437e+00 1.250000e+01 -5.971448e+00
      vertex   6.895437e+00 -2.500000e+00 -5.971448e+00
      vertex   7.446609e+00 -2.500000e+00 -6.331547e+00
    endloop
  endfacet
  facet normal 5.469482e-01 -6.745198e-17 8.371665e-01
    outer loop
      vertex   6.895437e+00 1.250000e+01 -5.971448e+00
      vertex   7.446609e+00 -2.500000e+00 -6.331547e+00
      vertex   7.446609e+00 1.250000e+01 -6.331547e+00
    endloop
  endfacet
  facet normal 2.454855e-01 -1.002644e-16 9.694003e-01
    outer loop
      vertex   7.446609e+00 1.250000e+01 -6.331547e+00
      vertex   7.446609e+00 -2.500000e+00 -6.331547e+00
      vertex   8.084841e+00 -2.500000e+00 -6.493169e+00
    endloop
  endfacet
  facet normal 2.454855e-01 2.951024e-17 9.694003e-01
    outer loop
      vertex   7.446609e+00 1.250000e+01 -6.331547e+00
      vertex   8.084841e+00 -2.500000e+00 -6.493169e+00
      vertex   8.084841e+00 1.250000e+01 -6.493169e+00
    endloop
  endfacet
  facet normal -8.257935e-02 -9.779359e-18 9.965845e-01
    outer loop
      vertex   8.084841e+00 1.250000e+01 -6.493169e+00
      vertex   8.084841e+00 -2.500000e+00 -6.493169e+00
      vertex   8.740971e+00 -2.500000e+00 -6.438801e+00
    endloop
  endfacet
  facet normal -8.257935e-02 4.918373e-17 9.965845e-01
    outer loop
      vertex   8.084841e+00 1.250000e+01 -6.493169e+00
      vertex   8.740971e+00 -2.500000e+00 -6.438801e+00
      vertex   8.740971e+00 1.250000e+01 -6.438801e+00
    endloop
  endfacet
  facet normal -4.016954e-01 6.654379e-18 9.157733e-01
    outer loop
      vertex   8.740971e+00 1.250000e+01 -6.438801e+00
      vertex   8.740971e+00 -2.500000e+00 -6.438801e+00
      vertex   9.343896e+00 -2.500000e+00 -6.174333e+00
    endloop
  endfacet
  facet normal -4.016954e-01 0.000000e+00 9.157733e-01
    outer loop
      vertex   8.740971e+00 1.250000e+01 -6.438801e+00
      vertex   9.343896e+00 -2.500000e+00 -6.174333e+00
      vertex   9.343896e+00 1.250000e+01 -6.174333e+00
    endloop
  endfacet
  facet normal -6.772816e-01 0.000000e+00 7.357239e-01
    outer loop
      vertex   9.343896e+00 1.250000e+01 -6.174333e+00
      vertex   9.343896e+00 -2.500000e+00 -6.174333e+00
      vertex   9.828281e+00 -2.500000e+00 -5.728425e+00
    endloop
  endfacet
  facet normal -6.772816e-01 0.000000e+00 7.357239e-01
    outer loop
      vertex   9.343896e+00 1.250000e+01 -6.174333e+00
      vertex   9.828281e+00 -2.500000e+00 -5.728425e+00
      vertex   9.828281e+00 1.250000e+01 -5.728425e+00
    endloop
  endfacet
  facet normal -8.794738e-01 0.000000e+00 4.759474e-01
    outer loop
      vertex   9.828281e+00 1.250000e+01 -5.728425e+00
      vertex   9.828281e+00 -2.500000e+00 -5.728425e+00
      vertex   1.014163e+01 -2.500000e+00 -5.149399e+00
    endloop
  endfacet
  facet normal -8.794738e-01 2.810499e-17 4.759474e-01
    outer loop
      vertex   9.828281e+00 1.250000e+01 -5.728425e+00
      vertex   1.014163e+01 -2.500000e+00 -5.149399e+00
      vertex   1.014163e+01 1.250000e+01 -5.149399e+00
    endloop
  endfacet
  facet normal -9.863613e-01 9.745958e-18 1.645946e-01
    outer loop
      vertex   1.014163e+01 1.250000e+01 -5.149399e+00
      vertex   1.014163e+01 -2.500000e+00 -5.149399e+00
      vertex   1.025000e+01 -2.500000e+00 -4.500000e+00
    endloop
  endfacet
  facet normal 0.000000e+00 1.000000e+00 0.000000e+00
    outer loop
      vertex   1.025000e+01 -2.500000e+00 -4.500000e+00
      vertex   1.014163e+01 -2.500000e+00 -5.149399e+00
      vertex   1.014163e+01 -2.500000e+00 -3.850601e+00
    endloop
  endfacet
  facet normal 0.000000e+00 1.000000e+00 0.000000e+00
    outer loop
      vertex   1.014163e+01 -2.500000e+00 -3.850601e+00
      vertex   1.014163e+01 -2.500000e+00 -5.149399e+00
      vertex   9.828281e+00 -2.500000e+00 -5.728425e+00
    endloop
  endfacet
  facet normal 0.000000e+00 1.000000e+00 0.000000e+00
    outer loop
      vertex   1.014163e+01 -2.500000e+00 -3.850601e+00
      vertex   9.828281e+00 -2.500000e+00 -5.728425e+00
      vertex   9.828281e+00 -2.500000e+00 -3.271575e+00
    endloop
  endfacet
  facet normal 0.000000e+00 1.000000e+00 0.000000e+00
    outer loop
      vertex   9.828281e+00 -2.500000e+00 -3.271575e+00
      vertex   9.828281e+00 -2.500000e+00 -5.728425e+00
      vertex   9.343896e+00 -2.500000e+00 -6.174333e+00
    endloop
  endfacet
  facet normal 0.000000e+00 1.000000e+00 0.000000e+00
    outer loop
      vertex   9.828281e+00 -2.500000e+00 -3.271575e+00
      vertex   9.343896e+00 -2.500000e+00 -6.174333e+00
      vertex   9.343896e+00 -2.500000e+00 -2.825667e+00
    endloop
  endfacet
  facet normal 0.000000e+00 1.000000e+00 0.000000e+00
    outer loop
      vertex   9.343896e+00 -2.500000e+00 -2.825667e+00
      vertex   9.343896e+00 -2.500000e+00 -6.174333e+00
      vertex   8.740971e+00 -2.500000e+00 -6.438801e+00
    endloop
  endfacet
  facet normal 0.000000e+00 1.000000e+00 0.000000e+00
    outer loop
      vertex   9.343896e+00 -2.500000e+00 -2.825667e+00
      vertex   8.740971e+00 -2.500000e+00 -6.438801e+00
      vertex   8.740971e+00 -2.500000e+00 -2.561199e+00
    endloop
  endfacet
  facet normal 0.000000e+00 1.000000e+00 0.000000e+00
    outer loop
      vertex   8.740971e+00 -2.500000e+00 -2.561199e+00
      vertex   8.740971e+00 -2.500000e+00 -6.438801e+00
      vertex   8.084841e+00 -2.500000e+00 -6.493169e+00
    endloop
  endfacet
  facet normal 0.000000e+00 1.000000e+00 0.000000e+00
    outer loop
      vertex   8.740971e+00 -2.500000e+00 -2.561199e+00
      vertex   8.084841e+00 -2.500000e+00 -6.493169e+00
      vertex   8.084841e+00 -2.500000e+00 -2.506831e+00
    endloop
  endfacet
  facet normal 0.000000e+00 1.000000e+00 0.000000e+00
    outer loop
      vertex   8.084841e+00 -2.500000e+00 -2.506831e+00
      vertex   8.084841e+00 -2.500000e+00 -6.493169e+00
      vertex   7.446609e+00 -2.500000e+00 -6.331547e+00
    endloop
  endfacet
  facet normal 0.000000e+00 1.000000e+00 0.000000e+00
    outer loop
      vertex   8.084841e+00 -2.500000e+00 -2.506831e+00
      vertex   7.446609e+00 -2.500000e+00 -6.331547e+00
      vertex   6.895437e+00 -2.500000e+00 -5.971448e+00
    endloop
  endfacet
  facet normal 0.000000e+00 1.000000e+00 -0.000000e+00
    outer loop
      vertex   6.895437e+00 -2.500000e+00 -5.971448e+00
      vertex   6.491052e+00 -2.500000e+00 -5.451895e+00
      vertex   8.084841e+00 -2.500000e+00 -2.506831e+00
    endloop
  endfacet
  facet normal 0.000000e+00 1.000000e+00 0.000000e+00
    outer loop
      vertex   8.084841e+00 -2.500000e+00 -2.506831e+00
      vertex   6.491052e+00 -2.500000e+00 -5.451895e+00
      vertex   6.277277e+00 -2.500000e+00 -4.829189e+00
    endloop
  endfacet
  facet normal 0.000000e+00 1.000000e+00 0.000000e+00
    outer loop
      vertex   8.084841e+00 -2.500000e+00 -2.506831e+00
      vertex   6.277277e+00 -2.500000e+00 -4.829189e+00
      vertex   6.277277e+00 -2.500000e+00 -4.170811e+00
    endloop
  endfacet
  facet normal 0.000000e+00 1.000000e+00 0.000000e+00
    outer loop
      vertex   6.277277e+00 -2.500000e+00 -4.170811e+00
      vertex   6.491052e+00 -2.500000e+00 -3.548105e+00
      vertex   8.084841e+00 -2.500000e+00 -2.506831e+00
    endloop
  endfacet
  facet normal 0.000000e+00 1.000000e+00 0.000000e+00
    outer loop
      vertex   8.084841e+00 -2.500000e+00 -2.506831e+00
      vertex   6.491052e+00 -2.500000e+00 -3.548105e+00
      vertex   6.895437e+00 -2.500000e+00 -3.028552e+00
    endloop
  endfacet
  facet normal 0.000000e+00 1.000000e+00 0.000000e+00
    outer loop
      vertex   8.084841e+00 -2.500000e+00 -2.506831e+00
      vertex   6.895437e+00 -2.500000e+00 -3.028552e+00
      vertex   7.446609e+00 -2.500000e+00 -2.668453e+00
    endloop
  endfacet
  facet normal 9.863538e-01 3.896741e-03 1.645933e-01
    outer loop
      vertex   -2.439163e+01 5.500000e+00 -6.649399e+00
      vertex   -2.447272e+01 1.250000e+01 -6.329189e+00
      vertex   -2.450000e+01 5.500000e+00 -6.000000e+00
    endloop
  endfacet
  facet normal 9.999924e-01 -3.896741e-03 0.000000e+00
    outer loop
      vertex   -2.450000e+01 5.500000e+00 -6.000000e+00
      vertex   -2.447272e+01 1.250000e+01 -6.329189e+00
      vertex   -2.447272e+01 1.250000e+01 -5.670811e+00
    endloop
  endfacet
  facet normal 9.863538e-01 3.896741e-03 -1.645933e-01
    outer loop
      vertex   -2.450000e+01 5.500000e+00 -6.000000e+00
      vertex   -2.447272e+01 1.250000e+01 -5.670811e+00
      vertex   -2.439163e+01 5.500000e+00 -5.350601e+00
    endloop
  endfacet
  facet normal 9.458101e-01 -3.896741e-03 -3.246970e-01
    outer loop
      vertex   -2.439163e+01 5.500000e+00 -5.350601e+00
      vertex   -2.447272e+01 1.250000e+01 -5.670811e+00
      vertex   -2.425895e+01 1.250000e+01 -5.048105e+00
    endloop
  endfacet
  facet normal 8.794671e-01 3.896741e-03 -4.759438e-01
    outer loop
      vertex   -2.439163e+01 5.500000e+00 -5.350601e+00
      vertex   -2.425895e+01 1.250000e+01 -5.048105e+00
      vertex   -2.407828e+01 5.500000e+00 -4.771575e+00
    endloop
  endfacet
  facet normal 7.891345e-01 -3.896741e-03 -6.142080e-01
    outer loop
      vertex   -2.407828e+01 5.500000e+00 -4.771575e+00
      vertex   -2.425895e+01 1.250000e+01 -5.048105e+00
      vertex   -2.385456e+01 1.250000e+01 -4.528552e+00
    endloop
  endfacet
  facet normal 6.772764e-01 3.896741e-03 -7.357183e-01
    outer loop
      vertex   -2.407828e+01 5.500000e+00 -4.771575e+00
      vertex   -2.385456e+01 1.250000e+01 -4.528552e+00
      vertex   -2.359390e+01 5.500000e+00 -4.325667e+00
    endloop
  endfacet
  facet normal 5.469440e-01 -3.896741e-03 -8.371601e-01
    outer loop
      vertex   -2.359390e+01 5.500000e+00 -4.325667e+00
      vertex   -2.385456e+01 1.250000e+01 -4.528552e+00
      vertex   -2.330339e+01 1.250000e+01 -4.168453e+00
    endloop
  endfacet
  facet normal 4.016924e-01 3.896741e-03 -9.157664e-01
    outer loop
      vertex   -2.359390e+01 5.500000e+00 -4.325667e+00
      vertex   -2.330339e+01 1.250000e+01 -4.168453e+00
      vertex   -2.299097e+01 5.500000e+00 -4.061199e+00
    endloop
  endfacet
  facet normal 2.454836e-01 -3.896741e-03 -9.693929e-01
    outer loop
      vertex   -2.299097e+01 5.500000e+00 -4.061199e+00
      vertex   -2.330339e+01 1.250000e+01 -4.168453e+00
      vertex   -2.266516e+01 1.250000e+01 -4.006831e+00
    endloop
  endfacet
  facet normal 8.257872e-02 3.896741e-03 -9.965769e-01
    outer loop
      vertex   -2.299097e+01 5.500000e+00 -4.061199e+00
      vertex   -2.266516e+01 1.250000e+01 -4.006831e+00
      vertex   -2.233484e+01 5.500000e+00 -4.006831e+00
    endloop
  endfacet
  facet normal -8.257872e-02 -3.896741e-03 -9.965769e-01
    outer loop
      vertex   -2.233484e+01 5.500000e+00 -4.006831e+00
      vertex   -2.266516e+01 1.250000e+01 -4.006831e+00
      vertex   -2.200903e+01 1.250000e+01 -4.061199e+00
    endloop
  endfacet
  facet normal -2.454836e-01 3.896741e-03 -9.693929e-01
    outer loop
      vertex   -2.233484e+01 5.500000e+00 -4.006831e+00
      vertex   -2.200903e+01 1.250000e+01 -4.061199e+00
      vertex   -2.169661e+01 5.500000e+00 -4.168453e+00
    endloop
  endfacet
  facet normal -4.016924e-01 -3.896741e-03 -9.157664e-01
    outer loop
      vertex   -2.169661e+01 5.500000e+00 -4.168453e+00
      vertex   -2.200903e+01 1.250000e+01 -4.061199e+00
      vertex   -2.140610e+01 1.250000e+01 -4.325667e+00
    endloop
  endfacet
  facet normal -5.469440e-01 3.896741e-03 -8.371601e-01
    outer loop
      vertex   -2.169661e+01 5.500000e+00 -4.168453e+00
      vertex   -2.140610e+01 1.250000e+01 -4.325667e+00
      vertex   -2.114544e+01 5.500000e+00 -4.528552e+00
    endloop
  endfacet
  facet normal -6.772764e-01 -3.896741e-03 -7.357183e-01
    outer loop
      vertex   -2.114544e+01 5.500000e+00 -4.528552e+00
      vertex   -2.140610e+01 1.250000e+01 -4.325667e+00
      vertex   -2.092172e+01 1.250000e+01 -4.771575e+00
    endloop
  endfacet
  facet normal -7.891345e-01 3.896741e-03 -6.142080e-01
    outer loop
      vertex   -2.114544e+01 5.500000e+00 -4.528552e+00
      vertex   -2.092172e+01 1.250000e+01 -4.771575e+00
      vertex   -2.074105e+01 5.500000e+00 -5.048105e+00
    endloop
  endfacet
  facet normal -8.794671e-01 -3.896741e-03 -4.759438e-01
    outer loop
      vertex   -2.074105e+01 5.500000e+00 -5.048105e+00
      vertex   -2.092172e+01 1.250000e+01 -4.771575e+00
      vertex   -2.060837e+01 1.250000e+01 -5.350601e+00
    endloop
  endfacet
  facet normal -9.458101e-01 3.896741e-03 -3.246970e-01
    outer loop
      vertex   -2.074105e+01 5.500000e+00 -5.048105e+00
      vertex   -2.060837e+01 1.250000e+01 -5.350601e+00
      vertex   -2.052728e+01 5.500000e+00 -5.670811e+00
    endloop
  endfacet
  facet normal -9.863538e-01 -3.896741e-03 -1.645933e-01
    outer loop
      vertex   -2.052728e+01 5.500000e+00 -5.670811e+00
      vertex   -2.060837e+01 1.250000e+01 -5.350601e+00
      vertex   -2.050000e+01 1.250000e+01 -6.000000e+00
    endloop
  endfacet
  facet normal -9.999924e-01 3.896741e-03 0.000000e+00
    outer loop
      vertex   -2.052728e+01 5.500000e+00 -5.670811e+00
      vertex   -2.050000e+01 1.250000e+01 -6.000000e+00
      vertex   -2.052728e+01 5.500000e+00 -6.329189e+00
    endloop
  endfacet
  facet normal -9.863538e-01 -3.896741e-03 1.645933e-01
    outer loop
      vertex   -2.052728e+01 5.500000e+00 -6.329189e+00
      vertex   -2.050000e+01 1.250000e+01 -6.000000e+00
      vertex   -2.060837e+01 1.250000e+01 -6.649399e+00
    endloop
  endfacet
  facet normal -9.458101e-01 3.896741e-03 3.246970e-01
    outer loop
      vertex   -2.052728e+01 5.500000e+00 -6.329189e+00
      vertex   -2.060837e+01 1.250000e+01 -6.649399e+00
      vertex   -2.074105e+01 5.500000e+00 -6.951895e+00
    endloop
  endfacet
  facet normal -8.794671e-01 -3.896741e-03 4.759438e-01
    outer loop
      vertex   -2.074105e+01 5.500000e+00 -6.951895e+00
      vertex   -2.060837e+01 1.250000e+01 -6.649399e+00
      vertex   -2.092172e+01 1.250000e+01 -7.228425e+00
    endloop
  endfacet
  facet normal -7.891345e-01 3.896741e-03 6.142080e-01
    outer loop
      vertex   -2.074105e+01 5.500000e+00 -6.951895e+00
      vertex   -2.092172e+01 1.250000e+01 -7.228425e+00
      vertex   -2.114544e+01 5.500000e+00 -7.471448e+00
    endloop
  endfacet
  facet normal -6.772764e-01 -3.896741e-03 7.357183e-01
    outer loop
      vertex   -2.114544e+01 5.500000e+00 -7.471448e+00
      vertex   -2.092172e+01 1.250000e+01 -7.228425e+00
      vertex   -2.140610e+01 1.250000e+01 -7.674333e+00
    endloop
  endfacet
  facet normal -5.469440e-01 3.896741e-03 8.371601e-01
    outer loop
      vertex   -2.114544e+01 5.500000e+00 -7.471448e+00
      vertex   -2.140610e+01 1.250000e+01 -7.674333e+00
      vertex   -2.169661e+01 5.500000e+00 -7.831547e+00
    endloop
  endfacet
  facet normal -4.016924e-01 -3.896741e-03 9.157664e-01
    outer loop
      vertex   -2.169661e+01 5.500000e+00 -7.831547e+00
      vertex   -2.140610e+01 1.250000e+01 -7.674333e+00
      vertex   -2.200903e+01 1.250000e+01 -7.938801e+00
    endloop
  endfacet
  facet normal -2.454836e-01 3.896741e-03 9.693929e-01
    outer loop
      vertex   -2.169661e+01 5.500000e+00 -7.831547e+00
      vertex   -2.200903e+01 1.250000e+01 -7.938801e+00
      vertex   -2.233484e+01 5.500000e+00 -7.993169e+00
    endloop
  endfacet
  facet normal -8.257872e-02 -3.896741e-03 9.965769e-01
    outer loop
      vertex   -2.233484e+01 5.500000e+00 -7.993169e+00
      vertex   -2.200903e+01 1.250000e+01 -7.938801e+00
      vertex   -2.266516e+01 1.250000e+01 -7.993169e+00
    endloop
  endfacet
  facet normal 8.257872e-02 3.896741e-03 9.965769e-01
    outer loop
      vertex   -2.233484e+01 5.500000e+00 -7.993169e+00
      vertex   -2.266516e+01 1.250000e+01 -7.993169e+00
      vertex   -2.299097e+01 5.500000e+00 -7.938801e+00
    endloop
  endfacet
  facet normal 2.454836e-01 -3.896741e-03 9.693929e-01
    outer loop
      vertex   -2.299097e+01 5.500000e+00 -7.938801e+00
      vertex   -2.266516e+01 1.250000e+01 -7.993169e+00
      vertex   -2.330339e+01 1.250000e+01 -7.831547e+00
    endloop
  endfacet
  facet normal 4.016924e-01 3.896741e-03 9.157664e-01
    outer loop
      vertex   -2.299097e+01 5.500000e+00 -7.938801e+00
      vertex   -2.330339e+01 1.250000e+01 -7.831547e+00
      vertex   -2.359390e+01 5.500000e+00 -7.674333e+00
    endloop
  endfacet
  facet normal 5.469440e-01 -3.896741e-03 8.371601e-01
    outer loop
      vertex   -2.359390e+01 5.500000e+00 -7.674333e+00
      vertex   -2.330339e+01 1.250000e+01 -7.831547e+00
      vertex   -2.385456e+01 1.250000e+01 -7.471448e+00
    endloop
  endfacet
  facet normal 6.772764e-01 3.896741e-03 7.357183e-01
    outer loop
      vertex   -2.359390e+01 5.500000e+00 -7.674333e+00
      vertex   -2.385456e+01 1.250000e+01 -7.471448e+00
      vertex   -2.407828e+01 5.500000e+00 -7.228425e+00
    endloop
  endfacet
  facet normal 7.891345e-01 -3.896741e-03 6.142080e-01
    outer loop
      vertex   -2.407828e+01 5.500000e+00 -7.228425e+00
      vertex   -2.385456e+01 1.250000e+01 -7.471448e+00
      vertex   -2.425895e+01 1.250000e+01 -6.951895e+00
    endloop
  endfacet
  facet normal 8.794671e-01 3.896741e-03 4.759438e-01
    outer loop
      vertex   -2.407828e+01 5.500000e+00 -7.228425e+00
      vertex   -2.425895e+01 1.250000e+01 -6.951895e+00
      vertex   -2.439163e+01 5.500000e+00 -6.649399e+00
    endloop
  endfacet
  facet normal 9.458101e-01 -3.896741e-03 3.246970e-01
    outer loop
      vertex   -2.439163e+01 5.500000e+00 -6.649399e+00
      vertex   -2.425895e+01 1.250000e+01 -6.951895e+00
      vertex   -2.447272e+01 1.250000e+01 -6.329189e+00
    endloop
  endfacet
  facet normal -9.863613e-01 0.000000e+00 1.645946e-01
    outer loop
      vertex   1.014163e+01 1.250000e+01 1.185060e+01
      vertex   1.025000e+01 -2.500000e+00 1.250000e+01
      vertex   1.025000e+01 1.250000e+01 1.250000e+01
    endloop
  endfacet
  facet normal -9.863613e-01 -0.000000e+00 -1.645946e-01
    outer loop
      vertex   1.025000e+01 1.250000e+01 1.250000e+01
      vertex   1.025000e+01 -2.500000e+00 1.250000e+01
      vertex   1.014163e+01 -2.500000e+00 1.314940e+01
    endloop
  endfacet
  facet normal -9.863613e-01 0.000000e+00 -1.645946e-01
    outer loop
      vertex   1.025000e+01 1.250000e+01 1.250000e+01
      vertex   1.014163e+01 -2.500000e+00 1.314940e+01
      vertex   1.014163e+01 1.250000e+01 1.314940e+01
    endloop
  endfacet
  facet normal -8.794738e-01 -0.000000e+00 -4.759474e-01
    outer loop
      vertex   1.014163e+01 1.250000e+01 1.314940e+01
      vertex   1.014163e+01 -2.500000e+00 1.314940e+01
      vertex   9.828281e+00 -2.500000e+00 1.372843e+01
    endloop
  endfacet
  facet normal -8.794738e-01 1.039885e-16 -4.759474e-01
    outer loop
      vertex   1.014163e+01 1.250000e+01 1.314940e+01
      vertex   9.828281e+00 -2.500000e+00 1.372843e+01
      vertex   9.828281e+00 1.250000e+01 1.372843e+01
    endloop
  endfacet
  facet normal -6.772816e-01 8.020625e-17 -7.357239e-01
    outer loop
      vertex   9.828281e+00 1.250000e+01 1.372843e+01
      vertex   9.828281e+00 -2.500000e+00 1.372843e+01
      vertex   9.343896e+00 -2.500000e+00 1.417433e+01
    endloop
  endfacet
  facet normal -6.772816e-01 7.869397e-17 -7.357239e-01
    outer loop
      vertex   9.828281e+00 1.250000e+01 1.372843e+01
      vertex   9.343896e+00 -2.500000e+00 1.417433e+01
      vertex   9.343896e+00 1.250000e+01 1.417433e+01
    endloop
  endfacet
  facet normal -4.016954e-01 4.757029e-17 -9.157733e-01
    outer loop
      vertex   9.343896e+00 1.250000e+01 1.417433e+01
      vertex   9.343896e+00 -2.500000e+00 1.417433e+01
      vertex   8.740971e+00 -2.500000e+00 1.443880e+01
    endloop
  endfacet
  facet normal -4.016954e-01 0.000000e+00 -9.157733e-01
    outer loop
      vertex   9.343896e+00 1.250000e+01 1.417433e+01
      vertex   8.740971e+00 -2.500000e+00 1.443880e+01
      vertex   8.740971e+00 1.250000e+01 1.443880e+01
    endloop
  endfacet
  facet normal -8.257935e-02 -0.000000e+00 -9.965845e-01
    outer loop
      vertex   8.740971e+00 1.250000e+01 1.443880e+01
      vertex   8.740971e+00 -2.500000e+00 1.443880e+01
      vertex   8.084841e+00 -2.500000e+00 1.449317e+01
    endloop
  endfacet
  facet normal -8.257935e-02 9.836746e-18 -9.965845e-01
    outer loop
      vertex   8.740971e+00 1.250000e+01 1.443880e+01
      vertex   8.084841e+00 -2.500000e+00 1.449317e+01
      vertex   8.084841e+00 1.250000e+01 1.449317e+01
    endloop
  endfacet
  facet normal 2.454855e-01 -2.907132e-17 -9.694003e-01
    outer loop
      vertex   8.084841e+00 1.250000e+01 1.449317e+01
      vertex   8.084841e+00 -2.500000e+00 1.449317e+01
      vertex   7.446609e+00 -2.500000e+00 1.433155e+01
    endloop
  endfacet
  facet normal 2.454855e-01 -1.405249e-17 -9.694003e-01
    outer loop
      vertex   8.084841e+00 1.250000e+01 1.449317e+01
      vertex   7.446609e+00 -2.500000e+00 1.433155e+01
      vertex   7.446609e+00 1.250000e+01 1.433155e+01
    endloop
  endfacet
  facet normal 5.469482e-01 -3.238584e-17 -8.371665e-01
    outer loop
      vertex   7.446609e+00 1.250000e+01 1.433155e+01
      vertex   7.446609e+00 -2.500000e+00 1.433155e+01
      vertex   6.895437e+00 -2.500000e+00 1.397145e+01
    endloop
  endfacet
  facet normal 5.469482e-01 -6.464148e-17 -8.371665e-01
    outer loop
      vertex   7.446609e+00 1.250000e+01 1.433155e+01
      vertex   6.895437e+00 -2.500000e+00 1.397145e+01
      vertex   6.895437e+00 1.250000e+01 1.397145e+01
    endloop
  endfacet
  facet normal 7.891405e-01 -9.345301e-17 -6.142127e-01
    outer loop
      vertex   6.895437e+00 1.250000e+01 1.397145e+01
      vertex   6.895437e+00 -2.500000e+00 1.397145e+01
      vertex   6.491052e+00 -2.500000e+00 1.345189e+01
    endloop
  endfacet
  facet normal 7.891405e-01 0.000000e+00 -6.142127e-01
    outer loop
      vertex   6.895437e+00 1.250000e+01 1.397145e+01
      vertex   6.491052e+00 -2.500000e+00 1.345189e+01
      vertex   6.491052e+00 1.250000e+01 1.345189e+01
    endloop
  endfacet
  facet normal 9.458172e-01 0.000000e+00 -3.246995e-01
    outer loop
      vertex   6.491052e+00 1.250000e+01 1.345189e+01
      vertex   6.491052e+00 -2.500000e+00 1.345189e+01
      vertex   6.277277e+00 -2.500000e+00 1.282919e+01
    endloop
  endfacet
  facet normal 9.458172e-01 3.653649e-17 -3.246995e-01
    outer loop
      vertex   6.491052e+00 1.250000e+01 1.345189e+01
      vertex   6.277277e+00 -2.500000e+00 1.282919e+01
      vertex   6.277277e+00 1.250000e+01 1.282919e+01
    endloop
  endfacet
  facet normal 1.000000e+00 0.000000e+00 0.000000e+00
    outer loop
      vertex   6.277277e+00 1.250000e+01 1.282919e+01
      vertex   6.277277e+00 -2.500000e+00 1.282919e+01
      vertex   6.277277e+00 -2.500000e+00 1.217081e+01
    endloop
  endfacet
  facet normal 1.000000e+00 0.000000e+00 0.000000e+00
    outer loop
      vertex   6.277277e+00 1.250000e+01 1.282919e+01
      vertex   6.277277e+00 -2.500000e+00 1.217081e+01
      vertex   6.277277e+00 1.250000e+01 1.217081e+01
    endloop
  endfacet
  facet normal 9.458172e-01 -3.845214e-17 3.246995e-01
    outer loop
      vertex   6.277277e+00 1.250000e+01 1.217081e+01
      vertex   6.277277e+00 -2.500000e+00 1.217081e+01
      vertex   6.491052e+00 -2.500000e+00 1.154811e+01
    endloop
  endfacet
  facet normal 9.458172e-01 0.000000e+00 3.246995e-01
    outer loop
      vertex   6.277277e+00 1.250000e+01 1.217081e+01
      vertex   6.491052e+00 -2.500000e+00 1.154811e+01
      vertex   6.491052e+00 1.250000e+01 1.154811e+01
    endloop
  endfacet
  facet normal 7.891405e-01 0.000000e+00 6.142127e-01
    outer loop
      vertex   6.491052e+00 1.250000e+01 1.154811e+01
      vertex   6.491052e+00 -2.500000e+00 1.154811e+01
      vertex   6.895437e+00 -2.500000e+00 1.102855e+01
    endloop
  endfacet
  facet normal 7.891405e-01 9.274647e-17 6.142127e-01
    outer loop
      vertex   6.491052e+00 1.250000e+01 1.154811e+01
      vertex   6.895437e+00 -2.500000e+00 1.102855e+01
      vertex   6.895437e+00 1.250000e+01 1.102855e+01
    endloop
  endfacet
  facet normal 5.469482e-01 6.477167e-17 8.371665e-01
    outer loop
      vertex   6.895437e+00 1.250000e+01 1.102855e+01
      vertex   6.895437e+00 -2.500000e+00 1.102855e+01
      vertex   7.446609e+00 -2.500000e+00 1.066845e+01
    endloop
  endfacet
  facet normal 5.469482e-01 3.091549e-17 8.371665e-01
    outer loop
      vertex   6.895437e+00 1.250000e+01 1.102855e+01
      vertex   7.446609e+00 -2.500000e+00 1.066845e+01
      vertex   7.446609e+00 1.250000e+01 1.066845e+01
    endloop
  endfacet
  facet normal 2.454855e-01 1.453566e-17 9.694003e-01
    outer loop
      vertex   7.446609e+00 1.250000e+01 1.066845e+01
      vertex   7.446609e+00 -2.500000e+00 1.066845e+01
      vertex   8.084841e+00 -2.500000e+00 1.050683e+01
    endloop
  endfacet
  facet normal 2.454855e-01 2.810499e-17 9.694003e-01
    outer loop
      vertex   7.446609e+00 1.250000e+01 1.066845e+01
      vertex   8.084841e+00 -2.500000e+00 1.050683e+01
      vertex   8.084841e+00 1.250000e+01 1.050683e+01
    endloop
  endfacet
  facet normal -8.257935e-02 -9.779359e-18 9.965845e-01
    outer loop
      vertex   8.084841e+00 1.250000e+01 1.050683e+01
      vertex   8.084841e+00 -2.500000e+00 1.050683e+01
      vertex   8.740971e+00 -2.500000e+00 1.056120e+01
    endloop
  endfacet
  facet normal -8.257935e-02 0.000000e+00 9.965845e-01
    outer loop
      vertex   8.084841e+00 1.250000e+01 1.050683e+01
      vertex   8.740971e+00 -2.500000e+00 1.056120e+01
      vertex   8.740971e+00 1.250000e+01 1.056120e+01
    endloop
  endfacet
  facet normal -4.016954e-01 0.000000e+00 9.157733e-01
    outer loop
      vertex   8.740971e+00 1.250000e+01 1.056120e+01
      vertex   8.740971e+00 -2.500000e+00 1.056120e+01
      vertex   9.343896e+00 -2.500000e+00 1.082567e+01
    endloop
  endfacet
  facet normal -4.016954e-01 -4.777848e-17 9.157733e-01
    outer loop
      vertex   8.740971e+00 1.250000e+01 1.056120e+01
      vertex   9.343896e+00 -2.500000e+00 1.082567e+01
      vertex   9.343896e+00 1.250000e+01 1.082567e+01
    endloop
  endfacet
  facet normal -6.772816e-01 -8.020625e-17 7.357239e-01
    outer loop
      vertex   9.343896e+00 1.250000e+01 1.082567e+01
      vertex   9.343896e+00 -2.500000e+00 1.082567e+01
      vertex   9.828281e+00 -2.500000e+00 1.127157e+01
    endloop
  endfacet
  facet normal -6.772816e-01 -7.869397e-17 7.357239e-01
    outer loop
      vertex   9.343896e+00 1.250000e+01 1.082567e+01
      vertex   9.828281e+00 -2.500000e+00 1.127157e+01
      vertex   9.828281e+00 1.250000e+01 1.127157e+01
    endloop
  endfacet
  facet normal -8.794738e-01 -1.041506e-16 4.759474e-01
    outer loop
      vertex   9.828281e+00 1.250000e+01 1.127157e+01
      vertex   9.828281e+00 -2.500000e+00 1.127157e+01
      vertex   1.014163e+01 -2.500000e+00 1.185060e+01
    endloop
  endfacet
  facet normal -8.794738e-01 0.000000e+00 4.759474e-01
    outer loop
      vertex   9.828281e+00 1.250000e+01 1.127157e+01
      vertex   1.014163e+01 -2.500000e+00 1.185060e+01
      vertex   1.014163e+01 1.250000e+01 1.185060e+01
    endloop
  endfacet
  facet normal -9.863613e-01 0.000000e+00 1.645946e-01
    outer loop
      vertex   1.014163e+01 1.250000e+01 1.185060e+01
      vertex   1.014163e+01 -2.500000e+00 1.185060e+01
      vertex   1.025000e+01 -2.500000e+00 1.250000e+01
    endloop
  endfacet
  facet normal 0.000000e+00 1.000000e+00 0.000000e+00
    outer loop
      vertex   1.025000e+01 -2.500000e+00 1.250000e+01
      vertex   1.014163e+01 -2.500000e+00 1.185060e+01
      vertex   1.014163e+01 -2.500000e+00 1.314940e+01
    endloop
  endfacet
  facet normal 0.000000e+00 1.000000e+00 0.000000e+00
    outer loop
      vertex   1.014163e+01 -2.500000e+00 1.314940e+01
      vertex   1.014163e+01 -2.500000e+00 1.185060e+01
      vertex   9.828281e+00 -2.500000e+00 1.127157e+01
    endloop
  endfacet
  facet normal 0.000000e+00 1.000000e+00 0.000000e+00
    outer loop
      vertex   1.014163e+01 -2.500000e+00 1.314940e+01
      vertex   9.828281e+00 -2.500000e+00 1.127157e+01
      vertex   9.828281e+00 -2.500000e+00 1.372843e+01
    endloop
  endfacet
  facet normal 0.000000e+00 1.000000e+00 0.000000e+00
    outer loop
      vertex   9.828281e+00 -2.500000e+00 1.372843e+01
      vertex   9.828281e+00 -2.500000e+00 1.127157e+01
      vertex   9.343896e+00 -2.500000e+00 1.082567e+01
    endloop
  endfacet
  facet normal 0.000000e+00 1.000000e+00 0.000000e+00
    outer loop
      vertex   9.828281e+00 -2.500000e+00 1.372843e+01
      vertex   9.343896e+00 -2.500000e+00 1.082567e+01
      vertex   9.343896e+00 -2.500000e+00 1.417433e+01
    endloop
  endfacet
  facet normal 0.000000e+00 1.000000e+00 0.000000e+00
    outer loop
      vertex   9.343896e+00 -2.500000e+00 1.417433e+01
      vertex   9.343896e+00 -2.500000e+00 1.082567e+01
      vertex   8.740971e+00 -2.500000e+00 1.056120e+01
    endloop
  endfacet
  facet normal 0.000000e+00 1.000000e+00 0.000000e+00
    outer loop
      vertex   9.343896e+00 -2.500000e+00 1.417433e+01
      vertex   8.740971e+00 -2.500000e+00 1.056120e+01
      vertex   8.740971e+00 -2.500000e+00 1.443880e+01
    endloop
  endfacet
  facet normal 0.000000e+00 1.000000e+00 0.000000e+00
    outer loop
      vertex   8.740971e+00 -2.500000e+00 1.443880e+01
      vertex   8.740971e+00 -2.500000e+00 1.056120e+01
      vertex   8.084841e+00 -2.500000e+00 1.050683e+01
    endloop
  endfacet
  facet normal 0.000000e+00 1.000000e+00 0.000000e+00
    outer loop
      vertex   8.740971e+00 -2.500000e+00 1.443880e+01
      vertex   8.084841e+00 -2.500000e+00 1.050683e+01
      vertex   8.084841e+00 -2.500000e+00 1.449317e+01
    endloop
  endfacet
  facet normal 0.000000e+00 1.000000e+00 0.000000e+00
    outer loop
      vertex   8.084841e+00 -2.500000e+00 1.449317e+01
      vertex   8.084841e+00 -2.500000e+00 1.050683e+01
      vertex   7.446609e+00 -2.500000e+00 1.066845e+01
    endloop
  endfacet
  facet normal 0.000000e+00 1.000000e+00 0.000000e+00
    outer loop
      vertex   8.084841e+00 -2.500000e+00 1.449317e+01
      vertex   7.446609e+00 -2.500000e+00 1.066845e+01
      vertex   6.895437e+00 -2.500000e+00 1.102855e+01
    endloop
  endfacet
  facet normal 0.000000e+00 1.000000e+00 -0.000000e+00
    outer loop
      vertex   6.895437e+00 -2.500000e+00 1.102855e+01
      vertex   6.491052e+00 -2.500000e+00 1.154811e+01
      vertex   8.084841e+00 -2.500000e+00 1.449317e+01
    endloop
  endfacet
  facet normal 0.000000e+00 1.000000e+00 0.000000e+00
    outer loop
      vertex   8.084841e+00 -2.500000e+00 1.449317e+01
      vertex   6.491052e+00 -2.500000e+00 1.154811e+01
      vertex   6.277277e+00 -2.500000e+00 1.217081e+01
    endloop
  endfacet
  facet normal 0.000000e+00 1.000000e+00 0.000000e+00
    outer loop
      vertex   8.084841e+00 -2.500000e+00 1.449317e+01
      vertex   6.277277e+00 -2.500000e+00 1.217081e+01
      vertex   6.277277e+00 -2.500000e+00 1.282919e+01
    endloop
  endfacet
  facet normal 0.000000e+00 1.000000e+00 0.000000e+00
    outer loop
      vertex   6.277277e+00 -2.500000e+00 1.282919e+01
      vertex   6.491052e+00 -2.500000e+00 1.345189e+01
      vertex   8.084841e+00 -2.500000e+00 1.449317e+01
    endloop
  endfacet
  facet normal 0.000000e+00 1.000000e+00 0.000000e+00
    outer loop
      vertex   8.084841e+00 -2.500000e+00 1.449317e+01
      vertex   6.491052e+00 -2.500000e+00 1.345189e+01
      vertex   6.895437e+00 -2.500000e+00 1.397145e+01
    endloop
  endfacet
  facet normal 0.000000e+00 1.000000e+00 0.000000e+00
    outer loop
      vertex   8.084841e+00 -2.500000e+00 1.449317e+01
      vertex   6.895437e+00 -2.500000e+00 1.397145e+01
      vertex   7.446609e+00 -2.500000e+00 1.433155e+01
    endloop
  endfacet
  facet normal -9.863613e-01 0.000000e+00 1.645946e-01
    outer loop
      vertex   1.014163e+01 1.250000e+01 2.885060e+01
      vertex   1.025000e+01 -2.500000e+00 2.950000e+01
      vertex   1.025000e+01 1.250000e+01 2.950000e+01
    endloop
  endfacet
  facet normal -9.863613e-01 -0.000000e+00 -1.645946e-01
    outer loop
      vertex   1.025000e+01 1.250000e+01 2.950000e+01
      vertex   1.025000e+01 -2.500000e+00 2.950000e+01
      vertex   1.014163e+01 -2.500000e+00 3.014940e+01
    endloop
  endfacet
  facet normal -9.863613e-01 0.000000e+00 -1.645946e-01
    outer loop
      vertex   1.025000e+01 1.250000e+01 2.950000e+01
      vertex   1.014163e+01 -2.500000e+00 3.014940e+01
      vertex   1.014163e+01 1.250000e+01 3.014940e+01
    endloop
  endfacet
  facet normal -8.794738e-01 -0.000000e+00 -4.759474e-01
    outer loop
      vertex   1.014163e+01 1.250000e+01 3.014940e+01
      vertex   1.014163e+01 -2.500000e+00 3.014940e+01
      vertex   9.828281e+00 -2.500000e+00 3.072843e+01
    endloop
  endfacet
  facet normal -8.794738e-01 0.000000e+00 -4.759474e-01
    outer loop
      vertex   1.014163e+01 1.250000e+01 3.014940e+01
      vertex   9.828281e+00 -2.500000e+00 3.072843e+01
      vertex   9.828281e+00 1.250000e+01 3.072843e+01
    endloop
  endfacet
  facet normal -6.772816e-01 -0.000000e+00 -7.357239e-01
    outer loop
      vertex   9.828281e+00 1.250000e+01 3.072843e+01
      vertex   9.828281e+00 -2.500000e+00 3.072843e+01
      vertex   9.343896e+00 -2.500000e+00 3.117433e+01
    endloop
  endfacet
  facet normal -6.772816e-01 -3.485019e-16 -7.357239e-01
    outer loop
      vertex   9.828281e+00 1.250000e+01 3.072843e+01
      vertex   9.343896e+00 -2.500000e+00 3.117433e+01
      vertex   9.343896e+00 1.250000e+01 3.117433e+01
    endloop
  endfacet
  facet normal -4.016954e-01 -4.337974e-16 -9.157733e-01
    outer loop
      vertex   9.343896e+00 1.250000e+01 3.117433e+01
      vertex   9.343896e+00 -2.500000e+00 3.117433e+01
      vertex   8.740971e+00 -2.500000e+00 3.143880e+01
    endloop
  endfacet
  facet normal -4.016954e-01 4.777848e-17 -9.157733e-01
    outer loop
      vertex   9.343896e+00 1.250000e+01 3.117433e+01
      vertex   8.740971e+00 -2.500000e+00 3.143880e+01
      vertex   8.740971e+00 1.250000e+01 3.143880e+01
    endloop
  endfacet
  facet normal -8.257935e-02 9.779359e-18 -9.965845e-01
    outer loop
      vertex   8.740971e+00 1.250000e+01 3.143880e+01
      vertex   8.740971e+00 -2.500000e+00 3.143880e+01
      vertex   8.084841e+00 -2.500000e+00 3.149317e+01
    endloop
  endfacet
  facet normal -8.257935e-02 9.836746e-18 -9.965845e-01
    outer loop
      vertex   8.740971e+00 1.250000e+01 3.143880e+01
      vertex   8.084841e+00 -2.500000e+00 3.149317e+01
      vertex   8.084841e+00 1.250000e+01 3.149317e+01
    endloop
  endfacet
  facet normal 2.454855e-01 -2.907132e-17 -9.694003e-01
    outer loop
      vertex   8.084841e+00 1.250000e+01 3.149317e+01
      vertex   8.084841e+00 -2.500000e+00 3.149317e+01
      vertex   7.446609e+00 -2.500000e+00 3.133155e+01
    endloop
  endfacet
  facet normal 2.454855e-01 -1.405249e-17 -9.694003e-01
    outer loop
      vertex   8.084841e+00 1.250000e+01 3.149317e+01
      vertex   7.446609e+00 -2.500000e+00 3.133155e+01
      vertex   7.446609e+00 1.250000e+01 3.133155e+01
    endloop
  endfacet
  facet normal 5.469482e-01 -3.238584e-17 -8.371665e-01
    outer loop
      vertex   7.446609e+00 1.250000e+01 3.133155e+01
      vertex   7.446609e+00 -2.500000e+00 3.133155e+01
      vertex   6.895437e+00 -2.500000e+00 3.097145e+01
    endloop
  endfacet
  facet normal 5.469482e-01 -3.091549e-17 -8.371665e-01
    outer loop
      vertex   7.446609e+00 1.250000e+01 3.133155e+01
      vertex   6.895437e+00 -2.500000e+00 3.097145e+01
      vertex   6.895437e+00 1.250000e+01 3.097145e+01
    endloop
  endfacet
  facet normal 7.891405e-01 -4.672650e-17 -6.142127e-01
    outer loop
      vertex   6.895437e+00 1.250000e+01 3.097145e+01
      vertex   6.895437e+00 -2.500000e+00 3.097145e+01
      vertex   6.491052e+00 -2.500000e+00 3.045189e+01
    endloop
  endfacet
  facet normal 7.891405e-01 -4.777848e-17 -6.142127e-01
    outer loop
      vertex   6.895437e+00 1.250000e+01 3.097145e+01
      vertex   6.491052e+00 -2.500000e+00 3.045189e+01
      vertex   6.491052e+00 1.250000e+01 3.045189e+01
    endloop
  endfacet
  facet normal 9.458172e-01 -5.600363e-17 -3.246995e-01
    outer loop
      vertex   6.491052e+00 1.250000e+01 3.045189e+01
      vertex   6.491052e+00 -2.500000e+00 3.045189e+01
      vertex   6.277277e+00 -2.500000e+00 2.982919e+01
    endloop
  endfacet
  facet normal 9.458172e-01 0.000000e+00 -3.246995e-01
    outer loop
      vertex   6.491052e+00 1.250000e+01 3.045189e+01
      vertex   6.277277e+00 -2.500000e+00 2.982919e+01
      vertex   6.277277e+00 1.250000e+01 2.982919e+01
    endloop
  endfacet
  facet normal 1.000000e+00 0.000000e+00 0.000000e+00
    outer loop
      vertex   6.277277e+00 1.250000e+01 2.982919e+01
      vertex   6.277277e+00 -2.500000e+00 2.982919e+01
      vertex   6.277277e+00 -2.500000e+00 2.917081e+01
    endloop
  endfacet
  facet normal 1.000000e+00 0.000000e+00 0.000000e+00
    outer loop
      vertex   6.277277e+00 1.250000e+01 2.982919e+01
      vertex   6.277277e+00 -2.500000e+00 2.917081e+01
      vertex   6.277277e+00 1.250000e+01 2.917081e+01
    endloop
  endfacet
  facet normal 9.458172e-01 0.000000e+00 3.246995e-01
    outer loop
      vertex   6.277277e+00 1.250000e+01 2.917081e+01
      vertex   6.277277e+00 -2.500000e+00 2.917081e+01
      vertex   6.491052e+00 -2.500000e+00 2.854811e+01
    endloop
  endfacet
  facet normal 9.458172e-01 5.620998e-17 3.246995e-01
    outer loop
      vertex   6.277277e+00 1.250000e+01 2.917081e+01
      vertex   6.491052e+00 -2.500000e+00 2.854811e+01
      vertex   6.491052e+00 1.250000e+01 2.854811e+01
    endloop
  endfacet
  facet normal 7.891405e-01 4.672650e-17 6.142127e-01
    outer loop
      vertex   6.491052e+00 1.250000e+01 2.854811e+01
      vertex   6.491052e+00 -2.500000e+00 2.854811e+01
      vertex   6.895437e+00 -2.500000e+00 2.802855e+01
    endloop
  endfacet
  facet normal 7.891405e-01 4.777848e-17 6.142127e-01
    outer loop
      vertex   6.491052e+00 1.250000e+01 2.854811e+01
      vertex   6.895437e+00 -2.500000e+00 2.802855e+01
      vertex   6.895437e+00 1.250000e+01 2.802855e+01
    endloop
  endfacet
  facet normal 5.469482e-01 3.238584e-17 8.371665e-01
    outer loop
      vertex   6.895437e+00 1.250000e+01 2.802855e+01
      vertex   6.895437e+00 -2.500000e+00 2.802855e+01
      vertex   7.446609e+00 -2.500000e+00 2.766845e+01
    endloop
  endfacet
  facet normal 5.469482e-01 3.091549e-17 8.371665e-01
    outer loop
      vertex   6.895437e+00 1.250000e+01 2.802855e+01
      vertex   7.446609e+00 -2.500000e+00 2.766845e+01
      vertex   7.446609e+00 1.250000e+01 2.766845e+01
    endloop
  endfacet
  facet normal 2.454855e-01 1.453566e-17 9.694003e-01
    outer loop
      vertex   7.446609e+00 1.250000e+01 2.766845e+01
      vertex   7.446609e+00 -2.500000e+00 2.766845e+01
      vertex   8.084841e+00 -2.500000e+00 2.750683e+01
    endloop
  endfacet
  facet normal 2.454855e-01 2.810499e-17 9.694003e-01
    outer loop
      vertex   7.446609e+00 1.250000e+01 2.766845e+01
      vertex   8.084841e+00 -2.500000e+00 2.750683e+01
      vertex   8.084841e+00 1.250000e+01 2.750683e+01
    endloop
  endfacet
  facet normal -8.257935e-02 -9.779359e-18 9.965845e-01
    outer loop
      vertex   8.084841e+00 1.250000e+01 2.750683e+01
      vertex   8.084841e+00 -2.500000e+00 2.750683e+01
      vertex   8.740971e+00 -2.500000e+00 2.756120e+01
    endloop
  endfacet
  facet normal -8.257935e-02 -9.836746e-18 9.965845e-01
    outer loop
      vertex   8.084841e+00 1.250000e+01 2.750683e+01
      vertex   8.740971e+00 -2.500000e+00 2.756120e+01
      vertex   8.740971e+00 1.250000e+01 2.756120e+01
    endloop
  endfacet
  facet normal -4.016954e-01 -4.757029e-17 9.157733e-01
    outer loop
      vertex   8.740971e+00 1.250000e+01 2.756120e+01
      vertex   8.740971e+00 -2.500000e+00 2.756120e+01
      vertex   9.343896e+00 -2.500000e+00 2.782567e+01
    endloop
  endfacet
  facet normal -4.016954e-01 2.164084e-16 9.157733e-01
    outer loop
      vertex   8.740971e+00 1.250000e+01 2.756120e+01
      vertex   9.343896e+00 -2.500000e+00 2.782567e+01
      vertex   9.343896e+00 1.250000e+01 2.782567e+01
    endloop
  endfacet
  facet normal -6.772816e-01 1.742544e-16 7.357239e-01
    outer loop
      vertex   9.343896e+00 1.250000e+01 2.782567e+01
      vertex   9.343896e+00 -2.500000e+00 2.782567e+01
      vertex   9.828281e+00 -2.500000e+00 2.827157e+01
    endloop
  endfacet
  facet normal -6.772816e-01 0.000000e+00 7.357239e-01
    outer loop
      vertex   9.343896e+00 1.250000e+01 2.782567e+01
      vertex   9.828281e+00 -2.500000e+00 2.827157e+01
      vertex   9.828281e+00 1.250000e+01 2.827157e+01
    endloop
  endfacet
  facet normal -8.794738e-01 0.000000e+00 4.759474e-01
    outer loop
      vertex   9.828281e+00 1.250000e+01 2.827157e+01
      vertex   9.828281e+00 -2.500000e+00 2.827157e+01
      vertex   1.014163e+01 -2.500000e+00 2.885060e+01
    endloop
  endfacet
  facet normal -8.794738e-01 0.000000e+00 4.759474e-01
    outer loop
      vertex   9.828281e+00 1.250000e+01 2.827157e+01
      vertex   1.014163e+01 -2.500000e+00 2.885060e+01
      vertex   1.014163e+01 1.250000e+01 2.885060e+01
    endloop
  endfacet
  facet normal -9.863613e-01 0.000000e+00 1.645946e-01
    outer loop
      vertex   1.014163e+01 1.250000e+01 2.885060e+01
      vertex   1.014163e+01 -2.500000e+00 2.885060e+01
      vertex   1.025000e+01 -2.500000e+00 2.950000e+01
    endloop
  endfacet
  facet normal 0.000000e+00 1.000000e+00 0.000000e+00
    outer loop
      vertex   1.025000e+01 -2.500000e+00 2.950000e+01
      vertex   1.014163e+01 -2.500000e+00 2.885060e+01
      vertex   1.014163e+01 -2.500000e+00 3.014940e+01
    endloop
  endfacet
  facet normal 0.000000e+00 1.000000e+00 0.000000e+00
    outer loop
      vertex   1.014163e+01 -2.500000e+00 3.014940e+01
      vertex   1.014163e+01 -2.500000e+00 2.885060e+01
      vertex   9.828281e+00 -2.500000e+00 2.827157e+01
    endloop
  endfacet
  facet normal 0.000000e+00 1.000000e+00 0.000000e+00
    outer loop
      vertex   1.014163e+01 -2.500000e+00 3.014940e+01
      vertex   9.828281e+00 -2.500000e+00 2.827157e+01
      vertex   9.828281e+00 -2.500000e+00 3.072843e+01
    endloop
  endfacet
  facet normal 0.000000e+00 1.000000e+00 0.000000e+00
    outer loop
      vertex   9.828281e+00 -2.500000e+00 3.072843e+01
      vertex   9.828281e+00 -2.500000e+00 2.827157e+01
      vertex   9.343896e+00 -2.500000e+00 2.782567e+01
    endloop
  endfacet
  facet normal 0.000000e+00 1.000000e+00 0.000000e+00
    outer loop
      vertex   9.828281e+00 -2.500000e+00 3.072843e+01
      vertex   9.343896e+00 -2.500000e+00 2.782567e+01
      vertex   9.343896e+00 -2.500000e+00 3.117433e+01
    endloop
  endfacet
  facet normal 0.000000e+00 1.000000e+00 0.000000e+00
    outer loop
      vertex   9.343896e+00 -2.500000e+00 3.117433e+01
      vertex   9.343896e+00 -2.500000e+00 2.782567e+01
      vertex   8.740971e+00 -2.500000e+00 2.756120e+01
    endloop
  endfacet
  facet normal 0.000000e+00 1.000000e+00 0.000000e+00
    outer loop
      vertex   9.343896e+00 -2.500000e+00 3.117433e+01
      vertex   8.740971e+00 -2.500000e+00 2.756120e+01
      vertex   8.740971e+00 -2.500000e+00 3.143880e+01
    endloop
  endfacet
  facet normal 0.000000e+00 1.000000e+00 0.000000e+00
    outer loop
      vertex   8.740971e+00 -2.500000e+00 3.143880e+01
      vertex   8.740971e+00 -2.500000e+00 2.756120e+01
      vertex   8.084841e+00 -2.500000e+00 2.750683e+01
    endloop
  endfacet
  facet normal 0.000000e+00 1.000000e+00 0.000000e+00
    outer loop
      vertex   8.740971e+00 -2.500000e+00 3.143880e+01
      vertex   8.084841e+00 -2.500000e+00 2.750683e+01
      vertex   8.084841e+00 -2.500000e+00 3.149317e+01
    endloop
  endfacet
  facet normal 0.000000e+00 1.000000e+00 0.000000e+00
    outer loop
      vertex   8.084841e+00 -2.500000e+00 3.149317e+01
      vertex   8.084841e+00 -2.500000e+00 2.750683e+01
      vertex   7.446609e+00 -2.500000e+00 2.766845e+01
    endloop
  endfacet
  facet normal 0.000000e+00 1.000000e+00 0.000000e+00
    outer loop
      vertex   8.084841e+00 -2.500000e+00 3.149317e+01
      vertex   7.446609e+00 -2.500000e+00 2.766845e+01
      vertex   6.895437e+00 -2.500000e+00 2.802855e+01
    endloop
  endfacet
  facet normal 0.000000e+00 1.000000e+00 -0.000000e+00
    outer loop
      vertex   6.895437e+00 -2.500000e+00 2.802855e+01
      vertex   6.491052e+00 -2.500000e+00 2.854811e+01
      vertex   8.084841e+00 -2.500000e+00 3.149317e+01
    endloop
  endfacet
  facet normal 0.000000e+00 1.000000e+00 0.000000e+00
    outer loop
      vertex   8.084841e+00 -2.500000e+00 3.149317e+01
      vertex   6.491052e+00 -2.500000e+00 2.854811e+01
      vertex   6.277277e+00 -2.500000e+00 2.917081e+01
    endloop
  endfacet
  facet normal 0.000000e+00 1.000000e+00 0.000000e+00
    outer loop
      vertex   8.084841e+00 -2.500000e+00 3.149317e+01
      vertex   6.277277e+00 -2.500000e+00 2.917081e+01
      vertex   6.277277e+00 -2.500000e+00 2.982919e+01
    endloop
  endfacet
  facet normal 0.000000e+00 1.000000e+00 0.000000e+00
    outer loop
      vertex   6.277277e+00 -2.500000e+00 2.982919e+01
      vertex   6.491052e+00 -2.500000e+00 3.045189e+01
      vertex   8.084841e+00 -2.500000e+00 3.149317e+01
    endloop
  endfacet
  facet normal 0.000000e+00 1.000000e+00 0.000000e+00
    outer loop
      vertex   8.084841e+00 -2.500000e+00 3.149317e+01
      vertex   6.491052e+00 -2.500000e+00 3.045189e+01
      vertex   6.895437e+00 -2.500000e+00 3.097145e+01
    endloop
  endfacet
  facet normal 0.000000e+00 1.000000e+00 0.000000e+00
    outer loop
      vertex   8.084841e+00 -2.500000e+00 3.149317e+01
      vertex   6.895437e+00 -2.500000e+00 3.097145e+01
      vertex   7.446609e+00 -2.500000e+00 3.133155e+01
    endloop
  endfacet
  facet normal 8.373826e-16 -7.071068e-01 7.071068e-01
    outer loop
      vertex   -2.950000e+01 7.500000e+00 2.400000e+01
      vertex   -2.650000e+01 7.500000e+00 2.400000e+01
      vertex   -2.950000e+01 1.050000e+01 2.700000e+01
    endloop
  endfacet
  facet normal 8.373826e-16 -7.071068e-01 7.071068e-01
    outer loop
      vertex   -2.950000e+01 1.050000e+01 2.700000e+01
      vertex   -2.650000e+01 7.500000e+00 2.400000e+01
      vertex   -2.650000e+01 1.050000e+01 2.700000e+01
    endloop
  endfacet
  facet normal 6.538289e-02 -7.055937e-01 -7.055937e-01
    outer loop
      vertex   -2.650000e+01 1.050000e+01 1.500000e+01
      vertex   -2.539750e+01 1.050000e+01 1.510216e+01
      vertex   -2.650000e+01 7.500000e+00 1.800000e+01
    endloop
  endfacet
  facet normal 9.203556e-02 -7.090961e-01 -6.990795e-01
    outer loop
      vertex   -2.650000e+01 7.500000e+00 1.800000e+01
      vertex   -2.539750e+01 1.050000e+01 1.510216e+01
      vertex   -2.572354e+01 7.500000e+00 1.810222e+01
    endloop
  endfacet
  facet normal 1.943247e-01 -7.041135e-01 -6.829803e-01
    outer loop
      vertex   -2.572354e+01 7.500000e+00 1.810222e+01
      vertex   -2.539750e+01 1.050000e+01 1.510216e+01
      vertex   -2.433255e+01 1.050000e+01 1.540517e+01
    endloop
  endfacet
  facet normal 2.695149e-01 -7.099258e-01 -6.506666e-01
    outer loop
      vertex   -2.572354e+01 7.500000e+00 1.810222e+01
      vertex   -2.433255e+01 1.050000e+01 1.540517e+01
      vertex   -2.500000e+01 7.500000e+00 1.840192e+01
    endloop
  endfacet
  facet normal 3.162320e-01 -7.047493e-01 -6.350794e-01
    outer loop
      vertex   -2.500000e+01 7.500000e+00 1.840192e+01
      vertex   -2.433255e+01 1.050000e+01 1.540517e+01
      vertex   -2.334141e+01 1.050000e+01 1.589870e+01
    endloop
  endfacet
  facet normal 4.263300e-01 -7.067699e-01 -5.645521e-01
    outer loop
      vertex   -2.500000e+01 7.500000e+00 1.840192e+01
      vertex   -2.334141e+01 1.050000e+01 1.589870e+01
      vertex   -2.245783e+01 1.050000e+01 1.656595e+01
    endloop
  endfacet
  facet normal 4.301613e-01 -7.075961e-01 -5.605971e-01
    outer loop
      vertex   -2.500000e+01 7.500000e+00 1.840192e+01
      vertex   -2.245783e+01 1.050000e+01 1.656595e+01
      vertex   -2.437868e+01 7.500000e+00 1.887868e+01
    endloop
  endfacet
  facet normal 5.245122e-01 -7.044528e-01 -4.781560e-01
    outer loop
      vertex   -2.437868e+01 7.500000e+00 1.887868e+01
      vertex   -2.245783e+01 1.050000e+01 1.656595e+01
      vertex   -2.171190e+01 1.050000e+01 1.738419e+01
    endloop
  endfacet
  facet normal 5.586076e-01 -7.100915e-01 -4.286347e-01
    outer loop
      vertex   -2.437868e+01 7.500000e+00 1.887868e+01
      vertex   -2.171190e+01 1.050000e+01 1.738419e+01
      vertex   -2.390192e+01 7.500000e+00 1.950000e+01
    endloop
  endfacet
  facet normal 6.036212e-01 -7.042408e-01 -3.737464e-01
    outer loop
      vertex   -2.390192e+01 7.500000e+00 1.950000e+01
      vertex   -2.171190e+01 1.050000e+01 1.738419e+01
      vertex   -2.112902e+01 1.050000e+01 1.832557e+01
    endloop
  endfacet
  facet normal 6.520562e-01 -7.084305e-01 -2.700905e-01
    outer loop
      vertex   -2.390192e+01 7.500000e+00 1.950000e+01
      vertex   -2.112902e+01 1.050000e+01 1.832557e+01
      vertex   -2.360222e+01 7.500000e+00 2.022354e+01
    endloop
  endfacet
  facet normal 6.602570e-01 -7.061407e-01 -2.557849e-01
    outer loop
      vertex   -2.360222e+01 7.500000e+00 2.022354e+01
      vertex   -2.112902e+01 1.050000e+01 1.832557e+01
      vertex   -2.072905e+01 1.050000e+01 1.935802e+01
    endloop
  endfacet
  facet normal 6.970049e-01 -7.051297e-01 -1.302928e-01
    outer loop
      vertex   -2.360222e+01 7.500000e+00 2.022354e+01
      vertex   -2.072905e+01 1.050000e+01 1.935802e+01
      vertex   -2.052559e+01 1.050000e+01 2.044639e+01
    endloop
  endfacet
  facet normal 6.985825e-01 -7.095943e-01 -9.197013e-02
    outer loop
      vertex   -2.360222e+01 7.500000e+00 2.022354e+01
      vertex   -2.052559e+01 1.050000e+01 2.044639e+01
      vertex   -2.350000e+01 7.500000e+00 2.100000e+01
    endloop
  endfacet
  facet normal 7.101296e-01 -7.040710e-01 0.000000e+00
    outer loop
      vertex   -2.350000e+01 7.500000e+00 2.100000e+01
      vertex   -2.052559e+01 1.050000e+01 2.044639e+01
      vertex   -2.052559e+01 1.050000e+01 2.155361e+01
    endloop
  endfacet
  facet normal 6.985825e-01 -7.095943e-01 9.197013e-02
    outer loop
      vertex   -2.350000e+01 7.500000e+00 2.100000e+01
      vertex   -2.052559e+01 1.050000e+01 2.155361e+01
      vertex   -2.360222e+01 7.500000e+00 2.177646e+01
    endloop
  endfacet
  facet normal 6.970049e-01 -7.051297e-01 1.302928e-01
    outer loop
      vertex   -2.360222e+01 7.500000e+00 2.177646e+01
      vertex   -2.052559e+01 1.050000e+01 2.155361e+01
      vertex   -2.072905e+01 1.050000e+01 2.264198e+01
    endloop
  endfacet
  facet normal 6.602570e-01 -7.061407e-01 2.557849e-01
    outer loop
      vertex   -2.360222e+01 7.500000e+00 2.177646e+01
      vertex   -2.072905e+01 1.050000e+01 2.264198e+01
      vertex   -2.112902e+01 1.050000e+01 2.367443e+01
    endloop
  endfacet
  facet normal 6.520562e-01 -7.084305e-01 2.700905e-01
    outer loop
      vertex   -2.360222e+01 7.500000e+00 2.177646e+01
      vertex   -2.112902e+01 1.050000e+01 2.367443e+01
      vertex   -2.390192e+01 7.500000e+00 2.250000e+01
    endloop
  endfacet
  facet normal 6.036212e-01 -7.042408e-01 3.737464e-01
    outer loop
      vertex   -2.390192e+01 7.500000e+00 2.250000e+01
      vertex   -2.112902e+01 1.050000e+01 2.367443e+01
      vertex   -2.171190e+01 1.050000e+01 2.461581e+01
    endloop
  endfacet
  facet normal 5.586076e-01 -7.100915e-01 4.286347e-01
    outer loop
      vertex   -2.390192e+01 7.500000e+00 2.250000e+01
      vertex   -2.171190e+01 1.050000e+01 2.461581e+01
      vertex   -2.437868e+01 7.500000e+00 2.312132e+01
    endloop
  endfacet
  facet normal 5.245122e-01 -7.044528e-01 4.781560e-01
    outer loop
      vertex   -2.437868e+01 7.500000e+00 2.312132e+01
      vertex   -2.171190e+01 1.050000e+01 2.461581e+01
      vertex   -2.245783e+01 1.050000e+01 2.543405e+01
    endloop
  endfacet
  facet normal 4.301613e-01 -7.075961e-01 5.605971e-01
    outer loop
      vertex   -2.437868e+01 7.500000e+00 2.312132e+01
      vertex   -2.245783e+01 1.050000e+01 2.543405e+01
      vertex   -2.500000e+01 7.500000e+00 2.359808e+01
    endloop
  endfacet
  facet normal 4.263300e-01 -7.067699e-01 5.645521e-01
    outer loop
      vertex   -2.500000e+01 7.500000e+00 2.359808e+01
      vertex   -2.245783e+01 1.050000e+01 2.543405e+01
      vertex   -2.334141e+01 1.050000e+01 2.610130e+01
    endloop
  endfacet
  facet normal 3.162320e-01 -7.047493e-01 6.350794e-01
    outer loop
      vertex   -2.500000e+01 7.500000e+00 2.359808e+01
      vertex   -2.334141e+01 1.050000e+01 2.610130e+01
      vertex   -2.433255e+01 1.050000e+01 2.659483e+01
    endloop
  endfacet
  facet normal 2.695149e-01 -7.099258e-01 6.506666e-01
    outer loop
      vertex   -2.500000e+01 7.500000e+00 2.359808e+01
      vertex   -2.433255e+01 1.050000e+01 2.659483e+01
      vertex   -2.572354e+01 7.500000e+00 2.389778e+01
    endloop
  endfacet
  facet normal 1.943247e-01 -7.041135e-01 6.829803e-01
    outer loop
      vertex   -2.572354e+01 7.500000e+00 2.389778e+01
      vertex   -2.433255e+01 1.050000e+01 2.659483e+01
      vertex   -2.539750e+01 1.050000e+01 2.689784e+01
    endloop
  endfacet
  facet normal 9.203556e-02 -7.090961e-01 6.990795e-01
    outer loop
      vertex   -2.572354e+01 7.500000e+00 2.389778e+01
      vertex   -2.539750e+01 1.050000e+01 2.689784e+01
      vertex   -2.650000e+01 7.500000e+00 2.400000e+01
    endloop
  endfacet
  facet normal 6.538289e-02 -7.055937e-01 7.055937e-01
    outer loop
      vertex   -2.650000e+01 7.500000e+00 2.400000e+01
      vertex   -2.539750e+01 1.050000e+01 2.689784e+01
      vertex   -2.650000e+01 1.050000e+01 2.700000e+01
    endloop
  endfacet
  facet normal 1.256074e-15 -7.071068e-01 -7.071068e-01
    outer loop
      vertex   -2.950000e+01 1.050000e+01 1.500000e+01
      vertex   -2.650000e+01 1.050000e+01 1.500000e+01
      vertex   -2.950000e+01 7.500000e+00 1.800000e+01
    endloop
  endfacet
  facet normal -8.373826e-16 -7.071068e-01 -7.071068e-01
    outer loop
      vertex   -2.950000e+01 7.500000e+00 1.800000e+01
      vertex   -2.650000e+01 1.050000e+01 1.500000e+01
      vertex   -2.650000e+01 7.500000e+00 1.800000e+01
    endloop
  endfacet
  facet normal 0.000000e+00 0.000000e+00 -1.000000e+00
    outer loop
      vertex   -2.950000e+01 7.500000e+00 1.800000e+01
      vertex   -2.650000e+01 7.500000e+00 1.800000e+01
      vertex   -2.950000e+01 5.500000e+00 1.800000e+01
    endloop
  endfacet
  facet normal -1.184238e-15 1.776357e-15 -1.000000e+00
    outer loop
      vertex   -2.950000e+01 5.500000e+00 1.800000e+01
      vertex   -2.650000e+01 7.500000e+00 1.800000e+01
      vertex   -2.650000e+01 5.500000e+00 1.800000e+01
    endloop
  endfacet
  facet normal 1.305262e-01 1.529299e-15 -9.914449e-01
    outer loop
      vertex   -2.650000e+01 5.500000e+00 1.800000e+01
      vertex   -2.650000e+01 7.500000e+00 1.800000e+01
      vertex   -2.572354e+01 5.500000e+00 1.810222e+01
    endloop
  endfacet
  facet normal 1.305262e-01 1.529299e-15 -9.914449e-01
    outer loop
      vertex   -2.572354e+01 5.500000e+00 1.810222e+01
      vertex   -2.650000e+01 7.500000e+00 1.800000e+01
      vertex   -2.572354e+01 7.500000e+00 1.810222e+01
    endloop
  endfacet
  facet normal 3.826834e-01 9.613574e-16 -9.238795e-01
    outer loop
      vertex   -2.572354e+01 5.500000e+00 1.810222e+01
      vertex   -2.572354e+01 7.500000e+00 1.810222e+01
      vertex   -2.500000e+01 5.500000e+00 1.840192e+01
    endloop
  endfacet
  facet normal 3.826834e-01 1.641140e-15 -9.238795e-01
    outer loop
      vertex   -2.500000e+01 5.500000e+00 1.840192e+01
      vertex   -2.572354e+01 7.500000e+00 1.810222e+01
      vertex   -2.500000e+01 7.500000e+00 1.840192e+01
    endloop
  endfacet
  facet normal 6.087614e-01 1.409279e-15 -7.933533e-01
    outer loop
      vertex   -2.500000e+01 5.500000e+00 1.840192e+01
      vertex   -2.500000e+01 7.500000e+00 1.840192e+01
      vertex   -2.437868e+01 5.500000e+00 1.887868e+01
    endloop
  endfacet
  facet normal 6.087614e-01 2.818557e-15 -7.933533e-01
    outer loop
      vertex   -2.437868e+01 5.500000e+00 1.887868e+01
      vertex   -2.500000e+01 7.500000e+00 1.840192e+01
      vertex   -2.437868e+01 7.500000e+00 1.887868e+01
    endloop
  endfacet
  facet normal 7.933533e-01 2.162755e-15 -6.087614e-01
    outer loop
      vertex   -2.437868e+01 5.500000e+00 1.887868e+01
      vertex   -2.437868e+01 7.500000e+00 1.887868e+01
      vertex   -2.390192e+01 5.500000e+00 1.950000e+01
    endloop
  endfacet
  facet normal 7.933533e-01 2.490656e-15 -6.087614e-01
    outer loop
      vertex   -2.390192e+01 5.500000e+00 1.950000e+01
      vertex   -2.437868e+01 7.500000e+00 1.887868e+01
      vertex   -2.390192e+01 7.500000e+00 1.950000e+01
    endloop
  endfacet
  facet normal 9.238795e-01 2.320922e-15 -3.826834e-01
    outer loop
      vertex   -2.390192e+01 5.500000e+00 1.950000e+01
      vertex   -2.390192e+01 7.500000e+00 1.950000e+01
      vertex   -2.360222e+01 5.500000e+00 2.022354e+01
    endloop
  endfacet
  facet normal 9.238795e-01 3.962062e-15 -3.826834e-01
    outer loop
      vertex   -2.360222e+01 5.500000e+00 2.022354e+01
      vertex   -2.390192e+01 7.500000e+00 1.950000e+01
      vertex   -2.360222e+01 7.500000e+00 2.022354e+01
    endloop
  endfacet
  facet normal 9.914449e-01 3.754181e-15 -1.305262e-01
    outer loop
      vertex   -2.360222e+01 5.500000e+00 2.022354e+01
      vertex   -2.360222e+01 7.500000e+00 2.022354e+01
      vertex   -2.350000e+01 5.500000e+00 2.100000e+01
    endloop
  endfacet
  facet normal 9.914449e-01 0.000000e+00 -1.305262e-01
    outer loop
      vertex   -2.350000e+01 5.500000e+00 2.100000e+01
      vertex   -2.360222e+01 7.500000e+00 2.022354e+01
      vertex   -2.350000e+01 7.500000e+00 2.100000e+01
    endloop
  endfacet
  facet normal 9.914449e-01 -0.000000e+00 1.305262e-01
    outer loop
      vertex   -2.350000e+01 5.500000e+00 2.100000e+01
      vertex   -2.350000e+01 7.500000e+00 2.100000e+01
      vertex   -2.360222e+01 5.500000e+00 2.177646e+01
    endloop
  endfacet
  facet normal 9.914449e-01 3.522320e-15 1.305262e-01
    outer loop
      vertex   -2.360222e+01 5.500000e+00 2.177646e+01
      vertex   -2.350000e+01 7.500000e+00 2.100000e+01
      vertex   -2.360222e+01 7.500000e+00 2.177646e+01
    endloop
  endfacet
  facet normal 9.238795e-01 3.282279e-15 3.826834e-01
    outer loop
      vertex   -2.360222e+01 5.500000e+00 2.177646e+01
      vertex   -2.360222e+01 7.500000e+00 2.177646e+01
      vertex   -2.390192e+01 5.500000e+00 2.250000e+01
    endloop
  endfacet
  facet normal 9.238795e-01 1.641140e-15 3.826834e-01
    outer loop
      vertex   -2.390192e+01 5.500000e+00 2.250000e+01
      vertex   -2.360222e+01 7.500000e+00 2.177646e+01
      vertex   -2.390192e+01 7.500000e+00 2.250000e+01
    endloop
  endfacet
  facet normal 7.933533e-01 1.409279e-15 6.087614e-01
    outer loop
      vertex   -2.390192e+01 5.500000e+00 2.250000e+01
      vertex   -2.390192e+01 7.500000e+00 2.250000e+01
      vertex   -2.437868e+01 5.500000e+00 2.312132e+01
    endloop
  endfacet
  facet normal 7.933533e-01 1.409279e-15 6.087614e-01
    outer loop
      vertex   -2.437868e+01 5.500000e+00 2.312132e+01
      vertex   -2.390192e+01 7.500000e+00 2.250000e+01
      vertex   -2.437868e+01 7.500000e+00 2.312132e+01
    endloop
  endfacet
  facet normal 6.087614e-01 1.081378e-15 7.933533e-01
    outer loop
      vertex   -2.437868e+01 5.500000e+00 2.312132e+01
      vertex   -2.437868e+01 7.500000e+00 2.312132e+01
      vertex   -2.500000e+01 5.500000e+00 2.359808e+01
    endloop
  endfacet
  facet normal 6.087614e-01 1.081378e-15 7.933533e-01
    outer loop
      vertex   -2.500000e+01 5.500000e+00 2.359808e+01
      vertex   -2.437868e+01 7.500000e+00 2.312132e+01
      vertex   -2.500000e+01 7.500000e+00 2.359808e+01
    endloop
  endfacet
  facet normal 3.826834e-01 6.797823e-16 9.238795e-01
    outer loop
      vertex   -2.500000e+01 5.500000e+00 2.359808e+01
      vertex   -2.500000e+01 7.500000e+00 2.359808e+01
      vertex   -2.572354e+01 5.500000e+00 2.389778e+01
    endloop
  endfacet
  facet normal 3.826834e-01 -0.000000e+00 9.238795e-01
    outer loop
      vertex   -2.572354e+01 5.500000e+00 2.389778e+01
      vertex   -2.500000e+01 7.500000e+00 2.359808e+01
      vertex   -2.572354e+01 7.500000e+00 2.389778e+01
    endloop
  endfacet
  facet normal 1.305262e-01 -0.000000e+00 9.914449e-01
    outer loop
      vertex   -2.572354e+01 5.500000e+00 2.389778e+01
      vertex   -2.572354e+01 7.500000e+00 2.389778e+01
      vertex   -2.650000e+01 5.500000e+00 2.400000e+01
    endloop
  endfacet
  facet normal 1.305262e-01 -0.000000e+00 9.914449e-01
    outer loop
      vertex   -2.650000e+01 5.500000e+00 2.400000e+01
      vertex   -2.572354e+01 7.500000e+00 2.389778e+01
      vertex   -2.650000e+01 7.500000e+00 2.400000e+01
    endloop
  endfacet
  facet normal 1.184238e-15 0.000000e+00 1.000000e+00
    outer loop
      vertex   -2.650000e+01 7.500000e+00 2.400000e+01
      vertex   -2.950000e+01 7.500000e+00 2.400000e+01
      vertex   -2.650000e+01 5.500000e+00 2.400000e+01
    endloop
  endfacet
  facet normal 3.552714e-15 3.552714e-15 1.000000e+00
    outer loop
      vertex   -2.650000e+01 5.500000e+00 2.400000e+01
      vertex   -2.950000e+01 7.500000e+00 2.400000e+01
      vertex   -2.950000e+01 5.500000e+00 2.400000e+01
    endloop
  endfacet
  facet normal -2.093457e-16 7.071068e-01 7.071068e-01
    outer loop
      vertex   -2.950000e+01 6.000000e+00 1.750000e+01
      vertex   -2.650000e+01 6.000000e+00 1.750000e+01
      vertex   -2.950000e+01 9.000000e+00 1.450000e+01
    endloop
  endfacet
  facet normal -4.186913e-16 7.071068e-01 7.071068e-01
    outer loop
      vertex   -2.950000e+01 9.000000e+00 1.450000e+01
      vertex   -2.650000e+01 6.000000e+00 1.750000e+01
      vertex   -2.650000e+01 9.000000e+00 1.450000e+01
    endloop
  endfacet
  facet normal -6.538289e-02 7.055937e-01 -7.055937e-01
    outer loop
      vertex   -2.650000e+01 9.000000e+00 2.750000e+01
      vertex   -2.530563e+01 9.000000e+00 2.738933e+01
      vertex   -2.650000e+01 6.000000e+00 2.450000e+01
    endloop
  endfacet
  facet normal -8.505883e-02 7.085430e-01 -7.005225e-01
    outer loop
      vertex   -2.650000e+01 6.000000e+00 2.450000e+01
      vertex   -2.530563e+01 9.000000e+00 2.738933e+01
      vertex   -2.566240e+01 6.000000e+00 2.439830e+01
    endloop
  endfacet
  facet normal -1.943337e-01 7.040802e-01 -6.830121e-01
    outer loop
      vertex   -2.566240e+01 6.000000e+00 2.439830e+01
      vertex   -2.530563e+01 9.000000e+00 2.738933e+01
      vertex   -2.415193e+01 9.000000e+00 2.706107e+01
    endloop
  endfacet
  facet normal -2.496862e-01 7.100760e-01 -6.583683e-01
    outer loop
      vertex   -2.566240e+01 6.000000e+00 2.439830e+01
      vertex   -2.415193e+01 9.000000e+00 2.706107e+01
      vertex   -2.487347e+01 6.000000e+00 2.409910e+01
    endloop
  endfacet
  facet normal -3.166025e-01 7.039113e-01 -6.358236e-01
    outer loop
      vertex   -2.487347e+01 6.000000e+00 2.409910e+01
      vertex   -2.415193e+01 9.000000e+00 2.706107e+01
      vertex   -2.307819e+01 9.000000e+00 2.652641e+01
    endloop
  endfacet
  facet normal -4.005142e-01 7.091573e-01 -5.802450e-01
    outer loop
      vertex   -2.487347e+01 6.000000e+00 2.409910e+01
      vertex   -2.307819e+01 9.000000e+00 2.652641e+01
      vertex   -2.417907e+01 6.000000e+00 2.361979e+01
    endloop
  endfacet
  facet normal -4.273387e-01 7.050905e-01 -5.658878e-01
    outer loop
      vertex   -2.417907e+01 6.000000e+00 2.361979e+01
      vertex   -2.307819e+01 9.000000e+00 2.652641e+01
      vertex   -2.212098e+01 9.000000e+00 2.580356e+01
    endloop
  endfacet
  facet normal -5.232428e-01 7.061793e-01 -4.769988e-01
    outer loop
      vertex   -2.417907e+01 6.000000e+00 2.361979e+01
      vertex   -2.212098e+01 9.000000e+00 2.580356e+01
      vertex   -2.131289e+01 9.000000e+00 2.491713e+01
    endloop
  endfacet
  facet normal -5.287778e-01 7.077732e-01 -4.684562e-01
    outer loop
      vertex   -2.417907e+01 6.000000e+00 2.361979e+01
      vertex   -2.131289e+01 9.000000e+00 2.491713e+01
      vertex   -2.361956e+01 6.000000e+00 2.298823e+01
    endloop
  endfacet
  facet normal -6.035432e-01 7.043333e-01 -3.736981e-01
    outer loop
      vertex   -2.361956e+01 6.000000e+00 2.298823e+01
      vertex   -2.131289e+01 9.000000e+00 2.491713e+01
      vertex   -2.068144e+01 9.000000e+00 2.389730e+01
    endloop
  endfacet
  facet normal -6.236082e-01 7.099231e-01 -3.272949e-01
    outer loop
      vertex   -2.361956e+01 6.000000e+00 2.298823e+01
      vertex   -2.068144e+01 9.000000e+00 2.389730e+01
      vertex   -2.322744e+01 6.000000e+00 2.224112e+01
    endloop
  endfacet
  facet normal -6.624018e-01 7.038268e-01 -2.566158e-01
    outer loop
      vertex   -2.322744e+01 6.000000e+00 2.224112e+01
      vertex   -2.068144e+01 9.000000e+00 2.389730e+01
      vertex   -2.024813e+01 9.000000e+00 2.277881e+01
    endloop
  endfacet
  facet normal -6.841135e-01 7.096171e-01 -1.686188e-01
    outer loop
      vertex   -2.322744e+01 6.000000e+00 2.224112e+01
      vertex   -2.024813e+01 9.000000e+00 2.277881e+01
      vertex   -2.302552e+01 6.000000e+00 2.142188e+01
    endloop
  endfacet
  facet normal -6.974538e-01 7.046702e-01 -1.303767e-01
    outer loop
      vertex   -2.302552e+01 6.000000e+00 2.142188e+01
      vertex   -2.024813e+01 9.000000e+00 2.277881e+01
      vertex   -2.002773e+01 9.000000e+00 2.159974e+01
    endloop
  endfacet
  facet normal -7.073672e-01 7.068463e-01 0.000000e+00
    outer loop
      vertex   -2.302552e+01 6.000000e+00 2.142188e+01
      vertex   -2.002773e+01 9.000000e+00 2.159974e+01
      vertex   -2.002773e+01 9.000000e+00 2.040026e+01
    endloop
  endfacet
  facet normal -7.073672e-01 7.068463e-01 0.000000e+00
    outer loop
      vertex   -2.302552e+01 6.000000e+00 2.142188e+01
      vertex   -2.002773e+01 9.000000e+00 2.040026e+01
      vertex   -2.302552e+01 6.000000e+00 2.057812e+01
    endloop
  endfacet
  facet normal -6.974538e-01 7.046702e-01 1.303767e-01
    outer loop
      vertex   -2.302552e+01 6.000000e+00 2.057812e+01
      vertex   -2.002773e+01 9.000000e+00 2.040026e+01
      vertex   -2.024813e+01 9.000000e+00 1.922119e+01
    endloop
  endfacet
  facet normal -6.841135e-01 7.096171e-01 1.686188e-01
    outer loop
      vertex   -2.302552e+01 6.000000e+00 2.057812e+01
      vertex   -2.024813e+01 9.000000e+00 1.922119e+01
      vertex   -2.322744e+01 6.000000e+00 1.975888e+01
    endloop
  endfacet
  facet normal -6.624018e-01 7.038268e-01 2.566158e-01
    outer loop
      vertex   -2.322744e+01 6.000000e+00 1.975888e+01
      vertex   -2.024813e+01 9.000000e+00 1.922119e+01
      vertex   -2.068144e+01 9.000000e+00 1.810270e+01
    endloop
  endfacet
  facet normal -6.236082e-01 7.099231e-01 3.272949e-01
    outer loop
      vertex   -2.322744e+01 6.000000e+00 1.975888e+01
      vertex   -2.068144e+01 9.000000e+00 1.810270e+01
      vertex   -2.361956e+01 6.000000e+00 1.901177e+01
    endloop
  endfacet
  facet normal -6.035432e-01 7.043333e-01 3.736981e-01
    outer loop
      vertex   -2.361956e+01 6.000000e+00 1.901177e+01
      vertex   -2.068144e+01 9.000000e+00 1.810270e+01
      vertex   -2.131289e+01 9.000000e+00 1.708287e+01
    endloop
  endfacet
  facet normal -5.287778e-01 7.077732e-01 4.684562e-01
    outer loop
      vertex   -2.361956e+01 6.000000e+00 1.901177e+01
      vertex   -2.131289e+01 9.000000e+00 1.708287e+01
      vertex   -2.417907e+01 6.000000e+00 1.838021e+01
    endloop
  endfacet
  facet normal -5.232428e-01 7.061793e-01 4.769988e-01
    outer loop
      vertex   -2.417907e+01 6.000000e+00 1.838021e+01
      vertex   -2.131289e+01 9.000000e+00 1.708287e+01
      vertex   -2.212098e+01 9.000000e+00 1.619644e+01
    endloop
  endfacet
  facet normal -4.273387e-01 7.050905e-01 5.658878e-01
    outer loop
      vertex   -2.417907e+01 6.000000e+00 1.838021e+01
      vertex   -2.212098e+01 9.000000e+00 1.619644e+01
      vertex   -2.307819e+01 9.000000e+00 1.547359e+01
    endloop
  endfacet
  facet normal -4.005142e-01 7.091573e-01 5.802450e-01
    outer loop
      vertex   -2.417907e+01 6.000000e+00 1.838021e+01
      vertex   -2.307819e+01 9.000000e+00 1.547359e+01
      vertex   -2.487347e+01 6.000000e+00 1.790090e+01
    endloop
  endfacet
  facet normal -3.166025e-01 7.039113e-01 6.358236e-01
    outer loop
      vertex   -2.487347e+01 6.000000e+00 1.790090e+01
      vertex   -2.307819e+01 9.000000e+00 1.547359e+01
      vertex   -2.415193e+01 9.000000e+00 1.493893e+01
    endloop
  endfacet
  facet normal -2.496862e-01 7.100760e-01 6.583683e-01
    outer loop
      vertex   -2.487347e+01 6.000000e+00 1.790090e+01
      vertex   -2.415193e+01 9.000000e+00 1.493893e+01
      vertex   -2.566240e+01 6.000000e+00 1.760170e+01
    endloop
  endfacet
  facet normal -1.943337e-01 7.040802e-01 6.830121e-01
    outer loop
      vertex   -2.566240e+01 6.000000e+00 1.760170e+01
      vertex   -2.415193e+01 9.000000e+00 1.493893e+01
      vertex   -2.530563e+01 9.000000e+00 1.461067e+01
    endloop
  endfacet
  facet normal -8.505883e-02 7.085430e-01 7.005225e-01
    outer loop
      vertex   -2.566240e+01 6.000000e+00 1.760170e+01
      vertex   -2.530563e+01 9.000000e+00 1.461067e+01
      vertex   -2.650000e+01 6.000000e+00 1.750000e+01
    endloop
  endfacet
  facet normal -6.538289e-02 7.055937e-01 7.055937e-01
    outer loop
      vertex   -2.650000e+01 6.000000e+00 1.750000e+01
      vertex   -2.530563e+01 9.000000e+00 1.461067e+01
      vertex   -2.650000e+01 9.000000e+00 1.450000e+01
    endloop
  endfacet
  facet normal 0.000000e+00 7.071068e-01 -7.071068e-01
    outer loop
      vertex   -2.950000e+01 9.000000e+00 2.750000e+01
      vertex   -2.650000e+01 9.000000e+00 2.750000e+01
      vertex   -2.950000e+01 6.000000e+00 2.450000e+01
    endloop
  endfacet
  facet normal -2.093457e-15 7.071068e-01 -7.071068e-01
    outer loop
      vertex   -2.950000e+01 6.000000e+00 2.450000e+01
      vertex   -2.650000e+01 9.000000e+00 2.750000e+01
      vertex   -2.650000e+01 6.000000e+00 2.450000e+01
    endloop
  endfacet
  facet normal -1.000000e+00 -0.000000e+00 -0.000000e+00
    outer loop
      vertex   -2.950000e+01 9.000000e+00 3.850000e+01
      vertex   -2.950000e+01 9.000000e+00 2.750000e+01
      vertex   -2.950000e+01 5.500000e+00 3.850000e+01
    endloop
  endfacet
  facet normal -1.000000e+00 0.000000e+00 0.000000e+00
    outer loop
      vertex   -2.950000e+01 5.500000e+00 3.850000e+01
      vertex   -2.950000e+01 9.000000e+00 2.750000e+01
      vertex   -2.950000e+01 6.000000e+00 2.450000e+01
    endloop
  endfacet
  facet normal -1.000000e+00 0.000000e+00 0.000000e+00
    outer loop
      vertex   -2.950000e+01 5.500000e+00 3.850000e+01
      vertex   -2.950000e+01 6.000000e+00 2.450000e+01
      vertex   -2.950000e+01 5.500000e+00 2.450000e+01
    endloop
  endfacet
  facet normal 0.000000e+00 0.000000e+00 -1.000000e+00
    outer loop
      vertex   -2.950000e+01 6.000000e+00 2.450000e+01
      vertex   -2.650000e+01 6.000000e+00 2.450000e+01
      vertex   -2.950000e+01 5.500000e+00 2.450000e+01
    endloop
  endfacet
  facet normal 0.000000e+00 0.000000e+00 -1.000000e+00
    outer loop
      vertex   -2.950000e+01 5.500000e+00 2.450000e+01
      vertex   -2.650000e+01 6.000000e+00 2.450000e+01
      vertex   -2.650000e+01 5.500000e+00 2.450000e+01
    endloop
  endfacet
  facet normal -1.205367e-01 0.000000e+00 -9.927089e-01
    outer loop
      vertex   -2.650000e+01 5.500000e+00 2.450000e+01
      vertex   -2.650000e+01 6.000000e+00 2.450000e+01
      vertex   -2.566240e+01 5.500000e+00 2.439830e+01
    endloop
  endfacet
  facet normal -1.205367e-01 0.000000e+00 -9.927089e-01
    outer loop
      vertex   -2.566240e+01 5.500000e+00 2.439830e+01
      vertex   -2.650000e+01 6.000000e+00 2.450000e+01
      vertex   -2.566240e+01 6.000000e+00 2.439830e+01
    endloop
  endfacet
  facet normal -3.546049e-01 0.000000e+00 -9.350162e-01
    outer loop
      vertex   -2.566240e+01 5.500000e+00 2.439830e+01
      vertex   -2.566240e+01 6.000000e+00 2.439830e+01
      vertex   -2.487347e+01 5.500000e+00 2.409910e+01
    endloop
  endfacet
  facet normal -3.546049e-01 0.000000e+00 -9.350162e-01
    outer loop
      vertex   -2.487347e+01 5.500000e+00 2.409910e+01
      vertex   -2.566240e+01 6.000000e+00 2.439830e+01
      vertex   -2.487347e+01 6.000000e+00 2.409910e+01
    endloop
  endfacet
  facet normal -5.680647e-01 0.000000e+00 -8.229839e-01
    outer loop
      vertex   -2.487347e+01 5.500000e+00 2.409910e+01
      vertex   -2.487347e+01 6.000000e+00 2.409910e+01
      vertex   -2.417907e+01 5.500000e+00 2.361979e+01
    endloop
  endfacet
  facet normal -5.680647e-01 1.169530e-14 -8.229839e-01
    outer loop
      vertex   -2.417907e+01 5.500000e+00 2.361979e+01
      vertex   -2.487347e+01 6.000000e+00 2.409910e+01
      vertex   -2.417907e+01 6.000000e+00 2.361979e+01
    endloop
  endfacet
  facet normal -7.485107e-01 9.423540e-15 -6.631227e-01
    outer loop
      vertex   -2.417907e+01 5.500000e+00 2.361979e+01
      vertex   -2.417907e+01 6.000000e+00 2.361979e+01
      vertex   -2.361956e+01 5.500000e+00 2.298823e+01
    endloop
  endfacet
  facet normal -7.485107e-01 0.000000e+00 -6.631227e-01
    outer loop
      vertex   -2.361956e+01 5.500000e+00 2.298823e+01
      vertex   -2.417907e+01 6.000000e+00 2.361979e+01
      vertex   -2.361956e+01 6.000000e+00 2.298823e+01
    endloop
  endfacet
  facet normal -8.854560e-01 0.000000e+00 -4.647232e-01
    outer loop
      vertex   -2.361956e+01 5.500000e+00 2.298823e+01
      vertex   -2.361956e+01 6.000000e+00 2.298823e+01
      vertex   -2.322744e+01 5.500000e+00 2.224112e+01
    endloop
  endfacet
  facet normal -8.854560e-01 3.302057e-15 -4.647232e-01
    outer loop
      vertex   -2.322744e+01 5.500000e+00 2.224112e+01
      vertex   -2.361956e+01 6.000000e+00 2.298823e+01
      vertex   -2.322744e+01 6.000000e+00 2.224112e+01
    endloop
  endfacet
  facet normal -9.709418e-01 1.700440e-15 -2.393157e-01
    outer loop
      vertex   -2.322744e+01 5.500000e+00 2.224112e+01
      vertex   -2.322744e+01 6.000000e+00 2.224112e+01
      vertex   -2.302552e+01 5.500000e+00 2.142188e+01
    endloop
  endfacet
  facet normal -9.709418e-01 0.000000e+00 -2.393157e-01
    outer loop
      vertex   -2.302552e+01 5.500000e+00 2.142188e+01
      vertex   -2.322744e+01 6.000000e+00 2.224112e+01
      vertex   -2.302552e+01 6.000000e+00 2.142188e+01
    endloop
  endfacet
  facet normal -1.000000e+00 0.000000e+00 0.000000e+00
    outer loop
      vertex   -2.302552e+01 5.500000e+00 2.142188e+01
      vertex   -2.302552e+01 6.000000e+00 2.142188e+01
      vertex   -2.302552e+01 5.500000e+00 2.057812e+01
    endloop
  endfacet
  facet normal -1.000000e+00 0.000000e+00 0.000000e+00
    outer loop
      vertex   -2.302552e+01 5.500000e+00 2.057812e+01
      vertex   -2.302552e+01 6.000000e+00 2.142188e+01
      vertex   -2.302552e+01 6.000000e+00 2.057812e+01
    endloop
  endfacet
  facet normal -9.709418e-01 0.000000e+00 2.393157e-01
    outer loop
      vertex   -2.302552e+01 5.500000e+00 2.057812e+01
      vertex   -2.302552e+01 6.000000e+00 2.057812e+01
      vertex   -2.322744e+01 5.500000e+00 1.975888e+01
    endloop
  endfacet
  facet normal -9.709418e-01 0.000000e+00 2.393157e-01
    outer loop
      vertex   -2.322744e+01 5.500000e+00 1.975888e+01
      vertex   -2.302552e+01 6.000000e+00 2.057812e+01
      vertex   -2.322744e+01 6.000000e+00 1.975888e+01
    endloop
  endfacet
  facet normal -8.854560e-01 0.000000e+00 4.647232e-01
    outer loop
      vertex   -2.322744e+01 5.500000e+00 1.975888e+01
      vertex   -2.322744e+01 6.000000e+00 1.975888e+01
      vertex   -2.361956e+01 5.500000e+00 1.901177e+01
    endloop
  endfacet
  facet normal -8.854560e-01 0.000000e+00 4.647232e-01
    outer loop
      vertex   -2.361956e+01 5.500000e+00 1.901177e+01
      vertex   -2.322744e+01 6.000000e+00 1.975888e+01
      vertex   -2.361956e+01 6.000000e+00 1.901177e+01
    endloop
  endfacet
  facet normal -7.485107e-01 0.000000e+00 6.631227e-01
    outer loop
      vertex   -2.361956e+01 5.500000e+00 1.901177e+01
      vertex   -2.361956e+01 6.000000e+00 1.901177e+01
      vertex   -2.417907e+01 5.500000e+00 1.838021e+01
    endloop
  endfacet
  facet normal -7.485107e-01 0.000000e+00 6.631227e-01
    outer loop
      vertex   -2.417907e+01 5.500000e+00 1.838021e+01
      vertex   -2.361956e+01 6.000000e+00 1.901177e+01
      vertex   -2.417907e+01 6.000000e+00 1.838021e+01
    endloop
  endfacet
  facet normal -5.680647e-01 0.000000e+00 8.229839e-01
    outer loop
      vertex   -2.417907e+01 5.500000e+00 1.838021e+01
      vertex   -2.417907e+01 6.000000e+00 1.838021e+01
      vertex   -2.487347e+01 5.500000e+00 1.790090e+01
    endloop
  endfacet
  facet normal -5.680647e-01 0.000000e+00 8.229839e-01
    outer loop
      vertex   -2.487347e+01 5.500000e+00 1.790090e+01
      vertex   -2.417907e+01 6.000000e+00 1.838021e+01
      vertex   -2.487347e+01 6.000000e+00 1.790090e+01
    endloop
  endfacet
  facet normal -3.546049e-01 0.000000e+00 9.350162e-01
    outer loop
      vertex   -2.487347e+01 5.500000e+00 1.790090e+01
      vertex   -2.487347e+01 6.000000e+00 1.790090e+01
      vertex   -2.566240e+01 5.500000e+00 1.760170e+01
    endloop
  endfacet
  facet normal -3.546049e-01 0.000000e+00 9.350162e-01
    outer loop
      vertex   -2.566240e+01 5.500000e+00 1.760170e+01
      vertex   -2.487347e+01 6.000000e+00 1.790090e+01
      vertex   -2.566240e+01 6.000000e+00 1.760170e+01
    endloop
  endfacet
  facet normal -1.205367e-01 0.000000e+00 9.927089e-01
    outer loop
      vertex   -2.566240e+01 5.500000e+00 1.760170e+01
      vertex   -2.566240e+01 6.000000e+00 1.760170e+01
      vertex   -2.650000e+01 5.500000e+00 1.750000e+01
    endloop
  endfacet
  facet normal -1.205367e-01 0.000000e+00 9.927089e-01
    outer loop
      vertex   -2.650000e+01 5.500000e+00 1.750000e+01
      vertex   -2.566240e+01 6.000000e+00 1.760170e+01
      vertex   -2.650000e+01 6.000000e+00 1.750000e+01
    endloop
  endfacet
  facet normal 0.000000e+00 0.000000e+00 1.000000e+00
    outer loop
      vertex   -2.650000e+01 6.000000e+00 1.750000e+01
      vertex   -2.950000e+01 6.000000e+00 1.750000e+01
      vertex   -2.650000e+01 5.500000e+00 1.750000e+01
    endloop
  endfacet
  facet normal 0.000000e+00 0.000000e+00 1.000000e+00
    outer loop
      vertex   -2.650000e+01 5.500000e+00 1.750000e+01
      vertex   -2.950000e+01 6.000000e+00 1.750000e+01
      vertex   -2.950000e+01 5.500000e+00 1.750000e+01
    endloop
  endfacet
  facet normal -9.863613e-01 0.000000e+00 -1.645946e-01
    outer loop
      vertex   -2.460837e+01 5.500000e+00 2.164940e+01
      vertex   -2.450000e+01 1.250000e+01 2.100000e+01
      vertex   -2.450000e+01 5.500000e+00 2.100000e+01
    endloop
  endfacet
  facet normal -9.863613e-01 0.000000e+00 1.645946e-01
    outer loop
      vertex   -2.450000e+01 5.500000e+00 2.100000e+01
      vertex   -2.450000e+01 1.250000e+01 2.100000e+01
      vertex   -2.460837e+01 1.250000e+01 2.035060e+01
    endloop
  endfacet
  facet normal -9.863613e-01 0.000000e+00 1.645946e-01
    outer loop
      vertex   -2.450000e+01 5.500000e+00 2.100000e+01
      vertex   -2.460837e+01 1.250000e+01 2.035060e+01
      vertex   -2.460837e+01 5.500000e+00 2.035060e+01
    endloop
  endfacet
  facet normal -8.794738e-01 0.000000e+00 4.759474e-01
    outer loop
      vertex   -2.460837e+01 5.500000e+00 2.035060e+01
      vertex   -2.460837e+01 1.250000e+01 2.035060e+01
      vertex   -2.492172e+01 1.250000e+01 1.977157e+01
    endloop
  endfacet
  facet normal -8.794738e-01 0.000000e+00 4.759474e-01
    outer loop
      vertex   -2.460837e+01 5.500000e+00 2.035060e+01
      vertex   -2.492172e+01 1.250000e+01 1.977157e+01
      vertex   -2.492172e+01 5.500000e+00 1.977157e+01
    endloop
  endfacet
  facet normal -6.772816e-01 0.000000e+00 7.357239e-01
    outer loop
      vertex   -2.492172e+01 5.500000e+00 1.977157e+01
      vertex   -2.492172e+01 1.250000e+01 1.977157e+01
      vertex   -2.540610e+01 1.250000e+01 1.932567e+01
    endloop
  endfacet
  facet normal -6.772816e-01 3.733949e-16 7.357239e-01
    outer loop
      vertex   -2.492172e+01 5.500000e+00 1.977157e+01
      vertex   -2.540610e+01 1.250000e+01 1.932567e+01
      vertex   -2.540610e+01 5.500000e+00 1.932567e+01
    endloop
  endfacet
  facet normal -4.016954e-01 4.647829e-16 9.157733e-01
    outer loop
      vertex   -2.540610e+01 5.500000e+00 1.932567e+01
      vertex   -2.540610e+01 1.250000e+01 1.932567e+01
      vertex   -2.600903e+01 1.250000e+01 1.906120e+01
    endloop
  endfacet
  facet normal -4.016954e-01 0.000000e+00 9.157733e-01
    outer loop
      vertex   -2.540610e+01 5.500000e+00 1.932567e+01
      vertex   -2.600903e+01 1.250000e+01 1.906120e+01
      vertex   -2.600903e+01 5.500000e+00 1.906120e+01
    endloop
  endfacet
  facet normal -8.257935e-02 0.000000e+00 9.965845e-01
    outer loop
      vertex   -2.600903e+01 5.500000e+00 1.906120e+01
      vertex   -2.600903e+01 1.250000e+01 1.906120e+01
      vertex   -2.666516e+01 1.250000e+01 1.900683e+01
    endloop
  endfacet
  facet normal -8.257935e-02 0.000000e+00 9.965845e-01
    outer loop
      vertex   -2.600903e+01 5.500000e+00 1.906120e+01
      vertex   -2.666516e+01 1.250000e+01 1.900683e+01
      vertex   -2.666516e+01 5.500000e+00 1.900683e+01
    endloop
  endfacet
  facet normal 2.454855e-01 -0.000000e+00 9.694003e-01
    outer loop
      vertex   -2.666516e+01 5.500000e+00 1.900683e+01
      vertex   -2.666516e+01 1.250000e+01 1.900683e+01
      vertex   -2.730339e+01 1.250000e+01 1.916845e+01
    endloop
  endfacet
  facet normal 2.454855e-01 0.000000e+00 9.694003e-01
    outer loop
      vertex   -2.666516e+01 5.500000e+00 1.900683e+01
      vertex   -2.730339e+01 1.250000e+01 1.916845e+01
      vertex   -2.730339e+01 5.500000e+00 1.916845e+01
    endloop
  endfacet
  facet normal 5.469482e-01 -0.000000e+00 8.371665e-01
    outer loop
      vertex   -2.730339e+01 5.500000e+00 1.916845e+01
      vertex   -2.730339e+01 1.250000e+01 1.916845e+01
      vertex   -2.785456e+01 1.250000e+01 1.952855e+01
    endloop
  endfacet
  facet normal 5.469482e-01 0.000000e+00 8.371665e-01
    outer loop
      vertex   -2.730339e+01 5.500000e+00 1.916845e+01
      vertex   -2.785456e+01 1.250000e+01 1.952855e+01
      vertex   -2.785456e+01 5.500000e+00 1.952855e+01
    endloop
  endfacet
  facet normal 7.891405e-01 -0.000000e+00 6.142127e-01
    outer loop
      vertex   -2.785456e+01 5.500000e+00 1.952855e+01
      vertex   -2.785456e+01 1.250000e+01 1.952855e+01
      vertex   -2.825895e+01 1.250000e+01 2.004811e+01
    endloop
  endfacet
  facet normal 7.891405e-01 8.009922e-16 6.142127e-01
    outer loop
      vertex   -2.785456e+01 5.500000e+00 1.952855e+01
      vertex   -2.825895e+01 1.250000e+01 2.004811e+01
      vertex   -2.825895e+01 5.500000e+00 2.004811e+01
    endloop
  endfacet
  facet normal 9.458172e-01 9.600622e-16 3.246995e-01
    outer loop
      vertex   -2.825895e+01 5.500000e+00 2.004811e+01
      vertex   -2.825895e+01 1.250000e+01 2.004811e+01
      vertex   -2.847272e+01 1.250000e+01 2.067081e+01
    endloop
  endfacet
  facet normal 9.458172e-01 0.000000e+00 3.246995e-01
    outer loop
      vertex   -2.825895e+01 5.500000e+00 2.004811e+01
      vertex   -2.847272e+01 1.250000e+01 2.067081e+01
      vertex   -2.847272e+01 5.500000e+00 2.067081e+01
    endloop
  endfacet
  facet normal 1.000000e+00 0.000000e+00 0.000000e+00
    outer loop
      vertex   -2.847272e+01 5.500000e+00 2.067081e+01
      vertex   -2.847272e+01 1.250000e+01 2.067081e+01
      vertex   -2.847272e+01 1.250000e+01 2.132919e+01
    endloop
  endfacet
  facet normal 1.000000e+00 0.000000e+00 0.000000e+00
    outer loop
      vertex   -2.847272e+01 5.500000e+00 2.067081e+01
      vertex   -2.847272e+01 1.250000e+01 2.132919e+01
      vertex   -2.847272e+01 5.500000e+00 2.132919e+01
    endloop
  endfacet
  facet normal 9.458172e-01 0.000000e+00 -3.246995e-01
    outer loop
      vertex   -2.847272e+01 5.500000e+00 2.132919e+01
      vertex   -2.847272e+01 1.250000e+01 2.132919e+01
      vertex   -2.825895e+01 1.250000e+01 2.195189e+01
    endloop
  endfacet
  facet normal 9.458172e-01 0.000000e+00 -3.246995e-01
    outer loop
      vertex   -2.847272e+01 5.500000e+00 2.132919e+01
      vertex   -2.825895e+01 1.250000e+01 2.195189e+01
      vertex   -2.825895e+01 5.500000e+00 2.195189e+01
    endloop
  endfacet
  facet normal 7.891405e-01 0.000000e+00 -6.142127e-01
    outer loop
      vertex   -2.825895e+01 5.500000e+00 2.195189e+01
      vertex   -2.825895e+01 1.250000e+01 2.195189e+01
      vertex   -2.785456e+01 1.250000e+01 2.247145e+01
    endloop
  endfacet
  facet normal 7.891405e-01 -3.974849e-16 -6.142127e-01
    outer loop
      vertex   -2.825895e+01 5.500000e+00 2.195189e+01
      vertex   -2.785456e+01 1.250000e+01 2.247145e+01
      vertex   -2.785456e+01 5.500000e+00 2.247145e+01
    endloop
  endfacet
  facet normal 5.469482e-01 -2.775929e-16 -8.371665e-01
    outer loop
      vertex   -2.785456e+01 5.500000e+00 2.247145e+01
      vertex   -2.785456e+01 1.250000e+01 2.247145e+01
      vertex   -2.730339e+01 1.250000e+01 2.283155e+01
    endloop
  endfacet
  facet normal 5.469482e-01 4.215748e-16 -8.371665e-01
    outer loop
      vertex   -2.785456e+01 5.500000e+00 2.247145e+01
      vertex   -2.730339e+01 1.250000e+01 2.283155e+01
      vertex   -2.730339e+01 5.500000e+00 2.283155e+01
    endloop
  endfacet
  facet normal 2.454855e-01 4.920002e-16 -9.694003e-01
    outer loop
      vertex   -2.730339e+01 5.500000e+00 2.283155e+01
      vertex   -2.730339e+01 1.250000e+01 2.283155e+01
      vertex   -2.666516e+01 1.250000e+01 2.299317e+01
    endloop
  endfacet
  facet normal 2.454855e-01 0.000000e+00 -9.694003e-01
    outer loop
      vertex   -2.730339e+01 5.500000e+00 2.283155e+01
      vertex   -2.666516e+01 1.250000e+01 2.299317e+01
      vertex   -2.666516e+01 5.500000e+00 2.299317e+01
    endloop
  endfacet
  facet normal -8.257935e-02 0.000000e+00 -9.965845e-01
    outer loop
      vertex   -2.666516e+01 5.500000e+00 2.299317e+01
      vertex   -2.666516e+01 1.250000e+01 2.299317e+01
      vertex   -2.600903e+01 1.250000e+01 2.293880e+01
    endloop
  endfacet
  facet normal -8.257935e-02 4.215748e-17 -9.965845e-01
    outer loop
      vertex   -2.666516e+01 5.500000e+00 2.299317e+01
      vertex   -2.600903e+01 1.250000e+01 2.293880e+01
      vertex   -2.600903e+01 5.500000e+00 2.293880e+01
    endloop
  endfacet
  facet normal -4.016954e-01 2.038727e-16 -9.157733e-01
    outer loop
      vertex   -2.600903e+01 5.500000e+00 2.293880e+01
      vertex   -2.600903e+01 1.250000e+01 2.293880e+01
      vertex   -2.540610e+01 1.250000e+01 2.267433e+01
    endloop
  endfacet
  facet normal -4.016954e-01 0.000000e+00 -9.157733e-01
    outer loop
      vertex   -2.600903e+01 5.500000e+00 2.293880e+01
      vertex   -2.540610e+01 1.250000e+01 2.267433e+01
      vertex   -2.540610e+01 5.500000e+00 2.267433e+01
    endloop
  endfacet
  facet normal -6.772816e-01 0.000000e+00 -7.357239e-01
    outer loop
      vertex   -2.540610e+01 5.500000e+00 2.267433e+01
      vertex   -2.540610e+01 1.250000e+01 2.267433e+01
      vertex   -2.492172e+01 1.250000e+01 2.222843e+01
    endloop
  endfacet
  facet normal -6.772816e-01 0.000000e+00 -7.357239e-01
    outer loop
      vertex   -2.540610e+01 5.500000e+00 2.267433e+01
      vertex   -2.492172e+01 1.250000e+01 2.222843e+01
      vertex   -2.492172e+01 5.500000e+00 2.222843e+01
    endloop
  endfacet
  facet normal -8.794738e-01 0.000000e+00 -4.759474e-01
    outer loop
      vertex   -2.492172e+01 5.500000e+00 2.222843e+01
      vertex   -2.492172e+01 1.250000e+01 2.222843e+01
      vertex   -2.460837e+01 1.250000e+01 2.164940e+01
    endloop
  endfacet
  facet normal -8.794738e-01 -2.408999e-16 -4.759474e-01
    outer loop
      vertex   -2.492172e+01 5.500000e+00 2.222843e+01
      vertex   -2.460837e+01 1.250000e+01 2.164940e+01
      vertex   -2.460837e+01 5.500000e+00 2.164940e+01
    endloop
  endfacet
  facet normal -9.863613e-01 -8.353678e-17 -1.645946e-01
    outer loop
      vertex   -2.460837e+01 5.500000e+00 2.164940e+01
      vertex   -2.460837e+01 1.250000e+01 2.164940e+01
      vertex   -2.450000e+01 1.250000e+01 2.100000e+01
    endloop
  endfacet
  facet normal 1.033689e-15 -1.000000e+00 1.195201e-15
    outer loop
      vertex   -2.460837e+01 5.500000e+00 2.035060e+01
      vertex   -2.360222e+01 5.500000e+00 2.022354e+01
      vertex   -2.450000e+01 5.500000e+00 2.100000e+01
    endloop
  endfacet
  facet normal 0.000000e+00 -1.000000e+00 0.000000e+00
    outer loop
      vertex   -2.450000e+01 5.500000e+00 2.100000e+01
      vertex   -2.360222e+01 5.500000e+00 2.022354e+01
      vertex   -2.350000e+01 5.500000e+00 2.100000e+01
    endloop
  endfacet
  facet normal 0.000000e+00 -1.000000e+00 0.000000e+00
    outer loop
      vertex   -2.450000e+01 5.500000e+00 2.100000e+01
      vertex   -2.350000e+01 5.500000e+00 2.100000e+01
      vertex   -2.360222e+01 5.500000e+00 2.177646e+01
    endloop
  endfacet
  facet normal 8.388758e-16 -1.000000e+00 -3.474737e-16
    outer loop
      vertex   -2.360222e+01 5.500000e+00 2.022354e+01
      vertex   -2.460837e+01 5.500000e+00 2.035060e+01
      vertex   -2.390192e+01 5.500000e+00 1.950000e+01
    endloop
  endfacet
  facet normal 7.612323e-16 -1.000000e+00 -4.119583e-16
    outer loop
      vertex   -2.390192e+01 5.500000e+00 1.950000e+01
      vertex   -2.460837e+01 5.500000e+00 2.035060e+01
      vertex   -2.492172e+01 5.500000e+00 1.977157e+01
    endloop
  endfacet
  facet normal 7.231653e-16 -1.000000e+00 -5.549043e-16
    outer loop
      vertex   -2.390192e+01 5.500000e+00 1.950000e+01
      vertex   -2.492172e+01 5.500000e+00 1.977157e+01
      vertex   -2.437868e+01 5.500000e+00 1.887868e+01
    endloop
  endfacet
  facet normal 5.870384e-16 -1.000000e+00 -6.376937e-16
    outer loop
      vertex   -2.437868e+01 5.500000e+00 1.887868e+01
      vertex   -2.492172e+01 5.500000e+00 1.977157e+01
      vertex   -2.540610e+01 5.500000e+00 1.932567e+01
    endloop
  endfacet
  facet normal 5.516810e-16 -1.000000e+00 -7.189646e-16
    outer loop
      vertex   -2.437868e+01 5.500000e+00 1.887868e+01
      vertex   -2.540610e+01 5.500000e+00 1.932567e+01
      vertex   -2.500000e+01 5.500000e+00 1.840192e+01
    endloop
  endfacet
  facet normal 3.535705e-16 -1.000000e+00 -8.060596e-16
    outer loop
      vertex   -2.500000e+01 5.500000e+00 1.840192e+01
      vertex   -2.540610e+01 5.500000e+00 1.932567e+01
      vertex   -2.600903e+01 5.500000e+00 1.906120e+01
    endloop
  endfacet
  facet normal 3.415202e-16 -1.000000e+00 -8.245027e-16
    outer loop
      vertex   -2.500000e+01 5.500000e+00 1.840192e+01
      vertex   -2.600903e+01 5.500000e+00 1.906120e+01
      vertex   -2.572354e+01 5.500000e+00 1.810222e+01
    endloop
  endfacet
  facet normal 1.173343e-16 -1.000000e+00 -8.912426e-16
    outer loop
      vertex   -2.572354e+01 5.500000e+00 1.810222e+01
      vertex   -2.600903e+01 5.500000e+00 1.906120e+01
      vertex   -2.650000e+01 5.500000e+00 1.800000e+01
    endloop
  endfacet
  facet normal 7.211698e-17 -1.000000e+00 -8.703225e-16
    outer loop
      vertex   -2.650000e+01 5.500000e+00 1.800000e+01
      vertex   -2.600903e+01 5.500000e+00 1.906120e+01
      vertex   -2.666516e+01 5.500000e+00 1.900683e+01
    endloop
  endfacet
  facet normal -2.330732e-16 -1.000000e+00 -9.203853e-16
    outer loop
      vertex   -2.650000e+01 5.500000e+00 1.800000e+01
      vertex   -2.666516e+01 5.500000e+00 1.900683e+01
      vertex   -2.730339e+01 5.500000e+00 1.916845e+01
    endloop
  endfacet
  facet normal -9.001768e-31 -1.000000e+00 -7.601317e-16
    outer loop
      vertex   -2.650000e+01 5.500000e+00 1.800000e+01
      vertex   -2.730339e+01 5.500000e+00 1.916845e+01
      vertex   -2.950000e+01 5.500000e+00 1.800000e+01
    endloop
  endfacet
  facet normal -2.228770e-16 -1.000000e+00 -3.411387e-16
    outer loop
      vertex   -2.950000e+01 5.500000e+00 1.800000e+01
      vertex   -2.730339e+01 5.500000e+00 1.916845e+01
      vertex   -2.785456e+01 5.500000e+00 1.952855e+01
    endloop
  endfacet
  facet normal -3.132731e-16 -1.000000e+00 -2.438303e-16
    outer loop
      vertex   -2.950000e+01 5.500000e+00 1.800000e+01
      vertex   -2.785456e+01 5.500000e+00 1.952855e+01
      vertex   -2.825895e+01 5.500000e+00 2.004811e+01
    endloop
  endfacet
  facet normal -4.568424e-16 -1.000000e+00 -1.568342e-16
    outer loop
      vertex   -2.825895e+01 5.500000e+00 2.004811e+01
      vertex   -2.847272e+01 5.500000e+00 2.067081e+01
      vertex   -2.950000e+01 5.500000e+00 1.800000e+01
    endloop
  endfacet
  facet normal -8.645945e-16 -1.000000e+00 0.000000e+00
    outer loop
      vertex   -2.950000e+01 5.500000e+00 1.800000e+01
      vertex   -2.847272e+01 5.500000e+00 2.067081e+01
      vertex   -2.847272e+01 5.500000e+00 2.132919e+01
    endloop
  endfacet
  facet normal -8.645945e-16 -1.000000e+00 -5.119428e-31
    outer loop
      vertex   -2.950000e+01 5.500000e+00 1.800000e+01
      vertex   -2.847272e+01 5.500000e+00 2.132919e+01
      vertex   -2.950000e+01 5.500000e+00 2.400000e+01
    endloop
  endfacet
  facet normal -4.568424e-16 -1.000000e+00 1.568342e-16
    outer loop
      vertex   -2.950000e+01 5.500000e+00 2.400000e+01
      vertex   -2.847272e+01 5.500000e+00 2.132919e+01
      vertex   -2.825895e+01 5.500000e+00 2.195189e+01
    endloop
  endfacet
  facet normal -3.132731e-16 -1.000000e+00 2.438303e-16
    outer loop
      vertex   -2.950000e+01 5.500000e+00 2.400000e+01
      vertex   -2.825895e+01 5.500000e+00 2.195189e+01
      vertex   -2.785456e+01 5.500000e+00 2.247145e+01
    endloop
  endfacet
  facet normal -2.228770e-16 -1.000000e+00 3.411387e-16
    outer loop
      vertex   -2.785456e+01 5.500000e+00 2.247145e+01
      vertex   -2.730339e+01 5.500000e+00 2.283155e+01
      vertex   -2.950000e+01 5.500000e+00 2.400000e+01
    endloop
  endfacet
  facet normal 2.700530e-30 -1.000000e+00 7.601317e-16
    outer loop
      vertex   -2.950000e+01 5.500000e+00 2.400000e+01
      vertex   -2.730339e+01 5.500000e+00 2.283155e+01
      vertex   -2.650000e+01 5.500000e+00 2.400000e+01
    endloop
  endfacet
  facet normal -2.330732e-16 -1.000000e+00 9.203853e-16
    outer loop
      vertex   -2.650000e+01 5.500000e+00 2.400000e+01
      vertex   -2.730339e+01 5.500000e+00 2.283155e+01
      vertex   -2.666516e+01 5.500000e+00 2.299317e+01
    endloop
  endfacet
  facet normal 7.211698e-17 -1.000000e+00 8.703225e-16
    outer loop
      vertex   -2.650000e+01 5.500000e+00 2.400000e+01
      vertex   -2.666516e+01 5.500000e+00 2.299317e+01
      vertex   -2.600903e+01 5.500000e+00 2.293880e+01
    endloop
  endfacet
  facet normal 3.535705e-16 -1.000000e+00 8.060596e-16
    outer loop
      vertex   -2.540610e+01 5.500000e+00 2.267433e+01
      vertex   -2.500000e+01 5.500000e+00 2.359808e+01
      vertex   -2.600903e+01 5.500000e+00 2.293880e+01
    endloop
  endfacet
  facet normal 3.415202e-16 -1.000000e+00 8.245027e-16
    outer loop
      vertex   -2.600903e+01 5.500000e+00 2.293880e+01
      vertex   -2.500000e+01 5.500000e+00 2.359808e+01
      vertex   -2.572354e+01 5.500000e+00 2.389778e+01
    endloop
  endfacet
  facet normal 1.173343e-16 -1.000000e+00 8.912426e-16
    outer loop
      vertex   -2.600903e+01 5.500000e+00 2.293880e+01
      vertex   -2.572354e+01 5.500000e+00 2.389778e+01
      vertex   -2.650000e+01 5.500000e+00 2.400000e+01
    endloop
  endfacet
  facet normal 5.516810e-16 -1.000000e+00 7.189646e-16
    outer loop
      vertex   -2.500000e+01 5.500000e+00 2.359808e+01
      vertex   -2.540610e+01 5.500000e+00 2.267433e+01
      vertex   -2.437868e+01 5.500000e+00 2.312132e+01
    endloop
  endfacet
  facet normal 5.870384e-16 -1.000000e+00 6.376937e-16
    outer loop
      vertex   -2.437868e+01 5.500000e+00 2.312132e+01
      vertex   -2.540610e+01 5.500000e+00 2.267433e+01
      vertex   -2.492172e+01 5.500000e+00 2.222843e+01
    endloop
  endfacet
  facet normal 7.231653e-16 -1.000000e+00 5.549043e-16
    outer loop
      vertex   -2.437868e+01 5.500000e+00 2.312132e+01
      vertex   -2.492172e+01 5.500000e+00 2.222843e+01
      vertex   -2.390192e+01 5.500000e+00 2.250000e+01
    endloop
  endfacet
  facet normal 7.612323e-16 -1.000000e+00 4.119583e-16
    outer loop
      vertex   -2.390192e+01 5.500000e+00 2.250000e+01
      vertex   -2.492172e+01 5.500000e+00 2.222843e+01
      vertex   -2.460837e+01 5.500000e+00 2.164940e+01
    endloop
  endfacet
  facet normal 8.388758e-16 -1.000000e+00 3.474737e-16
    outer loop
      vertex   -2.390192e+01 5.500000e+00 2.250000e+01
      vertex   -2.460837e+01 5.500000e+00 2.164940e+01
      vertex   -2.360222e+01 5.500000e+00 2.177646e+01
    endloop
  endfacet
  facet normal 1.033689e-15 -1.000000e+00 -1.195201e-15
    outer loop
      vertex   -2.360222e+01 5.500000e+00 2.177646e+01
      vertex   -2.460837e+01 5.500000e+00 2.164940e+01
      vertex   -2.450000e+01 5.500000e+00 2.100000e+01
    endloop
  endfacet
  facet normal -1.000000e+00 -2.103629e-30 -5.921189e-16
    outer loop
      vertex   -2.950000e+01 5.500000e+00 2.400000e+01
      vertex   -2.950000e+01 7.500000e+00 2.400000e+01
      vertex   -2.950000e+01 5.500000e+00 1.800000e+01
    endloop
  endfacet
  facet normal -1.000000e+00 -1.776357e-15 -2.629536e-31
    outer loop
      vertex   -2.950000e+01 5.500000e+00 1.800000e+01
      vertex   -2.950000e+01 7.500000e+00 2.400000e+01
      vertex   -2.950000e+01 7.500000e+00 1.800000e+01
    endloop
  endfacet
  facet normal -1.000000e+00 0.000000e+00 0.000000e+00
    outer loop
      vertex   -2.950000e+01 7.500000e+00 1.800000e+01
      vertex   -2.950000e+01 7.500000e+00 2.400000e+01
      vertex   -2.950000e+01 1.050000e+01 1.500000e+01
    endloop
  endfacet
  facet normal -1.000000e+00 0.000000e+00 0.000000e+00
    outer loop
      vertex   -2.950000e+01 1.050000e+01 1.500000e+01
      vertex   -2.950000e+01 7.500000e+00 2.400000e+01
      vertex   -2.950000e+01 1.050000e+01 2.700000e+01
    endloop
  endfacet
  facet normal -1.000000e+00 0.000000e+00 0.000000e+00
    outer loop
      vertex   -2.950000e+01 1.050000e+01 1.500000e+01
      vertex   -2.950000e+01 1.050000e+01 2.700000e+01
      vertex   -2.950000e+01 1.250000e+01 3.850000e+01
    endloop
  endfacet
  facet normal -1.000000e+00 -0.000000e+00 0.000000e+00
    outer loop
      vertex   -2.950000e+01 1.250000e+01 3.850000e+01
      vertex   -2.950000e+01 1.050000e+01 2.700000e+01
      vertex   -2.950000e+01 1.050000e+01 3.850000e+01
    endloop
  endfacet
  facet normal -1.000000e+00 0.000000e+00 -0.000000e+00
    outer loop
      vertex   -2.950000e+01 1.250000e+01 3.850000e+01
      vertex   -2.950000e+01 1.250000e+01 -1.150000e+01
      vertex   -2.950000e+01 1.050000e+01 1.500000e+01
    endloop
  endfacet
  facet normal -1.000000e+00 0.000000e+00 0.000000e+00
    outer loop
      vertex   -2.950000e+01 1.050000e+01 1.500000e+01
      vertex   -2.950000e+01 1.250000e+01 -1.150000e+01
      vertex   -2.950000e+01 1.050000e+01 3.500000e+00
    endloop
  endfacet
  facet normal -1.000000e+00 0.000000e+00 -0.000000e+00
    outer loop
      vertex   -2.950000e+01 1.050000e+01 3.500000e+00
      vertex   -2.950000e+01 1.250000e+01 -1.150000e+01
      vertex   -2.950000e+01 6.500000e+00 -5.000000e-01
    endloop
  endfacet
  facet normal -1.000000e+00 0.000000e+00 -0.000000e+00
    outer loop
      vertex   -2.950000e+01 6.500000e+00 -5.000000e-01
      vertex   -2.950000e+01 1.250000e+01 -1.150000e+01
      vertex   -2.950000e+01 5.500000e+00 -1.150000e+01
    endloop
  endfacet
  facet normal -1.000000e+00 -3.552714e-15 3.229740e-16
    outer loop
      vertex   -2.950000e+01 6.500000e+00 -5.000000e-01
      vertex   -2.950000e+01 5.500000e+00 -1.150000e+01
      vertex   -2.950000e+01 5.500000e+00 -5.000000e-01
    endloop
  endfacet
  facet normal -1.000000e+00 -0.000000e+00 -0.000000e+00
    outer loop
      vertex   -2.950000e+01 9.000000e+00 1.450000e+01
      vertex   -2.950000e+01 9.000000e+00 4.000000e+00
      vertex   -2.950000e+01 6.000000e+00 1.750000e+01
    endloop
  endfacet
  facet normal -1.000000e+00 0.000000e+00 -0.000000e+00
    outer loop
      vertex   -2.950000e+01 6.000000e+00 1.750000e+01
      vertex   -2.950000e+01 9.000000e+00 4.000000e+00
      vertex   -2.950000e+01 5.500000e+00 5.000000e-01
    endloop
  endfacet
  facet normal -1.000000e+00 -7.105427e-15 2.089832e-16
    outer loop
      vertex   -2.950000e+01 6.000000e+00 1.750000e+01
      vertex   -2.950000e+01 5.500000e+00 5.000000e-01
      vertex   -2.950000e+01 5.500000e+00 1.750000e+01
    endloop
  endfacet
  facet normal 5.362269e-16 -1.255025e-15 1.000000e+00
    outer loop
      vertex   -1.406287e+01 2.979127e+00 -5.000000e-01
      vertex   -5.160000e+00 2.979127e+00 -5.000000e-01
      vertex   -1.492645e+01 3.848623e+00 -5.000000e-01
    endloop
  endfacet
  facet normal 5.854267e-16 -7.023977e-16 1.000000e+00
    outer loop
      vertex   -1.492645e+01 3.848623e+00 -5.000000e-01
      vertex   -5.160000e+00 2.979127e+00 -5.000000e-01
      vertex   -3.000000e+00 4.226204e+00 -5.000000e-01
    endloop
  endfacet
  facet normal 5.389584e-16 7.653761e-16 1.000000e+00
    outer loop
      vertex   -1.492645e+01 3.848623e+00 -5.000000e-01
      vertex   -3.000000e+00 4.226204e+00 -5.000000e-01
      vertex   -1.592843e+01 4.554191e+00 -5.000000e-01
    endloop
  endfacet
  facet normal 5.492771e-16 1.172116e-15 1.000000e+00
    outer loop
      vertex   -1.592843e+01 4.554191e+00 -5.000000e-01
      vertex   -3.000000e+00 4.226204e+00 -5.000000e-01
      vertex   -1.703810e+01 5.074206e+00 -5.000000e-01
    endloop
  endfacet
  facet normal 4.991194e-16 3.417880e-16 1.000000e+00
    outer loop
      vertex   -1.703810e+01 5.074206e+00 -5.000000e-01
      vertex   -3.000000e+00 4.226204e+00 -5.000000e-01
      vertex   -3.000000e+00 6.500000e+00 -5.000000e-01
    endloop
  endfacet
  facet normal 3.875856e-16 1.439928e-15 1.000000e+00
    outer loop
      vertex   -1.703810e+01 5.074206e+00 -5.000000e-01
      vertex   -3.000000e+00 6.500000e+00 -5.000000e-01
      vertex   -1.822145e+01 5.392730e+00 -5.000000e-01
    endloop
  endfacet
  facet normal -2.387377e-15 3.958685e-14 1.000000e+00
    outer loop
      vertex   -1.822145e+01 5.392730e+00 -5.000000e-01
      vertex   -3.000000e+00 6.500000e+00 -5.000000e-01
      vertex   -1.944222e+01 5.500000e+00 -5.000000e-01
    endloop
  endfacet
  facet normal 1.256856e-17 1.264118e-16 1.000000e+00
    outer loop
      vertex   -1.944222e+01 5.500000e+00 -5.000000e-01
      vertex   -3.000000e+00 6.500000e+00 -5.000000e-01
      vertex   -2.950000e+01 6.500000e+00 -5.000000e-01
    endloop
  endfacet
  facet normal 0.000000e+00 0.000000e+00 1.000000e+00
    outer loop
      vertex   -1.944222e+01 5.500000e+00 -5.000000e-01
      vertex   -2.950000e+01 6.500000e+00 -5.000000e-01
      vertex   -2.950000e+01 5.500000e+00 -5.000000e-01
    endloop
  endfacet
  facet normal -0.000000e+00 -1.000000e+00 0.000000e+00
    outer loop
      vertex   -2.439163e+01 5.500000e+00 -5.350601e+00
      vertex   -2.950000e+01 5.500000e+00 -5.000000e-01
      vertex   -2.450000e+01 5.500000e+00 -6.000000e+00
    endloop
  endfacet
  facet normal -0.000000e+00 -1.000000e+00 0.000000e+00
    outer loop
      vertex   -2.450000e+01 5.500000e+00 -6.000000e+00
      vertex   -2.950000e+01 5.500000e+00 -5.000000e-01
      vertex   -2.950000e+01 5.500000e+00 -1.150000e+01
    endloop
  endfacet
  facet normal 0.000000e+00 -1.000000e+00 -0.000000e+00
    outer loop
      vertex   -2.450000e+01 5.500000e+00 -6.000000e+00
      vertex   -2.950000e+01 5.500000e+00 -1.150000e+01
      vertex   -2.439163e+01 5.500000e+00 -6.649399e+00
    endloop
  endfacet
  facet normal 0.000000e+00 -1.000000e+00 -0.000000e+00
    outer loop
      vertex   -2.439163e+01 5.500000e+00 -6.649399e+00
      vertex   -2.950000e+01 5.500000e+00 -1.150000e+01
      vertex   -2.407828e+01 5.500000e+00 -7.228425e+00
    endloop
  endfacet
  facet normal 0.000000e+00 -1.000000e+00 -0.000000e+00
    outer loop
      vertex   -2.407828e+01 5.500000e+00 -7.228425e+00
      vertex   -2.950000e+01 5.500000e+00 -1.150000e+01
      vertex   -2.359390e+01 5.500000e+00 -7.674333e+00
    endloop
  endfacet
  facet normal 0.000000e+00 -1.000000e+00 -0.000000e+00
    outer loop
      vertex   -2.359390e+01 5.500000e+00 -7.674333e+00
      vertex   -2.950000e+01 5.500000e+00 -1.150000e+01
      vertex   -2.299097e+01 5.500000e+00 -7.938801e+00
    endloop
  endfacet
  facet normal -8.830762e-17 -1.000000e+00 1.614054e-16
    outer loop
      vertex   -2.299097e+01 5.500000e+00 -7.938801e+00
      vertex   -2.950000e+01 5.500000e+00 -1.150000e+01
      vertex   -1.944222e+01 5.500000e+00 -1.150000e+01
    endloop
  endfacet
  facet normal 2.252628e-17 -1.000000e+00 2.718518e-16
    outer loop
      vertex   -2.299097e+01 5.500000e+00 -7.938801e+00
      vertex   -1.944222e+01 5.500000e+00 -1.150000e+01
      vertex   -2.233484e+01 5.500000e+00 -7.993169e+00
    endloop
  endfacet
  facet normal -5.305478e-17 -1.000000e+00 2.095086e-16
    outer loop
      vertex   -2.233484e+01 5.500000e+00 -7.993169e+00
      vertex   -1.944222e+01 5.500000e+00 -1.150000e+01
      vertex   -2.169661e+01 5.500000e+00 -7.831547e+00
    endloop
  endfacet
  facet normal -1.128652e-16 -1.000000e+00 1.727531e-16
    outer loop
      vertex   -2.169661e+01 5.500000e+00 -7.831547e+00
      vertex   -1.944222e+01 5.500000e+00 -1.150000e+01
      vertex   -2.114544e+01 5.500000e+00 -7.471448e+00
    endloop
  endfacet
  facet normal -1.835549e-16 -1.000000e+00 1.428665e-16
    outer loop
      vertex   -2.114544e+01 5.500000e+00 -7.471448e+00
      vertex   -1.944222e+01 5.500000e+00 -1.150000e+01
      vertex   -2.074105e+01 5.500000e+00 -6.951895e+00
    endloop
  endfacet
  facet normal -3.105305e-16 -1.000000e+00 1.066053e-16
    outer loop
      vertex   -2.074105e+01 5.500000e+00 -6.951895e+00
      vertex   -1.944222e+01 5.500000e+00 -1.150000e+01
      vertex   -2.052728e+01 5.500000e+00 -6.329189e+00
    endloop
  endfacet
  facet normal -8.185559e-16 -1.000000e+00 0.000000e+00
    outer loop
      vertex   -2.052728e+01 5.500000e+00 -6.329189e+00
      vertex   -1.944222e+01 5.500000e+00 -1.150000e+01
      vertex   -2.052728e+01 5.500000e+00 -5.670811e+00
    endloop
  endfacet
  facet normal -8.185559e-16 -1.000000e+00 0.000000e+00
    outer loop
      vertex   -2.052728e+01 5.500000e+00 -5.670811e+00
      vertex   -1.944222e+01 5.500000e+00 -1.150000e+01
      vertex   -1.944222e+01 5.500000e+00 -5.000000e-01
    endloop
  endfacet
  facet normal -3.105305e-16 -1.000000e+00 -1.066053e-16
    outer loop
      vertex   -2.052728e+01 5.500000e+00 -5.670811e+00
      vertex   -1.944222e+01 5.500000e+00 -5.000000e-01
      vertex   -2.074105e+01 5.500000e+00 -5.048105e+00
    endloop
  endfacet
  facet normal -1.835549e-16 -1.000000e+00 -1.428665e-16
    outer loop
      vertex   -2.074105e+01 5.500000e+00 -5.048105e+00
      vertex   -1.944222e+01 5.500000e+00 -5.000000e-01
      vertex   -2.114544e+01 5.500000e+00 -4.528552e+00
    endloop
  endfacet
  facet normal -1.128652e-16 -1.000000e+00 -1.727531e-16
    outer loop
      vertex   -2.114544e+01 5.500000e+00 -4.528552e+00
      vertex   -1.944222e+01 5.500000e+00 -5.000000e-01
      vertex   -2.169661e+01 5.500000e+00 -4.168453e+00
    endloop
  endfacet
  facet normal -5.305478e-17 -1.000000e+00 -2.095086e-16
    outer loop
      vertex   -2.169661e+01 5.500000e+00 -4.168453e+00
      vertex   -1.944222e+01 5.500000e+00 -5.000000e-01
      vertex   -2.233484e+01 5.500000e+00 -4.006831e+00
    endloop
  endfacet
  facet normal 2.252628e-17 -1.000000e+00 -2.718518e-16
    outer loop
      vertex   -2.233484e+01 5.500000e+00 -4.006831e+00
      vertex   -1.944222e+01 5.500000e+00 -5.000000e-01
      vertex   -2.299097e+01 5.500000e+00 -4.061199e+00
    endloop
  endfacet
  facet normal -8.830762e-17 -1.000000e+00 -1.614054e-16
    outer loop
      vertex   -2.299097e+01 5.500000e+00 -4.061199e+00
      vertex   -1.944222e+01 5.500000e+00 -5.000000e-01
      vertex   -2.950000e+01 5.500000e+00 -5.000000e-01
    endloop
  endfacet
  facet normal -0.000000e+00 -1.000000e+00 0.000000e+00
    outer loop
      vertex   -2.299097e+01 5.500000e+00 -4.061199e+00
      vertex   -2.950000e+01 5.500000e+00 -5.000000e-01
      vertex   -2.359390e+01 5.500000e+00 -4.325667e+00
    endloop
  endfacet
  facet normal -0.000000e+00 -1.000000e+00 0.000000e+00
    outer loop
      vertex   -2.359390e+01 5.500000e+00 -4.325667e+00
      vertex   -2.950000e+01 5.500000e+00 -5.000000e-01
      vertex   -2.407828e+01 5.500000e+00 -4.771575e+00
    endloop
  endfacet
  facet normal -0.000000e+00 -1.000000e+00 0.000000e+00
    outer loop
      vertex   -2.407828e+01 5.500000e+00 -4.771575e+00
      vertex   -2.950000e+01 5.500000e+00 -5.000000e-01
      vertex   -2.439163e+01 5.500000e+00 -5.350601e+00
    endloop
  endfacet
  facet normal 5.000000e-01 -8.660254e-01 1.197332e-15
    outer loop
      vertex   -3.000000e+00 4.226204e+00 5.000000e-01
      vertex   -3.000000e+00 4.226204e+00 -5.000000e-01
      vertex   4.440892e-15 5.958255e+00 5.000000e-01
    endloop
  endfacet
  facet normal 5.000000e-01 -8.660254e-01 0.000000e+00
    outer loop
      vertex   4.440892e-15 5.958255e+00 5.000000e-01
      vertex   -3.000000e+00 4.226204e+00 -5.000000e-01
      vertex   4.440892e-15 5.958255e+00 -5.500000e+00
    endloop
  endfacet
  facet normal 5.000000e-01 -8.660254e-01 -2.385070e-16
    outer loop
      vertex   4.440892e-15 5.958255e+00 -5.500000e+00
      vertex   -3.000000e+00 4.226204e+00 -5.000000e-01
      vertex   -5.160000e+00 2.979127e+00 -5.500000e+00
    endloop
  endfacet
  facet normal 5.000000e-01 -8.660254e-01 0.000000e+00
    outer loop
      vertex   -5.160000e+00 2.979127e+00 -5.500000e+00
      vertex   -3.000000e+00 4.226204e+00 -5.000000e-01
      vertex   -5.160000e+00 2.979127e+00 -5.000000e-01
    endloop
  endfacet
  facet normal 0.000000e+00 0.000000e+00 -1.000000e+00
    outer loop
      vertex   1.238920e+01 -1.660616e+00 -1.150000e+01
      vertex   -1.246296e+01 -9.615385e-01 -1.150000e+01
      vertex   1.250000e+01 0.000000e+00 -1.150000e+01
    endloop
  endfacet
  facet normal -0.000000e+00 0.000000e+00 -1.000000e+00
    outer loop
      vertex   1.250000e+01 0.000000e+00 -1.150000e+01
      vertex   -1.246296e+01 -9.615385e-01 -1.150000e+01
      vertex   -1.264784e+01 1.841500e-01 -1.150000e+01
    endloop
  endfacet
  facet normal 0.000000e+00 0.000000e+00 -1.000000e+00
    outer loop
      vertex   1.250000e+01 0.000000e+00 -1.150000e+01
      vertex   -1.264784e+01 1.841500e-01 -1.150000e+01
      vertex   -1.301946e+01 1.283549e+00 -1.150000e+01
    endloop
  endfacet
  facet normal 0.000000e+00 0.000000e+00 -1.000000e+00
    outer loop
      vertex   -1.246296e+01 -9.615385e-01 -1.150000e+01
      vertex   1.238920e+01 -1.660616e+00 -1.150000e+01
      vertex   -1.222475e+01 -2.608711e+00 -1.150000e+01
    endloop
  endfacet
  facet normal 0.000000e+00 0.000000e+00 -1.000000e+00
    outer loop
      vertex   -1.222475e+01 -2.608711e+00 -1.150000e+01
      vertex   1.238920e+01 -1.660616e+00 -1.150000e+01
      vertex   1.205878e+01 -3.291794e+00 -1.150000e+01
    endloop
  endfacet
  facet normal 0.000000e+00 0.000000e+00 -1.000000e+00
    outer loop
      vertex   -1.222475e+01 -2.608711e+00 -1.150000e+01
      vertex   1.205878e+01 -3.291794e+00 -1.150000e+01
      vertex   -1.176983e+01 -4.209638e+00 -1.150000e+01
    endloop
  endfacet
  facet normal 0.000000e+00 0.000000e+00 -1.000000e+00
    outer loop
      vertex   -1.176983e+01 -4.209638e+00 -1.150000e+01
      vertex   1.205878e+01 -3.291794e+00 -1.150000e+01
      vertex   1.151458e+01 -4.864616e+00 -1.150000e+01
    endloop
  endfacet
  facet normal 0.000000e+00 0.000000e+00 -1.000000e+00
    outer loop
      vertex   -1.176983e+01 -4.209638e+00 -1.150000e+01
      vertex   1.151458e+01 -4.864616e+00 -1.150000e+01
      vertex   -1.110626e+01 -5.735939e+00 -1.150000e+01
    endloop
  endfacet
  facet normal 0.000000e+00 0.000000e+00 -1.000000e+00
    outer loop
      vertex   -1.110626e+01 -5.735939e+00 -1.150000e+01
      vertex   1.151458e+01 -4.864616e+00 -1.150000e+01
      vertex   1.076626e+01 -6.351201e+00 -1.150000e+01
    endloop
  endfacet
  facet normal 0.000000e+00 0.000000e+00 -1.000000e+00
    outer loop
      vertex   -1.110626e+01 -5.735939e+00 -1.150000e+01
      vertex   1.076626e+01 -6.351201e+00 -1.150000e+01
      vertex   -1.024580e+01 -7.160556e+00 -1.150000e+01
    endloop
  endfacet
  facet normal 0.000000e+00 0.000000e+00 -1.000000e+00
    outer loop
      vertex   -1.024580e+01 -7.160556e+00 -1.150000e+01
      vertex   1.076626e+01 -6.351201e+00 -1.150000e+01
      vertex   9.827073e+00 -7.725194e+00 -1.150000e+01
    endloop
  endfacet
  facet normal 0.000000e+00 0.000000e+00 -1.000000e+00
    outer loop
      vertex   -1.024580e+01 -7.160556e+00 -1.150000e+01
      vertex   9.827073e+00 -7.725194e+00 -1.150000e+01
      vertex   -9.203710e+00 -8.458234e+00 -1.150000e+01
    endloop
  endfacet
  facet normal 0.000000e+00 0.000000e+00 -1.000000e+00
    outer loop
      vertex   -9.203710e+00 -8.458234e+00 -1.150000e+01
      vertex   9.827073e+00 -7.725194e+00 -1.150000e+01
      vertex   8.713682e+00 -8.962240e+00 -1.150000e+01
    endloop
  endfacet
  facet normal 0.000000e+00 0.000000e+00 -1.000000e+00
    outer loop
      vertex   -9.203710e+00 -8.458234e+00 -1.150000e+01
      vertex   8.713682e+00 -8.962240e+00 -1.150000e+01
      vertex   -7.998461e+00 -9.605968e+00 -1.150000e+01
    endloop
  endfacet
  facet normal 0.000000e+00 0.000000e+00 -1.000000e+00
    outer loop
      vertex   -7.998461e+00 -9.605968e+00 -1.150000e+01
      vertex   8.713682e+00 -8.962240e+00 -1.150000e+01
      vertex   7.445819e+00 -1.004041e+01 -1.150000e+01
    endloop
  endfacet
  facet normal 0.000000e+00 0.000000e+00 -1.000000e+00
    outer loop
      vertex   -7.998461e+00 -9.605968e+00 -1.150000e+01
      vertex   7.445819e+00 -1.004041e+01 -1.150000e+01
      vertex   -6.651418e+00 -1.058341e+01 -1.150000e+01
    endloop
  endfacet
  facet normal 0.000000e+00 0.000000e+00 -1.000000e+00
    outer loop
      vertex   -6.651418e+00 -1.058341e+01 -1.150000e+01
      vertex   7.445819e+00 -1.004041e+01 -1.150000e+01
      vertex   6.045960e+00 -1.094058e+01 -1.150000e+01
    endloop
  endfacet
  facet normal 0.000000e+00 0.000000e+00 -1.000000e+00
    outer loop
      vertex   -6.651418e+00 -1.058341e+01 -1.150000e+01
      vertex   6.045960e+00 -1.094058e+01 -1.150000e+01
      vertex   -5.186463e+00 -1.137324e+01 -1.150000e+01
    endloop
  endfacet
  facet normal 0.000000e+00 0.000000e+00 -1.000000e+00
    outer loop
      vertex   -5.186463e+00 -1.137324e+01 -1.150000e+01
      vertex   6.045960e+00 -1.094058e+01 -1.150000e+01
      vertex   4.538922e+00 -1.164681e+01 -1.150000e+01
    endloop
  endfacet
  facet normal 0.000000e+00 0.000000e+00 -1.000000e+00
    outer loop
      vertex   -5.186463e+00 -1.137324e+01 -1.150000e+01
      vertex   4.538922e+00 -1.164681e+01 -1.150000e+01
      vertex   -3.629565e+00 -1.196145e+01 -1.150000e+01
    endloop
  endfacet
  facet normal 0.000000e+00 0.000000e+00 -1.000000e+00
    outer loop
      vertex   -3.629565e+00 -1.196145e+01 -1.150000e+01
      vertex   4.538922e+00 -1.164681e+01 -1.150000e+01
      vertex   2.951419e+00 -1.214657e+01 -1.150000e+01
    endloop
  endfacet
  facet normal 0.000000e+00 0.000000e+00 -1.000000e+00
    outer loop
      vertex   -3.629565e+00 -1.196145e+01 -1.150000e+01
      vertex   2.951419e+00 -1.214657e+01 -1.150000e+01
      vertex   -2.008323e+00 -1.233761e+01 -1.150000e+01
    endloop
  endfacet
  facet normal 0.000000e+00 0.000000e+00 -1.000000e+00
    outer loop
      vertex   -2.008323e+00 -1.233761e+01 -1.150000e+01
      vertex   2.951419e+00 -1.214657e+01 -1.150000e+01
      vertex   1.311596e+00 -1.243100e+01 -1.150000e+01
    endloop
  endfacet
  facet normal 0.000000e+00 0.000000e+00 -1.000000e+00
    outer loop
      vertex   -2.008323e+00 -1.233761e+01 -1.150000e+01
      vertex   1.311596e+00 -1.243100e+01 -1.150000e+01
      vertex   -3.514790e-01 -1.249506e+01 -1.150000e+01
    endloop
  endfacet
  facet normal 0.000000e+00 0.000000e+00 -1.000000e+00
    outer loop
      vertex   -1.301946e+01 1.283549e+00 -1.150000e+01
      vertex   -1.356762e+01 2.306441e+00 -1.150000e+01
      vertex   1.250000e+01 0.000000e+00 -1.150000e+01
    endloop
  endfacet
  facet normal 0.000000e+00 0.000000e+00 -1.000000e+00
    outer loop
      vertex   1.250000e+01 0.000000e+00 -1.150000e+01
      vertex   -1.356762e+01 2.306441e+00 -1.150000e+01
      vertex   1.250000e+01 1.250000e+01 -1.150000e+01
    endloop
  endfacet
  facet normal 0.000000e+00 0.000000e+00 -1.000000e+00
    outer loop
      vertex   1.250000e+01 1.250000e+01 -1.150000e+01
      vertex   -1.356762e+01 2.306441e+00 -1.150000e+01
      vertex   -1.427723e+01 3.224712e+00 -1.150000e+01
    endloop
  endfacet
  facet normal 0.000000e+00 0.000000e+00 -1.000000e+00
    outer loop
      vertex   1.250000e+01 1.250000e+01 -1.150000e+01
      vertex   -1.427723e+01 3.224712e+00 -1.150000e+01
      vertex   -1.512882e+01 4.013123e+00 -1.150000e+01
    endloop
  endfacet
  facet normal 0.000000e+00 0.000000e+00 -1.000000e+00
    outer loop
      vertex   -1.512882e+01 4.013123e+00 -1.150000e+01
      vertex   -1.609895e+01 4.650004e+00 -1.150000e+01
      vertex   1.250000e+01 1.250000e+01 -1.150000e+01
    endloop
  endfacet
  facet normal 0.000000e+00 0.000000e+00 -1.000000e+00
    outer loop
      vertex   1.250000e+01 1.250000e+01 -1.150000e+01
      vertex   -1.609895e+01 4.650004e+00 -1.150000e+01
      vertex   -1.716098e+01 5.117849e+00 -1.150000e+01
    endloop
  endfacet
  facet normal -0.000000e+00 0.000000e+00 -1.000000e+00
    outer loop
      vertex   1.250000e+01 1.250000e+01 -1.150000e+01
      vertex   -1.716098e+01 5.117849e+00 -1.150000e+01
      vertex   -2.950000e+01 1.250000e+01 -1.150000e+01
    endloop
  endfacet
  facet normal 0.000000e+00 0.000000e+00 -1.000000e+00
    outer loop
      vertex   -2.950000e+01 1.250000e+01 -1.150000e+01
      vertex   -1.716098e+01 5.117849e+00 -1.150000e+01
      vertex   -1.828571e+01 5.403801e+00 -1.150000e+01
    endloop
  endfacet
  facet normal 0.000000e+00 0.000000e+00 -1.000000e+00
    outer loop
      vertex   -2.950000e+01 1.250000e+01 -1.150000e+01
      vertex   -1.828571e+01 5.403801e+00 -1.150000e+01
      vertex   -1.944222e+01 5.500000e+00 -1.150000e+01
    endloop
  endfacet
  facet normal 0.000000e+00 0.000000e+00 -1.000000e+00
    outer loop
      vertex   -1.944222e+01 5.500000e+00 -1.150000e+01
      vertex   -2.950000e+01 5.500000e+00 -1.150000e+01
      vertex   -2.950000e+01 1.250000e+01 -1.150000e+01
    endloop
  endfacet
  facet normal -0.000000e+00 0.000000e+00 1.000000e+00
    outer loop
      vertex   -5.160000e+00 -1.138527e+01 -5.500000e+00
      vertex   -3.714004e+00 -1.193550e+01 -5.500000e+00
      vertex   -5.160000e+00 2.979127e+00 -5.500000e+00
    endloop
  endfacet
  facet normal 0.000000e+00 0.000000e+00 1.000000e+00
    outer loop
      vertex   -5.160000e+00 2.979127e+00 -5.500000e+00
      vertex   -3.714004e+00 -1.193550e+01 -5.500000e+00
      vertex   -2.211111e+00 -1.230289e+01 -5.500000e+00
    endloop
  endfacet
  facet normal 0.000000e+00 0.000000e+00 1.000000e+00
    outer loop
      vertex   -5.160000e+00 2.979127e+00 -5.500000e+00
      vertex   -2.211111e+00 -1.230289e+01 -5.500000e+00
      vertex   -6.743455e-01 -1.248180e+01 -5.500000e+00
    endloop
  endfacet
  facet normal -0.000000e+00 0.000000e+00 1.000000e+00
    outer loop
      vertex   -5.160000e+00 2.979127e+00 -5.500000e+00
      vertex   -6.743455e-01 -1.248180e+01 -5.500000e+00
      vertex   4.440892e-15 5.958255e+00 -5.500000e+00
    endloop
  endfacet
  facet normal 0.000000e+00 0.000000e+00 1.000000e+00
    outer loop
      vertex   4.440892e-15 5.958255e+00 -5.500000e+00
      vertex   -6.743455e-01 -1.248180e+01 -5.500000e+00
      vertex   8.727506e-01 -1.246950e+01 -5.500000e+00
    endloop
  endfacet
  facet normal 0.000000e+00 0.000000e+00 1.000000e+00
    outer loop
      vertex   4.440892e-15 5.958255e+00 -5.500000e+00
      vertex   8.727506e-01 -1.246950e+01 -5.500000e+00
      vertex   2.406477e+00 -1.226617e+01 -5.500000e+00
    endloop
  endfacet
  facet normal 0.000000e+00 0.000000e+00 1.000000e+00
    outer loop
      vertex   4.440892e-15 5.958255e+00 -5.500000e+00
      vertex   2.406477e+00 -1.226617e+01 -5.500000e+00
      vertex   5.160000e+00 -9.711045e+00 -5.500000e+00
    endloop
  endfacet
  facet normal 0.000000e+00 0.000000e+00 1.000000e+00
    outer loop
      vertex   5.160000e+00 -9.711045e+00 -5.500000e+00
      vertex   2.406477e+00 -1.226617e+01 -5.500000e+00
      vertex   3.903337e+00 -1.187493e+01 -5.500000e+00
    endloop
  endfacet
  facet normal 0.000000e+00 0.000000e+00 1.000000e+00
    outer loop
      vertex   5.160000e+00 -9.711045e+00 -5.500000e+00
      vertex   3.903337e+00 -1.187493e+01 -5.500000e+00
      vertex   5.249877e+00 -1.012538e+01 -5.500000e+00
    endloop
  endfacet
  facet normal 0.000000e+00 0.000000e+00 1.000000e+00
    outer loop
      vertex   5.249877e+00 -1.012538e+01 -5.500000e+00
      vertex   3.903337e+00 -1.187493e+01 -5.500000e+00
      vertex   5.340400e+00 -1.130178e+01 -5.500000e+00
    endloop
  endfacet
  facet normal 0.000000e+00 0.000000e+00 1.000000e+00
    outer loop
      vertex   5.249877e+00 -1.012538e+01 -5.500000e+00
      vertex   5.340400e+00 -1.130178e+01 -5.500000e+00
      vertex   5.503352e+00 -1.046524e+01 -5.500000e+00
    endloop
  endfacet
  facet normal 0.000000e+00 0.000000e+00 1.000000e+00
    outer loop
      vertex   5.503352e+00 -1.046524e+01 -5.500000e+00
      vertex   5.340400e+00 -1.130178e+01 -5.500000e+00
      vertex   5.874862e+00 -1.066953e+01 -5.500000e+00
    endloop
  endfacet
  facet normal 0.000000e+00 0.000000e+00 1.000000e+00
    outer loop
      vertex   5.874862e+00 -1.066953e+01 -5.500000e+00
      vertex   5.340400e+00 -1.130178e+01 -5.500000e+00
      vertex   6.297626e+00 -1.070153e+01 -5.500000e+00
    endloop
  endfacet
  facet normal -0.000000e+00 0.000000e+00 1.000000e+00
    outer loop
      vertex   6.297626e+00 -1.070153e+01 -5.500000e+00
      vertex   5.340400e+00 -1.130178e+01 -5.500000e+00
      vertex   6.695652e+00 -1.055548e+01 -5.500000e+00
    endloop
  endfacet
  facet normal 0.000000e+00 -0.000000e+00 1.000000e+00
    outer loop
      vertex   5.160000e+00 -9.711045e+00 -5.500000e+00
      vertex   5.160000e+00 2.979127e+00 -5.500000e+00
      vertex   4.440892e-15 5.958255e+00 -5.500000e+00
    endloop
  endfacet
  facet normal 1.000000e+00 -3.709916e-16 0.000000e+00
    outer loop
      vertex   -5.160000e+00 2.979127e+00 -5.000000e-01
      vertex   -5.160000e+00 -1.138527e+01 -5.500000e+00
      vertex   -5.160000e+00 2.979127e+00 -5.500000e+00
    endloop
  endfacet
  facet normal -5.000000e-01 -8.660254e-01 0.000000e+00
    outer loop
      vertex   4.440892e-15 5.958255e+00 -5.500000e+00
      vertex   5.160000e+00 2.979127e+00 -5.500000e+00
      vertex   4.440892e-15 5.958255e+00 5.000000e-01
    endloop
  endfacet
  facet normal -5.000000e-01 -8.660254e-01 -9.937792e-17
    outer loop
      vertex   4.440892e-15 5.958255e+00 5.000000e-01
      vertex   5.160000e+00 2.979127e+00 -5.500000e+00
      vertex   5.160000e+00 2.979127e+00 5.000000e-01
    endloop
  endfacet
  facet normal -0.000000e+00 1.000000e+00 0.000000e+00
    outer loop
      vertex   -1.910129e+01 1.250000e+01 6.041862e+00
      vertex   6.277277e+00 1.250000e+01 1.217081e+01
      vertex   -1.900000e+01 1.250000e+01 5.500000e+00
    endloop
  endfacet
  facet normal 0.000000e+00 1.000000e+00 0.000000e+00
    outer loop
      vertex   -1.900000e+01 1.250000e+01 5.500000e+00
      vertex   6.277277e+00 1.250000e+01 1.217081e+01
      vertex   6.491052e+00 1.250000e+01 1.154811e+01
    endloop
  endfacet
  facet normal -0.000000e+00 1.000000e+00 0.000000e+00
    outer loop
      vertex   -1.900000e+01 1.250000e+01 5.500000e+00
      vertex   6.491052e+00 1.250000e+01 1.154811e+01
      vertex   6.491052e+00 1.250000e+01 -3.548105e+00
    endloop
  endfacet
  facet normal 0.000000e+00 1.000000e+00 0.000000e+00
    outer loop
      vertex   6.491052e+00 1.250000e+01 -3.548105e+00
      vertex   6.491052e+00 1.250000e+01 1.154811e+01
      vertex   6.895437e+00 1.250000e+01 -3.028552e+00
    endloop
  endfacet
  facet normal 0.000000e+00 1.000000e+00 -0.000000e+00
    outer loop
      vertex   6.895437e+00 1.250000e+01 -3.028552e+00
      vertex   6.491052e+00 1.250000e+01 1.154811e+01
      vertex   6.895437e+00 1.250000e+01 1.102855e+01
    endloop
  endfacet
  facet normal 0.000000e+00 1.000000e+00 0.000000e+00
    outer loop
      vertex   6.895437e+00 1.250000e+01 -3.028552e+00
      vertex   6.895437e+00 1.250000e+01 1.102855e+01
      vertex   7.446609e+00 1.250000e+01 -2.668453e+00
    endloop
  endfacet
  facet normal 0.000000e+00 1.000000e+00 -0.000000e+00
    outer loop
      vertex   7.446609e+00 1.250000e+01 -2.668453e+00
      vertex   6.895437e+00 1.250000e+01 1.102855e+01
      vertex   7.446609e+00 1.250000e+01 1.066845e+01
    endloop
  endfacet
  facet normal 0.000000e+00 1.000000e+00 0.000000e+00
    outer loop
      vertex   7.446609e+00 1.250000e+01 -2.668453e+00
      vertex   7.446609e+00 1.250000e+01 1.066845e+01
      vertex   8.084841e+00 1.250000e+01 -2.506831e+00
    endloop
  endfacet
  facet normal 0.000000e+00 1.000000e+00 -0.000000e+00
    outer loop
      vertex   8.084841e+00 1.250000e+01 -2.506831e+00
      vertex   7.446609e+00 1.250000e+01 1.066845e+01
      vertex   8.084841e+00 1.250000e+01 1.050683e+01
    endloop
  endfacet
  facet normal -0.000000e+00 1.000000e+00 0.000000e+00
    outer loop
      vertex   8.084841e+00 1.250000e+01 -2.506831e+00
      vertex   8.084841e+00 1.250000e+01 1.050683e+01
      vertex   8.740971e+00 1.250000e+01 -2.561199e+00
    endloop
  endfacet
  facet normal 0.000000e+00 1.000000e+00 -0.000000e+00
    outer loop
      vertex   8.740971e+00 1.250000e+01 -2.561199e+00
      vertex   8.084841e+00 1.250000e+01 1.050683e+01
      vertex   8.740971e+00 1.250000e+01 1.056120e+01
    endloop
  endfacet
  facet normal -0.000000e+00 1.000000e+00 0.000000e+00
    outer loop
      vertex   8.740971e+00 1.250000e+01 -2.561199e+00
      vertex   8.740971e+00 1.250000e+01 1.056120e+01
      vertex   9.343896e+00 1.250000e+01 -2.825667e+00
    endloop
  endfacet
  facet normal 0.000000e+00 1.000000e+00 -0.000000e+00
    outer loop
      vertex   9.343896e+00 1.250000e+01 -2.825667e+00
      vertex   8.740971e+00 1.250000e+01 1.056120e+01
      vertex   9.343896e+00 1.250000e+01 1.082567e+01
    endloop
  endfacet
  facet normal -0.000000e+00 1.000000e+00 0.000000e+00
    outer loop
      vertex   9.343896e+00 1.250000e+01 -2.825667e+00
      vertex   9.343896e+00 1.250000e+01 1.082567e+01
      vertex   9.828281e+00 1.250000e+01 -3.271575e+00
    endloop
  endfacet
  facet normal 0.000000e+00 1.000000e+00 -0.000000e+00
    outer loop
      vertex   9.828281e+00 1.250000e+01 -3.271575e+00
      vertex   9.343896e+00 1.250000e+01 1.082567e+01
      vertex   9.828281e+00 1.250000e+01 1.127157e+01
    endloop
  endfacet
  facet normal -0.000000e+00 1.000000e+00 0.000000e+00
    outer loop
      vertex   9.828281e+00 1.250000e+01 -3.271575e+00
      vertex   9.828281e+00 1.250000e+01 1.127157e+01
      vertex   1.014163e+01 1.250000e+01 -3.850601e+00
    endloop
  endfacet
  facet normal 0.000000e+00 1.000000e+00 -0.000000e+00
    outer loop
      vertex   1.014163e+01 1.250000e+01 -3.850601e+00
      vertex   9.828281e+00 1.250000e+01 1.127157e+01
      vertex   1.014163e+01 1.250000e+01 1.185060e+01
    endloop
  endfacet
  facet normal -0.000000e+00 1.000000e+00 0.000000e+00
    outer loop
      vertex   1.014163e+01 1.250000e+01 -3.850601e+00
      vertex   1.014163e+01 1.250000e+01 1.185060e+01
      vertex   1.250000e+01 1.250000e+01 -1.150000e+01
    endloop
  endfacet
  facet normal 0.000000e+00 1.000000e+00 0.000000e+00
    outer loop
      vertex   1.250000e+01 1.250000e+01 -1.150000e+01
      vertex   1.014163e+01 1.250000e+01 1.185060e+01
      vertex   1.025000e+01 1.250000e+01 1.250000e+01
    endloop
  endfacet
  facet normal 0.000000e+00 1.000000e+00 -0.000000e+00
    outer loop
      vertex   1.250000e+01 1.250000e+01 -1.150000e+01
      vertex   1.025000e+01 1.250000e+01 1.250000e+01
      vertex   1.250000e+01 1.250000e+01 3.850000e+01
    endloop
  endfacet
  facet normal 0.000000e+00 1.000000e+00 0.000000e+00
    outer loop
      vertex   1.250000e+01 1.250000e+01 3.850000e+01
      vertex   1.025000e+01 1.250000e+01 1.250000e+01
      vertex   1.025000e+01 1.250000e+01 2.950000e+01
    endloop
  endfacet
  facet normal 0.000000e+00 1.000000e+00 0.000000e+00
    outer loop
      vertex   1.250000e+01 1.250000e+01 3.850000e+01
      vertex   1.025000e+01 1.250000e+01 2.950000e+01
      vertex   1.014163e+01 1.250000e+01 3.014940e+01
    endloop
  endfacet
  facet normal 0.000000e+00 1.000000e+00 -0.000000e+00
    outer loop
      vertex   6.277277e+00 1.250000e+01 1.217081e+01
      vertex   -1.910129e+01 1.250000e+01 6.041862e+00
      vertex   6.277277e+00 1.250000e+01 1.282919e+01
    endloop
  endfacet
  facet normal 0.000000e+00 1.000000e+00 0.000000e+00
    outer loop
      vertex   6.277277e+00 1.250000e+01 1.282919e+01
      vertex   -1.910129e+01 1.250000e+01 6.041862e+00
      vertex   -1.939149e+01 1.250000e+01 6.510543e+00
    endloop
  endfacet
  facet normal 0.000000e+00 1.000000e+00 0.000000e+00
    outer loop
      vertex   6.277277e+00 1.250000e+01 1.282919e+01
      vertex   -1.939149e+01 1.250000e+01 6.510543e+00
      vertex   -1.939149e+01 1.250000e+01 2.948946e+01
    endloop
  endfacet
  facet normal 6.810037e-16 1.000000e+00 -1.052883e-31
    outer loop
      vertex   -1.939149e+01 1.250000e+01 2.948946e+01
      vertex   -1.939149e+01 1.250000e+01 6.510543e+00
      vertex   -2.460837e+01 1.250000e+01 2.035060e+01
    endloop
  endfacet
  facet normal -1.258003e-14 1.000000e+00 7.570008e-15
    outer loop
      vertex   -1.939149e+01 1.250000e+01 2.948946e+01
      vertex   -2.460837e+01 1.250000e+01 2.035060e+01
      vertex   -2.450000e+01 1.250000e+01 2.100000e+01
    endloop
  endfacet
  facet normal -2.709861e-16 1.000000e+00 -3.588435e-16
    outer loop
      vertex   -1.939149e+01 1.250000e+01 6.510543e+00
      vertex   -1.983139e+01 1.250000e+01 6.842745e+00
      vertex   -2.460837e+01 1.250000e+01 2.035060e+01
    endloop
  endfacet
  facet normal -8.320520e-17 1.000000e+00 -2.924359e-16
    outer loop
      vertex   -2.460837e+01 1.250000e+01 2.035060e+01
      vertex   -1.983139e+01 1.250000e+01 6.842745e+00
      vertex   -2.036160e+01 1.250000e+01 6.993601e+00
    endloop
  endfacet
  facet normal 3.095989e-16 1.000000e+00 -1.675465e-16
    outer loop
      vertex   -2.460837e+01 1.250000e+01 2.035060e+01
      vertex   -2.036160e+01 1.250000e+01 6.993601e+00
      vertex   -2.492172e+01 1.250000e+01 1.977157e+01
    endloop
  endfacet
  facet normal 2.493895e-17 1.000000e+00 -2.691342e-16
    outer loop
      vertex   -2.492172e+01 1.250000e+01 1.977157e+01
      vertex   -2.036160e+01 1.250000e+01 6.993601e+00
      vertex   -2.091049e+01 1.250000e+01 6.942738e+00
    endloop
  endfacet
  facet normal 1.979552e-16 1.000000e+00 -2.150367e-16
    outer loop
      vertex   -2.492172e+01 1.250000e+01 1.977157e+01
      vertex   -2.091049e+01 1.250000e+01 6.942738e+00
      vertex   -2.540610e+01 1.250000e+01 1.932567e+01
    endloop
  endfacet
  facet normal 1.209892e-16 1.000000e+00 -2.429791e-16
    outer loop
      vertex   -2.540610e+01 1.250000e+01 1.932567e+01
      vertex   -2.091049e+01 1.250000e+01 6.942738e+00
      vertex   -2.140395e+01 1.250000e+01 6.697026e+00
    endloop
  endfacet
  facet normal 1.083390e-16 1.000000e+00 -2.469881e-16
    outer loop
      vertex   -2.540610e+01 1.250000e+01 1.932567e+01
      vertex   -2.140395e+01 1.250000e+01 6.697026e+00
      vertex   -2.600903e+01 1.250000e+01 1.906120e+01
    endloop
  endfacet
  facet normal 2.237717e-16 1.000000e+00 -2.039949e-16
    outer loop
      vertex   -2.600903e+01 1.250000e+01 1.906120e+01
      vertex   -2.140395e+01 1.250000e+01 6.697026e+00
      vertex   -2.177533e+01 1.250000e+01 6.289648e+00
    endloop
  endfacet
  facet normal 2.243393e-17 1.000000e+00 -2.707373e-16
    outer loop
      vertex   -2.600903e+01 1.250000e+01 1.906120e+01
      vertex   -2.177533e+01 1.250000e+01 6.289648e+00
      vertex   -2.666516e+01 1.250000e+01 1.900683e+01
    endloop
  endfacet
  facet normal -7.837585e-17 1.000000e+00 -3.094992e-16
    outer loop
      vertex   -2.666516e+01 1.250000e+01 1.900683e+01
      vertex   -2.177533e+01 1.250000e+01 6.289648e+00
      vertex   -2.730339e+01 1.250000e+01 1.916845e+01
    endloop
  endfacet
  facet normal 3.377958e-16 1.000000e+00 -1.308628e-16
    outer loop
      vertex   -2.730339e+01 1.250000e+01 1.916845e+01
      vertex   -2.177533e+01 1.250000e+01 6.289648e+00
      vertex   -2.197446e+01 1.250000e+01 5.775624e+00
    endloop
  endfacet
  facet normal -2.341885e-16 1.000000e+00 -3.584521e-16
    outer loop
      vertex   -2.730339e+01 1.250000e+01 1.916845e+01
      vertex   -2.197446e+01 1.250000e+01 5.775624e+00
      vertex   -2.785456e+01 1.250000e+01 1.952855e+01
    endloop
  endfacet
  facet normal 6.041924e-16 1.000000e+00 0.000000e+00
    outer loop
      vertex   -2.785456e+01 1.250000e+01 1.952855e+01
      vertex   -2.197446e+01 1.250000e+01 5.775624e+00
      vertex   -2.197446e+01 1.250000e+01 5.224376e+00
    endloop
  endfacet
  facet normal 3.920800e-16 1.000000e+00 -8.719431e-17
    outer loop
      vertex   -2.785456e+01 1.250000e+01 1.952855e+01
      vertex   -2.197446e+01 1.250000e+01 5.224376e+00
      vertex   -2.425895e+01 1.250000e+01 -5.048105e+00
    endloop
  endfacet
  facet normal 0.000000e+00 1.000000e+00 0.000000e+00
    outer loop
      vertex   -2.425895e+01 1.250000e+01 -5.048105e+00
      vertex   -2.197446e+01 1.250000e+01 5.224376e+00
      vertex   -2.385456e+01 1.250000e+01 -4.528552e+00
    endloop
  endfacet
  facet normal 0.000000e+00 1.000000e+00 0.000000e+00
    outer loop
      vertex   -2.385456e+01 1.250000e+01 -4.528552e+00
      vertex   -2.197446e+01 1.250000e+01 5.224376e+00
      vertex   -2.177533e+01 1.250000e+01 4.710352e+00
    endloop
  endfacet
  facet normal 0.000000e+00 1.000000e+00 0.000000e+00
    outer loop
      vertex   -2.385456e+01 1.250000e+01 -4.528552e+00
      vertex   -2.177533e+01 1.250000e+01 4.710352e+00
      vertex   -2.330339e+01 1.250000e+01 -4.168453e+00
    endloop
  endfacet
  facet normal 0.000000e+00 1.000000e+00 0.000000e+00
    outer loop
      vertex   -2.330339e+01 1.250000e+01 -4.168453e+00
      vertex   -2.177533e+01 1.250000e+01 4.710352e+00
      vertex   -2.140395e+01 1.250000e+01 4.302974e+00
    endloop
  endfacet
  facet normal 0.000000e+00 1.000000e+00 0.000000e+00
    outer loop
      vertex   -2.330339e+01 1.250000e+01 -4.168453e+00
      vertex   -2.140395e+01 1.250000e+01 4.302974e+00
      vertex   -2.266516e+01 1.250000e+01 -4.006831e+00
    endloop
  endfacet
  facet normal 0.000000e+00 1.000000e+00 0.000000e+00
    outer loop
      vertex   -2.266516e+01 1.250000e+01 -4.006831e+00
      vertex   -2.140395e+01 1.250000e+01 4.302974e+00
      vertex   -2.091049e+01 1.250000e+01 4.057262e+00
    endloop
  endfacet
  facet normal -0.000000e+00 1.000000e+00 0.000000e+00
    outer loop
      vertex   -2.266516e+01 1.250000e+01 -4.006831e+00
      vertex   -2.091049e+01 1.250000e+01 4.057262e+00
      vertex   -2.200903e+01 1.250000e+01 -4.061199e+00
    endloop
  endfacet
  facet normal 0.000000e+00 1.000000e+00 0.000000e+00
    outer loop
      vertex   -2.200903e+01 1.250000e+01 -4.061199e+00
      vertex   -2.091049e+01 1.250000e+01 4.057262e+00
      vertex   -2.036160e+01 1.250000e+01 4.006399e+00
    endloop
  endfacet
  facet normal -0.000000e+00 1.000000e+00 0.000000e+00
    outer loop
      vertex   -2.200903e+01 1.250000e+01 -4.061199e+00
      vertex   -2.036160e+01 1.250000e+01 4.006399e+00
      vertex   -2.140610e+01 1.250000e+01 -4.325667e+00
    endloop
  endfacet
  facet normal 0.000000e+00 1.000000e+00 0.000000e+00
    outer loop
      vertex   -2.140610e+01 1.250000e+01 -4.325667e+00
      vertex   -2.036160e+01 1.250000e+01 4.006399e+00
      vertex   -1.983139e+01 1.250000e+01 4.157255e+00
    endloop
  endfacet
  facet normal -0.000000e+00 1.000000e+00 0.000000e+00
    outer loop
      vertex   -2.140610e+01 1.250000e+01 -4.325667e+00
      vertex   -1.983139e+01 1.250000e+01 4.157255e+00
      vertex   -2.092172e+01 1.250000e+01 -4.771575e+00
    endloop
  endfacet
  facet normal 0.000000e+00 1.000000e+00 0.000000e+00
    outer loop
      vertex   -2.092172e+01 1.250000e+01 -4.771575e+00
      vertex   -1.983139e+01 1.250000e+01 4.157255e+00
      vertex   -1.939149e+01 1.250000e+01 4.489457e+00
    endloop
  endfacet
  facet normal -0.000000e+00 1.000000e+00 0.000000e+00
    outer loop
      vertex   -2.092172e+01 1.250000e+01 -4.771575e+00
      vertex   -1.939149e+01 1.250000e+01 4.489457e+00
      vertex   -2.060837e+01 1.250000e+01 -5.350601e+00
    endloop
  endfacet
  facet normal 0.000000e+00 1.000000e+00 0.000000e+00
    outer loop
      vertex   -2.060837e+01 1.250000e+01 -5.350601e+00
      vertex   -1.939149e+01 1.250000e+01 4.489457e+00
      vertex   -1.910129e+01 1.250000e+01 4.958138e+00
    endloop
  endfacet
  facet normal -0.000000e+00 1.000000e+00 0.000000e+00
    outer loop
      vertex   -2.060837e+01 1.250000e+01 -5.350601e+00
      vertex   -1.910129e+01 1.250000e+01 4.958138e+00
      vertex   -2.050000e+01 1.250000e+01 -6.000000e+00
    endloop
  endfacet
  facet normal 0.000000e+00 1.000000e+00 0.000000e+00
    outer loop
      vertex   -2.050000e+01 1.250000e+01 -6.000000e+00
      vertex   -1.910129e+01 1.250000e+01 4.958138e+00
      vertex   6.277277e+00 1.250000e+01 -4.170811e+00
    endloop
  endfacet
  facet normal 0.000000e+00 1.000000e+00 0.000000e+00
    outer loop
      vertex   -2.050000e+01 1.250000e+01 -6.000000e+00
      vertex   6.277277e+00 1.250000e+01 -4.170811e+00
      vertex   6.277277e+00 1.250000e+01 -4.829189e+00
    endloop
  endfacet
  facet normal -0.000000e+00 1.000000e+00 0.000000e+00
    outer loop
      vertex   -1.910129e+01 1.250000e+01 4.958138e+00
      vertex   -1.900000e+01 1.250000e+01 5.500000e+00
      vertex   6.277277e+00 1.250000e+01 -4.170811e+00
    endloop
  endfacet
  facet normal 0.000000e+00 1.000000e+00 -0.000000e+00
    outer loop
      vertex   6.277277e+00 1.250000e+01 -4.170811e+00
      vertex   -1.900000e+01 1.250000e+01 5.500000e+00
      vertex   6.491052e+00 1.250000e+01 -3.548105e+00
    endloop
  endfacet
  facet normal 0.000000e+00 1.000000e+00 0.000000e+00
    outer loop
      vertex   -1.910129e+01 1.250000e+01 3.104186e+01
      vertex   6.277277e+00 1.250000e+01 2.982919e+01
      vertex   -1.900000e+01 1.250000e+01 3.050000e+01
    endloop
  endfacet
  facet normal 0.000000e+00 1.000000e+00 0.000000e+00
    outer loop
      vertex   -1.900000e+01 1.250000e+01 3.050000e+01
      vertex   6.277277e+00 1.250000e+01 2.982919e+01
      vertex   6.277277e+00 1.250000e+01 2.917081e+01
    endloop
  endfacet
  facet normal 0.000000e+00 1.000000e+00 0.000000e+00
    outer loop
      vertex   -1.900000e+01 1.250000e+01 3.050000e+01
      vertex   6.277277e+00 1.250000e+01 2.917081e+01
      vertex   -1.910129e+01 1.250000e+01 2.995814e+01
    endloop
  endfacet
  facet normal 0.000000e+00 1.000000e+00 0.000000e+00
    outer loop
      vertex   -1.910129e+01 1.250000e+01 2.995814e+01
      vertex   6.277277e+00 1.250000e+01 2.917081e+01
      vertex   6.491052e+00 1.250000e+01 2.854811e+01
    endloop
  endfacet
  facet normal 0.000000e+00 1.000000e+00 0.000000e+00
    outer loop
      vertex   -1.910129e+01 1.250000e+01 2.995814e+01
      vertex   6.491052e+00 1.250000e+01 2.854811e+01
      vertex   6.491052e+00 1.250000e+01 1.345189e+01
    endloop
  endfacet
  facet normal 0.000000e+00 1.000000e+00 -0.000000e+00
    outer loop
      vertex   6.491052e+00 1.250000e+01 1.345189e+01
      vertex   6.491052e+00 1.250000e+01 2.854811e+01
      vertex   6.895437e+00 1.250000e+01 1.397145e+01
    endloop
  endfacet
  facet normal 0.000000e+00 1.000000e+00 0.000000e+00
    outer loop
      vertex   6.895437e+00 1.250000e+01 1.397145e+01
      vertex   6.491052e+00 1.250000e+01 2.854811e+01
      vertex   6.895437e+00 1.250000e+01 2.802855e+01
    endloop
  endfacet
  facet normal 0.000000e+00 1.000000e+00 -0.000000e+00
    outer loop
      vertex   6.895437e+00 1.250000e+01 1.397145e+01
      vertex   6.895437e+00 1.250000e+01 2.802855e+01
      vertex   7.446609e+00 1.250000e+01 1.433155e+01
    endloop
  endfacet
  facet normal 0.000000e+00 1.000000e+00 0.000000e+00
    outer loop
      vertex   7.446609e+00 1.250000e+01 1.433155e+01
      vertex   6.895437e+00 1.250000e+01 2.802855e+01
      vertex   7.446609e+00 1.250000e+01 2.766845e+01
    endloop
  endfacet
  facet normal 0.000000e+00 1.000000e+00 -0.000000e+00
    outer loop
      vertex   7.446609e+00 1.250000e+01 1.433155e+01
      vertex   7.446609e+00 1.250000e+01 2.766845e+01
      vertex   8.084841e+00 1.250000e+01 1.449317e+01
    endloop
  endfacet
  facet normal 0.000000e+00 1.000000e+00 0.000000e+00
    outer loop
      vertex   8.084841e+00 1.250000e+01 1.449317e+01
      vertex   7.446609e+00 1.250000e+01 2.766845e+01
      vertex   8.084841e+00 1.250000e+01 2.750683e+01
    endloop
  endfacet
  facet normal -0.000000e+00 1.000000e+00 -0.000000e+00
    outer loop
      vertex   8.084841e+00 1.250000e+01 1.449317e+01
      vertex   8.084841e+00 1.250000e+01 2.750683e+01
      vertex   8.740971e+00 1.250000e+01 1.443880e+01
    endloop
  endfacet
  facet normal 0.000000e+00 1.000000e+00 0.000000e+00
    outer loop
      vertex   8.740971e+00 1.250000e+01 1.443880e+01
      vertex   8.084841e+00 1.250000e+01 2.750683e+01
      vertex   8.740971e+00 1.250000e+01 2.756120e+01
    endloop
  endfacet
  facet normal -0.000000e+00 1.000000e+00 -0.000000e+00
    outer loop
      vertex   8.740971e+00 1.250000e+01 1.443880e+01
      vertex   8.740971e+00 1.250000e+01 2.756120e+01
      vertex   9.343896e+00 1.250000e+01 1.417433e+01
    endloop
  endfacet
  facet normal 0.000000e+00 1.000000e+00 0.000000e+00
    outer loop
      vertex   9.343896e+00 1.250000e+01 1.417433e+01
      vertex   8.740971e+00 1.250000e+01 2.756120e+01
      vertex   9.343896e+00 1.250000e+01 2.782567e+01
    endloop
  endfacet
  facet normal -0.000000e+00 1.000000e+00 -0.000000e+00
    outer loop
      vertex   9.343896e+00 1.250000e+01 1.417433e+01
      vertex   9.343896e+00 1.250000e+01 2.782567e+01
      vertex   9.828281e+00 1.250000e+01 1.372843e+01
    endloop
  endfacet
  facet normal 0.000000e+00 1.000000e+00 0.000000e+00
    outer loop
      vertex   9.828281e+00 1.250000e+01 1.372843e+01
      vertex   9.343896e+00 1.250000e+01 2.782567e+01
      vertex   9.828281e+00 1.250000e+01 2.827157e+01
    endloop
  endfacet
  facet normal -0.000000e+00 1.000000e+00 -0.000000e+00
    outer loop
      vertex   9.828281e+00 1.250000e+01 1.372843e+01
      vertex   9.828281e+00 1.250000e+01 2.827157e+01
      vertex   1.014163e+01 1.250000e+01 1.314940e+01
    endloop
  endfacet
  facet normal 0.000000e+00 1.000000e+00 -0.000000e+00
    outer loop
      vertex   1.014163e+01 1.250000e+01 1.314940e+01
      vertex   9.828281e+00 1.250000e+01 2.827157e+01
      vertex   1.014163e+01 1.250000e+01 2.885060e+01
    endloop
  endfacet
  facet normal -0.000000e+00 1.000000e+00 0.000000e+00
    outer loop
      vertex   1.014163e+01 1.250000e+01 1.314940e+01
      vertex   1.014163e+01 1.250000e+01 2.885060e+01
      vertex   1.025000e+01 1.250000e+01 1.250000e+01
    endloop
  endfacet
  facet normal 0.000000e+00 1.000000e+00 0.000000e+00
    outer loop
      vertex   1.025000e+01 1.250000e+01 1.250000e+01
      vertex   1.014163e+01 1.250000e+01 2.885060e+01
      vertex   1.025000e+01 1.250000e+01 2.950000e+01
    endloop
  endfacet
  facet normal 0.000000e+00 1.000000e+00 -0.000000e+00
    outer loop
      vertex   6.277277e+00 1.250000e+01 2.982919e+01
      vertex   -1.910129e+01 1.250000e+01 3.104186e+01
      vertex   6.491052e+00 1.250000e+01 3.045189e+01
    endloop
  endfacet
  facet normal 0.000000e+00 1.000000e+00 0.000000e+00
    outer loop
      vertex   6.491052e+00 1.250000e+01 3.045189e+01
      vertex   -1.910129e+01 1.250000e+01 3.104186e+01
      vertex   -1.939149e+01 1.250000e+01 3.151054e+01
    endloop
  endfacet
  facet normal 0.000000e+00 1.000000e+00 -0.000000e+00
    outer loop
      vertex   6.491052e+00 1.250000e+01 3.045189e+01
      vertex   -1.939149e+01 1.250000e+01 3.151054e+01
      vertex   6.895437e+00 1.250000e+01 3.097145e+01
    endloop
  endfacet
  facet normal 0.000000e+00 1.000000e+00 -0.000000e+00
    outer loop
      vertex   6.895437e+00 1.250000e+01 3.097145e+01
      vertex   -1.939149e+01 1.250000e+01 3.151054e+01
      vertex   1.250000e+01 1.250000e+01 3.850000e+01
    endloop
  endfacet
  facet normal 0.000000e+00 1.000000e+00 0.000000e+00
    outer loop
      vertex   6.895437e+00 1.250000e+01 3.097145e+01
      vertex   1.250000e+01 1.250000e+01 3.850000e+01
      vertex   7.446609e+00 1.250000e+01 3.133155e+01
    endloop
  endfacet
  facet normal 0.000000e+00 1.000000e+00 0.000000e+00
    outer loop
      vertex   7.446609e+00 1.250000e+01 3.133155e+01
      vertex   1.250000e+01 1.250000e+01 3.850000e+01
      vertex   8.084841e+00 1.250000e+01 3.149317e+01
    endloop
  endfacet
  facet normal -0.000000e+00 1.000000e+00 0.000000e+00
    outer loop
      vertex   8.084841e+00 1.250000e+01 3.149317e+01
      vertex   1.250000e+01 1.250000e+01 3.850000e+01
      vertex   8.740971e+00 1.250000e+01 3.143880e+01
    endloop
  endfacet
  facet normal -0.000000e+00 1.000000e+00 0.000000e+00
    outer loop
      vertex   8.740971e+00 1.250000e+01 3.143880e+01
      vertex   1.250000e+01 1.250000e+01 3.850000e+01
      vertex   9.343896e+00 1.250000e+01 3.117433e+01
    endloop
  endfacet
  facet normal -0.000000e+00 1.000000e+00 0.000000e+00
    outer loop
      vertex   9.343896e+00 1.250000e+01 3.117433e+01
      vertex   1.250000e+01 1.250000e+01 3.850000e+01
      vertex   9.828281e+00 1.250000e+01 3.072843e+01
    endloop
  endfacet
  facet normal -0.000000e+00 1.000000e+00 0.000000e+00
    outer loop
      vertex   9.828281e+00 1.250000e+01 3.072843e+01
      vertex   1.250000e+01 1.250000e+01 3.850000e+01
      vertex   1.014163e+01 1.250000e+01 3.014940e+01
    endloop
  endfacet
  facet normal 0.000000e+00 1.000000e+00 -0.000000e+00
    outer loop
      vertex   -1.939149e+01 1.250000e+01 3.151054e+01
      vertex   -1.983139e+01 1.250000e+01 3.184274e+01
      vertex   1.250000e+01 1.250000e+01 3.850000e+01
    endloop
  endfacet
  facet normal 0.000000e+00 1.000000e+00 0.000000e+00
    outer loop
      vertex   1.250000e+01 1.250000e+01 3.850000e+01
      vertex   -1.983139e+01 1.250000e+01 3.184274e+01
      vertex   -2.950000e+01 1.250000e+01 3.850000e+01
    endloop
  endfacet
  facet normal 0.000000e+00 1.000000e+00 0.000000e+00
    outer loop
      vertex   -2.950000e+01 1.250000e+01 3.850000e+01
      vertex   -1.983139e+01 1.250000e+01 3.184274e+01
      vertex   -2.036160e+01 1.250000e+01 3.199360e+01
    endloop
  endfacet
  facet normal 0.000000e+00 1.000000e+00 0.000000e+00
    outer loop
      vertex   -2.950000e+01 1.250000e+01 3.850000e+01
      vertex   -2.036160e+01 1.250000e+01 3.199360e+01
      vertex   -2.091049e+01 1.250000e+01 3.194274e+01
    endloop
  endfacet
  facet normal 0.000000e+00 1.000000e+00 0.000000e+00
    outer loop
      vertex   -2.091049e+01 1.250000e+01 3.194274e+01
      vertex   -2.140395e+01 1.250000e+01 3.169703e+01
      vertex   -2.950000e+01 1.250000e+01 3.850000e+01
    endloop
  endfacet
  facet normal 0.000000e+00 1.000000e+00 0.000000e+00
    outer loop
      vertex   -2.950000e+01 1.250000e+01 3.850000e+01
      vertex   -2.140395e+01 1.250000e+01 3.169703e+01
      vertex   -2.177533e+01 1.250000e+01 3.128965e+01
    endloop
  endfacet
  facet normal 0.000000e+00 1.000000e+00 0.000000e+00
    outer loop
      vertex   -2.950000e+01 1.250000e+01 3.850000e+01
      vertex   -2.177533e+01 1.250000e+01 3.128965e+01
      vertex   -2.197446e+01 1.250000e+01 3.077562e+01
    endloop
  endfacet
  facet normal 2.718528e-16 1.000000e+00 2.648550e-16
    outer loop
      vertex   -2.950000e+01 1.250000e+01 3.850000e+01
      vertex   -2.197446e+01 1.250000e+01 3.077562e+01
      vertex   -2.730339e+01 1.250000e+01 2.283155e+01
    endloop
  endfacet
  facet normal 6.666841e-16 1.000000e+00 0.000000e+00
    outer loop
      vertex   -2.730339e+01 1.250000e+01 2.283155e+01
      vertex   -2.197446e+01 1.250000e+01 3.077562e+01
      vertex   -2.197446e+01 1.250000e+01 3.022438e+01
    endloop
  endfacet
  facet normal -1.488690e-16 1.000000e+00 5.878706e-16
    outer loop
      vertex   -2.730339e+01 1.250000e+01 2.283155e+01
      vertex   -2.197446e+01 1.250000e+01 3.022438e+01
      vertex   -2.666516e+01 1.250000e+01 2.299317e+01
    endloop
  endfacet
  facet normal 3.863393e-17 1.000000e+00 4.662422e-16
    outer loop
      vertex   -2.666516e+01 1.250000e+01 2.299317e+01
      vertex   -2.197446e+01 1.250000e+01 3.022438e+01
      vertex   -2.600903e+01 1.250000e+01 2.293880e+01
    endloop
  endfacet
  facet normal 5.181136e-16 1.000000e+00 2.007183e-16
    outer loop
      vertex   -2.600903e+01 1.250000e+01 2.293880e+01
      vertex   -2.197446e+01 1.250000e+01 3.022438e+01
      vertex   -2.177533e+01 1.250000e+01 2.971035e+01
    endloop
  endfacet
  facet normal 1.806040e-16 1.000000e+00 4.117358e-16
    outer loop
      vertex   -2.600903e+01 1.250000e+01 2.293880e+01
      vertex   -2.177533e+01 1.250000e+01 2.971035e+01
      vertex   -2.540610e+01 1.250000e+01 2.267433e+01
    endloop
  endfacet
  facet normal 3.536813e-16 1.000000e+00 3.224231e-16
    outer loop
      vertex   -2.540610e+01 1.250000e+01 2.267433e+01
      vertex   -2.177533e+01 1.250000e+01 2.971035e+01
      vertex   -2.140395e+01 1.250000e+01 2.930297e+01
    endloop
  endfacet
  facet normal 3.171280e-16 1.000000e+00 3.444928e-16
    outer loop
      vertex   -2.540610e+01 1.250000e+01 2.267433e+01
      vertex   -2.140395e+01 1.250000e+01 2.930297e+01
      vertex   -2.492172e+01 1.250000e+01 2.222843e+01
    endloop
  endfacet
  facet normal 2.004309e-16 1.000000e+00 4.025196e-16
    outer loop
      vertex   -2.492172e+01 1.250000e+01 2.222843e+01
      vertex   -2.140395e+01 1.250000e+01 2.930297e+01
      vertex   -2.091049e+01 1.250000e+01 2.905726e+01
    endloop
  endfacet
  facet normal 4.609839e-16 1.000000e+00 2.494720e-16
    outer loop
      vertex   -2.492172e+01 1.250000e+01 2.222843e+01
      vertex   -2.091049e+01 1.250000e+01 2.905726e+01
      vertex   -2.460837e+01 1.250000e+01 2.164940e+01
    endloop
  endfacet
  facet normal 4.247552e-17 1.000000e+00 4.583839e-16
    outer loop
      vertex   -2.460837e+01 1.250000e+01 2.164940e+01
      vertex   -2.091049e+01 1.250000e+01 2.905726e+01
      vertex   -2.036160e+01 1.250000e+01 2.900640e+01
    endloop
  endfacet
  facet normal 8.001043e-15 1.000000e+00 -4.135634e-15
    outer loop
      vertex   -2.460837e+01 1.250000e+01 2.164940e+01
      vertex   -2.036160e+01 1.250000e+01 2.900640e+01
      vertex   -2.450000e+01 1.250000e+01 2.100000e+01
    endloop
  endfacet
  facet normal 0.000000e+00 1.000000e+00 0.000000e+00
    outer loop
      vertex   -2.450000e+01 1.250000e+01 2.100000e+01
      vertex   -2.036160e+01 1.250000e+01 2.900640e+01
      vertex   -1.983139e+01 1.250000e+01 2.915726e+01
    endloop
  endfacet
  facet normal 0.000000e+00 1.000000e+00 0.000000e+00
    outer loop
      vertex   -2.450000e+01 1.250000e+01 2.100000e+01
      vertex   -1.983139e+01 1.250000e+01 2.915726e+01
      vertex   -1.939149e+01 1.250000e+01 2.948946e+01
    endloop
  endfacet
  facet normal -0.000000e+00 1.000000e+00 0.000000e+00
    outer loop
      vertex   -1.939149e+01 1.250000e+01 2.948946e+01
      vertex   -1.910129e+01 1.250000e+01 2.995814e+01
      vertex   6.277277e+00 1.250000e+01 1.282919e+01
    endloop
  endfacet
  facet normal 0.000000e+00 1.000000e+00 -0.000000e+00
    outer loop
      vertex   6.277277e+00 1.250000e+01 1.282919e+01
      vertex   -1.910129e+01 1.250000e+01 2.995814e+01
      vertex   6.491052e+00 1.250000e+01 1.345189e+01
    endloop
  endfacet
  facet normal -0.000000e+00 1.000000e+00 0.000000e+00
    outer loop
      vertex   1.014163e+01 1.250000e+01 -5.149399e+00
      vertex   1.025000e+01 1.250000e+01 -4.500000e+00
      vertex   1.250000e+01 1.250000e+01 -1.150000e+01
    endloop
  endfacet
  facet normal 0.000000e+00 1.000000e+00 0.000000e+00
    outer loop
      vertex   1.250000e+01 1.250000e+01 -1.150000e+01
      vertex   1.025000e+01 1.250000e+01 -4.500000e+00
      vertex   1.014163e+01 1.250000e+01 -3.850601e+00
    endloop
  endfacet
  facet normal -0.000000e+00 1.000000e+00 0.000000e+00
    outer loop
      vertex   -2.050000e+01 1.250000e+01 -6.000000e+00
      vertex   6.277277e+00 1.250000e+01 -4.829189e+00
      vertex   -2.060837e+01 1.250000e+01 -6.649399e+00
    endloop
  endfacet
  facet normal 0.000000e+00 1.000000e+00 0.000000e+00
    outer loop
      vertex   -2.060837e+01 1.250000e+01 -6.649399e+00
      vertex   6.277277e+00 1.250000e+01 -4.829189e+00
      vertex   6.491052e+00 1.250000e+01 -5.451895e+00
    endloop
  endfacet
  facet normal -0.000000e+00 1.000000e+00 0.000000e+00
    outer loop
      vertex   -2.060837e+01 1.250000e+01 -6.649399e+00
      vertex   6.491052e+00 1.250000e+01 -5.451895e+00
      vertex   -2.092172e+01 1.250000e+01 -7.228425e+00
    endloop
  endfacet
  facet normal 0.000000e+00 1.000000e+00 0.000000e+00
    outer loop
      vertex   -2.092172e+01 1.250000e+01 -7.228425e+00
      vertex   6.491052e+00 1.250000e+01 -5.451895e+00
      vertex   6.895437e+00 1.250000e+01 -5.971448e+00
    endloop
  endfacet
  facet normal -0.000000e+00 1.000000e+00 0.000000e+00
    outer loop
      vertex   -2.092172e+01 1.250000e+01 -7.228425e+00
      vertex   6.895437e+00 1.250000e+01 -5.971448e+00
      vertex   -2.140610e+01 1.250000e+01 -7.674333e+00
    endloop
  endfacet
  facet normal -0.000000e+00 1.000000e+00 0.000000e+00
    outer loop
      vertex   -2.140610e+01 1.250000e+01 -7.674333e+00
      vertex   6.895437e+00 1.250000e+01 -5.971448e+00
      vertex   1.250000e+01 1.250000e+01 -1.150000e+01
    endloop
  endfacet
  facet normal 0.000000e+00 1.000000e+00 0.000000e+00
    outer loop
      vertex   -2.140610e+01 1.250000e+01 -7.674333e+00
      vertex   1.250000e+01 1.250000e+01 -1.150000e+01
      vertex   -2.200903e+01 1.250000e+01 -7.938801e+00
    endloop
  endfacet
  facet normal 0.000000e+00 1.000000e+00 0.000000e+00
    outer loop
      vertex   -2.200903e+01 1.250000e+01 -7.938801e+00
      vertex   1.250000e+01 1.250000e+01 -1.150000e+01
      vertex   -2.950000e+01 1.250000e+01 -1.150000e+01
    endloop
  endfacet
  facet normal 0.000000e+00 1.000000e+00 0.000000e+00
    outer loop
      vertex   -2.200903e+01 1.250000e+01 -7.938801e+00
      vertex   -2.950000e+01 1.250000e+01 -1.150000e+01
      vertex   -2.266516e+01 1.250000e+01 -7.993169e+00
    endloop
  endfacet
  facet normal 0.000000e+00 1.000000e+00 0.000000e+00
    outer loop
      vertex   -2.266516e+01 1.250000e+01 -7.993169e+00
      vertex   -2.950000e+01 1.250000e+01 -1.150000e+01
      vertex   -2.330339e+01 1.250000e+01 -7.831547e+00
    endloop
  endfacet
  facet normal 0.000000e+00 1.000000e+00 0.000000e+00
    outer loop
      vertex   -2.330339e+01 1.250000e+01 -7.831547e+00
      vertex   -2.950000e+01 1.250000e+01 -1.150000e+01
      vertex   -2.385456e+01 1.250000e+01 -7.471448e+00
    endloop
  endfacet
  facet normal 0.000000e+00 1.000000e+00 0.000000e+00
    outer loop
      vertex   -2.385456e+01 1.250000e+01 -7.471448e+00
      vertex   -2.950000e+01 1.250000e+01 -1.150000e+01
      vertex   -2.425895e+01 1.250000e+01 -6.951895e+00
    endloop
  endfacet
  facet normal 0.000000e+00 1.000000e+00 0.000000e+00
    outer loop
      vertex   -2.425895e+01 1.250000e+01 -6.951895e+00
      vertex   -2.950000e+01 1.250000e+01 -1.150000e+01
      vertex   -2.447272e+01 1.250000e+01 -6.329189e+00
    endloop
  endfacet
  facet normal 0.000000e+00 1.000000e+00 -0.000000e+00
    outer loop
      vertex   -2.447272e+01 1.250000e+01 -6.329189e+00
      vertex   -2.950000e+01 1.250000e+01 -1.150000e+01
      vertex   -2.447272e+01 1.250000e+01 -5.670811e+00
    endloop
  endfacet
  facet normal 0.000000e+00 1.000000e+00 -0.000000e+00
    outer loop
      vertex   -2.447272e+01 1.250000e+01 -5.670811e+00
      vertex   -2.950000e+01 1.250000e+01 -1.150000e+01
      vertex   -2.425895e+01 1.250000e+01 -5.048105e+00
    endloop
  endfacet
  facet normal 1.507949e-16 1.000000e+00 -1.224948e-16
    outer loop
      vertex   -2.425895e+01 1.250000e+01 -5.048105e+00
      vertex   -2.950000e+01 1.250000e+01 -1.150000e+01
      vertex   -2.785456e+01 1.250000e+01 1.952855e+01
    endloop
  endfacet
  facet normal 0.000000e+00 1.000000e+00 0.000000e+00
    outer loop
      vertex   6.895437e+00 1.250000e+01 -5.971448e+00
      vertex   7.446609e+00 1.250000e+01 -6.331547e+00
      vertex   1.250000e+01 1.250000e+01 -1.150000e+01
    endloop
  endfacet
  facet normal 0.000000e+00 1.000000e+00 0.000000e+00
    outer loop
      vertex   1.250000e+01 1.250000e+01 -1.150000e+01
      vertex   7.446609e+00 1.250000e+01 -6.331547e+00
      vertex   8.084841e+00 1.250000e+01 -6.493169e+00
    endloop
  endfacet
  facet normal 0.000000e+00 1.000000e+00 0.000000e+00
    outer loop
      vertex   1.250000e+01 1.250000e+01 -1.150000e+01
      vertex   8.084841e+00 1.250000e+01 -6.493169e+00
      vertex   8.740971e+00 1.250000e+01 -6.438801e+00
    endloop
  endfacet
  facet normal -0.000000e+00 1.000000e+00 0.000000e+00
    outer loop
      vertex   8.740971e+00 1.250000e+01 -6.438801e+00
      vertex   9.343896e+00 1.250000e+01 -6.174333e+00
      vertex   1.250000e+01 1.250000e+01 -1.150000e+01
    endloop
  endfacet
  facet normal 0.000000e+00 1.000000e+00 0.000000e+00
    outer loop
      vertex   1.250000e+01 1.250000e+01 -1.150000e+01
      vertex   9.343896e+00 1.250000e+01 -6.174333e+00
      vertex   9.828281e+00 1.250000e+01 -5.728425e+00
    endloop
  endfacet
  facet normal 0.000000e+00 1.000000e+00 0.000000e+00
    outer loop
      vertex   1.250000e+01 1.250000e+01 -1.150000e+01
      vertex   9.828281e+00 1.250000e+01 -5.728425e+00
      vertex   1.014163e+01 1.250000e+01 -5.149399e+00
    endloop
  endfacet
  facet normal -1.357087e-16 1.000000e+00 2.077177e-16
    outer loop
      vertex   -2.730339e+01 1.250000e+01 2.283155e+01
      vertex   -2.785456e+01 1.250000e+01 2.247145e+01
      vertex   -2.950000e+01 1.250000e+01 3.850000e+01
    endloop
  endfacet
  facet normal -2.515915e-16 1.000000e+00 1.958215e-16
    outer loop
      vertex   -2.950000e+01 1.250000e+01 3.850000e+01
      vertex   -2.785456e+01 1.250000e+01 2.247145e+01
      vertex   -2.825895e+01 1.250000e+01 2.195189e+01
    endloop
  endfacet
  facet normal -5.132478e-16 1.000000e+00 1.761982e-16
    outer loop
      vertex   -2.950000e+01 1.250000e+01 3.850000e+01
      vertex   -2.825895e+01 1.250000e+01 2.195189e+01
      vertex   -2.847272e+01 1.250000e+01 2.132919e+01
    endloop
  endfacet
  facet normal -3.458378e-15 1.000000e+00 0.000000e+00
    outer loop
      vertex   -2.847272e+01 1.250000e+01 2.132919e+01
      vertex   -2.847272e+01 1.250000e+01 2.067081e+01
      vertex   -2.950000e+01 1.250000e+01 3.850000e+01
    endloop
  endfacet
  facet normal -3.458378e-15 1.000000e+00 0.000000e+00
    outer loop
      vertex   -2.950000e+01 1.250000e+01 3.850000e+01
      vertex   -2.847272e+01 1.250000e+01 2.067081e+01
      vertex   -2.950000e+01 1.250000e+01 -1.150000e+01
    endloop
  endfacet
  facet normal -2.943052e-16 1.000000e+00 -1.010351e-16
    outer loop
      vertex   -2.950000e+01 1.250000e+01 -1.150000e+01
      vertex   -2.847272e+01 1.250000e+01 2.067081e+01
      vertex   -2.825895e+01 1.250000e+01 2.004811e+01
    endloop
  endfacet
  facet normal -1.377238e-16 1.000000e+00 -1.071947e-16
    outer loop
      vertex   -2.950000e+01 1.250000e+01 -1.150000e+01
      vertex   -2.825895e+01 1.250000e+01 2.004811e+01
      vertex   -2.785456e+01 1.250000e+01 1.952855e+01
    endloop
  endfacet
  facet normal 1.000000e+00 0.000000e+00 0.000000e+00
    outer loop
      vertex   1.250000e+01 1.250000e+01 3.850000e+01
      vertex   1.250000e+01 0.000000e+00 3.850000e+01
      vertex   1.250000e+01 1.250000e+01 -1.150000e+01
    endloop
  endfacet
  facet normal 1.000000e+00 0.000000e+00 0.000000e+00
    outer loop
      vertex   1.250000e+01 1.250000e+01 -1.150000e+01
      vertex   1.250000e+01 0.000000e+00 3.850000e+01
      vertex   1.250000e+01 0.000000e+00 -1.150000e+01
    endloop
  endfacet
endsolid
