solid ASCII
  facet normal -8.715490e-02 0.000000e+00 -9.961948e-01
    outer loop
      vertex   -1.805060e+01 -2.250000e+01 1.050760e+01
      vertex   -1.805060e+01 -2.083333e+01 1.050760e+01
      vertex   -1.796377e+01 -2.250000e+01 1.050000e+01
    endloop
  endfacet
  facet normal -8.715490e-02 0.000000e+00 -9.961948e-01
    outer loop
      vertex   -1.796377e+01 -2.250000e+01 1.050000e+01
      vertex   -1.805060e+01 -2.083333e+01 1.050760e+01
      vertex   -1.805060e+01 -1.916667e+01 1.050760e+01
    endloop
  endfacet
  facet normal -8.715490e-02 0.000000e+00 -9.961948e-01
    outer loop
      vertex   -1.796377e+01 -2.250000e+01 1.050000e+01
      vertex   -1.805060e+01 -1.916667e+01 1.050760e+01
      vertex   -1.796377e+01 -1.750000e+01 1.050000e+01
    endloop
  endfacet
  facet normal -8.715490e-02 0.000000e+00 -9.961948e-01
    outer loop
      vertex   -1.796377e+01 -1.750000e+01 1.050000e+01
      vertex   -1.805060e+01 -1.916667e+01 1.050760e+01
      vertex   -1.805060e+01 -1.750000e+01 1.050760e+01
    endloop
  endfacet
  facet normal -2.588279e-01 -0.000000e+00 -9.659234e-01
    outer loop
      vertex   -1.805060e+01 -1.750000e+01 1.050760e+01
      vertex   -1.805060e+01 -1.916667e+01 1.050760e+01
      vertex   -1.813478e+01 -1.750000e+01 1.053015e+01
    endloop
  endfacet
  facet normal -2.588279e-01 -0.000000e+00 -9.659234e-01
    outer loop
      vertex   -1.813478e+01 -1.750000e+01 1.053015e+01
      vertex   -1.805060e+01 -1.916667e+01 1.050760e+01
      vertex   -1.813478e+01 -1.916667e+01 1.053015e+01
    endloop
  endfacet
  facet normal -4.226077e-01 -0.000000e+00 -9.063127e-01
    outer loop
      vertex   -1.813478e+01 -1.750000e+01 1.053015e+01
      vertex   -1.813478e+01 -1.916667e+01 1.053015e+01
      vertex   -1.821377e+01 -1.750000e+01 1.056699e+01
    endloop
  endfacet
  facet normal -4.226077e-01 -0.000000e+00 -9.063127e-01
    outer loop
      vertex   -1.821377e+01 -1.750000e+01 1.056699e+01
      vertex   -1.813478e+01 -1.916667e+01 1.053015e+01
      vertex   -1.821377e+01 -1.916667e+01 1.056699e+01
    endloop
  endfacet
  facet normal -5.735789e-01 -0.000000e+00 -8.191503e-01
    outer loop
      vertex   -1.821377e+01 -1.750000e+01 1.056699e+01
      vertex   -1.821377e+01 -1.916667e+01 1.056699e+01
      vertex   -1.828517e+01 -1.750000e+01 1.061698e+01
    endloop
  endfacet
  facet normal -5.735789e-01 -0.000000e+00 -8.191503e-01
    outer loop
      vertex   -1.828517e+01 -1.750000e+01 1.061698e+01
      vertex   -1.821377e+01 -1.916667e+01 1.056699e+01
      vertex   -1.828517e+01 -1.916667e+01 1.061698e+01
    endloop
  endfacet
  facet normal -7.071068e-01 -0.000000e+00 -7.071068e-01
    outer loop
      vertex   -1.828517e+01 -1.750000e+01 1.061698e+01
      vertex   -1.828517e+01 -1.916667e+01 1.061698e+01
      vertex   -1.834680e+01 -1.750000e+01 1.067861e+01
    endloop
  endfacet
  facet normal -7.071068e-01 -0.000000e+00 -7.071068e-01
    outer loop
      vertex   -1.834680e+01 -1.750000e+01 1.067861e+01
      vertex   -1.828517e+01 -1.916667e+01 1.061698e+01
      vertex   -1.834680e+01 -1.916667e+01 1.067861e+01
    endloop
  endfacet
  facet normal -8.191612e-01 -0.000000e+00 -5.735633e-01
    outer loop
      vertex   -1.834680e+01 -1.750000e+01 1.067861e+01
      vertex   -1.834680e+01 -1.916667e+01 1.067861e+01
      vertex   -1.839679e+01 -1.750000e+01 1.075000e+01
    endloop
  endfacet
  facet normal -8.191612e-01 -0.000000e+00 -5.735633e-01
    outer loop
      vertex   -1.839679e+01 -1.750000e+01 1.075000e+01
      vertex   -1.834680e+01 -1.916667e+01 1.067861e+01
      vertex   -1.839679e+01 -1.916667e+01 1.075000e+01
    endloop
  endfacet
  facet normal -9.062974e-01 -0.000000e+00 -4.226406e-01
    outer loop
      vertex   -1.839679e+01 -1.750000e+01 1.075000e+01
      vertex   -1.839679e+01 -1.916667e+01 1.075000e+01
      vertex   -1.843362e+01 -1.750000e+01 1.082899e+01
    endloop
  endfacet
  facet normal -9.062974e-01 -0.000000e+00 -4.226406e-01
    outer loop
      vertex   -1.843362e+01 -1.750000e+01 1.082899e+01
      vertex   -1.839679e+01 -1.916667e+01 1.075000e+01
      vertex   -1.843362e+01 -1.916667e+01 1.082899e+01
    endloop
  endfacet
  facet normal -9.659312e-01 -0.000000e+00 -2.587990e-01
    outer loop
      vertex   -1.843362e+01 -1.750000e+01 1.082899e+01
      vertex   -1.843362e+01 -1.916667e+01 1.082899e+01
      vertex   -1.845618e+01 -1.750000e+01 1.091318e+01
    endloop
  endfacet
  facet normal -9.659312e-01 -0.000000e+00 -2.587990e-01
    outer loop
      vertex   -1.845618e+01 -1.750000e+01 1.091318e+01
      vertex   -1.843362e+01 -1.916667e+01 1.082899e+01
      vertex   -1.845618e+01 -1.916667e+01 1.091318e+01
    endloop
  endfacet
  facet normal -9.961937e-01 -0.000000e+00 -8.716729e-02
    outer loop
      vertex   -1.845618e+01 -1.750000e+01 1.091318e+01
      vertex   -1.845618e+01 -1.916667e+01 1.091318e+01
      vertex   -1.846377e+01 -1.750000e+01 1.100000e+01
    endloop
  endfacet
  facet normal -9.961937e-01 0.000000e+00 -8.716729e-02
    outer loop
      vertex   -1.846377e+01 -1.750000e+01 1.100000e+01
      vertex   -1.845618e+01 -1.916667e+01 1.091318e+01
      vertex   -1.845618e+01 -2.083333e+01 1.091318e+01
    endloop
  endfacet
  facet normal -9.961937e-01 -0.000000e+00 -8.716729e-02
    outer loop
      vertex   -1.846377e+01 -1.750000e+01 1.100000e+01
      vertex   -1.845618e+01 -2.083333e+01 1.091318e+01
      vertex   -1.846377e+01 -2.250000e+01 1.100000e+01
    endloop
  endfacet
  facet normal -9.961937e-01 0.000000e+00 -8.716729e-02
    outer loop
      vertex   -1.846377e+01 -2.250000e+01 1.100000e+01
      vertex   -1.845618e+01 -2.083333e+01 1.091318e+01
      vertex   -1.845618e+01 -2.250000e+01 1.091318e+01
    endloop
  endfacet
  facet normal -9.659312e-01 0.000000e+00 -2.587990e-01
    outer loop
      vertex   -1.845618e+01 -2.250000e+01 1.091318e+01
      vertex   -1.845618e+01 -2.083333e+01 1.091318e+01
      vertex   -1.843362e+01 -2.250000e+01 1.082899e+01
    endloop
  endfacet
  facet normal -9.659312e-01 0.000000e+00 -2.587990e-01
    outer loop
      vertex   -1.843362e+01 -2.250000e+01 1.082899e+01
      vertex   -1.845618e+01 -2.083333e+01 1.091318e+01
      vertex   -1.843362e+01 -2.083333e+01 1.082899e+01
    endloop
  endfacet
  facet normal -9.062974e-01 0.000000e+00 -4.226406e-01
    outer loop
      vertex   -1.843362e+01 -2.250000e+01 1.082899e+01
      vertex   -1.843362e+01 -2.083333e+01 1.082899e+01
      vertex   -1.839679e+01 -2.250000e+01 1.075000e+01
    endloop
  endfacet
  facet normal -9.062974e-01 0.000000e+00 -4.226406e-01
    outer loop
      vertex   -1.839679e+01 -2.250000e+01 1.075000e+01
      vertex   -1.843362e+01 -2.083333e+01 1.082899e+01
      vertex   -1.839679e+01 -2.083333e+01 1.075000e+01
    endloop
  endfacet
  facet normal -8.191612e-01 0.000000e+00 -5.735633e-01
    outer loop
      vertex   -1.839679e+01 -2.250000e+01 1.075000e+01
      vertex   -1.839679e+01 -2.083333e+01 1.075000e+01
      vertex   -1.834680e+01 -2.250000e+01 1.067861e+01
    endloop
  endfacet
  facet normal -8.191612e-01 0.000000e+00 -5.735633e-01
    outer loop
      vertex   -1.834680e+01 -2.250000e+01 1.067861e+01
      vertex   -1.839679e+01 -2.083333e+01 1.075000e+01
      vertex   -1.834680e+01 -2.083333e+01 1.067861e+01
    endloop
  endfacet
  facet normal -7.071068e-01 0.000000e+00 -7.071068e-01
    outer loop
      vertex   -1.834680e+01 -2.250000e+01 1.067861e+01
      vertex   -1.834680e+01 -2.083333e+01 1.067861e+01
      vertex   -1.828517e+01 -2.250000e+01 1.061698e+01
    endloop
  endfacet
  facet normal -7.071068e-01 0.000000e+00 -7.071068e-01
    outer loop
      vertex   -1.828517e+01 -2.250000e+01 1.061698e+01
      vertex   -1.834680e+01 -2.083333e+01 1.067861e+01
      vertex   -1.828517e+01 -2.083333e+01 1.061698e+01
    endloop
  endfacet
  facet normal -5.735789e-01 0.000000e+00 -8.191503e-01
    outer loop
      vertex   -1.828517e+01 -2.250000e+01 1.061698e+01
      vertex   -1.828517e+01 -2.083333e+01 1.061698e+01
      vertex   -1.821377e+01 -2.250000e+01 1.056699e+01
    endloop
  endfacet
  facet normal -5.735789e-01 0.000000e+00 -8.191503e-01
    outer loop
      vertex   -1.821377e+01 -2.250000e+01 1.056699e+01
      vertex   -1.828517e+01 -2.083333e+01 1.061698e+01
      vertex   -1.821377e+01 -2.083333e+01 1.056699e+01
    endloop
  endfacet
  facet normal -4.226077e-01 0.000000e+00 -9.063127e-01
    outer loop
      vertex   -1.821377e+01 -2.250000e+01 1.056699e+01
      vertex   -1.821377e+01 -2.083333e+01 1.056699e+01
      vertex   -1.813478e+01 -2.250000e+01 1.053015e+01
    endloop
  endfacet
  facet normal -4.226077e-01 0.000000e+00 -9.063127e-01
    outer loop
      vertex   -1.813478e+01 -2.250000e+01 1.053015e+01
      vertex   -1.821377e+01 -2.083333e+01 1.056699e+01
      vertex   -1.813478e+01 -2.083333e+01 1.053015e+01
    endloop
  endfacet
  facet normal -2.588279e-01 0.000000e+00 -9.659234e-01
    outer loop
      vertex   -1.813478e+01 -2.250000e+01 1.053015e+01
      vertex   -1.813478e+01 -2.083333e+01 1.053015e+01
      vertex   -1.805060e+01 -2.250000e+01 1.050760e+01
    endloop
  endfacet
  facet normal -2.588279e-01 0.000000e+00 -9.659234e-01
    outer loop
      vertex   -1.805060e+01 -2.250000e+01 1.050760e+01
      vertex   -1.813478e+01 -2.083333e+01 1.053015e+01
      vertex   -1.805060e+01 -2.083333e+01 1.050760e+01
    endloop
  endfacet
  facet normal -2.588279e-01 0.000000e+00 -9.659234e-01
    outer loop
      vertex   -1.813478e+01 -1.916667e+01 1.053015e+01
      vertex   -1.805060e+01 -1.916667e+01 1.050760e+01
      vertex   -1.805060e+01 -2.083333e+01 1.050760e+01
    endloop
  endfacet
  facet normal -2.588279e-01 -0.000000e+00 -9.659234e-01
    outer loop
      vertex   -1.813478e+01 -1.916667e+01 1.053015e+01
      vertex   -1.805060e+01 -2.083333e+01 1.050760e+01
      vertex   -1.813478e+01 -2.083333e+01 1.053015e+01
    endloop
  endfacet
  facet normal -4.226077e-01 0.000000e+00 -9.063127e-01
    outer loop
      vertex   -1.821377e+01 -1.916667e+01 1.056699e+01
      vertex   -1.813478e+01 -1.916667e+01 1.053015e+01
      vertex   -1.813478e+01 -2.083333e+01 1.053015e+01
    endloop
  endfacet
  facet normal -4.226077e-01 -0.000000e+00 -9.063127e-01
    outer loop
      vertex   -1.821377e+01 -1.916667e+01 1.056699e+01
      vertex   -1.813478e+01 -2.083333e+01 1.053015e+01
      vertex   -1.821377e+01 -2.083333e+01 1.056699e+01
    endloop
  endfacet
  facet normal -5.735789e-01 0.000000e+00 -8.191503e-01
    outer loop
      vertex   -1.828517e+01 -1.916667e+01 1.061698e+01
      vertex   -1.821377e+01 -1.916667e+01 1.056699e+01
      vertex   -1.821377e+01 -2.083333e+01 1.056699e+01
    endloop
  endfacet
  facet normal -5.735789e-01 -0.000000e+00 -8.191503e-01
    outer loop
      vertex   -1.828517e+01 -1.916667e+01 1.061698e+01
      vertex   -1.821377e+01 -2.083333e+01 1.056699e+01
      vertex   -1.828517e+01 -2.083333e+01 1.061698e+01
    endloop
  endfacet
  facet normal -7.071068e-01 0.000000e+00 -7.071068e-01
    outer loop
      vertex   -1.834680e+01 -1.916667e+01 1.067861e+01
      vertex   -1.828517e+01 -1.916667e+01 1.061698e+01
      vertex   -1.828517e+01 -2.083333e+01 1.061698e+01
    endloop
  endfacet
  facet normal -7.071068e-01 -0.000000e+00 -7.071068e-01
    outer loop
      vertex   -1.834680e+01 -1.916667e+01 1.067861e+01
      vertex   -1.828517e+01 -2.083333e+01 1.061698e+01
      vertex   -1.834680e+01 -2.083333e+01 1.067861e+01
    endloop
  endfacet
  facet normal -8.191612e-01 0.000000e+00 -5.735633e-01
    outer loop
      vertex   -1.839679e+01 -1.916667e+01 1.075000e+01
      vertex   -1.834680e+01 -1.916667e+01 1.067861e+01
      vertex   -1.834680e+01 -2.083333e+01 1.067861e+01
    endloop
  endfacet
  facet normal -8.191612e-01 -0.000000e+00 -5.735633e-01
    outer loop
      vertex   -1.839679e+01 -1.916667e+01 1.075000e+01
      vertex   -1.834680e+01 -2.083333e+01 1.067861e+01
      vertex   -1.839679e+01 -2.083333e+01 1.075000e+01
    endloop
  endfacet
  facet normal -9.062974e-01 0.000000e+00 -4.226406e-01
    outer loop
      vertex   -1.843362e+01 -1.916667e+01 1.082899e+01
      vertex   -1.839679e+01 -1.916667e+01 1.075000e+01
      vertex   -1.839679e+01 -2.083333e+01 1.075000e+01
    endloop
  endfacet
  facet normal -9.062974e-01 -0.000000e+00 -4.226406e-01
    outer loop
      vertex   -1.843362e+01 -1.916667e+01 1.082899e+01
      vertex   -1.839679e+01 -2.083333e+01 1.075000e+01
      vertex   -1.843362e+01 -2.083333e+01 1.082899e+01
    endloop
  endfacet
  facet normal -9.659312e-01 0.000000e+00 -2.587990e-01
    outer loop
      vertex   -1.845618e+01 -1.916667e+01 1.091318e+01
      vertex   -1.843362e+01 -1.916667e+01 1.082899e+01
      vertex   -1.843362e+01 -2.083333e+01 1.082899e+01
    endloop
  endfacet
  facet normal -9.659312e-01 -0.000000e+00 -2.587990e-01
    outer loop
      vertex   -1.845618e+01 -1.916667e+01 1.091318e+01
      vertex   -1.843362e+01 -2.083333e+01 1.082899e+01
      vertex   -1.845618e+01 -2.083333e+01 1.091318e+01
    endloop
  endfacet
  facet normal 0.000000e+00 0.000000e+00 -1.000000e+00
    outer loop
      vertex   -1.796377e+01 -1.750000e+01 1.050000e+01
      vertex   -1.083815e+01 -1.750000e+01 1.050000e+01
      vertex   -1.796377e+01 -2.250000e+01 1.050000e+01
    endloop
  endfacet
  facet normal 0.000000e+00 0.000000e+00 -1.000000e+00
    outer loop
      vertex   -1.796377e+01 -2.250000e+01 1.050000e+01
      vertex   -1.083815e+01 -1.750000e+01 1.050000e+01
      vertex   -1.083815e+01 -2.250000e+01 1.050000e+01
    endloop
  endfacet
  facet normal 0.000000e+00 1.000000e+00 0.000000e+00
    outer loop
      vertex   -1.281832e+01 -1.750000e+01 1.115000e+01
      vertex   -1.796377e+01 -1.750000e+01 1.050000e+01
      vertex   -1.610922e+01 -1.750000e+01 1.115000e+01
    endloop
  endfacet
  facet normal 0.000000e+00 1.000000e+00 0.000000e+00
    outer loop
      vertex   -1.610922e+01 -1.750000e+01 1.115000e+01
      vertex   -1.796377e+01 -1.750000e+01 1.050000e+01
      vertex   -1.846377e+01 -1.750000e+01 1.100000e+01
    endloop
  endfacet
  facet normal 0.000000e+00 1.000000e+00 0.000000e+00
    outer loop
      vertex   -1.610922e+01 -1.750000e+01 1.115000e+01
      vertex   -1.846377e+01 -1.750000e+01 1.100000e+01
      vertex   -1.775467e+01 -1.750000e+01 1.400000e+01
    endloop
  endfacet
  facet normal 0.000000e+00 1.000000e+00 0.000000e+00
    outer loop
      vertex   -1.775467e+01 -1.750000e+01 1.400000e+01
      vertex   -1.846377e+01 -1.750000e+01 1.100000e+01
      vertex   -1.846377e+01 -1.750000e+01 1.829598e+01
    endloop
  endfacet
  facet normal 0.000000e+00 1.000000e+00 -0.000000e+00
    outer loop
      vertex   -1.775467e+01 -1.750000e+01 1.400000e+01
      vertex   -1.846377e+01 -1.750000e+01 1.829598e+01
      vertex   -1.610922e+01 -1.750000e+01 1.685000e+01
    endloop
  endfacet
  facet normal 0.000000e+00 1.000000e+00 0.000000e+00
    outer loop
      vertex   -1.610922e+01 -1.750000e+01 1.685000e+01
      vertex   -1.846377e+01 -1.750000e+01 1.829598e+01
      vertex   -1.845918e+01 -1.750000e+01 1.843142e+01
    endloop
  endfacet
  facet normal 0.000000e+00 1.000000e+00 0.000000e+00
    outer loop
      vertex   -1.610922e+01 -1.750000e+01 1.685000e+01
      vertex   -1.845918e+01 -1.750000e+01 1.843142e+01
      vertex   -1.844543e+01 -1.750000e+01 1.856624e+01
    endloop
  endfacet
  facet normal 0.000000e+00 1.000000e+00 0.000000e+00
    outer loop
      vertex   -1.117288e+01 -1.750000e+01 1.400000e+01
      vertex   -1.033815e+01 -1.750000e+01 1.100000e+01
      vertex   -1.281832e+01 -1.750000e+01 1.115000e+01
    endloop
  endfacet
  facet normal 0.000000e+00 1.000000e+00 0.000000e+00
    outer loop
      vertex   -1.281832e+01 -1.750000e+01 1.115000e+01
      vertex   -1.033815e+01 -1.750000e+01 1.100000e+01
      vertex   -1.083815e+01 -1.750000e+01 1.050000e+01
    endloop
  endfacet
  facet normal 0.000000e+00 1.000000e+00 0.000000e+00
    outer loop
      vertex   -1.281832e+01 -1.750000e+01 1.115000e+01
      vertex   -1.083815e+01 -1.750000e+01 1.050000e+01
      vertex   -1.796377e+01 -1.750000e+01 1.050000e+01
    endloop
  endfacet
  facet normal 0.000000e+00 1.000000e+00 -0.000000e+00
    outer loop
      vertex   -1.033815e+01 -1.750000e+01 1.100000e+01
      vertex   -1.117288e+01 -1.750000e+01 1.400000e+01
      vertex   -1.033815e+01 -1.750000e+01 2.091321e+01
    endloop
  endfacet
  facet normal 0.000000e+00 1.000000e+00 0.000000e+00
    outer loop
      vertex   -1.033815e+01 -1.750000e+01 2.091321e+01
      vertex   -1.117288e+01 -1.750000e+01 1.400000e+01
      vertex   -1.281832e+01 -1.750000e+01 1.685000e+01
    endloop
  endfacet
  facet normal 0.000000e+00 1.000000e+00 0.000000e+00
    outer loop
      vertex   -1.033815e+01 -1.750000e+01 2.091321e+01
      vertex   -1.281832e+01 -1.750000e+01 1.685000e+01
      vertex   -1.610922e+01 -1.750000e+01 1.685000e+01
    endloop
  endfacet
  facet normal 0.000000e+00 1.000000e+00 0.000000e+00
    outer loop
      vertex   -3.554552e+00 -1.750000e+01 5.115000e+01
      vertex   5.423491e+00 -1.750000e+01 3.205106e+01
      vertex   -6.845449e+00 -1.750000e+01 5.115000e+01
    endloop
  endfacet
  facet normal 0.000000e+00 1.000000e+00 0.000000e+00
    outer loop
      vertex   -6.845449e+00 -1.750000e+01 5.115000e+01
      vertex   5.423491e+00 -1.750000e+01 3.205106e+01
      vertex   -8.338152e+00 -1.750000e+01 2.291320e+01
    endloop
  endfacet
  facet normal 0.000000e+00 1.000000e+00 0.000000e+00
    outer loop
      vertex   -6.845449e+00 -1.750000e+01 5.115000e+01
      vertex   -8.338152e+00 -1.750000e+01 2.291320e+01
      vertex   -8.562080e+00 -1.750000e+01 2.290063e+01
    endloop
  endfacet
  facet normal 0.000000e+00 1.000000e+00 0.000000e+00
    outer loop
      vertex   5.423491e+00 -1.750000e+01 3.205106e+01
      vertex   -3.554552e+00 -1.750000e+01 5.115000e+01
      vertex   9.634040e-01 -1.750000e+01 5.627535e+01
    endloop
  endfacet
  facet normal 0.000000e+00 1.000000e+00 0.000000e+00
    outer loop
      vertex   9.634040e-01 -1.750000e+01 5.627535e+01
      vertex   -3.554552e+00 -1.750000e+01 5.115000e+01
      vertex   -1.909104e+00 -1.750000e+01 5.400000e+01
    endloop
  endfacet
  facet normal 0.000000e+00 1.000000e+00 0.000000e+00
    outer loop
      vertex   9.634040e-01 -1.750000e+01 5.627535e+01
      vertex   -1.909104e+00 -1.750000e+01 5.400000e+01
      vertex   9.135793e-01 -1.750000e+01 5.648300e+01
    endloop
  endfacet
  facet normal 0.000000e+00 1.000000e+00 0.000000e+00
    outer loop
      vertex   9.135793e-01 -1.750000e+01 5.648300e+01
      vertex   -1.909104e+00 -1.750000e+01 5.400000e+01
      vertex   8.418983e-01 -1.750000e+01 5.668416e+01
    endloop
  endfacet
  facet normal 0.000000e+00 1.000000e+00 0.000000e+00
    outer loop
      vertex   8.418983e-01 -1.750000e+01 5.668416e+01
      vertex   -1.909104e+00 -1.750000e+01 5.400000e+01
      vertex   7.491782e-01 -1.750000e+01 5.687653e+01
    endloop
  endfacet
  facet normal 0.000000e+00 1.000000e+00 0.000000e+00
    outer loop
      vertex   7.491782e-01 -1.750000e+01 5.687653e+01
      vertex   -1.909104e+00 -1.750000e+01 5.400000e+01
      vertex   6.364760e-01 -1.750000e+01 5.705791e+01
    endloop
  endfacet
  facet normal 0.000000e+00 1.000000e+00 0.000000e+00
    outer loop
      vertex   6.364760e-01 -1.750000e+01 5.705791e+01
      vertex   -1.909104e+00 -1.750000e+01 5.400000e+01
      vertex   5.050766e-01 -1.750000e+01 5.722625e+01
    endloop
  endfacet
  facet normal 0.000000e+00 1.000000e+00 0.000000e+00
    outer loop
      vertex   5.050766e-01 -1.750000e+01 5.722625e+01
      vertex   -1.909104e+00 -1.750000e+01 5.400000e+01
      vertex   3.564782e-01 -1.750000e+01 5.737962e+01
    endloop
  endfacet
  facet normal 0.000000e+00 1.000000e+00 0.000000e+00
    outer loop
      vertex   3.564782e-01 -1.750000e+01 5.737962e+01
      vertex   -1.909104e+00 -1.750000e+01 5.400000e+01
      vertex   1.923746e-01 -1.750000e+01 5.751626e+01
    endloop
  endfacet
  facet normal 0.000000e+00 1.000000e+00 0.000000e+00
    outer loop
      vertex   1.923746e-01 -1.750000e+01 5.751626e+01
      vertex   -1.909104e+00 -1.750000e+01 5.400000e+01
      vertex   1.463697e-02 -1.750000e+01 5.763463e+01
    endloop
  endfacet
  facet normal 0.000000e+00 1.000000e+00 0.000000e+00
    outer loop
      vertex   1.463697e-02 -1.750000e+01 5.763463e+01
      vertex   -1.909104e+00 -1.750000e+01 5.400000e+01
      vertex   -1.747085e-01 -1.750000e+01 5.773338e+01
    endloop
  endfacet
  facet normal 0.000000e+00 1.000000e+00 0.000000e+00
    outer loop
      vertex   -1.747085e-01 -1.750000e+01 5.773338e+01
      vertex   -1.909104e+00 -1.750000e+01 5.400000e+01
      vertex   -3.735031e-01 -1.750000e+01 5.781138e+01
    endloop
  endfacet
  facet normal 0.000000e+00 1.000000e+00 0.000000e+00
    outer loop
      vertex   -3.735031e-01 -1.750000e+01 5.781138e+01
      vertex   -1.909104e+00 -1.750000e+01 5.400000e+01
      vertex   -5.794805e-01 -1.750000e+01 5.786773e+01
    endloop
  endfacet
  facet normal 0.000000e+00 1.000000e+00 0.000000e+00
    outer loop
      vertex   -5.794805e-01 -1.750000e+01 5.786773e+01
      vertex   -1.909104e+00 -1.750000e+01 5.400000e+01
      vertex   -7.902924e-01 -1.750000e+01 5.790180e+01
    endloop
  endfacet
  facet normal 0.000000e+00 1.000000e+00 0.000000e+00
    outer loop
      vertex   -7.902924e-01 -1.750000e+01 5.790180e+01
      vertex   -1.909104e+00 -1.750000e+01 5.400000e+01
      vertex   -1.003535e+00 -1.750000e+01 5.791320e+01
    endloop
  endfacet
  facet normal 0.000000e+00 1.000000e+00 0.000000e+00
    outer loop
      vertex   -1.003535e+00 -1.750000e+01 5.791320e+01
      vertex   -1.909104e+00 -1.750000e+01 5.400000e+01
      vertex   -3.554552e+00 -1.750000e+01 5.685000e+01
    endloop
  endfacet
  facet normal 0.000000e+00 1.000000e+00 0.000000e+00
    outer loop
      vertex   -1.003535e+00 -1.750000e+01 5.791320e+01
      vertex   -3.554552e+00 -1.750000e+01 5.685000e+01
      vertex   -8.708420e+00 -1.750000e+01 5.791320e+01
    endloop
  endfacet
  facet normal 0.000000e+00 1.000000e+00 0.000000e+00
    outer loop
      vertex   -8.708420e+00 -1.750000e+01 5.791320e+01
      vertex   -3.554552e+00 -1.750000e+01 5.685000e+01
      vertex   -6.845449e+00 -1.750000e+01 5.685000e+01
    endloop
  endfacet
  facet normal 0.000000e+00 1.000000e+00 0.000000e+00
    outer loop
      vertex   -8.708420e+00 -1.750000e+01 5.791320e+01
      vertex   -6.845449e+00 -1.750000e+01 5.685000e+01
      vertex   -8.490896e+00 -1.750000e+01 5.400000e+01
    endloop
  endfacet
  facet normal 0.000000e+00 1.000000e+00 0.000000e+00
    outer loop
      vertex   -6.845449e+00 -1.750000e+01 5.115000e+01
      vertex   -1.066723e+01 -1.750000e+01 5.631704e+01
      vertex   -8.490896e+00 -1.750000e+01 5.400000e+01
    endloop
  endfacet
  facet normal 0.000000e+00 1.000000e+00 0.000000e+00
    outer loop
      vertex   -8.490896e+00 -1.750000e+01 5.400000e+01
      vertex   -1.066723e+01 -1.750000e+01 5.631704e+01
      vertex   -1.060860e+01 -1.750000e+01 5.653716e+01
    endloop
  endfacet
  facet normal 0.000000e+00 1.000000e+00 0.000000e+00
    outer loop
      vertex   -8.490896e+00 -1.750000e+01 5.400000e+01
      vertex   -1.060860e+01 -1.750000e+01 5.653716e+01
      vertex   -1.052532e+01 -1.750000e+01 5.674918e+01
    endloop
  endfacet
  facet normal 0.000000e+00 1.000000e+00 0.000000e+00
    outer loop
      vertex   2.163818e+01 -1.750000e+01 3.311781e+01
      vertex   2.162505e+01 -1.750000e+01 3.291320e+01
      vertex   1.772505e+01 -1.750000e+01 3.241320e+01
    endloop
  endfacet
  facet normal 0.000000e+00 1.000000e+00 0.000000e+00
    outer loop
      vertex   1.772505e+01 -1.750000e+01 3.241320e+01
      vertex   2.162505e+01 -1.750000e+01 3.291320e+01
      vertex   2.163818e+01 -1.750000e+01 3.270860e+01
    endloop
  endfacet
  facet normal 0.000000e+00 1.000000e+00 0.000000e+00
    outer loop
      vertex   1.772505e+01 -1.750000e+01 3.241320e+01
      vertex   2.163818e+01 -1.750000e+01 3.270860e+01
      vertex   2.167737e+01 -1.750000e+01 3.250736e+01
    endloop
  endfacet
  facet normal -0.000000e+00 1.000000e+00 0.000000e+00
    outer loop
      vertex   1.772505e+01 -1.750000e+01 3.241320e+01
      vertex   2.167737e+01 -1.750000e+01 3.250736e+01
      vertex   1.771247e+01 -1.750000e+01 3.218927e+01
    endloop
  endfacet
  facet normal 0.000000e+00 1.000000e+00 0.000000e+00
    outer loop
      vertex   1.771247e+01 -1.750000e+01 3.218927e+01
      vertex   2.167737e+01 -1.750000e+01 3.250736e+01
      vertex   2.174198e+01 -1.750000e+01 3.231278e+01
    endloop
  endfacet
  facet normal -0.000000e+00 1.000000e+00 0.000000e+00
    outer loop
      vertex   1.771247e+01 -1.750000e+01 3.218927e+01
      vertex   2.174198e+01 -1.750000e+01 3.231278e+01
      vertex   1.767490e+01 -1.750000e+01 3.196816e+01
    endloop
  endfacet
  facet normal -0.000000e+00 1.000000e+00 0.000000e+00
    outer loop
      vertex   1.767490e+01 -1.750000e+01 3.196816e+01
      vertex   2.174198e+01 -1.750000e+01 3.231278e+01
      vertex   1.761281e+01 -1.750000e+01 3.175265e+01
    endloop
  endfacet
  facet normal 0.000000e+00 1.000000e+00 0.000000e+00
    outer loop
      vertex   1.761281e+01 -1.750000e+01 3.175265e+01
      vertex   2.174198e+01 -1.750000e+01 3.231278e+01
      vertex   2.183094e+01 -1.750000e+01 3.212806e+01
    endloop
  endfacet
  facet normal -0.000000e+00 1.000000e+00 0.000000e+00
    outer loop
      vertex   1.761281e+01 -1.750000e+01 3.175265e+01
      vertex   2.183094e+01 -1.750000e+01 3.212806e+01
      vertex   1.752699e+01 -1.750000e+01 3.154544e+01
    endloop
  endfacet
  facet normal 0.000000e+00 1.000000e+00 0.000000e+00
    outer loop
      vertex   1.752699e+01 -1.750000e+01 3.154544e+01
      vertex   2.183094e+01 -1.750000e+01 3.212806e+01
      vertex   2.194278e+01 -1.750000e+01 3.195623e+01
    endloop
  endfacet
  facet normal -0.000000e+00 1.000000e+00 0.000000e+00
    outer loop
      vertex   1.752699e+01 -1.750000e+01 3.154544e+01
      vertex   2.194278e+01 -1.750000e+01 3.195623e+01
      vertex   1.741850e+01 -1.750000e+01 3.134914e+01
    endloop
  endfacet
  facet normal 0.000000e+00 1.000000e+00 0.000000e+00
    outer loop
      vertex   1.741850e+01 -1.750000e+01 3.134914e+01
      vertex   2.194278e+01 -1.750000e+01 3.195623e+01
      vertex   2.207569e+01 -1.750000e+01 3.180011e+01
    endloop
  endfacet
  facet normal -0.000000e+00 1.000000e+00 0.000000e+00
    outer loop
      vertex   1.741850e+01 -1.750000e+01 3.134914e+01
      vertex   2.207569e+01 -1.750000e+01 3.180011e+01
      vertex   1.728871e+01 -1.750000e+01 3.116622e+01
    endloop
  endfacet
  facet normal 0.000000e+00 1.000000e+00 0.000000e+00
    outer loop
      vertex   1.728871e+01 -1.750000e+01 3.116622e+01
      vertex   2.207569e+01 -1.750000e+01 3.180011e+01
      vertex   2.222746e+01 -1.750000e+01 3.166227e+01
    endloop
  endfacet
  facet normal -0.000000e+00 1.000000e+00 0.000000e+00
    outer loop
      vertex   1.728871e+01 -1.750000e+01 3.116622e+01
      vertex   2.222746e+01 -1.750000e+01 3.166227e+01
      vertex   1.713926e+01 -1.750000e+01 3.099899e+01
    endloop
  endfacet
  facet normal 0.000000e+00 1.000000e+00 0.000000e+00
    outer loop
      vertex   1.713926e+01 -1.750000e+01 3.099899e+01
      vertex   2.222746e+01 -1.750000e+01 3.166227e+01
      vertex   2.239562e+01 -1.750000e+01 3.154498e+01
    endloop
  endfacet
  facet normal -0.000000e+00 1.000000e+00 0.000000e+00
    outer loop
      vertex   1.713926e+01 -1.750000e+01 3.099899e+01
      vertex   2.239562e+01 -1.750000e+01 3.154498e+01
      vertex   1.697203e+01 -1.750000e+01 3.084954e+01
    endloop
  endfacet
  facet normal 0.000000e+00 1.000000e+00 0.000000e+00
    outer loop
      vertex   1.697203e+01 -1.750000e+01 3.084954e+01
      vertex   2.239562e+01 -1.750000e+01 3.154498e+01
      vertex   2.257739e+01 -1.750000e+01 3.145014e+01
    endloop
  endfacet
  facet normal -0.000000e+00 1.000000e+00 0.000000e+00
    outer loop
      vertex   1.697203e+01 -1.750000e+01 3.084954e+01
      vertex   2.257739e+01 -1.750000e+01 3.145014e+01
      vertex   2.572505e+01 -1.750000e+01 2.291320e+01
    endloop
  endfacet
  facet normal 0.000000e+00 1.000000e+00 0.000000e+00
    outer loop
      vertex   2.572505e+01 -1.750000e+01 2.291320e+01
      vertex   2.257739e+01 -1.750000e+01 3.145014e+01
      vertex   2.276980e+01 -1.750000e+01 3.137933e+01
    endloop
  endfacet
  facet normal 0.000000e+00 1.000000e+00 0.000000e+00
    outer loop
      vertex   2.572505e+01 -1.750000e+01 2.291320e+01
      vertex   2.276980e+01 -1.750000e+01 3.137933e+01
      vertex   2.296969e+01 -1.750000e+01 3.133371e+01
    endloop
  endfacet
  facet normal 0.000000e+00 1.000000e+00 0.000000e+00
    outer loop
      vertex   2.296969e+01 -1.750000e+01 3.133371e+01
      vertex   2.317376e+01 -1.750000e+01 3.131402e+01
      vertex   2.572505e+01 -1.750000e+01 2.291320e+01
    endloop
  endfacet
  facet normal 0.000000e+00 1.000000e+00 0.000000e+00
    outer loop
      vertex   2.572505e+01 -1.750000e+01 2.291320e+01
      vertex   2.317376e+01 -1.750000e+01 3.131402e+01
      vertex   2.337868e+01 -1.750000e+01 3.132060e+01
    endloop
  endfacet
  facet normal 0.000000e+00 1.000000e+00 -0.000000e+00
    outer loop
      vertex   2.572505e+01 -1.750000e+01 2.291320e+01
      vertex   2.337868e+01 -1.750000e+01 3.132060e+01
      vertex   2.772505e+01 -1.750000e+01 2.491320e+01
    endloop
  endfacet
  facet normal 0.000000e+00 1.000000e+00 0.000000e+00
    outer loop
      vertex   2.772505e+01 -1.750000e+01 2.491320e+01
      vertex   2.337868e+01 -1.750000e+01 3.132060e+01
      vertex   2.358108e+01 -1.750000e+01 3.135332e+01
    endloop
  endfacet
  facet normal 0.000000e+00 1.000000e+00 0.000000e+00
    outer loop
      vertex   2.772505e+01 -1.750000e+01 2.491320e+01
      vertex   2.358108e+01 -1.750000e+01 3.135332e+01
      vertex   2.377763e+01 -1.750000e+01 3.141165e+01
    endloop
  endfacet
  facet normal -0.000000e+00 1.000000e+00 0.000000e+00
    outer loop
      vertex   2.377763e+01 -1.750000e+01 3.141165e+01
      vertex   2.396511e+01 -1.750000e+01 3.149464e+01
      vertex   2.772505e+01 -1.750000e+01 2.491320e+01
    endloop
  endfacet
  facet normal 0.000000e+00 1.000000e+00 0.000000e+00
    outer loop
      vertex   2.772505e+01 -1.750000e+01 2.491320e+01
      vertex   2.396511e+01 -1.750000e+01 3.149464e+01
      vertex   2.414043e+01 -1.750000e+01 3.160093e+01
    endloop
  endfacet
  facet normal 0.000000e+00 1.000000e+00 0.000000e+00
    outer loop
      vertex   2.772505e+01 -1.750000e+01 2.491320e+01
      vertex   2.414043e+01 -1.750000e+01 3.160093e+01
      vertex   2.430073e+01 -1.750000e+01 3.172876e+01
    endloop
  endfacet
  facet normal -0.000000e+00 1.000000e+00 0.000000e+00
    outer loop
      vertex   2.430073e+01 -1.750000e+01 3.172876e+01
      vertex   2.444336e+01 -1.750000e+01 3.187604e+01
      vertex   2.772505e+01 -1.750000e+01 2.491320e+01
    endloop
  endfacet
  facet normal 0.000000e+00 1.000000e+00 0.000000e+00
    outer loop
      vertex   2.772505e+01 -1.750000e+01 2.491320e+01
      vertex   2.444336e+01 -1.750000e+01 3.187604e+01
      vertex   2.456599e+01 -1.750000e+01 3.204035e+01
    endloop
  endfacet
  facet normal 0.000000e+00 1.000000e+00 0.000000e+00
    outer loop
      vertex   2.772505e+01 -1.750000e+01 2.491320e+01
      vertex   2.456599e+01 -1.750000e+01 3.204035e+01
      vertex   2.466660e+01 -1.750000e+01 3.221899e+01
    endloop
  endfacet
  facet normal -0.000000e+00 1.000000e+00 0.000000e+00
    outer loop
      vertex   2.466660e+01 -1.750000e+01 3.221899e+01
      vertex   2.474354e+01 -1.750000e+01 3.240903e+01
      vertex   2.772505e+01 -1.750000e+01 2.491320e+01
    endloop
  endfacet
  facet normal 0.000000e+00 1.000000e+00 0.000000e+00
    outer loop
      vertex   2.772505e+01 -1.750000e+01 2.491320e+01
      vertex   2.474354e+01 -1.750000e+01 3.240903e+01
      vertex   2.479554e+01 -1.750000e+01 3.260735e+01
    endloop
  endfacet
  facet normal 0.000000e+00 1.000000e+00 0.000000e+00
    outer loop
      vertex   2.772505e+01 -1.750000e+01 2.491320e+01
      vertex   2.479554e+01 -1.750000e+01 3.260735e+01
      vertex   2.482176e+01 -1.750000e+01 3.281069e+01
    endloop
  endfacet
  facet normal -0.000000e+00 1.000000e+00 0.000000e+00
    outer loop
      vertex   2.482176e+01 -1.750000e+01 3.281069e+01
      vertex   2.482176e+01 -1.750000e+01 3.301572e+01
      vertex   2.772505e+01 -1.750000e+01 2.491320e+01
    endloop
  endfacet
  facet normal 0.000000e+00 1.000000e+00 0.000000e+00
    outer loop
      vertex   2.772505e+01 -1.750000e+01 2.491320e+01
      vertex   2.482176e+01 -1.750000e+01 3.301572e+01
      vertex   2.479554e+01 -1.750000e+01 3.321906e+01
    endloop
  endfacet
  facet normal 0.000000e+00 1.000000e+00 0.000000e+00
    outer loop
      vertex   2.772505e+01 -1.750000e+01 2.491320e+01
      vertex   2.479554e+01 -1.750000e+01 3.321906e+01
      vertex   2.479554e+01 -1.750000e+01 4.760735e+01
    endloop
  endfacet
  facet normal 0.000000e+00 1.000000e+00 0.000000e+00
    outer loop
      vertex   2.479554e+01 -1.750000e+01 4.760735e+01
      vertex   2.479554e+01 -1.750000e+01 3.321906e+01
      vertex   2.474354e+01 -1.750000e+01 3.341738e+01
    endloop
  endfacet
  facet normal 0.000000e+00 1.000000e+00 0.000000e+00
    outer loop
      vertex   2.479554e+01 -1.750000e+01 4.760735e+01
      vertex   2.474354e+01 -1.750000e+01 3.341738e+01
      vertex   2.474354e+01 -1.750000e+01 4.740903e+01
    endloop
  endfacet
  facet normal 0.000000e+00 1.000000e+00 0.000000e+00
    outer loop
      vertex   2.474354e+01 -1.750000e+01 4.740903e+01
      vertex   2.474354e+01 -1.750000e+01 3.341738e+01
      vertex   2.466660e+01 -1.750000e+01 4.721899e+01
    endloop
  endfacet
  facet normal 0.000000e+00 1.000000e+00 0.000000e+00
    outer loop
      vertex   2.466660e+01 -1.750000e+01 4.721899e+01
      vertex   2.474354e+01 -1.750000e+01 3.341738e+01
      vertex   2.466660e+01 -1.750000e+01 3.360742e+01
    endloop
  endfacet
  facet normal 0.000000e+00 1.000000e+00 0.000000e+00
    outer loop
      vertex   2.466660e+01 -1.750000e+01 4.721899e+01
      vertex   2.466660e+01 -1.750000e+01 3.360742e+01
      vertex   2.456599e+01 -1.750000e+01 4.704035e+01
    endloop
  endfacet
  facet normal 0.000000e+00 1.000000e+00 0.000000e+00
    outer loop
      vertex   2.456599e+01 -1.750000e+01 4.704035e+01
      vertex   2.466660e+01 -1.750000e+01 3.360742e+01
      vertex   2.456599e+01 -1.750000e+01 3.378606e+01
    endloop
  endfacet
  facet normal 0.000000e+00 1.000000e+00 0.000000e+00
    outer loop
      vertex   2.456599e+01 -1.750000e+01 4.704035e+01
      vertex   2.456599e+01 -1.750000e+01 3.378606e+01
      vertex   2.444336e+01 -1.750000e+01 4.687604e+01
    endloop
  endfacet
  facet normal 0.000000e+00 1.000000e+00 0.000000e+00
    outer loop
      vertex   2.444336e+01 -1.750000e+01 4.687604e+01
      vertex   2.456599e+01 -1.750000e+01 3.378606e+01
      vertex   2.444336e+01 -1.750000e+01 3.395037e+01
    endloop
  endfacet
  facet normal 0.000000e+00 1.000000e+00 0.000000e+00
    outer loop
      vertex   2.444336e+01 -1.750000e+01 4.687604e+01
      vertex   2.444336e+01 -1.750000e+01 3.395037e+01
      vertex   2.430073e+01 -1.750000e+01 4.672876e+01
    endloop
  endfacet
  facet normal 0.000000e+00 1.000000e+00 0.000000e+00
    outer loop
      vertex   2.430073e+01 -1.750000e+01 4.672876e+01
      vertex   2.444336e+01 -1.750000e+01 3.395037e+01
      vertex   2.430073e+01 -1.750000e+01 3.409765e+01
    endloop
  endfacet
  facet normal 0.000000e+00 1.000000e+00 0.000000e+00
    outer loop
      vertex   2.430073e+01 -1.750000e+01 4.672876e+01
      vertex   2.430073e+01 -1.750000e+01 3.409765e+01
      vertex   2.414043e+01 -1.750000e+01 4.660093e+01
    endloop
  endfacet
  facet normal 0.000000e+00 1.000000e+00 0.000000e+00
    outer loop
      vertex   2.414043e+01 -1.750000e+01 4.660093e+01
      vertex   2.430073e+01 -1.750000e+01 3.409765e+01
      vertex   2.414043e+01 -1.750000e+01 3.422548e+01
    endloop
  endfacet
  facet normal 0.000000e+00 1.000000e+00 0.000000e+00
    outer loop
      vertex   2.414043e+01 -1.750000e+01 4.660093e+01
      vertex   2.414043e+01 -1.750000e+01 3.422548e+01
      vertex   2.396511e+01 -1.750000e+01 4.649465e+01
    endloop
  endfacet
  facet normal 0.000000e+00 1.000000e+00 0.000000e+00
    outer loop
      vertex   2.396511e+01 -1.750000e+01 4.649465e+01
      vertex   2.414043e+01 -1.750000e+01 3.422548e+01
      vertex   2.396511e+01 -1.750000e+01 3.433177e+01
    endloop
  endfacet
  facet normal 0.000000e+00 1.000000e+00 0.000000e+00
    outer loop
      vertex   2.396511e+01 -1.750000e+01 4.649465e+01
      vertex   2.396511e+01 -1.750000e+01 3.433177e+01
      vertex   2.377763e+01 -1.750000e+01 4.641166e+01
    endloop
  endfacet
  facet normal 0.000000e+00 1.000000e+00 0.000000e+00
    outer loop
      vertex   2.377763e+01 -1.750000e+01 4.641166e+01
      vertex   2.396511e+01 -1.750000e+01 3.433177e+01
      vertex   2.377763e+01 -1.750000e+01 3.441475e+01
    endloop
  endfacet
  facet normal 0.000000e+00 1.000000e+00 0.000000e+00
    outer loop
      vertex   2.377763e+01 -1.750000e+01 4.641166e+01
      vertex   2.377763e+01 -1.750000e+01 3.441475e+01
      vertex   2.358108e+01 -1.750000e+01 4.635332e+01
    endloop
  endfacet
  facet normal 0.000000e+00 1.000000e+00 0.000000e+00
    outer loop
      vertex   2.358108e+01 -1.750000e+01 4.635332e+01
      vertex   2.377763e+01 -1.750000e+01 3.441475e+01
      vertex   2.358108e+01 -1.750000e+01 3.447309e+01
    endloop
  endfacet
  facet normal 0.000000e+00 1.000000e+00 0.000000e+00
    outer loop
      vertex   2.358108e+01 -1.750000e+01 4.635332e+01
      vertex   2.358108e+01 -1.750000e+01 3.447309e+01
      vertex   2.337868e+01 -1.750000e+01 4.632060e+01
    endloop
  endfacet
  facet normal 0.000000e+00 1.000000e+00 0.000000e+00
    outer loop
      vertex   2.337868e+01 -1.750000e+01 4.632060e+01
      vertex   2.358108e+01 -1.750000e+01 3.447309e+01
      vertex   2.337868e+01 -1.750000e+01 3.450581e+01
    endloop
  endfacet
  facet normal 0.000000e+00 1.000000e+00 0.000000e+00
    outer loop
      vertex   2.337868e+01 -1.750000e+01 4.632060e+01
      vertex   2.337868e+01 -1.750000e+01 3.450581e+01
      vertex   2.317376e+01 -1.750000e+01 4.631402e+01
    endloop
  endfacet
  facet normal 0.000000e+00 1.000000e+00 0.000000e+00
    outer loop
      vertex   2.317376e+01 -1.750000e+01 4.631402e+01
      vertex   2.337868e+01 -1.750000e+01 3.450581e+01
      vertex   2.317376e+01 -1.750000e+01 3.451238e+01
    endloop
  endfacet
  facet normal 0.000000e+00 1.000000e+00 0.000000e+00
    outer loop
      vertex   2.317376e+01 -1.750000e+01 4.631402e+01
      vertex   2.317376e+01 -1.750000e+01 3.451238e+01
      vertex   2.296969e+01 -1.750000e+01 3.449270e+01
    endloop
  endfacet
  facet normal 0.000000e+00 1.000000e+00 0.000000e+00
    outer loop
      vertex   2.317376e+01 -1.750000e+01 4.631402e+01
      vertex   2.296969e+01 -1.750000e+01 3.449270e+01
      vertex   2.296969e+01 -1.750000e+01 4.633371e+01
    endloop
  endfacet
  facet normal 0.000000e+00 1.000000e+00 0.000000e+00
    outer loop
      vertex   2.296969e+01 -1.750000e+01 4.633371e+01
      vertex   2.296969e+01 -1.750000e+01 3.449270e+01
      vertex   2.276980e+01 -1.750000e+01 3.444707e+01
    endloop
  endfacet
  facet normal 0.000000e+00 1.000000e+00 0.000000e+00
    outer loop
      vertex   2.296969e+01 -1.750000e+01 4.633371e+01
      vertex   2.276980e+01 -1.750000e+01 3.444707e+01
      vertex   2.276980e+01 -1.750000e+01 4.637934e+01
    endloop
  endfacet
  facet normal 0.000000e+00 1.000000e+00 0.000000e+00
    outer loop
      vertex   2.276980e+01 -1.750000e+01 4.637934e+01
      vertex   2.276980e+01 -1.750000e+01 3.444707e+01
      vertex   2.257739e+01 -1.750000e+01 3.437626e+01
    endloop
  endfacet
  facet normal 0.000000e+00 1.000000e+00 0.000000e+00
    outer loop
      vertex   2.276980e+01 -1.750000e+01 4.637934e+01
      vertex   2.257739e+01 -1.750000e+01 3.437626e+01
      vertex   2.257739e+01 -1.750000e+01 4.645014e+01
    endloop
  endfacet
  facet normal 0.000000e+00 1.000000e+00 0.000000e+00
    outer loop
      vertex   2.257739e+01 -1.750000e+01 4.645014e+01
      vertex   2.257739e+01 -1.750000e+01 3.437626e+01
      vertex   2.239562e+01 -1.750000e+01 4.654498e+01
    endloop
  endfacet
  facet normal 0.000000e+00 1.000000e+00 0.000000e+00
    outer loop
      vertex   2.239562e+01 -1.750000e+01 4.654498e+01
      vertex   2.257739e+01 -1.750000e+01 3.437626e+01
      vertex   2.239562e+01 -1.750000e+01 3.428143e+01
    endloop
  endfacet
  facet normal 0.000000e+00 1.000000e+00 0.000000e+00
    outer loop
      vertex   2.239562e+01 -1.750000e+01 4.654498e+01
      vertex   2.239562e+01 -1.750000e+01 3.428143e+01
      vertex   2.222746e+01 -1.750000e+01 4.666227e+01
    endloop
  endfacet
  facet normal 0.000000e+00 1.000000e+00 0.000000e+00
    outer loop
      vertex   2.222746e+01 -1.750000e+01 4.666227e+01
      vertex   2.239562e+01 -1.750000e+01 3.428143e+01
      vertex   2.222746e+01 -1.750000e+01 3.416414e+01
    endloop
  endfacet
  facet normal 0.000000e+00 1.000000e+00 0.000000e+00
    outer loop
      vertex   2.222746e+01 -1.750000e+01 4.666227e+01
      vertex   2.222746e+01 -1.750000e+01 3.416414e+01
      vertex   1.772505e+01 -1.750000e+01 3.241320e+01
    endloop
  endfacet
  facet normal 0.000000e+00 1.000000e+00 0.000000e+00
    outer loop
      vertex   1.772505e+01 -1.750000e+01 3.241320e+01
      vertex   2.222746e+01 -1.750000e+01 3.416414e+01
      vertex   2.207569e+01 -1.750000e+01 3.402629e+01
    endloop
  endfacet
  facet normal 0.000000e+00 1.000000e+00 0.000000e+00
    outer loop
      vertex   1.772505e+01 -1.750000e+01 3.241320e+01
      vertex   2.207569e+01 -1.750000e+01 3.402629e+01
      vertex   2.194278e+01 -1.750000e+01 3.387018e+01
    endloop
  endfacet
  facet normal 0.000000e+00 1.000000e+00 0.000000e+00
    outer loop
      vertex   2.194278e+01 -1.750000e+01 3.387018e+01
      vertex   2.183094e+01 -1.750000e+01 3.369835e+01
      vertex   1.772505e+01 -1.750000e+01 3.241320e+01
    endloop
  endfacet
  facet normal 0.000000e+00 1.000000e+00 0.000000e+00
    outer loop
      vertex   1.772505e+01 -1.750000e+01 3.241320e+01
      vertex   2.183094e+01 -1.750000e+01 3.369835e+01
      vertex   2.174198e+01 -1.750000e+01 3.351363e+01
    endloop
  endfacet
  facet normal 0.000000e+00 1.000000e+00 0.000000e+00
    outer loop
      vertex   1.772505e+01 -1.750000e+01 3.241320e+01
      vertex   2.174198e+01 -1.750000e+01 3.351363e+01
      vertex   2.167737e+01 -1.750000e+01 3.331905e+01
    endloop
  endfacet
  facet normal 0.000000e+00 1.000000e+00 0.000000e+00
    outer loop
      vertex   2.167737e+01 -1.750000e+01 3.331905e+01
      vertex   2.163818e+01 -1.750000e+01 3.311781e+01
      vertex   1.772505e+01 -1.750000e+01 3.241320e+01
    endloop
  endfacet
  facet normal 0.000000e+00 1.000000e+00 0.000000e+00
    outer loop
      vertex   2.163818e+01 -1.750000e+01 4.811781e+01
      vertex   2.162505e+01 -1.750000e+01 4.791320e+01
      vertex   1.772505e+01 -1.750000e+01 5.591321e+01
    endloop
  endfacet
  facet normal 0.000000e+00 1.000000e+00 0.000000e+00
    outer loop
      vertex   1.772505e+01 -1.750000e+01 5.591321e+01
      vertex   2.162505e+01 -1.750000e+01 4.791320e+01
      vertex   2.163818e+01 -1.750000e+01 4.770860e+01
    endloop
  endfacet
  facet normal 0.000000e+00 1.000000e+00 0.000000e+00
    outer loop
      vertex   1.772505e+01 -1.750000e+01 5.591321e+01
      vertex   2.163818e+01 -1.750000e+01 4.770860e+01
      vertex   1.772505e+01 -1.750000e+01 3.241320e+01
    endloop
  endfacet
  facet normal 0.000000e+00 1.000000e+00 0.000000e+00
    outer loop
      vertex   1.772505e+01 -1.750000e+01 3.241320e+01
      vertex   2.163818e+01 -1.750000e+01 4.770860e+01
      vertex   2.167737e+01 -1.750000e+01 4.750735e+01
    endloop
  endfacet
  facet normal 0.000000e+00 1.000000e+00 0.000000e+00
    outer loop
      vertex   1.772505e+01 -1.750000e+01 3.241320e+01
      vertex   2.167737e+01 -1.750000e+01 4.750735e+01
      vertex   2.174198e+01 -1.750000e+01 4.731278e+01
    endloop
  endfacet
  facet normal 0.000000e+00 1.000000e+00 0.000000e+00
    outer loop
      vertex   2.174198e+01 -1.750000e+01 4.731278e+01
      vertex   2.183094e+01 -1.750000e+01 4.712806e+01
      vertex   1.772505e+01 -1.750000e+01 3.241320e+01
    endloop
  endfacet
  facet normal 0.000000e+00 1.000000e+00 0.000000e+00
    outer loop
      vertex   1.772505e+01 -1.750000e+01 3.241320e+01
      vertex   2.183094e+01 -1.750000e+01 4.712806e+01
      vertex   2.194278e+01 -1.750000e+01 4.695622e+01
    endloop
  endfacet
  facet normal 0.000000e+00 1.000000e+00 0.000000e+00
    outer loop
      vertex   1.772505e+01 -1.750000e+01 3.241320e+01
      vertex   2.194278e+01 -1.750000e+01 4.695622e+01
      vertex   2.207569e+01 -1.750000e+01 4.680011e+01
    endloop
  endfacet
  facet normal 0.000000e+00 1.000000e+00 0.000000e+00
    outer loop
      vertex   2.207569e+01 -1.750000e+01 4.680011e+01
      vertex   2.222746e+01 -1.750000e+01 4.666227e+01
      vertex   1.772505e+01 -1.750000e+01 3.241320e+01
    endloop
  endfacet
  facet normal 0.000000e+00 1.000000e+00 -0.000000e+00
    outer loop
      vertex   2.772505e+01 -1.750000e+01 2.491320e+01
      vertex   2.479554e+01 -1.750000e+01 4.760735e+01
      vertex   2.772505e+01 -1.750000e+01 5.591321e+01
    endloop
  endfacet
  facet normal 0.000000e+00 1.000000e+00 0.000000e+00
    outer loop
      vertex   2.772505e+01 -1.750000e+01 5.591321e+01
      vertex   2.479554e+01 -1.750000e+01 4.760735e+01
      vertex   2.482176e+01 -1.750000e+01 4.781069e+01
    endloop
  endfacet
  facet normal 0.000000e+00 1.000000e+00 0.000000e+00
    outer loop
      vertex   2.772505e+01 -1.750000e+01 5.591321e+01
      vertex   2.482176e+01 -1.750000e+01 4.781069e+01
      vertex   2.482176e+01 -1.750000e+01 4.801572e+01
    endloop
  endfacet
  facet normal 0.000000e+00 1.000000e+00 -0.000000e+00
    outer loop
      vertex   2.482176e+01 -1.750000e+01 4.801572e+01
      vertex   2.479554e+01 -1.750000e+01 4.821906e+01
      vertex   2.772505e+01 -1.750000e+01 5.591321e+01
    endloop
  endfacet
  facet normal 0.000000e+00 1.000000e+00 0.000000e+00
    outer loop
      vertex   2.772505e+01 -1.750000e+01 5.591321e+01
      vertex   2.479554e+01 -1.750000e+01 4.821906e+01
      vertex   2.474354e+01 -1.750000e+01 4.841738e+01
    endloop
  endfacet
  facet normal 0.000000e+00 1.000000e+00 0.000000e+00
    outer loop
      vertex   2.772505e+01 -1.750000e+01 5.591321e+01
      vertex   2.474354e+01 -1.750000e+01 4.841738e+01
      vertex   2.466660e+01 -1.750000e+01 4.860742e+01
    endloop
  endfacet
  facet normal 0.000000e+00 1.000000e+00 -0.000000e+00
    outer loop
      vertex   2.466660e+01 -1.750000e+01 4.860742e+01
      vertex   2.456599e+01 -1.750000e+01 4.878606e+01
      vertex   2.772505e+01 -1.750000e+01 5.591321e+01
    endloop
  endfacet
  facet normal 0.000000e+00 1.000000e+00 0.000000e+00
    outer loop
      vertex   2.772505e+01 -1.750000e+01 5.591321e+01
      vertex   2.456599e+01 -1.750000e+01 4.878606e+01
      vertex   2.444336e+01 -1.750000e+01 4.895037e+01
    endloop
  endfacet
  facet normal 0.000000e+00 1.000000e+00 0.000000e+00
    outer loop
      vertex   2.772505e+01 -1.750000e+01 5.591321e+01
      vertex   2.444336e+01 -1.750000e+01 4.895037e+01
      vertex   2.430073e+01 -1.750000e+01 4.909765e+01
    endloop
  endfacet
  facet normal 0.000000e+00 1.000000e+00 -0.000000e+00
    outer loop
      vertex   2.430073e+01 -1.750000e+01 4.909765e+01
      vertex   2.414043e+01 -1.750000e+01 4.922548e+01
      vertex   2.772505e+01 -1.750000e+01 5.591321e+01
    endloop
  endfacet
  facet normal 0.000000e+00 1.000000e+00 0.000000e+00
    outer loop
      vertex   2.772505e+01 -1.750000e+01 5.591321e+01
      vertex   2.414043e+01 -1.750000e+01 4.922548e+01
      vertex   2.396511e+01 -1.750000e+01 4.933177e+01
    endloop
  endfacet
  facet normal 0.000000e+00 1.000000e+00 0.000000e+00
    outer loop
      vertex   2.772505e+01 -1.750000e+01 5.591321e+01
      vertex   2.396511e+01 -1.750000e+01 4.933177e+01
      vertex   2.377763e+01 -1.750000e+01 4.941475e+01
    endloop
  endfacet
  facet normal 0.000000e+00 1.000000e+00 -0.000000e+00
    outer loop
      vertex   2.377763e+01 -1.750000e+01 4.941475e+01
      vertex   2.358108e+01 -1.750000e+01 4.947309e+01
      vertex   2.772505e+01 -1.750000e+01 5.591321e+01
    endloop
  endfacet
  facet normal 0.000000e+00 1.000000e+00 0.000000e+00
    outer loop
      vertex   2.772505e+01 -1.750000e+01 5.591321e+01
      vertex   2.358108e+01 -1.750000e+01 4.947309e+01
      vertex   2.337868e+01 -1.750000e+01 4.950581e+01
    endloop
  endfacet
  facet normal 0.000000e+00 1.000000e+00 0.000000e+00
    outer loop
      vertex   2.772505e+01 -1.750000e+01 5.591321e+01
      vertex   2.337868e+01 -1.750000e+01 4.950581e+01
      vertex   2.572505e+01 -1.750000e+01 5.791320e+01
    endloop
  endfacet
  facet normal 0.000000e+00 1.000000e+00 0.000000e+00
    outer loop
      vertex   2.572505e+01 -1.750000e+01 5.791320e+01
      vertex   2.337868e+01 -1.750000e+01 4.950581e+01
      vertex   2.317376e+01 -1.750000e+01 4.951238e+01
    endloop
  endfacet
  facet normal 0.000000e+00 1.000000e+00 0.000000e+00
    outer loop
      vertex   2.572505e+01 -1.750000e+01 5.791320e+01
      vertex   2.317376e+01 -1.750000e+01 4.951238e+01
      vertex   1.972505e+01 -1.750000e+01 5.791320e+01
    endloop
  endfacet
  facet normal 0.000000e+00 1.000000e+00 0.000000e+00
    outer loop
      vertex   1.972505e+01 -1.750000e+01 5.791320e+01
      vertex   2.317376e+01 -1.750000e+01 4.951238e+01
      vertex   2.296969e+01 -1.750000e+01 4.949269e+01
    endloop
  endfacet
  facet normal 0.000000e+00 1.000000e+00 0.000000e+00
    outer loop
      vertex   1.972505e+01 -1.750000e+01 5.791320e+01
      vertex   2.296969e+01 -1.750000e+01 4.949269e+01
      vertex   2.276980e+01 -1.750000e+01 4.944707e+01
    endloop
  endfacet
  facet normal 0.000000e+00 1.000000e+00 0.000000e+00
    outer loop
      vertex   1.972505e+01 -1.750000e+01 5.791320e+01
      vertex   2.276980e+01 -1.750000e+01 4.944707e+01
      vertex   1.772505e+01 -1.750000e+01 5.591321e+01
    endloop
  endfacet
  facet normal 0.000000e+00 1.000000e+00 0.000000e+00
    outer loop
      vertex   1.772505e+01 -1.750000e+01 5.591321e+01
      vertex   2.276980e+01 -1.750000e+01 4.944707e+01
      vertex   2.257739e+01 -1.750000e+01 4.937626e+01
    endloop
  endfacet
  facet normal 0.000000e+00 1.000000e+00 0.000000e+00
    outer loop
      vertex   1.772505e+01 -1.750000e+01 5.591321e+01
      vertex   2.257739e+01 -1.750000e+01 4.937626e+01
      vertex   2.239562e+01 -1.750000e+01 4.928144e+01
    endloop
  endfacet
  facet normal 0.000000e+00 1.000000e+00 0.000000e+00
    outer loop
      vertex   2.239562e+01 -1.750000e+01 4.928144e+01
      vertex   2.222746e+01 -1.750000e+01 4.916413e+01
      vertex   1.772505e+01 -1.750000e+01 5.591321e+01
    endloop
  endfacet
  facet normal 0.000000e+00 1.000000e+00 0.000000e+00
    outer loop
      vertex   1.772505e+01 -1.750000e+01 5.591321e+01
      vertex   2.222746e+01 -1.750000e+01 4.916413e+01
      vertex   2.207569e+01 -1.750000e+01 4.902629e+01
    endloop
  endfacet
  facet normal 0.000000e+00 1.000000e+00 0.000000e+00
    outer loop
      vertex   1.772505e+01 -1.750000e+01 5.591321e+01
      vertex   2.207569e+01 -1.750000e+01 4.902629e+01
      vertex   2.194278e+01 -1.750000e+01 4.887018e+01
    endloop
  endfacet
  facet normal 0.000000e+00 1.000000e+00 0.000000e+00
    outer loop
      vertex   2.194278e+01 -1.750000e+01 4.887018e+01
      vertex   2.183094e+01 -1.750000e+01 4.869835e+01
      vertex   1.772505e+01 -1.750000e+01 5.591321e+01
    endloop
  endfacet
  facet normal 0.000000e+00 1.000000e+00 0.000000e+00
    outer loop
      vertex   1.772505e+01 -1.750000e+01 5.591321e+01
      vertex   2.183094e+01 -1.750000e+01 4.869835e+01
      vertex   2.174198e+01 -1.750000e+01 4.851363e+01
    endloop
  endfacet
  facet normal 0.000000e+00 1.000000e+00 0.000000e+00
    outer loop
      vertex   1.772505e+01 -1.750000e+01 5.591321e+01
      vertex   2.174198e+01 -1.750000e+01 4.851363e+01
      vertex   2.167737e+01 -1.750000e+01 4.831905e+01
    endloop
  endfacet
  facet normal 0.000000e+00 1.000000e+00 0.000000e+00
    outer loop
      vertex   2.167737e+01 -1.750000e+01 4.831905e+01
      vertex   2.163818e+01 -1.750000e+01 4.811781e+01
      vertex   1.772505e+01 -1.750000e+01 5.591321e+01
    endloop
  endfacet
  facet normal 0.000000e+00 1.000000e+00 0.000000e+00
    outer loop
      vertex   -1.796377e+01 -1.750000e+01 1.050000e+01
      vertex   -1.805060e+01 -1.750000e+01 1.050760e+01
      vertex   -1.846377e+01 -1.750000e+01 1.100000e+01
    endloop
  endfacet
  facet normal 0.000000e+00 1.000000e+00 0.000000e+00
    outer loop
      vertex   -1.846377e+01 -1.750000e+01 1.100000e+01
      vertex   -1.805060e+01 -1.750000e+01 1.050760e+01
      vertex   -1.813478e+01 -1.750000e+01 1.053015e+01
    endloop
  endfacet
  facet normal 0.000000e+00 1.000000e+00 0.000000e+00
    outer loop
      vertex   -1.846377e+01 -1.750000e+01 1.100000e+01
      vertex   -1.813478e+01 -1.750000e+01 1.053015e+01
      vertex   -1.821377e+01 -1.750000e+01 1.056699e+01
    endloop
  endfacet
  facet normal 0.000000e+00 1.000000e+00 0.000000e+00
    outer loop
      vertex   -1.821377e+01 -1.750000e+01 1.056699e+01
      vertex   -1.828517e+01 -1.750000e+01 1.061698e+01
      vertex   -1.846377e+01 -1.750000e+01 1.100000e+01
    endloop
  endfacet
  facet normal 0.000000e+00 1.000000e+00 0.000000e+00
    outer loop
      vertex   -1.846377e+01 -1.750000e+01 1.100000e+01
      vertex   -1.828517e+01 -1.750000e+01 1.061698e+01
      vertex   -1.834680e+01 -1.750000e+01 1.067861e+01
    endloop
  endfacet
  facet normal 0.000000e+00 1.000000e+00 0.000000e+00
    outer loop
      vertex   -1.846377e+01 -1.750000e+01 1.100000e+01
      vertex   -1.834680e+01 -1.750000e+01 1.067861e+01
      vertex   -1.839679e+01 -1.750000e+01 1.075000e+01
    endloop
  endfacet
  facet normal 0.000000e+00 1.000000e+00 0.000000e+00
    outer loop
      vertex   -1.839679e+01 -1.750000e+01 1.075000e+01
      vertex   -1.843362e+01 -1.750000e+01 1.082899e+01
      vertex   -1.846377e+01 -1.750000e+01 1.100000e+01
    endloop
  endfacet
  facet normal 0.000000e+00 1.000000e+00 0.000000e+00
    outer loop
      vertex   -1.846377e+01 -1.750000e+01 1.100000e+01
      vertex   -1.843362e+01 -1.750000e+01 1.082899e+01
      vertex   -1.845618e+01 -1.750000e+01 1.091318e+01
    endloop
  endfacet
  facet normal -0.000000e+00 1.000000e+00 0.000000e+00
    outer loop
      vertex   -1.844543e+01 -1.750000e+01 1.856624e+01
      vertex   -1.842258e+01 -1.750000e+01 1.869982e+01
      vertex   -1.610922e+01 -1.750000e+01 1.685000e+01
    endloop
  endfacet
  facet normal 0.000000e+00 1.000000e+00 -0.000000e+00
    outer loop
      vertex   -1.610922e+01 -1.750000e+01 1.685000e+01
      vertex   -1.842258e+01 -1.750000e+01 1.869982e+01
      vertex   -1.033815e+01 -1.750000e+01 2.091321e+01
    endloop
  endfacet
  facet normal 0.000000e+00 1.000000e+00 0.000000e+00
    outer loop
      vertex   -1.066723e+01 -1.750000e+01 5.631704e+01
      vertex   -6.845449e+00 -1.750000e+01 5.115000e+01
      vertex   -1.842258e+01 -1.750000e+01 1.869982e+01
    endloop
  endfacet
  facet normal 0.000000e+00 1.000000e+00 0.000000e+00
    outer loop
      vertex   -1.842258e+01 -1.750000e+01 1.869982e+01
      vertex   -6.845449e+00 -1.750000e+01 5.115000e+01
      vertex   -9.585131e+00 -1.750000e+01 2.247687e+01
    endloop
  endfacet
  facet normal 0.000000e+00 1.000000e+00 0.000000e+00
    outer loop
      vertex   -1.842258e+01 -1.750000e+01 1.869982e+01
      vertex   -9.585131e+00 -1.750000e+01 2.247687e+01
      vertex   -9.752365e+00 -1.750000e+01 2.232742e+01
    endloop
  endfacet
  facet normal -0.000000e+00 1.000000e+00 0.000000e+00
    outer loop
      vertex   -1.052532e+01 -1.750000e+01 5.674918e+01
      vertex   -1.041848e+01 -1.750000e+01 5.695036e+01
      vertex   -8.490896e+00 -1.750000e+01 5.400000e+01
    endloop
  endfacet
  facet normal 0.000000e+00 1.000000e+00 0.000000e+00
    outer loop
      vertex   -8.490896e+00 -1.750000e+01 5.400000e+01
      vertex   -1.041848e+01 -1.750000e+01 5.695036e+01
      vertex   -1.028945e+01 -1.750000e+01 5.713809e+01
    endloop
  endfacet
  facet normal 0.000000e+00 1.000000e+00 0.000000e+00
    outer loop
      vertex   -8.490896e+00 -1.750000e+01 5.400000e+01
      vertex   -1.028945e+01 -1.750000e+01 5.713809e+01
      vertex   -1.013992e+01 -1.750000e+01 5.730992e+01
    endloop
  endfacet
  facet normal -0.000000e+00 1.000000e+00 0.000000e+00
    outer loop
      vertex   -1.013992e+01 -1.750000e+01 5.730992e+01
      vertex   -9.971813e+00 -1.750000e+01 5.746364e+01
      vertex   -8.490896e+00 -1.750000e+01 5.400000e+01
    endloop
  endfacet
  facet normal 0.000000e+00 1.000000e+00 0.000000e+00
    outer loop
      vertex   -8.490896e+00 -1.750000e+01 5.400000e+01
      vertex   -9.971813e+00 -1.750000e+01 5.746364e+01
      vertex   -9.787319e+00 -1.750000e+01 5.759724e+01
    endloop
  endfacet
  facet normal 0.000000e+00 1.000000e+00 0.000000e+00
    outer loop
      vertex   -8.490896e+00 -1.750000e+01 5.400000e+01
      vertex   -9.787319e+00 -1.750000e+01 5.759724e+01
      vertex   -9.588829e+00 -1.750000e+01 5.770900e+01
    endloop
  endfacet
  facet normal -0.000000e+00 1.000000e+00 0.000000e+00
    outer loop
      vertex   -9.588829e+00 -1.750000e+01 5.770900e+01
      vertex   -9.378918e+00 -1.750000e+01 5.779746e+01
      vertex   -8.490896e+00 -1.750000e+01 5.400000e+01
    endloop
  endfacet
  facet normal 0.000000e+00 1.000000e+00 0.000000e+00
    outer loop
      vertex   -8.490896e+00 -1.750000e+01 5.400000e+01
      vertex   -9.378918e+00 -1.750000e+01 5.779746e+01
      vertex   -9.160311e+00 -1.750000e+01 5.786149e+01
    endloop
  endfacet
  facet normal 0.000000e+00 1.000000e+00 0.000000e+00
    outer loop
      vertex   -8.490896e+00 -1.750000e+01 5.400000e+01
      vertex   -9.160311e+00 -1.750000e+01 5.786149e+01
      vertex   -8.935841e+00 -1.750000e+01 5.790023e+01
    endloop
  endfacet
  facet normal -0.000000e+00 1.000000e+00 0.000000e+00
    outer loop
      vertex   -8.935841e+00 -1.750000e+01 5.790023e+01
      vertex   -8.708420e+00 -1.750000e+01 5.791320e+01
      vertex   -8.490896e+00 -1.750000e+01 5.400000e+01
    endloop
  endfacet
  facet normal 0.000000e+00 1.000000e+00 0.000000e+00
    outer loop
      vertex   5.423491e+00 -1.750000e+01 3.205106e+01
      vertex   5.473316e+00 -1.750000e+01 3.184340e+01
      vertex   -8.338152e+00 -1.750000e+01 2.291320e+01
    endloop
  endfacet
  facet normal 0.000000e+00 1.000000e+00 0.000000e+00
    outer loop
      vertex   -8.338152e+00 -1.750000e+01 2.291320e+01
      vertex   5.473316e+00 -1.750000e+01 3.184340e+01
      vertex   5.544997e+00 -1.750000e+01 3.164225e+01
    endloop
  endfacet
  facet normal 0.000000e+00 1.000000e+00 0.000000e+00
    outer loop
      vertex   -8.338152e+00 -1.750000e+01 2.291320e+01
      vertex   5.544997e+00 -1.750000e+01 3.164225e+01
      vertex   5.637717e+00 -1.750000e+01 3.144988e+01
    endloop
  endfacet
  facet normal 0.000000e+00 1.000000e+00 0.000000e+00
    outer loop
      vertex   5.637717e+00 -1.750000e+01 3.144988e+01
      vertex   5.750419e+00 -1.750000e+01 3.126849e+01
      vertex   -8.338152e+00 -1.750000e+01 2.291320e+01
    endloop
  endfacet
  facet normal 0.000000e+00 1.000000e+00 0.000000e+00
    outer loop
      vertex   -8.338152e+00 -1.750000e+01 2.291320e+01
      vertex   5.750419e+00 -1.750000e+01 3.126849e+01
      vertex   5.881819e+00 -1.750000e+01 3.110016e+01
    endloop
  endfacet
  facet normal 0.000000e+00 1.000000e+00 0.000000e+00
    outer loop
      vertex   -8.338152e+00 -1.750000e+01 2.291320e+01
      vertex   5.881819e+00 -1.750000e+01 3.110016e+01
      vertex   6.030417e+00 -1.750000e+01 3.094679e+01
    endloop
  endfacet
  facet normal 0.000000e+00 1.000000e+00 0.000000e+00
    outer loop
      vertex   6.030417e+00 -1.750000e+01 3.094679e+01
      vertex   6.194521e+00 -1.750000e+01 3.081014e+01
      vertex   -8.338152e+00 -1.750000e+01 2.291320e+01
    endloop
  endfacet
  facet normal 0.000000e+00 1.000000e+00 0.000000e+00
    outer loop
      vertex   -8.338152e+00 -1.750000e+01 2.291320e+01
      vertex   6.194521e+00 -1.750000e+01 3.081014e+01
      vertex   6.372258e+00 -1.750000e+01 3.069177e+01
    endloop
  endfacet
  facet normal 0.000000e+00 1.000000e+00 0.000000e+00
    outer loop
      vertex   -8.338152e+00 -1.750000e+01 2.291320e+01
      vertex   6.372258e+00 -1.750000e+01 3.069177e+01
      vertex   6.561604e+00 -1.750000e+01 3.059303e+01
    endloop
  endfacet
  facet normal 0.000000e+00 1.000000e+00 0.000000e+00
    outer loop
      vertex   6.561604e+00 -1.750000e+01 3.059303e+01
      vertex   6.760398e+00 -1.750000e+01 3.051503e+01
      vertex   -8.338152e+00 -1.750000e+01 2.291320e+01
    endloop
  endfacet
  facet normal 0.000000e+00 1.000000e+00 0.000000e+00
    outer loop
      vertex   -8.338152e+00 -1.750000e+01 2.291320e+01
      vertex   6.760398e+00 -1.750000e+01 3.051503e+01
      vertex   6.966375e+00 -1.750000e+01 3.045868e+01
    endloop
  endfacet
  facet normal 0.000000e+00 1.000000e+00 0.000000e+00
    outer loop
      vertex   -8.338152e+00 -1.750000e+01 2.291320e+01
      vertex   6.966375e+00 -1.750000e+01 3.045868e+01
      vertex   7.177187e+00 -1.750000e+01 3.042460e+01
    endloop
  endfacet
  facet normal 0.000000e+00 1.000000e+00 0.000000e+00
    outer loop
      vertex   7.177187e+00 -1.750000e+01 3.042460e+01
      vertex   7.390431e+00 -1.750000e+01 3.041320e+01
      vertex   -8.338152e+00 -1.750000e+01 2.291320e+01
    endloop
  endfacet
  facet normal 0.000000e+00 1.000000e+00 0.000000e+00
    outer loop
      vertex   -8.338152e+00 -1.750000e+01 2.291320e+01
      vertex   7.390431e+00 -1.750000e+01 3.041320e+01
      vertex   2.572505e+01 -1.750000e+01 2.291320e+01
    endloop
  endfacet
  facet normal 0.000000e+00 1.000000e+00 0.000000e+00
    outer loop
      vertex   2.572505e+01 -1.750000e+01 2.291320e+01
      vertex   7.390431e+00 -1.750000e+01 3.041320e+01
      vertex   1.572505e+01 -1.750000e+01 3.041320e+01
    endloop
  endfacet
  facet normal 0.000000e+00 1.000000e+00 0.000000e+00
    outer loop
      vertex   2.572505e+01 -1.750000e+01 2.291320e+01
      vertex   1.572505e+01 -1.750000e+01 3.041320e+01
      vertex   1.594898e+01 -1.750000e+01 3.042578e+01
    endloop
  endfacet
  facet normal -0.000000e+00 1.000000e+00 0.000000e+00
    outer loop
      vertex   1.594898e+01 -1.750000e+01 3.042578e+01
      vertex   1.617009e+01 -1.750000e+01 3.046335e+01
      vertex   2.572505e+01 -1.750000e+01 2.291320e+01
    endloop
  endfacet
  facet normal 0.000000e+00 1.000000e+00 0.000000e+00
    outer loop
      vertex   2.572505e+01 -1.750000e+01 2.291320e+01
      vertex   1.617009e+01 -1.750000e+01 3.046335e+01
      vertex   1.638561e+01 -1.750000e+01 3.052544e+01
    endloop
  endfacet
  facet normal 0.000000e+00 1.000000e+00 0.000000e+00
    outer loop
      vertex   2.572505e+01 -1.750000e+01 2.291320e+01
      vertex   1.638561e+01 -1.750000e+01 3.052544e+01
      vertex   1.659281e+01 -1.750000e+01 3.061127e+01
    endloop
  endfacet
  facet normal -0.000000e+00 1.000000e+00 0.000000e+00
    outer loop
      vertex   1.659281e+01 -1.750000e+01 3.061127e+01
      vertex   1.678911e+01 -1.750000e+01 3.071975e+01
      vertex   2.572505e+01 -1.750000e+01 2.291320e+01
    endloop
  endfacet
  facet normal 0.000000e+00 1.000000e+00 0.000000e+00
    outer loop
      vertex   2.572505e+01 -1.750000e+01 2.291320e+01
      vertex   1.678911e+01 -1.750000e+01 3.071975e+01
      vertex   1.697203e+01 -1.750000e+01 3.084954e+01
    endloop
  endfacet
  facet normal -0.000000e+00 1.000000e+00 0.000000e+00
    outer loop
      vertex   1.773762e+01 -1.750000e+01 5.613713e+01
      vertex   1.777519e+01 -1.750000e+01 5.635825e+01
      vertex   1.772505e+01 -1.750000e+01 5.591321e+01
    endloop
  endfacet
  facet normal 0.000000e+00 1.000000e+00 0.000000e+00
    outer loop
      vertex   1.772505e+01 -1.750000e+01 5.591321e+01
      vertex   1.777519e+01 -1.750000e+01 5.635825e+01
      vertex   1.783728e+01 -1.750000e+01 5.657376e+01
    endloop
  endfacet
  facet normal 0.000000e+00 1.000000e+00 0.000000e+00
    outer loop
      vertex   1.772505e+01 -1.750000e+01 5.591321e+01
      vertex   1.783728e+01 -1.750000e+01 5.657376e+01
      vertex   1.792311e+01 -1.750000e+01 5.678097e+01
    endloop
  endfacet
  facet normal -0.000000e+00 1.000000e+00 0.000000e+00
    outer loop
      vertex   1.792311e+01 -1.750000e+01 5.678097e+01
      vertex   1.803160e+01 -1.750000e+01 5.697727e+01
      vertex   1.772505e+01 -1.750000e+01 5.591321e+01
    endloop
  endfacet
  facet normal 0.000000e+00 1.000000e+00 0.000000e+00
    outer loop
      vertex   1.772505e+01 -1.750000e+01 5.591321e+01
      vertex   1.803160e+01 -1.750000e+01 5.697727e+01
      vertex   1.816139e+01 -1.750000e+01 5.716018e+01
    endloop
  endfacet
  facet normal 0.000000e+00 1.000000e+00 0.000000e+00
    outer loop
      vertex   1.772505e+01 -1.750000e+01 5.591321e+01
      vertex   1.816139e+01 -1.750000e+01 5.716018e+01
      vertex   1.831083e+01 -1.750000e+01 5.732742e+01
    endloop
  endfacet
  facet normal -0.000000e+00 1.000000e+00 0.000000e+00
    outer loop
      vertex   1.831083e+01 -1.750000e+01 5.732742e+01
      vertex   1.847807e+01 -1.750000e+01 5.747687e+01
      vertex   1.772505e+01 -1.750000e+01 5.591321e+01
    endloop
  endfacet
  facet normal 0.000000e+00 1.000000e+00 0.000000e+00
    outer loop
      vertex   1.772505e+01 -1.750000e+01 5.591321e+01
      vertex   1.847807e+01 -1.750000e+01 5.747687e+01
      vertex   1.866098e+01 -1.750000e+01 5.760665e+01
    endloop
  endfacet
  facet normal 0.000000e+00 1.000000e+00 0.000000e+00
    outer loop
      vertex   1.772505e+01 -1.750000e+01 5.591321e+01
      vertex   1.866098e+01 -1.750000e+01 5.760665e+01
      vertex   1.885728e+01 -1.750000e+01 5.771514e+01
    endloop
  endfacet
  facet normal -0.000000e+00 1.000000e+00 0.000000e+00
    outer loop
      vertex   1.885728e+01 -1.750000e+01 5.771514e+01
      vertex   1.906449e+01 -1.750000e+01 5.780097e+01
      vertex   1.772505e+01 -1.750000e+01 5.591321e+01
    endloop
  endfacet
  facet normal 0.000000e+00 1.000000e+00 0.000000e+00
    outer loop
      vertex   1.772505e+01 -1.750000e+01 5.591321e+01
      vertex   1.906449e+01 -1.750000e+01 5.780097e+01
      vertex   1.928000e+01 -1.750000e+01 5.786306e+01
    endloop
  endfacet
  facet normal 0.000000e+00 1.000000e+00 0.000000e+00
    outer loop
      vertex   1.772505e+01 -1.750000e+01 5.591321e+01
      vertex   1.928000e+01 -1.750000e+01 5.786306e+01
      vertex   1.950112e+01 -1.750000e+01 5.790063e+01
    endloop
  endfacet
  facet normal -0.000000e+00 1.000000e+00 0.000000e+00
    outer loop
      vertex   1.950112e+01 -1.750000e+01 5.790063e+01
      vertex   1.972505e+01 -1.750000e+01 5.791320e+01
      vertex   1.772505e+01 -1.750000e+01 5.591321e+01
    endloop
  endfacet
  facet normal 0.000000e+00 1.000000e+00 0.000000e+00
    outer loop
      vertex   2.572505e+01 -1.750000e+01 5.791320e+01
      vertex   2.594898e+01 -1.750000e+01 5.790063e+01
      vertex   2.772505e+01 -1.750000e+01 5.591321e+01
    endloop
  endfacet
  facet normal 0.000000e+00 1.000000e+00 0.000000e+00
    outer loop
      vertex   2.772505e+01 -1.750000e+01 5.591321e+01
      vertex   2.594898e+01 -1.750000e+01 5.790063e+01
      vertex   2.617009e+01 -1.750000e+01 5.786306e+01
    endloop
  endfacet
  facet normal 0.000000e+00 1.000000e+00 0.000000e+00
    outer loop
      vertex   2.772505e+01 -1.750000e+01 5.591321e+01
      vertex   2.617009e+01 -1.750000e+01 5.786306e+01
      vertex   2.638561e+01 -1.750000e+01 5.780097e+01
    endloop
  endfacet
  facet normal 0.000000e+00 1.000000e+00 0.000000e+00
    outer loop
      vertex   2.638561e+01 -1.750000e+01 5.780097e+01
      vertex   2.659281e+01 -1.750000e+01 5.771514e+01
      vertex   2.772505e+01 -1.750000e+01 5.591321e+01
    endloop
  endfacet
  facet normal 0.000000e+00 1.000000e+00 0.000000e+00
    outer loop
      vertex   2.772505e+01 -1.750000e+01 5.591321e+01
      vertex   2.659281e+01 -1.750000e+01 5.771514e+01
      vertex   2.678911e+01 -1.750000e+01 5.760665e+01
    endloop
  endfacet
  facet normal 0.000000e+00 1.000000e+00 0.000000e+00
    outer loop
      vertex   2.772505e+01 -1.750000e+01 5.591321e+01
      vertex   2.678911e+01 -1.750000e+01 5.760665e+01
      vertex   2.697203e+01 -1.750000e+01 5.747687e+01
    endloop
  endfacet
  facet normal 0.000000e+00 1.000000e+00 0.000000e+00
    outer loop
      vertex   2.697203e+01 -1.750000e+01 5.747687e+01
      vertex   2.713926e+01 -1.750000e+01 5.732742e+01
      vertex   2.772505e+01 -1.750000e+01 5.591321e+01
    endloop
  endfacet
  facet normal 0.000000e+00 1.000000e+00 0.000000e+00
    outer loop
      vertex   2.772505e+01 -1.750000e+01 5.591321e+01
      vertex   2.713926e+01 -1.750000e+01 5.732742e+01
      vertex   2.728871e+01 -1.750000e+01 5.716018e+01
    endloop
  endfacet
  facet normal 0.000000e+00 1.000000e+00 0.000000e+00
    outer loop
      vertex   2.772505e+01 -1.750000e+01 5.591321e+01
      vertex   2.728871e+01 -1.750000e+01 5.716018e+01
      vertex   2.741849e+01 -1.750000e+01 5.697727e+01
    endloop
  endfacet
  facet normal 0.000000e+00 1.000000e+00 0.000000e+00
    outer loop
      vertex   2.741849e+01 -1.750000e+01 5.697727e+01
      vertex   2.752698e+01 -1.750000e+01 5.678097e+01
      vertex   2.772505e+01 -1.750000e+01 5.591321e+01
    endloop
  endfacet
  facet normal 0.000000e+00 1.000000e+00 0.000000e+00
    outer loop
      vertex   2.772505e+01 -1.750000e+01 5.591321e+01
      vertex   2.752698e+01 -1.750000e+01 5.678097e+01
      vertex   2.761281e+01 -1.750000e+01 5.657376e+01
    endloop
  endfacet
  facet normal 0.000000e+00 1.000000e+00 0.000000e+00
    outer loop
      vertex   2.772505e+01 -1.750000e+01 5.591321e+01
      vertex   2.761281e+01 -1.750000e+01 5.657376e+01
      vertex   2.767490e+01 -1.750000e+01 5.635825e+01
    endloop
  endfacet
  facet normal 0.000000e+00 1.000000e+00 0.000000e+00
    outer loop
      vertex   2.767490e+01 -1.750000e+01 5.635825e+01
      vertex   2.771247e+01 -1.750000e+01 5.613713e+01
      vertex   2.772505e+01 -1.750000e+01 5.591321e+01
    endloop
  endfacet
  facet normal 0.000000e+00 1.000000e+00 -0.000000e+00
    outer loop
      vertex   2.771247e+01 -1.750000e+01 2.468928e+01
      vertex   2.767490e+01 -1.750000e+01 2.446816e+01
      vertex   2.772505e+01 -1.750000e+01 2.491320e+01
    endloop
  endfacet
  facet normal 0.000000e+00 1.000000e+00 0.000000e+00
    outer loop
      vertex   2.772505e+01 -1.750000e+01 2.491320e+01
      vertex   2.767490e+01 -1.750000e+01 2.446816e+01
      vertex   2.761281e+01 -1.750000e+01 2.425265e+01
    endloop
  endfacet
  facet normal 0.000000e+00 1.000000e+00 0.000000e+00
    outer loop
      vertex   2.772505e+01 -1.750000e+01 2.491320e+01
      vertex   2.761281e+01 -1.750000e+01 2.425265e+01
      vertex   2.752698e+01 -1.750000e+01 2.404544e+01
    endloop
  endfacet
  facet normal 0.000000e+00 1.000000e+00 -0.000000e+00
    outer loop
      vertex   2.752698e+01 -1.750000e+01 2.404544e+01
      vertex   2.741849e+01 -1.750000e+01 2.384914e+01
      vertex   2.772505e+01 -1.750000e+01 2.491320e+01
    endloop
  endfacet
  facet normal 0.000000e+00 1.000000e+00 0.000000e+00
    outer loop
      vertex   2.772505e+01 -1.750000e+01 2.491320e+01
      vertex   2.741849e+01 -1.750000e+01 2.384914e+01
      vertex   2.728871e+01 -1.750000e+01 2.366622e+01
    endloop
  endfacet
  facet normal 0.000000e+00 1.000000e+00 0.000000e+00
    outer loop
      vertex   2.772505e+01 -1.750000e+01 2.491320e+01
      vertex   2.728871e+01 -1.750000e+01 2.366622e+01
      vertex   2.713926e+01 -1.750000e+01 2.349899e+01
    endloop
  endfacet
  facet normal 0.000000e+00 1.000000e+00 -0.000000e+00
    outer loop
      vertex   2.713926e+01 -1.750000e+01 2.349899e+01
      vertex   2.697203e+01 -1.750000e+01 2.334954e+01
      vertex   2.772505e+01 -1.750000e+01 2.491320e+01
    endloop
  endfacet
  facet normal 0.000000e+00 1.000000e+00 0.000000e+00
    outer loop
      vertex   2.772505e+01 -1.750000e+01 2.491320e+01
      vertex   2.697203e+01 -1.750000e+01 2.334954e+01
      vertex   2.678911e+01 -1.750000e+01 2.321975e+01
    endloop
  endfacet
  facet normal 0.000000e+00 1.000000e+00 0.000000e+00
    outer loop
      vertex   2.772505e+01 -1.750000e+01 2.491320e+01
      vertex   2.678911e+01 -1.750000e+01 2.321975e+01
      vertex   2.659281e+01 -1.750000e+01 2.311127e+01
    endloop
  endfacet
  facet normal 0.000000e+00 1.000000e+00 -0.000000e+00
    outer loop
      vertex   2.659281e+01 -1.750000e+01 2.311127e+01
      vertex   2.638561e+01 -1.750000e+01 2.302544e+01
      vertex   2.772505e+01 -1.750000e+01 2.491320e+01
    endloop
  endfacet
  facet normal 0.000000e+00 1.000000e+00 0.000000e+00
    outer loop
      vertex   2.772505e+01 -1.750000e+01 2.491320e+01
      vertex   2.638561e+01 -1.750000e+01 2.302544e+01
      vertex   2.617009e+01 -1.750000e+01 2.296335e+01
    endloop
  endfacet
  facet normal 0.000000e+00 1.000000e+00 0.000000e+00
    outer loop
      vertex   2.772505e+01 -1.750000e+01 2.491320e+01
      vertex   2.617009e+01 -1.750000e+01 2.296335e+01
      vertex   2.594898e+01 -1.750000e+01 2.292578e+01
    endloop
  endfacet
  facet normal 0.000000e+00 1.000000e+00 -0.000000e+00
    outer loop
      vertex   2.594898e+01 -1.750000e+01 2.292578e+01
      vertex   2.572505e+01 -1.750000e+01 2.291320e+01
      vertex   2.772505e+01 -1.750000e+01 2.491320e+01
    endloop
  endfacet
  facet normal 0.000000e+00 1.000000e+00 -0.000000e+00
    outer loop
      vertex   -8.562080e+00 -1.750000e+01 2.290063e+01
      vertex   -8.783194e+00 -1.750000e+01 2.286306e+01
      vertex   -6.845449e+00 -1.750000e+01 5.115000e+01
    endloop
  endfacet
  facet normal 0.000000e+00 1.000000e+00 0.000000e+00
    outer loop
      vertex   -6.845449e+00 -1.750000e+01 5.115000e+01
      vertex   -8.783194e+00 -1.750000e+01 2.286306e+01
      vertex   -8.998710e+00 -1.750000e+01 2.280097e+01
    endloop
  endfacet
  facet normal 0.000000e+00 1.000000e+00 0.000000e+00
    outer loop
      vertex   -6.845449e+00 -1.750000e+01 5.115000e+01
      vertex   -8.998710e+00 -1.750000e+01 2.280097e+01
      vertex   -9.205920e+00 -1.750000e+01 2.271514e+01
    endloop
  endfacet
  facet normal 0.000000e+00 1.000000e+00 -0.000000e+00
    outer loop
      vertex   -9.205920e+00 -1.750000e+01 2.271514e+01
      vertex   -9.402216e+00 -1.750000e+01 2.260665e+01
      vertex   -6.845449e+00 -1.750000e+01 5.115000e+01
    endloop
  endfacet
  facet normal 0.000000e+00 1.000000e+00 0.000000e+00
    outer loop
      vertex   -6.845449e+00 -1.750000e+01 5.115000e+01
      vertex   -9.402216e+00 -1.750000e+01 2.260665e+01
      vertex   -9.585131e+00 -1.750000e+01 2.247687e+01
    endloop
  endfacet
  facet normal 0.000000e+00 1.000000e+00 0.000000e+00
    outer loop
      vertex   -9.752365e+00 -1.750000e+01 2.232742e+01
      vertex   -9.901814e+00 -1.750000e+01 2.216018e+01
      vertex   -1.842258e+01 -1.750000e+01 1.869982e+01
    endloop
  endfacet
  facet normal 0.000000e+00 1.000000e+00 0.000000e+00
    outer loop
      vertex   -1.842258e+01 -1.750000e+01 1.869982e+01
      vertex   -9.901814e+00 -1.750000e+01 2.216018e+01
      vertex   -1.003160e+01 -1.750000e+01 2.197727e+01
    endloop
  endfacet
  facet normal 0.000000e+00 1.000000e+00 0.000000e+00
    outer loop
      vertex   -1.842258e+01 -1.750000e+01 1.869982e+01
      vertex   -1.003160e+01 -1.750000e+01 2.197727e+01
      vertex   -1.014009e+01 -1.750000e+01 2.178097e+01
    endloop
  endfacet
  facet normal 0.000000e+00 1.000000e+00 0.000000e+00
    outer loop
      vertex   -1.014009e+01 -1.750000e+01 2.178097e+01
      vertex   -1.022592e+01 -1.750000e+01 2.157376e+01
      vertex   -1.842258e+01 -1.750000e+01 1.869982e+01
    endloop
  endfacet
  facet normal 0.000000e+00 1.000000e+00 0.000000e+00
    outer loop
      vertex   -1.842258e+01 -1.750000e+01 1.869982e+01
      vertex   -1.022592e+01 -1.750000e+01 2.157376e+01
      vertex   -1.028801e+01 -1.750000e+01 2.135825e+01
    endloop
  endfacet
  facet normal 0.000000e+00 1.000000e+00 0.000000e+00
    outer loop
      vertex   -1.842258e+01 -1.750000e+01 1.869982e+01
      vertex   -1.028801e+01 -1.750000e+01 2.135825e+01
      vertex   -1.032558e+01 -1.750000e+01 2.113713e+01
    endloop
  endfacet
  facet normal 0.000000e+00 1.000000e+00 0.000000e+00
    outer loop
      vertex   -1.032558e+01 -1.750000e+01 2.113713e+01
      vertex   -1.033815e+01 -1.750000e+01 2.091321e+01
      vertex   -1.842258e+01 -1.750000e+01 1.869982e+01
    endloop
  endfacet
  facet normal 0.000000e+00 1.000000e+00 -0.000000e+00
    outer loop
      vertex   -1.034575e+01 -1.750000e+01 1.091318e+01
      vertex   -1.036831e+01 -1.750000e+01 1.082899e+01
      vertex   -1.033815e+01 -1.750000e+01 1.100000e+01
    endloop
  endfacet
  facet normal 0.000000e+00 1.000000e+00 0.000000e+00
    outer loop
      vertex   -1.033815e+01 -1.750000e+01 1.100000e+01
      vertex   -1.036831e+01 -1.750000e+01 1.082899e+01
      vertex   -1.040514e+01 -1.750000e+01 1.075000e+01
    endloop
  endfacet
  facet normal 0.000000e+00 1.000000e+00 0.000000e+00
    outer loop
      vertex   -1.033815e+01 -1.750000e+01 1.100000e+01
      vertex   -1.040514e+01 -1.750000e+01 1.075000e+01
      vertex   -1.045513e+01 -1.750000e+01 1.067861e+01
    endloop
  endfacet
  facet normal 0.000000e+00 1.000000e+00 -0.000000e+00
    outer loop
      vertex   -1.045513e+01 -1.750000e+01 1.067861e+01
      vertex   -1.051676e+01 -1.750000e+01 1.061698e+01
      vertex   -1.033815e+01 -1.750000e+01 1.100000e+01
    endloop
  endfacet
  facet normal 0.000000e+00 1.000000e+00 0.000000e+00
    outer loop
      vertex   -1.033815e+01 -1.750000e+01 1.100000e+01
      vertex   -1.051676e+01 -1.750000e+01 1.061698e+01
      vertex   -1.058815e+01 -1.750000e+01 1.056699e+01
    endloop
  endfacet
  facet normal 0.000000e+00 1.000000e+00 0.000000e+00
    outer loop
      vertex   -1.033815e+01 -1.750000e+01 1.100000e+01
      vertex   -1.058815e+01 -1.750000e+01 1.056699e+01
      vertex   -1.066714e+01 -1.750000e+01 1.053015e+01
    endloop
  endfacet
  facet normal 0.000000e+00 1.000000e+00 -0.000000e+00
    outer loop
      vertex   -1.066714e+01 -1.750000e+01 1.053015e+01
      vertex   -1.075133e+01 -1.750000e+01 1.050760e+01
      vertex   -1.033815e+01 -1.750000e+01 1.100000e+01
    endloop
  endfacet
  facet normal 0.000000e+00 1.000000e+00 0.000000e+00
    outer loop
      vertex   -1.033815e+01 -1.750000e+01 1.100000e+01
      vertex   -1.075133e+01 -1.750000e+01 1.050760e+01
      vertex   -1.083815e+01 -1.750000e+01 1.050000e+01
    endloop
  endfacet
  facet normal 9.961949e-01 0.000000e+00 -8.715372e-02
    outer loop
      vertex   -1.034575e+01 -2.250000e+01 1.091318e+01
      vertex   -1.034575e+01 -2.083333e+01 1.091318e+01
      vertex   -1.033815e+01 -2.250000e+01 1.100000e+01
    endloop
  endfacet
  facet normal 9.961949e-01 0.000000e+00 -8.715372e-02
    outer loop
      vertex   -1.033815e+01 -2.250000e+01 1.100000e+01
      vertex   -1.034575e+01 -2.083333e+01 1.091318e+01
      vertex   -1.034575e+01 -1.916667e+01 1.091318e+01
    endloop
  endfacet
  facet normal 9.961949e-01 0.000000e+00 -8.715372e-02
    outer loop
      vertex   -1.033815e+01 -2.250000e+01 1.100000e+01
      vertex   -1.034575e+01 -1.916667e+01 1.091318e+01
      vertex   -1.033815e+01 -1.750000e+01 1.100000e+01
    endloop
  endfacet
  facet normal 9.961949e-01 0.000000e+00 -8.715372e-02
    outer loop
      vertex   -1.033815e+01 -1.750000e+01 1.100000e+01
      vertex   -1.034575e+01 -1.916667e+01 1.091318e+01
      vertex   -1.034575e+01 -1.750000e+01 1.091318e+01
    endloop
  endfacet
  facet normal 9.659244e-01 0.000000e+00 -2.588245e-01
    outer loop
      vertex   -1.034575e+01 -1.750000e+01 1.091318e+01
      vertex   -1.034575e+01 -1.916667e+01 1.091318e+01
      vertex   -1.036831e+01 -1.750000e+01 1.082899e+01
    endloop
  endfacet
  facet normal 9.659244e-01 0.000000e+00 -2.588245e-01
    outer loop
      vertex   -1.036831e+01 -1.750000e+01 1.082899e+01
      vertex   -1.034575e+01 -1.916667e+01 1.091318e+01
      vertex   -1.036831e+01 -1.916667e+01 1.082899e+01
    endloop
  endfacet
  facet normal 9.063078e-01 0.000000e+00 -4.226181e-01
    outer loop
      vertex   -1.036831e+01 -1.750000e+01 1.082899e+01
      vertex   -1.036831e+01 -1.916667e+01 1.082899e+01
      vertex   -1.040514e+01 -1.750000e+01 1.075000e+01
    endloop
  endfacet
  facet normal 9.063078e-01 0.000000e+00 -4.226181e-01
    outer loop
      vertex   -1.040514e+01 -1.750000e+01 1.075000e+01
      vertex   -1.036831e+01 -1.916667e+01 1.082899e+01
      vertex   -1.040514e+01 -1.916667e+01 1.075000e+01
    endloop
  endfacet
  facet normal 8.191548e-01 0.000000e+00 -5.735725e-01
    outer loop
      vertex   -1.040514e+01 -1.750000e+01 1.075000e+01
      vertex   -1.040514e+01 -1.916667e+01 1.075000e+01
      vertex   -1.045513e+01 -1.750000e+01 1.067861e+01
    endloop
  endfacet
  facet normal 8.191548e-01 0.000000e+00 -5.735725e-01
    outer loop
      vertex   -1.045513e+01 -1.750000e+01 1.067861e+01
      vertex   -1.040514e+01 -1.916667e+01 1.075000e+01
      vertex   -1.045513e+01 -1.916667e+01 1.067861e+01
    endloop
  endfacet
  facet normal 7.071068e-01 0.000000e+00 -7.071068e-01
    outer loop
      vertex   -1.045513e+01 -1.750000e+01 1.067861e+01
      vertex   -1.045513e+01 -1.916667e+01 1.067861e+01
      vertex   -1.051676e+01 -1.750000e+01 1.061698e+01
    endloop
  endfacet
  facet normal 7.071068e-01 0.000000e+00 -7.071068e-01
    outer loop
      vertex   -1.051676e+01 -1.750000e+01 1.061698e+01
      vertex   -1.045513e+01 -1.916667e+01 1.067861e+01
      vertex   -1.051676e+01 -1.916667e+01 1.061698e+01
    endloop
  endfacet
  facet normal 5.735725e-01 0.000000e+00 -8.191548e-01
    outer loop
      vertex   -1.051676e+01 -1.750000e+01 1.061698e+01
      vertex   -1.051676e+01 -1.916667e+01 1.061698e+01
      vertex   -1.058815e+01 -1.750000e+01 1.056699e+01
    endloop
  endfacet
  facet normal 5.735725e-01 0.000000e+00 -8.191548e-01
    outer loop
      vertex   -1.058815e+01 -1.750000e+01 1.056699e+01
      vertex   -1.051676e+01 -1.916667e+01 1.061698e+01
      vertex   -1.058815e+01 -1.916667e+01 1.056699e+01
    endloop
  endfacet
  facet normal 4.226181e-01 0.000000e+00 -9.063078e-01
    outer loop
      vertex   -1.058815e+01 -1.750000e+01 1.056699e+01
      vertex   -1.058815e+01 -1.916667e+01 1.056699e+01
      vertex   -1.066714e+01 -1.750000e+01 1.053015e+01
    endloop
  endfacet
  facet normal 4.226181e-01 0.000000e+00 -9.063078e-01
    outer loop
      vertex   -1.066714e+01 -1.750000e+01 1.053015e+01
      vertex   -1.058815e+01 -1.916667e+01 1.056699e+01
      vertex   -1.066714e+01 -1.916667e+01 1.053015e+01
    endloop
  endfacet
  facet normal 2.588245e-01 0.000000e+00 -9.659244e-01
    outer loop
      vertex   -1.066714e+01 -1.750000e+01 1.053015e+01
      vertex   -1.066714e+01 -1.916667e+01 1.053015e+01
      vertex   -1.075133e+01 -1.750000e+01 1.050760e+01
    endloop
  endfacet
  facet normal 2.588245e-01 0.000000e+00 -9.659244e-01
    outer loop
      vertex   -1.075133e+01 -1.750000e+01 1.050760e+01
      vertex   -1.066714e+01 -1.916667e+01 1.053015e+01
      vertex   -1.075133e+01 -1.916667e+01 1.050760e+01
    endloop
  endfacet
  facet normal 8.715372e-02 0.000000e+00 -9.961949e-01
    outer loop
      vertex   -1.075133e+01 -1.750000e+01 1.050760e+01
      vertex   -1.075133e+01 -1.916667e+01 1.050760e+01
      vertex   -1.083815e+01 -1.750000e+01 1.050000e+01
    endloop
  endfacet
  facet normal 8.715372e-02 0.000000e+00 -9.961949e-01
    outer loop
      vertex   -1.083815e+01 -1.750000e+01 1.050000e+01
      vertex   -1.075133e+01 -1.916667e+01 1.050760e+01
      vertex   -1.075133e+01 -2.083333e+01 1.050760e+01
    endloop
  endfacet
  facet normal 8.715372e-02 0.000000e+00 -9.961949e-01
    outer loop
      vertex   -1.083815e+01 -1.750000e+01 1.050000e+01
      vertex   -1.075133e+01 -2.083333e+01 1.050760e+01
      vertex   -1.083815e+01 -2.250000e+01 1.050000e+01
    endloop
  endfacet
  facet normal 8.715372e-02 0.000000e+00 -9.961949e-01
    outer loop
      vertex   -1.083815e+01 -2.250000e+01 1.050000e+01
      vertex   -1.075133e+01 -2.083333e+01 1.050760e+01
      vertex   -1.075133e+01 -2.250000e+01 1.050760e+01
    endloop
  endfacet
  facet normal 2.588245e-01 0.000000e+00 -9.659244e-01
    outer loop
      vertex   -1.075133e+01 -2.250000e+01 1.050760e+01
      vertex   -1.075133e+01 -2.083333e+01 1.050760e+01
      vertex   -1.066714e+01 -2.250000e+01 1.053015e+01
    endloop
  endfacet
  facet normal 2.588245e-01 0.000000e+00 -9.659244e-01
    outer loop
      vertex   -1.066714e+01 -2.250000e+01 1.053015e+01
      vertex   -1.075133e+01 -2.083333e+01 1.050760e+01
      vertex   -1.066714e+01 -2.083333e+01 1.053015e+01
    endloop
  endfacet
  facet normal 4.226181e-01 0.000000e+00 -9.063078e-01
    outer loop
      vertex   -1.066714e+01 -2.250000e+01 1.053015e+01
      vertex   -1.066714e+01 -2.083333e+01 1.053015e+01
      vertex   -1.058815e+01 -2.250000e+01 1.056699e+01
    endloop
  endfacet
  facet normal 4.226181e-01 0.000000e+00 -9.063078e-01
    outer loop
      vertex   -1.058815e+01 -2.250000e+01 1.056699e+01
      vertex   -1.066714e+01 -2.083333e+01 1.053015e+01
      vertex   -1.058815e+01 -2.083333e+01 1.056699e+01
    endloop
  endfacet
  facet normal 5.735725e-01 0.000000e+00 -8.191548e-01
    outer loop
      vertex   -1.058815e+01 -2.250000e+01 1.056699e+01
      vertex   -1.058815e+01 -2.083333e+01 1.056699e+01
      vertex   -1.051676e+01 -2.250000e+01 1.061698e+01
    endloop
  endfacet
  facet normal 5.735725e-01 0.000000e+00 -8.191548e-01
    outer loop
      vertex   -1.051676e+01 -2.250000e+01 1.061698e+01
      vertex   -1.058815e+01 -2.083333e+01 1.056699e+01
      vertex   -1.051676e+01 -2.083333e+01 1.061698e+01
    endloop
  endfacet
  facet normal 7.071068e-01 0.000000e+00 -7.071068e-01
    outer loop
      vertex   -1.051676e+01 -2.250000e+01 1.061698e+01
      vertex   -1.051676e+01 -2.083333e+01 1.061698e+01
      vertex   -1.045513e+01 -2.250000e+01 1.067861e+01
    endloop
  endfacet
  facet normal 7.071068e-01 0.000000e+00 -7.071068e-01
    outer loop
      vertex   -1.045513e+01 -2.250000e+01 1.067861e+01
      vertex   -1.051676e+01 -2.083333e+01 1.061698e+01
      vertex   -1.045513e+01 -2.083333e+01 1.067861e+01
    endloop
  endfacet
  facet normal 8.191548e-01 0.000000e+00 -5.735725e-01
    outer loop
      vertex   -1.045513e+01 -2.250000e+01 1.067861e+01
      vertex   -1.045513e+01 -2.083333e+01 1.067861e+01
      vertex   -1.040514e+01 -2.250000e+01 1.075000e+01
    endloop
  endfacet
  facet normal 8.191548e-01 0.000000e+00 -5.735725e-01
    outer loop
      vertex   -1.040514e+01 -2.250000e+01 1.075000e+01
      vertex   -1.045513e+01 -2.083333e+01 1.067861e+01
      vertex   -1.040514e+01 -2.083333e+01 1.075000e+01
    endloop
  endfacet
  facet normal 9.063078e-01 0.000000e+00 -4.226181e-01
    outer loop
      vertex   -1.040514e+01 -2.250000e+01 1.075000e+01
      vertex   -1.040514e+01 -2.083333e+01 1.075000e+01
      vertex   -1.036831e+01 -2.250000e+01 1.082899e+01
    endloop
  endfacet
  facet normal 9.063078e-01 0.000000e+00 -4.226181e-01
    outer loop
      vertex   -1.036831e+01 -2.250000e+01 1.082899e+01
      vertex   -1.040514e+01 -2.083333e+01 1.075000e+01
      vertex   -1.036831e+01 -2.083333e+01 1.082899e+01
    endloop
  endfacet
  facet normal 9.659244e-01 0.000000e+00 -2.588245e-01
    outer loop
      vertex   -1.036831e+01 -2.250000e+01 1.082899e+01
      vertex   -1.036831e+01 -2.083333e+01 1.082899e+01
      vertex   -1.034575e+01 -2.250000e+01 1.091318e+01
    endloop
  endfacet
  facet normal 9.659244e-01 0.000000e+00 -2.588245e-01
    outer loop
      vertex   -1.034575e+01 -2.250000e+01 1.091318e+01
      vertex   -1.036831e+01 -2.083333e+01 1.082899e+01
      vertex   -1.034575e+01 -2.083333e+01 1.091318e+01
    endloop
  endfacet
  facet normal 9.659244e-01 0.000000e+00 -2.588245e-01
    outer loop
      vertex   -1.036831e+01 -1.916667e+01 1.082899e+01
      vertex   -1.034575e+01 -1.916667e+01 1.091318e+01
      vertex   -1.034575e+01 -2.083333e+01 1.091318e+01
    endloop
  endfacet
  facet normal 9.659244e-01 0.000000e+00 -2.588245e-01
    outer loop
      vertex   -1.036831e+01 -1.916667e+01 1.082899e+01
      vertex   -1.034575e+01 -2.083333e+01 1.091318e+01
      vertex   -1.036831e+01 -2.083333e+01 1.082899e+01
    endloop
  endfacet
  facet normal 9.063078e-01 0.000000e+00 -4.226181e-01
    outer loop
      vertex   -1.040514e+01 -1.916667e+01 1.075000e+01
      vertex   -1.036831e+01 -1.916667e+01 1.082899e+01
      vertex   -1.036831e+01 -2.083333e+01 1.082899e+01
    endloop
  endfacet
  facet normal 9.063078e-01 0.000000e+00 -4.226181e-01
    outer loop
      vertex   -1.040514e+01 -1.916667e+01 1.075000e+01
      vertex   -1.036831e+01 -2.083333e+01 1.082899e+01
      vertex   -1.040514e+01 -2.083333e+01 1.075000e+01
    endloop
  endfacet
  facet normal 8.191548e-01 0.000000e+00 -5.735725e-01
    outer loop
      vertex   -1.045513e+01 -1.916667e+01 1.067861e+01
      vertex   -1.040514e+01 -1.916667e+01 1.075000e+01
      vertex   -1.040514e+01 -2.083333e+01 1.075000e+01
    endloop
  endfacet
  facet normal 8.191548e-01 0.000000e+00 -5.735725e-01
    outer loop
      vertex   -1.045513e+01 -1.916667e+01 1.067861e+01
      vertex   -1.040514e+01 -2.083333e+01 1.075000e+01
      vertex   -1.045513e+01 -2.083333e+01 1.067861e+01
    endloop
  endfacet
  facet normal 7.071068e-01 0.000000e+00 -7.071068e-01
    outer loop
      vertex   -1.051676e+01 -1.916667e+01 1.061698e+01
      vertex   -1.045513e+01 -1.916667e+01 1.067861e+01
      vertex   -1.045513e+01 -2.083333e+01 1.067861e+01
    endloop
  endfacet
  facet normal 7.071068e-01 0.000000e+00 -7.071068e-01
    outer loop
      vertex   -1.051676e+01 -1.916667e+01 1.061698e+01
      vertex   -1.045513e+01 -2.083333e+01 1.067861e+01
      vertex   -1.051676e+01 -2.083333e+01 1.061698e+01
    endloop
  endfacet
  facet normal 5.735725e-01 0.000000e+00 -8.191548e-01
    outer loop
      vertex   -1.058815e+01 -1.916667e+01 1.056699e+01
      vertex   -1.051676e+01 -1.916667e+01 1.061698e+01
      vertex   -1.051676e+01 -2.083333e+01 1.061698e+01
    endloop
  endfacet
  facet normal 5.735725e-01 0.000000e+00 -8.191548e-01
    outer loop
      vertex   -1.058815e+01 -1.916667e+01 1.056699e+01
      vertex   -1.051676e+01 -2.083333e+01 1.061698e+01
      vertex   -1.058815e+01 -2.083333e+01 1.056699e+01
    endloop
  endfacet
  facet normal 4.226181e-01 0.000000e+00 -9.063078e-01
    outer loop
      vertex   -1.066714e+01 -1.916667e+01 1.053015e+01
      vertex   -1.058815e+01 -1.916667e+01 1.056699e+01
      vertex   -1.058815e+01 -2.083333e+01 1.056699e+01
    endloop
  endfacet
  facet normal 4.226181e-01 0.000000e+00 -9.063078e-01
    outer loop
      vertex   -1.066714e+01 -1.916667e+01 1.053015e+01
      vertex   -1.058815e+01 -2.083333e+01 1.056699e+01
      vertex   -1.066714e+01 -2.083333e+01 1.053015e+01
    endloop
  endfacet
  facet normal 2.588245e-01 0.000000e+00 -9.659244e-01
    outer loop
      vertex   -1.075133e+01 -1.916667e+01 1.050760e+01
      vertex   -1.066714e+01 -1.916667e+01 1.053015e+01
      vertex   -1.066714e+01 -2.083333e+01 1.053015e+01
    endloop
  endfacet
  facet normal 2.588245e-01 0.000000e+00 -9.659244e-01
    outer loop
      vertex   -1.075133e+01 -1.916667e+01 1.050760e+01
      vertex   -1.066714e+01 -2.083333e+01 1.053015e+01
      vertex   -1.075133e+01 -2.083333e+01 1.050760e+01
    endloop
  endfacet
  facet normal 1.000000e+00 0.000000e+00 -0.000000e+00
    outer loop
      vertex   -1.033815e+01 -1.750000e+01 1.100000e+01
      vertex   -1.033815e+01 -1.750000e+01 2.091321e+01
      vertex   -1.033815e+01 -2.250000e+01 1.100000e+01
    endloop
  endfacet
  facet normal 1.000000e+00 0.000000e+00 0.000000e+00
    outer loop
      vertex   -1.033815e+01 -2.250000e+01 1.100000e+01
      vertex   -1.033815e+01 -1.750000e+01 2.091321e+01
      vertex   -1.033815e+01 -2.250000e+01 2.091321e+01
    endloop
  endfacet
  facet normal 9.987955e-01 0.000000e+00 -4.906692e-02
    outer loop
      vertex   2.048829e+01 -1.950000e+01 4.818275e+01
      vertex   2.048829e+01 -2.250000e+01 4.818275e+01
      vertex   2.047505e+01 -1.950000e+01 4.791320e+01
    endloop
  endfacet
  facet normal 9.987955e-01 0.000000e+00 -4.906692e-02
    outer loop
      vertex   2.047505e+01 -1.950000e+01 4.791320e+01
      vertex   2.048829e+01 -2.250000e+01 4.818275e+01
      vertex   2.047505e+01 -2.250000e+01 4.791320e+01
    endloop
  endfacet
  facet normal 9.987955e-01 0.000000e+00 4.906692e-02
    outer loop
      vertex   2.047505e+01 -1.950000e+01 4.791320e+01
      vertex   2.047505e+01 -2.250000e+01 4.791320e+01
      vertex   2.048829e+01 -1.950000e+01 4.764366e+01
    endloop
  endfacet
  facet normal 9.987955e-01 0.000000e+00 4.906692e-02
    outer loop
      vertex   2.048829e+01 -1.950000e+01 4.764366e+01
      vertex   2.047505e+01 -2.250000e+01 4.791320e+01
      vertex   2.048829e+01 -2.250000e+01 4.764366e+01
    endloop
  endfacet
  facet normal 9.891764e-01 0.000000e+00 1.467315e-01
    outer loop
      vertex   2.048829e+01 -1.950000e+01 4.764366e+01
      vertex   2.048829e+01 -2.250000e+01 4.764366e+01
      vertex   2.052789e+01 -1.950000e+01 4.737670e+01
    endloop
  endfacet
  facet normal 9.891764e-01 0.000000e+00 1.467315e-01
    outer loop
      vertex   2.052789e+01 -1.950000e+01 4.737670e+01
      vertex   2.048829e+01 -2.250000e+01 4.764366e+01
      vertex   2.052789e+01 -2.250000e+01 4.737670e+01
    endloop
  endfacet
  facet normal 9.700322e-01 0.000000e+00 2.429763e-01
    outer loop
      vertex   2.052789e+01 -1.950000e+01 4.737670e+01
      vertex   2.052789e+01 -2.250000e+01 4.737670e+01
      vertex   2.059346e+01 -1.950000e+01 4.711492e+01
    endloop
  endfacet
  facet normal 9.700322e-01 0.000000e+00 2.429763e-01
    outer loop
      vertex   2.059346e+01 -1.950000e+01 4.711492e+01
      vertex   2.052789e+01 -2.250000e+01 4.737670e+01
      vertex   2.059346e+01 -2.250000e+01 4.711492e+01
    endloop
  endfacet
  facet normal 9.415427e-01 0.000000e+00 3.368937e-01
    outer loop
      vertex   2.059346e+01 -1.950000e+01 4.711492e+01
      vertex   2.059346e+01 -2.250000e+01 4.711492e+01
      vertex   2.068438e+01 -1.950000e+01 4.686082e+01
    endloop
  endfacet
  facet normal 9.415427e-01 0.000000e+00 3.368937e-01
    outer loop
      vertex   2.068438e+01 -1.950000e+01 4.686082e+01
      vertex   2.059346e+01 -2.250000e+01 4.711492e+01
      vertex   2.068438e+01 -2.250000e+01 4.686082e+01
    endloop
  endfacet
  facet normal 9.039881e-01 0.000000e+00 4.275576e-01
    outer loop
      vertex   2.068438e+01 -1.950000e+01 4.686082e+01
      vertex   2.068438e+01 -2.250000e+01 4.686082e+01
      vertex   2.079976e+01 -1.950000e+01 4.661686e+01
    endloop
  endfacet
  facet normal 9.039881e-01 0.000000e+00 4.275576e-01
    outer loop
      vertex   2.079976e+01 -1.950000e+01 4.661686e+01
      vertex   2.068438e+01 -2.250000e+01 4.686082e+01
      vertex   2.079976e+01 -2.250000e+01 4.661686e+01
    endloop
  endfacet
  facet normal 8.577259e-01 0.000000e+00 5.141072e-01
    outer loop
      vertex   2.079976e+01 -1.950000e+01 4.661686e+01
      vertex   2.079976e+01 -2.250000e+01 4.661686e+01
      vertex   2.093851e+01 -1.950000e+01 4.638539e+01
    endloop
  endfacet
  facet normal 8.577259e-01 0.000000e+00 5.141072e-01
    outer loop
      vertex   2.093851e+01 -1.950000e+01 4.638539e+01
      vertex   2.079976e+01 -2.250000e+01 4.661686e+01
      vertex   2.093851e+01 -2.250000e+01 4.638539e+01
    endloop
  endfacet
  facet normal 8.032134e-01 0.000000e+00 5.956914e-01
    outer loop
      vertex   2.093851e+01 -1.950000e+01 4.638539e+01
      vertex   2.093851e+01 -2.250000e+01 4.638539e+01
      vertex   2.109927e+01 -1.950000e+01 4.616862e+01
    endloop
  endfacet
  facet normal 8.032134e-01 0.000000e+00 5.956914e-01
    outer loop
      vertex   2.109927e+01 -1.950000e+01 4.616862e+01
      vertex   2.093851e+01 -2.250000e+01 4.638539e+01
      vertex   2.109927e+01 -2.250000e+01 4.616862e+01
    endloop
  endfacet
  facet normal 7.409562e-01 0.000000e+00 6.715534e-01
    outer loop
      vertex   2.109927e+01 -1.950000e+01 4.616862e+01
      vertex   2.109927e+01 -2.250000e+01 4.616862e+01
      vertex   2.128050e+01 -1.950000e+01 4.596866e+01
    endloop
  endfacet
  facet normal 7.409562e-01 0.000000e+00 6.715534e-01
    outer loop
      vertex   2.128050e+01 -1.950000e+01 4.596866e+01
      vertex   2.109927e+01 -2.250000e+01 4.616862e+01
      vertex   2.128050e+01 -2.250000e+01 4.596866e+01
    endloop
  endfacet
  facet normal 6.715525e-01 0.000000e+00 7.409570e-01
    outer loop
      vertex   2.128050e+01 -1.950000e+01 4.596866e+01
      vertex   2.128050e+01 -2.250000e+01 4.596866e+01
      vertex   2.148046e+01 -1.950000e+01 4.578743e+01
    endloop
  endfacet
  facet normal 6.715525e-01 0.000000e+00 7.409570e-01
    outer loop
      vertex   2.148046e+01 -1.950000e+01 4.578743e+01
      vertex   2.128050e+01 -2.250000e+01 4.596866e+01
      vertex   2.148046e+01 -2.250000e+01 4.578743e+01
    endloop
  endfacet
  facet normal 5.956914e-01 0.000000e+00 8.032134e-01
    outer loop
      vertex   2.148046e+01 -1.950000e+01 4.578743e+01
      vertex   2.148046e+01 -2.250000e+01 4.578743e+01
      vertex   2.169723e+01 -1.950000e+01 4.562666e+01
    endloop
  endfacet
  facet normal 5.956914e-01 0.000000e+00 8.032134e-01
    outer loop
      vertex   2.169723e+01 -1.950000e+01 4.562666e+01
      vertex   2.148046e+01 -2.250000e+01 4.578743e+01
      vertex   2.169723e+01 -2.250000e+01 4.562666e+01
    endloop
  endfacet
  facet normal 5.141137e-01 0.000000e+00 8.577220e-01
    outer loop
      vertex   2.169723e+01 -1.950000e+01 4.562666e+01
      vertex   2.169723e+01 -2.250000e+01 4.562666e+01
      vertex   2.192871e+01 -1.950000e+01 4.548792e+01
    endloop
  endfacet
  facet normal 5.141137e-01 0.000000e+00 8.577220e-01
    outer loop
      vertex   2.192871e+01 -1.950000e+01 4.548792e+01
      vertex   2.169723e+01 -2.250000e+01 4.562666e+01
      vertex   2.192871e+01 -2.250000e+01 4.548792e+01
    endloop
  endfacet
  facet normal 4.275576e-01 0.000000e+00 9.039881e-01
    outer loop
      vertex   2.192871e+01 -1.950000e+01 4.548792e+01
      vertex   2.192871e+01 -2.250000e+01 4.548792e+01
      vertex   2.217267e+01 -1.950000e+01 4.537253e+01
    endloop
  endfacet
  facet normal 4.275576e-01 0.000000e+00 9.039881e-01
    outer loop
      vertex   2.217267e+01 -1.950000e+01 4.537253e+01
      vertex   2.192871e+01 -2.250000e+01 4.548792e+01
      vertex   2.217267e+01 -2.250000e+01 4.537253e+01
    endloop
  endfacet
  facet normal 3.368937e-01 0.000000e+00 9.415427e-01
    outer loop
      vertex   2.217267e+01 -1.950000e+01 4.537253e+01
      vertex   2.217267e+01 -2.250000e+01 4.537253e+01
      vertex   2.242676e+01 -1.950000e+01 4.528162e+01
    endloop
  endfacet
  facet normal 3.368937e-01 0.000000e+00 9.415427e-01
    outer loop
      vertex   2.242676e+01 -1.950000e+01 4.528162e+01
      vertex   2.217267e+01 -2.250000e+01 4.537253e+01
      vertex   2.242676e+01 -2.250000e+01 4.528162e+01
    endloop
  endfacet
  facet normal 2.429659e-01 0.000000e+00 9.700348e-01
    outer loop
      vertex   2.242676e+01 -1.950000e+01 4.528162e+01
      vertex   2.242676e+01 -2.250000e+01 4.528162e+01
      vertex   2.268855e+01 -1.950000e+01 4.521605e+01
    endloop
  endfacet
  facet normal 2.429659e-01 0.000000e+00 9.700348e-01
    outer loop
      vertex   2.268855e+01 -1.950000e+01 4.521605e+01
      vertex   2.242676e+01 -2.250000e+01 4.528162e+01
      vertex   2.268855e+01 -2.250000e+01 4.521605e+01
    endloop
  endfacet
  facet normal 1.467414e-01 0.000000e+00 9.891749e-01
    outer loop
      vertex   2.268855e+01 -1.950000e+01 4.521605e+01
      vertex   2.268855e+01 -2.250000e+01 4.521605e+01
      vertex   2.295550e+01 -1.950000e+01 4.517644e+01
    endloop
  endfacet
  facet normal 1.467414e-01 0.000000e+00 9.891749e-01
    outer loop
      vertex   2.295550e+01 -1.950000e+01 4.517644e+01
      vertex   2.268855e+01 -2.250000e+01 4.521605e+01
      vertex   2.295550e+01 -2.250000e+01 4.517644e+01
    endloop
  endfacet
  facet normal 4.906692e-02 0.000000e+00 9.987955e-01
    outer loop
      vertex   2.295550e+01 -1.950000e+01 4.517644e+01
      vertex   2.295550e+01 -2.250000e+01 4.517644e+01
      vertex   2.322505e+01 -1.950000e+01 4.516320e+01
    endloop
  endfacet
  facet normal 4.906692e-02 0.000000e+00 9.987955e-01
    outer loop
      vertex   2.322505e+01 -1.950000e+01 4.516320e+01
      vertex   2.295550e+01 -2.250000e+01 4.517644e+01
      vertex   2.322505e+01 -2.250000e+01 4.516320e+01
    endloop
  endfacet
  facet normal -4.906649e-02 0.000000e+00 9.987955e-01
    outer loop
      vertex   2.322505e+01 -1.950000e+01 4.516320e+01
      vertex   2.322505e+01 -2.250000e+01 4.516320e+01
      vertex   2.349459e+01 -1.950000e+01 4.517644e+01
    endloop
  endfacet
  facet normal -4.906649e-02 0.000000e+00 9.987955e-01
    outer loop
      vertex   2.349459e+01 -1.950000e+01 4.517644e+01
      vertex   2.322505e+01 -2.250000e+01 4.516320e+01
      vertex   2.349459e+01 -2.250000e+01 4.517644e+01
    endloop
  endfacet
  facet normal -1.467414e-01 0.000000e+00 9.891749e-01
    outer loop
      vertex   2.349459e+01 -1.950000e+01 4.517644e+01
      vertex   2.349459e+01 -2.250000e+01 4.517644e+01
      vertex   2.376154e+01 -1.950000e+01 4.521605e+01
    endloop
  endfacet
  facet normal -1.467414e-01 0.000000e+00 9.891749e-01
    outer loop
      vertex   2.376154e+01 -1.950000e+01 4.521605e+01
      vertex   2.349459e+01 -2.250000e+01 4.517644e+01
      vertex   2.376154e+01 -2.250000e+01 4.521605e+01
    endloop
  endfacet
  facet normal -2.429680e-01 0.000000e+00 9.700343e-01
    outer loop
      vertex   2.376154e+01 -1.950000e+01 4.521605e+01
      vertex   2.376154e+01 -2.250000e+01 4.521605e+01
      vertex   2.402333e+01 -1.950000e+01 4.528162e+01
    endloop
  endfacet
  facet normal -2.429680e-01 0.000000e+00 9.700343e-01
    outer loop
      vertex   2.402333e+01 -1.950000e+01 4.528162e+01
      vertex   2.376154e+01 -2.250000e+01 4.521605e+01
      vertex   2.402333e+01 -2.250000e+01 4.528162e+01
    endloop
  endfacet
  facet normal -3.368937e-01 0.000000e+00 9.415427e-01
    outer loop
      vertex   2.402333e+01 -1.950000e+01 4.528162e+01
      vertex   2.402333e+01 -2.250000e+01 4.528162e+01
      vertex   2.427742e+01 -1.950000e+01 4.537253e+01
    endloop
  endfacet
  facet normal -3.368937e-01 0.000000e+00 9.415427e-01
    outer loop
      vertex   2.427742e+01 -1.950000e+01 4.537253e+01
      vertex   2.402333e+01 -2.250000e+01 4.528162e+01
      vertex   2.427742e+01 -2.250000e+01 4.537253e+01
    endloop
  endfacet
  facet normal -4.275542e-01 0.000000e+00 9.039897e-01
    outer loop
      vertex   2.427742e+01 -1.950000e+01 4.537253e+01
      vertex   2.427742e+01 -2.250000e+01 4.537253e+01
      vertex   2.452139e+01 -1.950000e+01 4.548792e+01
    endloop
  endfacet
  facet normal -4.275542e-01 0.000000e+00 9.039897e-01
    outer loop
      vertex   2.452139e+01 -1.950000e+01 4.548792e+01
      vertex   2.427742e+01 -2.250000e+01 4.537253e+01
      vertex   2.452139e+01 -2.250000e+01 4.548792e+01
    endloop
  endfacet
  facet normal -5.141098e-01 0.000000e+00 8.577244e-01
    outer loop
      vertex   2.452139e+01 -1.950000e+01 4.548792e+01
      vertex   2.452139e+01 -2.250000e+01 4.548792e+01
      vertex   2.475286e+01 -1.950000e+01 4.562666e+01
    endloop
  endfacet
  facet normal -5.141098e-01 0.000000e+00 8.577244e-01
    outer loop
      vertex   2.475286e+01 -1.950000e+01 4.562666e+01
      vertex   2.452139e+01 -2.250000e+01 4.548792e+01
      vertex   2.475286e+01 -2.250000e+01 4.562666e+01
    endloop
  endfacet
  facet normal -5.956956e-01 0.000000e+00 8.032102e-01
    outer loop
      vertex   2.475286e+01 -1.950000e+01 4.562666e+01
      vertex   2.475286e+01 -2.250000e+01 4.562666e+01
      vertex   2.496963e+01 -1.950000e+01 4.578743e+01
    endloop
  endfacet
  facet normal -5.956956e-01 0.000000e+00 8.032102e-01
    outer loop
      vertex   2.496963e+01 -1.950000e+01 4.578743e+01
      vertex   2.475286e+01 -2.250000e+01 4.562666e+01
      vertex   2.496963e+01 -2.250000e+01 4.578743e+01
    endloop
  endfacet
  facet normal -6.715525e-01 0.000000e+00 7.409570e-01
    outer loop
      vertex   2.496963e+01 -1.950000e+01 4.578743e+01
      vertex   2.496963e+01 -2.250000e+01 4.578743e+01
      vertex   2.516959e+01 -1.950000e+01 4.596866e+01
    endloop
  endfacet
  facet normal -6.715525e-01 0.000000e+00 7.409570e-01
    outer loop
      vertex   2.516959e+01 -1.950000e+01 4.596866e+01
      vertex   2.496963e+01 -2.250000e+01 4.578743e+01
      vertex   2.516959e+01 -2.250000e+01 4.596866e+01
    endloop
  endfacet
  facet normal -7.409562e-01 0.000000e+00 6.715534e-01
    outer loop
      vertex   2.516959e+01 -1.950000e+01 4.596866e+01
      vertex   2.516959e+01 -2.250000e+01 4.596866e+01
      vertex   2.535083e+01 -1.950000e+01 4.616862e+01
    endloop
  endfacet
  facet normal -7.409562e-01 0.000000e+00 6.715534e-01
    outer loop
      vertex   2.535083e+01 -1.950000e+01 4.616862e+01
      vertex   2.516959e+01 -2.250000e+01 4.596866e+01
      vertex   2.535083e+01 -2.250000e+01 4.616862e+01
    endloop
  endfacet
  facet normal -8.032134e-01 0.000000e+00 5.956914e-01
    outer loop
      vertex   2.535083e+01 -1.950000e+01 4.616862e+01
      vertex   2.535083e+01 -2.250000e+01 4.616862e+01
      vertex   2.551159e+01 -1.950000e+01 4.638539e+01
    endloop
  endfacet
  facet normal -8.032134e-01 0.000000e+00 5.956914e-01
    outer loop
      vertex   2.551159e+01 -1.950000e+01 4.638539e+01
      vertex   2.535083e+01 -2.250000e+01 4.616862e+01
      vertex   2.551159e+01 -2.250000e+01 4.638539e+01
    endloop
  endfacet
  facet normal -8.577259e-01 0.000000e+00 5.141072e-01
    outer loop
      vertex   2.551159e+01 -1.950000e+01 4.638539e+01
      vertex   2.551159e+01 -2.250000e+01 4.638539e+01
      vertex   2.565033e+01 -1.950000e+01 4.661686e+01
    endloop
  endfacet
  facet normal -8.577259e-01 0.000000e+00 5.141072e-01
    outer loop
      vertex   2.565033e+01 -1.950000e+01 4.661686e+01
      vertex   2.551159e+01 -2.250000e+01 4.638539e+01
      vertex   2.565033e+01 -2.250000e+01 4.661686e+01
    endloop
  endfacet
  facet normal -9.039881e-01 0.000000e+00 4.275576e-01
    outer loop
      vertex   2.565033e+01 -1.950000e+01 4.661686e+01
      vertex   2.565033e+01 -2.250000e+01 4.661686e+01
      vertex   2.576571e+01 -1.950000e+01 4.686082e+01
    endloop
  endfacet
  facet normal -9.039881e-01 0.000000e+00 4.275576e-01
    outer loop
      vertex   2.576571e+01 -1.950000e+01 4.686082e+01
      vertex   2.565033e+01 -2.250000e+01 4.661686e+01
      vertex   2.576571e+01 -2.250000e+01 4.686082e+01
    endloop
  endfacet
  facet normal -9.415427e-01 0.000000e+00 3.368937e-01
    outer loop
      vertex   2.576571e+01 -1.950000e+01 4.686082e+01
      vertex   2.576571e+01 -2.250000e+01 4.686082e+01
      vertex   2.585663e+01 -1.950000e+01 4.711492e+01
    endloop
  endfacet
  facet normal -9.415427e-01 0.000000e+00 3.368937e-01
    outer loop
      vertex   2.585663e+01 -1.950000e+01 4.711492e+01
      vertex   2.576571e+01 -2.250000e+01 4.686082e+01
      vertex   2.585663e+01 -2.250000e+01 4.711492e+01
    endloop
  endfacet
  facet normal -9.700301e-01 0.000000e+00 2.429846e-01
    outer loop
      vertex   2.585663e+01 -1.950000e+01 4.711492e+01
      vertex   2.585663e+01 -2.250000e+01 4.711492e+01
      vertex   2.592221e+01 -1.950000e+01 4.737670e+01
    endloop
  endfacet
  facet normal -9.700301e-01 0.000000e+00 2.429846e-01
    outer loop
      vertex   2.592221e+01 -1.950000e+01 4.737670e+01
      vertex   2.585663e+01 -2.250000e+01 4.711492e+01
      vertex   2.592221e+01 -2.250000e+01 4.737670e+01
    endloop
  endfacet
  facet normal -9.891776e-01 0.000000e+00 1.467228e-01
    outer loop
      vertex   2.592221e+01 -1.950000e+01 4.737670e+01
      vertex   2.592221e+01 -2.250000e+01 4.737670e+01
      vertex   2.596180e+01 -1.950000e+01 4.764366e+01
    endloop
  endfacet
  facet normal -9.891776e-01 0.000000e+00 1.467228e-01
    outer loop
      vertex   2.596180e+01 -1.950000e+01 4.764366e+01
      vertex   2.592221e+01 -2.250000e+01 4.737670e+01
      vertex   2.596180e+01 -2.250000e+01 4.764366e+01
    endloop
  endfacet
  facet normal -9.987955e-01 0.000000e+00 4.906692e-02
    outer loop
      vertex   2.596180e+01 -1.950000e+01 4.764366e+01
      vertex   2.596180e+01 -2.250000e+01 4.764366e+01
      vertex   2.597505e+01 -1.950000e+01 4.791320e+01
    endloop
  endfacet
  facet normal -9.987955e-01 0.000000e+00 4.906692e-02
    outer loop
      vertex   2.597505e+01 -1.950000e+01 4.791320e+01
      vertex   2.596180e+01 -2.250000e+01 4.764366e+01
      vertex   2.597505e+01 -2.250000e+01 4.791320e+01
    endloop
  endfacet
  facet normal -9.987955e-01 -0.000000e+00 -4.906692e-02
    outer loop
      vertex   2.597505e+01 -1.950000e+01 4.791320e+01
      vertex   2.597505e+01 -2.250000e+01 4.791320e+01
      vertex   2.596180e+01 -1.950000e+01 4.818275e+01
    endloop
  endfacet
  facet normal -9.987955e-01 -0.000000e+00 -4.906692e-02
    outer loop
      vertex   2.596180e+01 -1.950000e+01 4.818275e+01
      vertex   2.597505e+01 -2.250000e+01 4.791320e+01
      vertex   2.596180e+01 -2.250000e+01 4.818275e+01
    endloop
  endfacet
  facet normal -9.891776e-01 -0.000000e+00 -1.467228e-01
    outer loop
      vertex   2.596180e+01 -1.950000e+01 4.818275e+01
      vertex   2.596180e+01 -2.250000e+01 4.818275e+01
      vertex   2.592221e+01 -1.950000e+01 4.844970e+01
    endloop
  endfacet
  facet normal -9.891776e-01 -0.000000e+00 -1.467228e-01
    outer loop
      vertex   2.592221e+01 -1.950000e+01 4.844970e+01
      vertex   2.596180e+01 -2.250000e+01 4.818275e+01
      vertex   2.592221e+01 -2.250000e+01 4.844970e+01
    endloop
  endfacet
  facet normal -9.700301e-01 -0.000000e+00 -2.429846e-01
    outer loop
      vertex   2.592221e+01 -1.950000e+01 4.844970e+01
      vertex   2.592221e+01 -2.250000e+01 4.844970e+01
      vertex   2.585663e+01 -1.950000e+01 4.871149e+01
    endloop
  endfacet
  facet normal -9.700301e-01 -0.000000e+00 -2.429846e-01
    outer loop
      vertex   2.585663e+01 -1.950000e+01 4.871149e+01
      vertex   2.592221e+01 -2.250000e+01 4.844970e+01
      vertex   2.585663e+01 -2.250000e+01 4.871149e+01
    endloop
  endfacet
  facet normal -9.415427e-01 -0.000000e+00 -3.368937e-01
    outer loop
      vertex   2.585663e+01 -1.950000e+01 4.871149e+01
      vertex   2.585663e+01 -2.250000e+01 4.871149e+01
      vertex   2.576571e+01 -1.950000e+01 4.896558e+01
    endloop
  endfacet
  facet normal -9.415427e-01 -0.000000e+00 -3.368937e-01
    outer loop
      vertex   2.576571e+01 -1.950000e+01 4.896558e+01
      vertex   2.585663e+01 -2.250000e+01 4.871149e+01
      vertex   2.576571e+01 -2.250000e+01 4.896558e+01
    endloop
  endfacet
  facet normal -9.039913e-01 -0.000000e+00 -4.275508e-01
    outer loop
      vertex   2.576571e+01 -1.950000e+01 4.896558e+01
      vertex   2.576571e+01 -2.250000e+01 4.896558e+01
      vertex   2.565033e+01 -1.950000e+01 4.920955e+01
    endloop
  endfacet
  facet normal -9.039913e-01 -0.000000e+00 -4.275508e-01
    outer loop
      vertex   2.565033e+01 -1.950000e+01 4.920955e+01
      vertex   2.576571e+01 -2.250000e+01 4.896558e+01
      vertex   2.565033e+01 -2.250000e+01 4.920955e+01
    endloop
  endfacet
  facet normal -8.577259e-01 -0.000000e+00 -5.141072e-01
    outer loop
      vertex   2.565033e+01 -1.950000e+01 4.920955e+01
      vertex   2.565033e+01 -2.250000e+01 4.920955e+01
      vertex   2.551159e+01 -1.950000e+01 4.944102e+01
    endloop
  endfacet
  facet normal -8.577259e-01 -0.000000e+00 -5.141072e-01
    outer loop
      vertex   2.551159e+01 -1.950000e+01 4.944102e+01
      vertex   2.565033e+01 -2.250000e+01 4.920955e+01
      vertex   2.551159e+01 -2.250000e+01 4.944102e+01
    endloop
  endfacet
  facet normal -8.032134e-01 -0.000000e+00 -5.956914e-01
    outer loop
      vertex   2.551159e+01 -1.950000e+01 4.944102e+01
      vertex   2.551159e+01 -2.250000e+01 4.944102e+01
      vertex   2.535083e+01 -1.950000e+01 4.965779e+01
    endloop
  endfacet
  facet normal -8.032134e-01 -0.000000e+00 -5.956914e-01
    outer loop
      vertex   2.535083e+01 -1.950000e+01 4.965779e+01
      vertex   2.551159e+01 -2.250000e+01 4.944102e+01
      vertex   2.535083e+01 -2.250000e+01 4.965779e+01
    endloop
  endfacet
  facet normal -7.409402e-01 -0.000000e+00 -6.715710e-01
    outer loop
      vertex   2.535083e+01 -1.950000e+01 4.965779e+01
      vertex   2.535083e+01 -2.250000e+01 4.965779e+01
      vertex   2.516959e+01 -1.950000e+01 4.985775e+01
    endloop
  endfacet
  facet normal -7.409402e-01 -0.000000e+00 -6.715710e-01
    outer loop
      vertex   2.516959e+01 -1.950000e+01 4.985775e+01
      vertex   2.535083e+01 -2.250000e+01 4.965779e+01
      vertex   2.516959e+01 -2.250000e+01 4.985775e+01
    endloop
  endfacet
  facet normal -6.715622e-01 -0.000000e+00 -7.409482e-01
    outer loop
      vertex   2.516959e+01 -1.950000e+01 4.985775e+01
      vertex   2.516959e+01 -2.250000e+01 4.985775e+01
      vertex   2.496963e+01 -1.950000e+01 5.003898e+01
    endloop
  endfacet
  facet normal -6.715622e-01 -0.000000e+00 -7.409482e-01
    outer loop
      vertex   2.496963e+01 -1.950000e+01 5.003898e+01
      vertex   2.516959e+01 -2.250000e+01 4.985775e+01
      vertex   2.496963e+01 -2.250000e+01 5.003898e+01
    endloop
  endfacet
  facet normal -5.957070e-01 -0.000000e+00 -8.032018e-01
    outer loop
      vertex   2.496963e+01 -1.950000e+01 5.003898e+01
      vertex   2.496963e+01 -2.250000e+01 5.003898e+01
      vertex   2.475286e+01 -1.950000e+01 5.019975e+01
    endloop
  endfacet
  facet normal -5.957070e-01 -0.000000e+00 -8.032018e-01
    outer loop
      vertex   2.475286e+01 -1.950000e+01 5.019975e+01
      vertex   2.496963e+01 -2.250000e+01 5.003898e+01
      vertex   2.475286e+01 -2.250000e+01 5.019975e+01
    endloop
  endfacet
  facet normal -5.140968e-01 -0.000000e+00 -8.577321e-01
    outer loop
      vertex   2.475286e+01 -1.950000e+01 5.019975e+01
      vertex   2.475286e+01 -2.250000e+01 5.019975e+01
      vertex   2.452139e+01 -1.950000e+01 5.033849e+01
    endloop
  endfacet
  facet normal -5.140968e-01 -0.000000e+00 -8.577321e-01
    outer loop
      vertex   2.452139e+01 -1.950000e+01 5.033849e+01
      vertex   2.475286e+01 -2.250000e+01 5.019975e+01
      vertex   2.452139e+01 -2.250000e+01 5.033849e+01
    endloop
  endfacet
  facet normal -4.275542e-01 -0.000000e+00 -9.039897e-01
    outer loop
      vertex   2.452139e+01 -1.950000e+01 5.033849e+01
      vertex   2.452139e+01 -2.250000e+01 5.033849e+01
      vertex   2.427742e+01 -1.950000e+01 5.045387e+01
    endloop
  endfacet
  facet normal -4.275542e-01 -0.000000e+00 -9.039897e-01
    outer loop
      vertex   2.427742e+01 -1.950000e+01 5.045387e+01
      vertex   2.452139e+01 -2.250000e+01 5.033849e+01
      vertex   2.427742e+01 -2.250000e+01 5.045387e+01
    endloop
  endfacet
  facet normal -3.368781e-01 -0.000000e+00 -9.415483e-01
    outer loop
      vertex   2.427742e+01 -1.950000e+01 5.045387e+01
      vertex   2.427742e+01 -2.250000e+01 5.045387e+01
      vertex   2.402333e+01 -1.950000e+01 5.054479e+01
    endloop
  endfacet
  facet normal -3.368781e-01 -0.000000e+00 -9.415483e-01
    outer loop
      vertex   2.402333e+01 -1.950000e+01 5.054479e+01
      vertex   2.427742e+01 -2.250000e+01 5.045387e+01
      vertex   2.402333e+01 -2.250000e+01 5.054479e+01
    endloop
  endfacet
  facet normal -2.429846e-01 -0.000000e+00 -9.700301e-01
    outer loop
      vertex   2.402333e+01 -1.950000e+01 5.054479e+01
      vertex   2.402333e+01 -2.250000e+01 5.054479e+01
      vertex   2.376154e+01 -1.950000e+01 5.061036e+01
    endloop
  endfacet
  facet normal -2.429846e-01 -0.000000e+00 -9.700301e-01
    outer loop
      vertex   2.376154e+01 -1.950000e+01 5.061036e+01
      vertex   2.402333e+01 -2.250000e+01 5.054479e+01
      vertex   2.376154e+01 -2.250000e+01 5.061036e+01
    endloop
  endfacet
  facet normal -1.467414e-01 -0.000000e+00 -9.891749e-01
    outer loop
      vertex   2.376154e+01 -1.950000e+01 5.061036e+01
      vertex   2.376154e+01 -2.250000e+01 5.061036e+01
      vertex   2.349459e+01 -1.950000e+01 5.064996e+01
    endloop
  endfacet
  facet normal -1.467414e-01 -0.000000e+00 -9.891749e-01
    outer loop
      vertex   2.349459e+01 -1.950000e+01 5.064996e+01
      vertex   2.376154e+01 -2.250000e+01 5.061036e+01
      vertex   2.349459e+01 -2.250000e+01 5.064996e+01
    endloop
  endfacet
  facet normal -4.906649e-02 -0.000000e+00 -9.987955e-01
    outer loop
      vertex   2.349459e+01 -1.950000e+01 5.064996e+01
      vertex   2.349459e+01 -2.250000e+01 5.064996e+01
      vertex   2.322505e+01 -1.950000e+01 5.066320e+01
    endloop
  endfacet
  facet normal -4.906649e-02 -0.000000e+00 -9.987955e-01
    outer loop
      vertex   2.322505e+01 -1.950000e+01 5.066320e+01
      vertex   2.349459e+01 -2.250000e+01 5.064996e+01
      vertex   2.322505e+01 -2.250000e+01 5.066320e+01
    endloop
  endfacet
  facet normal 4.906692e-02 0.000000e+00 -9.987955e-01
    outer loop
      vertex   2.322505e+01 -1.950000e+01 5.066320e+01
      vertex   2.322505e+01 -2.250000e+01 5.066320e+01
      vertex   2.295550e+01 -1.950000e+01 5.064996e+01
    endloop
  endfacet
  facet normal 4.906692e-02 0.000000e+00 -9.987955e-01
    outer loop
      vertex   2.295550e+01 -1.950000e+01 5.064996e+01
      vertex   2.322505e+01 -2.250000e+01 5.066320e+01
      vertex   2.295550e+01 -2.250000e+01 5.064996e+01
    endloop
  endfacet
  facet normal 1.467414e-01 0.000000e+00 -9.891749e-01
    outer loop
      vertex   2.295550e+01 -1.950000e+01 5.064996e+01
      vertex   2.295550e+01 -2.250000e+01 5.064996e+01
      vertex   2.268855e+01 -1.950000e+01 5.061036e+01
    endloop
  endfacet
  facet normal 1.467414e-01 0.000000e+00 -9.891749e-01
    outer loop
      vertex   2.268855e+01 -1.950000e+01 5.061036e+01
      vertex   2.295550e+01 -2.250000e+01 5.064996e+01
      vertex   2.268855e+01 -2.250000e+01 5.061036e+01
    endloop
  endfacet
  facet normal 2.429825e-01 0.000000e+00 -9.700307e-01
    outer loop
      vertex   2.268855e+01 -1.950000e+01 5.061036e+01
      vertex   2.268855e+01 -2.250000e+01 5.061036e+01
      vertex   2.242676e+01 -1.950000e+01 5.054479e+01
    endloop
  endfacet
  facet normal 2.429825e-01 0.000000e+00 -9.700307e-01
    outer loop
      vertex   2.242676e+01 -1.950000e+01 5.054479e+01
      vertex   2.268855e+01 -2.250000e+01 5.061036e+01
      vertex   2.242676e+01 -2.250000e+01 5.054479e+01
    endloop
  endfacet
  facet normal 3.368781e-01 0.000000e+00 -9.415483e-01
    outer loop
      vertex   2.242676e+01 -1.950000e+01 5.054479e+01
      vertex   2.242676e+01 -2.250000e+01 5.054479e+01
      vertex   2.217267e+01 -1.950000e+01 5.045387e+01
    endloop
  endfacet
  facet normal 3.368781e-01 0.000000e+00 -9.415483e-01
    outer loop
      vertex   2.217267e+01 -1.950000e+01 5.045387e+01
      vertex   2.242676e+01 -2.250000e+01 5.054479e+01
      vertex   2.217267e+01 -2.250000e+01 5.045387e+01
    endloop
  endfacet
  facet normal 4.275576e-01 0.000000e+00 -9.039881e-01
    outer loop
      vertex   2.217267e+01 -1.950000e+01 5.045387e+01
      vertex   2.217267e+01 -2.250000e+01 5.045387e+01
      vertex   2.192871e+01 -1.950000e+01 5.033849e+01
    endloop
  endfacet
  facet normal 4.275576e-01 0.000000e+00 -9.039881e-01
    outer loop
      vertex   2.192871e+01 -1.950000e+01 5.033849e+01
      vertex   2.217267e+01 -2.250000e+01 5.045387e+01
      vertex   2.192871e+01 -2.250000e+01 5.033849e+01
    endloop
  endfacet
  facet normal 5.141007e-01 0.000000e+00 -8.577298e-01
    outer loop
      vertex   2.192871e+01 -1.950000e+01 5.033849e+01
      vertex   2.192871e+01 -2.250000e+01 5.033849e+01
      vertex   2.169723e+01 -1.950000e+01 5.019975e+01
    endloop
  endfacet
  facet normal 5.141007e-01 0.000000e+00 -8.577298e-01
    outer loop
      vertex   2.169723e+01 -1.950000e+01 5.019975e+01
      vertex   2.192871e+01 -2.250000e+01 5.033849e+01
      vertex   2.169723e+01 -2.250000e+01 5.019975e+01
    endloop
  endfacet
  facet normal 5.957028e-01 0.000000e+00 -8.032049e-01
    outer loop
      vertex   2.169723e+01 -1.950000e+01 5.019975e+01
      vertex   2.169723e+01 -2.250000e+01 5.019975e+01
      vertex   2.148046e+01 -1.950000e+01 5.003898e+01
    endloop
  endfacet
  facet normal 5.957028e-01 0.000000e+00 -8.032049e-01
    outer loop
      vertex   2.148046e+01 -1.950000e+01 5.003898e+01
      vertex   2.169723e+01 -2.250000e+01 5.019975e+01
      vertex   2.148046e+01 -2.250000e+01 5.003898e+01
    endloop
  endfacet
  facet normal 6.715622e-01 0.000000e+00 -7.409482e-01
    outer loop
      vertex   2.148046e+01 -1.950000e+01 5.003898e+01
      vertex   2.148046e+01 -2.250000e+01 5.003898e+01
      vertex   2.128050e+01 -1.950000e+01 4.985775e+01
    endloop
  endfacet
  facet normal 6.715622e-01 0.000000e+00 -7.409482e-01
    outer loop
      vertex   2.128050e+01 -1.950000e+01 4.985775e+01
      vertex   2.148046e+01 -2.250000e+01 5.003898e+01
      vertex   2.128050e+01 -2.250000e+01 4.985775e+01
    endloop
  endfacet
  facet normal 7.409402e-01 0.000000e+00 -6.715710e-01
    outer loop
      vertex   2.128050e+01 -1.950000e+01 4.985775e+01
      vertex   2.128050e+01 -2.250000e+01 4.985775e+01
      vertex   2.109927e+01 -1.950000e+01 4.965779e+01
    endloop
  endfacet
  facet normal 7.409402e-01 0.000000e+00 -6.715710e-01
    outer loop
      vertex   2.109927e+01 -1.950000e+01 4.965779e+01
      vertex   2.128050e+01 -2.250000e+01 4.985775e+01
      vertex   2.109927e+01 -2.250000e+01 4.965779e+01
    endloop
  endfacet
  facet normal 8.032134e-01 0.000000e+00 -5.956914e-01
    outer loop
      vertex   2.109927e+01 -1.950000e+01 4.965779e+01
      vertex   2.109927e+01 -2.250000e+01 4.965779e+01
      vertex   2.093851e+01 -1.950000e+01 4.944102e+01
    endloop
  endfacet
  facet normal 8.032134e-01 0.000000e+00 -5.956914e-01
    outer loop
      vertex   2.093851e+01 -1.950000e+01 4.944102e+01
      vertex   2.109927e+01 -2.250000e+01 4.965779e+01
      vertex   2.093851e+01 -2.250000e+01 4.944102e+01
    endloop
  endfacet
  facet normal 8.577259e-01 0.000000e+00 -5.141072e-01
    outer loop
      vertex   2.093851e+01 -1.950000e+01 4.944102e+01
      vertex   2.093851e+01 -2.250000e+01 4.944102e+01
      vertex   2.079976e+01 -1.950000e+01 4.920955e+01
    endloop
  endfacet
  facet normal 8.577259e-01 0.000000e+00 -5.141072e-01
    outer loop
      vertex   2.079976e+01 -1.950000e+01 4.920955e+01
      vertex   2.093851e+01 -2.250000e+01 4.944102e+01
      vertex   2.079976e+01 -2.250000e+01 4.920955e+01
    endloop
  endfacet
  facet normal 9.039913e-01 0.000000e+00 -4.275508e-01
    outer loop
      vertex   2.079976e+01 -1.950000e+01 4.920955e+01
      vertex   2.079976e+01 -2.250000e+01 4.920955e+01
      vertex   2.068438e+01 -1.950000e+01 4.896558e+01
    endloop
  endfacet
  facet normal 9.039913e-01 0.000000e+00 -4.275508e-01
    outer loop
      vertex   2.068438e+01 -1.950000e+01 4.896558e+01
      vertex   2.079976e+01 -2.250000e+01 4.920955e+01
      vertex   2.068438e+01 -2.250000e+01 4.896558e+01
    endloop
  endfacet
  facet normal 9.415427e-01 0.000000e+00 -3.368937e-01
    outer loop
      vertex   2.068438e+01 -1.950000e+01 4.896558e+01
      vertex   2.068438e+01 -2.250000e+01 4.896558e+01
      vertex   2.059346e+01 -1.950000e+01 4.871149e+01
    endloop
  endfacet
  facet normal 9.415427e-01 0.000000e+00 -3.368937e-01
    outer loop
      vertex   2.059346e+01 -1.950000e+01 4.871149e+01
      vertex   2.068438e+01 -2.250000e+01 4.896558e+01
      vertex   2.059346e+01 -2.250000e+01 4.871149e+01
    endloop
  endfacet
  facet normal 9.700322e-01 0.000000e+00 -2.429763e-01
    outer loop
      vertex   2.059346e+01 -1.950000e+01 4.871149e+01
      vertex   2.059346e+01 -2.250000e+01 4.871149e+01
      vertex   2.052789e+01 -1.950000e+01 4.844970e+01
    endloop
  endfacet
  facet normal 9.700322e-01 0.000000e+00 -2.429763e-01
    outer loop
      vertex   2.052789e+01 -1.950000e+01 4.844970e+01
      vertex   2.059346e+01 -2.250000e+01 4.871149e+01
      vertex   2.052789e+01 -2.250000e+01 4.844970e+01
    endloop
  endfacet
  facet normal 9.891764e-01 0.000000e+00 -1.467315e-01
    outer loop
      vertex   2.052789e+01 -1.950000e+01 4.844970e+01
      vertex   2.052789e+01 -2.250000e+01 4.844970e+01
      vertex   2.048829e+01 -1.950000e+01 4.818275e+01
    endloop
  endfacet
  facet normal 9.891764e-01 0.000000e+00 -1.467315e-01
    outer loop
      vertex   2.048829e+01 -1.950000e+01 4.818275e+01
      vertex   2.052789e+01 -2.250000e+01 4.844970e+01
      vertex   2.048829e+01 -2.250000e+01 4.818275e+01
    endloop
  endfacet
  facet normal -0.000000e+00 -1.000000e+00 0.000000e+00
    outer loop
      vertex   2.163818e+01 -1.950000e+01 4.811781e+01
      vertex   2.048829e+01 -1.950000e+01 4.818275e+01
      vertex   2.162505e+01 -1.950000e+01 4.791320e+01
    endloop
  endfacet
  facet normal 0.000000e+00 -1.000000e+00 0.000000e+00
    outer loop
      vertex   2.162505e+01 -1.950000e+01 4.791320e+01
      vertex   2.048829e+01 -1.950000e+01 4.818275e+01
      vertex   2.047505e+01 -1.950000e+01 4.791320e+01
    endloop
  endfacet
  facet normal -0.000000e+00 -1.000000e+00 0.000000e+00
    outer loop
      vertex   2.162505e+01 -1.950000e+01 4.791320e+01
      vertex   2.047505e+01 -1.950000e+01 4.791320e+01
      vertex   2.048829e+01 -1.950000e+01 4.764366e+01
    endloop
  endfacet
  facet normal 0.000000e+00 -1.000000e+00 0.000000e+00
    outer loop
      vertex   2.048829e+01 -1.950000e+01 4.818275e+01
      vertex   2.163818e+01 -1.950000e+01 4.811781e+01
      vertex   2.052789e+01 -1.950000e+01 4.844970e+01
    endloop
  endfacet
  facet normal 0.000000e+00 -1.000000e+00 0.000000e+00
    outer loop
      vertex   2.052789e+01 -1.950000e+01 4.844970e+01
      vertex   2.163818e+01 -1.950000e+01 4.811781e+01
      vertex   2.167737e+01 -1.950000e+01 4.831905e+01
    endloop
  endfacet
  facet normal 0.000000e+00 -1.000000e+00 0.000000e+00
    outer loop
      vertex   2.052789e+01 -1.950000e+01 4.844970e+01
      vertex   2.167737e+01 -1.950000e+01 4.831905e+01
      vertex   2.059346e+01 -1.950000e+01 4.871149e+01
    endloop
  endfacet
  facet normal 0.000000e+00 -1.000000e+00 0.000000e+00
    outer loop
      vertex   2.059346e+01 -1.950000e+01 4.871149e+01
      vertex   2.167737e+01 -1.950000e+01 4.831905e+01
      vertex   2.174198e+01 -1.950000e+01 4.851363e+01
    endloop
  endfacet
  facet normal 0.000000e+00 -1.000000e+00 0.000000e+00
    outer loop
      vertex   2.059346e+01 -1.950000e+01 4.871149e+01
      vertex   2.174198e+01 -1.950000e+01 4.851363e+01
      vertex   2.068438e+01 -1.950000e+01 4.896558e+01
    endloop
  endfacet
  facet normal 0.000000e+00 -1.000000e+00 0.000000e+00
    outer loop
      vertex   2.068438e+01 -1.950000e+01 4.896558e+01
      vertex   2.174198e+01 -1.950000e+01 4.851363e+01
      vertex   2.079976e+01 -1.950000e+01 4.920955e+01
    endloop
  endfacet
  facet normal 0.000000e+00 -1.000000e+00 0.000000e+00
    outer loop
      vertex   2.079976e+01 -1.950000e+01 4.920955e+01
      vertex   2.174198e+01 -1.950000e+01 4.851363e+01
      vertex   2.183094e+01 -1.950000e+01 4.869835e+01
    endloop
  endfacet
  facet normal 0.000000e+00 -1.000000e+00 0.000000e+00
    outer loop
      vertex   2.079976e+01 -1.950000e+01 4.920955e+01
      vertex   2.183094e+01 -1.950000e+01 4.869835e+01
      vertex   2.093851e+01 -1.950000e+01 4.944102e+01
    endloop
  endfacet
  facet normal 0.000000e+00 -1.000000e+00 0.000000e+00
    outer loop
      vertex   2.093851e+01 -1.950000e+01 4.944102e+01
      vertex   2.183094e+01 -1.950000e+01 4.869835e+01
      vertex   2.194278e+01 -1.950000e+01 4.887018e+01
    endloop
  endfacet
  facet normal 0.000000e+00 -1.000000e+00 0.000000e+00
    outer loop
      vertex   2.093851e+01 -1.950000e+01 4.944102e+01
      vertex   2.194278e+01 -1.950000e+01 4.887018e+01
      vertex   2.109927e+01 -1.950000e+01 4.965779e+01
    endloop
  endfacet
  facet normal 0.000000e+00 -1.000000e+00 0.000000e+00
    outer loop
      vertex   2.109927e+01 -1.950000e+01 4.965779e+01
      vertex   2.194278e+01 -1.950000e+01 4.887018e+01
      vertex   2.207569e+01 -1.950000e+01 4.902629e+01
    endloop
  endfacet
  facet normal 0.000000e+00 -1.000000e+00 0.000000e+00
    outer loop
      vertex   2.109927e+01 -1.950000e+01 4.965779e+01
      vertex   2.207569e+01 -1.950000e+01 4.902629e+01
      vertex   2.128050e+01 -1.950000e+01 4.985775e+01
    endloop
  endfacet
  facet normal 0.000000e+00 -1.000000e+00 0.000000e+00
    outer loop
      vertex   2.128050e+01 -1.950000e+01 4.985775e+01
      vertex   2.207569e+01 -1.950000e+01 4.902629e+01
      vertex   2.222746e+01 -1.950000e+01 4.916413e+01
    endloop
  endfacet
  facet normal 0.000000e+00 -1.000000e+00 0.000000e+00
    outer loop
      vertex   2.128050e+01 -1.950000e+01 4.985775e+01
      vertex   2.222746e+01 -1.950000e+01 4.916413e+01
      vertex   2.148046e+01 -1.950000e+01 5.003898e+01
    endloop
  endfacet
  facet normal 0.000000e+00 -1.000000e+00 0.000000e+00
    outer loop
      vertex   2.148046e+01 -1.950000e+01 5.003898e+01
      vertex   2.222746e+01 -1.950000e+01 4.916413e+01
      vertex   2.169723e+01 -1.950000e+01 5.019975e+01
    endloop
  endfacet
  facet normal 0.000000e+00 -1.000000e+00 0.000000e+00
    outer loop
      vertex   2.169723e+01 -1.950000e+01 5.019975e+01
      vertex   2.222746e+01 -1.950000e+01 4.916413e+01
      vertex   2.239562e+01 -1.950000e+01 4.928144e+01
    endloop
  endfacet
  facet normal 0.000000e+00 -1.000000e+00 0.000000e+00
    outer loop
      vertex   2.169723e+01 -1.950000e+01 5.019975e+01
      vertex   2.239562e+01 -1.950000e+01 4.928144e+01
      vertex   2.192871e+01 -1.950000e+01 5.033849e+01
    endloop
  endfacet
  facet normal 0.000000e+00 -1.000000e+00 0.000000e+00
    outer loop
      vertex   2.192871e+01 -1.950000e+01 5.033849e+01
      vertex   2.239562e+01 -1.950000e+01 4.928144e+01
      vertex   2.257739e+01 -1.950000e+01 4.937626e+01
    endloop
  endfacet
  facet normal 0.000000e+00 -1.000000e+00 0.000000e+00
    outer loop
      vertex   2.192871e+01 -1.950000e+01 5.033849e+01
      vertex   2.257739e+01 -1.950000e+01 4.937626e+01
      vertex   2.217267e+01 -1.950000e+01 5.045387e+01
    endloop
  endfacet
  facet normal 0.000000e+00 -1.000000e+00 0.000000e+00
    outer loop
      vertex   2.217267e+01 -1.950000e+01 5.045387e+01
      vertex   2.257739e+01 -1.950000e+01 4.937626e+01
      vertex   2.276980e+01 -1.950000e+01 4.944707e+01
    endloop
  endfacet
  facet normal 0.000000e+00 -1.000000e+00 0.000000e+00
    outer loop
      vertex   2.217267e+01 -1.950000e+01 5.045387e+01
      vertex   2.276980e+01 -1.950000e+01 4.944707e+01
      vertex   2.242676e+01 -1.950000e+01 5.054479e+01
    endloop
  endfacet
  facet normal 0.000000e+00 -1.000000e+00 0.000000e+00
    outer loop
      vertex   2.242676e+01 -1.950000e+01 5.054479e+01
      vertex   2.276980e+01 -1.950000e+01 4.944707e+01
      vertex   2.268855e+01 -1.950000e+01 5.061036e+01
    endloop
  endfacet
  facet normal 0.000000e+00 -1.000000e+00 0.000000e+00
    outer loop
      vertex   2.268855e+01 -1.950000e+01 5.061036e+01
      vertex   2.276980e+01 -1.950000e+01 4.944707e+01
      vertex   2.296969e+01 -1.950000e+01 4.949269e+01
    endloop
  endfacet
  facet normal 0.000000e+00 -1.000000e+00 0.000000e+00
    outer loop
      vertex   2.268855e+01 -1.950000e+01 5.061036e+01
      vertex   2.296969e+01 -1.950000e+01 4.949269e+01
      vertex   2.295550e+01 -1.950000e+01 5.064996e+01
    endloop
  endfacet
  facet normal 0.000000e+00 -1.000000e+00 0.000000e+00
    outer loop
      vertex   2.295550e+01 -1.950000e+01 5.064996e+01
      vertex   2.296969e+01 -1.950000e+01 4.949269e+01
      vertex   2.317376e+01 -1.950000e+01 4.951238e+01
    endloop
  endfacet
  facet normal 0.000000e+00 -1.000000e+00 0.000000e+00
    outer loop
      vertex   2.295550e+01 -1.950000e+01 5.064996e+01
      vertex   2.317376e+01 -1.950000e+01 4.951238e+01
      vertex   2.322505e+01 -1.950000e+01 5.066320e+01
    endloop
  endfacet
  facet normal 0.000000e+00 -1.000000e+00 -0.000000e+00
    outer loop
      vertex   2.322505e+01 -1.950000e+01 5.066320e+01
      vertex   2.317376e+01 -1.950000e+01 4.951238e+01
      vertex   2.337868e+01 -1.950000e+01 4.950581e+01
    endloop
  endfacet
  facet normal 0.000000e+00 -1.000000e+00 0.000000e+00
    outer loop
      vertex   2.322505e+01 -1.950000e+01 5.066320e+01
      vertex   2.337868e+01 -1.950000e+01 4.950581e+01
      vertex   2.349459e+01 -1.950000e+01 5.064996e+01
    endloop
  endfacet
  facet normal 0.000000e+00 -1.000000e+00 -0.000000e+00
    outer loop
      vertex   2.349459e+01 -1.950000e+01 5.064996e+01
      vertex   2.337868e+01 -1.950000e+01 4.950581e+01
      vertex   2.376154e+01 -1.950000e+01 5.061036e+01
    endloop
  endfacet
  facet normal 0.000000e+00 -1.000000e+00 0.000000e+00
    outer loop
      vertex   2.376154e+01 -1.950000e+01 5.061036e+01
      vertex   2.337868e+01 -1.950000e+01 4.950581e+01
      vertex   2.358108e+01 -1.950000e+01 4.947309e+01
    endloop
  endfacet
  facet normal 0.000000e+00 -1.000000e+00 -0.000000e+00
    outer loop
      vertex   2.376154e+01 -1.950000e+01 5.061036e+01
      vertex   2.358108e+01 -1.950000e+01 4.947309e+01
      vertex   2.402333e+01 -1.950000e+01 5.054479e+01
    endloop
  endfacet
  facet normal 0.000000e+00 -1.000000e+00 0.000000e+00
    outer loop
      vertex   2.402333e+01 -1.950000e+01 5.054479e+01
      vertex   2.358108e+01 -1.950000e+01 4.947309e+01
      vertex   2.377763e+01 -1.950000e+01 4.941475e+01
    endloop
  endfacet
  facet normal 0.000000e+00 -1.000000e+00 -0.000000e+00
    outer loop
      vertex   2.402333e+01 -1.950000e+01 5.054479e+01
      vertex   2.377763e+01 -1.950000e+01 4.941475e+01
      vertex   2.427742e+01 -1.950000e+01 5.045387e+01
    endloop
  endfacet
  facet normal 0.000000e+00 -1.000000e+00 0.000000e+00
    outer loop
      vertex   2.427742e+01 -1.950000e+01 5.045387e+01
      vertex   2.377763e+01 -1.950000e+01 4.941475e+01
      vertex   2.396511e+01 -1.950000e+01 4.933177e+01
    endloop
  endfacet
  facet normal 0.000000e+00 -1.000000e+00 -0.000000e+00
    outer loop
      vertex   2.427742e+01 -1.950000e+01 5.045387e+01
      vertex   2.396511e+01 -1.950000e+01 4.933177e+01
      vertex   2.452139e+01 -1.950000e+01 5.033849e+01
    endloop
  endfacet
  facet normal 0.000000e+00 -1.000000e+00 -0.000000e+00
    outer loop
      vertex   2.452139e+01 -1.950000e+01 5.033849e+01
      vertex   2.396511e+01 -1.950000e+01 4.933177e+01
      vertex   2.475286e+01 -1.950000e+01 5.019975e+01
    endloop
  endfacet
  facet normal 0.000000e+00 -1.000000e+00 0.000000e+00
    outer loop
      vertex   2.475286e+01 -1.950000e+01 5.019975e+01
      vertex   2.396511e+01 -1.950000e+01 4.933177e+01
      vertex   2.414043e+01 -1.950000e+01 4.922548e+01
    endloop
  endfacet
  facet normal 0.000000e+00 -1.000000e+00 -0.000000e+00
    outer loop
      vertex   2.475286e+01 -1.950000e+01 5.019975e+01
      vertex   2.414043e+01 -1.950000e+01 4.922548e+01
      vertex   2.496963e+01 -1.950000e+01 5.003898e+01
    endloop
  endfacet
  facet normal 0.000000e+00 -1.000000e+00 0.000000e+00
    outer loop
      vertex   2.496963e+01 -1.950000e+01 5.003898e+01
      vertex   2.414043e+01 -1.950000e+01 4.922548e+01
      vertex   2.430073e+01 -1.950000e+01 4.909765e+01
    endloop
  endfacet
  facet normal 0.000000e+00 -1.000000e+00 -0.000000e+00
    outer loop
      vertex   2.496963e+01 -1.950000e+01 5.003898e+01
      vertex   2.430073e+01 -1.950000e+01 4.909765e+01
      vertex   2.516959e+01 -1.950000e+01 4.985775e+01
    endloop
  endfacet
  facet normal 0.000000e+00 -1.000000e+00 0.000000e+00
    outer loop
      vertex   2.516959e+01 -1.950000e+01 4.985775e+01
      vertex   2.430073e+01 -1.950000e+01 4.909765e+01
      vertex   2.444336e+01 -1.950000e+01 4.895037e+01
    endloop
  endfacet
  facet normal 0.000000e+00 -1.000000e+00 -0.000000e+00
    outer loop
      vertex   2.516959e+01 -1.950000e+01 4.985775e+01
      vertex   2.444336e+01 -1.950000e+01 4.895037e+01
      vertex   2.535083e+01 -1.950000e+01 4.965779e+01
    endloop
  endfacet
  facet normal 0.000000e+00 -1.000000e+00 0.000000e+00
    outer loop
      vertex   2.535083e+01 -1.950000e+01 4.965779e+01
      vertex   2.444336e+01 -1.950000e+01 4.895037e+01
      vertex   2.456599e+01 -1.950000e+01 4.878606e+01
    endloop
  endfacet
  facet normal 0.000000e+00 -1.000000e+00 -0.000000e+00
    outer loop
      vertex   2.535083e+01 -1.950000e+01 4.965779e+01
      vertex   2.456599e+01 -1.950000e+01 4.878606e+01
      vertex   2.551159e+01 -1.950000e+01 4.944102e+01
    endloop
  endfacet
  facet normal 0.000000e+00 -1.000000e+00 -0.000000e+00
    outer loop
      vertex   2.551159e+01 -1.950000e+01 4.944102e+01
      vertex   2.456599e+01 -1.950000e+01 4.878606e+01
      vertex   2.565033e+01 -1.950000e+01 4.920955e+01
    endloop
  endfacet
  facet normal 0.000000e+00 -1.000000e+00 0.000000e+00
    outer loop
      vertex   2.565033e+01 -1.950000e+01 4.920955e+01
      vertex   2.456599e+01 -1.950000e+01 4.878606e+01
      vertex   2.466660e+01 -1.950000e+01 4.860742e+01
    endloop
  endfacet
  facet normal 0.000000e+00 -1.000000e+00 -0.000000e+00
    outer loop
      vertex   2.565033e+01 -1.950000e+01 4.920955e+01
      vertex   2.466660e+01 -1.950000e+01 4.860742e+01
      vertex   2.576571e+01 -1.950000e+01 4.896558e+01
    endloop
  endfacet
  facet normal 0.000000e+00 -1.000000e+00 0.000000e+00
    outer loop
      vertex   2.576571e+01 -1.950000e+01 4.896558e+01
      vertex   2.466660e+01 -1.950000e+01 4.860742e+01
      vertex   2.474354e+01 -1.950000e+01 4.841738e+01
    endloop
  endfacet
  facet normal 0.000000e+00 -1.000000e+00 -0.000000e+00
    outer loop
      vertex   2.576571e+01 -1.950000e+01 4.896558e+01
      vertex   2.474354e+01 -1.950000e+01 4.841738e+01
      vertex   2.585663e+01 -1.950000e+01 4.871149e+01
    endloop
  endfacet
  facet normal 0.000000e+00 -1.000000e+00 0.000000e+00
    outer loop
      vertex   2.585663e+01 -1.950000e+01 4.871149e+01
      vertex   2.474354e+01 -1.950000e+01 4.841738e+01
      vertex   2.479554e+01 -1.950000e+01 4.821906e+01
    endloop
  endfacet
  facet normal 0.000000e+00 -1.000000e+00 -0.000000e+00
    outer loop
      vertex   2.585663e+01 -1.950000e+01 4.871149e+01
      vertex   2.479554e+01 -1.950000e+01 4.821906e+01
      vertex   2.592221e+01 -1.950000e+01 4.844970e+01
    endloop
  endfacet
  facet normal 0.000000e+00 -1.000000e+00 -0.000000e+00
    outer loop
      vertex   2.592221e+01 -1.950000e+01 4.844970e+01
      vertex   2.479554e+01 -1.950000e+01 4.821906e+01
      vertex   2.596180e+01 -1.950000e+01 4.818275e+01
    endloop
  endfacet
  facet normal -0.000000e+00 -1.000000e+00 0.000000e+00
    outer loop
      vertex   2.596180e+01 -1.950000e+01 4.818275e+01
      vertex   2.479554e+01 -1.950000e+01 4.821906e+01
      vertex   2.482176e+01 -1.950000e+01 4.801572e+01
    endloop
  endfacet
  facet normal 0.000000e+00 -1.000000e+00 -0.000000e+00
    outer loop
      vertex   2.596180e+01 -1.950000e+01 4.818275e+01
      vertex   2.482176e+01 -1.950000e+01 4.801572e+01
      vertex   2.597505e+01 -1.950000e+01 4.791320e+01
    endloop
  endfacet
  facet normal -0.000000e+00 -1.000000e+00 0.000000e+00
    outer loop
      vertex   2.597505e+01 -1.950000e+01 4.791320e+01
      vertex   2.482176e+01 -1.950000e+01 4.801572e+01
      vertex   2.482176e+01 -1.950000e+01 4.781069e+01
    endloop
  endfacet
  facet normal 0.000000e+00 -1.000000e+00 0.000000e+00
    outer loop
      vertex   2.597505e+01 -1.950000e+01 4.791320e+01
      vertex   2.482176e+01 -1.950000e+01 4.781069e+01
      vertex   2.596180e+01 -1.950000e+01 4.764366e+01
    endloop
  endfacet
  facet normal -0.000000e+00 -1.000000e+00 0.000000e+00
    outer loop
      vertex   2.596180e+01 -1.950000e+01 4.764366e+01
      vertex   2.482176e+01 -1.950000e+01 4.781069e+01
      vertex   2.479554e+01 -1.950000e+01 4.760735e+01
    endloop
  endfacet
  facet normal 0.000000e+00 -1.000000e+00 0.000000e+00
    outer loop
      vertex   2.596180e+01 -1.950000e+01 4.764366e+01
      vertex   2.479554e+01 -1.950000e+01 4.760735e+01
      vertex   2.592221e+01 -1.950000e+01 4.737670e+01
    endloop
  endfacet
  facet normal -0.000000e+00 -1.000000e+00 0.000000e+00
    outer loop
      vertex   2.592221e+01 -1.950000e+01 4.737670e+01
      vertex   2.479554e+01 -1.950000e+01 4.760735e+01
      vertex   2.585663e+01 -1.950000e+01 4.711492e+01
    endloop
  endfacet
  facet normal 0.000000e+00 -1.000000e+00 0.000000e+00
    outer loop
      vertex   2.585663e+01 -1.950000e+01 4.711492e+01
      vertex   2.479554e+01 -1.950000e+01 4.760735e+01
      vertex   2.474354e+01 -1.950000e+01 4.740903e+01
    endloop
  endfacet
  facet normal -0.000000e+00 -1.000000e+00 0.000000e+00
    outer loop
      vertex   2.585663e+01 -1.950000e+01 4.711492e+01
      vertex   2.474354e+01 -1.950000e+01 4.740903e+01
      vertex   2.576571e+01 -1.950000e+01 4.686082e+01
    endloop
  endfacet
  facet normal 0.000000e+00 -1.000000e+00 0.000000e+00
    outer loop
      vertex   2.576571e+01 -1.950000e+01 4.686082e+01
      vertex   2.474354e+01 -1.950000e+01 4.740903e+01
      vertex   2.466660e+01 -1.950000e+01 4.721899e+01
    endloop
  endfacet
  facet normal -0.000000e+00 -1.000000e+00 0.000000e+00
    outer loop
      vertex   2.576571e+01 -1.950000e+01 4.686082e+01
      vertex   2.466660e+01 -1.950000e+01 4.721899e+01
      vertex   2.565033e+01 -1.950000e+01 4.661686e+01
    endloop
  endfacet
  facet normal 0.000000e+00 -1.000000e+00 0.000000e+00
    outer loop
      vertex   2.565033e+01 -1.950000e+01 4.661686e+01
      vertex   2.466660e+01 -1.950000e+01 4.721899e+01
      vertex   2.456599e+01 -1.950000e+01 4.704035e+01
    endloop
  endfacet
  facet normal -0.000000e+00 -1.000000e+00 0.000000e+00
    outer loop
      vertex   2.565033e+01 -1.950000e+01 4.661686e+01
      vertex   2.456599e+01 -1.950000e+01 4.704035e+01
      vertex   2.551159e+01 -1.950000e+01 4.638539e+01
    endloop
  endfacet
  facet normal -0.000000e+00 -1.000000e+00 0.000000e+00
    outer loop
      vertex   2.551159e+01 -1.950000e+01 4.638539e+01
      vertex   2.456599e+01 -1.950000e+01 4.704035e+01
      vertex   2.535083e+01 -1.950000e+01 4.616862e+01
    endloop
  endfacet
  facet normal 0.000000e+00 -1.000000e+00 0.000000e+00
    outer loop
      vertex   2.535083e+01 -1.950000e+01 4.616862e+01
      vertex   2.456599e+01 -1.950000e+01 4.704035e+01
      vertex   2.444336e+01 -1.950000e+01 4.687604e+01
    endloop
  endfacet
  facet normal -0.000000e+00 -1.000000e+00 0.000000e+00
    outer loop
      vertex   2.535083e+01 -1.950000e+01 4.616862e+01
      vertex   2.444336e+01 -1.950000e+01 4.687604e+01
      vertex   2.516959e+01 -1.950000e+01 4.596866e+01
    endloop
  endfacet
  facet normal 0.000000e+00 -1.000000e+00 0.000000e+00
    outer loop
      vertex   2.516959e+01 -1.950000e+01 4.596866e+01
      vertex   2.444336e+01 -1.950000e+01 4.687604e+01
      vertex   2.430073e+01 -1.950000e+01 4.672876e+01
    endloop
  endfacet
  facet normal -0.000000e+00 -1.000000e+00 0.000000e+00
    outer loop
      vertex   2.516959e+01 -1.950000e+01 4.596866e+01
      vertex   2.430073e+01 -1.950000e+01 4.672876e+01
      vertex   2.496963e+01 -1.950000e+01 4.578743e+01
    endloop
  endfacet
  facet normal 0.000000e+00 -1.000000e+00 0.000000e+00
    outer loop
      vertex   2.496963e+01 -1.950000e+01 4.578743e+01
      vertex   2.430073e+01 -1.950000e+01 4.672876e+01
      vertex   2.414043e+01 -1.950000e+01 4.660093e+01
    endloop
  endfacet
  facet normal -0.000000e+00 -1.000000e+00 0.000000e+00
    outer loop
      vertex   2.496963e+01 -1.950000e+01 4.578743e+01
      vertex   2.414043e+01 -1.950000e+01 4.660093e+01
      vertex   2.475286e+01 -1.950000e+01 4.562666e+01
    endloop
  endfacet
  facet normal 0.000000e+00 -1.000000e+00 0.000000e+00
    outer loop
      vertex   2.475286e+01 -1.950000e+01 4.562666e+01
      vertex   2.414043e+01 -1.950000e+01 4.660093e+01
      vertex   2.396511e+01 -1.950000e+01 4.649465e+01
    endloop
  endfacet
  facet normal -0.000000e+00 -1.000000e+00 0.000000e+00
    outer loop
      vertex   2.475286e+01 -1.950000e+01 4.562666e+01
      vertex   2.396511e+01 -1.950000e+01 4.649465e+01
      vertex   2.452139e+01 -1.950000e+01 4.548792e+01
    endloop
  endfacet
  facet normal -0.000000e+00 -1.000000e+00 0.000000e+00
    outer loop
      vertex   2.452139e+01 -1.950000e+01 4.548792e+01
      vertex   2.396511e+01 -1.950000e+01 4.649465e+01
      vertex   2.427742e+01 -1.950000e+01 4.537253e+01
    endloop
  endfacet
  facet normal 0.000000e+00 -1.000000e+00 0.000000e+00
    outer loop
      vertex   2.427742e+01 -1.950000e+01 4.537253e+01
      vertex   2.396511e+01 -1.950000e+01 4.649465e+01
      vertex   2.377763e+01 -1.950000e+01 4.641166e+01
    endloop
  endfacet
  facet normal -0.000000e+00 -1.000000e+00 0.000000e+00
    outer loop
      vertex   2.427742e+01 -1.950000e+01 4.537253e+01
      vertex   2.377763e+01 -1.950000e+01 4.641166e+01
      vertex   2.402333e+01 -1.950000e+01 4.528162e+01
    endloop
  endfacet
  facet normal 0.000000e+00 -1.000000e+00 0.000000e+00
    outer loop
      vertex   2.402333e+01 -1.950000e+01 4.528162e+01
      vertex   2.377763e+01 -1.950000e+01 4.641166e+01
      vertex   2.358108e+01 -1.950000e+01 4.635332e+01
    endloop
  endfacet
  facet normal -0.000000e+00 -1.000000e+00 0.000000e+00
    outer loop
      vertex   2.402333e+01 -1.950000e+01 4.528162e+01
      vertex   2.358108e+01 -1.950000e+01 4.635332e+01
      vertex   2.376154e+01 -1.950000e+01 4.521605e+01
    endloop
  endfacet
  facet normal 0.000000e+00 -1.000000e+00 0.000000e+00
    outer loop
      vertex   2.376154e+01 -1.950000e+01 4.521605e+01
      vertex   2.358108e+01 -1.950000e+01 4.635332e+01
      vertex   2.337868e+01 -1.950000e+01 4.632060e+01
    endloop
  endfacet
  facet normal -0.000000e+00 -1.000000e+00 0.000000e+00
    outer loop
      vertex   2.376154e+01 -1.950000e+01 4.521605e+01
      vertex   2.337868e+01 -1.950000e+01 4.632060e+01
      vertex   2.349459e+01 -1.950000e+01 4.517644e+01
    endloop
  endfacet
  facet normal -0.000000e+00 -1.000000e+00 0.000000e+00
    outer loop
      vertex   2.349459e+01 -1.950000e+01 4.517644e+01
      vertex   2.337868e+01 -1.950000e+01 4.632060e+01
      vertex   2.322505e+01 -1.950000e+01 4.516320e+01
    endloop
  endfacet
  facet normal 0.000000e+00 -1.000000e+00 0.000000e+00
    outer loop
      vertex   2.322505e+01 -1.950000e+01 4.516320e+01
      vertex   2.337868e+01 -1.950000e+01 4.632060e+01
      vertex   2.317376e+01 -1.950000e+01 4.631402e+01
    endloop
  endfacet
  facet normal 0.000000e+00 -1.000000e+00 0.000000e+00
    outer loop
      vertex   2.322505e+01 -1.950000e+01 4.516320e+01
      vertex   2.317376e+01 -1.950000e+01 4.631402e+01
      vertex   2.295550e+01 -1.950000e+01 4.517644e+01
    endloop
  endfacet
  facet normal 0.000000e+00 -1.000000e+00 0.000000e+00
    outer loop
      vertex   2.295550e+01 -1.950000e+01 4.517644e+01
      vertex   2.317376e+01 -1.950000e+01 4.631402e+01
      vertex   2.296969e+01 -1.950000e+01 4.633371e+01
    endloop
  endfacet
  facet normal 0.000000e+00 -1.000000e+00 0.000000e+00
    outer loop
      vertex   2.295550e+01 -1.950000e+01 4.517644e+01
      vertex   2.296969e+01 -1.950000e+01 4.633371e+01
      vertex   2.268855e+01 -1.950000e+01 4.521605e+01
    endloop
  endfacet
  facet normal 0.000000e+00 -1.000000e+00 0.000000e+00
    outer loop
      vertex   2.268855e+01 -1.950000e+01 4.521605e+01
      vertex   2.296969e+01 -1.950000e+01 4.633371e+01
      vertex   2.276980e+01 -1.950000e+01 4.637934e+01
    endloop
  endfacet
  facet normal 0.000000e+00 -1.000000e+00 0.000000e+00
    outer loop
      vertex   2.268855e+01 -1.950000e+01 4.521605e+01
      vertex   2.276980e+01 -1.950000e+01 4.637934e+01
      vertex   2.242676e+01 -1.950000e+01 4.528162e+01
    endloop
  endfacet
  facet normal 0.000000e+00 -1.000000e+00 0.000000e+00
    outer loop
      vertex   2.242676e+01 -1.950000e+01 4.528162e+01
      vertex   2.276980e+01 -1.950000e+01 4.637934e+01
      vertex   2.217267e+01 -1.950000e+01 4.537253e+01
    endloop
  endfacet
  facet normal 0.000000e+00 -1.000000e+00 0.000000e+00
    outer loop
      vertex   2.217267e+01 -1.950000e+01 4.537253e+01
      vertex   2.276980e+01 -1.950000e+01 4.637934e+01
      vertex   2.257739e+01 -1.950000e+01 4.645014e+01
    endloop
  endfacet
  facet normal 0.000000e+00 -1.000000e+00 0.000000e+00
    outer loop
      vertex   2.217267e+01 -1.950000e+01 4.537253e+01
      vertex   2.257739e+01 -1.950000e+01 4.645014e+01
      vertex   2.192871e+01 -1.950000e+01 4.548792e+01
    endloop
  endfacet
  facet normal 0.000000e+00 -1.000000e+00 0.000000e+00
    outer loop
      vertex   2.192871e+01 -1.950000e+01 4.548792e+01
      vertex   2.257739e+01 -1.950000e+01 4.645014e+01
      vertex   2.239562e+01 -1.950000e+01 4.654498e+01
    endloop
  endfacet
  facet normal 0.000000e+00 -1.000000e+00 0.000000e+00
    outer loop
      vertex   2.192871e+01 -1.950000e+01 4.548792e+01
      vertex   2.239562e+01 -1.950000e+01 4.654498e+01
      vertex   2.169723e+01 -1.950000e+01 4.562666e+01
    endloop
  endfacet
  facet normal 0.000000e+00 -1.000000e+00 0.000000e+00
    outer loop
      vertex   2.169723e+01 -1.950000e+01 4.562666e+01
      vertex   2.239562e+01 -1.950000e+01 4.654498e+01
      vertex   2.222746e+01 -1.950000e+01 4.666227e+01
    endloop
  endfacet
  facet normal 0.000000e+00 -1.000000e+00 0.000000e+00
    outer loop
      vertex   2.169723e+01 -1.950000e+01 4.562666e+01
      vertex   2.222746e+01 -1.950000e+01 4.666227e+01
      vertex   2.148046e+01 -1.950000e+01 4.578743e+01
    endloop
  endfacet
  facet normal 0.000000e+00 -1.000000e+00 0.000000e+00
    outer loop
      vertex   2.148046e+01 -1.950000e+01 4.578743e+01
      vertex   2.222746e+01 -1.950000e+01 4.666227e+01
      vertex   2.128050e+01 -1.950000e+01 4.596866e+01
    endloop
  endfacet
  facet normal 0.000000e+00 -1.000000e+00 0.000000e+00
    outer loop
      vertex   2.128050e+01 -1.950000e+01 4.596866e+01
      vertex   2.222746e+01 -1.950000e+01 4.666227e+01
      vertex   2.207569e+01 -1.950000e+01 4.680011e+01
    endloop
  endfacet
  facet normal 0.000000e+00 -1.000000e+00 0.000000e+00
    outer loop
      vertex   2.128050e+01 -1.950000e+01 4.596866e+01
      vertex   2.207569e+01 -1.950000e+01 4.680011e+01
      vertex   2.109927e+01 -1.950000e+01 4.616862e+01
    endloop
  endfacet
  facet normal 0.000000e+00 -1.000000e+00 0.000000e+00
    outer loop
      vertex   2.109927e+01 -1.950000e+01 4.616862e+01
      vertex   2.207569e+01 -1.950000e+01 4.680011e+01
      vertex   2.194278e+01 -1.950000e+01 4.695622e+01
    endloop
  endfacet
  facet normal 0.000000e+00 -1.000000e+00 0.000000e+00
    outer loop
      vertex   2.109927e+01 -1.950000e+01 4.616862e+01
      vertex   2.194278e+01 -1.950000e+01 4.695622e+01
      vertex   2.093851e+01 -1.950000e+01 4.638539e+01
    endloop
  endfacet
  facet normal 0.000000e+00 -1.000000e+00 0.000000e+00
    outer loop
      vertex   2.093851e+01 -1.950000e+01 4.638539e+01
      vertex   2.194278e+01 -1.950000e+01 4.695622e+01
      vertex   2.183094e+01 -1.950000e+01 4.712806e+01
    endloop
  endfacet
  facet normal 0.000000e+00 -1.000000e+00 0.000000e+00
    outer loop
      vertex   2.093851e+01 -1.950000e+01 4.638539e+01
      vertex   2.183094e+01 -1.950000e+01 4.712806e+01
      vertex   2.079976e+01 -1.950000e+01 4.661686e+01
    endloop
  endfacet
  facet normal 0.000000e+00 -1.000000e+00 0.000000e+00
    outer loop
      vertex   2.079976e+01 -1.950000e+01 4.661686e+01
      vertex   2.183094e+01 -1.950000e+01 4.712806e+01
      vertex   2.174198e+01 -1.950000e+01 4.731278e+01
    endloop
  endfacet
  facet normal 0.000000e+00 -1.000000e+00 0.000000e+00
    outer loop
      vertex   2.079976e+01 -1.950000e+01 4.661686e+01
      vertex   2.174198e+01 -1.950000e+01 4.731278e+01
      vertex   2.068438e+01 -1.950000e+01 4.686082e+01
    endloop
  endfacet
  facet normal 0.000000e+00 -1.000000e+00 0.000000e+00
    outer loop
      vertex   2.068438e+01 -1.950000e+01 4.686082e+01
      vertex   2.174198e+01 -1.950000e+01 4.731278e+01
      vertex   2.059346e+01 -1.950000e+01 4.711492e+01
    endloop
  endfacet
  facet normal 0.000000e+00 -1.000000e+00 0.000000e+00
    outer loop
      vertex   2.059346e+01 -1.950000e+01 4.711492e+01
      vertex   2.174198e+01 -1.950000e+01 4.731278e+01
      vertex   2.167737e+01 -1.950000e+01 4.750735e+01
    endloop
  endfacet
  facet normal 0.000000e+00 -1.000000e+00 0.000000e+00
    outer loop
      vertex   2.059346e+01 -1.950000e+01 4.711492e+01
      vertex   2.167737e+01 -1.950000e+01 4.750735e+01
      vertex   2.052789e+01 -1.950000e+01 4.737670e+01
    endloop
  endfacet
  facet normal 0.000000e+00 -1.000000e+00 0.000000e+00
    outer loop
      vertex   2.052789e+01 -1.950000e+01 4.737670e+01
      vertex   2.167737e+01 -1.950000e+01 4.750735e+01
      vertex   2.163818e+01 -1.950000e+01 4.770860e+01
    endloop
  endfacet
  facet normal 0.000000e+00 -1.000000e+00 0.000000e+00
    outer loop
      vertex   2.052789e+01 -1.950000e+01 4.737670e+01
      vertex   2.163818e+01 -1.950000e+01 4.770860e+01
      vertex   2.048829e+01 -1.950000e+01 4.764366e+01
    endloop
  endfacet
  facet normal 0.000000e+00 -1.000000e+00 0.000000e+00
    outer loop
      vertex   2.048829e+01 -1.950000e+01 4.764366e+01
      vertex   2.163818e+01 -1.950000e+01 4.770860e+01
      vertex   2.162505e+01 -1.950000e+01 4.791320e+01
    endloop
  endfacet
  facet normal 9.987955e-01 0.000000e+00 -4.906692e-02
    outer loop
      vertex   2.048829e+01 -1.950000e+01 3.318275e+01
      vertex   2.048829e+01 -2.250000e+01 3.318275e+01
      vertex   2.047505e+01 -1.950000e+01 3.291320e+01
    endloop
  endfacet
  facet normal 9.987955e-01 0.000000e+00 -4.906692e-02
    outer loop
      vertex   2.047505e+01 -1.950000e+01 3.291320e+01
      vertex   2.048829e+01 -2.250000e+01 3.318275e+01
      vertex   2.047505e+01 -2.250000e+01 3.291320e+01
    endloop
  endfacet
  facet normal 9.987955e-01 0.000000e+00 4.906692e-02
    outer loop
      vertex   2.047505e+01 -1.950000e+01 3.291320e+01
      vertex   2.047505e+01 -2.250000e+01 3.291320e+01
      vertex   2.048829e+01 -1.950000e+01 3.264366e+01
    endloop
  endfacet
  facet normal 9.987955e-01 0.000000e+00 4.906692e-02
    outer loop
      vertex   2.048829e+01 -1.950000e+01 3.264366e+01
      vertex   2.047505e+01 -2.250000e+01 3.291320e+01
      vertex   2.048829e+01 -2.250000e+01 3.264366e+01
    endloop
  endfacet
  facet normal 9.891764e-01 0.000000e+00 1.467315e-01
    outer loop
      vertex   2.048829e+01 -1.950000e+01 3.264366e+01
      vertex   2.048829e+01 -2.250000e+01 3.264366e+01
      vertex   2.052789e+01 -1.950000e+01 3.237670e+01
    endloop
  endfacet
  facet normal 9.891764e-01 0.000000e+00 1.467315e-01
    outer loop
      vertex   2.052789e+01 -1.950000e+01 3.237670e+01
      vertex   2.048829e+01 -2.250000e+01 3.264366e+01
      vertex   2.052789e+01 -2.250000e+01 3.237670e+01
    endloop
  endfacet
  facet normal 9.700322e-01 0.000000e+00 2.429763e-01
    outer loop
      vertex   2.052789e+01 -1.950000e+01 3.237670e+01
      vertex   2.052789e+01 -2.250000e+01 3.237670e+01
      vertex   2.059346e+01 -1.950000e+01 3.211492e+01
    endloop
  endfacet
  facet normal 9.700322e-01 0.000000e+00 2.429763e-01
    outer loop
      vertex   2.059346e+01 -1.950000e+01 3.211492e+01
      vertex   2.052789e+01 -2.250000e+01 3.237670e+01
      vertex   2.059346e+01 -2.250000e+01 3.211492e+01
    endloop
  endfacet
  facet normal 9.415427e-01 0.000000e+00 3.368937e-01
    outer loop
      vertex   2.059346e+01 -1.950000e+01 3.211492e+01
      vertex   2.059346e+01 -2.250000e+01 3.211492e+01
      vertex   2.068438e+01 -1.950000e+01 3.186082e+01
    endloop
  endfacet
  facet normal 9.415427e-01 0.000000e+00 3.368937e-01
    outer loop
      vertex   2.068438e+01 -1.950000e+01 3.186082e+01
      vertex   2.059346e+01 -2.250000e+01 3.211492e+01
      vertex   2.068438e+01 -2.250000e+01 3.186082e+01
    endloop
  endfacet
  facet normal 9.039881e-01 0.000000e+00 4.275576e-01
    outer loop
      vertex   2.068438e+01 -1.950000e+01 3.186082e+01
      vertex   2.068438e+01 -2.250000e+01 3.186082e+01
      vertex   2.079976e+01 -1.950000e+01 3.161686e+01
    endloop
  endfacet
  facet normal 9.039881e-01 0.000000e+00 4.275576e-01
    outer loop
      vertex   2.079976e+01 -1.950000e+01 3.161686e+01
      vertex   2.068438e+01 -2.250000e+01 3.186082e+01
      vertex   2.079976e+01 -2.250000e+01 3.161686e+01
    endloop
  endfacet
  facet normal 8.577282e-01 0.000000e+00 5.141033e-01
    outer loop
      vertex   2.079976e+01 -1.950000e+01 3.161686e+01
      vertex   2.079976e+01 -2.250000e+01 3.161686e+01
      vertex   2.093851e+01 -1.950000e+01 3.138539e+01
    endloop
  endfacet
  facet normal 8.577282e-01 0.000000e+00 5.141033e-01
    outer loop
      vertex   2.093851e+01 -1.950000e+01 3.138539e+01
      vertex   2.079976e+01 -2.250000e+01 3.161686e+01
      vertex   2.093851e+01 -2.250000e+01 3.138539e+01
    endloop
  endfacet
  facet normal 8.032102e-01 0.000000e+00 5.956956e-01
    outer loop
      vertex   2.093851e+01 -1.950000e+01 3.138539e+01
      vertex   2.093851e+01 -2.250000e+01 3.138539e+01
      vertex   2.109927e+01 -1.950000e+01 3.116862e+01
    endloop
  endfacet
  facet normal 8.032102e-01 0.000000e+00 5.956956e-01
    outer loop
      vertex   2.109927e+01 -1.950000e+01 3.116862e+01
      vertex   2.093851e+01 -2.250000e+01 3.138539e+01
      vertex   2.109927e+01 -2.250000e+01 3.116862e+01
    endloop
  endfacet
  facet normal 7.409482e-01 0.000000e+00 6.715622e-01
    outer loop
      vertex   2.109927e+01 -1.950000e+01 3.116862e+01
      vertex   2.109927e+01 -2.250000e+01 3.116862e+01
      vertex   2.128050e+01 -1.950000e+01 3.096866e+01
    endloop
  endfacet
  facet normal 7.409482e-01 0.000000e+00 6.715622e-01
    outer loop
      vertex   2.128050e+01 -1.950000e+01 3.096866e+01
      vertex   2.109927e+01 -2.250000e+01 3.116862e+01
      vertex   2.128050e+01 -2.250000e+01 3.096866e+01
    endloop
  endfacet
  facet normal 6.715622e-01 0.000000e+00 7.409482e-01
    outer loop
      vertex   2.128050e+01 -1.950000e+01 3.096866e+01
      vertex   2.128050e+01 -2.250000e+01 3.096866e+01
      vertex   2.148046e+01 -1.950000e+01 3.078743e+01
    endloop
  endfacet
  facet normal 6.715622e-01 0.000000e+00 7.409482e-01
    outer loop
      vertex   2.148046e+01 -1.950000e+01 3.078743e+01
      vertex   2.128050e+01 -2.250000e+01 3.096866e+01
      vertex   2.148046e+01 -2.250000e+01 3.078743e+01
    endloop
  endfacet
  facet normal 5.956914e-01 0.000000e+00 8.032134e-01
    outer loop
      vertex   2.148046e+01 -1.950000e+01 3.078743e+01
      vertex   2.148046e+01 -2.250000e+01 3.078743e+01
      vertex   2.169723e+01 -1.950000e+01 3.062666e+01
    endloop
  endfacet
  facet normal 5.956914e-01 0.000000e+00 8.032134e-01
    outer loop
      vertex   2.169723e+01 -1.950000e+01 3.062666e+01
      vertex   2.148046e+01 -2.250000e+01 3.078743e+01
      vertex   2.169723e+01 -2.250000e+01 3.062666e+01
    endloop
  endfacet
  facet normal 5.141072e-01 0.000000e+00 8.577259e-01
    outer loop
      vertex   2.169723e+01 -1.950000e+01 3.062666e+01
      vertex   2.169723e+01 -2.250000e+01 3.062666e+01
      vertex   2.192871e+01 -1.950000e+01 3.048792e+01
    endloop
  endfacet
  facet normal 5.141072e-01 0.000000e+00 8.577259e-01
    outer loop
      vertex   2.192871e+01 -1.950000e+01 3.048792e+01
      vertex   2.169723e+01 -2.250000e+01 3.062666e+01
      vertex   2.192871e+01 -2.250000e+01 3.048792e+01
    endloop
  endfacet
  facet normal 4.275576e-01 0.000000e+00 9.039881e-01
    outer loop
      vertex   2.192871e+01 -1.950000e+01 3.048792e+01
      vertex   2.192871e+01 -2.250000e+01 3.048792e+01
      vertex   2.217267e+01 -1.950000e+01 3.037254e+01
    endloop
  endfacet
  facet normal 4.275576e-01 0.000000e+00 9.039881e-01
    outer loop
      vertex   2.217267e+01 -1.950000e+01 3.037254e+01
      vertex   2.192871e+01 -2.250000e+01 3.048792e+01
      vertex   2.217267e+01 -2.250000e+01 3.037254e+01
    endloop
  endfacet
  facet normal 3.368937e-01 0.000000e+00 9.415427e-01
    outer loop
      vertex   2.217267e+01 -1.950000e+01 3.037254e+01
      vertex   2.217267e+01 -2.250000e+01 3.037254e+01
      vertex   2.242676e+01 -1.950000e+01 3.028162e+01
    endloop
  endfacet
  facet normal 3.368937e-01 0.000000e+00 9.415427e-01
    outer loop
      vertex   2.242676e+01 -1.950000e+01 3.028162e+01
      vertex   2.217267e+01 -2.250000e+01 3.037254e+01
      vertex   2.242676e+01 -2.250000e+01 3.028162e+01
    endloop
  endfacet
  facet normal 2.429742e-01 0.000000e+00 9.700327e-01
    outer loop
      vertex   2.242676e+01 -1.950000e+01 3.028162e+01
      vertex   2.242676e+01 -2.250000e+01 3.028162e+01
      vertex   2.268855e+01 -1.950000e+01 3.021605e+01
    endloop
  endfacet
  facet normal 2.429742e-01 0.000000e+00 9.700327e-01
    outer loop
      vertex   2.268855e+01 -1.950000e+01 3.021605e+01
      vertex   2.242676e+01 -2.250000e+01 3.028162e+01
      vertex   2.268855e+01 -2.250000e+01 3.021605e+01
    endloop
  endfacet
  facet normal 1.467328e-01 0.000000e+00 9.891762e-01
    outer loop
      vertex   2.268855e+01 -1.950000e+01 3.021605e+01
      vertex   2.268855e+01 -2.250000e+01 3.021605e+01
      vertex   2.295550e+01 -1.950000e+01 3.017645e+01
    endloop
  endfacet
  facet normal 1.467328e-01 0.000000e+00 9.891762e-01
    outer loop
      vertex   2.295550e+01 -1.950000e+01 3.017645e+01
      vertex   2.268855e+01 -2.250000e+01 3.021605e+01
      vertex   2.295550e+01 -2.250000e+01 3.017645e+01
    endloop
  endfacet
  facet normal 4.906692e-02 0.000000e+00 9.987955e-01
    outer loop
      vertex   2.295550e+01 -1.950000e+01 3.017645e+01
      vertex   2.295550e+01 -2.250000e+01 3.017645e+01
      vertex   2.322505e+01 -1.950000e+01 3.016320e+01
    endloop
  endfacet
  facet normal 4.906692e-02 0.000000e+00 9.987955e-01
    outer loop
      vertex   2.322505e+01 -1.950000e+01 3.016320e+01
      vertex   2.295550e+01 -2.250000e+01 3.017645e+01
      vertex   2.322505e+01 -2.250000e+01 3.016320e+01
    endloop
  endfacet
  facet normal -4.906649e-02 0.000000e+00 9.987955e-01
    outer loop
      vertex   2.322505e+01 -1.950000e+01 3.016320e+01
      vertex   2.322505e+01 -2.250000e+01 3.016320e+01
      vertex   2.349459e+01 -1.950000e+01 3.017645e+01
    endloop
  endfacet
  facet normal -4.906649e-02 0.000000e+00 9.987955e-01
    outer loop
      vertex   2.349459e+01 -1.950000e+01 3.017645e+01
      vertex   2.322505e+01 -2.250000e+01 3.016320e+01
      vertex   2.349459e+01 -2.250000e+01 3.017645e+01
    endloop
  endfacet
  facet normal -1.467328e-01 0.000000e+00 9.891762e-01
    outer loop
      vertex   2.349459e+01 -1.950000e+01 3.017645e+01
      vertex   2.349459e+01 -2.250000e+01 3.017645e+01
      vertex   2.376154e+01 -1.950000e+01 3.021605e+01
    endloop
  endfacet
  facet normal -1.467328e-01 0.000000e+00 9.891762e-01
    outer loop
      vertex   2.376154e+01 -1.950000e+01 3.021605e+01
      vertex   2.349459e+01 -2.250000e+01 3.017645e+01
      vertex   2.376154e+01 -2.250000e+01 3.021605e+01
    endloop
  endfacet
  facet normal -2.429763e-01 0.000000e+00 9.700322e-01
    outer loop
      vertex   2.376154e+01 -1.950000e+01 3.021605e+01
      vertex   2.376154e+01 -2.250000e+01 3.021605e+01
      vertex   2.402333e+01 -1.950000e+01 3.028162e+01
    endloop
  endfacet
  facet normal -2.429763e-01 0.000000e+00 9.700322e-01
    outer loop
      vertex   2.402333e+01 -1.950000e+01 3.028162e+01
      vertex   2.376154e+01 -2.250000e+01 3.021605e+01
      vertex   2.402333e+01 -2.250000e+01 3.028162e+01
    endloop
  endfacet
  facet normal -3.368937e-01 0.000000e+00 9.415427e-01
    outer loop
      vertex   2.402333e+01 -1.950000e+01 3.028162e+01
      vertex   2.402333e+01 -2.250000e+01 3.028162e+01
      vertex   2.427742e+01 -1.950000e+01 3.037254e+01
    endloop
  endfacet
  facet normal -3.368937e-01 0.000000e+00 9.415427e-01
    outer loop
      vertex   2.427742e+01 -1.950000e+01 3.037254e+01
      vertex   2.402333e+01 -2.250000e+01 3.028162e+01
      vertex   2.427742e+01 -2.250000e+01 3.037254e+01
    endloop
  endfacet
  facet normal -4.275542e-01 0.000000e+00 9.039897e-01
    outer loop
      vertex   2.427742e+01 -1.950000e+01 3.037254e+01
      vertex   2.427742e+01 -2.250000e+01 3.037254e+01
      vertex   2.452139e+01 -1.950000e+01 3.048792e+01
    endloop
  endfacet
  facet normal -4.275542e-01 0.000000e+00 9.039897e-01
    outer loop
      vertex   2.452139e+01 -1.950000e+01 3.048792e+01
      vertex   2.427742e+01 -2.250000e+01 3.037254e+01
      vertex   2.452139e+01 -2.250000e+01 3.048792e+01
    endloop
  endfacet
  facet normal -5.141033e-01 0.000000e+00 8.577282e-01
    outer loop
      vertex   2.452139e+01 -1.950000e+01 3.048792e+01
      vertex   2.452139e+01 -2.250000e+01 3.048792e+01
      vertex   2.475286e+01 -1.950000e+01 3.062666e+01
    endloop
  endfacet
  facet normal -5.141033e-01 0.000000e+00 8.577282e-01
    outer loop
      vertex   2.475286e+01 -1.950000e+01 3.062666e+01
      vertex   2.452139e+01 -2.250000e+01 3.048792e+01
      vertex   2.475286e+01 -2.250000e+01 3.062666e+01
    endloop
  endfacet
  facet normal -5.956956e-01 0.000000e+00 8.032102e-01
    outer loop
      vertex   2.475286e+01 -1.950000e+01 3.062666e+01
      vertex   2.475286e+01 -2.250000e+01 3.062666e+01
      vertex   2.496963e+01 -1.950000e+01 3.078743e+01
    endloop
  endfacet
  facet normal -5.956956e-01 0.000000e+00 8.032102e-01
    outer loop
      vertex   2.496963e+01 -1.950000e+01 3.078743e+01
      vertex   2.475286e+01 -2.250000e+01 3.062666e+01
      vertex   2.496963e+01 -2.250000e+01 3.078743e+01
    endloop
  endfacet
  facet normal -6.715622e-01 0.000000e+00 7.409482e-01
    outer loop
      vertex   2.496963e+01 -1.950000e+01 3.078743e+01
      vertex   2.496963e+01 -2.250000e+01 3.078743e+01
      vertex   2.516959e+01 -1.950000e+01 3.096866e+01
    endloop
  endfacet
  facet normal -6.715622e-01 0.000000e+00 7.409482e-01
    outer loop
      vertex   2.516959e+01 -1.950000e+01 3.096866e+01
      vertex   2.496963e+01 -2.250000e+01 3.078743e+01
      vertex   2.516959e+01 -2.250000e+01 3.096866e+01
    endloop
  endfacet
  facet normal -7.409482e-01 0.000000e+00 6.715622e-01
    outer loop
      vertex   2.516959e+01 -1.950000e+01 3.096866e+01
      vertex   2.516959e+01 -2.250000e+01 3.096866e+01
      vertex   2.535083e+01 -1.950000e+01 3.116862e+01
    endloop
  endfacet
  facet normal -7.409482e-01 0.000000e+00 6.715622e-01
    outer loop
      vertex   2.535083e+01 -1.950000e+01 3.116862e+01
      vertex   2.516959e+01 -2.250000e+01 3.096866e+01
      vertex   2.535083e+01 -2.250000e+01 3.116862e+01
    endloop
  endfacet
  facet normal -8.032102e-01 0.000000e+00 5.956956e-01
    outer loop
      vertex   2.535083e+01 -1.950000e+01 3.116862e+01
      vertex   2.535083e+01 -2.250000e+01 3.116862e+01
      vertex   2.551159e+01 -1.950000e+01 3.138539e+01
    endloop
  endfacet
  facet normal -8.032102e-01 0.000000e+00 5.956956e-01
    outer loop
      vertex   2.551159e+01 -1.950000e+01 3.138539e+01
      vertex   2.535083e+01 -2.250000e+01 3.116862e+01
      vertex   2.551159e+01 -2.250000e+01 3.138539e+01
    endloop
  endfacet
  facet normal -8.577282e-01 0.000000e+00 5.141033e-01
    outer loop
      vertex   2.551159e+01 -1.950000e+01 3.138539e+01
      vertex   2.551159e+01 -2.250000e+01 3.138539e+01
      vertex   2.565033e+01 -1.950000e+01 3.161686e+01
    endloop
  endfacet
  facet normal -8.577282e-01 0.000000e+00 5.141033e-01
    outer loop
      vertex   2.565033e+01 -1.950000e+01 3.161686e+01
      vertex   2.551159e+01 -2.250000e+01 3.138539e+01
      vertex   2.565033e+01 -2.250000e+01 3.161686e+01
    endloop
  endfacet
  facet normal -9.039881e-01 0.000000e+00 4.275576e-01
    outer loop
      vertex   2.565033e+01 -1.950000e+01 3.161686e+01
      vertex   2.565033e+01 -2.250000e+01 3.161686e+01
      vertex   2.576571e+01 -1.950000e+01 3.186082e+01
    endloop
  endfacet
  facet normal -9.039881e-01 0.000000e+00 4.275576e-01
    outer loop
      vertex   2.576571e+01 -1.950000e+01 3.186082e+01
      vertex   2.565033e+01 -2.250000e+01 3.161686e+01
      vertex   2.576571e+01 -2.250000e+01 3.186082e+01
    endloop
  endfacet
  facet normal -9.415427e-01 0.000000e+00 3.368937e-01
    outer loop
      vertex   2.576571e+01 -1.950000e+01 3.186082e+01
      vertex   2.576571e+01 -2.250000e+01 3.186082e+01
      vertex   2.585663e+01 -1.950000e+01 3.211492e+01
    endloop
  endfacet
  facet normal -9.415427e-01 0.000000e+00 3.368937e-01
    outer loop
      vertex   2.585663e+01 -1.950000e+01 3.211492e+01
      vertex   2.576571e+01 -2.250000e+01 3.186082e+01
      vertex   2.585663e+01 -2.250000e+01 3.211492e+01
    endloop
  endfacet
  facet normal -9.700301e-01 0.000000e+00 2.429846e-01
    outer loop
      vertex   2.585663e+01 -1.950000e+01 3.211492e+01
      vertex   2.585663e+01 -2.250000e+01 3.211492e+01
      vertex   2.592221e+01 -1.950000e+01 3.237670e+01
    endloop
  endfacet
  facet normal -9.700301e-01 0.000000e+00 2.429846e-01
    outer loop
      vertex   2.592221e+01 -1.950000e+01 3.237670e+01
      vertex   2.585663e+01 -2.250000e+01 3.211492e+01
      vertex   2.592221e+01 -2.250000e+01 3.237670e+01
    endloop
  endfacet
  facet normal -9.891776e-01 0.000000e+00 1.467228e-01
    outer loop
      vertex   2.592221e+01 -1.950000e+01 3.237670e+01
      vertex   2.592221e+01 -2.250000e+01 3.237670e+01
      vertex   2.596180e+01 -1.950000e+01 3.264366e+01
    endloop
  endfacet
  facet normal -9.891776e-01 0.000000e+00 1.467228e-01
    outer loop
      vertex   2.596180e+01 -1.950000e+01 3.264366e+01
      vertex   2.592221e+01 -2.250000e+01 3.237670e+01
      vertex   2.596180e+01 -2.250000e+01 3.264366e+01
    endloop
  endfacet
  facet normal -9.987955e-01 0.000000e+00 4.906692e-02
    outer loop
      vertex   2.596180e+01 -1.950000e+01 3.264366e+01
      vertex   2.596180e+01 -2.250000e+01 3.264366e+01
      vertex   2.597505e+01 -1.950000e+01 3.291320e+01
    endloop
  endfacet
  facet normal -9.987955e-01 0.000000e+00 4.906692e-02
    outer loop
      vertex   2.597505e+01 -1.950000e+01 3.291320e+01
      vertex   2.596180e+01 -2.250000e+01 3.264366e+01
      vertex   2.597505e+01 -2.250000e+01 3.291320e+01
    endloop
  endfacet
  facet normal -9.987955e-01 -0.000000e+00 -4.906692e-02
    outer loop
      vertex   2.597505e+01 -1.950000e+01 3.291320e+01
      vertex   2.597505e+01 -2.250000e+01 3.291320e+01
      vertex   2.596180e+01 -1.950000e+01 3.318275e+01
    endloop
  endfacet
  facet normal -9.987955e-01 -0.000000e+00 -4.906692e-02
    outer loop
      vertex   2.596180e+01 -1.950000e+01 3.318275e+01
      vertex   2.597505e+01 -2.250000e+01 3.291320e+01
      vertex   2.596180e+01 -2.250000e+01 3.318275e+01
    endloop
  endfacet
  facet normal -9.891776e-01 -0.000000e+00 -1.467228e-01
    outer loop
      vertex   2.596180e+01 -1.950000e+01 3.318275e+01
      vertex   2.596180e+01 -2.250000e+01 3.318275e+01
      vertex   2.592221e+01 -1.950000e+01 3.344970e+01
    endloop
  endfacet
  facet normal -9.891776e-01 -0.000000e+00 -1.467228e-01
    outer loop
      vertex   2.592221e+01 -1.950000e+01 3.344970e+01
      vertex   2.596180e+01 -2.250000e+01 3.318275e+01
      vertex   2.592221e+01 -2.250000e+01 3.344970e+01
    endloop
  endfacet
  facet normal -9.700301e-01 -0.000000e+00 -2.429846e-01
    outer loop
      vertex   2.592221e+01 -1.950000e+01 3.344970e+01
      vertex   2.592221e+01 -2.250000e+01 3.344970e+01
      vertex   2.585663e+01 -1.950000e+01 3.371149e+01
    endloop
  endfacet
  facet normal -9.700301e-01 -0.000000e+00 -2.429846e-01
    outer loop
      vertex   2.585663e+01 -1.950000e+01 3.371149e+01
      vertex   2.592221e+01 -2.250000e+01 3.344970e+01
      vertex   2.585663e+01 -2.250000e+01 3.371149e+01
    endloop
  endfacet
  facet normal -9.415427e-01 -0.000000e+00 -3.368937e-01
    outer loop
      vertex   2.585663e+01 -1.950000e+01 3.371149e+01
      vertex   2.585663e+01 -2.250000e+01 3.371149e+01
      vertex   2.576571e+01 -1.950000e+01 3.396558e+01
    endloop
  endfacet
  facet normal -9.415427e-01 -0.000000e+00 -3.368937e-01
    outer loop
      vertex   2.576571e+01 -1.950000e+01 3.396558e+01
      vertex   2.585663e+01 -2.250000e+01 3.371149e+01
      vertex   2.576571e+01 -2.250000e+01 3.396558e+01
    endloop
  endfacet
  facet normal -9.039897e-01 -0.000000e+00 -4.275542e-01
    outer loop
      vertex   2.576571e+01 -1.950000e+01 3.396558e+01
      vertex   2.576571e+01 -2.250000e+01 3.396558e+01
      vertex   2.565033e+01 -1.950000e+01 3.420954e+01
    endloop
  endfacet
  facet normal -9.039897e-01 -0.000000e+00 -4.275542e-01
    outer loop
      vertex   2.565033e+01 -1.950000e+01 3.420954e+01
      vertex   2.576571e+01 -2.250000e+01 3.396558e+01
      vertex   2.565033e+01 -2.250000e+01 3.420954e+01
    endloop
  endfacet
  facet normal -8.577259e-01 -0.000000e+00 -5.141072e-01
    outer loop
      vertex   2.565033e+01 -1.950000e+01 3.420954e+01
      vertex   2.565033e+01 -2.250000e+01 3.420954e+01
      vertex   2.551159e+01 -1.950000e+01 3.444102e+01
    endloop
  endfacet
  facet normal -8.577259e-01 -0.000000e+00 -5.141072e-01
    outer loop
      vertex   2.551159e+01 -1.950000e+01 3.444102e+01
      vertex   2.565033e+01 -2.250000e+01 3.420954e+01
      vertex   2.551159e+01 -2.250000e+01 3.444102e+01
    endloop
  endfacet
  facet normal -8.032165e-01 -0.000000e+00 -5.956872e-01
    outer loop
      vertex   2.551159e+01 -1.950000e+01 3.444102e+01
      vertex   2.551159e+01 -2.250000e+01 3.444102e+01
      vertex   2.535083e+01 -1.950000e+01 3.465779e+01
    endloop
  endfacet
  facet normal -8.032165e-01 -0.000000e+00 -5.956872e-01
    outer loop
      vertex   2.535083e+01 -1.950000e+01 3.465779e+01
      vertex   2.551159e+01 -2.250000e+01 3.444102e+01
      vertex   2.535083e+01 -2.250000e+01 3.465779e+01
    endloop
  endfacet
  facet normal -7.409402e-01 -0.000000e+00 -6.715710e-01
    outer loop
      vertex   2.535083e+01 -1.950000e+01 3.465779e+01
      vertex   2.535083e+01 -2.250000e+01 3.465779e+01
      vertex   2.516959e+01 -1.950000e+01 3.485775e+01
    endloop
  endfacet
  facet normal -7.409402e-01 -0.000000e+00 -6.715710e-01
    outer loop
      vertex   2.516959e+01 -1.950000e+01 3.485775e+01
      vertex   2.535083e+01 -2.250000e+01 3.465779e+01
      vertex   2.516959e+01 -2.250000e+01 3.485775e+01
    endloop
  endfacet
  facet normal -6.715622e-01 -0.000000e+00 -7.409482e-01
    outer loop
      vertex   2.516959e+01 -1.950000e+01 3.485775e+01
      vertex   2.516959e+01 -2.250000e+01 3.485775e+01
      vertex   2.496963e+01 -1.950000e+01 3.503898e+01
    endloop
  endfacet
  facet normal -6.715622e-01 -0.000000e+00 -7.409482e-01
    outer loop
      vertex   2.496963e+01 -1.950000e+01 3.503898e+01
      vertex   2.516959e+01 -2.250000e+01 3.485775e+01
      vertex   2.496963e+01 -2.250000e+01 3.503898e+01
    endloop
  endfacet
  facet normal -5.957013e-01 -0.000000e+00 -8.032060e-01
    outer loop
      vertex   2.496963e+01 -1.950000e+01 3.503898e+01
      vertex   2.496963e+01 -2.250000e+01 3.503898e+01
      vertex   2.475286e+01 -1.950000e+01 3.519974e+01
    endloop
  endfacet
  facet normal -5.957013e-01 -0.000000e+00 -8.032060e-01
    outer loop
      vertex   2.475286e+01 -1.950000e+01 3.519974e+01
      vertex   2.496963e+01 -2.250000e+01 3.503898e+01
      vertex   2.475286e+01 -2.250000e+01 3.519974e+01
    endloop
  endfacet
  facet normal -5.140968e-01 -0.000000e+00 -8.577321e-01
    outer loop
      vertex   2.475286e+01 -1.950000e+01 3.519974e+01
      vertex   2.475286e+01 -2.250000e+01 3.519974e+01
      vertex   2.452139e+01 -1.950000e+01 3.533849e+01
    endloop
  endfacet
  facet normal -5.140968e-01 -0.000000e+00 -8.577321e-01
    outer loop
      vertex   2.452139e+01 -1.950000e+01 3.533849e+01
      vertex   2.475286e+01 -2.250000e+01 3.519974e+01
      vertex   2.452139e+01 -2.250000e+01 3.533849e+01
    endloop
  endfacet
  facet normal -4.275614e-01 -0.000000e+00 -9.039863e-01
    outer loop
      vertex   2.452139e+01 -1.950000e+01 3.533849e+01
      vertex   2.452139e+01 -2.250000e+01 3.533849e+01
      vertex   2.427742e+01 -1.950000e+01 3.545387e+01
    endloop
  endfacet
  facet normal -4.275614e-01 -0.000000e+00 -9.039863e-01
    outer loop
      vertex   2.427742e+01 -1.950000e+01 3.545387e+01
      vertex   2.452139e+01 -2.250000e+01 3.533849e+01
      vertex   2.427742e+01 -2.250000e+01 3.545387e+01
    endloop
  endfacet
  facet normal -3.368859e-01 -0.000000e+00 -9.415455e-01
    outer loop
      vertex   2.427742e+01 -1.950000e+01 3.545387e+01
      vertex   2.427742e+01 -2.250000e+01 3.545387e+01
      vertex   2.402333e+01 -1.950000e+01 3.554479e+01
    endloop
  endfacet
  facet normal -3.368859e-01 -0.000000e+00 -9.415455e-01
    outer loop
      vertex   2.402333e+01 -1.950000e+01 3.554479e+01
      vertex   2.427742e+01 -2.250000e+01 3.545387e+01
      vertex   2.402333e+01 -2.250000e+01 3.554479e+01
    endloop
  endfacet
  facet normal -2.429846e-01 -0.000000e+00 -9.700301e-01
    outer loop
      vertex   2.402333e+01 -1.950000e+01 3.554479e+01
      vertex   2.402333e+01 -2.250000e+01 3.554479e+01
      vertex   2.376154e+01 -1.950000e+01 3.561036e+01
    endloop
  endfacet
  facet normal -2.429846e-01 -0.000000e+00 -9.700301e-01
    outer loop
      vertex   2.376154e+01 -1.950000e+01 3.561036e+01
      vertex   2.402333e+01 -2.250000e+01 3.554479e+01
      vertex   2.376154e+01 -2.250000e+01 3.561036e+01
    endloop
  endfacet
  facet normal -1.467328e-01 -0.000000e+00 -9.891762e-01
    outer loop
      vertex   2.376154e+01 -1.950000e+01 3.561036e+01
      vertex   2.376154e+01 -2.250000e+01 3.561036e+01
      vertex   2.349459e+01 -1.950000e+01 3.564996e+01
    endloop
  endfacet
  facet normal -1.467328e-01 -0.000000e+00 -9.891762e-01
    outer loop
      vertex   2.349459e+01 -1.950000e+01 3.564996e+01
      vertex   2.376154e+01 -2.250000e+01 3.561036e+01
      vertex   2.349459e+01 -2.250000e+01 3.564996e+01
    endloop
  endfacet
  facet normal -4.906649e-02 -0.000000e+00 -9.987955e-01
    outer loop
      vertex   2.349459e+01 -1.950000e+01 3.564996e+01
      vertex   2.349459e+01 -2.250000e+01 3.564996e+01
      vertex   2.322505e+01 -1.950000e+01 3.566320e+01
    endloop
  endfacet
  facet normal -4.906649e-02 -0.000000e+00 -9.987955e-01
    outer loop
      vertex   2.322505e+01 -1.950000e+01 3.566320e+01
      vertex   2.349459e+01 -2.250000e+01 3.564996e+01
      vertex   2.322505e+01 -2.250000e+01 3.566320e+01
    endloop
  endfacet
  facet normal 4.906692e-02 0.000000e+00 -9.987955e-01
    outer loop
      vertex   2.322505e+01 -1.950000e+01 3.566320e+01
      vertex   2.322505e+01 -2.250000e+01 3.566320e+01
      vertex   2.295550e+01 -1.950000e+01 3.564996e+01
    endloop
  endfacet
  facet normal 4.906692e-02 0.000000e+00 -9.987955e-01
    outer loop
      vertex   2.295550e+01 -1.950000e+01 3.564996e+01
      vertex   2.322505e+01 -2.250000e+01 3.566320e+01
      vertex   2.295550e+01 -2.250000e+01 3.564996e+01
    endloop
  endfacet
  facet normal 1.467328e-01 0.000000e+00 -9.891762e-01
    outer loop
      vertex   2.295550e+01 -1.950000e+01 3.564996e+01
      vertex   2.295550e+01 -2.250000e+01 3.564996e+01
      vertex   2.268855e+01 -1.950000e+01 3.561036e+01
    endloop
  endfacet
  facet normal 1.467328e-01 0.000000e+00 -9.891762e-01
    outer loop
      vertex   2.268855e+01 -1.950000e+01 3.561036e+01
      vertex   2.295550e+01 -2.250000e+01 3.564996e+01
      vertex   2.268855e+01 -2.250000e+01 3.561036e+01
    endloop
  endfacet
  facet normal 2.429825e-01 0.000000e+00 -9.700307e-01
    outer loop
      vertex   2.268855e+01 -1.950000e+01 3.561036e+01
      vertex   2.268855e+01 -2.250000e+01 3.561036e+01
      vertex   2.242676e+01 -1.950000e+01 3.554479e+01
    endloop
  endfacet
  facet normal 2.429825e-01 0.000000e+00 -9.700307e-01
    outer loop
      vertex   2.242676e+01 -1.950000e+01 3.554479e+01
      vertex   2.268855e+01 -2.250000e+01 3.561036e+01
      vertex   2.242676e+01 -2.250000e+01 3.554479e+01
    endloop
  endfacet
  facet normal 3.368859e-01 0.000000e+00 -9.415455e-01
    outer loop
      vertex   2.242676e+01 -1.950000e+01 3.554479e+01
      vertex   2.242676e+01 -2.250000e+01 3.554479e+01
      vertex   2.217267e+01 -1.950000e+01 3.545387e+01
    endloop
  endfacet
  facet normal 3.368859e-01 0.000000e+00 -9.415455e-01
    outer loop
      vertex   2.217267e+01 -1.950000e+01 3.545387e+01
      vertex   2.242676e+01 -2.250000e+01 3.554479e+01
      vertex   2.217267e+01 -2.250000e+01 3.545387e+01
    endloop
  endfacet
  facet normal 4.275649e-01 0.000000e+00 -9.039847e-01
    outer loop
      vertex   2.217267e+01 -1.950000e+01 3.545387e+01
      vertex   2.217267e+01 -2.250000e+01 3.545387e+01
      vertex   2.192871e+01 -1.950000e+01 3.533849e+01
    endloop
  endfacet
  facet normal 4.275649e-01 0.000000e+00 -9.039847e-01
    outer loop
      vertex   2.192871e+01 -1.950000e+01 3.533849e+01
      vertex   2.217267e+01 -2.250000e+01 3.545387e+01
      vertex   2.192871e+01 -2.250000e+01 3.533849e+01
    endloop
  endfacet
  facet normal 5.141007e-01 0.000000e+00 -8.577298e-01
    outer loop
      vertex   2.192871e+01 -1.950000e+01 3.533849e+01
      vertex   2.192871e+01 -2.250000e+01 3.533849e+01
      vertex   2.169723e+01 -1.950000e+01 3.519974e+01
    endloop
  endfacet
  facet normal 5.141007e-01 0.000000e+00 -8.577298e-01
    outer loop
      vertex   2.169723e+01 -1.950000e+01 3.519974e+01
      vertex   2.192871e+01 -2.250000e+01 3.533849e+01
      vertex   2.169723e+01 -2.250000e+01 3.519974e+01
    endloop
  endfacet
  facet normal 5.956971e-01 0.000000e+00 -8.032092e-01
    outer loop
      vertex   2.169723e+01 -1.950000e+01 3.519974e+01
      vertex   2.169723e+01 -2.250000e+01 3.519974e+01
      vertex   2.148046e+01 -1.950000e+01 3.503898e+01
    endloop
  endfacet
  facet normal 5.956971e-01 0.000000e+00 -8.032092e-01
    outer loop
      vertex   2.148046e+01 -1.950000e+01 3.503898e+01
      vertex   2.169723e+01 -2.250000e+01 3.519974e+01
      vertex   2.148046e+01 -2.250000e+01 3.503898e+01
    endloop
  endfacet
  facet normal 6.715622e-01 0.000000e+00 -7.409482e-01
    outer loop
      vertex   2.148046e+01 -1.950000e+01 3.503898e+01
      vertex   2.148046e+01 -2.250000e+01 3.503898e+01
      vertex   2.128050e+01 -1.950000e+01 3.485775e+01
    endloop
  endfacet
  facet normal 6.715622e-01 0.000000e+00 -7.409482e-01
    outer loop
      vertex   2.128050e+01 -1.950000e+01 3.485775e+01
      vertex   2.148046e+01 -2.250000e+01 3.503898e+01
      vertex   2.128050e+01 -2.250000e+01 3.485775e+01
    endloop
  endfacet
  facet normal 7.409402e-01 0.000000e+00 -6.715710e-01
    outer loop
      vertex   2.128050e+01 -1.950000e+01 3.485775e+01
      vertex   2.128050e+01 -2.250000e+01 3.485775e+01
      vertex   2.109927e+01 -1.950000e+01 3.465779e+01
    endloop
  endfacet
  facet normal 7.409402e-01 0.000000e+00 -6.715710e-01
    outer loop
      vertex   2.109927e+01 -1.950000e+01 3.465779e+01
      vertex   2.128050e+01 -2.250000e+01 3.485775e+01
      vertex   2.109927e+01 -2.250000e+01 3.465779e+01
    endloop
  endfacet
  facet normal 8.032165e-01 0.000000e+00 -5.956872e-01
    outer loop
      vertex   2.109927e+01 -1.950000e+01 3.465779e+01
      vertex   2.109927e+01 -2.250000e+01 3.465779e+01
      vertex   2.093851e+01 -1.950000e+01 3.444102e+01
    endloop
  endfacet
  facet normal 8.032165e-01 0.000000e+00 -5.956872e-01
    outer loop
      vertex   2.093851e+01 -1.950000e+01 3.444102e+01
      vertex   2.109927e+01 -2.250000e+01 3.465779e+01
      vertex   2.093851e+01 -2.250000e+01 3.444102e+01
    endloop
  endfacet
  facet normal 8.577259e-01 0.000000e+00 -5.141072e-01
    outer loop
      vertex   2.093851e+01 -1.950000e+01 3.444102e+01
      vertex   2.093851e+01 -2.250000e+01 3.444102e+01
      vertex   2.079976e+01 -1.950000e+01 3.420954e+01
    endloop
  endfacet
  facet normal 8.577259e-01 0.000000e+00 -5.141072e-01
    outer loop
      vertex   2.079976e+01 -1.950000e+01 3.420954e+01
      vertex   2.093851e+01 -2.250000e+01 3.444102e+01
      vertex   2.079976e+01 -2.250000e+01 3.420954e+01
    endloop
  endfacet
  facet normal 9.039897e-01 0.000000e+00 -4.275542e-01
    outer loop
      vertex   2.079976e+01 -1.950000e+01 3.420954e+01
      vertex   2.079976e+01 -2.250000e+01 3.420954e+01
      vertex   2.068438e+01 -1.950000e+01 3.396558e+01
    endloop
  endfacet
  facet normal 9.039897e-01 0.000000e+00 -4.275542e-01
    outer loop
      vertex   2.068438e+01 -1.950000e+01 3.396558e+01
      vertex   2.079976e+01 -2.250000e+01 3.420954e+01
      vertex   2.068438e+01 -2.250000e+01 3.396558e+01
    endloop
  endfacet
  facet normal 9.415427e-01 0.000000e+00 -3.368937e-01
    outer loop
      vertex   2.068438e+01 -1.950000e+01 3.396558e+01
      vertex   2.068438e+01 -2.250000e+01 3.396558e+01
      vertex   2.059346e+01 -1.950000e+01 3.371149e+01
    endloop
  endfacet
  facet normal 9.415427e-01 0.000000e+00 -3.368937e-01
    outer loop
      vertex   2.059346e+01 -1.950000e+01 3.371149e+01
      vertex   2.068438e+01 -2.250000e+01 3.396558e+01
      vertex   2.059346e+01 -2.250000e+01 3.371149e+01
    endloop
  endfacet
  facet normal 9.700322e-01 0.000000e+00 -2.429763e-01
    outer loop
      vertex   2.059346e+01 -1.950000e+01 3.371149e+01
      vertex   2.059346e+01 -2.250000e+01 3.371149e+01
      vertex   2.052789e+01 -1.950000e+01 3.344970e+01
    endloop
  endfacet
  facet normal 9.700322e-01 0.000000e+00 -2.429763e-01
    outer loop
      vertex   2.052789e+01 -1.950000e+01 3.344970e+01
      vertex   2.059346e+01 -2.250000e+01 3.371149e+01
      vertex   2.052789e+01 -2.250000e+01 3.344970e+01
    endloop
  endfacet
  facet normal 9.891764e-01 0.000000e+00 -1.467315e-01
    outer loop
      vertex   2.052789e+01 -1.950000e+01 3.344970e+01
      vertex   2.052789e+01 -2.250000e+01 3.344970e+01
      vertex   2.048829e+01 -1.950000e+01 3.318275e+01
    endloop
  endfacet
  facet normal 9.891764e-01 0.000000e+00 -1.467315e-01
    outer loop
      vertex   2.048829e+01 -1.950000e+01 3.318275e+01
      vertex   2.052789e+01 -2.250000e+01 3.344970e+01
      vertex   2.048829e+01 -2.250000e+01 3.318275e+01
    endloop
  endfacet
  facet normal -0.000000e+00 -1.000000e+00 0.000000e+00
    outer loop
      vertex   2.163818e+01 -1.950000e+01 3.311781e+01
      vertex   2.048829e+01 -1.950000e+01 3.318275e+01
      vertex   2.162505e+01 -1.950000e+01 3.291320e+01
    endloop
  endfacet
  facet normal 0.000000e+00 -1.000000e+00 0.000000e+00
    outer loop
      vertex   2.162505e+01 -1.950000e+01 3.291320e+01
      vertex   2.048829e+01 -1.950000e+01 3.318275e+01
      vertex   2.047505e+01 -1.950000e+01 3.291320e+01
    endloop
  endfacet
  facet normal -0.000000e+00 -1.000000e+00 0.000000e+00
    outer loop
      vertex   2.162505e+01 -1.950000e+01 3.291320e+01
      vertex   2.047505e+01 -1.950000e+01 3.291320e+01
      vertex   2.048829e+01 -1.950000e+01 3.264366e+01
    endloop
  endfacet
  facet normal 0.000000e+00 -1.000000e+00 0.000000e+00
    outer loop
      vertex   2.048829e+01 -1.950000e+01 3.318275e+01
      vertex   2.163818e+01 -1.950000e+01 3.311781e+01
      vertex   2.052789e+01 -1.950000e+01 3.344970e+01
    endloop
  endfacet
  facet normal 0.000000e+00 -1.000000e+00 0.000000e+00
    outer loop
      vertex   2.052789e+01 -1.950000e+01 3.344970e+01
      vertex   2.163818e+01 -1.950000e+01 3.311781e+01
      vertex   2.167737e+01 -1.950000e+01 3.331905e+01
    endloop
  endfacet
  facet normal 0.000000e+00 -1.000000e+00 0.000000e+00
    outer loop
      vertex   2.052789e+01 -1.950000e+01 3.344970e+01
      vertex   2.167737e+01 -1.950000e+01 3.331905e+01
      vertex   2.059346e+01 -1.950000e+01 3.371149e+01
    endloop
  endfacet
  facet normal 0.000000e+00 -1.000000e+00 0.000000e+00
    outer loop
      vertex   2.059346e+01 -1.950000e+01 3.371149e+01
      vertex   2.167737e+01 -1.950000e+01 3.331905e+01
      vertex   2.174198e+01 -1.950000e+01 3.351363e+01
    endloop
  endfacet
  facet normal 0.000000e+00 -1.000000e+00 0.000000e+00
    outer loop
      vertex   2.059346e+01 -1.950000e+01 3.371149e+01
      vertex   2.174198e+01 -1.950000e+01 3.351363e+01
      vertex   2.068438e+01 -1.950000e+01 3.396558e+01
    endloop
  endfacet
  facet normal 0.000000e+00 -1.000000e+00 0.000000e+00
    outer loop
      vertex   2.068438e+01 -1.950000e+01 3.396558e+01
      vertex   2.174198e+01 -1.950000e+01 3.351363e+01
      vertex   2.079976e+01 -1.950000e+01 3.420954e+01
    endloop
  endfacet
  facet normal 0.000000e+00 -1.000000e+00 0.000000e+00
    outer loop
      vertex   2.079976e+01 -1.950000e+01 3.420954e+01
      vertex   2.174198e+01 -1.950000e+01 3.351363e+01
      vertex   2.183094e+01 -1.950000e+01 3.369835e+01
    endloop
  endfacet
  facet normal 0.000000e+00 -1.000000e+00 0.000000e+00
    outer loop
      vertex   2.079976e+01 -1.950000e+01 3.420954e+01
      vertex   2.183094e+01 -1.950000e+01 3.369835e+01
      vertex   2.093851e+01 -1.950000e+01 3.444102e+01
    endloop
  endfacet
  facet normal 0.000000e+00 -1.000000e+00 0.000000e+00
    outer loop
      vertex   2.093851e+01 -1.950000e+01 3.444102e+01
      vertex   2.183094e+01 -1.950000e+01 3.369835e+01
      vertex   2.194278e+01 -1.950000e+01 3.387018e+01
    endloop
  endfacet
  facet normal 0.000000e+00 -1.000000e+00 0.000000e+00
    outer loop
      vertex   2.093851e+01 -1.950000e+01 3.444102e+01
      vertex   2.194278e+01 -1.950000e+01 3.387018e+01
      vertex   2.109927e+01 -1.950000e+01 3.465779e+01
    endloop
  endfacet
  facet normal 0.000000e+00 -1.000000e+00 0.000000e+00
    outer loop
      vertex   2.109927e+01 -1.950000e+01 3.465779e+01
      vertex   2.194278e+01 -1.950000e+01 3.387018e+01
      vertex   2.207569e+01 -1.950000e+01 3.402629e+01
    endloop
  endfacet
  facet normal 0.000000e+00 -1.000000e+00 0.000000e+00
    outer loop
      vertex   2.109927e+01 -1.950000e+01 3.465779e+01
      vertex   2.207569e+01 -1.950000e+01 3.402629e+01
      vertex   2.128050e+01 -1.950000e+01 3.485775e+01
    endloop
  endfacet
  facet normal 0.000000e+00 -1.000000e+00 0.000000e+00
    outer loop
      vertex   2.128050e+01 -1.950000e+01 3.485775e+01
      vertex   2.207569e+01 -1.950000e+01 3.402629e+01
      vertex   2.222746e+01 -1.950000e+01 3.416414e+01
    endloop
  endfacet
  facet normal 0.000000e+00 -1.000000e+00 0.000000e+00
    outer loop
      vertex   2.128050e+01 -1.950000e+01 3.485775e+01
      vertex   2.222746e+01 -1.950000e+01 3.416414e+01
      vertex   2.148046e+01 -1.950000e+01 3.503898e+01
    endloop
  endfacet
  facet normal 0.000000e+00 -1.000000e+00 0.000000e+00
    outer loop
      vertex   2.148046e+01 -1.950000e+01 3.503898e+01
      vertex   2.222746e+01 -1.950000e+01 3.416414e+01
      vertex   2.169723e+01 -1.950000e+01 3.519974e+01
    endloop
  endfacet
  facet normal 0.000000e+00 -1.000000e+00 0.000000e+00
    outer loop
      vertex   2.169723e+01 -1.950000e+01 3.519974e+01
      vertex   2.222746e+01 -1.950000e+01 3.416414e+01
      vertex   2.239562e+01 -1.950000e+01 3.428143e+01
    endloop
  endfacet
  facet normal 0.000000e+00 -1.000000e+00 0.000000e+00
    outer loop
      vertex   2.169723e+01 -1.950000e+01 3.519974e+01
      vertex   2.239562e+01 -1.950000e+01 3.428143e+01
      vertex   2.192871e+01 -1.950000e+01 3.533849e+01
    endloop
  endfacet
  facet normal 0.000000e+00 -1.000000e+00 0.000000e+00
    outer loop
      vertex   2.192871e+01 -1.950000e+01 3.533849e+01
      vertex   2.239562e+01 -1.950000e+01 3.428143e+01
      vertex   2.257739e+01 -1.950000e+01 3.437626e+01
    endloop
  endfacet
  facet normal 0.000000e+00 -1.000000e+00 0.000000e+00
    outer loop
      vertex   2.192871e+01 -1.950000e+01 3.533849e+01
      vertex   2.257739e+01 -1.950000e+01 3.437626e+01
      vertex   2.217267e+01 -1.950000e+01 3.545387e+01
    endloop
  endfacet
  facet normal 0.000000e+00 -1.000000e+00 0.000000e+00
    outer loop
      vertex   2.217267e+01 -1.950000e+01 3.545387e+01
      vertex   2.257739e+01 -1.950000e+01 3.437626e+01
      vertex   2.276980e+01 -1.950000e+01 3.444707e+01
    endloop
  endfacet
  facet normal 0.000000e+00 -1.000000e+00 0.000000e+00
    outer loop
      vertex   2.217267e+01 -1.950000e+01 3.545387e+01
      vertex   2.276980e+01 -1.950000e+01 3.444707e+01
      vertex   2.242676e+01 -1.950000e+01 3.554479e+01
    endloop
  endfacet
  facet normal 0.000000e+00 -1.000000e+00 0.000000e+00
    outer loop
      vertex   2.242676e+01 -1.950000e+01 3.554479e+01
      vertex   2.276980e+01 -1.950000e+01 3.444707e+01
      vertex   2.268855e+01 -1.950000e+01 3.561036e+01
    endloop
  endfacet
  facet normal 0.000000e+00 -1.000000e+00 0.000000e+00
    outer loop
      vertex   2.268855e+01 -1.950000e+01 3.561036e+01
      vertex   2.276980e+01 -1.950000e+01 3.444707e+01
      vertex   2.296969e+01 -1.950000e+01 3.449270e+01
    endloop
  endfacet
  facet normal 0.000000e+00 -1.000000e+00 0.000000e+00
    outer loop
      vertex   2.268855e+01 -1.950000e+01 3.561036e+01
      vertex   2.296969e+01 -1.950000e+01 3.449270e+01
      vertex   2.295550e+01 -1.950000e+01 3.564996e+01
    endloop
  endfacet
  facet normal 0.000000e+00 -1.000000e+00 0.000000e+00
    outer loop
      vertex   2.295550e+01 -1.950000e+01 3.564996e+01
      vertex   2.296969e+01 -1.950000e+01 3.449270e+01
      vertex   2.317376e+01 -1.950000e+01 3.451238e+01
    endloop
  endfacet
  facet normal 0.000000e+00 -1.000000e+00 0.000000e+00
    outer loop
      vertex   2.295550e+01 -1.950000e+01 3.564996e+01
      vertex   2.317376e+01 -1.950000e+01 3.451238e+01
      vertex   2.322505e+01 -1.950000e+01 3.566320e+01
    endloop
  endfacet
  facet normal 0.000000e+00 -1.000000e+00 -0.000000e+00
    outer loop
      vertex   2.322505e+01 -1.950000e+01 3.566320e+01
      vertex   2.317376e+01 -1.950000e+01 3.451238e+01
      vertex   2.337868e+01 -1.950000e+01 3.450581e+01
    endloop
  endfacet
  facet normal 0.000000e+00 -1.000000e+00 0.000000e+00
    outer loop
      vertex   2.322505e+01 -1.950000e+01 3.566320e+01
      vertex   2.337868e+01 -1.950000e+01 3.450581e+01
      vertex   2.349459e+01 -1.950000e+01 3.564996e+01
    endloop
  endfacet
  facet normal 0.000000e+00 -1.000000e+00 -0.000000e+00
    outer loop
      vertex   2.349459e+01 -1.950000e+01 3.564996e+01
      vertex   2.337868e+01 -1.950000e+01 3.450581e+01
      vertex   2.376154e+01 -1.950000e+01 3.561036e+01
    endloop
  endfacet
  facet normal 0.000000e+00 -1.000000e+00 0.000000e+00
    outer loop
      vertex   2.376154e+01 -1.950000e+01 3.561036e+01
      vertex   2.337868e+01 -1.950000e+01 3.450581e+01
      vertex   2.358108e+01 -1.950000e+01 3.447309e+01
    endloop
  endfacet
  facet normal 0.000000e+00 -1.000000e+00 -0.000000e+00
    outer loop
      vertex   2.376154e+01 -1.950000e+01 3.561036e+01
      vertex   2.358108e+01 -1.950000e+01 3.447309e+01
      vertex   2.402333e+01 -1.950000e+01 3.554479e+01
    endloop
  endfacet
  facet normal 0.000000e+00 -1.000000e+00 0.000000e+00
    outer loop
      vertex   2.402333e+01 -1.950000e+01 3.554479e+01
      vertex   2.358108e+01 -1.950000e+01 3.447309e+01
      vertex   2.377763e+01 -1.950000e+01 3.441475e+01
    endloop
  endfacet
  facet normal 0.000000e+00 -1.000000e+00 -0.000000e+00
    outer loop
      vertex   2.402333e+01 -1.950000e+01 3.554479e+01
      vertex   2.377763e+01 -1.950000e+01 3.441475e+01
      vertex   2.427742e+01 -1.950000e+01 3.545387e+01
    endloop
  endfacet
  facet normal 0.000000e+00 -1.000000e+00 0.000000e+00
    outer loop
      vertex   2.427742e+01 -1.950000e+01 3.545387e+01
      vertex   2.377763e+01 -1.950000e+01 3.441475e+01
      vertex   2.396511e+01 -1.950000e+01 3.433177e+01
    endloop
  endfacet
  facet normal 0.000000e+00 -1.000000e+00 -0.000000e+00
    outer loop
      vertex   2.427742e+01 -1.950000e+01 3.545387e+01
      vertex   2.396511e+01 -1.950000e+01 3.433177e+01
      vertex   2.452139e+01 -1.950000e+01 3.533849e+01
    endloop
  endfacet
  facet normal 0.000000e+00 -1.000000e+00 -0.000000e+00
    outer loop
      vertex   2.452139e+01 -1.950000e+01 3.533849e+01
      vertex   2.396511e+01 -1.950000e+01 3.433177e+01
      vertex   2.475286e+01 -1.950000e+01 3.519974e+01
    endloop
  endfacet
  facet normal 0.000000e+00 -1.000000e+00 0.000000e+00
    outer loop
      vertex   2.475286e+01 -1.950000e+01 3.519974e+01
      vertex   2.396511e+01 -1.950000e+01 3.433177e+01
      vertex   2.414043e+01 -1.950000e+01 3.422548e+01
    endloop
  endfacet
  facet normal 0.000000e+00 -1.000000e+00 -0.000000e+00
    outer loop
      vertex   2.475286e+01 -1.950000e+01 3.519974e+01
      vertex   2.414043e+01 -1.950000e+01 3.422548e+01
      vertex   2.496963e+01 -1.950000e+01 3.503898e+01
    endloop
  endfacet
  facet normal 0.000000e+00 -1.000000e+00 0.000000e+00
    outer loop
      vertex   2.496963e+01 -1.950000e+01 3.503898e+01
      vertex   2.414043e+01 -1.950000e+01 3.422548e+01
      vertex   2.430073e+01 -1.950000e+01 3.409765e+01
    endloop
  endfacet
  facet normal 0.000000e+00 -1.000000e+00 -0.000000e+00
    outer loop
      vertex   2.496963e+01 -1.950000e+01 3.503898e+01
      vertex   2.430073e+01 -1.950000e+01 3.409765e+01
      vertex   2.516959e+01 -1.950000e+01 3.485775e+01
    endloop
  endfacet
  facet normal 0.000000e+00 -1.000000e+00 0.000000e+00
    outer loop
      vertex   2.516959e+01 -1.950000e+01 3.485775e+01
      vertex   2.430073e+01 -1.950000e+01 3.409765e+01
      vertex   2.444336e+01 -1.950000e+01 3.395037e+01
    endloop
  endfacet
  facet normal 0.000000e+00 -1.000000e+00 -0.000000e+00
    outer loop
      vertex   2.516959e+01 -1.950000e+01 3.485775e+01
      vertex   2.444336e+01 -1.950000e+01 3.395037e+01
      vertex   2.535083e+01 -1.950000e+01 3.465779e+01
    endloop
  endfacet
  facet normal 0.000000e+00 -1.000000e+00 0.000000e+00
    outer loop
      vertex   2.535083e+01 -1.950000e+01 3.465779e+01
      vertex   2.444336e+01 -1.950000e+01 3.395037e+01
      vertex   2.456599e+01 -1.950000e+01 3.378606e+01
    endloop
  endfacet
  facet normal 0.000000e+00 -1.000000e+00 -0.000000e+00
    outer loop
      vertex   2.535083e+01 -1.950000e+01 3.465779e+01
      vertex   2.456599e+01 -1.950000e+01 3.378606e+01
      vertex   2.551159e+01 -1.950000e+01 3.444102e+01
    endloop
  endfacet
  facet normal 0.000000e+00 -1.000000e+00 -0.000000e+00
    outer loop
      vertex   2.551159e+01 -1.950000e+01 3.444102e+01
      vertex   2.456599e+01 -1.950000e+01 3.378606e+01
      vertex   2.565033e+01 -1.950000e+01 3.420954e+01
    endloop
  endfacet
  facet normal 0.000000e+00 -1.000000e+00 0.000000e+00
    outer loop
      vertex   2.565033e+01 -1.950000e+01 3.420954e+01
      vertex   2.456599e+01 -1.950000e+01 3.378606e+01
      vertex   2.466660e+01 -1.950000e+01 3.360742e+01
    endloop
  endfacet
  facet normal 0.000000e+00 -1.000000e+00 -0.000000e+00
    outer loop
      vertex   2.565033e+01 -1.950000e+01 3.420954e+01
      vertex   2.466660e+01 -1.950000e+01 3.360742e+01
      vertex   2.576571e+01 -1.950000e+01 3.396558e+01
    endloop
  endfacet
  facet normal 0.000000e+00 -1.000000e+00 0.000000e+00
    outer loop
      vertex   2.576571e+01 -1.950000e+01 3.396558e+01
      vertex   2.466660e+01 -1.950000e+01 3.360742e+01
      vertex   2.474354e+01 -1.950000e+01 3.341738e+01
    endloop
  endfacet
  facet normal 0.000000e+00 -1.000000e+00 -0.000000e+00
    outer loop
      vertex   2.576571e+01 -1.950000e+01 3.396558e+01
      vertex   2.474354e+01 -1.950000e+01 3.341738e+01
      vertex   2.585663e+01 -1.950000e+01 3.371149e+01
    endloop
  endfacet
  facet normal 0.000000e+00 -1.000000e+00 0.000000e+00
    outer loop
      vertex   2.585663e+01 -1.950000e+01 3.371149e+01
      vertex   2.474354e+01 -1.950000e+01 3.341738e+01
      vertex   2.479554e+01 -1.950000e+01 3.321906e+01
    endloop
  endfacet
  facet normal 0.000000e+00 -1.000000e+00 -0.000000e+00
    outer loop
      vertex   2.585663e+01 -1.950000e+01 3.371149e+01
      vertex   2.479554e+01 -1.950000e+01 3.321906e+01
      vertex   2.592221e+01 -1.950000e+01 3.344970e+01
    endloop
  endfacet
  facet normal 0.000000e+00 -1.000000e+00 -0.000000e+00
    outer loop
      vertex   2.592221e+01 -1.950000e+01 3.344970e+01
      vertex   2.479554e+01 -1.950000e+01 3.321906e+01
      vertex   2.596180e+01 -1.950000e+01 3.318275e+01
    endloop
  endfacet
  facet normal -0.000000e+00 -1.000000e+00 0.000000e+00
    outer loop
      vertex   2.596180e+01 -1.950000e+01 3.318275e+01
      vertex   2.479554e+01 -1.950000e+01 3.321906e+01
      vertex   2.482176e+01 -1.950000e+01 3.301572e+01
    endloop
  endfacet
  facet normal 0.000000e+00 -1.000000e+00 -0.000000e+00
    outer loop
      vertex   2.596180e+01 -1.950000e+01 3.318275e+01
      vertex   2.482176e+01 -1.950000e+01 3.301572e+01
      vertex   2.597505e+01 -1.950000e+01 3.291320e+01
    endloop
  endfacet
  facet normal -0.000000e+00 -1.000000e+00 0.000000e+00
    outer loop
      vertex   2.597505e+01 -1.950000e+01 3.291320e+01
      vertex   2.482176e+01 -1.950000e+01 3.301572e+01
      vertex   2.482176e+01 -1.950000e+01 3.281069e+01
    endloop
  endfacet
  facet normal 0.000000e+00 -1.000000e+00 0.000000e+00
    outer loop
      vertex   2.597505e+01 -1.950000e+01 3.291320e+01
      vertex   2.482176e+01 -1.950000e+01 3.281069e+01
      vertex   2.596180e+01 -1.950000e+01 3.264366e+01
    endloop
  endfacet
  facet normal -0.000000e+00 -1.000000e+00 0.000000e+00
    outer loop
      vertex   2.596180e+01 -1.950000e+01 3.264366e+01
      vertex   2.482176e+01 -1.950000e+01 3.281069e+01
      vertex   2.479554e+01 -1.950000e+01 3.260735e+01
    endloop
  endfacet
  facet normal 0.000000e+00 -1.000000e+00 0.000000e+00
    outer loop
      vertex   2.596180e+01 -1.950000e+01 3.264366e+01
      vertex   2.479554e+01 -1.950000e+01 3.260735e+01
      vertex   2.592221e+01 -1.950000e+01 3.237670e+01
    endloop
  endfacet
  facet normal -0.000000e+00 -1.000000e+00 0.000000e+00
    outer loop
      vertex   2.592221e+01 -1.950000e+01 3.237670e+01
      vertex   2.479554e+01 -1.950000e+01 3.260735e+01
      vertex   2.585663e+01 -1.950000e+01 3.211492e+01
    endloop
  endfacet
  facet normal 0.000000e+00 -1.000000e+00 0.000000e+00
    outer loop
      vertex   2.585663e+01 -1.950000e+01 3.211492e+01
      vertex   2.479554e+01 -1.950000e+01 3.260735e+01
      vertex   2.474354e+01 -1.950000e+01 3.240903e+01
    endloop
  endfacet
  facet normal -0.000000e+00 -1.000000e+00 0.000000e+00
    outer loop
      vertex   2.585663e+01 -1.950000e+01 3.211492e+01
      vertex   2.474354e+01 -1.950000e+01 3.240903e+01
      vertex   2.576571e+01 -1.950000e+01 3.186082e+01
    endloop
  endfacet
  facet normal 0.000000e+00 -1.000000e+00 0.000000e+00
    outer loop
      vertex   2.576571e+01 -1.950000e+01 3.186082e+01
      vertex   2.474354e+01 -1.950000e+01 3.240903e+01
      vertex   2.466660e+01 -1.950000e+01 3.221899e+01
    endloop
  endfacet
  facet normal -0.000000e+00 -1.000000e+00 0.000000e+00
    outer loop
      vertex   2.576571e+01 -1.950000e+01 3.186082e+01
      vertex   2.466660e+01 -1.950000e+01 3.221899e+01
      vertex   2.565033e+01 -1.950000e+01 3.161686e+01
    endloop
  endfacet
  facet normal 0.000000e+00 -1.000000e+00 0.000000e+00
    outer loop
      vertex   2.565033e+01 -1.950000e+01 3.161686e+01
      vertex   2.466660e+01 -1.950000e+01 3.221899e+01
      vertex   2.456599e+01 -1.950000e+01 3.204035e+01
    endloop
  endfacet
  facet normal -0.000000e+00 -1.000000e+00 0.000000e+00
    outer loop
      vertex   2.565033e+01 -1.950000e+01 3.161686e+01
      vertex   2.456599e+01 -1.950000e+01 3.204035e+01
      vertex   2.551159e+01 -1.950000e+01 3.138539e+01
    endloop
  endfacet
  facet normal -0.000000e+00 -1.000000e+00 0.000000e+00
    outer loop
      vertex   2.551159e+01 -1.950000e+01 3.138539e+01
      vertex   2.456599e+01 -1.950000e+01 3.204035e+01
      vertex   2.535083e+01 -1.950000e+01 3.116862e+01
    endloop
  endfacet
  facet normal 0.000000e+00 -1.000000e+00 0.000000e+00
    outer loop
      vertex   2.535083e+01 -1.950000e+01 3.116862e+01
      vertex   2.456599e+01 -1.950000e+01 3.204035e+01
      vertex   2.444336e+01 -1.950000e+01 3.187604e+01
    endloop
  endfacet
  facet normal -0.000000e+00 -1.000000e+00 0.000000e+00
    outer loop
      vertex   2.535083e+01 -1.950000e+01 3.116862e+01
      vertex   2.444336e+01 -1.950000e+01 3.187604e+01
      vertex   2.516959e+01 -1.950000e+01 3.096866e+01
    endloop
  endfacet
  facet normal 0.000000e+00 -1.000000e+00 0.000000e+00
    outer loop
      vertex   2.516959e+01 -1.950000e+01 3.096866e+01
      vertex   2.444336e+01 -1.950000e+01 3.187604e+01
      vertex   2.430073e+01 -1.950000e+01 3.172876e+01
    endloop
  endfacet
  facet normal -0.000000e+00 -1.000000e+00 0.000000e+00
    outer loop
      vertex   2.516959e+01 -1.950000e+01 3.096866e+01
      vertex   2.430073e+01 -1.950000e+01 3.172876e+01
      vertex   2.496963e+01 -1.950000e+01 3.078743e+01
    endloop
  endfacet
  facet normal 0.000000e+00 -1.000000e+00 0.000000e+00
    outer loop
      vertex   2.496963e+01 -1.950000e+01 3.078743e+01
      vertex   2.430073e+01 -1.950000e+01 3.172876e+01
      vertex   2.414043e+01 -1.950000e+01 3.160093e+01
    endloop
  endfacet
  facet normal -0.000000e+00 -1.000000e+00 0.000000e+00
    outer loop
      vertex   2.496963e+01 -1.950000e+01 3.078743e+01
      vertex   2.414043e+01 -1.950000e+01 3.160093e+01
      vertex   2.475286e+01 -1.950000e+01 3.062666e+01
    endloop
  endfacet
  facet normal 0.000000e+00 -1.000000e+00 0.000000e+00
    outer loop
      vertex   2.475286e+01 -1.950000e+01 3.062666e+01
      vertex   2.414043e+01 -1.950000e+01 3.160093e+01
      vertex   2.396511e+01 -1.950000e+01 3.149464e+01
    endloop
  endfacet
  facet normal -0.000000e+00 -1.000000e+00 0.000000e+00
    outer loop
      vertex   2.475286e+01 -1.950000e+01 3.062666e+01
      vertex   2.396511e+01 -1.950000e+01 3.149464e+01
      vertex   2.452139e+01 -1.950000e+01 3.048792e+01
    endloop
  endfacet
  facet normal -0.000000e+00 -1.000000e+00 0.000000e+00
    outer loop
      vertex   2.452139e+01 -1.950000e+01 3.048792e+01
      vertex   2.396511e+01 -1.950000e+01 3.149464e+01
      vertex   2.427742e+01 -1.950000e+01 3.037254e+01
    endloop
  endfacet
  facet normal 0.000000e+00 -1.000000e+00 0.000000e+00
    outer loop
      vertex   2.427742e+01 -1.950000e+01 3.037254e+01
      vertex   2.396511e+01 -1.950000e+01 3.149464e+01
      vertex   2.377763e+01 -1.950000e+01 3.141165e+01
    endloop
  endfacet
  facet normal -0.000000e+00 -1.000000e+00 0.000000e+00
    outer loop
      vertex   2.427742e+01 -1.950000e+01 3.037254e+01
      vertex   2.377763e+01 -1.950000e+01 3.141165e+01
      vertex   2.402333e+01 -1.950000e+01 3.028162e+01
    endloop
  endfacet
  facet normal 0.000000e+00 -1.000000e+00 0.000000e+00
    outer loop
      vertex   2.402333e+01 -1.950000e+01 3.028162e+01
      vertex   2.377763e+01 -1.950000e+01 3.141165e+01
      vertex   2.358108e+01 -1.950000e+01 3.135332e+01
    endloop
  endfacet
  facet normal -0.000000e+00 -1.000000e+00 0.000000e+00
    outer loop
      vertex   2.402333e+01 -1.950000e+01 3.028162e+01
      vertex   2.358108e+01 -1.950000e+01 3.135332e+01
      vertex   2.376154e+01 -1.950000e+01 3.021605e+01
    endloop
  endfacet
  facet normal 0.000000e+00 -1.000000e+00 0.000000e+00
    outer loop
      vertex   2.376154e+01 -1.950000e+01 3.021605e+01
      vertex   2.358108e+01 -1.950000e+01 3.135332e+01
      vertex   2.337868e+01 -1.950000e+01 3.132060e+01
    endloop
  endfacet
  facet normal -0.000000e+00 -1.000000e+00 0.000000e+00
    outer loop
      vertex   2.376154e+01 -1.950000e+01 3.021605e+01
      vertex   2.337868e+01 -1.950000e+01 3.132060e+01
      vertex   2.349459e+01 -1.950000e+01 3.017645e+01
    endloop
  endfacet
  facet normal -0.000000e+00 -1.000000e+00 0.000000e+00
    outer loop
      vertex   2.349459e+01 -1.950000e+01 3.017645e+01
      vertex   2.337868e+01 -1.950000e+01 3.132060e+01
      vertex   2.322505e+01 -1.950000e+01 3.016320e+01
    endloop
  endfacet
  facet normal 0.000000e+00 -1.000000e+00 0.000000e+00
    outer loop
      vertex   2.322505e+01 -1.950000e+01 3.016320e+01
      vertex   2.337868e+01 -1.950000e+01 3.132060e+01
      vertex   2.317376e+01 -1.950000e+01 3.131402e+01
    endloop
  endfacet
  facet normal 0.000000e+00 -1.000000e+00 0.000000e+00
    outer loop
      vertex   2.322505e+01 -1.950000e+01 3.016320e+01
      vertex   2.317376e+01 -1.950000e+01 3.131402e+01
      vertex   2.295550e+01 -1.950000e+01 3.017645e+01
    endloop
  endfacet
  facet normal 0.000000e+00 -1.000000e+00 0.000000e+00
    outer loop
      vertex   2.295550e+01 -1.950000e+01 3.017645e+01
      vertex   2.317376e+01 -1.950000e+01 3.131402e+01
      vertex   2.296969e+01 -1.950000e+01 3.133371e+01
    endloop
  endfacet
  facet normal 0.000000e+00 -1.000000e+00 0.000000e+00
    outer loop
      vertex   2.295550e+01 -1.950000e+01 3.017645e+01
      vertex   2.296969e+01 -1.950000e+01 3.133371e+01
      vertex   2.268855e+01 -1.950000e+01 3.021605e+01
    endloop
  endfacet
  facet normal 0.000000e+00 -1.000000e+00 0.000000e+00
    outer loop
      vertex   2.268855e+01 -1.950000e+01 3.021605e+01
      vertex   2.296969e+01 -1.950000e+01 3.133371e+01
      vertex   2.276980e+01 -1.950000e+01 3.137933e+01
    endloop
  endfacet
  facet normal 0.000000e+00 -1.000000e+00 0.000000e+00
    outer loop
      vertex   2.268855e+01 -1.950000e+01 3.021605e+01
      vertex   2.276980e+01 -1.950000e+01 3.137933e+01
      vertex   2.242676e+01 -1.950000e+01 3.028162e+01
    endloop
  endfacet
  facet normal 0.000000e+00 -1.000000e+00 0.000000e+00
    outer loop
      vertex   2.242676e+01 -1.950000e+01 3.028162e+01
      vertex   2.276980e+01 -1.950000e+01 3.137933e+01
      vertex   2.217267e+01 -1.950000e+01 3.037254e+01
    endloop
  endfacet
  facet normal 0.000000e+00 -1.000000e+00 0.000000e+00
    outer loop
      vertex   2.217267e+01 -1.950000e+01 3.037254e+01
      vertex   2.276980e+01 -1.950000e+01 3.137933e+01
      vertex   2.257739e+01 -1.950000e+01 3.145014e+01
    endloop
  endfacet
  facet normal 0.000000e+00 -1.000000e+00 0.000000e+00
    outer loop
      vertex   2.217267e+01 -1.950000e+01 3.037254e+01
      vertex   2.257739e+01 -1.950000e+01 3.145014e+01
      vertex   2.192871e+01 -1.950000e+01 3.048792e+01
    endloop
  endfacet
  facet normal 0.000000e+00 -1.000000e+00 0.000000e+00
    outer loop
      vertex   2.192871e+01 -1.950000e+01 3.048792e+01
      vertex   2.257739e+01 -1.950000e+01 3.145014e+01
      vertex   2.239562e+01 -1.950000e+01 3.154498e+01
    endloop
  endfacet
  facet normal 0.000000e+00 -1.000000e+00 0.000000e+00
    outer loop
      vertex   2.192871e+01 -1.950000e+01 3.048792e+01
      vertex   2.239562e+01 -1.950000e+01 3.154498e+01
      vertex   2.169723e+01 -1.950000e+01 3.062666e+01
    endloop
  endfacet
  facet normal 0.000000e+00 -1.000000e+00 0.000000e+00
    outer loop
      vertex   2.169723e+01 -1.950000e+01 3.062666e+01
      vertex   2.239562e+01 -1.950000e+01 3.154498e+01
      vertex   2.222746e+01 -1.950000e+01 3.166227e+01
    endloop
  endfacet
  facet normal 0.000000e+00 -1.000000e+00 0.000000e+00
    outer loop
      vertex   2.169723e+01 -1.950000e+01 3.062666e+01
      vertex   2.222746e+01 -1.950000e+01 3.166227e+01
      vertex   2.148046e+01 -1.950000e+01 3.078743e+01
    endloop
  endfacet
  facet normal 0.000000e+00 -1.000000e+00 0.000000e+00
    outer loop
      vertex   2.148046e+01 -1.950000e+01 3.078743e+01
      vertex   2.222746e+01 -1.950000e+01 3.166227e+01
      vertex   2.128050e+01 -1.950000e+01 3.096866e+01
    endloop
  endfacet
  facet normal 0.000000e+00 -1.000000e+00 0.000000e+00
    outer loop
      vertex   2.128050e+01 -1.950000e+01 3.096866e+01
      vertex   2.222746e+01 -1.950000e+01 3.166227e+01
      vertex   2.207569e+01 -1.950000e+01 3.180011e+01
    endloop
  endfacet
  facet normal 0.000000e+00 -1.000000e+00 0.000000e+00
    outer loop
      vertex   2.128050e+01 -1.950000e+01 3.096866e+01
      vertex   2.207569e+01 -1.950000e+01 3.180011e+01
      vertex   2.109927e+01 -1.950000e+01 3.116862e+01
    endloop
  endfacet
  facet normal 0.000000e+00 -1.000000e+00 0.000000e+00
    outer loop
      vertex   2.109927e+01 -1.950000e+01 3.116862e+01
      vertex   2.207569e+01 -1.950000e+01 3.180011e+01
      vertex   2.194278e+01 -1.950000e+01 3.195623e+01
    endloop
  endfacet
  facet normal 0.000000e+00 -1.000000e+00 0.000000e+00
    outer loop
      vertex   2.109927e+01 -1.950000e+01 3.116862e+01
      vertex   2.194278e+01 -1.950000e+01 3.195623e+01
      vertex   2.093851e+01 -1.950000e+01 3.138539e+01
    endloop
  endfacet
  facet normal 0.000000e+00 -1.000000e+00 0.000000e+00
    outer loop
      vertex   2.093851e+01 -1.950000e+01 3.138539e+01
      vertex   2.194278e+01 -1.950000e+01 3.195623e+01
      vertex   2.183094e+01 -1.950000e+01 3.212806e+01
    endloop
  endfacet
  facet normal 0.000000e+00 -1.000000e+00 0.000000e+00
    outer loop
      vertex   2.093851e+01 -1.950000e+01 3.138539e+01
      vertex   2.183094e+01 -1.950000e+01 3.212806e+01
      vertex   2.079976e+01 -1.950000e+01 3.161686e+01
    endloop
  endfacet
  facet normal 0.000000e+00 -1.000000e+00 0.000000e+00
    outer loop
      vertex   2.079976e+01 -1.950000e+01 3.161686e+01
      vertex   2.183094e+01 -1.950000e+01 3.212806e+01
      vertex   2.174198e+01 -1.950000e+01 3.231278e+01
    endloop
  endfacet
  facet normal 0.000000e+00 -1.000000e+00 0.000000e+00
    outer loop
      vertex   2.079976e+01 -1.950000e+01 3.161686e+01
      vertex   2.174198e+01 -1.950000e+01 3.231278e+01
      vertex   2.068438e+01 -1.950000e+01 3.186082e+01
    endloop
  endfacet
  facet normal 0.000000e+00 -1.000000e+00 0.000000e+00
    outer loop
      vertex   2.068438e+01 -1.950000e+01 3.186082e+01
      vertex   2.174198e+01 -1.950000e+01 3.231278e+01
      vertex   2.059346e+01 -1.950000e+01 3.211492e+01
    endloop
  endfacet
  facet normal 0.000000e+00 -1.000000e+00 0.000000e+00
    outer loop
      vertex   2.059346e+01 -1.950000e+01 3.211492e+01
      vertex   2.174198e+01 -1.950000e+01 3.231278e+01
      vertex   2.167737e+01 -1.950000e+01 3.250736e+01
    endloop
  endfacet
  facet normal 0.000000e+00 -1.000000e+00 0.000000e+00
    outer loop
      vertex   2.059346e+01 -1.950000e+01 3.211492e+01
      vertex   2.167737e+01 -1.950000e+01 3.250736e+01
      vertex   2.052789e+01 -1.950000e+01 3.237670e+01
    endloop
  endfacet
  facet normal 0.000000e+00 -1.000000e+00 0.000000e+00
    outer loop
      vertex   2.052789e+01 -1.950000e+01 3.237670e+01
      vertex   2.167737e+01 -1.950000e+01 3.250736e+01
      vertex   2.163818e+01 -1.950000e+01 3.270860e+01
    endloop
  endfacet
  facet normal 0.000000e+00 -1.000000e+00 0.000000e+00
    outer loop
      vertex   2.052789e+01 -1.950000e+01 3.237670e+01
      vertex   2.163818e+01 -1.950000e+01 3.270860e+01
      vertex   2.048829e+01 -1.950000e+01 3.264366e+01
    endloop
  endfacet
  facet normal 0.000000e+00 -1.000000e+00 0.000000e+00
    outer loop
      vertex   2.048829e+01 -1.950000e+01 3.264366e+01
      vertex   2.163818e+01 -1.950000e+01 3.270860e+01
      vertex   2.162505e+01 -1.950000e+01 3.291320e+01
    endloop
  endfacet
  facet normal 5.338931e-02 -0.000000e+00 9.985738e-01
    outer loop
      vertex   7.390431e+00 -2.250000e+01 3.041320e+01
      vertex   7.390431e+00 -1.750000e+01 3.041320e+01
      vertex   7.177187e+00 -2.250000e+01 3.042460e+01
    endloop
  endfacet
  facet normal 5.338931e-02 -0.000000e+00 9.985738e-01
    outer loop
      vertex   7.177187e+00 -2.250000e+01 3.042460e+01
      vertex   7.390431e+00 -1.750000e+01 3.041320e+01
      vertex   7.177187e+00 -1.750000e+01 3.042460e+01
    endloop
  endfacet
  facet normal 1.595540e-01 -0.000000e+00 9.871892e-01
    outer loop
      vertex   7.177187e+00 -2.250000e+01 3.042460e+01
      vertex   7.177187e+00 -1.750000e+01 3.042460e+01
      vertex   6.966375e+00 -1.750000e+01 3.045868e+01
    endloop
  endfacet
  facet normal 1.595540e-01 0.000000e+00 9.871892e-01
    outer loop
      vertex   7.177187e+00 -2.250000e+01 3.042460e+01
      vertex   6.966375e+00 -1.750000e+01 3.045868e+01
      vertex   6.966375e+00 -2.250000e+01 3.045868e+01
    endloop
  endfacet
  facet normal 2.638995e-01 -0.000000e+00 9.645502e-01
    outer loop
      vertex   6.966375e+00 -2.250000e+01 3.045868e+01
      vertex   6.966375e+00 -1.750000e+01 3.045868e+01
      vertex   6.760398e+00 -1.750000e+01 3.051503e+01
    endloop
  endfacet
  facet normal 2.638995e-01 0.000000e+00 9.645502e-01
    outer loop
      vertex   6.966375e+00 -2.250000e+01 3.045868e+01
      vertex   6.760398e+00 -1.750000e+01 3.051503e+01
      vertex   6.760398e+00 -2.250000e+01 3.051503e+01
    endloop
  endfacet
  facet normal 3.652401e-01 -0.000000e+00 9.309134e-01
    outer loop
      vertex   6.760398e+00 -2.250000e+01 3.051503e+01
      vertex   6.760398e+00 -1.750000e+01 3.051503e+01
      vertex   6.561604e+00 -1.750000e+01 3.059303e+01
    endloop
  endfacet
  facet normal 3.652401e-01 0.000000e+00 9.309134e-01
    outer loop
      vertex   6.760398e+00 -2.250000e+01 3.051503e+01
      vertex   6.561604e+00 -1.750000e+01 3.059303e+01
      vertex   6.561604e+00 -2.250000e+01 3.059303e+01
    endloop
  endfacet
  facet normal 4.623985e-01 -0.000000e+00 8.866722e-01
    outer loop
      vertex   6.561604e+00 -2.250000e+01 3.059303e+01
      vertex   6.561604e+00 -1.750000e+01 3.059303e+01
      vertex   6.372258e+00 -1.750000e+01 3.069177e+01
    endloop
  endfacet
  facet normal 4.623985e-01 0.000000e+00 8.866722e-01
    outer loop
      vertex   6.561604e+00 -2.250000e+01 3.059303e+01
      vertex   6.372258e+00 -1.750000e+01 3.069177e+01
      vertex   6.372258e+00 -2.250000e+01 3.069177e+01
    endloop
  endfacet
  facet normal 5.543137e-01 -0.000000e+00 8.323079e-01
    outer loop
      vertex   6.372258e+00 -2.250000e+01 3.069177e+01
      vertex   6.372258e+00 -1.750000e+01 3.069177e+01
      vertex   6.194521e+00 -1.750000e+01 3.081014e+01
    endloop
  endfacet
  facet normal 5.543137e-01 0.000000e+00 8.323079e-01
    outer loop
      vertex   6.372258e+00 -2.250000e+01 3.069177e+01
      vertex   6.194521e+00 -1.750000e+01 3.081014e+01
      vertex   6.194521e+00 -2.250000e+01 3.081014e+01
    endloop
  endfacet
  facet normal 6.398988e-01 -0.000000e+00 7.684592e-01
    outer loop
      vertex   6.194521e+00 -2.250000e+01 3.081014e+01
      vertex   6.194521e+00 -1.750000e+01 3.081014e+01
      vertex   6.030417e+00 -1.750000e+01 3.094679e+01
    endloop
  endfacet
  facet normal 6.398988e-01 0.000000e+00 7.684592e-01
    outer loop
      vertex   6.194521e+00 -2.250000e+01 3.081014e+01
      vertex   6.030417e+00 -1.750000e+01 3.094679e+01
      vertex   6.030417e+00 -2.250000e+01 3.094679e+01
    endloop
  endfacet
  facet normal 7.181792e-01 -0.000000e+00 6.958582e-01
    outer loop
      vertex   6.030417e+00 -2.250000e+01 3.094679e+01
      vertex   6.030417e+00 -1.750000e+01 3.094679e+01
      vertex   5.881819e+00 -1.750000e+01 3.110016e+01
    endloop
  endfacet
  facet normal 7.181792e-01 0.000000e+00 6.958582e-01
    outer loop
      vertex   6.030417e+00 -2.250000e+01 3.094679e+01
      vertex   5.881819e+00 -1.750000e+01 3.110016e+01
      vertex   5.881819e+00 -2.250000e+01 3.110016e+01
    endloop
  endfacet
  facet normal 7.882797e-01 -0.000000e+00 6.153171e-01
    outer loop
      vertex   5.881819e+00 -2.250000e+01 3.110016e+01
      vertex   5.881819e+00 -1.750000e+01 3.110016e+01
      vertex   5.750419e+00 -1.750000e+01 3.126849e+01
    endloop
  endfacet
  facet normal 7.882797e-01 0.000000e+00 6.153171e-01
    outer loop
      vertex   5.881819e+00 -2.250000e+01 3.110016e+01
      vertex   5.750419e+00 -1.750000e+01 3.126849e+01
      vertex   5.750419e+00 -2.250000e+01 3.126849e+01
    endloop
  endfacet
  facet normal 8.493903e-01 -0.000000e+00 5.277652e-01
    outer loop
      vertex   5.750419e+00 -2.250000e+01 3.126849e+01
      vertex   5.750419e+00 -1.750000e+01 3.126849e+01
      vertex   5.637717e+00 -1.750000e+01 3.144988e+01
    endloop
  endfacet
  facet normal 8.493903e-01 0.000000e+00 5.277652e-01
    outer loop
      vertex   5.750419e+00 -2.250000e+01 3.126849e+01
      vertex   5.637717e+00 -1.750000e+01 3.144988e+01
      vertex   5.637717e+00 -2.250000e+01 3.144988e+01
    endloop
  endfacet
  facet normal 9.008219e-01 -0.000000e+00 4.341887e-01
    outer loop
      vertex   5.637717e+00 -2.250000e+01 3.144988e+01
      vertex   5.637717e+00 -1.750000e+01 3.144988e+01
      vertex   5.544997e+00 -1.750000e+01 3.164225e+01
    endloop
  endfacet
  facet normal 9.008219e-01 0.000000e+00 4.341887e-01
    outer loop
      vertex   5.637717e+00 -2.250000e+01 3.144988e+01
      vertex   5.544997e+00 -1.750000e+01 3.164225e+01
      vertex   5.544997e+00 -2.250000e+01 3.164225e+01
    endloop
  endfacet
  facet normal 9.419808e-01 -0.000000e+00 3.356669e-01
    outer loop
      vertex   5.544997e+00 -2.250000e+01 3.164225e+01
      vertex   5.544997e+00 -1.750000e+01 3.164225e+01
      vertex   5.473316e+00 -1.750000e+01 3.184340e+01
    endloop
  endfacet
  facet normal 9.419808e-01 0.000000e+00 3.356669e-01
    outer loop
      vertex   5.544997e+00 -2.250000e+01 3.164225e+01
      vertex   5.473316e+00 -1.750000e+01 3.184340e+01
      vertex   5.473316e+00 -2.250000e+01 3.184340e+01
    endloop
  endfacet
  facet normal 9.724007e-01 -0.000000e+00 2.333172e-01
    outer loop
      vertex   5.473316e+00 -2.250000e+01 3.184340e+01
      vertex   5.473316e+00 -1.750000e+01 3.184340e+01
      vertex   5.423491e+00 -2.250000e+01 3.205106e+01
    endloop
  endfacet
  facet normal 9.724007e-01 -0.000000e+00 2.333172e-01
    outer loop
      vertex   5.423491e+00 -2.250000e+01 3.205106e+01
      vertex   5.473316e+00 -1.750000e+01 3.184340e+01
      vertex   5.423491e+00 -1.750000e+01 3.205106e+01
    endloop
  endfacet
  facet normal 9.834697e-01 0.000000e+00 1.810728e-01
    outer loop
      vertex   5.423491e+00 -1.750000e+01 3.205106e+01
      vertex   9.634040e-01 -1.750000e+01 5.627535e+01
      vertex   5.423491e+00 -2.250000e+01 3.205106e+01
    endloop
  endfacet
  facet normal 9.834697e-01 0.000000e+00 1.810728e-01
    outer loop
      vertex   5.423491e+00 -2.250000e+01 3.205106e+01
      vertex   9.634040e-01 -1.750000e+01 5.627535e+01
      vertex   9.634040e-01 -2.250000e+01 5.627535e+01
    endloop
  endfacet
  facet normal 5.338940e-02 0.000000e+00 9.985738e-01
    outer loop
      vertex   -1.003535e+00 -1.750000e+01 5.791320e+01
      vertex   -1.003535e+00 -2.250000e+01 5.791320e+01
      vertex   -7.902924e-01 -1.750000e+01 5.790180e+01
    endloop
  endfacet
  facet normal 5.338940e-02 0.000000e+00 9.985738e-01
    outer loop
      vertex   -7.902924e-01 -1.750000e+01 5.790180e+01
      vertex   -1.003535e+00 -2.250000e+01 5.791320e+01
      vertex   -7.902924e-01 -2.250000e+01 5.790180e+01
    endloop
  endfacet
  facet normal 1.595432e-01 0.000000e+00 9.871909e-01
    outer loop
      vertex   -7.902924e-01 -1.750000e+01 5.790180e+01
      vertex   -7.902924e-01 -2.250000e+01 5.790180e+01
      vertex   -5.794805e-01 -2.250000e+01 5.786773e+01
    endloop
  endfacet
  facet normal 1.595432e-01 0.000000e+00 9.871909e-01
    outer loop
      vertex   -7.902924e-01 -1.750000e+01 5.790180e+01
      vertex   -5.794805e-01 -2.250000e+01 5.786773e+01
      vertex   -5.794805e-01 -1.750000e+01 5.786773e+01
    endloop
  endfacet
  facet normal 2.638887e-01 0.000000e+00 9.645531e-01
    outer loop
      vertex   -5.794805e-01 -1.750000e+01 5.786773e+01
      vertex   -5.794805e-01 -2.250000e+01 5.786773e+01
      vertex   -3.735031e-01 -2.250000e+01 5.781138e+01
    endloop
  endfacet
  facet normal 2.638887e-01 0.000000e+00 9.645531e-01
    outer loop
      vertex   -5.794805e-01 -1.750000e+01 5.786773e+01
      vertex   -3.735031e-01 -2.250000e+01 5.781138e+01
      vertex   -3.735031e-01 -1.750000e+01 5.781138e+01
    endloop
  endfacet
  facet normal 3.652400e-01 0.000000e+00 9.309134e-01
    outer loop
      vertex   -3.735031e-01 -1.750000e+01 5.781138e+01
      vertex   -3.735031e-01 -2.250000e+01 5.781138e+01
      vertex   -1.747085e-01 -2.250000e+01 5.773338e+01
    endloop
  endfacet
  facet normal 3.652400e-01 0.000000e+00 9.309134e-01
    outer loop
      vertex   -3.735031e-01 -1.750000e+01 5.781138e+01
      vertex   -1.747085e-01 -2.250000e+01 5.773338e+01
      vertex   -1.747085e-01 -1.750000e+01 5.773338e+01
    endloop
  endfacet
  facet normal 4.624161e-01 0.000000e+00 8.866630e-01
    outer loop
      vertex   -1.747085e-01 -1.750000e+01 5.773338e+01
      vertex   -1.747085e-01 -2.250000e+01 5.773338e+01
      vertex   1.463697e-02 -2.250000e+01 5.763463e+01
    endloop
  endfacet
  facet normal 4.624161e-01 0.000000e+00 8.866630e-01
    outer loop
      vertex   -1.747085e-01 -1.750000e+01 5.773338e+01
      vertex   1.463697e-02 -2.250000e+01 5.763463e+01
      vertex   1.463697e-02 -1.750000e+01 5.763463e+01
    endloop
  endfacet
  facet normal 5.543210e-01 0.000000e+00 8.323030e-01
    outer loop
      vertex   1.463697e-02 -1.750000e+01 5.763463e+01
      vertex   1.463697e-02 -2.250000e+01 5.763463e+01
      vertex   1.923746e-01 -2.250000e+01 5.751626e+01
    endloop
  endfacet
  facet normal 5.543210e-01 0.000000e+00 8.323030e-01
    outer loop
      vertex   1.463697e-02 -1.750000e+01 5.763463e+01
      vertex   1.923746e-01 -2.250000e+01 5.751626e+01
      vertex   1.923746e-01 -1.750000e+01 5.751626e+01
    endloop
  endfacet
  facet normal 6.398790e-01 0.000000e+00 7.684757e-01
    outer loop
      vertex   1.923746e-01 -1.750000e+01 5.751626e+01
      vertex   1.923746e-01 -2.250000e+01 5.751626e+01
      vertex   3.564782e-01 -2.250000e+01 5.737962e+01
    endloop
  endfacet
  facet normal 6.398790e-01 0.000000e+00 7.684757e-01
    outer loop
      vertex   1.923746e-01 -1.750000e+01 5.751626e+01
      vertex   3.564782e-01 -2.250000e+01 5.737962e+01
      vertex   3.564782e-01 -1.750000e+01 5.737962e+01
    endloop
  endfacet
  facet normal 7.181902e-01 0.000000e+00 6.958469e-01
    outer loop
      vertex   3.564782e-01 -1.750000e+01 5.737962e+01
      vertex   3.564782e-01 -2.250000e+01 5.737962e+01
      vertex   5.050766e-01 -2.250000e+01 5.722625e+01
    endloop
  endfacet
  facet normal 7.181902e-01 0.000000e+00 6.958469e-01
    outer loop
      vertex   3.564782e-01 -1.750000e+01 5.737962e+01
      vertex   5.050766e-01 -2.250000e+01 5.722625e+01
      vertex   5.050766e-01 -1.750000e+01 5.722625e+01
    endloop
  endfacet
  facet normal 7.882762e-01 0.000000e+00 6.153216e-01
    outer loop
      vertex   5.050766e-01 -1.750000e+01 5.722625e+01
      vertex   5.050766e-01 -2.250000e+01 5.722625e+01
      vertex   6.364760e-01 -2.250000e+01 5.705791e+01
    endloop
  endfacet
  facet normal 7.882762e-01 0.000000e+00 6.153216e-01
    outer loop
      vertex   5.050766e-01 -1.750000e+01 5.722625e+01
      vertex   6.364760e-01 -2.250000e+01 5.705791e+01
      vertex   6.364760e-01 -1.750000e+01 5.705791e+01
    endloop
  endfacet
  facet normal 8.493905e-01 0.000000e+00 5.277649e-01
    outer loop
      vertex   6.364760e-01 -1.750000e+01 5.705791e+01
      vertex   6.364760e-01 -2.250000e+01 5.705791e+01
      vertex   7.491782e-01 -2.250000e+01 5.687653e+01
    endloop
  endfacet
  facet normal 8.493905e-01 0.000000e+00 5.277649e-01
    outer loop
      vertex   6.364760e-01 -1.750000e+01 5.705791e+01
      vertex   7.491782e-01 -2.250000e+01 5.687653e+01
      vertex   7.491782e-01 -1.750000e+01 5.687653e+01
    endloop
  endfacet
  facet normal 9.008234e-01 0.000000e+00 4.341857e-01
    outer loop
      vertex   7.491782e-01 -1.750000e+01 5.687653e+01
      vertex   7.491782e-01 -2.250000e+01 5.687653e+01
      vertex   8.418983e-01 -2.250000e+01 5.668416e+01
    endloop
  endfacet
  facet normal 9.008234e-01 0.000000e+00 4.341857e-01
    outer loop
      vertex   7.491782e-01 -1.750000e+01 5.687653e+01
      vertex   8.418983e-01 -2.250000e+01 5.668416e+01
      vertex   8.418983e-01 -1.750000e+01 5.668416e+01
    endloop
  endfacet
  facet normal 9.419810e-01 0.000000e+00 3.356663e-01
    outer loop
      vertex   8.418983e-01 -1.750000e+01 5.668416e+01
      vertex   8.418983e-01 -2.250000e+01 5.668416e+01
      vertex   9.135793e-01 -2.250000e+01 5.648300e+01
    endloop
  endfacet
  facet normal 9.419810e-01 0.000000e+00 3.356663e-01
    outer loop
      vertex   8.418983e-01 -1.750000e+01 5.668416e+01
      vertex   9.135793e-01 -2.250000e+01 5.648300e+01
      vertex   9.135793e-01 -1.750000e+01 5.648300e+01
    endloop
  endfacet
  facet normal 9.724001e-01 0.000000e+00 2.333197e-01
    outer loop
      vertex   9.135793e-01 -1.750000e+01 5.648300e+01
      vertex   9.135793e-01 -2.250000e+01 5.648300e+01
      vertex   9.634040e-01 -1.750000e+01 5.627535e+01
    endloop
  endfacet
  facet normal 9.724001e-01 0.000000e+00 2.333197e-01
    outer loop
      vertex   9.634040e-01 -1.750000e+01 5.627535e+01
      vertex   9.135793e-01 -2.250000e+01 5.648300e+01
      vertex   9.634040e-01 -2.250000e+01 5.627535e+01
    endloop
  endfacet
  facet normal 0.000000e+00 0.000000e+00 1.000000e+00
    outer loop
      vertex   -1.003535e+00 -1.750000e+01 5.791320e+01
      vertex   -8.708420e+00 -1.750000e+01 5.791320e+01
      vertex   -1.003535e+00 -2.250000e+01 5.791320e+01
    endloop
  endfacet
  facet normal 0.000000e+00 0.000000e+00 1.000000e+00
    outer loop
      vertex   -1.003535e+00 -2.250000e+01 5.791320e+01
      vertex   -8.708420e+00 -1.750000e+01 5.791320e+01
      vertex   -8.708420e+00 -2.250000e+01 5.791320e+01
    endloop
  endfacet
  facet normal 9.984271e-01 0.000000e+00 -5.606466e-02
    outer loop
      vertex   2.772505e+01 -1.750000e+01 2.491320e+01
      vertex   2.772505e+01 -2.250000e+01 2.491320e+01
      vertex   2.771247e+01 -1.750000e+01 2.468928e+01
    endloop
  endfacet
  facet normal 9.984271e-01 0.000000e+00 -5.606466e-02
    outer loop
      vertex   2.771247e+01 -1.750000e+01 2.468928e+01
      vertex   2.772505e+01 -2.250000e+01 2.491320e+01
      vertex   2.771247e+01 -2.250000e+01 2.468928e+01
    endloop
  endfacet
  facet normal 9.858701e-01 0.000000e+00 -1.675114e-01
    outer loop
      vertex   2.771247e+01 -1.750000e+01 2.468928e+01
      vertex   2.771247e+01 -2.250000e+01 2.468928e+01
      vertex   2.767490e+01 -1.750000e+01 2.446816e+01
    endloop
  endfacet
  facet normal 9.858701e-01 0.000000e+00 -1.675114e-01
    outer loop
      vertex   2.767490e+01 -1.750000e+01 2.446816e+01
      vertex   2.771247e+01 -2.250000e+01 2.468928e+01
      vertex   2.767490e+01 -2.250000e+01 2.446816e+01
    endloop
  endfacet
  facet normal 9.609203e-01 0.000000e+00 -2.768251e-01
    outer loop
      vertex   2.767490e+01 -1.750000e+01 2.446816e+01
      vertex   2.767490e+01 -2.250000e+01 2.446816e+01
      vertex   2.761281e+01 -1.750000e+01 2.425265e+01
    endloop
  endfacet
  facet normal 9.609203e-01 0.000000e+00 -2.768251e-01
    outer loop
      vertex   2.761281e+01 -1.750000e+01 2.425265e+01
      vertex   2.767490e+01 -2.250000e+01 2.446816e+01
      vertex   2.761281e+01 -2.250000e+01 2.425265e+01
    endloop
  endfacet
  facet normal 9.238769e-01 0.000000e+00 -3.826898e-01
    outer loop
      vertex   2.761281e+01 -1.750000e+01 2.425265e+01
      vertex   2.761281e+01 -2.250000e+01 2.425265e+01
      vertex   2.752698e+01 -1.750000e+01 2.404544e+01
    endloop
  endfacet
  facet normal 9.238769e-01 0.000000e+00 -3.826898e-01
    outer loop
      vertex   2.752698e+01 -1.750000e+01 2.404544e+01
      vertex   2.761281e+01 -2.250000e+01 2.425265e+01
      vertex   2.752698e+01 -2.250000e+01 2.404544e+01
    endloop
  endfacet
  facet normal 8.752227e-01 0.000000e+00 -4.837202e-01
    outer loop
      vertex   2.752698e+01 -1.750000e+01 2.404544e+01
      vertex   2.752698e+01 -2.250000e+01 2.404544e+01
      vertex   2.741849e+01 -1.750000e+01 2.384914e+01
    endloop
  endfacet
  facet normal 8.752227e-01 0.000000e+00 -4.837202e-01
    outer loop
      vertex   2.741849e+01 -1.750000e+01 2.384914e+01
      vertex   2.752698e+01 -2.250000e+01 2.404544e+01
      vertex   2.741849e+01 -2.250000e+01 2.384914e+01
    endloop
  endfacet
  facet normal 8.155596e-01 0.000000e+00 -5.786731e-01
    outer loop
      vertex   2.741849e+01 -1.750000e+01 2.384914e+01
      vertex   2.741849e+01 -2.250000e+01 2.384914e+01
      vertex   2.728871e+01 -1.750000e+01 2.366622e+01
    endloop
  endfacet
  facet normal 8.155596e-01 0.000000e+00 -5.786731e-01
    outer loop
      vertex   2.728871e+01 -1.750000e+01 2.366622e+01
      vertex   2.741849e+01 -2.250000e+01 2.384914e+01
      vertex   2.728871e+01 -2.250000e+01 2.366622e+01
    endloop
  endfacet
  facet normal 7.456401e-01 0.000000e+00 -6.663488e-01
    outer loop
      vertex   2.728871e+01 -1.750000e+01 2.366622e+01
      vertex   2.728871e+01 -2.250000e+01 2.366622e+01
      vertex   2.713926e+01 -1.750000e+01 2.349899e+01
    endloop
  endfacet
  facet normal 7.456401e-01 0.000000e+00 -6.663488e-01
    outer loop
      vertex   2.713926e+01 -1.750000e+01 2.349899e+01
      vertex   2.728871e+01 -2.250000e+01 2.366622e+01
      vertex   2.713926e+01 -2.250000e+01 2.349899e+01
    endloop
  endfacet
  facet normal 6.663541e-01 0.000000e+00 -7.456354e-01
    outer loop
      vertex   2.713926e+01 -1.750000e+01 2.349899e+01
      vertex   2.713926e+01 -2.250000e+01 2.349899e+01
      vertex   2.697203e+01 -1.750000e+01 2.334954e+01
    endloop
  endfacet
  facet normal 6.663541e-01 0.000000e+00 -7.456354e-01
    outer loop
      vertex   2.697203e+01 -1.750000e+01 2.334954e+01
      vertex   2.713926e+01 -2.250000e+01 2.349899e+01
      vertex   2.697203e+01 -2.250000e+01 2.334954e+01
    endloop
  endfacet
  facet normal 5.786681e-01 0.000000e+00 -8.155631e-01
    outer loop
      vertex   2.697203e+01 -1.750000e+01 2.334954e+01
      vertex   2.697203e+01 -2.250000e+01 2.334954e+01
      vertex   2.678911e+01 -1.750000e+01 2.321975e+01
    endloop
  endfacet
  facet normal 5.786681e-01 0.000000e+00 -8.155631e-01
    outer loop
      vertex   2.678911e+01 -1.750000e+01 2.321975e+01
      vertex   2.697203e+01 -2.250000e+01 2.334954e+01
      vertex   2.678911e+01 -2.250000e+01 2.321975e+01
    endloop
  endfacet
  facet normal 4.837120e-01 0.000000e+00 -8.752272e-01
    outer loop
      vertex   2.678911e+01 -1.750000e+01 2.321975e+01
      vertex   2.678911e+01 -2.250000e+01 2.321975e+01
      vertex   2.659281e+01 -1.750000e+01 2.311127e+01
    endloop
  endfacet
  facet normal 4.837120e-01 0.000000e+00 -8.752272e-01
    outer loop
      vertex   2.659281e+01 -1.750000e+01 2.311127e+01
      vertex   2.678911e+01 -2.250000e+01 2.321975e+01
      vertex   2.659281e+01 -2.250000e+01 2.311127e+01
    endloop
  endfacet
  facet normal 3.826935e-01 0.000000e+00 -9.238753e-01
    outer loop
      vertex   2.659281e+01 -1.750000e+01 2.311127e+01
      vertex   2.659281e+01 -2.250000e+01 2.311127e+01
      vertex   2.638561e+01 -1.750000e+01 2.302544e+01
    endloop
  endfacet
  facet normal 3.826935e-01 0.000000e+00 -9.238753e-01
    outer loop
      vertex   2.638561e+01 -1.750000e+01 2.302544e+01
      vertex   2.659281e+01 -2.250000e+01 2.311127e+01
      vertex   2.638561e+01 -2.250000e+01 2.302544e+01
    endloop
  endfacet
  facet normal 2.768321e-01 0.000000e+00 -9.609183e-01
    outer loop
      vertex   2.638561e+01 -1.750000e+01 2.302544e+01
      vertex   2.638561e+01 -2.250000e+01 2.302544e+01
      vertex   2.617009e+01 -1.750000e+01 2.296335e+01
    endloop
  endfacet
  facet normal 2.768321e-01 0.000000e+00 -9.609183e-01
    outer loop
      vertex   2.617009e+01 -1.750000e+01 2.296335e+01
      vertex   2.638561e+01 -2.250000e+01 2.302544e+01
      vertex   2.617009e+01 -2.250000e+01 2.296335e+01
    endloop
  endfacet
  facet normal 1.675046e-01 0.000000e+00 -9.858713e-01
    outer loop
      vertex   2.617009e+01 -1.750000e+01 2.296335e+01
      vertex   2.617009e+01 -2.250000e+01 2.296335e+01
      vertex   2.594898e+01 -1.750000e+01 2.292578e+01
    endloop
  endfacet
  facet normal 1.675046e-01 0.000000e+00 -9.858713e-01
    outer loop
      vertex   2.594898e+01 -1.750000e+01 2.292578e+01
      vertex   2.617009e+01 -2.250000e+01 2.296335e+01
      vertex   2.594898e+01 -2.250000e+01 2.292578e+01
    endloop
  endfacet
  facet normal 5.607406e-02 0.000000e+00 -9.984266e-01
    outer loop
      vertex   2.594898e+01 -1.750000e+01 2.292578e+01
      vertex   2.594898e+01 -2.250000e+01 2.292578e+01
      vertex   2.572505e+01 -1.750000e+01 2.291320e+01
    endloop
  endfacet
  facet normal 5.607406e-02 0.000000e+00 -9.984266e-01
    outer loop
      vertex   2.572505e+01 -1.750000e+01 2.291320e+01
      vertex   2.594898e+01 -2.250000e+01 2.292578e+01
      vertex   2.572505e+01 -2.250000e+01 2.291320e+01
    endloop
  endfacet
  facet normal 1.000000e+00 0.000000e+00 -0.000000e+00
    outer loop
      vertex   2.772505e+01 -1.750000e+01 2.491320e+01
      vertex   2.772505e+01 -1.750000e+01 5.591321e+01
      vertex   2.772505e+01 -2.250000e+01 2.491320e+01
    endloop
  endfacet
  facet normal 1.000000e+00 0.000000e+00 0.000000e+00
    outer loop
      vertex   2.772505e+01 -2.250000e+01 2.491320e+01
      vertex   2.772505e+01 -1.750000e+01 5.591321e+01
      vertex   2.772505e+01 -2.250000e+01 5.591321e+01
    endloop
  endfacet
  facet normal 5.606347e-02 0.000000e+00 9.984272e-01
    outer loop
      vertex   2.572505e+01 -1.750000e+01 5.791320e+01
      vertex   2.572505e+01 -2.250000e+01 5.791320e+01
      vertex   2.594898e+01 -1.750000e+01 5.790063e+01
    endloop
  endfacet
  facet normal 5.606347e-02 0.000000e+00 9.984272e-01
    outer loop
      vertex   2.594898e+01 -1.750000e+01 5.790063e+01
      vertex   2.572505e+01 -2.250000e+01 5.791320e+01
      vertex   2.594898e+01 -2.250000e+01 5.790063e+01
    endloop
  endfacet
  facet normal 1.675149e-01 0.000000e+00 9.858695e-01
    outer loop
      vertex   2.594898e+01 -1.750000e+01 5.790063e+01
      vertex   2.594898e+01 -2.250000e+01 5.790063e+01
      vertex   2.617009e+01 -1.750000e+01 5.786306e+01
    endloop
  endfacet
  facet normal 1.675149e-01 0.000000e+00 9.858695e-01
    outer loop
      vertex   2.617009e+01 -1.750000e+01 5.786306e+01
      vertex   2.594898e+01 -2.250000e+01 5.790063e+01
      vertex   2.617009e+01 -2.250000e+01 5.786306e+01
    endloop
  endfacet
  facet normal 2.768321e-01 0.000000e+00 9.609183e-01
    outer loop
      vertex   2.617009e+01 -1.750000e+01 5.786306e+01
      vertex   2.617009e+01 -2.250000e+01 5.786306e+01
      vertex   2.638561e+01 -1.750000e+01 5.780097e+01
    endloop
  endfacet
  facet normal 2.768321e-01 0.000000e+00 9.609183e-01
    outer loop
      vertex   2.638561e+01 -1.750000e+01 5.780097e+01
      vertex   2.617009e+01 -2.250000e+01 5.786306e+01
      vertex   2.638561e+01 -2.250000e+01 5.780097e+01
    endloop
  endfacet
  facet normal 3.826935e-01 0.000000e+00 9.238753e-01
    outer loop
      vertex   2.638561e+01 -1.750000e+01 5.780097e+01
      vertex   2.638561e+01 -2.250000e+01 5.780097e+01
      vertex   2.659281e+01 -1.750000e+01 5.771514e+01
    endloop
  endfacet
  facet normal 3.826935e-01 0.000000e+00 9.238753e-01
    outer loop
      vertex   2.659281e+01 -1.750000e+01 5.771514e+01
      vertex   2.638561e+01 -2.250000e+01 5.780097e+01
      vertex   2.659281e+01 -2.250000e+01 5.771514e+01
    endloop
  endfacet
  facet normal 4.837202e-01 0.000000e+00 8.752227e-01
    outer loop
      vertex   2.659281e+01 -1.750000e+01 5.771514e+01
      vertex   2.659281e+01 -2.250000e+01 5.771514e+01
      vertex   2.678911e+01 -1.750000e+01 5.760665e+01
    endloop
  endfacet
  facet normal 4.837202e-01 0.000000e+00 8.752227e-01
    outer loop
      vertex   2.678911e+01 -1.750000e+01 5.760665e+01
      vertex   2.659281e+01 -2.250000e+01 5.771514e+01
      vertex   2.678911e+01 -2.250000e+01 5.760665e+01
    endloop
  endfacet
  facet normal 5.786540e-01 0.000000e+00 8.155732e-01
    outer loop
      vertex   2.678911e+01 -1.750000e+01 5.760665e+01
      vertex   2.678911e+01 -2.250000e+01 5.760665e+01
      vertex   2.697203e+01 -1.750000e+01 5.747687e+01
    endloop
  endfacet
  facet normal 5.786540e-01 0.000000e+00 8.155732e-01
    outer loop
      vertex   2.697203e+01 -1.750000e+01 5.747687e+01
      vertex   2.678911e+01 -2.250000e+01 5.760665e+01
      vertex   2.697203e+01 -2.250000e+01 5.747687e+01
    endloop
  endfacet
  facet normal 6.663541e-01 0.000000e+00 7.456354e-01
    outer loop
      vertex   2.697203e+01 -1.750000e+01 5.747687e+01
      vertex   2.697203e+01 -2.250000e+01 5.747687e+01
      vertex   2.713926e+01 -1.750000e+01 5.732742e+01
    endloop
  endfacet
  facet normal 6.663541e-01 0.000000e+00 7.456354e-01
    outer loop
      vertex   2.713926e+01 -1.750000e+01 5.732742e+01
      vertex   2.697203e+01 -2.250000e+01 5.747687e+01
      vertex   2.713926e+01 -2.250000e+01 5.732742e+01
    endloop
  endfacet
  facet normal 7.456449e-01 0.000000e+00 6.663436e-01
    outer loop
      vertex   2.713926e+01 -1.750000e+01 5.732742e+01
      vertex   2.713926e+01 -2.250000e+01 5.732742e+01
      vertex   2.728871e+01 -1.750000e+01 5.716018e+01
    endloop
  endfacet
  facet normal 7.456449e-01 0.000000e+00 6.663436e-01
    outer loop
      vertex   2.728871e+01 -1.750000e+01 5.716018e+01
      vertex   2.713926e+01 -2.250000e+01 5.732742e+01
      vertex   2.728871e+01 -2.250000e+01 5.716018e+01
    endloop
  endfacet
  facet normal 8.155596e-01 0.000000e+00 5.786731e-01
    outer loop
      vertex   2.728871e+01 -1.750000e+01 5.716018e+01
      vertex   2.728871e+01 -2.250000e+01 5.716018e+01
      vertex   2.741849e+01 -1.750000e+01 5.697727e+01
    endloop
  endfacet
  facet normal 8.155596e-01 0.000000e+00 5.786731e-01
    outer loop
      vertex   2.741849e+01 -1.750000e+01 5.697727e+01
      vertex   2.728871e+01 -2.250000e+01 5.716018e+01
      vertex   2.741849e+01 -2.250000e+01 5.697727e+01
    endloop
  endfacet
  facet normal 8.752202e-01 0.000000e+00 4.837247e-01
    outer loop
      vertex   2.741849e+01 -1.750000e+01 5.697727e+01
      vertex   2.741849e+01 -2.250000e+01 5.697727e+01
      vertex   2.752698e+01 -1.750000e+01 5.678097e+01
    endloop
  endfacet
  facet normal 8.752202e-01 0.000000e+00 4.837247e-01
    outer loop
      vertex   2.752698e+01 -1.750000e+01 5.678097e+01
      vertex   2.741849e+01 -2.250000e+01 5.697727e+01
      vertex   2.752698e+01 -2.250000e+01 5.678097e+01
    endloop
  endfacet
  facet normal 9.238769e-01 0.000000e+00 3.826898e-01
    outer loop
      vertex   2.752698e+01 -1.750000e+01 5.678097e+01
      vertex   2.752698e+01 -2.250000e+01 5.678097e+01
      vertex   2.761281e+01 -1.750000e+01 5.657376e+01
    endloop
  endfacet
  facet normal 9.238769e-01 0.000000e+00 3.826898e-01
    outer loop
      vertex   2.761281e+01 -1.750000e+01 5.657376e+01
      vertex   2.752698e+01 -2.250000e+01 5.678097e+01
      vertex   2.761281e+01 -2.250000e+01 5.657376e+01
    endloop
  endfacet
  facet normal 9.609203e-01 0.000000e+00 2.768251e-01
    outer loop
      vertex   2.761281e+01 -1.750000e+01 5.657376e+01
      vertex   2.761281e+01 -2.250000e+01 5.657376e+01
      vertex   2.767490e+01 -1.750000e+01 5.635825e+01
    endloop
  endfacet
  facet normal 9.609203e-01 0.000000e+00 2.768251e-01
    outer loop
      vertex   2.767490e+01 -1.750000e+01 5.635825e+01
      vertex   2.761281e+01 -2.250000e+01 5.657376e+01
      vertex   2.767490e+01 -2.250000e+01 5.635825e+01
    endloop
  endfacet
  facet normal 9.858701e-01 0.000000e+00 1.675114e-01
    outer loop
      vertex   2.767490e+01 -1.750000e+01 5.635825e+01
      vertex   2.767490e+01 -2.250000e+01 5.635825e+01
      vertex   2.771247e+01 -1.750000e+01 5.613713e+01
    endloop
  endfacet
  facet normal 9.858701e-01 0.000000e+00 1.675114e-01
    outer loop
      vertex   2.771247e+01 -1.750000e+01 5.613713e+01
      vertex   2.767490e+01 -2.250000e+01 5.635825e+01
      vertex   2.771247e+01 -2.250000e+01 5.613713e+01
    endloop
  endfacet
  facet normal 9.984271e-01 0.000000e+00 5.606466e-02
    outer loop
      vertex   2.771247e+01 -1.750000e+01 5.613713e+01
      vertex   2.771247e+01 -2.250000e+01 5.613713e+01
      vertex   2.772505e+01 -1.750000e+01 5.591321e+01
    endloop
  endfacet
  facet normal 9.984271e-01 0.000000e+00 5.606466e-02
    outer loop
      vertex   2.772505e+01 -1.750000e+01 5.591321e+01
      vertex   2.771247e+01 -2.250000e+01 5.613713e+01
      vertex   2.772505e+01 -2.250000e+01 5.591321e+01
    endloop
  endfacet
  facet normal 0.000000e+00 0.000000e+00 1.000000e+00
    outer loop
      vertex   2.572505e+01 -1.750000e+01 5.791320e+01
      vertex   1.972505e+01 -1.750000e+01 5.791320e+01
      vertex   2.572505e+01 -2.250000e+01 5.791320e+01
    endloop
  endfacet
  facet normal 0.000000e+00 0.000000e+00 1.000000e+00
    outer loop
      vertex   2.572505e+01 -2.250000e+01 5.791320e+01
      vertex   1.972505e+01 -1.750000e+01 5.791320e+01
      vertex   1.972505e+01 -2.250000e+01 5.791320e+01
    endloop
  endfacet
  facet normal 9.984268e-01 0.000000e+00 -5.606996e-02
    outer loop
      vertex   -1.033815e+01 -2.250000e+01 2.091321e+01
      vertex   -1.033815e+01 -1.750000e+01 2.091321e+01
      vertex   -1.032558e+01 -2.250000e+01 2.113713e+01
    endloop
  endfacet
  facet normal 9.984268e-01 0.000000e+00 -5.606996e-02
    outer loop
      vertex   -1.032558e+01 -2.250000e+01 2.113713e+01
      vertex   -1.033815e+01 -1.750000e+01 2.091321e+01
      vertex   -1.032558e+01 -1.750000e+01 2.113713e+01
    endloop
  endfacet
  facet normal 9.858710e-01 0.000000e+00 -1.675062e-01
    outer loop
      vertex   -1.032558e+01 -2.250000e+01 2.113713e+01
      vertex   -1.032558e+01 -1.750000e+01 2.113713e+01
      vertex   -1.028801e+01 -2.250000e+01 2.135825e+01
    endloop
  endfacet
  facet normal 9.858710e-01 0.000000e+00 -1.675062e-01
    outer loop
      vertex   -1.028801e+01 -2.250000e+01 2.135825e+01
      vertex   -1.032558e+01 -1.750000e+01 2.113713e+01
      vertex   -1.028801e+01 -1.750000e+01 2.135825e+01
    endloop
  endfacet
  facet normal 9.609175e-01 0.000000e+00 -2.768349e-01
    outer loop
      vertex   -1.028801e+01 -2.250000e+01 2.135825e+01
      vertex   -1.028801e+01 -1.750000e+01 2.135825e+01
      vertex   -1.022592e+01 -2.250000e+01 2.157376e+01
    endloop
  endfacet
  facet normal 9.609175e-01 0.000000e+00 -2.768349e-01
    outer loop
      vertex   -1.022592e+01 -2.250000e+01 2.157376e+01
      vertex   -1.028801e+01 -1.750000e+01 2.135825e+01
      vertex   -1.022592e+01 -1.750000e+01 2.157376e+01
    endloop
  endfacet
  facet normal 9.238788e-01 0.000000e+00 -3.826852e-01
    outer loop
      vertex   -1.022592e+01 -2.250000e+01 2.157376e+01
      vertex   -1.022592e+01 -1.750000e+01 2.157376e+01
      vertex   -1.014009e+01 -2.250000e+01 2.178097e+01
    endloop
  endfacet
  facet normal 9.238788e-01 0.000000e+00 -3.826852e-01
    outer loop
      vertex   -1.014009e+01 -2.250000e+01 2.178097e+01
      vertex   -1.022592e+01 -1.750000e+01 2.157376e+01
      vertex   -1.014009e+01 -1.750000e+01 2.178097e+01
    endloop
  endfacet
  facet normal 8.752225e-01 0.000000e+00 -4.837206e-01
    outer loop
      vertex   -1.014009e+01 -2.250000e+01 2.178097e+01
      vertex   -1.014009e+01 -1.750000e+01 2.178097e+01
      vertex   -1.003160e+01 -2.250000e+01 2.197727e+01
    endloop
  endfacet
  facet normal 8.752225e-01 0.000000e+00 -4.837206e-01
    outer loop
      vertex   -1.003160e+01 -2.250000e+01 2.197727e+01
      vertex   -1.014009e+01 -1.750000e+01 2.178097e+01
      vertex   -1.003160e+01 -1.750000e+01 2.197727e+01
    endloop
  endfacet
  facet normal 8.155596e-01 0.000000e+00 -5.786731e-01
    outer loop
      vertex   -1.003160e+01 -2.250000e+01 2.197727e+01
      vertex   -1.003160e+01 -1.750000e+01 2.197727e+01
      vertex   -9.901814e+00 -2.250000e+01 2.216018e+01
    endloop
  endfacet
  facet normal 8.155596e-01 0.000000e+00 -5.786731e-01
    outer loop
      vertex   -9.901814e+00 -2.250000e+01 2.216018e+01
      vertex   -1.003160e+01 -1.750000e+01 2.197727e+01
      vertex   -9.901814e+00 -1.750000e+01 2.216018e+01
    endloop
  endfacet
  facet normal 7.456475e-01 0.000000e+00 -6.663406e-01
    outer loop
      vertex   -9.901814e+00 -2.250000e+01 2.216018e+01
      vertex   -9.901814e+00 -1.750000e+01 2.216018e+01
      vertex   -9.752365e+00 -2.250000e+01 2.232742e+01
    endloop
  endfacet
  facet normal 7.456475e-01 0.000000e+00 -6.663406e-01
    outer loop
      vertex   -9.752365e+00 -2.250000e+01 2.232742e+01
      vertex   -9.901814e+00 -1.750000e+01 2.216018e+01
      vertex   -9.752365e+00 -1.750000e+01 2.232742e+01
    endloop
  endfacet
  facet normal 6.663488e-01 0.000000e+00 -7.456401e-01
    outer loop
      vertex   -9.752365e+00 -2.250000e+01 2.232742e+01
      vertex   -9.752365e+00 -1.750000e+01 2.232742e+01
      vertex   -9.585131e+00 -2.250000e+01 2.247687e+01
    endloop
  endfacet
  facet normal 6.663488e-01 0.000000e+00 -7.456401e-01
    outer loop
      vertex   -9.585131e+00 -2.250000e+01 2.247687e+01
      vertex   -9.752365e+00 -1.750000e+01 2.232742e+01
      vertex   -9.585131e+00 -1.750000e+01 2.247687e+01
    endloop
  endfacet
  facet normal 5.786719e-01 0.000000e+00 -8.155605e-01
    outer loop
      vertex   -9.585131e+00 -2.250000e+01 2.247687e+01
      vertex   -9.585131e+00 -1.750000e+01 2.247687e+01
      vertex   -9.402216e+00 -2.250000e+01 2.260665e+01
    endloop
  endfacet
  facet normal 5.786719e-01 0.000000e+00 -8.155605e-01
    outer loop
      vertex   -9.402216e+00 -2.250000e+01 2.260665e+01
      vertex   -9.585131e+00 -1.750000e+01 2.247687e+01
      vertex   -9.402216e+00 -1.750000e+01 2.260665e+01
    endloop
  endfacet
  facet normal 4.837132e-01 0.000000e+00 -8.752266e-01
    outer loop
      vertex   -9.402216e+00 -2.250000e+01 2.260665e+01
      vertex   -9.402216e+00 -1.750000e+01 2.260665e+01
      vertex   -9.205920e+00 -2.250000e+01 2.271514e+01
    endloop
  endfacet
  facet normal 4.837132e-01 0.000000e+00 -8.752266e-01
    outer loop
      vertex   -9.205920e+00 -2.250000e+01 2.271514e+01
      vertex   -9.402216e+00 -1.750000e+01 2.260665e+01
      vertex   -9.205920e+00 -1.750000e+01 2.271514e+01
    endloop
  endfacet
  facet normal 3.826807e-01 0.000000e+00 -9.238807e-01
    outer loop
      vertex   -9.205920e+00 -2.250000e+01 2.271514e+01
      vertex   -9.205920e+00 -1.750000e+01 2.271514e+01
      vertex   -8.998710e+00 -2.250000e+01 2.280097e+01
    endloop
  endfacet
  facet normal 3.826807e-01 0.000000e+00 -9.238807e-01
    outer loop
      vertex   -8.998710e+00 -2.250000e+01 2.280097e+01
      vertex   -9.205920e+00 -1.750000e+01 2.271514e+01
      vertex   -8.998710e+00 -1.750000e+01 2.280097e+01
    endloop
  endfacet
  facet normal 2.768349e-01 0.000000e+00 -9.609175e-01
    outer loop
      vertex   -8.998710e+00 -2.250000e+01 2.280097e+01
      vertex   -8.998710e+00 -1.750000e+01 2.280097e+01
      vertex   -8.783194e+00 -2.250000e+01 2.286306e+01
    endloop
  endfacet
  facet normal 2.768349e-01 0.000000e+00 -9.609175e-01
    outer loop
      vertex   -8.783194e+00 -2.250000e+01 2.286306e+01
      vertex   -8.998710e+00 -1.750000e+01 2.280097e+01
      vertex   -8.783194e+00 -1.750000e+01 2.286306e+01
    endloop
  endfacet
  facet normal 1.675118e-01 0.000000e+00 -9.858701e-01
    outer loop
      vertex   -8.783194e+00 -2.250000e+01 2.286306e+01
      vertex   -8.783194e+00 -1.750000e+01 2.286306e+01
      vertex   -8.562080e+00 -2.250000e+01 2.290063e+01
    endloop
  endfacet
  facet normal 1.675118e-01 0.000000e+00 -9.858701e-01
    outer loop
      vertex   -8.562080e+00 -2.250000e+01 2.290063e+01
      vertex   -8.783194e+00 -1.750000e+01 2.286306e+01
      vertex   -8.562080e+00 -1.750000e+01 2.290063e+01
    endloop
  endfacet
  facet normal 5.606451e-02 0.000000e+00 -9.984271e-01
    outer loop
      vertex   -8.562080e+00 -2.250000e+01 2.290063e+01
      vertex   -8.562080e+00 -1.750000e+01 2.290063e+01
      vertex   -8.338152e+00 -2.250000e+01 2.291320e+01
    endloop
  endfacet
  facet normal 5.606451e-02 0.000000e+00 -9.984271e-01
    outer loop
      vertex   -8.338152e+00 -2.250000e+01 2.291320e+01
      vertex   -8.562080e+00 -1.750000e+01 2.290063e+01
      vertex   -8.338152e+00 -1.750000e+01 2.291320e+01
    endloop
  endfacet
  facet normal 0.000000e+00 0.000000e+00 -1.000000e+00
    outer loop
      vertex   2.572505e+01 -2.250000e+01 2.291320e+01
      vertex   -8.338152e+00 -2.250000e+01 2.291320e+01
      vertex   2.572505e+01 -1.750000e+01 2.291320e+01
    endloop
  endfacet
  facet normal -0.000000e+00 0.000000e+00 -1.000000e+00
    outer loop
      vertex   2.572505e+01 -1.750000e+01 2.291320e+01
      vertex   -8.338152e+00 -2.250000e+01 2.291320e+01
      vertex   -8.338152e+00 -1.750000e+01 2.291320e+01
    endloop
  endfacet
  facet normal -9.994251e-01 1.377756e-03 3.387539e-02
    outer loop
      vertex   -1.845918e+01 -2.250000e+01 1.843142e+01
      vertex   -1.845345e+01 -2.000000e+01 1.849895e+01
      vertex   -1.846377e+01 -2.250000e+01 1.829598e+01
    endloop
  endfacet
  facet normal -9.982416e-01 -6.890506e-04 5.927260e-02
    outer loop
      vertex   -1.846377e+01 -2.250000e+01 1.829598e+01
      vertex   -1.845345e+01 -2.000000e+01 1.849895e+01
      vertex   -1.845918e+01 -1.750000e+01 1.843142e+01
    endloop
  endfacet
  facet normal -9.994261e-01 0.000000e+00 3.387542e-02
    outer loop
      vertex   -1.846377e+01 -2.250000e+01 1.829598e+01
      vertex   -1.845918e+01 -1.750000e+01 1.843142e+01
      vertex   -1.846377e+01 -1.750000e+01 1.829598e+01
    endloop
  endfacet
  facet normal -9.948360e-01 -4.591939e-04 1.014945e-01
    outer loop
      vertex   -1.845918e+01 -2.250000e+01 1.843142e+01
      vertex   -1.844543e+01 -2.250000e+01 1.856624e+01
      vertex   -1.845345e+01 -2.000000e+01 1.849895e+01
    endloop
  endfacet
  facet normal -9.896476e-01 6.885670e-04 1.435170e-01
    outer loop
      vertex   -1.845345e+01 -2.000000e+01 1.849895e+01
      vertex   -1.844543e+01 -2.250000e+01 1.856624e+01
      vertex   -1.842258e+01 -1.750000e+01 1.869982e+01
    endloop
  endfacet
  facet normal -9.856814e-01 -1.376787e-03 1.686125e-01
    outer loop
      vertex   -1.845345e+01 -2.000000e+01 1.849895e+01
      vertex   -1.842258e+01 -1.750000e+01 1.869982e+01
      vertex   -1.844543e+01 -1.750000e+01 1.856624e+01
    endloop
  endfacet
  facet normal -9.856824e-01 0.000000e+00 1.686127e-01
    outer loop
      vertex   -1.844543e+01 -2.250000e+01 1.856624e+01
      vertex   -1.842258e+01 -2.250000e+01 1.869982e+01
      vertex   -1.842258e+01 -1.750000e+01 1.869982e+01
    endloop
  endfacet
  facet normal -9.948360e-01 4.591939e-04 1.014945e-01
    outer loop
      vertex   -1.844543e+01 -1.750000e+01 1.856624e+01
      vertex   -1.845918e+01 -1.750000e+01 1.843142e+01
      vertex   -1.845345e+01 -2.000000e+01 1.849895e+01
    endloop
  endfacet
  facet normal -9.794023e-01 0.000000e+00 2.019185e-01
    outer loop
      vertex   -1.842258e+01 -2.250000e+01 1.869982e+01
      vertex   -1.066723e+01 -2.250000e+01 5.631704e+01
      vertex   -1.842258e+01 -1.750000e+01 1.869982e+01
    endloop
  endfacet
  facet normal -9.794023e-01 0.000000e+00 2.019185e-01
    outer loop
      vertex   -1.842258e+01 -1.750000e+01 1.869982e+01
      vertex   -1.066723e+01 -2.250000e+01 5.631704e+01
      vertex   -1.066723e+01 -1.750000e+01 5.631704e+01
    endloop
  endfacet
  facet normal -9.663151e-01 0.000000e+00 2.573620e-01
    outer loop
      vertex   -1.066723e+01 -1.750000e+01 5.631704e+01
      vertex   -1.066723e+01 -2.250000e+01 5.631704e+01
      vertex   -1.060860e+01 -1.750000e+01 5.653716e+01
    endloop
  endfacet
  facet normal -9.663151e-01 0.000000e+00 2.573620e-01
    outer loop
      vertex   -1.060860e+01 -1.750000e+01 5.653716e+01
      vertex   -1.066723e+01 -2.250000e+01 5.631704e+01
      vertex   -1.060860e+01 -2.250000e+01 5.653716e+01
    endloop
  endfacet
  facet normal -9.307800e-01 0.000000e+00 3.655798e-01
    outer loop
      vertex   -1.060860e+01 -1.750000e+01 5.653716e+01
      vertex   -1.060860e+01 -2.250000e+01 5.653716e+01
      vertex   -1.052532e+01 -1.750000e+01 5.674918e+01
    endloop
  endfacet
  facet normal -9.307800e-01 0.000000e+00 3.655798e-01
    outer loop
      vertex   -1.052532e+01 -1.750000e+01 5.674918e+01
      vertex   -1.060860e+01 -2.250000e+01 5.653716e+01
      vertex   -1.052532e+01 -2.250000e+01 5.674918e+01
    endloop
  endfacet
  facet normal -8.831737e-01 0.000000e+00 4.690460e-01
    outer loop
      vertex   -1.052532e+01 -1.750000e+01 5.674918e+01
      vertex   -1.052532e+01 -2.250000e+01 5.674918e+01
      vertex   -1.041848e+01 -1.750000e+01 5.695036e+01
    endloop
  endfacet
  facet normal -8.831737e-01 0.000000e+00 4.690460e-01
    outer loop
      vertex   -1.041848e+01 -1.750000e+01 5.695036e+01
      vertex   -1.052532e+01 -2.250000e+01 5.674918e+01
      vertex   -1.041848e+01 -2.250000e+01 5.695036e+01
    endloop
  endfacet
  facet normal -8.241146e-01 0.000000e+00 5.664231e-01
    outer loop
      vertex   -1.041848e+01 -1.750000e+01 5.695036e+01
      vertex   -1.041848e+01 -2.250000e+01 5.695036e+01
      vertex   -1.028945e+01 -1.750000e+01 5.713809e+01
    endloop
  endfacet
  facet normal -8.241146e-01 0.000000e+00 5.664231e-01
    outer loop
      vertex   -1.028945e+01 -1.750000e+01 5.713809e+01
      vertex   -1.041848e+01 -2.250000e+01 5.695036e+01
      vertex   -1.028945e+01 -2.250000e+01 5.713809e+01
    endloop
  endfacet
  facet normal -7.543531e-01 0.000000e+00 6.564689e-01
    outer loop
      vertex   -1.028945e+01 -1.750000e+01 5.713809e+01
      vertex   -1.028945e+01 -2.250000e+01 5.713809e+01
      vertex   -1.013992e+01 -1.750000e+01 5.730992e+01
    endloop
  endfacet
  facet normal -7.543531e-01 0.000000e+00 6.564689e-01
    outer loop
      vertex   -1.013992e+01 -1.750000e+01 5.730992e+01
      vertex   -1.028945e+01 -2.250000e+01 5.713809e+01
      vertex   -1.013992e+01 -2.250000e+01 5.730992e+01
    endloop
  endfacet
  facet normal -6.748210e-01 0.000000e+00 7.379815e-01
    outer loop
      vertex   -1.013992e+01 -1.750000e+01 5.730992e+01
      vertex   -1.013992e+01 -2.250000e+01 5.730992e+01
      vertex   -9.971813e+00 -1.750000e+01 5.746364e+01
    endloop
  endfacet
  facet normal -6.748210e-01 0.000000e+00 7.379815e-01
    outer loop
      vertex   -9.971813e+00 -1.750000e+01 5.746364e+01
      vertex   -1.013992e+01 -2.250000e+01 5.730992e+01
      vertex   -9.971813e+00 -2.250000e+01 5.746364e+01
    endloop
  endfacet
  facet normal -5.865275e-01 0.000000e+00 8.099293e-01
    outer loop
      vertex   -9.971813e+00 -1.750000e+01 5.746364e+01
      vertex   -9.971813e+00 -2.250000e+01 5.746364e+01
      vertex   -9.787319e+00 -1.750000e+01 5.759724e+01
    endloop
  endfacet
  facet normal -5.865275e-01 0.000000e+00 8.099293e-01
    outer loop
      vertex   -9.787319e+00 -1.750000e+01 5.759724e+01
      vertex   -9.971813e+00 -2.250000e+01 5.746364e+01
      vertex   -9.787319e+00 -2.250000e+01 5.759724e+01
    endloop
  endfacet
  facet normal -4.906136e-01 0.000000e+00 8.713772e-01
    outer loop
      vertex   -9.787319e+00 -1.750000e+01 5.759724e+01
      vertex   -9.787319e+00 -2.250000e+01 5.759724e+01
      vertex   -9.588829e+00 -1.750000e+01 5.770900e+01
    endloop
  endfacet
  facet normal -4.906136e-01 0.000000e+00 8.713772e-01
    outer loop
      vertex   -9.588829e+00 -1.750000e+01 5.770900e+01
      vertex   -9.787319e+00 -2.250000e+01 5.759724e+01
      vertex   -9.588829e+00 -2.250000e+01 5.770900e+01
    endloop
  endfacet
  facet normal -3.883527e-01 0.000000e+00 9.215108e-01
    outer loop
      vertex   -9.588829e+00 -1.750000e+01 5.770900e+01
      vertex   -9.588829e+00 -2.250000e+01 5.770900e+01
      vertex   -9.378918e+00 -1.750000e+01 5.779746e+01
    endloop
  endfacet
  facet normal -3.883527e-01 0.000000e+00 9.215108e-01
    outer loop
      vertex   -9.378918e+00 -1.750000e+01 5.779746e+01
      vertex   -9.588829e+00 -2.250000e+01 5.770900e+01
      vertex   -9.378918e+00 -2.250000e+01 5.779746e+01
    endloop
  endfacet
  facet normal -2.810692e-01 0.000000e+00 9.596875e-01
    outer loop
      vertex   -9.378918e+00 -1.750000e+01 5.779746e+01
      vertex   -9.378918e+00 -2.250000e+01 5.779746e+01
      vertex   -9.160311e+00 -1.750000e+01 5.786149e+01
    endloop
  endfacet
  facet normal -2.810692e-01 0.000000e+00 9.596875e-01
    outer loop
      vertex   -9.160311e+00 -1.750000e+01 5.786149e+01
      vertex   -9.378918e+00 -2.250000e+01 5.779746e+01
      vertex   -9.160311e+00 -2.250000e+01 5.786149e+01
    endloop
  endfacet
  facet normal -1.700830e-01 0.000000e+00 9.854297e-01
    outer loop
      vertex   -9.160311e+00 -1.750000e+01 5.786149e+01
      vertex   -9.160311e+00 -2.250000e+01 5.786149e+01
      vertex   -8.935841e+00 -1.750000e+01 5.790023e+01
    endloop
  endfacet
  facet normal -1.700830e-01 0.000000e+00 9.854297e-01
    outer loop
      vertex   -8.935841e+00 -1.750000e+01 5.790023e+01
      vertex   -9.160311e+00 -2.250000e+01 5.786149e+01
      vertex   -8.935841e+00 -2.250000e+01 5.790023e+01
    endloop
  endfacet
  facet normal -5.695903e-02 0.000000e+00 9.983765e-01
    outer loop
      vertex   -8.935841e+00 -1.750000e+01 5.790023e+01
      vertex   -8.935841e+00 -2.250000e+01 5.790023e+01
      vertex   -8.708420e+00 -1.750000e+01 5.791320e+01
    endloop
  endfacet
  facet normal -5.695903e-02 0.000000e+00 9.983765e-01
    outer loop
      vertex   -8.708420e+00 -1.750000e+01 5.791320e+01
      vertex   -8.935841e+00 -2.250000e+01 5.790023e+01
      vertex   -8.708420e+00 -2.250000e+01 5.791320e+01
    endloop
  endfacet
  facet normal -9.984272e-01 0.000000e+00 5.606406e-02
    outer loop
      vertex   1.772505e+01 -2.250000e+01 3.241320e+01
      vertex   1.772505e+01 -1.750000e+01 3.241320e+01
      vertex   1.771247e+01 -2.250000e+01 3.218927e+01
    endloop
  endfacet
  facet normal -9.984272e-01 0.000000e+00 5.606406e-02
    outer loop
      vertex   1.771247e+01 -2.250000e+01 3.218927e+01
      vertex   1.772505e+01 -1.750000e+01 3.241320e+01
      vertex   1.771247e+01 -1.750000e+01 3.218927e+01
    endloop
  endfacet
  facet normal -9.858698e-01 0.000000e+00 1.675131e-01
    outer loop
      vertex   1.771247e+01 -2.250000e+01 3.218927e+01
      vertex   1.771247e+01 -1.750000e+01 3.218927e+01
      vertex   1.767490e+01 -2.250000e+01 3.196816e+01
    endloop
  endfacet
  facet normal -9.858698e-01 0.000000e+00 1.675131e-01
    outer loop
      vertex   1.767490e+01 -2.250000e+01 3.196816e+01
      vertex   1.771247e+01 -1.750000e+01 3.218927e+01
      vertex   1.767490e+01 -1.750000e+01 3.196816e+01
    endloop
  endfacet
  facet normal -9.609189e-01 0.000000e+00 2.768300e-01
    outer loop
      vertex   1.767490e+01 -2.250000e+01 3.196816e+01
      vertex   1.767490e+01 -1.750000e+01 3.196816e+01
      vertex   1.761281e+01 -2.250000e+01 3.175265e+01
    endloop
  endfacet
  facet normal -9.609189e-01 0.000000e+00 2.768300e-01
    outer loop
      vertex   1.761281e+01 -2.250000e+01 3.175265e+01
      vertex   1.767490e+01 -1.750000e+01 3.196816e+01
      vertex   1.761281e+01 -1.750000e+01 3.175265e+01
    endloop
  endfacet
  facet normal -9.238807e-01 0.000000e+00 3.826807e-01
    outer loop
      vertex   1.761281e+01 -2.250000e+01 3.175265e+01
      vertex   1.761281e+01 -1.750000e+01 3.175265e+01
      vertex   1.752699e+01 -2.250000e+01 3.154544e+01
    endloop
  endfacet
  facet normal -9.238807e-01 0.000000e+00 3.826807e-01
    outer loop
      vertex   1.752699e+01 -2.250000e+01 3.154544e+01
      vertex   1.761281e+01 -1.750000e+01 3.175265e+01
      vertex   1.752699e+01 -1.750000e+01 3.154544e+01
    endloop
  endfacet
  facet normal -8.752227e-01 0.000000e+00 4.837202e-01
    outer loop
      vertex   1.752699e+01 -2.250000e+01 3.154544e+01
      vertex   1.752699e+01 -1.750000e+01 3.154544e+01
      vertex   1.741850e+01 -2.250000e+01 3.134914e+01
    endloop
  endfacet
  facet normal -8.752227e-01 0.000000e+00 4.837202e-01
    outer loop
      vertex   1.741850e+01 -2.250000e+01 3.134914e+01
      vertex   1.752699e+01 -1.750000e+01 3.154544e+01
      vertex   1.741850e+01 -1.750000e+01 3.134914e+01
    endloop
  endfacet
  facet normal -8.155596e-01 0.000000e+00 5.786731e-01
    outer loop
      vertex   1.741850e+01 -2.250000e+01 3.134914e+01
      vertex   1.741850e+01 -1.750000e+01 3.134914e+01
      vertex   1.728871e+01 -2.250000e+01 3.116622e+01
    endloop
  endfacet
  facet normal -8.155596e-01 0.000000e+00 5.786731e-01
    outer loop
      vertex   1.728871e+01 -2.250000e+01 3.116622e+01
      vertex   1.741850e+01 -1.750000e+01 3.134914e+01
      vertex   1.728871e+01 -1.750000e+01 3.116622e+01
    endloop
  endfacet
  facet normal -7.456401e-01 0.000000e+00 6.663488e-01
    outer loop
      vertex   1.728871e+01 -2.250000e+01 3.116622e+01
      vertex   1.728871e+01 -1.750000e+01 3.116622e+01
      vertex   1.713926e+01 -2.250000e+01 3.099899e+01
    endloop
  endfacet
  facet normal -7.456401e-01 0.000000e+00 6.663488e-01
    outer loop
      vertex   1.713926e+01 -2.250000e+01 3.099899e+01
      vertex   1.728871e+01 -1.750000e+01 3.116622e+01
      vertex   1.713926e+01 -1.750000e+01 3.099899e+01
    endloop
  endfacet
  facet normal -6.663515e-01 0.000000e+00 7.456378e-01
    outer loop
      vertex   1.713926e+01 -2.250000e+01 3.099899e+01
      vertex   1.713926e+01 -1.750000e+01 3.099899e+01
      vertex   1.697203e+01 -2.250000e+01 3.084954e+01
    endloop
  endfacet
  facet normal -6.663515e-01 0.000000e+00 7.456378e-01
    outer loop
      vertex   1.697203e+01 -2.250000e+01 3.084954e+01
      vertex   1.713926e+01 -1.750000e+01 3.099899e+01
      vertex   1.697203e+01 -1.750000e+01 3.084954e+01
    endloop
  endfacet
  facet normal -5.786681e-01 0.000000e+00 8.155631e-01
    outer loop
      vertex   1.697203e+01 -2.250000e+01 3.084954e+01
      vertex   1.697203e+01 -1.750000e+01 3.084954e+01
      vertex   1.678911e+01 -2.250000e+01 3.071975e+01
    endloop
  endfacet
  facet normal -5.786681e-01 0.000000e+00 8.155631e-01
    outer loop
      vertex   1.678911e+01 -2.250000e+01 3.071975e+01
      vertex   1.697203e+01 -1.750000e+01 3.084954e+01
      vertex   1.678911e+01 -1.750000e+01 3.071975e+01
    endloop
  endfacet
  facet normal -4.837143e-01 0.000000e+00 8.752260e-01
    outer loop
      vertex   1.678911e+01 -2.250000e+01 3.071975e+01
      vertex   1.678911e+01 -1.750000e+01 3.071975e+01
      vertex   1.659281e+01 -2.250000e+01 3.061127e+01
    endloop
  endfacet
  facet normal -4.837143e-01 0.000000e+00 8.752260e-01
    outer loop
      vertex   1.659281e+01 -2.250000e+01 3.061127e+01
      vertex   1.678911e+01 -1.750000e+01 3.071975e+01
      vertex   1.659281e+01 -1.750000e+01 3.061127e+01
    endloop
  endfacet
  facet normal -3.826917e-01 0.000000e+00 9.238761e-01
    outer loop
      vertex   1.659281e+01 -2.250000e+01 3.061127e+01
      vertex   1.659281e+01 -1.750000e+01 3.061127e+01
      vertex   1.638561e+01 -2.250000e+01 3.052544e+01
    endloop
  endfacet
  facet normal -3.826917e-01 0.000000e+00 9.238761e-01
    outer loop
      vertex   1.638561e+01 -2.250000e+01 3.052544e+01
      vertex   1.659281e+01 -1.750000e+01 3.061127e+01
      vertex   1.638561e+01 -1.750000e+01 3.052544e+01
    endloop
  endfacet
  facet normal -2.768335e-01 0.000000e+00 9.609179e-01
    outer loop
      vertex   1.638561e+01 -2.250000e+01 3.052544e+01
      vertex   1.638561e+01 -1.750000e+01 3.052544e+01
      vertex   1.617009e+01 -2.250000e+01 3.046335e+01
    endloop
  endfacet
  facet normal -2.768335e-01 0.000000e+00 9.609179e-01
    outer loop
      vertex   1.617009e+01 -2.250000e+01 3.046335e+01
      vertex   1.638561e+01 -1.750000e+01 3.052544e+01
      vertex   1.617009e+01 -1.750000e+01 3.046335e+01
    endloop
  endfacet
  facet normal -1.675019e-01 0.000000e+00 9.858717e-01
    outer loop
      vertex   1.617009e+01 -2.250000e+01 3.046335e+01
      vertex   1.617009e+01 -1.750000e+01 3.046335e+01
      vertex   1.594898e+01 -2.250000e+01 3.042578e+01
    endloop
  endfacet
  facet normal -1.675019e-01 0.000000e+00 9.858717e-01
    outer loop
      vertex   1.594898e+01 -2.250000e+01 3.042578e+01
      vertex   1.617009e+01 -1.750000e+01 3.046335e+01
      vertex   1.594898e+01 -1.750000e+01 3.042578e+01
    endloop
  endfacet
  facet normal -5.607496e-02 0.000000e+00 9.984266e-01
    outer loop
      vertex   1.594898e+01 -2.250000e+01 3.042578e+01
      vertex   1.594898e+01 -1.750000e+01 3.042578e+01
      vertex   1.572505e+01 -2.250000e+01 3.041320e+01
    endloop
  endfacet
  facet normal -5.607496e-02 0.000000e+00 9.984266e-01
    outer loop
      vertex   1.572505e+01 -2.250000e+01 3.041320e+01
      vertex   1.594898e+01 -1.750000e+01 3.042578e+01
      vertex   1.572505e+01 -1.750000e+01 3.041320e+01
    endloop
  endfacet
  facet normal 0.000000e+00 0.000000e+00 1.000000e+00
    outer loop
      vertex   7.390431e+00 -2.250000e+01 3.041320e+01
      vertex   1.572505e+01 -2.250000e+01 3.041320e+01
      vertex   7.390431e+00 -1.750000e+01 3.041320e+01
    endloop
  endfacet
  facet normal -0.000000e+00 0.000000e+00 1.000000e+00
    outer loop
      vertex   7.390431e+00 -1.750000e+01 3.041320e+01
      vertex   1.572505e+01 -2.250000e+01 3.041320e+01
      vertex   1.572505e+01 -1.750000e+01 3.041320e+01
    endloop
  endfacet
  facet normal -9.984268e-01 0.000000e+00 5.606996e-02
    outer loop
      vertex   1.772505e+01 -1.750000e+01 5.591321e+01
      vertex   1.772505e+01 -2.250000e+01 5.591321e+01
      vertex   1.773762e+01 -1.750000e+01 5.613713e+01
    endloop
  endfacet
  facet normal -9.984268e-01 0.000000e+00 5.606996e-02
    outer loop
      vertex   1.773762e+01 -1.750000e+01 5.613713e+01
      vertex   1.772505e+01 -2.250000e+01 5.591321e+01
      vertex   1.773762e+01 -2.250000e+01 5.613713e+01
    endloop
  endfacet
  facet normal -9.858710e-01 0.000000e+00 1.675062e-01
    outer loop
      vertex   1.773762e+01 -1.750000e+01 5.613713e+01
      vertex   1.773762e+01 -2.250000e+01 5.613713e+01
      vertex   1.777519e+01 -1.750000e+01 5.635825e+01
    endloop
  endfacet
  facet normal -9.858710e-01 0.000000e+00 1.675062e-01
    outer loop
      vertex   1.777519e+01 -1.750000e+01 5.635825e+01
      vertex   1.773762e+01 -2.250000e+01 5.613713e+01
      vertex   1.777519e+01 -2.250000e+01 5.635825e+01
    endloop
  endfacet
  facet normal -9.609161e-01 0.000000e+00 2.768398e-01
    outer loop
      vertex   1.777519e+01 -1.750000e+01 5.635825e+01
      vertex   1.777519e+01 -2.250000e+01 5.635825e+01
      vertex   1.783728e+01 -1.750000e+01 5.657376e+01
    endloop
  endfacet
  facet normal -9.609161e-01 0.000000e+00 2.768398e-01
    outer loop
      vertex   1.783728e+01 -1.750000e+01 5.657376e+01
      vertex   1.777519e+01 -2.250000e+01 5.635825e+01
      vertex   1.783728e+01 -2.250000e+01 5.657376e+01
    endloop
  endfacet
  facet normal -9.238788e-01 0.000000e+00 3.826852e-01
    outer loop
      vertex   1.783728e+01 -1.750000e+01 5.657376e+01
      vertex   1.783728e+01 -2.250000e+01 5.657376e+01
      vertex   1.792311e+01 -1.750000e+01 5.678097e+01
    endloop
  endfacet
  facet normal -9.238788e-01 0.000000e+00 3.826852e-01
    outer loop
      vertex   1.792311e+01 -1.750000e+01 5.678097e+01
      vertex   1.783728e+01 -2.250000e+01 5.657376e+01
      vertex   1.792311e+01 -2.250000e+01 5.678097e+01
    endloop
  endfacet
  facet normal -8.752202e-01 0.000000e+00 4.837247e-01
    outer loop
      vertex   1.792311e+01 -1.750000e+01 5.678097e+01
      vertex   1.792311e+01 -2.250000e+01 5.678097e+01
      vertex   1.803160e+01 -1.750000e+01 5.697727e+01
    endloop
  endfacet
  facet normal -8.752202e-01 0.000000e+00 4.837247e-01
    outer loop
      vertex   1.803160e+01 -1.750000e+01 5.697727e+01
      vertex   1.792311e+01 -2.250000e+01 5.678097e+01
      vertex   1.803160e+01 -2.250000e+01 5.697727e+01
    endloop
  endfacet
  facet normal -8.155596e-01 0.000000e+00 5.786731e-01
    outer loop
      vertex   1.803160e+01 -1.750000e+01 5.697727e+01
      vertex   1.803160e+01 -2.250000e+01 5.697727e+01
      vertex   1.816139e+01 -1.750000e+01 5.716018e+01
    endloop
  endfacet
  facet normal -8.155596e-01 0.000000e+00 5.786731e-01
    outer loop
      vertex   1.816139e+01 -1.750000e+01 5.716018e+01
      vertex   1.803160e+01 -2.250000e+01 5.697727e+01
      vertex   1.816139e+01 -2.250000e+01 5.716018e+01
    endloop
  endfacet
  facet normal -7.456501e-01 0.000000e+00 6.663376e-01
    outer loop
      vertex   1.816139e+01 -1.750000e+01 5.716018e+01
      vertex   1.816139e+01 -2.250000e+01 5.716018e+01
      vertex   1.831083e+01 -1.750000e+01 5.732742e+01
    endloop
  endfacet
  facet normal -7.456501e-01 0.000000e+00 6.663376e-01
    outer loop
      vertex   1.831083e+01 -1.750000e+01 5.732742e+01
      vertex   1.816139e+01 -2.250000e+01 5.716018e+01
      vertex   1.831083e+01 -2.250000e+01 5.732742e+01
    endloop
  endfacet
  facet normal -6.663488e-01 0.000000e+00 7.456401e-01
    outer loop
      vertex   1.831083e+01 -1.750000e+01 5.732742e+01
      vertex   1.831083e+01 -2.250000e+01 5.732742e+01
      vertex   1.847807e+01 -1.750000e+01 5.747687e+01
    endloop
  endfacet
  facet normal -6.663488e-01 0.000000e+00 7.456401e-01
    outer loop
      vertex   1.847807e+01 -1.750000e+01 5.747687e+01
      vertex   1.831083e+01 -2.250000e+01 5.732742e+01
      vertex   1.847807e+01 -2.250000e+01 5.747687e+01
    endloop
  endfacet
  facet normal -5.786590e-01 0.000000e+00 8.155696e-01
    outer loop
      vertex   1.847807e+01 -1.750000e+01 5.747687e+01
      vertex   1.847807e+01 -2.250000e+01 5.747687e+01
      vertex   1.866098e+01 -1.750000e+01 5.760665e+01
    endloop
  endfacet
  facet normal -5.786590e-01 0.000000e+00 8.155696e-01
    outer loop
      vertex   1.866098e+01 -1.750000e+01 5.760665e+01
      vertex   1.847807e+01 -2.250000e+01 5.747687e+01
      vertex   1.866098e+01 -2.250000e+01 5.760665e+01
    endloop
  endfacet
  facet normal -4.837202e-01 0.000000e+00 8.752227e-01
    outer loop
      vertex   1.866098e+01 -1.750000e+01 5.760665e+01
      vertex   1.866098e+01 -2.250000e+01 5.760665e+01
      vertex   1.885728e+01 -1.750000e+01 5.771514e+01
    endloop
  endfacet
  facet normal -4.837202e-01 0.000000e+00 8.752227e-01
    outer loop
      vertex   1.885728e+01 -1.750000e+01 5.771514e+01
      vertex   1.866098e+01 -2.250000e+01 5.760665e+01
      vertex   1.885728e+01 -2.250000e+01 5.771514e+01
    endloop
  endfacet
  facet normal -3.826879e-01 0.000000e+00 9.238777e-01
    outer loop
      vertex   1.885728e+01 -1.750000e+01 5.771514e+01
      vertex   1.885728e+01 -2.250000e+01 5.771514e+01
      vertex   1.906449e+01 -1.750000e+01 5.780097e+01
    endloop
  endfacet
  facet normal -3.826879e-01 0.000000e+00 9.238777e-01
    outer loop
      vertex   1.906449e+01 -1.750000e+01 5.780097e+01
      vertex   1.885728e+01 -2.250000e+01 5.771514e+01
      vertex   1.906449e+01 -2.250000e+01 5.780097e+01
    endloop
  endfacet
  facet normal -2.768363e-01 0.000000e+00 9.609171e-01
    outer loop
      vertex   1.906449e+01 -1.750000e+01 5.780097e+01
      vertex   1.906449e+01 -2.250000e+01 5.780097e+01
      vertex   1.928000e+01 -1.750000e+01 5.786306e+01
    endloop
  endfacet
  facet normal -2.768363e-01 0.000000e+00 9.609171e-01
    outer loop
      vertex   1.928000e+01 -1.750000e+01 5.786306e+01
      vertex   1.906449e+01 -2.250000e+01 5.780097e+01
      vertex   1.928000e+01 -2.250000e+01 5.786306e+01
    endloop
  endfacet
  facet normal -1.675123e-01 0.000000e+00 9.858700e-01
    outer loop
      vertex   1.928000e+01 -1.750000e+01 5.786306e+01
      vertex   1.928000e+01 -2.250000e+01 5.786306e+01
      vertex   1.950112e+01 -1.750000e+01 5.790063e+01
    endloop
  endfacet
  facet normal -1.675123e-01 0.000000e+00 9.858700e-01
    outer loop
      vertex   1.950112e+01 -1.750000e+01 5.790063e+01
      vertex   1.928000e+01 -2.250000e+01 5.786306e+01
      vertex   1.950112e+01 -2.250000e+01 5.790063e+01
    endloop
  endfacet
  facet normal -5.606436e-02 0.000000e+00 9.984272e-01
    outer loop
      vertex   1.950112e+01 -1.750000e+01 5.790063e+01
      vertex   1.950112e+01 -2.250000e+01 5.790063e+01
      vertex   1.972505e+01 -1.750000e+01 5.791320e+01
    endloop
  endfacet
  facet normal -5.606436e-02 0.000000e+00 9.984272e-01
    outer loop
      vertex   1.972505e+01 -1.750000e+01 5.791320e+01
      vertex   1.950112e+01 -2.250000e+01 5.790063e+01
      vertex   1.972505e+01 -2.250000e+01 5.791320e+01
    endloop
  endfacet
  facet normal 0.000000e+00 0.000000e+00 1.000000e+00
    outer loop
      vertex   -1.281832e+01 -1.750000e+01 1.115000e+01
      vertex   -1.610922e+01 -1.750000e+01 1.115000e+01
      vertex   -1.281832e+01 -2.150000e+01 1.115000e+01
    endloop
  endfacet
  facet normal 0.000000e+00 0.000000e+00 1.000000e+00
    outer loop
      vertex   -1.281832e+01 -2.150000e+01 1.115000e+01
      vertex   -1.610922e+01 -1.750000e+01 1.115000e+01
      vertex   -1.610922e+01 -2.150000e+01 1.115000e+01
    endloop
  endfacet
  facet normal 8.660255e-01 0.000000e+00 4.999998e-01
    outer loop
      vertex   -1.610922e+01 -1.750000e+01 1.115000e+01
      vertex   -1.775467e+01 -1.750000e+01 1.400000e+01
      vertex   -1.610922e+01 -2.150000e+01 1.115000e+01
    endloop
  endfacet
  facet normal 8.660255e-01 0.000000e+00 4.999998e-01
    outer loop
      vertex   -1.610922e+01 -2.150000e+01 1.115000e+01
      vertex   -1.775467e+01 -1.750000e+01 1.400000e+01
      vertex   -1.775467e+01 -2.150000e+01 1.400000e+01
    endloop
  endfacet
  facet normal 8.660256e-01 0.000000e+00 -4.999996e-01
    outer loop
      vertex   -1.775467e+01 -1.750000e+01 1.400000e+01
      vertex   -1.610922e+01 -1.750000e+01 1.685000e+01
      vertex   -1.775467e+01 -2.150000e+01 1.400000e+01
    endloop
  endfacet
  facet normal 8.660256e-01 0.000000e+00 -4.999996e-01
    outer loop
      vertex   -1.775467e+01 -2.150000e+01 1.400000e+01
      vertex   -1.610922e+01 -1.750000e+01 1.685000e+01
      vertex   -1.610922e+01 -2.150000e+01 1.685000e+01
    endloop
  endfacet
  facet normal 0.000000e+00 0.000000e+00 -1.000000e+00
    outer loop
      vertex   -1.610922e+01 -1.750000e+01 1.685000e+01
      vertex   -1.281832e+01 -1.750000e+01 1.685000e+01
      vertex   -1.610922e+01 -2.150000e+01 1.685000e+01
    endloop
  endfacet
  facet normal 0.000000e+00 0.000000e+00 -1.000000e+00
    outer loop
      vertex   -1.610922e+01 -2.150000e+01 1.685000e+01
      vertex   -1.281832e+01 -1.750000e+01 1.685000e+01
      vertex   -1.281832e+01 -2.150000e+01 1.685000e+01
    endloop
  endfacet
  facet normal -8.660255e-01 -0.000000e+00 -4.999999e-01
    outer loop
      vertex   -1.281832e+01 -1.750000e+01 1.685000e+01
      vertex   -1.117288e+01 -1.750000e+01 1.400000e+01
      vertex   -1.281832e+01 -2.150000e+01 1.685000e+01
    endloop
  endfacet
  facet normal -8.660255e-01 0.000000e+00 -4.999999e-01
    outer loop
      vertex   -1.281832e+01 -2.150000e+01 1.685000e+01
      vertex   -1.117288e+01 -1.750000e+01 1.400000e+01
      vertex   -1.117288e+01 -2.150000e+01 1.400000e+01
    endloop
  endfacet
  facet normal -8.660254e-01 0.000000e+00 5.000000e-01
    outer loop
      vertex   -1.117288e+01 -1.750000e+01 1.400000e+01
      vertex   -1.281832e+01 -1.750000e+01 1.115000e+01
      vertex   -1.117288e+01 -2.150000e+01 1.400000e+01
    endloop
  endfacet
  facet normal -8.660254e-01 0.000000e+00 5.000000e-01
    outer loop
      vertex   -1.117288e+01 -2.150000e+01 1.400000e+01
      vertex   -1.281832e+01 -1.750000e+01 1.115000e+01
      vertex   -1.281832e+01 -2.150000e+01 1.115000e+01
    endloop
  endfacet
  facet normal 0.000000e+00 1.000000e+00 0.000000e+00
    outer loop
      vertex   -1.610076e+01 -2.150000e+01 1.420680e+01
      vertex   -1.611377e+01 -2.150000e+01 1.400000e+01
      vertex   -1.775467e+01 -2.150000e+01 1.400000e+01
    endloop
  endfacet
  facet normal -0.000000e+00 1.000000e+00 0.000000e+00
    outer loop
      vertex   -1.775467e+01 -2.150000e+01 1.400000e+01
      vertex   -1.611377e+01 -2.150000e+01 1.400000e+01
      vertex   -1.610076e+01 -2.150000e+01 1.379320e+01
    endloop
  endfacet
  facet normal 0.000000e+00 1.000000e+00 0.000000e+00
    outer loop
      vertex   -1.775467e+01 -2.150000e+01 1.400000e+01
      vertex   -1.610076e+01 -2.150000e+01 1.379320e+01
      vertex   -1.606194e+01 -2.150000e+01 1.358966e+01
    endloop
  endfacet
  facet normal 0.000000e+00 1.000000e+00 0.000000e+00
    outer loop
      vertex   -1.606194e+01 -2.150000e+01 1.358966e+01
      vertex   -1.599790e+01 -2.150000e+01 1.339259e+01
      vertex   -1.775467e+01 -2.150000e+01 1.400000e+01
    endloop
  endfacet
  facet normal 0.000000e+00 1.000000e+00 0.000000e+00
    outer loop
      vertex   -1.775467e+01 -2.150000e+01 1.400000e+01
      vertex   -1.599790e+01 -2.150000e+01 1.339259e+01
      vertex   -1.590968e+01 -2.150000e+01 1.320511e+01
    endloop
  endfacet
  facet normal 0.000000e+00 1.000000e+00 0.000000e+00
    outer loop
      vertex   -1.775467e+01 -2.150000e+01 1.400000e+01
      vertex   -1.590968e+01 -2.150000e+01 1.320511e+01
      vertex   -1.579865e+01 -2.150000e+01 1.303015e+01
    endloop
  endfacet
  facet normal 0.000000e+00 1.000000e+00 0.000000e+00
    outer loop
      vertex   -1.775467e+01 -2.150000e+01 1.400000e+01
      vertex   -1.579865e+01 -2.150000e+01 1.303015e+01
      vertex   -1.610922e+01 -2.150000e+01 1.115000e+01
    endloop
  endfacet
  facet normal 0.000000e+00 1.000000e+00 0.000000e+00
    outer loop
      vertex   -1.610922e+01 -2.150000e+01 1.115000e+01
      vertex   -1.579865e+01 -2.150000e+01 1.303015e+01
      vertex   -1.566657e+01 -2.150000e+01 1.287050e+01
    endloop
  endfacet
  facet normal 0.000000e+00 1.000000e+00 0.000000e+00
    outer loop
      vertex   -1.610922e+01 -2.150000e+01 1.115000e+01
      vertex   -1.566657e+01 -2.150000e+01 1.287050e+01
      vertex   -1.551552e+01 -2.150000e+01 1.272865e+01
    endloop
  endfacet
  facet normal 0.000000e+00 1.000000e+00 0.000000e+00
    outer loop
      vertex   -1.551552e+01 -2.150000e+01 1.272865e+01
      vertex   -1.534789e+01 -2.150000e+01 1.260686e+01
      vertex   -1.610922e+01 -2.150000e+01 1.115000e+01
    endloop
  endfacet
  facet normal 0.000000e+00 1.000000e+00 0.000000e+00
    outer loop
      vertex   -1.610922e+01 -2.150000e+01 1.115000e+01
      vertex   -1.534789e+01 -2.150000e+01 1.260686e+01
      vertex   -1.516631e+01 -2.150000e+01 1.250704e+01
    endloop
  endfacet
  facet normal 0.000000e+00 1.000000e+00 0.000000e+00
    outer loop
      vertex   -1.610922e+01 -2.150000e+01 1.115000e+01
      vertex   -1.516631e+01 -2.150000e+01 1.250704e+01
      vertex   -1.497365e+01 -2.150000e+01 1.243076e+01
    endloop
  endfacet
  facet normal 0.000000e+00 1.000000e+00 0.000000e+00
    outer loop
      vertex   -1.497365e+01 -2.150000e+01 1.243076e+01
      vertex   -1.477295e+01 -2.150000e+01 1.237923e+01
      vertex   -1.610922e+01 -2.150000e+01 1.115000e+01
    endloop
  endfacet
  facet normal 0.000000e+00 1.000000e+00 0.000000e+00
    outer loop
      vertex   -1.610922e+01 -2.150000e+01 1.115000e+01
      vertex   -1.477295e+01 -2.150000e+01 1.237923e+01
      vertex   -1.456738e+01 -2.150000e+01 1.235326e+01
    endloop
  endfacet
  facet normal 0.000000e+00 1.000000e+00 0.000000e+00
    outer loop
      vertex   -1.610922e+01 -2.150000e+01 1.115000e+01
      vertex   -1.456738e+01 -2.150000e+01 1.235326e+01
      vertex   -1.436017e+01 -2.150000e+01 1.235326e+01
    endloop
  endfacet
  facet normal 0.000000e+00 1.000000e+00 0.000000e+00
    outer loop
      vertex   -1.610922e+01 -2.150000e+01 1.115000e+01
      vertex   -1.436017e+01 -2.150000e+01 1.235326e+01
      vertex   -1.281832e+01 -2.150000e+01 1.115000e+01
    endloop
  endfacet
  facet normal 0.000000e+00 1.000000e+00 0.000000e+00
    outer loop
      vertex   -1.281832e+01 -2.150000e+01 1.115000e+01
      vertex   -1.436017e+01 -2.150000e+01 1.235326e+01
      vertex   -1.415459e+01 -2.150000e+01 1.237923e+01
    endloop
  endfacet
  facet normal 0.000000e+00 1.000000e+00 0.000000e+00
    outer loop
      vertex   -1.281832e+01 -2.150000e+01 1.115000e+01
      vertex   -1.415459e+01 -2.150000e+01 1.237923e+01
      vertex   -1.395390e+01 -2.150000e+01 1.243076e+01
    endloop
  endfacet
  facet normal -0.000000e+00 1.000000e+00 0.000000e+00
    outer loop
      vertex   -1.395390e+01 -2.150000e+01 1.243076e+01
      vertex   -1.376124e+01 -2.150000e+01 1.250704e+01
      vertex   -1.281832e+01 -2.150000e+01 1.115000e+01
    endloop
  endfacet
  facet normal 0.000000e+00 1.000000e+00 0.000000e+00
    outer loop
      vertex   -1.281832e+01 -2.150000e+01 1.115000e+01
      vertex   -1.376124e+01 -2.150000e+01 1.250704e+01
      vertex   -1.357966e+01 -2.150000e+01 1.260686e+01
    endloop
  endfacet
  facet normal 0.000000e+00 1.000000e+00 0.000000e+00
    outer loop
      vertex   -1.281832e+01 -2.150000e+01 1.115000e+01
      vertex   -1.357966e+01 -2.150000e+01 1.260686e+01
      vertex   -1.341202e+01 -2.150000e+01 1.272865e+01
    endloop
  endfacet
  facet normal -0.000000e+00 1.000000e+00 0.000000e+00
    outer loop
      vertex   -1.341202e+01 -2.150000e+01 1.272865e+01
      vertex   -1.326097e+01 -2.150000e+01 1.287050e+01
      vertex   -1.281832e+01 -2.150000e+01 1.115000e+01
    endloop
  endfacet
  facet normal 0.000000e+00 1.000000e+00 0.000000e+00
    outer loop
      vertex   -1.281832e+01 -2.150000e+01 1.115000e+01
      vertex   -1.326097e+01 -2.150000e+01 1.287050e+01
      vertex   -1.312889e+01 -2.150000e+01 1.303015e+01
    endloop
  endfacet
  facet normal 0.000000e+00 1.000000e+00 -0.000000e+00
    outer loop
      vertex   -1.281832e+01 -2.150000e+01 1.115000e+01
      vertex   -1.312889e+01 -2.150000e+01 1.303015e+01
      vertex   -1.117288e+01 -2.150000e+01 1.400000e+01
    endloop
  endfacet
  facet normal 0.000000e+00 1.000000e+00 0.000000e+00
    outer loop
      vertex   -1.117288e+01 -2.150000e+01 1.400000e+01
      vertex   -1.312889e+01 -2.150000e+01 1.303015e+01
      vertex   -1.301787e+01 -2.150000e+01 1.320511e+01
    endloop
  endfacet
  facet normal 0.000000e+00 1.000000e+00 0.000000e+00
    outer loop
      vertex   -1.117288e+01 -2.150000e+01 1.400000e+01
      vertex   -1.301787e+01 -2.150000e+01 1.320511e+01
      vertex   -1.292964e+01 -2.150000e+01 1.339259e+01
    endloop
  endfacet
  facet normal 0.000000e+00 1.000000e+00 0.000000e+00
    outer loop
      vertex   -1.292964e+01 -2.150000e+01 1.339259e+01
      vertex   -1.286561e+01 -2.150000e+01 1.358966e+01
      vertex   -1.117288e+01 -2.150000e+01 1.400000e+01
    endloop
  endfacet
  facet normal 0.000000e+00 1.000000e+00 0.000000e+00
    outer loop
      vertex   -1.117288e+01 -2.150000e+01 1.400000e+01
      vertex   -1.286561e+01 -2.150000e+01 1.358966e+01
      vertex   -1.282678e+01 -2.150000e+01 1.379320e+01
    endloop
  endfacet
  facet normal 0.000000e+00 1.000000e+00 0.000000e+00
    outer loop
      vertex   -1.117288e+01 -2.150000e+01 1.400000e+01
      vertex   -1.282678e+01 -2.150000e+01 1.379320e+01
      vertex   -1.281377e+01 -2.150000e+01 1.400000e+01
    endloop
  endfacet
  facet normal 0.000000e+00 1.000000e+00 -0.000000e+00
    outer loop
      vertex   -1.281377e+01 -2.150000e+01 1.400000e+01
      vertex   -1.282678e+01 -2.150000e+01 1.420680e+01
      vertex   -1.117288e+01 -2.150000e+01 1.400000e+01
    endloop
  endfacet
  facet normal 0.000000e+00 1.000000e+00 0.000000e+00
    outer loop
      vertex   -1.117288e+01 -2.150000e+01 1.400000e+01
      vertex   -1.282678e+01 -2.150000e+01 1.420680e+01
      vertex   -1.286561e+01 -2.150000e+01 1.441034e+01
    endloop
  endfacet
  facet normal 0.000000e+00 1.000000e+00 0.000000e+00
    outer loop
      vertex   -1.117288e+01 -2.150000e+01 1.400000e+01
      vertex   -1.286561e+01 -2.150000e+01 1.441034e+01
      vertex   -1.292964e+01 -2.150000e+01 1.460741e+01
    endloop
  endfacet
  facet normal -0.000000e+00 1.000000e+00 -0.000000e+00
    outer loop
      vertex   -1.292964e+01 -2.150000e+01 1.460741e+01
      vertex   -1.301787e+01 -2.150000e+01 1.479489e+01
      vertex   -1.117288e+01 -2.150000e+01 1.400000e+01
    endloop
  endfacet
  facet normal 0.000000e+00 1.000000e+00 0.000000e+00
    outer loop
      vertex   -1.117288e+01 -2.150000e+01 1.400000e+01
      vertex   -1.301787e+01 -2.150000e+01 1.479489e+01
      vertex   -1.312889e+01 -2.150000e+01 1.496985e+01
    endloop
  endfacet
  facet normal 0.000000e+00 1.000000e+00 0.000000e+00
    outer loop
      vertex   -1.117288e+01 -2.150000e+01 1.400000e+01
      vertex   -1.312889e+01 -2.150000e+01 1.496985e+01
      vertex   -1.281832e+01 -2.150000e+01 1.685000e+01
    endloop
  endfacet
  facet normal 0.000000e+00 1.000000e+00 0.000000e+00
    outer loop
      vertex   -1.281832e+01 -2.150000e+01 1.685000e+01
      vertex   -1.312889e+01 -2.150000e+01 1.496985e+01
      vertex   -1.326097e+01 -2.150000e+01 1.512950e+01
    endloop
  endfacet
  facet normal 0.000000e+00 1.000000e+00 0.000000e+00
    outer loop
      vertex   -1.281832e+01 -2.150000e+01 1.685000e+01
      vertex   -1.326097e+01 -2.150000e+01 1.512950e+01
      vertex   -1.341202e+01 -2.150000e+01 1.527135e+01
    endloop
  endfacet
  facet normal 0.000000e+00 1.000000e+00 -0.000000e+00
    outer loop
      vertex   -1.341202e+01 -2.150000e+01 1.527135e+01
      vertex   -1.357966e+01 -2.150000e+01 1.539314e+01
      vertex   -1.281832e+01 -2.150000e+01 1.685000e+01
    endloop
  endfacet
  facet normal 0.000000e+00 1.000000e+00 0.000000e+00
    outer loop
      vertex   -1.281832e+01 -2.150000e+01 1.685000e+01
      vertex   -1.357966e+01 -2.150000e+01 1.539314e+01
      vertex   -1.376124e+01 -2.150000e+01 1.549296e+01
    endloop
  endfacet
  facet normal 0.000000e+00 1.000000e+00 0.000000e+00
    outer loop
      vertex   -1.281832e+01 -2.150000e+01 1.685000e+01
      vertex   -1.376124e+01 -2.150000e+01 1.549296e+01
      vertex   -1.395390e+01 -2.150000e+01 1.556924e+01
    endloop
  endfacet
  facet normal 0.000000e+00 1.000000e+00 -0.000000e+00
    outer loop
      vertex   -1.395390e+01 -2.150000e+01 1.556924e+01
      vertex   -1.415459e+01 -2.150000e+01 1.562077e+01
      vertex   -1.281832e+01 -2.150000e+01 1.685000e+01
    endloop
  endfacet
  facet normal 0.000000e+00 1.000000e+00 0.000000e+00
    outer loop
      vertex   -1.281832e+01 -2.150000e+01 1.685000e+01
      vertex   -1.415459e+01 -2.150000e+01 1.562077e+01
      vertex   -1.436017e+01 -2.150000e+01 1.564674e+01
    endloop
  endfacet
  facet normal 0.000000e+00 1.000000e+00 0.000000e+00
    outer loop
      vertex   -1.281832e+01 -2.150000e+01 1.685000e+01
      vertex   -1.436017e+01 -2.150000e+01 1.564674e+01
      vertex   -1.610922e+01 -2.150000e+01 1.685000e+01
    endloop
  endfacet
  facet normal 0.000000e+00 1.000000e+00 0.000000e+00
    outer loop
      vertex   -1.610922e+01 -2.150000e+01 1.685000e+01
      vertex   -1.436017e+01 -2.150000e+01 1.564674e+01
      vertex   -1.456738e+01 -2.150000e+01 1.564674e+01
    endloop
  endfacet
  facet normal 0.000000e+00 1.000000e+00 0.000000e+00
    outer loop
      vertex   -1.610922e+01 -2.150000e+01 1.685000e+01
      vertex   -1.456738e+01 -2.150000e+01 1.564674e+01
      vertex   -1.477295e+01 -2.150000e+01 1.562077e+01
    endloop
  endfacet
  facet normal 0.000000e+00 1.000000e+00 0.000000e+00
    outer loop
      vertex   -1.477295e+01 -2.150000e+01 1.562077e+01
      vertex   -1.497365e+01 -2.150000e+01 1.556924e+01
      vertex   -1.610922e+01 -2.150000e+01 1.685000e+01
    endloop
  endfacet
  facet normal 0.000000e+00 1.000000e+00 0.000000e+00
    outer loop
      vertex   -1.610922e+01 -2.150000e+01 1.685000e+01
      vertex   -1.497365e+01 -2.150000e+01 1.556924e+01
      vertex   -1.516631e+01 -2.150000e+01 1.549296e+01
    endloop
  endfacet
  facet normal 0.000000e+00 1.000000e+00 0.000000e+00
    outer loop
      vertex   -1.610922e+01 -2.150000e+01 1.685000e+01
      vertex   -1.516631e+01 -2.150000e+01 1.549296e+01
      vertex   -1.534789e+01 -2.150000e+01 1.539314e+01
    endloop
  endfacet
  facet normal 0.000000e+00 1.000000e+00 0.000000e+00
    outer loop
      vertex   -1.534789e+01 -2.150000e+01 1.539314e+01
      vertex   -1.551552e+01 -2.150000e+01 1.527135e+01
      vertex   -1.610922e+01 -2.150000e+01 1.685000e+01
    endloop
  endfacet
  facet normal 0.000000e+00 1.000000e+00 0.000000e+00
    outer loop
      vertex   -1.610922e+01 -2.150000e+01 1.685000e+01
      vertex   -1.551552e+01 -2.150000e+01 1.527135e+01
      vertex   -1.566657e+01 -2.150000e+01 1.512950e+01
    endloop
  endfacet
  facet normal 0.000000e+00 1.000000e+00 0.000000e+00
    outer loop
      vertex   -1.610922e+01 -2.150000e+01 1.685000e+01
      vertex   -1.566657e+01 -2.150000e+01 1.512950e+01
      vertex   -1.579865e+01 -2.150000e+01 1.496985e+01
    endloop
  endfacet
  facet normal 0.000000e+00 1.000000e+00 0.000000e+00
    outer loop
      vertex   -1.610922e+01 -2.150000e+01 1.685000e+01
      vertex   -1.579865e+01 -2.150000e+01 1.496985e+01
      vertex   -1.775467e+01 -2.150000e+01 1.400000e+01
    endloop
  endfacet
  facet normal 0.000000e+00 1.000000e+00 0.000000e+00
    outer loop
      vertex   -1.775467e+01 -2.150000e+01 1.400000e+01
      vertex   -1.579865e+01 -2.150000e+01 1.496985e+01
      vertex   -1.590968e+01 -2.150000e+01 1.479489e+01
    endloop
  endfacet
  facet normal 0.000000e+00 1.000000e+00 0.000000e+00
    outer loop
      vertex   -1.775467e+01 -2.150000e+01 1.400000e+01
      vertex   -1.590968e+01 -2.150000e+01 1.479489e+01
      vertex   -1.599790e+01 -2.150000e+01 1.460741e+01
    endloop
  endfacet
  facet normal 0.000000e+00 1.000000e+00 0.000000e+00
    outer loop
      vertex   -1.599790e+01 -2.150000e+01 1.460741e+01
      vertex   -1.606194e+01 -2.150000e+01 1.441034e+01
      vertex   -1.775467e+01 -2.150000e+01 1.400000e+01
    endloop
  endfacet
  facet normal 0.000000e+00 1.000000e+00 0.000000e+00
    outer loop
      vertex   -1.775467e+01 -2.150000e+01 1.400000e+01
      vertex   -1.606194e+01 -2.150000e+01 1.441034e+01
      vertex   -1.610076e+01 -2.150000e+01 1.420680e+01
    endloop
  endfacet
  facet normal 0.000000e+00 0.000000e+00 1.000000e+00
    outer loop
      vertex   -3.554552e+00 -1.750000e+01 5.115000e+01
      vertex   -6.845449e+00 -1.750000e+01 5.115000e+01
      vertex   -3.554552e+00 -2.150000e+01 5.115000e+01
    endloop
  endfacet
  facet normal 0.000000e+00 0.000000e+00 1.000000e+00
    outer loop
      vertex   -3.554552e+00 -2.150000e+01 5.115000e+01
      vertex   -6.845449e+00 -1.750000e+01 5.115000e+01
      vertex   -6.845449e+00 -2.150000e+01 5.115000e+01
    endloop
  endfacet
  facet normal 8.660254e-01 0.000000e+00 5.000001e-01
    outer loop
      vertex   -6.845449e+00 -1.750000e+01 5.115000e+01
      vertex   -8.490896e+00 -1.750000e+01 5.400000e+01
      vertex   -6.845449e+00 -2.150000e+01 5.115000e+01
    endloop
  endfacet
  facet normal 8.660254e-01 0.000000e+00 5.000001e-01
    outer loop
      vertex   -6.845449e+00 -2.150000e+01 5.115000e+01
      vertex   -8.490896e+00 -1.750000e+01 5.400000e+01
      vertex   -8.490896e+00 -2.150000e+01 5.400000e+01
    endloop
  endfacet
  facet normal 8.660254e-01 0.000000e+00 -5.000001e-01
    outer loop
      vertex   -8.490896e+00 -1.750000e+01 5.400000e+01
      vertex   -6.845449e+00 -1.750000e+01 5.685000e+01
      vertex   -8.490896e+00 -2.150000e+01 5.400000e+01
    endloop
  endfacet
  facet normal 8.660254e-01 0.000000e+00 -5.000001e-01
    outer loop
      vertex   -8.490896e+00 -2.150000e+01 5.400000e+01
      vertex   -6.845449e+00 -1.750000e+01 5.685000e+01
      vertex   -6.845449e+00 -2.150000e+01 5.685000e+01
    endloop
  endfacet
  facet normal 0.000000e+00 0.000000e+00 -1.000000e+00
    outer loop
      vertex   -6.845449e+00 -1.750000e+01 5.685000e+01
      vertex   -3.554552e+00 -1.750000e+01 5.685000e+01
      vertex   -6.845449e+00 -2.150000e+01 5.685000e+01
    endloop
  endfacet
  facet normal 0.000000e+00 0.000000e+00 -1.000000e+00
    outer loop
      vertex   -6.845449e+00 -2.150000e+01 5.685000e+01
      vertex   -3.554552e+00 -1.750000e+01 5.685000e+01
      vertex   -3.554552e+00 -2.150000e+01 5.685000e+01
    endloop
  endfacet
  facet normal -8.660253e-01 -0.000000e+00 -5.000002e-01
    outer loop
      vertex   -3.554552e+00 -1.750000e+01 5.685000e+01
      vertex   -1.909104e+00 -1.750000e+01 5.400000e+01
      vertex   -3.554552e+00 -2.150000e+01 5.685000e+01
    endloop
  endfacet
  facet normal -8.660253e-01 0.000000e+00 -5.000002e-01
    outer loop
      vertex   -3.554552e+00 -2.150000e+01 5.685000e+01
      vertex   -1.909104e+00 -1.750000e+01 5.400000e+01
      vertex   -1.909104e+00 -2.150000e+01 5.400000e+01
    endloop
  endfacet
  facet normal -8.660253e-01 0.000000e+00 5.000002e-01
    outer loop
      vertex   -1.909104e+00 -1.750000e+01 5.400000e+01
      vertex   -3.554552e+00 -1.750000e+01 5.115000e+01
      vertex   -1.909104e+00 -2.150000e+01 5.400000e+01
    endloop
  endfacet
  facet normal -8.660253e-01 0.000000e+00 5.000002e-01
    outer loop
      vertex   -1.909104e+00 -2.150000e+01 5.400000e+01
      vertex   -3.554552e+00 -1.750000e+01 5.115000e+01
      vertex   -3.554552e+00 -2.150000e+01 5.115000e+01
    endloop
  endfacet
  facet normal 0.000000e+00 1.000000e+00 0.000000e+00
    outer loop
      vertex   -6.786864e+00 -2.150000e+01 5.420461e+01
      vertex   -6.800000e+00 -2.150000e+01 5.400000e+01
      vertex   -8.490896e+00 -2.150000e+01 5.400000e+01
    endloop
  endfacet
  facet normal -0.000000e+00 1.000000e+00 0.000000e+00
    outer loop
      vertex   -8.490896e+00 -2.150000e+01 5.400000e+01
      vertex   -6.800000e+00 -2.150000e+01 5.400000e+01
      vertex   -6.786864e+00 -2.150000e+01 5.379539e+01
    endloop
  endfacet
  facet normal 0.000000e+00 1.000000e+00 0.000000e+00
    outer loop
      vertex   -8.490896e+00 -2.150000e+01 5.400000e+01
      vertex   -6.786864e+00 -2.150000e+01 5.379539e+01
      vertex   -6.747671e+00 -2.150000e+01 5.359416e+01
    endloop
  endfacet
  facet normal 0.000000e+00 1.000000e+00 0.000000e+00
    outer loop
      vertex   -6.747671e+00 -2.150000e+01 5.359416e+01
      vertex   -6.683067e+00 -2.150000e+01 5.339957e+01
      vertex   -8.490896e+00 -2.150000e+01 5.400000e+01
    endloop
  endfacet
  facet normal 0.000000e+00 1.000000e+00 0.000000e+00
    outer loop
      vertex   -8.490896e+00 -2.150000e+01 5.400000e+01
      vertex   -6.683067e+00 -2.150000e+01 5.339957e+01
      vertex   -6.594110e+00 -2.150000e+01 5.321485e+01
    endloop
  endfacet
  facet normal 0.000000e+00 1.000000e+00 0.000000e+00
    outer loop
      vertex   -8.490896e+00 -2.150000e+01 5.400000e+01
      vertex   -6.594110e+00 -2.150000e+01 5.321485e+01
      vertex   -6.845449e+00 -2.150000e+01 5.115000e+01
    endloop
  endfacet
  facet normal 0.000000e+00 1.000000e+00 0.000000e+00
    outer loop
      vertex   -6.845449e+00 -2.150000e+01 5.115000e+01
      vertex   -6.594110e+00 -2.150000e+01 5.321485e+01
      vertex   -6.482261e+00 -2.150000e+01 5.304302e+01
    endloop
  endfacet
  facet normal 0.000000e+00 1.000000e+00 0.000000e+00
    outer loop
      vertex   -6.845449e+00 -2.150000e+01 5.115000e+01
      vertex   -6.482261e+00 -2.150000e+01 5.304302e+01
      vertex   -6.349359e+00 -2.150000e+01 5.288691e+01
    endloop
  endfacet
  facet normal 0.000000e+00 1.000000e+00 0.000000e+00
    outer loop
      vertex   -6.349359e+00 -2.150000e+01 5.288691e+01
      vertex   -6.197584e+00 -2.150000e+01 5.274907e+01
      vertex   -6.845449e+00 -2.150000e+01 5.115000e+01
    endloop
  endfacet
  facet normal 0.000000e+00 1.000000e+00 0.000000e+00
    outer loop
      vertex   -6.845449e+00 -2.150000e+01 5.115000e+01
      vertex   -6.197584e+00 -2.150000e+01 5.274907e+01
      vertex   -6.029428e+00 -2.150000e+01 5.263177e+01
    endloop
  endfacet
  facet normal 0.000000e+00 1.000000e+00 0.000000e+00
    outer loop
      vertex   -6.845449e+00 -2.150000e+01 5.115000e+01
      vertex   -6.029428e+00 -2.150000e+01 5.263177e+01
      vertex   -5.847653e+00 -2.150000e+01 5.253694e+01
    endloop
  endfacet
  facet normal 0.000000e+00 1.000000e+00 0.000000e+00
    outer loop
      vertex   -5.847653e+00 -2.150000e+01 5.253694e+01
      vertex   -5.655245e+00 -2.150000e+01 5.246614e+01
      vertex   -6.845449e+00 -2.150000e+01 5.115000e+01
    endloop
  endfacet
  facet normal 0.000000e+00 1.000000e+00 0.000000e+00
    outer loop
      vertex   -6.845449e+00 -2.150000e+01 5.115000e+01
      vertex   -5.655245e+00 -2.150000e+01 5.246614e+01
      vertex   -5.455360e+00 -2.150000e+01 5.242051e+01
    endloop
  endfacet
  facet normal 0.000000e+00 1.000000e+00 0.000000e+00
    outer loop
      vertex   -6.845449e+00 -2.150000e+01 5.115000e+01
      vertex   -5.455360e+00 -2.150000e+01 5.242051e+01
      vertex   -5.251282e+00 -2.150000e+01 5.240082e+01
    endloop
  endfacet
  facet normal 0.000000e+00 1.000000e+00 0.000000e+00
    outer loop
      vertex   -6.845449e+00 -2.150000e+01 5.115000e+01
      vertex   -5.251282e+00 -2.150000e+01 5.240082e+01
      vertex   -3.554552e+00 -2.150000e+01 5.115000e+01
    endloop
  endfacet
  facet normal 0.000000e+00 1.000000e+00 0.000000e+00
    outer loop
      vertex   -3.554552e+00 -2.150000e+01 5.115000e+01
      vertex   -5.251282e+00 -2.150000e+01 5.240082e+01
      vertex   -5.046363e+00 -2.150000e+01 5.240739e+01
    endloop
  endfacet
  facet normal 0.000000e+00 1.000000e+00 0.000000e+00
    outer loop
      vertex   -3.554552e+00 -2.150000e+01 5.115000e+01
      vertex   -5.046363e+00 -2.150000e+01 5.240739e+01
      vertex   -4.843966e+00 -2.150000e+01 5.244012e+01
    endloop
  endfacet
  facet normal -0.000000e+00 1.000000e+00 0.000000e+00
    outer loop
      vertex   -4.843966e+00 -2.150000e+01 5.244012e+01
      vertex   -4.647416e+00 -2.150000e+01 5.249845e+01
      vertex   -3.554552e+00 -2.150000e+01 5.115000e+01
    endloop
  endfacet
  facet normal 0.000000e+00 1.000000e+00 0.000000e+00
    outer loop
      vertex   -3.554552e+00 -2.150000e+01 5.115000e+01
      vertex   -4.647416e+00 -2.150000e+01 5.249845e+01
      vertex   -4.459938e+00 -2.150000e+01 5.258144e+01
    endloop
  endfacet
  facet normal 0.000000e+00 1.000000e+00 0.000000e+00
    outer loop
      vertex   -3.554552e+00 -2.150000e+01 5.115000e+01
      vertex   -4.459938e+00 -2.150000e+01 5.258144e+01
      vertex   -4.284613e+00 -2.150000e+01 5.268773e+01
    endloop
  endfacet
  facet normal -0.000000e+00 1.000000e+00 0.000000e+00
    outer loop
      vertex   -4.284613e+00 -2.150000e+01 5.268773e+01
      vertex   -4.124319e+00 -2.150000e+01 5.281556e+01
      vertex   -3.554552e+00 -2.150000e+01 5.115000e+01
    endloop
  endfacet
  facet normal 0.000000e+00 1.000000e+00 0.000000e+00
    outer loop
      vertex   -3.554552e+00 -2.150000e+01 5.115000e+01
      vertex   -4.124319e+00 -2.150000e+01 5.281556e+01
      vertex   -3.981686e+00 -2.150000e+01 5.296283e+01
    endloop
  endfacet
  facet normal 0.000000e+00 1.000000e+00 0.000000e+00
    outer loop
      vertex   -3.554552e+00 -2.150000e+01 5.115000e+01
      vertex   -3.981686e+00 -2.150000e+01 5.296283e+01
      vertex   -3.859059e+00 -2.150000e+01 5.312715e+01
    endloop
  endfacet
  facet normal 0.000000e+00 1.000000e+00 -0.000000e+00
    outer loop
      vertex   -3.554552e+00 -2.150000e+01 5.115000e+01
      vertex   -3.859059e+00 -2.150000e+01 5.312715e+01
      vertex   -1.909104e+00 -2.150000e+01 5.400000e+01
    endloop
  endfacet
  facet normal 0.000000e+00 1.000000e+00 0.000000e+00
    outer loop
      vertex   -1.909104e+00 -2.150000e+01 5.400000e+01
      vertex   -3.859059e+00 -2.150000e+01 5.312715e+01
      vertex   -3.758450e+00 -2.150000e+01 5.330579e+01
    endloop
  endfacet
  facet normal 0.000000e+00 1.000000e+00 0.000000e+00
    outer loop
      vertex   -1.909104e+00 -2.150000e+01 5.400000e+01
      vertex   -3.758450e+00 -2.150000e+01 5.330579e+01
      vertex   -3.681511e+00 -2.150000e+01 5.349583e+01
    endloop
  endfacet
  facet normal 0.000000e+00 1.000000e+00 0.000000e+00
    outer loop
      vertex   -3.681511e+00 -2.150000e+01 5.349583e+01
      vertex   -3.629505e+00 -2.150000e+01 5.369414e+01
      vertex   -1.909104e+00 -2.150000e+01 5.400000e+01
    endloop
  endfacet
  facet normal 0.000000e+00 1.000000e+00 0.000000e+00
    outer loop
      vertex   -1.909104e+00 -2.150000e+01 5.400000e+01
      vertex   -3.629505e+00 -2.150000e+01 5.369414e+01
      vertex   -3.603287e+00 -2.150000e+01 5.389749e+01
    endloop
  endfacet
  facet normal 0.000000e+00 1.000000e+00 0.000000e+00
    outer loop
      vertex   -1.909104e+00 -2.150000e+01 5.400000e+01
      vertex   -3.603287e+00 -2.150000e+01 5.389749e+01
      vertex   -3.603287e+00 -2.150000e+01 5.410251e+01
    endloop
  endfacet
  facet normal -0.000000e+00 1.000000e+00 -0.000000e+00
    outer loop
      vertex   -3.603287e+00 -2.150000e+01 5.410251e+01
      vertex   -3.629505e+00 -2.150000e+01 5.430585e+01
      vertex   -1.909104e+00 -2.150000e+01 5.400000e+01
    endloop
  endfacet
  facet normal 0.000000e+00 1.000000e+00 0.000000e+00
    outer loop
      vertex   -1.909104e+00 -2.150000e+01 5.400000e+01
      vertex   -3.629505e+00 -2.150000e+01 5.430585e+01
      vertex   -3.681511e+00 -2.150000e+01 5.450418e+01
    endloop
  endfacet
  facet normal 0.000000e+00 1.000000e+00 0.000000e+00
    outer loop
      vertex   -1.909104e+00 -2.150000e+01 5.400000e+01
      vertex   -3.681511e+00 -2.150000e+01 5.450418e+01
      vertex   -3.758450e+00 -2.150000e+01 5.469421e+01
    endloop
  endfacet
  facet normal -0.000000e+00 1.000000e+00 -0.000000e+00
    outer loop
      vertex   -3.758450e+00 -2.150000e+01 5.469421e+01
      vertex   -3.859059e+00 -2.150000e+01 5.487286e+01
      vertex   -1.909104e+00 -2.150000e+01 5.400000e+01
    endloop
  endfacet
  facet normal 0.000000e+00 1.000000e+00 0.000000e+00
    outer loop
      vertex   -1.909104e+00 -2.150000e+01 5.400000e+01
      vertex   -3.859059e+00 -2.150000e+01 5.487286e+01
      vertex   -3.554552e+00 -2.150000e+01 5.685000e+01
    endloop
  endfacet
  facet normal 0.000000e+00 1.000000e+00 0.000000e+00
    outer loop
      vertex   -3.554552e+00 -2.150000e+01 5.685000e+01
      vertex   -3.859059e+00 -2.150000e+01 5.487286e+01
      vertex   -3.981686e+00 -2.150000e+01 5.503716e+01
    endloop
  endfacet
  facet normal 0.000000e+00 1.000000e+00 0.000000e+00
    outer loop
      vertex   -3.554552e+00 -2.150000e+01 5.685000e+01
      vertex   -3.981686e+00 -2.150000e+01 5.503716e+01
      vertex   -4.124319e+00 -2.150000e+01 5.518445e+01
    endloop
  endfacet
  facet normal 0.000000e+00 1.000000e+00 -0.000000e+00
    outer loop
      vertex   -4.124319e+00 -2.150000e+01 5.518445e+01
      vertex   -4.284613e+00 -2.150000e+01 5.531228e+01
      vertex   -3.554552e+00 -2.150000e+01 5.685000e+01
    endloop
  endfacet
  facet normal 0.000000e+00 1.000000e+00 0.000000e+00
    outer loop
      vertex   -3.554552e+00 -2.150000e+01 5.685000e+01
      vertex   -4.284613e+00 -2.150000e+01 5.531228e+01
      vertex   -4.459938e+00 -2.150000e+01 5.541856e+01
    endloop
  endfacet
  facet normal 0.000000e+00 1.000000e+00 0.000000e+00
    outer loop
      vertex   -3.554552e+00 -2.150000e+01 5.685000e+01
      vertex   -4.459938e+00 -2.150000e+01 5.541856e+01
      vertex   -4.647416e+00 -2.150000e+01 5.550155e+01
    endloop
  endfacet
  facet normal 0.000000e+00 1.000000e+00 -0.000000e+00
    outer loop
      vertex   -4.647416e+00 -2.150000e+01 5.550155e+01
      vertex   -4.843966e+00 -2.150000e+01 5.555988e+01
      vertex   -3.554552e+00 -2.150000e+01 5.685000e+01
    endloop
  endfacet
  facet normal 0.000000e+00 1.000000e+00 0.000000e+00
    outer loop
      vertex   -3.554552e+00 -2.150000e+01 5.685000e+01
      vertex   -4.843966e+00 -2.150000e+01 5.555988e+01
      vertex   -5.046363e+00 -2.150000e+01 5.559260e+01
    endloop
  endfacet
  facet normal 0.000000e+00 1.000000e+00 0.000000e+00
    outer loop
      vertex   -3.554552e+00 -2.150000e+01 5.685000e+01
      vertex   -5.046363e+00 -2.150000e+01 5.559260e+01
      vertex   -5.251282e+00 -2.150000e+01 5.559918e+01
    endloop
  endfacet
  facet normal 0.000000e+00 1.000000e+00 0.000000e+00
    outer loop
      vertex   -3.554552e+00 -2.150000e+01 5.685000e+01
      vertex   -5.251282e+00 -2.150000e+01 5.559918e+01
      vertex   -6.845449e+00 -2.150000e+01 5.685000e+01
    endloop
  endfacet
  facet normal 0.000000e+00 1.000000e+00 0.000000e+00
    outer loop
      vertex   -6.845449e+00 -2.150000e+01 5.685000e+01
      vertex   -5.251282e+00 -2.150000e+01 5.559918e+01
      vertex   -5.455360e+00 -2.150000e+01 5.557949e+01
    endloop
  endfacet
  facet normal 0.000000e+00 1.000000e+00 0.000000e+00
    outer loop
      vertex   -6.845449e+00 -2.150000e+01 5.685000e+01
      vertex   -5.455360e+00 -2.150000e+01 5.557949e+01
      vertex   -5.655245e+00 -2.150000e+01 5.553387e+01
    endloop
  endfacet
  facet normal 0.000000e+00 1.000000e+00 0.000000e+00
    outer loop
      vertex   -5.655245e+00 -2.150000e+01 5.553387e+01
      vertex   -5.847653e+00 -2.150000e+01 5.546306e+01
      vertex   -6.845449e+00 -2.150000e+01 5.685000e+01
    endloop
  endfacet
  facet normal 0.000000e+00 1.000000e+00 0.000000e+00
    outer loop
      vertex   -6.845449e+00 -2.150000e+01 5.685000e+01
      vertex   -5.847653e+00 -2.150000e+01 5.546306e+01
      vertex   -6.029428e+00 -2.150000e+01 5.536823e+01
    endloop
  endfacet
  facet normal 0.000000e+00 1.000000e+00 0.000000e+00
    outer loop
      vertex   -6.845449e+00 -2.150000e+01 5.685000e+01
      vertex   -6.029428e+00 -2.150000e+01 5.536823e+01
      vertex   -6.197584e+00 -2.150000e+01 5.525093e+01
    endloop
  endfacet
  facet normal 0.000000e+00 1.000000e+00 0.000000e+00
    outer loop
      vertex   -6.197584e+00 -2.150000e+01 5.525093e+01
      vertex   -6.349359e+00 -2.150000e+01 5.511309e+01
      vertex   -6.845449e+00 -2.150000e+01 5.685000e+01
    endloop
  endfacet
  facet normal 0.000000e+00 1.000000e+00 0.000000e+00
    outer loop
      vertex   -6.845449e+00 -2.150000e+01 5.685000e+01
      vertex   -6.349359e+00 -2.150000e+01 5.511309e+01
      vertex   -6.482261e+00 -2.150000e+01 5.495698e+01
    endloop
  endfacet
  facet normal 0.000000e+00 1.000000e+00 0.000000e+00
    outer loop
      vertex   -6.845449e+00 -2.150000e+01 5.685000e+01
      vertex   -6.482261e+00 -2.150000e+01 5.495698e+01
      vertex   -6.594110e+00 -2.150000e+01 5.478515e+01
    endloop
  endfacet
  facet normal 0.000000e+00 1.000000e+00 0.000000e+00
    outer loop
      vertex   -6.845449e+00 -2.150000e+01 5.685000e+01
      vertex   -6.594110e+00 -2.150000e+01 5.478515e+01
      vertex   -8.490896e+00 -2.150000e+01 5.400000e+01
    endloop
  endfacet
  facet normal 0.000000e+00 1.000000e+00 0.000000e+00
    outer loop
      vertex   -8.490896e+00 -2.150000e+01 5.400000e+01
      vertex   -6.594110e+00 -2.150000e+01 5.478515e+01
      vertex   -6.683067e+00 -2.150000e+01 5.460042e+01
    endloop
  endfacet
  facet normal 0.000000e+00 1.000000e+00 0.000000e+00
    outer loop
      vertex   -8.490896e+00 -2.150000e+01 5.400000e+01
      vertex   -6.683067e+00 -2.150000e+01 5.460042e+01
      vertex   -6.747671e+00 -2.150000e+01 5.440585e+01
    endloop
  endfacet
  facet normal 0.000000e+00 1.000000e+00 0.000000e+00
    outer loop
      vertex   -6.747671e+00 -2.150000e+01 5.440585e+01
      vertex   -6.786864e+00 -2.150000e+01 5.420461e+01
      vertex   -8.490896e+00 -2.150000e+01 5.400000e+01
    endloop
  endfacet
  facet normal 9.979454e-01 0.000000e+00 -6.407082e-02
    outer loop
      vertex   -6.786864e+00 -2.150000e+01 5.420461e+01
      vertex   -6.786864e+00 -2.250000e+01 5.420461e+01
      vertex   -6.800000e+00 -2.150000e+01 5.400000e+01
    endloop
  endfacet
  facet normal 9.979454e-01 0.000000e+00 -6.407082e-02
    outer loop
      vertex   -6.800000e+00 -2.150000e+01 5.400000e+01
      vertex   -6.786864e+00 -2.250000e+01 5.420461e+01
      vertex   -6.800000e+00 -2.250000e+01 5.400000e+01
    endloop
  endfacet
  facet normal 9.979454e-01 0.000000e+00 6.407082e-02
    outer loop
      vertex   -6.800000e+00 -2.150000e+01 5.400000e+01
      vertex   -6.800000e+00 -2.250000e+01 5.400000e+01
      vertex   -6.786864e+00 -2.150000e+01 5.379539e+01
    endloop
  endfacet
  facet normal 9.979454e-01 0.000000e+00 6.407082e-02
    outer loop
      vertex   -6.786864e+00 -2.150000e+01 5.379539e+01
      vertex   -6.800000e+00 -2.250000e+01 5.400000e+01
      vertex   -6.786864e+00 -2.250000e+01 5.379539e+01
    endloop
  endfacet
  facet normal 9.815582e-01 0.000000e+00 1.911635e-01
    outer loop
      vertex   -6.786864e+00 -2.150000e+01 5.379539e+01
      vertex   -6.786864e+00 -2.250000e+01 5.379539e+01
      vertex   -6.747671e+00 -2.150000e+01 5.359416e+01
    endloop
  endfacet
  facet normal 9.815582e-01 0.000000e+00 1.911635e-01
    outer loop
      vertex   -6.747671e+00 -2.150000e+01 5.359416e+01
      vertex   -6.786864e+00 -2.250000e+01 5.379539e+01
      vertex   -6.747671e+00 -2.250000e+01 5.359416e+01
    endloop
  endfacet
  facet normal 9.490582e-01 0.000000e+00 3.151007e-01
    outer loop
      vertex   -6.747671e+00 -2.150000e+01 5.359416e+01
      vertex   -6.747671e+00 -2.250000e+01 5.359416e+01
      vertex   -6.683067e+00 -2.150000e+01 5.339957e+01
    endloop
  endfacet
  facet normal 9.490582e-01 0.000000e+00 3.151007e-01
    outer loop
      vertex   -6.683067e+00 -2.150000e+01 5.339957e+01
      vertex   -6.747671e+00 -2.250000e+01 5.359416e+01
      vertex   -6.683067e+00 -2.250000e+01 5.339957e+01
    endloop
  endfacet
  facet normal 9.009697e-01 0.000000e+00 4.338820e-01
    outer loop
      vertex   -6.683067e+00 -2.150000e+01 5.339957e+01
      vertex   -6.683067e+00 -2.250000e+01 5.339957e+01
      vertex   -6.594110e+00 -2.150000e+01 5.321485e+01
    endloop
  endfacet
  facet normal 9.009697e-01 0.000000e+00 4.338820e-01
    outer loop
      vertex   -6.594110e+00 -2.150000e+01 5.321485e+01
      vertex   -6.683067e+00 -2.250000e+01 5.339957e+01
      vertex   -6.594110e+00 -2.250000e+01 5.321485e+01
    endloop
  endfacet
  facet normal 8.380861e-01 0.000000e+00 5.455380e-01
    outer loop
      vertex   -6.594110e+00 -2.150000e+01 5.321485e+01
      vertex   -6.594110e+00 -2.250000e+01 5.321485e+01
      vertex   -6.482261e+00 -2.150000e+01 5.304302e+01
    endloop
  endfacet
  facet normal 8.380861e-01 0.000000e+00 5.455380e-01
    outer loop
      vertex   -6.482261e+00 -2.150000e+01 5.304302e+01
      vertex   -6.594110e+00 -2.250000e+01 5.321485e+01
      vertex   -6.482261e+00 -2.250000e+01 5.304302e+01
    endloop
  endfacet
  facet normal 7.614401e-01 0.000000e+00 6.482352e-01
    outer loop
      vertex   -6.482261e+00 -2.150000e+01 5.304302e+01
      vertex   -6.482261e+00 -2.250000e+01 5.304302e+01
      vertex   -6.349359e+00 -2.150000e+01 5.288691e+01
    endloop
  endfacet
  facet normal 7.614401e-01 0.000000e+00 6.482352e-01
    outer loop
      vertex   -6.349359e+00 -2.150000e+01 5.288691e+01
      vertex   -6.482261e+00 -2.250000e+01 5.304302e+01
      vertex   -6.349359e+00 -2.250000e+01 5.288691e+01
    endloop
  endfacet
  facet normal 6.723031e-01 0.000000e+00 7.402760e-01
    outer loop
      vertex   -6.349359e+00 -2.150000e+01 5.288691e+01
      vertex   -6.349359e+00 -2.250000e+01 5.288691e+01
      vertex   -6.197584e+00 -2.150000e+01 5.274907e+01
    endloop
  endfacet
  facet normal 6.723031e-01 0.000000e+00 7.402760e-01
    outer loop
      vertex   -6.197584e+00 -2.150000e+01 5.274907e+01
      vertex   -6.349359e+00 -2.250000e+01 5.288691e+01
      vertex   -6.197584e+00 -2.250000e+01 5.274907e+01
    endloop
  endfacet
  facet normal 5.721298e-01 0.000000e+00 8.201631e-01
    outer loop
      vertex   -6.197584e+00 -2.150000e+01 5.274907e+01
      vertex   -6.197584e+00 -2.250000e+01 5.274907e+01
      vertex   -6.029428e+00 -2.150000e+01 5.263177e+01
    endloop
  endfacet
  facet normal 5.721298e-01 0.000000e+00 8.201631e-01
    outer loop
      vertex   -6.029428e+00 -2.150000e+01 5.263177e+01
      vertex   -6.197584e+00 -2.250000e+01 5.274907e+01
      vertex   -6.029428e+00 -2.250000e+01 5.263177e+01
    endloop
  endfacet
  facet normal 4.625255e-01 0.000000e+00 8.866060e-01
    outer loop
      vertex   -6.029428e+00 -2.150000e+01 5.263177e+01
      vertex   -6.029428e+00 -2.250000e+01 5.263177e+01
      vertex   -5.847653e+00 -2.150000e+01 5.253694e+01
    endloop
  endfacet
  facet normal 4.625255e-01 0.000000e+00 8.866060e-01
    outer loop
      vertex   -5.847653e+00 -2.150000e+01 5.253694e+01
      vertex   -6.029428e+00 -2.250000e+01 5.263177e+01
      vertex   -5.847653e+00 -2.250000e+01 5.253694e+01
    endloop
  endfacet
  facet normal 3.453540e-01 0.000000e+00 9.384725e-01
    outer loop
      vertex   -5.847653e+00 -2.150000e+01 5.253694e+01
      vertex   -5.847653e+00 -2.250000e+01 5.253694e+01
      vertex   -5.655245e+00 -2.150000e+01 5.246614e+01
    endloop
  endfacet
  facet normal 3.453540e-01 0.000000e+00 9.384725e-01
    outer loop
      vertex   -5.655245e+00 -2.150000e+01 5.246614e+01
      vertex   -5.847653e+00 -2.250000e+01 5.253694e+01
      vertex   -5.655245e+00 -2.250000e+01 5.246614e+01
    endloop
  endfacet
  facet normal 2.225274e-01 0.000000e+00 9.749264e-01
    outer loop
      vertex   -5.655245e+00 -2.150000e+01 5.246614e+01
      vertex   -5.655245e+00 -2.250000e+01 5.246614e+01
      vertex   -5.455360e+00 -2.150000e+01 5.242051e+01
    endloop
  endfacet
  facet normal 2.225274e-01 0.000000e+00 9.749264e-01
    outer loop
      vertex   -5.455360e+00 -2.150000e+01 5.242051e+01
      vertex   -5.655245e+00 -2.250000e+01 5.246614e+01
      vertex   -5.455360e+00 -2.250000e+01 5.242051e+01
    endloop
  endfacet
  facet normal 9.603032e-02 0.000000e+00 9.953784e-01
    outer loop
      vertex   -5.455360e+00 -2.150000e+01 5.242051e+01
      vertex   -5.455360e+00 -2.250000e+01 5.242051e+01
      vertex   -5.251282e+00 -2.150000e+01 5.240082e+01
    endloop
  endfacet
  facet normal 9.603032e-02 0.000000e+00 9.953784e-01
    outer loop
      vertex   -5.251282e+00 -2.150000e+01 5.240082e+01
      vertex   -5.455360e+00 -2.250000e+01 5.242051e+01
      vertex   -5.251282e+00 -2.250000e+01 5.240082e+01
    endloop
  endfacet
  facet normal -3.204896e-02 0.000000e+00 9.994863e-01
    outer loop
      vertex   -5.251282e+00 -2.150000e+01 5.240082e+01
      vertex   -5.251282e+00 -2.250000e+01 5.240082e+01
      vertex   -5.046363e+00 -2.150000e+01 5.240739e+01
    endloop
  endfacet
  facet normal -3.204896e-02 0.000000e+00 9.994863e-01
    outer loop
      vertex   -5.046363e+00 -2.150000e+01 5.240739e+01
      vertex   -5.251282e+00 -2.250000e+01 5.240082e+01
      vertex   -5.046363e+00 -2.250000e+01 5.240739e+01
    endloop
  endfacet
  facet normal -1.596158e-01 0.000000e+00 9.871792e-01
    outer loop
      vertex   -5.046363e+00 -2.150000e+01 5.240739e+01
      vertex   -5.046363e+00 -2.250000e+01 5.240739e+01
      vertex   -4.843966e+00 -2.150000e+01 5.244012e+01
    endloop
  endfacet
  facet normal -1.596158e-01 0.000000e+00 9.871792e-01
    outer loop
      vertex   -4.843966e+00 -2.150000e+01 5.244012e+01
      vertex   -5.046363e+00 -2.250000e+01 5.240739e+01
      vertex   -4.843966e+00 -2.250000e+01 5.244012e+01
    endloop
  endfacet
  facet normal -2.845116e-01 0.000000e+00 9.586726e-01
    outer loop
      vertex   -4.843966e+00 -2.150000e+01 5.244012e+01
      vertex   -4.843966e+00 -2.250000e+01 5.244012e+01
      vertex   -4.647416e+00 -2.150000e+01 5.249845e+01
    endloop
  endfacet
  facet normal -2.845116e-01 0.000000e+00 9.586726e-01
    outer loop
      vertex   -4.647416e+00 -2.150000e+01 5.249845e+01
      vertex   -4.843966e+00 -2.250000e+01 5.244012e+01
      vertex   -4.647416e+00 -2.250000e+01 5.249845e+01
    endloop
  endfacet
  facet normal -4.047747e-01 0.000000e+00 9.144164e-01
    outer loop
      vertex   -4.647416e+00 -2.150000e+01 5.249845e+01
      vertex   -4.647416e+00 -2.250000e+01 5.249845e+01
      vertex   -4.459938e+00 -2.150000e+01 5.258144e+01
    endloop
  endfacet
  facet normal -4.047747e-01 0.000000e+00 9.144164e-01
    outer loop
      vertex   -4.459938e+00 -2.150000e+01 5.258144e+01
      vertex   -4.647416e+00 -2.250000e+01 5.249845e+01
      vertex   -4.459938e+00 -2.250000e+01 5.258144e+01
    endloop
  endfacet
  facet normal -5.184061e-01 0.000000e+00 8.551346e-01
    outer loop
      vertex   -4.459938e+00 -2.150000e+01 5.258144e+01
      vertex   -4.459938e+00 -2.250000e+01 5.258144e+01
      vertex   -4.284613e+00 -2.150000e+01 5.268773e+01
    endloop
  endfacet
  facet normal -5.184061e-01 0.000000e+00 8.551346e-01
    outer loop
      vertex   -4.284613e+00 -2.150000e+01 5.268773e+01
      vertex   -4.459938e+00 -2.250000e+01 5.258144e+01
      vertex   -4.284613e+00 -2.250000e+01 5.268773e+01
    endloop
  endfacet
  facet normal -6.234896e-01 0.000000e+00 7.818317e-01
    outer loop
      vertex   -4.284613e+00 -2.150000e+01 5.268773e+01
      vertex   -4.284613e+00 -2.250000e+01 5.268773e+01
      vertex   -4.124319e+00 -2.150000e+01 5.281556e+01
    endloop
  endfacet
  facet normal -6.234896e-01 0.000000e+00 7.818317e-01
    outer loop
      vertex   -4.124319e+00 -2.150000e+01 5.281556e+01
      vertex   -4.284613e+00 -2.250000e+01 5.268773e+01
      vertex   -4.124319e+00 -2.250000e+01 5.281556e+01
    endloop
  endfacet
  facet normal -7.183405e-01 0.000000e+00 6.956917e-01
    outer loop
      vertex   -4.124319e+00 -2.150000e+01 5.281556e+01
      vertex   -4.124319e+00 -2.250000e+01 5.281556e+01
      vertex   -3.981686e+00 -2.150000e+01 5.296283e+01
    endloop
  endfacet
  facet normal -7.183405e-01 0.000000e+00 6.956917e-01
    outer loop
      vertex   -3.981686e+00 -2.150000e+01 5.296283e+01
      vertex   -4.124319e+00 -2.250000e+01 5.281556e+01
      vertex   -3.981686e+00 -2.250000e+01 5.296283e+01
    endloop
  endfacet
  facet normal -8.014211e-01 0.000000e+00 5.981005e-01
    outer loop
      vertex   -3.981686e+00 -2.150000e+01 5.296283e+01
      vertex   -3.981686e+00 -2.250000e+01 5.296283e+01
      vertex   -3.859059e+00 -2.150000e+01 5.312715e+01
    endloop
  endfacet
  facet normal -8.014211e-01 0.000000e+00 5.981005e-01
    outer loop
      vertex   -3.859059e+00 -2.150000e+01 5.312715e+01
      vertex   -3.981686e+00 -2.250000e+01 5.296283e+01
      vertex   -3.859059e+00 -2.250000e+01 5.312715e+01
    endloop
  endfacet
  facet normal -8.713189e-01 0.000000e+00 4.907172e-01
    outer loop
      vertex   -3.859059e+00 -2.150000e+01 5.312715e+01
      vertex   -3.859059e+00 -2.250000e+01 5.312715e+01
      vertex   -3.758450e+00 -2.150000e+01 5.330579e+01
    endloop
  endfacet
  facet normal -8.713189e-01 0.000000e+00 4.907172e-01
    outer loop
      vertex   -3.758450e+00 -2.150000e+01 5.330579e+01
      vertex   -3.859059e+00 -2.250000e+01 5.312715e+01
      vertex   -3.758450e+00 -2.250000e+01 5.330579e+01
    endloop
  endfacet
  facet normal -9.269150e-01 0.000000e+00 3.752713e-01
    outer loop
      vertex   -3.758450e+00 -2.150000e+01 5.330579e+01
      vertex   -3.758450e+00 -2.250000e+01 5.330579e+01
      vertex   -3.681511e+00 -2.150000e+01 5.349583e+01
    endloop
  endfacet
  facet normal -9.269150e-01 0.000000e+00 3.752713e-01
    outer loop
      vertex   -3.681511e+00 -2.150000e+01 5.349583e+01
      vertex   -3.758450e+00 -2.250000e+01 5.330579e+01
      vertex   -3.681511e+00 -2.250000e+01 5.349583e+01
    endloop
  endfacet
  facet normal -9.672941e-01 0.000000e+00 2.536574e-01
    outer loop
      vertex   -3.681511e+00 -2.150000e+01 5.349583e+01
      vertex   -3.681511e+00 -2.250000e+01 5.349583e+01
      vertex   -3.629505e+00 -2.150000e+01 5.369414e+01
    endloop
  endfacet
  facet normal -9.672941e-01 0.000000e+00 2.536574e-01
    outer loop
      vertex   -3.629505e+00 -2.150000e+01 5.369414e+01
      vertex   -3.681511e+00 -2.250000e+01 5.349583e+01
      vertex   -3.629505e+00 -2.250000e+01 5.369414e+01
    endloop
  endfacet
  facet normal -9.917901e-01 0.000000e+00 1.278766e-01
    outer loop
      vertex   -3.629505e+00 -2.150000e+01 5.369414e+01
      vertex   -3.629505e+00 -2.250000e+01 5.369414e+01
      vertex   -3.603287e+00 -2.150000e+01 5.389749e+01
    endloop
  endfacet
  facet normal -9.917901e-01 0.000000e+00 1.278766e-01
    outer loop
      vertex   -3.603287e+00 -2.150000e+01 5.389749e+01
      vertex   -3.629505e+00 -2.250000e+01 5.369414e+01
      vertex   -3.603287e+00 -2.250000e+01 5.389749e+01
    endloop
  endfacet
  facet normal -1.000000e+00 0.000000e+00 0.000000e+00
    outer loop
      vertex   -3.603287e+00 -2.150000e+01 5.389749e+01
      vertex   -3.603287e+00 -2.250000e+01 5.389749e+01
      vertex   -3.603287e+00 -2.150000e+01 5.410251e+01
    endloop
  endfacet
  facet normal -1.000000e+00 -0.000000e+00 0.000000e+00
    outer loop
      vertex   -3.603287e+00 -2.150000e+01 5.410251e+01
      vertex   -3.603287e+00 -2.250000e+01 5.389749e+01
      vertex   -3.603287e+00 -2.250000e+01 5.410251e+01
    endloop
  endfacet
  facet normal -9.917901e-01 -0.000000e+00 -1.278766e-01
    outer loop
      vertex   -3.603287e+00 -2.150000e+01 5.410251e+01
      vertex   -3.603287e+00 -2.250000e+01 5.410251e+01
      vertex   -3.629505e+00 -2.150000e+01 5.430585e+01
    endloop
  endfacet
  facet normal -9.917901e-01 -0.000000e+00 -1.278766e-01
    outer loop
      vertex   -3.629505e+00 -2.150000e+01 5.430585e+01
      vertex   -3.603287e+00 -2.250000e+01 5.410251e+01
      vertex   -3.629505e+00 -2.250000e+01 5.430585e+01
    endloop
  endfacet
  facet normal -9.672956e-01 -0.000000e+00 -2.536517e-01
    outer loop
      vertex   -3.629505e+00 -2.150000e+01 5.430585e+01
      vertex   -3.629505e+00 -2.250000e+01 5.430585e+01
      vertex   -3.681511e+00 -2.150000e+01 5.450418e+01
    endloop
  endfacet
  facet normal -9.672956e-01 -0.000000e+00 -2.536517e-01
    outer loop
      vertex   -3.681511e+00 -2.150000e+01 5.450418e+01
      vertex   -3.629505e+00 -2.250000e+01 5.430585e+01
      vertex   -3.681511e+00 -2.250000e+01 5.450418e+01
    endloop
  endfacet
  facet normal -9.269150e-01 -0.000000e+00 -3.752713e-01
    outer loop
      vertex   -3.681511e+00 -2.150000e+01 5.450418e+01
      vertex   -3.681511e+00 -2.250000e+01 5.450418e+01
      vertex   -3.758450e+00 -2.150000e+01 5.469421e+01
    endloop
  endfacet
  facet normal -9.269150e-01 -0.000000e+00 -3.752713e-01
    outer loop
      vertex   -3.758450e+00 -2.150000e+01 5.469421e+01
      vertex   -3.681511e+00 -2.250000e+01 5.450418e+01
      vertex   -3.758450e+00 -2.250000e+01 5.469421e+01
    endloop
  endfacet
  facet normal -8.713189e-01 -0.000000e+00 -4.907172e-01
    outer loop
      vertex   -3.758450e+00 -2.150000e+01 5.469421e+01
      vertex   -3.758450e+00 -2.250000e+01 5.469421e+01
      vertex   -3.859059e+00 -2.150000e+01 5.487286e+01
    endloop
  endfacet
  facet normal -8.713189e-01 -0.000000e+00 -4.907172e-01
    outer loop
      vertex   -3.859059e+00 -2.150000e+01 5.487286e+01
      vertex   -3.758450e+00 -2.250000e+01 5.469421e+01
      vertex   -3.859059e+00 -2.250000e+01 5.487286e+01
    endloop
  endfacet
  facet normal -8.014128e-01 -0.000000e+00 -5.981117e-01
    outer loop
      vertex   -3.859059e+00 -2.150000e+01 5.487286e+01
      vertex   -3.859059e+00 -2.250000e+01 5.487286e+01
      vertex   -3.981686e+00 -2.150000e+01 5.503716e+01
    endloop
  endfacet
  facet normal -8.014128e-01 -0.000000e+00 -5.981117e-01
    outer loop
      vertex   -3.981686e+00 -2.150000e+01 5.503716e+01
      vertex   -3.859059e+00 -2.250000e+01 5.487286e+01
      vertex   -3.981686e+00 -2.250000e+01 5.503716e+01
    endloop
  endfacet
  facet normal -7.183517e-01 -0.000000e+00 -6.956801e-01
    outer loop
      vertex   -3.981686e+00 -2.150000e+01 5.503716e+01
      vertex   -3.981686e+00 -2.250000e+01 5.503716e+01
      vertex   -4.124319e+00 -2.150000e+01 5.518445e+01
    endloop
  endfacet
  facet normal -7.183517e-01 -0.000000e+00 -6.956801e-01
    outer loop
      vertex   -4.124319e+00 -2.150000e+01 5.518445e+01
      vertex   -3.981686e+00 -2.250000e+01 5.503716e+01
      vertex   -4.124319e+00 -2.250000e+01 5.518445e+01
    endloop
  endfacet
  facet normal -6.234896e-01 -0.000000e+00 -7.818317e-01
    outer loop
      vertex   -4.124319e+00 -2.150000e+01 5.518445e+01
      vertex   -4.124319e+00 -2.250000e+01 5.518445e+01
      vertex   -4.284613e+00 -2.150000e+01 5.531228e+01
    endloop
  endfacet
  facet normal -6.234896e-01 -0.000000e+00 -7.818317e-01
    outer loop
      vertex   -4.284613e+00 -2.150000e+01 5.531228e+01
      vertex   -4.124319e+00 -2.250000e+01 5.518445e+01
      vertex   -4.284613e+00 -2.250000e+01 5.531228e+01
    endloop
  endfacet
  facet normal -5.183891e-01 -0.000000e+00 -8.551449e-01
    outer loop
      vertex   -4.284613e+00 -2.150000e+01 5.531228e+01
      vertex   -4.284613e+00 -2.250000e+01 5.531228e+01
      vertex   -4.459938e+00 -2.150000e+01 5.541856e+01
    endloop
  endfacet
  facet normal -5.183891e-01 -0.000000e+00 -8.551449e-01
    outer loop
      vertex   -4.459938e+00 -2.150000e+01 5.541856e+01
      vertex   -4.284613e+00 -2.250000e+01 5.531228e+01
      vertex   -4.459938e+00 -2.250000e+01 5.541856e+01
    endloop
  endfacet
  facet normal -4.047747e-01 -0.000000e+00 -9.144164e-01
    outer loop
      vertex   -4.459938e+00 -2.150000e+01 5.541856e+01
      vertex   -4.459938e+00 -2.250000e+01 5.541856e+01
      vertex   -4.647416e+00 -2.150000e+01 5.550155e+01
    endloop
  endfacet
  facet normal -4.047747e-01 -0.000000e+00 -9.144164e-01
    outer loop
      vertex   -4.647416e+00 -2.150000e+01 5.550155e+01
      vertex   -4.459938e+00 -2.250000e+01 5.541856e+01
      vertex   -4.647416e+00 -2.250000e+01 5.550155e+01
    endloop
  endfacet
  facet normal -2.845329e-01 -0.000000e+00 -9.586663e-01
    outer loop
      vertex   -4.647416e+00 -2.150000e+01 5.550155e+01
      vertex   -4.647416e+00 -2.250000e+01 5.550155e+01
      vertex   -4.843966e+00 -2.150000e+01 5.555988e+01
    endloop
  endfacet
  facet normal -2.845329e-01 -0.000000e+00 -9.586663e-01
    outer loop
      vertex   -4.843966e+00 -2.150000e+01 5.555988e+01
      vertex   -4.647416e+00 -2.250000e+01 5.550155e+01
      vertex   -4.843966e+00 -2.250000e+01 5.555988e+01
    endloop
  endfacet
  facet normal -1.595931e-01 -0.000000e+00 -9.871829e-01
    outer loop
      vertex   -4.843966e+00 -2.150000e+01 5.555988e+01
      vertex   -4.843966e+00 -2.250000e+01 5.555988e+01
      vertex   -5.046363e+00 -2.150000e+01 5.559260e+01
    endloop
  endfacet
  facet normal -1.595931e-01 -0.000000e+00 -9.871829e-01
    outer loop
      vertex   -5.046363e+00 -2.150000e+01 5.559260e+01
      vertex   -4.843966e+00 -2.250000e+01 5.555988e+01
      vertex   -5.046363e+00 -2.250000e+01 5.559260e+01
    endloop
  endfacet
  facet normal -3.207220e-02 -0.000000e+00 -9.994856e-01
    outer loop
      vertex   -5.046363e+00 -2.150000e+01 5.559260e+01
      vertex   -5.046363e+00 -2.250000e+01 5.559260e+01
      vertex   -5.251282e+00 -2.150000e+01 5.559918e+01
    endloop
  endfacet
  facet normal -3.207220e-02 -0.000000e+00 -9.994856e-01
    outer loop
      vertex   -5.251282e+00 -2.150000e+01 5.559918e+01
      vertex   -5.046363e+00 -2.250000e+01 5.559260e+01
      vertex   -5.251282e+00 -2.250000e+01 5.559918e+01
    endloop
  endfacet
  facet normal 9.603032e-02 0.000000e+00 -9.953784e-01
    outer loop
      vertex   -5.251282e+00 -2.150000e+01 5.559918e+01
      vertex   -5.251282e+00 -2.250000e+01 5.559918e+01
      vertex   -5.455360e+00 -2.150000e+01 5.557949e+01
    endloop
  endfacet
  facet normal 9.603032e-02 0.000000e+00 -9.953784e-01
    outer loop
      vertex   -5.455360e+00 -2.150000e+01 5.557949e+01
      vertex   -5.251282e+00 -2.250000e+01 5.559918e+01
      vertex   -5.455360e+00 -2.250000e+01 5.557949e+01
    endloop
  endfacet
  facet normal 2.225274e-01 0.000000e+00 -9.749264e-01
    outer loop
      vertex   -5.455360e+00 -2.150000e+01 5.557949e+01
      vertex   -5.455360e+00 -2.250000e+01 5.557949e+01
      vertex   -5.655245e+00 -2.150000e+01 5.553387e+01
    endloop
  endfacet
  facet normal 2.225274e-01 0.000000e+00 -9.749264e-01
    outer loop
      vertex   -5.655245e+00 -2.150000e+01 5.553387e+01
      vertex   -5.455360e+00 -2.250000e+01 5.557949e+01
      vertex   -5.655245e+00 -2.250000e+01 5.553387e+01
    endloop
  endfacet
  facet normal 3.453745e-01 0.000000e+00 -9.384650e-01
    outer loop
      vertex   -5.655245e+00 -2.150000e+01 5.553387e+01
      vertex   -5.655245e+00 -2.250000e+01 5.553387e+01
      vertex   -5.847653e+00 -2.150000e+01 5.546306e+01
    endloop
  endfacet
  facet normal 3.453745e-01 0.000000e+00 -9.384650e-01
    outer loop
      vertex   -5.847653e+00 -2.150000e+01 5.546306e+01
      vertex   -5.655245e+00 -2.250000e+01 5.553387e+01
      vertex   -5.847653e+00 -2.250000e+01 5.546306e+01
    endloop
  endfacet
  facet normal 4.625255e-01 0.000000e+00 -8.866060e-01
    outer loop
      vertex   -5.847653e+00 -2.150000e+01 5.546306e+01
      vertex   -5.847653e+00 -2.250000e+01 5.546306e+01
      vertex   -6.029428e+00 -2.150000e+01 5.536823e+01
    endloop
  endfacet
  facet normal 4.625255e-01 0.000000e+00 -8.866060e-01
    outer loop
      vertex   -6.029428e+00 -2.150000e+01 5.536823e+01
      vertex   -5.847653e+00 -2.250000e+01 5.546306e+01
      vertex   -6.029428e+00 -2.250000e+01 5.536823e+01
    endloop
  endfacet
  facet normal 5.721141e-01 0.000000e+00 -8.201740e-01
    outer loop
      vertex   -6.029428e+00 -2.150000e+01 5.536823e+01
      vertex   -6.029428e+00 -2.250000e+01 5.536823e+01
      vertex   -6.197584e+00 -2.150000e+01 5.525093e+01
    endloop
  endfacet
  facet normal 5.721141e-01 0.000000e+00 -8.201740e-01
    outer loop
      vertex   -6.197584e+00 -2.150000e+01 5.525093e+01
      vertex   -6.029428e+00 -2.250000e+01 5.536823e+01
      vertex   -6.197584e+00 -2.250000e+01 5.525093e+01
    endloop
  endfacet
  facet normal 6.723031e-01 0.000000e+00 -7.402760e-01
    outer loop
      vertex   -6.197584e+00 -2.150000e+01 5.525093e+01
      vertex   -6.197584e+00 -2.250000e+01 5.525093e+01
      vertex   -6.349359e+00 -2.150000e+01 5.511309e+01
    endloop
  endfacet
  facet normal 6.723031e-01 0.000000e+00 -7.402760e-01
    outer loop
      vertex   -6.349359e+00 -2.150000e+01 5.511309e+01
      vertex   -6.197584e+00 -2.250000e+01 5.525093e+01
      vertex   -6.349359e+00 -2.250000e+01 5.511309e+01
    endloop
  endfacet
  facet normal 7.614401e-01 0.000000e+00 -6.482352e-01
    outer loop
      vertex   -6.349359e+00 -2.150000e+01 5.511309e+01
      vertex   -6.349359e+00 -2.250000e+01 5.511309e+01
      vertex   -6.482261e+00 -2.150000e+01 5.495698e+01
    endloop
  endfacet
  facet normal 7.614401e-01 0.000000e+00 -6.482352e-01
    outer loop
      vertex   -6.482261e+00 -2.150000e+01 5.495698e+01
      vertex   -6.349359e+00 -2.250000e+01 5.511309e+01
      vertex   -6.482261e+00 -2.250000e+01 5.495698e+01
    endloop
  endfacet
  facet normal 8.380930e-01 0.000000e+00 -5.455274e-01
    outer loop
      vertex   -6.482261e+00 -2.150000e+01 5.495698e+01
      vertex   -6.482261e+00 -2.250000e+01 5.495698e+01
      vertex   -6.594110e+00 -2.150000e+01 5.478515e+01
    endloop
  endfacet
  facet normal 8.380930e-01 0.000000e+00 -5.455274e-01
    outer loop
      vertex   -6.594110e+00 -2.150000e+01 5.478515e+01
      vertex   -6.482261e+00 -2.250000e+01 5.495698e+01
      vertex   -6.594110e+00 -2.250000e+01 5.478515e+01
    endloop
  endfacet
  facet normal 9.009697e-01 0.000000e+00 -4.338820e-01
    outer loop
      vertex   -6.594110e+00 -2.150000e+01 5.478515e+01
      vertex   -6.594110e+00 -2.250000e+01 5.478515e+01
      vertex   -6.683067e+00 -2.150000e+01 5.460042e+01
    endloop
  endfacet
  facet normal 9.009697e-01 0.000000e+00 -4.338820e-01
    outer loop
      vertex   -6.683067e+00 -2.150000e+01 5.460042e+01
      vertex   -6.594110e+00 -2.250000e+01 5.478515e+01
      vertex   -6.683067e+00 -2.250000e+01 5.460042e+01
    endloop
  endfacet
  facet normal 9.490559e-01 0.000000e+00 -3.151077e-01
    outer loop
      vertex   -6.683067e+00 -2.150000e+01 5.460042e+01
      vertex   -6.683067e+00 -2.250000e+01 5.460042e+01
      vertex   -6.747671e+00 -2.150000e+01 5.440585e+01
    endloop
  endfacet
  facet normal 9.490559e-01 0.000000e+00 -3.151077e-01
    outer loop
      vertex   -6.747671e+00 -2.150000e+01 5.440585e+01
      vertex   -6.683067e+00 -2.250000e+01 5.460042e+01
      vertex   -6.747671e+00 -2.250000e+01 5.440585e+01
    endloop
  endfacet
  facet normal 9.815582e-01 0.000000e+00 -1.911635e-01
    outer loop
      vertex   -6.747671e+00 -2.150000e+01 5.440585e+01
      vertex   -6.747671e+00 -2.250000e+01 5.440585e+01
      vertex   -6.786864e+00 -2.150000e+01 5.420461e+01
    endloop
  endfacet
  facet normal 9.815582e-01 0.000000e+00 -1.911635e-01
    outer loop
      vertex   -6.786864e+00 -2.150000e+01 5.420461e+01
      vertex   -6.747671e+00 -2.250000e+01 5.440585e+01
      vertex   -6.786864e+00 -2.250000e+01 5.420461e+01
    endloop
  endfacet
  facet normal 9.979459e-01 -0.000000e+00 6.406213e-02
    outer loop
      vertex   2.163818e+01 -1.950000e+01 4.770860e+01
      vertex   2.163818e+01 -1.750000e+01 4.770860e+01
      vertex   2.162505e+01 -1.950000e+01 4.791320e+01
    endloop
  endfacet
  facet normal 9.979459e-01 -0.000000e+00 6.406213e-02
    outer loop
      vertex   2.162505e+01 -1.950000e+01 4.791320e+01
      vertex   2.163818e+01 -1.750000e+01 4.770860e+01
      vertex   2.162505e+01 -1.750000e+01 4.791320e+01
    endloop
  endfacet
  facet normal 9.979459e-01 0.000000e+00 -6.406213e-02
    outer loop
      vertex   2.162505e+01 -1.950000e+01 4.791320e+01
      vertex   2.162505e+01 -1.750000e+01 4.791320e+01
      vertex   2.163818e+01 -1.950000e+01 4.811781e+01
    endloop
  endfacet
  facet normal 9.979459e-01 0.000000e+00 -6.406213e-02
    outer loop
      vertex   2.163818e+01 -1.950000e+01 4.811781e+01
      vertex   2.162505e+01 -1.750000e+01 4.791320e+01
      vertex   2.163818e+01 -1.750000e+01 4.811781e+01
    endloop
  endfacet
  facet normal 9.815571e-01 0.000000e+00 -1.911691e-01
    outer loop
      vertex   2.163818e+01 -1.950000e+01 4.811781e+01
      vertex   2.163818e+01 -1.750000e+01 4.811781e+01
      vertex   2.167737e+01 -1.950000e+01 4.831905e+01
    endloop
  endfacet
  facet normal 9.815571e-01 0.000000e+00 -1.911691e-01
    outer loop
      vertex   2.167737e+01 -1.950000e+01 4.831905e+01
      vertex   2.163818e+01 -1.750000e+01 4.811781e+01
      vertex   2.167737e+01 -1.750000e+01 4.831905e+01
    endloop
  endfacet
  facet normal 9.490582e-01 0.000000e+00 -3.151007e-01
    outer loop
      vertex   2.167737e+01 -1.950000e+01 4.831905e+01
      vertex   2.167737e+01 -1.750000e+01 4.831905e+01
      vertex   2.174198e+01 -1.950000e+01 4.851363e+01
    endloop
  endfacet
  facet normal 9.490582e-01 0.000000e+00 -3.151007e-01
    outer loop
      vertex   2.174198e+01 -1.950000e+01 4.851363e+01
      vertex   2.167737e+01 -1.750000e+01 4.831905e+01
      vertex   2.174198e+01 -1.750000e+01 4.851363e+01
    endloop
  endfacet
  facet normal 9.009709e-01 0.000000e+00 -4.338796e-01
    outer loop
      vertex   2.174198e+01 -1.950000e+01 4.851363e+01
      vertex   2.174198e+01 -1.750000e+01 4.851363e+01
      vertex   2.183094e+01 -1.950000e+01 4.869835e+01
    endloop
  endfacet
  facet normal 9.009709e-01 0.000000e+00 -4.338796e-01
    outer loop
      vertex   2.183094e+01 -1.950000e+01 4.869835e+01
      vertex   2.174198e+01 -1.750000e+01 4.851363e+01
      vertex   2.183094e+01 -1.750000e+01 4.869835e+01
    endloop
  endfacet
  facet normal 8.380848e-01 0.000000e+00 -5.455400e-01
    outer loop
      vertex   2.183094e+01 -1.950000e+01 4.869835e+01
      vertex   2.183094e+01 -1.750000e+01 4.869835e+01
      vertex   2.194278e+01 -1.950000e+01 4.887018e+01
    endloop
  endfacet
  facet normal 8.380848e-01 0.000000e+00 -5.455400e-01
    outer loop
      vertex   2.194278e+01 -1.950000e+01 4.887018e+01
      vertex   2.183094e+01 -1.750000e+01 4.869835e+01
      vertex   2.194278e+01 -1.750000e+01 4.887018e+01
    endloop
  endfacet
  facet normal 7.614416e-01 0.000000e+00 -6.482336e-01
    outer loop
      vertex   2.194278e+01 -1.950000e+01 4.887018e+01
      vertex   2.194278e+01 -1.750000e+01 4.887018e+01
      vertex   2.207569e+01 -1.950000e+01 4.902629e+01
    endloop
  endfacet
  facet normal 7.614416e-01 0.000000e+00 -6.482336e-01
    outer loop
      vertex   2.207569e+01 -1.950000e+01 4.902629e+01
      vertex   2.194278e+01 -1.750000e+01 4.887018e+01
      vertex   2.207569e+01 -1.750000e+01 4.902629e+01
    endloop
  endfacet
  facet normal 6.722988e-01 0.000000e+00 -7.402799e-01
    outer loop
      vertex   2.207569e+01 -1.950000e+01 4.902629e+01
      vertex   2.207569e+01 -1.750000e+01 4.902629e+01
      vertex   2.222746e+01 -1.950000e+01 4.916413e+01
    endloop
  endfacet
  facet normal 6.722988e-01 0.000000e+00 -7.402799e-01
    outer loop
      vertex   2.222746e+01 -1.950000e+01 4.916413e+01
      vertex   2.207569e+01 -1.750000e+01 4.902629e+01
      vertex   2.222746e+01 -1.750000e+01 4.916413e+01
    endloop
  endfacet
  facet normal 5.721325e-01 0.000000e+00 -8.201612e-01
    outer loop
      vertex   2.222746e+01 -1.950000e+01 4.916413e+01
      vertex   2.222746e+01 -1.750000e+01 4.916413e+01
      vertex   2.239562e+01 -1.950000e+01 4.928144e+01
    endloop
  endfacet
  facet normal 5.721325e-01 0.000000e+00 -8.201612e-01
    outer loop
      vertex   2.239562e+01 -1.950000e+01 4.928144e+01
      vertex   2.222746e+01 -1.750000e+01 4.916413e+01
      vertex   2.239562e+01 -1.750000e+01 4.928144e+01
    endloop
  endfacet
  facet normal 4.625255e-01 0.000000e+00 -8.866060e-01
    outer loop
      vertex   2.239562e+01 -1.950000e+01 4.928144e+01
      vertex   2.239562e+01 -1.750000e+01 4.928144e+01
      vertex   2.257739e+01 -1.950000e+01 4.937626e+01
    endloop
  endfacet
  facet normal 4.625255e-01 0.000000e+00 -8.866060e-01
    outer loop
      vertex   2.257739e+01 -1.950000e+01 4.937626e+01
      vertex   2.239562e+01 -1.750000e+01 4.928144e+01
      vertex   2.257739e+01 -1.750000e+01 4.937626e+01
    endloop
  endfacet
  facet normal 3.453540e-01 0.000000e+00 -9.384725e-01
    outer loop
      vertex   2.257739e+01 -1.950000e+01 4.937626e+01
      vertex   2.257739e+01 -1.750000e+01 4.937626e+01
      vertex   2.276980e+01 -1.950000e+01 4.944707e+01
    endloop
  endfacet
  facet normal 3.453540e-01 0.000000e+00 -9.384725e-01
    outer loop
      vertex   2.276980e+01 -1.950000e+01 4.944707e+01
      vertex   2.257739e+01 -1.750000e+01 4.937626e+01
      vertex   2.276980e+01 -1.750000e+01 4.944707e+01
    endloop
  endfacet
  facet normal 2.225267e-01 0.000000e+00 -9.749266e-01
    outer loop
      vertex   2.276980e+01 -1.950000e+01 4.944707e+01
      vertex   2.276980e+01 -1.750000e+01 4.944707e+01
      vertex   2.296969e+01 -1.950000e+01 4.949269e+01
    endloop
  endfacet
  facet normal 2.225267e-01 0.000000e+00 -9.749266e-01
    outer loop
      vertex   2.296969e+01 -1.950000e+01 4.949269e+01
      vertex   2.276980e+01 -1.750000e+01 4.944707e+01
      vertex   2.296969e+01 -1.750000e+01 4.949269e+01
    endloop
  endfacet
  facet normal 9.603059e-02 0.000000e+00 -9.953784e-01
    outer loop
      vertex   2.296969e+01 -1.950000e+01 4.949269e+01
      vertex   2.296969e+01 -1.750000e+01 4.949269e+01
      vertex   2.317376e+01 -1.950000e+01 4.951238e+01
    endloop
  endfacet
  facet normal 9.603059e-02 0.000000e+00 -9.953784e-01
    outer loop
      vertex   2.317376e+01 -1.950000e+01 4.951238e+01
      vertex   2.296969e+01 -1.750000e+01 4.949269e+01
      vertex   2.317376e+01 -1.750000e+01 4.951238e+01
    endloop
  endfacet
  facet normal -3.204906e-02 0.000000e+00 -9.994863e-01
    outer loop
      vertex   2.317376e+01 -1.950000e+01 4.951238e+01
      vertex   2.317376e+01 -1.750000e+01 4.951238e+01
      vertex   2.337868e+01 -1.950000e+01 4.950581e+01
    endloop
  endfacet
  facet normal -3.204906e-02 0.000000e+00 -9.994863e-01
    outer loop
      vertex   2.337868e+01 -1.950000e+01 4.950581e+01
      vertex   2.317376e+01 -1.750000e+01 4.951238e+01
      vertex   2.337868e+01 -1.750000e+01 4.950581e+01
    endloop
  endfacet
  facet normal -1.596149e-01 0.000000e+00 -9.871794e-01
    outer loop
      vertex   2.337868e+01 -1.950000e+01 4.950581e+01
      vertex   2.337868e+01 -1.750000e+01 4.950581e+01
      vertex   2.358108e+01 -1.950000e+01 4.947309e+01
    endloop
  endfacet
  facet normal -1.596149e-01 0.000000e+00 -9.871794e-01
    outer loop
      vertex   2.358108e+01 -1.950000e+01 4.947309e+01
      vertex   2.337868e+01 -1.750000e+01 4.950581e+01
      vertex   2.358108e+01 -1.750000e+01 4.947309e+01
    endloop
  endfacet
  facet normal -2.845120e-01 0.000000e+00 -9.586725e-01
    outer loop
      vertex   2.358108e+01 -1.950000e+01 4.947309e+01
      vertex   2.358108e+01 -1.750000e+01 4.947309e+01
      vertex   2.377763e+01 -1.950000e+01 4.941475e+01
    endloop
  endfacet
  facet normal -2.845120e-01 0.000000e+00 -9.586725e-01
    outer loop
      vertex   2.377763e+01 -1.950000e+01 4.941475e+01
      vertex   2.358108e+01 -1.750000e+01 4.947309e+01
      vertex   2.377763e+01 -1.750000e+01 4.941475e+01
    endloop
  endfacet
  facet normal -4.047785e-01 0.000000e+00 -9.144148e-01
    outer loop
      vertex   2.377763e+01 -1.950000e+01 4.941475e+01
      vertex   2.377763e+01 -1.750000e+01 4.941475e+01
      vertex   2.396511e+01 -1.950000e+01 4.933177e+01
    endloop
  endfacet
  facet normal -4.047785e-01 0.000000e+00 -9.144148e-01
    outer loop
      vertex   2.396511e+01 -1.950000e+01 4.933177e+01
      vertex   2.377763e+01 -1.750000e+01 4.941475e+01
      vertex   2.396511e+01 -1.750000e+01 4.933177e+01
    endloop
  endfacet
  facet normal -5.184048e-01 0.000000e+00 -8.551353e-01
    outer loop
      vertex   2.396511e+01 -1.950000e+01 4.933177e+01
      vertex   2.396511e+01 -1.750000e+01 4.933177e+01
      vertex   2.414043e+01 -1.950000e+01 4.922548e+01
    endloop
  endfacet
  facet normal -5.184048e-01 0.000000e+00 -8.551353e-01
    outer loop
      vertex   2.414043e+01 -1.950000e+01 4.922548e+01
      vertex   2.396511e+01 -1.750000e+01 4.933177e+01
      vertex   2.414043e+01 -1.750000e+01 4.922548e+01
    endloop
  endfacet
  facet normal -6.234860e-01 0.000000e+00 -7.818345e-01
    outer loop
      vertex   2.414043e+01 -1.950000e+01 4.922548e+01
      vertex   2.414043e+01 -1.750000e+01 4.922548e+01
      vertex   2.430073e+01 -1.950000e+01 4.909765e+01
    endloop
  endfacet
  facet normal -6.234860e-01 0.000000e+00 -7.818345e-01
    outer loop
      vertex   2.430073e+01 -1.950000e+01 4.909765e+01
      vertex   2.414043e+01 -1.750000e+01 4.922548e+01
      vertex   2.430073e+01 -1.750000e+01 4.909765e+01
    endloop
  endfacet
  facet normal -7.183426e-01 0.000000e+00 -6.956895e-01
    outer loop
      vertex   2.430073e+01 -1.950000e+01 4.909765e+01
      vertex   2.430073e+01 -1.750000e+01 4.909765e+01
      vertex   2.444336e+01 -1.950000e+01 4.895037e+01
    endloop
  endfacet
  facet normal -7.183426e-01 0.000000e+00 -6.956895e-01
    outer loop
      vertex   2.444336e+01 -1.950000e+01 4.895037e+01
      vertex   2.430073e+01 -1.750000e+01 4.909765e+01
      vertex   2.444336e+01 -1.750000e+01 4.895037e+01
    endloop
  endfacet
  facet normal -8.014183e-01 0.000000e+00 -5.981043e-01
    outer loop
      vertex   2.444336e+01 -1.950000e+01 4.895037e+01
      vertex   2.444336e+01 -1.750000e+01 4.895037e+01
      vertex   2.456599e+01 -1.950000e+01 4.878606e+01
    endloop
  endfacet
  facet normal -8.014183e-01 0.000000e+00 -5.981043e-01
    outer loop
      vertex   2.456599e+01 -1.950000e+01 4.878606e+01
      vertex   2.444336e+01 -1.750000e+01 4.895037e+01
      vertex   2.456599e+01 -1.750000e+01 4.878606e+01
    endloop
  endfacet
  facet normal -8.713170e-01 0.000000e+00 -4.907205e-01
    outer loop
      vertex   2.456599e+01 -1.950000e+01 4.878606e+01
      vertex   2.456599e+01 -1.750000e+01 4.878606e+01
      vertex   2.466660e+01 -1.950000e+01 4.860742e+01
    endloop
  endfacet
  facet normal -8.713170e-01 0.000000e+00 -4.907205e-01
    outer loop
      vertex   2.466660e+01 -1.950000e+01 4.860742e+01
      vertex   2.456599e+01 -1.750000e+01 4.878606e+01
      vertex   2.466660e+01 -1.750000e+01 4.860742e+01
    endloop
  endfacet
  facet normal -9.269175e-01 0.000000e+00 -3.752651e-01
    outer loop
      vertex   2.466660e+01 -1.950000e+01 4.860742e+01
      vertex   2.466660e+01 -1.750000e+01 4.860742e+01
      vertex   2.474354e+01 -1.950000e+01 4.841738e+01
    endloop
  endfacet
  facet normal -9.269175e-01 0.000000e+00 -3.752651e-01
    outer loop
      vertex   2.474354e+01 -1.950000e+01 4.841738e+01
      vertex   2.466660e+01 -1.750000e+01 4.860742e+01
      vertex   2.474354e+01 -1.750000e+01 4.841738e+01
    endloop
  endfacet
  facet normal -9.672931e-01 0.000000e+00 -2.536615e-01
    outer loop
      vertex   2.474354e+01 -1.950000e+01 4.841738e+01
      vertex   2.474354e+01 -1.750000e+01 4.841738e+01
      vertex   2.479554e+01 -1.950000e+01 4.821906e+01
    endloop
  endfacet
  facet normal -9.672931e-01 0.000000e+00 -2.536615e-01
    outer loop
      vertex   2.479554e+01 -1.950000e+01 4.821906e+01
      vertex   2.474354e+01 -1.750000e+01 4.841738e+01
      vertex   2.479554e+01 -1.750000e+01 4.821906e+01
    endloop
  endfacet
  facet normal -9.917895e-01 0.000000e+00 -1.278809e-01
    outer loop
      vertex   2.479554e+01 -1.950000e+01 4.821906e+01
      vertex   2.479554e+01 -1.750000e+01 4.821906e+01
      vertex   2.482176e+01 -1.950000e+01 4.801572e+01
    endloop
  endfacet
  facet normal -9.917895e-01 0.000000e+00 -1.278809e-01
    outer loop
      vertex   2.482176e+01 -1.950000e+01 4.801572e+01
      vertex   2.479554e+01 -1.750000e+01 4.821906e+01
      vertex   2.482176e+01 -1.750000e+01 4.801572e+01
    endloop
  endfacet
  facet normal -1.000000e+00 0.000000e+00 0.000000e+00
    outer loop
      vertex   2.482176e+01 -1.950000e+01 4.801572e+01
      vertex   2.482176e+01 -1.750000e+01 4.801572e+01
      vertex   2.482176e+01 -1.950000e+01 4.781069e+01
    endloop
  endfacet
  facet normal -1.000000e+00 0.000000e+00 0.000000e+00
    outer loop
      vertex   2.482176e+01 -1.950000e+01 4.781069e+01
      vertex   2.482176e+01 -1.750000e+01 4.801572e+01
      vertex   2.482176e+01 -1.750000e+01 4.781069e+01
    endloop
  endfacet
  facet normal -9.917895e-01 0.000000e+00 1.278809e-01
    outer loop
      vertex   2.482176e+01 -1.950000e+01 4.781069e+01
      vertex   2.482176e+01 -1.750000e+01 4.781069e+01
      vertex   2.479554e+01 -1.950000e+01 4.760735e+01
    endloop
  endfacet
  facet normal -9.917895e-01 0.000000e+00 1.278809e-01
    outer loop
      vertex   2.479554e+01 -1.950000e+01 4.760735e+01
      vertex   2.482176e+01 -1.750000e+01 4.781069e+01
      vertex   2.479554e+01 -1.750000e+01 4.760735e+01
    endloop
  endfacet
  facet normal -9.672945e-01 0.000000e+00 2.536558e-01
    outer loop
      vertex   2.479554e+01 -1.950000e+01 4.760735e+01
      vertex   2.479554e+01 -1.750000e+01 4.760735e+01
      vertex   2.474354e+01 -1.950000e+01 4.740903e+01
    endloop
  endfacet
  facet normal -9.672945e-01 0.000000e+00 2.536558e-01
    outer loop
      vertex   2.474354e+01 -1.950000e+01 4.740903e+01
      vertex   2.479554e+01 -1.750000e+01 4.760735e+01
      vertex   2.474354e+01 -1.750000e+01 4.740903e+01
    endloop
  endfacet
  facet normal -9.269175e-01 0.000000e+00 3.752651e-01
    outer loop
      vertex   2.474354e+01 -1.950000e+01 4.740903e+01
      vertex   2.474354e+01 -1.750000e+01 4.740903e+01
      vertex   2.466660e+01 -1.950000e+01 4.721899e+01
    endloop
  endfacet
  facet normal -9.269175e-01 0.000000e+00 3.752651e-01
    outer loop
      vertex   2.466660e+01 -1.950000e+01 4.721899e+01
      vertex   2.474354e+01 -1.750000e+01 4.740903e+01
      vertex   2.466660e+01 -1.750000e+01 4.721899e+01
    endloop
  endfacet
  facet normal -8.713170e-01 0.000000e+00 4.907205e-01
    outer loop
      vertex   2.466660e+01 -1.950000e+01 4.721899e+01
      vertex   2.466660e+01 -1.750000e+01 4.721899e+01
      vertex   2.456599e+01 -1.950000e+01 4.704035e+01
    endloop
  endfacet
  facet normal -8.713170e-01 0.000000e+00 4.907205e-01
    outer loop
      vertex   2.456599e+01 -1.950000e+01 4.704035e+01
      vertex   2.466660e+01 -1.750000e+01 4.721899e+01
      vertex   2.456599e+01 -1.750000e+01 4.704035e+01
    endloop
  endfacet
  facet normal -8.014100e-01 0.000000e+00 5.981154e-01
    outer loop
      vertex   2.456599e+01 -1.950000e+01 4.704035e+01
      vertex   2.456599e+01 -1.750000e+01 4.704035e+01
      vertex   2.444336e+01 -1.950000e+01 4.687604e+01
    endloop
  endfacet
  facet normal -8.014100e-01 0.000000e+00 5.981154e-01
    outer loop
      vertex   2.444336e+01 -1.950000e+01 4.687604e+01
      vertex   2.456599e+01 -1.750000e+01 4.704035e+01
      vertex   2.444336e+01 -1.750000e+01 4.687604e+01
    endloop
  endfacet
  facet normal -7.183539e-01 0.000000e+00 6.956779e-01
    outer loop
      vertex   2.444336e+01 -1.950000e+01 4.687604e+01
      vertex   2.444336e+01 -1.750000e+01 4.687604e+01
      vertex   2.430073e+01 -1.950000e+01 4.672876e+01
    endloop
  endfacet
  facet normal -7.183539e-01 0.000000e+00 6.956779e-01
    outer loop
      vertex   2.430073e+01 -1.950000e+01 4.672876e+01
      vertex   2.444336e+01 -1.750000e+01 4.687604e+01
      vertex   2.430073e+01 -1.750000e+01 4.672876e+01
    endloop
  endfacet
  facet normal -6.234860e-01 0.000000e+00 7.818345e-01
    outer loop
      vertex   2.430073e+01 -1.950000e+01 4.672876e+01
      vertex   2.430073e+01 -1.750000e+01 4.672876e+01
      vertex   2.414043e+01 -1.950000e+01 4.660093e+01
    endloop
  endfacet
  facet normal -6.234860e-01 0.000000e+00 7.818345e-01
    outer loop
      vertex   2.414043e+01 -1.950000e+01 4.660093e+01
      vertex   2.430073e+01 -1.750000e+01 4.672876e+01
      vertex   2.414043e+01 -1.750000e+01 4.660093e+01
    endloop
  endfacet
  facet normal -5.183878e-01 0.000000e+00 8.551457e-01
    outer loop
      vertex   2.414043e+01 -1.950000e+01 4.660093e+01
      vertex   2.414043e+01 -1.750000e+01 4.660093e+01
      vertex   2.396511e+01 -1.950000e+01 4.649465e+01
    endloop
  endfacet
  facet normal -5.183878e-01 0.000000e+00 8.551457e-01
    outer loop
      vertex   2.396511e+01 -1.950000e+01 4.649465e+01
      vertex   2.414043e+01 -1.750000e+01 4.660093e+01
      vertex   2.396511e+01 -1.750000e+01 4.649465e+01
    endloop
  endfacet
  facet normal -4.047785e-01 0.000000e+00 9.144148e-01
    outer loop
      vertex   2.396511e+01 -1.950000e+01 4.649465e+01
      vertex   2.396511e+01 -1.750000e+01 4.649465e+01
      vertex   2.377763e+01 -1.950000e+01 4.641166e+01
    endloop
  endfacet
  facet normal -4.047785e-01 0.000000e+00 9.144148e-01
    outer loop
      vertex   2.377763e+01 -1.950000e+01 4.641166e+01
      vertex   2.396511e+01 -1.750000e+01 4.649465e+01
      vertex   2.377763e+01 -1.750000e+01 4.641166e+01
    endloop
  endfacet
  facet normal -2.845333e-01 0.000000e+00 9.586661e-01
    outer loop
      vertex   2.377763e+01 -1.950000e+01 4.641166e+01
      vertex   2.377763e+01 -1.750000e+01 4.641166e+01
      vertex   2.358108e+01 -1.950000e+01 4.635332e+01
    endloop
  endfacet
  facet normal -2.845333e-01 0.000000e+00 9.586661e-01
    outer loop
      vertex   2.358108e+01 -1.950000e+01 4.635332e+01
      vertex   2.377763e+01 -1.750000e+01 4.641166e+01
      vertex   2.358108e+01 -1.750000e+01 4.635332e+01
    endloop
  endfacet
  facet normal -1.595922e-01 0.000000e+00 9.871830e-01
    outer loop
      vertex   2.358108e+01 -1.950000e+01 4.635332e+01
      vertex   2.358108e+01 -1.750000e+01 4.635332e+01
      vertex   2.337868e+01 -1.950000e+01 4.632060e+01
    endloop
  endfacet
  facet normal -1.595922e-01 0.000000e+00 9.871830e-01
    outer loop
      vertex   2.337868e+01 -1.950000e+01 4.632060e+01
      vertex   2.358108e+01 -1.750000e+01 4.635332e+01
      vertex   2.337868e+01 -1.750000e+01 4.632060e+01
    endloop
  endfacet
  facet normal -3.207229e-02 0.000000e+00 9.994856e-01
    outer loop
      vertex   2.337868e+01 -1.950000e+01 4.632060e+01
      vertex   2.337868e+01 -1.750000e+01 4.632060e+01
      vertex   2.317376e+01 -1.950000e+01 4.631402e+01
    endloop
  endfacet
  facet normal -3.207229e-02 0.000000e+00 9.994856e-01
    outer loop
      vertex   2.317376e+01 -1.950000e+01 4.631402e+01
      vertex   2.337868e+01 -1.750000e+01 4.632060e+01
      vertex   2.317376e+01 -1.750000e+01 4.631402e+01
    endloop
  endfacet
  facet normal 9.603059e-02 -0.000000e+00 9.953784e-01
    outer loop
      vertex   2.317376e+01 -1.950000e+01 4.631402e+01
      vertex   2.317376e+01 -1.750000e+01 4.631402e+01
      vertex   2.296969e+01 -1.950000e+01 4.633371e+01
    endloop
  endfacet
  facet normal 9.603059e-02 -0.000000e+00 9.953784e-01
    outer loop
      vertex   2.296969e+01 -1.950000e+01 4.633371e+01
      vertex   2.317376e+01 -1.750000e+01 4.631402e+01
      vertex   2.296969e+01 -1.750000e+01 4.633371e+01
    endloop
  endfacet
  facet normal 2.225267e-01 -0.000000e+00 9.749266e-01
    outer loop
      vertex   2.296969e+01 -1.950000e+01 4.633371e+01
      vertex   2.296969e+01 -1.750000e+01 4.633371e+01
      vertex   2.276980e+01 -1.950000e+01 4.637934e+01
    endloop
  endfacet
  facet normal 2.225267e-01 -0.000000e+00 9.749266e-01
    outer loop
      vertex   2.276980e+01 -1.950000e+01 4.637934e+01
      vertex   2.296969e+01 -1.750000e+01 4.633371e+01
      vertex   2.276980e+01 -1.750000e+01 4.637934e+01
    endloop
  endfacet
  facet normal 3.453540e-01 -0.000000e+00 9.384725e-01
    outer loop
      vertex   2.276980e+01 -1.950000e+01 4.637934e+01
      vertex   2.276980e+01 -1.750000e+01 4.637934e+01
      vertex   2.257739e+01 -1.950000e+01 4.645014e+01
    endloop
  endfacet
  facet normal 3.453540e-01 -0.000000e+00 9.384725e-01
    outer loop
      vertex   2.257739e+01 -1.950000e+01 4.645014e+01
      vertex   2.276980e+01 -1.750000e+01 4.637934e+01
      vertex   2.257739e+01 -1.750000e+01 4.645014e+01
    endloop
  endfacet
  facet normal 4.625438e-01 -0.000000e+00 8.865965e-01
    outer loop
      vertex   2.257739e+01 -1.950000e+01 4.645014e+01
      vertex   2.257739e+01 -1.750000e+01 4.645014e+01
      vertex   2.239562e+01 -1.950000e+01 4.654498e+01
    endloop
  endfacet
  facet normal 4.625438e-01 -0.000000e+00 8.865965e-01
    outer loop
      vertex   2.239562e+01 -1.950000e+01 4.654498e+01
      vertex   2.257739e+01 -1.750000e+01 4.645014e+01
      vertex   2.239562e+01 -1.750000e+01 4.654498e+01
    endloop
  endfacet
  facet normal 5.721168e-01 -0.000000e+00 8.201721e-01
    outer loop
      vertex   2.239562e+01 -1.950000e+01 4.654498e+01
      vertex   2.239562e+01 -1.750000e+01 4.654498e+01
      vertex   2.222746e+01 -1.950000e+01 4.666227e+01
    endloop
  endfacet
  facet normal 5.721168e-01 -0.000000e+00 8.201721e-01
    outer loop
      vertex   2.222746e+01 -1.950000e+01 4.666227e+01
      vertex   2.239562e+01 -1.750000e+01 4.654498e+01
      vertex   2.222746e+01 -1.750000e+01 4.666227e+01
    endloop
  endfacet
  facet normal 6.722988e-01 -0.000000e+00 7.402799e-01
    outer loop
      vertex   2.222746e+01 -1.950000e+01 4.666227e+01
      vertex   2.222746e+01 -1.750000e+01 4.666227e+01
      vertex   2.207569e+01 -1.950000e+01 4.680011e+01
    endloop
  endfacet
  facet normal 6.722988e-01 -0.000000e+00 7.402799e-01
    outer loop
      vertex   2.207569e+01 -1.950000e+01 4.680011e+01
      vertex   2.222746e+01 -1.750000e+01 4.666227e+01
      vertex   2.207569e+01 -1.750000e+01 4.680011e+01
    endloop
  endfacet
  facet normal 7.614416e-01 -0.000000e+00 6.482336e-01
    outer loop
      vertex   2.207569e+01 -1.950000e+01 4.680011e+01
      vertex   2.207569e+01 -1.750000e+01 4.680011e+01
      vertex   2.194278e+01 -1.950000e+01 4.695622e+01
    endloop
  endfacet
  facet normal 7.614416e-01 -0.000000e+00 6.482336e-01
    outer loop
      vertex   2.194278e+01 -1.950000e+01 4.695622e+01
      vertex   2.207569e+01 -1.750000e+01 4.680011e+01
      vertex   2.194278e+01 -1.750000e+01 4.695622e+01
    endloop
  endfacet
  facet normal 8.380917e-01 -0.000000e+00 5.455294e-01
    outer loop
      vertex   2.194278e+01 -1.950000e+01 4.695622e+01
      vertex   2.194278e+01 -1.750000e+01 4.695622e+01
      vertex   2.183094e+01 -1.950000e+01 4.712806e+01
    endloop
  endfacet
  facet normal 8.380917e-01 -0.000000e+00 5.455294e-01
    outer loop
      vertex   2.183094e+01 -1.950000e+01 4.712806e+01
      vertex   2.194278e+01 -1.750000e+01 4.695622e+01
      vertex   2.183094e+01 -1.750000e+01 4.712806e+01
    endloop
  endfacet
  facet normal 9.009709e-01 -0.000000e+00 4.338796e-01
    outer loop
      vertex   2.183094e+01 -1.950000e+01 4.712806e+01
      vertex   2.183094e+01 -1.750000e+01 4.712806e+01
      vertex   2.174198e+01 -1.950000e+01 4.731278e+01
    endloop
  endfacet
  facet normal 9.009709e-01 -0.000000e+00 4.338796e-01
    outer loop
      vertex   2.174198e+01 -1.950000e+01 4.731278e+01
      vertex   2.183094e+01 -1.750000e+01 4.712806e+01
      vertex   2.174198e+01 -1.750000e+01 4.731278e+01
    endloop
  endfacet
  facet normal 9.490536e-01 -0.000000e+00 3.151146e-01
    outer loop
      vertex   2.174198e+01 -1.950000e+01 4.731278e+01
      vertex   2.174198e+01 -1.750000e+01 4.731278e+01
      vertex   2.167737e+01 -1.950000e+01 4.750735e+01
    endloop
  endfacet
  facet normal 9.490536e-01 -0.000000e+00 3.151146e-01
    outer loop
      vertex   2.167737e+01 -1.950000e+01 4.750735e+01
      vertex   2.174198e+01 -1.750000e+01 4.731278e+01
      vertex   2.167737e+01 -1.750000e+01 4.750735e+01
    endloop
  endfacet
  facet normal 9.815580e-01 -0.000000e+00 1.911647e-01
    outer loop
      vertex   2.167737e+01 -1.950000e+01 4.750735e+01
      vertex   2.167737e+01 -1.750000e+01 4.750735e+01
      vertex   2.163818e+01 -1.950000e+01 4.770860e+01
    endloop
  endfacet
  facet normal 9.815580e-01 -0.000000e+00 1.911647e-01
    outer loop
      vertex   2.163818e+01 -1.950000e+01 4.770860e+01
      vertex   2.167737e+01 -1.750000e+01 4.750735e+01
      vertex   2.163818e+01 -1.750000e+01 4.770860e+01
    endloop
  endfacet
  facet normal 9.980268e-01 0.000000e+00 -6.278946e-02
    outer loop
      vertex   -1.610076e+01 -2.150000e+01 1.420680e+01
      vertex   -1.610076e+01 -2.250000e+01 1.420680e+01
      vertex   -1.611377e+01 -2.150000e+01 1.400000e+01
    endloop
  endfacet
  facet normal 9.980268e-01 0.000000e+00 -6.278946e-02
    outer loop
      vertex   -1.611377e+01 -2.150000e+01 1.400000e+01
      vertex   -1.610076e+01 -2.250000e+01 1.420680e+01
      vertex   -1.611377e+01 -2.250000e+01 1.400000e+01
    endloop
  endfacet
  facet normal 9.980268e-01 0.000000e+00 6.278946e-02
    outer loop
      vertex   -1.611377e+01 -2.150000e+01 1.400000e+01
      vertex   -1.611377e+01 -2.250000e+01 1.400000e+01
      vertex   -1.610076e+01 -2.150000e+01 1.379320e+01
    endloop
  endfacet
  facet normal 9.980268e-01 0.000000e+00 6.278946e-02
    outer loop
      vertex   -1.610076e+01 -2.150000e+01 1.379320e+01
      vertex   -1.611377e+01 -2.250000e+01 1.400000e+01
      vertex   -1.610076e+01 -2.250000e+01 1.379320e+01
    endloop
  endfacet
  facet normal 9.822868e-01 0.000000e+00 1.873836e-01
    outer loop
      vertex   -1.610076e+01 -2.150000e+01 1.379320e+01
      vertex   -1.610076e+01 -2.250000e+01 1.379320e+01
      vertex   -1.606194e+01 -2.150000e+01 1.358966e+01
    endloop
  endfacet
  facet normal 9.822868e-01 0.000000e+00 1.873836e-01
    outer loop
      vertex   -1.606194e+01 -2.150000e+01 1.358966e+01
      vertex   -1.610076e+01 -2.250000e+01 1.379320e+01
      vertex   -1.606194e+01 -2.250000e+01 1.358966e+01
    endloop
  endfacet
  facet normal 9.510567e-01 0.000000e+00 3.090163e-01
    outer loop
      vertex   -1.606194e+01 -2.150000e+01 1.358966e+01
      vertex   -1.606194e+01 -2.250000e+01 1.358966e+01
      vertex   -1.599790e+01 -2.150000e+01 1.339259e+01
    endloop
  endfacet
  facet normal 9.510567e-01 0.000000e+00 3.090163e-01
    outer loop
      vertex   -1.599790e+01 -2.150000e+01 1.339259e+01
      vertex   -1.606194e+01 -2.250000e+01 1.358966e+01
      vertex   -1.599790e+01 -2.250000e+01 1.339259e+01
    endloop
  endfacet
  facet normal 9.048259e-01 0.000000e+00 4.257818e-01
    outer loop
      vertex   -1.599790e+01 -2.150000e+01 1.339259e+01
      vertex   -1.599790e+01 -2.250000e+01 1.339259e+01
      vertex   -1.590968e+01 -2.150000e+01 1.320511e+01
    endloop
  endfacet
  facet normal 9.048259e-01 0.000000e+00 4.257818e-01
    outer loop
      vertex   -1.590968e+01 -2.150000e+01 1.320511e+01
      vertex   -1.599790e+01 -2.250000e+01 1.339259e+01
      vertex   -1.590968e+01 -2.250000e+01 1.320511e+01
    endloop
  endfacet
  facet normal 8.443298e-01 0.000000e+00 5.358238e-01
    outer loop
      vertex   -1.590968e+01 -2.150000e+01 1.320511e+01
      vertex   -1.590968e+01 -2.250000e+01 1.320511e+01
      vertex   -1.579865e+01 -2.150000e+01 1.303015e+01
    endloop
  endfacet
  facet normal 8.443298e-01 0.000000e+00 5.358238e-01
    outer loop
      vertex   -1.579865e+01 -2.150000e+01 1.303015e+01
      vertex   -1.590968e+01 -2.250000e+01 1.320511e+01
      vertex   -1.579865e+01 -2.250000e+01 1.303015e+01
    endloop
  endfacet
  facet normal 7.705119e-01 0.000000e+00 6.374256e-01
    outer loop
      vertex   -1.579865e+01 -2.150000e+01 1.303015e+01
      vertex   -1.579865e+01 -2.250000e+01 1.303015e+01
      vertex   -1.566657e+01 -2.150000e+01 1.287050e+01
    endloop
  endfacet
  facet normal 7.705119e-01 0.000000e+00 6.374256e-01
    outer loop
      vertex   -1.566657e+01 -2.150000e+01 1.287050e+01
      vertex   -1.579865e+01 -2.250000e+01 1.303015e+01
      vertex   -1.566657e+01 -2.250000e+01 1.287050e+01
    endloop
  endfacet
  facet normal 6.845481e-01 0.000000e+00 7.289677e-01
    outer loop
      vertex   -1.566657e+01 -2.150000e+01 1.287050e+01
      vertex   -1.566657e+01 -2.250000e+01 1.287050e+01
      vertex   -1.551552e+01 -2.150000e+01 1.272865e+01
    endloop
  endfacet
  facet normal 6.845481e-01 0.000000e+00 7.289677e-01
    outer loop
      vertex   -1.551552e+01 -2.150000e+01 1.272865e+01
      vertex   -1.566657e+01 -2.250000e+01 1.287050e+01
      vertex   -1.551552e+01 -2.250000e+01 1.272865e+01
    endloop
  endfacet
  facet normal 5.877858e-01 0.000000e+00 8.090166e-01
    outer loop
      vertex   -1.551552e+01 -2.150000e+01 1.272865e+01
      vertex   -1.551552e+01 -2.250000e+01 1.272865e+01
      vertex   -1.534789e+01 -2.150000e+01 1.260686e+01
    endloop
  endfacet
  facet normal 5.877858e-01 0.000000e+00 8.090166e-01
    outer loop
      vertex   -1.534789e+01 -2.150000e+01 1.260686e+01
      vertex   -1.551552e+01 -2.250000e+01 1.272865e+01
      vertex   -1.534789e+01 -2.250000e+01 1.260686e+01
    endloop
  endfacet
  facet normal 4.817509e-01 0.000000e+00 8.763082e-01
    outer loop
      vertex   -1.534789e+01 -2.150000e+01 1.260686e+01
      vertex   -1.534789e+01 -2.250000e+01 1.260686e+01
      vertex   -1.516631e+01 -2.150000e+01 1.250704e+01
    endloop
  endfacet
  facet normal 4.817509e-01 0.000000e+00 8.763082e-01
    outer loop
      vertex   -1.516631e+01 -2.150000e+01 1.250704e+01
      vertex   -1.534789e+01 -2.250000e+01 1.260686e+01
      vertex   -1.516631e+01 -2.250000e+01 1.250704e+01
    endloop
  endfacet
  facet normal 3.681290e-01 0.000000e+00 9.297747e-01
    outer loop
      vertex   -1.516631e+01 -2.150000e+01 1.250704e+01
      vertex   -1.516631e+01 -2.250000e+01 1.250704e+01
      vertex   -1.497365e+01 -2.150000e+01 1.243076e+01
    endloop
  endfacet
  facet normal 3.681290e-01 0.000000e+00 9.297747e-01
    outer loop
      vertex   -1.497365e+01 -2.150000e+01 1.243076e+01
      vertex   -1.516631e+01 -2.250000e+01 1.250704e+01
      vertex   -1.497365e+01 -2.250000e+01 1.243076e+01
    endloop
  endfacet
  facet normal 2.486886e-01 0.000000e+00 9.685835e-01
    outer loop
      vertex   -1.497365e+01 -2.150000e+01 1.243076e+01
      vertex   -1.497365e+01 -2.250000e+01 1.243076e+01
      vertex   -1.477295e+01 -2.150000e+01 1.237923e+01
    endloop
  endfacet
  facet normal 2.486886e-01 0.000000e+00 9.685835e-01
    outer loop
      vertex   -1.477295e+01 -2.150000e+01 1.237923e+01
      vertex   -1.497365e+01 -2.250000e+01 1.243076e+01
      vertex   -1.477295e+01 -2.250000e+01 1.237923e+01
    endloop
  endfacet
  facet normal 1.253318e-01 0.000000e+00 9.921149e-01
    outer loop
      vertex   -1.477295e+01 -2.150000e+01 1.237923e+01
      vertex   -1.477295e+01 -2.250000e+01 1.237923e+01
      vertex   -1.456738e+01 -2.150000e+01 1.235326e+01
    endloop
  endfacet
  facet normal 1.253318e-01 0.000000e+00 9.921149e-01
    outer loop
      vertex   -1.456738e+01 -2.150000e+01 1.235326e+01
      vertex   -1.477295e+01 -2.250000e+01 1.237923e+01
      vertex   -1.456738e+01 -2.250000e+01 1.235326e+01
    endloop
  endfacet
  facet normal -0.000000e+00 0.000000e+00 1.000000e+00
    outer loop
      vertex   -1.456738e+01 -2.150000e+01 1.235326e+01
      vertex   -1.456738e+01 -2.250000e+01 1.235326e+01
      vertex   -1.436017e+01 -2.150000e+01 1.235326e+01
    endloop
  endfacet
  facet normal 0.000000e+00 0.000000e+00 1.000000e+00
    outer loop
      vertex   -1.436017e+01 -2.150000e+01 1.235326e+01
      vertex   -1.456738e+01 -2.250000e+01 1.235326e+01
      vertex   -1.436017e+01 -2.250000e+01 1.235326e+01
    endloop
  endfacet
  facet normal -1.253311e-01 0.000000e+00 9.921150e-01
    outer loop
      vertex   -1.436017e+01 -2.150000e+01 1.235326e+01
      vertex   -1.436017e+01 -2.250000e+01 1.235326e+01
      vertex   -1.415459e+01 -2.150000e+01 1.237923e+01
    endloop
  endfacet
  facet normal -1.253311e-01 0.000000e+00 9.921150e-01
    outer loop
      vertex   -1.415459e+01 -2.150000e+01 1.237923e+01
      vertex   -1.436017e+01 -2.250000e+01 1.235326e+01
      vertex   -1.415459e+01 -2.250000e+01 1.237923e+01
    endloop
  endfacet
  facet normal -2.486900e-01 0.000000e+00 9.685831e-01
    outer loop
      vertex   -1.415459e+01 -2.150000e+01 1.237923e+01
      vertex   -1.415459e+01 -2.250000e+01 1.237923e+01
      vertex   -1.395390e+01 -2.150000e+01 1.243076e+01
    endloop
  endfacet
  facet normal -2.486900e-01 0.000000e+00 9.685831e-01
    outer loop
      vertex   -1.395390e+01 -2.150000e+01 1.243076e+01
      vertex   -1.415459e+01 -2.250000e+01 1.237923e+01
      vertex   -1.395390e+01 -2.250000e+01 1.243076e+01
    endloop
  endfacet
  facet normal -3.681270e-01 0.000000e+00 9.297755e-01
    outer loop
      vertex   -1.395390e+01 -2.150000e+01 1.243076e+01
      vertex   -1.395390e+01 -2.250000e+01 1.243076e+01
      vertex   -1.376124e+01 -2.150000e+01 1.250704e+01
    endloop
  endfacet
  facet normal -3.681270e-01 0.000000e+00 9.297755e-01
    outer loop
      vertex   -1.376124e+01 -2.150000e+01 1.250704e+01
      vertex   -1.395390e+01 -2.250000e+01 1.243076e+01
      vertex   -1.376124e+01 -2.250000e+01 1.250704e+01
    endloop
  endfacet
  facet normal -4.817558e-01 0.000000e+00 8.763055e-01
    outer loop
      vertex   -1.376124e+01 -2.150000e+01 1.250704e+01
      vertex   -1.376124e+01 -2.250000e+01 1.250704e+01
      vertex   -1.357966e+01 -2.150000e+01 1.260686e+01
    endloop
  endfacet
  facet normal -4.817558e-01 0.000000e+00 8.763055e-01
    outer loop
      vertex   -1.357966e+01 -2.150000e+01 1.260686e+01
      vertex   -1.376124e+01 -2.250000e+01 1.250704e+01
      vertex   -1.357966e+01 -2.250000e+01 1.260686e+01
    endloop
  endfacet
  facet normal -5.877830e-01 0.000000e+00 8.090186e-01
    outer loop
      vertex   -1.357966e+01 -2.150000e+01 1.260686e+01
      vertex   -1.357966e+01 -2.250000e+01 1.260686e+01
      vertex   -1.341202e+01 -2.150000e+01 1.272865e+01
    endloop
  endfacet
  facet normal -5.877830e-01 0.000000e+00 8.090186e-01
    outer loop
      vertex   -1.341202e+01 -2.150000e+01 1.272865e+01
      vertex   -1.357966e+01 -2.250000e+01 1.260686e+01
      vertex   -1.341202e+01 -2.250000e+01 1.272865e+01
    endloop
  endfacet
  facet normal -6.845481e-01 0.000000e+00 7.289677e-01
    outer loop
      vertex   -1.341202e+01 -2.150000e+01 1.272865e+01
      vertex   -1.341202e+01 -2.250000e+01 1.272865e+01
      vertex   -1.326097e+01 -2.150000e+01 1.287050e+01
    endloop
  endfacet
  facet normal -6.845481e-01 0.000000e+00 7.289677e-01
    outer loop
      vertex   -1.326097e+01 -2.150000e+01 1.287050e+01
      vertex   -1.341202e+01 -2.250000e+01 1.272865e+01
      vertex   -1.326097e+01 -2.250000e+01 1.287050e+01
    endloop
  endfacet
  facet normal -7.705119e-01 0.000000e+00 6.374256e-01
    outer loop
      vertex   -1.326097e+01 -2.150000e+01 1.287050e+01
      vertex   -1.326097e+01 -2.250000e+01 1.287050e+01
      vertex   -1.312889e+01 -2.150000e+01 1.303015e+01
    endloop
  endfacet
  facet normal -7.705119e-01 0.000000e+00 6.374256e-01
    outer loop
      vertex   -1.312889e+01 -2.150000e+01 1.303015e+01
      vertex   -1.326097e+01 -2.250000e+01 1.287050e+01
      vertex   -1.312889e+01 -2.250000e+01 1.303015e+01
    endloop
  endfacet
  facet normal -8.443272e-01 0.000000e+00 5.358279e-01
    outer loop
      vertex   -1.312889e+01 -2.150000e+01 1.303015e+01
      vertex   -1.312889e+01 -2.250000e+01 1.303015e+01
      vertex   -1.301787e+01 -2.150000e+01 1.320511e+01
    endloop
  endfacet
  facet normal -8.443272e-01 0.000000e+00 5.358279e-01
    outer loop
      vertex   -1.301787e+01 -2.150000e+01 1.320511e+01
      vertex   -1.312889e+01 -2.250000e+01 1.303015e+01
      vertex   -1.301787e+01 -2.250000e+01 1.320511e+01
    endloop
  endfacet
  facet normal -9.048281e-01 0.000000e+00 4.257771e-01
    outer loop
      vertex   -1.301787e+01 -2.150000e+01 1.320511e+01
      vertex   -1.301787e+01 -2.250000e+01 1.320511e+01
      vertex   -1.292964e+01 -2.150000e+01 1.339259e+01
    endloop
  endfacet
  facet normal -9.048281e-01 0.000000e+00 4.257771e-01
    outer loop
      vertex   -1.292964e+01 -2.150000e+01 1.339259e+01
      vertex   -1.301787e+01 -2.250000e+01 1.320511e+01
      vertex   -1.292964e+01 -2.250000e+01 1.339259e+01
    endloop
  endfacet
  facet normal -9.510567e-01 0.000000e+00 3.090163e-01
    outer loop
      vertex   -1.292964e+01 -2.150000e+01 1.339259e+01
      vertex   -1.292964e+01 -2.250000e+01 1.339259e+01
      vertex   -1.286561e+01 -2.150000e+01 1.358966e+01
    endloop
  endfacet
  facet normal -9.510567e-01 0.000000e+00 3.090163e-01
    outer loop
      vertex   -1.286561e+01 -2.150000e+01 1.358966e+01
      vertex   -1.292964e+01 -2.250000e+01 1.339259e+01
      vertex   -1.286561e+01 -2.250000e+01 1.358966e+01
    endloop
  endfacet
  facet normal -9.822868e-01 0.000000e+00 1.873836e-01
    outer loop
      vertex   -1.286561e+01 -2.150000e+01 1.358966e+01
      vertex   -1.286561e+01 -2.250000e+01 1.358966e+01
      vertex   -1.282678e+01 -2.150000e+01 1.379320e+01
    endloop
  endfacet
  facet normal -9.822868e-01 0.000000e+00 1.873836e-01
    outer loop
      vertex   -1.282678e+01 -2.150000e+01 1.379320e+01
      vertex   -1.286561e+01 -2.250000e+01 1.358966e+01
      vertex   -1.282678e+01 -2.250000e+01 1.379320e+01
    endloop
  endfacet
  facet normal -9.980268e-01 0.000000e+00 6.278946e-02
    outer loop
      vertex   -1.282678e+01 -2.150000e+01 1.379320e+01
      vertex   -1.282678e+01 -2.250000e+01 1.379320e+01
      vertex   -1.281377e+01 -2.150000e+01 1.400000e+01
    endloop
  endfacet
  facet normal -9.980268e-01 0.000000e+00 6.278946e-02
    outer loop
      vertex   -1.281377e+01 -2.150000e+01 1.400000e+01
      vertex   -1.282678e+01 -2.250000e+01 1.379320e+01
      vertex   -1.281377e+01 -2.250000e+01 1.400000e+01
    endloop
  endfacet
  facet normal -9.980268e-01 -0.000000e+00 -6.278946e-02
    outer loop
      vertex   -1.281377e+01 -2.150000e+01 1.400000e+01
      vertex   -1.281377e+01 -2.250000e+01 1.400000e+01
      vertex   -1.282678e+01 -2.150000e+01 1.420680e+01
    endloop
  endfacet
  facet normal -9.980268e-01 -0.000000e+00 -6.278946e-02
    outer loop
      vertex   -1.282678e+01 -2.150000e+01 1.420680e+01
      vertex   -1.281377e+01 -2.250000e+01 1.400000e+01
      vertex   -1.282678e+01 -2.250000e+01 1.420680e+01
    endloop
  endfacet
  facet normal -9.822868e-01 -0.000000e+00 -1.873836e-01
    outer loop
      vertex   -1.282678e+01 -2.150000e+01 1.420680e+01
      vertex   -1.282678e+01 -2.250000e+01 1.420680e+01
      vertex   -1.286561e+01 -2.150000e+01 1.441034e+01
    endloop
  endfacet
  facet normal -9.822868e-01 -0.000000e+00 -1.873836e-01
    outer loop
      vertex   -1.286561e+01 -2.150000e+01 1.441034e+01
      vertex   -1.282678e+01 -2.250000e+01 1.420680e+01
      vertex   -1.286561e+01 -2.250000e+01 1.441034e+01
    endloop
  endfacet
  facet normal -9.510567e-01 -0.000000e+00 -3.090163e-01
    outer loop
      vertex   -1.286561e+01 -2.150000e+01 1.441034e+01
      vertex   -1.286561e+01 -2.250000e+01 1.441034e+01
      vertex   -1.292964e+01 -2.150000e+01 1.460741e+01
    endloop
  endfacet
  facet normal -9.510567e-01 -0.000000e+00 -3.090163e-01
    outer loop
      vertex   -1.292964e+01 -2.150000e+01 1.460741e+01
      vertex   -1.286561e+01 -2.250000e+01 1.441034e+01
      vertex   -1.292964e+01 -2.250000e+01 1.460741e+01
    endloop
  endfacet
  facet normal -9.048281e-01 -0.000000e+00 -4.257771e-01
    outer loop
      vertex   -1.292964e+01 -2.150000e+01 1.460741e+01
      vertex   -1.292964e+01 -2.250000e+01 1.460741e+01
      vertex   -1.301787e+01 -2.150000e+01 1.479489e+01
    endloop
  endfacet
  facet normal -9.048281e-01 -0.000000e+00 -4.257771e-01
    outer loop
      vertex   -1.301787e+01 -2.150000e+01 1.479489e+01
      vertex   -1.292964e+01 -2.250000e+01 1.460741e+01
      vertex   -1.301787e+01 -2.250000e+01 1.479489e+01
    endloop
  endfacet
  facet normal -8.443289e-01 -0.000000e+00 -5.358253e-01
    outer loop
      vertex   -1.301787e+01 -2.150000e+01 1.479489e+01
      vertex   -1.301787e+01 -2.250000e+01 1.479489e+01
      vertex   -1.312889e+01 -2.150000e+01 1.496985e+01
    endloop
  endfacet
  facet normal -8.443289e-01 -0.000000e+00 -5.358253e-01
    outer loop
      vertex   -1.312889e+01 -2.150000e+01 1.496985e+01
      vertex   -1.301787e+01 -2.250000e+01 1.479489e+01
      vertex   -1.312889e+01 -2.250000e+01 1.496985e+01
    endloop
  endfacet
  facet normal -7.705096e-01 -0.000000e+00 -6.374284e-01
    outer loop
      vertex   -1.312889e+01 -2.150000e+01 1.496985e+01
      vertex   -1.312889e+01 -2.250000e+01 1.496985e+01
      vertex   -1.326097e+01 -2.150000e+01 1.512950e+01
    endloop
  endfacet
  facet normal -7.705096e-01 -0.000000e+00 -6.374284e-01
    outer loop
      vertex   -1.326097e+01 -2.150000e+01 1.512950e+01
      vertex   -1.312889e+01 -2.250000e+01 1.496985e+01
      vertex   -1.326097e+01 -2.250000e+01 1.512950e+01
    endloop
  endfacet
  facet normal -6.845481e-01 -0.000000e+00 -7.289677e-01
    outer loop
      vertex   -1.326097e+01 -2.150000e+01 1.512950e+01
      vertex   -1.326097e+01 -2.250000e+01 1.512950e+01
      vertex   -1.341202e+01 -2.150000e+01 1.527135e+01
    endloop
  endfacet
  facet normal -6.845481e-01 -0.000000e+00 -7.289677e-01
    outer loop
      vertex   -1.341202e+01 -2.150000e+01 1.527135e+01
      vertex   -1.326097e+01 -2.250000e+01 1.512950e+01
      vertex   -1.341202e+01 -2.250000e+01 1.527135e+01
    endloop
  endfacet
  facet normal -5.877830e-01 -0.000000e+00 -8.090186e-01
    outer loop
      vertex   -1.341202e+01 -2.150000e+01 1.527135e+01
      vertex   -1.341202e+01 -2.250000e+01 1.527135e+01
      vertex   -1.357966e+01 -2.150000e+01 1.539314e+01
    endloop
  endfacet
  facet normal -5.877830e-01 -0.000000e+00 -8.090186e-01
    outer loop
      vertex   -1.357966e+01 -2.150000e+01 1.539314e+01
      vertex   -1.341202e+01 -2.250000e+01 1.527135e+01
      vertex   -1.357966e+01 -2.250000e+01 1.539314e+01
    endloop
  endfacet
  facet normal -4.817602e-01 -0.000000e+00 -8.763031e-01
    outer loop
      vertex   -1.357966e+01 -2.150000e+01 1.539314e+01
      vertex   -1.357966e+01 -2.250000e+01 1.539314e+01
      vertex   -1.376124e+01 -2.150000e+01 1.549296e+01
    endloop
  endfacet
  facet normal -4.817602e-01 -0.000000e+00 -8.763031e-01
    outer loop
      vertex   -1.376124e+01 -2.150000e+01 1.549296e+01
      vertex   -1.357966e+01 -2.250000e+01 1.539314e+01
      vertex   -1.376124e+01 -2.250000e+01 1.549296e+01
    endloop
  endfacet
  facet normal -3.681220e-01 -0.000000e+00 -9.297775e-01
    outer loop
      vertex   -1.376124e+01 -2.150000e+01 1.549296e+01
      vertex   -1.376124e+01 -2.250000e+01 1.549296e+01
      vertex   -1.395390e+01 -2.150000e+01 1.556924e+01
    endloop
  endfacet
  facet normal -3.681220e-01 -0.000000e+00 -9.297775e-01
    outer loop
      vertex   -1.395390e+01 -2.150000e+01 1.556924e+01
      vertex   -1.376124e+01 -2.250000e+01 1.549296e+01
      vertex   -1.395390e+01 -2.250000e+01 1.556924e+01
    endloop
  endfacet
  facet normal -2.486900e-01 -0.000000e+00 -9.685831e-01
    outer loop
      vertex   -1.395390e+01 -2.150000e+01 1.556924e+01
      vertex   -1.395390e+01 -2.250000e+01 1.556924e+01
      vertex   -1.415459e+01 -2.150000e+01 1.562077e+01
    endloop
  endfacet
  facet normal -2.486900e-01 -0.000000e+00 -9.685831e-01
    outer loop
      vertex   -1.415459e+01 -2.150000e+01 1.562077e+01
      vertex   -1.395390e+01 -2.250000e+01 1.556924e+01
      vertex   -1.415459e+01 -2.250000e+01 1.562077e+01
    endloop
  endfacet
  facet normal -1.253311e-01 -0.000000e+00 -9.921150e-01
    outer loop
      vertex   -1.415459e+01 -2.150000e+01 1.562077e+01
      vertex   -1.415459e+01 -2.250000e+01 1.562077e+01
      vertex   -1.436017e+01 -2.150000e+01 1.564674e+01
    endloop
  endfacet
  facet normal -1.253311e-01 -0.000000e+00 -9.921150e-01
    outer loop
      vertex   -1.436017e+01 -2.150000e+01 1.564674e+01
      vertex   -1.415459e+01 -2.250000e+01 1.562077e+01
      vertex   -1.436017e+01 -2.250000e+01 1.564674e+01
    endloop
  endfacet
  facet normal -0.000000e+00 -0.000000e+00 -1.000000e+00
    outer loop
      vertex   -1.436017e+01 -2.150000e+01 1.564674e+01
      vertex   -1.436017e+01 -2.250000e+01 1.564674e+01
      vertex   -1.456738e+01 -2.150000e+01 1.564674e+01
    endloop
  endfacet
  facet normal 0.000000e+00 0.000000e+00 -1.000000e+00
    outer loop
      vertex   -1.456738e+01 -2.150000e+01 1.564674e+01
      vertex   -1.436017e+01 -2.250000e+01 1.564674e+01
      vertex   -1.456738e+01 -2.250000e+01 1.564674e+01
    endloop
  endfacet
  facet normal 1.253318e-01 0.000000e+00 -9.921149e-01
    outer loop
      vertex   -1.456738e+01 -2.150000e+01 1.564674e+01
      vertex   -1.456738e+01 -2.250000e+01 1.564674e+01
      vertex   -1.477295e+01 -2.150000e+01 1.562077e+01
    endloop
  endfacet
  facet normal 1.253318e-01 0.000000e+00 -9.921149e-01
    outer loop
      vertex   -1.477295e+01 -2.150000e+01 1.562077e+01
      vertex   -1.456738e+01 -2.250000e+01 1.564674e+01
      vertex   -1.477295e+01 -2.250000e+01 1.562077e+01
    endloop
  endfacet
  facet normal 2.486886e-01 0.000000e+00 -9.685835e-01
    outer loop
      vertex   -1.477295e+01 -2.150000e+01 1.562077e+01
      vertex   -1.477295e+01 -2.250000e+01 1.562077e+01
      vertex   -1.497365e+01 -2.150000e+01 1.556924e+01
    endloop
  endfacet
  facet normal 2.486886e-01 0.000000e+00 -9.685835e-01
    outer loop
      vertex   -1.497365e+01 -2.150000e+01 1.556924e+01
      vertex   -1.477295e+01 -2.250000e+01 1.562077e+01
      vertex   -1.497365e+01 -2.250000e+01 1.556924e+01
    endloop
  endfacet
  facet normal 3.681240e-01 0.000000e+00 -9.297767e-01
    outer loop
      vertex   -1.497365e+01 -2.150000e+01 1.556924e+01
      vertex   -1.497365e+01 -2.250000e+01 1.556924e+01
      vertex   -1.516631e+01 -2.150000e+01 1.549296e+01
    endloop
  endfacet
  facet normal 3.681240e-01 0.000000e+00 -9.297767e-01
    outer loop
      vertex   -1.516631e+01 -2.150000e+01 1.549296e+01
      vertex   -1.497365e+01 -2.250000e+01 1.556924e+01
      vertex   -1.516631e+01 -2.250000e+01 1.549296e+01
    endloop
  endfacet
  facet normal 4.817553e-01 0.000000e+00 -8.763058e-01
    outer loop
      vertex   -1.516631e+01 -2.150000e+01 1.549296e+01
      vertex   -1.516631e+01 -2.250000e+01 1.549296e+01
      vertex   -1.534789e+01 -2.150000e+01 1.539314e+01
    endloop
  endfacet
  facet normal 4.817553e-01 0.000000e+00 -8.763058e-01
    outer loop
      vertex   -1.534789e+01 -2.150000e+01 1.539314e+01
      vertex   -1.516631e+01 -2.250000e+01 1.549296e+01
      vertex   -1.534789e+01 -2.250000e+01 1.539314e+01
    endloop
  endfacet
  facet normal 5.877858e-01 0.000000e+00 -8.090166e-01
    outer loop
      vertex   -1.534789e+01 -2.150000e+01 1.539314e+01
      vertex   -1.534789e+01 -2.250000e+01 1.539314e+01
      vertex   -1.551552e+01 -2.150000e+01 1.527135e+01
    endloop
  endfacet
  facet normal 5.877858e-01 0.000000e+00 -8.090166e-01
    outer loop
      vertex   -1.551552e+01 -2.150000e+01 1.527135e+01
      vertex   -1.534789e+01 -2.250000e+01 1.539314e+01
      vertex   -1.551552e+01 -2.250000e+01 1.527135e+01
    endloop
  endfacet
  facet normal 6.845481e-01 0.000000e+00 -7.289677e-01
    outer loop
      vertex   -1.551552e+01 -2.150000e+01 1.527135e+01
      vertex   -1.551552e+01 -2.250000e+01 1.527135e+01
      vertex   -1.566657e+01 -2.150000e+01 1.512950e+01
    endloop
  endfacet
  facet normal 6.845481e-01 0.000000e+00 -7.289677e-01
    outer loop
      vertex   -1.566657e+01 -2.150000e+01 1.512950e+01
      vertex   -1.551552e+01 -2.250000e+01 1.527135e+01
      vertex   -1.566657e+01 -2.250000e+01 1.512950e+01
    endloop
  endfacet
  facet normal 7.705096e-01 0.000000e+00 -6.374284e-01
    outer loop
      vertex   -1.566657e+01 -2.150000e+01 1.512950e+01
      vertex   -1.566657e+01 -2.250000e+01 1.512950e+01
      vertex   -1.579865e+01 -2.150000e+01 1.496985e+01
    endloop
  endfacet
  facet normal 7.705096e-01 0.000000e+00 -6.374284e-01
    outer loop
      vertex   -1.579865e+01 -2.150000e+01 1.496985e+01
      vertex   -1.566657e+01 -2.250000e+01 1.512950e+01
      vertex   -1.579865e+01 -2.250000e+01 1.496985e+01
    endloop
  endfacet
  facet normal 8.443315e-01 0.000000e+00 -5.358212e-01
    outer loop
      vertex   -1.579865e+01 -2.150000e+01 1.496985e+01
      vertex   -1.579865e+01 -2.250000e+01 1.496985e+01
      vertex   -1.590968e+01 -2.150000e+01 1.479489e+01
    endloop
  endfacet
  facet normal 8.443315e-01 0.000000e+00 -5.358212e-01
    outer loop
      vertex   -1.590968e+01 -2.150000e+01 1.479489e+01
      vertex   -1.579865e+01 -2.250000e+01 1.496985e+01
      vertex   -1.590968e+01 -2.250000e+01 1.479489e+01
    endloop
  endfacet
  facet normal 9.048259e-01 0.000000e+00 -4.257818e-01
    outer loop
      vertex   -1.590968e+01 -2.150000e+01 1.479489e+01
      vertex   -1.590968e+01 -2.250000e+01 1.479489e+01
      vertex   -1.599790e+01 -2.150000e+01 1.460741e+01
    endloop
  endfacet
  facet normal 9.048259e-01 0.000000e+00 -4.257818e-01
    outer loop
      vertex   -1.599790e+01 -2.150000e+01 1.460741e+01
      vertex   -1.590968e+01 -2.250000e+01 1.479489e+01
      vertex   -1.599790e+01 -2.250000e+01 1.460741e+01
    endloop
  endfacet
  facet normal 9.510567e-01 0.000000e+00 -3.090163e-01
    outer loop
      vertex   -1.599790e+01 -2.150000e+01 1.460741e+01
      vertex   -1.599790e+01 -2.250000e+01 1.460741e+01
      vertex   -1.606194e+01 -2.150000e+01 1.441034e+01
    endloop
  endfacet
  facet normal 9.510567e-01 0.000000e+00 -3.090163e-01
    outer loop
      vertex   -1.606194e+01 -2.150000e+01 1.441034e+01
      vertex   -1.599790e+01 -2.250000e+01 1.460741e+01
      vertex   -1.606194e+01 -2.250000e+01 1.441034e+01
    endloop
  endfacet
  facet normal 9.822868e-01 0.000000e+00 -1.873836e-01
    outer loop
      vertex   -1.606194e+01 -2.150000e+01 1.441034e+01
      vertex   -1.606194e+01 -2.250000e+01 1.441034e+01
      vertex   -1.610076e+01 -2.150000e+01 1.420680e+01
    endloop
  endfacet
  facet normal 9.822868e-01 0.000000e+00 -1.873836e-01
    outer loop
      vertex   -1.610076e+01 -2.150000e+01 1.420680e+01
      vertex   -1.606194e+01 -2.250000e+01 1.441034e+01
      vertex   -1.610076e+01 -2.250000e+01 1.420680e+01
    endloop
  endfacet
  facet normal 9.979459e-01 -0.000000e+00 6.406288e-02
    outer loop
      vertex   2.163818e+01 -1.950000e+01 3.270860e+01
      vertex   2.163818e+01 -1.750000e+01 3.270860e+01
      vertex   2.162505e+01 -1.950000e+01 3.291320e+01
    endloop
  endfacet
  facet normal 9.979459e-01 -0.000000e+00 6.406288e-02
    outer loop
      vertex   2.162505e+01 -1.950000e+01 3.291320e+01
      vertex   2.163818e+01 -1.750000e+01 3.270860e+01
      vertex   2.162505e+01 -1.750000e+01 3.291320e+01
    endloop
  endfacet
  facet normal 9.979459e-01 0.000000e+00 -6.406213e-02
    outer loop
      vertex   2.162505e+01 -1.950000e+01 3.291320e+01
      vertex   2.162505e+01 -1.750000e+01 3.291320e+01
      vertex   2.163818e+01 -1.950000e+01 3.311781e+01
    endloop
  endfacet
  facet normal 9.979459e-01 0.000000e+00 -6.406213e-02
    outer loop
      vertex   2.163818e+01 -1.950000e+01 3.311781e+01
      vertex   2.162505e+01 -1.750000e+01 3.291320e+01
      vertex   2.163818e+01 -1.750000e+01 3.311781e+01
    endloop
  endfacet
  facet normal 9.815571e-01 0.000000e+00 -1.911691e-01
    outer loop
      vertex   2.163818e+01 -1.950000e+01 3.311781e+01
      vertex   2.163818e+01 -1.750000e+01 3.311781e+01
      vertex   2.167737e+01 -1.950000e+01 3.331905e+01
    endloop
  endfacet
  facet normal 9.815571e-01 0.000000e+00 -1.911691e-01
    outer loop
      vertex   2.167737e+01 -1.950000e+01 3.331905e+01
      vertex   2.163818e+01 -1.750000e+01 3.311781e+01
      vertex   2.167737e+01 -1.750000e+01 3.331905e+01
    endloop
  endfacet
  facet normal 9.490571e-01 0.000000e+00 -3.151042e-01
    outer loop
      vertex   2.167737e+01 -1.950000e+01 3.331905e+01
      vertex   2.167737e+01 -1.750000e+01 3.331905e+01
      vertex   2.174198e+01 -1.950000e+01 3.351363e+01
    endloop
  endfacet
  facet normal 9.490571e-01 0.000000e+00 -3.151042e-01
    outer loop
      vertex   2.174198e+01 -1.950000e+01 3.351363e+01
      vertex   2.167737e+01 -1.750000e+01 3.331905e+01
      vertex   2.174198e+01 -1.750000e+01 3.351363e+01
    endloop
  endfacet
  facet normal 9.009730e-01 0.000000e+00 -4.338751e-01
    outer loop
      vertex   2.174198e+01 -1.950000e+01 3.351363e+01
      vertex   2.174198e+01 -1.750000e+01 3.351363e+01
      vertex   2.183094e+01 -1.950000e+01 3.369835e+01
    endloop
  endfacet
  facet normal 9.009730e-01 0.000000e+00 -4.338751e-01
    outer loop
      vertex   2.183094e+01 -1.950000e+01 3.369835e+01
      vertex   2.174198e+01 -1.750000e+01 3.351363e+01
      vertex   2.183094e+01 -1.750000e+01 3.369835e+01
    endloop
  endfacet
  facet normal 8.380848e-01 0.000000e+00 -5.455400e-01
    outer loop
      vertex   2.183094e+01 -1.950000e+01 3.369835e+01
      vertex   2.183094e+01 -1.750000e+01 3.369835e+01
      vertex   2.194278e+01 -1.950000e+01 3.387018e+01
    endloop
  endfacet
  facet normal 8.380848e-01 0.000000e+00 -5.455400e-01
    outer loop
      vertex   2.194278e+01 -1.950000e+01 3.387018e+01
      vertex   2.183094e+01 -1.750000e+01 3.369835e+01
      vertex   2.194278e+01 -1.750000e+01 3.387018e+01
    endloop
  endfacet
  facet normal 7.614416e-01 0.000000e+00 -6.482336e-01
    outer loop
      vertex   2.194278e+01 -1.950000e+01 3.387018e+01
      vertex   2.194278e+01 -1.750000e+01 3.387018e+01
      vertex   2.207569e+01 -1.950000e+01 3.402629e+01
    endloop
  endfacet
  facet normal 7.614416e-01 0.000000e+00 -6.482336e-01
    outer loop
      vertex   2.207569e+01 -1.950000e+01 3.402629e+01
      vertex   2.194278e+01 -1.750000e+01 3.387018e+01
      vertex   2.207569e+01 -1.750000e+01 3.402629e+01
    endloop
  endfacet
  facet normal 6.723052e-01 0.000000e+00 -7.402741e-01
    outer loop
      vertex   2.207569e+01 -1.950000e+01 3.402629e+01
      vertex   2.207569e+01 -1.750000e+01 3.402629e+01
      vertex   2.222746e+01 -1.950000e+01 3.416414e+01
    endloop
  endfacet
  facet normal 6.723052e-01 0.000000e+00 -7.402741e-01
    outer loop
      vertex   2.222746e+01 -1.950000e+01 3.416414e+01
      vertex   2.207569e+01 -1.750000e+01 3.402629e+01
      vertex   2.222746e+01 -1.750000e+01 3.416414e+01
    endloop
  endfacet
  facet normal 5.721168e-01 0.000000e+00 -8.201721e-01
    outer loop
      vertex   2.222746e+01 -1.950000e+01 3.416414e+01
      vertex   2.222746e+01 -1.750000e+01 3.416414e+01
      vertex   2.239562e+01 -1.950000e+01 3.428143e+01
    endloop
  endfacet
  facet normal 5.721168e-01 0.000000e+00 -8.201721e-01
    outer loop
      vertex   2.239562e+01 -1.950000e+01 3.428143e+01
      vertex   2.222746e+01 -1.750000e+01 3.416414e+01
      vertex   2.239562e+01 -1.750000e+01 3.428143e+01
    endloop
  endfacet
  facet normal 4.625346e-01 0.000000e+00 -8.866012e-01
    outer loop
      vertex   2.239562e+01 -1.950000e+01 3.428143e+01
      vertex   2.239562e+01 -1.750000e+01 3.428143e+01
      vertex   2.257739e+01 -1.950000e+01 3.437626e+01
    endloop
  endfacet
  facet normal 4.625346e-01 0.000000e+00 -8.866012e-01
    outer loop
      vertex   2.257739e+01 -1.950000e+01 3.437626e+01
      vertex   2.239562e+01 -1.750000e+01 3.428143e+01
      vertex   2.257739e+01 -1.750000e+01 3.437626e+01
    endloop
  endfacet
  facet normal 3.453642e-01 0.000000e+00 -9.384687e-01
    outer loop
      vertex   2.257739e+01 -1.950000e+01 3.437626e+01
      vertex   2.257739e+01 -1.750000e+01 3.437626e+01
      vertex   2.276980e+01 -1.950000e+01 3.444707e+01
    endloop
  endfacet
  facet normal 3.453642e-01 0.000000e+00 -9.384687e-01
    outer loop
      vertex   2.276980e+01 -1.950000e+01 3.444707e+01
      vertex   2.257739e+01 -1.750000e+01 3.437626e+01
      vertex   2.276980e+01 -1.750000e+01 3.444707e+01
    endloop
  endfacet
  facet normal 2.225267e-01 0.000000e+00 -9.749266e-01
    outer loop
      vertex   2.276980e+01 -1.950000e+01 3.444707e+01
      vertex   2.276980e+01 -1.750000e+01 3.444707e+01
      vertex   2.296969e+01 -1.950000e+01 3.449270e+01
    endloop
  endfacet
  facet normal 2.225267e-01 0.000000e+00 -9.749266e-01
    outer loop
      vertex   2.296969e+01 -1.950000e+01 3.449270e+01
      vertex   2.276980e+01 -1.750000e+01 3.444707e+01
      vertex   2.296969e+01 -1.750000e+01 3.449270e+01
    endloop
  endfacet
  facet normal 9.601907e-02 0.000000e+00 -9.953795e-01
    outer loop
      vertex   2.296969e+01 -1.950000e+01 3.449270e+01
      vertex   2.296969e+01 -1.750000e+01 3.449270e+01
      vertex   2.317376e+01 -1.950000e+01 3.451238e+01
    endloop
  endfacet
  facet normal 9.601907e-02 0.000000e+00 -9.953795e-01
    outer loop
      vertex   2.317376e+01 -1.950000e+01 3.451238e+01
      vertex   2.296969e+01 -1.750000e+01 3.449270e+01
      vertex   2.317376e+01 -1.750000e+01 3.451238e+01
    endloop
  endfacet
  facet normal -3.204906e-02 0.000000e+00 -9.994863e-01
    outer loop
      vertex   2.317376e+01 -1.950000e+01 3.451238e+01
      vertex   2.317376e+01 -1.750000e+01 3.451238e+01
      vertex   2.337868e+01 -1.950000e+01 3.450581e+01
    endloop
  endfacet
  facet normal -3.204906e-02 0.000000e+00 -9.994863e-01
    outer loop
      vertex   2.337868e+01 -1.950000e+01 3.450581e+01
      vertex   2.317376e+01 -1.750000e+01 3.451238e+01
      vertex   2.337868e+01 -1.750000e+01 3.450581e+01
    endloop
  endfacet
  facet normal -1.596035e-01 0.000000e+00 -9.871812e-01
    outer loop
      vertex   2.337868e+01 -1.950000e+01 3.450581e+01
      vertex   2.337868e+01 -1.750000e+01 3.450581e+01
      vertex   2.358108e+01 -1.950000e+01 3.447309e+01
    endloop
  endfacet
  facet normal -1.596035e-01 0.000000e+00 -9.871812e-01
    outer loop
      vertex   2.358108e+01 -1.950000e+01 3.447309e+01
      vertex   2.337868e+01 -1.750000e+01 3.450581e+01
      vertex   2.358108e+01 -1.750000e+01 3.447309e+01
    endloop
  endfacet
  facet normal -2.845226e-01 0.000000e+00 -9.586693e-01
    outer loop
      vertex   2.358108e+01 -1.950000e+01 3.447309e+01
      vertex   2.358108e+01 -1.750000e+01 3.447309e+01
      vertex   2.377763e+01 -1.950000e+01 3.441475e+01
    endloop
  endfacet
  facet normal -2.845226e-01 0.000000e+00 -9.586693e-01
    outer loop
      vertex   2.377763e+01 -1.950000e+01 3.441475e+01
      vertex   2.358108e+01 -1.750000e+01 3.447309e+01
      vertex   2.377763e+01 -1.750000e+01 3.441475e+01
    endloop
  endfacet
  facet normal -4.047785e-01 0.000000e+00 -9.144148e-01
    outer loop
      vertex   2.377763e+01 -1.950000e+01 3.441475e+01
      vertex   2.377763e+01 -1.750000e+01 3.441475e+01
      vertex   2.396511e+01 -1.950000e+01 3.433177e+01
    endloop
  endfacet
  facet normal -4.047785e-01 0.000000e+00 -9.144148e-01
    outer loop
      vertex   2.396511e+01 -1.950000e+01 3.433177e+01
      vertex   2.377763e+01 -1.750000e+01 3.441475e+01
      vertex   2.396511e+01 -1.750000e+01 3.433177e+01
    endloop
  endfacet
  facet normal -5.184048e-01 0.000000e+00 -8.551353e-01
    outer loop
      vertex   2.396511e+01 -1.950000e+01 3.433177e+01
      vertex   2.396511e+01 -1.750000e+01 3.433177e+01
      vertex   2.414043e+01 -1.950000e+01 3.422548e+01
    endloop
  endfacet
  facet normal -5.184048e-01 0.000000e+00 -8.551353e-01
    outer loop
      vertex   2.414043e+01 -1.950000e+01 3.422548e+01
      vertex   2.396511e+01 -1.750000e+01 3.433177e+01
      vertex   2.414043e+01 -1.750000e+01 3.422548e+01
    endloop
  endfacet
  facet normal -6.234860e-01 0.000000e+00 -7.818345e-01
    outer loop
      vertex   2.414043e+01 -1.950000e+01 3.422548e+01
      vertex   2.414043e+01 -1.750000e+01 3.422548e+01
      vertex   2.430073e+01 -1.950000e+01 3.409765e+01
    endloop
  endfacet
  facet normal -6.234860e-01 0.000000e+00 -7.818345e-01
    outer loop
      vertex   2.430073e+01 -1.950000e+01 3.409765e+01
      vertex   2.414043e+01 -1.750000e+01 3.422548e+01
      vertex   2.430073e+01 -1.750000e+01 3.409765e+01
    endloop
  endfacet
  facet normal -7.183426e-01 0.000000e+00 -6.956895e-01
    outer loop
      vertex   2.430073e+01 -1.950000e+01 3.409765e+01
      vertex   2.430073e+01 -1.750000e+01 3.409765e+01
      vertex   2.444336e+01 -1.950000e+01 3.395037e+01
    endloop
  endfacet
  facet normal -7.183426e-01 0.000000e+00 -6.956895e-01
    outer loop
      vertex   2.444336e+01 -1.950000e+01 3.395037e+01
      vertex   2.430073e+01 -1.750000e+01 3.409765e+01
      vertex   2.444336e+01 -1.750000e+01 3.395037e+01
    endloop
  endfacet
  facet normal -8.014141e-01 0.000000e+00 -5.981098e-01
    outer loop
      vertex   2.444336e+01 -1.950000e+01 3.395037e+01
      vertex   2.444336e+01 -1.750000e+01 3.395037e+01
      vertex   2.456599e+01 -1.950000e+01 3.378606e+01
    endloop
  endfacet
  facet normal -8.014141e-01 0.000000e+00 -5.981098e-01
    outer loop
      vertex   2.456599e+01 -1.950000e+01 3.378606e+01
      vertex   2.444336e+01 -1.750000e+01 3.395037e+01
      vertex   2.456599e+01 -1.750000e+01 3.378606e+01
    endloop
  endfacet
  facet normal -8.713170e-01 0.000000e+00 -4.907205e-01
    outer loop
      vertex   2.456599e+01 -1.950000e+01 3.378606e+01
      vertex   2.456599e+01 -1.750000e+01 3.378606e+01
      vertex   2.466660e+01 -1.950000e+01 3.360742e+01
    endloop
  endfacet
  facet normal -8.713170e-01 0.000000e+00 -4.907205e-01
    outer loop
      vertex   2.466660e+01 -1.950000e+01 3.360742e+01
      vertex   2.456599e+01 -1.750000e+01 3.378606e+01
      vertex   2.466660e+01 -1.750000e+01 3.360742e+01
    endloop
  endfacet
  facet normal -9.269192e-01 0.000000e+00 -3.752610e-01
    outer loop
      vertex   2.466660e+01 -1.950000e+01 3.360742e+01
      vertex   2.466660e+01 -1.750000e+01 3.360742e+01
      vertex   2.474354e+01 -1.950000e+01 3.341738e+01
    endloop
  endfacet
  facet normal -9.269192e-01 0.000000e+00 -3.752610e-01
    outer loop
      vertex   2.474354e+01 -1.950000e+01 3.341738e+01
      vertex   2.466660e+01 -1.750000e+01 3.360742e+01
      vertex   2.474354e+01 -1.750000e+01 3.341738e+01
    endloop
  endfacet
  facet normal -9.672938e-01 0.000000e+00 -2.536586e-01
    outer loop
      vertex   2.474354e+01 -1.950000e+01 3.341738e+01
      vertex   2.474354e+01 -1.750000e+01 3.341738e+01
      vertex   2.479554e+01 -1.950000e+01 3.321906e+01
    endloop
  endfacet
  facet normal -9.672938e-01 0.000000e+00 -2.536586e-01
    outer loop
      vertex   2.479554e+01 -1.950000e+01 3.321906e+01
      vertex   2.474354e+01 -1.750000e+01 3.341738e+01
      vertex   2.479554e+01 -1.750000e+01 3.321906e+01
    endloop
  endfacet
  facet normal -9.917895e-01 0.000000e+00 -1.278809e-01
    outer loop
      vertex   2.479554e+01 -1.950000e+01 3.321906e+01
      vertex   2.479554e+01 -1.750000e+01 3.321906e+01
      vertex   2.482176e+01 -1.950000e+01 3.301572e+01
    endloop
  endfacet
  facet normal -9.917895e-01 0.000000e+00 -1.278809e-01
    outer loop
      vertex   2.482176e+01 -1.950000e+01 3.301572e+01
      vertex   2.479554e+01 -1.750000e+01 3.321906e+01
      vertex   2.482176e+01 -1.750000e+01 3.301572e+01
    endloop
  endfacet
  facet normal -1.000000e+00 0.000000e+00 0.000000e+00
    outer loop
      vertex   2.482176e+01 -1.950000e+01 3.301572e+01
      vertex   2.482176e+01 -1.750000e+01 3.301572e+01
      vertex   2.482176e+01 -1.950000e+01 3.281069e+01
    endloop
  endfacet
  facet normal -1.000000e+00 0.000000e+00 0.000000e+00
    outer loop
      vertex   2.482176e+01 -1.950000e+01 3.281069e+01
      vertex   2.482176e+01 -1.750000e+01 3.301572e+01
      vertex   2.482176e+01 -1.750000e+01 3.281069e+01
    endloop
  endfacet
  facet normal -9.917895e-01 0.000000e+00 1.278809e-01
    outer loop
      vertex   2.482176e+01 -1.950000e+01 3.281069e+01
      vertex   2.482176e+01 -1.750000e+01 3.281069e+01
      vertex   2.479554e+01 -1.950000e+01 3.260735e+01
    endloop
  endfacet
  facet normal -9.917895e-01 0.000000e+00 1.278809e-01
    outer loop
      vertex   2.479554e+01 -1.950000e+01 3.260735e+01
      vertex   2.482176e+01 -1.750000e+01 3.281069e+01
      vertex   2.479554e+01 -1.750000e+01 3.260735e+01
    endloop
  endfacet
  facet normal -9.672938e-01 0.000000e+00 2.536586e-01
    outer loop
      vertex   2.479554e+01 -1.950000e+01 3.260735e+01
      vertex   2.479554e+01 -1.750000e+01 3.260735e+01
      vertex   2.474354e+01 -1.950000e+01 3.240903e+01
    endloop
  endfacet
  facet normal -9.672938e-01 0.000000e+00 2.536586e-01
    outer loop
      vertex   2.474354e+01 -1.950000e+01 3.240903e+01
      vertex   2.479554e+01 -1.750000e+01 3.260735e+01
      vertex   2.474354e+01 -1.750000e+01 3.240903e+01
    endloop
  endfacet
  facet normal -9.269192e-01 0.000000e+00 3.752610e-01
    outer loop
      vertex   2.474354e+01 -1.950000e+01 3.240903e+01
      vertex   2.474354e+01 -1.750000e+01 3.240903e+01
      vertex   2.466660e+01 -1.950000e+01 3.221899e+01
    endloop
  endfacet
  facet normal -9.269192e-01 0.000000e+00 3.752610e-01
    outer loop
      vertex   2.466660e+01 -1.950000e+01 3.221899e+01
      vertex   2.474354e+01 -1.750000e+01 3.240903e+01
      vertex   2.466660e+01 -1.750000e+01 3.221899e+01
    endloop
  endfacet
  facet normal -8.713170e-01 0.000000e+00 4.907205e-01
    outer loop
      vertex   2.466660e+01 -1.950000e+01 3.221899e+01
      vertex   2.466660e+01 -1.750000e+01 3.221899e+01
      vertex   2.456599e+01 -1.950000e+01 3.204035e+01
    endloop
  endfacet
  facet normal -8.713170e-01 0.000000e+00 4.907205e-01
    outer loop
      vertex   2.456599e+01 -1.950000e+01 3.204035e+01
      vertex   2.466660e+01 -1.750000e+01 3.221899e+01
      vertex   2.456599e+01 -1.750000e+01 3.204035e+01
    endloop
  endfacet
  facet normal -8.014141e-01 0.000000e+00 5.981098e-01
    outer loop
      vertex   2.456599e+01 -1.950000e+01 3.204035e+01
      vertex   2.456599e+01 -1.750000e+01 3.204035e+01
      vertex   2.444336e+01 -1.950000e+01 3.187604e+01
    endloop
  endfacet
  facet normal -8.014141e-01 0.000000e+00 5.981098e-01
    outer loop
      vertex   2.444336e+01 -1.950000e+01 3.187604e+01
      vertex   2.456599e+01 -1.750000e+01 3.204035e+01
      vertex   2.444336e+01 -1.750000e+01 3.187604e+01
    endloop
  endfacet
  facet normal -7.183483e-01 0.000000e+00 6.956837e-01
    outer loop
      vertex   2.444336e+01 -1.950000e+01 3.187604e+01
      vertex   2.444336e+01 -1.750000e+01 3.187604e+01
      vertex   2.430073e+01 -1.950000e+01 3.172876e+01
    endloop
  endfacet
  facet normal -7.183483e-01 0.000000e+00 6.956837e-01
    outer loop
      vertex   2.430073e+01 -1.950000e+01 3.172876e+01
      vertex   2.444336e+01 -1.750000e+01 3.187604e+01
      vertex   2.430073e+01 -1.750000e+01 3.172876e+01
    endloop
  endfacet
  facet normal -6.234860e-01 0.000000e+00 7.818345e-01
    outer loop
      vertex   2.430073e+01 -1.950000e+01 3.172876e+01
      vertex   2.430073e+01 -1.750000e+01 3.172876e+01
      vertex   2.414043e+01 -1.950000e+01 3.160093e+01
    endloop
  endfacet
  facet normal -6.234860e-01 0.000000e+00 7.818345e-01
    outer loop
      vertex   2.414043e+01 -1.950000e+01 3.160093e+01
      vertex   2.430073e+01 -1.750000e+01 3.172876e+01
      vertex   2.414043e+01 -1.750000e+01 3.160093e+01
    endloop
  endfacet
  facet normal -5.183963e-01 0.000000e+00 8.551405e-01
    outer loop
      vertex   2.414043e+01 -1.950000e+01 3.160093e+01
      vertex   2.414043e+01 -1.750000e+01 3.160093e+01
      vertex   2.396511e+01 -1.950000e+01 3.149464e+01
    endloop
  endfacet
  facet normal -5.183963e-01 0.000000e+00 8.551405e-01
    outer loop
      vertex   2.396511e+01 -1.950000e+01 3.149464e+01
      vertex   2.414043e+01 -1.750000e+01 3.160093e+01
      vertex   2.396511e+01 -1.750000e+01 3.149464e+01
    endloop
  endfacet
  facet normal -4.047785e-01 0.000000e+00 9.144148e-01
    outer loop
      vertex   2.396511e+01 -1.950000e+01 3.149464e+01
      vertex   2.396511e+01 -1.750000e+01 3.149464e+01
      vertex   2.377763e+01 -1.950000e+01 3.141165e+01
    endloop
  endfacet
  facet normal -4.047785e-01 0.000000e+00 9.144148e-01
    outer loop
      vertex   2.377763e+01 -1.950000e+01 3.141165e+01
      vertex   2.396511e+01 -1.750000e+01 3.149464e+01
      vertex   2.377763e+01 -1.750000e+01 3.141165e+01
    endloop
  endfacet
  facet normal -2.845333e-01 0.000000e+00 9.586661e-01
    outer loop
      vertex   2.377763e+01 -1.950000e+01 3.141165e+01
      vertex   2.377763e+01 -1.750000e+01 3.141165e+01
      vertex   2.358108e+01 -1.950000e+01 3.135332e+01
    endloop
  endfacet
  facet normal -2.845333e-01 0.000000e+00 9.586661e-01
    outer loop
      vertex   2.358108e+01 -1.950000e+01 3.135332e+01
      vertex   2.377763e+01 -1.750000e+01 3.141165e+01
      vertex   2.358108e+01 -1.750000e+01 3.135332e+01
    endloop
  endfacet
  facet normal -1.596035e-01 0.000000e+00 9.871812e-01
    outer loop
      vertex   2.358108e+01 -1.950000e+01 3.135332e+01
      vertex   2.358108e+01 -1.750000e+01 3.135332e+01
      vertex   2.337868e+01 -1.950000e+01 3.132060e+01
    endloop
  endfacet
  facet normal -1.596035e-01 0.000000e+00 9.871812e-01
    outer loop
      vertex   2.337868e+01 -1.950000e+01 3.132060e+01
      vertex   2.358108e+01 -1.750000e+01 3.135332e+01
      vertex   2.337868e+01 -1.750000e+01 3.132060e+01
    endloop
  endfacet
  facet normal -3.204906e-02 0.000000e+00 9.994863e-01
    outer loop
      vertex   2.337868e+01 -1.950000e+01 3.132060e+01
      vertex   2.337868e+01 -1.750000e+01 3.132060e+01
      vertex   2.317376e+01 -1.950000e+01 3.131402e+01
    endloop
  endfacet
  facet normal -3.204906e-02 0.000000e+00 9.994863e-01
    outer loop
      vertex   2.317376e+01 -1.950000e+01 3.131402e+01
      vertex   2.337868e+01 -1.750000e+01 3.132060e+01
      vertex   2.317376e+01 -1.750000e+01 3.131402e+01
    endloop
  endfacet
  facet normal 9.603059e-02 -0.000000e+00 9.953784e-01
    outer loop
      vertex   2.317376e+01 -1.950000e+01 3.131402e+01
      vertex   2.317376e+01 -1.750000e+01 3.131402e+01
      vertex   2.296969e+01 -1.950000e+01 3.133371e+01
    endloop
  endfacet
  facet normal 9.603059e-02 -0.000000e+00 9.953784e-01
    outer loop
      vertex   2.296969e+01 -1.950000e+01 3.133371e+01
      vertex   2.317376e+01 -1.750000e+01 3.131402e+01
      vertex   2.296969e+01 -1.750000e+01 3.133371e+01
    endloop
  endfacet
  facet normal 2.225157e-01 -0.000000e+00 9.749291e-01
    outer loop
      vertex   2.296969e+01 -1.950000e+01 3.133371e+01
      vertex   2.296969e+01 -1.750000e+01 3.133371e+01
      vertex   2.276980e+01 -1.950000e+01 3.137933e+01
    endloop
  endfacet
  facet normal 2.225157e-01 -0.000000e+00 9.749291e-01
    outer loop
      vertex   2.276980e+01 -1.950000e+01 3.137933e+01
      vertex   2.296969e+01 -1.750000e+01 3.133371e+01
      vertex   2.276980e+01 -1.750000e+01 3.137933e+01
    endloop
  endfacet
  facet normal 3.453642e-01 -0.000000e+00 9.384687e-01
    outer loop
      vertex   2.276980e+01 -1.950000e+01 3.137933e+01
      vertex   2.276980e+01 -1.750000e+01 3.137933e+01
      vertex   2.257739e+01 -1.950000e+01 3.145014e+01
    endloop
  endfacet
  facet normal 3.453642e-01 -0.000000e+00 9.384687e-01
    outer loop
      vertex   2.257739e+01 -1.950000e+01 3.145014e+01
      vertex   2.276980e+01 -1.750000e+01 3.137933e+01
      vertex   2.257739e+01 -1.750000e+01 3.145014e+01
    endloop
  endfacet
  facet normal 4.625438e-01 -0.000000e+00 8.865965e-01
    outer loop
      vertex   2.257739e+01 -1.950000e+01 3.145014e+01
      vertex   2.257739e+01 -1.750000e+01 3.145014e+01
      vertex   2.239562e+01 -1.950000e+01 3.154498e+01
    endloop
  endfacet
  facet normal 4.625438e-01 -0.000000e+00 8.865965e-01
    outer loop
      vertex   2.239562e+01 -1.950000e+01 3.154498e+01
      vertex   2.257739e+01 -1.750000e+01 3.145014e+01
      vertex   2.239562e+01 -1.750000e+01 3.154498e+01
    endloop
  endfacet
  facet normal 5.721168e-01 -0.000000e+00 8.201721e-01
    outer loop
      vertex   2.239562e+01 -1.950000e+01 3.154498e+01
      vertex   2.239562e+01 -1.750000e+01 3.154498e+01
      vertex   2.222746e+01 -1.950000e+01 3.166227e+01
    endloop
  endfacet
  facet normal 5.721168e-01 -0.000000e+00 8.201721e-01
    outer loop
      vertex   2.222746e+01 -1.950000e+01 3.166227e+01
      vertex   2.239562e+01 -1.750000e+01 3.154498e+01
      vertex   2.222746e+01 -1.750000e+01 3.166227e+01
    endloop
  endfacet
  facet normal 6.722988e-01 -0.000000e+00 7.402799e-01
    outer loop
      vertex   2.222746e+01 -1.950000e+01 3.166227e+01
      vertex   2.222746e+01 -1.750000e+01 3.166227e+01
      vertex   2.207569e+01 -1.950000e+01 3.180011e+01
    endloop
  endfacet
  facet normal 6.722988e-01 -0.000000e+00 7.402799e-01
    outer loop
      vertex   2.207569e+01 -1.950000e+01 3.180011e+01
      vertex   2.222746e+01 -1.750000e+01 3.166227e+01
      vertex   2.207569e+01 -1.750000e+01 3.180011e+01
    endloop
  endfacet
  facet normal 7.614464e-01 -0.000000e+00 6.482278e-01
    outer loop
      vertex   2.207569e+01 -1.950000e+01 3.180011e+01
      vertex   2.207569e+01 -1.750000e+01 3.180011e+01
      vertex   2.194278e+01 -1.950000e+01 3.195623e+01
    endloop
  endfacet
  facet normal 7.614464e-01 -0.000000e+00 6.482278e-01
    outer loop
      vertex   2.194278e+01 -1.950000e+01 3.195623e+01
      vertex   2.207569e+01 -1.750000e+01 3.180011e+01
      vertex   2.194278e+01 -1.750000e+01 3.195623e+01
    endloop
  endfacet
  facet normal 8.380848e-01 -0.000000e+00 5.455400e-01
    outer loop
      vertex   2.194278e+01 -1.950000e+01 3.195623e+01
      vertex   2.194278e+01 -1.750000e+01 3.195623e+01
      vertex   2.183094e+01 -1.950000e+01 3.212806e+01
    endloop
  endfacet
  facet normal 8.380848e-01 -0.000000e+00 5.455400e-01
    outer loop
      vertex   2.183094e+01 -1.950000e+01 3.212806e+01
      vertex   2.194278e+01 -1.750000e+01 3.195623e+01
      vertex   2.183094e+01 -1.750000e+01 3.212806e+01
    endloop
  endfacet
  facet normal 9.009730e-01 -0.000000e+00 4.338751e-01
    outer loop
      vertex   2.183094e+01 -1.950000e+01 3.212806e+01
      vertex   2.183094e+01 -1.750000e+01 3.212806e+01
      vertex   2.174198e+01 -1.950000e+01 3.231278e+01
    endloop
  endfacet
  facet normal 9.009730e-01 -0.000000e+00 4.338751e-01
    outer loop
      vertex   2.174198e+01 -1.950000e+01 3.231278e+01
      vertex   2.183094e+01 -1.750000e+01 3.212806e+01
      vertex   2.174198e+01 -1.750000e+01 3.231278e+01
    endloop
  endfacet
  facet normal 9.490548e-01 -0.000000e+00 3.151112e-01
    outer loop
      vertex   2.174198e+01 -1.950000e+01 3.231278e+01
      vertex   2.174198e+01 -1.750000e+01 3.231278e+01
      vertex   2.167737e+01 -1.950000e+01 3.250736e+01
    endloop
  endfacet
  facet normal 9.490548e-01 -0.000000e+00 3.151112e-01
    outer loop
      vertex   2.167737e+01 -1.950000e+01 3.250736e+01
      vertex   2.174198e+01 -1.750000e+01 3.231278e+01
      vertex   2.167737e+01 -1.750000e+01 3.250736e+01
    endloop
  endfacet
  facet normal 9.815580e-01 -0.000000e+00 1.911647e-01
    outer loop
      vertex   2.167737e+01 -1.950000e+01 3.250736e+01
      vertex   2.167737e+01 -1.750000e+01 3.250736e+01
      vertex   2.163818e+01 -1.950000e+01 3.270860e+01
    endloop
  endfacet
  facet normal 9.815580e-01 -0.000000e+00 1.911647e-01
    outer loop
      vertex   2.163818e+01 -1.950000e+01 3.270860e+01
      vertex   2.167737e+01 -1.750000e+01 3.250736e+01
      vertex   2.163818e+01 -1.750000e+01 3.270860e+01
    endloop
  endfacet
  facet normal -1.000000e+00 0.000000e+00 0.000000e+00
    outer loop
      vertex   1.772505e+01 -2.250000e+01 3.241320e+01
      vertex   1.772505e+01 -2.250000e+01 5.591321e+01
      vertex   1.772505e+01 -1.750000e+01 3.241320e+01
    endloop
  endfacet
  facet normal -1.000000e+00 0.000000e+00 0.000000e+00
    outer loop
      vertex   1.772505e+01 -1.750000e+01 3.241320e+01
      vertex   1.772505e+01 -2.250000e+01 5.591321e+01
      vertex   1.772505e+01 -1.750000e+01 5.591321e+01
    endloop
  endfacet
  facet normal -1.000000e+00 0.000000e+00 0.000000e+00
    outer loop
      vertex   -1.846377e+01 -2.250000e+01 1.100000e+01
      vertex   -1.846377e+01 -2.250000e+01 1.829598e+01
      vertex   -1.846377e+01 -1.750000e+01 1.100000e+01
    endloop
  endfacet
  facet normal -1.000000e+00 0.000000e+00 0.000000e+00
    outer loop
      vertex   -1.846377e+01 -1.750000e+01 1.100000e+01
      vertex   -1.846377e+01 -2.250000e+01 1.829598e+01
      vertex   -1.846377e+01 -1.750000e+01 1.829598e+01
    endloop
  endfacet
  facet normal 0.000000e+00 -1.000000e+00 0.000000e+00
    outer loop
      vertex   -1.845618e+01 -2.250000e+01 1.091318e+01
      vertex   -1.843362e+01 -2.250000e+01 1.082899e+01
      vertex   -1.846377e+01 -2.250000e+01 1.100000e+01
    endloop
  endfacet
  facet normal 0.000000e+00 -1.000000e+00 0.000000e+00
    outer loop
      vertex   -1.846377e+01 -2.250000e+01 1.100000e+01
      vertex   -1.843362e+01 -2.250000e+01 1.082899e+01
      vertex   -1.839679e+01 -2.250000e+01 1.075000e+01
    endloop
  endfacet
  facet normal 0.000000e+00 -1.000000e+00 0.000000e+00
    outer loop
      vertex   -1.846377e+01 -2.250000e+01 1.100000e+01
      vertex   -1.839679e+01 -2.250000e+01 1.075000e+01
      vertex   -1.834680e+01 -2.250000e+01 1.067861e+01
    endloop
  endfacet
  facet normal 0.000000e+00 -1.000000e+00 0.000000e+00
    outer loop
      vertex   -1.834680e+01 -2.250000e+01 1.067861e+01
      vertex   -1.828517e+01 -2.250000e+01 1.061698e+01
      vertex   -1.846377e+01 -2.250000e+01 1.100000e+01
    endloop
  endfacet
  facet normal 0.000000e+00 -1.000000e+00 0.000000e+00
    outer loop
      vertex   -1.846377e+01 -2.250000e+01 1.100000e+01
      vertex   -1.828517e+01 -2.250000e+01 1.061698e+01
      vertex   -1.821377e+01 -2.250000e+01 1.056699e+01
    endloop
  endfacet
  facet normal 0.000000e+00 -1.000000e+00 0.000000e+00
    outer loop
      vertex   -1.846377e+01 -2.250000e+01 1.100000e+01
      vertex   -1.821377e+01 -2.250000e+01 1.056699e+01
      vertex   -1.813478e+01 -2.250000e+01 1.053015e+01
    endloop
  endfacet
  facet normal 0.000000e+00 -1.000000e+00 0.000000e+00
    outer loop
      vertex   -1.813478e+01 -2.250000e+01 1.053015e+01
      vertex   -1.805060e+01 -2.250000e+01 1.050760e+01
      vertex   -1.846377e+01 -2.250000e+01 1.100000e+01
    endloop
  endfacet
  facet normal 0.000000e+00 -1.000000e+00 0.000000e+00
    outer loop
      vertex   -1.846377e+01 -2.250000e+01 1.100000e+01
      vertex   -1.805060e+01 -2.250000e+01 1.050760e+01
      vertex   -1.796377e+01 -2.250000e+01 1.050000e+01
    endloop
  endfacet
  facet normal 0.000000e+00 -1.000000e+00 0.000000e+00
    outer loop
      vertex   -1.846377e+01 -2.250000e+01 1.100000e+01
      vertex   -1.796377e+01 -2.250000e+01 1.050000e+01
      vertex   -1.579865e+01 -2.250000e+01 1.303015e+01
    endloop
  endfacet
  facet normal 0.000000e+00 -1.000000e+00 -0.000000e+00
    outer loop
      vertex   -1.579865e+01 -2.250000e+01 1.303015e+01
      vertex   -1.796377e+01 -2.250000e+01 1.050000e+01
      vertex   -1.566657e+01 -2.250000e+01 1.287050e+01
    endloop
  endfacet
  facet normal 0.000000e+00 -1.000000e+00 -0.000000e+00
    outer loop
      vertex   -1.566657e+01 -2.250000e+01 1.287050e+01
      vertex   -1.796377e+01 -2.250000e+01 1.050000e+01
      vertex   -1.551552e+01 -2.250000e+01 1.272865e+01
    endloop
  endfacet
  facet normal 0.000000e+00 -1.000000e+00 -0.000000e+00
    outer loop
      vertex   -1.551552e+01 -2.250000e+01 1.272865e+01
      vertex   -1.796377e+01 -2.250000e+01 1.050000e+01
      vertex   -1.534789e+01 -2.250000e+01 1.260686e+01
    endloop
  endfacet
  facet normal 0.000000e+00 -1.000000e+00 -0.000000e+00
    outer loop
      vertex   -1.534789e+01 -2.250000e+01 1.260686e+01
      vertex   -1.796377e+01 -2.250000e+01 1.050000e+01
      vertex   -1.516631e+01 -2.250000e+01 1.250704e+01
    endloop
  endfacet
  facet normal 0.000000e+00 -1.000000e+00 -0.000000e+00
    outer loop
      vertex   -1.516631e+01 -2.250000e+01 1.250704e+01
      vertex   -1.796377e+01 -2.250000e+01 1.050000e+01
      vertex   -1.497365e+01 -2.250000e+01 1.243076e+01
    endloop
  endfacet
  facet normal 0.000000e+00 -1.000000e+00 -0.000000e+00
    outer loop
      vertex   -1.497365e+01 -2.250000e+01 1.243076e+01
      vertex   -1.796377e+01 -2.250000e+01 1.050000e+01
      vertex   -1.477295e+01 -2.250000e+01 1.237923e+01
    endloop
  endfacet
  facet normal 0.000000e+00 -1.000000e+00 -0.000000e+00
    outer loop
      vertex   -1.477295e+01 -2.250000e+01 1.237923e+01
      vertex   -1.796377e+01 -2.250000e+01 1.050000e+01
      vertex   -1.456738e+01 -2.250000e+01 1.235326e+01
    endloop
  endfacet
  facet normal 0.000000e+00 -1.000000e+00 -0.000000e+00
    outer loop
      vertex   -1.456738e+01 -2.250000e+01 1.235326e+01
      vertex   -1.796377e+01 -2.250000e+01 1.050000e+01
      vertex   -1.436017e+01 -2.250000e+01 1.235326e+01
    endloop
  endfacet
  facet normal 0.000000e+00 -1.000000e+00 -0.000000e+00
    outer loop
      vertex   -1.436017e+01 -2.250000e+01 1.235326e+01
      vertex   -1.796377e+01 -2.250000e+01 1.050000e+01
      vertex   -1.083815e+01 -2.250000e+01 1.050000e+01
    endloop
  endfacet
  facet normal 0.000000e+00 -1.000000e+00 0.000000e+00
    outer loop
      vertex   -1.436017e+01 -2.250000e+01 1.235326e+01
      vertex   -1.083815e+01 -2.250000e+01 1.050000e+01
      vertex   -1.415459e+01 -2.250000e+01 1.237923e+01
    endloop
  endfacet
  facet normal 0.000000e+00 -1.000000e+00 0.000000e+00
    outer loop
      vertex   -1.415459e+01 -2.250000e+01 1.237923e+01
      vertex   -1.083815e+01 -2.250000e+01 1.050000e+01
      vertex   -1.395390e+01 -2.250000e+01 1.243076e+01
    endloop
  endfacet
  facet normal 0.000000e+00 -1.000000e+00 0.000000e+00
    outer loop
      vertex   -1.395390e+01 -2.250000e+01 1.243076e+01
      vertex   -1.083815e+01 -2.250000e+01 1.050000e+01
      vertex   -1.376124e+01 -2.250000e+01 1.250704e+01
    endloop
  endfacet
  facet normal 0.000000e+00 -1.000000e+00 0.000000e+00
    outer loop
      vertex   -1.376124e+01 -2.250000e+01 1.250704e+01
      vertex   -1.083815e+01 -2.250000e+01 1.050000e+01
      vertex   -1.357966e+01 -2.250000e+01 1.260686e+01
    endloop
  endfacet
  facet normal 0.000000e+00 -1.000000e+00 0.000000e+00
    outer loop
      vertex   -1.357966e+01 -2.250000e+01 1.260686e+01
      vertex   -1.083815e+01 -2.250000e+01 1.050000e+01
      vertex   -1.341202e+01 -2.250000e+01 1.272865e+01
    endloop
  endfacet
  facet normal 0.000000e+00 -1.000000e+00 0.000000e+00
    outer loop
      vertex   -1.341202e+01 -2.250000e+01 1.272865e+01
      vertex   -1.083815e+01 -2.250000e+01 1.050000e+01
      vertex   -1.326097e+01 -2.250000e+01 1.287050e+01
    endloop
  endfacet
  facet normal 0.000000e+00 -1.000000e+00 0.000000e+00
    outer loop
      vertex   -1.326097e+01 -2.250000e+01 1.287050e+01
      vertex   -1.083815e+01 -2.250000e+01 1.050000e+01
      vertex   -1.312889e+01 -2.250000e+01 1.303015e+01
    endloop
  endfacet
  facet normal 0.000000e+00 -1.000000e+00 0.000000e+00
    outer loop
      vertex   -1.312889e+01 -2.250000e+01 1.303015e+01
      vertex   -1.083815e+01 -2.250000e+01 1.050000e+01
      vertex   -1.033815e+01 -2.250000e+01 1.100000e+01
    endloop
  endfacet
  facet normal 0.000000e+00 -1.000000e+00 0.000000e+00
    outer loop
      vertex   -1.312889e+01 -2.250000e+01 1.303015e+01
      vertex   -1.033815e+01 -2.250000e+01 1.100000e+01
      vertex   -1.301787e+01 -2.250000e+01 1.320511e+01
    endloop
  endfacet
  facet normal 0.000000e+00 -1.000000e+00 0.000000e+00
    outer loop
      vertex   -1.301787e+01 -2.250000e+01 1.320511e+01
      vertex   -1.033815e+01 -2.250000e+01 1.100000e+01
      vertex   -1.292964e+01 -2.250000e+01 1.339259e+01
    endloop
  endfacet
  facet normal 0.000000e+00 -1.000000e+00 0.000000e+00
    outer loop
      vertex   -1.292964e+01 -2.250000e+01 1.339259e+01
      vertex   -1.033815e+01 -2.250000e+01 1.100000e+01
      vertex   -1.286561e+01 -2.250000e+01 1.358966e+01
    endloop
  endfacet
  facet normal 0.000000e+00 -1.000000e+00 0.000000e+00
    outer loop
      vertex   -1.286561e+01 -2.250000e+01 1.358966e+01
      vertex   -1.033815e+01 -2.250000e+01 1.100000e+01
      vertex   -1.282678e+01 -2.250000e+01 1.379320e+01
    endloop
  endfacet
  facet normal 0.000000e+00 -1.000000e+00 0.000000e+00
    outer loop
      vertex   -1.282678e+01 -2.250000e+01 1.379320e+01
      vertex   -1.033815e+01 -2.250000e+01 1.100000e+01
      vertex   -1.281377e+01 -2.250000e+01 1.400000e+01
    endloop
  endfacet
  facet normal 0.000000e+00 -1.000000e+00 0.000000e+00
    outer loop
      vertex   -1.281377e+01 -2.250000e+01 1.400000e+01
      vertex   -1.033815e+01 -2.250000e+01 1.100000e+01
      vertex   -1.282678e+01 -2.250000e+01 1.420680e+01
    endloop
  endfacet
  facet normal 0.000000e+00 -1.000000e+00 0.000000e+00
    outer loop
      vertex   -1.282678e+01 -2.250000e+01 1.420680e+01
      vertex   -1.033815e+01 -2.250000e+01 1.100000e+01
      vertex   -1.286561e+01 -2.250000e+01 1.441034e+01
    endloop
  endfacet
  facet normal 0.000000e+00 -1.000000e+00 0.000000e+00
    outer loop
      vertex   -1.286561e+01 -2.250000e+01 1.441034e+01
      vertex   -1.033815e+01 -2.250000e+01 1.100000e+01
      vertex   -1.033815e+01 -2.250000e+01 2.091321e+01
    endloop
  endfacet
  facet normal 0.000000e+00 -1.000000e+00 0.000000e+00
    outer loop
      vertex   -1.286561e+01 -2.250000e+01 1.441034e+01
      vertex   -1.033815e+01 -2.250000e+01 2.091321e+01
      vertex   -1.292964e+01 -2.250000e+01 1.460741e+01
    endloop
  endfacet
  facet normal 0.000000e+00 -1.000000e+00 0.000000e+00
    outer loop
      vertex   -1.292964e+01 -2.250000e+01 1.460741e+01
      vertex   -1.033815e+01 -2.250000e+01 2.091321e+01
      vertex   -1.301787e+01 -2.250000e+01 1.479489e+01
    endloop
  endfacet
  facet normal 0.000000e+00 -1.000000e+00 0.000000e+00
    outer loop
      vertex   -1.301787e+01 -2.250000e+01 1.479489e+01
      vertex   -1.033815e+01 -2.250000e+01 2.091321e+01
      vertex   -1.312889e+01 -2.250000e+01 1.496985e+01
    endloop
  endfacet
  facet normal 0.000000e+00 -1.000000e+00 0.000000e+00
    outer loop
      vertex   -1.312889e+01 -2.250000e+01 1.496985e+01
      vertex   -1.033815e+01 -2.250000e+01 2.091321e+01
      vertex   -1.326097e+01 -2.250000e+01 1.512950e+01
    endloop
  endfacet
  facet normal 0.000000e+00 -1.000000e+00 0.000000e+00
    outer loop
      vertex   -1.326097e+01 -2.250000e+01 1.512950e+01
      vertex   -1.033815e+01 -2.250000e+01 2.091321e+01
      vertex   -1.341202e+01 -2.250000e+01 1.527135e+01
    endloop
  endfacet
  facet normal 0.000000e+00 -1.000000e+00 0.000000e+00
    outer loop
      vertex   -1.341202e+01 -2.250000e+01 1.527135e+01
      vertex   -1.033815e+01 -2.250000e+01 2.091321e+01
      vertex   -1.357966e+01 -2.250000e+01 1.539314e+01
    endloop
  endfacet
  facet normal 0.000000e+00 -1.000000e+00 0.000000e+00
    outer loop
      vertex   -1.357966e+01 -2.250000e+01 1.539314e+01
      vertex   -1.033815e+01 -2.250000e+01 2.091321e+01
      vertex   -1.376124e+01 -2.250000e+01 1.549296e+01
    endloop
  endfacet
  facet normal 0.000000e+00 -1.000000e+00 0.000000e+00
    outer loop
      vertex   -1.376124e+01 -2.250000e+01 1.549296e+01
      vertex   -1.033815e+01 -2.250000e+01 2.091321e+01
      vertex   -1.395390e+01 -2.250000e+01 1.556924e+01
    endloop
  endfacet
  facet normal 0.000000e+00 -1.000000e+00 0.000000e+00
    outer loop
      vertex   -1.395390e+01 -2.250000e+01 1.556924e+01
      vertex   -1.033815e+01 -2.250000e+01 2.091321e+01
      vertex   -1.415459e+01 -2.250000e+01 1.562077e+01
    endloop
  endfacet
  facet normal 0.000000e+00 -1.000000e+00 0.000000e+00
    outer loop
      vertex   -1.415459e+01 -2.250000e+01 1.562077e+01
      vertex   -1.033815e+01 -2.250000e+01 2.091321e+01
      vertex   -1.436017e+01 -2.250000e+01 1.564674e+01
    endloop
  endfacet
  facet normal 0.000000e+00 -1.000000e+00 0.000000e+00
    outer loop
      vertex   -1.436017e+01 -2.250000e+01 1.564674e+01
      vertex   -1.033815e+01 -2.250000e+01 2.091321e+01
      vertex   -1.842258e+01 -2.250000e+01 1.869982e+01
    endloop
  endfacet
  facet normal 0.000000e+00 -1.000000e+00 0.000000e+00
    outer loop
      vertex   -1.436017e+01 -2.250000e+01 1.564674e+01
      vertex   -1.842258e+01 -2.250000e+01 1.869982e+01
      vertex   -1.456738e+01 -2.250000e+01 1.564674e+01
    endloop
  endfacet
  facet normal -0.000000e+00 -1.000000e+00 0.000000e+00
    outer loop
      vertex   -1.456738e+01 -2.250000e+01 1.564674e+01
      vertex   -1.842258e+01 -2.250000e+01 1.869982e+01
      vertex   -1.477295e+01 -2.250000e+01 1.562077e+01
    endloop
  endfacet
  facet normal -0.000000e+00 -1.000000e+00 0.000000e+00
    outer loop
      vertex   -1.477295e+01 -2.250000e+01 1.562077e+01
      vertex   -1.842258e+01 -2.250000e+01 1.869982e+01
      vertex   -1.497365e+01 -2.250000e+01 1.556924e+01
    endloop
  endfacet
  facet normal 0.000000e+00 -1.000000e+00 0.000000e+00
    outer loop
      vertex   -1.497365e+01 -2.250000e+01 1.556924e+01
      vertex   -1.842258e+01 -2.250000e+01 1.869982e+01
      vertex   -1.846377e+01 -2.250000e+01 1.829598e+01
    endloop
  endfacet
  facet normal -0.000000e+00 -1.000000e+00 0.000000e+00
    outer loop
      vertex   -1.497365e+01 -2.250000e+01 1.556924e+01
      vertex   -1.846377e+01 -2.250000e+01 1.829598e+01
      vertex   -1.516631e+01 -2.250000e+01 1.549296e+01
    endloop
  endfacet
  facet normal -0.000000e+00 -1.000000e+00 0.000000e+00
    outer loop
      vertex   -1.516631e+01 -2.250000e+01 1.549296e+01
      vertex   -1.846377e+01 -2.250000e+01 1.829598e+01
      vertex   -1.534789e+01 -2.250000e+01 1.539314e+01
    endloop
  endfacet
  facet normal -0.000000e+00 -1.000000e+00 0.000000e+00
    outer loop
      vertex   -1.534789e+01 -2.250000e+01 1.539314e+01
      vertex   -1.846377e+01 -2.250000e+01 1.829598e+01
      vertex   -1.551552e+01 -2.250000e+01 1.527135e+01
    endloop
  endfacet
  facet normal -0.000000e+00 -1.000000e+00 0.000000e+00
    outer loop
      vertex   -1.551552e+01 -2.250000e+01 1.527135e+01
      vertex   -1.846377e+01 -2.250000e+01 1.829598e+01
      vertex   -1.566657e+01 -2.250000e+01 1.512950e+01
    endloop
  endfacet
  facet normal -0.000000e+00 -1.000000e+00 0.000000e+00
    outer loop
      vertex   -1.566657e+01 -2.250000e+01 1.512950e+01
      vertex   -1.846377e+01 -2.250000e+01 1.829598e+01
      vertex   -1.579865e+01 -2.250000e+01 1.496985e+01
    endloop
  endfacet
  facet normal -0.000000e+00 -1.000000e+00 0.000000e+00
    outer loop
      vertex   -1.579865e+01 -2.250000e+01 1.496985e+01
      vertex   -1.846377e+01 -2.250000e+01 1.829598e+01
      vertex   -1.590968e+01 -2.250000e+01 1.479489e+01
    endloop
  endfacet
  facet normal -0.000000e+00 -1.000000e+00 0.000000e+00
    outer loop
      vertex   -1.590968e+01 -2.250000e+01 1.479489e+01
      vertex   -1.846377e+01 -2.250000e+01 1.829598e+01
      vertex   -1.599790e+01 -2.250000e+01 1.460741e+01
    endloop
  endfacet
  facet normal -0.000000e+00 -1.000000e+00 0.000000e+00
    outer loop
      vertex   -1.599790e+01 -2.250000e+01 1.460741e+01
      vertex   -1.846377e+01 -2.250000e+01 1.829598e+01
      vertex   -1.606194e+01 -2.250000e+01 1.441034e+01
    endloop
  endfacet
  facet normal -0.000000e+00 -1.000000e+00 0.000000e+00
    outer loop
      vertex   -1.606194e+01 -2.250000e+01 1.441034e+01
      vertex   -1.846377e+01 -2.250000e+01 1.829598e+01
      vertex   -1.610076e+01 -2.250000e+01 1.420680e+01
    endloop
  endfacet
  facet normal -0.000000e+00 -1.000000e+00 0.000000e+00
    outer loop
      vertex   -1.610076e+01 -2.250000e+01 1.420680e+01
      vertex   -1.846377e+01 -2.250000e+01 1.829598e+01
      vertex   -1.846377e+01 -2.250000e+01 1.100000e+01
    endloop
  endfacet
  facet normal 0.000000e+00 -1.000000e+00 0.000000e+00
    outer loop
      vertex   -1.610076e+01 -2.250000e+01 1.420680e+01
      vertex   -1.846377e+01 -2.250000e+01 1.100000e+01
      vertex   -1.611377e+01 -2.250000e+01 1.400000e+01
    endloop
  endfacet
  facet normal 0.000000e+00 -1.000000e+00 -0.000000e+00
    outer loop
      vertex   -1.611377e+01 -2.250000e+01 1.400000e+01
      vertex   -1.846377e+01 -2.250000e+01 1.100000e+01
      vertex   -1.610076e+01 -2.250000e+01 1.379320e+01
    endloop
  endfacet
  facet normal 0.000000e+00 -1.000000e+00 -0.000000e+00
    outer loop
      vertex   -1.610076e+01 -2.250000e+01 1.379320e+01
      vertex   -1.846377e+01 -2.250000e+01 1.100000e+01
      vertex   -1.606194e+01 -2.250000e+01 1.358966e+01
    endloop
  endfacet
  facet normal 0.000000e+00 -1.000000e+00 -0.000000e+00
    outer loop
      vertex   -1.606194e+01 -2.250000e+01 1.358966e+01
      vertex   -1.846377e+01 -2.250000e+01 1.100000e+01
      vertex   -1.599790e+01 -2.250000e+01 1.339259e+01
    endloop
  endfacet
  facet normal 0.000000e+00 -1.000000e+00 -0.000000e+00
    outer loop
      vertex   -1.599790e+01 -2.250000e+01 1.339259e+01
      vertex   -1.846377e+01 -2.250000e+01 1.100000e+01
      vertex   -1.590968e+01 -2.250000e+01 1.320511e+01
    endloop
  endfacet
  facet normal 0.000000e+00 -1.000000e+00 -0.000000e+00
    outer loop
      vertex   -1.590968e+01 -2.250000e+01 1.320511e+01
      vertex   -1.846377e+01 -2.250000e+01 1.100000e+01
      vertex   -1.579865e+01 -2.250000e+01 1.303015e+01
    endloop
  endfacet
  facet normal 0.000000e+00 -1.000000e+00 0.000000e+00
    outer loop
      vertex   -1.083815e+01 -2.250000e+01 1.050000e+01
      vertex   -1.075133e+01 -2.250000e+01 1.050760e+01
      vertex   -1.033815e+01 -2.250000e+01 1.100000e+01
    endloop
  endfacet
  facet normal 0.000000e+00 -1.000000e+00 0.000000e+00
    outer loop
      vertex   -1.033815e+01 -2.250000e+01 1.100000e+01
      vertex   -1.075133e+01 -2.250000e+01 1.050760e+01
      vertex   -1.066714e+01 -2.250000e+01 1.053015e+01
    endloop
  endfacet
  facet normal 0.000000e+00 -1.000000e+00 0.000000e+00
    outer loop
      vertex   -1.033815e+01 -2.250000e+01 1.100000e+01
      vertex   -1.066714e+01 -2.250000e+01 1.053015e+01
      vertex   -1.058815e+01 -2.250000e+01 1.056699e+01
    endloop
  endfacet
  facet normal 0.000000e+00 -1.000000e+00 0.000000e+00
    outer loop
      vertex   -1.058815e+01 -2.250000e+01 1.056699e+01
      vertex   -1.051676e+01 -2.250000e+01 1.061698e+01
      vertex   -1.033815e+01 -2.250000e+01 1.100000e+01
    endloop
  endfacet
  facet normal 0.000000e+00 -1.000000e+00 0.000000e+00
    outer loop
      vertex   -1.033815e+01 -2.250000e+01 1.100000e+01
      vertex   -1.051676e+01 -2.250000e+01 1.061698e+01
      vertex   -1.045513e+01 -2.250000e+01 1.067861e+01
    endloop
  endfacet
  facet normal 0.000000e+00 -1.000000e+00 0.000000e+00
    outer loop
      vertex   -1.033815e+01 -2.250000e+01 1.100000e+01
      vertex   -1.045513e+01 -2.250000e+01 1.067861e+01
      vertex   -1.040514e+01 -2.250000e+01 1.075000e+01
    endloop
  endfacet
  facet normal 0.000000e+00 -1.000000e+00 0.000000e+00
    outer loop
      vertex   -1.040514e+01 -2.250000e+01 1.075000e+01
      vertex   -1.036831e+01 -2.250000e+01 1.082899e+01
      vertex   -1.033815e+01 -2.250000e+01 1.100000e+01
    endloop
  endfacet
  facet normal 0.000000e+00 -1.000000e+00 0.000000e+00
    outer loop
      vertex   -1.033815e+01 -2.250000e+01 1.100000e+01
      vertex   -1.036831e+01 -2.250000e+01 1.082899e+01
      vertex   -1.034575e+01 -2.250000e+01 1.091318e+01
    endloop
  endfacet
  facet normal -0.000000e+00 -1.000000e+00 0.000000e+00
    outer loop
      vertex   -1.033815e+01 -2.250000e+01 2.091321e+01
      vertex   -1.032558e+01 -2.250000e+01 2.113713e+01
      vertex   -1.842258e+01 -2.250000e+01 1.869982e+01
    endloop
  endfacet
  facet normal 0.000000e+00 -1.000000e+00 0.000000e+00
    outer loop
      vertex   -1.842258e+01 -2.250000e+01 1.869982e+01
      vertex   -1.032558e+01 -2.250000e+01 2.113713e+01
      vertex   -1.028801e+01 -2.250000e+01 2.135825e+01
    endloop
  endfacet
  facet normal 0.000000e+00 -1.000000e+00 0.000000e+00
    outer loop
      vertex   -1.842258e+01 -2.250000e+01 1.869982e+01
      vertex   -1.028801e+01 -2.250000e+01 2.135825e+01
      vertex   -1.022592e+01 -2.250000e+01 2.157376e+01
    endloop
  endfacet
  facet normal -0.000000e+00 -1.000000e+00 0.000000e+00
    outer loop
      vertex   -1.022592e+01 -2.250000e+01 2.157376e+01
      vertex   -1.014009e+01 -2.250000e+01 2.178097e+01
      vertex   -1.842258e+01 -2.250000e+01 1.869982e+01
    endloop
  endfacet
  facet normal 0.000000e+00 -1.000000e+00 0.000000e+00
    outer loop
      vertex   -1.842258e+01 -2.250000e+01 1.869982e+01
      vertex   -1.014009e+01 -2.250000e+01 2.178097e+01
      vertex   -1.003160e+01 -2.250000e+01 2.197727e+01
    endloop
  endfacet
  facet normal 0.000000e+00 -1.000000e+00 0.000000e+00
    outer loop
      vertex   -1.842258e+01 -2.250000e+01 1.869982e+01
      vertex   -1.003160e+01 -2.250000e+01 2.197727e+01
      vertex   -9.901814e+00 -2.250000e+01 2.216018e+01
    endloop
  endfacet
  facet normal -0.000000e+00 -1.000000e+00 0.000000e+00
    outer loop
      vertex   -9.901814e+00 -2.250000e+01 2.216018e+01
      vertex   -9.752365e+00 -2.250000e+01 2.232742e+01
      vertex   -1.842258e+01 -2.250000e+01 1.869982e+01
    endloop
  endfacet
  facet normal 0.000000e+00 -1.000000e+00 0.000000e+00
    outer loop
      vertex   -1.842258e+01 -2.250000e+01 1.869982e+01
      vertex   -9.752365e+00 -2.250000e+01 2.232742e+01
      vertex   -9.585131e+00 -2.250000e+01 2.247687e+01
    endloop
  endfacet
  facet normal 0.000000e+00 -1.000000e+00 0.000000e+00
    outer loop
      vertex   -1.842258e+01 -2.250000e+01 1.869982e+01
      vertex   -9.585131e+00 -2.250000e+01 2.247687e+01
      vertex   -1.066723e+01 -2.250000e+01 5.631704e+01
    endloop
  endfacet
  facet normal 0.000000e+00 -1.000000e+00 0.000000e+00
    outer loop
      vertex   -1.066723e+01 -2.250000e+01 5.631704e+01
      vertex   -9.585131e+00 -2.250000e+01 2.247687e+01
      vertex   -9.402216e+00 -2.250000e+01 2.260665e+01
    endloop
  endfacet
  facet normal 0.000000e+00 -1.000000e+00 0.000000e+00
    outer loop
      vertex   -1.066723e+01 -2.250000e+01 5.631704e+01
      vertex   -9.402216e+00 -2.250000e+01 2.260665e+01
      vertex   -6.349359e+00 -2.250000e+01 5.288691e+01
    endloop
  endfacet
  facet normal 0.000000e+00 -1.000000e+00 -0.000000e+00
    outer loop
      vertex   -6.349359e+00 -2.250000e+01 5.288691e+01
      vertex   -9.402216e+00 -2.250000e+01 2.260665e+01
      vertex   -6.197584e+00 -2.250000e+01 5.274907e+01
    endloop
  endfacet
  facet normal 0.000000e+00 -1.000000e+00 0.000000e+00
    outer loop
      vertex   -6.197584e+00 -2.250000e+01 5.274907e+01
      vertex   -9.402216e+00 -2.250000e+01 2.260665e+01
      vertex   -9.205920e+00 -2.250000e+01 2.271514e+01
    endloop
  endfacet
  facet normal 0.000000e+00 -1.000000e+00 -0.000000e+00
    outer loop
      vertex   -6.197584e+00 -2.250000e+01 5.274907e+01
      vertex   -9.205920e+00 -2.250000e+01 2.271514e+01
      vertex   -6.029428e+00 -2.250000e+01 5.263177e+01
    endloop
  endfacet
  facet normal 0.000000e+00 -1.000000e+00 0.000000e+00
    outer loop
      vertex   -6.029428e+00 -2.250000e+01 5.263177e+01
      vertex   -9.205920e+00 -2.250000e+01 2.271514e+01
      vertex   -8.998710e+00 -2.250000e+01 2.280097e+01
    endloop
  endfacet
  facet normal 0.000000e+00 -1.000000e+00 0.000000e+00
    outer loop
      vertex   -6.029428e+00 -2.250000e+01 5.263177e+01
      vertex   -8.998710e+00 -2.250000e+01 2.280097e+01
      vertex   -8.783194e+00 -2.250000e+01 2.286306e+01
    endloop
  endfacet
  facet normal 0.000000e+00 -1.000000e+00 -0.000000e+00
    outer loop
      vertex   -6.029428e+00 -2.250000e+01 5.263177e+01
      vertex   -8.783194e+00 -2.250000e+01 2.286306e+01
      vertex   -5.847653e+00 -2.250000e+01 5.253694e+01
    endloop
  endfacet
  facet normal 0.000000e+00 -1.000000e+00 0.000000e+00
    outer loop
      vertex   -5.847653e+00 -2.250000e+01 5.253694e+01
      vertex   -8.783194e+00 -2.250000e+01 2.286306e+01
      vertex   -8.562080e+00 -2.250000e+01 2.290063e+01
    endloop
  endfacet
  facet normal 0.000000e+00 -1.000000e+00 -0.000000e+00
    outer loop
      vertex   -5.847653e+00 -2.250000e+01 5.253694e+01
      vertex   -8.562080e+00 -2.250000e+01 2.290063e+01
      vertex   -5.655245e+00 -2.250000e+01 5.246614e+01
    endloop
  endfacet
  facet normal 0.000000e+00 -1.000000e+00 0.000000e+00
    outer loop
      vertex   -5.655245e+00 -2.250000e+01 5.246614e+01
      vertex   -8.562080e+00 -2.250000e+01 2.290063e+01
      vertex   -8.338152e+00 -2.250000e+01 2.291320e+01
    endloop
  endfacet
  facet normal 0.000000e+00 -1.000000e+00 -0.000000e+00
    outer loop
      vertex   -5.655245e+00 -2.250000e+01 5.246614e+01
      vertex   -8.338152e+00 -2.250000e+01 2.291320e+01
      vertex   -5.455360e+00 -2.250000e+01 5.242051e+01
    endloop
  endfacet
  facet normal 0.000000e+00 -1.000000e+00 -0.000000e+00
    outer loop
      vertex   -5.455360e+00 -2.250000e+01 5.242051e+01
      vertex   -8.338152e+00 -2.250000e+01 2.291320e+01
      vertex   5.423491e+00 -2.250000e+01 3.205106e+01
    endloop
  endfacet
  facet normal 0.000000e+00 -1.000000e+00 0.000000e+00
    outer loop
      vertex   -5.455360e+00 -2.250000e+01 5.242051e+01
      vertex   5.423491e+00 -2.250000e+01 3.205106e+01
      vertex   -5.251282e+00 -2.250000e+01 5.240082e+01
    endloop
  endfacet
  facet normal 0.000000e+00 -1.000000e+00 0.000000e+00
    outer loop
      vertex   -5.251282e+00 -2.250000e+01 5.240082e+01
      vertex   5.423491e+00 -2.250000e+01 3.205106e+01
      vertex   -5.046363e+00 -2.250000e+01 5.240739e+01
    endloop
  endfacet
  facet normal 0.000000e+00 -1.000000e+00 0.000000e+00
    outer loop
      vertex   -5.046363e+00 -2.250000e+01 5.240739e+01
      vertex   5.423491e+00 -2.250000e+01 3.205106e+01
      vertex   -4.843966e+00 -2.250000e+01 5.244012e+01
    endloop
  endfacet
  facet normal 0.000000e+00 -1.000000e+00 0.000000e+00
    outer loop
      vertex   -4.843966e+00 -2.250000e+01 5.244012e+01
      vertex   5.423491e+00 -2.250000e+01 3.205106e+01
      vertex   -4.647416e+00 -2.250000e+01 5.249845e+01
    endloop
  endfacet
  facet normal 0.000000e+00 -1.000000e+00 0.000000e+00
    outer loop
      vertex   -4.647416e+00 -2.250000e+01 5.249845e+01
      vertex   5.423491e+00 -2.250000e+01 3.205106e+01
      vertex   -4.459938e+00 -2.250000e+01 5.258144e+01
    endloop
  endfacet
  facet normal 0.000000e+00 -1.000000e+00 0.000000e+00
    outer loop
      vertex   -4.459938e+00 -2.250000e+01 5.258144e+01
      vertex   5.423491e+00 -2.250000e+01 3.205106e+01
      vertex   -4.284613e+00 -2.250000e+01 5.268773e+01
    endloop
  endfacet
  facet normal 0.000000e+00 -1.000000e+00 0.000000e+00
    outer loop
      vertex   -4.284613e+00 -2.250000e+01 5.268773e+01
      vertex   5.423491e+00 -2.250000e+01 3.205106e+01
      vertex   -4.124319e+00 -2.250000e+01 5.281556e+01
    endloop
  endfacet
  facet normal 0.000000e+00 -1.000000e+00 0.000000e+00
    outer loop
      vertex   -4.124319e+00 -2.250000e+01 5.281556e+01
      vertex   5.423491e+00 -2.250000e+01 3.205106e+01
      vertex   -3.981686e+00 -2.250000e+01 5.296283e+01
    endloop
  endfacet
  facet normal 0.000000e+00 -1.000000e+00 0.000000e+00
    outer loop
      vertex   -3.981686e+00 -2.250000e+01 5.296283e+01
      vertex   5.423491e+00 -2.250000e+01 3.205106e+01
      vertex   9.634040e-01 -2.250000e+01 5.627535e+01
    endloop
  endfacet
  facet normal 0.000000e+00 -1.000000e+00 0.000000e+00
    outer loop
      vertex   -3.981686e+00 -2.250000e+01 5.296283e+01
      vertex   9.634040e-01 -2.250000e+01 5.627535e+01
      vertex   -3.859059e+00 -2.250000e+01 5.312715e+01
    endloop
  endfacet
  facet normal 0.000000e+00 -1.000000e+00 0.000000e+00
    outer loop
      vertex   -3.859059e+00 -2.250000e+01 5.312715e+01
      vertex   9.634040e-01 -2.250000e+01 5.627535e+01
      vertex   -3.758450e+00 -2.250000e+01 5.330579e+01
    endloop
  endfacet
  facet normal 0.000000e+00 -1.000000e+00 0.000000e+00
    outer loop
      vertex   -3.758450e+00 -2.250000e+01 5.330579e+01
      vertex   9.634040e-01 -2.250000e+01 5.627535e+01
      vertex   -3.681511e+00 -2.250000e+01 5.349583e+01
    endloop
  endfacet
  facet normal 0.000000e+00 -1.000000e+00 0.000000e+00
    outer loop
      vertex   -3.681511e+00 -2.250000e+01 5.349583e+01
      vertex   9.634040e-01 -2.250000e+01 5.627535e+01
      vertex   -3.629505e+00 -2.250000e+01 5.369414e+01
    endloop
  endfacet
  facet normal 0.000000e+00 -1.000000e+00 0.000000e+00
    outer loop
      vertex   -3.629505e+00 -2.250000e+01 5.369414e+01
      vertex   9.634040e-01 -2.250000e+01 5.627535e+01
      vertex   -3.603287e+00 -2.250000e+01 5.389749e+01
    endloop
  endfacet
  facet normal 0.000000e+00 -1.000000e+00 0.000000e+00
    outer loop
      vertex   -3.603287e+00 -2.250000e+01 5.389749e+01
      vertex   9.634040e-01 -2.250000e+01 5.627535e+01
      vertex   -3.603287e+00 -2.250000e+01 5.410251e+01
    endloop
  endfacet
  facet normal 0.000000e+00 -1.000000e+00 0.000000e+00
    outer loop
      vertex   -3.603287e+00 -2.250000e+01 5.410251e+01
      vertex   9.634040e-01 -2.250000e+01 5.627535e+01
      vertex   -3.629505e+00 -2.250000e+01 5.430585e+01
    endloop
  endfacet
  facet normal 0.000000e+00 -1.000000e+00 0.000000e+00
    outer loop
      vertex   -3.629505e+00 -2.250000e+01 5.430585e+01
      vertex   9.634040e-01 -2.250000e+01 5.627535e+01
      vertex   -3.681511e+00 -2.250000e+01 5.450418e+01
    endloop
  endfacet
  facet normal 0.000000e+00 -1.000000e+00 0.000000e+00
    outer loop
      vertex   -3.681511e+00 -2.250000e+01 5.450418e+01
      vertex   9.634040e-01 -2.250000e+01 5.627535e+01
      vertex   -1.003535e+00 -2.250000e+01 5.791320e+01
    endloop
  endfacet
  facet normal 0.000000e+00 -1.000000e+00 0.000000e+00
    outer loop
      vertex   -3.681511e+00 -2.250000e+01 5.450418e+01
      vertex   -1.003535e+00 -2.250000e+01 5.791320e+01
      vertex   -3.758450e+00 -2.250000e+01 5.469421e+01
    endloop
  endfacet
  facet normal 0.000000e+00 -1.000000e+00 0.000000e+00
    outer loop
      vertex   -3.758450e+00 -2.250000e+01 5.469421e+01
      vertex   -1.003535e+00 -2.250000e+01 5.791320e+01
      vertex   -3.859059e+00 -2.250000e+01 5.487286e+01
    endloop
  endfacet
  facet normal 0.000000e+00 -1.000000e+00 0.000000e+00
    outer loop
      vertex   -3.859059e+00 -2.250000e+01 5.487286e+01
      vertex   -1.003535e+00 -2.250000e+01 5.791320e+01
      vertex   -3.981686e+00 -2.250000e+01 5.503716e+01
    endloop
  endfacet
  facet normal 0.000000e+00 -1.000000e+00 0.000000e+00
    outer loop
      vertex   -3.981686e+00 -2.250000e+01 5.503716e+01
      vertex   -1.003535e+00 -2.250000e+01 5.791320e+01
      vertex   -4.124319e+00 -2.250000e+01 5.518445e+01
    endloop
  endfacet
  facet normal 0.000000e+00 -1.000000e+00 0.000000e+00
    outer loop
      vertex   -4.124319e+00 -2.250000e+01 5.518445e+01
      vertex   -1.003535e+00 -2.250000e+01 5.791320e+01
      vertex   -4.284613e+00 -2.250000e+01 5.531228e+01
    endloop
  endfacet
  facet normal 0.000000e+00 -1.000000e+00 0.000000e+00
    outer loop
      vertex   -4.284613e+00 -2.250000e+01 5.531228e+01
      vertex   -1.003535e+00 -2.250000e+01 5.791320e+01
      vertex   -4.459938e+00 -2.250000e+01 5.541856e+01
    endloop
  endfacet
  facet normal 0.000000e+00 -1.000000e+00 0.000000e+00
    outer loop
      vertex   -4.459938e+00 -2.250000e+01 5.541856e+01
      vertex   -1.003535e+00 -2.250000e+01 5.791320e+01
      vertex   -4.647416e+00 -2.250000e+01 5.550155e+01
    endloop
  endfacet
  facet normal 0.000000e+00 -1.000000e+00 0.000000e+00
    outer loop
      vertex   -4.647416e+00 -2.250000e+01 5.550155e+01
      vertex   -1.003535e+00 -2.250000e+01 5.791320e+01
      vertex   -4.843966e+00 -2.250000e+01 5.555988e+01
    endloop
  endfacet
  facet normal 0.000000e+00 -1.000000e+00 0.000000e+00
    outer loop
      vertex   -4.843966e+00 -2.250000e+01 5.555988e+01
      vertex   -1.003535e+00 -2.250000e+01 5.791320e+01
      vertex   -5.046363e+00 -2.250000e+01 5.559260e+01
    endloop
  endfacet
  facet normal 0.000000e+00 -1.000000e+00 0.000000e+00
    outer loop
      vertex   -5.046363e+00 -2.250000e+01 5.559260e+01
      vertex   -1.003535e+00 -2.250000e+01 5.791320e+01
      vertex   -8.708420e+00 -2.250000e+01 5.791320e+01
    endloop
  endfacet
  facet normal 0.000000e+00 -1.000000e+00 0.000000e+00
    outer loop
      vertex   -5.046363e+00 -2.250000e+01 5.559260e+01
      vertex   -8.708420e+00 -2.250000e+01 5.791320e+01
      vertex   -5.251282e+00 -2.250000e+01 5.559918e+01
    endloop
  endfacet
  facet normal -0.000000e+00 -1.000000e+00 0.000000e+00
    outer loop
      vertex   -5.251282e+00 -2.250000e+01 5.559918e+01
      vertex   -8.708420e+00 -2.250000e+01 5.791320e+01
      vertex   -5.455360e+00 -2.250000e+01 5.557949e+01
    endloop
  endfacet
  facet normal -0.000000e+00 -1.000000e+00 0.000000e+00
    outer loop
      vertex   -5.455360e+00 -2.250000e+01 5.557949e+01
      vertex   -8.708420e+00 -2.250000e+01 5.791320e+01
      vertex   -5.655245e+00 -2.250000e+01 5.553387e+01
    endloop
  endfacet
  facet normal -0.000000e+00 -1.000000e+00 0.000000e+00
    outer loop
      vertex   -5.655245e+00 -2.250000e+01 5.553387e+01
      vertex   -8.708420e+00 -2.250000e+01 5.791320e+01
      vertex   -5.847653e+00 -2.250000e+01 5.546306e+01
    endloop
  endfacet
  facet normal -0.000000e+00 -1.000000e+00 0.000000e+00
    outer loop
      vertex   -5.847653e+00 -2.250000e+01 5.546306e+01
      vertex   -8.708420e+00 -2.250000e+01 5.791320e+01
      vertex   -6.029428e+00 -2.250000e+01 5.536823e+01
    endloop
  endfacet
  facet normal -0.000000e+00 -1.000000e+00 0.000000e+00
    outer loop
      vertex   -6.029428e+00 -2.250000e+01 5.536823e+01
      vertex   -8.708420e+00 -2.250000e+01 5.791320e+01
      vertex   -6.197584e+00 -2.250000e+01 5.525093e+01
    endloop
  endfacet
  facet normal -0.000000e+00 -1.000000e+00 0.000000e+00
    outer loop
      vertex   -6.197584e+00 -2.250000e+01 5.525093e+01
      vertex   -8.708420e+00 -2.250000e+01 5.791320e+01
      vertex   -6.349359e+00 -2.250000e+01 5.511309e+01
    endloop
  endfacet
  facet normal -0.000000e+00 -1.000000e+00 0.000000e+00
    outer loop
      vertex   -6.349359e+00 -2.250000e+01 5.511309e+01
      vertex   -8.708420e+00 -2.250000e+01 5.791320e+01
      vertex   -6.482261e+00 -2.250000e+01 5.495698e+01
    endloop
  endfacet
  facet normal -0.000000e+00 -1.000000e+00 0.000000e+00
    outer loop
      vertex   -6.482261e+00 -2.250000e+01 5.495698e+01
      vertex   -8.708420e+00 -2.250000e+01 5.791320e+01
      vertex   -6.594110e+00 -2.250000e+01 5.478515e+01
    endloop
  endfacet
  facet normal 0.000000e+00 -1.000000e+00 0.000000e+00
    outer loop
      vertex   -6.594110e+00 -2.250000e+01 5.478515e+01
      vertex   -8.708420e+00 -2.250000e+01 5.791320e+01
      vertex   -1.066723e+01 -2.250000e+01 5.631704e+01
    endloop
  endfacet
  facet normal -0.000000e+00 -1.000000e+00 0.000000e+00
    outer loop
      vertex   -6.594110e+00 -2.250000e+01 5.478515e+01
      vertex   -1.066723e+01 -2.250000e+01 5.631704e+01
      vertex   -6.683067e+00 -2.250000e+01 5.460042e+01
    endloop
  endfacet
  facet normal -0.000000e+00 -1.000000e+00 0.000000e+00
    outer loop
      vertex   -6.683067e+00 -2.250000e+01 5.460042e+01
      vertex   -1.066723e+01 -2.250000e+01 5.631704e+01
      vertex   -6.747671e+00 -2.250000e+01 5.440585e+01
    endloop
  endfacet
  facet normal -0.000000e+00 -1.000000e+00 0.000000e+00
    outer loop
      vertex   -6.747671e+00 -2.250000e+01 5.440585e+01
      vertex   -1.066723e+01 -2.250000e+01 5.631704e+01
      vertex   -6.786864e+00 -2.250000e+01 5.420461e+01
    endloop
  endfacet
  facet normal -0.000000e+00 -1.000000e+00 0.000000e+00
    outer loop
      vertex   -6.786864e+00 -2.250000e+01 5.420461e+01
      vertex   -1.066723e+01 -2.250000e+01 5.631704e+01
      vertex   -6.800000e+00 -2.250000e+01 5.400000e+01
    endloop
  endfacet
  facet normal -0.000000e+00 -1.000000e+00 -0.000000e+00
    outer loop
      vertex   -6.800000e+00 -2.250000e+01 5.400000e+01
      vertex   -1.066723e+01 -2.250000e+01 5.631704e+01
      vertex   -6.786864e+00 -2.250000e+01 5.379539e+01
    endloop
  endfacet
  facet normal -0.000000e+00 -1.000000e+00 -0.000000e+00
    outer loop
      vertex   -6.786864e+00 -2.250000e+01 5.379539e+01
      vertex   -1.066723e+01 -2.250000e+01 5.631704e+01
      vertex   -6.747671e+00 -2.250000e+01 5.359416e+01
    endloop
  endfacet
  facet normal -0.000000e+00 -1.000000e+00 -0.000000e+00
    outer loop
      vertex   -6.747671e+00 -2.250000e+01 5.359416e+01
      vertex   -1.066723e+01 -2.250000e+01 5.631704e+01
      vertex   -6.683067e+00 -2.250000e+01 5.339957e+01
    endloop
  endfacet
  facet normal -0.000000e+00 -1.000000e+00 -0.000000e+00
    outer loop
      vertex   -6.683067e+00 -2.250000e+01 5.339957e+01
      vertex   -1.066723e+01 -2.250000e+01 5.631704e+01
      vertex   -6.594110e+00 -2.250000e+01 5.321485e+01
    endloop
  endfacet
  facet normal -0.000000e+00 -1.000000e+00 -0.000000e+00
    outer loop
      vertex   -6.594110e+00 -2.250000e+01 5.321485e+01
      vertex   -1.066723e+01 -2.250000e+01 5.631704e+01
      vertex   -6.482261e+00 -2.250000e+01 5.304302e+01
    endloop
  endfacet
  facet normal -0.000000e+00 -1.000000e+00 -0.000000e+00
    outer loop
      vertex   -6.482261e+00 -2.250000e+01 5.304302e+01
      vertex   -1.066723e+01 -2.250000e+01 5.631704e+01
      vertex   -6.349359e+00 -2.250000e+01 5.288691e+01
    endloop
  endfacet
  facet normal 0.000000e+00 -1.000000e+00 0.000000e+00
    outer loop
      vertex   2.572505e+01 -2.250000e+01 2.291320e+01
      vertex   7.390431e+00 -2.250000e+01 3.041320e+01
      vertex   -8.338152e+00 -2.250000e+01 2.291320e+01
    endloop
  endfacet
  facet normal 0.000000e+00 -1.000000e+00 0.000000e+00
    outer loop
      vertex   -8.338152e+00 -2.250000e+01 2.291320e+01
      vertex   7.390431e+00 -2.250000e+01 3.041320e+01
      vertex   7.177187e+00 -2.250000e+01 3.042460e+01
    endloop
  endfacet
  facet normal 0.000000e+00 -1.000000e+00 0.000000e+00
    outer loop
      vertex   -8.338152e+00 -2.250000e+01 2.291320e+01
      vertex   7.177187e+00 -2.250000e+01 3.042460e+01
      vertex   6.966375e+00 -2.250000e+01 3.045868e+01
    endloop
  endfacet
  facet normal -0.000000e+00 -1.000000e+00 0.000000e+00
    outer loop
      vertex   2.594898e+01 -2.250000e+01 2.292578e+01
      vertex   2.772505e+01 -2.250000e+01 2.491320e+01
      vertex   2.572505e+01 -2.250000e+01 2.291320e+01
    endloop
  endfacet
  facet normal 0.000000e+00 -1.000000e+00 0.000000e+00
    outer loop
      vertex   2.572505e+01 -2.250000e+01 2.291320e+01
      vertex   2.772505e+01 -2.250000e+01 2.491320e+01
      vertex   2.376154e+01 -2.250000e+01 3.021605e+01
    endloop
  endfacet
  facet normal 0.000000e+00 -1.000000e+00 0.000000e+00
    outer loop
      vertex   2.572505e+01 -2.250000e+01 2.291320e+01
      vertex   2.376154e+01 -2.250000e+01 3.021605e+01
      vertex   2.349459e+01 -2.250000e+01 3.017645e+01
    endloop
  endfacet
  facet normal 0.000000e+00 -1.000000e+00 0.000000e+00
    outer loop
      vertex   2.594898e+01 -2.250000e+01 2.292578e+01
      vertex   2.617009e+01 -2.250000e+01 2.296335e+01
      vertex   2.772505e+01 -2.250000e+01 2.491320e+01
    endloop
  endfacet
  facet normal 0.000000e+00 -1.000000e+00 0.000000e+00
    outer loop
      vertex   2.772505e+01 -2.250000e+01 2.491320e+01
      vertex   2.617009e+01 -2.250000e+01 2.296335e+01
      vertex   2.638561e+01 -2.250000e+01 2.302544e+01
    endloop
  endfacet
  facet normal 0.000000e+00 -1.000000e+00 0.000000e+00
    outer loop
      vertex   2.772505e+01 -2.250000e+01 2.491320e+01
      vertex   2.638561e+01 -2.250000e+01 2.302544e+01
      vertex   2.659281e+01 -2.250000e+01 2.311127e+01
    endloop
  endfacet
  facet normal 0.000000e+00 -1.000000e+00 0.000000e+00
    outer loop
      vertex   2.659281e+01 -2.250000e+01 2.311127e+01
      vertex   2.678911e+01 -2.250000e+01 2.321975e+01
      vertex   2.772505e+01 -2.250000e+01 2.491320e+01
    endloop
  endfacet
  facet normal 0.000000e+00 -1.000000e+00 0.000000e+00
    outer loop
      vertex   2.772505e+01 -2.250000e+01 2.491320e+01
      vertex   2.678911e+01 -2.250000e+01 2.321975e+01
      vertex   2.697203e+01 -2.250000e+01 2.334954e+01
    endloop
  endfacet
  facet normal 0.000000e+00 -1.000000e+00 0.000000e+00
    outer loop
      vertex   2.772505e+01 -2.250000e+01 2.491320e+01
      vertex   2.697203e+01 -2.250000e+01 2.334954e+01
      vertex   2.713926e+01 -2.250000e+01 2.349899e+01
    endloop
  endfacet
  facet normal 0.000000e+00 -1.000000e+00 0.000000e+00
    outer loop
      vertex   2.713926e+01 -2.250000e+01 2.349899e+01
      vertex   2.728871e+01 -2.250000e+01 2.366622e+01
      vertex   2.772505e+01 -2.250000e+01 2.491320e+01
    endloop
  endfacet
  facet normal 0.000000e+00 -1.000000e+00 0.000000e+00
    outer loop
      vertex   2.772505e+01 -2.250000e+01 2.491320e+01
      vertex   2.728871e+01 -2.250000e+01 2.366622e+01
      vertex   2.741849e+01 -2.250000e+01 2.384914e+01
    endloop
  endfacet
  facet normal 0.000000e+00 -1.000000e+00 0.000000e+00
    outer loop
      vertex   2.772505e+01 -2.250000e+01 2.491320e+01
      vertex   2.741849e+01 -2.250000e+01 2.384914e+01
      vertex   2.752698e+01 -2.250000e+01 2.404544e+01
    endloop
  endfacet
  facet normal 0.000000e+00 -1.000000e+00 0.000000e+00
    outer loop
      vertex   2.752698e+01 -2.250000e+01 2.404544e+01
      vertex   2.761281e+01 -2.250000e+01 2.425265e+01
      vertex   2.772505e+01 -2.250000e+01 2.491320e+01
    endloop
  endfacet
  facet normal 0.000000e+00 -1.000000e+00 0.000000e+00
    outer loop
      vertex   2.772505e+01 -2.250000e+01 2.491320e+01
      vertex   2.761281e+01 -2.250000e+01 2.425265e+01
      vertex   2.767490e+01 -2.250000e+01 2.446816e+01
    endloop
  endfacet
  facet normal 0.000000e+00 -1.000000e+00 0.000000e+00
    outer loop
      vertex   2.772505e+01 -2.250000e+01 2.491320e+01
      vertex   2.767490e+01 -2.250000e+01 2.446816e+01
      vertex   2.771247e+01 -2.250000e+01 2.468928e+01
    endloop
  endfacet
  facet normal 0.000000e+00 -1.000000e+00 -0.000000e+00
    outer loop
      vertex   2.772505e+01 -2.250000e+01 5.591321e+01
      vertex   2.596180e+01 -2.250000e+01 4.764366e+01
      vertex   2.772505e+01 -2.250000e+01 2.491320e+01
    endloop
  endfacet
  facet normal 0.000000e+00 -1.000000e+00 0.000000e+00
    outer loop
      vertex   2.772505e+01 -2.250000e+01 2.491320e+01
      vertex   2.596180e+01 -2.250000e+01 4.764366e+01
      vertex   2.596180e+01 -2.250000e+01 3.318275e+01
    endloop
  endfacet
  facet normal 0.000000e+00 -1.000000e+00 0.000000e+00
    outer loop
      vertex   2.772505e+01 -2.250000e+01 2.491320e+01
      vertex   2.596180e+01 -2.250000e+01 3.318275e+01
      vertex   2.597505e+01 -2.250000e+01 3.291320e+01
    endloop
  endfacet
  facet normal -0.000000e+00 -1.000000e+00 -0.000000e+00
    outer loop
      vertex   2.771247e+01 -2.250000e+01 5.613713e+01
      vertex   2.767490e+01 -2.250000e+01 5.635825e+01
      vertex   2.772505e+01 -2.250000e+01 5.591321e+01
    endloop
  endfacet
  facet normal 0.000000e+00 -1.000000e+00 0.000000e+00
    outer loop
      vertex   2.772505e+01 -2.250000e+01 5.591321e+01
      vertex   2.767490e+01 -2.250000e+01 5.635825e+01
      vertex   2.761281e+01 -2.250000e+01 5.657376e+01
    endloop
  endfacet
  facet normal 0.000000e+00 -1.000000e+00 0.000000e+00
    outer loop
      vertex   2.772505e+01 -2.250000e+01 5.591321e+01
      vertex   2.761281e+01 -2.250000e+01 5.657376e+01
      vertex   2.752698e+01 -2.250000e+01 5.678097e+01
    endloop
  endfacet
  facet normal -0.000000e+00 -1.000000e+00 -0.000000e+00
    outer loop
      vertex   2.752698e+01 -2.250000e+01 5.678097e+01
      vertex   2.741849e+01 -2.250000e+01 5.697727e+01
      vertex   2.772505e+01 -2.250000e+01 5.591321e+01
    endloop
  endfacet
  facet normal 0.000000e+00 -1.000000e+00 0.000000e+00
    outer loop
      vertex   2.772505e+01 -2.250000e+01 5.591321e+01
      vertex   2.741849e+01 -2.250000e+01 5.697727e+01
      vertex   2.728871e+01 -2.250000e+01 5.716018e+01
    endloop
  endfacet
  facet normal 0.000000e+00 -1.000000e+00 0.000000e+00
    outer loop
      vertex   2.772505e+01 -2.250000e+01 5.591321e+01
      vertex   2.728871e+01 -2.250000e+01 5.716018e+01
      vertex   2.713926e+01 -2.250000e+01 5.732742e+01
    endloop
  endfacet
  facet normal -0.000000e+00 -1.000000e+00 -0.000000e+00
    outer loop
      vertex   2.713926e+01 -2.250000e+01 5.732742e+01
      vertex   2.697203e+01 -2.250000e+01 5.747687e+01
      vertex   2.772505e+01 -2.250000e+01 5.591321e+01
    endloop
  endfacet
  facet normal 0.000000e+00 -1.000000e+00 0.000000e+00
    outer loop
      vertex   2.772505e+01 -2.250000e+01 5.591321e+01
      vertex   2.697203e+01 -2.250000e+01 5.747687e+01
      vertex   2.678911e+01 -2.250000e+01 5.760665e+01
    endloop
  endfacet
  facet normal 0.000000e+00 -1.000000e+00 0.000000e+00
    outer loop
      vertex   2.772505e+01 -2.250000e+01 5.591321e+01
      vertex   2.678911e+01 -2.250000e+01 5.760665e+01
      vertex   2.659281e+01 -2.250000e+01 5.771514e+01
    endloop
  endfacet
  facet normal -0.000000e+00 -1.000000e+00 -0.000000e+00
    outer loop
      vertex   2.659281e+01 -2.250000e+01 5.771514e+01
      vertex   2.638561e+01 -2.250000e+01 5.780097e+01
      vertex   2.772505e+01 -2.250000e+01 5.591321e+01
    endloop
  endfacet
  facet normal 0.000000e+00 -1.000000e+00 0.000000e+00
    outer loop
      vertex   2.772505e+01 -2.250000e+01 5.591321e+01
      vertex   2.638561e+01 -2.250000e+01 5.780097e+01
      vertex   2.617009e+01 -2.250000e+01 5.786306e+01
    endloop
  endfacet
  facet normal 0.000000e+00 -1.000000e+00 0.000000e+00
    outer loop
      vertex   2.772505e+01 -2.250000e+01 5.591321e+01
      vertex   2.617009e+01 -2.250000e+01 5.786306e+01
      vertex   2.594898e+01 -2.250000e+01 5.790063e+01
    endloop
  endfacet
  facet normal -0.000000e+00 -1.000000e+00 -0.000000e+00
    outer loop
      vertex   2.594898e+01 -2.250000e+01 5.790063e+01
      vertex   2.572505e+01 -2.250000e+01 5.791320e+01
      vertex   2.772505e+01 -2.250000e+01 5.591321e+01
    endloop
  endfacet
  facet normal -0.000000e+00 -1.000000e+00 0.000000e+00
    outer loop
      vertex   2.772505e+01 -2.250000e+01 5.591321e+01
      vertex   2.572505e+01 -2.250000e+01 5.791320e+01
      vertex   2.376154e+01 -2.250000e+01 5.061036e+01
    endloop
  endfacet
  facet normal 0.000000e+00 -1.000000e+00 0.000000e+00
    outer loop
      vertex   2.772505e+01 -2.250000e+01 5.591321e+01
      vertex   2.376154e+01 -2.250000e+01 5.061036e+01
      vertex   2.402333e+01 -2.250000e+01 5.054479e+01
    endloop
  endfacet
  facet normal 0.000000e+00 -1.000000e+00 0.000000e+00
    outer loop
      vertex   1.972505e+01 -2.250000e+01 5.791320e+01
      vertex   2.295550e+01 -2.250000e+01 5.064996e+01
      vertex   2.572505e+01 -2.250000e+01 5.791320e+01
    endloop
  endfacet
  facet normal 0.000000e+00 -1.000000e+00 0.000000e+00
    outer loop
      vertex   2.572505e+01 -2.250000e+01 5.791320e+01
      vertex   2.295550e+01 -2.250000e+01 5.064996e+01
      vertex   2.322505e+01 -2.250000e+01 5.066320e+01
    endloop
  endfacet
  facet normal 0.000000e+00 -1.000000e+00 0.000000e+00
    outer loop
      vertex   2.572505e+01 -2.250000e+01 5.791320e+01
      vertex   2.322505e+01 -2.250000e+01 5.066320e+01
      vertex   2.349459e+01 -2.250000e+01 5.064996e+01
    endloop
  endfacet
  facet normal 0.000000e+00 -1.000000e+00 -0.000000e+00
    outer loop
      vertex   1.950112e+01 -2.250000e+01 5.790063e+01
      vertex   1.772505e+01 -2.250000e+01 5.591321e+01
      vertex   1.972505e+01 -2.250000e+01 5.791320e+01
    endloop
  endfacet
  facet normal 0.000000e+00 -1.000000e+00 -0.000000e+00
    outer loop
      vertex   1.972505e+01 -2.250000e+01 5.791320e+01
      vertex   1.772505e+01 -2.250000e+01 5.591321e+01
      vertex   2.242676e+01 -2.250000e+01 5.054479e+01
    endloop
  endfacet
  facet normal 0.000000e+00 -1.000000e+00 0.000000e+00
    outer loop
      vertex   1.972505e+01 -2.250000e+01 5.791320e+01
      vertex   2.242676e+01 -2.250000e+01 5.054479e+01
      vertex   2.268855e+01 -2.250000e+01 5.061036e+01
    endloop
  endfacet
  facet normal 0.000000e+00 -1.000000e+00 0.000000e+00
    outer loop
      vertex   1.950112e+01 -2.250000e+01 5.790063e+01
      vertex   1.928000e+01 -2.250000e+01 5.786306e+01
      vertex   1.772505e+01 -2.250000e+01 5.591321e+01
    endloop
  endfacet
  facet normal 0.000000e+00 -1.000000e+00 0.000000e+00
    outer loop
      vertex   1.772505e+01 -2.250000e+01 5.591321e+01
      vertex   1.928000e+01 -2.250000e+01 5.786306e+01
      vertex   1.906449e+01 -2.250000e+01 5.780097e+01
    endloop
  endfacet
  facet normal 0.000000e+00 -1.000000e+00 0.000000e+00
    outer loop
      vertex   1.772505e+01 -2.250000e+01 5.591321e+01
      vertex   1.906449e+01 -2.250000e+01 5.780097e+01
      vertex   1.885728e+01 -2.250000e+01 5.771514e+01
    endloop
  endfacet
  facet normal 0.000000e+00 -1.000000e+00 0.000000e+00
    outer loop
      vertex   1.885728e+01 -2.250000e+01 5.771514e+01
      vertex   1.866098e+01 -2.250000e+01 5.760665e+01
      vertex   1.772505e+01 -2.250000e+01 5.591321e+01
    endloop
  endfacet
  facet normal 0.000000e+00 -1.000000e+00 0.000000e+00
    outer loop
      vertex   1.772505e+01 -2.250000e+01 5.591321e+01
      vertex   1.866098e+01 -2.250000e+01 5.760665e+01
      vertex   1.847807e+01 -2.250000e+01 5.747687e+01
    endloop
  endfacet
  facet normal 0.000000e+00 -1.000000e+00 0.000000e+00
    outer loop
      vertex   1.772505e+01 -2.250000e+01 5.591321e+01
      vertex   1.847807e+01 -2.250000e+01 5.747687e+01
      vertex   1.831083e+01 -2.250000e+01 5.732742e+01
    endloop
  endfacet
  facet normal 0.000000e+00 -1.000000e+00 0.000000e+00
    outer loop
      vertex   1.831083e+01 -2.250000e+01 5.732742e+01
      vertex   1.816139e+01 -2.250000e+01 5.716018e+01
      vertex   1.772505e+01 -2.250000e+01 5.591321e+01
    endloop
  endfacet
  facet normal 0.000000e+00 -1.000000e+00 0.000000e+00
    outer loop
      vertex   1.772505e+01 -2.250000e+01 5.591321e+01
      vertex   1.816139e+01 -2.250000e+01 5.716018e+01
      vertex   1.803160e+01 -2.250000e+01 5.697727e+01
    endloop
  endfacet
  facet normal 0.000000e+00 -1.000000e+00 0.000000e+00
    outer loop
      vertex   1.772505e+01 -2.250000e+01 5.591321e+01
      vertex   1.803160e+01 -2.250000e+01 5.697727e+01
      vertex   1.792311e+01 -2.250000e+01 5.678097e+01
    endloop
  endfacet
  facet normal 0.000000e+00 -1.000000e+00 0.000000e+00
    outer loop
      vertex   1.792311e+01 -2.250000e+01 5.678097e+01
      vertex   1.783728e+01 -2.250000e+01 5.657376e+01
      vertex   1.772505e+01 -2.250000e+01 5.591321e+01
    endloop
  endfacet
  facet normal 0.000000e+00 -1.000000e+00 0.000000e+00
    outer loop
      vertex   1.772505e+01 -2.250000e+01 5.591321e+01
      vertex   1.783728e+01 -2.250000e+01 5.657376e+01
      vertex   1.777519e+01 -2.250000e+01 5.635825e+01
    endloop
  endfacet
  facet normal 0.000000e+00 -1.000000e+00 0.000000e+00
    outer loop
      vertex   1.772505e+01 -2.250000e+01 5.591321e+01
      vertex   1.777519e+01 -2.250000e+01 5.635825e+01
      vertex   1.773762e+01 -2.250000e+01 5.613713e+01
    endloop
  endfacet
  facet normal 0.000000e+00 -1.000000e+00 0.000000e+00
    outer loop
      vertex   1.772505e+01 -2.250000e+01 3.241320e+01
      vertex   2.048829e+01 -2.250000e+01 4.764366e+01
      vertex   1.772505e+01 -2.250000e+01 5.591321e+01
    endloop
  endfacet
  facet normal 0.000000e+00 -1.000000e+00 0.000000e+00
    outer loop
      vertex   1.772505e+01 -2.250000e+01 5.591321e+01
      vertex   2.048829e+01 -2.250000e+01 4.764366e+01
      vertex   2.047505e+01 -2.250000e+01 4.791320e+01
    endloop
  endfacet
  facet normal 0.000000e+00 -1.000000e+00 0.000000e+00
    outer loop
      vertex   1.772505e+01 -2.250000e+01 5.591321e+01
      vertex   2.047505e+01 -2.250000e+01 4.791320e+01
      vertex   2.048829e+01 -2.250000e+01 4.818275e+01
    endloop
  endfacet
  facet normal 0.000000e+00 -1.000000e+00 0.000000e+00
    outer loop
      vertex   1.771247e+01 -2.250000e+01 3.218927e+01
      vertex   2.052789e+01 -2.250000e+01 3.237670e+01
      vertex   1.772505e+01 -2.250000e+01 3.241320e+01
    endloop
  endfacet
  facet normal 0.000000e+00 -1.000000e+00 0.000000e+00
    outer loop
      vertex   1.772505e+01 -2.250000e+01 3.241320e+01
      vertex   2.052789e+01 -2.250000e+01 3.237670e+01
      vertex   2.048829e+01 -2.250000e+01 3.264366e+01
    endloop
  endfacet
  facet normal 0.000000e+00 -1.000000e+00 0.000000e+00
    outer loop
      vertex   1.772505e+01 -2.250000e+01 3.241320e+01
      vertex   2.048829e+01 -2.250000e+01 3.264366e+01
      vertex   2.047505e+01 -2.250000e+01 3.291320e+01
    endloop
  endfacet
  facet normal 0.000000e+00 -1.000000e+00 -0.000000e+00
    outer loop
      vertex   2.052789e+01 -2.250000e+01 3.237670e+01
      vertex   1.771247e+01 -2.250000e+01 3.218927e+01
      vertex   2.059346e+01 -2.250000e+01 3.211492e+01
    endloop
  endfacet
  facet normal -0.000000e+00 -1.000000e+00 0.000000e+00
    outer loop
      vertex   2.059346e+01 -2.250000e+01 3.211492e+01
      vertex   1.771247e+01 -2.250000e+01 3.218927e+01
      vertex   1.767490e+01 -2.250000e+01 3.196816e+01
    endloop
  endfacet
  facet normal 0.000000e+00 -1.000000e+00 -0.000000e+00
    outer loop
      vertex   2.059346e+01 -2.250000e+01 3.211492e+01
      vertex   1.767490e+01 -2.250000e+01 3.196816e+01
      vertex   2.068438e+01 -2.250000e+01 3.186082e+01
    endloop
  endfacet
  facet normal -0.000000e+00 -1.000000e+00 0.000000e+00
    outer loop
      vertex   2.068438e+01 -2.250000e+01 3.186082e+01
      vertex   1.767490e+01 -2.250000e+01 3.196816e+01
      vertex   1.761281e+01 -2.250000e+01 3.175265e+01
    endloop
  endfacet
  facet normal 0.000000e+00 -1.000000e+00 -0.000000e+00
    outer loop
      vertex   2.068438e+01 -2.250000e+01 3.186082e+01
      vertex   1.761281e+01 -2.250000e+01 3.175265e+01
      vertex   2.079976e+01 -2.250000e+01 3.161686e+01
    endloop
  endfacet
  facet normal -0.000000e+00 -1.000000e+00 0.000000e+00
    outer loop
      vertex   2.079976e+01 -2.250000e+01 3.161686e+01
      vertex   1.761281e+01 -2.250000e+01 3.175265e+01
      vertex   1.752699e+01 -2.250000e+01 3.154544e+01
    endloop
  endfacet
  facet normal 0.000000e+00 -1.000000e+00 0.000000e+00
    outer loop
      vertex   2.079976e+01 -2.250000e+01 3.161686e+01
      vertex   1.752699e+01 -2.250000e+01 3.154544e+01
      vertex   1.741850e+01 -2.250000e+01 3.134914e+01
    endloop
  endfacet
  facet normal 0.000000e+00 -1.000000e+00 -0.000000e+00
    outer loop
      vertex   2.079976e+01 -2.250000e+01 3.161686e+01
      vertex   1.741850e+01 -2.250000e+01 3.134914e+01
      vertex   2.093851e+01 -2.250000e+01 3.138539e+01
    endloop
  endfacet
  facet normal 0.000000e+00 -1.000000e+00 0.000000e+00
    outer loop
      vertex   2.093851e+01 -2.250000e+01 3.138539e+01
      vertex   1.741850e+01 -2.250000e+01 3.134914e+01
      vertex   1.728871e+01 -2.250000e+01 3.116622e+01
    endloop
  endfacet
  facet normal 0.000000e+00 -1.000000e+00 -0.000000e+00
    outer loop
      vertex   2.093851e+01 -2.250000e+01 3.138539e+01
      vertex   1.728871e+01 -2.250000e+01 3.116622e+01
      vertex   2.109927e+01 -2.250000e+01 3.116862e+01
    endloop
  endfacet
  facet normal 0.000000e+00 -1.000000e+00 0.000000e+00
    outer loop
      vertex   2.109927e+01 -2.250000e+01 3.116862e+01
      vertex   1.728871e+01 -2.250000e+01 3.116622e+01
      vertex   1.713926e+01 -2.250000e+01 3.099899e+01
    endloop
  endfacet
  facet normal 0.000000e+00 -1.000000e+00 -0.000000e+00
    outer loop
      vertex   2.109927e+01 -2.250000e+01 3.116862e+01
      vertex   1.713926e+01 -2.250000e+01 3.099899e+01
      vertex   2.128050e+01 -2.250000e+01 3.096866e+01
    endloop
  endfacet
  facet normal -0.000000e+00 -1.000000e+00 0.000000e+00
    outer loop
      vertex   2.128050e+01 -2.250000e+01 3.096866e+01
      vertex   1.713926e+01 -2.250000e+01 3.099899e+01
      vertex   1.697203e+01 -2.250000e+01 3.084954e+01
    endloop
  endfacet
  facet normal 0.000000e+00 -1.000000e+00 -0.000000e+00
    outer loop
      vertex   2.128050e+01 -2.250000e+01 3.096866e+01
      vertex   1.697203e+01 -2.250000e+01 3.084954e+01
      vertex   2.148046e+01 -2.250000e+01 3.078743e+01
    endloop
  endfacet
  facet normal -0.000000e+00 -1.000000e+00 0.000000e+00
    outer loop
      vertex   2.148046e+01 -2.250000e+01 3.078743e+01
      vertex   1.697203e+01 -2.250000e+01 3.084954e+01
      vertex   1.678911e+01 -2.250000e+01 3.071975e+01
    endloop
  endfacet
  facet normal 0.000000e+00 -1.000000e+00 -0.000000e+00
    outer loop
      vertex   2.148046e+01 -2.250000e+01 3.078743e+01
      vertex   1.678911e+01 -2.250000e+01 3.071975e+01
      vertex   2.169723e+01 -2.250000e+01 3.062666e+01
    endloop
  endfacet
  facet normal -0.000000e+00 -1.000000e+00 0.000000e+00
    outer loop
      vertex   2.169723e+01 -2.250000e+01 3.062666e+01
      vertex   1.678911e+01 -2.250000e+01 3.071975e+01
      vertex   1.659281e+01 -2.250000e+01 3.061127e+01
    endloop
  endfacet
  facet normal 0.000000e+00 -1.000000e+00 -0.000000e+00
    outer loop
      vertex   2.169723e+01 -2.250000e+01 3.062666e+01
      vertex   1.659281e+01 -2.250000e+01 3.061127e+01
      vertex   2.192871e+01 -2.250000e+01 3.048792e+01
    endloop
  endfacet
  facet normal -0.000000e+00 -1.000000e+00 -0.000000e+00
    outer loop
      vertex   2.192871e+01 -2.250000e+01 3.048792e+01
      vertex   1.659281e+01 -2.250000e+01 3.061127e+01
      vertex   2.572505e+01 -2.250000e+01 2.291320e+01
    endloop
  endfacet
  facet normal 0.000000e+00 -1.000000e+00 0.000000e+00
    outer loop
      vertex   2.192871e+01 -2.250000e+01 3.048792e+01
      vertex   2.572505e+01 -2.250000e+01 2.291320e+01
      vertex   2.217267e+01 -2.250000e+01 3.037254e+01
    endloop
  endfacet
  facet normal 0.000000e+00 -1.000000e+00 0.000000e+00
    outer loop
      vertex   2.217267e+01 -2.250000e+01 3.037254e+01
      vertex   2.572505e+01 -2.250000e+01 2.291320e+01
      vertex   2.242676e+01 -2.250000e+01 3.028162e+01
    endloop
  endfacet
  facet normal 0.000000e+00 -1.000000e+00 0.000000e+00
    outer loop
      vertex   2.242676e+01 -2.250000e+01 3.028162e+01
      vertex   2.572505e+01 -2.250000e+01 2.291320e+01
      vertex   2.268855e+01 -2.250000e+01 3.021605e+01
    endloop
  endfacet
  facet normal 0.000000e+00 -1.000000e+00 0.000000e+00
    outer loop
      vertex   2.268855e+01 -2.250000e+01 3.021605e+01
      vertex   2.572505e+01 -2.250000e+01 2.291320e+01
      vertex   2.295550e+01 -2.250000e+01 3.017645e+01
    endloop
  endfacet
  facet normal 0.000000e+00 -1.000000e+00 0.000000e+00
    outer loop
      vertex   2.295550e+01 -2.250000e+01 3.017645e+01
      vertex   2.572505e+01 -2.250000e+01 2.291320e+01
      vertex   2.322505e+01 -2.250000e+01 3.016320e+01
    endloop
  endfacet
  facet normal 0.000000e+00 -1.000000e+00 0.000000e+00
    outer loop
      vertex   2.322505e+01 -2.250000e+01 3.016320e+01
      vertex   2.572505e+01 -2.250000e+01 2.291320e+01
      vertex   2.349459e+01 -2.250000e+01 3.017645e+01
    endloop
  endfacet
  facet normal 0.000000e+00 -1.000000e+00 -0.000000e+00
    outer loop
      vertex   1.659281e+01 -2.250000e+01 3.061127e+01
      vertex   1.638561e+01 -2.250000e+01 3.052544e+01
      vertex   2.572505e+01 -2.250000e+01 2.291320e+01
    endloop
  endfacet
  facet normal 0.000000e+00 -1.000000e+00 0.000000e+00
    outer loop
      vertex   2.572505e+01 -2.250000e+01 2.291320e+01
      vertex   1.638561e+01 -2.250000e+01 3.052544e+01
      vertex   1.617009e+01 -2.250000e+01 3.046335e+01
    endloop
  endfacet
  facet normal 0.000000e+00 -1.000000e+00 0.000000e+00
    outer loop
      vertex   2.572505e+01 -2.250000e+01 2.291320e+01
      vertex   1.617009e+01 -2.250000e+01 3.046335e+01
      vertex   1.594898e+01 -2.250000e+01 3.042578e+01
    endloop
  endfacet
  facet normal 0.000000e+00 -1.000000e+00 -0.000000e+00
    outer loop
      vertex   1.594898e+01 -2.250000e+01 3.042578e+01
      vertex   1.572505e+01 -2.250000e+01 3.041320e+01
      vertex   2.572505e+01 -2.250000e+01 2.291320e+01
    endloop
  endfacet
  facet normal 0.000000e+00 -1.000000e+00 0.000000e+00
    outer loop
      vertex   2.572505e+01 -2.250000e+01 2.291320e+01
      vertex   1.572505e+01 -2.250000e+01 3.041320e+01
      vertex   7.390431e+00 -2.250000e+01 3.041320e+01
    endloop
  endfacet
  facet normal -0.000000e+00 -1.000000e+00 0.000000e+00
    outer loop
      vertex   6.966375e+00 -2.250000e+01 3.045868e+01
      vertex   6.760398e+00 -2.250000e+01 3.051503e+01
      vertex   -8.338152e+00 -2.250000e+01 2.291320e+01
    endloop
  endfacet
  facet normal 0.000000e+00 -1.000000e+00 0.000000e+00
    outer loop
      vertex   -8.338152e+00 -2.250000e+01 2.291320e+01
      vertex   6.760398e+00 -2.250000e+01 3.051503e+01
      vertex   6.561604e+00 -2.250000e+01 3.059303e+01
    endloop
  endfacet
  facet normal 0.000000e+00 -1.000000e+00 0.000000e+00
    outer loop
      vertex   -8.338152e+00 -2.250000e+01 2.291320e+01
      vertex   6.561604e+00 -2.250000e+01 3.059303e+01
      vertex   6.372258e+00 -2.250000e+01 3.069177e+01
    endloop
  endfacet
  facet normal -0.000000e+00 -1.000000e+00 0.000000e+00
    outer loop
      vertex   6.372258e+00 -2.250000e+01 3.069177e+01
      vertex   6.194521e+00 -2.250000e+01 3.081014e+01
      vertex   -8.338152e+00 -2.250000e+01 2.291320e+01
    endloop
  endfacet
  facet normal 0.000000e+00 -1.000000e+00 0.000000e+00
    outer loop
      vertex   -8.338152e+00 -2.250000e+01 2.291320e+01
      vertex   6.194521e+00 -2.250000e+01 3.081014e+01
      vertex   6.030417e+00 -2.250000e+01 3.094679e+01
    endloop
  endfacet
  facet normal 0.000000e+00 -1.000000e+00 0.000000e+00
    outer loop
      vertex   -8.338152e+00 -2.250000e+01 2.291320e+01
      vertex   6.030417e+00 -2.250000e+01 3.094679e+01
      vertex   5.881819e+00 -2.250000e+01 3.110016e+01
    endloop
  endfacet
  facet normal -0.000000e+00 -1.000000e+00 0.000000e+00
    outer loop
      vertex   5.881819e+00 -2.250000e+01 3.110016e+01
      vertex   5.750419e+00 -2.250000e+01 3.126849e+01
      vertex   -8.338152e+00 -2.250000e+01 2.291320e+01
    endloop
  endfacet
  facet normal 0.000000e+00 -1.000000e+00 0.000000e+00
    outer loop
      vertex   -8.338152e+00 -2.250000e+01 2.291320e+01
      vertex   5.750419e+00 -2.250000e+01 3.126849e+01
      vertex   5.637717e+00 -2.250000e+01 3.144988e+01
    endloop
  endfacet
  facet normal 0.000000e+00 -1.000000e+00 0.000000e+00
    outer loop
      vertex   -8.338152e+00 -2.250000e+01 2.291320e+01
      vertex   5.637717e+00 -2.250000e+01 3.144988e+01
      vertex   5.544997e+00 -2.250000e+01 3.164225e+01
    endloop
  endfacet
  facet normal -0.000000e+00 -1.000000e+00 0.000000e+00
    outer loop
      vertex   5.544997e+00 -2.250000e+01 3.164225e+01
      vertex   5.473316e+00 -2.250000e+01 3.184340e+01
      vertex   -8.338152e+00 -2.250000e+01 2.291320e+01
    endloop
  endfacet
  facet normal 0.000000e+00 -1.000000e+00 0.000000e+00
    outer loop
      vertex   -8.338152e+00 -2.250000e+01 2.291320e+01
      vertex   5.473316e+00 -2.250000e+01 3.184340e+01
      vertex   5.423491e+00 -2.250000e+01 3.205106e+01
    endloop
  endfacet
  facet normal -0.000000e+00 -1.000000e+00 -0.000000e+00
    outer loop
      vertex   9.135793e-01 -2.250000e+01 5.648300e+01
      vertex   8.418983e-01 -2.250000e+01 5.668416e+01
      vertex   9.634040e-01 -2.250000e+01 5.627535e+01
    endloop
  endfacet
  facet normal 0.000000e+00 -1.000000e+00 0.000000e+00
    outer loop
      vertex   9.634040e-01 -2.250000e+01 5.627535e+01
      vertex   8.418983e-01 -2.250000e+01 5.668416e+01
      vertex   7.491782e-01 -2.250000e+01 5.687653e+01
    endloop
  endfacet
  facet normal 0.000000e+00 -1.000000e+00 0.000000e+00
    outer loop
      vertex   9.634040e-01 -2.250000e+01 5.627535e+01
      vertex   7.491782e-01 -2.250000e+01 5.687653e+01
      vertex   6.364760e-01 -2.250000e+01 5.705791e+01
    endloop
  endfacet
  facet normal -0.000000e+00 -1.000000e+00 -0.000000e+00
    outer loop
      vertex   6.364760e-01 -2.250000e+01 5.705791e+01
      vertex   5.050766e-01 -2.250000e+01 5.722625e+01
      vertex   9.634040e-01 -2.250000e+01 5.627535e+01
    endloop
  endfacet
  facet normal 0.000000e+00 -1.000000e+00 0.000000e+00
    outer loop
      vertex   9.634040e-01 -2.250000e+01 5.627535e+01
      vertex   5.050766e-01 -2.250000e+01 5.722625e+01
      vertex   3.564782e-01 -2.250000e+01 5.737962e+01
    endloop
  endfacet
  facet normal 0.000000e+00 -1.000000e+00 0.000000e+00
    outer loop
      vertex   9.634040e-01 -2.250000e+01 5.627535e+01
      vertex   3.564782e-01 -2.250000e+01 5.737962e+01
      vertex   1.923746e-01 -2.250000e+01 5.751626e+01
    endloop
  endfacet
  facet normal -0.000000e+00 -1.000000e+00 -0.000000e+00
    outer loop
      vertex   1.923746e-01 -2.250000e+01 5.751626e+01
      vertex   1.463697e-02 -2.250000e+01 5.763463e+01
      vertex   9.634040e-01 -2.250000e+01 5.627535e+01
    endloop
  endfacet
  facet normal 0.000000e+00 -1.000000e+00 0.000000e+00
    outer loop
      vertex   9.634040e-01 -2.250000e+01 5.627535e+01
      vertex   1.463697e-02 -2.250000e+01 5.763463e+01
      vertex   -1.747085e-01 -2.250000e+01 5.773338e+01
    endloop
  endfacet
  facet normal 0.000000e+00 -1.000000e+00 0.000000e+00
    outer loop
      vertex   9.634040e-01 -2.250000e+01 5.627535e+01
      vertex   -1.747085e-01 -2.250000e+01 5.773338e+01
      vertex   -3.735031e-01 -2.250000e+01 5.781138e+01
    endloop
  endfacet
  facet normal -0.000000e+00 -1.000000e+00 -0.000000e+00
    outer loop
      vertex   -3.735031e-01 -2.250000e+01 5.781138e+01
      vertex   -5.794805e-01 -2.250000e+01 5.786773e+01
      vertex   9.634040e-01 -2.250000e+01 5.627535e+01
    endloop
  endfacet
  facet normal 0.000000e+00 -1.000000e+00 0.000000e+00
    outer loop
      vertex   9.634040e-01 -2.250000e+01 5.627535e+01
      vertex   -5.794805e-01 -2.250000e+01 5.786773e+01
      vertex   -7.902924e-01 -2.250000e+01 5.790180e+01
    endloop
  endfacet
  facet normal 0.000000e+00 -1.000000e+00 0.000000e+00
    outer loop
      vertex   9.634040e-01 -2.250000e+01 5.627535e+01
      vertex   -7.902924e-01 -2.250000e+01 5.790180e+01
      vertex   -1.003535e+00 -2.250000e+01 5.791320e+01
    endloop
  endfacet
  facet normal 0.000000e+00 -1.000000e+00 0.000000e+00
    outer loop
      vertex   -8.708420e+00 -2.250000e+01 5.791320e+01
      vertex   -8.935841e+00 -2.250000e+01 5.790023e+01
      vertex   -1.066723e+01 -2.250000e+01 5.631704e+01
    endloop
  endfacet
  facet normal 0.000000e+00 -1.000000e+00 0.000000e+00
    outer loop
      vertex   -1.066723e+01 -2.250000e+01 5.631704e+01
      vertex   -8.935841e+00 -2.250000e+01 5.790023e+01
      vertex   -9.160311e+00 -2.250000e+01 5.786149e+01
    endloop
  endfacet
  facet normal 0.000000e+00 -1.000000e+00 0.000000e+00
    outer loop
      vertex   -1.066723e+01 -2.250000e+01 5.631704e+01
      vertex   -9.160311e+00 -2.250000e+01 5.786149e+01
      vertex   -9.378918e+00 -2.250000e+01 5.779746e+01
    endloop
  endfacet
  facet normal 0.000000e+00 -1.000000e+00 0.000000e+00
    outer loop
      vertex   -9.378918e+00 -2.250000e+01 5.779746e+01
      vertex   -9.588829e+00 -2.250000e+01 5.770900e+01
      vertex   -1.066723e+01 -2.250000e+01 5.631704e+01
    endloop
  endfacet
  facet normal 0.000000e+00 -1.000000e+00 0.000000e+00
    outer loop
      vertex   -1.066723e+01 -2.250000e+01 5.631704e+01
      vertex   -9.588829e+00 -2.250000e+01 5.770900e+01
      vertex   -9.787319e+00 -2.250000e+01 5.759724e+01
    endloop
  endfacet
  facet normal 0.000000e+00 -1.000000e+00 0.000000e+00
    outer loop
      vertex   -1.066723e+01 -2.250000e+01 5.631704e+01
      vertex   -9.787319e+00 -2.250000e+01 5.759724e+01
      vertex   -9.971813e+00 -2.250000e+01 5.746364e+01
    endloop
  endfacet
  facet normal 0.000000e+00 -1.000000e+00 0.000000e+00
    outer loop
      vertex   -9.971813e+00 -2.250000e+01 5.746364e+01
      vertex   -1.013992e+01 -2.250000e+01 5.730992e+01
      vertex   -1.066723e+01 -2.250000e+01 5.631704e+01
    endloop
  endfacet
  facet normal 0.000000e+00 -1.000000e+00 0.000000e+00
    outer loop
      vertex   -1.066723e+01 -2.250000e+01 5.631704e+01
      vertex   -1.013992e+01 -2.250000e+01 5.730992e+01
      vertex   -1.028945e+01 -2.250000e+01 5.713809e+01
    endloop
  endfacet
  facet normal 0.000000e+00 -1.000000e+00 0.000000e+00
    outer loop
      vertex   -1.066723e+01 -2.250000e+01 5.631704e+01
      vertex   -1.028945e+01 -2.250000e+01 5.713809e+01
      vertex   -1.041848e+01 -2.250000e+01 5.695036e+01
    endloop
  endfacet
  facet normal 0.000000e+00 -1.000000e+00 0.000000e+00
    outer loop
      vertex   -1.041848e+01 -2.250000e+01 5.695036e+01
      vertex   -1.052532e+01 -2.250000e+01 5.674918e+01
      vertex   -1.066723e+01 -2.250000e+01 5.631704e+01
    endloop
  endfacet
  facet normal 0.000000e+00 -1.000000e+00 0.000000e+00
    outer loop
      vertex   -1.066723e+01 -2.250000e+01 5.631704e+01
      vertex   -1.052532e+01 -2.250000e+01 5.674918e+01
      vertex   -1.060860e+01 -2.250000e+01 5.653716e+01
    endloop
  endfacet
  facet normal 0.000000e+00 -1.000000e+00 0.000000e+00
    outer loop
      vertex   -1.842258e+01 -2.250000e+01 1.869982e+01
      vertex   -1.844543e+01 -2.250000e+01 1.856624e+01
      vertex   -1.846377e+01 -2.250000e+01 1.829598e+01
    endloop
  endfacet
  facet normal 0.000000e+00 -1.000000e+00 0.000000e+00
    outer loop
      vertex   -1.846377e+01 -2.250000e+01 1.829598e+01
      vertex   -1.844543e+01 -2.250000e+01 1.856624e+01
      vertex   -1.845918e+01 -2.250000e+01 1.843142e+01
    endloop
  endfacet
  facet normal 0.000000e+00 -1.000000e+00 0.000000e+00
    outer loop
      vertex   2.048829e+01 -2.250000e+01 4.818275e+01
      vertex   2.052789e+01 -2.250000e+01 4.844970e+01
      vertex   1.772505e+01 -2.250000e+01 5.591321e+01
    endloop
  endfacet
  facet normal 0.000000e+00 -1.000000e+00 0.000000e+00
    outer loop
      vertex   1.772505e+01 -2.250000e+01 5.591321e+01
      vertex   2.052789e+01 -2.250000e+01 4.844970e+01
      vertex   2.059346e+01 -2.250000e+01 4.871149e+01
    endloop
  endfacet
  facet normal 0.000000e+00 -1.000000e+00 0.000000e+00
    outer loop
      vertex   1.772505e+01 -2.250000e+01 5.591321e+01
      vertex   2.059346e+01 -2.250000e+01 4.871149e+01
      vertex   2.068438e+01 -2.250000e+01 4.896558e+01
    endloop
  endfacet
  facet normal 0.000000e+00 -1.000000e+00 0.000000e+00
    outer loop
      vertex   2.068438e+01 -2.250000e+01 4.896558e+01
      vertex   2.079976e+01 -2.250000e+01 4.920955e+01
      vertex   1.772505e+01 -2.250000e+01 5.591321e+01
    endloop
  endfacet
  facet normal 0.000000e+00 -1.000000e+00 0.000000e+00
    outer loop
      vertex   1.772505e+01 -2.250000e+01 5.591321e+01
      vertex   2.079976e+01 -2.250000e+01 4.920955e+01
      vertex   2.093851e+01 -2.250000e+01 4.944102e+01
    endloop
  endfacet
  facet normal 0.000000e+00 -1.000000e+00 0.000000e+00
    outer loop
      vertex   1.772505e+01 -2.250000e+01 5.591321e+01
      vertex   2.093851e+01 -2.250000e+01 4.944102e+01
      vertex   2.109927e+01 -2.250000e+01 4.965779e+01
    endloop
  endfacet
  facet normal 0.000000e+00 -1.000000e+00 0.000000e+00
    outer loop
      vertex   2.109927e+01 -2.250000e+01 4.965779e+01
      vertex   2.128050e+01 -2.250000e+01 4.985775e+01
      vertex   1.772505e+01 -2.250000e+01 5.591321e+01
    endloop
  endfacet
  facet normal 0.000000e+00 -1.000000e+00 0.000000e+00
    outer loop
      vertex   1.772505e+01 -2.250000e+01 5.591321e+01
      vertex   2.128050e+01 -2.250000e+01 4.985775e+01
      vertex   2.148046e+01 -2.250000e+01 5.003898e+01
    endloop
  endfacet
  facet normal 0.000000e+00 -1.000000e+00 0.000000e+00
    outer loop
      vertex   1.772505e+01 -2.250000e+01 5.591321e+01
      vertex   2.148046e+01 -2.250000e+01 5.003898e+01
      vertex   2.169723e+01 -2.250000e+01 5.019975e+01
    endloop
  endfacet
  facet normal 0.000000e+00 -1.000000e+00 0.000000e+00
    outer loop
      vertex   2.169723e+01 -2.250000e+01 5.019975e+01
      vertex   2.192871e+01 -2.250000e+01 5.033849e+01
      vertex   1.772505e+01 -2.250000e+01 5.591321e+01
    endloop
  endfacet
  facet normal 0.000000e+00 -1.000000e+00 0.000000e+00
    outer loop
      vertex   1.772505e+01 -2.250000e+01 5.591321e+01
      vertex   2.192871e+01 -2.250000e+01 5.033849e+01
      vertex   2.217267e+01 -2.250000e+01 5.045387e+01
    endloop
  endfacet
  facet normal 0.000000e+00 -1.000000e+00 0.000000e+00
    outer loop
      vertex   1.772505e+01 -2.250000e+01 5.591321e+01
      vertex   2.217267e+01 -2.250000e+01 5.045387e+01
      vertex   2.242676e+01 -2.250000e+01 5.054479e+01
    endloop
  endfacet
  facet normal 0.000000e+00 -1.000000e+00 0.000000e+00
    outer loop
      vertex   2.268855e+01 -2.250000e+01 5.061036e+01
      vertex   2.295550e+01 -2.250000e+01 5.064996e+01
      vertex   1.972505e+01 -2.250000e+01 5.791320e+01
    endloop
  endfacet
  facet normal 0.000000e+00 -1.000000e+00 0.000000e+00
    outer loop
      vertex   2.349459e+01 -2.250000e+01 5.064996e+01
      vertex   2.376154e+01 -2.250000e+01 5.061036e+01
      vertex   2.572505e+01 -2.250000e+01 5.791320e+01
    endloop
  endfacet
  facet normal 0.000000e+00 -1.000000e+00 0.000000e+00
    outer loop
      vertex   2.402333e+01 -2.250000e+01 5.054479e+01
      vertex   2.427742e+01 -2.250000e+01 5.045387e+01
      vertex   2.772505e+01 -2.250000e+01 5.591321e+01
    endloop
  endfacet
  facet normal 0.000000e+00 -1.000000e+00 0.000000e+00
    outer loop
      vertex   2.772505e+01 -2.250000e+01 5.591321e+01
      vertex   2.427742e+01 -2.250000e+01 5.045387e+01
      vertex   2.452139e+01 -2.250000e+01 5.033849e+01
    endloop
  endfacet
  facet normal 0.000000e+00 -1.000000e+00 0.000000e+00
    outer loop
      vertex   2.772505e+01 -2.250000e+01 5.591321e+01
      vertex   2.452139e+01 -2.250000e+01 5.033849e+01
      vertex   2.475286e+01 -2.250000e+01 5.019975e+01
    endloop
  endfacet
  facet normal 0.000000e+00 -1.000000e+00 0.000000e+00
    outer loop
      vertex   2.475286e+01 -2.250000e+01 5.019975e+01
      vertex   2.496963e+01 -2.250000e+01 5.003898e+01
      vertex   2.772505e+01 -2.250000e+01 5.591321e+01
    endloop
  endfacet
  facet normal 0.000000e+00 -1.000000e+00 0.000000e+00
    outer loop
      vertex   2.772505e+01 -2.250000e+01 5.591321e+01
      vertex   2.496963e+01 -2.250000e+01 5.003898e+01
      vertex   2.516959e+01 -2.250000e+01 4.985775e+01
    endloop
  endfacet
  facet normal 0.000000e+00 -1.000000e+00 0.000000e+00
    outer loop
      vertex   2.772505e+01 -2.250000e+01 5.591321e+01
      vertex   2.516959e+01 -2.250000e+01 4.985775e+01
      vertex   2.535083e+01 -2.250000e+01 4.965779e+01
    endloop
  endfacet
  facet normal 0.000000e+00 -1.000000e+00 0.000000e+00
    outer loop
      vertex   2.535083e+01 -2.250000e+01 4.965779e+01
      vertex   2.551159e+01 -2.250000e+01 4.944102e+01
      vertex   2.772505e+01 -2.250000e+01 5.591321e+01
    endloop
  endfacet
  facet normal 0.000000e+00 -1.000000e+00 0.000000e+00
    outer loop
      vertex   2.772505e+01 -2.250000e+01 5.591321e+01
      vertex   2.551159e+01 -2.250000e+01 4.944102e+01
      vertex   2.565033e+01 -2.250000e+01 4.920955e+01
    endloop
  endfacet
  facet normal 0.000000e+00 -1.000000e+00 0.000000e+00
    outer loop
      vertex   2.772505e+01 -2.250000e+01 5.591321e+01
      vertex   2.565033e+01 -2.250000e+01 4.920955e+01
      vertex   2.576571e+01 -2.250000e+01 4.896558e+01
    endloop
  endfacet
  facet normal 0.000000e+00 -1.000000e+00 0.000000e+00
    outer loop
      vertex   2.576571e+01 -2.250000e+01 4.896558e+01
      vertex   2.585663e+01 -2.250000e+01 4.871149e+01
      vertex   2.772505e+01 -2.250000e+01 5.591321e+01
    endloop
  endfacet
  facet normal 0.000000e+00 -1.000000e+00 0.000000e+00
    outer loop
      vertex   2.772505e+01 -2.250000e+01 5.591321e+01
      vertex   2.585663e+01 -2.250000e+01 4.871149e+01
      vertex   2.592221e+01 -2.250000e+01 4.844970e+01
    endloop
  endfacet
  facet normal 0.000000e+00 -1.000000e+00 0.000000e+00
    outer loop
      vertex   2.772505e+01 -2.250000e+01 5.591321e+01
      vertex   2.592221e+01 -2.250000e+01 4.844970e+01
      vertex   2.596180e+01 -2.250000e+01 4.818275e+01
    endloop
  endfacet
  facet normal 0.000000e+00 -1.000000e+00 0.000000e+00
    outer loop
      vertex   2.596180e+01 -2.250000e+01 4.818275e+01
      vertex   2.597505e+01 -2.250000e+01 4.791320e+01
      vertex   2.772505e+01 -2.250000e+01 5.591321e+01
    endloop
  endfacet
  facet normal 0.000000e+00 -1.000000e+00 0.000000e+00
    outer loop
      vertex   2.772505e+01 -2.250000e+01 5.591321e+01
      vertex   2.597505e+01 -2.250000e+01 4.791320e+01
      vertex   2.596180e+01 -2.250000e+01 4.764366e+01
    endloop
  endfacet
  facet normal 0.000000e+00 -1.000000e+00 0.000000e+00
    outer loop
      vertex   2.596180e+01 -2.250000e+01 3.318275e+01
      vertex   2.596180e+01 -2.250000e+01 4.764366e+01
      vertex   2.592221e+01 -2.250000e+01 3.344970e+01
    endloop
  endfacet
  facet normal 0.000000e+00 -1.000000e+00 0.000000e+00
    outer loop
      vertex   2.592221e+01 -2.250000e+01 3.344970e+01
      vertex   2.596180e+01 -2.250000e+01 4.764366e+01
      vertex   2.592221e+01 -2.250000e+01 4.737670e+01
    endloop
  endfacet
  facet normal 0.000000e+00 -1.000000e+00 0.000000e+00
    outer loop
      vertex   2.592221e+01 -2.250000e+01 3.344970e+01
      vertex   2.592221e+01 -2.250000e+01 4.737670e+01
      vertex   2.585663e+01 -2.250000e+01 4.711492e+01
    endloop
  endfacet
  facet normal 0.000000e+00 -1.000000e+00 0.000000e+00
    outer loop
      vertex   2.592221e+01 -2.250000e+01 3.344970e+01
      vertex   2.585663e+01 -2.250000e+01 4.711492e+01
      vertex   2.585663e+01 -2.250000e+01 3.371149e+01
    endloop
  endfacet
  facet normal 0.000000e+00 -1.000000e+00 0.000000e+00
    outer loop
      vertex   2.585663e+01 -2.250000e+01 3.371149e+01
      vertex   2.585663e+01 -2.250000e+01 4.711492e+01
      vertex   2.576571e+01 -2.250000e+01 4.686082e+01
    endloop
  endfacet
  facet normal 0.000000e+00 -1.000000e+00 0.000000e+00
    outer loop
      vertex   2.585663e+01 -2.250000e+01 3.371149e+01
      vertex   2.576571e+01 -2.250000e+01 4.686082e+01
      vertex   2.576571e+01 -2.250000e+01 3.396558e+01
    endloop
  endfacet
  facet normal 0.000000e+00 -1.000000e+00 0.000000e+00
    outer loop
      vertex   2.576571e+01 -2.250000e+01 3.396558e+01
      vertex   2.576571e+01 -2.250000e+01 4.686082e+01
      vertex   2.565033e+01 -2.250000e+01 4.661686e+01
    endloop
  endfacet
  facet normal 0.000000e+00 -1.000000e+00 0.000000e+00
    outer loop
      vertex   2.576571e+01 -2.250000e+01 3.396558e+01
      vertex   2.565033e+01 -2.250000e+01 4.661686e+01
      vertex   2.565033e+01 -2.250000e+01 3.420954e+01
    endloop
  endfacet
  facet normal 0.000000e+00 -1.000000e+00 0.000000e+00
    outer loop
      vertex   2.565033e+01 -2.250000e+01 3.420954e+01
      vertex   2.565033e+01 -2.250000e+01 4.661686e+01
      vertex   2.551159e+01 -2.250000e+01 4.638539e+01
    endloop
  endfacet
  facet normal 0.000000e+00 -1.000000e+00 0.000000e+00
    outer loop
      vertex   2.565033e+01 -2.250000e+01 3.420954e+01
      vertex   2.551159e+01 -2.250000e+01 4.638539e+01
      vertex   2.551159e+01 -2.250000e+01 3.444102e+01
    endloop
  endfacet
  facet normal 0.000000e+00 -1.000000e+00 0.000000e+00
    outer loop
      vertex   2.551159e+01 -2.250000e+01 3.444102e+01
      vertex   2.551159e+01 -2.250000e+01 4.638539e+01
      vertex   2.535083e+01 -2.250000e+01 4.616862e+01
    endloop
  endfacet
  facet normal 0.000000e+00 -1.000000e+00 0.000000e+00
    outer loop
      vertex   2.551159e+01 -2.250000e+01 3.444102e+01
      vertex   2.535083e+01 -2.250000e+01 4.616862e+01
      vertex   2.535083e+01 -2.250000e+01 3.465779e+01
    endloop
  endfacet
  facet normal 0.000000e+00 -1.000000e+00 0.000000e+00
    outer loop
      vertex   2.535083e+01 -2.250000e+01 3.465779e+01
      vertex   2.535083e+01 -2.250000e+01 4.616862e+01
      vertex   2.516959e+01 -2.250000e+01 4.596866e+01
    endloop
  endfacet
  facet normal 0.000000e+00 -1.000000e+00 0.000000e+00
    outer loop
      vertex   2.535083e+01 -2.250000e+01 3.465779e+01
      vertex   2.516959e+01 -2.250000e+01 4.596866e+01
      vertex   2.516959e+01 -2.250000e+01 3.485775e+01
    endloop
  endfacet
  facet normal 0.000000e+00 -1.000000e+00 0.000000e+00
    outer loop
      vertex   2.516959e+01 -2.250000e+01 3.485775e+01
      vertex   2.516959e+01 -2.250000e+01 4.596866e+01
      vertex   2.496963e+01 -2.250000e+01 4.578743e+01
    endloop
  endfacet
  facet normal 0.000000e+00 -1.000000e+00 0.000000e+00
    outer loop
      vertex   2.516959e+01 -2.250000e+01 3.485775e+01
      vertex   2.496963e+01 -2.250000e+01 4.578743e+01
      vertex   2.496963e+01 -2.250000e+01 3.503898e+01
    endloop
  endfacet
  facet normal 0.000000e+00 -1.000000e+00 0.000000e+00
    outer loop
      vertex   2.496963e+01 -2.250000e+01 3.503898e+01
      vertex   2.496963e+01 -2.250000e+01 4.578743e+01
      vertex   2.475286e+01 -2.250000e+01 4.562666e+01
    endloop
  endfacet
  facet normal 0.000000e+00 -1.000000e+00 0.000000e+00
    outer loop
      vertex   2.496963e+01 -2.250000e+01 3.503898e+01
      vertex   2.475286e+01 -2.250000e+01 4.562666e+01
      vertex   2.475286e+01 -2.250000e+01 3.519974e+01
    endloop
  endfacet
  facet normal 0.000000e+00 -1.000000e+00 0.000000e+00
    outer loop
      vertex   2.475286e+01 -2.250000e+01 3.519974e+01
      vertex   2.475286e+01 -2.250000e+01 4.562666e+01
      vertex   2.452139e+01 -2.250000e+01 4.548792e+01
    endloop
  endfacet
  facet normal 0.000000e+00 -1.000000e+00 0.000000e+00
    outer loop
      vertex   2.475286e+01 -2.250000e+01 3.519974e+01
      vertex   2.452139e+01 -2.250000e+01 4.548792e+01
      vertex   2.452139e+01 -2.250000e+01 3.533849e+01
    endloop
  endfacet
  facet normal 0.000000e+00 -1.000000e+00 0.000000e+00
    outer loop
      vertex   2.452139e+01 -2.250000e+01 3.533849e+01
      vertex   2.452139e+01 -2.250000e+01 4.548792e+01
      vertex   2.427742e+01 -2.250000e+01 4.537253e+01
    endloop
  endfacet
  facet normal 0.000000e+00 -1.000000e+00 0.000000e+00
    outer loop
      vertex   2.452139e+01 -2.250000e+01 3.533849e+01
      vertex   2.427742e+01 -2.250000e+01 4.537253e+01
      vertex   2.427742e+01 -2.250000e+01 3.545387e+01
    endloop
  endfacet
  facet normal 0.000000e+00 -1.000000e+00 0.000000e+00
    outer loop
      vertex   2.427742e+01 -2.250000e+01 3.545387e+01
      vertex   2.427742e+01 -2.250000e+01 4.537253e+01
      vertex   2.402333e+01 -2.250000e+01 4.528162e+01
    endloop
  endfacet
  facet normal 0.000000e+00 -1.000000e+00 0.000000e+00
    outer loop
      vertex   2.427742e+01 -2.250000e+01 3.545387e+01
      vertex   2.402333e+01 -2.250000e+01 4.528162e+01
      vertex   2.402333e+01 -2.250000e+01 3.554479e+01
    endloop
  endfacet
  facet normal 0.000000e+00 -1.000000e+00 0.000000e+00
    outer loop
      vertex   2.402333e+01 -2.250000e+01 3.554479e+01
      vertex   2.402333e+01 -2.250000e+01 4.528162e+01
      vertex   2.376154e+01 -2.250000e+01 4.521605e+01
    endloop
  endfacet
  facet normal 0.000000e+00 -1.000000e+00 0.000000e+00
    outer loop
      vertex   2.402333e+01 -2.250000e+01 3.554479e+01
      vertex   2.376154e+01 -2.250000e+01 4.521605e+01
      vertex   2.376154e+01 -2.250000e+01 3.561036e+01
    endloop
  endfacet
  facet normal 0.000000e+00 -1.000000e+00 0.000000e+00
    outer loop
      vertex   2.376154e+01 -2.250000e+01 3.561036e+01
      vertex   2.376154e+01 -2.250000e+01 4.521605e+01
      vertex   2.349459e+01 -2.250000e+01 4.517644e+01
    endloop
  endfacet
  facet normal 0.000000e+00 -1.000000e+00 0.000000e+00
    outer loop
      vertex   2.376154e+01 -2.250000e+01 3.561036e+01
      vertex   2.349459e+01 -2.250000e+01 4.517644e+01
      vertex   2.349459e+01 -2.250000e+01 3.564996e+01
    endloop
  endfacet
  facet normal 0.000000e+00 -1.000000e+00 0.000000e+00
    outer loop
      vertex   2.349459e+01 -2.250000e+01 3.564996e+01
      vertex   2.349459e+01 -2.250000e+01 4.517644e+01
      vertex   2.322505e+01 -2.250000e+01 4.516320e+01
    endloop
  endfacet
  facet normal 0.000000e+00 -1.000000e+00 0.000000e+00
    outer loop
      vertex   2.349459e+01 -2.250000e+01 3.564996e+01
      vertex   2.322505e+01 -2.250000e+01 4.516320e+01
      vertex   2.322505e+01 -2.250000e+01 3.566320e+01
    endloop
  endfacet
  facet normal -0.000000e+00 -1.000000e+00 0.000000e+00
    outer loop
      vertex   2.322505e+01 -2.250000e+01 3.566320e+01
      vertex   2.322505e+01 -2.250000e+01 4.516320e+01
      vertex   2.295550e+01 -2.250000e+01 3.564996e+01
    endloop
  endfacet
  facet normal 0.000000e+00 -1.000000e+00 0.000000e+00
    outer loop
      vertex   2.295550e+01 -2.250000e+01 3.564996e+01
      vertex   2.322505e+01 -2.250000e+01 4.516320e+01
      vertex   2.295550e+01 -2.250000e+01 4.517644e+01
    endloop
  endfacet
  facet normal -0.000000e+00 -1.000000e+00 0.000000e+00
    outer loop
      vertex   2.295550e+01 -2.250000e+01 3.564996e+01
      vertex   2.295550e+01 -2.250000e+01 4.517644e+01
      vertex   2.268855e+01 -2.250000e+01 3.561036e+01
    endloop
  endfacet
  facet normal 0.000000e+00 -1.000000e+00 0.000000e+00
    outer loop
      vertex   2.268855e+01 -2.250000e+01 3.561036e+01
      vertex   2.295550e+01 -2.250000e+01 4.517644e+01
      vertex   2.268855e+01 -2.250000e+01 4.521605e+01
    endloop
  endfacet
  facet normal -0.000000e+00 -1.000000e+00 0.000000e+00
    outer loop
      vertex   2.268855e+01 -2.250000e+01 3.561036e+01
      vertex   2.268855e+01 -2.250000e+01 4.521605e+01
      vertex   2.242676e+01 -2.250000e+01 3.554479e+01
    endloop
  endfacet
  facet normal 0.000000e+00 -1.000000e+00 0.000000e+00
    outer loop
      vertex   2.242676e+01 -2.250000e+01 3.554479e+01
      vertex   2.268855e+01 -2.250000e+01 4.521605e+01
      vertex   2.242676e+01 -2.250000e+01 4.528162e+01
    endloop
  endfacet
  facet normal -0.000000e+00 -1.000000e+00 0.000000e+00
    outer loop
      vertex   2.242676e+01 -2.250000e+01 3.554479e+01
      vertex   2.242676e+01 -2.250000e+01 4.528162e+01
      vertex   2.217267e+01 -2.250000e+01 3.545387e+01
    endloop
  endfacet
  facet normal 0.000000e+00 -1.000000e+00 0.000000e+00
    outer loop
      vertex   2.217267e+01 -2.250000e+01 3.545387e+01
      vertex   2.242676e+01 -2.250000e+01 4.528162e+01
      vertex   2.217267e+01 -2.250000e+01 4.537253e+01
    endloop
  endfacet
  facet normal -0.000000e+00 -1.000000e+00 0.000000e+00
    outer loop
      vertex   2.217267e+01 -2.250000e+01 3.545387e+01
      vertex   2.217267e+01 -2.250000e+01 4.537253e+01
      vertex   2.192871e+01 -2.250000e+01 3.533849e+01
    endloop
  endfacet
  facet normal 0.000000e+00 -1.000000e+00 0.000000e+00
    outer loop
      vertex   2.192871e+01 -2.250000e+01 3.533849e+01
      vertex   2.217267e+01 -2.250000e+01 4.537253e+01
      vertex   2.192871e+01 -2.250000e+01 4.548792e+01
    endloop
  endfacet
  facet normal -0.000000e+00 -1.000000e+00 0.000000e+00
    outer loop
      vertex   2.192871e+01 -2.250000e+01 3.533849e+01
      vertex   2.192871e+01 -2.250000e+01 4.548792e+01
      vertex   2.169723e+01 -2.250000e+01 3.519974e+01
    endloop
  endfacet
  facet normal 0.000000e+00 -1.000000e+00 0.000000e+00
    outer loop
      vertex   2.169723e+01 -2.250000e+01 3.519974e+01
      vertex   2.192871e+01 -2.250000e+01 4.548792e+01
      vertex   2.169723e+01 -2.250000e+01 4.562666e+01
    endloop
  endfacet
  facet normal 0.000000e+00 -1.000000e+00 0.000000e+00
    outer loop
      vertex   2.169723e+01 -2.250000e+01 3.519974e+01
      vertex   2.169723e+01 -2.250000e+01 4.562666e+01
      vertex   2.148046e+01 -2.250000e+01 4.578743e+01
    endloop
  endfacet
  facet normal -0.000000e+00 -1.000000e+00 0.000000e+00
    outer loop
      vertex   2.169723e+01 -2.250000e+01 3.519974e+01
      vertex   2.148046e+01 -2.250000e+01 4.578743e+01
      vertex   2.148046e+01 -2.250000e+01 3.503898e+01
    endloop
  endfacet
  facet normal 0.000000e+00 -1.000000e+00 0.000000e+00
    outer loop
      vertex   2.148046e+01 -2.250000e+01 3.503898e+01
      vertex   2.148046e+01 -2.250000e+01 4.578743e+01
      vertex   2.128050e+01 -2.250000e+01 4.596866e+01
    endloop
  endfacet
  facet normal -0.000000e+00 -1.000000e+00 0.000000e+00
    outer loop
      vertex   2.148046e+01 -2.250000e+01 3.503898e+01
      vertex   2.128050e+01 -2.250000e+01 4.596866e+01
      vertex   2.128050e+01 -2.250000e+01 3.485775e+01
    endloop
  endfacet
  facet normal 0.000000e+00 -1.000000e+00 0.000000e+00
    outer loop
      vertex   2.128050e+01 -2.250000e+01 3.485775e+01
      vertex   2.128050e+01 -2.250000e+01 4.596866e+01
      vertex   2.109927e+01 -2.250000e+01 4.616862e+01
    endloop
  endfacet
  facet normal -0.000000e+00 -1.000000e+00 0.000000e+00
    outer loop
      vertex   2.128050e+01 -2.250000e+01 3.485775e+01
      vertex   2.109927e+01 -2.250000e+01 4.616862e+01
      vertex   2.109927e+01 -2.250000e+01 3.465779e+01
    endloop
  endfacet
  facet normal -0.000000e+00 -1.000000e+00 0.000000e+00
    outer loop
      vertex   2.109927e+01 -2.250000e+01 3.465779e+01
      vertex   2.109927e+01 -2.250000e+01 4.616862e+01
      vertex   1.772505e+01 -2.250000e+01 3.241320e+01
    endloop
  endfacet
  facet normal 0.000000e+00 -1.000000e+00 0.000000e+00
    outer loop
      vertex   2.109927e+01 -2.250000e+01 3.465779e+01
      vertex   1.772505e+01 -2.250000e+01 3.241320e+01
      vertex   2.093851e+01 -2.250000e+01 3.444102e+01
    endloop
  endfacet
  facet normal 0.000000e+00 -1.000000e+00 0.000000e+00
    outer loop
      vertex   2.093851e+01 -2.250000e+01 3.444102e+01
      vertex   1.772505e+01 -2.250000e+01 3.241320e+01
      vertex   2.079976e+01 -2.250000e+01 3.420954e+01
    endloop
  endfacet
  facet normal 0.000000e+00 -1.000000e+00 0.000000e+00
    outer loop
      vertex   2.079976e+01 -2.250000e+01 3.420954e+01
      vertex   1.772505e+01 -2.250000e+01 3.241320e+01
      vertex   2.068438e+01 -2.250000e+01 3.396558e+01
    endloop
  endfacet
  facet normal 0.000000e+00 -1.000000e+00 0.000000e+00
    outer loop
      vertex   2.068438e+01 -2.250000e+01 3.396558e+01
      vertex   1.772505e+01 -2.250000e+01 3.241320e+01
      vertex   2.059346e+01 -2.250000e+01 3.371149e+01
    endloop
  endfacet
  facet normal 0.000000e+00 -1.000000e+00 0.000000e+00
    outer loop
      vertex   2.059346e+01 -2.250000e+01 3.371149e+01
      vertex   1.772505e+01 -2.250000e+01 3.241320e+01
      vertex   2.052789e+01 -2.250000e+01 3.344970e+01
    endloop
  endfacet
  facet normal 0.000000e+00 -1.000000e+00 0.000000e+00
    outer loop
      vertex   2.052789e+01 -2.250000e+01 3.344970e+01
      vertex   1.772505e+01 -2.250000e+01 3.241320e+01
      vertex   2.048829e+01 -2.250000e+01 3.318275e+01
    endloop
  endfacet
  facet normal 0.000000e+00 -1.000000e+00 0.000000e+00
    outer loop
      vertex   2.048829e+01 -2.250000e+01 3.318275e+01
      vertex   1.772505e+01 -2.250000e+01 3.241320e+01
      vertex   2.047505e+01 -2.250000e+01 3.291320e+01
    endloop
  endfacet
  facet normal -0.000000e+00 -1.000000e+00 0.000000e+00
    outer loop
      vertex   2.109927e+01 -2.250000e+01 4.616862e+01
      vertex   2.093851e+01 -2.250000e+01 4.638539e+01
      vertex   1.772505e+01 -2.250000e+01 3.241320e+01
    endloop
  endfacet
  facet normal 0.000000e+00 -1.000000e+00 0.000000e+00
    outer loop
      vertex   1.772505e+01 -2.250000e+01 3.241320e+01
      vertex   2.093851e+01 -2.250000e+01 4.638539e+01
      vertex   2.079976e+01 -2.250000e+01 4.661686e+01
    endloop
  endfacet
  facet normal 0.000000e+00 -1.000000e+00 0.000000e+00
    outer loop
      vertex   1.772505e+01 -2.250000e+01 3.241320e+01
      vertex   2.079976e+01 -2.250000e+01 4.661686e+01
      vertex   2.068438e+01 -2.250000e+01 4.686082e+01
    endloop
  endfacet
  facet normal -0.000000e+00 -1.000000e+00 0.000000e+00
    outer loop
      vertex   2.068438e+01 -2.250000e+01 4.686082e+01
      vertex   2.059346e+01 -2.250000e+01 4.711492e+01
      vertex   1.772505e+01 -2.250000e+01 3.241320e+01
    endloop
  endfacet
  facet normal 0.000000e+00 -1.000000e+00 0.000000e+00
    outer loop
      vertex   1.772505e+01 -2.250000e+01 3.241320e+01
      vertex   2.059346e+01 -2.250000e+01 4.711492e+01
      vertex   2.052789e+01 -2.250000e+01 4.737670e+01
    endloop
  endfacet
  facet normal 0.000000e+00 -1.000000e+00 0.000000e+00
    outer loop
      vertex   1.772505e+01 -2.250000e+01 3.241320e+01
      vertex   2.052789e+01 -2.250000e+01 4.737670e+01
      vertex   2.048829e+01 -2.250000e+01 4.764366e+01
    endloop
  endfacet
  facet normal 0.000000e+00 -1.000000e+00 -0.000000e+00
    outer loop
      vertex   2.597505e+01 -2.250000e+01 3.291320e+01
      vertex   2.596180e+01 -2.250000e+01 3.264366e+01
      vertex   2.772505e+01 -2.250000e+01 2.491320e+01
    endloop
  endfacet
  facet normal 0.000000e+00 -1.000000e+00 0.000000e+00
    outer loop
      vertex   2.772505e+01 -2.250000e+01 2.491320e+01
      vertex   2.596180e+01 -2.250000e+01 3.264366e+01
      vertex   2.592221e+01 -2.250000e+01 3.237670e+01
    endloop
  endfacet
  facet normal 0.000000e+00 -1.000000e+00 0.000000e+00
    outer loop
      vertex   2.772505e+01 -2.250000e+01 2.491320e+01
      vertex   2.592221e+01 -2.250000e+01 3.237670e+01
      vertex   2.585663e+01 -2.250000e+01 3.211492e+01
    endloop
  endfacet
  facet normal 0.000000e+00 -1.000000e+00 -0.000000e+00
    outer loop
      vertex   2.585663e+01 -2.250000e+01 3.211492e+01
      vertex   2.576571e+01 -2.250000e+01 3.186082e+01
      vertex   2.772505e+01 -2.250000e+01 2.491320e+01
    endloop
  endfacet
  facet normal 0.000000e+00 -1.000000e+00 0.000000e+00
    outer loop
      vertex   2.772505e+01 -2.250000e+01 2.491320e+01
      vertex   2.576571e+01 -2.250000e+01 3.186082e+01
      vertex   2.565033e+01 -2.250000e+01 3.161686e+01
    endloop
  endfacet
  facet normal 0.000000e+00 -1.000000e+00 0.000000e+00
    outer loop
      vertex   2.772505e+01 -2.250000e+01 2.491320e+01
      vertex   2.565033e+01 -2.250000e+01 3.161686e+01
      vertex   2.551159e+01 -2.250000e+01 3.138539e+01
    endloop
  endfacet
  facet normal 0.000000e+00 -1.000000e+00 -0.000000e+00
    outer loop
      vertex   2.551159e+01 -2.250000e+01 3.138539e+01
      vertex   2.535083e+01 -2.250000e+01 3.116862e+01
      vertex   2.772505e+01 -2.250000e+01 2.491320e+01
    endloop
  endfacet
  facet normal 0.000000e+00 -1.000000e+00 0.000000e+00
    outer loop
      vertex   2.772505e+01 -2.250000e+01 2.491320e+01
      vertex   2.535083e+01 -2.250000e+01 3.116862e+01
      vertex   2.516959e+01 -2.250000e+01 3.096866e+01
    endloop
  endfacet
  facet normal 0.000000e+00 -1.000000e+00 0.000000e+00
    outer loop
      vertex   2.772505e+01 -2.250000e+01 2.491320e+01
      vertex   2.516959e+01 -2.250000e+01 3.096866e+01
      vertex   2.496963e+01 -2.250000e+01 3.078743e+01
    endloop
  endfacet
  facet normal 0.000000e+00 -1.000000e+00 -0.000000e+00
    outer loop
      vertex   2.496963e+01 -2.250000e+01 3.078743e+01
      vertex   2.475286e+01 -2.250000e+01 3.062666e+01
      vertex   2.772505e+01 -2.250000e+01 2.491320e+01
    endloop
  endfacet
  facet normal 0.000000e+00 -1.000000e+00 0.000000e+00
    outer loop
      vertex   2.772505e+01 -2.250000e+01 2.491320e+01
      vertex   2.475286e+01 -2.250000e+01 3.062666e+01
      vertex   2.452139e+01 -2.250000e+01 3.048792e+01
    endloop
  endfacet
  facet normal 0.000000e+00 -1.000000e+00 0.000000e+00
    outer loop
      vertex   2.772505e+01 -2.250000e+01 2.491320e+01
      vertex   2.452139e+01 -2.250000e+01 3.048792e+01
      vertex   2.427742e+01 -2.250000e+01 3.037254e+01
    endloop
  endfacet
  facet normal 0.000000e+00 -1.000000e+00 -0.000000e+00
    outer loop
      vertex   2.427742e+01 -2.250000e+01 3.037254e+01
      vertex   2.402333e+01 -2.250000e+01 3.028162e+01
      vertex   2.772505e+01 -2.250000e+01 2.491320e+01
    endloop
  endfacet
  facet normal 0.000000e+00 -1.000000e+00 0.000000e+00
    outer loop
      vertex   2.772505e+01 -2.250000e+01 2.491320e+01
      vertex   2.402333e+01 -2.250000e+01 3.028162e+01
      vertex   2.376154e+01 -2.250000e+01 3.021605e+01
    endloop
  endfacet
endsolid
