ISO-10303-21;
HEADER;
/* Generated by software containing ST-Developer
 * from STEP Tools, Inc. (www.steptools.com) 
 */

FILE_DESCRIPTION(
/* description */ (''),
/* implementation_level */ '2;1');

FILE_NAME(
/* name */ 'ScissorArmV2Inner.stp',
/* time_stamp */ '2026-04-28T22:03:37-04:00',
/* author */ ('gaoet'),
/* organization */ (''),
/* preprocessor_version */ 'ST-DEVELOPER v20.1',
/* originating_system */ 'Autodesk Inventor 2026',
/* authorisation */ '');

FILE_SCHEMA (('AUTOMOTIVE_DESIGN { 1 0 10303 214 3 1 1 }'));
ENDSEC;

DATA;
#10=MECHANICAL_DESIGN_GEOMETRIC_PRESENTATION_REPRESENTATION('',(#13),#3372);
#11=SHAPE_REPRESENTATION_RELATIONSHIP('SRR','None',#3379,#12);
#12=ADVANCED_BREP_SHAPE_REPRESENTATION('',(#14),#3371);
#13=STYLED_ITEM('',(#3388),#14);
#14=MANIFOLD_SOLID_BREP('Solid1',#1925);
#15=CONICAL_SURFACE('',#2112,5.75,0.785398163397448);
#16=CONICAL_SURFACE('',#2121,19.165,0.785398163397448);
#17=CONICAL_SURFACE('',#2128,10.25,0.785398163397448);
#18=B_SPLINE_CURVE_WITH_KNOTS('',3,(#3063,#3064,#3065,#3066,#3067,#3068,
#3069,#3070),.UNSPECIFIED.,.F.,.F.,(4,1,1,2,4),(-0.730557865778513,-0.438334719467108,
-0.292223146311405,0.,0.00141473606295582),.UNSPECIFIED.);
#19=B_SPLINE_CURVE_WITH_KNOTS('',3,(#3071,#3072,#3073,#3074,#3075,#3076,
#3077,#3078),.UNSPECIFIED.,.F.,.F.,(4,2,1,1,4),(-0.00141473606295582,0.,
0.292223146311405,0.438334719467108,0.730557865778513),.UNSPECIFIED.);
#20=B_SPLINE_SURFACE_WITH_KNOTS('',3,3,((#3022,#3023,#3024,#3025,#3026,
#3027,#3028,#3029),(#3030,#3031,#3032,#3033,#3034,#3035,#3036,#3037),(#3038,
#3039,#3040,#3041,#3042,#3043,#3044,#3045),(#3046,#3047,#3048,#3049,#3050,
#3051,#3052,#3053),(#3054,#3055,#3056,#3057,#3058,#3059,#3060,#3061)),
 .UNSPECIFIED.,.F.,.F.,.F.,(4,1,4),(4,2,1,1,4),(0.,0.571428571428571,1.),
(-0.00141473606295582,0.,0.292223146311405,0.438334719467108,0.730557865778513),
 .UNSPECIFIED.);
#21=TOROIDAL_SURFACE('',#2035,12.,1.);
#22=TOROIDAL_SURFACE('',#2046,99.,1.);
#23=ELLIPSE('',#2032,1.4142135623731,1.);
#24=ELLIPSE('',#2044,4.91259040293521,1.);
#25=ELLIPSE('',#2045,1.00527576749199,1.);
#26=ELLIPSE('',#2050,6.80199154174881,1.);
#27=FACE_BOUND('',#206,.T.);
#28=FACE_BOUND('',#207,.T.);
#29=FACE_BOUND('',#208,.T.);
#30=FACE_BOUND('',#209,.T.);
#31=FACE_BOUND('',#210,.T.);
#32=FACE_BOUND('',#211,.T.);
#33=FACE_BOUND('',#214,.T.);
#34=FACE_BOUND('',#223,.T.);
#35=FACE_BOUND('',#286,.T.);
#36=FACE_BOUND('',#291,.T.);
#37=FACE_BOUND('',#293,.T.);
#38=FACE_BOUND('',#296,.T.);
#39=FACE_BOUND('',#297,.T.);
#40=FACE_BOUND('',#298,.T.);
#41=FACE_BOUND('',#299,.T.);
#42=FACE_BOUND('',#300,.T.);
#43=FACE_BOUND('',#301,.T.);
#44=FACE_BOUND('',#302,.T.);
#45=FACE_BOUND('',#303,.T.);
#46=FACE_BOUND('',#304,.T.);
#47=FACE_BOUND('',#308,.T.);
#48=FACE_BOUND('',#311,.T.);
#49=FACE_BOUND('',#314,.T.);
#50=FACE_BOUND('',#322,.T.);
#51=FACE_BOUND('',#324,.T.);
#52=PLANE('',#1960);
#53=PLANE('',#1992);
#54=PLANE('',#1999);
#55=PLANE('',#2002);
#56=PLANE('',#2007);
#57=PLANE('',#2010);
#58=PLANE('',#2013);
#59=PLANE('',#2016);
#60=PLANE('',#2019);
#61=PLANE('',#2022);
#62=PLANE('',#2025);
#63=PLANE('',#2030);
#64=PLANE('',#2041);
#65=PLANE('',#2051);
#66=PLANE('',#2053);
#67=PLANE('',#2054);
#68=PLANE('',#2055);
#69=PLANE('',#2056);
#70=PLANE('',#2059);
#71=PLANE('',#2066);
#72=PLANE('',#2069);
#73=PLANE('',#2072);
#74=PLANE('',#2075);
#75=PLANE('',#2078);
#76=PLANE('',#2081);
#77=PLANE('',#2084);
#78=PLANE('',#2087);
#79=PLANE('',#2097);
#80=PLANE('',#2102);
#81=PLANE('',#2103);
#82=PLANE('',#2104);
#83=PLANE('',#2105);
#84=PLANE('',#2106);
#85=PLANE('',#2107);
#86=PLANE('',#2108);
#87=PLANE('',#2118);
#88=PLANE('',#2120);
#89=PLANE('',#2124);
#90=PLANE('',#2132);
#91=PLANE('',#2137);
#92=PLANE('',#2140);
#93=PLANE('',#2150);
#94=PLANE('',#2154);
#95=PLANE('',#2155);
#96=PLANE('',#2156);
#97=PLANE('',#2160);
#98=FACE_OUTER_BOUND('',#201,.T.);
#99=FACE_OUTER_BOUND('',#202,.T.);
#100=FACE_OUTER_BOUND('',#203,.T.);
#101=FACE_OUTER_BOUND('',#204,.T.);
#102=FACE_OUTER_BOUND('',#205,.T.);
#103=FACE_OUTER_BOUND('',#212,.T.);
#104=FACE_OUTER_BOUND('',#213,.T.);
#105=FACE_OUTER_BOUND('',#215,.T.);
#106=FACE_OUTER_BOUND('',#216,.T.);
#107=FACE_OUTER_BOUND('',#217,.T.);
#108=FACE_OUTER_BOUND('',#218,.T.);
#109=FACE_OUTER_BOUND('',#219,.T.);
#110=FACE_OUTER_BOUND('',#220,.T.);
#111=FACE_OUTER_BOUND('',#221,.T.);
#112=FACE_OUTER_BOUND('',#222,.T.);
#113=FACE_OUTER_BOUND('',#224,.T.);
#114=FACE_OUTER_BOUND('',#225,.T.);
#115=FACE_OUTER_BOUND('',#226,.T.);
#116=FACE_OUTER_BOUND('',#227,.T.);
#117=FACE_OUTER_BOUND('',#228,.T.);
#118=FACE_OUTER_BOUND('',#229,.T.);
#119=FACE_OUTER_BOUND('',#230,.T.);
#120=FACE_OUTER_BOUND('',#231,.T.);
#121=FACE_OUTER_BOUND('',#232,.T.);
#122=FACE_OUTER_BOUND('',#233,.T.);
#123=FACE_OUTER_BOUND('',#234,.T.);
#124=FACE_OUTER_BOUND('',#235,.T.);
#125=FACE_OUTER_BOUND('',#236,.T.);
#126=FACE_OUTER_BOUND('',#237,.T.);
#127=FACE_OUTER_BOUND('',#238,.T.);
#128=FACE_OUTER_BOUND('',#239,.T.);
#129=FACE_OUTER_BOUND('',#240,.T.);
#130=FACE_OUTER_BOUND('',#241,.T.);
#131=FACE_OUTER_BOUND('',#242,.T.);
#132=FACE_OUTER_BOUND('',#243,.T.);
#133=FACE_OUTER_BOUND('',#244,.T.);
#134=FACE_OUTER_BOUND('',#245,.T.);
#135=FACE_OUTER_BOUND('',#246,.T.);
#136=FACE_OUTER_BOUND('',#247,.T.);
#137=FACE_OUTER_BOUND('',#248,.T.);
#138=FACE_OUTER_BOUND('',#249,.T.);
#139=FACE_OUTER_BOUND('',#250,.T.);
#140=FACE_OUTER_BOUND('',#251,.T.);
#141=FACE_OUTER_BOUND('',#252,.T.);
#142=FACE_OUTER_BOUND('',#253,.T.);
#143=FACE_OUTER_BOUND('',#254,.T.);
#144=FACE_OUTER_BOUND('',#255,.T.);
#145=FACE_OUTER_BOUND('',#256,.T.);
#146=FACE_OUTER_BOUND('',#257,.T.);
#147=FACE_OUTER_BOUND('',#258,.T.);
#148=FACE_OUTER_BOUND('',#259,.T.);
#149=FACE_OUTER_BOUND('',#260,.T.);
#150=FACE_OUTER_BOUND('',#261,.T.);
#151=FACE_OUTER_BOUND('',#262,.T.);
#152=FACE_OUTER_BOUND('',#263,.T.);
#153=FACE_OUTER_BOUND('',#264,.T.);
#154=FACE_OUTER_BOUND('',#265,.T.);
#155=FACE_OUTER_BOUND('',#266,.T.);
#156=FACE_OUTER_BOUND('',#267,.T.);
#157=FACE_OUTER_BOUND('',#268,.T.);
#158=FACE_OUTER_BOUND('',#269,.T.);
#159=FACE_OUTER_BOUND('',#270,.T.);
#160=FACE_OUTER_BOUND('',#271,.T.);
#161=FACE_OUTER_BOUND('',#272,.T.);
#162=FACE_OUTER_BOUND('',#273,.T.);
#163=FACE_OUTER_BOUND('',#274,.T.);
#164=FACE_OUTER_BOUND('',#275,.T.);
#165=FACE_OUTER_BOUND('',#276,.T.);
#166=FACE_OUTER_BOUND('',#277,.T.);
#167=FACE_OUTER_BOUND('',#278,.T.);
#168=FACE_OUTER_BOUND('',#279,.T.);
#169=FACE_OUTER_BOUND('',#280,.T.);
#170=FACE_OUTER_BOUND('',#281,.T.);
#171=FACE_OUTER_BOUND('',#282,.T.);
#172=FACE_OUTER_BOUND('',#283,.T.);
#173=FACE_OUTER_BOUND('',#284,.T.);
#174=FACE_OUTER_BOUND('',#285,.T.);
#175=FACE_OUTER_BOUND('',#287,.T.);
#176=FACE_OUTER_BOUND('',#288,.T.);
#177=FACE_OUTER_BOUND('',#289,.T.);
#178=FACE_OUTER_BOUND('',#290,.T.);
#179=FACE_OUTER_BOUND('',#292,.T.);
#180=FACE_OUTER_BOUND('',#294,.T.);
#181=FACE_OUTER_BOUND('',#295,.T.);
#182=FACE_OUTER_BOUND('',#305,.T.);
#183=FACE_OUTER_BOUND('',#306,.T.);
#184=FACE_OUTER_BOUND('',#307,.T.);
#185=FACE_OUTER_BOUND('',#309,.T.);
#186=FACE_OUTER_BOUND('',#310,.T.);
#187=FACE_OUTER_BOUND('',#312,.T.);
#188=FACE_OUTER_BOUND('',#313,.T.);
#189=FACE_OUTER_BOUND('',#315,.T.);
#190=FACE_OUTER_BOUND('',#316,.T.);
#191=FACE_OUTER_BOUND('',#317,.T.);
#192=FACE_OUTER_BOUND('',#318,.T.);
#193=FACE_OUTER_BOUND('',#319,.T.);
#194=FACE_OUTER_BOUND('',#320,.T.);
#195=FACE_OUTER_BOUND('',#321,.T.);
#196=FACE_OUTER_BOUND('',#323,.T.);
#197=FACE_OUTER_BOUND('',#325,.T.);
#198=FACE_OUTER_BOUND('',#326,.T.);
#199=FACE_OUTER_BOUND('',#327,.T.);
#200=FACE_OUTER_BOUND('',#328,.T.);
#201=EDGE_LOOP('',(#1219,#1220,#1221,#1222));
#202=EDGE_LOOP('',(#1223,#1224,#1225,#1226));
#203=EDGE_LOOP('',(#1227,#1228,#1229,#1230));
#204=EDGE_LOOP('',(#1231,#1232,#1233,#1234));
#205=EDGE_LOOP('',(#1235,#1236,#1237,#1238,#1239,#1240,#1241,#1242,#1243,
#1244,#1245,#1246,#1247,#1248,#1249,#1250,#1251,#1252,#1253,#1254));
#206=EDGE_LOOP('',(#1255,#1256,#1257,#1258,#1259,#1260));
#207=EDGE_LOOP('',(#1261,#1262,#1263,#1264,#1265,#1266));
#208=EDGE_LOOP('',(#1267,#1268,#1269,#1270,#1271,#1272,#1273,#1274));
#209=EDGE_LOOP('',(#1275,#1276,#1277,#1278,#1279,#1280));
#210=EDGE_LOOP('',(#1281,#1282,#1283,#1284,#1285,#1286,#1287,#1288));
#211=EDGE_LOOP('',(#1289,#1290,#1291,#1292,#1293,#1294,#1295,#1296));
#212=EDGE_LOOP('',(#1297,#1298,#1299,#1300));
#213=EDGE_LOOP('',(#1301,#1302,#1303,#1304,#1305,#1306));
#214=EDGE_LOOP('',(#1307));
#215=EDGE_LOOP('',(#1308,#1309,#1310,#1311));
#216=EDGE_LOOP('',(#1312,#1313,#1314,#1315));
#217=EDGE_LOOP('',(#1316,#1317,#1318,#1319));
#218=EDGE_LOOP('',(#1320,#1321,#1322,#1323));
#219=EDGE_LOOP('',(#1324,#1325,#1326,#1327));
#220=EDGE_LOOP('',(#1328,#1329,#1330,#1331));
#221=EDGE_LOOP('',(#1332,#1333,#1334,#1335));
#222=EDGE_LOOP('',(#1336));
#223=EDGE_LOOP('',(#1337));
#224=EDGE_LOOP('',(#1338,#1339,#1340,#1341));
#225=EDGE_LOOP('',(#1342,#1343,#1344,#1345));
#226=EDGE_LOOP('',(#1346,#1347,#1348,#1349));
#227=EDGE_LOOP('',(#1350,#1351,#1352,#1353));
#228=EDGE_LOOP('',(#1354,#1355,#1356,#1357));
#229=EDGE_LOOP('',(#1358,#1359,#1360,#1361));
#230=EDGE_LOOP('',(#1362,#1363,#1364,#1365));
#231=EDGE_LOOP('',(#1366,#1367,#1368,#1369));
#232=EDGE_LOOP('',(#1370,#1371,#1372,#1373));
#233=EDGE_LOOP('',(#1374,#1375,#1376,#1377));
#234=EDGE_LOOP('',(#1378,#1379,#1380,#1381));
#235=EDGE_LOOP('',(#1382,#1383,#1384,#1385));
#236=EDGE_LOOP('',(#1386,#1387,#1388,#1389));
#237=EDGE_LOOP('',(#1390,#1391,#1392,#1393));
#238=EDGE_LOOP('',(#1394,#1395,#1396,#1397));
#239=EDGE_LOOP('',(#1398,#1399,#1400,#1401,#1402));
#240=EDGE_LOOP('',(#1403,#1404,#1405,#1406));
#241=EDGE_LOOP('',(#1407,#1408,#1409));
#242=EDGE_LOOP('',(#1410,#1411,#1412,#1413));
#243=EDGE_LOOP('',(#1414,#1415,#1416,#1417,#1418,#1419));
#244=EDGE_LOOP('',(#1420,#1421,#1422,#1423));
#245=EDGE_LOOP('',(#1424,#1425,#1426,#1427));
#246=EDGE_LOOP('',(#1428,#1429,#1430,#1431,#1432));
#247=EDGE_LOOP('',(#1433,#1434,#1435,#1436,#1437));
#248=EDGE_LOOP('',(#1438,#1439,#1440,#1441,#1442));
#249=EDGE_LOOP('',(#1443,#1444,#1445,#1446,#1447,#1448,#1449,#1450));
#250=EDGE_LOOP('',(#1451,#1452,#1453,#1454,#1455,#1456));
#251=EDGE_LOOP('',(#1457,#1458,#1459,#1460));
#252=EDGE_LOOP('',(#1461,#1462,#1463,#1464,#1465,#1466,#1467,#1468,#1469));
#253=EDGE_LOOP('',(#1470,#1471,#1472,#1473));
#254=EDGE_LOOP('',(#1474,#1475,#1476,#1477));
#255=EDGE_LOOP('',(#1478,#1479,#1480,#1481));
#256=EDGE_LOOP('',(#1482,#1483,#1484,#1485));
#257=EDGE_LOOP('',(#1486,#1487,#1488,#1489));
#258=EDGE_LOOP('',(#1490,#1491,#1492,#1493));
#259=EDGE_LOOP('',(#1494,#1495,#1496,#1497));
#260=EDGE_LOOP('',(#1498,#1499,#1500,#1501));
#261=EDGE_LOOP('',(#1502,#1503,#1504,#1505));
#262=EDGE_LOOP('',(#1506,#1507,#1508,#1509));
#263=EDGE_LOOP('',(#1510,#1511,#1512,#1513));
#264=EDGE_LOOP('',(#1514,#1515,#1516,#1517));
#265=EDGE_LOOP('',(#1518,#1519,#1520,#1521));
#266=EDGE_LOOP('',(#1522,#1523,#1524,#1525));
#267=EDGE_LOOP('',(#1526,#1527,#1528,#1529));
#268=EDGE_LOOP('',(#1530,#1531,#1532,#1533));
#269=EDGE_LOOP('',(#1534,#1535,#1536,#1537));
#270=EDGE_LOOP('',(#1538,#1539,#1540,#1541));
#271=EDGE_LOOP('',(#1542,#1543,#1544,#1545));
#272=EDGE_LOOP('',(#1546,#1547,#1548,#1549,#1550,#1551));
#273=EDGE_LOOP('',(#1552,#1553,#1554,#1555));
#274=EDGE_LOOP('',(#1556,#1557,#1558,#1559));
#275=EDGE_LOOP('',(#1560,#1561,#1562,#1563));
#276=EDGE_LOOP('',(#1564,#1565,#1566,#1567,#1568,#1569));
#277=EDGE_LOOP('',(#1570,#1571,#1572,#1573));
#278=EDGE_LOOP('',(#1574,#1575,#1576,#1577));
#279=EDGE_LOOP('',(#1578,#1579,#1580,#1581));
#280=EDGE_LOOP('',(#1582,#1583,#1584,#1585));
#281=EDGE_LOOP('',(#1586,#1587,#1588,#1589));
#282=EDGE_LOOP('',(#1590,#1591,#1592,#1593));
#283=EDGE_LOOP('',(#1594,#1595,#1596,#1597));
#284=EDGE_LOOP('',(#1598,#1599,#1600,#1601));
#285=EDGE_LOOP('',(#1602,#1603,#1604,#1605,#1606,#1607));
#286=EDGE_LOOP('',(#1608));
#287=EDGE_LOOP('',(#1609,#1610,#1611,#1612));
#288=EDGE_LOOP('',(#1613,#1614,#1615,#1616,#1617));
#289=EDGE_LOOP('',(#1618,#1619,#1620,#1621,#1622));
#290=EDGE_LOOP('',(#1623));
#291=EDGE_LOOP('',(#1624));
#292=EDGE_LOOP('',(#1625));
#293=EDGE_LOOP('',(#1626));
#294=EDGE_LOOP('',(#1627,#1628,#1629,#1630));
#295=EDGE_LOOP('',(#1631,#1632,#1633,#1634,#1635,#1636,#1637,#1638));
#296=EDGE_LOOP('',(#1639));
#297=EDGE_LOOP('',(#1640));
#298=EDGE_LOOP('',(#1641,#1642,#1643,#1644,#1645,#1646));
#299=EDGE_LOOP('',(#1647,#1648,#1649,#1650,#1651,#1652));
#300=EDGE_LOOP('',(#1653,#1654,#1655,#1656,#1657,#1658,#1659,#1660));
#301=EDGE_LOOP('',(#1661,#1662,#1663,#1664,#1665,#1666,#1667,#1668));
#302=EDGE_LOOP('',(#1669,#1670,#1671,#1672,#1673,#1674,#1675,#1676));
#303=EDGE_LOOP('',(#1677,#1678,#1679,#1680,#1681,#1682,#1683,#1684));
#304=EDGE_LOOP('',(#1685));
#305=EDGE_LOOP('',(#1686,#1687,#1688,#1689));
#306=EDGE_LOOP('',(#1690,#1691,#1692,#1693));
#307=EDGE_LOOP('',(#1694));
#308=EDGE_LOOP('',(#1695));
#309=EDGE_LOOP('',(#1696,#1697,#1698,#1699));
#310=EDGE_LOOP('',(#1700));
#311=EDGE_LOOP('',(#1701));
#312=EDGE_LOOP('',(#1702,#1703,#1704,#1705));
#313=EDGE_LOOP('',(#1706));
#314=EDGE_LOOP('',(#1707));
#315=EDGE_LOOP('',(#1708,#1709,#1710,#1711));
#316=EDGE_LOOP('',(#1712,#1713,#1714,#1715,#1716,#1717));
#317=EDGE_LOOP('',(#1718,#1719,#1720,#1721));
#318=EDGE_LOOP('',(#1722,#1723,#1724,#1725,#1726,#1727,#1728,#1729,#1730,
#1731));
#319=EDGE_LOOP('',(#1732,#1733,#1734,#1735,#1736,#1737));
#320=EDGE_LOOP('',(#1738,#1739,#1740,#1741,#1742,#1743));
#321=EDGE_LOOP('',(#1744));
#322=EDGE_LOOP('',(#1745));
#323=EDGE_LOOP('',(#1746,#1747,#1748,#1749,#1750,#1751));
#324=EDGE_LOOP('',(#1752));
#325=EDGE_LOOP('',(#1753,#1754,#1755,#1756));
#326=EDGE_LOOP('',(#1757,#1758,#1759,#1760));
#327=EDGE_LOOP('',(#1761,#1762,#1763,#1764,#1765,#1766));
#328=EDGE_LOOP('',(#1767,#1768,#1769,#1770));
#329=LINE('',#2759,#491);
#330=LINE('',#2765,#492);
#331=LINE('',#2772,#493);
#332=LINE('',#2775,#494);
#333=LINE('',#2780,#495);
#334=LINE('',#2784,#496);
#335=LINE('',#2788,#497);
#336=LINE('',#2794,#498);
#337=LINE('',#2798,#499);
#338=LINE('',#2802,#500);
#339=LINE('',#2808,#501);
#340=LINE('',#2810,#502);
#341=LINE('',#2812,#503);
#342=LINE('',#2816,#504);
#343=LINE('',#2820,#505);
#344=LINE('',#2824,#506);
#345=LINE('',#2828,#507);
#346=LINE('',#2832,#508);
#347=LINE('',#2836,#509);
#348=LINE('',#2840,#510);
#349=LINE('',#2848,#511);
#350=LINE('',#2852,#512);
#351=LINE('',#2856,#513);
#352=LINE('',#2860,#514);
#353=LINE('',#2862,#515);
#354=LINE('',#2864,#516);
#355=LINE('',#2866,#517);
#356=LINE('',#2868,#518);
#357=LINE('',#2869,#519);
#358=LINE('',#2872,#520);
#359=LINE('',#2876,#521);
#360=LINE('',#2880,#522);
#361=LINE('',#2884,#523);
#362=LINE('',#2888,#524);
#363=LINE('',#2892,#525);
#364=LINE('',#2900,#526);
#365=LINE('',#2905,#527);
#366=LINE('',#2910,#528);
#367=LINE('',#2911,#529);
#368=LINE('',#2916,#530);
#369=LINE('',#2919,#531);
#370=LINE('',#2922,#532);
#371=LINE('',#2925,#533);
#372=LINE('',#2928,#534);
#373=LINE('',#2929,#535);
#374=LINE('',#2932,#536);
#375=LINE('',#2936,#537);
#376=LINE('',#2937,#538);
#377=LINE('',#2940,#539);
#378=LINE('',#2945,#540);
#379=LINE('',#2949,#541);
#380=LINE('',#2952,#542);
#381=LINE('',#2955,#543);
#382=LINE('',#2956,#544);
#383=LINE('',#2959,#545);
#384=LINE('',#2962,#546);
#385=LINE('',#2965,#547);
#386=LINE('',#2966,#548);
#387=LINE('',#2969,#549);
#388=LINE('',#2973,#550);
#389=LINE('',#2974,#551);
#390=LINE('',#2977,#552);
#391=LINE('',#2980,#553);
#392=LINE('',#2983,#554);
#393=LINE('',#2987,#555);
#394=LINE('',#2988,#556);
#395=LINE('',#2991,#557);
#396=LINE('',#2994,#558);
#397=LINE('',#2996,#559);
#398=LINE('',#2999,#560);
#399=LINE('',#3004,#561);
#400=LINE('',#3010,#562);
#401=LINE('',#3014,#563);
#402=LINE('',#3081,#564);
#403=LINE('',#3084,#565);
#404=LINE('',#3087,#566);
#405=LINE('',#3089,#567);
#406=LINE('',#3094,#568);
#407=LINE('',#3098,#569);
#408=LINE('',#3105,#570);
#409=LINE('',#3108,#571);
#410=LINE('',#3110,#572);
#411=LINE('',#3111,#573);
#412=LINE('',#3114,#574);
#413=LINE('',#3115,#575);
#414=LINE('',#3117,#576);
#415=LINE('',#3118,#577);
#416=LINE('',#3122,#578);
#417=LINE('',#3124,#579);
#418=LINE('',#3126,#580);
#419=LINE('',#3128,#581);
#420=LINE('',#3129,#582);
#421=LINE('',#3132,#583);
#422=LINE('',#3135,#584);
#423=LINE('',#3138,#585);
#424=LINE('',#3139,#586);
#425=LINE('',#3142,#587);
#426=LINE('',#3145,#588);
#427=LINE('',#3150,#589);
#428=LINE('',#3153,#590);
#429=LINE('',#3155,#591);
#430=LINE('',#3158,#592);
#431=LINE('',#3161,#593);
#432=LINE('',#3164,#594);
#433=LINE('',#3167,#595);
#434=LINE('',#3170,#596);
#435=LINE('',#3171,#597);
#436=LINE('',#3174,#598);
#437=LINE('',#3178,#599);
#438=LINE('',#3179,#600);
#439=LINE('',#3182,#601);
#440=LINE('',#3186,#602);
#441=LINE('',#3187,#603);
#442=LINE('',#3190,#604);
#443=LINE('',#3193,#605);
#444=LINE('',#3196,#606);
#445=LINE('',#3197,#607);
#446=LINE('',#3200,#608);
#447=LINE('',#3203,#609);
#448=LINE('',#3206,#610);
#449=LINE('',#3210,#611);
#450=LINE('',#3212,#612);
#451=LINE('',#3214,#613);
#452=LINE('',#3215,#614);
#453=LINE('',#3220,#615);
#454=LINE('',#3226,#616);
#455=LINE('',#3232,#617);
#456=LINE('',#3235,#618);
#457=LINE('',#3237,#619);
#458=LINE('',#3238,#620);
#459=LINE('',#3241,#621);
#460=LINE('',#3246,#622);
#461=LINE('',#3249,#623);
#462=LINE('',#3251,#624);
#463=LINE('',#3252,#625);
#464=LINE('',#3255,#626);
#465=LINE('',#3256,#627);
#466=LINE('',#3259,#628);
#467=LINE('',#3260,#629);
#468=LINE('',#3263,#630);
#469=LINE('',#3264,#631);
#470=LINE('',#3267,#632);
#471=LINE('',#3268,#633);
#472=LINE('',#3270,#634);
#473=LINE('',#3277,#635);
#474=LINE('',#3282,#636);
#475=LINE('',#3289,#637);
#476=LINE('',#3298,#638);
#477=LINE('',#3305,#639);
#478=LINE('',#3308,#640);
#479=LINE('',#3313,#641);
#480=LINE('',#3316,#642);
#481=LINE('',#3324,#643);
#482=LINE('',#3329,#644);
#483=LINE('',#3336,#645);
#484=LINE('',#3343,#646);
#485=LINE('',#3348,#647);
#486=LINE('',#3355,#648);
#487=LINE('',#3358,#649);
#488=LINE('',#3359,#650);
#489=LINE('',#3360,#651);
#490=LINE('',#3366,#652);
#491=VECTOR('',#2168,8.025);
#492=VECTOR('',#2175,8.025);
#493=VECTOR('',#2182,10.);
#494=VECTOR('',#2185,10.);
#495=VECTOR('',#2190,10.);
#496=VECTOR('',#2195,10.);
#497=VECTOR('',#2198,10.);
#498=VECTOR('',#2203,10.);
#499=VECTOR('',#2206,10.);
#500=VECTOR('',#2209,10.);
#501=VECTOR('',#2214,10.);
#502=VECTOR('',#2215,10.);
#503=VECTOR('',#2216,10.);
#504=VECTOR('',#2219,10.);
#505=VECTOR('',#2222,10.);
#506=VECTOR('',#2225,10.);
#507=VECTOR('',#2228,10.);
#508=VECTOR('',#2231,10.);
#509=VECTOR('',#2234,10.);
#510=VECTOR('',#2237,10.);
#511=VECTOR('',#2244,10.);
#512=VECTOR('',#2247,10.);
#513=VECTOR('',#2250,10.);
#514=VECTOR('',#2253,10.);
#515=VECTOR('',#2254,10.);
#516=VECTOR('',#2255,10.);
#517=VECTOR('',#2256,10.);
#518=VECTOR('',#2257,10.);
#519=VECTOR('',#2258,10.);
#520=VECTOR('',#2259,10.);
#521=VECTOR('',#2262,10.);
#522=VECTOR('',#2265,10.);
#523=VECTOR('',#2268,10.);
#524=VECTOR('',#2271,10.);
#525=VECTOR('',#2274,10.);
#526=VECTOR('',#2281,10.);
#527=VECTOR('',#2288,10.);
#528=VECTOR('',#2293,10.);
#529=VECTOR('',#2294,10.);
#530=VECTOR('',#2299,10.);
#531=VECTOR('',#2302,10.);
#532=VECTOR('',#2305,10.);
#533=VECTOR('',#2308,10.);
#534=VECTOR('',#2311,10.);
#535=VECTOR('',#2312,10.);
#536=VECTOR('',#2315,10.);
#537=VECTOR('',#2320,2.);
#538=VECTOR('',#2321,10.);
#539=VECTOR('',#2324,2.);
#540=VECTOR('',#2331,5.);
#541=VECTOR('',#2336,10.);
#542=VECTOR('',#2339,10.);
#543=VECTOR('',#2342,10.);
#544=VECTOR('',#2343,10.);
#545=VECTOR('',#2346,10.);
#546=VECTOR('',#2349,10.);
#547=VECTOR('',#2352,5.);
#548=VECTOR('',#2353,10.);
#549=VECTOR('',#2356,5.);
#550=VECTOR('',#2361,10.);
#551=VECTOR('',#2362,10.);
#552=VECTOR('',#2365,10.);
#553=VECTOR('',#2370,10.);
#554=VECTOR('',#2373,10.);
#555=VECTOR('',#2378,10.);
#556=VECTOR('',#2379,10.);
#557=VECTOR('',#2382,10.);
#558=VECTOR('',#2385,10.);
#559=VECTOR('',#2388,10.);
#560=VECTOR('',#2391,10.);
#561=VECTOR('',#2400,10.);
#562=VECTOR('',#2405,10.);
#563=VECTOR('',#2408,10.);
#564=VECTOR('',#2421,10.);
#565=VECTOR('',#2424,10.);
#566=VECTOR('',#2427,10.);
#567=VECTOR('',#2428,10.);
#568=VECTOR('',#2433,10.);
#569=VECTOR('',#2436,10.);
#570=VECTOR('',#2447,10.);
#571=VECTOR('',#2452,10.);
#572=VECTOR('',#2455,10.);
#573=VECTOR('',#2456,10.);
#574=VECTOR('',#2459,10.);
#575=VECTOR('',#2460,10.);
#576=VECTOR('',#2463,10.);
#577=VECTOR('',#2464,10.);
#578=VECTOR('',#2469,10.);
#579=VECTOR('',#2470,10.);
#580=VECTOR('',#2471,10.);
#581=VECTOR('',#2472,10.);
#582=VECTOR('',#2473,10.);
#583=VECTOR('',#2476,10.);
#584=VECTOR('',#2479,10.);
#585=VECTOR('',#2482,10.);
#586=VECTOR('',#2483,10.);
#587=VECTOR('',#2486,10.);
#588=VECTOR('',#2489,10.);
#589=VECTOR('',#2496,10.);
#590=VECTOR('',#2499,10.);
#591=VECTOR('',#2502,10.);
#592=VECTOR('',#2505,10.);
#593=VECTOR('',#2510,10.);
#594=VECTOR('',#2513,10.);
#595=VECTOR('',#2516,10.);
#596=VECTOR('',#2519,10.);
#597=VECTOR('',#2520,10.);
#598=VECTOR('',#2523,10.);
#599=VECTOR('',#2528,10.);
#600=VECTOR('',#2529,10.);
#601=VECTOR('',#2532,10.);
#602=VECTOR('',#2537,10.);
#603=VECTOR('',#2538,10.);
#604=VECTOR('',#2541,10.);
#605=VECTOR('',#2544,10.);
#606=VECTOR('',#2547,10.);
#607=VECTOR('',#2548,10.);
#608=VECTOR('',#2551,10.);
#609=VECTOR('',#2556,10.);
#610=VECTOR('',#2559,10.);
#611=VECTOR('',#2564,10.);
#612=VECTOR('',#2565,10.);
#613=VECTOR('',#2566,10.);
#614=VECTOR('',#2567,10.);
#615=VECTOR('',#2572,10.);
#616=VECTOR('',#2579,10.);
#617=VECTOR('',#2586,10.);
#618=VECTOR('',#2591,10.);
#619=VECTOR('',#2592,10.);
#620=VECTOR('',#2593,10.);
#621=VECTOR('',#2596,10.);
#622=VECTOR('',#2603,10.);
#623=VECTOR('',#2606,10.);
#624=VECTOR('',#2607,10.);
#625=VECTOR('',#2608,10.);
#626=VECTOR('',#2611,10.);
#627=VECTOR('',#2612,10.);
#628=VECTOR('',#2615,10.);
#629=VECTOR('',#2616,10.);
#630=VECTOR('',#2619,10.);
#631=VECTOR('',#2620,10.);
#632=VECTOR('',#2623,10.);
#633=VECTOR('',#2624,10.);
#634=VECTOR('',#2627,10.);
#635=VECTOR('',#2636,2.25);
#636=VECTOR('',#2641,5.75);
#637=VECTOR('',#2650,4.);
#638=VECTOR('',#2661,19.165);
#639=VECTOR('',#2670,10.);
#640=VECTOR('',#2673,10.);
#641=VECTOR('',#2678,10.25);
#642=VECTOR('',#2683,8.75);
#643=VECTOR('',#2692,14.25);
#644=VECTOR('',#2699,12.5);
#645=VECTOR('',#2708,6.375);
#646=VECTOR('',#2717,10.);
#647=VECTOR('',#2722,10.);
#648=VECTOR('',#2733,10.);
#649=VECTOR('',#2736,10.);
#650=VECTOR('',#2737,10.);
#651=VECTOR('',#2738,10.);
#652=VECTOR('',#2749,10.);
#653=CIRCLE('',#1949,8.025);
#654=CIRCLE('',#1950,8.025);
#655=CIRCLE('',#1952,8.025);
#656=CIRCLE('',#1953,8.025);
#657=CIRCLE('',#1955,0.5);
#658=CIRCLE('',#1956,0.5);
#659=CIRCLE('',#1958,11.90625);
#660=CIRCLE('',#1959,11.90625);
#661=CIRCLE('',#1961,100.);
#662=CIRCLE('',#1962,1.);
#663=CIRCLE('',#1963,12.90625);
#664=CIRCLE('',#1964,5.);
#665=CIRCLE('',#1965,5.);
#666=CIRCLE('',#1966,12.90625);
#667=CIRCLE('',#1967,1.);
#668=CIRCLE('',#1968,11.);
#669=CIRCLE('',#1969,0.5);
#670=CIRCLE('',#1970,2.);
#671=CIRCLE('',#1971,2.);
#672=CIRCLE('',#1972,2.);
#673=CIRCLE('',#1973,5.);
#674=CIRCLE('',#1974,5.);
#675=CIRCLE('',#1975,5.);
#676=CIRCLE('',#1976,28.08);
#677=CIRCLE('',#1977,5.);
#678=CIRCLE('',#1978,5.);
#679=CIRCLE('',#1979,5.);
#680=CIRCLE('',#1980,5.);
#681=CIRCLE('',#1981,5.);
#682=CIRCLE('',#1982,5.);
#683=CIRCLE('',#1983,5.);
#684=CIRCLE('',#1984,5.);
#685=CIRCLE('',#1985,5.);
#686=CIRCLE('',#1986,5.);
#687=CIRCLE('',#1987,28.08);
#688=CIRCLE('',#1988,5.);
#689=CIRCLE('',#1989,5.);
#690=CIRCLE('',#1991,0.5);
#691=CIRCLE('',#1993,11.90625);
#692=CIRCLE('',#1994,5.);
#693=CIRCLE('',#1996,11.90625);
#694=CIRCLE('',#1998,2.);
#695=CIRCLE('',#2001,2.);
#696=CIRCLE('',#2004,2.);
#697=CIRCLE('',#2006,5.);
#698=CIRCLE('',#2009,5.);
#699=CIRCLE('',#2012,5.);
#700=CIRCLE('',#2015,5.);
#701=CIRCLE('',#2018,5.);
#702=CIRCLE('',#2021,5.);
#703=CIRCLE('',#2024,5.);
#704=CIRCLE('',#2027,5.);
#705=CIRCLE('',#2029,28.08);
#706=CIRCLE('',#2033,1.);
#707=CIRCLE('',#2034,1.);
#708=CIRCLE('',#2036,1.);
#709=CIRCLE('',#2037,11.);
#710=CIRCLE('',#2038,12.);
#711=CIRCLE('',#2040,1.);
#712=CIRCLE('',#2042,99.);
#713=CIRCLE('',#2047,1.);
#714=CIRCLE('',#2048,100.);
#715=CIRCLE('',#2058,5.);
#716=CIRCLE('',#2061,5.);
#717=CIRCLE('',#2063,28.08);
#718=CIRCLE('',#2065,5.);
#719=CIRCLE('',#2068,5.);
#720=CIRCLE('',#2071,5.);
#721=CIRCLE('',#2074,5.);
#722=CIRCLE('',#2077,5.);
#723=CIRCLE('',#2080,5.);
#724=CIRCLE('',#2083,5.);
#725=CIRCLE('',#2086,5.);
#726=CIRCLE('',#2089,5.);
#727=CIRCLE('',#2090,5.);
#728=CIRCLE('',#2092,12.90625);
#729=CIRCLE('',#2093,12.90625);
#730=CIRCLE('',#2095,5.);
#731=CIRCLE('',#2096,5.);
#732=CIRCLE('',#2099,12.90625);
#733=CIRCLE('',#2101,12.90625);
#734=CIRCLE('',#2109,2.25);
#735=CIRCLE('',#2111,2.25);
#736=CIRCLE('',#2113,7.5);
#737=CIRCLE('',#2114,4.);
#738=CIRCLE('',#2115,4.);
#739=CIRCLE('',#2117,4.);
#740=CIRCLE('',#2119,8.75);
#741=CIRCLE('',#2122,20.08);
#742=CIRCLE('',#2123,18.25);
#743=CIRCLE('',#2125,100.);
#744=CIRCLE('',#2126,11.90625);
#745=CIRCLE('',#2127,100.);
#746=CIRCLE('',#2129,11.75);
#747=CIRCLE('',#2130,8.75);
#748=CIRCLE('',#2133,12.5);
#749=CIRCLE('',#2135,14.25);
#750=CIRCLE('',#2136,14.25);
#751=CIRCLE('',#2139,12.5);
#752=CIRCLE('',#2142,6.375);
#753=CIRCLE('',#2143,6.375);
#754=CIRCLE('',#2145,1.);
#755=CIRCLE('',#2146,1.);
#756=CIRCLE('',#2148,11.90625);
#757=CIRCLE('',#2149,11.90625);
#758=CIRCLE('',#2151,1.);
#759=CIRCLE('',#2153,1.);
#760=CIRCLE('',#2157,11.90625);
#761=VERTEX_POINT('',#2756);
#762=VERTEX_POINT('',#2758);
#763=VERTEX_POINT('',#2762);
#764=VERTEX_POINT('',#2764);
#765=VERTEX_POINT('',#2768);
#766=VERTEX_POINT('',#2769);
#767=VERTEX_POINT('',#2771);
#768=VERTEX_POINT('',#2773);
#769=VERTEX_POINT('',#2777);
#770=VERTEX_POINT('',#2779);
#771=VERTEX_POINT('',#2783);
#772=VERTEX_POINT('',#2785);
#773=VERTEX_POINT('',#2787);
#774=VERTEX_POINT('',#2789);
#775=VERTEX_POINT('',#2791);
#776=VERTEX_POINT('',#2793);
#777=VERTEX_POINT('',#2795);
#778=VERTEX_POINT('',#2797);
#779=VERTEX_POINT('',#2799);
#780=VERTEX_POINT('',#2801);
#781=VERTEX_POINT('',#2803);
#782=VERTEX_POINT('',#2805);
#783=VERTEX_POINT('',#2807);
#784=VERTEX_POINT('',#2809);
#785=VERTEX_POINT('',#2811);
#786=VERTEX_POINT('',#2813);
#787=VERTEX_POINT('',#2815);
#788=VERTEX_POINT('',#2818);
#789=VERTEX_POINT('',#2819);
#790=VERTEX_POINT('',#2821);
#791=VERTEX_POINT('',#2823);
#792=VERTEX_POINT('',#2825);
#793=VERTEX_POINT('',#2827);
#794=VERTEX_POINT('',#2830);
#795=VERTEX_POINT('',#2831);
#796=VERTEX_POINT('',#2833);
#797=VERTEX_POINT('',#2835);
#798=VERTEX_POINT('',#2837);
#799=VERTEX_POINT('',#2839);
#800=VERTEX_POINT('',#2842);
#801=VERTEX_POINT('',#2843);
#802=VERTEX_POINT('',#2845);
#803=VERTEX_POINT('',#2847);
#804=VERTEX_POINT('',#2849);
#805=VERTEX_POINT('',#2851);
#806=VERTEX_POINT('',#2853);
#807=VERTEX_POINT('',#2855);
#808=VERTEX_POINT('',#2858);
#809=VERTEX_POINT('',#2859);
#810=VERTEX_POINT('',#2861);
#811=VERTEX_POINT('',#2863);
#812=VERTEX_POINT('',#2865);
#813=VERTEX_POINT('',#2867);
#814=VERTEX_POINT('',#2870);
#815=VERTEX_POINT('',#2871);
#816=VERTEX_POINT('',#2873);
#817=VERTEX_POINT('',#2875);
#818=VERTEX_POINT('',#2877);
#819=VERTEX_POINT('',#2879);
#820=VERTEX_POINT('',#2881);
#821=VERTEX_POINT('',#2883);
#822=VERTEX_POINT('',#2886);
#823=VERTEX_POINT('',#2887);
#824=VERTEX_POINT('',#2889);
#825=VERTEX_POINT('',#2891);
#826=VERTEX_POINT('',#2893);
#827=VERTEX_POINT('',#2895);
#828=VERTEX_POINT('',#2897);
#829=VERTEX_POINT('',#2899);
#830=VERTEX_POINT('',#2903);
#831=VERTEX_POINT('',#2907);
#832=VERTEX_POINT('',#2908);
#833=VERTEX_POINT('',#2912);
#834=VERTEX_POINT('',#2915);
#835=VERTEX_POINT('',#2917);
#836=VERTEX_POINT('',#2921);
#837=VERTEX_POINT('',#2923);
#838=VERTEX_POINT('',#2927);
#839=VERTEX_POINT('',#2931);
#840=VERTEX_POINT('',#2935);
#841=VERTEX_POINT('',#2939);
#842=VERTEX_POINT('',#2943);
#843=VERTEX_POINT('',#2948);
#844=VERTEX_POINT('',#2950);
#845=VERTEX_POINT('',#2954);
#846=VERTEX_POINT('',#2958);
#847=VERTEX_POINT('',#2960);
#848=VERTEX_POINT('',#2964);
#849=VERTEX_POINT('',#2968);
#850=VERTEX_POINT('',#2972);
#851=VERTEX_POINT('',#2976);
#852=VERTEX_POINT('',#2982);
#853=VERTEX_POINT('',#2986);
#854=VERTEX_POINT('',#2990);
#855=VERTEX_POINT('',#2992);
#856=VERTEX_POINT('',#2998);
#857=VERTEX_POINT('',#3006);
#858=VERTEX_POINT('',#3007);
#859=VERTEX_POINT('',#3009);
#860=VERTEX_POINT('',#3011);
#861=VERTEX_POINT('',#3013);
#862=VERTEX_POINT('',#3017);
#863=VERTEX_POINT('',#3018);
#864=VERTEX_POINT('',#3062);
#865=VERTEX_POINT('',#3080);
#866=VERTEX_POINT('',#3082);
#867=VERTEX_POINT('',#3086);
#868=VERTEX_POINT('',#3088);
#869=VERTEX_POINT('',#3092);
#870=VERTEX_POINT('',#3093);
#871=VERTEX_POINT('',#3095);
#872=VERTEX_POINT('',#3097);
#873=VERTEX_POINT('',#3101);
#874=VERTEX_POINT('',#3113);
#875=VERTEX_POINT('',#3121);
#876=VERTEX_POINT('',#3123);
#877=VERTEX_POINT('',#3125);
#878=VERTEX_POINT('',#3127);
#879=VERTEX_POINT('',#3131);
#880=VERTEX_POINT('',#3133);
#881=VERTEX_POINT('',#3137);
#882=VERTEX_POINT('',#3141);
#883=VERTEX_POINT('',#3143);
#884=VERTEX_POINT('',#3149);
#885=VERTEX_POINT('',#3151);
#886=VERTEX_POINT('',#3157);
#887=VERTEX_POINT('',#3163);
#888=VERTEX_POINT('',#3165);
#889=VERTEX_POINT('',#3169);
#890=VERTEX_POINT('',#3173);
#891=VERTEX_POINT('',#3177);
#892=VERTEX_POINT('',#3181);
#893=VERTEX_POINT('',#3185);
#894=VERTEX_POINT('',#3189);
#895=VERTEX_POINT('',#3191);
#896=VERTEX_POINT('',#3195);
#897=VERTEX_POINT('',#3199);
#898=VERTEX_POINT('',#3205);
#899=VERTEX_POINT('',#3209);
#900=VERTEX_POINT('',#3211);
#901=VERTEX_POINT('',#3213);
#902=VERTEX_POINT('',#3217);
#903=VERTEX_POINT('',#3219);
#904=VERTEX_POINT('',#3223);
#905=VERTEX_POINT('',#3225);
#906=VERTEX_POINT('',#3229);
#907=VERTEX_POINT('',#3231);
#908=VERTEX_POINT('',#3236);
#909=VERTEX_POINT('',#3240);
#910=VERTEX_POINT('',#3244);
#911=VERTEX_POINT('',#3248);
#912=VERTEX_POINT('',#3250);
#913=VERTEX_POINT('',#3254);
#914=VERTEX_POINT('',#3258);
#915=VERTEX_POINT('',#3262);
#916=VERTEX_POINT('',#3266);
#917=VERTEX_POINT('',#3272);
#918=VERTEX_POINT('',#3275);
#919=VERTEX_POINT('',#3279);
#920=VERTEX_POINT('',#3281);
#921=VERTEX_POINT('',#3283);
#922=VERTEX_POINT('',#3287);
#923=VERTEX_POINT('',#3291);
#924=VERTEX_POINT('',#3295);
#925=VERTEX_POINT('',#3297);
#926=VERTEX_POINT('',#3302);
#927=VERTEX_POINT('',#3304);
#928=VERTEX_POINT('',#3306);
#929=VERTEX_POINT('',#3310);
#930=VERTEX_POINT('',#3312);
#931=VERTEX_POINT('',#3318);
#932=VERTEX_POINT('',#3321);
#933=VERTEX_POINT('',#3323);
#934=VERTEX_POINT('',#3328);
#935=VERTEX_POINT('',#3333);
#936=VERTEX_POINT('',#3335);
#937=VERTEX_POINT('',#3339);
#938=VERTEX_POINT('',#3341);
#939=VERTEX_POINT('',#3345);
#940=VERTEX_POINT('',#3347);
#941=VERTEX_POINT('',#3353);
#942=VERTEX_POINT('',#3357);
#943=EDGE_CURVE('',#761,#761,#653,.T.);
#944=EDGE_CURVE('',#761,#762,#329,.T.);
#945=EDGE_CURVE('',#762,#762,#654,.T.);
#946=EDGE_CURVE('',#763,#763,#655,.T.);
#947=EDGE_CURVE('',#763,#764,#330,.T.);
#948=EDGE_CURVE('',#764,#764,#656,.T.);
#949=EDGE_CURVE('',#765,#766,#657,.T.);
#950=EDGE_CURVE('',#765,#767,#331,.T.);
#951=EDGE_CURVE('',#767,#768,#658,.T.);
#952=EDGE_CURVE('',#768,#766,#332,.T.);
#953=EDGE_CURVE('',#769,#768,#659,.T.);
#954=EDGE_CURVE('',#770,#769,#333,.T.);
#955=EDGE_CURVE('',#770,#766,#660,.T.);
#956=EDGE_CURVE('',#771,#767,#334,.T.);
#957=EDGE_CURVE('',#772,#771,#661,.T.);
#958=EDGE_CURVE('',#773,#772,#335,.T.);
#959=EDGE_CURVE('',#774,#773,#662,.T.);
#960=EDGE_CURVE('',#774,#775,#663,.T.);
#961=EDGE_CURVE('',#775,#776,#336,.T.);
#962=EDGE_CURVE('',#777,#776,#664,.T.);
#963=EDGE_CURVE('',#777,#778,#337,.T.);
#964=EDGE_CURVE('',#779,#778,#665,.T.);
#965=EDGE_CURVE('',#779,#780,#338,.T.);
#966=EDGE_CURVE('',#780,#781,#666,.T.);
#967=EDGE_CURVE('',#782,#781,#667,.T.);
#968=EDGE_CURVE('',#783,#782,#339,.T.);
#969=EDGE_CURVE('',#783,#784,#340,.T.);
#970=EDGE_CURVE('',#784,#785,#341,.T.);
#971=EDGE_CURVE('',#786,#785,#668,.T.);
#972=EDGE_CURVE('',#787,#786,#342,.T.);
#973=EDGE_CURVE('',#769,#787,#669,.T.);
#974=EDGE_CURVE('',#788,#789,#343,.T.);
#975=EDGE_CURVE('',#790,#789,#670,.T.);
#976=EDGE_CURVE('',#790,#791,#344,.T.);
#977=EDGE_CURVE('',#792,#791,#671,.T.);
#978=EDGE_CURVE('',#792,#793,#345,.T.);
#979=EDGE_CURVE('',#793,#788,#672,.F.);
#980=EDGE_CURVE('',#794,#795,#346,.T.);
#981=EDGE_CURVE('',#796,#795,#673,.T.);
#982=EDGE_CURVE('',#796,#797,#347,.T.);
#983=EDGE_CURVE('',#798,#797,#674,.T.);
#984=EDGE_CURVE('',#798,#799,#348,.T.);
#985=EDGE_CURVE('',#799,#794,#675,.F.);
#986=EDGE_CURVE('',#800,#801,#676,.T.);
#987=EDGE_CURVE('',#802,#801,#677,.T.);
#988=EDGE_CURVE('',#802,#803,#349,.T.);
#989=EDGE_CURVE('',#804,#803,#678,.T.);
#990=EDGE_CURVE('',#804,#805,#350,.T.);
#991=EDGE_CURVE('',#806,#805,#679,.T.);
#992=EDGE_CURVE('',#806,#807,#351,.T.);
#993=EDGE_CURVE('',#800,#807,#680,.T.);
#994=EDGE_CURVE('',#808,#809,#352,.T.);
#995=EDGE_CURVE('',#809,#810,#353,.T.);
#996=EDGE_CURVE('',#810,#811,#354,.T.);
#997=EDGE_CURVE('',#811,#812,#355,.T.);
#998=EDGE_CURVE('',#812,#813,#356,.T.);
#999=EDGE_CURVE('',#813,#808,#357,.T.);
#1000=EDGE_CURVE('',#814,#815,#358,.T.);
#1001=EDGE_CURVE('',#816,#815,#681,.T.);
#1002=EDGE_CURVE('',#816,#817,#359,.T.);
#1003=EDGE_CURVE('',#818,#817,#682,.T.);
#1004=EDGE_CURVE('',#818,#819,#360,.T.);
#1005=EDGE_CURVE('',#820,#819,#683,.T.);
#1006=EDGE_CURVE('',#820,#821,#361,.T.);
#1007=EDGE_CURVE('',#814,#821,#684,.T.);
#1008=EDGE_CURVE('',#822,#823,#362,.T.);
#1009=EDGE_CURVE('',#824,#823,#685,.T.);
#1010=EDGE_CURVE('',#824,#825,#363,.T.);
#1011=EDGE_CURVE('',#826,#825,#686,.T.);
#1012=EDGE_CURVE('',#826,#827,#687,.T.);
#1013=EDGE_CURVE('',#828,#827,#688,.T.);
#1014=EDGE_CURVE('',#828,#829,#364,.T.);
#1015=EDGE_CURVE('',#822,#829,#689,.T.);
#1016=EDGE_CURVE('',#830,#770,#690,.F.);
#1017=EDGE_CURVE('',#787,#830,#365,.T.);
#1018=EDGE_CURVE('',#831,#832,#691,.T.);
#1019=EDGE_CURVE('',#831,#765,#366,.T.);
#1020=EDGE_CURVE('',#830,#832,#367,.T.);
#1021=EDGE_CURVE('',#833,#833,#692,.T.);
#1022=EDGE_CURVE('',#832,#834,#368,.T.);
#1023=EDGE_CURVE('',#835,#834,#693,.T.);
#1024=EDGE_CURVE('',#831,#835,#369,.T.);
#1025=EDGE_CURVE('',#791,#836,#370,.T.);
#1026=EDGE_CURVE('',#836,#837,#694,.T.);
#1027=EDGE_CURVE('',#837,#792,#371,.T.);
#1028=EDGE_CURVE('',#838,#790,#372,.T.);
#1029=EDGE_CURVE('',#836,#838,#373,.T.);
#1030=EDGE_CURVE('',#789,#839,#374,.T.);
#1031=EDGE_CURVE('',#839,#838,#695,.T.);
#1032=EDGE_CURVE('',#840,#788,#375,.T.);
#1033=EDGE_CURVE('',#839,#840,#376,.T.);
#1034=EDGE_CURVE('',#793,#841,#377,.T.);
#1035=EDGE_CURVE('',#841,#840,#696,.T.);
#1036=EDGE_CURVE('',#842,#842,#697,.T.);
#1037=EDGE_CURVE('',#842,#833,#378,.T.);
#1038=EDGE_CURVE('',#805,#843,#379,.T.);
#1039=EDGE_CURVE('',#843,#844,#698,.T.);
#1040=EDGE_CURVE('',#844,#806,#380,.T.);
#1041=EDGE_CURVE('',#845,#804,#381,.T.);
#1042=EDGE_CURVE('',#843,#845,#382,.T.);
#1043=EDGE_CURVE('',#795,#846,#383,.T.);
#1044=EDGE_CURVE('',#846,#847,#699,.T.);
#1045=EDGE_CURVE('',#847,#796,#384,.T.);
#1046=EDGE_CURVE('',#848,#794,#385,.T.);
#1047=EDGE_CURVE('',#846,#848,#386,.T.);
#1048=EDGE_CURVE('',#799,#849,#387,.T.);
#1049=EDGE_CURVE('',#849,#848,#700,.T.);
#1050=EDGE_CURVE('',#850,#798,#388,.T.);
#1051=EDGE_CURVE('',#849,#850,#389,.T.);
#1052=EDGE_CURVE('',#797,#851,#390,.T.);
#1053=EDGE_CURVE('',#851,#850,#701,.T.);
#1054=EDGE_CURVE('',#851,#847,#391,.T.);
#1055=EDGE_CURVE('',#803,#852,#392,.T.);
#1056=EDGE_CURVE('',#852,#845,#702,.T.);
#1057=EDGE_CURVE('',#853,#802,#393,.T.);
#1058=EDGE_CURVE('',#852,#853,#394,.T.);
#1059=EDGE_CURVE('',#807,#854,#395,.T.);
#1060=EDGE_CURVE('',#854,#855,#703,.T.);
#1061=EDGE_CURVE('',#855,#800,#396,.T.);
#1062=EDGE_CURVE('',#854,#844,#397,.T.);
#1063=EDGE_CURVE('',#801,#856,#398,.T.);
#1064=EDGE_CURVE('',#856,#853,#704,.T.);
#1065=EDGE_CURVE('',#856,#855,#705,.T.);
#1066=EDGE_CURVE('',#841,#837,#399,.T.);
#1067=EDGE_CURVE('',#857,#858,#23,.T.);
#1068=EDGE_CURVE('',#857,#859,#400,.T.);
#1069=EDGE_CURVE('',#859,#860,#706,.T.);
#1070=EDGE_CURVE('',#860,#861,#401,.T.);
#1071=EDGE_CURVE('',#858,#861,#707,.T.);
#1072=EDGE_CURVE('',#862,#863,#708,.T.);
#1073=EDGE_CURVE('',#863,#860,#709,.T.);
#1074=EDGE_CURVE('',#859,#862,#710,.T.);
#1075=EDGE_CURVE('',#862,#864,#18,.T.);
#1076=EDGE_CURVE('',#864,#863,#19,.T.);
#1077=EDGE_CURVE('',#862,#865,#402,.T.);
#1078=EDGE_CURVE('',#865,#866,#711,.T.);
#1079=EDGE_CURVE('',#866,#864,#403,.T.);
#1080=EDGE_CURVE('',#867,#857,#404,.T.);
#1081=EDGE_CURVE('',#868,#867,#405,.T.);
#1082=EDGE_CURVE('',#865,#868,#712,.T.);
#1083=EDGE_CURVE('',#869,#870,#406,.T.);
#1084=EDGE_CURVE('',#870,#871,#24,.F.);
#1085=EDGE_CURVE('',#871,#872,#407,.T.);
#1086=EDGE_CURVE('',#872,#869,#25,.T.);
#1087=EDGE_CURVE('',#868,#873,#713,.T.);
#1088=EDGE_CURVE('',#873,#866,#714,.T.);
#1089=EDGE_CURVE('',#872,#873,#408,.T.);
#1090=EDGE_CURVE('',#867,#869,#26,.T.);
#1091=EDGE_CURVE('',#858,#870,#409,.T.);
#1092=EDGE_CURVE('',#864,#786,#410,.T.);
#1093=EDGE_CURVE('',#785,#860,#411,.T.);
#1094=EDGE_CURVE('',#874,#866,#412,.T.);
#1095=EDGE_CURVE('',#834,#874,#413,.T.);
#1096=EDGE_CURVE('',#784,#861,#414,.T.);
#1097=EDGE_CURVE('',#871,#783,#415,.T.);
#1098=EDGE_CURVE('',#875,#782,#416,.T.);
#1099=EDGE_CURVE('',#876,#875,#417,.T.);
#1100=EDGE_CURVE('',#876,#877,#418,.T.);
#1101=EDGE_CURVE('',#878,#877,#419,.T.);
#1102=EDGE_CURVE('',#873,#878,#420,.T.);
#1103=EDGE_CURVE('',#825,#879,#421,.T.);
#1104=EDGE_CURVE('',#879,#880,#715,.T.);
#1105=EDGE_CURVE('',#880,#826,#422,.T.);
#1106=EDGE_CURVE('',#881,#824,#423,.T.);
#1107=EDGE_CURVE('',#879,#881,#424,.T.);
#1108=EDGE_CURVE('',#827,#882,#425,.T.);
#1109=EDGE_CURVE('',#882,#883,#716,.T.);
#1110=EDGE_CURVE('',#883,#828,#426,.T.);
#1111=EDGE_CURVE('',#882,#880,#717,.T.);
#1112=EDGE_CURVE('',#829,#884,#427,.T.);
#1113=EDGE_CURVE('',#884,#885,#718,.T.);
#1114=EDGE_CURVE('',#885,#822,#428,.T.);
#1115=EDGE_CURVE('',#884,#883,#429,.T.);
#1116=EDGE_CURVE('',#823,#886,#430,.T.);
#1117=EDGE_CURVE('',#886,#881,#719,.T.);
#1118=EDGE_CURVE('',#886,#885,#431,.T.);
#1119=EDGE_CURVE('',#819,#887,#432,.T.);
#1120=EDGE_CURVE('',#887,#888,#720,.T.);
#1121=EDGE_CURVE('',#888,#820,#433,.T.);
#1122=EDGE_CURVE('',#889,#818,#434,.T.);
#1123=EDGE_CURVE('',#887,#889,#435,.T.);
#1124=EDGE_CURVE('',#817,#890,#436,.T.);
#1125=EDGE_CURVE('',#890,#889,#721,.T.);
#1126=EDGE_CURVE('',#891,#816,#437,.T.);
#1127=EDGE_CURVE('',#890,#891,#438,.T.);
#1128=EDGE_CURVE('',#815,#892,#439,.T.);
#1129=EDGE_CURVE('',#892,#891,#722,.T.);
#1130=EDGE_CURVE('',#893,#814,#440,.T.);
#1131=EDGE_CURVE('',#892,#893,#441,.T.);
#1132=EDGE_CURVE('',#778,#894,#442,.T.);
#1133=EDGE_CURVE('',#894,#895,#723,.T.);
#1134=EDGE_CURVE('',#895,#779,#443,.T.);
#1135=EDGE_CURVE('',#896,#777,#444,.T.);
#1136=EDGE_CURVE('',#894,#896,#445,.T.);
#1137=EDGE_CURVE('',#821,#897,#446,.T.);
#1138=EDGE_CURVE('',#897,#893,#724,.T.);
#1139=EDGE_CURVE('',#897,#888,#447,.T.);
#1140=EDGE_CURVE('',#776,#898,#448,.T.);
#1141=EDGE_CURVE('',#898,#896,#725,.T.);
#1142=EDGE_CURVE('',#899,#775,#449,.T.);
#1143=EDGE_CURVE('',#899,#900,#450,.T.);
#1144=EDGE_CURVE('',#901,#900,#451,.T.);
#1145=EDGE_CURVE('',#898,#901,#452,.T.);
#1146=EDGE_CURVE('',#900,#902,#726,.T.);
#1147=EDGE_CURVE('',#902,#903,#453,.T.);
#1148=EDGE_CURVE('',#903,#901,#727,.T.);
#1149=EDGE_CURVE('',#902,#904,#728,.T.);
#1150=EDGE_CURVE('',#905,#904,#454,.T.);
#1151=EDGE_CURVE('',#903,#905,#729,.T.);
#1152=EDGE_CURVE('',#906,#904,#730,.F.);
#1153=EDGE_CURVE('',#906,#907,#455,.T.);
#1154=EDGE_CURVE('',#907,#905,#731,.T.);
#1155=EDGE_CURVE('',#907,#895,#456,.T.);
#1156=EDGE_CURVE('',#906,#908,#457,.T.);
#1157=EDGE_CURVE('',#780,#908,#458,.T.);
#1158=EDGE_CURVE('',#909,#774,#459,.T.);
#1159=EDGE_CURVE('',#909,#899,#732,.T.);
#1160=EDGE_CURVE('',#908,#910,#733,.T.);
#1161=EDGE_CURVE('',#781,#910,#460,.T.);
#1162=EDGE_CURVE('',#808,#911,#461,.T.);
#1163=EDGE_CURVE('',#911,#912,#462,.T.);
#1164=EDGE_CURVE('',#809,#912,#463,.T.);
#1165=EDGE_CURVE('',#813,#913,#464,.T.);
#1166=EDGE_CURVE('',#913,#911,#465,.T.);
#1167=EDGE_CURVE('',#812,#914,#466,.T.);
#1168=EDGE_CURVE('',#914,#913,#467,.T.);
#1169=EDGE_CURVE('',#811,#915,#468,.T.);
#1170=EDGE_CURVE('',#915,#914,#469,.T.);
#1171=EDGE_CURVE('',#810,#916,#470,.T.);
#1172=EDGE_CURVE('',#916,#915,#471,.T.);
#1173=EDGE_CURVE('',#912,#916,#472,.T.);
#1174=EDGE_CURVE('',#917,#917,#734,.T.);
#1175=EDGE_CURVE('',#918,#918,#735,.T.);
#1176=EDGE_CURVE('',#918,#917,#473,.T.);
#1177=EDGE_CURVE('',#919,#919,#736,.T.);
#1178=EDGE_CURVE('',#919,#920,#474,.T.);
#1179=EDGE_CURVE('',#920,#921,#737,.T.);
#1180=EDGE_CURVE('',#921,#920,#738,.T.);
#1181=EDGE_CURVE('',#922,#922,#739,.T.);
#1182=EDGE_CURVE('',#922,#921,#475,.T.);
#1183=EDGE_CURVE('',#923,#923,#740,.T.);
#1184=EDGE_CURVE('',#924,#924,#741,.T.);
#1185=EDGE_CURVE('',#924,#925,#476,.T.);
#1186=EDGE_CURVE('',#925,#925,#742,.T.);
#1187=EDGE_CURVE('',#878,#874,#743,.T.);
#1188=EDGE_CURVE('',#877,#926,#744,.T.);
#1189=EDGE_CURVE('',#926,#927,#477,.T.);
#1190=EDGE_CURVE('',#928,#927,#745,.T.);
#1191=EDGE_CURVE('',#928,#835,#478,.T.);
#1192=EDGE_CURVE('',#929,#929,#746,.T.);
#1193=EDGE_CURVE('',#929,#930,#479,.T.);
#1194=EDGE_CURVE('',#930,#930,#747,.T.);
#1195=EDGE_CURVE('',#930,#923,#480,.T.);
#1196=EDGE_CURVE('',#931,#931,#748,.T.);
#1197=EDGE_CURVE('',#932,#932,#749,.T.);
#1198=EDGE_CURVE('',#932,#933,#481,.T.);
#1199=EDGE_CURVE('',#933,#933,#750,.T.);
#1200=EDGE_CURVE('',#931,#934,#482,.T.);
#1201=EDGE_CURVE('',#934,#934,#751,.T.);
#1202=EDGE_CURVE('',#935,#935,#752,.T.);
#1203=EDGE_CURVE('',#935,#936,#483,.T.);
#1204=EDGE_CURVE('',#936,#936,#753,.T.);
#1205=EDGE_CURVE('',#875,#937,#754,.T.);
#1206=EDGE_CURVE('',#910,#938,#755,.T.);
#1207=EDGE_CURVE('',#938,#937,#484,.T.);
#1208=EDGE_CURVE('',#938,#939,#756,.T.);
#1209=EDGE_CURVE('',#940,#939,#485,.T.);
#1210=EDGE_CURVE('',#940,#937,#757,.T.);
#1211=EDGE_CURVE('',#939,#909,#758,.T.);
#1212=EDGE_CURVE('',#941,#940,#759,.F.);
#1213=EDGE_CURVE('',#773,#941,#486,.T.);
#1214=EDGE_CURVE('',#941,#942,#487,.T.);
#1215=EDGE_CURVE('',#927,#772,#488,.T.);
#1216=EDGE_CURVE('',#942,#926,#489,.T.);
#1217=EDGE_CURVE('',#876,#942,#760,.T.);
#1218=EDGE_CURVE('',#771,#928,#490,.T.);
#1219=ORIENTED_EDGE('',*,*,#943,.F.);
#1220=ORIENTED_EDGE('',*,*,#944,.T.);
#1221=ORIENTED_EDGE('',*,*,#945,.F.);
#1222=ORIENTED_EDGE('',*,*,#944,.F.);
#1223=ORIENTED_EDGE('',*,*,#946,.F.);
#1224=ORIENTED_EDGE('',*,*,#947,.T.);
#1225=ORIENTED_EDGE('',*,*,#948,.F.);
#1226=ORIENTED_EDGE('',*,*,#947,.F.);
#1227=ORIENTED_EDGE('',*,*,#949,.F.);
#1228=ORIENTED_EDGE('',*,*,#950,.T.);
#1229=ORIENTED_EDGE('',*,*,#951,.T.);
#1230=ORIENTED_EDGE('',*,*,#952,.T.);
#1231=ORIENTED_EDGE('',*,*,#952,.F.);
#1232=ORIENTED_EDGE('',*,*,#953,.F.);
#1233=ORIENTED_EDGE('',*,*,#954,.F.);
#1234=ORIENTED_EDGE('',*,*,#955,.T.);
#1235=ORIENTED_EDGE('',*,*,#951,.F.);
#1236=ORIENTED_EDGE('',*,*,#956,.F.);
#1237=ORIENTED_EDGE('',*,*,#957,.F.);
#1238=ORIENTED_EDGE('',*,*,#958,.F.);
#1239=ORIENTED_EDGE('',*,*,#959,.F.);
#1240=ORIENTED_EDGE('',*,*,#960,.T.);
#1241=ORIENTED_EDGE('',*,*,#961,.T.);
#1242=ORIENTED_EDGE('',*,*,#962,.F.);
#1243=ORIENTED_EDGE('',*,*,#963,.T.);
#1244=ORIENTED_EDGE('',*,*,#964,.F.);
#1245=ORIENTED_EDGE('',*,*,#965,.T.);
#1246=ORIENTED_EDGE('',*,*,#966,.T.);
#1247=ORIENTED_EDGE('',*,*,#967,.F.);
#1248=ORIENTED_EDGE('',*,*,#968,.F.);
#1249=ORIENTED_EDGE('',*,*,#969,.T.);
#1250=ORIENTED_EDGE('',*,*,#970,.T.);
#1251=ORIENTED_EDGE('',*,*,#971,.F.);
#1252=ORIENTED_EDGE('',*,*,#972,.F.);
#1253=ORIENTED_EDGE('',*,*,#973,.F.);
#1254=ORIENTED_EDGE('',*,*,#953,.T.);
#1255=ORIENTED_EDGE('',*,*,#974,.T.);
#1256=ORIENTED_EDGE('',*,*,#975,.F.);
#1257=ORIENTED_EDGE('',*,*,#976,.T.);
#1258=ORIENTED_EDGE('',*,*,#977,.F.);
#1259=ORIENTED_EDGE('',*,*,#978,.T.);
#1260=ORIENTED_EDGE('',*,*,#979,.T.);
#1261=ORIENTED_EDGE('',*,*,#980,.T.);
#1262=ORIENTED_EDGE('',*,*,#981,.F.);
#1263=ORIENTED_EDGE('',*,*,#982,.T.);
#1264=ORIENTED_EDGE('',*,*,#983,.F.);
#1265=ORIENTED_EDGE('',*,*,#984,.T.);
#1266=ORIENTED_EDGE('',*,*,#985,.T.);
#1267=ORIENTED_EDGE('',*,*,#986,.T.);
#1268=ORIENTED_EDGE('',*,*,#987,.F.);
#1269=ORIENTED_EDGE('',*,*,#988,.T.);
#1270=ORIENTED_EDGE('',*,*,#989,.F.);
#1271=ORIENTED_EDGE('',*,*,#990,.T.);
#1272=ORIENTED_EDGE('',*,*,#991,.F.);
#1273=ORIENTED_EDGE('',*,*,#992,.T.);
#1274=ORIENTED_EDGE('',*,*,#993,.F.);
#1275=ORIENTED_EDGE('',*,*,#994,.T.);
#1276=ORIENTED_EDGE('',*,*,#995,.T.);
#1277=ORIENTED_EDGE('',*,*,#996,.T.);
#1278=ORIENTED_EDGE('',*,*,#997,.T.);
#1279=ORIENTED_EDGE('',*,*,#998,.T.);
#1280=ORIENTED_EDGE('',*,*,#999,.T.);
#1281=ORIENTED_EDGE('',*,*,#1000,.T.);
#1282=ORIENTED_EDGE('',*,*,#1001,.F.);
#1283=ORIENTED_EDGE('',*,*,#1002,.T.);
#1284=ORIENTED_EDGE('',*,*,#1003,.F.);
#1285=ORIENTED_EDGE('',*,*,#1004,.T.);
#1286=ORIENTED_EDGE('',*,*,#1005,.F.);
#1287=ORIENTED_EDGE('',*,*,#1006,.T.);
#1288=ORIENTED_EDGE('',*,*,#1007,.F.);
#1289=ORIENTED_EDGE('',*,*,#1008,.T.);
#1290=ORIENTED_EDGE('',*,*,#1009,.F.);
#1291=ORIENTED_EDGE('',*,*,#1010,.T.);
#1292=ORIENTED_EDGE('',*,*,#1011,.F.);
#1293=ORIENTED_EDGE('',*,*,#1012,.T.);
#1294=ORIENTED_EDGE('',*,*,#1013,.F.);
#1295=ORIENTED_EDGE('',*,*,#1014,.T.);
#1296=ORIENTED_EDGE('',*,*,#1015,.F.);
#1297=ORIENTED_EDGE('',*,*,#1016,.T.);
#1298=ORIENTED_EDGE('',*,*,#954,.T.);
#1299=ORIENTED_EDGE('',*,*,#973,.T.);
#1300=ORIENTED_EDGE('',*,*,#1017,.T.);
#1301=ORIENTED_EDGE('',*,*,#1018,.F.);
#1302=ORIENTED_EDGE('',*,*,#1019,.T.);
#1303=ORIENTED_EDGE('',*,*,#949,.T.);
#1304=ORIENTED_EDGE('',*,*,#955,.F.);
#1305=ORIENTED_EDGE('',*,*,#1016,.F.);
#1306=ORIENTED_EDGE('',*,*,#1020,.T.);
#1307=ORIENTED_EDGE('',*,*,#1021,.F.);
#1308=ORIENTED_EDGE('',*,*,#1018,.T.);
#1309=ORIENTED_EDGE('',*,*,#1022,.T.);
#1310=ORIENTED_EDGE('',*,*,#1023,.F.);
#1311=ORIENTED_EDGE('',*,*,#1024,.F.);
#1312=ORIENTED_EDGE('',*,*,#977,.T.);
#1313=ORIENTED_EDGE('',*,*,#1025,.T.);
#1314=ORIENTED_EDGE('',*,*,#1026,.T.);
#1315=ORIENTED_EDGE('',*,*,#1027,.T.);
#1316=ORIENTED_EDGE('',*,*,#1025,.F.);
#1317=ORIENTED_EDGE('',*,*,#976,.F.);
#1318=ORIENTED_EDGE('',*,*,#1028,.F.);
#1319=ORIENTED_EDGE('',*,*,#1029,.F.);
#1320=ORIENTED_EDGE('',*,*,#975,.T.);
#1321=ORIENTED_EDGE('',*,*,#1030,.T.);
#1322=ORIENTED_EDGE('',*,*,#1031,.T.);
#1323=ORIENTED_EDGE('',*,*,#1028,.T.);
#1324=ORIENTED_EDGE('',*,*,#1030,.F.);
#1325=ORIENTED_EDGE('',*,*,#974,.F.);
#1326=ORIENTED_EDGE('',*,*,#1032,.F.);
#1327=ORIENTED_EDGE('',*,*,#1033,.F.);
#1328=ORIENTED_EDGE('',*,*,#979,.F.);
#1329=ORIENTED_EDGE('',*,*,#1034,.T.);
#1330=ORIENTED_EDGE('',*,*,#1035,.T.);
#1331=ORIENTED_EDGE('',*,*,#1032,.T.);
#1332=ORIENTED_EDGE('',*,*,#1036,.F.);
#1333=ORIENTED_EDGE('',*,*,#1037,.T.);
#1334=ORIENTED_EDGE('',*,*,#1021,.T.);
#1335=ORIENTED_EDGE('',*,*,#1037,.F.);
#1336=ORIENTED_EDGE('',*,*,#948,.T.);
#1337=ORIENTED_EDGE('',*,*,#1036,.T.);
#1338=ORIENTED_EDGE('',*,*,#991,.T.);
#1339=ORIENTED_EDGE('',*,*,#1038,.T.);
#1340=ORIENTED_EDGE('',*,*,#1039,.T.);
#1341=ORIENTED_EDGE('',*,*,#1040,.T.);
#1342=ORIENTED_EDGE('',*,*,#1038,.F.);
#1343=ORIENTED_EDGE('',*,*,#990,.F.);
#1344=ORIENTED_EDGE('',*,*,#1041,.F.);
#1345=ORIENTED_EDGE('',*,*,#1042,.F.);
#1346=ORIENTED_EDGE('',*,*,#981,.T.);
#1347=ORIENTED_EDGE('',*,*,#1043,.T.);
#1348=ORIENTED_EDGE('',*,*,#1044,.T.);
#1349=ORIENTED_EDGE('',*,*,#1045,.T.);
#1350=ORIENTED_EDGE('',*,*,#1043,.F.);
#1351=ORIENTED_EDGE('',*,*,#980,.F.);
#1352=ORIENTED_EDGE('',*,*,#1046,.F.);
#1353=ORIENTED_EDGE('',*,*,#1047,.F.);
#1354=ORIENTED_EDGE('',*,*,#985,.F.);
#1355=ORIENTED_EDGE('',*,*,#1048,.T.);
#1356=ORIENTED_EDGE('',*,*,#1049,.T.);
#1357=ORIENTED_EDGE('',*,*,#1046,.T.);
#1358=ORIENTED_EDGE('',*,*,#1048,.F.);
#1359=ORIENTED_EDGE('',*,*,#984,.F.);
#1360=ORIENTED_EDGE('',*,*,#1050,.F.);
#1361=ORIENTED_EDGE('',*,*,#1051,.F.);
#1362=ORIENTED_EDGE('',*,*,#983,.T.);
#1363=ORIENTED_EDGE('',*,*,#1052,.T.);
#1364=ORIENTED_EDGE('',*,*,#1053,.T.);
#1365=ORIENTED_EDGE('',*,*,#1050,.T.);
#1366=ORIENTED_EDGE('',*,*,#1045,.F.);
#1367=ORIENTED_EDGE('',*,*,#1054,.F.);
#1368=ORIENTED_EDGE('',*,*,#1052,.F.);
#1369=ORIENTED_EDGE('',*,*,#982,.F.);
#1370=ORIENTED_EDGE('',*,*,#989,.T.);
#1371=ORIENTED_EDGE('',*,*,#1055,.T.);
#1372=ORIENTED_EDGE('',*,*,#1056,.T.);
#1373=ORIENTED_EDGE('',*,*,#1041,.T.);
#1374=ORIENTED_EDGE('',*,*,#1055,.F.);
#1375=ORIENTED_EDGE('',*,*,#988,.F.);
#1376=ORIENTED_EDGE('',*,*,#1057,.F.);
#1377=ORIENTED_EDGE('',*,*,#1058,.F.);
#1378=ORIENTED_EDGE('',*,*,#993,.T.);
#1379=ORIENTED_EDGE('',*,*,#1059,.T.);
#1380=ORIENTED_EDGE('',*,*,#1060,.T.);
#1381=ORIENTED_EDGE('',*,*,#1061,.T.);
#1382=ORIENTED_EDGE('',*,*,#1040,.F.);
#1383=ORIENTED_EDGE('',*,*,#1062,.F.);
#1384=ORIENTED_EDGE('',*,*,#1059,.F.);
#1385=ORIENTED_EDGE('',*,*,#992,.F.);
#1386=ORIENTED_EDGE('',*,*,#987,.T.);
#1387=ORIENTED_EDGE('',*,*,#1063,.T.);
#1388=ORIENTED_EDGE('',*,*,#1064,.T.);
#1389=ORIENTED_EDGE('',*,*,#1057,.T.);
#1390=ORIENTED_EDGE('',*,*,#1061,.F.);
#1391=ORIENTED_EDGE('',*,*,#1065,.F.);
#1392=ORIENTED_EDGE('',*,*,#1063,.F.);
#1393=ORIENTED_EDGE('',*,*,#986,.F.);
#1394=ORIENTED_EDGE('',*,*,#1027,.F.);
#1395=ORIENTED_EDGE('',*,*,#1066,.F.);
#1396=ORIENTED_EDGE('',*,*,#1034,.F.);
#1397=ORIENTED_EDGE('',*,*,#978,.F.);
#1398=ORIENTED_EDGE('',*,*,#1067,.F.);
#1399=ORIENTED_EDGE('',*,*,#1068,.T.);
#1400=ORIENTED_EDGE('',*,*,#1069,.T.);
#1401=ORIENTED_EDGE('',*,*,#1070,.T.);
#1402=ORIENTED_EDGE('',*,*,#1071,.F.);
#1403=ORIENTED_EDGE('',*,*,#1072,.T.);
#1404=ORIENTED_EDGE('',*,*,#1073,.T.);
#1405=ORIENTED_EDGE('',*,*,#1069,.F.);
#1406=ORIENTED_EDGE('',*,*,#1074,.T.);
#1407=ORIENTED_EDGE('',*,*,#1072,.F.);
#1408=ORIENTED_EDGE('',*,*,#1075,.T.);
#1409=ORIENTED_EDGE('',*,*,#1076,.T.);
#1410=ORIENTED_EDGE('',*,*,#1075,.F.);
#1411=ORIENTED_EDGE('',*,*,#1077,.T.);
#1412=ORIENTED_EDGE('',*,*,#1078,.T.);
#1413=ORIENTED_EDGE('',*,*,#1079,.T.);
#1414=ORIENTED_EDGE('',*,*,#1074,.F.);
#1415=ORIENTED_EDGE('',*,*,#1068,.F.);
#1416=ORIENTED_EDGE('',*,*,#1080,.F.);
#1417=ORIENTED_EDGE('',*,*,#1081,.F.);
#1418=ORIENTED_EDGE('',*,*,#1082,.F.);
#1419=ORIENTED_EDGE('',*,*,#1077,.F.);
#1420=ORIENTED_EDGE('',*,*,#1083,.T.);
#1421=ORIENTED_EDGE('',*,*,#1084,.T.);
#1422=ORIENTED_EDGE('',*,*,#1085,.T.);
#1423=ORIENTED_EDGE('',*,*,#1086,.T.);
#1424=ORIENTED_EDGE('',*,*,#1087,.T.);
#1425=ORIENTED_EDGE('',*,*,#1088,.T.);
#1426=ORIENTED_EDGE('',*,*,#1078,.F.);
#1427=ORIENTED_EDGE('',*,*,#1082,.T.);
#1428=ORIENTED_EDGE('',*,*,#1089,.T.);
#1429=ORIENTED_EDGE('',*,*,#1087,.F.);
#1430=ORIENTED_EDGE('',*,*,#1081,.T.);
#1431=ORIENTED_EDGE('',*,*,#1090,.T.);
#1432=ORIENTED_EDGE('',*,*,#1086,.F.);
#1433=ORIENTED_EDGE('',*,*,#1067,.T.);
#1434=ORIENTED_EDGE('',*,*,#1091,.T.);
#1435=ORIENTED_EDGE('',*,*,#1083,.F.);
#1436=ORIENTED_EDGE('',*,*,#1090,.F.);
#1437=ORIENTED_EDGE('',*,*,#1080,.T.);
#1438=ORIENTED_EDGE('',*,*,#1076,.F.);
#1439=ORIENTED_EDGE('',*,*,#1092,.T.);
#1440=ORIENTED_EDGE('',*,*,#971,.T.);
#1441=ORIENTED_EDGE('',*,*,#1093,.T.);
#1442=ORIENTED_EDGE('',*,*,#1073,.F.);
#1443=ORIENTED_EDGE('',*,*,#1017,.F.);
#1444=ORIENTED_EDGE('',*,*,#972,.T.);
#1445=ORIENTED_EDGE('',*,*,#1092,.F.);
#1446=ORIENTED_EDGE('',*,*,#1079,.F.);
#1447=ORIENTED_EDGE('',*,*,#1094,.F.);
#1448=ORIENTED_EDGE('',*,*,#1095,.F.);
#1449=ORIENTED_EDGE('',*,*,#1022,.F.);
#1450=ORIENTED_EDGE('',*,*,#1020,.F.);
#1451=ORIENTED_EDGE('',*,*,#1071,.T.);
#1452=ORIENTED_EDGE('',*,*,#1096,.F.);
#1453=ORIENTED_EDGE('',*,*,#969,.F.);
#1454=ORIENTED_EDGE('',*,*,#1097,.F.);
#1455=ORIENTED_EDGE('',*,*,#1084,.F.);
#1456=ORIENTED_EDGE('',*,*,#1091,.F.);
#1457=ORIENTED_EDGE('',*,*,#1070,.F.);
#1458=ORIENTED_EDGE('',*,*,#1093,.F.);
#1459=ORIENTED_EDGE('',*,*,#970,.F.);
#1460=ORIENTED_EDGE('',*,*,#1096,.T.);
#1461=ORIENTED_EDGE('',*,*,#1097,.T.);
#1462=ORIENTED_EDGE('',*,*,#968,.T.);
#1463=ORIENTED_EDGE('',*,*,#1098,.F.);
#1464=ORIENTED_EDGE('',*,*,#1099,.F.);
#1465=ORIENTED_EDGE('',*,*,#1100,.T.);
#1466=ORIENTED_EDGE('',*,*,#1101,.F.);
#1467=ORIENTED_EDGE('',*,*,#1102,.F.);
#1468=ORIENTED_EDGE('',*,*,#1089,.F.);
#1469=ORIENTED_EDGE('',*,*,#1085,.F.);
#1470=ORIENTED_EDGE('',*,*,#1011,.T.);
#1471=ORIENTED_EDGE('',*,*,#1103,.T.);
#1472=ORIENTED_EDGE('',*,*,#1104,.T.);
#1473=ORIENTED_EDGE('',*,*,#1105,.T.);
#1474=ORIENTED_EDGE('',*,*,#1103,.F.);
#1475=ORIENTED_EDGE('',*,*,#1010,.F.);
#1476=ORIENTED_EDGE('',*,*,#1106,.F.);
#1477=ORIENTED_EDGE('',*,*,#1107,.F.);
#1478=ORIENTED_EDGE('',*,*,#1013,.T.);
#1479=ORIENTED_EDGE('',*,*,#1108,.T.);
#1480=ORIENTED_EDGE('',*,*,#1109,.T.);
#1481=ORIENTED_EDGE('',*,*,#1110,.T.);
#1482=ORIENTED_EDGE('',*,*,#1105,.F.);
#1483=ORIENTED_EDGE('',*,*,#1111,.F.);
#1484=ORIENTED_EDGE('',*,*,#1108,.F.);
#1485=ORIENTED_EDGE('',*,*,#1012,.F.);
#1486=ORIENTED_EDGE('',*,*,#1015,.T.);
#1487=ORIENTED_EDGE('',*,*,#1112,.T.);
#1488=ORIENTED_EDGE('',*,*,#1113,.T.);
#1489=ORIENTED_EDGE('',*,*,#1114,.T.);
#1490=ORIENTED_EDGE('',*,*,#1110,.F.);
#1491=ORIENTED_EDGE('',*,*,#1115,.F.);
#1492=ORIENTED_EDGE('',*,*,#1112,.F.);
#1493=ORIENTED_EDGE('',*,*,#1014,.F.);
#1494=ORIENTED_EDGE('',*,*,#1009,.T.);
#1495=ORIENTED_EDGE('',*,*,#1116,.T.);
#1496=ORIENTED_EDGE('',*,*,#1117,.T.);
#1497=ORIENTED_EDGE('',*,*,#1106,.T.);
#1498=ORIENTED_EDGE('',*,*,#1114,.F.);
#1499=ORIENTED_EDGE('',*,*,#1118,.F.);
#1500=ORIENTED_EDGE('',*,*,#1116,.F.);
#1501=ORIENTED_EDGE('',*,*,#1008,.F.);
#1502=ORIENTED_EDGE('',*,*,#1005,.T.);
#1503=ORIENTED_EDGE('',*,*,#1119,.T.);
#1504=ORIENTED_EDGE('',*,*,#1120,.T.);
#1505=ORIENTED_EDGE('',*,*,#1121,.T.);
#1506=ORIENTED_EDGE('',*,*,#1119,.F.);
#1507=ORIENTED_EDGE('',*,*,#1004,.F.);
#1508=ORIENTED_EDGE('',*,*,#1122,.F.);
#1509=ORIENTED_EDGE('',*,*,#1123,.F.);
#1510=ORIENTED_EDGE('',*,*,#1003,.T.);
#1511=ORIENTED_EDGE('',*,*,#1124,.T.);
#1512=ORIENTED_EDGE('',*,*,#1125,.T.);
#1513=ORIENTED_EDGE('',*,*,#1122,.T.);
#1514=ORIENTED_EDGE('',*,*,#1124,.F.);
#1515=ORIENTED_EDGE('',*,*,#1002,.F.);
#1516=ORIENTED_EDGE('',*,*,#1126,.F.);
#1517=ORIENTED_EDGE('',*,*,#1127,.F.);
#1518=ORIENTED_EDGE('',*,*,#1001,.T.);
#1519=ORIENTED_EDGE('',*,*,#1128,.T.);
#1520=ORIENTED_EDGE('',*,*,#1129,.T.);
#1521=ORIENTED_EDGE('',*,*,#1126,.T.);
#1522=ORIENTED_EDGE('',*,*,#1128,.F.);
#1523=ORIENTED_EDGE('',*,*,#1000,.F.);
#1524=ORIENTED_EDGE('',*,*,#1130,.F.);
#1525=ORIENTED_EDGE('',*,*,#1131,.F.);
#1526=ORIENTED_EDGE('',*,*,#964,.T.);
#1527=ORIENTED_EDGE('',*,*,#1132,.T.);
#1528=ORIENTED_EDGE('',*,*,#1133,.T.);
#1529=ORIENTED_EDGE('',*,*,#1134,.T.);
#1530=ORIENTED_EDGE('',*,*,#1132,.F.);
#1531=ORIENTED_EDGE('',*,*,#963,.F.);
#1532=ORIENTED_EDGE('',*,*,#1135,.F.);
#1533=ORIENTED_EDGE('',*,*,#1136,.F.);
#1534=ORIENTED_EDGE('',*,*,#1007,.T.);
#1535=ORIENTED_EDGE('',*,*,#1137,.T.);
#1536=ORIENTED_EDGE('',*,*,#1138,.T.);
#1537=ORIENTED_EDGE('',*,*,#1130,.T.);
#1538=ORIENTED_EDGE('',*,*,#1121,.F.);
#1539=ORIENTED_EDGE('',*,*,#1139,.F.);
#1540=ORIENTED_EDGE('',*,*,#1137,.F.);
#1541=ORIENTED_EDGE('',*,*,#1006,.F.);
#1542=ORIENTED_EDGE('',*,*,#962,.T.);
#1543=ORIENTED_EDGE('',*,*,#1140,.T.);
#1544=ORIENTED_EDGE('',*,*,#1141,.T.);
#1545=ORIENTED_EDGE('',*,*,#1135,.T.);
#1546=ORIENTED_EDGE('',*,*,#1140,.F.);
#1547=ORIENTED_EDGE('',*,*,#961,.F.);
#1548=ORIENTED_EDGE('',*,*,#1142,.F.);
#1549=ORIENTED_EDGE('',*,*,#1143,.T.);
#1550=ORIENTED_EDGE('',*,*,#1144,.F.);
#1551=ORIENTED_EDGE('',*,*,#1145,.F.);
#1552=ORIENTED_EDGE('',*,*,#1146,.T.);
#1553=ORIENTED_EDGE('',*,*,#1147,.T.);
#1554=ORIENTED_EDGE('',*,*,#1148,.T.);
#1555=ORIENTED_EDGE('',*,*,#1144,.T.);
#1556=ORIENTED_EDGE('',*,*,#1147,.F.);
#1557=ORIENTED_EDGE('',*,*,#1149,.T.);
#1558=ORIENTED_EDGE('',*,*,#1150,.F.);
#1559=ORIENTED_EDGE('',*,*,#1151,.F.);
#1560=ORIENTED_EDGE('',*,*,#1152,.F.);
#1561=ORIENTED_EDGE('',*,*,#1153,.T.);
#1562=ORIENTED_EDGE('',*,*,#1154,.T.);
#1563=ORIENTED_EDGE('',*,*,#1150,.T.);
#1564=ORIENTED_EDGE('',*,*,#1134,.F.);
#1565=ORIENTED_EDGE('',*,*,#1155,.F.);
#1566=ORIENTED_EDGE('',*,*,#1153,.F.);
#1567=ORIENTED_EDGE('',*,*,#1156,.T.);
#1568=ORIENTED_EDGE('',*,*,#1157,.F.);
#1569=ORIENTED_EDGE('',*,*,#965,.F.);
#1570=ORIENTED_EDGE('',*,*,#1142,.T.);
#1571=ORIENTED_EDGE('',*,*,#960,.F.);
#1572=ORIENTED_EDGE('',*,*,#1158,.F.);
#1573=ORIENTED_EDGE('',*,*,#1159,.T.);
#1574=ORIENTED_EDGE('',*,*,#1157,.T.);
#1575=ORIENTED_EDGE('',*,*,#1160,.T.);
#1576=ORIENTED_EDGE('',*,*,#1161,.F.);
#1577=ORIENTED_EDGE('',*,*,#966,.F.);
#1578=ORIENTED_EDGE('',*,*,#994,.F.);
#1579=ORIENTED_EDGE('',*,*,#1162,.T.);
#1580=ORIENTED_EDGE('',*,*,#1163,.T.);
#1581=ORIENTED_EDGE('',*,*,#1164,.F.);
#1582=ORIENTED_EDGE('',*,*,#999,.F.);
#1583=ORIENTED_EDGE('',*,*,#1165,.T.);
#1584=ORIENTED_EDGE('',*,*,#1166,.T.);
#1585=ORIENTED_EDGE('',*,*,#1162,.F.);
#1586=ORIENTED_EDGE('',*,*,#998,.F.);
#1587=ORIENTED_EDGE('',*,*,#1167,.T.);
#1588=ORIENTED_EDGE('',*,*,#1168,.T.);
#1589=ORIENTED_EDGE('',*,*,#1165,.F.);
#1590=ORIENTED_EDGE('',*,*,#997,.F.);
#1591=ORIENTED_EDGE('',*,*,#1169,.T.);
#1592=ORIENTED_EDGE('',*,*,#1170,.T.);
#1593=ORIENTED_EDGE('',*,*,#1167,.F.);
#1594=ORIENTED_EDGE('',*,*,#996,.F.);
#1595=ORIENTED_EDGE('',*,*,#1171,.T.);
#1596=ORIENTED_EDGE('',*,*,#1172,.T.);
#1597=ORIENTED_EDGE('',*,*,#1169,.F.);
#1598=ORIENTED_EDGE('',*,*,#995,.F.);
#1599=ORIENTED_EDGE('',*,*,#1164,.T.);
#1600=ORIENTED_EDGE('',*,*,#1173,.T.);
#1601=ORIENTED_EDGE('',*,*,#1171,.F.);
#1602=ORIENTED_EDGE('',*,*,#1173,.F.);
#1603=ORIENTED_EDGE('',*,*,#1163,.F.);
#1604=ORIENTED_EDGE('',*,*,#1166,.F.);
#1605=ORIENTED_EDGE('',*,*,#1168,.F.);
#1606=ORIENTED_EDGE('',*,*,#1170,.F.);
#1607=ORIENTED_EDGE('',*,*,#1172,.F.);
#1608=ORIENTED_EDGE('',*,*,#1174,.F.);
#1609=ORIENTED_EDGE('',*,*,#1175,.F.);
#1610=ORIENTED_EDGE('',*,*,#1176,.T.);
#1611=ORIENTED_EDGE('',*,*,#1174,.T.);
#1612=ORIENTED_EDGE('',*,*,#1176,.F.);
#1613=ORIENTED_EDGE('',*,*,#1177,.T.);
#1614=ORIENTED_EDGE('',*,*,#1178,.T.);
#1615=ORIENTED_EDGE('',*,*,#1179,.T.);
#1616=ORIENTED_EDGE('',*,*,#1180,.T.);
#1617=ORIENTED_EDGE('',*,*,#1178,.F.);
#1618=ORIENTED_EDGE('',*,*,#1181,.F.);
#1619=ORIENTED_EDGE('',*,*,#1182,.T.);
#1620=ORIENTED_EDGE('',*,*,#1179,.F.);
#1621=ORIENTED_EDGE('',*,*,#1180,.F.);
#1622=ORIENTED_EDGE('',*,*,#1182,.F.);
#1623=ORIENTED_EDGE('',*,*,#1183,.T.);
#1624=ORIENTED_EDGE('',*,*,#1177,.F.);
#1625=ORIENTED_EDGE('',*,*,#1181,.T.);
#1626=ORIENTED_EDGE('',*,*,#1175,.T.);
#1627=ORIENTED_EDGE('',*,*,#1184,.T.);
#1628=ORIENTED_EDGE('',*,*,#1185,.T.);
#1629=ORIENTED_EDGE('',*,*,#1186,.T.);
#1630=ORIENTED_EDGE('',*,*,#1185,.F.);
#1631=ORIENTED_EDGE('',*,*,#1187,.F.);
#1632=ORIENTED_EDGE('',*,*,#1101,.T.);
#1633=ORIENTED_EDGE('',*,*,#1188,.T.);
#1634=ORIENTED_EDGE('',*,*,#1189,.T.);
#1635=ORIENTED_EDGE('',*,*,#1190,.F.);
#1636=ORIENTED_EDGE('',*,*,#1191,.T.);
#1637=ORIENTED_EDGE('',*,*,#1023,.T.);
#1638=ORIENTED_EDGE('',*,*,#1095,.T.);
#1639=ORIENTED_EDGE('',*,*,#943,.T.);
#1640=ORIENTED_EDGE('',*,*,#946,.T.);
#1641=ORIENTED_EDGE('',*,*,#1066,.T.);
#1642=ORIENTED_EDGE('',*,*,#1026,.F.);
#1643=ORIENTED_EDGE('',*,*,#1029,.T.);
#1644=ORIENTED_EDGE('',*,*,#1031,.F.);
#1645=ORIENTED_EDGE('',*,*,#1033,.T.);
#1646=ORIENTED_EDGE('',*,*,#1035,.F.);
#1647=ORIENTED_EDGE('',*,*,#1054,.T.);
#1648=ORIENTED_EDGE('',*,*,#1044,.F.);
#1649=ORIENTED_EDGE('',*,*,#1047,.T.);
#1650=ORIENTED_EDGE('',*,*,#1049,.F.);
#1651=ORIENTED_EDGE('',*,*,#1051,.T.);
#1652=ORIENTED_EDGE('',*,*,#1053,.F.);
#1653=ORIENTED_EDGE('',*,*,#1065,.T.);
#1654=ORIENTED_EDGE('',*,*,#1060,.F.);
#1655=ORIENTED_EDGE('',*,*,#1062,.T.);
#1656=ORIENTED_EDGE('',*,*,#1039,.F.);
#1657=ORIENTED_EDGE('',*,*,#1042,.T.);
#1658=ORIENTED_EDGE('',*,*,#1056,.F.);
#1659=ORIENTED_EDGE('',*,*,#1058,.T.);
#1660=ORIENTED_EDGE('',*,*,#1064,.F.);
#1661=ORIENTED_EDGE('',*,*,#1118,.T.);
#1662=ORIENTED_EDGE('',*,*,#1113,.F.);
#1663=ORIENTED_EDGE('',*,*,#1115,.T.);
#1664=ORIENTED_EDGE('',*,*,#1109,.F.);
#1665=ORIENTED_EDGE('',*,*,#1111,.T.);
#1666=ORIENTED_EDGE('',*,*,#1104,.F.);
#1667=ORIENTED_EDGE('',*,*,#1107,.T.);
#1668=ORIENTED_EDGE('',*,*,#1117,.F.);
#1669=ORIENTED_EDGE('',*,*,#1131,.T.);
#1670=ORIENTED_EDGE('',*,*,#1138,.F.);
#1671=ORIENTED_EDGE('',*,*,#1139,.T.);
#1672=ORIENTED_EDGE('',*,*,#1120,.F.);
#1673=ORIENTED_EDGE('',*,*,#1123,.T.);
#1674=ORIENTED_EDGE('',*,*,#1125,.F.);
#1675=ORIENTED_EDGE('',*,*,#1127,.T.);
#1676=ORIENTED_EDGE('',*,*,#1129,.F.);
#1677=ORIENTED_EDGE('',*,*,#1155,.T.);
#1678=ORIENTED_EDGE('',*,*,#1133,.F.);
#1679=ORIENTED_EDGE('',*,*,#1136,.T.);
#1680=ORIENTED_EDGE('',*,*,#1141,.F.);
#1681=ORIENTED_EDGE('',*,*,#1145,.T.);
#1682=ORIENTED_EDGE('',*,*,#1148,.F.);
#1683=ORIENTED_EDGE('',*,*,#1151,.T.);
#1684=ORIENTED_EDGE('',*,*,#1154,.F.);
#1685=ORIENTED_EDGE('',*,*,#1184,.F.);
#1686=ORIENTED_EDGE('',*,*,#1192,.T.);
#1687=ORIENTED_EDGE('',*,*,#1193,.T.);
#1688=ORIENTED_EDGE('',*,*,#1194,.T.);
#1689=ORIENTED_EDGE('',*,*,#1193,.F.);
#1690=ORIENTED_EDGE('',*,*,#1194,.F.);
#1691=ORIENTED_EDGE('',*,*,#1195,.T.);
#1692=ORIENTED_EDGE('',*,*,#1183,.F.);
#1693=ORIENTED_EDGE('',*,*,#1195,.F.);
#1694=ORIENTED_EDGE('',*,*,#1196,.T.);
#1695=ORIENTED_EDGE('',*,*,#1192,.F.);
#1696=ORIENTED_EDGE('',*,*,#1197,.F.);
#1697=ORIENTED_EDGE('',*,*,#1198,.T.);
#1698=ORIENTED_EDGE('',*,*,#1199,.T.);
#1699=ORIENTED_EDGE('',*,*,#1198,.F.);
#1700=ORIENTED_EDGE('',*,*,#1186,.F.);
#1701=ORIENTED_EDGE('',*,*,#1199,.F.);
#1702=ORIENTED_EDGE('',*,*,#1196,.F.);
#1703=ORIENTED_EDGE('',*,*,#1200,.T.);
#1704=ORIENTED_EDGE('',*,*,#1201,.T.);
#1705=ORIENTED_EDGE('',*,*,#1200,.F.);
#1706=ORIENTED_EDGE('',*,*,#1197,.T.);
#1707=ORIENTED_EDGE('',*,*,#1201,.F.);
#1708=ORIENTED_EDGE('',*,*,#1202,.F.);
#1709=ORIENTED_EDGE('',*,*,#1203,.T.);
#1710=ORIENTED_EDGE('',*,*,#1204,.F.);
#1711=ORIENTED_EDGE('',*,*,#1203,.F.);
#1712=ORIENTED_EDGE('',*,*,#1205,.F.);
#1713=ORIENTED_EDGE('',*,*,#1098,.T.);
#1714=ORIENTED_EDGE('',*,*,#967,.T.);
#1715=ORIENTED_EDGE('',*,*,#1161,.T.);
#1716=ORIENTED_EDGE('',*,*,#1206,.T.);
#1717=ORIENTED_EDGE('',*,*,#1207,.T.);
#1718=ORIENTED_EDGE('',*,*,#1207,.F.);
#1719=ORIENTED_EDGE('',*,*,#1208,.T.);
#1720=ORIENTED_EDGE('',*,*,#1209,.F.);
#1721=ORIENTED_EDGE('',*,*,#1210,.T.);
#1722=ORIENTED_EDGE('',*,*,#1206,.F.);
#1723=ORIENTED_EDGE('',*,*,#1160,.F.);
#1724=ORIENTED_EDGE('',*,*,#1156,.F.);
#1725=ORIENTED_EDGE('',*,*,#1152,.T.);
#1726=ORIENTED_EDGE('',*,*,#1149,.F.);
#1727=ORIENTED_EDGE('',*,*,#1146,.F.);
#1728=ORIENTED_EDGE('',*,*,#1143,.F.);
#1729=ORIENTED_EDGE('',*,*,#1159,.F.);
#1730=ORIENTED_EDGE('',*,*,#1211,.F.);
#1731=ORIENTED_EDGE('',*,*,#1208,.F.);
#1732=ORIENTED_EDGE('',*,*,#1212,.T.);
#1733=ORIENTED_EDGE('',*,*,#1209,.T.);
#1734=ORIENTED_EDGE('',*,*,#1211,.T.);
#1735=ORIENTED_EDGE('',*,*,#1158,.T.);
#1736=ORIENTED_EDGE('',*,*,#959,.T.);
#1737=ORIENTED_EDGE('',*,*,#1213,.T.);
#1738=ORIENTED_EDGE('',*,*,#1214,.F.);
#1739=ORIENTED_EDGE('',*,*,#1213,.F.);
#1740=ORIENTED_EDGE('',*,*,#958,.T.);
#1741=ORIENTED_EDGE('',*,*,#1215,.F.);
#1742=ORIENTED_EDGE('',*,*,#1189,.F.);
#1743=ORIENTED_EDGE('',*,*,#1216,.F.);
#1744=ORIENTED_EDGE('',*,*,#945,.T.);
#1745=ORIENTED_EDGE('',*,*,#1204,.T.);
#1746=ORIENTED_EDGE('',*,*,#1217,.F.);
#1747=ORIENTED_EDGE('',*,*,#1099,.T.);
#1748=ORIENTED_EDGE('',*,*,#1205,.T.);
#1749=ORIENTED_EDGE('',*,*,#1210,.F.);
#1750=ORIENTED_EDGE('',*,*,#1212,.F.);
#1751=ORIENTED_EDGE('',*,*,#1214,.T.);
#1752=ORIENTED_EDGE('',*,*,#1202,.T.);
#1753=ORIENTED_EDGE('',*,*,#1088,.F.);
#1754=ORIENTED_EDGE('',*,*,#1102,.T.);
#1755=ORIENTED_EDGE('',*,*,#1187,.T.);
#1756=ORIENTED_EDGE('',*,*,#1094,.T.);
#1757=ORIENTED_EDGE('',*,*,#1190,.T.);
#1758=ORIENTED_EDGE('',*,*,#1215,.T.);
#1759=ORIENTED_EDGE('',*,*,#957,.T.);
#1760=ORIENTED_EDGE('',*,*,#1218,.T.);
#1761=ORIENTED_EDGE('',*,*,#1019,.F.);
#1762=ORIENTED_EDGE('',*,*,#1024,.T.);
#1763=ORIENTED_EDGE('',*,*,#1191,.F.);
#1764=ORIENTED_EDGE('',*,*,#1218,.F.);
#1765=ORIENTED_EDGE('',*,*,#956,.T.);
#1766=ORIENTED_EDGE('',*,*,#950,.F.);
#1767=ORIENTED_EDGE('',*,*,#1217,.T.);
#1768=ORIENTED_EDGE('',*,*,#1216,.T.);
#1769=ORIENTED_EDGE('',*,*,#1188,.F.);
#1770=ORIENTED_EDGE('',*,*,#1100,.F.);
#1771=CYLINDRICAL_SURFACE('',#1948,8.025);
#1772=CYLINDRICAL_SURFACE('',#1951,8.025);
#1773=CYLINDRICAL_SURFACE('',#1954,0.5);
#1774=CYLINDRICAL_SURFACE('',#1957,11.90625);
#1775=CYLINDRICAL_SURFACE('',#1990,0.5);
#1776=CYLINDRICAL_SURFACE('',#1995,11.90625);
#1777=CYLINDRICAL_SURFACE('',#1997,2.);
#1778=CYLINDRICAL_SURFACE('',#2000,2.);
#1779=CYLINDRICAL_SURFACE('',#2003,2.);
#1780=CYLINDRICAL_SURFACE('',#2005,5.);
#1781=CYLINDRICAL_SURFACE('',#2008,5.);
#1782=CYLINDRICAL_SURFACE('',#2011,5.);
#1783=CYLINDRICAL_SURFACE('',#2014,5.);
#1784=CYLINDRICAL_SURFACE('',#2017,5.);
#1785=CYLINDRICAL_SURFACE('',#2020,5.);
#1786=CYLINDRICAL_SURFACE('',#2023,5.);
#1787=CYLINDRICAL_SURFACE('',#2026,5.);
#1788=CYLINDRICAL_SURFACE('',#2028,28.08);
#1789=CYLINDRICAL_SURFACE('',#2031,1.);
#1790=CYLINDRICAL_SURFACE('',#2039,1.);
#1791=CYLINDRICAL_SURFACE('',#2043,1.);
#1792=CYLINDRICAL_SURFACE('',#2049,1.);
#1793=CYLINDRICAL_SURFACE('',#2052,11.);
#1794=CYLINDRICAL_SURFACE('',#2057,5.);
#1795=CYLINDRICAL_SURFACE('',#2060,5.);
#1796=CYLINDRICAL_SURFACE('',#2062,28.08);
#1797=CYLINDRICAL_SURFACE('',#2064,5.);
#1798=CYLINDRICAL_SURFACE('',#2067,5.);
#1799=CYLINDRICAL_SURFACE('',#2070,5.);
#1800=CYLINDRICAL_SURFACE('',#2073,5.);
#1801=CYLINDRICAL_SURFACE('',#2076,5.);
#1802=CYLINDRICAL_SURFACE('',#2079,5.);
#1803=CYLINDRICAL_SURFACE('',#2082,5.);
#1804=CYLINDRICAL_SURFACE('',#2085,5.);
#1805=CYLINDRICAL_SURFACE('',#2088,5.);
#1806=CYLINDRICAL_SURFACE('',#2091,12.90625);
#1807=CYLINDRICAL_SURFACE('',#2094,5.);
#1808=CYLINDRICAL_SURFACE('',#2098,12.90625);
#1809=CYLINDRICAL_SURFACE('',#2100,12.90625);
#1810=CYLINDRICAL_SURFACE('',#2110,2.25);
#1811=CYLINDRICAL_SURFACE('',#2116,4.);
#1812=CYLINDRICAL_SURFACE('',#2131,8.75);
#1813=CYLINDRICAL_SURFACE('',#2134,14.25);
#1814=CYLINDRICAL_SURFACE('',#2138,12.5);
#1815=CYLINDRICAL_SURFACE('',#2141,6.375);
#1816=CYLINDRICAL_SURFACE('',#2144,1.);
#1817=CYLINDRICAL_SURFACE('',#2147,11.90625);
#1818=CYLINDRICAL_SURFACE('',#2152,1.);
#1819=CYLINDRICAL_SURFACE('',#2158,100.);
#1820=CYLINDRICAL_SURFACE('',#2159,100.);
#1821=CYLINDRICAL_SURFACE('',#2161,11.90625);
#1822=ADVANCED_FACE('',(#98),#1771,.F.);
#1823=ADVANCED_FACE('',(#99),#1772,.F.);
#1824=ADVANCED_FACE('',(#100),#1773,.T.);
#1825=ADVANCED_FACE('',(#101),#1774,.F.);
#1826=ADVANCED_FACE('',(#102,#27,#28,#29,#30,#31,#32),#52,.F.);
#1827=ADVANCED_FACE('',(#103),#1775,.T.);
#1828=ADVANCED_FACE('',(#104,#33),#53,.T.);
#1829=ADVANCED_FACE('',(#105),#1776,.T.);
#1830=ADVANCED_FACE('',(#106),#1777,.F.);
#1831=ADVANCED_FACE('',(#107),#54,.F.);
#1832=ADVANCED_FACE('',(#108),#1778,.F.);
#1833=ADVANCED_FACE('',(#109),#55,.F.);
#1834=ADVANCED_FACE('',(#110),#1779,.F.);
#1835=ADVANCED_FACE('',(#111),#1780,.F.);
#1836=ADVANCED_FACE('',(#112,#34),#56,.T.);
#1837=ADVANCED_FACE('',(#113),#1781,.F.);
#1838=ADVANCED_FACE('',(#114),#57,.F.);
#1839=ADVANCED_FACE('',(#115),#1782,.F.);
#1840=ADVANCED_FACE('',(#116),#58,.F.);
#1841=ADVANCED_FACE('',(#117),#1783,.F.);
#1842=ADVANCED_FACE('',(#118),#59,.F.);
#1843=ADVANCED_FACE('',(#119),#1784,.F.);
#1844=ADVANCED_FACE('',(#120),#60,.F.);
#1845=ADVANCED_FACE('',(#121),#1785,.F.);
#1846=ADVANCED_FACE('',(#122),#61,.F.);
#1847=ADVANCED_FACE('',(#123),#1786,.F.);
#1848=ADVANCED_FACE('',(#124),#62,.F.);
#1849=ADVANCED_FACE('',(#125),#1787,.F.);
#1850=ADVANCED_FACE('',(#126),#1788,.T.);
#1851=ADVANCED_FACE('',(#127),#63,.F.);
#1852=ADVANCED_FACE('',(#128),#1789,.F.);
#1853=ADVANCED_FACE('',(#129),#21,.F.);
#1854=ADVANCED_FACE('',(#130),#20,.T.);
#1855=ADVANCED_FACE('',(#131),#1790,.T.);
#1856=ADVANCED_FACE('',(#132),#64,.T.);
#1857=ADVANCED_FACE('',(#133),#1791,.T.);
#1858=ADVANCED_FACE('',(#134),#22,.T.);
#1859=ADVANCED_FACE('',(#135),#1792,.T.);
#1860=ADVANCED_FACE('',(#136),#65,.T.);
#1861=ADVANCED_FACE('',(#137),#1793,.T.);
#1862=ADVANCED_FACE('',(#138),#66,.T.);
#1863=ADVANCED_FACE('',(#139),#67,.F.);
#1864=ADVANCED_FACE('',(#140),#68,.F.);
#1865=ADVANCED_FACE('',(#141),#69,.T.);
#1866=ADVANCED_FACE('',(#142),#1794,.F.);
#1867=ADVANCED_FACE('',(#143),#70,.F.);
#1868=ADVANCED_FACE('',(#144),#1795,.F.);
#1869=ADVANCED_FACE('',(#145),#1796,.T.);
#1870=ADVANCED_FACE('',(#146),#1797,.F.);
#1871=ADVANCED_FACE('',(#147),#71,.F.);
#1872=ADVANCED_FACE('',(#148),#1798,.F.);
#1873=ADVANCED_FACE('',(#149),#72,.F.);
#1874=ADVANCED_FACE('',(#150),#1799,.F.);
#1875=ADVANCED_FACE('',(#151),#73,.F.);
#1876=ADVANCED_FACE('',(#152),#1800,.F.);
#1877=ADVANCED_FACE('',(#153),#74,.F.);
#1878=ADVANCED_FACE('',(#154),#1801,.F.);
#1879=ADVANCED_FACE('',(#155),#75,.F.);
#1880=ADVANCED_FACE('',(#156),#1802,.F.);
#1881=ADVANCED_FACE('',(#157),#76,.F.);
#1882=ADVANCED_FACE('',(#158),#1803,.F.);
#1883=ADVANCED_FACE('',(#159),#77,.F.);
#1884=ADVANCED_FACE('',(#160),#1804,.F.);
#1885=ADVANCED_FACE('',(#161),#78,.F.);
#1886=ADVANCED_FACE('',(#162),#1805,.F.);
#1887=ADVANCED_FACE('',(#163),#1806,.T.);
#1888=ADVANCED_FACE('',(#164),#1807,.F.);
#1889=ADVANCED_FACE('',(#165),#79,.F.);
#1890=ADVANCED_FACE('',(#166),#1808,.F.);
#1891=ADVANCED_FACE('',(#167),#1809,.F.);
#1892=ADVANCED_FACE('',(#168),#80,.F.);
#1893=ADVANCED_FACE('',(#169),#81,.F.);
#1894=ADVANCED_FACE('',(#170),#82,.F.);
#1895=ADVANCED_FACE('',(#171),#83,.F.);
#1896=ADVANCED_FACE('',(#172),#84,.F.);
#1897=ADVANCED_FACE('',(#173),#85,.F.);
#1898=ADVANCED_FACE('',(#174,#35),#86,.T.);
#1899=ADVANCED_FACE('',(#175),#1810,.F.);
#1900=ADVANCED_FACE('',(#176),#15,.T.);
#1901=ADVANCED_FACE('',(#177),#1811,.T.);
#1902=ADVANCED_FACE('',(#178,#36),#87,.T.);
#1903=ADVANCED_FACE('',(#179,#37),#88,.T.);
#1904=ADVANCED_FACE('',(#180),#16,.F.);
#1905=ADVANCED_FACE('',(#181,#38,#39,#40,#41,#42,#43,#44,#45,#46),#89,.T.);
#1906=ADVANCED_FACE('',(#182),#17,.F.);
#1907=ADVANCED_FACE('',(#183),#1812,.F.);
#1908=ADVANCED_FACE('',(#184,#47),#90,.T.);
#1909=ADVANCED_FACE('',(#185),#1813,.T.);
#1910=ADVANCED_FACE('',(#186,#48),#91,.T.);
#1911=ADVANCED_FACE('',(#187),#1814,.T.);
#1912=ADVANCED_FACE('',(#188,#49),#92,.T.);
#1913=ADVANCED_FACE('',(#189),#1815,.F.);
#1914=ADVANCED_FACE('',(#190),#1816,.T.);
#1915=ADVANCED_FACE('',(#191),#1817,.F.);
#1916=ADVANCED_FACE('',(#192),#93,.T.);
#1917=ADVANCED_FACE('',(#193),#1818,.T.);
#1918=ADVANCED_FACE('',(#194),#94,.T.);
#1919=ADVANCED_FACE('',(#195,#50),#95,.T.);
#1920=ADVANCED_FACE('',(#196,#51),#96,.T.);
#1921=ADVANCED_FACE('',(#197),#1819,.T.);
#1922=ADVANCED_FACE('',(#198),#1820,.T.);
#1923=ADVANCED_FACE('',(#199),#97,.T.);
#1924=ADVANCED_FACE('',(#200),#1821,.T.);
#1925=CLOSED_SHELL('',(#1822,#1823,#1824,#1825,#1826,#1827,#1828,#1829,
#1830,#1831,#1832,#1833,#1834,#1835,#1836,#1837,#1838,#1839,#1840,#1841,
#1842,#1843,#1844,#1845,#1846,#1847,#1848,#1849,#1850,#1851,#1852,#1853,
#1854,#1855,#1856,#1857,#1858,#1859,#1860,#1861,#1862,#1863,#1864,#1865,
#1866,#1867,#1868,#1869,#1870,#1871,#1872,#1873,#1874,#1875,#1876,#1877,
#1878,#1879,#1880,#1881,#1882,#1883,#1884,#1885,#1886,#1887,#1888,#1889,
#1890,#1891,#1892,#1893,#1894,#1895,#1896,#1897,#1898,#1899,#1900,#1901,
#1902,#1903,#1904,#1905,#1906,#1907,#1908,#1909,#1910,#1911,#1912,#1913,
#1914,#1915,#1916,#1917,#1918,#1919,#1920,#1921,#1922,#1923,#1924));
#1926=DERIVED_UNIT_ELEMENT(#1929,1.);
#1927=DERIVED_UNIT_ELEMENT(#3374,-3.);
#1928=DIMENSIONAL_EXPONENTS(0.,1.,0.,0.,0.,0.,0.);
#1929=(
CONVERSION_BASED_UNIT('gram',#1931)
MASS_UNIT()
NAMED_UNIT(#1928)
);
#1930=(
MASS_UNIT()
NAMED_UNIT(*)
SI_UNIT(.KILO.,.GRAM.)
);
#1931=MASS_MEASURE_WITH_UNIT(MASS_MEASURE(0.001),#1930);
#1932=DERIVED_UNIT((#1926,#1927));
#1933=MEASURE_REPRESENTATION_ITEM('density measure',
POSITIVE_RATIO_MEASURE(1.06),#1932);
#1934=PROPERTY_DEFINITION_REPRESENTATION(#1939,#1936);
#1935=PROPERTY_DEFINITION_REPRESENTATION(#1940,#1937);
#1936=REPRESENTATION('material name',(#1938),#3371);
#1937=REPRESENTATION('density',(#1933),#3371);
#1938=DESCRIPTIVE_REPRESENTATION_ITEM('ABS Plastic','ABS Plastic');
#1939=PROPERTY_DEFINITION('material property','material name',#3381);
#1940=PROPERTY_DEFINITION('material property','density of part',#3381);
#1941=DATE_TIME_ROLE('creation_date');
#1942=APPLIED_DATE_AND_TIME_ASSIGNMENT(#1943,#1941,(#3381));
#1943=DATE_AND_TIME(#1944,#1945);
#1944=CALENDAR_DATE(2026,25,1);
#1945=LOCAL_TIME(0,0,0.,#1946);
#1946=COORDINATED_UNIVERSAL_TIME_OFFSET(0,0,.BEHIND.);
#1947=AXIS2_PLACEMENT_3D('',#2754,#2162,#2163);
#1948=AXIS2_PLACEMENT_3D('',#2755,#2164,#2165);
#1949=AXIS2_PLACEMENT_3D('',#2757,#2166,#2167);
#1950=AXIS2_PLACEMENT_3D('',#2760,#2169,#2170);
#1951=AXIS2_PLACEMENT_3D('',#2761,#2171,#2172);
#1952=AXIS2_PLACEMENT_3D('',#2763,#2173,#2174);
#1953=AXIS2_PLACEMENT_3D('',#2766,#2176,#2177);
#1954=AXIS2_PLACEMENT_3D('',#2767,#2178,#2179);
#1955=AXIS2_PLACEMENT_3D('',#2770,#2180,#2181);
#1956=AXIS2_PLACEMENT_3D('',#2774,#2183,#2184);
#1957=AXIS2_PLACEMENT_3D('',#2776,#2186,#2187);
#1958=AXIS2_PLACEMENT_3D('',#2778,#2188,#2189);
#1959=AXIS2_PLACEMENT_3D('',#2781,#2191,#2192);
#1960=AXIS2_PLACEMENT_3D('',#2782,#2193,#2194);
#1961=AXIS2_PLACEMENT_3D('',#2786,#2196,#2197);
#1962=AXIS2_PLACEMENT_3D('',#2790,#2199,#2200);
#1963=AXIS2_PLACEMENT_3D('',#2792,#2201,#2202);
#1964=AXIS2_PLACEMENT_3D('',#2796,#2204,#2205);
#1965=AXIS2_PLACEMENT_3D('',#2800,#2207,#2208);
#1966=AXIS2_PLACEMENT_3D('',#2804,#2210,#2211);
#1967=AXIS2_PLACEMENT_3D('',#2806,#2212,#2213);
#1968=AXIS2_PLACEMENT_3D('',#2814,#2217,#2218);
#1969=AXIS2_PLACEMENT_3D('',#2817,#2220,#2221);
#1970=AXIS2_PLACEMENT_3D('',#2822,#2223,#2224);
#1971=AXIS2_PLACEMENT_3D('',#2826,#2226,#2227);
#1972=AXIS2_PLACEMENT_3D('',#2829,#2229,#2230);
#1973=AXIS2_PLACEMENT_3D('',#2834,#2232,#2233);
#1974=AXIS2_PLACEMENT_3D('',#2838,#2235,#2236);
#1975=AXIS2_PLACEMENT_3D('',#2841,#2238,#2239);
#1976=AXIS2_PLACEMENT_3D('',#2844,#2240,#2241);
#1977=AXIS2_PLACEMENT_3D('',#2846,#2242,#2243);
#1978=AXIS2_PLACEMENT_3D('',#2850,#2245,#2246);
#1979=AXIS2_PLACEMENT_3D('',#2854,#2248,#2249);
#1980=AXIS2_PLACEMENT_3D('',#2857,#2251,#2252);
#1981=AXIS2_PLACEMENT_3D('',#2874,#2260,#2261);
#1982=AXIS2_PLACEMENT_3D('',#2878,#2263,#2264);
#1983=AXIS2_PLACEMENT_3D('',#2882,#2266,#2267);
#1984=AXIS2_PLACEMENT_3D('',#2885,#2269,#2270);
#1985=AXIS2_PLACEMENT_3D('',#2890,#2272,#2273);
#1986=AXIS2_PLACEMENT_3D('',#2894,#2275,#2276);
#1987=AXIS2_PLACEMENT_3D('',#2896,#2277,#2278);
#1988=AXIS2_PLACEMENT_3D('',#2898,#2279,#2280);
#1989=AXIS2_PLACEMENT_3D('',#2901,#2282,#2283);
#1990=AXIS2_PLACEMENT_3D('',#2902,#2284,#2285);
#1991=AXIS2_PLACEMENT_3D('',#2904,#2286,#2287);
#1992=AXIS2_PLACEMENT_3D('',#2906,#2289,#2290);
#1993=AXIS2_PLACEMENT_3D('',#2909,#2291,#2292);
#1994=AXIS2_PLACEMENT_3D('',#2913,#2295,#2296);
#1995=AXIS2_PLACEMENT_3D('',#2914,#2297,#2298);
#1996=AXIS2_PLACEMENT_3D('',#2918,#2300,#2301);
#1997=AXIS2_PLACEMENT_3D('',#2920,#2303,#2304);
#1998=AXIS2_PLACEMENT_3D('',#2924,#2306,#2307);
#1999=AXIS2_PLACEMENT_3D('',#2926,#2309,#2310);
#2000=AXIS2_PLACEMENT_3D('',#2930,#2313,#2314);
#2001=AXIS2_PLACEMENT_3D('',#2933,#2316,#2317);
#2002=AXIS2_PLACEMENT_3D('',#2934,#2318,#2319);
#2003=AXIS2_PLACEMENT_3D('',#2938,#2322,#2323);
#2004=AXIS2_PLACEMENT_3D('',#2941,#2325,#2326);
#2005=AXIS2_PLACEMENT_3D('',#2942,#2327,#2328);
#2006=AXIS2_PLACEMENT_3D('',#2944,#2329,#2330);
#2007=AXIS2_PLACEMENT_3D('',#2946,#2332,#2333);
#2008=AXIS2_PLACEMENT_3D('',#2947,#2334,#2335);
#2009=AXIS2_PLACEMENT_3D('',#2951,#2337,#2338);
#2010=AXIS2_PLACEMENT_3D('',#2953,#2340,#2341);
#2011=AXIS2_PLACEMENT_3D('',#2957,#2344,#2345);
#2012=AXIS2_PLACEMENT_3D('',#2961,#2347,#2348);
#2013=AXIS2_PLACEMENT_3D('',#2963,#2350,#2351);
#2014=AXIS2_PLACEMENT_3D('',#2967,#2354,#2355);
#2015=AXIS2_PLACEMENT_3D('',#2970,#2357,#2358);
#2016=AXIS2_PLACEMENT_3D('',#2971,#2359,#2360);
#2017=AXIS2_PLACEMENT_3D('',#2975,#2363,#2364);
#2018=AXIS2_PLACEMENT_3D('',#2978,#2366,#2367);
#2019=AXIS2_PLACEMENT_3D('',#2979,#2368,#2369);
#2020=AXIS2_PLACEMENT_3D('',#2981,#2371,#2372);
#2021=AXIS2_PLACEMENT_3D('',#2984,#2374,#2375);
#2022=AXIS2_PLACEMENT_3D('',#2985,#2376,#2377);
#2023=AXIS2_PLACEMENT_3D('',#2989,#2380,#2381);
#2024=AXIS2_PLACEMENT_3D('',#2993,#2383,#2384);
#2025=AXIS2_PLACEMENT_3D('',#2995,#2386,#2387);
#2026=AXIS2_PLACEMENT_3D('',#2997,#2389,#2390);
#2027=AXIS2_PLACEMENT_3D('',#3000,#2392,#2393);
#2028=AXIS2_PLACEMENT_3D('',#3001,#2394,#2395);
#2029=AXIS2_PLACEMENT_3D('',#3002,#2396,#2397);
#2030=AXIS2_PLACEMENT_3D('',#3003,#2398,#2399);
#2031=AXIS2_PLACEMENT_3D('',#3005,#2401,#2402);
#2032=AXIS2_PLACEMENT_3D('',#3008,#2403,#2404);
#2033=AXIS2_PLACEMENT_3D('',#3012,#2406,#2407);
#2034=AXIS2_PLACEMENT_3D('',#3015,#2409,#2410);
#2035=AXIS2_PLACEMENT_3D('',#3016,#2411,#2412);
#2036=AXIS2_PLACEMENT_3D('',#3019,#2413,#2414);
#2037=AXIS2_PLACEMENT_3D('',#3020,#2415,#2416);
#2038=AXIS2_PLACEMENT_3D('',#3021,#2417,#2418);
#2039=AXIS2_PLACEMENT_3D('',#3079,#2419,#2420);
#2040=AXIS2_PLACEMENT_3D('',#3083,#2422,#2423);
#2041=AXIS2_PLACEMENT_3D('',#3085,#2425,#2426);
#2042=AXIS2_PLACEMENT_3D('',#3090,#2429,#2430);
#2043=AXIS2_PLACEMENT_3D('',#3091,#2431,#2432);
#2044=AXIS2_PLACEMENT_3D('',#3096,#2434,#2435);
#2045=AXIS2_PLACEMENT_3D('',#3099,#2437,#2438);
#2046=AXIS2_PLACEMENT_3D('',#3100,#2439,#2440);
#2047=AXIS2_PLACEMENT_3D('',#3102,#2441,#2442);
#2048=AXIS2_PLACEMENT_3D('',#3103,#2443,#2444);
#2049=AXIS2_PLACEMENT_3D('',#3104,#2445,#2446);
#2050=AXIS2_PLACEMENT_3D('',#3106,#2448,#2449);
#2051=AXIS2_PLACEMENT_3D('',#3107,#2450,#2451);
#2052=AXIS2_PLACEMENT_3D('',#3109,#2453,#2454);
#2053=AXIS2_PLACEMENT_3D('',#3112,#2457,#2458);
#2054=AXIS2_PLACEMENT_3D('',#3116,#2461,#2462);
#2055=AXIS2_PLACEMENT_3D('',#3119,#2465,#2466);
#2056=AXIS2_PLACEMENT_3D('',#3120,#2467,#2468);
#2057=AXIS2_PLACEMENT_3D('',#3130,#2474,#2475);
#2058=AXIS2_PLACEMENT_3D('',#3134,#2477,#2478);
#2059=AXIS2_PLACEMENT_3D('',#3136,#2480,#2481);
#2060=AXIS2_PLACEMENT_3D('',#3140,#2484,#2485);
#2061=AXIS2_PLACEMENT_3D('',#3144,#2487,#2488);
#2062=AXIS2_PLACEMENT_3D('',#3146,#2490,#2491);
#2063=AXIS2_PLACEMENT_3D('',#3147,#2492,#2493);
#2064=AXIS2_PLACEMENT_3D('',#3148,#2494,#2495);
#2065=AXIS2_PLACEMENT_3D('',#3152,#2497,#2498);
#2066=AXIS2_PLACEMENT_3D('',#3154,#2500,#2501);
#2067=AXIS2_PLACEMENT_3D('',#3156,#2503,#2504);
#2068=AXIS2_PLACEMENT_3D('',#3159,#2506,#2507);
#2069=AXIS2_PLACEMENT_3D('',#3160,#2508,#2509);
#2070=AXIS2_PLACEMENT_3D('',#3162,#2511,#2512);
#2071=AXIS2_PLACEMENT_3D('',#3166,#2514,#2515);
#2072=AXIS2_PLACEMENT_3D('',#3168,#2517,#2518);
#2073=AXIS2_PLACEMENT_3D('',#3172,#2521,#2522);
#2074=AXIS2_PLACEMENT_3D('',#3175,#2524,#2525);
#2075=AXIS2_PLACEMENT_3D('',#3176,#2526,#2527);
#2076=AXIS2_PLACEMENT_3D('',#3180,#2530,#2531);
#2077=AXIS2_PLACEMENT_3D('',#3183,#2533,#2534);
#2078=AXIS2_PLACEMENT_3D('',#3184,#2535,#2536);
#2079=AXIS2_PLACEMENT_3D('',#3188,#2539,#2540);
#2080=AXIS2_PLACEMENT_3D('',#3192,#2542,#2543);
#2081=AXIS2_PLACEMENT_3D('',#3194,#2545,#2546);
#2082=AXIS2_PLACEMENT_3D('',#3198,#2549,#2550);
#2083=AXIS2_PLACEMENT_3D('',#3201,#2552,#2553);
#2084=AXIS2_PLACEMENT_3D('',#3202,#2554,#2555);
#2085=AXIS2_PLACEMENT_3D('',#3204,#2557,#2558);
#2086=AXIS2_PLACEMENT_3D('',#3207,#2560,#2561);
#2087=AXIS2_PLACEMENT_3D('',#3208,#2562,#2563);
#2088=AXIS2_PLACEMENT_3D('',#3216,#2568,#2569);
#2089=AXIS2_PLACEMENT_3D('',#3218,#2570,#2571);
#2090=AXIS2_PLACEMENT_3D('',#3221,#2573,#2574);
#2091=AXIS2_PLACEMENT_3D('',#3222,#2575,#2576);
#2092=AXIS2_PLACEMENT_3D('',#3224,#2577,#2578);
#2093=AXIS2_PLACEMENT_3D('',#3227,#2580,#2581);
#2094=AXIS2_PLACEMENT_3D('',#3228,#2582,#2583);
#2095=AXIS2_PLACEMENT_3D('',#3230,#2584,#2585);
#2096=AXIS2_PLACEMENT_3D('',#3233,#2587,#2588);
#2097=AXIS2_PLACEMENT_3D('',#3234,#2589,#2590);
#2098=AXIS2_PLACEMENT_3D('',#3239,#2594,#2595);
#2099=AXIS2_PLACEMENT_3D('',#3242,#2597,#2598);
#2100=AXIS2_PLACEMENT_3D('',#3243,#2599,#2600);
#2101=AXIS2_PLACEMENT_3D('',#3245,#2601,#2602);
#2102=AXIS2_PLACEMENT_3D('',#3247,#2604,#2605);
#2103=AXIS2_PLACEMENT_3D('',#3253,#2609,#2610);
#2104=AXIS2_PLACEMENT_3D('',#3257,#2613,#2614);
#2105=AXIS2_PLACEMENT_3D('',#3261,#2617,#2618);
#2106=AXIS2_PLACEMENT_3D('',#3265,#2621,#2622);
#2107=AXIS2_PLACEMENT_3D('',#3269,#2625,#2626);
#2108=AXIS2_PLACEMENT_3D('',#3271,#2628,#2629);
#2109=AXIS2_PLACEMENT_3D('',#3273,#2630,#2631);
#2110=AXIS2_PLACEMENT_3D('',#3274,#2632,#2633);
#2111=AXIS2_PLACEMENT_3D('',#3276,#2634,#2635);
#2112=AXIS2_PLACEMENT_3D('',#3278,#2637,#2638);
#2113=AXIS2_PLACEMENT_3D('',#3280,#2639,#2640);
#2114=AXIS2_PLACEMENT_3D('',#3284,#2642,#2643);
#2115=AXIS2_PLACEMENT_3D('',#3285,#2644,#2645);
#2116=AXIS2_PLACEMENT_3D('',#3286,#2646,#2647);
#2117=AXIS2_PLACEMENT_3D('',#3288,#2648,#2649);
#2118=AXIS2_PLACEMENT_3D('',#3290,#2651,#2652);
#2119=AXIS2_PLACEMENT_3D('',#3292,#2653,#2654);
#2120=AXIS2_PLACEMENT_3D('',#3293,#2655,#2656);
#2121=AXIS2_PLACEMENT_3D('',#3294,#2657,#2658);
#2122=AXIS2_PLACEMENT_3D('',#3296,#2659,#2660);
#2123=AXIS2_PLACEMENT_3D('',#3299,#2662,#2663);
#2124=AXIS2_PLACEMENT_3D('',#3300,#2664,#2665);
#2125=AXIS2_PLACEMENT_3D('',#3301,#2666,#2667);
#2126=AXIS2_PLACEMENT_3D('',#3303,#2668,#2669);
#2127=AXIS2_PLACEMENT_3D('',#3307,#2671,#2672);
#2128=AXIS2_PLACEMENT_3D('',#3309,#2674,#2675);
#2129=AXIS2_PLACEMENT_3D('',#3311,#2676,#2677);
#2130=AXIS2_PLACEMENT_3D('',#3314,#2679,#2680);
#2131=AXIS2_PLACEMENT_3D('',#3315,#2681,#2682);
#2132=AXIS2_PLACEMENT_3D('',#3317,#2684,#2685);
#2133=AXIS2_PLACEMENT_3D('',#3319,#2686,#2687);
#2134=AXIS2_PLACEMENT_3D('',#3320,#2688,#2689);
#2135=AXIS2_PLACEMENT_3D('',#3322,#2690,#2691);
#2136=AXIS2_PLACEMENT_3D('',#3325,#2693,#2694);
#2137=AXIS2_PLACEMENT_3D('',#3326,#2695,#2696);
#2138=AXIS2_PLACEMENT_3D('',#3327,#2697,#2698);
#2139=AXIS2_PLACEMENT_3D('',#3330,#2700,#2701);
#2140=AXIS2_PLACEMENT_3D('',#3331,#2702,#2703);
#2141=AXIS2_PLACEMENT_3D('',#3332,#2704,#2705);
#2142=AXIS2_PLACEMENT_3D('',#3334,#2706,#2707);
#2143=AXIS2_PLACEMENT_3D('',#3337,#2709,#2710);
#2144=AXIS2_PLACEMENT_3D('',#3338,#2711,#2712);
#2145=AXIS2_PLACEMENT_3D('',#3340,#2713,#2714);
#2146=AXIS2_PLACEMENT_3D('',#3342,#2715,#2716);
#2147=AXIS2_PLACEMENT_3D('',#3344,#2718,#2719);
#2148=AXIS2_PLACEMENT_3D('',#3346,#2720,#2721);
#2149=AXIS2_PLACEMENT_3D('',#3349,#2723,#2724);
#2150=AXIS2_PLACEMENT_3D('',#3350,#2725,#2726);
#2151=AXIS2_PLACEMENT_3D('',#3351,#2727,#2728);
#2152=AXIS2_PLACEMENT_3D('',#3352,#2729,#2730);
#2153=AXIS2_PLACEMENT_3D('',#3354,#2731,#2732);
#2154=AXIS2_PLACEMENT_3D('',#3356,#2734,#2735);
#2155=AXIS2_PLACEMENT_3D('',#3361,#2739,#2740);
#2156=AXIS2_PLACEMENT_3D('',#3362,#2741,#2742);
#2157=AXIS2_PLACEMENT_3D('',#3363,#2743,#2744);
#2158=AXIS2_PLACEMENT_3D('',#3364,#2745,#2746);
#2159=AXIS2_PLACEMENT_3D('',#3365,#2747,#2748);
#2160=AXIS2_PLACEMENT_3D('',#3367,#2750,#2751);
#2161=AXIS2_PLACEMENT_3D('',#3368,#2752,#2753);
#2162=DIRECTION('axis',(0.,0.,1.));
#2163=DIRECTION('refdir',(1.,0.,0.));
#2164=DIRECTION('center_axis',(0.,0.,1.));
#2165=DIRECTION('ref_axis',(1.,0.,0.));
#2166=DIRECTION('center_axis',(0.,0.,-1.));
#2167=DIRECTION('ref_axis',(1.,0.,0.));
#2168=DIRECTION('',(0.,0.,-1.));
#2169=DIRECTION('center_axis',(0.,0.,1.));
#2170=DIRECTION('ref_axis',(1.,0.,0.));
#2171=DIRECTION('center_axis',(0.,0.,1.));
#2172=DIRECTION('ref_axis',(1.,0.,0.));
#2173=DIRECTION('center_axis',(0.,0.,-1.));
#2174=DIRECTION('ref_axis',(1.,0.,0.));
#2175=DIRECTION('',(0.,0.,-1.));
#2176=DIRECTION('center_axis',(0.,0.,1.));
#2177=DIRECTION('ref_axis',(1.,0.,0.));
#2178=DIRECTION('center_axis',(0.,0.,1.));
#2179=DIRECTION('ref_axis',(-0.995259588362428,0.0972540578724099,0.));
#2180=DIRECTION('center_axis',(0.,0.,1.));
#2181=DIRECTION('ref_axis',(-0.995259588362428,0.0972540578724099,0.));
#2182=DIRECTION('',(0.,0.,-1.));
#2183=DIRECTION('center_axis',(0.,0.,1.));
#2184=DIRECTION('ref_axis',(-0.995259588362428,0.0972540578724099,0.));
#2185=DIRECTION('',(0.,0.,1.));
#2186=DIRECTION('center_axis',(0.,0.,1.));
#2187=DIRECTION('ref_axis',(1.,1.01064309961486E-15,0.));
#2188=DIRECTION('center_axis',(0.,0.,1.));
#2189=DIRECTION('ref_axis',(-1.,0.,0.));
#2190=DIRECTION('',(0.,0.,-1.));
#2191=DIRECTION('center_axis',(0.,0.,1.));
#2192=DIRECTION('ref_axis',(-1.,0.,0.));
#2193=DIRECTION('center_axis',(0.,0.,1.));
#2194=DIRECTION('ref_axis',(1.,0.,0.));
#2195=DIRECTION('',(-0.994521895368273,-0.104528463267654,0.));
#2196=DIRECTION('center_axis',(0.,0.,1.));
#2197=DIRECTION('ref_axis',(0.,1.,0.));
#2198=DIRECTION('',(-0.994521895368273,0.104528463267654,0.));
#2199=DIRECTION('center_axis',(0.,0.,1.));
#2200=DIRECTION('ref_axis',(0.984312572853579,0.176433440487819,0.));
#2201=DIRECTION('center_axis',(0.,0.,1.));
#2202=DIRECTION('ref_axis',(-1.,0.,0.));
#2203=DIRECTION('',(-0.994521895368273,0.104528463267654,0.));
#2204=DIRECTION('center_axis',(0.,0.,-1.));
#2205=DIRECTION('ref_axis',(-0.529919264233203,0.848048096156427,0.));
#2206=DIRECTION('',(-0.342020143325668,-0.939692620785909,0.));
#2207=DIRECTION('center_axis',(0.,0.,-1.));
#2208=DIRECTION('ref_axis',(-0.788010753605739,-0.615661475326916,0.));
#2209=DIRECTION('',(0.99452189536794,0.104528463270826,0.));
#2210=DIRECTION('center_axis',(0.,0.,1.));
#2211=DIRECTION('ref_axis',(-1.,0.,0.));
#2212=DIRECTION('center_axis',(0.,0.,1.));
#2213=DIRECTION('ref_axis',(0.984312572853579,-0.176433440487819,0.));
#2214=DIRECTION('',(0.994521895368273,0.104528463267654,0.));
#2215=DIRECTION('',(-0.994521895368273,0.104528463267654,0.));
#2216=DIRECTION('',(-0.104528463267655,-0.994521895368273,0.));
#2217=DIRECTION('center_axis',(0.,0.,1.));
#2218=DIRECTION('ref_axis',(0.629320391049836,-0.777145961456972,0.));
#2219=DIRECTION('',(0.994521895368273,-0.104528463267654,0.));
#2220=DIRECTION('center_axis',(0.,0.,1.));
#2221=DIRECTION('ref_axis',(-0.995259588362426,-0.0972540578724318,0.));
#2222=DIRECTION('',(0.994521895368273,-0.104528463267654,0.));
#2223=DIRECTION('center_axis',(0.,0.,-1.));
#2224=DIRECTION('ref_axis',(0.788010753606723,-0.615661475325657,0.));
#2225=DIRECTION('',(-0.342020143325669,0.939692620785909,0.));
#2226=DIRECTION('center_axis',(0.,0.,-1.));
#2227=DIRECTION('ref_axis',(0.529919264233212,0.848048096156422,0.));
#2228=DIRECTION('',(-0.994521895368273,-0.104528463267654,0.));
#2229=DIRECTION('center_axis',(0.,0.,-1.));
#2230=DIRECTION('ref_axis',(-0.10452846326765,-0.994521895368274,0.));
#2231=DIRECTION('',(0.994521895368273,-0.104528463267654,0.));
#2232=DIRECTION('center_axis',(0.,0.,-1.));
#2233=DIRECTION('ref_axis',(0.529919264233205,-0.848048096156426,0.));
#2234=DIRECTION('',(0.342020143325668,0.939692620785909,0.));
#2235=DIRECTION('center_axis',(0.,0.,-1.));
#2236=DIRECTION('ref_axis',(0.788010753606721,0.615661475325659,0.));
#2237=DIRECTION('',(-0.994521895368273,-0.104528463267654,0.));
#2238=DIRECTION('center_axis',(0.,0.,-1.));
#2239=DIRECTION('ref_axis',(-0.104528463267654,-0.994521895368273,0.));
#2240=DIRECTION('center_axis',(0.,0.,-1.));
#2241=DIRECTION('ref_axis',(1.,0.,0.));
#2242=DIRECTION('center_axis',(0.,0.,-1.));
#2243=DIRECTION('ref_axis',(0.775313157654007,0.63157700050633,0.));
#2244=DIRECTION('',(-0.994521895368273,-0.104528463267654,0.));
#2245=DIRECTION('center_axis',(0.,0.,-1.));
#2246=DIRECTION('ref_axis',(-0.615661475325659,0.788010753606721,0.));
#2247=DIRECTION('',(-0.342020143325668,-0.939692620785909,0.));
#2248=DIRECTION('center_axis',(0.,0.,-1.));
#2249=DIRECTION('ref_axis',(-0.848048096156426,-0.529919264233205,0.));
#2250=DIRECTION('',(0.994521895368273,-0.104528463267654,0.));
#2251=DIRECTION('center_axis',(0.,0.,-1.));
#2252=DIRECTION('ref_axis',(0.667108271120352,-0.744960773868541,0.));
#2253=DIRECTION('',(-0.5,-0.866025403784439,0.));
#2254=DIRECTION('',(0.500000000000001,-0.866025403784438,0.));
#2255=DIRECTION('',(1.,5.49417910395304E-16,0.));
#2256=DIRECTION('',(0.5,0.866025403784439,0.));
#2257=DIRECTION('',(-0.5,0.866025403784438,0.));
#2258=DIRECTION('',(-1.,-2.74708955197652E-16,0.));
#2259=DIRECTION('',(0.342020143325669,0.939692620785909,0.));
#2260=DIRECTION('center_axis',(0.,0.,-1.));
#2261=DIRECTION('ref_axis',(0.848048096156427,0.529919264233203,0.));
#2262=DIRECTION('',(-0.994521895368273,0.104528463267654,0.));
#2263=DIRECTION('center_axis',(0.,0.,-1.));
#2264=DIRECTION('ref_axis',(-0.788010753606723,0.615661475325657,0.));
#2265=DIRECTION('',(0.342020143325669,-0.939692620785908,0.));
#2266=DIRECTION('center_axis',(0.,0.,-1.));
#2267=DIRECTION('ref_axis',(-0.529919264233239,-0.848048096156405,0.));
#2268=DIRECTION('',(0.994521895368282,0.104528463267574,0.));
#2269=DIRECTION('center_axis',(0.,0.,-1.));
#2270=DIRECTION('ref_axis',(0.615661475325627,-0.788010753606746,0.));
#2271=DIRECTION('',(-0.342020143325669,0.939692620785909,0.));
#2272=DIRECTION('center_axis',(0.,0.,-1.));
#2273=DIRECTION('ref_axis',(0.615661475325659,0.788010753606721,0.));
#2274=DIRECTION('',(-0.994521895368273,0.104528463267654,0.));
#2275=DIRECTION('center_axis',(0.,0.,-1.));
#2276=DIRECTION('ref_axis',(-0.775313157654006,0.631577000506331,0.));
#2277=DIRECTION('center_axis',(0.,0.,-1.));
#2278=DIRECTION('ref_axis',(1.,0.,0.));
#2279=DIRECTION('center_axis',(0.,0.,-1.));
#2280=DIRECTION('ref_axis',(-0.775313157654238,-0.631577000506047,0.));
#2281=DIRECTION('',(0.994521895368282,0.104528463267574,0.));
#2282=DIRECTION('center_axis',(0.,0.,-1.));
#2283=DIRECTION('ref_axis',(0.848048096156404,-0.529919264233239,0.));
#2284=DIRECTION('center_axis',(0.,0.,1.));
#2285=DIRECTION('ref_axis',(-0.995259588362426,-0.0972540578724318,0.));
#2286=DIRECTION('center_axis',(0.,0.,1.));
#2287=DIRECTION('ref_axis',(-0.995259588362426,-0.0972540578724318,0.));
#2288=DIRECTION('',(0.,0.,1.));
#2289=DIRECTION('center_axis',(0.,0.,-1.));
#2290=DIRECTION('ref_axis',(-1.,0.,0.));
#2291=DIRECTION('center_axis',(0.,0.,1.));
#2292=DIRECTION('ref_axis',(1.,0.,0.));
#2293=DIRECTION('',(0.994521895368273,0.104528463267654,0.));
#2294=DIRECTION('',(-0.994521895368273,0.104528463267654,0.));
#2295=DIRECTION('center_axis',(0.,0.,-1.));
#2296=DIRECTION('ref_axis',(1.,0.,0.));
#2297=DIRECTION('center_axis',(0.,0.,1.));
#2298=DIRECTION('ref_axis',(-1.,1.22464679914735E-16,0.));
#2299=DIRECTION('',(0.,0.,1.));
#2300=DIRECTION('center_axis',(0.,0.,1.));
#2301=DIRECTION('ref_axis',(1.,0.,0.));
#2302=DIRECTION('',(0.,0.,1.));
#2303=DIRECTION('center_axis',(0.,0.,1.));
#2304=DIRECTION('ref_axis',(0.529919264233212,0.848048096156422,0.));
#2305=DIRECTION('',(0.,0.,1.));
#2306=DIRECTION('center_axis',(0.,0.,1.));
#2307=DIRECTION('ref_axis',(0.529919264233212,0.848048096156422,0.));
#2308=DIRECTION('',(0.,0.,-1.));
#2309=DIRECTION('center_axis',(0.939692620785909,0.342020143325669,0.));
#2310=DIRECTION('ref_axis',(-0.342020143325669,0.939692620785909,0.));
#2311=DIRECTION('',(0.,0.,-1.));
#2312=DIRECTION('',(0.342020143325669,-0.939692620785909,0.));
#2313=DIRECTION('center_axis',(0.,0.,1.));
#2314=DIRECTION('ref_axis',(0.788010753606723,-0.615661475325657,0.));
#2315=DIRECTION('',(0.,0.,1.));
#2316=DIRECTION('center_axis',(0.,0.,1.));
#2317=DIRECTION('ref_axis',(0.788010753606723,-0.615661475325657,0.));
#2318=DIRECTION('center_axis',(-0.104528463267654,-0.994521895368273,0.));
#2319=DIRECTION('ref_axis',(0.994521895368273,-0.104528463267654,0.));
#2320=DIRECTION('',(0.,0.,-1.));
#2321=DIRECTION('',(-0.994521895368273,0.104528463267654,0.));
#2322=DIRECTION('center_axis',(0.,0.,-1.));
#2323=DIRECTION('ref_axis',(-0.10452846326765,-0.994521895368274,0.));
#2324=DIRECTION('',(0.,0.,1.));
#2325=DIRECTION('center_axis',(0.,0.,1.));
#2326=DIRECTION('ref_axis',(-0.10452846326765,-0.994521895368274,0.));
#2327=DIRECTION('center_axis',(0.,0.,1.));
#2328=DIRECTION('ref_axis',(1.,0.,0.));
#2329=DIRECTION('center_axis',(0.,0.,-1.));
#2330=DIRECTION('ref_axis',(1.,0.,0.));
#2331=DIRECTION('',(0.,0.,-1.));
#2332=DIRECTION('center_axis',(0.,0.,1.));
#2333=DIRECTION('ref_axis',(1.,0.,0.));
#2334=DIRECTION('center_axis',(0.,0.,1.));
#2335=DIRECTION('ref_axis',(-0.848048096156426,-0.529919264233205,0.));
#2336=DIRECTION('',(0.,0.,1.));
#2337=DIRECTION('center_axis',(0.,0.,1.));
#2338=DIRECTION('ref_axis',(-0.848048096156426,-0.529919264233205,0.));
#2339=DIRECTION('',(0.,0.,-1.));
#2340=DIRECTION('center_axis',(-0.939692620785909,0.342020143325668,0.));
#2341=DIRECTION('ref_axis',(-0.342020143325668,-0.939692620785909,0.));
#2342=DIRECTION('',(0.,0.,-1.));
#2343=DIRECTION('',(0.342020143325668,0.939692620785909,0.));
#2344=DIRECTION('center_axis',(0.,0.,1.));
#2345=DIRECTION('ref_axis',(0.529919264233205,-0.848048096156426,0.));
#2346=DIRECTION('',(0.,0.,1.));
#2347=DIRECTION('center_axis',(0.,0.,1.));
#2348=DIRECTION('ref_axis',(0.529919264233205,-0.848048096156426,0.));
#2349=DIRECTION('',(0.,0.,-1.));
#2350=DIRECTION('center_axis',(-0.104528463267654,-0.994521895368273,0.));
#2351=DIRECTION('ref_axis',(0.994521895368273,-0.104528463267654,0.));
#2352=DIRECTION('',(0.,0.,-1.));
#2353=DIRECTION('',(-0.994521895368273,0.104528463267654,0.));
#2354=DIRECTION('center_axis',(0.,0.,-1.));
#2355=DIRECTION('ref_axis',(-0.104528463267654,-0.994521895368273,0.));
#2356=DIRECTION('',(0.,0.,1.));
#2357=DIRECTION('center_axis',(0.,0.,1.));
#2358=DIRECTION('ref_axis',(-0.104528463267654,-0.994521895368273,0.));
#2359=DIRECTION('center_axis',(-0.104528463267654,0.994521895368273,0.));
#2360=DIRECTION('ref_axis',(-0.994521895368273,-0.104528463267654,0.));
#2361=DIRECTION('',(0.,0.,-1.));
#2362=DIRECTION('',(0.994521895368273,0.104528463267654,0.));
#2363=DIRECTION('center_axis',(0.,0.,1.));
#2364=DIRECTION('ref_axis',(0.788010753606721,0.615661475325659,0.));
#2365=DIRECTION('',(0.,0.,1.));
#2366=DIRECTION('center_axis',(0.,0.,1.));
#2367=DIRECTION('ref_axis',(0.788010753606721,0.615661475325659,0.));
#2368=DIRECTION('center_axis',(0.939692620785909,-0.342020143325668,0.));
#2369=DIRECTION('ref_axis',(0.342020143325668,0.939692620785909,0.));
#2370=DIRECTION('',(-0.342020143325668,-0.939692620785909,0.));
#2371=DIRECTION('center_axis',(0.,0.,1.));
#2372=DIRECTION('ref_axis',(-0.615661475325659,0.788010753606721,0.));
#2373=DIRECTION('',(0.,0.,1.));
#2374=DIRECTION('center_axis',(0.,0.,1.));
#2375=DIRECTION('ref_axis',(-0.615661475325659,0.788010753606721,0.));
#2376=DIRECTION('center_axis',(-0.104528463267654,0.994521895368273,0.));
#2377=DIRECTION('ref_axis',(-0.994521895368273,-0.104528463267654,0.));
#2378=DIRECTION('',(0.,0.,-1.));
#2379=DIRECTION('',(0.994521895368273,0.104528463267654,0.));
#2380=DIRECTION('center_axis',(0.,0.,1.));
#2381=DIRECTION('ref_axis',(0.667108271120352,-0.744960773868541,0.));
#2382=DIRECTION('',(0.,0.,1.));
#2383=DIRECTION('center_axis',(0.,0.,1.));
#2384=DIRECTION('ref_axis',(0.667108271120352,-0.744960773868541,0.));
#2385=DIRECTION('',(0.,0.,-1.));
#2386=DIRECTION('center_axis',(-0.104528463267654,-0.994521895368273,0.));
#2387=DIRECTION('ref_axis',(0.994521895368273,-0.104528463267654,0.));
#2388=DIRECTION('',(-0.994521895368273,0.104528463267654,0.));
#2389=DIRECTION('center_axis',(0.,0.,1.));
#2390=DIRECTION('ref_axis',(0.775313157654007,0.63157700050633,0.));
#2391=DIRECTION('',(0.,0.,1.));
#2392=DIRECTION('center_axis',(0.,0.,1.));
#2393=DIRECTION('ref_axis',(0.775313157654007,0.63157700050633,0.));
#2394=DIRECTION('center_axis',(0.,0.,1.));
#2395=DIRECTION('ref_axis',(1.,0.,0.));
#2396=DIRECTION('center_axis',(0.,0.,1.));
#2397=DIRECTION('ref_axis',(1.,0.,0.));
#2398=DIRECTION('center_axis',(-0.104528463267654,0.994521895368273,0.));
#2399=DIRECTION('ref_axis',(-0.994521895368273,-0.104528463267654,0.));
#2400=DIRECTION('',(0.994521895368273,0.104528463267654,0.));
#2401=DIRECTION('center_axis',(-0.104528463267655,-0.994521895368273,0.));
#2402=DIRECTION('ref_axis',(-0.703233176253401,0.073912785203567,0.707106781186551));
#2403=DIRECTION('center_axis',(-0.0739127852035668,-0.703233176253403,-0.707106781186549));
#2404=DIRECTION('ref_axis',(-0.0739127852035682,-0.703233176253405,0.707106781186546));
#2405=DIRECTION('',(-0.104528463267655,-0.994521895368273,0.));
#2406=DIRECTION('center_axis',(-0.104528463267655,-0.994521895368273,0.));
#2407=DIRECTION('ref_axis',(0.,0.,1.));
#2408=DIRECTION('',(0.104528463267655,0.994521895368273,0.));
#2409=DIRECTION('center_axis',(-0.104528463267654,-0.994521895368273,0.));
#2410=DIRECTION('ref_axis',(-0.703233176253401,0.073912785203567,0.707106781186551));
#2411=DIRECTION('center_axis',(0.,0.,-1.));
#2412=DIRECTION('ref_axis',(-1.,0.,0.));
#2413=DIRECTION('center_axis',(-0.886548528235439,-0.462635609398561,-1.02725741113155E-15));
#2414=DIRECTION('ref_axis',(0.,-2.22044604925031E-15,1.));
#2415=DIRECTION('center_axis',(0.,0.,1.));
#2416=DIRECTION('ref_axis',(0.780539397206843,-0.625106590437165,0.));
#2417=DIRECTION('center_axis',(0.,0.,-1.));
#2418=DIRECTION('ref_axis',(0.780539397206843,-0.625106590437165,0.));
#2419=DIRECTION('center_axis',(0.994521895368273,-0.104528463267654,0.));
#2420=DIRECTION('ref_axis',(-0.0739127852035831,-0.703233176253403,-0.707106781186547));
#2421=DIRECTION('',(0.994521895368273,-0.104528463267654,0.));
#2422=DIRECTION('center_axis',(-0.994521895368272,0.104528463267667,0.));
#2423=DIRECTION('ref_axis',(0.,0.,-1.));
#2424=DIRECTION('',(-0.994521895368273,0.104528463267654,0.));
#2425=DIRECTION('center_axis',(0.,0.,-1.));
#2426=DIRECTION('ref_axis',(-1.,0.,0.));
#2427=DIRECTION('',(-0.994521895368273,0.104528463267654,0.));
#2428=DIRECTION('',(0.994521895368273,0.104528463267654,0.));
#2429=DIRECTION('center_axis',(0.,0.,1.));
#2430=DIRECTION('ref_axis',(-9.2920024124382E-17,-1.,0.));
#2431=DIRECTION('center_axis',(-0.973699357042832,-0.102339926300668,0.203558594952779));
#2432=DIRECTION('ref_axis',(0.0166445865485279,-0.92300523831796,-0.384427220389288));
#2433=DIRECTION('',(0.973699357042832,0.102339926300668,-0.203558594952779));
#2434=DIRECTION('center_axis',(0.104528463267654,0.994521895368273,0.));
#2435=DIRECTION('ref_axis',(0.972789205831713,-0.102244265553647,-0.207911690817759));
#2436=DIRECTION('',(-0.973699357042832,-0.102339926300668,0.203558594952779));
#2437=DIRECTION('center_axis',(0.989302565055809,0.10397988954656,-0.102316261385381));
#2438=DIRECTION('ref_axis',(-0.101755762199988,-0.0106949615698749,-0.99475192015704));
#2439=DIRECTION('center_axis',(0.,0.,1.));
#2440=DIRECTION('ref_axis',(1.,0.,0.));
#2441=DIRECTION('center_axis',(-0.994521895368273,-0.104528463267656,0.));
#2442=DIRECTION('ref_axis',(0.,0.,-1.));
#2443=DIRECTION('center_axis',(0.,0.,-1.));
#2444=DIRECTION('ref_axis',(-9.2920024124382E-17,-1.,0.));
#2445=DIRECTION('center_axis',(0.994521895368273,0.104528463267654,0.));
#2446=DIRECTION('ref_axis',(0.0739127852035647,-0.703233176253401,-0.707106781186551));
#2447=DIRECTION('',(-0.994521895368273,-0.104528463267654,0.));
#2448=DIRECTION('center_axis',(-0.0739127852035668,-0.703233176253403,-0.707106781186549));
#2449=DIRECTION('ref_axis',(0.994461218176457,0.0011546450583448,-0.105097822707166));
#2450=DIRECTION('center_axis',(-0.0739127852035668,-0.703233176253403,-0.707106781186549));
#2451=DIRECTION('ref_axis',(-0.994581264610143,0.,0.103962051184498));
#2452=DIRECTION('',(0.994521895368273,-0.104528463267654,0.));
#2453=DIRECTION('center_axis',(0.,0.,1.));
#2454=DIRECTION('ref_axis',(0.629320391049836,-0.777145961456972,0.));
#2455=DIRECTION('',(0.,0.,-1.));
#2456=DIRECTION('',(0.,0.,1.));
#2457=DIRECTION('center_axis',(-0.104528463267654,-0.994521895368273,0.));
#2458=DIRECTION('ref_axis',(0.994521895368273,-0.104528463267654,0.));
#2459=DIRECTION('',(0.,0.,-1.));
#2460=DIRECTION('',(0.994521895368273,-0.104528463267654,0.));
#2461=DIRECTION('center_axis',(0.104528463267654,0.994521895368273,0.));
#2462=DIRECTION('ref_axis',(-0.994521895368273,0.104528463267654,0.));
#2463=DIRECTION('',(0.,0.,1.));
#2464=DIRECTION('',(0.,0.,-1.));
#2465=DIRECTION('center_axis',(-0.994521895368273,0.104528463267655,0.));
#2466=DIRECTION('ref_axis',(-0.104528463267655,-0.994521895368273,0.));
#2467=DIRECTION('center_axis',(0.104528463267654,-0.994521895368273,0.));
#2468=DIRECTION('ref_axis',(0.994521895368273,0.104528463267654,0.));
#2469=DIRECTION('',(0.,0.,-1.));
#2470=DIRECTION('',(-0.994521895368273,-0.104528463267654,0.));
#2471=DIRECTION('',(0.,0.,1.));
#2472=DIRECTION('',(0.994521895368273,0.104528463267654,0.));
#2473=DIRECTION('',(0.,0.,1.));
#2474=DIRECTION('center_axis',(0.,0.,1.));
#2475=DIRECTION('ref_axis',(-0.775313157654006,0.631577000506331,0.));
#2476=DIRECTION('',(0.,0.,1.));
#2477=DIRECTION('center_axis',(0.,0.,1.));
#2478=DIRECTION('ref_axis',(-0.775313157654006,0.631577000506331,0.));
#2479=DIRECTION('',(0.,0.,-1.));
#2480=DIRECTION('center_axis',(0.104528463267654,0.994521895368273,0.));
#2481=DIRECTION('ref_axis',(-0.994521895368273,0.104528463267654,0.));
#2482=DIRECTION('',(0.,0.,-1.));
#2483=DIRECTION('',(0.994521895368273,-0.104528463267654,0.));
#2484=DIRECTION('center_axis',(0.,0.,1.));
#2485=DIRECTION('ref_axis',(-0.775313157654238,-0.631577000506047,0.));
#2486=DIRECTION('',(0.,0.,1.));
#2487=DIRECTION('center_axis',(0.,0.,1.));
#2488=DIRECTION('ref_axis',(-0.775313157654238,-0.631577000506047,0.));
#2489=DIRECTION('',(0.,0.,-1.));
#2490=DIRECTION('center_axis',(0.,0.,1.));
#2491=DIRECTION('ref_axis',(1.,0.,0.));
#2492=DIRECTION('center_axis',(0.,0.,1.));
#2493=DIRECTION('ref_axis',(1.,0.,0.));
#2494=DIRECTION('center_axis',(0.,0.,1.));
#2495=DIRECTION('ref_axis',(0.848048096156404,-0.529919264233239,0.));
#2496=DIRECTION('',(0.,0.,1.));
#2497=DIRECTION('center_axis',(0.,0.,1.));
#2498=DIRECTION('ref_axis',(0.848048096156404,-0.529919264233239,0.));
#2499=DIRECTION('',(0.,0.,-1.));
#2500=DIRECTION('center_axis',(0.104528463267574,-0.994521895368282,0.));
#2501=DIRECTION('ref_axis',(0.994521895368282,0.104528463267574,0.));
#2502=DIRECTION('',(-0.994521895368282,-0.104528463267574,0.));
#2503=DIRECTION('center_axis',(0.,0.,1.));
#2504=DIRECTION('ref_axis',(0.615661475325659,0.788010753606721,0.));
#2505=DIRECTION('',(0.,0.,1.));
#2506=DIRECTION('center_axis',(0.,0.,1.));
#2507=DIRECTION('ref_axis',(0.615661475325659,0.788010753606721,0.));
#2508=DIRECTION('center_axis',(0.939692620785909,0.342020143325669,0.));
#2509=DIRECTION('ref_axis',(-0.342020143325669,0.939692620785909,0.));
#2510=DIRECTION('',(0.342020143325669,-0.939692620785909,0.));
#2511=DIRECTION('center_axis',(0.,0.,1.));
#2512=DIRECTION('ref_axis',(-0.529919264233239,-0.848048096156405,0.));
#2513=DIRECTION('',(0.,0.,1.));
#2514=DIRECTION('center_axis',(0.,0.,1.));
#2515=DIRECTION('ref_axis',(-0.529919264233239,-0.848048096156405,0.));
#2516=DIRECTION('',(0.,0.,-1.));
#2517=DIRECTION('center_axis',(-0.939692620785908,-0.342020143325669,0.));
#2518=DIRECTION('ref_axis',(0.342020143325669,-0.939692620785908,0.));
#2519=DIRECTION('',(0.,0.,-1.));
#2520=DIRECTION('',(-0.342020143325669,0.939692620785908,0.));
#2521=DIRECTION('center_axis',(0.,0.,1.));
#2522=DIRECTION('ref_axis',(-0.788010753606723,0.615661475325657,0.));
#2523=DIRECTION('',(0.,0.,1.));
#2524=DIRECTION('center_axis',(0.,0.,1.));
#2525=DIRECTION('ref_axis',(-0.788010753606723,0.615661475325657,0.));
#2526=DIRECTION('center_axis',(0.104528463267654,0.994521895368273,0.));
#2527=DIRECTION('ref_axis',(-0.994521895368273,0.104528463267654,0.));
#2528=DIRECTION('',(0.,0.,-1.));
#2529=DIRECTION('',(0.994521895368273,-0.104528463267654,0.));
#2530=DIRECTION('center_axis',(0.,0.,1.));
#2531=DIRECTION('ref_axis',(0.848048096156427,0.529919264233203,0.));
#2532=DIRECTION('',(0.,0.,1.));
#2533=DIRECTION('center_axis',(0.,0.,1.));
#2534=DIRECTION('ref_axis',(0.848048096156427,0.529919264233203,0.));
#2535=DIRECTION('center_axis',(0.939692620785909,-0.342020143325669,0.));
#2536=DIRECTION('ref_axis',(0.342020143325669,0.939692620785909,0.));
#2537=DIRECTION('',(0.,0.,-1.));
#2538=DIRECTION('',(-0.342020143325669,-0.939692620785909,0.));
#2539=DIRECTION('center_axis',(0.,0.,1.));
#2540=DIRECTION('ref_axis',(-0.788010753605739,-0.615661475326916,0.));
#2541=DIRECTION('',(0.,0.,1.));
#2542=DIRECTION('center_axis',(0.,0.,1.));
#2543=DIRECTION('ref_axis',(-0.788010753605739,-0.615661475326916,0.));
#2544=DIRECTION('',(0.,0.,-1.));
#2545=DIRECTION('center_axis',(-0.939692620785909,0.342020143325668,0.));
#2546=DIRECTION('ref_axis',(-0.342020143325668,-0.939692620785909,0.));
#2547=DIRECTION('',(0.,0.,-1.));
#2548=DIRECTION('',(0.342020143325668,0.939692620785909,0.));
#2549=DIRECTION('center_axis',(0.,0.,1.));
#2550=DIRECTION('ref_axis',(0.615661475325627,-0.788010753606746,0.));
#2551=DIRECTION('',(0.,0.,1.));
#2552=DIRECTION('center_axis',(0.,0.,1.));
#2553=DIRECTION('ref_axis',(0.615661475325627,-0.788010753606746,0.));
#2554=DIRECTION('center_axis',(0.104528463267574,-0.994521895368282,0.));
#2555=DIRECTION('ref_axis',(0.994521895368282,0.104528463267574,0.));
#2556=DIRECTION('',(-0.994521895368282,-0.104528463267574,0.));
#2557=DIRECTION('center_axis',(0.,0.,1.));
#2558=DIRECTION('ref_axis',(-0.529919264233203,0.848048096156427,0.));
#2559=DIRECTION('',(0.,0.,1.));
#2560=DIRECTION('center_axis',(0.,0.,1.));
#2561=DIRECTION('ref_axis',(-0.529919264233203,0.848048096156427,0.));
#2562=DIRECTION('center_axis',(0.104528463267654,0.994521895368273,0.));
#2563=DIRECTION('ref_axis',(-0.994521895368273,0.104528463267654,0.));
#2564=DIRECTION('',(0.,0.,-1.));
#2565=DIRECTION('',(-0.994521895368273,0.104528463267654,0.));
#2566=DIRECTION('',(0.,0.,-1.));
#2567=DIRECTION('',(0.994521895368273,-0.104528463267654,0.));
#2568=DIRECTION('center_axis',(0.,0.,1.));
#2569=DIRECTION('ref_axis',(0.762303945467246,0.647219201449609,0.));
#2570=DIRECTION('center_axis',(0.,0.,-1.));
#2571=DIRECTION('ref_axis',(0.762303945467246,0.647219201449609,0.));
#2572=DIRECTION('',(0.,0.,1.));
#2573=DIRECTION('center_axis',(0.,0.,1.));
#2574=DIRECTION('ref_axis',(0.762303945467246,0.647219201449609,0.));
#2575=DIRECTION('center_axis',(0.,0.,1.));
#2576=DIRECTION('ref_axis',(0.234160807495689,0.972197879154736,0.));
#2577=DIRECTION('center_axis',(0.,0.,1.));
#2578=DIRECTION('ref_axis',(-1.,0.,0.));
#2579=DIRECTION('',(0.,0.,-1.));
#2580=DIRECTION('center_axis',(0.,0.,1.));
#2581=DIRECTION('ref_axis',(0.234160807495689,0.972197879154736,0.));
#2582=DIRECTION('center_axis',(0.,0.,1.));
#2583=DIRECTION('ref_axis',(0.762303945468605,-0.647219201448008,0.));
#2584=DIRECTION('center_axis',(0.,0.,-1.));
#2585=DIRECTION('ref_axis',(0.762303945468605,-0.647219201448008,0.));
#2586=DIRECTION('',(0.,0.,1.));
#2587=DIRECTION('center_axis',(0.,0.,1.));
#2588=DIRECTION('ref_axis',(0.762303945468605,-0.647219201448008,0.));
#2589=DIRECTION('center_axis',(0.104528463270826,-0.99452189536794,0.));
#2590=DIRECTION('ref_axis',(0.99452189536794,0.104528463270826,0.));
#2591=DIRECTION('',(-0.99452189536794,-0.104528463270826,0.));
#2592=DIRECTION('',(0.99452189536794,0.104528463270826,0.));
#2593=DIRECTION('',(0.,0.,1.));
#2594=DIRECTION('center_axis',(0.,0.,1.));
#2595=DIRECTION('ref_axis',(-1.,0.,0.));
#2596=DIRECTION('',(0.,0.,-1.));
#2597=DIRECTION('center_axis',(0.,0.,1.));
#2598=DIRECTION('ref_axis',(-1.,0.,0.));
#2599=DIRECTION('center_axis',(0.,0.,1.));
#2600=DIRECTION('ref_axis',(-1.,0.,0.));
#2601=DIRECTION('center_axis',(0.,0.,1.));
#2602=DIRECTION('ref_axis',(-1.,0.,0.));
#2603=DIRECTION('',(0.,0.,1.));
#2604=DIRECTION('center_axis',(-0.866025403784439,0.5,0.));
#2605=DIRECTION('ref_axis',(-0.5,-0.866025403784439,0.));
#2606=DIRECTION('',(0.,0.,1.));
#2607=DIRECTION('',(-0.5,-0.866025403784439,0.));
#2608=DIRECTION('',(0.,0.,1.));
#2609=DIRECTION('center_axis',(-2.74708955197652E-16,1.,0.));
#2610=DIRECTION('ref_axis',(-1.,-2.74708955197652E-16,0.));
#2611=DIRECTION('',(0.,0.,1.));
#2612=DIRECTION('',(-1.,-2.74708955197652E-16,0.));
#2613=DIRECTION('center_axis',(0.866025403784439,0.5,0.));
#2614=DIRECTION('ref_axis',(-0.5,0.866025403784438,0.));
#2615=DIRECTION('',(0.,0.,1.));
#2616=DIRECTION('',(-0.5,0.866025403784438,0.));
#2617=DIRECTION('center_axis',(0.866025403784439,-0.5,0.));
#2618=DIRECTION('ref_axis',(0.5,0.866025403784439,0.));
#2619=DIRECTION('',(0.,0.,1.));
#2620=DIRECTION('',(0.5,0.866025403784439,0.));
#2621=DIRECTION('center_axis',(5.49417910395304E-16,-1.,0.));
#2622=DIRECTION('ref_axis',(1.,5.49417910395304E-16,0.));
#2623=DIRECTION('',(0.,0.,1.));
#2624=DIRECTION('',(1.,5.49417910395304E-16,0.));
#2625=DIRECTION('center_axis',(-0.866025403784438,-0.500000000000001,0.));
#2626=DIRECTION('ref_axis',(0.500000000000001,-0.866025403784438,0.));
#2627=DIRECTION('',(0.500000000000001,-0.866025403784438,0.));
#2628=DIRECTION('center_axis',(0.,0.,-1.));
#2629=DIRECTION('ref_axis',(-1.,0.,0.));
#2630=DIRECTION('center_axis',(0.,0.,-1.));
#2631=DIRECTION('ref_axis',(1.,0.,0.));
#2632=DIRECTION('center_axis',(0.,0.,-1.));
#2633=DIRECTION('ref_axis',(1.,0.,0.));
#2634=DIRECTION('center_axis',(0.,0.,-1.));
#2635=DIRECTION('ref_axis',(1.,0.,0.));
#2636=DIRECTION('',(0.,0.,-1.));
#2637=DIRECTION('center_axis',(0.,0.,-1.));
#2638=DIRECTION('ref_axis',(-1.,0.,0.));
#2639=DIRECTION('center_axis',(0.,0.,1.));
#2640=DIRECTION('ref_axis',(-1.,0.,0.));
#2641=DIRECTION('',(-0.707106781186547,8.65956056235493E-17,0.707106781186548));
#2642=DIRECTION('center_axis',(0.,0.,-1.));
#2643=DIRECTION('ref_axis',(-1.,0.,0.));
#2644=DIRECTION('center_axis',(0.,0.,-1.));
#2645=DIRECTION('ref_axis',(-1.,0.,0.));
#2646=DIRECTION('center_axis',(0.,0.,1.));
#2647=DIRECTION('ref_axis',(1.,0.,0.));
#2648=DIRECTION('center_axis',(0.,0.,1.));
#2649=DIRECTION('ref_axis',(1.,0.,0.));
#2650=DIRECTION('',(0.,0.,-1.));
#2651=DIRECTION('center_axis',(0.,0.,1.));
#2652=DIRECTION('ref_axis',(1.,0.,0.));
#2653=DIRECTION('center_axis',(0.,0.,1.));
#2654=DIRECTION('ref_axis',(-1.,0.,0.));
#2655=DIRECTION('center_axis',(0.,0.,1.));
#2656=DIRECTION('ref_axis',(1.,0.,0.));
#2657=DIRECTION('center_axis',(0.,0.,1.));
#2658=DIRECTION('ref_axis',(-1.,0.,0.));
#2659=DIRECTION('center_axis',(0.,0.,1.));
#2660=DIRECTION('ref_axis',(-1.,0.,0.));
#2661=DIRECTION('',(-0.707106781186547,-8.65956056235493E-17,-0.707106781186548));
#2662=DIRECTION('center_axis',(0.,0.,-1.));
#2663=DIRECTION('ref_axis',(1.,0.,0.));
#2664=DIRECTION('center_axis',(0.,0.,1.));
#2665=DIRECTION('ref_axis',(1.,0.,0.));
#2666=DIRECTION('center_axis',(0.,0.,-1.));
#2667=DIRECTION('ref_axis',(1.11633844342264E-17,-1.,0.));
#2668=DIRECTION('center_axis',(0.,0.,1.));
#2669=DIRECTION('ref_axis',(1.,0.,0.));
#2670=DIRECTION('',(-0.994521895368273,0.104528463267654,0.));
#2671=DIRECTION('center_axis',(0.,0.,-1.));
#2672=DIRECTION('ref_axis',(0.,1.,0.));
#2673=DIRECTION('',(-0.994521895368273,-0.104528463267654,0.));
#2674=DIRECTION('center_axis',(0.,0.,1.));
#2675=DIRECTION('ref_axis',(-1.,0.,0.));
#2676=DIRECTION('center_axis',(0.,0.,1.));
#2677=DIRECTION('ref_axis',(-1.,0.,0.));
#2678=DIRECTION('',(-0.707106781186548,-8.65956056235493E-17,-0.707106781186548));
#2679=DIRECTION('center_axis',(0.,0.,-1.));
#2680=DIRECTION('ref_axis',(-1.,0.,0.));
#2681=DIRECTION('center_axis',(0.,0.,1.));
#2682=DIRECTION('ref_axis',(-1.,0.,0.));
#2683=DIRECTION('',(0.,0.,-1.));
#2684=DIRECTION('center_axis',(0.,0.,1.));
#2685=DIRECTION('ref_axis',(1.,0.,0.));
#2686=DIRECTION('center_axis',(0.,0.,1.));
#2687=DIRECTION('ref_axis',(1.,0.,0.));
#2688=DIRECTION('center_axis',(0.,0.,-1.));
#2689=DIRECTION('ref_axis',(-1.,0.,0.));
#2690=DIRECTION('center_axis',(0.,0.,1.));
#2691=DIRECTION('ref_axis',(-1.,0.,0.));
#2692=DIRECTION('',(0.,0.,-1.));
#2693=DIRECTION('center_axis',(0.,0.,1.));
#2694=DIRECTION('ref_axis',(-1.,0.,0.));
#2695=DIRECTION('center_axis',(0.,0.,1.));
#2696=DIRECTION('ref_axis',(1.,0.,0.));
#2697=DIRECTION('center_axis',(0.,0.,-1.));
#2698=DIRECTION('ref_axis',(-1.,0.,0.));
#2699=DIRECTION('',(0.,0.,-1.));
#2700=DIRECTION('center_axis',(0.,0.,1.));
#2701=DIRECTION('ref_axis',(-1.,0.,0.));
#2702=DIRECTION('center_axis',(0.,0.,1.));
#2703=DIRECTION('ref_axis',(1.,0.,0.));
#2704=DIRECTION('center_axis',(0.,0.,1.));
#2705=DIRECTION('ref_axis',(-1.,0.,0.));
#2706=DIRECTION('center_axis',(0.,0.,1.));
#2707=DIRECTION('ref_axis',(-1.,0.,0.));
#2708=DIRECTION('',(0.,0.,1.));
#2709=DIRECTION('center_axis',(0.,0.,-1.));
#2710=DIRECTION('ref_axis',(-1.,0.,0.));
#2711=DIRECTION('center_axis',(0.,0.,1.));
#2712=DIRECTION('ref_axis',(0.984312572853579,-0.176433440487819,0.));
#2713=DIRECTION('center_axis',(0.,0.,1.));
#2714=DIRECTION('ref_axis',(0.984312572853579,-0.176433440487819,0.));
#2715=DIRECTION('center_axis',(0.,0.,1.));
#2716=DIRECTION('ref_axis',(0.984312572853579,-0.176433440487819,0.));
#2717=DIRECTION('',(0.,0.,1.));
#2718=DIRECTION('center_axis',(0.,0.,1.));
#2719=DIRECTION('ref_axis',(-1.,0.,0.));
#2720=DIRECTION('center_axis',(0.,0.,-1.));
#2721=DIRECTION('ref_axis',(-1.,0.,0.));
#2722=DIRECTION('',(0.,0.,-1.));
#2723=DIRECTION('center_axis',(0.,0.,1.));
#2724=DIRECTION('ref_axis',(-1.,0.,0.));
#2725=DIRECTION('center_axis',(0.,0.,-1.));
#2726=DIRECTION('ref_axis',(-1.,0.,0.));
#2727=DIRECTION('center_axis',(0.,0.,1.));
#2728=DIRECTION('ref_axis',(0.984312572853579,0.176433440487819,0.));
#2729=DIRECTION('center_axis',(0.,0.,1.));
#2730=DIRECTION('ref_axis',(0.984312572853579,0.176433440487819,0.));
#2731=DIRECTION('center_axis',(0.,0.,1.));
#2732=DIRECTION('ref_axis',(0.984312572853579,0.176433440487819,0.));
#2733=DIRECTION('',(0.,0.,1.));
#2734=DIRECTION('center_axis',(0.104528463267654,0.994521895368273,0.));
#2735=DIRECTION('ref_axis',(-0.994521895368273,0.104528463267654,0.));
#2736=DIRECTION('',(0.994521895368273,-0.104528463267654,0.));
#2737=DIRECTION('',(0.,0.,-1.));
#2738=DIRECTION('',(0.,0.,1.));
#2739=DIRECTION('center_axis',(0.,0.,1.));
#2740=DIRECTION('ref_axis',(1.,0.,0.));
#2741=DIRECTION('center_axis',(0.,0.,-1.));
#2742=DIRECTION('ref_axis',(-1.,0.,0.));
#2743=DIRECTION('center_axis',(0.,0.,1.));
#2744=DIRECTION('ref_axis',(1.,0.,0.));
#2745=DIRECTION('center_axis',(0.,0.,1.));
#2746=DIRECTION('ref_axis',(1.11633844342264E-17,-1.,0.));
#2747=DIRECTION('center_axis',(0.,0.,1.));
#2748=DIRECTION('ref_axis',(0.,1.,0.));
#2749=DIRECTION('',(0.,0.,1.));
#2750=DIRECTION('center_axis',(-0.104528463267654,0.994521895368273,0.));
#2751=DIRECTION('ref_axis',(-0.994521895368273,-0.104528463267654,0.));
#2752=DIRECTION('center_axis',(0.,0.,1.));
#2753=DIRECTION('ref_axis',(1.,0.,0.));
#2754=CARTESIAN_POINT('',(0.,0.,0.));
#2755=CARTESIAN_POINT('Origin',(137.5,-2.52583402324142E-14,7.5));
#2756=CARTESIAN_POINT('',(129.475,-2.62411192887299E-14,10.));
#2757=CARTESIAN_POINT('Origin',(137.5,-2.52583402324142E-14,10.));
#2758=CARTESIAN_POINT('',(129.475,-2.62411192887299E-14,4.2));
#2759=CARTESIAN_POINT('',(129.475,-2.62411192887299E-14,7.5));
#2760=CARTESIAN_POINT('Origin',(137.5,-2.52583402324142E-14,4.2));
#2761=CARTESIAN_POINT('Origin',(-137.5,-2.52583402324142E-14,7.5));
#2762=CARTESIAN_POINT('',(-145.525,-2.62411192887299E-14,10.));
#2763=CARTESIAN_POINT('Origin',(-137.5,-2.52583402324142E-14,10.));
#2764=CARTESIAN_POINT('',(-145.525,-2.62411192887299E-14,5.));
#2765=CARTESIAN_POINT('',(-145.525,-2.62411192887299E-14,7.5));
#2766=CARTESIAN_POINT('Origin',(-137.5,-2.52583402324142E-14,5.));
#2767=CARTESIAN_POINT('Origin',(-133.839204544308,11.8538439206059,0.));
#2768=CARTESIAN_POINT('',(-133.891468775942,12.35110486829,1.25));
#2769=CARTESIAN_POINT('',(-133.986742900205,11.3761071379114,1.25));
#2770=CARTESIAN_POINT('Origin',(-133.839204544308,11.8538439206059,1.25));
#2771=CARTESIAN_POINT('',(-133.891468775942,12.35110486829,0.));
#2772=CARTESIAN_POINT('',(-133.891468775942,12.35110486829,0.));
#2773=CARTESIAN_POINT('',(-133.986742900205,11.3761071379114,0.));
#2774=CARTESIAN_POINT('Origin',(-133.839204544308,11.8538439206059,0.));
#2775=CARTESIAN_POINT('',(-133.986742900205,11.3761071379114,0.));
#2776=CARTESIAN_POINT('Origin',(-137.5,-2.52583402324142E-14,0.));
#2777=CARTESIAN_POINT('',(-133.986742900205,-11.3761071379115,0.));
#2778=CARTESIAN_POINT('Origin',(-137.5,-2.52583402324142E-14,0.));
#2779=CARTESIAN_POINT('',(-133.986742900205,-11.3761071379115,1.25));
#2780=CARTESIAN_POINT('',(-133.986742900205,-11.3761071379115,0.));
#2781=CARTESIAN_POINT('Origin',(-137.5,-2.52583402324142E-14,1.25));
#2782=CARTESIAN_POINT('Origin',(-67.203125,0.,0.));
#2783=CARTESIAN_POINT('',(-10.4528463267654,25.3250268830594,0.));
#2784=CARTESIAN_POINT('',(133.250753085118,40.4288838041705,0.));
#2785=CARTESIAN_POINT('',(10.4528463267654,25.3250268830594,0.));
#2786=CARTESIAN_POINT('Origin',(1.77635683940025E-14,-74.127162653768,0.));
#2787=CARTESIAN_POINT('',(131.881260020811,12.5623863222224,0.));
#2788=CARTESIAN_POINT('',(138.74454201578,11.8410263167285,0.));
#2789=CARTESIAN_POINT('',(131.977862078259,12.5474288778408,0.));
#2790=CARTESIAN_POINT('Origin',(131.776731557543,11.5678644268542,0.));
#2791=CARTESIAN_POINT('',(123.287690811637,5.42154060564723,0.));
#2792=CARTESIAN_POINT('Origin',(135.,-2.47990976827339E-14,0.));
#2793=CARTESIAN_POINT('',(103.245247371623,7.5280862962655,0.));
#2794=CARTESIAN_POINT('',(29.3647536652724,15.2932390883221,0.));
#2795=CARTESIAN_POINT('',(98.0241419513547,4.26557753605248,0.));
#2796=CARTESIAN_POINT('Origin',(102.722605055284,2.55547681942414,0.));
#2797=CARTESIAN_POINT('',(96.089913406537,-1.04867171489884,0.));
#2798=CARTESIAN_POINT('',(88.3427560962787,-22.3338114897963,0.));
#2799=CARTESIAN_POINT('',(101.311018826821,-7.73138190836688,0.));
#2800=CARTESIAN_POINT('Origin',(100.788376510467,-2.75877243152718,0.));
#2801=CARTESIAN_POINT('',(123.287690811637,-5.42154060564728,0.));
#2802=CARTESIAN_POINT('',(14.3974983503335,-16.8663610125761,0.));
#2803=CARTESIAN_POINT('',(131.977862078259,-12.5474288778408,0.));
#2804=CARTESIAN_POINT('Origin',(135.,-2.47990976827339E-14,0.));
#2805=CARTESIAN_POINT('',(131.881260020811,-12.5623863222225,0.));
#2806=CARTESIAN_POINT('Origin',(131.776731557543,-11.5678644268542,0.));
#2807=CARTESIAN_POINT('',(57.4006334010336,-20.3906156252026,0.));
#2808=CARTESIAN_POINT('',(-133.250753085118,-40.4288838041705,0.));
#2809=CARTESIAN_POINT('',(-112.627153072362,-2.5199751540006,0.));
#2810=CARTESIAN_POINT('',(-5.280384872684,-13.8025751338696,0.));
#2811=CARTESIAN_POINT('',(-112.731681535629,-3.51449704936888,0.));
#2812=CARTESIAN_POINT('',(-112.248013999161,1.08729216726773,0.));
#2813=CARTESIAN_POINT('',(-124.821235480625,-13.3044248024757,0.));
#2814=CARTESIAN_POINT('Origin',(-123.67142238468,-2.36468395342468,0.));
#2815=CARTESIAN_POINT('',(-133.891468775942,-12.3511048682901,0.));
#2816=CARTESIAN_POINT('',(-138.74454201578,-11.8410263167285,0.));
#2817=CARTESIAN_POINT('Origin',(-133.839204544308,-11.8538439206059,0.));
#2818=CARTESIAN_POINT('',(-108.111855329127,3.03849760708102,0.));
#2819=CARTESIAN_POINT('',(-96.7300209847121,1.84221861239063,0.));
#2820=CARTESIAN_POINT('',(-95.6245525081277,1.72602919354891,0.));
#2821=CARTESIAN_POINT('',(-94.6415788166049,4.51530268977852,0.));
#2822=CARTESIAN_POINT('Origin',(-96.5209640581768,3.83126240312717,0.));
#2823=CARTESIAN_POINT('',(-95.4803130857613,6.8197061552085,0.));
#2824=CARTESIAN_POINT('',(-91.7637923302153,-3.39135069958864,0.));
#2825=CARTESIAN_POINT('',(-97.5687552538685,8.12470965929371,0.));
#2826=CARTESIAN_POINT('Origin',(-97.3596983273332,6.13566586855716,0.));
#2827=CARTESIAN_POINT('',(-108.111855329127,7.01658518855411,0.));
#2828=CARTESIAN_POINT('',(-82.1971304645729,9.74033252756354,0.));
#2829=CARTESIAN_POINT('Origin',(-107.902798402592,5.02754139781757,0.));
#2830=CARTESIAN_POINT('',(-79.7251240184136,0.0549319209761998,0.));
#2831=CARTESIAN_POINT('',(-67.2881376853867,-1.25224801656626,0.));
#2832=CARTESIAN_POINT('',(-76.0145309841815,-0.335067122268918,0.));
#2833=CARTESIAN_POINT('',(-62.0670322651189,2.01026074364676,0.));
#2834=CARTESIAN_POINT('Origin',(-66.7654953690485,3.7203614602751,0.));
#2835=CARTESIAN_POINT('',(-61.0776338369452,4.72861058389795,0.));
#2836=CARTESIAN_POINT('',(-63.3585178535685,-1.53806674816943,0.));
#2837=CARTESIAN_POINT('',(-66.298739257213,11.4113207773677,0.));
#2838=CARTESIAN_POINT('Origin',(-65.7760969408748,6.43871130052629,0.));
#2839=CARTESIAN_POINT('',(-79.7251240184136,10.0001508746589,0.));
#2840=CARTESIAN_POINT('',(-63.3602088057296,11.7201727732757,0.));
#2841=CARTESIAN_POINT('Origin',(-79.2024817020753,5.02754139781757,0.));
#2842=CARTESIAN_POINT('',(-28.0795851182958,0.152642013808132,0.));
#2843=CARTESIAN_POINT('',(-26.7556669418613,8.52177719118442,0.));
#2844=CARTESIAN_POINT('Origin',(0.,0.,0.));
#2845=CARTESIAN_POINT('',(-32.0424949672204,15.0117971365415,0.));
#2846=CARTESIAN_POINT('Origin',(-31.5198526508822,10.0391876597002,0.));
#2847=CARTESIAN_POINT('',(-46.3816134258406,13.5046950565643,0.));
#2848=CARTESIAN_POINT('',(-45.7446579273322,13.5716417771333,0.));
#2849=CARTESIAN_POINT('',(-50.5574342134318,10.2421862963513,0.));
#2850=CARTESIAN_POINT('Origin',(-45.8589711095023,8.53208557972294,0.));
#2851=CARTESIAN_POINT('',(-53.0145377120162,3.49134991672785,0.));
#2852=CARTESIAN_POINT('',(-52.6426150264414,4.51319909712748,0.));
#2853=CARTESIAN_POINT('',(-48.8387169244249,-3.19136027674186,0.));
#2854=CARTESIAN_POINT('Origin',(-48.3160746080866,1.78124920009951,0.));
#2855=CARTESIAN_POINT('',(-33.6021535596868,-4.79278761726969,0.));
#2856=CARTESIAN_POINT('',(-61.2687995906338,-1.88490594382083,0.));
#2857=CARTESIAN_POINT('Origin',(-33.0795112433485,0.179821859571688,0.));
#2858=CARTESIAN_POINT('',(-2.02072594216369,3.5,0.));
#2859=CARTESIAN_POINT('',(-4.04145188432738,-3.3133218391157E-15,0.));
#2860=CARTESIAN_POINT('',(-10.9262980527046,-11.9249033659253,0.));
#2861=CARTESIAN_POINT('',(-2.02072594216369,-3.5,0.));
#2862=CARTESIAN_POINT('',(-11.9366610237865,13.6749033659253,0.));
#2863=CARTESIAN_POINT('',(2.02072594216369,-3.5,0.));
#2864=CARTESIAN_POINT('',(-34.6119254710818,-3.50000000000002,0.));
#2865=CARTESIAN_POINT('',(4.04145188432738,1.35742111995185E-15,0.));
#2866=CARTESIAN_POINT('',(-5.87448319729537,-17.1749033659253,0.));
#2867=CARTESIAN_POINT('',(2.02072594216369,3.5,0.));
#2868=CARTESIAN_POINT('',(-4.86412022621354,15.4249033659253,0.));
#2869=CARTESIAN_POINT('',(-32.5911995289182,3.49999999999999,0.));
#2870=CARTESIAN_POINT('',(85.5697137830415,-6.56224742730322,0.));
#2871=CARTESIAN_POINT('',(88.971647398252,2.78448836297138,0.));
#2872=CARTESIAN_POINT('',(77.1544382108431,-29.6830270404064,0.));
#2873=CARTESIAN_POINT('',(84.7958266106607,9.4671985564411,0.));
#2874=CARTESIAN_POINT('Origin',(84.2731842943225,4.49458907959973,0.));
#2875=CARTESIAN_POINT('',(64.972100367211,11.550756143375,0.));
#2876=CARTESIAN_POINT('',(13.301146509808,16.9815922340054,0.));
#2877=CARTESIAN_POINT('',(59.7509949469432,4.8680459499053,0.));
#2878=CARTESIAN_POINT('Origin',(64.4494580508727,6.57814666653365,0.));
#2879=CARTESIAN_POINT('',(64.3630604109834,-7.80349976959169,0.));
#2880=CARTESIAN_POINT('',(51.7395027818283,26.8794397696962,0.));
#2881=CARTESIAN_POINT('',(69.5841658312508,-11.0660085298047,0.));
#2882=CARTESIAN_POINT('Origin',(69.0615235149129,-6.09339905296334,0.));
#2883=CARTESIAN_POINT('',(81.3938929954498,-9.82475618751629,0.));
#2884=CARTESIAN_POINT('',(0.570477019832808,-18.3196395151866,0.));
#2885=CARTESIAN_POINT('Origin',(80.8712506791119,-4.85214671067487,0.));
#2886=CARTESIAN_POINT('',(55.3105658578801,-6.32241059650914,0.));
#2887=CARTESIAN_POINT('',(49.2307953234298,10.3816216623587,0.));
#2888=CARTESIAN_POINT('',(48.2232989178564,13.1496952868533,0.));
#2889=CARTESIAN_POINT('',(45.0549745358385,13.6441304225717,0.));
#2890=CARTESIAN_POINT('Origin',(44.5323322195003,8.67152094573031,0.));
#2891=CARTESIAN_POINT('',(32.0424949672204,15.0117971365415,0.));
#2892=CARTESIAN_POINT('',(-8.19798884208065,19.241242414039,0.));
#2893=CARTESIAN_POINT('',(26.7556669418613,8.52177719118441,0.));
#2894=CARTESIAN_POINT('Origin',(31.5198526508822,10.0391876597002,0.));
#2895=CARTESIAN_POINT('',(26.7556669418557,-8.52177719120182,0.));
#2896=CARTESIAN_POINT('Origin',(0.,0.,0.));
#2897=CARTESIAN_POINT('',(32.0424949672135,-15.0117971365621,0.));
#2898=CARTESIAN_POINT('Origin',(31.5198526508756,-10.0391876597207,0.));
#2899=CARTESIAN_POINT('',(51.1347450702884,-13.0051207899789,0.));
#2900=CARTESIAN_POINT('',(-20.7241923129573,-20.5577994506432,0.));
#2901=CARTESIAN_POINT('Origin',(50.6121027539506,-8.03251131313749,0.));
#2902=CARTESIAN_POINT('Origin',(-133.839204544308,-11.8538439206059,0.));
#2903=CARTESIAN_POINT('',(-133.891468775942,-12.3511048682901,1.25));
#2904=CARTESIAN_POINT('Origin',(-133.839204544308,-11.8538439206059,1.25));
#2905=CARTESIAN_POINT('',(-133.891468775942,-12.3511048682901,0.));
#2906=CARTESIAN_POINT('Origin',(-137.5,-2.44249065417534E-14,1.25));
#2907=CARTESIAN_POINT('',(-138.74454201578,11.8410263167285,1.25));
#2908=CARTESIAN_POINT('',(-138.74454201578,-11.8410263167285,1.25));
#2909=CARTESIAN_POINT('Origin',(-137.5,-2.52583402324142E-14,1.25));
#2910=CARTESIAN_POINT('',(-69.3722710078903,19.1323458096561,1.25));
#2911=CARTESIAN_POINT('',(-138.74454201578,-11.8410263167285,1.25));
#2912=CARTESIAN_POINT('',(-142.5,-2.44249065417534E-14,1.25));
#2913=CARTESIAN_POINT('Origin',(-137.5,-2.52583402324142E-14,1.25));
#2914=CARTESIAN_POINT('Origin',(-137.5,-2.52583402324142E-14,0.));
#2915=CARTESIAN_POINT('',(-138.74454201578,-11.8410263167285,10.));
#2916=CARTESIAN_POINT('',(-138.74454201578,-11.8410263167285,0.));
#2917=CARTESIAN_POINT('',(-138.74454201578,11.8410263167285,10.));
#2918=CARTESIAN_POINT('Origin',(-137.5,-2.52583402324142E-14,10.));
#2919=CARTESIAN_POINT('',(-138.74454201578,11.8410263167285,0.));
#2920=CARTESIAN_POINT('Origin',(-97.3596983273332,6.13566586855716,0.));
#2921=CARTESIAN_POINT('',(-95.4803130857613,6.8197061552085,10.));
#2922=CARTESIAN_POINT('',(-95.4803130857614,6.8197061552085,0.));
#2923=CARTESIAN_POINT('',(-97.5687552538685,8.12470965929371,10.));
#2924=CARTESIAN_POINT('Origin',(-97.3596983273332,6.13566586855716,10.));
#2925=CARTESIAN_POINT('',(-97.5687552538685,8.12470965929371,0.));
#2926=CARTESIAN_POINT('Origin',(-93.5468855266217,1.50765759432097,0.));
#2927=CARTESIAN_POINT('',(-94.6415788166049,4.51530268977852,10.));
#2928=CARTESIAN_POINT('',(-94.641578816605,4.51530268977852,0.));
#2929=CARTESIAN_POINT('',(-91.7637923302153,-3.39135069958864,10.));
#2930=CARTESIAN_POINT('Origin',(-96.5209640581768,3.83126240312717,0.));
#2931=CARTESIAN_POINT('',(-96.7300209847121,1.84221861239063,10.));
#2932=CARTESIAN_POINT('',(-96.7300209847121,1.84221861239063,0.));
#2933=CARTESIAN_POINT('Origin',(-96.5209640581768,3.83126240312717,10.));
#2934=CARTESIAN_POINT('Origin',(-123.91487264946,4.69946165742479,0.));
#2935=CARTESIAN_POINT('',(-108.111855329127,3.03849760708102,10.));
#2936=CARTESIAN_POINT('',(-108.111855329127,3.03849760708102,0.));
#2937=CARTESIAN_POINT('',(-95.6245525081277,1.72602919354891,10.));
#2938=CARTESIAN_POINT('Origin',(-107.902798402592,5.02754139781757,0.));
#2939=CARTESIAN_POINT('',(-108.111855329127,7.01658518855411,10.));
#2940=CARTESIAN_POINT('',(-108.111855329127,7.01658518855411,0.));
#2941=CARTESIAN_POINT('Origin',(-107.902798402592,5.02754139781757,10.));
#2942=CARTESIAN_POINT('Origin',(-137.5,-2.52583402324142E-14,-298.793556557127));
#2943=CARTESIAN_POINT('',(-142.5,-2.58706636319878E-14,5.));
#2944=CARTESIAN_POINT('Origin',(-137.5,-2.52583402324142E-14,5.));
#2945=CARTESIAN_POINT('',(-142.5,-2.58706636319878E-14,-298.793556557127));
#2946=CARTESIAN_POINT('Origin',(-137.5,-2.55351295663786E-14,5.));
#2947=CARTESIAN_POINT('Origin',(-48.3160746080866,1.78124920009951,0.));
#2948=CARTESIAN_POINT('',(-53.0145377120162,3.49134991672785,10.));
#2949=CARTESIAN_POINT('',(-53.0145377120162,3.49134991672785,0.));
#2950=CARTESIAN_POINT('',(-48.8387169244249,-3.19136027674186,10.));
#2951=CARTESIAN_POINT('Origin',(-48.3160746080866,1.78124920009951,10.));
#2952=CARTESIAN_POINT('',(-48.8387169244249,-3.19136027674186,0.));
#2953=CARTESIAN_POINT('Origin',(-49.4888446869326,13.1781118910736,0.));
#2954=CARTESIAN_POINT('',(-50.5574342134318,10.2421862963513,10.));
#2955=CARTESIAN_POINT('',(-50.5574342134318,10.2421862963513,0.));
#2956=CARTESIAN_POINT('',(-52.6426150264414,4.51319909712748,10.));
#2957=CARTESIAN_POINT('Origin',(-66.7654953690485,3.7203614602751,0.));
#2958=CARTESIAN_POINT('',(-67.2881376853867,-1.25224801656626,10.));
#2959=CARTESIAN_POINT('',(-67.2881376853867,-1.25224801656626,0.));
#2960=CARTESIAN_POINT('',(-62.0670322651189,2.01026074364676,10.));
#2961=CARTESIAN_POINT('Origin',(-66.7654953690485,3.7203614602751,10.));
#2962=CARTESIAN_POINT('',(-62.0670322651189,2.01026074364676,0.));
#2963=CARTESIAN_POINT('Origin',(-84.6948296015673,0.577269025789131,0.));
#2964=CARTESIAN_POINT('',(-79.7251240184136,0.0549319209761998,10.));
#2965=CARTESIAN_POINT('',(-79.7251240184136,0.0549319209762,0.));
#2966=CARTESIAN_POINT('',(-76.0145309841815,-0.335067122268918,10.));
#2967=CARTESIAN_POINT('Origin',(-79.2024817020753,5.02754139781757,0.));
#2968=CARTESIAN_POINT('',(-79.7251240184136,10.0001508746589,10.));
#2969=CARTESIAN_POINT('',(-79.7251240184136,10.0001508746589,0.));
#2970=CARTESIAN_POINT('Origin',(-79.2024817020753,5.02754139781757,10.));
#2971=CARTESIAN_POINT('Origin',(-58.340900611987,12.2477233225418,0.));
#2972=CARTESIAN_POINT('',(-66.298739257213,11.4113207773677,10.));
#2973=CARTESIAN_POINT('',(-66.298739257213,11.4113207773677,0.));
#2974=CARTESIAN_POINT('',(-63.3602088057296,11.7201727732757,10.));
#2975=CARTESIAN_POINT('Origin',(-65.7760969408748,6.43871130052629,0.));
#2976=CARTESIAN_POINT('',(-61.0776338369452,4.72861058389795,10.));
#2977=CARTESIAN_POINT('',(-61.0776338369452,4.72861058389794,0.));
#2978=CARTESIAN_POINT('Origin',(-65.7760969408748,6.43871130052629,10.));
#2979=CARTESIAN_POINT('Origin',(-63.4031093748995,-1.66058094612553,0.));
#2980=CARTESIAN_POINT('',(-63.3585178535685,-1.53806674816943,10.));
#2981=CARTESIAN_POINT('Origin',(-45.8589711095023,8.53208557972294,0.));
#2982=CARTESIAN_POINT('',(-46.3816134258406,13.5046950565643,10.));
#2983=CARTESIAN_POINT('',(-46.3816134258406,13.5046950565643,0.));
#2984=CARTESIAN_POINT('Origin',(-45.8589711095023,8.53208557972294,10.));
#2985=CARTESIAN_POINT('Origin',(-23.1097988551923,15.9506613302569,0.));
#2986=CARTESIAN_POINT('',(-32.0424949672204,15.0117971365415,10.));
#2987=CARTESIAN_POINT('',(-32.0424949672204,15.0117971365415,0.));
#2988=CARTESIAN_POINT('',(-45.7446579273322,13.5716417771333,10.));
#2989=CARTESIAN_POINT('Origin',(-33.0795112433485,0.179821859571688,0.));
#2990=CARTESIAN_POINT('',(-33.6021535596868,-4.79278761726969,10.));
#2991=CARTESIAN_POINT('',(-33.6021535596868,-4.79278761726969,0.));
#2992=CARTESIAN_POINT('',(-28.0795851182958,0.152642013808132,10.));
#2993=CARTESIAN_POINT('Origin',(-33.0795112433485,0.179821859571688,10.));
#2994=CARTESIAN_POINT('',(-28.0795851182958,0.152642013808132,0.));
#2995=CARTESIAN_POINT('Origin',(-55.203366814472,-2.52240861731468,0.));
#2996=CARTESIAN_POINT('',(-61.2687995906338,-1.88490594382083,10.));
#2997=CARTESIAN_POINT('Origin',(-31.5198526508822,10.0391876597002,0.));
#2998=CARTESIAN_POINT('',(-26.7556669418613,8.52177719118442,10.));
#2999=CARTESIAN_POINT('',(-26.7556669418613,8.52177719118442,0.));
#3000=CARTESIAN_POINT('Origin',(-31.5198526508822,10.0391876597002,10.));
#3001=CARTESIAN_POINT('Origin',(0.,0.,0.));
#3002=CARTESIAN_POINT('Origin',(0.,0.,10.));
#3003=CARTESIAN_POINT('Origin',(-96.0147439296736,8.28804283111741,0.));
#3004=CARTESIAN_POINT('',(-82.1971304645729,9.74033252756354,10.));
#3005=CARTESIAN_POINT('Origin',(-111.778534721997,-4.0126831195912,5.5));
#3006=CARTESIAN_POINT('',(-111.711027524444,-3.37039503879446,6.5));
#3007=CARTESIAN_POINT('',(-112.595572861544,-2.52329436790818,5.75));
#3008=CARTESIAN_POINT('Origin',(-111.606499061177,-2.37587314342619,5.5));
#3009=CARTESIAN_POINT('',(-111.737159640261,-3.61902551263654,6.5));
#3010=CARTESIAN_POINT('',(-111.778534721997,-4.0126831195912,6.5));
#3011=CARTESIAN_POINT('',(-112.731681535629,-3.51449704936888,5.5));
#3012=CARTESIAN_POINT('Origin',(-111.737159640261,-3.61902551263654,5.5));
#3013=CARTESIAN_POINT('',(-112.627153072362,-2.5199751540006,5.5));
#3014=CARTESIAN_POINT('',(-112.773056617365,-3.90815465632355,5.5));
#3015=CARTESIAN_POINT('Origin',(-111.632631176994,-2.62450361726811,5.5));
#3016=CARTESIAN_POINT('Origin',(-123.67142238468,-2.36468395342468,5.5));
#3017=CARTESIAN_POINT('',(-118.119795071898,-13.0032662922499,6.5));
#3018=CARTESIAN_POINT('',(-118.582430681296,-12.1167177640145,5.5));
#3019=CARTESIAN_POINT('Origin',(-118.119795071898,-13.0032662922499,5.5));
#3020=CARTESIAN_POINT('Origin',(-123.67142238468,-2.36468395342468,5.5));
#3021=CARTESIAN_POINT('Origin',(-123.67142238468,-2.36468395342468,6.5));
#3022=CARTESIAN_POINT('Ctrl Pts',(-124.821235480625,-13.3044248024757,7.5));
#3023=CARTESIAN_POINT('Ctrl Pts',(-124.816893428698,-13.304881170523,7.49910880027493));
#3024=CARTESIAN_POINT('Ctrl Pts',(-124.81255133315,-13.3053363741099,7.4982177445413));
#3025=CARTESIAN_POINT('Ctrl Pts',(-123.9112499329,-13.3995599360792,7.31319836438523));
#3026=CARTESIAN_POINT('Ctrl Pts',(-122.535855646328,-13.464924169613,7.03035007365463));
#3027=CARTESIAN_POINT('Ctrl Pts',(-120.286425073699,-13.3719336857086,6.65033122344434));
#3028=CARTESIAN_POINT('Ctrl Pts',(-118.955220513112,-13.1861631861861,6.50000000000011));
#3029=CARTESIAN_POINT('Ctrl Pts',(-118.119795071898,-13.0032662922503,6.5));
#3030=CARTESIAN_POINT('Ctrl Pts',(-124.821235480625,-13.3044248024757,7.5));
#3031=CARTESIAN_POINT('Ctrl Pts',(-124.816964893248,-13.3048828366764,7.49893598118883));
#3032=CARTESIAN_POINT('Ctrl Pts',(-124.812686349057,-13.305311568086,7.49788139698962));
#3033=CARTESIAN_POINT('Ctrl Pts',(-123.92597360772,-13.3989934245844,7.27739577406627));
#3034=CARTESIAN_POINT('Ctrl Pts',(-122.568258962468,-13.42916905383,6.94175715700914));
#3035=CARTESIAN_POINT('Ctrl Pts',(-120.354109152252,-13.2238369370383,6.53631367698988));
#3036=CARTESIAN_POINT('Ctrl Pts',(-119.053212441638,-12.9498926546694,6.43129541040808));
#3037=CARTESIAN_POINT('Ctrl Pts',(-118.258215322543,-12.738011592883,6.50000000000007));
#3038=CARTESIAN_POINT('Ctrl Pts',(-124.821235480625,-13.3044248024757,7.5));
#3039=CARTESIAN_POINT('Ctrl Pts',(-124.817088535317,-13.3048721545815,7.4986370164308));
#3040=CARTESIAN_POINT('Ctrl Pts',(-124.81292429752,-13.3052837400197,7.49728924815184));
#3041=CARTESIAN_POINT('Ctrl Pts',(-123.951526766302,-13.3962071071323,7.21500169939171));
#3042=CARTESIAN_POINT('Ctrl Pts',(-122.627167072434,-13.3867910278421,6.78454478965658));
#3043=CARTESIAN_POINT('Ctrl Pts',(-120.479074121972,-13.028654508497,6.26715046945292));
#3044=CARTESIAN_POINT('Ctrl Pts',(-119.23093219582,-12.6024996075088,6.13912444182613));
#3045=CARTESIAN_POINT('Ctrl Pts',(-118.497773218303,-12.2789468438705,6.24871293599578));
#3046=CARTESIAN_POINT('Ctrl Pts',(-124.821235480625,-13.3044248024757,7.5));
#3047=CARTESIAN_POINT('Ctrl Pts',(-124.81720558094,-13.3048521554973,7.4983422471322));
#3048=CARTESIAN_POINT('Ctrl Pts',(-124.813169341404,-13.305266246288,7.49669289394151));
#3049=CARTESIAN_POINT('Ctrl Pts',(-123.976421713106,-13.3927075977343,7.15285569758734));
#3050=CARTESIAN_POINT('Ctrl Pts',(-122.690854937997,-13.3775743197163,6.62764794970415));
#3051=CARTESIAN_POINT('Ctrl Pts',(-120.586211951487,-12.9849756682518,5.94053106045276));
#3052=CARTESIAN_POINT('Ctrl Pts',(-119.345077465076,-12.5154983985974,5.69124309513587));
#3053=CARTESIAN_POINT('Ctrl Pts',(-118.582430681296,-12.1167177640145,5.72439947525639));
#3054=CARTESIAN_POINT('Ctrl Pts',(-124.821235480625,-13.3044248024757,7.5));
#3055=CARTESIAN_POINT('Ctrl Pts',(-124.817255266359,-13.3048431398522,7.49821760055031));
#3056=CARTESIAN_POINT('Ctrl Pts',(-124.813274900704,-13.3052593498912,7.49643548908259));
#3057=CARTESIAN_POINT('Ctrl Pts',(-123.987033633906,-13.3911712468962,7.12639672877066));
#3058=CARTESIAN_POINT('Ctrl Pts',(-122.718708769353,-13.3792857547533,6.56070014730927));
#3059=CARTESIAN_POINT('Ctrl Pts',(-120.625339831899,-12.9953798953428,5.80066244688865));
#3060=CARTESIAN_POINT('Ctrl Pts',(-119.374033459926,-12.5298069771025,5.50000000000018));
#3061=CARTESIAN_POINT('Ctrl Pts',(-118.582430681296,-12.1167177640145,5.49999999999992));
#3062=CARTESIAN_POINT('',(-124.821235480625,-13.3044248024757,7.5));
#3063=CARTESIAN_POINT('Ctrl Pts',(-118.119795071898,-13.0032662922503,6.5));
#3064=CARTESIAN_POINT('Ctrl Pts',(-118.955220513112,-13.1861631861861,6.50000000000011));
#3065=CARTESIAN_POINT('Ctrl Pts',(-120.286425073699,-13.3719336857086,6.65033122344434));
#3066=CARTESIAN_POINT('Ctrl Pts',(-122.535855646328,-13.464924169613,7.03035007365463));
#3067=CARTESIAN_POINT('Ctrl Pts',(-123.9112499329,-13.3995599360792,7.31319836438523));
#3068=CARTESIAN_POINT('Ctrl Pts',(-124.81255133315,-13.3053363741099,7.4982177445413));
#3069=CARTESIAN_POINT('Ctrl Pts',(-124.816893428698,-13.304881170523,7.49910880027493));
#3070=CARTESIAN_POINT('Ctrl Pts',(-124.821235480625,-13.3044248024757,7.5));
#3071=CARTESIAN_POINT('Ctrl Pts',(-124.821235480625,-13.3044248024757,7.5));
#3072=CARTESIAN_POINT('Ctrl Pts',(-124.817255266359,-13.3048431398522,7.49821760055031));
#3073=CARTESIAN_POINT('Ctrl Pts',(-124.813274900704,-13.3052593498912,7.49643548908259));
#3074=CARTESIAN_POINT('Ctrl Pts',(-123.987033633906,-13.3911712468962,7.12639672877066));
#3075=CARTESIAN_POINT('Ctrl Pts',(-122.718708769353,-13.3792857547533,6.56070014730927));
#3076=CARTESIAN_POINT('Ctrl Pts',(-120.625339831899,-12.9953798953428,5.80066244688865));
#3077=CARTESIAN_POINT('Ctrl Pts',(-119.374033459926,-12.5298069771025,5.50000000000018));
#3078=CARTESIAN_POINT('Ctrl Pts',(-118.582430681296,-12.1167177640145,5.49999999999992));
#3079=CARTESIAN_POINT('Origin',(-83.8692250868604,-16.6031462579408,7.5));
#3080=CARTESIAN_POINT('',(-10.3483178634977,-24.3305049876911,6.5));
#3081=CARTESIAN_POINT('',(-83.8692250868604,-16.6031462579408,6.5));
#3082=CARTESIAN_POINT('',(-10.4528463267654,-25.3250268830594,7.5));
#3083=CARTESIAN_POINT('Origin',(-10.3483178634977,-24.3305049876911,7.5));
#3084=CARTESIAN_POINT('',(-83.9737535501281,-17.5976681533091,7.5));
#3085=CARTESIAN_POINT('Origin',(-28.24043061527,-14.1964062501163,6.5));
#3086=CARTESIAN_POINT('',(49.0297076967161,-20.2649270902572,6.5));
#3087=CARTESIAN_POINT('',(14.6476085904342,-16.6512228568627,6.5));
#3088=CARTESIAN_POINT('',(10.3483178634977,-24.3305049876911,6.5));
#3089=CARTESIAN_POINT('',(-13.4349159536728,-26.8302235901896,6.5));
#3090=CARTESIAN_POINT('Origin',(-8.88178419700125E-15,74.127162653768,6.5));
#3091=CARTESIAN_POINT('Origin',(10.3607319810905,-24.329200211355,15.9982307777502));
#3092=CARTESIAN_POINT('',(51.0094701076374,-20.7523103055378,6.7777717565829));
#3093=CARTESIAN_POINT('',(55.9256992592667,-20.235593800165,5.75));
#3094=CARTESIAN_POINT('',(10.286819195887,-25.0324333876084,15.2911239965637));
#3095=CARTESIAN_POINT('',(57.4006334010335,-20.3906156252026,6.18606596163929));
#3096=CARTESIAN_POINT('Origin',(52.6172472842807,-19.8878614854208,7.1642135623731));
#3097=CARTESIAN_POINT('',(51.11557956361,-21.0512014023886,7.5));
#3098=CARTESIAN_POINT('',(10.4652604443582,-25.3237221067233,15.9982307777502));
#3099=CARTESIAN_POINT('Origin',(51.0110511003423,-20.0566795070203,7.5));
#3100=CARTESIAN_POINT('Origin',(-8.88178419700125E-15,74.127162653768,7.5));
#3101=CARTESIAN_POINT('',(10.4528463267654,-25.3250268830594,7.5));
#3102=CARTESIAN_POINT('Origin',(10.3483178634977,-24.3305049876911,7.5));
#3103=CARTESIAN_POINT('Origin',(-8.88178419700125E-15,74.127162653768,7.5));
#3104=CARTESIAN_POINT('Origin',(-13.4349159536728,-26.8302235901896,7.5));
#3105=CARTESIAN_POINT('',(-13.3303874904052,-27.8247454855579,7.5));
#3106=CARTESIAN_POINT('Origin',(44.2463215799633,-20.7676812300389,7.5));
#3107=CARTESIAN_POINT('Origin',(14.6868067641595,-16.2782771460996,6.125));
#3108=CARTESIAN_POINT('',(14.7260049378849,-15.9053314353365,5.75));
#3109=CARTESIAN_POINT('Origin',(-123.67142238468,-2.36468395342468,0.));
#3110=CARTESIAN_POINT('',(-124.821235480625,-13.3044248024757,0.));
#3111=CARTESIAN_POINT('',(-112.731681535629,-3.51449704936888,0.));
#3112=CARTESIAN_POINT('Origin',(-138.74454201578,-11.8410263167285,0.));
#3113=CARTESIAN_POINT('',(-10.4528463267654,-25.3250268830594,10.));
#3114=CARTESIAN_POINT('',(-10.4528463267654,-25.3250268830594,0.));
#3115=CARTESIAN_POINT('',(-138.74454201578,-11.8410263167285,10.));
#3116=CARTESIAN_POINT('Origin',(57.4006334010335,-20.3906156252026,0.));
#3117=CARTESIAN_POINT('',(-112.627153072362,-2.5199751540006,0.));
#3118=CARTESIAN_POINT('',(57.4006334010335,-20.3906156252026,0.));
#3119=CARTESIAN_POINT('Origin',(-112.627153072362,-2.5199751540006,0.));
#3120=CARTESIAN_POINT('Origin',(3.5527136788005E-14,-26.4236653025837,0.));
#3121=CARTESIAN_POINT('',(131.881260020811,-12.5623863222225,1.5));
#3122=CARTESIAN_POINT('',(131.881260020811,-12.5623863222225,0.));
#3123=CARTESIAN_POINT('',(138.74454201578,-11.8410263167285,1.5));
#3124=CARTESIAN_POINT('',(69.3722710078903,-19.1323458096561,1.5));
#3125=CARTESIAN_POINT('',(138.74454201578,-11.8410263167285,10.));
#3126=CARTESIAN_POINT('',(138.74454201578,-11.8410263167285,0.));
#3127=CARTESIAN_POINT('',(10.4528463267654,-25.3250268830594,10.));
#3128=CARTESIAN_POINT('',(-133.250753085118,-40.4288838041705,10.));
#3129=CARTESIAN_POINT('',(10.4528463267654,-25.3250268830594,0.));
#3130=CARTESIAN_POINT('Origin',(31.5198526508822,10.0391876597002,0.));
#3131=CARTESIAN_POINT('',(32.0424949672204,15.0117971365415,10.));
#3132=CARTESIAN_POINT('',(32.0424949672204,15.0117971365415,0.));
#3133=CARTESIAN_POINT('',(26.7556669418613,8.52177719118441,10.));
#3134=CARTESIAN_POINT('Origin',(31.5198526508822,10.0391876597002,10.));
#3135=CARTESIAN_POINT('',(26.7556669418613,8.52177719118442,0.));
#3136=CARTESIAN_POINT('Origin',(48.1622057969306,13.317547257081,0.));
#3137=CARTESIAN_POINT('',(45.0549745358385,13.6441304225717,10.));
#3138=CARTESIAN_POINT('',(45.0549745358385,13.6441304225717,0.));
#3139=CARTESIAN_POINT('',(-8.19798884208065,19.241242414039,10.));
#3140=CARTESIAN_POINT('Origin',(31.5198526508756,-10.0391876597207,0.));
#3141=CARTESIAN_POINT('',(26.7556669418557,-8.52177719120182,10.));
#3142=CARTESIAN_POINT('',(26.7556669418557,-8.52177719120182,0.));
#3143=CARTESIAN_POINT('',(32.0424949672135,-15.0117971365621,10.));
#3144=CARTESIAN_POINT('Origin',(31.5198526508756,-10.0391876597207,10.));
#3145=CARTESIAN_POINT('',(32.0424949672135,-15.0117971365621,0.));
#3146=CARTESIAN_POINT('Origin',(0.,0.,0.));
#3147=CARTESIAN_POINT('Origin',(0.,0.,10.));
#3148=CARTESIAN_POINT('Origin',(50.6121027539506,-8.03251131313749,0.));
#3149=CARTESIAN_POINT('',(51.1347450702884,-13.0051207899789,10.));
#3150=CARTESIAN_POINT('',(51.1347450702884,-13.0051207899789,0.));
#3151=CARTESIAN_POINT('',(55.3105658578801,-6.32241059650914,10.));
#3152=CARTESIAN_POINT('Origin',(50.6121027539506,-8.03251131313749,10.));
#3153=CARTESIAN_POINT('',(55.3105658578801,-6.32241059650914,0.));
#3154=CARTESIAN_POINT('Origin',(23.109798855178,-15.9506613302775,0.));
#3155=CARTESIAN_POINT('',(-20.7241923129573,-20.5577994506432,10.));
#3156=CARTESIAN_POINT('Origin',(44.5323322195003,8.67152094573031,0.));
#3157=CARTESIAN_POINT('',(49.2307953234298,10.3816216623587,10.));
#3158=CARTESIAN_POINT('',(49.2307953234298,10.3816216623587,0.));
#3159=CARTESIAN_POINT('Origin',(44.5323322195003,8.67152094573031,10.));
#3160=CARTESIAN_POINT('Origin',(57.4993949603285,-12.3361691305311,0.));
#3161=CARTESIAN_POINT('',(48.2232989178564,13.1496952868533,10.));
#3162=CARTESIAN_POINT('Origin',(69.0615235149129,-6.09339905296334,0.));
#3163=CARTESIAN_POINT('',(64.3630604109834,-7.80349976959169,10.));
#3164=CARTESIAN_POINT('',(64.3630604109834,-7.80349976959169,0.));
#3165=CARTESIAN_POINT('',(69.5841658312508,-11.0660085298047,10.));
#3166=CARTESIAN_POINT('Origin',(69.0615235149129,-6.09339905296334,10.));
#3167=CARTESIAN_POINT('',(69.5841658312508,-11.0660085298047,0.));
#3168=CARTESIAN_POINT('Origin',(57.014261721985,12.3871586885492,0.));
#3169=CARTESIAN_POINT('',(59.7509949469432,4.8680459499053,10.));
#3170=CARTESIAN_POINT('',(59.7509949469432,4.8680459499053,0.));
#3171=CARTESIAN_POINT('',(51.7395027818283,26.8794397696962,10.));
#3172=CARTESIAN_POINT('Origin',(64.4494580508727,6.57814666653365,0.));
#3173=CARTESIAN_POINT('',(64.972100367211,11.550756143375,10.));
#3174=CARTESIAN_POINT('',(64.972100367211,11.550756143375,0.));
#3175=CARTESIAN_POINT('Origin',(64.4494580508727,6.57814666653365,10.));
#3176=CARTESIAN_POINT('Origin',(91.1604765007078,8.79824689701393,0.));
#3177=CARTESIAN_POINT('',(84.7958266106607,9.4671985564411,10.));
#3178=CARTESIAN_POINT('',(84.7958266106607,9.4671985564411,0.));
#3179=CARTESIAN_POINT('',(13.301146509808,16.9815922340054,10.));
#3180=CARTESIAN_POINT('Origin',(84.2731842943225,4.49458907959973,0.));
#3181=CARTESIAN_POINT('',(88.971647398252,2.78448836297138,10.));
#3182=CARTESIAN_POINT('',(88.971647398252,2.78448836297139,0.));
#3183=CARTESIAN_POINT('Origin',(84.2731842943225,4.49458907959973,10.));
#3184=CARTESIAN_POINT('Origin',(84.5011242565512,-9.49817302200082,0.));
#3185=CARTESIAN_POINT('',(85.5697137830415,-6.56224742730322,10.));
#3186=CARTESIAN_POINT('',(85.5697137830415,-6.56224742730322,0.));
#3187=CARTESIAN_POINT('',(77.1544382108431,-29.6830270404064,10.));
#3188=CARTESIAN_POINT('Origin',(100.788376510467,-2.75877243152718,0.));
#3189=CARTESIAN_POINT('',(96.089913406537,-1.04867171489884,10.));
#3190=CARTESIAN_POINT('',(96.089913406537,-1.04867171489884,0.));
#3191=CARTESIAN_POINT('',(101.311018826821,-7.73138190836688,10.));
#3192=CARTESIAN_POINT('Origin',(100.788376510467,-2.75877243152718,10.));
#3193=CARTESIAN_POINT('',(101.311018826821,-7.73138190836688,0.));
#3194=CARTESIAN_POINT('Origin',(99.3602190611353,7.93641922582477,0.));
#3195=CARTESIAN_POINT('',(98.0241419513547,4.26557753605248,10.));
#3196=CARTESIAN_POINT('',(98.0241419513547,4.26557753605248,0.));
#3197=CARTESIAN_POINT('',(88.3427560962787,-22.3338114897963,10.));
#3198=CARTESIAN_POINT('Origin',(80.8712506791119,-4.85214671067487,0.));
#3199=CARTESIAN_POINT('',(81.3938929954498,-9.82475618751629,10.));
#3200=CARTESIAN_POINT('',(81.3938929954498,-9.82475618751628,0.));
#3201=CARTESIAN_POINT('Origin',(80.8712506791119,-4.85214671067487,10.));
#3202=CARTESIAN_POINT('Origin',(65.6991375207583,-11.4743414593643,0.));
#3203=CARTESIAN_POINT('',(0.570477019832808,-18.3196395151866,10.));
#3204=CARTESIAN_POINT('Origin',(102.722605055284,2.55547681942414,0.));
#3205=CARTESIAN_POINT('',(103.245247371623,7.5280862962655,10.));
#3206=CARTESIAN_POINT('',(103.245247371623,7.52808629626551,0.));
#3207=CARTESIAN_POINT('Origin',(102.722605055284,2.55547681942414,10.));
#3208=CARTESIAN_POINT('Origin',(123.287690811637,5.42154060564723,0.));
#3209=CARTESIAN_POINT('',(123.287690811637,5.42154060564723,0.5));
#3210=CARTESIAN_POINT('',(123.287690811637,5.42154060564723,0.));
#3211=CARTESIAN_POINT('',(117.646725579572,6.01442994252363,0.5));
#3212=CARTESIAN_POINT('',(129.361660310179,4.78314068647586,0.5));
#3213=CARTESIAN_POINT('',(117.646725579572,6.01442994252363,10.));
#3214=CARTESIAN_POINT('',(117.646725579572,6.01442994252363,0.));
#3215=CARTESIAN_POINT('',(29.3647536652724,15.2932390883221,10.));
#3216=CARTESIAN_POINT('Origin',(117.124083263234,1.04182046568226,0.));
#3217=CARTESIAN_POINT('',(122.115613242087,0.75091073704497,0.5));
#3218=CARTESIAN_POINT('Origin',(117.124083263234,1.04182046568226,0.5));
#3219=CARTESIAN_POINT('',(122.115613242087,0.75091073704497,10.));
#3220=CARTESIAN_POINT('',(122.115613242087,0.75091073704497,0.));
#3221=CARTESIAN_POINT('Origin',(117.124083263234,1.04182046568226,10.));
#3222=CARTESIAN_POINT('Origin',(135.,-2.47990976827339E-14,0.));
#3223=CARTESIAN_POINT('',(122.115613242088,-0.750910737058055,0.5));
#3224=CARTESIAN_POINT('Origin',(135.,-2.47990976827339E-14,0.5));
#3225=CARTESIAN_POINT('',(122.115613242088,-0.750910737058055,10.));
#3226=CARTESIAN_POINT('',(122.115613242088,-0.750910737058055,0.));
#3227=CARTESIAN_POINT('Origin',(135.,-2.47990976827339E-14,10.));
#3228=CARTESIAN_POINT('Origin',(117.124083263235,-1.04182046570039,0.));
#3229=CARTESIAN_POINT('',(117.646725579589,-6.01442994254009,0.5));
#3230=CARTESIAN_POINT('Origin',(117.124083263235,-1.04182046570039,0.5));
#3231=CARTESIAN_POINT('',(117.646725579589,-6.01442994254009,10.));
#3232=CARTESIAN_POINT('',(117.646725579589,-6.01442994254009,0.));
#3233=CARTESIAN_POINT('Origin',(117.124083263235,-1.04182046570039,10.));
#3234=CARTESIAN_POINT('Origin',(93.3531801816157,-8.56778445356447,0.));
#3235=CARTESIAN_POINT('',(14.3974983503335,-16.8663610125761,10.));
#3236=CARTESIAN_POINT('',(123.287690811637,-5.42154060564728,0.5));
#3237=CARTESIAN_POINT('',(114.394404995173,-6.35626261041443,0.5));
#3238=CARTESIAN_POINT('',(123.287690811637,-5.42154060564728,0.));
#3239=CARTESIAN_POINT('Origin',(135.,-2.47990976827339E-14,0.));
#3240=CARTESIAN_POINT('',(131.977862078259,12.5474288778408,0.5));
#3241=CARTESIAN_POINT('',(131.977862078259,12.5474288778408,0.));
#3242=CARTESIAN_POINT('Origin',(135.,-2.47990976827339E-14,0.5));
#3243=CARTESIAN_POINT('Origin',(135.,-2.47990976827339E-14,0.));
#3244=CARTESIAN_POINT('',(131.977862078259,-12.5474288778408,0.5));
#3245=CARTESIAN_POINT('Origin',(135.,-2.47990976827339E-14,0.5));
#3246=CARTESIAN_POINT('',(131.977862078259,-12.5474288778408,0.));
#3247=CARTESIAN_POINT('Origin',(-2.02072594216369,3.5,0.));
#3248=CARTESIAN_POINT('',(-2.02072594216369,3.5,3.7));
#3249=CARTESIAN_POINT('',(-2.02072594216369,3.5,0.));
#3250=CARTESIAN_POINT('',(-4.04145188432738,-3.33066907387547E-15,3.7));
#3251=CARTESIAN_POINT('',(-4.04145188432738,-3.33066907387547E-15,3.7));
#3252=CARTESIAN_POINT('',(-4.04145188432738,-3.3133218391157E-15,0.));
#3253=CARTESIAN_POINT('Origin',(2.02072594216369,3.5,0.));
#3254=CARTESIAN_POINT('',(2.02072594216369,3.5,3.7));
#3255=CARTESIAN_POINT('',(2.02072594216369,3.5,0.));
#3256=CARTESIAN_POINT('',(-2.02072594216369,3.5,3.7));
#3257=CARTESIAN_POINT('Origin',(4.04145188432738,5.55111512312578E-16,0.));
#3258=CARTESIAN_POINT('',(4.04145188432738,1.11022302462516E-15,3.7));
#3259=CARTESIAN_POINT('',(4.04145188432738,1.35742111995185E-15,0.));
#3260=CARTESIAN_POINT('',(2.02072594216369,3.5,3.7));
#3261=CARTESIAN_POINT('Origin',(2.02072594216369,-3.5,0.));
#3262=CARTESIAN_POINT('',(2.02072594216369,-3.5,3.7));
#3263=CARTESIAN_POINT('',(2.02072594216369,-3.5,0.));
#3264=CARTESIAN_POINT('',(4.04145188432738,1.11022302462516E-15,3.7));
#3265=CARTESIAN_POINT('Origin',(-2.02072594216369,-3.5,0.));
#3266=CARTESIAN_POINT('',(-2.02072594216369,-3.5,3.7));
#3267=CARTESIAN_POINT('',(-2.02072594216369,-3.5,0.));
#3268=CARTESIAN_POINT('',(2.02072594216369,-3.5,3.7));
#3269=CARTESIAN_POINT('Origin',(-4.04145188432738,-2.77555756156289E-15,
0.));
#3270=CARTESIAN_POINT('',(-2.02072594216369,-3.5,3.7));
#3271=CARTESIAN_POINT('Origin',(0.,-5.55111512312578E-16,3.7));
#3272=CARTESIAN_POINT('',(-2.25,0.,3.7));
#3273=CARTESIAN_POINT('Origin',(0.,0.,3.7));
#3274=CARTESIAN_POINT('Origin',(0.,0.,18.));
#3275=CARTESIAN_POINT('',(-2.25,2.75545529808154E-16,18.));
#3276=CARTESIAN_POINT('Origin',(0.,0.,18.));
#3277=CARTESIAN_POINT('',(-2.25,2.75545529808154E-16,18.));
#3278=CARTESIAN_POINT('Origin',(0.,0.,11.75));
#3279=CARTESIAN_POINT('',(7.5,9.18485099360515E-16,10.));
#3280=CARTESIAN_POINT('Origin',(0.,0.,10.));
#3281=CARTESIAN_POINT('',(4.,-4.89858719658941E-16,13.5));
#3282=CARTESIAN_POINT('',(5.75,-7.04171909509728E-16,11.75));
#3283=CARTESIAN_POINT('',(-4.,-4.89858719658941E-16,13.5));
#3284=CARTESIAN_POINT('Origin',(0.,0.,13.5));
#3285=CARTESIAN_POINT('Origin',(0.,0.,13.5));
#3286=CARTESIAN_POINT('Origin',(0.,0.,10.));
#3287=CARTESIAN_POINT('',(-4.,-4.89858719658941E-16,18.));
#3288=CARTESIAN_POINT('Origin',(0.,0.,18.));
#3289=CARTESIAN_POINT('',(-4.,-4.89858719658941E-16,10.));
#3290=CARTESIAN_POINT('Origin',(-67.203125,0.,10.));
#3291=CARTESIAN_POINT('',(8.75,1.07156594925393E-15,10.));
#3292=CARTESIAN_POINT('Origin',(0.,0.,10.));
#3293=CARTESIAN_POINT('Origin',(0.,0.,18.));
#3294=CARTESIAN_POINT('Origin',(0.,0.,9.085));
#3295=CARTESIAN_POINT('',(20.08,2.45909077268789E-15,10.));
#3296=CARTESIAN_POINT('Origin',(0.,0.,10.));
#3297=CARTESIAN_POINT('',(18.25,0.,8.17));
#3298=CARTESIAN_POINT('',(19.165,2.3470355905659E-15,9.085));
#3299=CARTESIAN_POINT('Origin',(0.,0.,8.17));
#3300=CARTESIAN_POINT('Origin',(-67.203125,0.,10.));
#3301=CARTESIAN_POINT('Origin',(-8.88178419700125E-15,74.127162653768,10.));
#3302=CARTESIAN_POINT('',(138.74454201578,11.8410263167285,10.));
#3303=CARTESIAN_POINT('Origin',(137.5,-2.52583402324142E-14,10.));
#3304=CARTESIAN_POINT('',(10.4528463267654,25.3250268830594,10.));
#3305=CARTESIAN_POINT('',(138.74454201578,11.8410263167285,10.));
#3306=CARTESIAN_POINT('',(-10.4528463267654,25.3250268830594,10.));
#3307=CARTESIAN_POINT('Origin',(1.77635683940025E-14,-74.127162653768,10.));
#3308=CARTESIAN_POINT('',(133.250753085118,40.4288838041705,10.));
#3309=CARTESIAN_POINT('Origin',(0.,0.,15.17));
#3310=CARTESIAN_POINT('',(11.75,1.43895998899814E-15,16.67));
#3311=CARTESIAN_POINT('Origin',(0.,0.,16.67));
#3312=CARTESIAN_POINT('',(8.75,-1.07156594925393E-15,13.67));
#3313=CARTESIAN_POINT('',(10.25,1.25526296912604E-15,15.17));
#3314=CARTESIAN_POINT('Origin',(0.,0.,13.67));
#3315=CARTESIAN_POINT('Origin',(0.,0.,10.));
#3316=CARTESIAN_POINT('',(8.75,1.07156594925393E-15,10.));
#3317=CARTESIAN_POINT('Origin',(0.,0.,16.67));
#3318=CARTESIAN_POINT('',(12.5,0.,16.67));
#3319=CARTESIAN_POINT('Origin',(0.,0.,16.67));
#3320=CARTESIAN_POINT('Origin',(0.,0.,8.67));
#3321=CARTESIAN_POINT('',(14.25,1.74512168878498E-15,8.67));
#3322=CARTESIAN_POINT('Origin',(0.,0.,8.67));
#3323=CARTESIAN_POINT('',(14.25,1.74512168878498E-15,8.17));
#3324=CARTESIAN_POINT('',(14.25,-1.74512168878498E-15,8.67));
#3325=CARTESIAN_POINT('Origin',(0.,0.,8.17));
#3326=CARTESIAN_POINT('Origin',(0.,0.,8.17));
#3327=CARTESIAN_POINT('Origin',(0.,0.,10.));
#3328=CARTESIAN_POINT('',(12.5,1.53080849893419E-15,8.67));
#3329=CARTESIAN_POINT('',(12.5,-1.53080849893419E-15,10.));
#3330=CARTESIAN_POINT('Origin',(0.,0.,8.67));
#3331=CARTESIAN_POINT('Origin',(0.,0.,8.67));
#3332=CARTESIAN_POINT('Origin',(137.5,-2.52583402324142E-14,1.5));
#3333=CARTESIAN_POINT('',(143.875,-2.44776278979577E-14,1.5));
#3334=CARTESIAN_POINT('Origin',(137.5,-2.52583402324142E-14,1.5));
#3335=CARTESIAN_POINT('',(143.875,-2.60390525668706E-14,4.2));
#3336=CARTESIAN_POINT('',(143.875,-2.44776278979577E-14,1.5));
#3337=CARTESIAN_POINT('Origin',(137.5,-2.52583402324142E-14,4.2));
#3338=CARTESIAN_POINT('Origin',(131.776731557543,-11.5678644268542,0.));
#3339=CARTESIAN_POINT('',(132.220180928387,-10.6715650039503,1.5));
#3340=CARTESIAN_POINT('Origin',(131.776731557543,-11.5678644268542,1.5));
#3341=CARTESIAN_POINT('',(132.220180928387,-10.6715650039503,0.5));
#3342=CARTESIAN_POINT('Origin',(131.776731557543,-11.5678644268542,0.5));
#3343=CARTESIAN_POINT('',(132.220180928387,-10.6715650039503,0.));
#3344=CARTESIAN_POINT('Origin',(137.5,-2.52583402324142E-14,0.));
#3345=CARTESIAN_POINT('',(132.220180928387,10.6715650039502,0.5));
#3346=CARTESIAN_POINT('Origin',(137.5,-2.52583402324142E-14,0.5));
#3347=CARTESIAN_POINT('',(132.220180928387,10.6715650039502,1.5));
#3348=CARTESIAN_POINT('',(132.220180928387,10.6715650039502,0.));
#3349=CARTESIAN_POINT('Origin',(137.5,-2.52583402324142E-14,1.5));
#3350=CARTESIAN_POINT('Origin',(135.,-2.44249065417534E-14,0.5));
#3351=CARTESIAN_POINT('Origin',(131.776731557543,11.5678644268542,0.5));
#3352=CARTESIAN_POINT('Origin',(131.776731557543,11.5678644268542,0.));
#3353=CARTESIAN_POINT('',(131.881260020811,12.5623863222224,1.5));
#3354=CARTESIAN_POINT('Origin',(131.776731557543,11.5678644268542,1.5));
#3355=CARTESIAN_POINT('',(131.881260020811,12.5623863222224,0.));
#3356=CARTESIAN_POINT('Origin',(138.74454201578,11.8410263167285,0.));
#3357=CARTESIAN_POINT('',(138.74454201578,11.8410263167285,1.5));
#3358=CARTESIAN_POINT('',(138.74454201578,11.8410263167285,1.5));
#3359=CARTESIAN_POINT('',(10.4528463267654,25.3250268830594,0.));
#3360=CARTESIAN_POINT('',(138.74454201578,11.8410263167285,0.));
#3361=CARTESIAN_POINT('Origin',(137.5,-2.55351295663786E-14,4.2));
#3362=CARTESIAN_POINT('Origin',(137.5,-2.44249065417534E-14,1.5));
#3363=CARTESIAN_POINT('Origin',(137.5,-2.52583402324142E-14,1.5));
#3364=CARTESIAN_POINT('Origin',(-8.88178419700125E-15,74.127162653768,0.));
#3365=CARTESIAN_POINT('Origin',(1.77635683940025E-14,-74.127162653768,0.));
#3366=CARTESIAN_POINT('',(-10.4528463267654,25.3250268830594,0.));
#3367=CARTESIAN_POINT('Origin',(-5.32907051820075E-14,26.4236653025837,
0.));
#3368=CARTESIAN_POINT('Origin',(137.5,-2.52583402324142E-14,0.));
#3369=UNCERTAINTY_MEASURE_WITH_UNIT(LENGTH_MEASURE(0.01),#3373,
'DISTANCE_ACCURACY_VALUE',
'Maximum model space distance between geometric entities at asserted c
onnectivities');
#3370=UNCERTAINTY_MEASURE_WITH_UNIT(LENGTH_MEASURE(0.01),#3373,
'DISTANCE_ACCURACY_VALUE',
'Maximum model space distance between geometric entities at asserted c
onnectivities');
#3371=(
GEOMETRIC_REPRESENTATION_CONTEXT(3)
GLOBAL_UNCERTAINTY_ASSIGNED_CONTEXT((#3369))
GLOBAL_UNIT_ASSIGNED_CONTEXT((#3373,#3375,#3376))
REPRESENTATION_CONTEXT('','3D')
);
#3372=(
GEOMETRIC_REPRESENTATION_CONTEXT(3)
GLOBAL_UNCERTAINTY_ASSIGNED_CONTEXT((#3370))
GLOBAL_UNIT_ASSIGNED_CONTEXT((#3373,#3375,#3376))
REPRESENTATION_CONTEXT('','3D')
);
#3373=(
LENGTH_UNIT()
NAMED_UNIT(*)
SI_UNIT(.MILLI.,.METRE.)
);
#3374=(
LENGTH_UNIT()
NAMED_UNIT(*)
SI_UNIT(.CENTI.,.METRE.)
);
#3375=(
NAMED_UNIT(*)
PLANE_ANGLE_UNIT()
SI_UNIT($,.RADIAN.)
);
#3376=(
NAMED_UNIT(*)
SI_UNIT($,.STERADIAN.)
SOLID_ANGLE_UNIT()
);
#3377=SHAPE_DEFINITION_REPRESENTATION(#3378,#3379);
#3378=PRODUCT_DEFINITION_SHAPE('',$,#3381);
#3379=SHAPE_REPRESENTATION('',(#1947),#3371);
#3380=PRODUCT_DEFINITION_CONTEXT('part definition',#3385,'design');
#3381=PRODUCT_DEFINITION('ScissorArmV2Inner','ScissorArmV2Inner',#3382,
#3380);
#3382=PRODUCT_DEFINITION_FORMATION('',$,#3387);
#3383=PRODUCT_RELATED_PRODUCT_CATEGORY('ScissorArmV2Inner',
'ScissorArmV2Inner',(#3387));
#3384=APPLICATION_PROTOCOL_DEFINITION('international standard',
'automotive_design',2009,#3385);
#3385=APPLICATION_CONTEXT(
'Core Data for Automotive Mechanical Design Process');
#3386=PRODUCT_CONTEXT('part definition',#3385,'mechanical');
#3387=PRODUCT('ScissorArmV2Inner','ScissorArmV2Inner',$,(#3386));
#3388=PRESENTATION_STYLE_ASSIGNMENT((#3389));
#3389=SURFACE_STYLE_USAGE(.BOTH.,#3392);
#3390=SURFACE_STYLE_RENDERING_WITH_PROPERTIES($,#3396,(#3391));
#3391=SURFACE_STYLE_TRANSPARENT(0.);
#3392=SURFACE_SIDE_STYLE('',(#3393,#3390));
#3393=SURFACE_STYLE_FILL_AREA(#3394);
#3394=FILL_AREA_STYLE('',(#3395));
#3395=FILL_AREA_STYLE_COLOUR('',#3396);
#3396=COLOUR_RGB('',0.92156862745098,0.92156862745098,0.92156862745098);
ENDSEC;
END-ISO-10303-21;
