solid ASCII
  facet normal 1.000000e+00 -3.552714e-15 -1.821904e-16
    outer loop
      vertex   -3.975000e+01 5.500000e+00 0.000000e+00
      vertex   -3.975000e+01 5.500000e+00 3.900000e+01
      vertex   -3.975000e+01 3.500000e+00 0.000000e+00
    endloop
  endfacet
  facet normal 1.000000e+00 3.552714e-15 -5.465713e-16
    outer loop
      vertex   -3.975000e+01 3.500000e+00 0.000000e+00
      vertex   -3.975000e+01 5.500000e+00 3.900000e+01
      vertex   -3.975000e+01 3.500000e+00 3.900000e+01
    endloop
  endfacet
  facet normal 0.000000e+00 0.000000e+00 -1.000000e+00
    outer loop
      vertex   -3.975000e+01 5.500000e+00 3.900000e+01
      vertex   4.875000e+01 5.500000e+00 3.900000e+01
      vertex   -3.975000e+01 3.500000e+00 3.900000e+01
    endloop
  endfacet
  facet normal 0.000000e+00 0.000000e+00 -1.000000e+00
    outer loop
      vertex   -3.975000e+01 3.500000e+00 3.900000e+01
      vertex   4.875000e+01 5.500000e+00 3.900000e+01
      vertex   4.875000e+01 3.500000e+00 3.900000e+01
    endloop
  endfacet
  facet normal -1.103951e-16 1.000000e+00 0.000000e+00
    outer loop
      vertex   4.875000e+01 3.500000e+00 3.900000e+01
      vertex   4.875000e+01 3.500000e+00 0.000000e+00
      vertex   -3.975000e+01 3.500000e+00 3.900000e+01
    endloop
  endfacet
  facet normal -1.103951e-16 1.000000e+00 6.033877e-32
    outer loop
      vertex   -3.975000e+01 3.500000e+00 3.900000e+01
      vertex   4.875000e+01 3.500000e+00 0.000000e+00
      vertex   -3.975000e+01 3.500000e+00 0.000000e+00
    endloop
  endfacet
  facet normal -8.219638e-16 1.000000e+00 -2.202445e-16
    outer loop
      vertex   -4.554904e+01 5.500000e+00 1.225000e+01
      vertex   -4.875000e+01 5.500000e+00 0.000000e+00
      vertex   -4.575000e+01 5.500000e+00 1.300000e+01
    endloop
  endfacet
  facet normal -1.776357e-15 1.000000e+00 0.000000e+00
    outer loop
      vertex   -4.575000e+01 5.500000e+00 1.300000e+01
      vertex   -4.875000e+01 5.500000e+00 0.000000e+00
      vertex   -4.575000e+01 5.500000e+00 3.300000e+01
    endloop
  endfacet
  facet normal 0.000000e+00 1.000000e+00 0.000000e+00
    outer loop
      vertex   -4.575000e+01 5.500000e+00 1.300000e+01
      vertex   -4.575000e+01 5.500000e+00 3.300000e+01
      vertex   -4.554904e+01 5.500000e+00 3.225000e+01
    endloop
  endfacet
  facet normal -3.449022e-16 1.000000e+00 -3.449022e-16
    outer loop
      vertex   -4.554904e+01 5.500000e+00 1.225000e+01
      vertex   -4.500000e+01 5.500000e+00 1.170096e+01
      vertex   -4.875000e+01 5.500000e+00 0.000000e+00
    endloop
  endfacet
  facet normal -1.123836e-16 1.000000e+00 -4.194213e-16
    outer loop
      vertex   -4.875000e+01 5.500000e+00 0.000000e+00
      vertex   -4.500000e+01 5.500000e+00 1.170096e+01
      vertex   -4.425000e+01 5.500000e+00 1.150000e+01
    endloop
  endfacet
  facet normal -1.973730e-16 1.000000e+00 -3.861645e-16
    outer loop
      vertex   -4.875000e+01 5.500000e+00 0.000000e+00
      vertex   -4.425000e+01 5.500000e+00 1.150000e+01
      vertex   -3.975000e+01 5.500000e+00 0.000000e+00
    endloop
  endfacet
  facet normal 7.492239e-17 1.000000e+00 -2.796142e-16
    outer loop
      vertex   -3.975000e+01 5.500000e+00 0.000000e+00
      vertex   -4.425000e+01 5.500000e+00 1.150000e+01
      vertex   -4.350000e+01 5.500000e+00 1.170096e+01
    endloop
  endfacet
  facet normal 2.299348e-16 1.000000e+00 -2.299348e-16
    outer loop
      vertex   -3.975000e+01 5.500000e+00 0.000000e+00
      vertex   -4.350000e+01 5.500000e+00 1.170096e+01
      vertex   -4.295096e+01 5.500000e+00 1.225000e+01
    endloop
  endfacet
  facet normal 5.479759e-16 1.000000e+00 -1.468297e-16
    outer loop
      vertex   -4.295096e+01 5.500000e+00 1.225000e+01
      vertex   -4.275000e+01 5.500000e+00 1.300000e+01
      vertex   -3.975000e+01 5.500000e+00 0.000000e+00
    endloop
  endfacet
  facet normal 1.184238e-15 1.000000e+00 -2.157568e-31
    outer loop
      vertex   -3.975000e+01 5.500000e+00 0.000000e+00
      vertex   -4.275000e+01 5.500000e+00 1.300000e+01
      vertex   -3.975000e+01 5.500000e+00 3.900000e+01
    endloop
  endfacet
  facet normal 3.564591e-16 1.000000e+00 9.551293e-17
    outer loop
      vertex   -3.975000e+01 5.500000e+00 3.900000e+01
      vertex   -4.275000e+01 5.500000e+00 1.300000e+01
      vertex   -4.295096e+01 5.500000e+00 1.375000e+01
    endloop
  endfacet
  facet normal 1.109889e-15 1.000000e+00 0.000000e+00
    outer loop
      vertex   -3.975000e+01 5.500000e+00 3.900000e+01
      vertex   -4.295096e+01 5.500000e+00 1.375000e+01
      vertex   -4.295096e+01 5.500000e+00 3.225000e+01
    endloop
  endfacet
  facet normal 0.000000e+00 1.000000e+00 0.000000e+00
    outer loop
      vertex   -4.295096e+01 5.500000e+00 3.225000e+01
      vertex   -4.295096e+01 5.500000e+00 1.375000e+01
      vertex   -4.350000e+01 5.500000e+00 3.170096e+01
    endloop
  endfacet
  facet normal 0.000000e+00 1.000000e+00 0.000000e+00
    outer loop
      vertex   -4.350000e+01 5.500000e+00 3.170096e+01
      vertex   -4.295096e+01 5.500000e+00 1.375000e+01
      vertex   -4.350000e+01 5.500000e+00 1.429904e+01
    endloop
  endfacet
  facet normal 0.000000e+00 1.000000e+00 0.000000e+00
    outer loop
      vertex   -4.350000e+01 5.500000e+00 3.170096e+01
      vertex   -4.350000e+01 5.500000e+00 1.429904e+01
      vertex   -4.425000e+01 5.500000e+00 3.150000e+01
    endloop
  endfacet
  facet normal 0.000000e+00 1.000000e+00 0.000000e+00
    outer loop
      vertex   -4.425000e+01 5.500000e+00 3.150000e+01
      vertex   -4.350000e+01 5.500000e+00 1.429904e+01
      vertex   -4.425000e+01 5.500000e+00 1.450000e+01
    endloop
  endfacet
  facet normal 0.000000e+00 1.000000e+00 0.000000e+00
    outer loop
      vertex   -4.425000e+01 5.500000e+00 3.150000e+01
      vertex   -4.425000e+01 5.500000e+00 1.450000e+01
      vertex   -4.500000e+01 5.500000e+00 1.429904e+01
    endloop
  endfacet
  facet normal 0.000000e+00 1.000000e+00 0.000000e+00
    outer loop
      vertex   -4.425000e+01 5.500000e+00 3.150000e+01
      vertex   -4.500000e+01 5.500000e+00 1.429904e+01
      vertex   -4.500000e+01 5.500000e+00 3.170096e+01
    endloop
  endfacet
  facet normal 0.000000e+00 1.000000e+00 0.000000e+00
    outer loop
      vertex   -4.500000e+01 5.500000e+00 3.170096e+01
      vertex   -4.500000e+01 5.500000e+00 1.429904e+01
      vertex   -4.554904e+01 5.500000e+00 1.375000e+01
    endloop
  endfacet
  facet normal 0.000000e+00 1.000000e+00 0.000000e+00
    outer loop
      vertex   -4.500000e+01 5.500000e+00 3.170096e+01
      vertex   -4.554904e+01 5.500000e+00 1.375000e+01
      vertex   -4.554904e+01 5.500000e+00 3.225000e+01
    endloop
  endfacet
  facet normal 0.000000e+00 1.000000e+00 0.000000e+00
    outer loop
      vertex   -4.554904e+01 5.500000e+00 3.225000e+01
      vertex   -4.554904e+01 5.500000e+00 1.375000e+01
      vertex   -4.575000e+01 5.500000e+00 1.300000e+01
    endloop
  endfacet
  facet normal 2.551678e-15 1.000000e+00 -6.837201e-16
    outer loop
      vertex   -4.295096e+01 5.500000e+00 3.225000e+01
      vertex   -4.275000e+01 5.500000e+00 3.300000e+01
      vertex   -3.975000e+01 5.500000e+00 3.900000e+01
    endloop
  endfacet
  facet normal 7.710392e-16 1.000000e+00 2.065993e-16
    outer loop
      vertex   -3.975000e+01 5.500000e+00 3.900000e+01
      vertex   -4.275000e+01 5.500000e+00 3.300000e+01
      vertex   -4.295096e+01 5.500000e+00 3.375000e+01
    endloop
  endfacet
  facet normal 4.203916e-16 1.000000e+00 4.203916e-16
    outer loop
      vertex   -3.975000e+01 5.500000e+00 3.900000e+01
      vertex   -4.295096e+01 5.500000e+00 3.375000e+01
      vertex   -4.350000e+01 5.500000e+00 3.429904e+01
    endloop
  endfacet
  facet normal 1.668393e-16 1.000000e+00 6.226527e-16
    outer loop
      vertex   -4.350000e+01 5.500000e+00 3.429904e+01
      vertex   -4.425000e+01 5.500000e+00 3.450000e+01
      vertex   -3.975000e+01 5.500000e+00 3.900000e+01
    endloop
  endfacet
  facet normal -2.889741e-16 1.000000e+00 1.078466e-15
    outer loop
      vertex   -3.975000e+01 5.500000e+00 3.900000e+01
      vertex   -4.425000e+01 5.500000e+00 3.450000e+01
      vertex   -4.500000e+01 5.500000e+00 3.429904e+01
    endloop
  endfacet
  facet normal 6.767074e-16 1.000000e+00 0.000000e+00
    outer loop
      vertex   -3.975000e+01 5.500000e+00 3.900000e+01
      vertex   -4.500000e+01 5.500000e+00 3.429904e+01
      vertex   -4.500000e+01 5.500000e+00 5.170096e+01
    endloop
  endfacet
  facet normal 0.000000e+00 1.000000e+00 0.000000e+00
    outer loop
      vertex   -4.500000e+01 5.500000e+00 5.170096e+01
      vertex   -4.500000e+01 5.500000e+00 3.429904e+01
      vertex   -4.554904e+01 5.500000e+00 3.375000e+01
    endloop
  endfacet
  facet normal 0.000000e+00 1.000000e+00 0.000000e+00
    outer loop
      vertex   -4.500000e+01 5.500000e+00 5.170096e+01
      vertex   -4.554904e+01 5.500000e+00 3.375000e+01
      vertex   -4.554904e+01 5.500000e+00 5.225000e+01
    endloop
  endfacet
  facet normal 0.000000e+00 1.000000e+00 0.000000e+00
    outer loop
      vertex   -4.554904e+01 5.500000e+00 5.225000e+01
      vertex   -4.554904e+01 5.500000e+00 3.375000e+01
      vertex   -4.575000e+01 5.500000e+00 3.300000e+01
    endloop
  endfacet
  facet normal 0.000000e+00 1.000000e+00 0.000000e+00
    outer loop
      vertex   -4.554904e+01 5.500000e+00 5.225000e+01
      vertex   -4.575000e+01 5.500000e+00 3.300000e+01
      vertex   -4.575000e+01 5.500000e+00 5.300000e+01
    endloop
  endfacet
  facet normal -1.776357e-15 1.000000e+00 0.000000e+00
    outer loop
      vertex   -4.575000e+01 5.500000e+00 5.300000e+01
      vertex   -4.575000e+01 5.500000e+00 3.300000e+01
      vertex   -4.875000e+01 5.500000e+00 7.500000e+01
    endloop
  endfacet
  facet normal -5.991165e-16 1.000000e+00 1.605328e-16
    outer loop
      vertex   -4.575000e+01 5.500000e+00 5.300000e+01
      vertex   -4.875000e+01 5.500000e+00 7.500000e+01
      vertex   -4.554904e+01 5.500000e+00 5.375000e+01
    endloop
  endfacet
  facet normal -2.179493e-16 1.000000e+00 2.179493e-16
    outer loop
      vertex   -4.554904e+01 5.500000e+00 5.375000e+01
      vertex   -4.875000e+01 5.500000e+00 7.500000e+01
      vertex   -4.500000e+01 5.500000e+00 5.429904e+01
    endloop
  endfacet
  facet normal -6.578528e-17 1.000000e+00 2.455140e-16
    outer loop
      vertex   -4.500000e+01 5.500000e+00 5.429904e+01
      vertex   -4.875000e+01 5.500000e+00 7.500000e+01
      vertex   -4.425000e+01 5.500000e+00 5.450000e+01
    endloop
  endfacet
  facet normal -1.480297e-16 1.000000e+00 2.274603e-16
    outer loop
      vertex   -4.425000e+01 5.500000e+00 5.450000e+01
      vertex   -4.875000e+01 5.500000e+00 7.500000e+01
      vertex   -3.075000e+01 5.500000e+00 7.500000e+01
    endloop
  endfacet
  facet normal 2.960363e-17 1.000000e+00 1.104823e-16
    outer loop
      vertex   -4.425000e+01 5.500000e+00 5.450000e+01
      vertex   -3.075000e+01 5.500000e+00 7.500000e+01
      vertex   -4.350000e+01 5.500000e+00 5.429904e+01
    endloop
  endfacet
  facet normal 2.089832e-16 1.000000e+00 -5.823195e-32
    outer loop
      vertex   -4.350000e+01 5.500000e+00 5.429904e+01
      vertex   -3.075000e+01 5.500000e+00 7.500000e+01
      vertex   -3.075000e+01 5.500000e+00 4.950000e+01
    endloop
  endfacet
  facet normal 3.351211e-16 1.000000e+00 3.351211e-16
    outer loop
      vertex   -4.350000e+01 5.500000e+00 5.429904e+01
      vertex   -3.075000e+01 5.500000e+00 4.950000e+01
      vertex   -4.295096e+01 5.500000e+00 5.375000e+01
    endloop
  endfacet
  facet normal 2.408690e-16 1.000000e+00 6.454064e-17
    outer loop
      vertex   -4.295096e+01 5.500000e+00 5.375000e+01
      vertex   -3.075000e+01 5.500000e+00 4.950000e+01
      vertex   -4.275000e+01 5.500000e+00 5.300000e+01
    endloop
  endfacet
  facet normal 2.059493e-16 1.000000e+00 -5.518395e-17
    outer loop
      vertex   -4.275000e+01 5.500000e+00 5.300000e+01
      vertex   -3.075000e+01 5.500000e+00 4.950000e+01
      vertex   -4.295096e+01 5.500000e+00 5.225000e+01
    endloop
  endfacet
  facet normal 1.782183e-16 1.000000e+00 -1.782183e-16
    outer loop
      vertex   -4.295096e+01 5.500000e+00 5.225000e+01
      vertex   -3.075000e+01 5.500000e+00 4.950000e+01
      vertex   -4.350000e+01 5.500000e+00 5.170096e+01
    endloop
  endfacet
  facet normal 1.693269e-16 1.000000e+00 -2.297257e-16
    outer loop
      vertex   -4.350000e+01 5.500000e+00 5.170096e+01
      vertex   -3.075000e+01 5.500000e+00 4.950000e+01
      vertex   -3.975000e+01 5.500000e+00 3.900000e+01
    endloop
  endfacet
  facet normal 6.945591e-17 1.000000e+00 -2.592130e-16
    outer loop
      vertex   -4.350000e+01 5.500000e+00 5.170096e+01
      vertex   -3.975000e+01 5.500000e+00 3.900000e+01
      vertex   -4.425000e+01 5.500000e+00 5.150000e+01
    endloop
  endfacet
  facet normal -8.428612e-17 1.000000e+00 -3.145601e-16
    outer loop
      vertex   -4.425000e+01 5.500000e+00 5.150000e+01
      vertex   -3.975000e+01 5.500000e+00 3.900000e+01
      vertex   -4.500000e+01 5.500000e+00 5.170096e+01
    endloop
  endfacet
  facet normal -2.408782e-15 1.000000e+00 5.388066e-16
    outer loop
      vertex   4.642404e+01 5.500000e+00 6.625000e+01
      vertex   4.875000e+01 5.500000e+00 7.500000e+01
      vertex   4.662500e+01 5.500000e+00 6.550000e+01
    endloop
  endfacet
  facet normal -0.000000e+00 1.000000e+00 0.000000e+00
    outer loop
      vertex   4.662500e+01 5.500000e+00 6.550000e+01
      vertex   4.875000e+01 5.500000e+00 7.500000e+01
      vertex   4.875000e+01 5.500000e+00 3.900000e+01
    endloop
  endfacet
  facet normal -3.401635e-15 1.000000e+00 -2.727726e-16
    outer loop
      vertex   4.662500e+01 5.500000e+00 6.550000e+01
      vertex   4.875000e+01 5.500000e+00 3.900000e+01
      vertex   4.642404e+01 5.500000e+00 6.475000e+01
    endloop
  endfacet
  facet normal -3.163483e-17 1.000000e+00 3.163483e-17
    outer loop
      vertex   4.642404e+01 5.500000e+00 6.475000e+01
      vertex   4.875000e+01 5.500000e+00 3.900000e+01
      vertex   4.587500e+01 5.500000e+00 6.420096e+01
    endloop
  endfacet
  facet normal -9.163444e-18 1.000000e+00 3.419844e-17
    outer loop
      vertex   4.587500e+01 5.500000e+00 6.420096e+01
      vertex   4.875000e+01 5.500000e+00 3.900000e+01
      vertex   4.512500e+01 5.500000e+00 6.400000e+01
    endloop
  endfacet
  facet normal -3.969512e-17 1.000000e+00 2.977134e-17
    outer loop
      vertex   4.512500e+01 5.500000e+00 6.400000e+01
      vertex   4.875000e+01 5.500000e+00 3.900000e+01
      vertex   3.425000e+01 5.500000e+00 4.950000e+01
    endloop
  endfacet
  facet normal 0.000000e+00 1.000000e+00 0.000000e+00
    outer loop
      vertex   4.512500e+01 5.500000e+00 6.400000e+01
      vertex   3.425000e+01 5.500000e+00 4.950000e+01
      vertex   4.437500e+01 5.500000e+00 6.420096e+01
    endloop
  endfacet
  facet normal 0.000000e+00 1.000000e+00 0.000000e+00
    outer loop
      vertex   4.437500e+01 5.500000e+00 6.420096e+01
      vertex   3.425000e+01 5.500000e+00 4.950000e+01
      vertex   4.382596e+01 5.500000e+00 6.475000e+01
    endloop
  endfacet
  facet normal 0.000000e+00 1.000000e+00 0.000000e+00
    outer loop
      vertex   4.382596e+01 5.500000e+00 6.475000e+01
      vertex   3.425000e+01 5.500000e+00 4.950000e+01
      vertex   4.362500e+01 5.500000e+00 6.550000e+01
    endloop
  endfacet
  facet normal 0.000000e+00 1.000000e+00 0.000000e+00
    outer loop
      vertex   4.362500e+01 5.500000e+00 6.550000e+01
      vertex   3.425000e+01 5.500000e+00 4.950000e+01
      vertex   3.425000e+01 5.500000e+00 7.500000e+01
    endloop
  endfacet
  facet normal 0.000000e+00 1.000000e+00 -0.000000e+00
    outer loop
      vertex   4.362500e+01 5.500000e+00 6.550000e+01
      vertex   3.425000e+01 5.500000e+00 7.500000e+01
      vertex   4.382596e+01 5.500000e+00 6.625000e+01
    endloop
  endfacet
  facet normal 0.000000e+00 1.000000e+00 -0.000000e+00
    outer loop
      vertex   4.382596e+01 5.500000e+00 6.625000e+01
      vertex   3.425000e+01 5.500000e+00 7.500000e+01
      vertex   4.437500e+01 5.500000e+00 6.679904e+01
    endloop
  endfacet
  facet normal -6.125368e-17 1.000000e+00 -7.562449e-17
    outer loop
      vertex   4.437500e+01 5.500000e+00 6.679904e+01
      vertex   3.425000e+01 5.500000e+00 7.500000e+01
      vertex   4.875000e+01 5.500000e+00 7.500000e+01
    endloop
  endfacet
  facet normal 3.385935e-17 1.000000e+00 -1.263648e-16
    outer loop
      vertex   4.437500e+01 5.500000e+00 6.679904e+01
      vertex   4.875000e+01 5.500000e+00 7.500000e+01
      vertex   4.512500e+01 5.500000e+00 6.700000e+01
    endloop
  endfacet
  facet normal -2.652751e-17 1.000000e+00 -9.900202e-17
    outer loop
      vertex   4.512500e+01 5.500000e+00 6.700000e+01
      vertex   4.875000e+01 5.500000e+00 7.500000e+01
      vertex   4.587500e+01 5.500000e+00 6.679904e+01
    endloop
  endfacet
  facet normal -8.018973e-17 1.000000e+00 -8.018973e-17
    outer loop
      vertex   4.587500e+01 5.500000e+00 6.679904e+01
      vertex   4.875000e+01 5.500000e+00 7.500000e+01
      vertex   4.642404e+01 5.500000e+00 6.625000e+01
    endloop
  endfacet
  facet normal -1.103951e-16 1.000000e+00 -6.786190e-17
    outer loop
      vertex   4.875000e+01 5.500000e+00 3.900000e+01
      vertex   -3.975000e+01 5.500000e+00 3.900000e+01
      vertex   3.425000e+01 5.500000e+00 4.950000e+01
    endloop
  endfacet
  facet normal -1.229786e-16 1.000000e+00 2.082177e-17
    outer loop
      vertex   3.425000e+01 5.500000e+00 4.950000e+01
      vertex   -3.975000e+01 5.500000e+00 3.900000e+01
      vertex   -3.075000e+01 5.500000e+00 4.950000e+01
    endloop
  endfacet
  facet normal -1.776357e-15 1.000000e+00 0.000000e+00
    outer loop
      vertex   -4.875000e+01 5.500000e+00 0.000000e+00
      vertex   -4.875000e+01 5.500000e+00 7.500000e+01
      vertex   -4.575000e+01 5.500000e+00 3.300000e+01
    endloop
  endfacet
  facet normal 6.786076e-01 7.201984e-01 1.442425e-01
    outer loop
      vertex   -2.496614e+01 2.500000e+00 5.401684e+01
      vertex   -2.377201e+01 1.500000e+00 5.339188e+01
      vertex   -2.475000e+01 2.500000e+00 5.300000e+01
    endloop
  endfacet
  facet normal 7.222406e-01 6.904515e-01 -4.056016e-02
    outer loop
      vertex   -2.475000e+01 2.500000e+00 5.300000e+01
      vertex   -2.377201e+01 1.500000e+00 5.339188e+01
      vertex   -2.383775e+01 1.500000e+00 5.222118e+01
    endloop
  endfacet
  facet normal 6.731580e-01 7.255241e-01 -1.430842e-01
    outer loop
      vertex   -2.475000e+01 2.500000e+00 5.300000e+01
      vertex   -2.383775e+01 1.500000e+00 5.222118e+01
      vertex   -2.496614e+01 2.500000e+00 5.198316e+01
    endloop
  endfacet
  facet normal 6.693423e-01 6.892844e-01 -2.772506e-01
    outer loop
      vertex   -2.496614e+01 2.500000e+00 5.198316e+01
      vertex   -2.383775e+01 1.500000e+00 5.222118e+01
      vertex   -2.428647e+01 1.500000e+00 5.113789e+01
    endloop
  endfacet
  facet normal 5.588622e-01 7.230538e-01 -4.060372e-01
    outer loop
      vertex   -2.496614e+01 2.500000e+00 5.198316e+01
      vertex   -2.428647e+01 1.500000e+00 5.113789e+01
      vertex   -2.557717e+01 2.500000e+00 5.114214e+01
    endloop
  endfacet
  facet normal 5.364908e-01 6.944907e-01 -4.794375e-01
    outer loop
      vertex   -2.557717e+01 2.500000e+00 5.114214e+01
      vertex   -2.428647e+01 1.500000e+00 5.113789e+01
      vertex   -2.506779e+01 1.500000e+00 5.026359e+01
    endloop
  endfacet
  facet normal 3.508172e-01 7.125371e-01 -6.076333e-01
    outer loop
      vertex   -2.557717e+01 2.500000e+00 5.114214e+01
      vertex   -2.506779e+01 1.500000e+00 5.026359e+01
      vertex   -2.647746e+01 2.500000e+00 5.062236e+01
    endloop
  endfacet
  facet normal 3.427449e-01 7.056484e-01 -6.201502e-01
    outer loop
      vertex   -2.647746e+01 2.500000e+00 5.062236e+01
      vertex   -2.506779e+01 1.500000e+00 5.026359e+01
      vertex   -2.609402e+01 1.500000e+00 4.969641e+01
    endloop
  endfacet
  facet normal 1.198089e-01 6.988680e-01 -7.051449e-01
    outer loop
      vertex   -2.647746e+01 2.500000e+00 5.062236e+01
      vertex   -2.609402e+01 1.500000e+00 4.969641e+01
      vertex   -2.725000e+01 1.500000e+00 4.950000e+01
    endloop
  endfacet
  facet normal 5.687701e-01 7.111517e-01 4.132357e-01
    outer loop
      vertex   -2.557717e+01 2.500000e+00 5.485786e+01
      vertex   -2.477513e+01 1.500000e+00 5.547487e+01
      vertex   -2.496614e+01 2.500000e+00 5.401684e+01
    endloop
  endfacet
  facet normal 5.768323e-01 7.069305e-01 4.092844e-01
    outer loop
      vertex   -2.496614e+01 2.500000e+00 5.401684e+01
      vertex   -2.477513e+01 1.500000e+00 5.547487e+01
      vertex   -2.409661e+01 1.500000e+00 5.451859e+01
    endloop
  endfacet
  facet normal 6.882073e-01 6.978969e-01 1.982691e-01
    outer loop
      vertex   -2.496614e+01 2.500000e+00 5.401684e+01
      vertex   -2.409661e+01 1.500000e+00 5.451859e+01
      vertex   -2.377201e+01 1.500000e+00 5.339188e+01
    endloop
  endfacet
  facet normal 4.159196e-01 6.952694e-01 5.861838e-01
    outer loop
      vertex   -2.477513e+01 1.500000e+00 5.547487e+01
      vertex   -2.557717e+01 2.500000e+00 5.485786e+01
      vertex   -2.573141e+01 1.500000e+00 5.615339e+01
    endloop
  endfacet
  facet normal 3.457167e-01 7.224402e-01 5.987989e-01
    outer loop
      vertex   -2.573141e+01 1.500000e+00 5.615339e+01
      vertex   -2.557717e+01 2.500000e+00 5.485786e+01
      vertex   -2.647746e+01 2.500000e+00 5.537764e+01
    endloop
  endfacet
  facet normal 2.005088e-01 6.894971e-01 6.959814e-01
    outer loop
      vertex   -2.573141e+01 1.500000e+00 5.615339e+01
      vertex   -2.647746e+01 2.500000e+00 5.537764e+01
      vertex   -2.685812e+01 1.500000e+00 5.647799e+01
    endloop
  endfacet
  facet normal 7.192560e-02 7.256198e-01 6.843264e-01
    outer loop
      vertex   -2.685812e+01 1.500000e+00 5.647799e+01
      vertex   -2.647746e+01 2.500000e+00 5.537764e+01
      vertex   -2.751132e+01 2.500000e+00 5.548630e+01
    endloop
  endfacet
  facet normal -4.057999e-02 6.900808e-01 7.225937e-01
    outer loop
      vertex   -2.685812e+01 1.500000e+00 5.647799e+01
      vertex   -2.751132e+01 2.500000e+00 5.548630e+01
      vertex   -2.802882e+01 1.500000e+00 5.641225e+01
    endloop
  endfacet
  facet normal -2.141245e-01 7.210131e-01 6.590074e-01
    outer loop
      vertex   -2.802882e+01 1.500000e+00 5.641225e+01
      vertex   -2.751132e+01 2.500000e+00 5.548630e+01
      vertex   -2.850000e+01 2.500000e+00 5.516506e+01
    endloop
  endfacet
  facet normal -2.744213e-01 6.969730e-01 6.625116e-01
    outer loop
      vertex   -2.802882e+01 1.500000e+00 5.641225e+01
      vertex   -2.850000e+01 2.500000e+00 5.516506e+01
      vertex   -2.911211e+01 1.500000e+00 5.596353e+01
    endloop
  endfacet
  facet normal -4.704125e-01 7.082540e-01 5.263918e-01
    outer loop
      vertex   -2.911211e+01 1.500000e+00 5.596353e+01
      vertex   -2.850000e+01 2.500000e+00 5.516506e+01
      vertex   -2.998641e+01 1.500000e+00 5.518221e+01
    endloop
  endfacet
  facet normal -4.714116e-01 7.096905e-01 5.235557e-01
    outer loop
      vertex   -2.998641e+01 1.500000e+00 5.518221e+01
      vertex   -2.850000e+01 2.500000e+00 5.516506e+01
      vertex   -2.927254e+01 2.500000e+00 5.446946e+01
    endloop
  endfacet
  facet normal -6.283647e-01 6.960970e-01 3.472849e-01
    outer loop
      vertex   -2.998641e+01 1.500000e+00 5.518221e+01
      vertex   -2.927254e+01 2.500000e+00 5.446946e+01
      vertex   -3.055359e+01 1.500000e+00 5.415598e+01
    endloop
  endfacet
  facet normal -6.323043e-01 7.217602e-01 2.815200e-01
    outer loop
      vertex   -3.055359e+01 1.500000e+00 5.415598e+01
      vertex   -2.927254e+01 2.500000e+00 5.446946e+01
      vertex   -2.969537e+01 2.500000e+00 5.351978e+01
    endloop
  endfacet
  facet normal -7.138057e-01 6.897626e-01 1.212805e-01
    outer loop
      vertex   -3.055359e+01 1.500000e+00 5.415598e+01
      vertex   -2.969537e+01 2.500000e+00 5.351978e+01
      vertex   -3.075000e+01 1.500000e+00 5.300000e+01
    endloop
  endfacet
  facet normal -6.880622e-01 7.256517e-01 0.000000e+00
    outer loop
      vertex   -3.075000e+01 1.500000e+00 5.300000e+01
      vertex   -2.969537e+01 2.500000e+00 5.351978e+01
      vertex   -2.969537e+01 2.500000e+00 5.248022e+01
    endloop
  endfacet
  facet normal -7.123865e-01 6.926577e-01 -1.128309e-01
    outer loop
      vertex   -3.075000e+01 1.500000e+00 5.300000e+01
      vertex   -2.969537e+01 2.500000e+00 5.248022e+01
      vertex   -3.057870e+01 1.500000e+00 5.191844e+01
    endloop
  endfacet
  facet normal -6.346250e-01 7.193154e-01 -2.825533e-01
    outer loop
      vertex   -3.057870e+01 1.500000e+00 5.191844e+01
      vertex   -2.969537e+01 2.500000e+00 5.248022e+01
      vertex   -2.927254e+01 2.500000e+00 5.153054e+01
    endloop
  endfacet
  facet normal -6.339270e-01 7.027135e-01 -3.230019e-01
    outer loop
      vertex   -3.057870e+01 1.500000e+00 5.191844e+01
      vertex   -2.927254e+01 2.500000e+00 5.153054e+01
      vertex   -3.008156e+01 1.500000e+00 5.094275e+01
    endloop
  endfacet
  facet normal -5.030873e-01 7.027135e-01 -5.030873e-01
    outer loop
      vertex   -3.008156e+01 1.500000e+00 5.094275e+01
      vertex   -2.927254e+01 2.500000e+00 5.153054e+01
      vertex   -2.930725e+01 1.500000e+00 5.016844e+01
    endloop
  endfacet
  facet normal -4.648341e-01 7.193154e-01 -5.162505e-01
    outer loop
      vertex   -2.930725e+01 1.500000e+00 5.016844e+01
      vertex   -2.927254e+01 2.500000e+00 5.153054e+01
      vertex   -2.850000e+01 2.500000e+00 5.083494e+01
    endloop
  endfacet
  facet normal -3.274481e-01 6.926577e-01 -6.426531e-01
    outer loop
      vertex   -2.930725e+01 1.500000e+00 5.016844e+01
      vertex   -2.850000e+01 2.500000e+00 5.083494e+01
      vertex   -2.833156e+01 1.500000e+00 4.967130e+01
    endloop
  endfacet
  facet normal -2.126229e-01 7.256517e-01 -6.543860e-01
    outer loop
      vertex   -2.833156e+01 1.500000e+00 4.967130e+01
      vertex   -2.850000e+01 2.500000e+00 5.083494e+01
      vertex   -2.751132e+01 2.500000e+00 5.051370e+01
    endloop
  endfacet
  facet normal -1.128309e-01 6.926577e-01 -7.123865e-01
    outer loop
      vertex   -2.833156e+01 1.500000e+00 4.967130e+01
      vertex   -2.751132e+01 2.500000e+00 5.051370e+01
      vertex   -2.725000e+01 1.500000e+00 4.950000e+01
    endloop
  endfacet
  facet normal 7.261421e-02 7.193154e-01 -6.908781e-01
    outer loop
      vertex   -2.725000e+01 1.500000e+00 4.950000e+01
      vertex   -2.751132e+01 2.500000e+00 5.051370e+01
      vertex   -2.647746e+01 2.500000e+00 5.062236e+01
    endloop
  endfacet
  facet normal -1.148507e-16 1.000000e+00 3.776190e-14
    outer loop
      vertex   3.075000e+01 1.500000e+00 4.950000e+01
      vertex   -2.725000e+01 1.500000e+00 4.950000e+01
      vertex   2.959402e+01 1.500000e+00 4.969641e+01
    endloop
  endfacet
  facet normal 5.769903e-31 1.000000e+00 4.522101e-15
    outer loop
      vertex   2.959402e+01 1.500000e+00 4.969641e+01
      vertex   -2.725000e+01 1.500000e+00 4.950000e+01
      vertex   -2.609402e+01 1.500000e+00 4.969641e+01
    endloop
  endfacet
  facet normal 0.000000e+00 1.000000e+00 0.000000e+00
    outer loop
      vertex   2.959402e+01 1.500000e+00 4.969641e+01
      vertex   -2.609402e+01 1.500000e+00 4.969641e+01
      vertex   2.856779e+01 1.500000e+00 5.026359e+01
    endloop
  endfacet
  facet normal 0.000000e+00 1.000000e+00 0.000000e+00
    outer loop
      vertex   2.856779e+01 1.500000e+00 5.026359e+01
      vertex   -2.609402e+01 1.500000e+00 4.969641e+01
      vertex   -2.506779e+01 1.500000e+00 5.026359e+01
    endloop
  endfacet
  facet normal 0.000000e+00 1.000000e+00 0.000000e+00
    outer loop
      vertex   2.856779e+01 1.500000e+00 5.026359e+01
      vertex   -2.506779e+01 1.500000e+00 5.026359e+01
      vertex   2.778647e+01 1.500000e+00 5.113789e+01
    endloop
  endfacet
  facet normal 0.000000e+00 1.000000e+00 0.000000e+00
    outer loop
      vertex   2.778647e+01 1.500000e+00 5.113789e+01
      vertex   -2.506779e+01 1.500000e+00 5.026359e+01
      vertex   -2.428647e+01 1.500000e+00 5.113789e+01
    endloop
  endfacet
  facet normal 0.000000e+00 1.000000e+00 0.000000e+00
    outer loop
      vertex   2.778647e+01 1.500000e+00 5.113789e+01
      vertex   -2.428647e+01 1.500000e+00 5.113789e+01
      vertex   2.733775e+01 1.500000e+00 5.222118e+01
    endloop
  endfacet
  facet normal 0.000000e+00 1.000000e+00 0.000000e+00
    outer loop
      vertex   2.733775e+01 1.500000e+00 5.222118e+01
      vertex   -2.428647e+01 1.500000e+00 5.113789e+01
      vertex   -2.383775e+01 1.500000e+00 5.222118e+01
    endloop
  endfacet
  facet normal 0.000000e+00 1.000000e+00 0.000000e+00
    outer loop
      vertex   2.733775e+01 1.500000e+00 5.222118e+01
      vertex   -2.383775e+01 1.500000e+00 5.222118e+01
      vertex   2.727201e+01 1.500000e+00 5.339188e+01
    endloop
  endfacet
  facet normal 0.000000e+00 1.000000e+00 0.000000e+00
    outer loop
      vertex   2.727201e+01 1.500000e+00 5.339188e+01
      vertex   -2.383775e+01 1.500000e+00 5.222118e+01
      vertex   -2.377201e+01 1.500000e+00 5.339188e+01
    endloop
  endfacet
  facet normal 0.000000e+00 1.000000e+00 0.000000e+00
    outer loop
      vertex   2.727201e+01 1.500000e+00 5.339188e+01
      vertex   -2.377201e+01 1.500000e+00 5.339188e+01
      vertex   -2.409661e+01 1.500000e+00 5.451859e+01
    endloop
  endfacet
  facet normal 0.000000e+00 1.000000e+00 0.000000e+00
    outer loop
      vertex   -2.477513e+01 1.500000e+00 5.547487e+01
      vertex   2.827513e+01 1.500000e+00 5.547487e+01
      vertex   -2.409661e+01 1.500000e+00 5.451859e+01
    endloop
  endfacet
  facet normal -0.000000e+00 1.000000e+00 0.000000e+00
    outer loop
      vertex   -2.409661e+01 1.500000e+00 5.451859e+01
      vertex   2.827513e+01 1.500000e+00 5.547487e+01
      vertex   2.759661e+01 1.500000e+00 5.451859e+01
    endloop
  endfacet
  facet normal 0.000000e+00 1.000000e+00 0.000000e+00
    outer loop
      vertex   -2.409661e+01 1.500000e+00 5.451859e+01
      vertex   2.759661e+01 1.500000e+00 5.451859e+01
      vertex   2.727201e+01 1.500000e+00 5.339188e+01
    endloop
  endfacet
  facet normal 0.000000e+00 1.000000e+00 -0.000000e+00
    outer loop
      vertex   2.827513e+01 1.500000e+00 5.547487e+01
      vertex   -2.477513e+01 1.500000e+00 5.547487e+01
      vertex   2.923141e+01 1.500000e+00 5.615339e+01
    endloop
  endfacet
  facet normal 0.000000e+00 1.000000e+00 0.000000e+00
    outer loop
      vertex   2.923141e+01 1.500000e+00 5.615339e+01
      vertex   -2.477513e+01 1.500000e+00 5.547487e+01
      vertex   -2.573141e+01 1.500000e+00 5.615339e+01
    endloop
  endfacet
  facet normal 0.000000e+00 1.000000e+00 0.000000e+00
    outer loop
      vertex   2.923141e+01 1.500000e+00 5.615339e+01
      vertex   -2.573141e+01 1.500000e+00 5.615339e+01
      vertex   -3.075000e+01 1.500000e+00 7.500000e+01
    endloop
  endfacet
  facet normal 0.000000e+00 1.000000e+00 0.000000e+00
    outer loop
      vertex   -3.075000e+01 1.500000e+00 7.500000e+01
      vertex   -2.573141e+01 1.500000e+00 5.615339e+01
      vertex   -2.685812e+01 1.500000e+00 5.647799e+01
    endloop
  endfacet
  facet normal 0.000000e+00 1.000000e+00 0.000000e+00
    outer loop
      vertex   -3.075000e+01 1.500000e+00 7.500000e+01
      vertex   -2.685812e+01 1.500000e+00 5.647799e+01
      vertex   -2.802882e+01 1.500000e+00 5.641225e+01
    endloop
  endfacet
  facet normal 0.000000e+00 1.000000e+00 0.000000e+00
    outer loop
      vertex   -2.802882e+01 1.500000e+00 5.641225e+01
      vertex   -2.911211e+01 1.500000e+00 5.596353e+01
      vertex   -3.075000e+01 1.500000e+00 7.500000e+01
    endloop
  endfacet
  facet normal 0.000000e+00 1.000000e+00 0.000000e+00
    outer loop
      vertex   -3.075000e+01 1.500000e+00 7.500000e+01
      vertex   -2.911211e+01 1.500000e+00 5.596353e+01
      vertex   -2.998641e+01 1.500000e+00 5.518221e+01
    endloop
  endfacet
  facet normal 0.000000e+00 1.000000e+00 0.000000e+00
    outer loop
      vertex   -3.075000e+01 1.500000e+00 7.500000e+01
      vertex   -2.998641e+01 1.500000e+00 5.518221e+01
      vertex   -3.055359e+01 1.500000e+00 5.415598e+01
    endloop
  endfacet
  facet normal 0.000000e+00 1.000000e+00 0.000000e+00
    outer loop
      vertex   -3.055359e+01 1.500000e+00 5.415598e+01
      vertex   -3.075000e+01 1.500000e+00 5.300000e+01
      vertex   -3.075000e+01 1.500000e+00 7.500000e+01
    endloop
  endfacet
  facet normal -1.195625e-16 1.000000e+00 -3.805207e-16
    outer loop
      vertex   -3.075000e+01 1.500000e+00 7.500000e+01
      vertex   3.425000e+01 1.500000e+00 7.500000e+01
      vertex   2.923141e+01 1.500000e+00 5.615339e+01
    endloop
  endfacet
  facet normal 1.286694e-16 1.000000e+00 -4.466215e-16
    outer loop
      vertex   2.923141e+01 1.500000e+00 5.615339e+01
      vertex   3.425000e+01 1.500000e+00 7.500000e+01
      vertex   3.035812e+01 1.500000e+00 5.647799e+01
    endloop
  endfacet
  facet normal -2.328859e-17 1.000000e+00 -4.146918e-16
    outer loop
      vertex   3.035812e+01 1.500000e+00 5.647799e+01
      vertex   3.425000e+01 1.500000e+00 7.500000e+01
      vertex   3.152882e+01 1.500000e+00 5.641225e+01
    endloop
  endfacet
  facet normal -1.632819e-16 1.000000e+00 -3.941973e-16
    outer loop
      vertex   3.152882e+01 1.500000e+00 5.641225e+01
      vertex   3.425000e+01 1.500000e+00 7.500000e+01
      vertex   3.261211e+01 1.500000e+00 5.596353e+01
    endloop
  endfacet
  facet normal -3.387821e-16 1.000000e+00 -3.790974e-16
    outer loop
      vertex   3.261211e+01 1.500000e+00 5.596353e+01
      vertex   3.425000e+01 1.500000e+00 7.500000e+01
      vertex   3.348641e+01 1.500000e+00 5.518221e+01
    endloop
  endfacet
  facet normal -6.633010e-16 1.000000e+00 -3.665935e-16
    outer loop
      vertex   3.348641e+01 1.500000e+00 5.518221e+01
      vertex   3.425000e+01 1.500000e+00 7.500000e+01
      vertex   3.405359e+01 1.500000e+00 5.415598e+01
    endloop
  endfacet
  facet normal -3.956839e-14 1.000000e+00 0.000000e+00
    outer loop
      vertex   3.405359e+01 1.500000e+00 5.415598e+01
      vertex   3.425000e+01 1.500000e+00 7.500000e+01
      vertex   3.425000e+01 1.500000e+00 5.300000e+01
    endloop
  endfacet
  facet normal 0.000000e+00 1.000000e+00 0.000000e+00
    outer loop
      vertex   -3.075000e+01 1.500000e+00 5.300000e+01
      vertex   -3.057870e+01 1.500000e+00 5.191844e+01
      vertex   -3.075000e+01 1.500000e+00 4.950000e+01
    endloop
  endfacet
  facet normal 0.000000e+00 1.000000e+00 0.000000e+00
    outer loop
      vertex   -3.075000e+01 1.500000e+00 4.950000e+01
      vertex   -3.057870e+01 1.500000e+00 5.191844e+01
      vertex   -3.008156e+01 1.500000e+00 5.094275e+01
    endloop
  endfacet
  facet normal 0.000000e+00 1.000000e+00 0.000000e+00
    outer loop
      vertex   -3.075000e+01 1.500000e+00 4.950000e+01
      vertex   -3.008156e+01 1.500000e+00 5.094275e+01
      vertex   -2.930725e+01 1.500000e+00 5.016844e+01
    endloop
  endfacet
  facet normal 0.000000e+00 1.000000e+00 0.000000e+00
    outer loop
      vertex   -2.930725e+01 1.500000e+00 5.016844e+01
      vertex   -2.833156e+01 1.500000e+00 4.967130e+01
      vertex   -3.075000e+01 1.500000e+00 4.950000e+01
    endloop
  endfacet
  facet normal -2.537653e-16 1.000000e+00 3.582652e-15
    outer loop
      vertex   -3.075000e+01 1.500000e+00 4.950000e+01
      vertex   -2.833156e+01 1.500000e+00 4.967130e+01
      vertex   -2.725000e+01 1.500000e+00 4.950000e+01
    endloop
  endfacet
  facet normal 6.825954e-01 7.162488e-01 1.450901e-01
    outer loop
      vertex   3.303386e+01 2.500000e+00 5.401684e+01
      vertex   3.405359e+01 1.500000e+00 5.415598e+01
      vertex   3.325000e+01 2.500000e+00 5.300000e+01
    endloop
  endfacet
  facet normal 7.020581e-01 7.020581e-01 1.192845e-01
    outer loop
      vertex   3.325000e+01 2.500000e+00 5.300000e+01
      vertex   3.405359e+01 1.500000e+00 5.415598e+01
      vertex   3.425000e+01 1.500000e+00 5.300000e+01
    endloop
  endfacet
  facet normal 7.027135e-01 7.027135e-01 -1.112989e-01
    outer loop
      vertex   3.325000e+01 2.500000e+00 5.300000e+01
      vertex   3.425000e+01 1.500000e+00 5.300000e+01
      vertex   3.407870e+01 1.500000e+00 5.191844e+01
    endloop
  endfacet
  facet normal 6.314407e-01 6.924538e-01 3.489849e-01
    outer loop
      vertex   3.405359e+01 1.500000e+00 5.415598e+01
      vertex   3.303386e+01 2.500000e+00 5.401684e+01
      vertex   3.348641e+01 1.500000e+00 5.518221e+01
    endloop
  endfacet
  facet normal 5.576345e-01 7.245007e-01 4.051452e-01
    outer loop
      vertex   3.348641e+01 1.500000e+00 5.518221e+01
      vertex   3.303386e+01 2.500000e+00 5.401684e+01
      vertex   3.242283e+01 2.500000e+00 5.485786e+01
    endloop
  endfacet
  facet normal 4.829644e-01 6.889651e-01 5.404374e-01
    outer loop
      vertex   3.348641e+01 1.500000e+00 5.518221e+01
      vertex   3.242283e+01 2.500000e+00 5.485786e+01
      vertex   3.261211e+01 1.500000e+00 5.596353e+01
    endloop
  endfacet
  facet normal 3.444518e-01 7.248530e-01 5.966080e-01
    outer loop
      vertex   3.261211e+01 1.500000e+00 5.596353e+01
      vertex   3.242283e+01 2.500000e+00 5.485786e+01
      vertex   3.152254e+01 2.500000e+00 5.537764e+01
    endloop
  endfacet
  facet normal 2.763037e-01 6.918760e-01 6.670562e-01
    outer loop
      vertex   3.261211e+01 1.500000e+00 5.596353e+01
      vertex   3.152254e+01 2.500000e+00 5.537764e+01
      vertex   3.152882e+01 1.500000e+00 5.641225e+01
    endloop
  endfacet
  facet normal 7.282726e-02 7.173414e-01 6.929051e-01
    outer loop
      vertex   3.152882e+01 1.500000e+00 5.641225e+01
      vertex   3.152254e+01 2.500000e+00 5.537764e+01
      vertex   3.048868e+01 2.500000e+00 5.548630e+01
    endloop
  endfacet
  facet normal 3.999007e-02 7.009493e-01 7.120891e-01
    outer loop
      vertex   3.152882e+01 1.500000e+00 5.641225e+01
      vertex   3.048868e+01 2.500000e+00 5.548630e+01
      vertex   3.035812e+01 1.500000e+00 5.647799e+01
    endloop
  endfacet
  facet normal -1.968247e-01 7.032114e-01 6.831938e-01
    outer loop
      vertex   3.035812e+01 1.500000e+00 5.647799e+01
      vertex   3.048868e+01 2.500000e+00 5.548630e+01
      vertex   2.923141e+01 1.500000e+00 5.615339e+01
    endloop
  endfacet
  facet normal -2.160146e-01 7.150845e-01 6.648246e-01
    outer loop
      vertex   2.923141e+01 1.500000e+00 5.615339e+01
      vertex   3.048868e+01 2.500000e+00 5.548630e+01
      vertex   2.950000e+01 2.500000e+00 5.516506e+01
    endloop
  endfacet
  facet normal -4.171400e-01 6.930825e-01 5.879038e-01
    outer loop
      vertex   2.923141e+01 1.500000e+00 5.615339e+01
      vertex   2.950000e+01 2.500000e+00 5.516506e+01
      vertex   2.827513e+01 1.500000e+00 5.547487e+01
    endloop
  endfacet
  facet normal -4.615076e-01 7.240836e-01 5.125561e-01
    outer loop
      vertex   2.827513e+01 1.500000e+00 5.547487e+01
      vertex   2.950000e+01 2.500000e+00 5.516506e+01
      vertex   2.872746e+01 2.500000e+00 5.446946e+01
    endloop
  endfacet
  facet normal -5.910728e-01 6.890183e-01 4.193885e-01
    outer loop
      vertex   2.827513e+01 1.500000e+00 5.547487e+01
      vertex   2.872746e+01 2.500000e+00 5.446946e+01
      vertex   2.759661e+01 1.500000e+00 5.451859e+01
    endloop
  endfacet
  facet normal -6.290679e-01 7.251408e-01 2.800791e-01
    outer loop
      vertex   2.759661e+01 1.500000e+00 5.451859e+01
      vertex   2.872746e+01 2.500000e+00 5.446946e+01
      vertex   2.830463e+01 2.500000e+00 5.351978e+01
    endloop
  endfacet
  facet normal -6.942825e-01 6.913494e-01 2.000194e-01
    outer loop
      vertex   2.759661e+01 1.500000e+00 5.451859e+01
      vertex   2.830463e+01 2.500000e+00 5.351978e+01
      vertex   2.727201e+01 1.500000e+00 5.339188e+01
    endloop
  endfacet
  facet normal -6.956681e-01 7.183634e-01 0.000000e+00
    outer loop
      vertex   2.727201e+01 1.500000e+00 5.339188e+01
      vertex   2.830463e+01 2.500000e+00 5.351978e+01
      vertex   2.830463e+01 2.500000e+00 5.248022e+01
    endloop
  endfacet
  facet normal -7.131312e-01 6.998857e-01 -4.004859e-02
    outer loop
      vertex   2.727201e+01 1.500000e+00 5.339188e+01
      vertex   2.830463e+01 2.500000e+00 5.248022e+01
      vertex   2.733775e+01 1.500000e+00 5.222118e+01
    endloop
  endfacet
  facet normal -6.557649e-01 7.044084e-01 -2.716267e-01
    outer loop
      vertex   2.733775e+01 1.500000e+00 5.222118e+01
      vertex   2.830463e+01 2.500000e+00 5.248022e+01
      vertex   2.778647e+01 1.500000e+00 5.113789e+01
    endloop
  endfacet
  facet normal -6.397568e-01 7.138476e-01 -2.848381e-01
    outer loop
      vertex   2.778647e+01 1.500000e+00 5.113789e+01
      vertex   2.830463e+01 2.500000e+00 5.248022e+01
      vertex   2.872746e+01 2.500000e+00 5.153054e+01
    endloop
  endfacet
  facet normal -5.370150e-01 6.937616e-01 -4.799060e-01
    outer loop
      vertex   2.778647e+01 1.500000e+00 5.113789e+01
      vertex   2.872746e+01 2.500000e+00 5.153054e+01
      vertex   2.856779e+01 1.500000e+00 5.026359e+01
    endloop
  endfacet
  facet normal -4.618460e-01 7.236014e-01 -5.129320e-01
    outer loop
      vertex   2.856779e+01 1.500000e+00 5.026359e+01
      vertex   2.872746e+01 2.500000e+00 5.153054e+01
      vertex   2.950000e+01 2.500000e+00 5.083494e+01
    endloop
  endfacet
  facet normal -3.505234e-01 6.891248e-01 -6.342242e-01
    outer loop
      vertex   2.856779e+01 1.500000e+00 5.026359e+01
      vertex   2.950000e+01 2.500000e+00 5.083494e+01
      vertex   2.959402e+01 1.500000e+00 4.969641e+01
    endloop
  endfacet
  facet normal -2.127165e-01 7.253645e-01 -6.546740e-01
    outer loop
      vertex   2.959402e+01 1.500000e+00 4.969641e+01
      vertex   2.950000e+01 2.500000e+00 5.083494e+01
      vertex   3.048868e+01 2.500000e+00 5.051370e+01
    endloop
  endfacet
  facet normal -1.211028e-01 6.908745e-01 -7.127598e-01
    outer loop
      vertex   2.959402e+01 1.500000e+00 4.969641e+01
      vertex   3.048868e+01 2.500000e+00 5.051370e+01
      vertex   3.075000e+01 1.500000e+00 4.950000e+01
    endloop
  endfacet
  facet normal 7.261421e-02 7.193154e-01 -6.908781e-01
    outer loop
      vertex   3.075000e+01 1.500000e+00 4.950000e+01
      vertex   3.048868e+01 2.500000e+00 5.051370e+01
      vertex   3.152254e+01 2.500000e+00 5.062236e+01
    endloop
  endfacet
  facet normal 1.112989e-01 7.027135e-01 -7.027135e-01
    outer loop
      vertex   3.075000e+01 1.500000e+00 4.950000e+01
      vertex   3.152254e+01 2.500000e+00 5.062236e+01
      vertex   3.183156e+01 1.500000e+00 4.967130e+01
    endloop
  endfacet
  facet normal 3.230019e-01 7.027135e-01 -6.339270e-01
    outer loop
      vertex   3.183156e+01 1.500000e+00 4.967130e+01
      vertex   3.152254e+01 2.500000e+00 5.062236e+01
      vertex   3.280725e+01 1.500000e+00 5.016844e+01
    endloop
  endfacet
  facet normal 3.473418e-01 7.193154e-01 -6.016136e-01
    outer loop
      vertex   3.280725e+01 1.500000e+00 5.016844e+01
      vertex   3.152254e+01 2.500000e+00 5.062236e+01
      vertex   3.242283e+01 2.500000e+00 5.114214e+01
    endloop
  endfacet
  facet normal 5.100124e-01 6.926577e-01 -5.100124e-01
    outer loop
      vertex   3.280725e+01 1.500000e+00 5.016844e+01
      vertex   3.242283e+01 2.500000e+00 5.114214e+01
      vertex   3.358156e+01 1.500000e+00 5.094275e+01
    endloop
  endfacet
  facet normal 5.566540e-01 7.256517e-01 -4.044328e-01
    outer loop
      vertex   3.358156e+01 1.500000e+00 5.094275e+01
      vertex   3.242283e+01 2.500000e+00 5.114214e+01
      vertex   3.303386e+01 2.500000e+00 5.198316e+01
    endloop
  endfacet
  facet normal 6.426531e-01 6.926577e-01 -3.274481e-01
    outer loop
      vertex   3.358156e+01 1.500000e+00 5.094275e+01
      vertex   3.303386e+01 2.500000e+00 5.198316e+01
      vertex   3.407870e+01 1.500000e+00 5.191844e+01
    endloop
  endfacet
  facet normal 6.795031e-01 7.193154e-01 -1.444328e-01
    outer loop
      vertex   3.407870e+01 1.500000e+00 5.191844e+01
      vertex   3.303386e+01 2.500000e+00 5.198316e+01
      vertex   3.325000e+01 2.500000e+00 5.300000e+01
    endloop
  endfacet
  facet normal -6.344132e-17 1.000000e+00 4.447189e-14
    outer loop
      vertex   3.075000e+01 1.500000e+00 4.950000e+01
      vertex   3.183156e+01 1.500000e+00 4.967130e+01
      vertex   3.425000e+01 1.500000e+00 4.950000e+01
    endloop
  endfacet
  facet normal -2.821262e-15 1.000000e+00 5.537038e-15
    outer loop
      vertex   3.425000e+01 1.500000e+00 4.950000e+01
      vertex   3.183156e+01 1.500000e+00 4.967130e+01
      vertex   3.280725e+01 1.500000e+00 5.016844e+01
    endloop
  endfacet
  facet normal -3.681125e-15 1.000000e+00 3.681125e-15
    outer loop
      vertex   3.425000e+01 1.500000e+00 4.950000e+01
      vertex   3.280725e+01 1.500000e+00 5.016844e+01
      vertex   3.358156e+01 1.500000e+00 5.094275e+01
    endloop
  endfacet
  facet normal -5.537038e-15 1.000000e+00 2.821262e-15
    outer loop
      vertex   3.358156e+01 1.500000e+00 5.094275e+01
      vertex   3.407870e+01 1.500000e+00 5.191844e+01
      vertex   3.425000e+01 1.500000e+00 4.950000e+01
    endloop
  endfacet
  facet normal -4.536755e-14 1.000000e+00 0.000000e+00
    outer loop
      vertex   3.425000e+01 1.500000e+00 4.950000e+01
      vertex   3.407870e+01 1.500000e+00 5.191844e+01
      vertex   3.425000e+01 1.500000e+00 5.300000e+01
    endloop
  endfacet
  facet normal 0.000000e+00 1.000000e+00 0.000000e+00
    outer loop
      vertex   -2.496614e+01 2.500000e+00 5.401684e+01
      vertex   -2.475000e+01 2.500000e+00 5.300000e+01
      vertex   -2.575000e+01 2.500000e+00 5.300000e+01
    endloop
  endfacet
  facet normal -0.000000e+00 1.000000e+00 0.000000e+00
    outer loop
      vertex   -2.575000e+01 2.500000e+00 5.300000e+01
      vertex   -2.475000e+01 2.500000e+00 5.300000e+01
      vertex   -2.496614e+01 2.500000e+00 5.198316e+01
    endloop
  endfacet
  facet normal 0.000000e+00 1.000000e+00 0.000000e+00
    outer loop
      vertex   -2.575000e+01 2.500000e+00 5.300000e+01
      vertex   -2.496614e+01 2.500000e+00 5.198316e+01
      vertex   -2.595096e+01 2.500000e+00 5.225000e+01
    endloop
  endfacet
  facet normal 0.000000e+00 1.000000e+00 0.000000e+00
    outer loop
      vertex   -2.595096e+01 2.500000e+00 5.225000e+01
      vertex   -2.496614e+01 2.500000e+00 5.198316e+01
      vertex   -2.557717e+01 2.500000e+00 5.114214e+01
    endloop
  endfacet
  facet normal 0.000000e+00 1.000000e+00 0.000000e+00
    outer loop
      vertex   -2.595096e+01 2.500000e+00 5.225000e+01
      vertex   -2.557717e+01 2.500000e+00 5.114214e+01
      vertex   -2.650000e+01 2.500000e+00 5.170096e+01
    endloop
  endfacet
  facet normal 0.000000e+00 1.000000e+00 0.000000e+00
    outer loop
      vertex   -2.650000e+01 2.500000e+00 5.170096e+01
      vertex   -2.557717e+01 2.500000e+00 5.114214e+01
      vertex   -2.647746e+01 2.500000e+00 5.062236e+01
    endloop
  endfacet
  facet normal 0.000000e+00 1.000000e+00 0.000000e+00
    outer loop
      vertex   -2.650000e+01 2.500000e+00 5.170096e+01
      vertex   -2.647746e+01 2.500000e+00 5.062236e+01
      vertex   -2.725000e+01 2.500000e+00 5.150000e+01
    endloop
  endfacet
  facet normal 0.000000e+00 1.000000e+00 0.000000e+00
    outer loop
      vertex   -2.725000e+01 2.500000e+00 5.150000e+01
      vertex   -2.647746e+01 2.500000e+00 5.062236e+01
      vertex   -2.751132e+01 2.500000e+00 5.051370e+01
    endloop
  endfacet
  facet normal 0.000000e+00 1.000000e+00 0.000000e+00
    outer loop
      vertex   -2.725000e+01 2.500000e+00 5.150000e+01
      vertex   -2.751132e+01 2.500000e+00 5.051370e+01
      vertex   -2.800000e+01 2.500000e+00 5.170096e+01
    endloop
  endfacet
  facet normal 0.000000e+00 1.000000e+00 0.000000e+00
    outer loop
      vertex   -2.800000e+01 2.500000e+00 5.170096e+01
      vertex   -2.751132e+01 2.500000e+00 5.051370e+01
      vertex   -2.850000e+01 2.500000e+00 5.083494e+01
    endloop
  endfacet
  facet normal 0.000000e+00 1.000000e+00 0.000000e+00
    outer loop
      vertex   -2.800000e+01 2.500000e+00 5.170096e+01
      vertex   -2.850000e+01 2.500000e+00 5.083494e+01
      vertex   -2.927254e+01 2.500000e+00 5.153054e+01
    endloop
  endfacet
  facet normal 0.000000e+00 1.000000e+00 0.000000e+00
    outer loop
      vertex   -2.800000e+01 2.500000e+00 5.170096e+01
      vertex   -2.927254e+01 2.500000e+00 5.153054e+01
      vertex   -2.854904e+01 2.500000e+00 5.225000e+01
    endloop
  endfacet
  facet normal 0.000000e+00 1.000000e+00 0.000000e+00
    outer loop
      vertex   -2.854904e+01 2.500000e+00 5.225000e+01
      vertex   -2.927254e+01 2.500000e+00 5.153054e+01
      vertex   -2.969537e+01 2.500000e+00 5.248022e+01
    endloop
  endfacet
  facet normal 0.000000e+00 1.000000e+00 0.000000e+00
    outer loop
      vertex   -2.854904e+01 2.500000e+00 5.225000e+01
      vertex   -2.969537e+01 2.500000e+00 5.248022e+01
      vertex   -2.875000e+01 2.500000e+00 5.300000e+01
    endloop
  endfacet
  facet normal 0.000000e+00 1.000000e+00 0.000000e+00
    outer loop
      vertex   -2.875000e+01 2.500000e+00 5.300000e+01
      vertex   -2.969537e+01 2.500000e+00 5.248022e+01
      vertex   -2.969537e+01 2.500000e+00 5.351978e+01
    endloop
  endfacet
  facet normal 0.000000e+00 1.000000e+00 -0.000000e+00
    outer loop
      vertex   -2.875000e+01 2.500000e+00 5.300000e+01
      vertex   -2.969537e+01 2.500000e+00 5.351978e+01
      vertex   -2.854904e+01 2.500000e+00 5.375000e+01
    endloop
  endfacet
  facet normal 0.000000e+00 1.000000e+00 0.000000e+00
    outer loop
      vertex   -2.854904e+01 2.500000e+00 5.375000e+01
      vertex   -2.969537e+01 2.500000e+00 5.351978e+01
      vertex   -2.927254e+01 2.500000e+00 5.446946e+01
    endloop
  endfacet
  facet normal 0.000000e+00 1.000000e+00 -0.000000e+00
    outer loop
      vertex   -2.854904e+01 2.500000e+00 5.375000e+01
      vertex   -2.927254e+01 2.500000e+00 5.446946e+01
      vertex   -2.800000e+01 2.500000e+00 5.429904e+01
    endloop
  endfacet
  facet normal 0.000000e+00 1.000000e+00 0.000000e+00
    outer loop
      vertex   -2.800000e+01 2.500000e+00 5.429904e+01
      vertex   -2.927254e+01 2.500000e+00 5.446946e+01
      vertex   -2.850000e+01 2.500000e+00 5.516506e+01
    endloop
  endfacet
  facet normal 0.000000e+00 1.000000e+00 -0.000000e+00
    outer loop
      vertex   -2.800000e+01 2.500000e+00 5.429904e+01
      vertex   -2.850000e+01 2.500000e+00 5.516506e+01
      vertex   -2.751132e+01 2.500000e+00 5.548630e+01
    endloop
  endfacet
  facet normal 0.000000e+00 1.000000e+00 0.000000e+00
    outer loop
      vertex   -2.800000e+01 2.500000e+00 5.429904e+01
      vertex   -2.751132e+01 2.500000e+00 5.548630e+01
      vertex   -2.725000e+01 2.500000e+00 5.450000e+01
    endloop
  endfacet
  facet normal 0.000000e+00 1.000000e+00 -0.000000e+00
    outer loop
      vertex   -2.725000e+01 2.500000e+00 5.450000e+01
      vertex   -2.751132e+01 2.500000e+00 5.548630e+01
      vertex   -2.647746e+01 2.500000e+00 5.537764e+01
    endloop
  endfacet
  facet normal -0.000000e+00 1.000000e+00 0.000000e+00
    outer loop
      vertex   -2.725000e+01 2.500000e+00 5.450000e+01
      vertex   -2.647746e+01 2.500000e+00 5.537764e+01
      vertex   -2.650000e+01 2.500000e+00 5.429904e+01
    endloop
  endfacet
  facet normal 0.000000e+00 1.000000e+00 0.000000e+00
    outer loop
      vertex   -2.650000e+01 2.500000e+00 5.429904e+01
      vertex   -2.647746e+01 2.500000e+00 5.537764e+01
      vertex   -2.557717e+01 2.500000e+00 5.485786e+01
    endloop
  endfacet
  facet normal -0.000000e+00 1.000000e+00 0.000000e+00
    outer loop
      vertex   -2.650000e+01 2.500000e+00 5.429904e+01
      vertex   -2.557717e+01 2.500000e+00 5.485786e+01
      vertex   -2.595096e+01 2.500000e+00 5.375000e+01
    endloop
  endfacet
  facet normal 0.000000e+00 1.000000e+00 0.000000e+00
    outer loop
      vertex   -2.595096e+01 2.500000e+00 5.375000e+01
      vertex   -2.557717e+01 2.500000e+00 5.485786e+01
      vertex   -2.496614e+01 2.500000e+00 5.401684e+01
    endloop
  endfacet
  facet normal -0.000000e+00 1.000000e+00 0.000000e+00
    outer loop
      vertex   -2.595096e+01 2.500000e+00 5.375000e+01
      vertex   -2.496614e+01 2.500000e+00 5.401684e+01
      vertex   -2.575000e+01 2.500000e+00 5.300000e+01
    endloop
  endfacet
  facet normal 0.000000e+00 1.000000e+00 0.000000e+00
    outer loop
      vertex   3.303386e+01 2.500000e+00 5.401684e+01
      vertex   3.325000e+01 2.500000e+00 5.300000e+01
      vertex   3.225000e+01 2.500000e+00 5.300000e+01
    endloop
  endfacet
  facet normal -0.000000e+00 1.000000e+00 0.000000e+00
    outer loop
      vertex   3.225000e+01 2.500000e+00 5.300000e+01
      vertex   3.325000e+01 2.500000e+00 5.300000e+01
      vertex   3.303386e+01 2.500000e+00 5.198316e+01
    endloop
  endfacet
  facet normal 0.000000e+00 1.000000e+00 0.000000e+00
    outer loop
      vertex   3.225000e+01 2.500000e+00 5.300000e+01
      vertex   3.303386e+01 2.500000e+00 5.198316e+01
      vertex   3.204904e+01 2.500000e+00 5.225000e+01
    endloop
  endfacet
  facet normal 0.000000e+00 1.000000e+00 0.000000e+00
    outer loop
      vertex   3.204904e+01 2.500000e+00 5.225000e+01
      vertex   3.303386e+01 2.500000e+00 5.198316e+01
      vertex   3.242283e+01 2.500000e+00 5.114214e+01
    endloop
  endfacet
  facet normal 0.000000e+00 1.000000e+00 0.000000e+00
    outer loop
      vertex   3.204904e+01 2.500000e+00 5.225000e+01
      vertex   3.242283e+01 2.500000e+00 5.114214e+01
      vertex   3.150000e+01 2.500000e+00 5.170096e+01
    endloop
  endfacet
  facet normal 0.000000e+00 1.000000e+00 0.000000e+00
    outer loop
      vertex   3.150000e+01 2.500000e+00 5.170096e+01
      vertex   3.242283e+01 2.500000e+00 5.114214e+01
      vertex   3.152254e+01 2.500000e+00 5.062236e+01
    endloop
  endfacet
  facet normal 0.000000e+00 1.000000e+00 0.000000e+00
    outer loop
      vertex   3.150000e+01 2.500000e+00 5.170096e+01
      vertex   3.152254e+01 2.500000e+00 5.062236e+01
      vertex   3.075000e+01 2.500000e+00 5.150000e+01
    endloop
  endfacet
  facet normal 0.000000e+00 1.000000e+00 0.000000e+00
    outer loop
      vertex   3.075000e+01 2.500000e+00 5.150000e+01
      vertex   3.152254e+01 2.500000e+00 5.062236e+01
      vertex   3.048868e+01 2.500000e+00 5.051370e+01
    endloop
  endfacet
  facet normal 0.000000e+00 1.000000e+00 0.000000e+00
    outer loop
      vertex   3.075000e+01 2.500000e+00 5.150000e+01
      vertex   3.048868e+01 2.500000e+00 5.051370e+01
      vertex   3.000000e+01 2.500000e+00 5.170096e+01
    endloop
  endfacet
  facet normal 0.000000e+00 1.000000e+00 0.000000e+00
    outer loop
      vertex   3.000000e+01 2.500000e+00 5.170096e+01
      vertex   3.048868e+01 2.500000e+00 5.051370e+01
      vertex   2.950000e+01 2.500000e+00 5.083494e+01
    endloop
  endfacet
  facet normal 0.000000e+00 1.000000e+00 0.000000e+00
    outer loop
      vertex   3.000000e+01 2.500000e+00 5.170096e+01
      vertex   2.950000e+01 2.500000e+00 5.083494e+01
      vertex   2.872746e+01 2.500000e+00 5.153054e+01
    endloop
  endfacet
  facet normal 0.000000e+00 1.000000e+00 0.000000e+00
    outer loop
      vertex   3.000000e+01 2.500000e+00 5.170096e+01
      vertex   2.872746e+01 2.500000e+00 5.153054e+01
      vertex   2.945096e+01 2.500000e+00 5.225000e+01
    endloop
  endfacet
  facet normal 0.000000e+00 1.000000e+00 0.000000e+00
    outer loop
      vertex   2.945096e+01 2.500000e+00 5.225000e+01
      vertex   2.872746e+01 2.500000e+00 5.153054e+01
      vertex   2.830463e+01 2.500000e+00 5.248022e+01
    endloop
  endfacet
  facet normal 0.000000e+00 1.000000e+00 0.000000e+00
    outer loop
      vertex   2.945096e+01 2.500000e+00 5.225000e+01
      vertex   2.830463e+01 2.500000e+00 5.248022e+01
      vertex   2.925000e+01 2.500000e+00 5.300000e+01
    endloop
  endfacet
  facet normal 0.000000e+00 1.000000e+00 0.000000e+00
    outer loop
      vertex   2.925000e+01 2.500000e+00 5.300000e+01
      vertex   2.830463e+01 2.500000e+00 5.248022e+01
      vertex   2.830463e+01 2.500000e+00 5.351978e+01
    endloop
  endfacet
  facet normal 0.000000e+00 1.000000e+00 -0.000000e+00
    outer loop
      vertex   2.925000e+01 2.500000e+00 5.300000e+01
      vertex   2.830463e+01 2.500000e+00 5.351978e+01
      vertex   2.945096e+01 2.500000e+00 5.375000e+01
    endloop
  endfacet
  facet normal 0.000000e+00 1.000000e+00 0.000000e+00
    outer loop
      vertex   2.945096e+01 2.500000e+00 5.375000e+01
      vertex   2.830463e+01 2.500000e+00 5.351978e+01
      vertex   2.872746e+01 2.500000e+00 5.446946e+01
    endloop
  endfacet
  facet normal 0.000000e+00 1.000000e+00 -0.000000e+00
    outer loop
      vertex   2.945096e+01 2.500000e+00 5.375000e+01
      vertex   2.872746e+01 2.500000e+00 5.446946e+01
      vertex   3.000000e+01 2.500000e+00 5.429904e+01
    endloop
  endfacet
  facet normal 0.000000e+00 1.000000e+00 0.000000e+00
    outer loop
      vertex   3.000000e+01 2.500000e+00 5.429904e+01
      vertex   2.872746e+01 2.500000e+00 5.446946e+01
      vertex   2.950000e+01 2.500000e+00 5.516506e+01
    endloop
  endfacet
  facet normal 0.000000e+00 1.000000e+00 -0.000000e+00
    outer loop
      vertex   3.000000e+01 2.500000e+00 5.429904e+01
      vertex   2.950000e+01 2.500000e+00 5.516506e+01
      vertex   3.048868e+01 2.500000e+00 5.548630e+01
    endloop
  endfacet
  facet normal 0.000000e+00 1.000000e+00 0.000000e+00
    outer loop
      vertex   3.000000e+01 2.500000e+00 5.429904e+01
      vertex   3.048868e+01 2.500000e+00 5.548630e+01
      vertex   3.075000e+01 2.500000e+00 5.450000e+01
    endloop
  endfacet
  facet normal 0.000000e+00 1.000000e+00 -0.000000e+00
    outer loop
      vertex   3.075000e+01 2.500000e+00 5.450000e+01
      vertex   3.048868e+01 2.500000e+00 5.548630e+01
      vertex   3.152254e+01 2.500000e+00 5.537764e+01
    endloop
  endfacet
  facet normal -0.000000e+00 1.000000e+00 0.000000e+00
    outer loop
      vertex   3.075000e+01 2.500000e+00 5.450000e+01
      vertex   3.152254e+01 2.500000e+00 5.537764e+01
      vertex   3.150000e+01 2.500000e+00 5.429904e+01
    endloop
  endfacet
  facet normal 0.000000e+00 1.000000e+00 0.000000e+00
    outer loop
      vertex   3.150000e+01 2.500000e+00 5.429904e+01
      vertex   3.152254e+01 2.500000e+00 5.537764e+01
      vertex   3.242283e+01 2.500000e+00 5.485786e+01
    endloop
  endfacet
  facet normal -0.000000e+00 1.000000e+00 0.000000e+00
    outer loop
      vertex   3.150000e+01 2.500000e+00 5.429904e+01
      vertex   3.242283e+01 2.500000e+00 5.485786e+01
      vertex   3.204904e+01 2.500000e+00 5.375000e+01
    endloop
  endfacet
  facet normal 0.000000e+00 1.000000e+00 0.000000e+00
    outer loop
      vertex   3.204904e+01 2.500000e+00 5.375000e+01
      vertex   3.242283e+01 2.500000e+00 5.485786e+01
      vertex   3.303386e+01 2.500000e+00 5.401684e+01
    endloop
  endfacet
  facet normal -0.000000e+00 1.000000e+00 0.000000e+00
    outer loop
      vertex   3.204904e+01 2.500000e+00 5.375000e+01
      vertex   3.303386e+01 2.500000e+00 5.401684e+01
      vertex   3.225000e+01 2.500000e+00 5.300000e+01
    endloop
  endfacet
  facet normal -9.659258e-01 0.000000e+00 2.588190e-01
    outer loop
      vertex   -2.595096e+01 2.500000e+00 5.225000e+01
      vertex   -2.595096e+01 -4.500000e+00 5.225000e+01
      vertex   -2.575000e+01 2.500000e+00 5.300000e+01
    endloop
  endfacet
  facet normal -9.659258e-01 -4.902368e-16 2.588190e-01
    outer loop
      vertex   -2.575000e+01 2.500000e+00 5.300000e+01
      vertex   -2.595096e+01 -4.500000e+00 5.225000e+01
      vertex   -2.575000e+01 -4.500000e+00 5.300000e+01
    endloop
  endfacet
  facet normal -9.659258e-01 -4.902368e-16 -2.588190e-01
    outer loop
      vertex   -2.575000e+01 2.500000e+00 5.300000e+01
      vertex   -2.575000e+01 -4.500000e+00 5.300000e+01
      vertex   -2.595096e+01 2.500000e+00 5.375000e+01
    endloop
  endfacet
  facet normal -9.659258e-01 -0.000000e+00 -2.588190e-01
    outer loop
      vertex   -2.595096e+01 2.500000e+00 5.375000e+01
      vertex   -2.575000e+01 -4.500000e+00 5.300000e+01
      vertex   -2.595096e+01 -4.500000e+00 5.375000e+01
    endloop
  endfacet
  facet normal -7.071068e-01 -0.000000e+00 -7.071068e-01
    outer loop
      vertex   -2.595096e+01 2.500000e+00 5.375000e+01
      vertex   -2.595096e+01 -4.500000e+00 5.375000e+01
      vertex   -2.650000e+01 2.500000e+00 5.429904e+01
    endloop
  endfacet
  facet normal -7.071068e-01 7.177566e-16 -7.071068e-01
    outer loop
      vertex   -2.650000e+01 2.500000e+00 5.429904e+01
      vertex   -2.595096e+01 -4.500000e+00 5.375000e+01
      vertex   -2.650000e+01 -4.500000e+00 5.429904e+01
    endloop
  endfacet
  facet normal -2.588190e-01 2.627171e-16 -9.659258e-01
    outer loop
      vertex   -2.650000e+01 2.500000e+00 5.429904e+01
      vertex   -2.650000e+01 -4.500000e+00 5.429904e+01
      vertex   -2.725000e+01 2.500000e+00 5.450000e+01
    endloop
  endfacet
  facet normal -2.588190e-01 -0.000000e+00 -9.659258e-01
    outer loop
      vertex   -2.725000e+01 2.500000e+00 5.450000e+01
      vertex   -2.650000e+01 -4.500000e+00 5.429904e+01
      vertex   -2.725000e+01 -4.500000e+00 5.450000e+01
    endloop
  endfacet
  facet normal 2.588190e-01 0.000000e+00 -9.659258e-01
    outer loop
      vertex   -2.725000e+01 2.500000e+00 5.450000e+01
      vertex   -2.725000e+01 -4.500000e+00 5.450000e+01
      vertex   -2.800000e+01 2.500000e+00 5.429904e+01
    endloop
  endfacet
  facet normal 2.588190e-01 0.000000e+00 -9.659258e-01
    outer loop
      vertex   -2.800000e+01 2.500000e+00 5.429904e+01
      vertex   -2.725000e+01 -4.500000e+00 5.450000e+01
      vertex   -2.800000e+01 -4.500000e+00 5.429904e+01
    endloop
  endfacet
  facet normal 7.071068e-01 0.000000e+00 -7.071068e-01
    outer loop
      vertex   -2.800000e+01 2.500000e+00 5.429904e+01
      vertex   -2.800000e+01 -4.500000e+00 5.429904e+01
      vertex   -2.854904e+01 2.500000e+00 5.375000e+01
    endloop
  endfacet
  facet normal 7.071068e-01 0.000000e+00 -7.071068e-01
    outer loop
      vertex   -2.854904e+01 2.500000e+00 5.375000e+01
      vertex   -2.800000e+01 -4.500000e+00 5.429904e+01
      vertex   -2.854904e+01 -4.500000e+00 5.375000e+01
    endloop
  endfacet
  facet normal 9.659258e-01 0.000000e+00 -2.588190e-01
    outer loop
      vertex   -2.854904e+01 2.500000e+00 5.375000e+01
      vertex   -2.854904e+01 -4.500000e+00 5.375000e+01
      vertex   -2.875000e+01 2.500000e+00 5.300000e+01
    endloop
  endfacet
  facet normal 9.659258e-01 0.000000e+00 -2.588190e-01
    outer loop
      vertex   -2.875000e+01 2.500000e+00 5.300000e+01
      vertex   -2.854904e+01 -4.500000e+00 5.375000e+01
      vertex   -2.875000e+01 -4.500000e+00 5.300000e+01
    endloop
  endfacet
  facet normal 9.659258e-01 0.000000e+00 2.588190e-01
    outer loop
      vertex   -2.875000e+01 2.500000e+00 5.300000e+01
      vertex   -2.875000e+01 -4.500000e+00 5.300000e+01
      vertex   -2.854904e+01 2.500000e+00 5.225000e+01
    endloop
  endfacet
  facet normal 9.659258e-01 0.000000e+00 2.588190e-01
    outer loop
      vertex   -2.854904e+01 2.500000e+00 5.225000e+01
      vertex   -2.875000e+01 -4.500000e+00 5.300000e+01
      vertex   -2.854904e+01 -4.500000e+00 5.225000e+01
    endloop
  endfacet
  facet normal 7.071068e-01 0.000000e+00 7.071068e-01
    outer loop
      vertex   -2.854904e+01 2.500000e+00 5.225000e+01
      vertex   -2.854904e+01 -4.500000e+00 5.225000e+01
      vertex   -2.800000e+01 2.500000e+00 5.170096e+01
    endloop
  endfacet
  facet normal 7.071068e-01 0.000000e+00 7.071068e-01
    outer loop
      vertex   -2.800000e+01 2.500000e+00 5.170096e+01
      vertex   -2.854904e+01 -4.500000e+00 5.225000e+01
      vertex   -2.800000e+01 -4.500000e+00 5.170096e+01
    endloop
  endfacet
  facet normal 2.588190e-01 0.000000e+00 9.659258e-01
    outer loop
      vertex   -2.800000e+01 2.500000e+00 5.170096e+01
      vertex   -2.800000e+01 -4.500000e+00 5.170096e+01
      vertex   -2.725000e+01 2.500000e+00 5.150000e+01
    endloop
  endfacet
  facet normal 2.588190e-01 0.000000e+00 9.659258e-01
    outer loop
      vertex   -2.725000e+01 2.500000e+00 5.150000e+01
      vertex   -2.800000e+01 -4.500000e+00 5.170096e+01
      vertex   -2.725000e+01 -4.500000e+00 5.150000e+01
    endloop
  endfacet
  facet normal -2.588190e-01 0.000000e+00 9.659258e-01
    outer loop
      vertex   -2.725000e+01 2.500000e+00 5.150000e+01
      vertex   -2.725000e+01 -4.500000e+00 5.150000e+01
      vertex   -2.650000e+01 2.500000e+00 5.170096e+01
    endloop
  endfacet
  facet normal -2.588190e-01 -2.627171e-16 9.659258e-01
    outer loop
      vertex   -2.650000e+01 2.500000e+00 5.170096e+01
      vertex   -2.725000e+01 -4.500000e+00 5.150000e+01
      vertex   -2.650000e+01 -4.500000e+00 5.170096e+01
    endloop
  endfacet
  facet normal -7.071068e-01 -7.177566e-16 7.071068e-01
    outer loop
      vertex   -2.650000e+01 2.500000e+00 5.170096e+01
      vertex   -2.650000e+01 -4.500000e+00 5.170096e+01
      vertex   -2.595096e+01 2.500000e+00 5.225000e+01
    endloop
  endfacet
  facet normal -7.071068e-01 0.000000e+00 7.071068e-01
    outer loop
      vertex   -2.595096e+01 2.500000e+00 5.225000e+01
      vertex   -2.650000e+01 -4.500000e+00 5.170096e+01
      vertex   -2.595096e+01 -4.500000e+00 5.225000e+01
    endloop
  endfacet
  facet normal 0.000000e+00 1.000000e+00 -0.000000e+00
    outer loop
      vertex   -2.595096e+01 -4.500000e+00 5.225000e+01
      vertex   -2.854904e+01 -4.500000e+00 5.225000e+01
      vertex   -2.575000e+01 -4.500000e+00 5.300000e+01
    endloop
  endfacet
  facet normal 0.000000e+00 1.000000e+00 0.000000e+00
    outer loop
      vertex   -2.575000e+01 -4.500000e+00 5.300000e+01
      vertex   -2.854904e+01 -4.500000e+00 5.225000e+01
      vertex   -2.875000e+01 -4.500000e+00 5.300000e+01
    endloop
  endfacet
  facet normal 0.000000e+00 1.000000e+00 0.000000e+00
    outer loop
      vertex   -2.575000e+01 -4.500000e+00 5.300000e+01
      vertex   -2.875000e+01 -4.500000e+00 5.300000e+01
      vertex   -2.595096e+01 -4.500000e+00 5.375000e+01
    endloop
  endfacet
  facet normal 0.000000e+00 1.000000e+00 0.000000e+00
    outer loop
      vertex   -2.595096e+01 -4.500000e+00 5.375000e+01
      vertex   -2.875000e+01 -4.500000e+00 5.300000e+01
      vertex   -2.854904e+01 -4.500000e+00 5.375000e+01
    endloop
  endfacet
  facet normal 0.000000e+00 1.000000e+00 0.000000e+00
    outer loop
      vertex   -2.595096e+01 -4.500000e+00 5.375000e+01
      vertex   -2.854904e+01 -4.500000e+00 5.375000e+01
      vertex   -2.650000e+01 -4.500000e+00 5.429904e+01
    endloop
  endfacet
  facet normal 0.000000e+00 1.000000e+00 0.000000e+00
    outer loop
      vertex   -2.650000e+01 -4.500000e+00 5.429904e+01
      vertex   -2.854904e+01 -4.500000e+00 5.375000e+01
      vertex   -2.800000e+01 -4.500000e+00 5.429904e+01
    endloop
  endfacet
  facet normal 0.000000e+00 1.000000e+00 0.000000e+00
    outer loop
      vertex   -2.650000e+01 -4.500000e+00 5.429904e+01
      vertex   -2.800000e+01 -4.500000e+00 5.429904e+01
      vertex   -2.725000e+01 -4.500000e+00 5.450000e+01
    endloop
  endfacet
  facet normal -0.000000e+00 1.000000e+00 0.000000e+00
    outer loop
      vertex   -2.854904e+01 -4.500000e+00 5.225000e+01
      vertex   -2.595096e+01 -4.500000e+00 5.225000e+01
      vertex   -2.800000e+01 -4.500000e+00 5.170096e+01
    endloop
  endfacet
  facet normal 0.000000e+00 1.000000e+00 0.000000e+00
    outer loop
      vertex   -2.800000e+01 -4.500000e+00 5.170096e+01
      vertex   -2.595096e+01 -4.500000e+00 5.225000e+01
      vertex   -2.650000e+01 -4.500000e+00 5.170096e+01
    endloop
  endfacet
  facet normal -0.000000e+00 1.000000e+00 0.000000e+00
    outer loop
      vertex   -2.800000e+01 -4.500000e+00 5.170096e+01
      vertex   -2.650000e+01 -4.500000e+00 5.170096e+01
      vertex   -2.725000e+01 -4.500000e+00 5.150000e+01
    endloop
  endfacet
  facet normal -9.659258e-01 0.000000e+00 2.588190e-01
    outer loop
      vertex   3.204904e+01 2.500000e+00 5.225000e+01
      vertex   3.204904e+01 -4.500000e+00 5.225000e+01
      vertex   3.225000e+01 2.500000e+00 5.300000e+01
    endloop
  endfacet
  facet normal -9.659258e-01 -9.804737e-16 2.588190e-01
    outer loop
      vertex   3.225000e+01 2.500000e+00 5.300000e+01
      vertex   3.204904e+01 -4.500000e+00 5.225000e+01
      vertex   3.225000e+01 -4.500000e+00 5.300000e+01
    endloop
  endfacet
  facet normal -9.659258e-01 -9.804737e-16 -2.588190e-01
    outer loop
      vertex   3.225000e+01 2.500000e+00 5.300000e+01
      vertex   3.225000e+01 -4.500000e+00 5.300000e+01
      vertex   3.204904e+01 2.500000e+00 5.375000e+01
    endloop
  endfacet
  facet normal -9.659258e-01 -0.000000e+00 -2.588190e-01
    outer loop
      vertex   3.204904e+01 2.500000e+00 5.375000e+01
      vertex   3.225000e+01 -4.500000e+00 5.300000e+01
      vertex   3.204904e+01 -4.500000e+00 5.375000e+01
    endloop
  endfacet
  facet normal -7.071068e-01 -0.000000e+00 -7.071068e-01
    outer loop
      vertex   3.204904e+01 2.500000e+00 5.375000e+01
      vertex   3.204904e+01 -4.500000e+00 5.375000e+01
      vertex   3.150000e+01 2.500000e+00 5.429904e+01
    endloop
  endfacet
  facet normal -7.071068e-01 7.177566e-16 -7.071068e-01
    outer loop
      vertex   3.150000e+01 2.500000e+00 5.429904e+01
      vertex   3.204904e+01 -4.500000e+00 5.375000e+01
      vertex   3.150000e+01 -4.500000e+00 5.429904e+01
    endloop
  endfacet
  facet normal -2.588190e-01 2.627171e-16 -9.659258e-01
    outer loop
      vertex   3.150000e+01 2.500000e+00 5.429904e+01
      vertex   3.150000e+01 -4.500000e+00 5.429904e+01
      vertex   3.075000e+01 2.500000e+00 5.450000e+01
    endloop
  endfacet
  facet normal -2.588190e-01 -0.000000e+00 -9.659258e-01
    outer loop
      vertex   3.075000e+01 2.500000e+00 5.450000e+01
      vertex   3.150000e+01 -4.500000e+00 5.429904e+01
      vertex   3.075000e+01 -4.500000e+00 5.450000e+01
    endloop
  endfacet
  facet normal 2.588190e-01 0.000000e+00 -9.659258e-01
    outer loop
      vertex   3.075000e+01 2.500000e+00 5.450000e+01
      vertex   3.075000e+01 -4.500000e+00 5.450000e+01
      vertex   3.000000e+01 2.500000e+00 5.429904e+01
    endloop
  endfacet
  facet normal 2.588190e-01 0.000000e+00 -9.659258e-01
    outer loop
      vertex   3.000000e+01 2.500000e+00 5.429904e+01
      vertex   3.075000e+01 -4.500000e+00 5.450000e+01
      vertex   3.000000e+01 -4.500000e+00 5.429904e+01
    endloop
  endfacet
  facet normal 7.071068e-01 0.000000e+00 -7.071068e-01
    outer loop
      vertex   3.000000e+01 2.500000e+00 5.429904e+01
      vertex   3.000000e+01 -4.500000e+00 5.429904e+01
      vertex   2.945096e+01 2.500000e+00 5.375000e+01
    endloop
  endfacet
  facet normal 7.071068e-01 0.000000e+00 -7.071068e-01
    outer loop
      vertex   2.945096e+01 2.500000e+00 5.375000e+01
      vertex   3.000000e+01 -4.500000e+00 5.429904e+01
      vertex   2.945096e+01 -4.500000e+00 5.375000e+01
    endloop
  endfacet
  facet normal 9.659258e-01 0.000000e+00 -2.588190e-01
    outer loop
      vertex   2.945096e+01 2.500000e+00 5.375000e+01
      vertex   2.945096e+01 -4.500000e+00 5.375000e+01
      vertex   2.925000e+01 2.500000e+00 5.300000e+01
    endloop
  endfacet
  facet normal 9.659258e-01 0.000000e+00 -2.588190e-01
    outer loop
      vertex   2.925000e+01 2.500000e+00 5.300000e+01
      vertex   2.945096e+01 -4.500000e+00 5.375000e+01
      vertex   2.925000e+01 -4.500000e+00 5.300000e+01
    endloop
  endfacet
  facet normal 9.659258e-01 0.000000e+00 2.588190e-01
    outer loop
      vertex   2.925000e+01 2.500000e+00 5.300000e+01
      vertex   2.925000e+01 -4.500000e+00 5.300000e+01
      vertex   2.945096e+01 2.500000e+00 5.225000e+01
    endloop
  endfacet
  facet normal 9.659258e-01 0.000000e+00 2.588190e-01
    outer loop
      vertex   2.945096e+01 2.500000e+00 5.225000e+01
      vertex   2.925000e+01 -4.500000e+00 5.300000e+01
      vertex   2.945096e+01 -4.500000e+00 5.225000e+01
    endloop
  endfacet
  facet normal 7.071068e-01 0.000000e+00 7.071068e-01
    outer loop
      vertex   2.945096e+01 2.500000e+00 5.225000e+01
      vertex   2.945096e+01 -4.500000e+00 5.225000e+01
      vertex   3.000000e+01 2.500000e+00 5.170096e+01
    endloop
  endfacet
  facet normal 7.071068e-01 0.000000e+00 7.071068e-01
    outer loop
      vertex   3.000000e+01 2.500000e+00 5.170096e+01
      vertex   2.945096e+01 -4.500000e+00 5.225000e+01
      vertex   3.000000e+01 -4.500000e+00 5.170096e+01
    endloop
  endfacet
  facet normal 2.588190e-01 0.000000e+00 9.659258e-01
    outer loop
      vertex   3.000000e+01 2.500000e+00 5.170096e+01
      vertex   3.000000e+01 -4.500000e+00 5.170096e+01
      vertex   3.075000e+01 2.500000e+00 5.150000e+01
    endloop
  endfacet
  facet normal 2.588190e-01 0.000000e+00 9.659258e-01
    outer loop
      vertex   3.075000e+01 2.500000e+00 5.150000e+01
      vertex   3.000000e+01 -4.500000e+00 5.170096e+01
      vertex   3.075000e+01 -4.500000e+00 5.150000e+01
    endloop
  endfacet
  facet normal -2.588190e-01 0.000000e+00 9.659258e-01
    outer loop
      vertex   3.075000e+01 2.500000e+00 5.150000e+01
      vertex   3.075000e+01 -4.500000e+00 5.150000e+01
      vertex   3.150000e+01 2.500000e+00 5.170096e+01
    endloop
  endfacet
  facet normal -2.588190e-01 -2.627171e-16 9.659258e-01
    outer loop
      vertex   3.150000e+01 2.500000e+00 5.170096e+01
      vertex   3.075000e+01 -4.500000e+00 5.150000e+01
      vertex   3.150000e+01 -4.500000e+00 5.170096e+01
    endloop
  endfacet
  facet normal -7.071068e-01 -7.177566e-16 7.071068e-01
    outer loop
      vertex   3.150000e+01 2.500000e+00 5.170096e+01
      vertex   3.150000e+01 -4.500000e+00 5.170096e+01
      vertex   3.204904e+01 2.500000e+00 5.225000e+01
    endloop
  endfacet
  facet normal -7.071068e-01 0.000000e+00 7.071068e-01
    outer loop
      vertex   3.204904e+01 2.500000e+00 5.225000e+01
      vertex   3.150000e+01 -4.500000e+00 5.170096e+01
      vertex   3.204904e+01 -4.500000e+00 5.225000e+01
    endloop
  endfacet
  facet normal 0.000000e+00 1.000000e+00 -0.000000e+00
    outer loop
      vertex   3.204904e+01 -4.500000e+00 5.225000e+01
      vertex   2.945096e+01 -4.500000e+00 5.225000e+01
      vertex   3.225000e+01 -4.500000e+00 5.300000e+01
    endloop
  endfacet
  facet normal 0.000000e+00 1.000000e+00 0.000000e+00
    outer loop
      vertex   3.225000e+01 -4.500000e+00 5.300000e+01
      vertex   2.945096e+01 -4.500000e+00 5.225000e+01
      vertex   2.925000e+01 -4.500000e+00 5.300000e+01
    endloop
  endfacet
  facet normal 0.000000e+00 1.000000e+00 0.000000e+00
    outer loop
      vertex   3.225000e+01 -4.500000e+00 5.300000e+01
      vertex   2.925000e+01 -4.500000e+00 5.300000e+01
      vertex   3.204904e+01 -4.500000e+00 5.375000e+01
    endloop
  endfacet
  facet normal 0.000000e+00 1.000000e+00 0.000000e+00
    outer loop
      vertex   3.204904e+01 -4.500000e+00 5.375000e+01
      vertex   2.925000e+01 -4.500000e+00 5.300000e+01
      vertex   2.945096e+01 -4.500000e+00 5.375000e+01
    endloop
  endfacet
  facet normal 0.000000e+00 1.000000e+00 0.000000e+00
    outer loop
      vertex   3.204904e+01 -4.500000e+00 5.375000e+01
      vertex   2.945096e+01 -4.500000e+00 5.375000e+01
      vertex   3.150000e+01 -4.500000e+00 5.429904e+01
    endloop
  endfacet
  facet normal 0.000000e+00 1.000000e+00 0.000000e+00
    outer loop
      vertex   3.150000e+01 -4.500000e+00 5.429904e+01
      vertex   2.945096e+01 -4.500000e+00 5.375000e+01
      vertex   3.000000e+01 -4.500000e+00 5.429904e+01
    endloop
  endfacet
  facet normal 0.000000e+00 1.000000e+00 0.000000e+00
    outer loop
      vertex   3.150000e+01 -4.500000e+00 5.429904e+01
      vertex   3.000000e+01 -4.500000e+00 5.429904e+01
      vertex   3.075000e+01 -4.500000e+00 5.450000e+01
    endloop
  endfacet
  facet normal -0.000000e+00 1.000000e+00 0.000000e+00
    outer loop
      vertex   2.945096e+01 -4.500000e+00 5.225000e+01
      vertex   3.204904e+01 -4.500000e+00 5.225000e+01
      vertex   3.000000e+01 -4.500000e+00 5.170096e+01
    endloop
  endfacet
  facet normal 0.000000e+00 1.000000e+00 0.000000e+00
    outer loop
      vertex   3.000000e+01 -4.500000e+00 5.170096e+01
      vertex   3.204904e+01 -4.500000e+00 5.225000e+01
      vertex   3.150000e+01 -4.500000e+00 5.170096e+01
    endloop
  endfacet
  facet normal -0.000000e+00 1.000000e+00 0.000000e+00
    outer loop
      vertex   3.000000e+01 -4.500000e+00 5.170096e+01
      vertex   3.150000e+01 -4.500000e+00 5.170096e+01
      vertex   3.075000e+01 -4.500000e+00 5.150000e+01
    endloop
  endfacet
  facet normal -1.000000e+00 0.000000e+00 0.000000e+00
    outer loop
      vertex   3.425000e+01 1.500000e+00 7.500000e+01
      vertex   3.425000e+01 5.500000e+00 7.500000e+01
      vertex   3.425000e+01 1.500000e+00 5.300000e+01
    endloop
  endfacet
  facet normal -1.000000e+00 0.000000e+00 0.000000e+00
    outer loop
      vertex   3.425000e+01 1.500000e+00 5.300000e+01
      vertex   3.425000e+01 5.500000e+00 7.500000e+01
      vertex   3.425000e+01 5.500000e+00 4.950000e+01
    endloop
  endfacet
  facet normal -1.000000e+00 0.000000e+00 0.000000e+00
    outer loop
      vertex   3.425000e+01 1.500000e+00 5.300000e+01
      vertex   3.425000e+01 5.500000e+00 4.950000e+01
      vertex   3.425000e+01 1.500000e+00 4.950000e+01
    endloop
  endfacet
  facet normal 0.000000e+00 -0.000000e+00 1.000000e+00
    outer loop
      vertex   3.425000e+01 1.500000e+00 4.950000e+01
      vertex   3.425000e+01 5.500000e+00 4.950000e+01
      vertex   3.075000e+01 1.500000e+00 4.950000e+01
    endloop
  endfacet
  facet normal 4.372571e-16 -3.825999e-16 1.000000e+00
    outer loop
      vertex   3.075000e+01 1.500000e+00 4.950000e+01
      vertex   3.425000e+01 5.500000e+00 4.950000e+01
      vertex   -3.075000e+01 5.500000e+00 4.950000e+01
    endloop
  endfacet
  facet normal 2.450147e-16 -3.338326e-15 1.000000e+00
    outer loop
      vertex   3.075000e+01 1.500000e+00 4.950000e+01
      vertex   -3.075000e+01 5.500000e+00 4.950000e+01
      vertex   -2.725000e+01 1.500000e+00 4.950000e+01
    endloop
  endfacet
  facet normal 4.060244e-15 0.000000e+00 1.000000e+00
    outer loop
      vertex   -2.725000e+01 1.500000e+00 4.950000e+01
      vertex   -3.075000e+01 5.500000e+00 4.950000e+01
      vertex   -3.075000e+01 1.500000e+00 4.950000e+01
    endloop
  endfacet
  facet normal 1.000000e+00 0.000000e+00 -3.229740e-16
    outer loop
      vertex   -3.075000e+01 1.500000e+00 7.500000e+01
      vertex   -3.075000e+01 1.500000e+00 5.300000e+01
      vertex   -3.075000e+01 5.500000e+00 7.500000e+01
    endloop
  endfacet
  facet normal 1.000000e+00 -2.438137e-16 -2.786442e-16
    outer loop
      vertex   -3.075000e+01 5.500000e+00 7.500000e+01
      vertex   -3.075000e+01 1.500000e+00 5.300000e+01
      vertex   -3.075000e+01 5.500000e+00 4.950000e+01
    endloop
  endfacet
  facet normal 1.000000e+00 0.000000e+00 0.000000e+00
    outer loop
      vertex   -3.075000e+01 5.500000e+00 4.950000e+01
      vertex   -3.075000e+01 1.500000e+00 5.300000e+01
      vertex   -3.075000e+01 1.500000e+00 4.950000e+01
    endloop
  endfacet
  facet normal -0.000000e+00 0.000000e+00 1.000000e+00
    outer loop
      vertex   3.425000e+01 5.500000e+00 7.500000e+01
      vertex   3.425000e+01 1.500000e+00 7.500000e+01
      vertex   4.875000e+01 5.500000e+00 7.500000e+01
    endloop
  endfacet
  facet normal 0.000000e+00 0.000000e+00 1.000000e+00
    outer loop
      vertex   4.875000e+01 5.500000e+00 7.500000e+01
      vertex   3.425000e+01 1.500000e+00 7.500000e+01
      vertex   4.100000e+01 -9.500000e+00 7.500000e+01
    endloop
  endfacet
  facet normal 0.000000e+00 0.000000e+00 1.000000e+00
    outer loop
      vertex   4.875000e+01 5.500000e+00 7.500000e+01
      vertex   4.100000e+01 -9.500000e+00 7.500000e+01
      vertex   4.175000e+01 -9.700962e+00 7.500000e+01
    endloop
  endfacet
  facet normal -0.000000e+00 0.000000e+00 1.000000e+00
    outer loop
      vertex   -3.075000e+01 1.500000e+00 7.500000e+01
      vertex   1.283122e+00 -5.500000e+00 7.500000e+01
      vertex   3.425000e+01 1.500000e+00 7.500000e+01
    endloop
  endfacet
  facet normal 0.000000e+00 0.000000e+00 1.000000e+00
    outer loop
      vertex   3.425000e+01 1.500000e+00 7.500000e+01
      vertex   1.283122e+00 -5.500000e+00 7.500000e+01
      vertex   1.100000e+01 -9.500000e+00 7.500000e+01
    endloop
  endfacet
  facet normal 0.000000e+00 0.000000e+00 1.000000e+00
    outer loop
      vertex   3.425000e+01 1.500000e+00 7.500000e+01
      vertex   1.100000e+01 -9.500000e+00 7.500000e+01
      vertex   4.100000e+01 -9.500000e+00 7.500000e+01
    endloop
  endfacet
  facet normal 0.000000e+00 0.000000e+00 1.000000e+00
    outer loop
      vertex   4.100000e+01 -9.500000e+00 7.500000e+01
      vertex   1.100000e+01 -9.500000e+00 7.500000e+01
      vertex   4.025000e+01 -9.700962e+00 7.500000e+01
    endloop
  endfacet
  facet normal 0.000000e+00 0.000000e+00 1.000000e+00
    outer loop
      vertex   4.025000e+01 -9.700962e+00 7.500000e+01
      vertex   1.100000e+01 -9.500000e+00 7.500000e+01
      vertex   1.175000e+01 -9.700962e+00 7.500000e+01
    endloop
  endfacet
  facet normal 0.000000e+00 0.000000e+00 1.000000e+00
    outer loop
      vertex   4.025000e+01 -9.700962e+00 7.500000e+01
      vertex   1.175000e+01 -9.700962e+00 7.500000e+01
      vertex   3.970096e+01 -1.025000e+01 7.500000e+01
    endloop
  endfacet
  facet normal 0.000000e+00 0.000000e+00 1.000000e+00
    outer loop
      vertex   3.970096e+01 -1.025000e+01 7.500000e+01
      vertex   1.175000e+01 -9.700962e+00 7.500000e+01
      vertex   1.229904e+01 -1.025000e+01 7.500000e+01
    endloop
  endfacet
  facet normal 0.000000e+00 0.000000e+00 1.000000e+00
    outer loop
      vertex   3.970096e+01 -1.025000e+01 7.500000e+01
      vertex   1.229904e+01 -1.025000e+01 7.500000e+01
      vertex   3.950000e+01 -1.100000e+01 7.500000e+01
    endloop
  endfacet
  facet normal 0.000000e+00 0.000000e+00 1.000000e+00
    outer loop
      vertex   3.950000e+01 -1.100000e+01 7.500000e+01
      vertex   1.229904e+01 -1.025000e+01 7.500000e+01
      vertex   1.250000e+01 -1.100000e+01 7.500000e+01
    endloop
  endfacet
  facet normal 0.000000e+00 0.000000e+00 1.000000e+00
    outer loop
      vertex   3.950000e+01 -1.100000e+01 7.500000e+01
      vertex   1.250000e+01 -1.100000e+01 7.500000e+01
      vertex   3.970096e+01 -1.175000e+01 7.500000e+01
    endloop
  endfacet
  facet normal 0.000000e+00 0.000000e+00 1.000000e+00
    outer loop
      vertex   3.970096e+01 -1.175000e+01 7.500000e+01
      vertex   1.250000e+01 -1.100000e+01 7.500000e+01
      vertex   1.229904e+01 -1.175000e+01 7.500000e+01
    endloop
  endfacet
  facet normal 0.000000e+00 0.000000e+00 1.000000e+00
    outer loop
      vertex   3.970096e+01 -1.175000e+01 7.500000e+01
      vertex   1.229904e+01 -1.175000e+01 7.500000e+01
      vertex   4.025000e+01 -1.229904e+01 7.500000e+01
    endloop
  endfacet
  facet normal 0.000000e+00 0.000000e+00 1.000000e+00
    outer loop
      vertex   4.025000e+01 -1.229904e+01 7.500000e+01
      vertex   1.229904e+01 -1.175000e+01 7.500000e+01
      vertex   1.175000e+01 -1.229904e+01 7.500000e+01
    endloop
  endfacet
  facet normal 0.000000e+00 0.000000e+00 1.000000e+00
    outer loop
      vertex   4.025000e+01 -1.229904e+01 7.500000e+01
      vertex   1.175000e+01 -1.229904e+01 7.500000e+01
      vertex   8.395650e+00 -1.609017e+01 7.500000e+01
    endloop
  endfacet
  facet normal 0.000000e+00 0.000000e+00 1.000000e+00
    outer loop
      vertex   8.395650e+00 -1.609017e+01 7.500000e+01
      vertex   1.175000e+01 -1.229904e+01 7.500000e+01
      vertex   1.100000e+01 -1.250000e+01 7.500000e+01
    endloop
  endfacet
  facet normal 0.000000e+00 -0.000000e+00 1.000000e+00
    outer loop
      vertex   8.395650e+00 -1.609017e+01 7.500000e+01
      vertex   1.100000e+01 -1.250000e+01 7.500000e+01
      vertex   6.842054e+00 -1.469131e+01 7.500000e+01
    endloop
  endfacet
  facet normal 0.000000e+00 -0.000000e+00 1.000000e+00
    outer loop
      vertex   6.842054e+00 -1.469131e+01 7.500000e+01
      vertex   1.100000e+01 -1.250000e+01 7.500000e+01
      vertex   5.613249e+00 -1.300000e+01 7.500000e+01
    endloop
  endfacet
  facet normal 0.000000e+00 0.000000e+00 1.000000e+00
    outer loop
      vertex   5.613249e+00 -1.300000e+01 7.500000e+01
      vertex   1.100000e+01 -1.250000e+01 7.500000e+01
      vertex   1.025000e+01 -1.229904e+01 7.500000e+01
    endloop
  endfacet
  facet normal 0.000000e+00 0.000000e+00 1.000000e+00
    outer loop
      vertex   5.613249e+00 -1.300000e+01 7.500000e+01
      vertex   1.025000e+01 -1.229904e+01 7.500000e+01
      vertex   9.700962e+00 -1.175000e+01 7.500000e+01
    endloop
  endfacet
  facet normal 0.000000e+00 0.000000e+00 1.000000e+00
    outer loop
      vertex   -3.075000e+01 5.500000e+00 7.500000e+01
      vertex   -3.975000e+01 2.500000e+00 7.500000e+01
      vertex   -3.075000e+01 1.500000e+00 7.500000e+01
    endloop
  endfacet
  facet normal 0.000000e+00 0.000000e+00 1.000000e+00
    outer loop
      vertex   -3.075000e+01 1.500000e+00 7.500000e+01
      vertex   -3.975000e+01 2.500000e+00 7.500000e+01
      vertex   -3.350000e+01 1.000000e+00 7.500000e+01
    endloop
  endfacet
  facet normal 0.000000e+00 0.000000e+00 1.000000e+00
    outer loop
      vertex   -3.075000e+01 1.500000e+00 7.500000e+01
      vertex   -3.350000e+01 1.000000e+00 7.500000e+01
      vertex   -3.350000e+01 -5.500000e+00 7.500000e+01
    endloop
  endfacet
  facet normal 0.000000e+00 0.000000e+00 1.000000e+00
    outer loop
      vertex   -3.075000e+01 5.500000e+00 7.500000e+01
      vertex   -4.875000e+01 5.500000e+00 7.500000e+01
      vertex   -3.975000e+01 2.500000e+00 7.500000e+01
    endloop
  endfacet
  facet normal 0.000000e+00 0.000000e+00 1.000000e+00
    outer loop
      vertex   -3.975000e+01 2.500000e+00 7.500000e+01
      vertex   -4.875000e+01 5.500000e+00 7.500000e+01
      vertex   -4.875000e+01 2.500000e+00 7.500000e+01
    endloop
  endfacet
  facet normal 0.000000e+00 0.000000e+00 1.000000e+00
    outer loop
      vertex   -3.975000e+01 2.500000e+00 7.500000e+01
      vertex   -3.975000e+01 1.000000e+00 7.500000e+01
      vertex   -3.350000e+01 1.000000e+00 7.500000e+01
    endloop
  endfacet
  facet normal 0.000000e+00 0.000000e+00 1.000000e+00
    outer loop
      vertex   -3.350000e+01 -5.500000e+00 7.500000e+01
      vertex   1.283122e+00 -5.500000e+00 7.500000e+01
      vertex   -3.075000e+01 1.500000e+00 7.500000e+01
    endloop
  endfacet
  facet normal 0.000000e+00 -0.000000e+00 1.000000e+00
    outer loop
      vertex   5.613249e+00 -1.300000e+01 7.500000e+01
      vertex   9.700962e+00 -1.025000e+01 7.500000e+01
      vertex   1.283122e+00 -5.500000e+00 7.500000e+01
    endloop
  endfacet
  facet normal 0.000000e+00 0.000000e+00 1.000000e+00
    outer loop
      vertex   1.283122e+00 -5.500000e+00 7.500000e+01
      vertex   9.700962e+00 -1.025000e+01 7.500000e+01
      vertex   1.025000e+01 -9.700962e+00 7.500000e+01
    endloop
  endfacet
  facet normal 0.000000e+00 0.000000e+00 1.000000e+00
    outer loop
      vertex   1.283122e+00 -5.500000e+00 7.500000e+01
      vertex   1.025000e+01 -9.700962e+00 7.500000e+01
      vertex   1.100000e+01 -9.500000e+00 7.500000e+01
    endloop
  endfacet
  facet normal 0.000000e+00 0.000000e+00 1.000000e+00
    outer loop
      vertex   4.025000e+01 -1.229904e+01 7.500000e+01
      vertex   8.395650e+00 -1.609017e+01 7.500000e+01
      vertex   1.427350e+01 -1.800000e+01 7.500000e+01
    endloop
  endfacet
  facet normal 0.000000e+00 0.000000e+00 1.000000e+00
    outer loop
      vertex   1.427350e+01 -1.800000e+01 7.500000e+01
      vertex   8.395650e+00 -1.609017e+01 7.500000e+01
      vertex   1.020614e+01 -1.713545e+01 7.500000e+01
    endloop
  endfacet
  facet normal 0.000000e+00 0.000000e+00 1.000000e+00
    outer loop
      vertex   1.427350e+01 -1.800000e+01 7.500000e+01
      vertex   1.020614e+01 -1.713545e+01 7.500000e+01
      vertex   1.219439e+01 -1.778148e+01 7.500000e+01
    endloop
  endfacet
  facet normal 0.000000e+00 0.000000e+00 1.000000e+00
    outer loop
      vertex   4.025000e+01 -1.229904e+01 7.500000e+01
      vertex   1.427350e+01 -1.800000e+01 7.500000e+01
      vertex   4.100000e+01 -1.250000e+01 7.500000e+01
    endloop
  endfacet
  facet normal 0.000000e+00 0.000000e+00 1.000000e+00
    outer loop
      vertex   4.100000e+01 -1.250000e+01 7.500000e+01
      vertex   1.427350e+01 -1.800000e+01 7.500000e+01
      vertex   4.875000e+01 -1.800000e+01 7.500000e+01
    endloop
  endfacet
  facet normal -0.000000e+00 0.000000e+00 1.000000e+00
    outer loop
      vertex   4.100000e+01 -1.250000e+01 7.500000e+01
      vertex   4.875000e+01 -1.800000e+01 7.500000e+01
      vertex   4.175000e+01 -1.229904e+01 7.500000e+01
    endloop
  endfacet
  facet normal -0.000000e+00 0.000000e+00 1.000000e+00
    outer loop
      vertex   4.175000e+01 -1.229904e+01 7.500000e+01
      vertex   4.875000e+01 -1.800000e+01 7.500000e+01
      vertex   4.229904e+01 -1.175000e+01 7.500000e+01
    endloop
  endfacet
  facet normal -0.000000e+00 0.000000e+00 1.000000e+00
    outer loop
      vertex   4.229904e+01 -1.175000e+01 7.500000e+01
      vertex   4.875000e+01 -1.800000e+01 7.500000e+01
      vertex   4.250000e+01 -1.100000e+01 7.500000e+01
    endloop
  endfacet
  facet normal -0.000000e+00 -0.000000e+00 1.000000e+00
    outer loop
      vertex   4.250000e+01 -1.100000e+01 7.500000e+01
      vertex   4.875000e+01 -1.800000e+01 7.500000e+01
      vertex   4.229904e+01 -1.025000e+01 7.500000e+01
    endloop
  endfacet
  facet normal -0.000000e+00 0.000000e+00 1.000000e+00
    outer loop
      vertex   4.229904e+01 -1.025000e+01 7.500000e+01
      vertex   4.875000e+01 -1.800000e+01 7.500000e+01
      vertex   4.875000e+01 5.500000e+00 7.500000e+01
    endloop
  endfacet
  facet normal 0.000000e+00 -0.000000e+00 1.000000e+00
    outer loop
      vertex   4.229904e+01 -1.025000e+01 7.500000e+01
      vertex   4.875000e+01 5.500000e+00 7.500000e+01
      vertex   4.175000e+01 -9.700962e+00 7.500000e+01
    endloop
  endfacet
  facet normal 0.000000e+00 0.000000e+00 1.000000e+00
    outer loop
      vertex   9.700962e+00 -1.175000e+01 7.500000e+01
      vertex   9.500000e+00 -1.100000e+01 7.500000e+01
      vertex   5.613249e+00 -1.300000e+01 7.500000e+01
    endloop
  endfacet
  facet normal 0.000000e+00 0.000000e+00 1.000000e+00
    outer loop
      vertex   5.613249e+00 -1.300000e+01 7.500000e+01
      vertex   9.500000e+00 -1.100000e+01 7.500000e+01
      vertex   9.700962e+00 -1.025000e+01 7.500000e+01
    endloop
  endfacet
  facet normal -9.659258e-01 0.000000e+00 2.588190e-01
    outer loop
      vertex   4.642404e+01 5.500000e+00 6.475000e+01
      vertex   4.642404e+01 -4.500000e+00 6.475000e+01
      vertex   4.662500e+01 5.500000e+00 6.550000e+01
    endloop
  endfacet
  facet normal -9.659258e-01 0.000000e+00 2.588190e-01
    outer loop
      vertex   4.662500e+01 5.500000e+00 6.550000e+01
      vertex   4.642404e+01 -4.500000e+00 6.475000e+01
      vertex   4.662500e+01 -4.500000e+00 6.550000e+01
    endloop
  endfacet
  facet normal -9.659258e-01 -0.000000e+00 -2.588190e-01
    outer loop
      vertex   4.662500e+01 5.500000e+00 6.550000e+01
      vertex   4.662500e+01 -4.500000e+00 6.550000e+01
      vertex   4.642404e+01 5.500000e+00 6.625000e+01
    endloop
  endfacet
  facet normal -9.659258e-01 -0.000000e+00 -2.588190e-01
    outer loop
      vertex   4.642404e+01 5.500000e+00 6.625000e+01
      vertex   4.662500e+01 -4.500000e+00 6.550000e+01
      vertex   4.642404e+01 -4.500000e+00 6.625000e+01
    endloop
  endfacet
  facet normal -7.071068e-01 -0.000000e+00 -7.071068e-01
    outer loop
      vertex   4.642404e+01 5.500000e+00 6.625000e+01
      vertex   4.642404e+01 -4.500000e+00 6.625000e+01
      vertex   4.587500e+01 5.500000e+00 6.679904e+01
    endloop
  endfacet
  facet normal -7.071068e-01 -0.000000e+00 -7.071068e-01
    outer loop
      vertex   4.587500e+01 5.500000e+00 6.679904e+01
      vertex   4.642404e+01 -4.500000e+00 6.625000e+01
      vertex   4.587500e+01 -4.500000e+00 6.679904e+01
    endloop
  endfacet
  facet normal -2.588190e-01 -0.000000e+00 -9.659258e-01
    outer loop
      vertex   4.587500e+01 5.500000e+00 6.679904e+01
      vertex   4.587500e+01 -4.500000e+00 6.679904e+01
      vertex   4.512500e+01 5.500000e+00 6.700000e+01
    endloop
  endfacet
  facet normal -2.588190e-01 -0.000000e+00 -9.659258e-01
    outer loop
      vertex   4.512500e+01 5.500000e+00 6.700000e+01
      vertex   4.587500e+01 -4.500000e+00 6.679904e+01
      vertex   4.512500e+01 -4.500000e+00 6.700000e+01
    endloop
  endfacet
  facet normal 2.588190e-01 0.000000e+00 -9.659258e-01
    outer loop
      vertex   4.512500e+01 5.500000e+00 6.700000e+01
      vertex   4.512500e+01 -4.500000e+00 6.700000e+01
      vertex   4.437500e+01 5.500000e+00 6.679904e+01
    endloop
  endfacet
  facet normal 2.588190e-01 0.000000e+00 -9.659258e-01
    outer loop
      vertex   4.437500e+01 5.500000e+00 6.679904e+01
      vertex   4.512500e+01 -4.500000e+00 6.700000e+01
      vertex   4.437500e+01 -4.500000e+00 6.679904e+01
    endloop
  endfacet
  facet normal 7.071068e-01 0.000000e+00 -7.071068e-01
    outer loop
      vertex   4.437500e+01 5.500000e+00 6.679904e+01
      vertex   4.437500e+01 -4.500000e+00 6.679904e+01
      vertex   4.382596e+01 5.500000e+00 6.625000e+01
    endloop
  endfacet
  facet normal 7.071068e-01 0.000000e+00 -7.071068e-01
    outer loop
      vertex   4.382596e+01 5.500000e+00 6.625000e+01
      vertex   4.437500e+01 -4.500000e+00 6.679904e+01
      vertex   4.382596e+01 -4.500000e+00 6.625000e+01
    endloop
  endfacet
  facet normal 9.659258e-01 0.000000e+00 -2.588190e-01
    outer loop
      vertex   4.382596e+01 5.500000e+00 6.625000e+01
      vertex   4.382596e+01 -4.500000e+00 6.625000e+01
      vertex   4.362500e+01 5.500000e+00 6.550000e+01
    endloop
  endfacet
  facet normal 9.659258e-01 0.000000e+00 -2.588190e-01
    outer loop
      vertex   4.362500e+01 5.500000e+00 6.550000e+01
      vertex   4.382596e+01 -4.500000e+00 6.625000e+01
      vertex   4.362500e+01 -4.500000e+00 6.550000e+01
    endloop
  endfacet
  facet normal 9.659258e-01 0.000000e+00 2.588190e-01
    outer loop
      vertex   4.362500e+01 5.500000e+00 6.550000e+01
      vertex   4.362500e+01 -4.500000e+00 6.550000e+01
      vertex   4.382596e+01 5.500000e+00 6.475000e+01
    endloop
  endfacet
  facet normal 9.659258e-01 0.000000e+00 2.588190e-01
    outer loop
      vertex   4.382596e+01 5.500000e+00 6.475000e+01
      vertex   4.362500e+01 -4.500000e+00 6.550000e+01
      vertex   4.382596e+01 -4.500000e+00 6.475000e+01
    endloop
  endfacet
  facet normal 7.071068e-01 0.000000e+00 7.071068e-01
    outer loop
      vertex   4.382596e+01 5.500000e+00 6.475000e+01
      vertex   4.382596e+01 -4.500000e+00 6.475000e+01
      vertex   4.437500e+01 5.500000e+00 6.420096e+01
    endloop
  endfacet
  facet normal 7.071068e-01 0.000000e+00 7.071068e-01
    outer loop
      vertex   4.437500e+01 5.500000e+00 6.420096e+01
      vertex   4.382596e+01 -4.500000e+00 6.475000e+01
      vertex   4.437500e+01 -4.500000e+00 6.420096e+01
    endloop
  endfacet
  facet normal 2.588190e-01 0.000000e+00 9.659258e-01
    outer loop
      vertex   4.437500e+01 5.500000e+00 6.420096e+01
      vertex   4.437500e+01 -4.500000e+00 6.420096e+01
      vertex   4.512500e+01 5.500000e+00 6.400000e+01
    endloop
  endfacet
  facet normal 2.588190e-01 0.000000e+00 9.659258e-01
    outer loop
      vertex   4.512500e+01 5.500000e+00 6.400000e+01
      vertex   4.437500e+01 -4.500000e+00 6.420096e+01
      vertex   4.512500e+01 -4.500000e+00 6.400000e+01
    endloop
  endfacet
  facet normal -2.588190e-01 0.000000e+00 9.659258e-01
    outer loop
      vertex   4.512500e+01 5.500000e+00 6.400000e+01
      vertex   4.512500e+01 -4.500000e+00 6.400000e+01
      vertex   4.587500e+01 5.500000e+00 6.420096e+01
    endloop
  endfacet
  facet normal -2.588190e-01 0.000000e+00 9.659258e-01
    outer loop
      vertex   4.587500e+01 5.500000e+00 6.420096e+01
      vertex   4.512500e+01 -4.500000e+00 6.400000e+01
      vertex   4.587500e+01 -4.500000e+00 6.420096e+01
    endloop
  endfacet
  facet normal -7.071068e-01 0.000000e+00 7.071068e-01
    outer loop
      vertex   4.587500e+01 5.500000e+00 6.420096e+01
      vertex   4.587500e+01 -4.500000e+00 6.420096e+01
      vertex   4.642404e+01 5.500000e+00 6.475000e+01
    endloop
  endfacet
  facet normal -7.071068e-01 0.000000e+00 7.071068e-01
    outer loop
      vertex   4.642404e+01 5.500000e+00 6.475000e+01
      vertex   4.587500e+01 -4.500000e+00 6.420096e+01
      vertex   4.642404e+01 -4.500000e+00 6.475000e+01
    endloop
  endfacet
  facet normal 0.000000e+00 1.000000e+00 -0.000000e+00
    outer loop
      vertex   4.642404e+01 -4.500000e+00 6.475000e+01
      vertex   4.382596e+01 -4.500000e+00 6.475000e+01
      vertex   4.662500e+01 -4.500000e+00 6.550000e+01
    endloop
  endfacet
  facet normal 0.000000e+00 1.000000e+00 0.000000e+00
    outer loop
      vertex   4.662500e+01 -4.500000e+00 6.550000e+01
      vertex   4.382596e+01 -4.500000e+00 6.475000e+01
      vertex   4.362500e+01 -4.500000e+00 6.550000e+01
    endloop
  endfacet
  facet normal 0.000000e+00 1.000000e+00 0.000000e+00
    outer loop
      vertex   4.662500e+01 -4.500000e+00 6.550000e+01
      vertex   4.362500e+01 -4.500000e+00 6.550000e+01
      vertex   4.642404e+01 -4.500000e+00 6.625000e+01
    endloop
  endfacet
  facet normal 0.000000e+00 1.000000e+00 0.000000e+00
    outer loop
      vertex   4.642404e+01 -4.500000e+00 6.625000e+01
      vertex   4.362500e+01 -4.500000e+00 6.550000e+01
      vertex   4.382596e+01 -4.500000e+00 6.625000e+01
    endloop
  endfacet
  facet normal 0.000000e+00 1.000000e+00 0.000000e+00
    outer loop
      vertex   4.642404e+01 -4.500000e+00 6.625000e+01
      vertex   4.382596e+01 -4.500000e+00 6.625000e+01
      vertex   4.587500e+01 -4.500000e+00 6.679904e+01
    endloop
  endfacet
  facet normal 0.000000e+00 1.000000e+00 0.000000e+00
    outer loop
      vertex   4.587500e+01 -4.500000e+00 6.679904e+01
      vertex   4.382596e+01 -4.500000e+00 6.625000e+01
      vertex   4.437500e+01 -4.500000e+00 6.679904e+01
    endloop
  endfacet
  facet normal 0.000000e+00 1.000000e+00 0.000000e+00
    outer loop
      vertex   4.587500e+01 -4.500000e+00 6.679904e+01
      vertex   4.437500e+01 -4.500000e+00 6.679904e+01
      vertex   4.512500e+01 -4.500000e+00 6.700000e+01
    endloop
  endfacet
  facet normal -0.000000e+00 1.000000e+00 0.000000e+00
    outer loop
      vertex   4.382596e+01 -4.500000e+00 6.475000e+01
      vertex   4.642404e+01 -4.500000e+00 6.475000e+01
      vertex   4.437500e+01 -4.500000e+00 6.420096e+01
    endloop
  endfacet
  facet normal 0.000000e+00 1.000000e+00 0.000000e+00
    outer loop
      vertex   4.437500e+01 -4.500000e+00 6.420096e+01
      vertex   4.642404e+01 -4.500000e+00 6.475000e+01
      vertex   4.587500e+01 -4.500000e+00 6.420096e+01
    endloop
  endfacet
  facet normal -0.000000e+00 1.000000e+00 0.000000e+00
    outer loop
      vertex   4.437500e+01 -4.500000e+00 6.420096e+01
      vertex   4.587500e+01 -4.500000e+00 6.420096e+01
      vertex   4.512500e+01 -4.500000e+00 6.400000e+01
    endloop
  endfacet
  facet normal -2.588190e-01 -9.659258e-01 1.794391e-16
    outer loop
      vertex   1.175000e+01 -9.700962e+00 6.800000e+01
      vertex   1.175000e+01 -9.700962e+00 7.500000e+01
      vertex   1.100000e+01 -9.500000e+00 6.800000e+01
    endloop
  endfacet
  facet normal -2.588190e-01 -9.659258e-01 2.941421e-15
    outer loop
      vertex   1.100000e+01 -9.500000e+00 6.800000e+01
      vertex   1.175000e+01 -9.700962e+00 7.500000e+01
      vertex   1.100000e+01 -9.500000e+00 7.500000e+01
    endloop
  endfacet
  facet normal 2.588190e-01 -9.659258e-01 2.941421e-15
    outer loop
      vertex   1.100000e+01 -9.500000e+00 6.800000e+01
      vertex   1.100000e+01 -9.500000e+00 7.500000e+01
      vertex   1.025000e+01 -9.700962e+00 6.800000e+01
    endloop
  endfacet
  facet normal 2.588190e-01 -9.659258e-01 6.567928e-17
    outer loop
      vertex   1.025000e+01 -9.700962e+00 6.800000e+01
      vertex   1.100000e+01 -9.500000e+00 7.500000e+01
      vertex   1.025000e+01 -9.700962e+00 7.500000e+01
    endloop
  endfacet
  facet normal 7.071068e-01 -7.071068e-01 1.794391e-16
    outer loop
      vertex   1.025000e+01 -9.700962e+00 6.800000e+01
      vertex   1.025000e+01 -9.700962e+00 7.500000e+01
      vertex   9.700962e+00 -1.025000e+01 6.800000e+01
    endloop
  endfacet
  facet normal 7.071068e-01 -7.071068e-01 -3.588783e-16
    outer loop
      vertex   9.700962e+00 -1.025000e+01 6.800000e+01
      vertex   1.025000e+01 -9.700962e+00 7.500000e+01
      vertex   9.700962e+00 -1.025000e+01 7.500000e+01
    endloop
  endfacet
  facet normal 9.659258e-01 -2.588190e-01 -1.313586e-16
    outer loop
      vertex   9.700962e+00 -1.025000e+01 6.800000e+01
      vertex   9.700962e+00 -1.025000e+01 7.500000e+01
      vertex   9.500000e+00 -1.100000e+01 6.800000e+01
    endloop
  endfacet
  facet normal 9.659258e-01 -2.588190e-01 0.000000e+00
    outer loop
      vertex   9.500000e+00 -1.100000e+01 6.800000e+01
      vertex   9.700962e+00 -1.025000e+01 7.500000e+01
      vertex   9.500000e+00 -1.100000e+01 7.500000e+01
    endloop
  endfacet
  facet normal 9.659258e-01 2.588190e-01 -0.000000e+00
    outer loop
      vertex   9.500000e+00 -1.100000e+01 6.800000e+01
      vertex   9.500000e+00 -1.100000e+01 7.500000e+01
      vertex   9.700962e+00 -1.175000e+01 6.800000e+01
    endloop
  endfacet
  facet normal 9.659258e-01 2.588190e-01 6.567928e-17
    outer loop
      vertex   9.700962e+00 -1.175000e+01 6.800000e+01
      vertex   9.500000e+00 -1.100000e+01 7.500000e+01
      vertex   9.700962e+00 -1.175000e+01 7.500000e+01
    endloop
  endfacet
  facet normal 7.071068e-01 7.071068e-01 1.794391e-16
    outer loop
      vertex   9.700962e+00 -1.175000e+01 6.800000e+01
      vertex   9.700962e+00 -1.175000e+01 7.500000e+01
      vertex   1.025000e+01 -1.229904e+01 6.800000e+01
    endloop
  endfacet
  facet normal 7.071068e-01 7.071068e-01 -1.794391e-16
    outer loop
      vertex   1.025000e+01 -1.229904e+01 6.800000e+01
      vertex   9.700962e+00 -1.175000e+01 7.500000e+01
      vertex   1.025000e+01 -1.229904e+01 7.500000e+01
    endloop
  endfacet
  facet normal 2.588190e-01 9.659258e-01 -6.567928e-17
    outer loop
      vertex   1.025000e+01 -1.229904e+01 6.800000e+01
      vertex   1.025000e+01 -1.229904e+01 7.500000e+01
      vertex   1.100000e+01 -1.250000e+01 6.800000e+01
    endloop
  endfacet
  facet normal 2.588190e-01 9.659258e-01 -0.000000e+00
    outer loop
      vertex   1.100000e+01 -1.250000e+01 6.800000e+01
      vertex   1.025000e+01 -1.229904e+01 7.500000e+01
      vertex   1.100000e+01 -1.250000e+01 7.500000e+01
    endloop
  endfacet
  facet normal -2.588190e-01 9.659258e-01 0.000000e+00
    outer loop
      vertex   1.100000e+01 -1.250000e+01 6.800000e+01
      vertex   1.100000e+01 -1.250000e+01 7.500000e+01
      vertex   1.175000e+01 -1.229904e+01 6.800000e+01
    endloop
  endfacet
  facet normal -2.588190e-01 9.659258e-01 -2.451184e-16
    outer loop
      vertex   1.175000e+01 -1.229904e+01 6.800000e+01
      vertex   1.100000e+01 -1.250000e+01 7.500000e+01
      vertex   1.175000e+01 -1.229904e+01 7.500000e+01
    endloop
  endfacet
  facet normal -7.071068e-01 7.071068e-01 -1.794391e-16
    outer loop
      vertex   1.175000e+01 -1.229904e+01 6.800000e+01
      vertex   1.175000e+01 -1.229904e+01 7.500000e+01
      vertex   1.229904e+01 -1.175000e+01 6.800000e+01
    endloop
  endfacet
  facet normal -7.071068e-01 7.071068e-01 -1.794391e-16
    outer loop
      vertex   1.229904e+01 -1.175000e+01 6.800000e+01
      vertex   1.175000e+01 -1.229904e+01 7.500000e+01
      vertex   1.229904e+01 -1.175000e+01 7.500000e+01
    endloop
  endfacet
  facet normal -9.659258e-01 2.588190e-01 -6.567928e-17
    outer loop
      vertex   1.229904e+01 -1.175000e+01 6.800000e+01
      vertex   1.229904e+01 -1.175000e+01 7.500000e+01
      vertex   1.250000e+01 -1.100000e+01 6.800000e+01
    endloop
  endfacet
  facet normal -9.659258e-01 2.588190e-01 0.000000e+00
    outer loop
      vertex   1.250000e+01 -1.100000e+01 6.800000e+01
      vertex   1.229904e+01 -1.175000e+01 7.500000e+01
      vertex   1.250000e+01 -1.100000e+01 7.500000e+01
    endloop
  endfacet
  facet normal -9.659258e-01 -2.588190e-01 0.000000e+00
    outer loop
      vertex   1.250000e+01 -1.100000e+01 6.800000e+01
      vertex   1.250000e+01 -1.100000e+01 7.500000e+01
      vertex   1.229904e+01 -1.025000e+01 6.800000e+01
    endloop
  endfacet
  facet normal -9.659258e-01 -2.588190e-01 -1.137599e-16
    outer loop
      vertex   1.229904e+01 -1.025000e+01 6.800000e+01
      vertex   1.250000e+01 -1.100000e+01 7.500000e+01
      vertex   1.229904e+01 -1.025000e+01 7.500000e+01
    endloop
  endfacet
  facet normal -7.071068e-01 -7.071068e-01 1.794391e-16
    outer loop
      vertex   1.229904e+01 -1.025000e+01 6.800000e+01
      vertex   1.229904e+01 -1.025000e+01 7.500000e+01
      vertex   1.175000e+01 -9.700962e+00 6.800000e+01
    endloop
  endfacet
  facet normal -7.071068e-01 -7.071068e-01 5.805570e-31
    outer loop
      vertex   1.175000e+01 -9.700962e+00 6.800000e+01
      vertex   1.229904e+01 -1.025000e+01 7.500000e+01
      vertex   1.175000e+01 -9.700962e+00 7.500000e+01
    endloop
  endfacet
  facet normal -2.588190e-01 -9.659258e-01 2.451184e-16
    outer loop
      vertex   4.175000e+01 -9.700962e+00 6.800000e+01
      vertex   4.175000e+01 -9.700962e+00 7.500000e+01
      vertex   4.100000e+01 -9.500000e+00 6.800000e+01
    endloop
  endfacet
  facet normal -2.588190e-01 -9.659258e-01 2.941421e-15
    outer loop
      vertex   4.100000e+01 -9.500000e+00 6.800000e+01
      vertex   4.175000e+01 -9.700962e+00 7.500000e+01
      vertex   4.100000e+01 -9.500000e+00 7.500000e+01
    endloop
  endfacet
  facet normal 2.588190e-01 -9.659258e-01 2.941421e-15
    outer loop
      vertex   4.100000e+01 -9.500000e+00 6.800000e+01
      vertex   4.100000e+01 -9.500000e+00 7.500000e+01
      vertex   4.025000e+01 -9.700962e+00 6.800000e+01
    endloop
  endfacet
  facet normal 2.588190e-01 -9.659258e-01 0.000000e+00
    outer loop
      vertex   4.025000e+01 -9.700962e+00 6.800000e+01
      vertex   4.100000e+01 -9.500000e+00 7.500000e+01
      vertex   4.025000e+01 -9.700962e+00 7.500000e+01
    endloop
  endfacet
  facet normal 7.071068e-01 -7.071068e-01 0.000000e+00
    outer loop
      vertex   4.025000e+01 -9.700962e+00 6.800000e+01
      vertex   4.025000e+01 -9.700962e+00 7.500000e+01
      vertex   3.970096e+01 -1.025000e+01 6.800000e+01
    endloop
  endfacet
  facet normal 7.071068e-01 -7.071068e-01 -3.588783e-16
    outer loop
      vertex   3.970096e+01 -1.025000e+01 6.800000e+01
      vertex   4.025000e+01 -9.700962e+00 7.500000e+01
      vertex   3.970096e+01 -1.025000e+01 7.500000e+01
    endloop
  endfacet
  facet normal 9.659258e-01 -2.588190e-01 -1.313586e-16
    outer loop
      vertex   3.970096e+01 -1.025000e+01 6.800000e+01
      vertex   3.970096e+01 -1.025000e+01 7.500000e+01
      vertex   3.950000e+01 -1.100000e+01 6.800000e+01
    endloop
  endfacet
  facet normal 9.659258e-01 -2.588190e-01 0.000000e+00
    outer loop
      vertex   3.950000e+01 -1.100000e+01 6.800000e+01
      vertex   3.970096e+01 -1.025000e+01 7.500000e+01
      vertex   3.950000e+01 -1.100000e+01 7.500000e+01
    endloop
  endfacet
  facet normal 9.659258e-01 2.588190e-01 -0.000000e+00
    outer loop
      vertex   3.950000e+01 -1.100000e+01 6.800000e+01
      vertex   3.950000e+01 -1.100000e+01 7.500000e+01
      vertex   3.970096e+01 -1.175000e+01 6.800000e+01
    endloop
  endfacet
  facet normal 9.659258e-01 2.588190e-01 6.567928e-17
    outer loop
      vertex   3.970096e+01 -1.175000e+01 6.800000e+01
      vertex   3.950000e+01 -1.100000e+01 7.500000e+01
      vertex   3.970096e+01 -1.175000e+01 7.500000e+01
    endloop
  endfacet
  facet normal 7.071068e-01 7.071068e-01 1.794391e-16
    outer loop
      vertex   3.970096e+01 -1.175000e+01 6.800000e+01
      vertex   3.970096e+01 -1.175000e+01 7.500000e+01
      vertex   4.025000e+01 -1.229904e+01 6.800000e+01
    endloop
  endfacet
  facet normal 7.071068e-01 7.071068e-01 -0.000000e+00
    outer loop
      vertex   4.025000e+01 -1.229904e+01 6.800000e+01
      vertex   3.970096e+01 -1.175000e+01 7.500000e+01
      vertex   4.025000e+01 -1.229904e+01 7.500000e+01
    endloop
  endfacet
  facet normal 2.588190e-01 9.659258e-01 -0.000000e+00
    outer loop
      vertex   4.025000e+01 -1.229904e+01 6.800000e+01
      vertex   4.025000e+01 -1.229904e+01 7.500000e+01
      vertex   4.100000e+01 -1.250000e+01 6.800000e+01
    endloop
  endfacet
  facet normal 2.588190e-01 9.659258e-01 -0.000000e+00
    outer loop
      vertex   4.100000e+01 -1.250000e+01 6.800000e+01
      vertex   4.025000e+01 -1.229904e+01 7.500000e+01
      vertex   4.100000e+01 -1.250000e+01 7.500000e+01
    endloop
  endfacet
  facet normal -2.588190e-01 9.659258e-01 0.000000e+00
    outer loop
      vertex   4.100000e+01 -1.250000e+01 6.800000e+01
      vertex   4.100000e+01 -1.250000e+01 7.500000e+01
      vertex   4.175000e+01 -1.229904e+01 6.800000e+01
    endloop
  endfacet
  facet normal -2.588190e-01 9.659258e-01 -2.451184e-16
    outer loop
      vertex   4.175000e+01 -1.229904e+01 6.800000e+01
      vertex   4.100000e+01 -1.250000e+01 7.500000e+01
      vertex   4.175000e+01 -1.229904e+01 7.500000e+01
    endloop
  endfacet
  facet normal -7.071068e-01 7.071068e-01 -1.794391e-16
    outer loop
      vertex   4.175000e+01 -1.229904e+01 6.800000e+01
      vertex   4.175000e+01 -1.229904e+01 7.500000e+01
      vertex   4.229904e+01 -1.175000e+01 6.800000e+01
    endloop
  endfacet
  facet normal -7.071068e-01 7.071068e-01 -1.794391e-16
    outer loop
      vertex   4.229904e+01 -1.175000e+01 6.800000e+01
      vertex   4.175000e+01 -1.229904e+01 7.500000e+01
      vertex   4.229904e+01 -1.175000e+01 7.500000e+01
    endloop
  endfacet
  facet normal -9.659258e-01 2.588190e-01 -6.567928e-17
    outer loop
      vertex   4.229904e+01 -1.175000e+01 6.800000e+01
      vertex   4.229904e+01 -1.175000e+01 7.500000e+01
      vertex   4.250000e+01 -1.100000e+01 6.800000e+01
    endloop
  endfacet
  facet normal -9.659258e-01 2.588190e-01 0.000000e+00
    outer loop
      vertex   4.250000e+01 -1.100000e+01 6.800000e+01
      vertex   4.229904e+01 -1.175000e+01 7.500000e+01
      vertex   4.250000e+01 -1.100000e+01 7.500000e+01
    endloop
  endfacet
  facet normal -9.659258e-01 -2.588190e-01 0.000000e+00
    outer loop
      vertex   4.250000e+01 -1.100000e+01 6.800000e+01
      vertex   4.250000e+01 -1.100000e+01 7.500000e+01
      vertex   4.229904e+01 -1.025000e+01 6.800000e+01
    endloop
  endfacet
  facet normal -9.659258e-01 -2.588190e-01 1.313586e-16
    outer loop
      vertex   4.229904e+01 -1.025000e+01 6.800000e+01
      vertex   4.250000e+01 -1.100000e+01 7.500000e+01
      vertex   4.229904e+01 -1.025000e+01 7.500000e+01
    endloop
  endfacet
  facet normal -7.071068e-01 -7.071068e-01 3.588783e-16
    outer loop
      vertex   4.229904e+01 -1.025000e+01 6.800000e+01
      vertex   4.229904e+01 -1.025000e+01 7.500000e+01
      vertex   4.175000e+01 -9.700962e+00 6.800000e+01
    endloop
  endfacet
  facet normal -7.071068e-01 -7.071068e-01 1.794391e-16
    outer loop
      vertex   4.175000e+01 -9.700962e+00 6.800000e+01
      vertex   4.229904e+01 -1.025000e+01 7.500000e+01
      vertex   4.175000e+01 -9.700962e+00 7.500000e+01
    endloop
  endfacet
  facet normal 0.000000e+00 0.000000e+00 -1.000000e+00
    outer loop
      vertex   1.219439e+01 -1.778148e+01 6.800000e+01
      vertex   1.020614e+01 -1.713545e+01 6.800000e+01
      vertex   1.427350e+01 -1.800000e+01 6.800000e+01
    endloop
  endfacet
  facet normal 0.000000e+00 0.000000e+00 -1.000000e+00
    outer loop
      vertex   1.427350e+01 -1.800000e+01 6.800000e+01
      vertex   1.020614e+01 -1.713545e+01 6.800000e+01
      vertex   4.100000e+01 -1.250000e+01 6.800000e+01
    endloop
  endfacet
  facet normal 0.000000e+00 0.000000e+00 -1.000000e+00
    outer loop
      vertex   1.427350e+01 -1.800000e+01 6.800000e+01
      vertex   4.100000e+01 -1.250000e+01 6.800000e+01
      vertex   4.875000e+01 -1.800000e+01 6.800000e+01
    endloop
  endfacet
  facet normal 0.000000e+00 0.000000e+00 -1.000000e+00
    outer loop
      vertex   4.875000e+01 -1.800000e+01 6.800000e+01
      vertex   4.100000e+01 -1.250000e+01 6.800000e+01
      vertex   4.175000e+01 -1.229904e+01 6.800000e+01
    endloop
  endfacet
  facet normal 0.000000e+00 0.000000e+00 -1.000000e+00
    outer loop
      vertex   4.875000e+01 -1.800000e+01 6.800000e+01
      vertex   4.175000e+01 -1.229904e+01 6.800000e+01
      vertex   4.875000e+01 -9.500000e+00 6.800000e+01
    endloop
  endfacet
  facet normal 0.000000e+00 0.000000e+00 -1.000000e+00
    outer loop
      vertex   4.875000e+01 -9.500000e+00 6.800000e+01
      vertex   4.175000e+01 -1.229904e+01 6.800000e+01
      vertex   4.229904e+01 -1.175000e+01 6.800000e+01
    endloop
  endfacet
  facet normal 0.000000e+00 0.000000e+00 -1.000000e+00
    outer loop
      vertex   4.875000e+01 -9.500000e+00 6.800000e+01
      vertex   4.229904e+01 -1.175000e+01 6.800000e+01
      vertex   4.250000e+01 -1.100000e+01 6.800000e+01
    endloop
  endfacet
  facet normal 0.000000e+00 0.000000e+00 -1.000000e+00
    outer loop
      vertex   1.020614e+01 -1.713545e+01 6.800000e+01
      vertex   8.395650e+00 -1.609017e+01 6.800000e+01
      vertex   4.100000e+01 -1.250000e+01 6.800000e+01
    endloop
  endfacet
  facet normal 0.000000e+00 0.000000e+00 -1.000000e+00
    outer loop
      vertex   4.100000e+01 -1.250000e+01 6.800000e+01
      vertex   8.395650e+00 -1.609017e+01 6.800000e+01
      vertex   6.842054e+00 -1.469131e+01 6.800000e+01
    endloop
  endfacet
  facet normal -0.000000e+00 0.000000e+00 -1.000000e+00
    outer loop
      vertex   4.100000e+01 -1.250000e+01 6.800000e+01
      vertex   6.842054e+00 -1.469131e+01 6.800000e+01
      vertex   1.100000e+01 -1.250000e+01 6.800000e+01
    endloop
  endfacet
  facet normal 0.000000e+00 0.000000e+00 -1.000000e+00
    outer loop
      vertex   1.100000e+01 -1.250000e+01 6.800000e+01
      vertex   6.842054e+00 -1.469131e+01 6.800000e+01
      vertex   5.613249e+00 -1.300000e+01 6.800000e+01
    endloop
  endfacet
  facet normal -0.000000e+00 0.000000e+00 -1.000000e+00
    outer loop
      vertex   1.100000e+01 -1.250000e+01 6.800000e+01
      vertex   5.613249e+00 -1.300000e+01 6.800000e+01
      vertex   1.025000e+01 -1.229904e+01 6.800000e+01
    endloop
  endfacet
  facet normal -0.000000e+00 0.000000e+00 -1.000000e+00
    outer loop
      vertex   1.025000e+01 -1.229904e+01 6.800000e+01
      vertex   5.613249e+00 -1.300000e+01 6.800000e+01
      vertex   9.700962e+00 -1.175000e+01 6.800000e+01
    endloop
  endfacet
  facet normal -0.000000e+00 0.000000e+00 -1.000000e+00
    outer loop
      vertex   9.700962e+00 -1.175000e+01 6.800000e+01
      vertex   5.613249e+00 -1.300000e+01 6.800000e+01
      vertex   9.500000e+00 -1.100000e+01 6.800000e+01
    endloop
  endfacet
  facet normal -0.000000e+00 0.000000e+00 -1.000000e+00
    outer loop
      vertex   9.500000e+00 -1.100000e+01 6.800000e+01
      vertex   5.613249e+00 -1.300000e+01 6.800000e+01
      vertex   3.592523e+00 -9.500000e+00 6.800000e+01
    endloop
  endfacet
  facet normal 0.000000e+00 0.000000e+00 -1.000000e+00
    outer loop
      vertex   9.500000e+00 -1.100000e+01 6.800000e+01
      vertex   3.592523e+00 -9.500000e+00 6.800000e+01
      vertex   9.700962e+00 -1.025000e+01 6.800000e+01
    endloop
  endfacet
  facet normal 0.000000e+00 0.000000e+00 -1.000000e+00
    outer loop
      vertex   9.700962e+00 -1.025000e+01 6.800000e+01
      vertex   3.592523e+00 -9.500000e+00 6.800000e+01
      vertex   1.025000e+01 -9.700962e+00 6.800000e+01
    endloop
  endfacet
  facet normal 0.000000e+00 0.000000e+00 -1.000000e+00
    outer loop
      vertex   1.025000e+01 -9.700962e+00 6.800000e+01
      vertex   3.592523e+00 -9.500000e+00 6.800000e+01
      vertex   1.100000e+01 -9.500000e+00 6.800000e+01
    endloop
  endfacet
  facet normal 0.000000e+00 0.000000e+00 -1.000000e+00
    outer loop
      vertex   4.100000e+01 -1.250000e+01 6.800000e+01
      vertex   1.100000e+01 -1.250000e+01 6.800000e+01
      vertex   4.025000e+01 -1.229904e+01 6.800000e+01
    endloop
  endfacet
  facet normal 0.000000e+00 0.000000e+00 -1.000000e+00
    outer loop
      vertex   4.025000e+01 -1.229904e+01 6.800000e+01
      vertex   1.100000e+01 -1.250000e+01 6.800000e+01
      vertex   1.175000e+01 -1.229904e+01 6.800000e+01
    endloop
  endfacet
  facet normal -0.000000e+00 0.000000e+00 -1.000000e+00
    outer loop
      vertex   4.025000e+01 -1.229904e+01 6.800000e+01
      vertex   1.175000e+01 -1.229904e+01 6.800000e+01
      vertex   3.970096e+01 -1.175000e+01 6.800000e+01
    endloop
  endfacet
  facet normal 0.000000e+00 0.000000e+00 -1.000000e+00
    outer loop
      vertex   3.970096e+01 -1.175000e+01 6.800000e+01
      vertex   1.175000e+01 -1.229904e+01 6.800000e+01
      vertex   1.229904e+01 -1.175000e+01 6.800000e+01
    endloop
  endfacet
  facet normal -0.000000e+00 0.000000e+00 -1.000000e+00
    outer loop
      vertex   3.970096e+01 -1.175000e+01 6.800000e+01
      vertex   1.229904e+01 -1.175000e+01 6.800000e+01
      vertex   3.950000e+01 -1.100000e+01 6.800000e+01
    endloop
  endfacet
  facet normal -0.000000e+00 0.000000e+00 -1.000000e+00
    outer loop
      vertex   3.950000e+01 -1.100000e+01 6.800000e+01
      vertex   1.229904e+01 -1.175000e+01 6.800000e+01
      vertex   1.250000e+01 -1.100000e+01 6.800000e+01
    endloop
  endfacet
  facet normal 0.000000e+00 0.000000e+00 -1.000000e+00
    outer loop
      vertex   3.950000e+01 -1.100000e+01 6.800000e+01
      vertex   1.250000e+01 -1.100000e+01 6.800000e+01
      vertex   3.970096e+01 -1.025000e+01 6.800000e+01
    endloop
  endfacet
  facet normal 0.000000e+00 0.000000e+00 -1.000000e+00
    outer loop
      vertex   3.970096e+01 -1.025000e+01 6.800000e+01
      vertex   1.250000e+01 -1.100000e+01 6.800000e+01
      vertex   1.229904e+01 -1.025000e+01 6.800000e+01
    endloop
  endfacet
  facet normal -0.000000e+00 0.000000e+00 -1.000000e+00
    outer loop
      vertex   3.970096e+01 -1.025000e+01 6.800000e+01
      vertex   1.229904e+01 -1.025000e+01 6.800000e+01
      vertex   4.025000e+01 -9.700962e+00 6.800000e+01
    endloop
  endfacet
  facet normal -0.000000e+00 0.000000e+00 -1.000000e+00
    outer loop
      vertex   4.025000e+01 -9.700962e+00 6.800000e+01
      vertex   1.229904e+01 -1.025000e+01 6.800000e+01
      vertex   1.175000e+01 -9.700962e+00 6.800000e+01
    endloop
  endfacet
  facet normal 0.000000e+00 0.000000e+00 -1.000000e+00
    outer loop
      vertex   4.025000e+01 -9.700962e+00 6.800000e+01
      vertex   1.175000e+01 -9.700962e+00 6.800000e+01
      vertex   4.100000e+01 -9.500000e+00 6.800000e+01
    endloop
  endfacet
  facet normal -0.000000e+00 0.000000e+00 -1.000000e+00
    outer loop
      vertex   4.100000e+01 -9.500000e+00 6.800000e+01
      vertex   1.175000e+01 -9.700962e+00 6.800000e+01
      vertex   1.100000e+01 -9.500000e+00 6.800000e+01
    endloop
  endfacet
  facet normal 0.000000e+00 0.000000e+00 -1.000000e+00
    outer loop
      vertex   4.250000e+01 -1.100000e+01 6.800000e+01
      vertex   4.229904e+01 -1.025000e+01 6.800000e+01
      vertex   4.875000e+01 -9.500000e+00 6.800000e+01
    endloop
  endfacet
  facet normal 0.000000e+00 0.000000e+00 -1.000000e+00
    outer loop
      vertex   4.875000e+01 -9.500000e+00 6.800000e+01
      vertex   4.229904e+01 -1.025000e+01 6.800000e+01
      vertex   4.175000e+01 -9.700962e+00 6.800000e+01
    endloop
  endfacet
  facet normal -0.000000e+00 0.000000e+00 -1.000000e+00
    outer loop
      vertex   4.875000e+01 -9.500000e+00 6.800000e+01
      vertex   4.175000e+01 -9.700962e+00 6.800000e+01
      vertex   4.100000e+01 -9.500000e+00 6.800000e+01
    endloop
  endfacet
  facet normal -8.090170e-01 -5.877853e-01 -0.000000e+00
    outer loop
      vertex   5.613249e+00 -1.300000e+01 7.500000e+01
      vertex   5.613249e+00 -1.300000e+01 6.800000e+01
      vertex   6.842054e+00 -1.469131e+01 7.500000e+01
    endloop
  endfacet
  facet normal -8.090170e-01 -5.877853e-01 -9.631657e-18
    outer loop
      vertex   6.842054e+00 -1.469131e+01 7.500000e+01
      vertex   5.613249e+00 -1.300000e+01 6.800000e+01
      vertex   6.842054e+00 -1.469131e+01 6.800000e+01
    endloop
  endfacet
  facet normal -6.691306e-01 -7.431448e-01 1.224655e-16
    outer loop
      vertex   6.842054e+00 -1.469131e+01 7.500000e+01
      vertex   6.842054e+00 -1.469131e+01 6.800000e+01
      vertex   8.395650e+00 -1.609017e+01 7.500000e+01
    endloop
  endfacet
  facet normal -6.691306e-01 -7.431448e-01 2.073666e-16
    outer loop
      vertex   8.395650e+00 -1.609017e+01 7.500000e+01
      vertex   6.842054e+00 -1.469131e+01 6.800000e+01
      vertex   8.395650e+00 -1.609017e+01 6.800000e+01
    endloop
  endfacet
  facet normal -5.000000e-01 -8.660254e-01 3.126517e-16
    outer loop
      vertex   8.395650e+00 -1.609017e+01 7.500000e+01
      vertex   8.395650e+00 -1.609017e+01 6.800000e+01
      vertex   1.020614e+01 -1.713545e+01 7.500000e+01
    endloop
  endfacet
  facet normal -5.000000e-01 -8.660254e-01 3.126517e-16
    outer loop
      vertex   1.020614e+01 -1.713545e+01 7.500000e+01
      vertex   8.395650e+00 -1.609017e+01 6.800000e+01
      vertex   1.020614e+01 -1.713545e+01 6.800000e+01
    endloop
  endfacet
  facet normal -3.090170e-01 -9.510565e-01 4.042724e-16
    outer loop
      vertex   1.020614e+01 -1.713545e+01 7.500000e+01
      vertex   1.020614e+01 -1.713545e+01 6.800000e+01
      vertex   1.219439e+01 -1.778148e+01 7.500000e+01
    endloop
  endfacet
  facet normal -3.090170e-01 -9.510565e-01 -1.568356e-16
    outer loop
      vertex   1.219439e+01 -1.778148e+01 7.500000e+01
      vertex   1.020614e+01 -1.713545e+01 6.800000e+01
      vertex   1.219439e+01 -1.778148e+01 6.800000e+01
    endloop
  endfacet
  facet normal -1.045285e-01 -9.945219e-01 -5.305139e-17
    outer loop
      vertex   1.219439e+01 -1.778148e+01 7.500000e+01
      vertex   1.219439e+01 -1.778148e+01 6.800000e+01
      vertex   1.427350e+01 -1.800000e+01 7.500000e+01
    endloop
  endfacet
  facet normal -1.045285e-01 -9.945219e-01 -0.000000e+00
    outer loop
      vertex   1.427350e+01 -1.800000e+01 7.500000e+01
      vertex   1.219439e+01 -1.778148e+01 6.800000e+01
      vertex   1.427350e+01 -1.800000e+01 6.800000e+01
    endloop
  endfacet
  facet normal 6.182844e-16 -1.000000e+00 0.000000e+00
    outer loop
      vertex   1.427350e+01 -1.800000e+01 6.800000e+01
      vertex   4.875000e+01 -1.800000e+01 6.800000e+01
      vertex   1.427350e+01 -1.800000e+01 7.500000e+01
    endloop
  endfacet
  facet normal 6.182844e-16 -1.000000e+00 0.000000e+00
    outer loop
      vertex   1.427350e+01 -1.800000e+01 7.500000e+01
      vertex   4.875000e+01 -1.800000e+01 6.800000e+01
      vertex   4.875000e+01 -1.800000e+01 7.500000e+01
    endloop
  endfacet
  facet normal -2.350509e-17 -9.801714e-02 -9.951847e-01
    outer loop
      vertex   3.592523e+00 -9.500000e+00 6.800000e+01
      vertex   3.141981e+00 -8.719639e+00 6.792314e+01
      vertex   1.100000e+01 -9.500000e+00 6.800000e+01
    endloop
  endfacet
  facet normal -2.775332e-03 -1.256572e-01 -9.920698e-01
    outer loop
      vertex   1.100000e+01 -9.500000e+00 6.800000e+01
      vertex   3.141981e+00 -8.719639e+00 6.792314e+01
      vertex   2.501656e+01 -8.263932e+00 6.780423e+01
    endloop
  endfacet
  facet normal 0.000000e+00 -1.564345e-01 -9.876883e-01
    outer loop
      vertex   1.100000e+01 -9.500000e+00 6.800000e+01
      vertex   2.501656e+01 -8.263932e+00 6.780423e+01
      vertex   4.100000e+01 -9.500000e+00 6.800000e+01
    endloop
  endfacet
  facet normal -5.915219e-16 -1.564345e-01 -9.876883e-01
    outer loop
      vertex   4.100000e+01 -9.500000e+00 6.800000e+01
      vertex   2.501656e+01 -8.263932e+00 6.780423e+01
      vertex   4.875000e+01 -8.263932e+00 6.780423e+01
    endloop
  endfacet
  facet normal 0.000000e+00 -1.564345e-01 -9.876883e-01
    outer loop
      vertex   4.100000e+01 -9.500000e+00 6.800000e+01
      vertex   4.875000e+01 -8.263932e+00 6.780423e+01
      vertex   4.875000e+01 -9.500000e+00 6.800000e+01
    endloop
  endfacet
  facet normal 8.353465e-04 -2.898429e-01 -9.570739e-01
    outer loop
      vertex   3.141981e+00 -8.719639e+00 6.792314e+01
      vertex   2.708753e+00 -7.969266e+00 6.769552e+01
      vertex   2.501656e+01 -8.263932e+00 6.780423e+01
    endloop
  endfacet
  facet normal -1.654843e-03 -4.539899e-01 -8.910053e-01
    outer loop
      vertex   2.501656e+01 -8.263932e+00 6.780423e+01
      vertex   2.708753e+00 -7.969266e+00 6.769552e+01
      vertex   2.501656e+01 -7.148859e+00 6.723607e+01
    endloop
  endfacet
  facet normal 4.859264e-17 -4.539905e-01 -8.910065e-01
    outer loop
      vertex   2.501656e+01 -8.263932e+00 6.780423e+01
      vertex   2.501656e+01 -7.148859e+00 6.723607e+01
      vertex   4.875000e+01 -7.148859e+00 6.723607e+01
    endloop
  endfacet
  facet normal 7.938634e-17 -7.071068e-01 -7.071068e-01
    outer loop
      vertex   4.875000e+01 -7.148859e+00 6.723607e+01
      vertex   2.501656e+01 -7.148859e+00 6.723607e+01
      vertex   4.875000e+01 -6.263932e+00 6.635114e+01
    endloop
  endfacet
  facet normal 2.646211e-17 -7.071068e-01 -7.071068e-01
    outer loop
      vertex   4.875000e+01 -6.263932e+00 6.635114e+01
      vertex   2.501656e+01 -7.148859e+00 6.723607e+01
      vertex   2.501656e+01 -6.263932e+00 6.635114e+01
    endloop
  endfacet
  facet normal 3.334421e-17 -8.910065e-01 -4.539905e-01
    outer loop
      vertex   4.875000e+01 -6.263932e+00 6.635114e+01
      vertex   2.501656e+01 -6.263932e+00 6.635114e+01
      vertex   4.875000e+01 -5.695774e+00 6.523607e+01
    endloop
  endfacet
  facet normal -3.334421e-17 -8.910065e-01 -4.539905e-01
    outer loop
      vertex   4.875000e+01 -5.695774e+00 6.523607e+01
      vertex   2.501656e+01 -6.263932e+00 6.635114e+01
      vertex   2.501656e+01 -5.695774e+00 6.523607e+01
    endloop
  endfacet
  facet normal -3.696234e-17 -9.876883e-01 -1.564345e-01
    outer loop
      vertex   4.875000e+01 -5.695774e+00 6.523607e+01
      vertex   2.501656e+01 -5.695774e+00 6.523607e+01
      vertex   4.875000e+01 -5.500000e+00 6.400000e+01
    endloop
  endfacet
  facet normal -1.416496e-03 -9.831286e-01 -1.829101e-01
    outer loop
      vertex   4.875000e+01 -5.500000e+00 6.400000e+01
      vertex   2.501656e+01 -5.695774e+00 6.523607e+01
      vertex   1.327496e+00 -5.576859e+00 6.478036e+01
    endloop
  endfacet
  facet normal -0.000000e+00 -9.951847e-01 -9.801714e-02
    outer loop
      vertex   4.875000e+01 -5.500000e+00 6.400000e+01
      vertex   1.327496e+00 -5.576859e+00 6.478036e+01
      vertex   1.283122e+00 -5.500000e+00 6.400000e+01
    endloop
  endfacet
  facet normal -8.101965e-04 -4.717604e-01 -8.817264e-01
    outer loop
      vertex   2.708753e+00 -7.969266e+00 6.769552e+01
      vertex   2.309488e+00 -7.277719e+00 6.732588e+01
      vertex   2.501656e+01 -7.148859e+00 6.723607e+01
    endloop
  endfacet
  facet normal 5.410526e-04 -6.342065e-01 -7.731635e-01
    outer loop
      vertex   2.501656e+01 -7.148859e+00 6.723607e+01
      vertex   2.309488e+00 -7.277719e+00 6.732588e+01
      vertex   1.959530e+00 -6.671573e+00 6.682843e+01
    endloop
  endfacet
  facet normal -2.135857e-03 -7.071052e-01 -7.071052e-01
    outer loop
      vertex   2.501656e+01 -7.148859e+00 6.723607e+01
      vertex   1.959530e+00 -6.671573e+00 6.682843e+01
      vertex   2.501656e+01 -6.263932e+00 6.635114e+01
    endloop
  endfacet
  facet normal 5.292049e-04 -7.728874e-01 -6.345430e-01
    outer loop
      vertex   2.501656e+01 -6.263932e+00 6.635114e+01
      vertex   1.959530e+00 -6.671573e+00 6.682843e+01
      vertex   1.672326e+00 -6.174122e+00 6.622228e+01
    endloop
  endfacet
  facet normal -7.922801e-04 -8.820226e-01 -4.712064e-01
    outer loop
      vertex   2.501656e+01 -6.263932e+00 6.635114e+01
      vertex   1.672326e+00 -6.174122e+00 6.622228e+01
      vertex   1.458914e+00 -5.804482e+00 6.553073e+01
    endloop
  endfacet
  facet normal -1.567046e-03 -8.910054e-01 -4.539899e-01
    outer loop
      vertex   2.501656e+01 -6.263932e+00 6.635114e+01
      vertex   1.458914e+00 -5.804482e+00 6.553073e+01
      vertex   2.501656e+01 -5.695774e+00 6.523607e+01
    endloop
  endfacet
  facet normal 7.831384e-04 -9.569019e-01 -2.904102e-01
    outer loop
      vertex   2.501656e+01 -5.695774e+00 6.523607e+01
      vertex   1.458914e+00 -5.804482e+00 6.553073e+01
      vertex   1.327496e+00 -5.576859e+00 6.478036e+01
    endloop
  endfacet
  facet normal -5.307811e-16 -4.539905e-01 -8.910065e-01
    outer loop
      vertex   4.875000e+01 -7.148859e+00 6.723607e+01
      vertex   4.875000e+01 -8.263932e+00 6.780423e+01
      vertex   2.501656e+01 -8.263932e+00 6.780423e+01
    endloop
  endfacet
  facet normal 0.000000e+00 -1.000000e+00 0.000000e+00
    outer loop
      vertex   -2.182596e+01 -5.500000e+00 -1.075000e+01
      vertex   -3.674038e+00 -5.500000e+00 -1.075000e+01
      vertex   -2.162500e+01 -5.500000e+00 -1.000000e+01
    endloop
  endfacet
  facet normal 0.000000e+00 -1.000000e+00 0.000000e+00
    outer loop
      vertex   -2.162500e+01 -5.500000e+00 -1.000000e+01
      vertex   -3.674038e+00 -5.500000e+00 -1.075000e+01
      vertex   -3.875000e+00 -5.500000e+00 -1.000000e+01
    endloop
  endfacet
  facet normal 0.000000e+00 -1.000000e+00 0.000000e+00
    outer loop
      vertex   -2.162500e+01 -5.500000e+00 -1.000000e+01
      vertex   -3.875000e+00 -5.500000e+00 -1.000000e+01
      vertex   -2.182596e+01 -5.500000e+00 -9.250000e+00
    endloop
  endfacet
  facet normal 0.000000e+00 -1.000000e+00 0.000000e+00
    outer loop
      vertex   -2.182596e+01 -5.500000e+00 -9.250000e+00
      vertex   -3.875000e+00 -5.500000e+00 -1.000000e+01
      vertex   -3.674038e+00 -5.500000e+00 -9.250000e+00
    endloop
  endfacet
  facet normal 0.000000e+00 -1.000000e+00 0.000000e+00
    outer loop
      vertex   -2.182596e+01 -5.500000e+00 -9.250000e+00
      vertex   -3.674038e+00 -5.500000e+00 -9.250000e+00
      vertex   -2.237500e+01 -5.500000e+00 -8.700962e+00
    endloop
  endfacet
  facet normal 0.000000e+00 -1.000000e+00 0.000000e+00
    outer loop
      vertex   -2.237500e+01 -5.500000e+00 -8.700962e+00
      vertex   -3.674038e+00 -5.500000e+00 -9.250000e+00
      vertex   -3.125000e+00 -5.500000e+00 -8.700962e+00
    endloop
  endfacet
  facet normal 0.000000e+00 -1.000000e+00 0.000000e+00
    outer loop
      vertex   -2.237500e+01 -5.500000e+00 -8.700962e+00
      vertex   -3.125000e+00 -5.500000e+00 -8.700962e+00
      vertex   1.283122e+00 -5.500000e+00 6.400000e+01
    endloop
  endfacet
  facet normal 0.000000e+00 -1.000000e+00 0.000000e+00
    outer loop
      vertex   1.283122e+00 -5.500000e+00 6.400000e+01
      vertex   -3.125000e+00 -5.500000e+00 -8.700962e+00
      vertex   -2.375000e+00 -5.500000e+00 -8.500000e+00
    endloop
  endfacet
  facet normal 0.000000e+00 -1.000000e+00 0.000000e+00
    outer loop
      vertex   1.283122e+00 -5.500000e+00 6.400000e+01
      vertex   -2.375000e+00 -5.500000e+00 -8.500000e+00
      vertex   -1.625000e+00 -5.500000e+00 -8.700962e+00
    endloop
  endfacet
  facet normal -0.000000e+00 -1.000000e+00 -0.000000e+00
    outer loop
      vertex   -3.674038e+00 -5.500000e+00 -1.075000e+01
      vertex   -2.182596e+01 -5.500000e+00 -1.075000e+01
      vertex   -3.125000e+00 -5.500000e+00 -1.129904e+01
    endloop
  endfacet
  facet normal 0.000000e+00 -1.000000e+00 0.000000e+00
    outer loop
      vertex   -3.125000e+00 -5.500000e+00 -1.129904e+01
      vertex   -2.182596e+01 -5.500000e+00 -1.075000e+01
      vertex   -2.237500e+01 -5.500000e+00 -1.129904e+01
    endloop
  endfacet
  facet normal -0.000000e+00 -1.000000e+00 0.000000e+00
    outer loop
      vertex   -3.125000e+00 -5.500000e+00 -1.129904e+01
      vertex   -2.237500e+01 -5.500000e+00 -1.129904e+01
      vertex   -3.350000e+01 -5.500000e+00 -2.000000e+01
    endloop
  endfacet
  facet normal 0.000000e+00 -1.000000e+00 0.000000e+00
    outer loop
      vertex   -3.350000e+01 -5.500000e+00 -2.000000e+01
      vertex   -2.237500e+01 -5.500000e+00 -1.129904e+01
      vertex   -2.312500e+01 -5.500000e+00 -1.150000e+01
    endloop
  endfacet
  facet normal 0.000000e+00 -1.000000e+00 0.000000e+00
    outer loop
      vertex   -3.350000e+01 -5.500000e+00 -2.000000e+01
      vertex   -2.312500e+01 -5.500000e+00 -1.150000e+01
      vertex   -2.387500e+01 -5.500000e+00 -1.129904e+01
    endloop
  endfacet
  facet normal -0.000000e+00 -1.000000e+00 0.000000e+00
    outer loop
      vertex   -2.387500e+01 -5.500000e+00 -1.129904e+01
      vertex   -2.442404e+01 -5.500000e+00 -1.075000e+01
      vertex   -3.350000e+01 -5.500000e+00 -2.000000e+01
    endloop
  endfacet
  facet normal 0.000000e+00 -1.000000e+00 0.000000e+00
    outer loop
      vertex   -3.350000e+01 -5.500000e+00 -2.000000e+01
      vertex   -2.442404e+01 -5.500000e+00 -1.075000e+01
      vertex   -2.462500e+01 -5.500000e+00 -1.000000e+01
    endloop
  endfacet
  facet normal 0.000000e+00 -1.000000e+00 0.000000e+00
    outer loop
      vertex   -3.350000e+01 -5.500000e+00 -2.000000e+01
      vertex   -2.462500e+01 -5.500000e+00 -1.000000e+01
      vertex   -2.442404e+01 -5.500000e+00 -9.250000e+00
    endloop
  endfacet
  facet normal 8.858953e-17 -1.000000e+00 -7.479397e-17
    outer loop
      vertex   -3.350000e+01 -5.500000e+00 -2.000000e+01
      vertex   -2.442404e+01 -5.500000e+00 -9.250000e+00
      vertex   -3.350000e+01 -5.500000e+00 7.500000e+01
    endloop
  endfacet
  facet normal 7.613559e-17 -1.000000e+00 -7.613559e-17
    outer loop
      vertex   -3.350000e+01 -5.500000e+00 7.500000e+01
      vertex   -2.442404e+01 -5.500000e+00 -9.250000e+00
      vertex   -2.387500e+01 -5.500000e+00 -8.700962e+00
    endloop
  endfacet
  facet normal 2.206646e-17 -1.000000e+00 -8.235315e-17
    outer loop
      vertex   -3.350000e+01 -5.500000e+00 7.500000e+01
      vertex   -2.387500e+01 -5.500000e+00 -8.700962e+00
      vertex   -2.312500e+01 -5.500000e+00 -8.500000e+00
    endloop
  endfacet
  facet normal 1.846217e-16 -1.000000e+00 -6.215542e-17
    outer loop
      vertex   -3.350000e+01 -5.500000e+00 7.500000e+01
      vertex   -2.312500e+01 -5.500000e+00 -8.500000e+00
      vertex   1.283122e+00 -5.500000e+00 6.400000e+01
    endloop
  endfacet
  facet normal 0.000000e+00 -1.000000e+00 0.000000e+00
    outer loop
      vertex   1.283122e+00 -5.500000e+00 6.400000e+01
      vertex   -2.312500e+01 -5.500000e+00 -8.500000e+00
      vertex   -2.237500e+01 -5.500000e+00 -8.700962e+00
    endloop
  endfacet
  facet normal 0.000000e+00 -1.000000e+00 0.000000e+00
    outer loop
      vertex   -1.075962e+00 -5.500000e+00 -1.075000e+01
      vertex   1.707596e+01 -5.500000e+00 -1.075000e+01
      vertex   -8.750000e-01 -5.500000e+00 -1.000000e+01
    endloop
  endfacet
  facet normal 0.000000e+00 -1.000000e+00 0.000000e+00
    outer loop
      vertex   -8.750000e-01 -5.500000e+00 -1.000000e+01
      vertex   1.707596e+01 -5.500000e+00 -1.075000e+01
      vertex   1.687500e+01 -5.500000e+00 -1.000000e+01
    endloop
  endfacet
  facet normal 0.000000e+00 -1.000000e+00 0.000000e+00
    outer loop
      vertex   -8.750000e-01 -5.500000e+00 -1.000000e+01
      vertex   1.687500e+01 -5.500000e+00 -1.000000e+01
      vertex   -1.075962e+00 -5.500000e+00 -9.250000e+00
    endloop
  endfacet
  facet normal 0.000000e+00 -1.000000e+00 0.000000e+00
    outer loop
      vertex   -1.075962e+00 -5.500000e+00 -9.250000e+00
      vertex   1.687500e+01 -5.500000e+00 -1.000000e+01
      vertex   1.707596e+01 -5.500000e+00 -9.250000e+00
    endloop
  endfacet
  facet normal 0.000000e+00 -1.000000e+00 0.000000e+00
    outer loop
      vertex   -1.075962e+00 -5.500000e+00 -9.250000e+00
      vertex   1.707596e+01 -5.500000e+00 -9.250000e+00
      vertex   -1.625000e+00 -5.500000e+00 -8.700962e+00
    endloop
  endfacet
  facet normal 0.000000e+00 -1.000000e+00 0.000000e+00
    outer loop
      vertex   -1.625000e+00 -5.500000e+00 -8.700962e+00
      vertex   1.707596e+01 -5.500000e+00 -9.250000e+00
      vertex   1.762500e+01 -5.500000e+00 -8.700962e+00
    endloop
  endfacet
  facet normal 0.000000e+00 -1.000000e+00 0.000000e+00
    outer loop
      vertex   -1.625000e+00 -5.500000e+00 -8.700962e+00
      vertex   1.762500e+01 -5.500000e+00 -8.700962e+00
      vertex   1.283122e+00 -5.500000e+00 6.400000e+01
    endloop
  endfacet
  facet normal 0.000000e+00 -1.000000e+00 0.000000e+00
    outer loop
      vertex   1.283122e+00 -5.500000e+00 6.400000e+01
      vertex   1.762500e+01 -5.500000e+00 -8.700962e+00
      vertex   1.837500e+01 -5.500000e+00 -8.500000e+00
    endloop
  endfacet
  facet normal 0.000000e+00 -1.000000e+00 0.000000e+00
    outer loop
      vertex   1.283122e+00 -5.500000e+00 6.400000e+01
      vertex   1.837500e+01 -5.500000e+00 -8.500000e+00
      vertex   3.875000e+01 -5.500000e+00 0.000000e+00
    endloop
  endfacet
  facet normal 0.000000e+00 -1.000000e+00 0.000000e+00
    outer loop
      vertex   3.875000e+01 -5.500000e+00 0.000000e+00
      vertex   1.837500e+01 -5.500000e+00 -8.500000e+00
      vertex   1.912500e+01 -5.500000e+00 -8.700962e+00
    endloop
  endfacet
  facet normal 0.000000e+00 -1.000000e+00 0.000000e+00
    outer loop
      vertex   3.875000e+01 -5.500000e+00 0.000000e+00
      vertex   1.912500e+01 -5.500000e+00 -8.700962e+00
      vertex   1.967404e+01 -5.500000e+00 -9.250000e+00
    endloop
  endfacet
  facet normal -0.000000e+00 -1.000000e+00 -0.000000e+00
    outer loop
      vertex   1.707596e+01 -5.500000e+00 -1.075000e+01
      vertex   -1.075962e+00 -5.500000e+00 -1.075000e+01
      vertex   1.875000e+01 -5.500000e+00 -2.000000e+01
    endloop
  endfacet
  facet normal 0.000000e+00 -1.000000e+00 0.000000e+00
    outer loop
      vertex   1.875000e+01 -5.500000e+00 -2.000000e+01
      vertex   -1.075962e+00 -5.500000e+00 -1.075000e+01
      vertex   -1.625000e+00 -5.500000e+00 -1.129904e+01
    endloop
  endfacet
  facet normal 0.000000e+00 -1.000000e+00 0.000000e+00
    outer loop
      vertex   1.875000e+01 -5.500000e+00 -2.000000e+01
      vertex   -1.625000e+00 -5.500000e+00 -1.129904e+01
      vertex   -2.375000e+00 -5.500000e+00 -1.150000e+01
    endloop
  endfacet
  facet normal -0.000000e+00 -1.000000e+00 0.000000e+00
    outer loop
      vertex   1.875000e+01 -5.500000e+00 -2.000000e+01
      vertex   -2.375000e+00 -5.500000e+00 -1.150000e+01
      vertex   -3.350000e+01 -5.500000e+00 -2.000000e+01
    endloop
  endfacet
  facet normal 0.000000e+00 -1.000000e+00 0.000000e+00
    outer loop
      vertex   -3.350000e+01 -5.500000e+00 -2.000000e+01
      vertex   -2.375000e+00 -5.500000e+00 -1.150000e+01
      vertex   -3.125000e+00 -5.500000e+00 -1.129904e+01
    endloop
  endfacet
  facet normal 0.000000e+00 -1.000000e+00 0.000000e+00
    outer loop
      vertex   1.967404e+01 -5.500000e+00 -9.250000e+00
      vertex   1.987500e+01 -5.500000e+00 -1.000000e+01
      vertex   3.875000e+01 -5.500000e+00 0.000000e+00
    endloop
  endfacet
  facet normal 0.000000e+00 -1.000000e+00 0.000000e+00
    outer loop
      vertex   3.875000e+01 -5.500000e+00 0.000000e+00
      vertex   1.987500e+01 -5.500000e+00 -1.000000e+01
      vertex   1.967404e+01 -5.500000e+00 -1.075000e+01
    endloop
  endfacet
  facet normal 0.000000e+00 -1.000000e+00 0.000000e+00
    outer loop
      vertex   3.875000e+01 -5.500000e+00 0.000000e+00
      vertex   1.967404e+01 -5.500000e+00 -1.075000e+01
      vertex   1.875000e+01 -5.500000e+00 -2.000000e+01
    endloop
  endfacet
  facet normal 0.000000e+00 -1.000000e+00 0.000000e+00
    outer loop
      vertex   1.875000e+01 -5.500000e+00 -2.000000e+01
      vertex   1.967404e+01 -5.500000e+00 -1.075000e+01
      vertex   1.912500e+01 -5.500000e+00 -1.129904e+01
    endloop
  endfacet
  facet normal 0.000000e+00 -1.000000e+00 0.000000e+00
    outer loop
      vertex   1.875000e+01 -5.500000e+00 -2.000000e+01
      vertex   1.912500e+01 -5.500000e+00 -1.129904e+01
      vertex   1.837500e+01 -5.500000e+00 -1.150000e+01
    endloop
  endfacet
  facet normal -0.000000e+00 -1.000000e+00 -0.000000e+00
    outer loop
      vertex   1.837500e+01 -5.500000e+00 -1.150000e+01
      vertex   1.762500e+01 -5.500000e+00 -1.129904e+01
      vertex   1.875000e+01 -5.500000e+00 -2.000000e+01
    endloop
  endfacet
  facet normal 0.000000e+00 -1.000000e+00 0.000000e+00
    outer loop
      vertex   1.875000e+01 -5.500000e+00 -2.000000e+01
      vertex   1.762500e+01 -5.500000e+00 -1.129904e+01
      vertex   1.707596e+01 -5.500000e+00 -1.075000e+01
    endloop
  endfacet
  facet normal 0.000000e+00 -1.000000e+00 0.000000e+00
    outer loop
      vertex   4.875000e+01 -5.500000e+00 0.000000e+00
      vertex   4.875000e+01 -5.500000e+00 6.400000e+01
      vertex   3.875000e+01 -5.500000e+00 0.000000e+00
    endloop
  endfacet
  facet normal 0.000000e+00 -1.000000e+00 0.000000e+00
    outer loop
      vertex   3.875000e+01 -5.500000e+00 0.000000e+00
      vertex   4.875000e+01 -5.500000e+00 6.400000e+01
      vertex   1.283122e+00 -5.500000e+00 6.400000e+01
    endloop
  endfacet
  facet normal 1.532085e-16 -1.000000e+00 -1.614870e-16
    outer loop
      vertex   1.283122e+00 -5.500000e+00 6.400000e+01
      vertex   1.283122e+00 -5.500000e+00 7.500000e+01
      vertex   -3.350000e+01 -5.500000e+00 7.500000e+01
    endloop
  endfacet
  facet normal -8.660254e-01 -5.000000e-01 0.000000e+00
    outer loop
      vertex   5.613249e+00 -1.300000e+01 6.800000e+01
      vertex   5.613249e+00 -1.300000e+01 7.500000e+01
      vertex   3.592523e+00 -9.500000e+00 6.800000e+01
    endloop
  endfacet
  facet normal -8.660254e-01 -5.000000e-01 -2.051160e-16
    outer loop
      vertex   3.592523e+00 -9.500000e+00 6.800000e+01
      vertex   5.613249e+00 -1.300000e+01 7.500000e+01
      vertex   1.283122e+00 -5.500000e+00 7.500000e+01
    endloop
  endfacet
  facet normal -8.660254e-01 -5.000000e-01 5.199030e-15
    outer loop
      vertex   3.592523e+00 -9.500000e+00 6.800000e+01
      vertex   1.283122e+00 -5.500000e+00 7.500000e+01
      vertex   3.141981e+00 -8.719639e+00 6.792314e+01
    endloop
  endfacet
  facet normal -8.660254e-01 -5.000000e-01 4.773085e-16
    outer loop
      vertex   3.141981e+00 -8.719639e+00 6.792314e+01
      vertex   1.283122e+00 -5.500000e+00 7.500000e+01
      vertex   2.708753e+00 -7.969266e+00 6.769552e+01
    endloop
  endfacet
  facet normal -8.660254e-01 -5.000000e-01 3.224212e-16
    outer loop
      vertex   2.708753e+00 -7.969266e+00 6.769552e+01
      vertex   1.283122e+00 -5.500000e+00 7.500000e+01
      vertex   2.309488e+00 -7.277719e+00 6.732588e+01
    endloop
  endfacet
  facet normal -8.660254e-01 -5.000000e-01 3.647259e-16
    outer loop
      vertex   2.309488e+00 -7.277719e+00 6.732588e+01
      vertex   1.283122e+00 -5.500000e+00 7.500000e+01
      vertex   1.959530e+00 -6.671573e+00 6.682843e+01
    endloop
  endfacet
  facet normal -8.660254e-01 -5.000000e-01 4.027059e-16
    outer loop
      vertex   1.959530e+00 -6.671573e+00 6.682843e+01
      vertex   1.283122e+00 -5.500000e+00 7.500000e+01
      vertex   1.672326e+00 -6.174122e+00 6.622228e+01
    endloop
  endfacet
  facet normal -8.660254e-01 -5.000000e-01 2.655825e-16
    outer loop
      vertex   1.672326e+00 -6.174122e+00 6.622228e+01
      vertex   1.283122e+00 -5.500000e+00 7.500000e+01
      vertex   1.458914e+00 -5.804482e+00 6.553073e+01
    endloop
  endfacet
  facet normal -8.660254e-01 -5.000000e-01 2.646809e-16
    outer loop
      vertex   1.458914e+00 -5.804482e+00 6.553073e+01
      vertex   1.283122e+00 -5.500000e+00 7.500000e+01
      vertex   1.327496e+00 -5.576859e+00 6.478036e+01
    endloop
  endfacet
  facet normal -8.660254e-01 -5.000000e-01 4.437922e-16
    outer loop
      vertex   1.327496e+00 -5.576859e+00 6.478036e+01
      vertex   1.283122e+00 -5.500000e+00 7.500000e+01
      vertex   1.283122e+00 -5.500000e+00 6.400000e+01
    endloop
  endfacet
  facet normal 9.659258e-01 0.000000e+00 -2.588190e-01
    outer loop
      vertex   1.707596e+01 -2.000000e+00 -9.250000e+00
      vertex   1.707596e+01 -5.500000e+00 -9.250000e+00
      vertex   1.687500e+01 -2.000000e+00 -1.000000e+01
    endloop
  endfacet
  facet normal 9.659258e-01 0.000000e+00 -2.588190e-01
    outer loop
      vertex   1.687500e+01 -2.000000e+00 -1.000000e+01
      vertex   1.707596e+01 -5.500000e+00 -9.250000e+00
      vertex   1.687500e+01 -5.500000e+00 -1.000000e+01
    endloop
  endfacet
  facet normal 9.659258e-01 0.000000e+00 2.588190e-01
    outer loop
      vertex   1.687500e+01 -2.000000e+00 -1.000000e+01
      vertex   1.687500e+01 -5.500000e+00 -1.000000e+01
      vertex   1.707596e+01 -2.000000e+00 -1.075000e+01
    endloop
  endfacet
  facet normal 9.659258e-01 -1.313586e-16 2.588190e-01
    outer loop
      vertex   1.707596e+01 -2.000000e+00 -1.075000e+01
      vertex   1.687500e+01 -5.500000e+00 -1.000000e+01
      vertex   1.707596e+01 -5.500000e+00 -1.075000e+01
    endloop
  endfacet
  facet normal 7.071068e-01 -3.588783e-16 7.071068e-01
    outer loop
      vertex   1.707596e+01 -2.000000e+00 -1.075000e+01
      vertex   1.707596e+01 -5.500000e+00 -1.075000e+01
      vertex   1.762500e+01 -2.000000e+00 -1.129904e+01
    endloop
  endfacet
  facet normal 7.071068e-01 0.000000e+00 7.071068e-01
    outer loop
      vertex   1.762500e+01 -2.000000e+00 -1.129904e+01
      vertex   1.707596e+01 -5.500000e+00 -1.075000e+01
      vertex   1.762500e+01 -5.500000e+00 -1.129904e+01
    endloop
  endfacet
  facet normal 2.588190e-01 0.000000e+00 9.659258e-01
    outer loop
      vertex   1.762500e+01 -2.000000e+00 -1.129904e+01
      vertex   1.762500e+01 -5.500000e+00 -1.129904e+01
      vertex   1.837500e+01 -2.000000e+00 -1.150000e+01
    endloop
  endfacet
  facet normal 2.588190e-01 0.000000e+00 9.659258e-01
    outer loop
      vertex   1.837500e+01 -2.000000e+00 -1.150000e+01
      vertex   1.762500e+01 -5.500000e+00 -1.129904e+01
      vertex   1.837500e+01 -5.500000e+00 -1.150000e+01
    endloop
  endfacet
  facet normal -2.588190e-01 0.000000e+00 9.659258e-01
    outer loop
      vertex   1.837500e+01 -2.000000e+00 -1.150000e+01
      vertex   1.837500e+01 -5.500000e+00 -1.150000e+01
      vertex   1.912500e+01 -2.000000e+00 -1.129904e+01
    endloop
  endfacet
  facet normal -2.588190e-01 0.000000e+00 9.659258e-01
    outer loop
      vertex   1.912500e+01 -2.000000e+00 -1.129904e+01
      vertex   1.837500e+01 -5.500000e+00 -1.150000e+01
      vertex   1.912500e+01 -5.500000e+00 -1.129904e+01
    endloop
  endfacet
  facet normal -7.071068e-01 0.000000e+00 7.071068e-01
    outer loop
      vertex   1.912500e+01 -2.000000e+00 -1.129904e+01
      vertex   1.912500e+01 -5.500000e+00 -1.129904e+01
      vertex   1.967404e+01 -2.000000e+00 -1.075000e+01
    endloop
  endfacet
  facet normal -7.071068e-01 0.000000e+00 7.071068e-01
    outer loop
      vertex   1.967404e+01 -2.000000e+00 -1.075000e+01
      vertex   1.912500e+01 -5.500000e+00 -1.129904e+01
      vertex   1.967404e+01 -5.500000e+00 -1.075000e+01
    endloop
  endfacet
  facet normal -9.659258e-01 0.000000e+00 2.588190e-01
    outer loop
      vertex   1.967404e+01 -2.000000e+00 -1.075000e+01
      vertex   1.967404e+01 -5.500000e+00 -1.075000e+01
      vertex   1.987500e+01 -2.000000e+00 -1.000000e+01
    endloop
  endfacet
  facet normal -9.659258e-01 0.000000e+00 2.588190e-01
    outer loop
      vertex   1.987500e+01 -2.000000e+00 -1.000000e+01
      vertex   1.967404e+01 -5.500000e+00 -1.075000e+01
      vertex   1.987500e+01 -5.500000e+00 -1.000000e+01
    endloop
  endfacet
  facet normal -9.659258e-01 -0.000000e+00 -2.588190e-01
    outer loop
      vertex   1.987500e+01 -2.000000e+00 -1.000000e+01
      vertex   1.987500e+01 -5.500000e+00 -1.000000e+01
      vertex   1.967404e+01 -2.000000e+00 -9.250000e+00
    endloop
  endfacet
  facet normal -9.659258e-01 -0.000000e+00 -2.588190e-01
    outer loop
      vertex   1.967404e+01 -2.000000e+00 -9.250000e+00
      vertex   1.987500e+01 -5.500000e+00 -1.000000e+01
      vertex   1.967404e+01 -5.500000e+00 -9.250000e+00
    endloop
  endfacet
  facet normal -7.071068e-01 -0.000000e+00 -7.071068e-01
    outer loop
      vertex   1.967404e+01 -2.000000e+00 -9.250000e+00
      vertex   1.967404e+01 -5.500000e+00 -9.250000e+00
      vertex   1.912500e+01 -2.000000e+00 -8.700962e+00
    endloop
  endfacet
  facet normal -7.071068e-01 7.177566e-16 -7.071068e-01
    outer loop
      vertex   1.912500e+01 -2.000000e+00 -8.700962e+00
      vertex   1.967404e+01 -5.500000e+00 -9.250000e+00
      vertex   1.912500e+01 -5.500000e+00 -8.700962e+00
    endloop
  endfacet
  facet normal -2.588190e-01 2.627171e-16 -9.659258e-01
    outer loop
      vertex   1.912500e+01 -2.000000e+00 -8.700962e+00
      vertex   1.912500e+01 -5.500000e+00 -8.700962e+00
      vertex   1.837500e+01 -2.000000e+00 -8.500000e+00
    endloop
  endfacet
  facet normal -2.588190e-01 -0.000000e+00 -9.659258e-01
    outer loop
      vertex   1.837500e+01 -2.000000e+00 -8.500000e+00
      vertex   1.912500e+01 -5.500000e+00 -8.700962e+00
      vertex   1.837500e+01 -5.500000e+00 -8.500000e+00
    endloop
  endfacet
  facet normal 2.588190e-01 0.000000e+00 -9.659258e-01
    outer loop
      vertex   1.837500e+01 -2.000000e+00 -8.500000e+00
      vertex   1.837500e+01 -5.500000e+00 -8.500000e+00
      vertex   1.762500e+01 -2.000000e+00 -8.700962e+00
    endloop
  endfacet
  facet normal 2.588190e-01 0.000000e+00 -9.659258e-01
    outer loop
      vertex   1.762500e+01 -2.000000e+00 -8.700962e+00
      vertex   1.837500e+01 -5.500000e+00 -8.500000e+00
      vertex   1.762500e+01 -5.500000e+00 -8.700962e+00
    endloop
  endfacet
  facet normal 7.071068e-01 0.000000e+00 -7.071068e-01
    outer loop
      vertex   1.762500e+01 -2.000000e+00 -8.700962e+00
      vertex   1.762500e+01 -5.500000e+00 -8.700962e+00
      vertex   1.707596e+01 -2.000000e+00 -9.250000e+00
    endloop
  endfacet
  facet normal 7.071068e-01 0.000000e+00 -7.071068e-01
    outer loop
      vertex   1.707596e+01 -2.000000e+00 -9.250000e+00
      vertex   1.762500e+01 -5.500000e+00 -8.700962e+00
      vertex   1.707596e+01 -5.500000e+00 -9.250000e+00
    endloop
  endfacet
  facet normal 9.659258e-01 -3.676776e-16 -2.588190e-01
    outer loop
      vertex   -3.674038e+00 -2.000000e+00 -9.250000e+00
      vertex   -3.674038e+00 -5.500000e+00 -9.250000e+00
      vertex   -3.875000e+00 -2.000000e+00 -1.000000e+01
    endloop
  endfacet
  facet normal 9.659258e-01 0.000000e+00 -2.588190e-01
    outer loop
      vertex   -3.875000e+00 -2.000000e+00 -1.000000e+01
      vertex   -3.674038e+00 -5.500000e+00 -9.250000e+00
      vertex   -3.875000e+00 -5.500000e+00 -1.000000e+01
    endloop
  endfacet
  facet normal 9.659258e-01 0.000000e+00 2.588190e-01
    outer loop
      vertex   -3.875000e+00 -2.000000e+00 -1.000000e+01
      vertex   -3.875000e+00 -5.500000e+00 -1.000000e+01
      vertex   -3.674038e+00 -2.000000e+00 -1.075000e+01
    endloop
  endfacet
  facet normal 9.659258e-01 -8.799355e-18 2.588190e-01
    outer loop
      vertex   -3.674038e+00 -2.000000e+00 -1.075000e+01
      vertex   -3.875000e+00 -5.500000e+00 -1.000000e+01
      vertex   -3.674038e+00 -5.500000e+00 -1.075000e+01
    endloop
  endfacet
  facet normal 7.071068e-01 -2.691587e-16 7.071068e-01
    outer loop
      vertex   -3.674038e+00 -2.000000e+00 -1.075000e+01
      vertex   -3.674038e+00 -5.500000e+00 -1.075000e+01
      vertex   -3.125000e+00 -2.000000e+00 -1.129904e+01
    endloop
  endfacet
  facet normal 7.071068e-01 2.691587e-16 7.071068e-01
    outer loop
      vertex   -3.125000e+00 -2.000000e+00 -1.129904e+01
      vertex   -3.674038e+00 -5.500000e+00 -1.075000e+01
      vertex   -3.125000e+00 -5.500000e+00 -1.129904e+01
    endloop
  endfacet
  facet normal 2.588190e-01 9.851892e-17 9.659258e-01
    outer loop
      vertex   -3.125000e+00 -2.000000e+00 -1.129904e+01
      vertex   -3.125000e+00 -5.500000e+00 -1.129904e+01
      vertex   -2.375000e+00 -2.000000e+00 -1.150000e+01
    endloop
  endfacet
  facet normal 2.588190e-01 0.000000e+00 9.659258e-01
    outer loop
      vertex   -2.375000e+00 -2.000000e+00 -1.150000e+01
      vertex   -3.125000e+00 -5.500000e+00 -1.129904e+01
      vertex   -2.375000e+00 -5.500000e+00 -1.150000e+01
    endloop
  endfacet
  facet normal -2.588190e-01 0.000000e+00 9.659258e-01
    outer loop
      vertex   -2.375000e+00 -2.000000e+00 -1.150000e+01
      vertex   -2.375000e+00 -5.500000e+00 -1.150000e+01
      vertex   -1.625000e+00 -2.000000e+00 -1.129904e+01
    endloop
  endfacet
  facet normal -2.588190e-01 0.000000e+00 9.659258e-01
    outer loop
      vertex   -1.625000e+00 -2.000000e+00 -1.129904e+01
      vertex   -2.375000e+00 -5.500000e+00 -1.150000e+01
      vertex   -1.625000e+00 -5.500000e+00 -1.129904e+01
    endloop
  endfacet
  facet normal -7.071068e-01 0.000000e+00 7.071068e-01
    outer loop
      vertex   -1.625000e+00 -2.000000e+00 -1.129904e+01
      vertex   -1.625000e+00 -5.500000e+00 -1.129904e+01
      vertex   -1.075962e+00 -2.000000e+00 -1.075000e+01
    endloop
  endfacet
  facet normal -7.071068e-01 -4.485978e-17 7.071068e-01
    outer loop
      vertex   -1.075962e+00 -2.000000e+00 -1.075000e+01
      vertex   -1.625000e+00 -5.500000e+00 -1.129904e+01
      vertex   -1.075962e+00 -5.500000e+00 -1.075000e+01
    endloop
  endfacet
  facet normal -9.659258e-01 -6.127961e-17 2.588190e-01
    outer loop
      vertex   -1.075962e+00 -2.000000e+00 -1.075000e+01
      vertex   -1.075962e+00 -5.500000e+00 -1.075000e+01
      vertex   -8.750000e-01 -2.000000e+00 -1.000000e+01
    endloop
  endfacet
  facet normal -9.659258e-01 0.000000e+00 2.588190e-01
    outer loop
      vertex   -8.750000e-01 -2.000000e+00 -1.000000e+01
      vertex   -1.075962e+00 -5.500000e+00 -1.075000e+01
      vertex   -8.750000e-01 -5.500000e+00 -1.000000e+01
    endloop
  endfacet
  facet normal -9.659258e-01 -0.000000e+00 -2.588190e-01
    outer loop
      vertex   -8.750000e-01 -2.000000e+00 -1.000000e+01
      vertex   -8.750000e-01 -5.500000e+00 -1.000000e+01
      vertex   -1.075962e+00 -2.000000e+00 -9.250000e+00
    endloop
  endfacet
  facet normal -9.659258e-01 6.127961e-17 -2.588190e-01
    outer loop
      vertex   -1.075962e+00 -2.000000e+00 -9.250000e+00
      vertex   -8.750000e-01 -5.500000e+00 -1.000000e+01
      vertex   -1.075962e+00 -5.500000e+00 -9.250000e+00
    endloop
  endfacet
  facet normal -7.071068e-01 4.485978e-17 -7.071068e-01
    outer loop
      vertex   -1.075962e+00 -2.000000e+00 -9.250000e+00
      vertex   -1.075962e+00 -5.500000e+00 -9.250000e+00
      vertex   -1.625000e+00 -2.000000e+00 -8.700962e+00
    endloop
  endfacet
  facet normal -7.071068e-01 3.140185e-16 -7.071068e-01
    outer loop
      vertex   -1.625000e+00 -2.000000e+00 -8.700962e+00
      vertex   -1.075962e+00 -5.500000e+00 -9.250000e+00
      vertex   -1.625000e+00 -5.500000e+00 -8.700962e+00
    endloop
  endfacet
  facet normal -2.588190e-01 1.149387e-16 -9.659258e-01
    outer loop
      vertex   -1.625000e+00 -2.000000e+00 -8.700962e+00
      vertex   -1.625000e+00 -5.500000e+00 -8.700962e+00
      vertex   -2.375000e+00 -2.000000e+00 -8.500000e+00
    endloop
  endfacet
  facet normal -2.588190e-01 3.283964e-17 -9.659258e-01
    outer loop
      vertex   -2.375000e+00 -2.000000e+00 -8.500000e+00
      vertex   -1.625000e+00 -5.500000e+00 -8.700962e+00
      vertex   -2.375000e+00 -5.500000e+00 -8.500000e+00
    endloop
  endfacet
  facet normal 2.588190e-01 -3.283964e-17 -9.659258e-01
    outer loop
      vertex   -2.375000e+00 -2.000000e+00 -8.500000e+00
      vertex   -2.375000e+00 -5.500000e+00 -8.500000e+00
      vertex   -3.125000e+00 -2.000000e+00 -8.700962e+00
    endloop
  endfacet
  facet normal 2.588190e-01 -1.313586e-16 -9.659258e-01
    outer loop
      vertex   -3.125000e+00 -2.000000e+00 -8.700962e+00
      vertex   -2.375000e+00 -5.500000e+00 -8.500000e+00
      vertex   -3.125000e+00 -5.500000e+00 -8.700962e+00
    endloop
  endfacet
  facet normal 7.071068e-01 -3.588783e-16 -7.071068e-01
    outer loop
      vertex   -3.125000e+00 -2.000000e+00 -8.700962e+00
      vertex   -3.125000e+00 -5.500000e+00 -8.700962e+00
      vertex   -3.674038e+00 -2.000000e+00 -9.250000e+00
    endloop
  endfacet
  facet normal 7.071068e-01 -2.691587e-16 -7.071068e-01
    outer loop
      vertex   -3.674038e+00 -2.000000e+00 -9.250000e+00
      vertex   -3.125000e+00 -5.500000e+00 -8.700962e+00
      vertex   -3.674038e+00 -5.500000e+00 -9.250000e+00
    endloop
  endfacet
  facet normal 9.659258e-01 0.000000e+00 -2.588190e-01
    outer loop
      vertex   -2.442404e+01 -2.000000e+00 -9.250000e+00
      vertex   -2.442404e+01 -5.500000e+00 -9.250000e+00
      vertex   -2.462500e+01 -2.000000e+00 -1.000000e+01
    endloop
  endfacet
  facet normal 9.659258e-01 0.000000e+00 -2.588190e-01
    outer loop
      vertex   -2.462500e+01 -2.000000e+00 -1.000000e+01
      vertex   -2.442404e+01 -5.500000e+00 -9.250000e+00
      vertex   -2.462500e+01 -5.500000e+00 -1.000000e+01
    endloop
  endfacet
  facet normal 9.659258e-01 0.000000e+00 2.588190e-01
    outer loop
      vertex   -2.462500e+01 -2.000000e+00 -1.000000e+01
      vertex   -2.462500e+01 -5.500000e+00 -1.000000e+01
      vertex   -2.442404e+01 -2.000000e+00 -1.075000e+01
    endloop
  endfacet
  facet normal 9.659258e-01 -1.313586e-16 2.588190e-01
    outer loop
      vertex   -2.442404e+01 -2.000000e+00 -1.075000e+01
      vertex   -2.462500e+01 -5.500000e+00 -1.000000e+01
      vertex   -2.442404e+01 -5.500000e+00 -1.075000e+01
    endloop
  endfacet
  facet normal 7.071068e-01 -3.588783e-16 7.071068e-01
    outer loop
      vertex   -2.442404e+01 -2.000000e+00 -1.075000e+01
      vertex   -2.442404e+01 -5.500000e+00 -1.075000e+01
      vertex   -2.387500e+01 -2.000000e+00 -1.129904e+01
    endloop
  endfacet
  facet normal 7.071068e-01 0.000000e+00 7.071068e-01
    outer loop
      vertex   -2.387500e+01 -2.000000e+00 -1.129904e+01
      vertex   -2.442404e+01 -5.500000e+00 -1.075000e+01
      vertex   -2.387500e+01 -5.500000e+00 -1.129904e+01
    endloop
  endfacet
  facet normal 2.588190e-01 0.000000e+00 9.659258e-01
    outer loop
      vertex   -2.387500e+01 -2.000000e+00 -1.129904e+01
      vertex   -2.387500e+01 -5.500000e+00 -1.129904e+01
      vertex   -2.312500e+01 -2.000000e+00 -1.150000e+01
    endloop
  endfacet
  facet normal 2.588190e-01 0.000000e+00 9.659258e-01
    outer loop
      vertex   -2.312500e+01 -2.000000e+00 -1.150000e+01
      vertex   -2.387500e+01 -5.500000e+00 -1.129904e+01
      vertex   -2.312500e+01 -5.500000e+00 -1.150000e+01
    endloop
  endfacet
  facet normal -2.588190e-01 0.000000e+00 9.659258e-01
    outer loop
      vertex   -2.312500e+01 -2.000000e+00 -1.150000e+01
      vertex   -2.312500e+01 -5.500000e+00 -1.150000e+01
      vertex   -2.237500e+01 -2.000000e+00 -1.129904e+01
    endloop
  endfacet
  facet normal -2.588190e-01 0.000000e+00 9.659258e-01
    outer loop
      vertex   -2.237500e+01 -2.000000e+00 -1.129904e+01
      vertex   -2.312500e+01 -5.500000e+00 -1.150000e+01
      vertex   -2.237500e+01 -5.500000e+00 -1.129904e+01
    endloop
  endfacet
  facet normal -7.071068e-01 0.000000e+00 7.071068e-01
    outer loop
      vertex   -2.237500e+01 -2.000000e+00 -1.129904e+01
      vertex   -2.237500e+01 -5.500000e+00 -1.129904e+01
      vertex   -2.182596e+01 -2.000000e+00 -1.075000e+01
    endloop
  endfacet
  facet normal -7.071068e-01 0.000000e+00 7.071068e-01
    outer loop
      vertex   -2.182596e+01 -2.000000e+00 -1.075000e+01
      vertex   -2.237500e+01 -5.500000e+00 -1.129904e+01
      vertex   -2.182596e+01 -5.500000e+00 -1.075000e+01
    endloop
  endfacet
  facet normal -9.659258e-01 0.000000e+00 2.588190e-01
    outer loop
      vertex   -2.182596e+01 -2.000000e+00 -1.075000e+01
      vertex   -2.182596e+01 -5.500000e+00 -1.075000e+01
      vertex   -2.162500e+01 -2.000000e+00 -1.000000e+01
    endloop
  endfacet
  facet normal -9.659258e-01 0.000000e+00 2.588190e-01
    outer loop
      vertex   -2.162500e+01 -2.000000e+00 -1.000000e+01
      vertex   -2.182596e+01 -5.500000e+00 -1.075000e+01
      vertex   -2.162500e+01 -5.500000e+00 -1.000000e+01
    endloop
  endfacet
  facet normal -9.659258e-01 -0.000000e+00 -2.588190e-01
    outer loop
      vertex   -2.162500e+01 -2.000000e+00 -1.000000e+01
      vertex   -2.162500e+01 -5.500000e+00 -1.000000e+01
      vertex   -2.182596e+01 -2.000000e+00 -9.250000e+00
    endloop
  endfacet
  facet normal -9.659258e-01 -0.000000e+00 -2.588190e-01
    outer loop
      vertex   -2.182596e+01 -2.000000e+00 -9.250000e+00
      vertex   -2.162500e+01 -5.500000e+00 -1.000000e+01
      vertex   -2.182596e+01 -5.500000e+00 -9.250000e+00
    endloop
  endfacet
  facet normal -7.071068e-01 -0.000000e+00 -7.071068e-01
    outer loop
      vertex   -2.182596e+01 -2.000000e+00 -9.250000e+00
      vertex   -2.182596e+01 -5.500000e+00 -9.250000e+00
      vertex   -2.237500e+01 -2.000000e+00 -8.700962e+00
    endloop
  endfacet
  facet normal -7.071068e-01 7.177566e-16 -7.071068e-01
    outer loop
      vertex   -2.237500e+01 -2.000000e+00 -8.700962e+00
      vertex   -2.182596e+01 -5.500000e+00 -9.250000e+00
      vertex   -2.237500e+01 -5.500000e+00 -8.700962e+00
    endloop
  endfacet
  facet normal -2.588190e-01 2.627171e-16 -9.659258e-01
    outer loop
      vertex   -2.237500e+01 -2.000000e+00 -8.700962e+00
      vertex   -2.237500e+01 -5.500000e+00 -8.700962e+00
      vertex   -2.312500e+01 -2.000000e+00 -8.500000e+00
    endloop
  endfacet
  facet normal -2.588190e-01 -0.000000e+00 -9.659258e-01
    outer loop
      vertex   -2.312500e+01 -2.000000e+00 -8.500000e+00
      vertex   -2.237500e+01 -5.500000e+00 -8.700962e+00
      vertex   -2.312500e+01 -5.500000e+00 -8.500000e+00
    endloop
  endfacet
  facet normal 2.588190e-01 0.000000e+00 -9.659258e-01
    outer loop
      vertex   -2.312500e+01 -2.000000e+00 -8.500000e+00
      vertex   -2.312500e+01 -5.500000e+00 -8.500000e+00
      vertex   -2.387500e+01 -2.000000e+00 -8.700962e+00
    endloop
  endfacet
  facet normal 2.588190e-01 -2.627171e-16 -9.659258e-01
    outer loop
      vertex   -2.387500e+01 -2.000000e+00 -8.700962e+00
      vertex   -2.312500e+01 -5.500000e+00 -8.500000e+00
      vertex   -2.387500e+01 -5.500000e+00 -8.700962e+00
    endloop
  endfacet
  facet normal 7.071068e-01 -7.177566e-16 -7.071068e-01
    outer loop
      vertex   -2.387500e+01 -2.000000e+00 -8.700962e+00
      vertex   -2.387500e+01 -5.500000e+00 -8.700962e+00
      vertex   -2.442404e+01 -2.000000e+00 -9.250000e+00
    endloop
  endfacet
  facet normal 7.071068e-01 0.000000e+00 -7.071068e-01
    outer loop
      vertex   -2.442404e+01 -2.000000e+00 -9.250000e+00
      vertex   -2.387500e+01 -5.500000e+00 -8.700962e+00
      vertex   -2.442404e+01 -5.500000e+00 -9.250000e+00
    endloop
  endfacet
  facet normal 0.000000e+00 0.000000e+00 -1.000000e+00
    outer loop
      vertex   4.875000e+01 3.500000e+00 0.000000e+00
      vertex   -3.350000e+01 1.000000e+00 0.000000e+00
      vertex   -3.975000e+01 3.500000e+00 0.000000e+00
    endloop
  endfacet
  facet normal 0.000000e+00 0.000000e+00 -1.000000e+00
    outer loop
      vertex   -3.975000e+01 3.500000e+00 0.000000e+00
      vertex   -3.350000e+01 1.000000e+00 0.000000e+00
      vertex   -3.975000e+01 2.500000e+00 0.000000e+00
    endloop
  endfacet
  facet normal 0.000000e+00 -0.000000e+00 -1.000000e+00
    outer loop
      vertex   -3.975000e+01 3.500000e+00 0.000000e+00
      vertex   -3.975000e+01 2.500000e+00 0.000000e+00
      vertex   -4.875000e+01 2.500000e+00 0.000000e+00
    endloop
  endfacet
  facet normal 0.000000e+00 0.000000e+00 -1.000000e+00
    outer loop
      vertex   -3.350000e+01 1.000000e+00 0.000000e+00
      vertex   4.875000e+01 3.500000e+00 0.000000e+00
      vertex   3.875000e+01 -2.000000e+00 0.000000e+00
    endloop
  endfacet
  facet normal 0.000000e+00 0.000000e+00 -1.000000e+00
    outer loop
      vertex   3.875000e+01 -2.000000e+00 0.000000e+00
      vertex   4.875000e+01 3.500000e+00 0.000000e+00
      vertex   4.875000e+01 -5.500000e+00 0.000000e+00
    endloop
  endfacet
  facet normal 0.000000e+00 0.000000e+00 -1.000000e+00
    outer loop
      vertex   3.875000e+01 -2.000000e+00 0.000000e+00
      vertex   4.875000e+01 -5.500000e+00 0.000000e+00
      vertex   3.875000e+01 -5.500000e+00 0.000000e+00
    endloop
  endfacet
  facet normal 0.000000e+00 0.000000e+00 -1.000000e+00
    outer loop
      vertex   3.875000e+01 -2.000000e+00 0.000000e+00
      vertex   -3.350000e+01 -2.000000e+00 0.000000e+00
      vertex   -3.350000e+01 1.000000e+00 0.000000e+00
    endloop
  endfacet
  facet normal -0.000000e+00 0.000000e+00 -1.000000e+00
    outer loop
      vertex   -3.350000e+01 1.000000e+00 0.000000e+00
      vertex   -3.975000e+01 1.000000e+00 0.000000e+00
      vertex   -3.975000e+01 2.500000e+00 0.000000e+00
    endloop
  endfacet
  facet normal 0.000000e+00 0.000000e+00 -1.000000e+00
    outer loop
      vertex   -4.875000e+01 2.500000e+00 0.000000e+00
      vertex   -4.875000e+01 5.500000e+00 0.000000e+00
      vertex   -3.975000e+01 3.500000e+00 0.000000e+00
    endloop
  endfacet
  facet normal 0.000000e+00 0.000000e+00 -1.000000e+00
    outer loop
      vertex   -3.975000e+01 3.500000e+00 0.000000e+00
      vertex   -4.875000e+01 5.500000e+00 0.000000e+00
      vertex   -3.975000e+01 5.500000e+00 0.000000e+00
    endloop
  endfacet
  facet normal 7.071068e-01 0.000000e+00 -7.071068e-01
    outer loop
      vertex   1.875000e+01 -2.000000e+00 -2.000000e+01
      vertex   3.875000e+01 -2.000000e+00 0.000000e+00
      vertex   1.875000e+01 -5.500000e+00 -2.000000e+01
    endloop
  endfacet
  facet normal 7.071068e-01 0.000000e+00 -7.071068e-01
    outer loop
      vertex   1.875000e+01 -5.500000e+00 -2.000000e+01
      vertex   3.875000e+01 -2.000000e+00 0.000000e+00
      vertex   3.875000e+01 -5.500000e+00 0.000000e+00
    endloop
  endfacet
  facet normal 2.719781e-16 0.000000e+00 -1.000000e+00
    outer loop
      vertex   1.875000e+01 -5.500000e+00 -2.000000e+01
      vertex   -3.350000e+01 -5.500000e+00 -2.000000e+01
      vertex   1.875000e+01 -2.000000e+00 -2.000000e+01
    endloop
  endfacet
  facet normal 2.719781e-16 0.000000e+00 -1.000000e+00
    outer loop
      vertex   1.875000e+01 -2.000000e+00 -2.000000e+01
      vertex   -3.350000e+01 -5.500000e+00 -2.000000e+01
      vertex   -3.350000e+01 -2.000000e+00 -2.000000e+01
    endloop
  endfacet
  facet normal 0.000000e+00 1.000000e+00 0.000000e+00
    outer loop
      vertex   1.707596e+01 -2.000000e+00 -1.075000e+01
      vertex   -1.075962e+00 -2.000000e+00 -1.075000e+01
      vertex   1.687500e+01 -2.000000e+00 -1.000000e+01
    endloop
  endfacet
  facet normal 0.000000e+00 1.000000e+00 0.000000e+00
    outer loop
      vertex   1.687500e+01 -2.000000e+00 -1.000000e+01
      vertex   -1.075962e+00 -2.000000e+00 -1.075000e+01
      vertex   -8.750000e-01 -2.000000e+00 -1.000000e+01
    endloop
  endfacet
  facet normal 0.000000e+00 1.000000e+00 0.000000e+00
    outer loop
      vertex   1.687500e+01 -2.000000e+00 -1.000000e+01
      vertex   -8.750000e-01 -2.000000e+00 -1.000000e+01
      vertex   -1.075962e+00 -2.000000e+00 -9.250000e+00
    endloop
  endfacet
  facet normal -0.000000e+00 1.000000e+00 0.000000e+00
    outer loop
      vertex   -1.075962e+00 -2.000000e+00 -1.075000e+01
      vertex   1.707596e+01 -2.000000e+00 -1.075000e+01
      vertex   -1.625000e+00 -2.000000e+00 -1.129904e+01
    endloop
  endfacet
  facet normal 0.000000e+00 1.000000e+00 0.000000e+00
    outer loop
      vertex   -1.625000e+00 -2.000000e+00 -1.129904e+01
      vertex   1.707596e+01 -2.000000e+00 -1.075000e+01
      vertex   1.762500e+01 -2.000000e+00 -1.129904e+01
    endloop
  endfacet
  facet normal -0.000000e+00 1.000000e+00 0.000000e+00
    outer loop
      vertex   -1.625000e+00 -2.000000e+00 -1.129904e+01
      vertex   1.762500e+01 -2.000000e+00 -1.129904e+01
      vertex   1.837500e+01 -2.000000e+00 -1.150000e+01
    endloop
  endfacet
  facet normal 0.000000e+00 1.000000e+00 0.000000e+00
    outer loop
      vertex   1.912500e+01 -2.000000e+00 -1.129904e+01
      vertex   1.875000e+01 -2.000000e+00 -2.000000e+01
      vertex   1.837500e+01 -2.000000e+00 -1.150000e+01
    endloop
  endfacet
  facet normal 0.000000e+00 1.000000e+00 0.000000e+00
    outer loop
      vertex   1.837500e+01 -2.000000e+00 -1.150000e+01
      vertex   1.875000e+01 -2.000000e+00 -2.000000e+01
      vertex   -2.375000e+00 -2.000000e+00 -1.150000e+01
    endloop
  endfacet
  facet normal 0.000000e+00 1.000000e+00 0.000000e+00
    outer loop
      vertex   1.837500e+01 -2.000000e+00 -1.150000e+01
      vertex   -2.375000e+00 -2.000000e+00 -1.150000e+01
      vertex   -1.625000e+00 -2.000000e+00 -1.129904e+01
    endloop
  endfacet
  facet normal -0.000000e+00 1.000000e+00 0.000000e+00
    outer loop
      vertex   1.912500e+01 -2.000000e+00 -1.129904e+01
      vertex   1.967404e+01 -2.000000e+00 -1.075000e+01
      vertex   1.875000e+01 -2.000000e+00 -2.000000e+01
    endloop
  endfacet
  facet normal 0.000000e+00 1.000000e+00 0.000000e+00
    outer loop
      vertex   1.875000e+01 -2.000000e+00 -2.000000e+01
      vertex   1.967404e+01 -2.000000e+00 -1.075000e+01
      vertex   3.875000e+01 -2.000000e+00 0.000000e+00
    endloop
  endfacet
  facet normal 0.000000e+00 1.000000e+00 0.000000e+00
    outer loop
      vertex   3.875000e+01 -2.000000e+00 0.000000e+00
      vertex   1.967404e+01 -2.000000e+00 -1.075000e+01
      vertex   1.987500e+01 -2.000000e+00 -1.000000e+01
    endloop
  endfacet
  facet normal 0.000000e+00 1.000000e+00 0.000000e+00
    outer loop
      vertex   3.875000e+01 -2.000000e+00 0.000000e+00
      vertex   1.987500e+01 -2.000000e+00 -1.000000e+01
      vertex   1.967404e+01 -2.000000e+00 -9.250000e+00
    endloop
  endfacet
  facet normal 0.000000e+00 1.000000e+00 -0.000000e+00
    outer loop
      vertex   1.967404e+01 -2.000000e+00 -9.250000e+00
      vertex   1.912500e+01 -2.000000e+00 -8.700962e+00
      vertex   3.875000e+01 -2.000000e+00 0.000000e+00
    endloop
  endfacet
  facet normal 0.000000e+00 1.000000e+00 0.000000e+00
    outer loop
      vertex   3.875000e+01 -2.000000e+00 0.000000e+00
      vertex   1.912500e+01 -2.000000e+00 -8.700962e+00
      vertex   1.837500e+01 -2.000000e+00 -8.500000e+00
    endloop
  endfacet
  facet normal 0.000000e+00 1.000000e+00 0.000000e+00
    outer loop
      vertex   3.875000e+01 -2.000000e+00 0.000000e+00
      vertex   1.837500e+01 -2.000000e+00 -8.500000e+00
      vertex   -2.375000e+00 -2.000000e+00 -8.500000e+00
    endloop
  endfacet
  facet normal -0.000000e+00 1.000000e+00 0.000000e+00
    outer loop
      vertex   -2.375000e+00 -2.000000e+00 -8.500000e+00
      vertex   1.837500e+01 -2.000000e+00 -8.500000e+00
      vertex   -1.625000e+00 -2.000000e+00 -8.700962e+00
    endloop
  endfacet
  facet normal 0.000000e+00 1.000000e+00 0.000000e+00
    outer loop
      vertex   -1.625000e+00 -2.000000e+00 -8.700962e+00
      vertex   1.837500e+01 -2.000000e+00 -8.500000e+00
      vertex   1.762500e+01 -2.000000e+00 -8.700962e+00
    endloop
  endfacet
  facet normal -0.000000e+00 1.000000e+00 0.000000e+00
    outer loop
      vertex   -1.625000e+00 -2.000000e+00 -8.700962e+00
      vertex   1.762500e+01 -2.000000e+00 -8.700962e+00
      vertex   1.707596e+01 -2.000000e+00 -9.250000e+00
    endloop
  endfacet
  facet normal 0.000000e+00 1.000000e+00 0.000000e+00
    outer loop
      vertex   -1.625000e+00 -2.000000e+00 -8.700962e+00
      vertex   1.707596e+01 -2.000000e+00 -9.250000e+00
      vertex   -1.075962e+00 -2.000000e+00 -9.250000e+00
    endloop
  endfacet
  facet normal -0.000000e+00 1.000000e+00 0.000000e+00
    outer loop
      vertex   -1.075962e+00 -2.000000e+00 -9.250000e+00
      vertex   1.707596e+01 -2.000000e+00 -9.250000e+00
      vertex   1.687500e+01 -2.000000e+00 -1.000000e+01
    endloop
  endfacet
  facet normal 0.000000e+00 1.000000e+00 0.000000e+00
    outer loop
      vertex   -3.674038e+00 -2.000000e+00 -1.075000e+01
      vertex   -2.182596e+01 -2.000000e+00 -1.075000e+01
      vertex   -3.875000e+00 -2.000000e+00 -1.000000e+01
    endloop
  endfacet
  facet normal 0.000000e+00 1.000000e+00 0.000000e+00
    outer loop
      vertex   -3.875000e+00 -2.000000e+00 -1.000000e+01
      vertex   -2.182596e+01 -2.000000e+00 -1.075000e+01
      vertex   -2.162500e+01 -2.000000e+00 -1.000000e+01
    endloop
  endfacet
  facet normal 0.000000e+00 1.000000e+00 0.000000e+00
    outer loop
      vertex   -3.875000e+00 -2.000000e+00 -1.000000e+01
      vertex   -2.162500e+01 -2.000000e+00 -1.000000e+01
      vertex   -2.182596e+01 -2.000000e+00 -9.250000e+00
    endloop
  endfacet
  facet normal -0.000000e+00 1.000000e+00 0.000000e+00
    outer loop
      vertex   -2.182596e+01 -2.000000e+00 -1.075000e+01
      vertex   -3.674038e+00 -2.000000e+00 -1.075000e+01
      vertex   -2.237500e+01 -2.000000e+00 -1.129904e+01
    endloop
  endfacet
  facet normal 0.000000e+00 1.000000e+00 0.000000e+00
    outer loop
      vertex   -2.237500e+01 -2.000000e+00 -1.129904e+01
      vertex   -3.674038e+00 -2.000000e+00 -1.075000e+01
      vertex   -3.125000e+00 -2.000000e+00 -1.129904e+01
    endloop
  endfacet
  facet normal -0.000000e+00 1.000000e+00 0.000000e+00
    outer loop
      vertex   -2.237500e+01 -2.000000e+00 -1.129904e+01
      vertex   -3.125000e+00 -2.000000e+00 -1.129904e+01
      vertex   -2.375000e+00 -2.000000e+00 -1.150000e+01
    endloop
  endfacet
  facet normal 0.000000e+00 1.000000e+00 -0.000000e+00
    outer loop
      vertex   -3.125000e+00 -2.000000e+00 -8.700962e+00
      vertex   -2.237500e+01 -2.000000e+00 -8.700962e+00
      vertex   -2.375000e+00 -2.000000e+00 -8.500000e+00
    endloop
  endfacet
  facet normal 0.000000e+00 1.000000e+00 0.000000e+00
    outer loop
      vertex   -2.375000e+00 -2.000000e+00 -8.500000e+00
      vertex   -2.237500e+01 -2.000000e+00 -8.700962e+00
      vertex   -2.312500e+01 -2.000000e+00 -8.500000e+00
    endloop
  endfacet
  facet normal 0.000000e+00 1.000000e+00 0.000000e+00
    outer loop
      vertex   -2.375000e+00 -2.000000e+00 -8.500000e+00
      vertex   -2.312500e+01 -2.000000e+00 -8.500000e+00
      vertex   -3.350000e+01 -2.000000e+00 0.000000e+00
    endloop
  endfacet
  facet normal 0.000000e+00 1.000000e+00 0.000000e+00
    outer loop
      vertex   -3.350000e+01 -2.000000e+00 0.000000e+00
      vertex   -2.312500e+01 -2.000000e+00 -8.500000e+00
      vertex   -2.387500e+01 -2.000000e+00 -8.700962e+00
    endloop
  endfacet
  facet normal 0.000000e+00 1.000000e+00 0.000000e+00
    outer loop
      vertex   -3.350000e+01 -2.000000e+00 0.000000e+00
      vertex   -2.387500e+01 -2.000000e+00 -8.700962e+00
      vertex   -2.442404e+01 -2.000000e+00 -9.250000e+00
    endloop
  endfacet
  facet normal 0.000000e+00 1.000000e+00 0.000000e+00
    outer loop
      vertex   -3.125000e+00 -2.000000e+00 -8.700962e+00
      vertex   -3.674038e+00 -2.000000e+00 -9.250000e+00
      vertex   -2.237500e+01 -2.000000e+00 -8.700962e+00
    endloop
  endfacet
  facet normal 0.000000e+00 1.000000e+00 0.000000e+00
    outer loop
      vertex   -2.237500e+01 -2.000000e+00 -8.700962e+00
      vertex   -3.674038e+00 -2.000000e+00 -9.250000e+00
      vertex   -2.182596e+01 -2.000000e+00 -9.250000e+00
    endloop
  endfacet
  facet normal -0.000000e+00 1.000000e+00 0.000000e+00
    outer loop
      vertex   -2.182596e+01 -2.000000e+00 -9.250000e+00
      vertex   -3.674038e+00 -2.000000e+00 -9.250000e+00
      vertex   -3.875000e+00 -2.000000e+00 -1.000000e+01
    endloop
  endfacet
  facet normal 0.000000e+00 1.000000e+00 0.000000e+00
    outer loop
      vertex   -2.442404e+01 -2.000000e+00 -1.075000e+01
      vertex   -3.350000e+01 -2.000000e+00 -2.000000e+01
      vertex   -2.462500e+01 -2.000000e+00 -1.000000e+01
    endloop
  endfacet
  facet normal 0.000000e+00 1.000000e+00 0.000000e+00
    outer loop
      vertex   -2.462500e+01 -2.000000e+00 -1.000000e+01
      vertex   -3.350000e+01 -2.000000e+00 -2.000000e+01
      vertex   -3.350000e+01 -2.000000e+00 0.000000e+00
    endloop
  endfacet
  facet normal 0.000000e+00 1.000000e+00 -0.000000e+00
    outer loop
      vertex   -2.462500e+01 -2.000000e+00 -1.000000e+01
      vertex   -3.350000e+01 -2.000000e+00 0.000000e+00
      vertex   -2.442404e+01 -2.000000e+00 -9.250000e+00
    endloop
  endfacet
  facet normal 0.000000e+00 1.000000e+00 0.000000e+00
    outer loop
      vertex   -2.442404e+01 -2.000000e+00 -1.075000e+01
      vertex   -2.387500e+01 -2.000000e+00 -1.129904e+01
      vertex   -3.350000e+01 -2.000000e+00 -2.000000e+01
    endloop
  endfacet
  facet normal 0.000000e+00 1.000000e+00 0.000000e+00
    outer loop
      vertex   -3.350000e+01 -2.000000e+00 -2.000000e+01
      vertex   -2.387500e+01 -2.000000e+00 -1.129904e+01
      vertex   -2.312500e+01 -2.000000e+00 -1.150000e+01
    endloop
  endfacet
  facet normal 0.000000e+00 1.000000e+00 0.000000e+00
    outer loop
      vertex   -3.350000e+01 -2.000000e+00 -2.000000e+01
      vertex   -2.312500e+01 -2.000000e+00 -1.150000e+01
      vertex   -2.375000e+00 -2.000000e+00 -1.150000e+01
    endloop
  endfacet
  facet normal 0.000000e+00 1.000000e+00 0.000000e+00
    outer loop
      vertex   -2.375000e+00 -2.000000e+00 -1.150000e+01
      vertex   -2.312500e+01 -2.000000e+00 -1.150000e+01
      vertex   -2.237500e+01 -2.000000e+00 -1.129904e+01
    endloop
  endfacet
  facet normal 0.000000e+00 1.000000e+00 0.000000e+00
    outer loop
      vertex   1.875000e+01 -2.000000e+00 -2.000000e+01
      vertex   -3.350000e+01 -2.000000e+00 -2.000000e+01
      vertex   -2.375000e+00 -2.000000e+00 -1.150000e+01
    endloop
  endfacet
  facet normal -0.000000e+00 1.000000e+00 0.000000e+00
    outer loop
      vertex   -3.350000e+01 -2.000000e+00 0.000000e+00
      vertex   3.875000e+01 -2.000000e+00 0.000000e+00
      vertex   -2.375000e+00 -2.000000e+00 -8.500000e+00
    endloop
  endfacet
  facet normal 1.340952e-17 -2.588190e-01 9.659258e-01
    outer loop
      vertex   4.875000e+01 2.500000e-01 2.870096e+01
      vertex   3.375000e+01 2.500000e-01 2.870096e+01
      vertex   4.875000e+01 -5.000000e-01 2.850000e+01
    endloop
  endfacet
  facet normal 0.000000e+00 -2.588190e-01 9.659258e-01
    outer loop
      vertex   4.875000e+01 -5.000000e-01 2.850000e+01
      vertex   3.375000e+01 2.500000e-01 2.870096e+01
      vertex   3.375000e+01 -5.000000e-01 2.850000e+01
    endloop
  endfacet
  facet normal 0.000000e+00 2.588190e-01 9.659258e-01
    outer loop
      vertex   4.875000e+01 -5.000000e-01 2.850000e+01
      vertex   3.375000e+01 -5.000000e-01 2.850000e+01
      vertex   4.875000e+01 -1.250000e+00 2.870096e+01
    endloop
  endfacet
  facet normal -1.532517e-17 2.588190e-01 9.659258e-01
    outer loop
      vertex   4.875000e+01 -1.250000e+00 2.870096e+01
      vertex   3.375000e+01 -5.000000e-01 2.850000e+01
      vertex   3.375000e+01 -1.250000e+00 2.870096e+01
    endloop
  endfacet
  facet normal -4.186913e-17 7.071068e-01 7.071068e-01
    outer loop
      vertex   4.875000e+01 -1.250000e+00 2.870096e+01
      vertex   3.375000e+01 -1.250000e+00 2.870096e+01
      vertex   4.875000e+01 -1.799038e+00 2.925000e+01
    endloop
  endfacet
  facet normal 1.465420e-16 7.071068e-01 7.071068e-01
    outer loop
      vertex   4.875000e+01 -1.799038e+00 2.925000e+01
      vertex   3.375000e+01 -1.250000e+00 2.870096e+01
      vertex   3.375000e+01 -1.799038e+00 2.925000e+01
    endloop
  endfacet
  facet normal 3.270351e-17 9.659258e-01 2.588190e-01
    outer loop
      vertex   4.875000e+01 -1.799038e+00 2.925000e+01
      vertex   3.375000e+01 -1.799038e+00 2.925000e+01
      vertex   4.875000e+01 -2.000000e+00 3.000000e+01
    endloop
  endfacet
  facet normal 0.000000e+00 9.659258e-01 2.588190e-01
    outer loop
      vertex   4.875000e+01 -2.000000e+00 3.000000e+01
      vertex   3.375000e+01 -1.799038e+00 2.925000e+01
      vertex   3.375000e+01 -2.000000e+00 3.000000e+01
    endloop
  endfacet
  facet normal 0.000000e+00 9.659258e-01 -2.588190e-01
    outer loop
      vertex   4.875000e+01 -2.000000e+00 3.000000e+01
      vertex   3.375000e+01 -2.000000e+00 3.000000e+01
      vertex   4.875000e+01 -1.799038e+00 3.075000e+01
    endloop
  endfacet
  facet normal 2.859715e-17 9.659258e-01 -2.588190e-01
    outer loop
      vertex   4.875000e+01 -1.799038e+00 3.075000e+01
      vertex   3.375000e+01 -2.000000e+00 3.000000e+01
      vertex   3.375000e+01 -1.799038e+00 3.075000e+01
    endloop
  endfacet
  facet normal 2.093457e-17 7.071068e-01 -7.071068e-01
    outer loop
      vertex   4.875000e+01 -1.799038e+00 3.075000e+01
      vertex   3.375000e+01 -1.799038e+00 3.075000e+01
      vertex   4.875000e+01 -1.250000e+00 3.129904e+01
    endloop
  endfacet
  facet normal 4.186913e-17 7.071068e-01 -7.071068e-01
    outer loop
      vertex   4.875000e+01 -1.250000e+00 3.129904e+01
      vertex   3.375000e+01 -1.799038e+00 3.075000e+01
      vertex   3.375000e+01 -1.250000e+00 3.129904e+01
    endloop
  endfacet
  facet normal 1.532517e-17 2.588190e-01 -9.659258e-01
    outer loop
      vertex   4.875000e+01 -1.250000e+00 3.129904e+01
      vertex   3.375000e+01 -1.250000e+00 3.129904e+01
      vertex   4.875000e+01 -5.000000e-01 3.150000e+01
    endloop
  endfacet
  facet normal 7.662583e-18 2.588190e-01 -9.659258e-01
    outer loop
      vertex   4.875000e+01 -5.000000e-01 3.150000e+01
      vertex   3.375000e+01 -1.250000e+00 3.129904e+01
      vertex   3.375000e+01 -5.000000e-01 3.150000e+01
    endloop
  endfacet
  facet normal -7.662583e-18 -2.588190e-01 -9.659258e-01
    outer loop
      vertex   4.875000e+01 -5.000000e-01 3.150000e+01
      vertex   3.375000e+01 -5.000000e-01 3.150000e+01
      vertex   4.875000e+01 2.500000e-01 3.129904e+01
    endloop
  endfacet
  facet normal -1.724081e-17 -2.588190e-01 -9.659258e-01
    outer loop
      vertex   4.875000e+01 2.500000e-01 3.129904e+01
      vertex   3.375000e+01 -5.000000e-01 3.150000e+01
      vertex   3.375000e+01 2.500000e-01 3.129904e+01
    endloop
  endfacet
  facet normal -4.710277e-17 -7.071068e-01 -7.071068e-01
    outer loop
      vertex   4.875000e+01 2.500000e-01 3.129904e+01
      vertex   3.375000e+01 2.500000e-01 3.129904e+01
      vertex   4.875000e+01 7.990381e-01 3.075000e+01
    endloop
  endfacet
  facet normal -1.570092e-17 -7.071068e-01 -7.071068e-01
    outer loop
      vertex   4.875000e+01 7.990381e-01 3.075000e+01
      vertex   3.375000e+01 2.500000e-01 3.129904e+01
      vertex   3.375000e+01 7.990381e-01 3.075000e+01
    endloop
  endfacet
  facet normal -2.144786e-17 -9.659258e-01 -2.588190e-01
    outer loop
      vertex   4.875000e+01 7.990381e-01 3.075000e+01
      vertex   3.375000e+01 7.990381e-01 3.075000e+01
      vertex   4.875000e+01 1.000000e+00 3.000000e+01
    endloop
  endfacet
  facet normal -0.000000e+00 -9.659258e-01 -2.588190e-01
    outer loop
      vertex   4.875000e+01 1.000000e+00 3.000000e+01
      vertex   3.375000e+01 7.990381e-01 3.075000e+01
      vertex   3.375000e+01 1.000000e+00 3.000000e+01
    endloop
  endfacet
  facet normal 0.000000e+00 -9.659258e-01 2.588190e-01
    outer loop
      vertex   4.875000e+01 1.000000e+00 3.000000e+01
      vertex   3.375000e+01 1.000000e+00 3.000000e+01
      vertex   4.875000e+01 7.990381e-01 2.925000e+01
    endloop
  endfacet
  facet normal -2.555423e-17 -9.659258e-01 2.588190e-01
    outer loop
      vertex   4.875000e+01 7.990381e-01 2.925000e+01
      vertex   3.375000e+01 1.000000e+00 3.000000e+01
      vertex   3.375000e+01 7.990381e-01 2.925000e+01
    endloop
  endfacet
  facet normal -1.413083e-16 -7.071068e-01 7.071068e-01
    outer loop
      vertex   4.875000e+01 7.990381e-01 2.925000e+01
      vertex   3.375000e+01 7.990381e-01 2.925000e+01
      vertex   4.875000e+01 2.500000e-01 2.870096e+01
    endloop
  endfacet
  facet normal 3.663549e-17 -7.071068e-01 7.071068e-01
    outer loop
      vertex   4.875000e+01 2.500000e-01 2.870096e+01
      vertex   3.375000e+01 7.990381e-01 2.925000e+01
      vertex   3.375000e+01 2.500000e-01 2.870096e+01
    endloop
  endfacet
  facet normal 1.000000e+00 0.000000e+00 -0.000000e+00
    outer loop
      vertex   3.375000e+01 2.500000e-01 2.870096e+01
      vertex   3.375000e+01 2.500000e-01 3.129904e+01
      vertex   3.375000e+01 -5.000000e-01 2.850000e+01
    endloop
  endfacet
  facet normal 1.000000e+00 0.000000e+00 0.000000e+00
    outer loop
      vertex   3.375000e+01 -5.000000e-01 2.850000e+01
      vertex   3.375000e+01 2.500000e-01 3.129904e+01
      vertex   3.375000e+01 -5.000000e-01 3.150000e+01
    endloop
  endfacet
  facet normal 1.000000e+00 0.000000e+00 -0.000000e+00
    outer loop
      vertex   3.375000e+01 -5.000000e-01 2.850000e+01
      vertex   3.375000e+01 -5.000000e-01 3.150000e+01
      vertex   3.375000e+01 -1.250000e+00 2.870096e+01
    endloop
  endfacet
  facet normal 1.000000e+00 0.000000e+00 0.000000e+00
    outer loop
      vertex   3.375000e+01 -1.250000e+00 2.870096e+01
      vertex   3.375000e+01 -5.000000e-01 3.150000e+01
      vertex   3.375000e+01 -1.250000e+00 3.129904e+01
    endloop
  endfacet
  facet normal 1.000000e+00 0.000000e+00 -0.000000e+00
    outer loop
      vertex   3.375000e+01 -1.250000e+00 2.870096e+01
      vertex   3.375000e+01 -1.250000e+00 3.129904e+01
      vertex   3.375000e+01 -1.799038e+00 2.925000e+01
    endloop
  endfacet
  facet normal 1.000000e+00 0.000000e+00 0.000000e+00
    outer loop
      vertex   3.375000e+01 -1.799038e+00 2.925000e+01
      vertex   3.375000e+01 -1.250000e+00 3.129904e+01
      vertex   3.375000e+01 -1.799038e+00 3.075000e+01
    endloop
  endfacet
  facet normal 1.000000e+00 0.000000e+00 -0.000000e+00
    outer loop
      vertex   3.375000e+01 -1.799038e+00 2.925000e+01
      vertex   3.375000e+01 -1.799038e+00 3.075000e+01
      vertex   3.375000e+01 -2.000000e+00 3.000000e+01
    endloop
  endfacet
  facet normal 1.000000e+00 0.000000e+00 0.000000e+00
    outer loop
      vertex   3.375000e+01 2.500000e-01 3.129904e+01
      vertex   3.375000e+01 2.500000e-01 2.870096e+01
      vertex   3.375000e+01 7.990381e-01 3.075000e+01
    endloop
  endfacet
  facet normal 1.000000e+00 0.000000e+00 0.000000e+00
    outer loop
      vertex   3.375000e+01 7.990381e-01 3.075000e+01
      vertex   3.375000e+01 2.500000e-01 2.870096e+01
      vertex   3.375000e+01 7.990381e-01 2.925000e+01
    endloop
  endfacet
  facet normal 1.000000e+00 0.000000e+00 0.000000e+00
    outer loop
      vertex   3.375000e+01 7.990381e-01 3.075000e+01
      vertex   3.375000e+01 7.990381e-01 2.925000e+01
      vertex   3.375000e+01 1.000000e+00 3.000000e+01
    endloop
  endfacet
  facet normal 9.659258e-01 0.000000e+00 -2.588190e-01
    outer loop
      vertex   -4.554904e+01 5.500000e+00 5.375000e+01
      vertex   -4.554904e+01 2.500000e+00 5.375000e+01
      vertex   -4.575000e+01 5.500000e+00 5.300000e+01
    endloop
  endfacet
  facet normal 9.659258e-01 0.000000e+00 -2.588190e-01
    outer loop
      vertex   -4.575000e+01 5.500000e+00 5.300000e+01
      vertex   -4.554904e+01 2.500000e+00 5.375000e+01
      vertex   -4.575000e+01 2.500000e+00 5.300000e+01
    endloop
  endfacet
  facet normal 9.659258e-01 0.000000e+00 2.588190e-01
    outer loop
      vertex   -4.575000e+01 5.500000e+00 5.300000e+01
      vertex   -4.575000e+01 2.500000e+00 5.300000e+01
      vertex   -4.554904e+01 5.500000e+00 5.225000e+01
    endloop
  endfacet
  facet normal 9.659258e-01 0.000000e+00 2.588190e-01
    outer loop
      vertex   -4.554904e+01 5.500000e+00 5.225000e+01
      vertex   -4.575000e+01 2.500000e+00 5.300000e+01
      vertex   -4.554904e+01 2.500000e+00 5.225000e+01
    endloop
  endfacet
  facet normal 7.071068e-01 0.000000e+00 7.071068e-01
    outer loop
      vertex   -4.554904e+01 5.500000e+00 5.225000e+01
      vertex   -4.554904e+01 2.500000e+00 5.225000e+01
      vertex   -4.500000e+01 5.500000e+00 5.170096e+01
    endloop
  endfacet
  facet normal 7.071068e-01 0.000000e+00 7.071068e-01
    outer loop
      vertex   -4.500000e+01 5.500000e+00 5.170096e+01
      vertex   -4.554904e+01 2.500000e+00 5.225000e+01
      vertex   -4.500000e+01 2.500000e+00 5.170096e+01
    endloop
  endfacet
  facet normal 2.588190e-01 0.000000e+00 9.659258e-01
    outer loop
      vertex   -4.500000e+01 5.500000e+00 5.170096e+01
      vertex   -4.500000e+01 2.500000e+00 5.170096e+01
      vertex   -4.425000e+01 5.500000e+00 5.150000e+01
    endloop
  endfacet
  facet normal 2.588190e-01 0.000000e+00 9.659258e-01
    outer loop
      vertex   -4.425000e+01 5.500000e+00 5.150000e+01
      vertex   -4.500000e+01 2.500000e+00 5.170096e+01
      vertex   -4.425000e+01 2.500000e+00 5.150000e+01
    endloop
  endfacet
  facet normal -2.588190e-01 0.000000e+00 9.659258e-01
    outer loop
      vertex   -4.425000e+01 5.500000e+00 5.150000e+01
      vertex   -4.425000e+01 2.500000e+00 5.150000e+01
      vertex   -4.350000e+01 5.500000e+00 5.170096e+01
    endloop
  endfacet
  facet normal -2.588190e-01 0.000000e+00 9.659258e-01
    outer loop
      vertex   -4.350000e+01 5.500000e+00 5.170096e+01
      vertex   -4.425000e+01 2.500000e+00 5.150000e+01
      vertex   -4.350000e+01 2.500000e+00 5.170096e+01
    endloop
  endfacet
  facet normal -7.071068e-01 0.000000e+00 7.071068e-01
    outer loop
      vertex   -4.350000e+01 5.500000e+00 5.170096e+01
      vertex   -4.350000e+01 2.500000e+00 5.170096e+01
      vertex   -4.295096e+01 5.500000e+00 5.225000e+01
    endloop
  endfacet
  facet normal -7.071068e-01 0.000000e+00 7.071068e-01
    outer loop
      vertex   -4.295096e+01 5.500000e+00 5.225000e+01
      vertex   -4.350000e+01 2.500000e+00 5.170096e+01
      vertex   -4.295096e+01 2.500000e+00 5.225000e+01
    endloop
  endfacet
  facet normal -9.659258e-01 0.000000e+00 2.588190e-01
    outer loop
      vertex   -4.295096e+01 5.500000e+00 5.225000e+01
      vertex   -4.295096e+01 2.500000e+00 5.225000e+01
      vertex   -4.275000e+01 5.500000e+00 5.300000e+01
    endloop
  endfacet
  facet normal -9.659258e-01 0.000000e+00 2.588190e-01
    outer loop
      vertex   -4.275000e+01 5.500000e+00 5.300000e+01
      vertex   -4.295096e+01 2.500000e+00 5.225000e+01
      vertex   -4.275000e+01 2.500000e+00 5.300000e+01
    endloop
  endfacet
  facet normal -9.659258e-01 -0.000000e+00 -2.588190e-01
    outer loop
      vertex   -4.275000e+01 5.500000e+00 5.300000e+01
      vertex   -4.275000e+01 2.500000e+00 5.300000e+01
      vertex   -4.295096e+01 5.500000e+00 5.375000e+01
    endloop
  endfacet
  facet normal -9.659258e-01 -0.000000e+00 -2.588190e-01
    outer loop
      vertex   -4.295096e+01 5.500000e+00 5.375000e+01
      vertex   -4.275000e+01 2.500000e+00 5.300000e+01
      vertex   -4.295096e+01 2.500000e+00 5.375000e+01
    endloop
  endfacet
  facet normal -7.071068e-01 -0.000000e+00 -7.071068e-01
    outer loop
      vertex   -4.295096e+01 5.500000e+00 5.375000e+01
      vertex   -4.295096e+01 2.500000e+00 5.375000e+01
      vertex   -4.350000e+01 5.500000e+00 5.429904e+01
    endloop
  endfacet
  facet normal -7.071068e-01 -0.000000e+00 -7.071068e-01
    outer loop
      vertex   -4.350000e+01 5.500000e+00 5.429904e+01
      vertex   -4.295096e+01 2.500000e+00 5.375000e+01
      vertex   -4.350000e+01 2.500000e+00 5.429904e+01
    endloop
  endfacet
  facet normal -2.588190e-01 -0.000000e+00 -9.659258e-01
    outer loop
      vertex   -4.350000e+01 5.500000e+00 5.429904e+01
      vertex   -4.350000e+01 2.500000e+00 5.429904e+01
      vertex   -4.425000e+01 5.500000e+00 5.450000e+01
    endloop
  endfacet
  facet normal -2.588190e-01 -0.000000e+00 -9.659258e-01
    outer loop
      vertex   -4.425000e+01 5.500000e+00 5.450000e+01
      vertex   -4.350000e+01 2.500000e+00 5.429904e+01
      vertex   -4.425000e+01 2.500000e+00 5.450000e+01
    endloop
  endfacet
  facet normal 2.588190e-01 0.000000e+00 -9.659258e-01
    outer loop
      vertex   -4.425000e+01 5.500000e+00 5.450000e+01
      vertex   -4.425000e+01 2.500000e+00 5.450000e+01
      vertex   -4.500000e+01 5.500000e+00 5.429904e+01
    endloop
  endfacet
  facet normal 2.588190e-01 0.000000e+00 -9.659258e-01
    outer loop
      vertex   -4.500000e+01 5.500000e+00 5.429904e+01
      vertex   -4.425000e+01 2.500000e+00 5.450000e+01
      vertex   -4.500000e+01 2.500000e+00 5.429904e+01
    endloop
  endfacet
  facet normal 7.071068e-01 0.000000e+00 -7.071068e-01
    outer loop
      vertex   -4.500000e+01 5.500000e+00 5.429904e+01
      vertex   -4.500000e+01 2.500000e+00 5.429904e+01
      vertex   -4.554904e+01 5.500000e+00 5.375000e+01
    endloop
  endfacet
  facet normal 7.071068e-01 0.000000e+00 -7.071068e-01
    outer loop
      vertex   -4.554904e+01 5.500000e+00 5.375000e+01
      vertex   -4.500000e+01 2.500000e+00 5.429904e+01
      vertex   -4.554904e+01 2.500000e+00 5.375000e+01
    endloop
  endfacet
  facet normal 9.659258e-01 0.000000e+00 -2.588190e-01
    outer loop
      vertex   -4.554904e+01 5.500000e+00 3.375000e+01
      vertex   -4.554904e+01 2.500000e+00 3.375000e+01
      vertex   -4.575000e+01 5.500000e+00 3.300000e+01
    endloop
  endfacet
  facet normal 9.659258e-01 0.000000e+00 -2.588190e-01
    outer loop
      vertex   -4.575000e+01 5.500000e+00 3.300000e+01
      vertex   -4.554904e+01 2.500000e+00 3.375000e+01
      vertex   -4.575000e+01 2.500000e+00 3.300000e+01
    endloop
  endfacet
  facet normal 9.659258e-01 0.000000e+00 2.588190e-01
    outer loop
      vertex   -4.575000e+01 5.500000e+00 3.300000e+01
      vertex   -4.575000e+01 2.500000e+00 3.300000e+01
      vertex   -4.554904e+01 5.500000e+00 3.225000e+01
    endloop
  endfacet
  facet normal 9.659258e-01 0.000000e+00 2.588190e-01
    outer loop
      vertex   -4.554904e+01 5.500000e+00 3.225000e+01
      vertex   -4.575000e+01 2.500000e+00 3.300000e+01
      vertex   -4.554904e+01 2.500000e+00 3.225000e+01
    endloop
  endfacet
  facet normal 7.071068e-01 0.000000e+00 7.071068e-01
    outer loop
      vertex   -4.554904e+01 5.500000e+00 3.225000e+01
      vertex   -4.554904e+01 2.500000e+00 3.225000e+01
      vertex   -4.500000e+01 5.500000e+00 3.170096e+01
    endloop
  endfacet
  facet normal 7.071068e-01 0.000000e+00 7.071068e-01
    outer loop
      vertex   -4.500000e+01 5.500000e+00 3.170096e+01
      vertex   -4.554904e+01 2.500000e+00 3.225000e+01
      vertex   -4.500000e+01 2.500000e+00 3.170096e+01
    endloop
  endfacet
  facet normal 2.588190e-01 0.000000e+00 9.659258e-01
    outer loop
      vertex   -4.500000e+01 5.500000e+00 3.170096e+01
      vertex   -4.500000e+01 2.500000e+00 3.170096e+01
      vertex   -4.425000e+01 5.500000e+00 3.150000e+01
    endloop
  endfacet
  facet normal 2.588190e-01 0.000000e+00 9.659258e-01
    outer loop
      vertex   -4.425000e+01 5.500000e+00 3.150000e+01
      vertex   -4.500000e+01 2.500000e+00 3.170096e+01
      vertex   -4.425000e+01 2.500000e+00 3.150000e+01
    endloop
  endfacet
  facet normal -2.588190e-01 0.000000e+00 9.659258e-01
    outer loop
      vertex   -4.425000e+01 5.500000e+00 3.150000e+01
      vertex   -4.425000e+01 2.500000e+00 3.150000e+01
      vertex   -4.350000e+01 5.500000e+00 3.170096e+01
    endloop
  endfacet
  facet normal -2.588190e-01 0.000000e+00 9.659258e-01
    outer loop
      vertex   -4.350000e+01 5.500000e+00 3.170096e+01
      vertex   -4.425000e+01 2.500000e+00 3.150000e+01
      vertex   -4.350000e+01 2.500000e+00 3.170096e+01
    endloop
  endfacet
  facet normal -7.071068e-01 0.000000e+00 7.071068e-01
    outer loop
      vertex   -4.350000e+01 5.500000e+00 3.170096e+01
      vertex   -4.350000e+01 2.500000e+00 3.170096e+01
      vertex   -4.295096e+01 5.500000e+00 3.225000e+01
    endloop
  endfacet
  facet normal -7.071068e-01 0.000000e+00 7.071068e-01
    outer loop
      vertex   -4.295096e+01 5.500000e+00 3.225000e+01
      vertex   -4.350000e+01 2.500000e+00 3.170096e+01
      vertex   -4.295096e+01 2.500000e+00 3.225000e+01
    endloop
  endfacet
  facet normal -9.659258e-01 0.000000e+00 2.588190e-01
    outer loop
      vertex   -4.295096e+01 5.500000e+00 3.225000e+01
      vertex   -4.295096e+01 2.500000e+00 3.225000e+01
      vertex   -4.275000e+01 5.500000e+00 3.300000e+01
    endloop
  endfacet
  facet normal -9.659258e-01 0.000000e+00 2.588190e-01
    outer loop
      vertex   -4.275000e+01 5.500000e+00 3.300000e+01
      vertex   -4.295096e+01 2.500000e+00 3.225000e+01
      vertex   -4.275000e+01 2.500000e+00 3.300000e+01
    endloop
  endfacet
  facet normal -9.659258e-01 -0.000000e+00 -2.588190e-01
    outer loop
      vertex   -4.275000e+01 5.500000e+00 3.300000e+01
      vertex   -4.275000e+01 2.500000e+00 3.300000e+01
      vertex   -4.295096e+01 5.500000e+00 3.375000e+01
    endloop
  endfacet
  facet normal -9.659258e-01 -0.000000e+00 -2.588190e-01
    outer loop
      vertex   -4.295096e+01 5.500000e+00 3.375000e+01
      vertex   -4.275000e+01 2.500000e+00 3.300000e+01
      vertex   -4.295096e+01 2.500000e+00 3.375000e+01
    endloop
  endfacet
  facet normal -7.071068e-01 -0.000000e+00 -7.071068e-01
    outer loop
      vertex   -4.295096e+01 5.500000e+00 3.375000e+01
      vertex   -4.295096e+01 2.500000e+00 3.375000e+01
      vertex   -4.350000e+01 5.500000e+00 3.429904e+01
    endloop
  endfacet
  facet normal -7.071068e-01 -0.000000e+00 -7.071068e-01
    outer loop
      vertex   -4.350000e+01 5.500000e+00 3.429904e+01
      vertex   -4.295096e+01 2.500000e+00 3.375000e+01
      vertex   -4.350000e+01 2.500000e+00 3.429904e+01
    endloop
  endfacet
  facet normal -2.588190e-01 -0.000000e+00 -9.659258e-01
    outer loop
      vertex   -4.350000e+01 5.500000e+00 3.429904e+01
      vertex   -4.350000e+01 2.500000e+00 3.429904e+01
      vertex   -4.425000e+01 5.500000e+00 3.450000e+01
    endloop
  endfacet
  facet normal -2.588190e-01 -0.000000e+00 -9.659258e-01
    outer loop
      vertex   -4.425000e+01 5.500000e+00 3.450000e+01
      vertex   -4.350000e+01 2.500000e+00 3.429904e+01
      vertex   -4.425000e+01 2.500000e+00 3.450000e+01
    endloop
  endfacet
  facet normal 2.588190e-01 0.000000e+00 -9.659258e-01
    outer loop
      vertex   -4.425000e+01 5.500000e+00 3.450000e+01
      vertex   -4.425000e+01 2.500000e+00 3.450000e+01
      vertex   -4.500000e+01 5.500000e+00 3.429904e+01
    endloop
  endfacet
  facet normal 2.588190e-01 0.000000e+00 -9.659258e-01
    outer loop
      vertex   -4.500000e+01 5.500000e+00 3.429904e+01
      vertex   -4.425000e+01 2.500000e+00 3.450000e+01
      vertex   -4.500000e+01 2.500000e+00 3.429904e+01
    endloop
  endfacet
  facet normal 7.071068e-01 0.000000e+00 -7.071068e-01
    outer loop
      vertex   -4.500000e+01 5.500000e+00 3.429904e+01
      vertex   -4.500000e+01 2.500000e+00 3.429904e+01
      vertex   -4.554904e+01 5.500000e+00 3.375000e+01
    endloop
  endfacet
  facet normal 7.071068e-01 0.000000e+00 -7.071068e-01
    outer loop
      vertex   -4.554904e+01 5.500000e+00 3.375000e+01
      vertex   -4.500000e+01 2.500000e+00 3.429904e+01
      vertex   -4.554904e+01 2.500000e+00 3.375000e+01
    endloop
  endfacet
  facet normal 9.659258e-01 0.000000e+00 -2.588190e-01
    outer loop
      vertex   -4.554904e+01 5.500000e+00 1.375000e+01
      vertex   -4.554904e+01 2.500000e+00 1.375000e+01
      vertex   -4.575000e+01 5.500000e+00 1.300000e+01
    endloop
  endfacet
  facet normal 9.659258e-01 0.000000e+00 -2.588190e-01
    outer loop
      vertex   -4.575000e+01 5.500000e+00 1.300000e+01
      vertex   -4.554904e+01 2.500000e+00 1.375000e+01
      vertex   -4.575000e+01 2.500000e+00 1.300000e+01
    endloop
  endfacet
  facet normal 9.659258e-01 0.000000e+00 2.588190e-01
    outer loop
      vertex   -4.575000e+01 5.500000e+00 1.300000e+01
      vertex   -4.575000e+01 2.500000e+00 1.300000e+01
      vertex   -4.554904e+01 5.500000e+00 1.225000e+01
    endloop
  endfacet
  facet normal 9.659258e-01 0.000000e+00 2.588190e-01
    outer loop
      vertex   -4.554904e+01 5.500000e+00 1.225000e+01
      vertex   -4.575000e+01 2.500000e+00 1.300000e+01
      vertex   -4.554904e+01 2.500000e+00 1.225000e+01
    endloop
  endfacet
  facet normal 7.071068e-01 0.000000e+00 7.071068e-01
    outer loop
      vertex   -4.554904e+01 5.500000e+00 1.225000e+01
      vertex   -4.554904e+01 2.500000e+00 1.225000e+01
      vertex   -4.500000e+01 5.500000e+00 1.170096e+01
    endloop
  endfacet
  facet normal 7.071068e-01 0.000000e+00 7.071068e-01
    outer loop
      vertex   -4.500000e+01 5.500000e+00 1.170096e+01
      vertex   -4.554904e+01 2.500000e+00 1.225000e+01
      vertex   -4.500000e+01 2.500000e+00 1.170096e+01
    endloop
  endfacet
  facet normal 2.588190e-01 0.000000e+00 9.659258e-01
    outer loop
      vertex   -4.500000e+01 5.500000e+00 1.170096e+01
      vertex   -4.500000e+01 2.500000e+00 1.170096e+01
      vertex   -4.425000e+01 5.500000e+00 1.150000e+01
    endloop
  endfacet
  facet normal 2.588190e-01 0.000000e+00 9.659258e-01
    outer loop
      vertex   -4.425000e+01 5.500000e+00 1.150000e+01
      vertex   -4.500000e+01 2.500000e+00 1.170096e+01
      vertex   -4.425000e+01 2.500000e+00 1.150000e+01
    endloop
  endfacet
  facet normal -2.588190e-01 0.000000e+00 9.659258e-01
    outer loop
      vertex   -4.425000e+01 5.500000e+00 1.150000e+01
      vertex   -4.425000e+01 2.500000e+00 1.150000e+01
      vertex   -4.350000e+01 5.500000e+00 1.170096e+01
    endloop
  endfacet
  facet normal -2.588190e-01 0.000000e+00 9.659258e-01
    outer loop
      vertex   -4.350000e+01 5.500000e+00 1.170096e+01
      vertex   -4.425000e+01 2.500000e+00 1.150000e+01
      vertex   -4.350000e+01 2.500000e+00 1.170096e+01
    endloop
  endfacet
  facet normal -7.071068e-01 0.000000e+00 7.071068e-01
    outer loop
      vertex   -4.350000e+01 5.500000e+00 1.170096e+01
      vertex   -4.350000e+01 2.500000e+00 1.170096e+01
      vertex   -4.295096e+01 5.500000e+00 1.225000e+01
    endloop
  endfacet
  facet normal -7.071068e-01 0.000000e+00 7.071068e-01
    outer loop
      vertex   -4.295096e+01 5.500000e+00 1.225000e+01
      vertex   -4.350000e+01 2.500000e+00 1.170096e+01
      vertex   -4.295096e+01 2.500000e+00 1.225000e+01
    endloop
  endfacet
  facet normal -9.659258e-01 0.000000e+00 2.588190e-01
    outer loop
      vertex   -4.295096e+01 5.500000e+00 1.225000e+01
      vertex   -4.295096e+01 2.500000e+00 1.225000e+01
      vertex   -4.275000e+01 5.500000e+00 1.300000e+01
    endloop
  endfacet
  facet normal -9.659258e-01 0.000000e+00 2.588190e-01
    outer loop
      vertex   -4.275000e+01 5.500000e+00 1.300000e+01
      vertex   -4.295096e+01 2.500000e+00 1.225000e+01
      vertex   -4.275000e+01 2.500000e+00 1.300000e+01
    endloop
  endfacet
  facet normal -9.659258e-01 -0.000000e+00 -2.588190e-01
    outer loop
      vertex   -4.275000e+01 5.500000e+00 1.300000e+01
      vertex   -4.275000e+01 2.500000e+00 1.300000e+01
      vertex   -4.295096e+01 5.500000e+00 1.375000e+01
    endloop
  endfacet
  facet normal -9.659258e-01 -1.532517e-16 -2.588190e-01
    outer loop
      vertex   -4.295096e+01 5.500000e+00 1.375000e+01
      vertex   -4.275000e+01 2.500000e+00 1.300000e+01
      vertex   -4.295096e+01 2.500000e+00 1.375000e+01
    endloop
  endfacet
  facet normal -7.071068e-01 -4.186913e-16 -7.071068e-01
    outer loop
      vertex   -4.295096e+01 5.500000e+00 1.375000e+01
      vertex   -4.295096e+01 2.500000e+00 1.375000e+01
      vertex   -4.350000e+01 5.500000e+00 1.429904e+01
    endloop
  endfacet
  facet normal -7.071068e-01 -0.000000e+00 -7.071068e-01
    outer loop
      vertex   -4.350000e+01 5.500000e+00 1.429904e+01
      vertex   -4.295096e+01 2.500000e+00 1.375000e+01
      vertex   -4.350000e+01 2.500000e+00 1.429904e+01
    endloop
  endfacet
  facet normal -2.588190e-01 -0.000000e+00 -9.659258e-01
    outer loop
      vertex   -4.350000e+01 5.500000e+00 1.429904e+01
      vertex   -4.350000e+01 2.500000e+00 1.429904e+01
      vertex   -4.425000e+01 5.500000e+00 1.450000e+01
    endloop
  endfacet
  facet normal -2.588190e-01 -0.000000e+00 -9.659258e-01
    outer loop
      vertex   -4.425000e+01 5.500000e+00 1.450000e+01
      vertex   -4.350000e+01 2.500000e+00 1.429904e+01
      vertex   -4.425000e+01 2.500000e+00 1.450000e+01
    endloop
  endfacet
  facet normal 2.588190e-01 0.000000e+00 -9.659258e-01
    outer loop
      vertex   -4.425000e+01 5.500000e+00 1.450000e+01
      vertex   -4.425000e+01 2.500000e+00 1.450000e+01
      vertex   -4.500000e+01 5.500000e+00 1.429904e+01
    endloop
  endfacet
  facet normal 2.588190e-01 0.000000e+00 -9.659258e-01
    outer loop
      vertex   -4.500000e+01 5.500000e+00 1.429904e+01
      vertex   -4.425000e+01 2.500000e+00 1.450000e+01
      vertex   -4.500000e+01 2.500000e+00 1.429904e+01
    endloop
  endfacet
  facet normal 7.071068e-01 0.000000e+00 -7.071068e-01
    outer loop
      vertex   -4.500000e+01 5.500000e+00 1.429904e+01
      vertex   -4.500000e+01 2.500000e+00 1.429904e+01
      vertex   -4.554904e+01 5.500000e+00 1.375000e+01
    endloop
  endfacet
  facet normal 7.071068e-01 0.000000e+00 -7.071068e-01
    outer loop
      vertex   -4.554904e+01 5.500000e+00 1.375000e+01
      vertex   -4.500000e+01 2.500000e+00 1.429904e+01
      vertex   -4.554904e+01 2.500000e+00 1.375000e+01
    endloop
  endfacet
  facet normal 1.000000e+00 0.000000e+00 -0.000000e+00
    outer loop
      vertex   4.875000e+01 5.500000e+00 3.900000e+01
      vertex   4.875000e+01 5.500000e+00 7.500000e+01
      vertex   4.875000e+01 3.500000e+00 3.900000e+01
    endloop
  endfacet
  facet normal 1.000000e+00 0.000000e+00 -0.000000e+00
    outer loop
      vertex   4.875000e+01 3.500000e+00 3.900000e+01
      vertex   4.875000e+01 5.500000e+00 7.500000e+01
      vertex   4.875000e+01 -5.500000e+00 6.400000e+01
    endloop
  endfacet
  facet normal 1.000000e+00 0.000000e+00 0.000000e+00
    outer loop
      vertex   4.875000e+01 3.500000e+00 3.900000e+01
      vertex   4.875000e+01 -5.500000e+00 6.400000e+01
      vertex   4.875000e+01 -5.000000e-01 3.150000e+01
    endloop
  endfacet
  facet normal 1.000000e+00 0.000000e+00 0.000000e+00
    outer loop
      vertex   4.875000e+01 -5.000000e-01 3.150000e+01
      vertex   4.875000e+01 -5.500000e+00 6.400000e+01
      vertex   4.875000e+01 -1.250000e+00 3.129904e+01
    endloop
  endfacet
  facet normal 1.000000e+00 0.000000e+00 0.000000e+00
    outer loop
      vertex   4.875000e+01 -1.250000e+00 3.129904e+01
      vertex   4.875000e+01 -5.500000e+00 6.400000e+01
      vertex   4.875000e+01 -1.799038e+00 3.075000e+01
    endloop
  endfacet
  facet normal 1.000000e+00 0.000000e+00 0.000000e+00
    outer loop
      vertex   4.875000e+01 -1.799038e+00 3.075000e+01
      vertex   4.875000e+01 -5.500000e+00 6.400000e+01
      vertex   4.875000e+01 -2.000000e+00 3.000000e+01
    endloop
  endfacet
  facet normal 1.000000e+00 0.000000e+00 0.000000e+00
    outer loop
      vertex   4.875000e+01 -2.000000e+00 3.000000e+01
      vertex   4.875000e+01 -5.500000e+00 6.400000e+01
      vertex   4.875000e+01 -5.500000e+00 0.000000e+00
    endloop
  endfacet
  facet normal 1.000000e+00 0.000000e+00 0.000000e+00
    outer loop
      vertex   4.875000e+01 -2.000000e+00 3.000000e+01
      vertex   4.875000e+01 -5.500000e+00 0.000000e+00
      vertex   4.875000e+01 -1.799038e+00 2.925000e+01
    endloop
  endfacet
  facet normal 1.000000e+00 0.000000e+00 0.000000e+00
    outer loop
      vertex   4.875000e+01 -1.799038e+00 2.925000e+01
      vertex   4.875000e+01 -5.500000e+00 0.000000e+00
      vertex   4.875000e+01 -1.250000e+00 2.870096e+01
    endloop
  endfacet
  facet normal 1.000000e+00 0.000000e+00 0.000000e+00
    outer loop
      vertex   4.875000e+01 -1.250000e+00 2.870096e+01
      vertex   4.875000e+01 -5.500000e+00 0.000000e+00
      vertex   4.875000e+01 -5.000000e-01 2.850000e+01
    endloop
  endfacet
  facet normal 1.000000e+00 0.000000e+00 0.000000e+00
    outer loop
      vertex   4.875000e+01 -5.000000e-01 2.850000e+01
      vertex   4.875000e+01 -5.500000e+00 0.000000e+00
      vertex   4.875000e+01 3.500000e+00 0.000000e+00
    endloop
  endfacet
  facet normal 1.000000e+00 -0.000000e+00 0.000000e+00
    outer loop
      vertex   4.875000e+01 -5.000000e-01 2.850000e+01
      vertex   4.875000e+01 3.500000e+00 0.000000e+00
      vertex   4.875000e+01 2.500000e-01 2.870096e+01
    endloop
  endfacet
  facet normal 1.000000e+00 -0.000000e+00 0.000000e+00
    outer loop
      vertex   4.875000e+01 2.500000e-01 2.870096e+01
      vertex   4.875000e+01 3.500000e+00 0.000000e+00
      vertex   4.875000e+01 7.990381e-01 2.925000e+01
    endloop
  endfacet
  facet normal 1.000000e+00 -0.000000e+00 0.000000e+00
    outer loop
      vertex   4.875000e+01 7.990381e-01 2.925000e+01
      vertex   4.875000e+01 3.500000e+00 0.000000e+00
      vertex   4.875000e+01 1.000000e+00 3.000000e+01
    endloop
  endfacet
  facet normal 1.000000e+00 -0.000000e+00 0.000000e+00
    outer loop
      vertex   4.875000e+01 1.000000e+00 3.000000e+01
      vertex   4.875000e+01 3.500000e+00 0.000000e+00
      vertex   4.875000e+01 3.500000e+00 3.900000e+01
    endloop
  endfacet
  facet normal 1.000000e+00 0.000000e+00 -0.000000e+00
    outer loop
      vertex   4.875000e+01 1.000000e+00 3.000000e+01
      vertex   4.875000e+01 3.500000e+00 3.900000e+01
      vertex   4.875000e+01 7.990381e-01 3.075000e+01
    endloop
  endfacet
  facet normal 1.000000e+00 0.000000e+00 -0.000000e+00
    outer loop
      vertex   4.875000e+01 7.990381e-01 3.075000e+01
      vertex   4.875000e+01 3.500000e+00 3.900000e+01
      vertex   4.875000e+01 2.500000e-01 3.129904e+01
    endloop
  endfacet
  facet normal 1.000000e+00 0.000000e+00 -0.000000e+00
    outer loop
      vertex   4.875000e+01 2.500000e-01 3.129904e+01
      vertex   4.875000e+01 3.500000e+00 3.900000e+01
      vertex   4.875000e+01 -5.000000e-01 3.150000e+01
    endloop
  endfacet
  facet normal 1.000000e+00 -0.000000e+00 0.000000e+00
    outer loop
      vertex   4.875000e+01 -1.800000e+01 7.500000e+01
      vertex   4.875000e+01 -8.263932e+00 6.780423e+01
      vertex   4.875000e+01 5.500000e+00 7.500000e+01
    endloop
  endfacet
  facet normal 1.000000e+00 0.000000e+00 0.000000e+00
    outer loop
      vertex   4.875000e+01 5.500000e+00 7.500000e+01
      vertex   4.875000e+01 -8.263932e+00 6.780423e+01
      vertex   4.875000e+01 -7.148859e+00 6.723607e+01
    endloop
  endfacet
  facet normal 1.000000e+00 0.000000e+00 0.000000e+00
    outer loop
      vertex   4.875000e+01 5.500000e+00 7.500000e+01
      vertex   4.875000e+01 -7.148859e+00 6.723607e+01
      vertex   4.875000e+01 -6.263932e+00 6.635114e+01
    endloop
  endfacet
  facet normal 1.000000e+00 0.000000e+00 0.000000e+00
    outer loop
      vertex   4.875000e+01 -1.800000e+01 6.800000e+01
      vertex   4.875000e+01 -9.500000e+00 6.800000e+01
      vertex   4.875000e+01 -1.800000e+01 7.500000e+01
    endloop
  endfacet
  facet normal 1.000000e+00 0.000000e+00 0.000000e+00
    outer loop
      vertex   4.875000e+01 -1.800000e+01 7.500000e+01
      vertex   4.875000e+01 -9.500000e+00 6.800000e+01
      vertex   4.875000e+01 -8.263932e+00 6.780423e+01
    endloop
  endfacet
  facet normal 1.000000e+00 -0.000000e+00 0.000000e+00
    outer loop
      vertex   4.875000e+01 -6.263932e+00 6.635114e+01
      vertex   4.875000e+01 -5.695774e+00 6.523607e+01
      vertex   4.875000e+01 5.500000e+00 7.500000e+01
    endloop
  endfacet
  facet normal 1.000000e+00 0.000000e+00 0.000000e+00
    outer loop
      vertex   4.875000e+01 5.500000e+00 7.500000e+01
      vertex   4.875000e+01 -5.695774e+00 6.523607e+01
      vertex   4.875000e+01 -5.500000e+00 6.400000e+01
    endloop
  endfacet
  facet normal -1.000000e+00 -2.368476e-15 0.000000e+00
    outer loop
      vertex   -3.350000e+01 1.000000e+00 0.000000e+00
      vertex   -3.350000e+01 -2.000000e+00 0.000000e+00
      vertex   -3.350000e+01 1.000000e+00 7.500000e+01
    endloop
  endfacet
  facet normal -1.000000e+00 -1.093143e-15 -5.101332e-17
    outer loop
      vertex   -3.350000e+01 1.000000e+00 7.500000e+01
      vertex   -3.350000e+01 -2.000000e+00 0.000000e+00
      vertex   -3.350000e+01 -5.500000e+00 7.500000e+01
    endloop
  endfacet
  facet normal -1.000000e+00 0.000000e+00 0.000000e+00
    outer loop
      vertex   -3.350000e+01 -5.500000e+00 7.500000e+01
      vertex   -3.350000e+01 -2.000000e+00 0.000000e+00
      vertex   -3.350000e+01 -5.500000e+00 -2.000000e+01
    endloop
  endfacet
  facet normal -1.000000e+00 0.000000e+00 0.000000e+00
    outer loop
      vertex   -3.350000e+01 -5.500000e+00 -2.000000e+01
      vertex   -3.350000e+01 -2.000000e+00 0.000000e+00
      vertex   -3.350000e+01 -2.000000e+00 -2.000000e+01
    endloop
  endfacet
  facet normal 2.486900e-16 -1.000000e+00 -2.960595e-18
    outer loop
      vertex   -3.975000e+01 1.000000e+00 0.000000e+00
      vertex   -3.350000e+01 1.000000e+00 0.000000e+00
      vertex   -3.975000e+01 1.000000e+00 7.500000e+01
    endloop
  endfacet
  facet normal 2.842171e-16 -1.000000e+00 0.000000e+00
    outer loop
      vertex   -3.975000e+01 1.000000e+00 7.500000e+01
      vertex   -3.350000e+01 1.000000e+00 0.000000e+00
      vertex   -3.350000e+01 1.000000e+00 7.500000e+01
    endloop
  endfacet
  facet normal -1.000000e+00 0.000000e+00 0.000000e+00
    outer loop
      vertex   -3.975000e+01 2.500000e+00 0.000000e+00
      vertex   -3.975000e+01 1.000000e+00 0.000000e+00
      vertex   -3.975000e+01 2.500000e+00 7.500000e+01
    endloop
  endfacet
  facet normal -1.000000e+00 -0.000000e+00 0.000000e+00
    outer loop
      vertex   -3.975000e+01 2.500000e+00 7.500000e+01
      vertex   -3.975000e+01 1.000000e+00 0.000000e+00
      vertex   -3.975000e+01 1.000000e+00 7.500000e+01
    endloop
  endfacet
  facet normal 4.419636e-15 -1.000000e+00 0.000000e+00
    outer loop
      vertex   -4.295096e+01 2.500000e+00 5.225000e+01
      vertex   -4.275000e+01 2.500000e+00 3.300000e+01
      vertex   -4.275000e+01 2.500000e+00 5.300000e+01
    endloop
  endfacet
  facet normal 0.000000e+00 -1.000000e+00 0.000000e+00
    outer loop
      vertex   -4.275000e+01 2.500000e+00 5.300000e+01
      vertex   -4.275000e+01 2.500000e+00 3.300000e+01
      vertex   -3.975000e+01 2.500000e+00 7.500000e+01
    endloop
  endfacet
  facet normal 2.929014e-15 -1.000000e+00 -3.994110e-16
    outer loop
      vertex   -4.275000e+01 2.500000e+00 5.300000e+01
      vertex   -3.975000e+01 2.500000e+00 7.500000e+01
      vertex   -4.295096e+01 2.500000e+00 5.375000e+01
    endloop
  endfacet
  facet normal 3.632489e-17 -1.000000e+00 3.632489e-17
    outer loop
      vertex   -4.295096e+01 2.500000e+00 5.375000e+01
      vertex   -3.975000e+01 2.500000e+00 7.500000e+01
      vertex   -4.350000e+01 2.500000e+00 5.429904e+01
    endloop
  endfacet
  facet normal 1.096421e-17 -1.000000e+00 4.091900e-17
    outer loop
      vertex   -4.350000e+01 2.500000e+00 5.429904e+01
      vertex   -3.975000e+01 2.500000e+00 7.500000e+01
      vertex   -4.425000e+01 2.500000e+00 5.450000e+01
    endloop
  endfacet
  facet normal 4.934325e-17 -1.000000e+00 3.249433e-17
    outer loop
      vertex   -4.425000e+01 2.500000e+00 5.450000e+01
      vertex   -3.975000e+01 2.500000e+00 7.500000e+01
      vertex   -4.875000e+01 2.500000e+00 7.500000e+01
    endloop
  endfacet
  facet normal -5.482106e-18 -1.000000e+00 2.045950e-17
    outer loop
      vertex   -4.425000e+01 2.500000e+00 5.450000e+01
      vertex   -4.875000e+01 2.500000e+00 7.500000e+01
      vertex   -4.500000e+01 2.500000e+00 5.429904e+01
    endloop
  endfacet
  facet normal -1.816244e-17 -1.000000e+00 1.816244e-17
    outer loop
      vertex   -4.500000e+01 2.500000e+00 5.429904e+01
      vertex   -4.875000e+01 2.500000e+00 7.500000e+01
      vertex   -4.554904e+01 2.500000e+00 5.375000e+01
    endloop
  endfacet
  facet normal -4.992637e-17 -1.000000e+00 1.337773e-17
    outer loop
      vertex   -4.554904e+01 2.500000e+00 5.375000e+01
      vertex   -4.875000e+01 2.500000e+00 7.500000e+01
      vertex   -4.575000e+01 2.500000e+00 5.300000e+01
    endloop
  endfacet
  facet normal -1.480297e-16 -1.000000e+00 -0.000000e+00
    outer loop
      vertex   -4.575000e+01 2.500000e+00 5.300000e+01
      vertex   -4.875000e+01 2.500000e+00 7.500000e+01
      vertex   -4.575000e+01 2.500000e+00 3.300000e+01
    endloop
  endfacet
  facet normal 0.000000e+00 -1.000000e+00 0.000000e+00
    outer loop
      vertex   -4.575000e+01 2.500000e+00 5.300000e+01
      vertex   -4.575000e+01 2.500000e+00 3.300000e+01
      vertex   -4.554904e+01 2.500000e+00 5.225000e+01
    endloop
  endfacet
  facet normal 0.000000e+00 -1.000000e+00 -0.000000e+00
    outer loop
      vertex   -4.554904e+01 2.500000e+00 5.225000e+01
      vertex   -4.575000e+01 2.500000e+00 3.300000e+01
      vertex   -4.554904e+01 2.500000e+00 3.375000e+01
    endloop
  endfacet
  facet normal 0.000000e+00 -1.000000e+00 0.000000e+00
    outer loop
      vertex   -4.554904e+01 2.500000e+00 5.225000e+01
      vertex   -4.554904e+01 2.500000e+00 3.375000e+01
      vertex   -4.500000e+01 2.500000e+00 5.170096e+01
    endloop
  endfacet
  facet normal 0.000000e+00 -1.000000e+00 -0.000000e+00
    outer loop
      vertex   -4.500000e+01 2.500000e+00 5.170096e+01
      vertex   -4.554904e+01 2.500000e+00 3.375000e+01
      vertex   -4.500000e+01 2.500000e+00 3.429904e+01
    endloop
  endfacet
  facet normal 0.000000e+00 -1.000000e+00 0.000000e+00
    outer loop
      vertex   -4.500000e+01 2.500000e+00 5.170096e+01
      vertex   -4.500000e+01 2.500000e+00 3.429904e+01
      vertex   -4.425000e+01 2.500000e+00 5.150000e+01
    endloop
  endfacet
  facet normal 0.000000e+00 -1.000000e+00 -0.000000e+00
    outer loop
      vertex   -4.425000e+01 2.500000e+00 5.150000e+01
      vertex   -4.500000e+01 2.500000e+00 3.429904e+01
      vertex   -4.425000e+01 2.500000e+00 3.450000e+01
    endloop
  endfacet
  facet normal 0.000000e+00 -1.000000e+00 0.000000e+00
    outer loop
      vertex   -4.425000e+01 2.500000e+00 5.150000e+01
      vertex   -4.425000e+01 2.500000e+00 3.450000e+01
      vertex   -4.350000e+01 2.500000e+00 3.429904e+01
    endloop
  endfacet
  facet normal 4.419636e-15 -1.000000e+00 0.000000e+00
    outer loop
      vertex   -4.275000e+01 2.500000e+00 3.300000e+01
      vertex   -4.295096e+01 2.500000e+00 5.225000e+01
      vertex   -4.295096e+01 2.500000e+00 3.375000e+01
    endloop
  endfacet
  facet normal 0.000000e+00 -1.000000e+00 0.000000e+00
    outer loop
      vertex   -4.295096e+01 2.500000e+00 3.375000e+01
      vertex   -4.295096e+01 2.500000e+00 5.225000e+01
      vertex   -4.350000e+01 2.500000e+00 5.170096e+01
    endloop
  endfacet
  facet normal 0.000000e+00 -1.000000e+00 0.000000e+00
    outer loop
      vertex   -4.295096e+01 2.500000e+00 3.375000e+01
      vertex   -4.350000e+01 2.500000e+00 5.170096e+01
      vertex   -4.350000e+01 2.500000e+00 3.429904e+01
    endloop
  endfacet
  facet normal 0.000000e+00 -1.000000e+00 0.000000e+00
    outer loop
      vertex   -4.350000e+01 2.500000e+00 3.429904e+01
      vertex   -4.350000e+01 2.500000e+00 5.170096e+01
      vertex   -4.425000e+01 2.500000e+00 5.150000e+01
    endloop
  endfacet
  facet normal 4.419636e-15 -1.000000e+00 0.000000e+00
    outer loop
      vertex   -4.295096e+01 2.500000e+00 3.225000e+01
      vertex   -4.275000e+01 2.500000e+00 1.300000e+01
      vertex   -4.275000e+01 2.500000e+00 3.300000e+01
    endloop
  endfacet
  facet normal 0.000000e+00 -1.000000e+00 0.000000e+00
    outer loop
      vertex   -4.275000e+01 2.500000e+00 3.300000e+01
      vertex   -4.275000e+01 2.500000e+00 1.300000e+01
      vertex   -3.975000e+01 2.500000e+00 0.000000e+00
    endloop
  endfacet
  facet normal 0.000000e+00 -1.000000e+00 0.000000e+00
    outer loop
      vertex   -4.275000e+01 2.500000e+00 3.300000e+01
      vertex   -3.975000e+01 2.500000e+00 0.000000e+00
      vertex   -3.975000e+01 2.500000e+00 7.500000e+01
    endloop
  endfacet
  facet normal 4.419636e-15 -1.000000e+00 0.000000e+00
    outer loop
      vertex   -4.275000e+01 2.500000e+00 1.300000e+01
      vertex   -4.295096e+01 2.500000e+00 3.225000e+01
      vertex   -4.295096e+01 2.500000e+00 1.375000e+01
    endloop
  endfacet
  facet normal 0.000000e+00 -1.000000e+00 0.000000e+00
    outer loop
      vertex   -4.295096e+01 2.500000e+00 1.375000e+01
      vertex   -4.295096e+01 2.500000e+00 3.225000e+01
      vertex   -4.350000e+01 2.500000e+00 3.170096e+01
    endloop
  endfacet
  facet normal 0.000000e+00 -1.000000e+00 0.000000e+00
    outer loop
      vertex   -4.295096e+01 2.500000e+00 1.375000e+01
      vertex   -4.350000e+01 2.500000e+00 3.170096e+01
      vertex   -4.350000e+01 2.500000e+00 1.429904e+01
    endloop
  endfacet
  facet normal 0.000000e+00 -1.000000e+00 0.000000e+00
    outer loop
      vertex   -4.350000e+01 2.500000e+00 1.429904e+01
      vertex   -4.350000e+01 2.500000e+00 3.170096e+01
      vertex   -4.425000e+01 2.500000e+00 3.150000e+01
    endloop
  endfacet
  facet normal 0.000000e+00 -1.000000e+00 0.000000e+00
    outer loop
      vertex   -4.350000e+01 2.500000e+00 1.429904e+01
      vertex   -4.425000e+01 2.500000e+00 3.150000e+01
      vertex   -4.425000e+01 2.500000e+00 1.450000e+01
    endloop
  endfacet
  facet normal -0.000000e+00 -1.000000e+00 0.000000e+00
    outer loop
      vertex   -4.425000e+01 2.500000e+00 1.450000e+01
      vertex   -4.425000e+01 2.500000e+00 3.150000e+01
      vertex   -4.500000e+01 2.500000e+00 1.429904e+01
    endloop
  endfacet
  facet normal 0.000000e+00 -1.000000e+00 0.000000e+00
    outer loop
      vertex   -4.500000e+01 2.500000e+00 1.429904e+01
      vertex   -4.425000e+01 2.500000e+00 3.150000e+01
      vertex   -4.500000e+01 2.500000e+00 3.170096e+01
    endloop
  endfacet
  facet normal -0.000000e+00 -1.000000e+00 0.000000e+00
    outer loop
      vertex   -4.500000e+01 2.500000e+00 1.429904e+01
      vertex   -4.500000e+01 2.500000e+00 3.170096e+01
      vertex   -4.554904e+01 2.500000e+00 1.375000e+01
    endloop
  endfacet
  facet normal 0.000000e+00 -1.000000e+00 0.000000e+00
    outer loop
      vertex   -4.554904e+01 2.500000e+00 1.375000e+01
      vertex   -4.500000e+01 2.500000e+00 3.170096e+01
      vertex   -4.554904e+01 2.500000e+00 3.225000e+01
    endloop
  endfacet
  facet normal -0.000000e+00 -1.000000e+00 0.000000e+00
    outer loop
      vertex   -4.554904e+01 2.500000e+00 1.375000e+01
      vertex   -4.554904e+01 2.500000e+00 3.225000e+01
      vertex   -4.575000e+01 2.500000e+00 1.300000e+01
    endloop
  endfacet
  facet normal 0.000000e+00 -1.000000e+00 0.000000e+00
    outer loop
      vertex   -4.575000e+01 2.500000e+00 1.300000e+01
      vertex   -4.554904e+01 2.500000e+00 3.225000e+01
      vertex   -4.575000e+01 2.500000e+00 3.300000e+01
    endloop
  endfacet
  facet normal -1.480297e-16 -1.000000e+00 0.000000e+00
    outer loop
      vertex   -4.575000e+01 2.500000e+00 1.300000e+01
      vertex   -4.575000e+01 2.500000e+00 3.300000e+01
      vertex   -4.875000e+01 2.500000e+00 0.000000e+00
    endloop
  endfacet
  facet normal -1.480297e-16 -1.000000e+00 0.000000e+00
    outer loop
      vertex   -4.875000e+01 2.500000e+00 0.000000e+00
      vertex   -4.575000e+01 2.500000e+00 3.300000e+01
      vertex   -4.875000e+01 2.500000e+00 7.500000e+01
    endloop
  endfacet
  facet normal 2.374562e-15 -1.000000e+00 5.479759e-16
    outer loop
      vertex   -4.275000e+01 2.500000e+00 1.300000e+01
      vertex   -4.295096e+01 2.500000e+00 1.225000e+01
      vertex   -3.975000e+01 2.500000e+00 0.000000e+00
    endloop
  endfacet
  facet normal 5.748370e-17 -1.000000e+00 -5.748370e-17
    outer loop
      vertex   -3.975000e+01 2.500000e+00 0.000000e+00
      vertex   -4.295096e+01 2.500000e+00 1.225000e+01
      vertex   -4.350000e+01 2.500000e+00 1.170096e+01
    endloop
  endfacet
  facet normal 1.873060e-17 -1.000000e+00 -6.990354e-17
    outer loop
      vertex   -3.975000e+01 2.500000e+00 0.000000e+00
      vertex   -4.350000e+01 2.500000e+00 1.170096e+01
      vertex   -4.425000e+01 2.500000e+00 1.150000e+01
    endloop
  endfacet
  facet normal 4.934325e-17 -1.000000e+00 -5.792468e-17
    outer loop
      vertex   -3.975000e+01 2.500000e+00 0.000000e+00
      vertex   -4.425000e+01 2.500000e+00 1.150000e+01
      vertex   -4.875000e+01 2.500000e+00 0.000000e+00
    endloop
  endfacet
  facet normal -9.365299e-18 -1.000000e+00 -3.495177e-17
    outer loop
      vertex   -4.875000e+01 2.500000e+00 0.000000e+00
      vertex   -4.425000e+01 2.500000e+00 1.150000e+01
      vertex   -4.500000e+01 2.500000e+00 1.170096e+01
    endloop
  endfacet
  facet normal -2.874185e-17 -1.000000e+00 -2.874185e-17
    outer loop
      vertex   -4.875000e+01 2.500000e+00 0.000000e+00
      vertex   -4.500000e+01 2.500000e+00 1.170096e+01
      vertex   -4.554904e+01 2.500000e+00 1.225000e+01
    endloop
  endfacet
  facet normal -6.849699e-17 -1.000000e+00 -1.835371e-17
    outer loop
      vertex   -4.554904e+01 2.500000e+00 1.225000e+01
      vertex   -4.575000e+01 2.500000e+00 1.300000e+01
      vertex   -4.875000e+01 2.500000e+00 0.000000e+00
    endloop
  endfacet
  facet normal -1.000000e+00 2.368476e-15 0.000000e+00
    outer loop
      vertex   -4.875000e+01 5.500000e+00 0.000000e+00
      vertex   -4.875000e+01 2.500000e+00 0.000000e+00
      vertex   -4.875000e+01 5.500000e+00 7.500000e+01
    endloop
  endfacet
  facet normal -1.000000e+00 2.368476e-15 0.000000e+00
    outer loop
      vertex   -4.875000e+01 5.500000e+00 7.500000e+01
      vertex   -4.875000e+01 2.500000e+00 0.000000e+00
      vertex   -4.875000e+01 2.500000e+00 7.500000e+01
    endloop
  endfacet
endsolid
