solid ASCII
  facet normal -7.071068e-01 7.071068e-01 0.000000e+00
    outer loop
      vertex   9.375000e+00 1.125000e+02 2.800000e+00
      vertex   9.375000e+00 1.125000e+02 8.000000e+00
      vertex   1.337500e+01 1.165000e+02 2.800000e+00
    endloop
  endfacet
  facet normal -7.071068e-01 7.071068e-01 2.415527e-16
    outer loop
      vertex   1.337500e+01 1.165000e+02 2.800000e+00
      vertex   9.375000e+00 1.125000e+02 8.000000e+00
      vertex   1.337500e+01 1.165000e+02 8.000000e+00
    endloop
  endfacet
  facet normal -1.000000e+00 -3.229740e-16 3.416071e-16
    outer loop
      vertex   1.337500e+01 1.165000e+02 8.000000e+00
      vertex   1.337500e+01 1.550000e+02 8.000000e+00
      vertex   1.337500e+01 1.165000e+02 2.800000e+00
    endloop
  endfacet
  facet normal -1.000000e+00 -2.768348e-16 0.000000e+00
    outer loop
      vertex   1.337500e+01 1.165000e+02 2.800000e+00
      vertex   1.337500e+01 1.550000e+02 8.000000e+00
      vertex   1.337500e+01 1.550000e+02 2.800000e+00
    endloop
  endfacet
  facet normal 7.071068e-01 7.071068e-01 4.831054e-16
    outer loop
      vertex   -2.962500e+01 1.165000e+02 2.800000e+00
      vertex   -2.962500e+01 1.165000e+02 8.000000e+00
      vertex   -2.562500e+01 1.125000e+02 2.800000e+00
    endloop
  endfacet
  facet normal 7.071068e-01 7.071068e-01 -0.000000e+00
    outer loop
      vertex   -2.562500e+01 1.125000e+02 2.800000e+00
      vertex   -2.962500e+01 1.165000e+02 8.000000e+00
      vertex   -2.562500e+01 1.125000e+02 8.000000e+00
    endloop
  endfacet
  facet normal -8.120488e-16 1.000000e+00 0.000000e+00
    outer loop
      vertex   9.375000e+00 1.125000e+02 2.800000e+00
      vertex   -2.562500e+01 1.125000e+02 2.800000e+00
      vertex   9.375000e+00 1.125000e+02 8.000000e+00
    endloop
  endfacet
  facet normal -8.120488e-16 1.000000e+00 0.000000e+00
    outer loop
      vertex   9.375000e+00 1.125000e+02 8.000000e+00
      vertex   -2.562500e+01 1.125000e+02 2.800000e+00
      vertex   -2.562500e+01 1.125000e+02 8.000000e+00
    endloop
  endfacet
  facet normal 1.000000e+00 4.613914e-16 6.832142e-16
    outer loop
      vertex   -2.962500e+01 1.165000e+02 2.800000e+00
      vertex   -2.962500e+01 1.550000e+02 2.800000e+00
      vertex   -2.962500e+01 1.165000e+02 8.000000e+00
    endloop
  endfacet
  facet normal 1.000000e+00 3.691131e-16 0.000000e+00
    outer loop
      vertex   -2.962500e+01 1.165000e+02 8.000000e+00
      vertex   -2.962500e+01 1.550000e+02 2.800000e+00
      vertex   -2.962500e+01 1.550000e+02 8.000000e+00
    endloop
  endfacet
  facet normal 0.000000e+00 -0.000000e+00 1.000000e+00
    outer loop
      vertex   -2.562500e+01 1.125000e+02 2.800000e+00
      vertex   9.375000e+00 1.125000e+02 2.800000e+00
      vertex   -2.962500e+01 1.165000e+02 2.800000e+00
    endloop
  endfacet
  facet normal -0.000000e+00 0.000000e+00 1.000000e+00
    outer loop
      vertex   -2.962500e+01 1.165000e+02 2.800000e+00
      vertex   9.375000e+00 1.125000e+02 2.800000e+00
      vertex   1.337500e+01 1.165000e+02 2.800000e+00
    endloop
  endfacet
  facet normal 0.000000e+00 -0.000000e+00 1.000000e+00
    outer loop
      vertex   -2.962500e+01 1.165000e+02 2.800000e+00
      vertex   1.337500e+01 1.165000e+02 2.800000e+00
      vertex   -2.962500e+01 1.550000e+02 2.800000e+00
    endloop
  endfacet
  facet normal -0.000000e+00 0.000000e+00 1.000000e+00
    outer loop
      vertex   -2.962500e+01 1.550000e+02 2.800000e+00
      vertex   1.337500e+01 1.165000e+02 2.800000e+00
      vertex   1.337500e+01 1.550000e+02 2.800000e+00
    endloop
  endfacet
  facet normal 2.651782e-14 0.000000e+00 1.000000e+00
    outer loop
      vertex   -5.089295e+01 1.010000e+02 8.000000e+00
      vertex   -5.062500e+01 9.000000e+01 8.000000e+00
      vertex   -5.062500e+01 1.020000e+02 8.000000e+00
    endloop
  endfacet
  facet normal -4.900295e-16 0.000000e+00 1.000000e+00
    outer loop
      vertex   -5.062500e+01 1.020000e+02 8.000000e+00
      vertex   -5.062500e+01 9.000000e+01 8.000000e+00
      vertex   -3.612500e+01 9.000000e+01 8.000000e+00
    endloop
  endfacet
  facet normal -4.900295e-16 0.000000e+00 1.000000e+00
    outer loop
      vertex   -5.062500e+01 1.020000e+02 8.000000e+00
      vertex   -3.612500e+01 9.000000e+01 8.000000e+00
      vertex   -3.612500e+01 1.020000e+02 8.000000e+00
    endloop
  endfacet
  facet normal 0.000000e+00 0.000000e+00 1.000000e+00
    outer loop
      vertex   -3.612500e+01 1.020000e+02 8.000000e+00
      vertex   -3.612500e+01 9.000000e+01 8.000000e+00
      vertex   -3.585705e+01 9.100000e+01 8.000000e+00
    endloop
  endfacet
  facet normal 0.000000e+00 0.000000e+00 1.000000e+00
    outer loop
      vertex   -3.612500e+01 1.020000e+02 8.000000e+00
      vertex   -3.585705e+01 9.100000e+01 8.000000e+00
      vertex   -3.585705e+01 1.010000e+02 8.000000e+00
    endloop
  endfacet
  facet normal 0.000000e+00 0.000000e+00 1.000000e+00
    outer loop
      vertex   -3.585705e+01 1.010000e+02 8.000000e+00
      vertex   -3.585705e+01 9.100000e+01 8.000000e+00
      vertex   -3.512500e+01 1.002679e+02 8.000000e+00
    endloop
  endfacet
  facet normal 0.000000e+00 0.000000e+00 1.000000e+00
    outer loop
      vertex   -3.512500e+01 1.002679e+02 8.000000e+00
      vertex   -3.585705e+01 9.100000e+01 8.000000e+00
      vertex   -3.512500e+01 9.173205e+01 8.000000e+00
    endloop
  endfacet
  facet normal 0.000000e+00 0.000000e+00 1.000000e+00
    outer loop
      vertex   -3.512500e+01 1.002679e+02 8.000000e+00
      vertex   -3.512500e+01 9.173205e+01 8.000000e+00
      vertex   -3.412500e+01 1.000000e+02 8.000000e+00
    endloop
  endfacet
  facet normal 0.000000e+00 0.000000e+00 1.000000e+00
    outer loop
      vertex   -3.412500e+01 1.000000e+02 8.000000e+00
      vertex   -3.512500e+01 9.173205e+01 8.000000e+00
      vertex   -3.412500e+01 9.200000e+01 8.000000e+00
    endloop
  endfacet
  facet normal -0.000000e+00 0.000000e+00 1.000000e+00
    outer loop
      vertex   -3.412500e+01 1.000000e+02 8.000000e+00
      vertex   -3.412500e+01 9.200000e+01 8.000000e+00
      vertex   -3.312500e+01 1.002679e+02 8.000000e+00
    endloop
  endfacet
  facet normal 0.000000e+00 0.000000e+00 1.000000e+00
    outer loop
      vertex   -3.312500e+01 1.002679e+02 8.000000e+00
      vertex   -3.412500e+01 9.200000e+01 8.000000e+00
      vertex   -3.312500e+01 9.173205e+01 8.000000e+00
    endloop
  endfacet
  facet normal 0.000000e+00 0.000000e+00 1.000000e+00
    outer loop
      vertex   -3.312500e+01 1.002679e+02 8.000000e+00
      vertex   -3.312500e+01 9.173205e+01 8.000000e+00
      vertex   -3.239295e+01 9.100000e+01 8.000000e+00
    endloop
  endfacet
  facet normal 2.651782e-14 0.000000e+00 1.000000e+00
    outer loop
      vertex   -5.062500e+01 9.000000e+01 8.000000e+00
      vertex   -5.089295e+01 1.010000e+02 8.000000e+00
      vertex   -5.089295e+01 9.100000e+01 8.000000e+00
    endloop
  endfacet
  facet normal 0.000000e+00 -0.000000e+00 1.000000e+00
    outer loop
      vertex   -5.089295e+01 9.100000e+01 8.000000e+00
      vertex   -5.089295e+01 1.010000e+02 8.000000e+00
      vertex   -5.162500e+01 1.002679e+02 8.000000e+00
    endloop
  endfacet
  facet normal 0.000000e+00 0.000000e+00 1.000000e+00
    outer loop
      vertex   -5.089295e+01 9.100000e+01 8.000000e+00
      vertex   -5.162500e+01 1.002679e+02 8.000000e+00
      vertex   -5.162500e+01 9.173205e+01 8.000000e+00
    endloop
  endfacet
  facet normal 0.000000e+00 -0.000000e+00 1.000000e+00
    outer loop
      vertex   -5.162500e+01 9.173205e+01 8.000000e+00
      vertex   -5.162500e+01 1.002679e+02 8.000000e+00
      vertex   -5.262500e+01 1.000000e+02 8.000000e+00
    endloop
  endfacet
  facet normal 0.000000e+00 0.000000e+00 1.000000e+00
    outer loop
      vertex   -5.162500e+01 9.173205e+01 8.000000e+00
      vertex   -5.262500e+01 1.000000e+02 8.000000e+00
      vertex   -5.262500e+01 9.200000e+01 8.000000e+00
    endloop
  endfacet
  facet normal 0.000000e+00 -0.000000e+00 1.000000e+00
    outer loop
      vertex   -5.262500e+01 9.200000e+01 8.000000e+00
      vertex   -5.262500e+01 1.000000e+02 8.000000e+00
      vertex   -5.362500e+01 9.173205e+01 8.000000e+00
    endloop
  endfacet
  facet normal 0.000000e+00 0.000000e+00 1.000000e+00
    outer loop
      vertex   -5.362500e+01 9.173205e+01 8.000000e+00
      vertex   -5.262500e+01 1.000000e+02 8.000000e+00
      vertex   -5.362500e+01 1.002679e+02 8.000000e+00
    endloop
  endfacet
  facet normal 0.000000e+00 -0.000000e+00 1.000000e+00
    outer loop
      vertex   -5.362500e+01 9.173205e+01 8.000000e+00
      vertex   -5.362500e+01 1.002679e+02 8.000000e+00
      vertex   -5.435705e+01 9.100000e+01 8.000000e+00
    endloop
  endfacet
  facet normal 0.000000e+00 0.000000e+00 1.000000e+00
    outer loop
      vertex   -5.435705e+01 9.100000e+01 8.000000e+00
      vertex   -5.362500e+01 1.002679e+02 8.000000e+00
      vertex   -5.435705e+01 1.010000e+02 8.000000e+00
    endloop
  endfacet
  facet normal -3.132975e-15 0.000000e+00 1.000000e+00
    outer loop
      vertex   -5.435705e+01 9.100000e+01 8.000000e+00
      vertex   -5.435705e+01 1.010000e+02 8.000000e+00
      vertex   -5.662500e+01 8.750000e+01 8.000000e+00
    endloop
  endfacet
  facet normal -1.207325e-15 -3.235018e-16 1.000000e+00
    outer loop
      vertex   -5.662500e+01 8.750000e+01 8.000000e+00
      vertex   -5.435705e+01 1.010000e+02 8.000000e+00
      vertex   -5.462500e+01 1.020000e+02 8.000000e+00
    endloop
  endfacet
  facet normal -3.552714e-15 -3.365807e-30 1.000000e+00
    outer loop
      vertex   -5.662500e+01 8.750000e+01 8.000000e+00
      vertex   -5.462500e+01 1.020000e+02 8.000000e+00
      vertex   -5.662500e+01 1.100000e+02 8.000000e+00
    endloop
  endfacet
  facet normal -1.714798e-15 4.594788e-16 1.000000e+00
    outer loop
      vertex   -5.662500e+01 1.100000e+02 8.000000e+00
      vertex   -5.462500e+01 1.020000e+02 8.000000e+00
      vertex   -5.435705e+01 1.030000e+02 8.000000e+00
    endloop
  endfacet
  facet normal -7.666666e-16 7.666666e-16 1.000000e+00
    outer loop
      vertex   -5.662500e+01 1.100000e+02 8.000000e+00
      vertex   -5.435705e+01 1.030000e+02 8.000000e+00
      vertex   -5.362500e+01 1.037321e+02 8.000000e+00
    endloop
  endfacet
  facet normal -2.692234e-16 1.004756e-15 1.000000e+00
    outer loop
      vertex   -5.362500e+01 1.037321e+02 8.000000e+00
      vertex   -5.262500e+01 1.040000e+02 8.000000e+00
      vertex   -5.662500e+01 1.100000e+02 8.000000e+00
    endloop
  endfacet
  facet normal 3.863261e-16 1.441789e-15 1.000000e+00
    outer loop
      vertex   -5.662500e+01 1.100000e+02 8.000000e+00
      vertex   -5.262500e+01 1.040000e+02 8.000000e+00
      vertex   -5.162500e+01 1.037321e+02 8.000000e+00
    endloop
  endfacet
  facet normal -9.476239e-31 1.133613e-15 1.000000e+00
    outer loop
      vertex   -5.662500e+01 1.100000e+02 8.000000e+00
      vertex   -5.162500e+01 1.037321e+02 8.000000e+00
      vertex   -3.962500e+01 1.100000e+02 8.000000e+00
    endloop
  endfacet
  facet normal 3.889559e-16 3.889559e-16 1.000000e+00
    outer loop
      vertex   -3.962500e+01 1.100000e+02 8.000000e+00
      vertex   -5.162500e+01 1.037321e+02 8.000000e+00
      vertex   -5.089295e+01 1.030000e+02 8.000000e+00
    endloop
  endfacet
  facet normal 4.324800e-15 -5.946601e-15 1.000000e+00
    outer loop
      vertex   -3.962500e+01 1.100000e+02 8.000000e+00
      vertex   -5.089295e+01 1.030000e+02 8.000000e+00
      vertex   -5.062500e+01 1.020000e+02 8.000000e+00
    endloop
  endfacet
  facet normal -4.900295e-16 -1.684476e-16 1.000000e+00
    outer loop
      vertex   -3.612500e+01 9.000000e+01 8.000000e+00
      vertex   -5.062500e+01 9.000000e+01 8.000000e+00
      vertex   -4.787500e+01 8.200000e+01 8.000000e+00
    endloop
  endfacet
  facet normal 1.161588e-14 3.992960e-15 1.000000e+00
    outer loop
      vertex   -4.787500e+01 8.200000e+01 8.000000e+00
      vertex   -5.062500e+01 9.000000e+01 8.000000e+00
      vertex   -5.089295e+01 8.900000e+01 8.000000e+00
    endloop
  endfacet
  facet normal 7.092697e-16 -7.092697e-16 1.000000e+00
    outer loop
      vertex   -4.787500e+01 8.200000e+01 8.000000e+00
      vertex   -5.089295e+01 8.900000e+01 8.000000e+00
      vertex   -5.162500e+01 8.826795e+01 8.000000e+00
    endloop
  endfacet
  facet normal 2.617842e-16 -9.769920e-16 1.000000e+00
    outer loop
      vertex   -5.162500e+01 8.826795e+01 8.000000e+00
      vertex   -5.262500e+01 8.800000e+01 8.000000e+00
      vertex   -4.787500e+01 8.200000e+01 8.000000e+00
    endloop
  endfacet
  facet normal 0.000000e+00 -1.184238e-15 1.000000e+00
    outer loop
      vertex   -4.787500e+01 8.200000e+01 8.000000e+00
      vertex   -5.262500e+01 8.800000e+01 8.000000e+00
      vertex   -5.537500e+01 8.200000e+01 8.000000e+00
    endloop
  endfacet
  facet normal -2.826084e-16 -1.054709e-15 1.000000e+00
    outer loop
      vertex   -5.537500e+01 8.200000e+01 8.000000e+00
      vertex   -5.262500e+01 8.800000e+01 8.000000e+00
      vertex   -5.362500e+01 8.826795e+01 8.000000e+00
    endloop
  endfacet
  facet normal -4.060244e-15 -5.245413e-30 1.000000e+00
    outer loop
      vertex   -5.537500e+01 8.200000e+01 8.000000e+00
      vertex   -5.362500e+01 8.826795e+01 8.000000e+00
      vertex   -5.537500e+01 8.750000e+01 8.000000e+00
    endloop
  endfacet
  facet normal -2.821911e-15 -2.821911e-15 1.000000e+00
    outer loop
      vertex   -5.537500e+01 8.750000e+01 8.000000e+00
      vertex   -5.362500e+01 8.826795e+01 8.000000e+00
      vertex   -5.435705e+01 8.900000e+01 8.000000e+00
    endloop
  endfacet
  facet normal -5.004270e-15 -1.340890e-15 1.000000e+00
    outer loop
      vertex   -5.537500e+01 8.750000e+01 8.000000e+00
      vertex   -5.435705e+01 8.900000e+01 8.000000e+00
      vertex   -5.462500e+01 9.000000e+01 8.000000e+00
    endloop
  endfacet
  facet normal 3.231174e-29 -2.842171e-15 1.000000e+00
    outer loop
      vertex   -5.537500e+01 8.750000e+01 8.000000e+00
      vertex   -5.462500e+01 9.000000e+01 8.000000e+00
      vertex   -5.662500e+01 8.750000e+01 8.000000e+00
    endloop
  endfacet
  facet normal -5.341916e-15 1.431362e-15 1.000000e+00
    outer loop
      vertex   -5.662500e+01 8.750000e+01 8.000000e+00
      vertex   -5.462500e+01 9.000000e+01 8.000000e+00
      vertex   -5.435705e+01 9.100000e+01 8.000000e+00
    endloop
  endfacet
  facet normal 5.088492e-15 5.741970e-15 1.000000e+00
    outer loop
      vertex   -3.239295e+01 8.900000e+01 8.000000e+00
      vertex   -7.032396e+00 6.776312e+01 8.000000e+00
      vertex   -3.212500e+01 9.000000e+01 8.000000e+00
    endloop
  endfacet
  facet normal 0.000000e+00 0.000000e+00 1.000000e+00
    outer loop
      vertex   -3.212500e+01 9.000000e+01 8.000000e+00
      vertex   -7.032396e+00 6.776312e+01 8.000000e+00
      vertex   -6.038119e+00 6.971450e+01 8.000000e+00
    endloop
  endfacet
  facet normal -0.000000e+00 0.000000e+00 1.000000e+00
    outer loop
      vertex   -3.212500e+01 9.000000e+01 8.000000e+00
      vertex   -6.038119e+00 6.971450e+01 8.000000e+00
      vertex   -2.562500e+01 1.125000e+02 8.000000e+00
    endloop
  endfacet
  facet normal 0.000000e+00 0.000000e+00 1.000000e+00
    outer loop
      vertex   -2.562500e+01 1.125000e+02 8.000000e+00
      vertex   -6.038119e+00 6.971450e+01 8.000000e+00
      vertex   -4.489497e+00 7.126312e+01 8.000000e+00
    endloop
  endfacet
  facet normal 0.000000e+00 0.000000e+00 1.000000e+00
    outer loop
      vertex   -2.562500e+01 1.125000e+02 8.000000e+00
      vertex   -4.489497e+00 7.126312e+01 8.000000e+00
      vertex   -2.538119e+00 7.225740e+01 8.000000e+00
    endloop
  endfacet
  facet normal 1.355533e-16 -1.355533e-16 1.000000e+00
    outer loop
      vertex   -3.312500e+01 8.826795e+01 8.000000e+00
      vertex   -7.375000e+00 6.160000e+01 8.000000e+00
      vertex   -3.239295e+01 8.900000e+01 8.000000e+00
    endloop
  endfacet
  facet normal 2.840132e-16 0.000000e+00 1.000000e+00
    outer loop
      vertex   -3.239295e+01 8.900000e+01 8.000000e+00
      vertex   -7.375000e+00 6.160000e+01 8.000000e+00
      vertex   -7.375000e+00 6.560000e+01 8.000000e+00
    endloop
  endfacet
  facet normal 2.473678e-16 -3.917920e-17 1.000000e+00
    outer loop
      vertex   -3.239295e+01 8.900000e+01 8.000000e+00
      vertex   -7.375000e+00 6.560000e+01 8.000000e+00
      vertex   -7.032396e+00 6.776312e+01 8.000000e+00
    endloop
  endfacet
  facet normal -3.135632e-18 -2.694684e-16 1.000000e+00
    outer loop
      vertex   -7.375000e+00 6.160000e+01 8.000000e+00
      vertex   -3.312500e+01 8.826795e+01 8.000000e+00
      vertex   -4.175000e+01 6.200000e+01 8.000000e+00
    endloop
  endfacet
  facet normal 7.947166e-17 -2.965923e-16 1.000000e+00
    outer loop
      vertex   -4.175000e+01 6.200000e+01 8.000000e+00
      vertex   -3.312500e+01 8.826795e+01 8.000000e+00
      vertex   -3.412500e+01 8.800000e+01 8.000000e+00
    endloop
  endfacet
  facet normal -4.869506e-16 -1.304780e-16 1.000000e+00
    outer loop
      vertex   -4.175000e+01 6.200000e+01 8.000000e+00
      vertex   -3.412500e+01 8.800000e+01 8.000000e+00
      vertex   -4.201795e+01 6.300000e+01 8.000000e+00
    endloop
  endfacet
  facet normal -7.021574e-17 -2.620487e-16 1.000000e+00
    outer loop
      vertex   -4.201795e+01 6.300000e+01 8.000000e+00
      vertex   -3.412500e+01 8.800000e+01 8.000000e+00
      vertex   -3.512500e+01 8.826795e+01 8.000000e+00
    endloop
  endfacet
  facet normal -2.209337e-16 -2.209337e-16 1.000000e+00
    outer loop
      vertex   -4.201795e+01 6.300000e+01 8.000000e+00
      vertex   -3.512500e+01 8.826795e+01 8.000000e+00
      vertex   -4.275000e+01 6.373205e+01 8.000000e+00
    endloop
  endfacet
  facet normal -2.209337e-16 -2.209337e-16 1.000000e+00
    outer loop
      vertex   -4.275000e+01 6.373205e+01 8.000000e+00
      vertex   -3.512500e+01 8.826795e+01 8.000000e+00
      vertex   -3.585705e+01 8.900000e+01 8.000000e+00
    endloop
  endfacet
  facet normal -5.081922e-16 -1.425713e-16 1.000000e+00
    outer loop
      vertex   -4.275000e+01 6.373205e+01 8.000000e+00
      vertex   -3.585705e+01 8.900000e+01 8.000000e+00
      vertex   -4.787500e+01 8.200000e+01 8.000000e+00
    endloop
  endfacet
  facet normal -5.114175e-16 -1.370339e-16 1.000000e+00
    outer loop
      vertex   -4.787500e+01 8.200000e+01 8.000000e+00
      vertex   -3.585705e+01 8.900000e+01 8.000000e+00
      vertex   -3.612500e+01 9.000000e+01 8.000000e+00
    endloop
  endfacet
  facet normal -0.000000e+00 0.000000e+00 1.000000e+00
    outer loop
      vertex   -3.312500e+01 1.002679e+02 8.000000e+00
      vertex   -3.239295e+01 9.100000e+01 8.000000e+00
      vertex   -3.239295e+01 1.010000e+02 8.000000e+00
    endloop
  endfacet
  facet normal 2.651782e-14 -1.884204e-29 1.000000e+00
    outer loop
      vertex   -3.239295e+01 1.010000e+02 8.000000e+00
      vertex   -3.239295e+01 9.100000e+01 8.000000e+00
      vertex   -3.212500e+01 9.000000e+01 8.000000e+00
    endloop
  endfacet
  facet normal 2.651782e-14 -1.570170e-29 1.000000e+00
    outer loop
      vertex   -3.239295e+01 1.010000e+02 8.000000e+00
      vertex   -3.212500e+01 9.000000e+01 8.000000e+00
      vertex   -3.212500e+01 1.020000e+02 8.000000e+00
    endloop
  endfacet
  facet normal -0.000000e+00 0.000000e+00 1.000000e+00
    outer loop
      vertex   -3.212500e+01 1.020000e+02 8.000000e+00
      vertex   -3.212500e+01 9.000000e+01 8.000000e+00
      vertex   -2.562500e+01 1.125000e+02 8.000000e+00
    endloop
  endfacet
  facet normal 8.010657e-15 -4.958978e-15 1.000000e+00
    outer loop
      vertex   -3.212500e+01 1.020000e+02 8.000000e+00
      vertex   -2.562500e+01 1.125000e+02 8.000000e+00
      vertex   -3.239295e+01 1.030000e+02 8.000000e+00
    endloop
  endfacet
  facet normal 4.367746e-16 4.367746e-16 1.000000e+00
    outer loop
      vertex   -3.239295e+01 1.030000e+02 8.000000e+00
      vertex   -2.562500e+01 1.125000e+02 8.000000e+00
      vertex   -2.962500e+01 1.165000e+02 8.000000e+00
    endloop
  endfacet
  facet normal 4.367746e-16 4.367746e-16 1.000000e+00
    outer loop
      vertex   -3.239295e+01 1.030000e+02 8.000000e+00
      vertex   -2.962500e+01 1.165000e+02 8.000000e+00
      vertex   -3.312500e+01 1.037321e+02 8.000000e+00
    endloop
  endfacet
  facet normal 1.389118e-16 5.184259e-16 1.000000e+00
    outer loop
      vertex   -3.312500e+01 1.037321e+02 8.000000e+00
      vertex   -2.962500e+01 1.165000e+02 8.000000e+00
      vertex   -3.412500e+01 1.040000e+02 8.000000e+00
    endloop
  endfacet
  facet normal -4.823528e-16 7.420812e-16 1.000000e+00
    outer loop
      vertex   -3.412500e+01 1.040000e+02 8.000000e+00
      vertex   -2.962500e+01 1.165000e+02 8.000000e+00
      vertex   -3.962500e+01 1.100000e+02 8.000000e+00
    endloop
  endfacet
  facet normal -2.547451e-16 9.507216e-16 1.000000e+00
    outer loop
      vertex   -3.412500e+01 1.040000e+02 8.000000e+00
      vertex   -3.962500e+01 1.100000e+02 8.000000e+00
      vertex   -3.512500e+01 1.037321e+02 8.000000e+00
    endloop
  endfacet
  facet normal -6.598682e-16 6.598682e-16 1.000000e+00
    outer loop
      vertex   -3.512500e+01 1.037321e+02 8.000000e+00
      vertex   -3.962500e+01 1.100000e+02 8.000000e+00
      vertex   -3.585705e+01 1.030000e+02 8.000000e+00
    endloop
  endfacet
  facet normal -1.259025e-15 3.373548e-16 1.000000e+00
    outer loop
      vertex   -3.585705e+01 1.030000e+02 8.000000e+00
      vertex   -3.962500e+01 1.100000e+02 8.000000e+00
      vertex   -3.612500e+01 1.020000e+02 8.000000e+00
    endloop
  endfacet
  facet normal -4.900295e-16 6.737905e-16 1.000000e+00
    outer loop
      vertex   -3.612500e+01 1.020000e+02 8.000000e+00
      vertex   -3.962500e+01 1.100000e+02 8.000000e+00
      vertex   -5.062500e+01 1.020000e+02 8.000000e+00
    endloop
  endfacet
  facet normal -5.684342e-15 -1.835894e-30 1.000000e+00
    outer loop
      vertex   1.337500e+01 1.165000e+02 8.000000e+00
      vertex   1.462500e+01 1.370000e+02 8.000000e+00
      vertex   1.337500e+01 1.550000e+02 8.000000e+00
    endloop
  endfacet
  facet normal -5.684342e-15 0.000000e+00 1.000000e+00
    outer loop
      vertex   1.337500e+01 1.550000e+02 8.000000e+00
      vertex   1.462500e+01 1.370000e+02 8.000000e+00
      vertex   1.462500e+01 1.490000e+02 8.000000e+00
    endloop
  endfacet
  facet normal -2.486419e-15 6.662339e-16 1.000000e+00
    outer loop
      vertex   1.337500e+01 1.550000e+02 8.000000e+00
      vertex   1.462500e+01 1.490000e+02 8.000000e+00
      vertex   1.489295e+01 1.500000e+02 8.000000e+00
    endloop
  endfacet
  facet normal -0.000000e+00 0.000000e+00 1.000000e+00
    outer loop
      vertex   9.375000e+00 1.125000e+02 8.000000e+00
      vertex   1.712500e+01 7.510000e+01 8.000000e+00
      vertex   1.337500e+01 1.165000e+02 8.000000e+00
    endloop
  endfacet
  facet normal 0.000000e+00 0.000000e+00 1.000000e+00
    outer loop
      vertex   1.337500e+01 1.165000e+02 8.000000e+00
      vertex   1.712500e+01 7.510000e+01 8.000000e+00
      vertex   1.932708e+01 7.476944e+01 8.000000e+00
    endloop
  endfacet
  facet normal -1.529761e-15 -2.181915e-16 1.000000e+00
    outer loop
      vertex   1.337500e+01 1.165000e+02 8.000000e+00
      vertex   1.932708e+01 7.476944e+01 8.000000e+00
      vertex   1.762500e+01 1.192679e+02 8.000000e+00
    endloop
  endfacet
  facet normal 2.269159e-31 -1.596779e-16 1.000000e+00
    outer loop
      vertex   1.762500e+01 1.192679e+02 8.000000e+00
      vertex   1.932708e+01 7.476944e+01 8.000000e+00
      vertex   2.762500e+01 1.192679e+02 8.000000e+00
    endloop
  endfacet
  facet normal 0.000000e+00 0.000000e+00 1.000000e+00
    outer loop
      vertex   1.762500e+01 1.192679e+02 8.000000e+00
      vertex   2.762500e+01 1.192679e+02 8.000000e+00
      vertex   1.835705e+01 1.200000e+02 8.000000e+00
    endloop
  endfacet
  facet normal -0.000000e+00 0.000000e+00 1.000000e+00
    outer loop
      vertex   1.835705e+01 1.200000e+02 8.000000e+00
      vertex   2.762500e+01 1.192679e+02 8.000000e+00
      vertex   2.689295e+01 1.200000e+02 8.000000e+00
    endloop
  endfacet
  facet normal -1.774404e-29 5.329071e-15 1.000000e+00
    outer loop
      vertex   1.835705e+01 1.200000e+02 8.000000e+00
      vertex   2.689295e+01 1.200000e+02 8.000000e+00
      vertex   1.862500e+01 1.210000e+02 8.000000e+00
    endloop
  endfacet
  facet normal -6.661338e-16 -1.784900e-16 1.000000e+00
    outer loop
      vertex   1.862500e+01 1.210000e+02 8.000000e+00
      vertex   2.689295e+01 1.200000e+02 8.000000e+00
      vertex   2.662500e+01 1.210000e+02 8.000000e+00
    endloop
  endfacet
  facet normal -6.661338e-16 4.718448e-16 1.000000e+00
    outer loop
      vertex   1.862500e+01 1.210000e+02 8.000000e+00
      vertex   2.662500e+01 1.210000e+02 8.000000e+00
      vertex   2.162500e+01 1.290000e+02 8.000000e+00
    endloop
  endfacet
  facet normal -9.946573e-16 2.665176e-16 1.000000e+00
    outer loop
      vertex   2.162500e+01 1.290000e+02 8.000000e+00
      vertex   2.662500e+01 1.210000e+02 8.000000e+00
      vertex   2.689295e+01 1.220000e+02 8.000000e+00
    endloop
  endfacet
  facet normal -5.791862e-16 5.791862e-16 1.000000e+00
    outer loop
      vertex   2.162500e+01 1.290000e+02 8.000000e+00
      vertex   2.689295e+01 1.220000e+02 8.000000e+00
      vertex   2.762500e+01 1.227321e+02 8.000000e+00
    endloop
  endfacet
  facet normal -0.000000e+00 0.000000e+00 1.000000e+00
    outer loop
      vertex   -2.562500e+01 1.125000e+02 8.000000e+00
      vertex   -2.538119e+00 7.225740e+01 8.000000e+00
      vertex   9.375000e+00 1.125000e+02 8.000000e+00
    endloop
  endfacet
  facet normal 0.000000e+00 0.000000e+00 1.000000e+00
    outer loop
      vertex   9.375000e+00 1.125000e+02 8.000000e+00
      vertex   -2.538119e+00 7.225740e+01 8.000000e+00
      vertex   -3.750000e-01 7.260000e+01 8.000000e+00
    endloop
  endfacet
  facet normal 0.000000e+00 0.000000e+00 1.000000e+00
    outer loop
      vertex   9.375000e+00 1.125000e+02 8.000000e+00
      vertex   -3.750000e-01 7.260000e+01 8.000000e+00
      vertex   8.985590e+00 7.260000e+01 8.000000e+00
    endloop
  endfacet
  facet normal 0.000000e+00 0.000000e+00 1.000000e+00
    outer loop
      vertex   -2.962500e+01 1.550000e+02 8.000000e+00
      vertex   -3.962500e+01 1.550000e+02 8.000000e+00
      vertex   -2.962500e+01 1.165000e+02 8.000000e+00
    endloop
  endfacet
  facet normal 0.000000e+00 0.000000e+00 1.000000e+00
    outer loop
      vertex   -2.962500e+01 1.165000e+02 8.000000e+00
      vertex   -3.962500e+01 1.550000e+02 8.000000e+00
      vertex   -3.962500e+01 1.100000e+02 8.000000e+00
    endloop
  endfacet
  facet normal 0.000000e+00 -0.000000e+00 1.000000e+00
    outer loop
      vertex   -4.787500e+01 -6.500000e+01 8.000000e+00
      vertex   -4.575000e+01 2.200000e+01 8.000000e+00
      vertex   -4.787500e+01 8.200000e+01 8.000000e+00
    endloop
  endfacet
  facet normal 0.000000e+00 0.000000e+00 1.000000e+00
    outer loop
      vertex   -4.787500e+01 8.200000e+01 8.000000e+00
      vertex   -4.575000e+01 2.200000e+01 8.000000e+00
      vertex   -4.575000e+01 6.200000e+01 8.000000e+00
    endloop
  endfacet
  facet normal 0.000000e+00 0.000000e+00 1.000000e+00
    outer loop
      vertex   -4.787500e+01 8.200000e+01 8.000000e+00
      vertex   -4.575000e+01 6.200000e+01 8.000000e+00
      vertex   -4.548205e+01 6.300000e+01 8.000000e+00
    endloop
  endfacet
  facet normal 1.159512e-30 -2.842171e-15 1.000000e+00
    outer loop
      vertex   5.662500e+01 -6.500000e+01 8.000000e+00
      vertex   1.662500e+01 -6.250000e+01 8.000000e+00
      vertex   -4.787500e+01 -6.500000e+01 8.000000e+00
    endloop
  endfacet
  facet normal -9.624022e-17 -3.591734e-16 1.000000e+00
    outer loop
      vertex   -4.787500e+01 -6.500000e+01 8.000000e+00
      vertex   1.662500e+01 -6.250000e+01 8.000000e+00
      vertex   1.587500e+01 -6.229904e+01 8.000000e+00
    endloop
  endfacet
  facet normal -1.459509e-16 8.141321e-16 1.000000e+00
    outer loop
      vertex   -4.787500e+01 -6.500000e+01 8.000000e+00
      vertex   1.587500e+01 -6.229904e+01 8.000000e+00
      vertex   -3.250000e+00 -5.700000e+01 8.000000e+00
    endloop
  endfacet
  facet normal -1.826528e-16 6.816695e-16 1.000000e+00
    outer loop
      vertex   -3.250000e+00 -5.700000e+01 8.000000e+00
      vertex   1.587500e+01 -6.229904e+01 8.000000e+00
      vertex   -2.250000e+00 -5.673205e+01 8.000000e+00
    endloop
  endfacet
  facet normal -5.658083e-16 -5.658083e-16 1.000000e+00
    outer loop
      vertex   -2.250000e+00 -5.673205e+01 8.000000e+00
      vertex   1.587500e+01 -6.229904e+01 8.000000e+00
      vertex   1.532596e+01 -6.175000e+01 8.000000e+00
    endloop
  endfacet
  facet normal -3.144842e-16 3.144842e-16 1.000000e+00
    outer loop
      vertex   -2.250000e+00 -5.673205e+01 8.000000e+00
      vertex   1.532596e+01 -6.175000e+01 8.000000e+00
      vertex   -1.517949e+00 -5.600000e+01 8.000000e+00
    endloop
  endfacet
  facet normal -4.643098e-16 -1.244114e-16 1.000000e+00
    outer loop
      vertex   -1.517949e+00 -5.600000e+01 8.000000e+00
      vertex   1.532596e+01 -6.175000e+01 8.000000e+00
      vertex   1.512500e+01 -6.100000e+01 8.000000e+00
    endloop
  endfacet
  facet normal -3.951258e-16 1.058736e-16 1.000000e+00
    outer loop
      vertex   -1.517949e+00 -5.600000e+01 8.000000e+00
      vertex   1.512500e+01 -6.100000e+01 8.000000e+00
      vertex   -1.250000e+00 -5.500000e+01 8.000000e+00
    endloop
  endfacet
  facet normal -3.951258e-16 1.058736e-16 1.000000e+00
    outer loop
      vertex   -1.250000e+00 -5.500000e+01 8.000000e+00
      vertex   1.512500e+01 -6.100000e+01 8.000000e+00
      vertex   1.532596e+01 -6.025000e+01 8.000000e+00
    endloop
  endfacet
  facet normal -4.684106e-16 -1.255102e-16 1.000000e+00
    outer loop
      vertex   -1.250000e+00 -5.500000e+01 8.000000e+00
      vertex   1.532596e+01 -6.025000e+01 8.000000e+00
      vertex   -1.517949e+00 -5.400000e+01 8.000000e+00
    endloop
  endfacet
  facet normal -3.076754e-16 3.076754e-16 1.000000e+00
    outer loop
      vertex   -1.517949e+00 -5.400000e+01 8.000000e+00
      vertex   1.532596e+01 -6.025000e+01 8.000000e+00
      vertex   1.587500e+01 -5.970096e+01 8.000000e+00
    endloop
  endfacet
  facet normal -3.918576e-16 5.084545e-17 1.000000e+00
    outer loop
      vertex   -1.517949e+00 -5.400000e+01 8.000000e+00
      vertex   1.587500e+01 -5.970096e+01 8.000000e+00
      vertex   9.199807e+00 2.860000e+01 8.000000e+00
    endloop
  endfacet
  facet normal 7.128634e-16 1.343579e-16 1.000000e+00
    outer loop
      vertex   9.199807e+00 2.860000e+01 8.000000e+00
      vertex   1.587500e+01 -5.970096e+01 8.000000e+00
      vertex   2.476795e+01 -5.400000e+01 8.000000e+00
    endloop
  endfacet
  facet normal 0.000000e+00 0.000000e+00 1.000000e+00
    outer loop
      vertex   9.199807e+00 2.860000e+01 8.000000e+00
      vertex   2.476795e+01 -5.400000e+01 8.000000e+00
      vertex   2.550000e+01 -5.326795e+01 8.000000e+00
    endloop
  endfacet
  facet normal 5.329071e-15 1.781898e-30 1.000000e+00
    outer loop
      vertex   5.662500e+01 1.050000e+02 8.000000e+00
      vertex   5.362500e+01 2.200000e+01 8.000000e+00
      vertex   5.662500e+01 -6.500000e+01 8.000000e+00
    endloop
  endfacet
  facet normal 5.329071e-15 0.000000e+00 1.000000e+00
    outer loop
      vertex   5.662500e+01 -6.500000e+01 8.000000e+00
      vertex   5.362500e+01 2.200000e+01 8.000000e+00
      vertex   5.362500e+01 2.000000e+00 8.000000e+00
    endloop
  endfacet
  facet normal 5.329071e-15 0.000000e+00 1.000000e+00
    outer loop
      vertex   5.662500e+01 -6.500000e+01 8.000000e+00
      vertex   5.362500e+01 2.000000e+00 8.000000e+00
      vertex   5.362500e+01 -1.800000e+01 8.000000e+00
    endloop
  endfacet
  facet normal 0.000000e+00 -0.000000e+00 1.000000e+00
    outer loop
      vertex   5.362500e+01 -1.800000e+01 8.000000e+00
      vertex   5.362500e+01 2.000000e+00 8.000000e+00
      vertex   5.342404e+01 1.250000e+00 8.000000e+00
    endloop
  endfacet
  facet normal 0.000000e+00 0.000000e+00 1.000000e+00
    outer loop
      vertex   5.362500e+01 -1.800000e+01 8.000000e+00
      vertex   5.342404e+01 1.250000e+00 8.000000e+00
      vertex   5.342404e+01 -1.725000e+01 8.000000e+00
    endloop
  endfacet
  facet normal 0.000000e+00 -0.000000e+00 1.000000e+00
    outer loop
      vertex   5.342404e+01 -1.725000e+01 8.000000e+00
      vertex   5.342404e+01 1.250000e+00 8.000000e+00
      vertex   5.287500e+01 7.009619e-01 8.000000e+00
    endloop
  endfacet
  facet normal 0.000000e+00 0.000000e+00 1.000000e+00
    outer loop
      vertex   5.342404e+01 -1.725000e+01 8.000000e+00
      vertex   5.287500e+01 7.009619e-01 8.000000e+00
      vertex   5.287500e+01 -1.670096e+01 8.000000e+00
    endloop
  endfacet
  facet normal 0.000000e+00 -0.000000e+00 1.000000e+00
    outer loop
      vertex   5.287500e+01 -1.670096e+01 8.000000e+00
      vertex   5.287500e+01 7.009619e-01 8.000000e+00
      vertex   5.212500e+01 5.000000e-01 8.000000e+00
    endloop
  endfacet
  facet normal 0.000000e+00 0.000000e+00 1.000000e+00
    outer loop
      vertex   5.287500e+01 -1.670096e+01 8.000000e+00
      vertex   5.212500e+01 5.000000e-01 8.000000e+00
      vertex   5.212500e+01 -1.650000e+01 8.000000e+00
    endloop
  endfacet
  facet normal 0.000000e+00 -0.000000e+00 1.000000e+00
    outer loop
      vertex   5.212500e+01 -1.650000e+01 8.000000e+00
      vertex   5.212500e+01 5.000000e-01 8.000000e+00
      vertex   5.137500e+01 -1.670096e+01 8.000000e+00
    endloop
  endfacet
  facet normal 0.000000e+00 0.000000e+00 1.000000e+00
    outer loop
      vertex   5.137500e+01 -1.670096e+01 8.000000e+00
      vertex   5.212500e+01 5.000000e-01 8.000000e+00
      vertex   5.137500e+01 7.009619e-01 8.000000e+00
    endloop
  endfacet
  facet normal 0.000000e+00 -0.000000e+00 1.000000e+00
    outer loop
      vertex   5.137500e+01 -1.670096e+01 8.000000e+00
      vertex   5.137500e+01 7.009619e-01 8.000000e+00
      vertex   5.082596e+01 -1.725000e+01 8.000000e+00
    endloop
  endfacet
  facet normal 0.000000e+00 0.000000e+00 1.000000e+00
    outer loop
      vertex   5.082596e+01 -1.725000e+01 8.000000e+00
      vertex   5.137500e+01 7.009619e-01 8.000000e+00
      vertex   5.082596e+01 1.250000e+00 8.000000e+00
    endloop
  endfacet
  facet normal 0.000000e+00 -0.000000e+00 1.000000e+00
    outer loop
      vertex   5.082596e+01 -1.725000e+01 8.000000e+00
      vertex   5.082596e+01 1.250000e+00 8.000000e+00
      vertex   5.062500e+01 -1.800000e+01 8.000000e+00
    endloop
  endfacet
  facet normal 0.000000e+00 0.000000e+00 1.000000e+00
    outer loop
      vertex   5.062500e+01 -1.800000e+01 8.000000e+00
      vertex   5.082596e+01 1.250000e+00 8.000000e+00
      vertex   5.062500e+01 2.000000e+00 8.000000e+00
    endloop
  endfacet
  facet normal -6.731169e-16 0.000000e+00 1.000000e+00
    outer loop
      vertex   5.062500e+01 -1.800000e+01 8.000000e+00
      vertex   5.062500e+01 2.000000e+00 8.000000e+00
      vertex   2.687398e+01 2.884176e+01 8.000000e+00
    endloop
  endfacet
  facet normal -1.815374e-16 4.349757e-16 1.000000e+00
    outer loop
      vertex   2.687398e+01 2.884176e+01 8.000000e+00
      vertex   5.062500e+01 2.000000e+00 8.000000e+00
      vertex   2.857179e+01 2.955034e+01 8.000000e+00
    endloop
  endfacet
  facet normal -2.774208e-16 3.582239e-16 1.000000e+00
    outer loop
      vertex   2.857179e+01 2.955034e+01 8.000000e+00
      vertex   5.062500e+01 2.000000e+00 8.000000e+00
      vertex   3.002635e+01 3.067680e+01 8.000000e+00
    endloop
  endfacet
  facet normal -3.777685e-16 2.861438e-16 1.000000e+00
    outer loop
      vertex   3.002635e+01 3.067680e+01 8.000000e+00
      vertex   5.062500e+01 2.000000e+00 8.000000e+00
      vertex   3.113718e+01 3.214333e+01 8.000000e+00
    endloop
  endfacet
  facet normal -8.203695e-16 0.000000e+00 1.000000e+00
    outer loop
      vertex   3.113718e+01 3.214333e+01 8.000000e+00
      vertex   5.062500e+01 2.000000e+00 8.000000e+00
      vertex   5.062500e+01 2.200000e+01 8.000000e+00
    endloop
  endfacet
  facet normal -6.332070e-16 3.595849e-16 1.000000e+00
    outer loop
      vertex   3.113718e+01 3.214333e+01 8.000000e+00
      vertex   5.062500e+01 2.200000e+01 8.000000e+00
      vertex   3.531047e+01 3.949224e+01 8.000000e+00
    endloop
  endfacet
  facet normal -6.848220e-16 3.143957e-16 1.000000e+00
    outer loop
      vertex   3.531047e+01 3.949224e+01 8.000000e+00
      vertex   5.062500e+01 2.200000e+01 8.000000e+00
      vertex   3.581264e+01 4.058608e+01 8.000000e+00
    endloop
  endfacet
  facet normal -8.077417e-16 2.164337e-16 1.000000e+00
    outer loop
      vertex   3.581264e+01 4.058608e+01 8.000000e+00
      vertex   5.062500e+01 2.200000e+01 8.000000e+00
      vertex   5.082596e+01 2.275000e+01 8.000000e+00
    endloop
  endfacet
  facet normal -1.064869e-15 0.000000e+00 1.000000e+00
    outer loop
      vertex   3.581264e+01 4.058608e+01 8.000000e+00
      vertex   5.082596e+01 2.275000e+01 8.000000e+00
      vertex   5.082596e+01 4.125000e+01 8.000000e+00
    endloop
  endfacet
  facet normal 0.000000e+00 0.000000e+00 1.000000e+00
    outer loop
      vertex   5.082596e+01 4.125000e+01 8.000000e+00
      vertex   5.082596e+01 2.275000e+01 8.000000e+00
      vertex   5.137500e+01 4.070096e+01 8.000000e+00
    endloop
  endfacet
  facet normal 0.000000e+00 0.000000e+00 1.000000e+00
    outer loop
      vertex   5.137500e+01 4.070096e+01 8.000000e+00
      vertex   5.082596e+01 2.275000e+01 8.000000e+00
      vertex   5.137500e+01 2.329904e+01 8.000000e+00
    endloop
  endfacet
  facet normal 0.000000e+00 0.000000e+00 1.000000e+00
    outer loop
      vertex   5.137500e+01 4.070096e+01 8.000000e+00
      vertex   5.137500e+01 2.329904e+01 8.000000e+00
      vertex   5.212500e+01 4.050000e+01 8.000000e+00
    endloop
  endfacet
  facet normal 0.000000e+00 0.000000e+00 1.000000e+00
    outer loop
      vertex   5.212500e+01 4.050000e+01 8.000000e+00
      vertex   5.137500e+01 2.329904e+01 8.000000e+00
      vertex   5.212500e+01 2.350000e+01 8.000000e+00
    endloop
  endfacet
  facet normal 0.000000e+00 0.000000e+00 1.000000e+00
    outer loop
      vertex   5.212500e+01 4.050000e+01 8.000000e+00
      vertex   5.212500e+01 2.350000e+01 8.000000e+00
      vertex   5.287500e+01 2.329904e+01 8.000000e+00
    endloop
  endfacet
  facet normal 0.000000e+00 0.000000e+00 1.000000e+00
    outer loop
      vertex   6.462500e+01 1.130000e+02 8.000000e+00
      vertex   5.962500e+01 1.192679e+02 8.000000e+00
      vertex   5.662500e+01 1.050000e+02 8.000000e+00
    endloop
  endfacet
  facet normal 0.000000e+00 0.000000e+00 1.000000e+00
    outer loop
      vertex   5.662500e+01 1.050000e+02 8.000000e+00
      vertex   5.962500e+01 1.192679e+02 8.000000e+00
      vertex   5.862500e+01 1.190000e+02 8.000000e+00
    endloop
  endfacet
  facet normal 0.000000e+00 0.000000e+00 1.000000e+00
    outer loop
      vertex   5.662500e+01 1.050000e+02 8.000000e+00
      vertex   5.862500e+01 1.190000e+02 8.000000e+00
      vertex   5.762500e+01 1.192679e+02 8.000000e+00
    endloop
  endfacet
  facet normal 0.000000e+00 0.000000e+00 1.000000e+00
    outer loop
      vertex   6.462500e+01 1.290000e+02 8.000000e+00
      vertex   6.062500e+01 1.210000e+02 8.000000e+00
      vertex   6.462500e+01 1.130000e+02 8.000000e+00
    endloop
  endfacet
  facet normal 0.000000e+00 0.000000e+00 1.000000e+00
    outer loop
      vertex   6.462500e+01 1.130000e+02 8.000000e+00
      vertex   6.062500e+01 1.210000e+02 8.000000e+00
      vertex   6.035705e+01 1.200000e+02 8.000000e+00
    endloop
  endfacet
  facet normal 0.000000e+00 0.000000e+00 1.000000e+00
    outer loop
      vertex   6.462500e+01 1.130000e+02 8.000000e+00
      vertex   6.035705e+01 1.200000e+02 8.000000e+00
      vertex   5.962500e+01 1.192679e+02 8.000000e+00
    endloop
  endfacet
  facet normal -0.000000e+00 2.842171e-15 1.000000e+00
    outer loop
      vertex   2.162500e+01 1.290000e+02 8.000000e+00
      vertex   4.287500e+01 1.265000e+02 8.000000e+00
      vertex   6.462500e+01 1.290000e+02 8.000000e+00
    endloop
  endfacet
  facet normal 2.286164e-16 8.532081e-16 1.000000e+00
    outer loop
      vertex   6.462500e+01 1.290000e+02 8.000000e+00
      vertex   4.287500e+01 1.265000e+02 8.000000e+00
      vertex   4.362500e+01 1.262990e+02 8.000000e+00
    endloop
  endfacet
  facet normal 2.997949e-16 2.997949e-16 1.000000e+00
    outer loop
      vertex   6.462500e+01 1.290000e+02 8.000000e+00
      vertex   4.362500e+01 1.262990e+02 8.000000e+00
      vertex   4.417404e+01 1.257500e+02 8.000000e+00
    endloop
  endfacet
  facet normal 5.921189e-16 8.090881e-32 1.000000e+00
    outer loop
      vertex   2.162500e+01 1.550000e+02 8.000000e+00
      vertex   1.862500e+01 1.370000e+02 8.000000e+00
      vertex   2.162500e+01 1.290000e+02 8.000000e+00
    endloop
  endfacet
  facet normal 8.633832e-15 3.015642e-15 1.000000e+00
    outer loop
      vertex   2.162500e+01 1.290000e+02 8.000000e+00
      vertex   1.862500e+01 1.370000e+02 8.000000e+00
      vertex   1.835705e+01 1.360000e+02 8.000000e+00
    endloop
  endfacet
  facet normal 6.920006e-16 -6.920006e-16 1.000000e+00
    outer loop
      vertex   2.162500e+01 1.290000e+02 8.000000e+00
      vertex   1.835705e+01 1.360000e+02 8.000000e+00
      vertex   1.762500e+01 1.352679e+02 8.000000e+00
    endloop
  endfacet
  facet normal -0.000000e+00 1.776357e-15 1.000000e+00
    outer loop
      vertex   1.337500e+01 1.550000e+02 8.000000e+00
      vertex   1.662500e+01 1.510000e+02 8.000000e+00
      vertex   2.162500e+01 1.550000e+02 8.000000e+00
    endloop
  endfacet
  facet normal 3.565513e-16 1.330668e-15 1.000000e+00
    outer loop
      vertex   2.162500e+01 1.550000e+02 8.000000e+00
      vertex   1.662500e+01 1.510000e+02 8.000000e+00
      vertex   1.762500e+01 1.507321e+02 8.000000e+00
    endloop
  endfacet
  facet normal 8.593942e-16 8.593942e-16 1.000000e+00
    outer loop
      vertex   2.162500e+01 1.550000e+02 8.000000e+00
      vertex   1.762500e+01 1.507321e+02 8.000000e+00
      vertex   1.835705e+01 1.500000e+02 8.000000e+00
    endloop
  endfacet
  facet normal -2.246852e-15 5.931113e-15 1.000000e+00
    outer loop
      vertex   3.035705e+01 1.200000e+02 8.000000e+00
      vertex   4.157596e+01 1.242500e+02 8.000000e+00
      vertex   3.062500e+01 1.210000e+02 8.000000e+00
    endloop
  endfacet
  facet normal -4.507835e-16 -1.207871e-16 1.000000e+00
    outer loop
      vertex   3.062500e+01 1.210000e+02 8.000000e+00
      vertex   4.157596e+01 1.242500e+02 8.000000e+00
      vertex   4.137500e+01 1.250000e+02 8.000000e+00
    endloop
  endfacet
  facet normal 1.352350e-15 -4.966709e-15 1.000000e+00
    outer loop
      vertex   3.062500e+01 1.210000e+02 8.000000e+00
      vertex   4.137500e+01 1.250000e+02 8.000000e+00
      vertex   3.035705e+01 1.220000e+02 8.000000e+00
    endloop
  endfacet
  facet normal 0.000000e+00 0.000000e+00 1.000000e+00
    outer loop
      vertex   3.035705e+01 1.220000e+02 8.000000e+00
      vertex   4.137500e+01 1.250000e+02 8.000000e+00
      vertex   4.157596e+01 1.257500e+02 8.000000e+00
    endloop
  endfacet
  facet normal 0.000000e+00 -0.000000e+00 1.000000e+00
    outer loop
      vertex   3.035705e+01 1.220000e+02 8.000000e+00
      vertex   4.157596e+01 1.257500e+02 8.000000e+00
      vertex   2.962500e+01 1.227321e+02 8.000000e+00
    endloop
  endfacet
  facet normal 0.000000e+00 0.000000e+00 1.000000e+00
    outer loop
      vertex   2.962500e+01 1.227321e+02 8.000000e+00
      vertex   4.157596e+01 1.257500e+02 8.000000e+00
      vertex   4.212500e+01 1.262990e+02 8.000000e+00
    endloop
  endfacet
  facet normal -2.371231e-16 8.309643e-16 1.000000e+00
    outer loop
      vertex   2.962500e+01 1.227321e+02 8.000000e+00
      vertex   4.212500e+01 1.262990e+02 8.000000e+00
      vertex   2.162500e+01 1.290000e+02 8.000000e+00
    endloop
  endfacet
  facet normal -2.323544e-16 8.671585e-16 1.000000e+00
    outer loop
      vertex   2.162500e+01 1.290000e+02 8.000000e+00
      vertex   4.212500e+01 1.262990e+02 8.000000e+00
      vertex   4.287500e+01 1.265000e+02 8.000000e+00
    endloop
  endfacet
  facet normal 1.375210e-16 -1.375210e-16 1.000000e+00
    outer loop
      vertex   2.962500e+01 1.192679e+02 8.000000e+00
      vertex   3.462500e+01 7.260000e+01 8.000000e+00
      vertex   3.035705e+01 1.200000e+02 8.000000e+00
    endloop
  endfacet
  facet normal 4.584569e-17 -1.457755e-16 1.000000e+00
    outer loop
      vertex   3.035705e+01 1.200000e+02 8.000000e+00
      vertex   3.462500e+01 7.260000e+01 8.000000e+00
      vertex   4.212500e+01 1.237010e+02 8.000000e+00
    endloop
  endfacet
  facet normal 0.000000e+00 0.000000e+00 1.000000e+00
    outer loop
      vertex   3.035705e+01 1.200000e+02 8.000000e+00
      vertex   4.212500e+01 1.237010e+02 8.000000e+00
      vertex   4.157596e+01 1.242500e+02 8.000000e+00
    endloop
  endfacet
  facet normal 3.965809e-17 -1.480060e-16 1.000000e+00
    outer loop
      vertex   2.962500e+01 1.192679e+02 8.000000e+00
      vertex   2.862500e+01 1.190000e+02 8.000000e+00
      vertex   3.462500e+01 7.260000e+01 8.000000e+00
    endloop
  endfacet
  facet normal 0.000000e+00 -1.531342e-16 1.000000e+00
    outer loop
      vertex   3.462500e+01 7.260000e+01 8.000000e+00
      vertex   2.862500e+01 1.190000e+02 8.000000e+00
      vertex   2.526441e+01 7.260000e+01 8.000000e+00
    endloop
  endfacet
  facet normal -4.025105e-17 -1.502190e-16 1.000000e+00
    outer loop
      vertex   2.526441e+01 7.260000e+01 8.000000e+00
      vertex   2.862500e+01 1.190000e+02 8.000000e+00
      vertex   2.762500e+01 1.192679e+02 8.000000e+00
    endloop
  endfacet
  facet normal -1.509789e-17 -1.514913e-16 1.000000e+00
    outer loop
      vertex   2.526441e+01 7.260000e+01 8.000000e+00
      vertex   2.762500e+01 1.192679e+02 8.000000e+00
      vertex   2.388287e+01 7.273769e+01 8.000000e+00
    endloop
  endfacet
  facet normal -4.577246e-17 -1.490243e-16 1.000000e+00
    outer loop
      vertex   2.388287e+01 7.273769e+01 8.000000e+00
      vertex   2.762500e+01 1.192679e+02 8.000000e+00
      vertex   2.255567e+01 7.314533e+01 8.000000e+00
    endloop
  endfacet
  facet normal -7.880140e-17 -1.453941e-16 1.000000e+00
    outer loop
      vertex   2.255567e+01 7.314533e+01 8.000000e+00
      vertex   2.762500e+01 1.192679e+02 8.000000e+00
      vertex   2.133504e+01 7.380690e+01 8.000000e+00
    endloop
  endfacet
  facet normal -7.026282e-17 -1.465755e-16 1.000000e+00
    outer loop
      vertex   2.133504e+01 7.380690e+01 8.000000e+00
      vertex   2.762500e+01 1.192679e+02 8.000000e+00
      vertex   1.932708e+01 7.476944e+01 8.000000e+00
    endloop
  endfacet
  facet normal -2.417445e-16 9.022027e-16 1.000000e+00
    outer loop
      vertex   2.762500e+01 1.227321e+02 8.000000e+00
      vertex   2.862500e+01 1.230000e+02 8.000000e+00
      vertex   2.162500e+01 1.290000e+02 8.000000e+00
    endloop
  endfacet
  facet normal 4.616221e-16 1.722797e-15 1.000000e+00
    outer loop
      vertex   2.162500e+01 1.290000e+02 8.000000e+00
      vertex   2.862500e+01 1.230000e+02 8.000000e+00
      vertex   2.962500e+01 1.227321e+02 8.000000e+00
    endloop
  endfacet
  facet normal 1.168631e-15 -4.361392e-15 1.000000e+00
    outer loop
      vertex   1.762500e+01 1.192679e+02 8.000000e+00
      vertex   1.662500e+01 1.190000e+02 8.000000e+00
      vertex   1.337500e+01 1.165000e+02 8.000000e+00
    endloop
  endfacet
  facet normal -5.648136e-16 -2.107913e-15 1.000000e+00
    outer loop
      vertex   1.337500e+01 1.165000e+02 8.000000e+00
      vertex   1.662500e+01 1.190000e+02 8.000000e+00
      vertex   1.562500e+01 1.192679e+02 8.000000e+00
    endloop
  endfacet
  facet normal -1.416002e-15 -1.416002e-15 1.000000e+00
    outer loop
      vertex   1.337500e+01 1.165000e+02 8.000000e+00
      vertex   1.562500e+01 1.192679e+02 8.000000e+00
      vertex   1.489295e+01 1.200000e+02 8.000000e+00
    endloop
  endfacet
  facet normal -2.893359e-15 -7.752731e-16 1.000000e+00
    outer loop
      vertex   1.489295e+01 1.200000e+02 8.000000e+00
      vertex   1.462500e+01 1.210000e+02 8.000000e+00
      vertex   1.337500e+01 1.165000e+02 8.000000e+00
    endloop
  endfacet
  facet normal -5.684342e-15 0.000000e+00 1.000000e+00
    outer loop
      vertex   1.337500e+01 1.165000e+02 8.000000e+00
      vertex   1.462500e+01 1.210000e+02 8.000000e+00
      vertex   1.462500e+01 1.370000e+02 8.000000e+00
    endloop
  endfacet
  facet normal 0.000000e+00 0.000000e+00 1.000000e+00
    outer loop
      vertex   1.462500e+01 1.210000e+02 8.000000e+00
      vertex   1.489295e+01 1.220000e+02 8.000000e+00
      vertex   1.462500e+01 1.370000e+02 8.000000e+00
    endloop
  endfacet
  facet normal 0.000000e+00 0.000000e+00 1.000000e+00
    outer loop
      vertex   1.462500e+01 1.370000e+02 8.000000e+00
      vertex   1.489295e+01 1.220000e+02 8.000000e+00
      vertex   1.489295e+01 1.360000e+02 8.000000e+00
    endloop
  endfacet
  facet normal 0.000000e+00 0.000000e+00 1.000000e+00
    outer loop
      vertex   1.489295e+01 1.360000e+02 8.000000e+00
      vertex   1.489295e+01 1.220000e+02 8.000000e+00
      vertex   1.562500e+01 1.352679e+02 8.000000e+00
    endloop
  endfacet
  facet normal 0.000000e+00 0.000000e+00 1.000000e+00
    outer loop
      vertex   1.562500e+01 1.352679e+02 8.000000e+00
      vertex   1.489295e+01 1.220000e+02 8.000000e+00
      vertex   1.562500e+01 1.227321e+02 8.000000e+00
    endloop
  endfacet
  facet normal 0.000000e+00 0.000000e+00 1.000000e+00
    outer loop
      vertex   1.562500e+01 1.352679e+02 8.000000e+00
      vertex   1.562500e+01 1.227321e+02 8.000000e+00
      vertex   1.662500e+01 1.350000e+02 8.000000e+00
    endloop
  endfacet
  facet normal 0.000000e+00 0.000000e+00 1.000000e+00
    outer loop
      vertex   1.662500e+01 1.350000e+02 8.000000e+00
      vertex   1.562500e+01 1.227321e+02 8.000000e+00
      vertex   1.662500e+01 1.230000e+02 8.000000e+00
    endloop
  endfacet
  facet normal 0.000000e+00 0.000000e+00 1.000000e+00
    outer loop
      vertex   1.662500e+01 1.350000e+02 8.000000e+00
      vertex   1.662500e+01 1.230000e+02 8.000000e+00
      vertex   1.762500e+01 1.227321e+02 8.000000e+00
    endloop
  endfacet
  facet normal 6.920006e-16 6.920006e-16 1.000000e+00
    outer loop
      vertex   1.835705e+01 1.220000e+02 8.000000e+00
      vertex   2.162500e+01 1.290000e+02 8.000000e+00
      vertex   1.762500e+01 1.227321e+02 8.000000e+00
    endloop
  endfacet
  facet normal 1.776357e-15 -0.000000e+00 1.000000e+00
    outer loop
      vertex   1.762500e+01 1.227321e+02 8.000000e+00
      vertex   2.162500e+01 1.290000e+02 8.000000e+00
      vertex   1.762500e+01 1.352679e+02 8.000000e+00
    endloop
  endfacet
  facet normal 0.000000e+00 -0.000000e+00 1.000000e+00
    outer loop
      vertex   1.762500e+01 1.227321e+02 8.000000e+00
      vertex   1.762500e+01 1.352679e+02 8.000000e+00
      vertex   1.662500e+01 1.350000e+02 8.000000e+00
    endloop
  endfacet
  facet normal 8.633832e-15 -3.015642e-15 1.000000e+00
    outer loop
      vertex   1.835705e+01 1.220000e+02 8.000000e+00
      vertex   1.862500e+01 1.210000e+02 8.000000e+00
      vertex   2.162500e+01 1.290000e+02 8.000000e+00
    endloop
  endfacet
  facet normal 0.000000e+00 0.000000e+00 1.000000e+00
    outer loop
      vertex   1.462500e+01 1.490000e+02 8.000000e+00
      vertex   1.462500e+01 1.370000e+02 8.000000e+00
      vertex   1.489295e+01 1.480000e+02 8.000000e+00
    endloop
  endfacet
  facet normal 0.000000e+00 0.000000e+00 1.000000e+00
    outer loop
      vertex   1.489295e+01 1.480000e+02 8.000000e+00
      vertex   1.462500e+01 1.370000e+02 8.000000e+00
      vertex   1.489295e+01 1.380000e+02 8.000000e+00
    endloop
  endfacet
  facet normal 0.000000e+00 0.000000e+00 1.000000e+00
    outer loop
      vertex   1.489295e+01 1.480000e+02 8.000000e+00
      vertex   1.489295e+01 1.380000e+02 8.000000e+00
      vertex   1.562500e+01 1.472679e+02 8.000000e+00
    endloop
  endfacet
  facet normal 0.000000e+00 0.000000e+00 1.000000e+00
    outer loop
      vertex   1.562500e+01 1.472679e+02 8.000000e+00
      vertex   1.489295e+01 1.380000e+02 8.000000e+00
      vertex   1.562500e+01 1.387321e+02 8.000000e+00
    endloop
  endfacet
  facet normal 0.000000e+00 0.000000e+00 1.000000e+00
    outer loop
      vertex   1.562500e+01 1.472679e+02 8.000000e+00
      vertex   1.562500e+01 1.387321e+02 8.000000e+00
      vertex   1.662500e+01 1.470000e+02 8.000000e+00
    endloop
  endfacet
  facet normal 0.000000e+00 0.000000e+00 1.000000e+00
    outer loop
      vertex   1.662500e+01 1.470000e+02 8.000000e+00
      vertex   1.562500e+01 1.387321e+02 8.000000e+00
      vertex   1.662500e+01 1.390000e+02 8.000000e+00
    endloop
  endfacet
  facet normal 0.000000e+00 0.000000e+00 1.000000e+00
    outer loop
      vertex   1.662500e+01 1.470000e+02 8.000000e+00
      vertex   1.662500e+01 1.390000e+02 8.000000e+00
      vertex   1.762500e+01 1.387321e+02 8.000000e+00
    endloop
  endfacet
  facet normal -0.000000e+00 0.000000e+00 1.000000e+00
    outer loop
      vertex   1.662500e+01 1.470000e+02 8.000000e+00
      vertex   1.762500e+01 1.387321e+02 8.000000e+00
      vertex   1.762500e+01 1.472679e+02 8.000000e+00
    endloop
  endfacet
  facet normal 0.000000e+00 0.000000e+00 1.000000e+00
    outer loop
      vertex   1.762500e+01 1.472679e+02 8.000000e+00
      vertex   1.762500e+01 1.387321e+02 8.000000e+00
      vertex   1.835705e+01 1.380000e+02 8.000000e+00
    endloop
  endfacet
  facet normal -0.000000e+00 0.000000e+00 1.000000e+00
    outer loop
      vertex   1.762500e+01 1.472679e+02 8.000000e+00
      vertex   1.835705e+01 1.380000e+02 8.000000e+00
      vertex   1.835705e+01 1.480000e+02 8.000000e+00
    endloop
  endfacet
  facet normal 1.988836e-14 0.000000e+00 1.000000e+00
    outer loop
      vertex   1.835705e+01 1.480000e+02 8.000000e+00
      vertex   1.835705e+01 1.380000e+02 8.000000e+00
      vertex   1.862500e+01 1.490000e+02 8.000000e+00
    endloop
  endfacet
  facet normal 1.988836e-14 0.000000e+00 1.000000e+00
    outer loop
      vertex   1.862500e+01 1.490000e+02 8.000000e+00
      vertex   1.835705e+01 1.380000e+02 8.000000e+00
      vertex   1.862500e+01 1.370000e+02 8.000000e+00
    endloop
  endfacet
  facet normal 5.921189e-16 0.000000e+00 1.000000e+00
    outer loop
      vertex   1.862500e+01 1.490000e+02 8.000000e+00
      vertex   1.862500e+01 1.370000e+02 8.000000e+00
      vertex   2.162500e+01 1.550000e+02 8.000000e+00
    endloop
  endfacet
  facet normal -1.090132e-15 1.090132e-15 1.000000e+00
    outer loop
      vertex   1.489295e+01 1.500000e+02 8.000000e+00
      vertex   1.562500e+01 1.507321e+02 8.000000e+00
      vertex   1.337500e+01 1.550000e+02 8.000000e+00
    endloop
  endfacet
  facet normal -3.908762e-16 1.458770e-15 1.000000e+00
    outer loop
      vertex   1.337500e+01 1.550000e+02 8.000000e+00
      vertex   1.562500e+01 1.507321e+02 8.000000e+00
      vertex   1.662500e+01 1.510000e+02 8.000000e+00
    endloop
  endfacet
  facet normal 7.324873e-15 -3.366377e-15 1.000000e+00
    outer loop
      vertex   1.835705e+01 1.500000e+02 8.000000e+00
      vertex   1.862500e+01 1.490000e+02 8.000000e+00
      vertex   2.162500e+01 1.550000e+02 8.000000e+00
    endloop
  endfacet
  facet normal 5.333685e-16 -1.429157e-16 1.000000e+00
    outer loop
      vertex   4.417404e+01 1.242500e+02 8.000000e+00
      vertex   5.662500e+01 1.210000e+02 8.000000e+00
      vertex   4.437500e+01 1.250000e+02 8.000000e+00
    endloop
  endfacet
  facet normal 5.333685e-16 -1.429157e-16 1.000000e+00
    outer loop
      vertex   4.437500e+01 1.250000e+02 8.000000e+00
      vertex   5.662500e+01 1.210000e+02 8.000000e+00
      vertex   5.689295e+01 1.220000e+02 8.000000e+00
    endloop
  endfacet
  facet normal 6.065704e-16 1.625301e-16 1.000000e+00
    outer loop
      vertex   4.437500e+01 1.250000e+02 8.000000e+00
      vertex   5.689295e+01 1.220000e+02 8.000000e+00
      vertex   4.417404e+01 1.257500e+02 8.000000e+00
    endloop
  endfacet
  facet normal 4.314449e-16 -4.314449e-16 1.000000e+00
    outer loop
      vertex   4.417404e+01 1.257500e+02 8.000000e+00
      vertex   5.689295e+01 1.220000e+02 8.000000e+00
      vertex   5.762500e+01 1.227321e+02 8.000000e+00
    endloop
  endfacet
  facet normal 4.224044e-16 -4.717382e-16 1.000000e+00
    outer loop
      vertex   4.417404e+01 1.257500e+02 8.000000e+00
      vertex   5.762500e+01 1.227321e+02 8.000000e+00
      vertex   6.462500e+01 1.290000e+02 8.000000e+00
    endloop
  endfacet
  facet normal 0.000000e+00 0.000000e+00 1.000000e+00
    outer loop
      vertex   6.462500e+01 1.290000e+02 8.000000e+00
      vertex   5.762500e+01 1.227321e+02 8.000000e+00
      vertex   5.862500e+01 1.230000e+02 8.000000e+00
    endloop
  endfacet
  facet normal 0.000000e+00 0.000000e+00 1.000000e+00
    outer loop
      vertex   6.462500e+01 1.290000e+02 8.000000e+00
      vertex   5.862500e+01 1.230000e+02 8.000000e+00
      vertex   5.962500e+01 1.227321e+02 8.000000e+00
    endloop
  endfacet
  facet normal -3.154948e-16 3.154948e-16 1.000000e+00
    outer loop
      vertex   4.362500e+01 1.237010e+02 8.000000e+00
      vertex   5.082596e+01 1.027500e+02 8.000000e+00
      vertex   4.417404e+01 1.242500e+02 8.000000e+00
    endloop
  endfacet
  facet normal -3.154948e-16 3.154948e-16 1.000000e+00
    outer loop
      vertex   4.417404e+01 1.242500e+02 8.000000e+00
      vertex   5.082596e+01 1.027500e+02 8.000000e+00
      vertex   5.137500e+01 1.032990e+02 8.000000e+00
    endloop
  endfacet
  facet normal 7.484796e-16 6.811886e-16 1.000000e+00
    outer loop
      vertex   4.417404e+01 1.242500e+02 8.000000e+00
      vertex   5.137500e+01 1.032990e+02 8.000000e+00
      vertex   5.662500e+01 1.210000e+02 8.000000e+00
    endloop
  endfacet
  facet normal -2.629005e-16 9.811579e-16 1.000000e+00
    outer loop
      vertex   5.662500e+01 1.210000e+02 8.000000e+00
      vertex   5.137500e+01 1.032990e+02 8.000000e+00
      vertex   5.212500e+01 1.035000e+02 8.000000e+00
    endloop
  endfacet
  facet normal 1.739800e-15 4.661779e-16 1.000000e+00
    outer loop
      vertex   5.662500e+01 1.210000e+02 8.000000e+00
      vertex   5.212500e+01 1.035000e+02 8.000000e+00
      vertex   5.689295e+01 1.200000e+02 8.000000e+00
    endloop
  endfacet
  facet normal 2.409644e-16 8.992913e-16 1.000000e+00
    outer loop
      vertex   5.689295e+01 1.200000e+02 8.000000e+00
      vertex   5.212500e+01 1.035000e+02 8.000000e+00
      vertex   5.287500e+01 1.032990e+02 8.000000e+00
    endloop
  endfacet
  facet normal 4.298082e-15 -7.677784e-17 1.000000e+00
    outer loop
      vertex   5.689295e+01 1.200000e+02 8.000000e+00
      vertex   5.287500e+01 1.032990e+02 8.000000e+00
      vertex   5.662500e+01 1.050000e+02 8.000000e+00
    endloop
  endfacet
  facet normal 2.932916e-15 2.932916e-15 1.000000e+00
    outer loop
      vertex   5.662500e+01 1.050000e+02 8.000000e+00
      vertex   5.287500e+01 1.032990e+02 8.000000e+00
      vertex   5.342404e+01 1.027500e+02 8.000000e+00
    endloop
  endfacet
  facet normal 4.202905e-15 1.126165e-15 1.000000e+00
    outer loop
      vertex   5.662500e+01 1.050000e+02 8.000000e+00
      vertex   5.342404e+01 1.027500e+02 8.000000e+00
      vertex   5.362500e+01 1.020000e+02 8.000000e+00
    endloop
  endfacet
  facet normal -1.040131e-16 3.881822e-16 1.000000e+00
    outer loop
      vertex   4.362500e+01 1.237010e+02 8.000000e+00
      vertex   4.287500e+01 1.235000e+02 8.000000e+00
      vertex   5.082596e+01 1.027500e+02 8.000000e+00
    endloop
  endfacet
  facet normal -6.573788e-16 1.761441e-16 1.000000e+00
    outer loop
      vertex   5.082596e+01 1.027500e+02 8.000000e+00
      vertex   4.287500e+01 1.235000e+02 8.000000e+00
      vertex   5.062500e+01 1.020000e+02 8.000000e+00
    endloop
  endfacet
  facet normal 1.225258e-16 4.572725e-16 1.000000e+00
    outer loop
      vertex   5.062500e+01 1.020000e+02 8.000000e+00
      vertex   4.287500e+01 1.235000e+02 8.000000e+00
      vertex   4.212500e+01 1.237010e+02 8.000000e+00
    endloop
  endfacet
  facet normal -1.018333e-15 1.041214e-17 1.000000e+00
    outer loop
      vertex   5.062500e+01 1.020000e+02 8.000000e+00
      vertex   4.212500e+01 1.237010e+02 8.000000e+00
      vertex   3.462500e+01 7.260000e+01 8.000000e+00
    endloop
  endfacet
  facet normal -0.000000e+00 0.000000e+00 1.000000e+00
    outer loop
      vertex   5.962500e+01 1.227321e+02 8.000000e+00
      vertex   6.035705e+01 1.220000e+02 8.000000e+00
      vertex   6.462500e+01 1.290000e+02 8.000000e+00
    endloop
  endfacet
  facet normal 0.000000e+00 0.000000e+00 1.000000e+00
    outer loop
      vertex   6.462500e+01 1.290000e+02 8.000000e+00
      vertex   6.035705e+01 1.220000e+02 8.000000e+00
      vertex   6.062500e+01 1.210000e+02 8.000000e+00
    endloop
  endfacet
  facet normal 0.000000e+00 0.000000e+00 1.000000e+00
    outer loop
      vertex   5.762500e+01 1.192679e+02 8.000000e+00
      vertex   5.689295e+01 1.200000e+02 8.000000e+00
      vertex   5.662500e+01 1.050000e+02 8.000000e+00
    endloop
  endfacet
  facet normal -7.929209e-17 -5.006305e-16 1.000000e+00
    outer loop
      vertex   3.462500e+01 7.260000e+01 8.000000e+00
      vertex   3.678812e+01 7.225740e+01 8.000000e+00
      vertex   5.062500e+01 1.020000e+02 8.000000e+00
    endloop
  endfacet
  facet normal -7.331435e-16 -1.964452e-16 1.000000e+00
    outer loop
      vertex   5.062500e+01 1.020000e+02 8.000000e+00
      vertex   3.678812e+01 7.225740e+01 8.000000e+00
      vertex   5.082596e+01 1.012500e+02 8.000000e+00
    endloop
  endfacet
  facet normal -1.138865e-15 0.000000e+00 1.000000e+00
    outer loop
      vertex   5.082596e+01 1.012500e+02 8.000000e+00
      vertex   3.678812e+01 7.225740e+01 8.000000e+00
      vertex   5.082596e+01 8.275000e+01 8.000000e+00
    endloop
  endfacet
  facet normal 0.000000e+00 0.000000e+00 1.000000e+00
    outer loop
      vertex   5.082596e+01 1.012500e+02 8.000000e+00
      vertex   5.082596e+01 8.275000e+01 8.000000e+00
      vertex   5.137500e+01 1.007010e+02 8.000000e+00
    endloop
  endfacet
  facet normal 0.000000e+00 0.000000e+00 1.000000e+00
    outer loop
      vertex   5.137500e+01 1.007010e+02 8.000000e+00
      vertex   5.082596e+01 8.275000e+01 8.000000e+00
      vertex   5.137500e+01 8.329904e+01 8.000000e+00
    endloop
  endfacet
  facet normal 0.000000e+00 0.000000e+00 1.000000e+00
    outer loop
      vertex   5.137500e+01 1.007010e+02 8.000000e+00
      vertex   5.137500e+01 8.329904e+01 8.000000e+00
      vertex   5.212500e+01 1.005000e+02 8.000000e+00
    endloop
  endfacet
  facet normal 0.000000e+00 0.000000e+00 1.000000e+00
    outer loop
      vertex   5.212500e+01 1.005000e+02 8.000000e+00
      vertex   5.137500e+01 8.329904e+01 8.000000e+00
      vertex   5.212500e+01 8.350000e+01 8.000000e+00
    endloop
  endfacet
  facet normal 0.000000e+00 0.000000e+00 1.000000e+00
    outer loop
      vertex   5.212500e+01 1.005000e+02 8.000000e+00
      vertex   5.212500e+01 8.350000e+01 8.000000e+00
      vertex   5.287500e+01 8.329904e+01 8.000000e+00
    endloop
  endfacet
  facet normal -1.424078e-15 3.815806e-16 1.000000e+00
    outer loop
      vertex   5.082596e+01 8.275000e+01 8.000000e+00
      vertex   3.678812e+01 7.225740e+01 8.000000e+00
      vertex   5.062500e+01 8.200000e+01 8.000000e+00
    endloop
  endfacet
  facet normal -4.850810e-16 -9.520251e-16 1.000000e+00
    outer loop
      vertex   5.062500e+01 8.200000e+01 8.000000e+00
      vertex   3.678812e+01 7.225740e+01 8.000000e+00
      vertex   3.873950e+01 7.126312e+01 8.000000e+00
    endloop
  endfacet
  facet normal -7.066988e-16 -7.066988e-16 1.000000e+00
    outer loop
      vertex   5.062500e+01 8.200000e+01 8.000000e+00
      vertex   3.873950e+01 7.126312e+01 8.000000e+00
      vertex   4.028812e+01 6.971450e+01 8.000000e+00
    endloop
  endfacet
  facet normal -1.173049e-15 -3.143174e-16 1.000000e+00
    outer loop
      vertex   5.062500e+01 8.200000e+01 8.000000e+00
      vertex   4.028812e+01 6.971450e+01 8.000000e+00
      vertex   5.082596e+01 8.125000e+01 8.000000e+00
    endloop
  endfacet
  facet normal -9.739110e-16 -4.962324e-16 1.000000e+00
    outer loop
      vertex   5.082596e+01 8.125000e+01 8.000000e+00
      vertex   4.028812e+01 6.971450e+01 8.000000e+00
      vertex   4.128240e+01 6.776312e+01 8.000000e+00
    endloop
  endfacet
  facet normal -1.675182e-15 0.000000e+00 1.000000e+00
    outer loop
      vertex   5.082596e+01 8.125000e+01 8.000000e+00
      vertex   4.128240e+01 6.776312e+01 8.000000e+00
      vertex   5.082596e+01 6.275000e+01 8.000000e+00
    endloop
  endfacet
  facet normal -1.827200e-15 -2.894001e-16 1.000000e+00
    outer loop
      vertex   5.082596e+01 6.275000e+01 8.000000e+00
      vertex   4.128240e+01 6.776312e+01 8.000000e+00
      vertex   4.162500e+01 6.560000e+01 8.000000e+00
    endloop
  endfacet
  facet normal -1.604398e-15 4.298971e-16 1.000000e+00
    outer loop
      vertex   5.082596e+01 6.275000e+01 8.000000e+00
      vertex   4.162500e+01 6.560000e+01 8.000000e+00
      vertex   5.062500e+01 6.200000e+01 8.000000e+00
    endloop
  endfacet
  facet normal -1.776357e-15 0.000000e+00 1.000000e+00
    outer loop
      vertex   5.062500e+01 6.200000e+01 8.000000e+00
      vertex   4.162500e+01 6.560000e+01 8.000000e+00
      vertex   4.162500e+01 6.160000e+01 8.000000e+00
    endloop
  endfacet
  facet normal -1.755451e-15 -4.703718e-16 1.000000e+00
    outer loop
      vertex   5.062500e+01 6.200000e+01 8.000000e+00
      vertex   4.162500e+01 6.160000e+01 8.000000e+00
      vertex   5.082596e+01 6.125000e+01 8.000000e+00
    endloop
  endfacet
  facet normal -1.737559e-15 0.000000e+00 1.000000e+00
    outer loop
      vertex   5.082596e+01 6.125000e+01 8.000000e+00
      vertex   4.162500e+01 6.160000e+01 8.000000e+00
      vertex   5.082596e+01 4.275000e+01 8.000000e+00
    endloop
  endfacet
  facet normal 0.000000e+00 0.000000e+00 1.000000e+00
    outer loop
      vertex   5.082596e+01 6.125000e+01 8.000000e+00
      vertex   5.082596e+01 4.275000e+01 8.000000e+00
      vertex   5.137500e+01 6.070096e+01 8.000000e+00
    endloop
  endfacet
  facet normal 0.000000e+00 0.000000e+00 1.000000e+00
    outer loop
      vertex   5.137500e+01 6.070096e+01 8.000000e+00
      vertex   5.082596e+01 4.275000e+01 8.000000e+00
      vertex   5.137500e+01 4.329904e+01 8.000000e+00
    endloop
  endfacet
  facet normal 0.000000e+00 0.000000e+00 1.000000e+00
    outer loop
      vertex   5.137500e+01 6.070096e+01 8.000000e+00
      vertex   5.137500e+01 4.329904e+01 8.000000e+00
      vertex   5.212500e+01 6.050000e+01 8.000000e+00
    endloop
  endfacet
  facet normal 0.000000e+00 0.000000e+00 1.000000e+00
    outer loop
      vertex   5.212500e+01 6.050000e+01 8.000000e+00
      vertex   5.137500e+01 4.329904e+01 8.000000e+00
      vertex   5.212500e+01 4.350000e+01 8.000000e+00
    endloop
  endfacet
  facet normal 0.000000e+00 0.000000e+00 1.000000e+00
    outer loop
      vertex   5.212500e+01 6.050000e+01 8.000000e+00
      vertex   5.212500e+01 4.350000e+01 8.000000e+00
      vertex   5.287500e+01 4.329904e+01 8.000000e+00
    endloop
  endfacet
  facet normal -8.854851e-16 4.159097e-16 1.000000e+00
    outer loop
      vertex   4.162500e+01 6.160000e+01 8.000000e+00
      vertex   3.688758e+01 5.151388e+01 8.000000e+00
      vertex   5.082596e+01 4.275000e+01 8.000000e+00
    endloop
  endfacet
  facet normal -9.816141e-16 2.630227e-16 1.000000e+00
    outer loop
      vertex   5.082596e+01 4.275000e+01 8.000000e+00
      vertex   3.688758e+01 5.151388e+01 8.000000e+00
      vertex   5.062500e+01 4.200000e+01 8.000000e+00
    endloop
  endfacet
  facet normal -1.007991e-15 2.249367e-16 1.000000e+00
    outer loop
      vertex   5.062500e+01 4.200000e+01 8.000000e+00
      vertex   3.688758e+01 5.151388e+01 8.000000e+00
      vertex   3.622348e+01 4.853792e+01 8.000000e+00
    endloop
  endfacet
  facet normal -1.110106e-15 0.000000e+00 1.000000e+00
    outer loop
      vertex   5.062500e+01 4.200000e+01 8.000000e+00
      vertex   3.622348e+01 4.853792e+01 8.000000e+00
      vertex   3.622348e+01 4.294891e+01 8.000000e+00
    endloop
  endfacet
  facet normal 0.000000e+00 0.000000e+00 1.000000e+00
    outer loop
      vertex   3.688758e+01 5.151388e+01 8.000000e+00
      vertex   3.652129e+01 5.055797e+01 8.000000e+00
      vertex   3.622348e+01 4.853792e+01 8.000000e+00
    endloop
  endfacet
  facet normal 0.000000e+00 0.000000e+00 1.000000e+00
    outer loop
      vertex   3.622348e+01 4.853792e+01 8.000000e+00
      vertex   3.652129e+01 5.055797e+01 8.000000e+00
      vertex   3.629834e+01 4.955887e+01 8.000000e+00
    endloop
  endfacet
  facet normal -1.103830e-15 9.525050e-17 1.000000e+00
    outer loop
      vertex   3.622348e+01 4.294891e+01 8.000000e+00
      vertex   3.612001e+01 4.174977e+01 8.000000e+00
      vertex   5.062500e+01 4.200000e+01 8.000000e+00
    endloop
  endfacet
  facet normal -1.097116e-15 -2.939712e-16 1.000000e+00
    outer loop
      vertex   5.062500e+01 4.200000e+01 8.000000e+00
      vertex   3.612001e+01 4.174977e+01 8.000000e+00
      vertex   5.082596e+01 4.125000e+01 8.000000e+00
    endloop
  endfacet
  facet normal -1.077454e-15 2.845883e-16 1.000000e+00
    outer loop
      vertex   5.082596e+01 4.125000e+01 8.000000e+00
      vertex   3.612001e+01 4.174977e+01 8.000000e+00
      vertex   3.581264e+01 4.058608e+01 8.000000e+00
    endloop
  endfacet
  facet normal -6.671049e-16 3.048373e-18 1.000000e+00
    outer loop
      vertex   5.062500e+01 -1.800000e+01 8.000000e+00
      vertex   2.687398e+01 2.884176e+01 8.000000e+00
      vertex   2.650000e+01 -5.300000e+01 8.000000e+00
    endloop
  endfacet
  facet normal 0.000000e+00 -0.000000e+00 1.000000e+00
    outer loop
      vertex   2.650000e+01 -5.300000e+01 8.000000e+00
      vertex   2.687398e+01 2.884176e+01 8.000000e+00
      vertex   2.505019e+01 2.860000e+01 8.000000e+00
    endloop
  endfacet
  facet normal 0.000000e+00 0.000000e+00 1.000000e+00
    outer loop
      vertex   2.650000e+01 -5.300000e+01 8.000000e+00
      vertex   2.505019e+01 2.860000e+01 8.000000e+00
      vertex   2.550000e+01 -5.326795e+01 8.000000e+00
    endloop
  endfacet
  facet normal 0.000000e+00 0.000000e+00 1.000000e+00
    outer loop
      vertex   2.550000e+01 -5.326795e+01 8.000000e+00
      vertex   2.505019e+01 2.860000e+01 8.000000e+00
      vertex   9.199807e+00 2.860000e+01 8.000000e+00
    endloop
  endfacet
  facet normal 0.000000e+00 -0.000000e+00 1.000000e+00
    outer loop
      vertex   -1.517949e+00 -5.400000e+01 8.000000e+00
      vertex   9.199807e+00 2.860000e+01 8.000000e+00
      vertex   -2.250000e+00 -5.326795e+01 8.000000e+00
    endloop
  endfacet
  facet normal 0.000000e+00 0.000000e+00 1.000000e+00
    outer loop
      vertex   -2.250000e+00 -5.326795e+01 8.000000e+00
      vertex   9.199807e+00 2.860000e+01 8.000000e+00
      vertex   7.376019e+00 2.884176e+01 8.000000e+00
    endloop
  endfacet
  facet normal 0.000000e+00 0.000000e+00 1.000000e+00
    outer loop
      vertex   -2.250000e+00 -5.326795e+01 8.000000e+00
      vertex   7.376019e+00 2.884176e+01 8.000000e+00
      vertex   5.678209e+00 2.955034e+01 8.000000e+00
    endloop
  endfacet
  facet normal 0.000000e+00 -0.000000e+00 1.000000e+00
    outer loop
      vertex   -2.250000e+00 -5.326795e+01 8.000000e+00
      vertex   5.678209e+00 2.955034e+01 8.000000e+00
      vertex   -3.250000e+00 -5.300000e+01 8.000000e+00
    endloop
  endfacet
  facet normal 0.000000e+00 0.000000e+00 1.000000e+00
    outer loop
      vertex   -3.250000e+00 -5.300000e+01 8.000000e+00
      vertex   5.678209e+00 2.955034e+01 8.000000e+00
      vertex   4.223651e+00 3.067680e+01 8.000000e+00
    endloop
  endfacet
  facet normal 0.000000e+00 -0.000000e+00 1.000000e+00
    outer loop
      vertex   -3.250000e+00 -5.300000e+01 8.000000e+00
      vertex   4.223651e+00 3.067680e+01 8.000000e+00
      vertex   -4.250000e+00 -5.326795e+01 8.000000e+00
    endloop
  endfacet
  facet normal 0.000000e+00 0.000000e+00 1.000000e+00
    outer loop
      vertex   -4.250000e+00 -5.326795e+01 8.000000e+00
      vertex   4.223651e+00 3.067680e+01 8.000000e+00
      vertex   3.112819e+00 3.214333e+01 8.000000e+00
    endloop
  endfacet
  facet normal 0.000000e+00 -0.000000e+00 1.000000e+00
    outer loop
      vertex   -4.250000e+00 -5.326795e+01 8.000000e+00
      vertex   3.112819e+00 3.214333e+01 8.000000e+00
      vertex   -4.175000e+01 -1.800000e+01 8.000000e+00
    endloop
  endfacet
  facet normal 0.000000e+00 0.000000e+00 1.000000e+00
    outer loop
      vertex   -4.175000e+01 -1.800000e+01 8.000000e+00
      vertex   3.112819e+00 3.214333e+01 8.000000e+00
      vertex   -1.060473e+00 3.949224e+01 8.000000e+00
    endloop
  endfacet
  facet normal 0.000000e+00 0.000000e+00 1.000000e+00
    outer loop
      vertex   -4.175000e+01 -1.800000e+01 8.000000e+00
      vertex   -1.060473e+00 3.949224e+01 8.000000e+00
      vertex   -4.175000e+01 2.200000e+01 8.000000e+00
    endloop
  endfacet
  facet normal 0.000000e+00 0.000000e+00 1.000000e+00
    outer loop
      vertex   -4.175000e+01 2.200000e+01 8.000000e+00
      vertex   -1.060473e+00 3.949224e+01 8.000000e+00
      vertex   -1.562643e+00 4.058608e+01 8.000000e+00
    endloop
  endfacet
  facet normal 0.000000e+00 0.000000e+00 1.000000e+00
    outer loop
      vertex   -4.175000e+01 2.200000e+01 8.000000e+00
      vertex   -1.562643e+00 4.058608e+01 8.000000e+00
      vertex   -1.870010e+00 4.174977e+01 8.000000e+00
    endloop
  endfacet
  facet normal 0.000000e+00 0.000000e+00 1.000000e+00
    outer loop
      vertex   -4.175000e+01 2.200000e+01 8.000000e+00
      vertex   -1.870010e+00 4.174977e+01 8.000000e+00
      vertex   -7.375000e+00 6.160000e+01 8.000000e+00
    endloop
  endfacet
  facet normal 0.000000e+00 0.000000e+00 1.000000e+00
    outer loop
      vertex   -7.375000e+00 6.160000e+01 8.000000e+00
      vertex   -1.870010e+00 4.174977e+01 8.000000e+00
      vertex   -1.973485e+00 4.294891e+01 8.000000e+00
    endloop
  endfacet
  facet normal 0.000000e+00 0.000000e+00 1.000000e+00
    outer loop
      vertex   -7.375000e+00 6.160000e+01 8.000000e+00
      vertex   -1.973485e+00 4.294891e+01 8.000000e+00
      vertex   -2.637580e+00 5.151388e+01 8.000000e+00
    endloop
  endfacet
  facet normal 0.000000e+00 0.000000e+00 1.000000e+00
    outer loop
      vertex   -2.637580e+00 5.151388e+01 8.000000e+00
      vertex   -1.973485e+00 4.294891e+01 8.000000e+00
      vertex   -1.973485e+00 4.853792e+01 8.000000e+00
    endloop
  endfacet
  facet normal 0.000000e+00 0.000000e+00 1.000000e+00
    outer loop
      vertex   -2.637580e+00 5.151388e+01 8.000000e+00
      vertex   -1.973485e+00 4.853792e+01 8.000000e+00
      vertex   -2.271291e+00 5.055797e+01 8.000000e+00
    endloop
  endfacet
  facet normal 0.000000e+00 0.000000e+00 1.000000e+00
    outer loop
      vertex   -2.271291e+00 5.055797e+01 8.000000e+00
      vertex   -1.973485e+00 4.853792e+01 8.000000e+00
      vertex   -2.048337e+00 4.955887e+01 8.000000e+00
    endloop
  endfacet
  facet normal 0.000000e+00 0.000000e+00 1.000000e+00
    outer loop
      vertex   8.985590e+00 7.260000e+01 8.000000e+00
      vertex   1.036713e+01 7.273769e+01 8.000000e+00
      vertex   9.375000e+00 1.125000e+02 8.000000e+00
    endloop
  endfacet
  facet normal 0.000000e+00 0.000000e+00 1.000000e+00
    outer loop
      vertex   9.375000e+00 1.125000e+02 8.000000e+00
      vertex   1.036713e+01 7.273769e+01 8.000000e+00
      vertex   1.169433e+01 7.314533e+01 8.000000e+00
    endloop
  endfacet
  facet normal 0.000000e+00 0.000000e+00 1.000000e+00
    outer loop
      vertex   9.375000e+00 1.125000e+02 8.000000e+00
      vertex   1.169433e+01 7.314533e+01 8.000000e+00
      vertex   1.291496e+01 7.380690e+01 8.000000e+00
    endloop
  endfacet
  facet normal 0.000000e+00 -0.000000e+00 1.000000e+00
    outer loop
      vertex   1.291496e+01 7.380690e+01 8.000000e+00
      vertex   1.492292e+01 7.476944e+01 8.000000e+00
      vertex   9.375000e+00 1.125000e+02 8.000000e+00
    endloop
  endfacet
  facet normal 0.000000e+00 0.000000e+00 1.000000e+00
    outer loop
      vertex   9.375000e+00 1.125000e+02 8.000000e+00
      vertex   1.492292e+01 7.476944e+01 8.000000e+00
      vertex   1.712500e+01 7.510000e+01 8.000000e+00
    endloop
  endfacet
  facet normal 0.000000e+00 0.000000e+00 1.000000e+00
    outer loop
      vertex   -4.175000e+01 6.200000e+01 8.000000e+00
      vertex   -4.201795e+01 6.100000e+01 8.000000e+00
      vertex   -7.375000e+00 6.160000e+01 8.000000e+00
    endloop
  endfacet
  facet normal 0.000000e+00 0.000000e+00 1.000000e+00
    outer loop
      vertex   -7.375000e+00 6.160000e+01 8.000000e+00
      vertex   -4.201795e+01 6.100000e+01 8.000000e+00
      vertex   -4.201795e+01 2.300000e+01 8.000000e+00
    endloop
  endfacet
  facet normal 0.000000e+00 0.000000e+00 1.000000e+00
    outer loop
      vertex   -7.375000e+00 6.160000e+01 8.000000e+00
      vertex   -4.201795e+01 2.300000e+01 8.000000e+00
      vertex   -4.175000e+01 2.200000e+01 8.000000e+00
    endloop
  endfacet
  facet normal 0.000000e+00 -0.000000e+00 1.000000e+00
    outer loop
      vertex   -4.201795e+01 2.300000e+01 8.000000e+00
      vertex   -4.201795e+01 6.100000e+01 8.000000e+00
      vertex   -4.275000e+01 2.373205e+01 8.000000e+00
    endloop
  endfacet
  facet normal 0.000000e+00 0.000000e+00 1.000000e+00
    outer loop
      vertex   -4.275000e+01 2.373205e+01 8.000000e+00
      vertex   -4.201795e+01 6.100000e+01 8.000000e+00
      vertex   -4.275000e+01 6.026795e+01 8.000000e+00
    endloop
  endfacet
  facet normal 0.000000e+00 -0.000000e+00 1.000000e+00
    outer loop
      vertex   -4.275000e+01 2.373205e+01 8.000000e+00
      vertex   -4.275000e+01 6.026795e+01 8.000000e+00
      vertex   -4.375000e+01 2.400000e+01 8.000000e+00
    endloop
  endfacet
  facet normal 0.000000e+00 0.000000e+00 1.000000e+00
    outer loop
      vertex   -4.375000e+01 2.400000e+01 8.000000e+00
      vertex   -4.275000e+01 6.026795e+01 8.000000e+00
      vertex   -4.375000e+01 6.000000e+01 8.000000e+00
    endloop
  endfacet
  facet normal 0.000000e+00 -0.000000e+00 1.000000e+00
    outer loop
      vertex   -4.375000e+01 2.400000e+01 8.000000e+00
      vertex   -4.375000e+01 6.000000e+01 8.000000e+00
      vertex   -4.475000e+01 2.373205e+01 8.000000e+00
    endloop
  endfacet
  facet normal 0.000000e+00 0.000000e+00 1.000000e+00
    outer loop
      vertex   -4.475000e+01 2.373205e+01 8.000000e+00
      vertex   -4.375000e+01 6.000000e+01 8.000000e+00
      vertex   -4.475000e+01 6.026795e+01 8.000000e+00
    endloop
  endfacet
  facet normal 0.000000e+00 -0.000000e+00 1.000000e+00
    outer loop
      vertex   -4.475000e+01 2.373205e+01 8.000000e+00
      vertex   -4.475000e+01 6.026795e+01 8.000000e+00
      vertex   -4.548205e+01 2.300000e+01 8.000000e+00
    endloop
  endfacet
  facet normal 0.000000e+00 0.000000e+00 1.000000e+00
    outer loop
      vertex   -4.548205e+01 2.300000e+01 8.000000e+00
      vertex   -4.475000e+01 6.026795e+01 8.000000e+00
      vertex   -4.548205e+01 6.100000e+01 8.000000e+00
    endloop
  endfacet
  facet normal 0.000000e+00 -0.000000e+00 1.000000e+00
    outer loop
      vertex   -4.548205e+01 2.300000e+01 8.000000e+00
      vertex   -4.548205e+01 6.100000e+01 8.000000e+00
      vertex   -4.575000e+01 2.200000e+01 8.000000e+00
    endloop
  endfacet
  facet normal 0.000000e+00 0.000000e+00 1.000000e+00
    outer loop
      vertex   -4.575000e+01 2.200000e+01 8.000000e+00
      vertex   -4.548205e+01 6.100000e+01 8.000000e+00
      vertex   -4.575000e+01 6.200000e+01 8.000000e+00
    endloop
  endfacet
  facet normal 0.000000e+00 -0.000000e+00 1.000000e+00
    outer loop
      vertex   -4.548205e+01 6.300000e+01 8.000000e+00
      vertex   -4.475000e+01 6.373205e+01 8.000000e+00
      vertex   -4.787500e+01 8.200000e+01 8.000000e+00
    endloop
  endfacet
  facet normal 0.000000e+00 0.000000e+00 1.000000e+00
    outer loop
      vertex   -4.787500e+01 8.200000e+01 8.000000e+00
      vertex   -4.475000e+01 6.373205e+01 8.000000e+00
      vertex   -4.375000e+01 6.400000e+01 8.000000e+00
    endloop
  endfacet
  facet normal 0.000000e+00 0.000000e+00 1.000000e+00
    outer loop
      vertex   -4.787500e+01 8.200000e+01 8.000000e+00
      vertex   -4.375000e+01 6.400000e+01 8.000000e+00
      vertex   -4.275000e+01 6.373205e+01 8.000000e+00
    endloop
  endfacet
  facet normal 0.000000e+00 -0.000000e+00 1.000000e+00
    outer loop
      vertex   -4.175000e+01 -1.800000e+01 8.000000e+00
      vertex   -4.175000e+01 2.200000e+01 8.000000e+00
      vertex   -4.201795e+01 -1.700000e+01 8.000000e+00
    endloop
  endfacet
  facet normal 0.000000e+00 0.000000e+00 1.000000e+00
    outer loop
      vertex   -4.201795e+01 -1.700000e+01 8.000000e+00
      vertex   -4.175000e+01 2.200000e+01 8.000000e+00
      vertex   -4.201795e+01 2.100000e+01 8.000000e+00
    endloop
  endfacet
  facet normal 0.000000e+00 -0.000000e+00 1.000000e+00
    outer loop
      vertex   -4.201795e+01 -1.700000e+01 8.000000e+00
      vertex   -4.201795e+01 2.100000e+01 8.000000e+00
      vertex   -4.275000e+01 -1.626795e+01 8.000000e+00
    endloop
  endfacet
  facet normal 0.000000e+00 0.000000e+00 1.000000e+00
    outer loop
      vertex   -4.275000e+01 -1.626795e+01 8.000000e+00
      vertex   -4.201795e+01 2.100000e+01 8.000000e+00
      vertex   -4.275000e+01 2.026795e+01 8.000000e+00
    endloop
  endfacet
  facet normal 0.000000e+00 -0.000000e+00 1.000000e+00
    outer loop
      vertex   -4.275000e+01 -1.626795e+01 8.000000e+00
      vertex   -4.275000e+01 2.026795e+01 8.000000e+00
      vertex   -4.375000e+01 -1.600000e+01 8.000000e+00
    endloop
  endfacet
  facet normal 0.000000e+00 0.000000e+00 1.000000e+00
    outer loop
      vertex   -4.375000e+01 -1.600000e+01 8.000000e+00
      vertex   -4.275000e+01 2.026795e+01 8.000000e+00
      vertex   -4.375000e+01 2.000000e+01 8.000000e+00
    endloop
  endfacet
  facet normal 0.000000e+00 -0.000000e+00 1.000000e+00
    outer loop
      vertex   -4.375000e+01 -1.600000e+01 8.000000e+00
      vertex   -4.375000e+01 2.000000e+01 8.000000e+00
      vertex   -4.475000e+01 -1.626795e+01 8.000000e+00
    endloop
  endfacet
  facet normal 0.000000e+00 0.000000e+00 1.000000e+00
    outer loop
      vertex   -4.475000e+01 -1.626795e+01 8.000000e+00
      vertex   -4.375000e+01 2.000000e+01 8.000000e+00
      vertex   -4.475000e+01 2.026795e+01 8.000000e+00
    endloop
  endfacet
  facet normal 0.000000e+00 -0.000000e+00 1.000000e+00
    outer loop
      vertex   -4.475000e+01 -1.626795e+01 8.000000e+00
      vertex   -4.475000e+01 2.026795e+01 8.000000e+00
      vertex   -4.548205e+01 -1.700000e+01 8.000000e+00
    endloop
  endfacet
  facet normal 0.000000e+00 0.000000e+00 1.000000e+00
    outer loop
      vertex   -4.548205e+01 -1.700000e+01 8.000000e+00
      vertex   -4.475000e+01 2.026795e+01 8.000000e+00
      vertex   -4.548205e+01 2.100000e+01 8.000000e+00
    endloop
  endfacet
  facet normal 0.000000e+00 -0.000000e+00 1.000000e+00
    outer loop
      vertex   -4.548205e+01 -1.700000e+01 8.000000e+00
      vertex   -4.548205e+01 2.100000e+01 8.000000e+00
      vertex   -4.575000e+01 -1.800000e+01 8.000000e+00
    endloop
  endfacet
  facet normal 0.000000e+00 0.000000e+00 1.000000e+00
    outer loop
      vertex   -4.575000e+01 -1.800000e+01 8.000000e+00
      vertex   -4.548205e+01 2.100000e+01 8.000000e+00
      vertex   -4.575000e+01 2.200000e+01 8.000000e+00
    endloop
  endfacet
  facet normal 0.000000e+00 -0.000000e+00 1.000000e+00
    outer loop
      vertex   -4.575000e+01 -1.800000e+01 8.000000e+00
      vertex   -4.575000e+01 2.200000e+01 8.000000e+00
      vertex   -4.787500e+01 -6.500000e+01 8.000000e+00
    endloop
  endfacet
  facet normal -0.000000e+00 0.000000e+00 1.000000e+00
    outer loop
      vertex   -4.201795e+01 -1.900000e+01 8.000000e+00
      vertex   -3.200000e+01 -5.326795e+01 8.000000e+00
      vertex   -4.175000e+01 -1.800000e+01 8.000000e+00
    endloop
  endfacet
  facet normal 0.000000e+00 0.000000e+00 1.000000e+00
    outer loop
      vertex   -4.175000e+01 -1.800000e+01 8.000000e+00
      vertex   -3.200000e+01 -5.326795e+01 8.000000e+00
      vertex   -3.126795e+01 -5.400000e+01 8.000000e+00
    endloop
  endfacet
  facet normal 0.000000e+00 0.000000e+00 1.000000e+00
    outer loop
      vertex   -4.175000e+01 -1.800000e+01 8.000000e+00
      vertex   -3.126795e+01 -5.400000e+01 8.000000e+00
      vertex   -4.982051e+00 -5.400000e+01 8.000000e+00
    endloop
  endfacet
  facet normal 0.000000e+00 0.000000e+00 1.000000e+00
    outer loop
      vertex   -4.982051e+00 -5.400000e+01 8.000000e+00
      vertex   -3.126795e+01 -5.400000e+01 8.000000e+00
      vertex   -5.250000e+00 -5.500000e+01 8.000000e+00
    endloop
  endfacet
  facet normal 0.000000e+00 0.000000e+00 1.000000e+00
    outer loop
      vertex   -5.250000e+00 -5.500000e+01 8.000000e+00
      vertex   -3.126795e+01 -5.400000e+01 8.000000e+00
      vertex   -3.100000e+01 -5.500000e+01 8.000000e+00
    endloop
  endfacet
  facet normal 0.000000e+00 0.000000e+00 1.000000e+00
    outer loop
      vertex   -5.250000e+00 -5.500000e+01 8.000000e+00
      vertex   -3.100000e+01 -5.500000e+01 8.000000e+00
      vertex   -4.982051e+00 -5.600000e+01 8.000000e+00
    endloop
  endfacet
  facet normal 0.000000e+00 0.000000e+00 1.000000e+00
    outer loop
      vertex   -4.982051e+00 -5.600000e+01 8.000000e+00
      vertex   -3.100000e+01 -5.500000e+01 8.000000e+00
      vertex   -3.126795e+01 -5.600000e+01 8.000000e+00
    endloop
  endfacet
  facet normal 0.000000e+00 0.000000e+00 1.000000e+00
    outer loop
      vertex   -4.982051e+00 -5.600000e+01 8.000000e+00
      vertex   -3.126795e+01 -5.600000e+01 8.000000e+00
      vertex   -4.250000e+00 -5.673205e+01 8.000000e+00
    endloop
  endfacet
  facet normal 0.000000e+00 0.000000e+00 1.000000e+00
    outer loop
      vertex   -4.250000e+00 -5.673205e+01 8.000000e+00
      vertex   -3.126795e+01 -5.600000e+01 8.000000e+00
      vertex   -3.200000e+01 -5.673205e+01 8.000000e+00
    endloop
  endfacet
  facet normal 0.000000e+00 0.000000e+00 1.000000e+00
    outer loop
      vertex   -4.250000e+00 -5.673205e+01 8.000000e+00
      vertex   -3.200000e+01 -5.673205e+01 8.000000e+00
      vertex   -4.787500e+01 -6.500000e+01 8.000000e+00
    endloop
  endfacet
  facet normal 0.000000e+00 0.000000e+00 1.000000e+00
    outer loop
      vertex   -4.787500e+01 -6.500000e+01 8.000000e+00
      vertex   -3.200000e+01 -5.673205e+01 8.000000e+00
      vertex   -3.300000e+01 -5.700000e+01 8.000000e+00
    endloop
  endfacet
  facet normal 0.000000e+00 0.000000e+00 1.000000e+00
    outer loop
      vertex   -4.787500e+01 -6.500000e+01 8.000000e+00
      vertex   -3.300000e+01 -5.700000e+01 8.000000e+00
      vertex   -4.275000e+01 -5.973205e+01 8.000000e+00
    endloop
  endfacet
  facet normal 0.000000e+00 0.000000e+00 1.000000e+00
    outer loop
      vertex   -4.275000e+01 -5.973205e+01 8.000000e+00
      vertex   -3.300000e+01 -5.700000e+01 8.000000e+00
      vertex   -3.400000e+01 -5.673205e+01 8.000000e+00
    endloop
  endfacet
  facet normal 0.000000e+00 0.000000e+00 1.000000e+00
    outer loop
      vertex   -4.275000e+01 -5.973205e+01 8.000000e+00
      vertex   -3.400000e+01 -5.673205e+01 8.000000e+00
      vertex   -4.201795e+01 -5.900000e+01 8.000000e+00
    endloop
  endfacet
  facet normal 0.000000e+00 0.000000e+00 1.000000e+00
    outer loop
      vertex   -4.201795e+01 -5.900000e+01 8.000000e+00
      vertex   -3.400000e+01 -5.673205e+01 8.000000e+00
      vertex   -3.473205e+01 -5.600000e+01 8.000000e+00
    endloop
  endfacet
  facet normal 0.000000e+00 0.000000e+00 1.000000e+00
    outer loop
      vertex   -4.201795e+01 -5.900000e+01 8.000000e+00
      vertex   -3.473205e+01 -5.600000e+01 8.000000e+00
      vertex   -4.175000e+01 -5.800000e+01 8.000000e+00
    endloop
  endfacet
  facet normal 0.000000e+00 0.000000e+00 1.000000e+00
    outer loop
      vertex   -4.175000e+01 -5.800000e+01 8.000000e+00
      vertex   -3.473205e+01 -5.600000e+01 8.000000e+00
      vertex   -3.500000e+01 -5.500000e+01 8.000000e+00
    endloop
  endfacet
  facet normal 0.000000e+00 -0.000000e+00 1.000000e+00
    outer loop
      vertex   -4.175000e+01 -5.800000e+01 8.000000e+00
      vertex   -3.500000e+01 -5.500000e+01 8.000000e+00
      vertex   -4.201795e+01 -5.700000e+01 8.000000e+00
    endloop
  endfacet
  facet normal 0.000000e+00 0.000000e+00 1.000000e+00
    outer loop
      vertex   -4.201795e+01 -5.700000e+01 8.000000e+00
      vertex   -3.500000e+01 -5.500000e+01 8.000000e+00
      vertex   -3.473205e+01 -5.400000e+01 8.000000e+00
    endloop
  endfacet
  facet normal 0.000000e+00 -0.000000e+00 1.000000e+00
    outer loop
      vertex   -4.201795e+01 -5.700000e+01 8.000000e+00
      vertex   -3.473205e+01 -5.400000e+01 8.000000e+00
      vertex   -4.275000e+01 -5.626795e+01 8.000000e+00
    endloop
  endfacet
  facet normal 0.000000e+00 0.000000e+00 1.000000e+00
    outer loop
      vertex   -4.275000e+01 -5.626795e+01 8.000000e+00
      vertex   -3.473205e+01 -5.400000e+01 8.000000e+00
      vertex   -4.275000e+01 -1.973205e+01 8.000000e+00
    endloop
  endfacet
  facet normal 0.000000e+00 -0.000000e+00 1.000000e+00
    outer loop
      vertex   -4.275000e+01 -5.626795e+01 8.000000e+00
      vertex   -4.275000e+01 -1.973205e+01 8.000000e+00
      vertex   -4.375000e+01 -2.000000e+01 8.000000e+00
    endloop
  endfacet
  facet normal -0.000000e+00 0.000000e+00 1.000000e+00
    outer loop
      vertex   -4.275000e+01 -1.973205e+01 8.000000e+00
      vertex   -3.400000e+01 -5.326795e+01 8.000000e+00
      vertex   -4.201795e+01 -1.900000e+01 8.000000e+00
    endloop
  endfacet
  facet normal 0.000000e+00 0.000000e+00 1.000000e+00
    outer loop
      vertex   -4.201795e+01 -1.900000e+01 8.000000e+00
      vertex   -3.400000e+01 -5.326795e+01 8.000000e+00
      vertex   -3.300000e+01 -5.300000e+01 8.000000e+00
    endloop
  endfacet
  facet normal 0.000000e+00 0.000000e+00 1.000000e+00
    outer loop
      vertex   -4.201795e+01 -1.900000e+01 8.000000e+00
      vertex   -3.300000e+01 -5.300000e+01 8.000000e+00
      vertex   -3.200000e+01 -5.326795e+01 8.000000e+00
    endloop
  endfacet
  facet normal 0.000000e+00 0.000000e+00 1.000000e+00
    outer loop
      vertex   -4.475000e+01 -1.973205e+01 8.000000e+00
      vertex   -4.475000e+01 -5.626795e+01 8.000000e+00
      vertex   -4.375000e+01 -2.000000e+01 8.000000e+00
    endloop
  endfacet
  facet normal 0.000000e+00 0.000000e+00 1.000000e+00
    outer loop
      vertex   -4.375000e+01 -2.000000e+01 8.000000e+00
      vertex   -4.475000e+01 -5.626795e+01 8.000000e+00
      vertex   -4.375000e+01 -5.600000e+01 8.000000e+00
    endloop
  endfacet
  facet normal 0.000000e+00 0.000000e+00 1.000000e+00
    outer loop
      vertex   -4.375000e+01 -2.000000e+01 8.000000e+00
      vertex   -4.375000e+01 -5.600000e+01 8.000000e+00
      vertex   -4.275000e+01 -5.626795e+01 8.000000e+00
    endloop
  endfacet
  facet normal 0.000000e+00 -0.000000e+00 1.000000e+00
    outer loop
      vertex   -4.475000e+01 -5.626795e+01 8.000000e+00
      vertex   -4.475000e+01 -1.973205e+01 8.000000e+00
      vertex   -4.548205e+01 -5.700000e+01 8.000000e+00
    endloop
  endfacet
  facet normal 0.000000e+00 0.000000e+00 1.000000e+00
    outer loop
      vertex   -4.548205e+01 -5.700000e+01 8.000000e+00
      vertex   -4.475000e+01 -1.973205e+01 8.000000e+00
      vertex   -4.548205e+01 -1.900000e+01 8.000000e+00
    endloop
  endfacet
  facet normal 0.000000e+00 -0.000000e+00 1.000000e+00
    outer loop
      vertex   -4.548205e+01 -5.700000e+01 8.000000e+00
      vertex   -4.548205e+01 -1.900000e+01 8.000000e+00
      vertex   -4.575000e+01 -1.800000e+01 8.000000e+00
    endloop
  endfacet
  facet normal 0.000000e+00 0.000000e+00 1.000000e+00
    outer loop
      vertex   -4.275000e+01 -5.973205e+01 8.000000e+00
      vertex   -4.375000e+01 -6.000000e+01 8.000000e+00
      vertex   -4.787500e+01 -6.500000e+01 8.000000e+00
    endloop
  endfacet
  facet normal 0.000000e+00 0.000000e+00 1.000000e+00
    outer loop
      vertex   -4.787500e+01 -6.500000e+01 8.000000e+00
      vertex   -4.375000e+01 -6.000000e+01 8.000000e+00
      vertex   -4.475000e+01 -5.973205e+01 8.000000e+00
    endloop
  endfacet
  facet normal 0.000000e+00 0.000000e+00 1.000000e+00
    outer loop
      vertex   -4.787500e+01 -6.500000e+01 8.000000e+00
      vertex   -4.475000e+01 -5.973205e+01 8.000000e+00
      vertex   -4.548205e+01 -5.900000e+01 8.000000e+00
    endloop
  endfacet
  facet normal 0.000000e+00 0.000000e+00 1.000000e+00
    outer loop
      vertex   -4.548205e+01 -5.900000e+01 8.000000e+00
      vertex   -4.575000e+01 -5.800000e+01 8.000000e+00
      vertex   -4.787500e+01 -6.500000e+01 8.000000e+00
    endloop
  endfacet
  facet normal 0.000000e+00 0.000000e+00 1.000000e+00
    outer loop
      vertex   -4.787500e+01 -6.500000e+01 8.000000e+00
      vertex   -4.575000e+01 -5.800000e+01 8.000000e+00
      vertex   -4.575000e+01 -1.800000e+01 8.000000e+00
    endloop
  endfacet
  facet normal 0.000000e+00 0.000000e+00 1.000000e+00
    outer loop
      vertex   -4.575000e+01 -5.800000e+01 8.000000e+00
      vertex   -4.548205e+01 -5.700000e+01 8.000000e+00
      vertex   -4.575000e+01 -1.800000e+01 8.000000e+00
    endloop
  endfacet
  facet normal 3.278995e-15 -8.786040e-16 1.000000e+00
    outer loop
      vertex   5.342404e+01 -5.875000e+01 8.000000e+00
      vertex   5.662500e+01 -6.500000e+01 8.000000e+00
      vertex   5.362500e+01 -5.800000e+01 8.000000e+00
    endloop
  endfacet
  facet normal 5.329071e-15 -0.000000e+00 1.000000e+00
    outer loop
      vertex   5.362500e+01 -5.800000e+01 8.000000e+00
      vertex   5.662500e+01 -6.500000e+01 8.000000e+00
      vertex   5.362500e+01 -3.800000e+01 8.000000e+00
    endloop
  endfacet
  facet normal 0.000000e+00 -0.000000e+00 1.000000e+00
    outer loop
      vertex   5.362500e+01 -5.800000e+01 8.000000e+00
      vertex   5.362500e+01 -3.800000e+01 8.000000e+00
      vertex   5.342404e+01 -5.725000e+01 8.000000e+00
    endloop
  endfacet
  facet normal 0.000000e+00 0.000000e+00 1.000000e+00
    outer loop
      vertex   5.342404e+01 -5.725000e+01 8.000000e+00
      vertex   5.362500e+01 -3.800000e+01 8.000000e+00
      vertex   5.342404e+01 -3.875000e+01 8.000000e+00
    endloop
  endfacet
  facet normal 0.000000e+00 -0.000000e+00 1.000000e+00
    outer loop
      vertex   5.342404e+01 -5.725000e+01 8.000000e+00
      vertex   5.342404e+01 -3.875000e+01 8.000000e+00
      vertex   5.287500e+01 -3.929904e+01 8.000000e+00
    endloop
  endfacet
  facet normal 1.691596e-15 -1.691596e-15 1.000000e+00
    outer loop
      vertex   5.342404e+01 -5.875000e+01 8.000000e+00
      vertex   5.287500e+01 -5.929904e+01 8.000000e+00
      vertex   5.662500e+01 -6.500000e+01 8.000000e+00
    endloop
  endfacet
  facet normal 6.388170e-16 -2.384097e-15 1.000000e+00
    outer loop
      vertex   5.662500e+01 -6.500000e+01 8.000000e+00
      vertex   5.287500e+01 -5.929904e+01 8.000000e+00
      vertex   5.212500e+01 -5.950000e+01 8.000000e+00
    endloop
  endfacet
  facet normal -9.975623e-16 -3.722953e-15 1.000000e+00
    outer loop
      vertex   5.662500e+01 -6.500000e+01 8.000000e+00
      vertex   5.212500e+01 -5.950000e+01 8.000000e+00
      vertex   5.137500e+01 -5.929904e+01 8.000000e+00
    endloop
  endfacet
  facet normal -1.077855e-15 -3.796895e-15 1.000000e+00
    outer loop
      vertex   5.662500e+01 -6.500000e+01 8.000000e+00
      vertex   5.137500e+01 -5.929904e+01 8.000000e+00
      vertex   2.750000e+01 -5.673205e+01 8.000000e+00
    endloop
  endfacet
  facet normal -7.502911e-16 -7.502911e-16 1.000000e+00
    outer loop
      vertex   2.750000e+01 -5.673205e+01 8.000000e+00
      vertex   5.137500e+01 -5.929904e+01 8.000000e+00
      vertex   5.082596e+01 -5.875000e+01 8.000000e+00
    endloop
  endfacet
  facet normal -6.308107e-16 6.308107e-16 1.000000e+00
    outer loop
      vertex   2.750000e+01 -5.673205e+01 8.000000e+00
      vertex   5.082596e+01 -5.875000e+01 8.000000e+00
      vertex   2.823205e+01 -5.600000e+01 8.000000e+00
    endloop
  endfacet
  facet normal -7.314441e-16 -1.959899e-16 1.000000e+00
    outer loop
      vertex   2.823205e+01 -5.600000e+01 8.000000e+00
      vertex   5.082596e+01 -5.875000e+01 8.000000e+00
      vertex   5.062500e+01 -5.800000e+01 8.000000e+00
    endloop
  endfacet
  facet normal -6.972532e-16 1.868284e-16 1.000000e+00
    outer loop
      vertex   2.823205e+01 -5.600000e+01 8.000000e+00
      vertex   5.062500e+01 -5.800000e+01 8.000000e+00
      vertex   2.850000e+01 -5.500000e+01 8.000000e+00
    endloop
  endfacet
  facet normal -6.972532e-16 1.868284e-16 1.000000e+00
    outer loop
      vertex   2.850000e+01 -5.500000e+01 8.000000e+00
      vertex   5.062500e+01 -5.800000e+01 8.000000e+00
      vertex   5.082596e+01 -5.725000e+01 8.000000e+00
    endloop
  endfacet
  facet normal -7.160816e-16 0.000000e+00 1.000000e+00
    outer loop
      vertex   2.850000e+01 -5.500000e+01 8.000000e+00
      vertex   5.082596e+01 -5.725000e+01 8.000000e+00
      vertex   5.082596e+01 -3.875000e+01 8.000000e+00
    endloop
  endfacet
  facet normal 0.000000e+00 0.000000e+00 1.000000e+00
    outer loop
      vertex   5.082596e+01 -3.875000e+01 8.000000e+00
      vertex   5.082596e+01 -5.725000e+01 8.000000e+00
      vertex   5.137500e+01 -3.929904e+01 8.000000e+00
    endloop
  endfacet
  facet normal 0.000000e+00 0.000000e+00 1.000000e+00
    outer loop
      vertex   5.137500e+01 -3.929904e+01 8.000000e+00
      vertex   5.082596e+01 -5.725000e+01 8.000000e+00
      vertex   5.137500e+01 -5.670096e+01 8.000000e+00
    endloop
  endfacet
  facet normal 0.000000e+00 0.000000e+00 1.000000e+00
    outer loop
      vertex   5.137500e+01 -3.929904e+01 8.000000e+00
      vertex   5.137500e+01 -5.670096e+01 8.000000e+00
      vertex   5.212500e+01 -3.950000e+01 8.000000e+00
    endloop
  endfacet
  facet normal 0.000000e+00 0.000000e+00 1.000000e+00
    outer loop
      vertex   5.212500e+01 -3.950000e+01 8.000000e+00
      vertex   5.137500e+01 -5.670096e+01 8.000000e+00
      vertex   5.212500e+01 -5.650000e+01 8.000000e+00
    endloop
  endfacet
  facet normal 0.000000e+00 0.000000e+00 1.000000e+00
    outer loop
      vertex   5.212500e+01 -3.950000e+01 8.000000e+00
      vertex   5.212500e+01 -5.650000e+01 8.000000e+00
      vertex   5.287500e+01 -5.670096e+01 8.000000e+00
    endloop
  endfacet
  facet normal -0.000000e+00 0.000000e+00 1.000000e+00
    outer loop
      vertex   5.212500e+01 -3.950000e+01 8.000000e+00
      vertex   5.287500e+01 -5.670096e+01 8.000000e+00
      vertex   5.287500e+01 -3.929904e+01 8.000000e+00
    endloop
  endfacet
  facet normal 0.000000e+00 0.000000e+00 1.000000e+00
    outer loop
      vertex   5.287500e+01 -3.929904e+01 8.000000e+00
      vertex   5.287500e+01 -5.670096e+01 8.000000e+00
      vertex   5.342404e+01 -5.725000e+01 8.000000e+00
    endloop
  endfacet
  facet normal -5.992178e-16 -1.605599e-16 1.000000e+00
    outer loop
      vertex   5.082596e+01 -3.875000e+01 8.000000e+00
      vertex   5.062500e+01 -3.800000e+01 8.000000e+00
      vertex   2.850000e+01 -5.500000e+01 8.000000e+00
    endloop
  endfacet
  facet normal -5.992178e-16 -1.605599e-16 1.000000e+00
    outer loop
      vertex   2.850000e+01 -5.500000e+01 8.000000e+00
      vertex   5.062500e+01 -3.800000e+01 8.000000e+00
      vertex   2.823205e+01 -5.400000e+01 8.000000e+00
    endloop
  endfacet
  facet normal -4.164101e-16 -4.164101e-16 1.000000e+00
    outer loop
      vertex   2.823205e+01 -5.400000e+01 8.000000e+00
      vertex   5.062500e+01 -3.800000e+01 8.000000e+00
      vertex   2.750000e+01 -5.326795e+01 8.000000e+00
    endloop
  endfacet
  facet normal -6.913389e-16 0.000000e+00 1.000000e+00
    outer loop
      vertex   2.750000e+01 -5.326795e+01 8.000000e+00
      vertex   5.062500e+01 -3.800000e+01 8.000000e+00
      vertex   5.062500e+01 -1.800000e+01 8.000000e+00
    endloop
  endfacet
  facet normal -1.033121e-16 -3.855659e-16 1.000000e+00
    outer loop
      vertex   2.750000e+01 -5.326795e+01 8.000000e+00
      vertex   5.062500e+01 -1.800000e+01 8.000000e+00
      vertex   2.650000e+01 -5.300000e+01 8.000000e+00
    endloop
  endfacet
  facet normal 0.000000e+00 0.000000e+00 1.000000e+00
    outer loop
      vertex   5.062500e+01 -3.800000e+01 8.000000e+00
      vertex   5.082596e+01 -3.725000e+01 8.000000e+00
      vertex   5.062500e+01 -1.800000e+01 8.000000e+00
    endloop
  endfacet
  facet normal 0.000000e+00 0.000000e+00 1.000000e+00
    outer loop
      vertex   5.062500e+01 -1.800000e+01 8.000000e+00
      vertex   5.082596e+01 -3.725000e+01 8.000000e+00
      vertex   5.082596e+01 -1.875000e+01 8.000000e+00
    endloop
  endfacet
  facet normal 0.000000e+00 0.000000e+00 1.000000e+00
    outer loop
      vertex   5.082596e+01 -1.875000e+01 8.000000e+00
      vertex   5.082596e+01 -3.725000e+01 8.000000e+00
      vertex   5.137500e+01 -3.670096e+01 8.000000e+00
    endloop
  endfacet
  facet normal 0.000000e+00 0.000000e+00 1.000000e+00
    outer loop
      vertex   5.082596e+01 -1.875000e+01 8.000000e+00
      vertex   5.137500e+01 -3.670096e+01 8.000000e+00
      vertex   5.137500e+01 -1.929904e+01 8.000000e+00
    endloop
  endfacet
  facet normal 0.000000e+00 0.000000e+00 1.000000e+00
    outer loop
      vertex   5.137500e+01 -1.929904e+01 8.000000e+00
      vertex   5.137500e+01 -3.670096e+01 8.000000e+00
      vertex   5.212500e+01 -3.650000e+01 8.000000e+00
    endloop
  endfacet
  facet normal 0.000000e+00 0.000000e+00 1.000000e+00
    outer loop
      vertex   5.137500e+01 -1.929904e+01 8.000000e+00
      vertex   5.212500e+01 -3.650000e+01 8.000000e+00
      vertex   5.212500e+01 -1.950000e+01 8.000000e+00
    endloop
  endfacet
  facet normal 0.000000e+00 0.000000e+00 1.000000e+00
    outer loop
      vertex   5.212500e+01 -1.950000e+01 8.000000e+00
      vertex   5.212500e+01 -3.650000e+01 8.000000e+00
      vertex   5.287500e+01 -3.670096e+01 8.000000e+00
    endloop
  endfacet
  facet normal -0.000000e+00 0.000000e+00 1.000000e+00
    outer loop
      vertex   5.212500e+01 -1.950000e+01 8.000000e+00
      vertex   5.287500e+01 -3.670096e+01 8.000000e+00
      vertex   5.287500e+01 -1.929904e+01 8.000000e+00
    endloop
  endfacet
  facet normal 0.000000e+00 0.000000e+00 1.000000e+00
    outer loop
      vertex   5.287500e+01 -1.929904e+01 8.000000e+00
      vertex   5.287500e+01 -3.670096e+01 8.000000e+00
      vertex   5.342404e+01 -3.725000e+01 8.000000e+00
    endloop
  endfacet
  facet normal -0.000000e+00 0.000000e+00 1.000000e+00
    outer loop
      vertex   5.287500e+01 -1.929904e+01 8.000000e+00
      vertex   5.342404e+01 -3.725000e+01 8.000000e+00
      vertex   5.342404e+01 -1.875000e+01 8.000000e+00
    endloop
  endfacet
  facet normal 0.000000e+00 0.000000e+00 1.000000e+00
    outer loop
      vertex   5.342404e+01 -1.875000e+01 8.000000e+00
      vertex   5.342404e+01 -3.725000e+01 8.000000e+00
      vertex   5.362500e+01 -3.800000e+01 8.000000e+00
    endloop
  endfacet
  facet normal -0.000000e+00 0.000000e+00 1.000000e+00
    outer loop
      vertex   5.342404e+01 -1.875000e+01 8.000000e+00
      vertex   5.362500e+01 -3.800000e+01 8.000000e+00
      vertex   5.362500e+01 -1.800000e+01 8.000000e+00
    endloop
  endfacet
  facet normal 5.329071e-15 0.000000e+00 1.000000e+00
    outer loop
      vertex   5.362500e+01 -1.800000e+01 8.000000e+00
      vertex   5.362500e+01 -3.800000e+01 8.000000e+00
      vertex   5.662500e+01 -6.500000e+01 8.000000e+00
    endloop
  endfacet
  facet normal 0.000000e+00 0.000000e+00 1.000000e+00
    outer loop
      vertex   5.062500e+01 2.000000e+00 8.000000e+00
      vertex   5.082596e+01 2.750000e+00 8.000000e+00
      vertex   5.062500e+01 2.200000e+01 8.000000e+00
    endloop
  endfacet
  facet normal 0.000000e+00 0.000000e+00 1.000000e+00
    outer loop
      vertex   5.062500e+01 2.200000e+01 8.000000e+00
      vertex   5.082596e+01 2.750000e+00 8.000000e+00
      vertex   5.082596e+01 2.125000e+01 8.000000e+00
    endloop
  endfacet
  facet normal 0.000000e+00 0.000000e+00 1.000000e+00
    outer loop
      vertex   5.082596e+01 2.125000e+01 8.000000e+00
      vertex   5.082596e+01 2.750000e+00 8.000000e+00
      vertex   5.137500e+01 3.299038e+00 8.000000e+00
    endloop
  endfacet
  facet normal 0.000000e+00 0.000000e+00 1.000000e+00
    outer loop
      vertex   5.082596e+01 2.125000e+01 8.000000e+00
      vertex   5.137500e+01 3.299038e+00 8.000000e+00
      vertex   5.137500e+01 2.070096e+01 8.000000e+00
    endloop
  endfacet
  facet normal 0.000000e+00 0.000000e+00 1.000000e+00
    outer loop
      vertex   5.137500e+01 2.070096e+01 8.000000e+00
      vertex   5.137500e+01 3.299038e+00 8.000000e+00
      vertex   5.212500e+01 3.500000e+00 8.000000e+00
    endloop
  endfacet
  facet normal 0.000000e+00 0.000000e+00 1.000000e+00
    outer loop
      vertex   5.137500e+01 2.070096e+01 8.000000e+00
      vertex   5.212500e+01 3.500000e+00 8.000000e+00
      vertex   5.212500e+01 2.050000e+01 8.000000e+00
    endloop
  endfacet
  facet normal 0.000000e+00 0.000000e+00 1.000000e+00
    outer loop
      vertex   5.212500e+01 2.050000e+01 8.000000e+00
      vertex   5.212500e+01 3.500000e+00 8.000000e+00
      vertex   5.287500e+01 3.299038e+00 8.000000e+00
    endloop
  endfacet
  facet normal -0.000000e+00 0.000000e+00 1.000000e+00
    outer loop
      vertex   5.212500e+01 2.050000e+01 8.000000e+00
      vertex   5.287500e+01 3.299038e+00 8.000000e+00
      vertex   5.287500e+01 2.070096e+01 8.000000e+00
    endloop
  endfacet
  facet normal 0.000000e+00 0.000000e+00 1.000000e+00
    outer loop
      vertex   5.287500e+01 2.070096e+01 8.000000e+00
      vertex   5.287500e+01 3.299038e+00 8.000000e+00
      vertex   5.342404e+01 2.750000e+00 8.000000e+00
    endloop
  endfacet
  facet normal -0.000000e+00 0.000000e+00 1.000000e+00
    outer loop
      vertex   5.287500e+01 2.070096e+01 8.000000e+00
      vertex   5.342404e+01 2.750000e+00 8.000000e+00
      vertex   5.342404e+01 2.125000e+01 8.000000e+00
    endloop
  endfacet
  facet normal 0.000000e+00 0.000000e+00 1.000000e+00
    outer loop
      vertex   5.342404e+01 2.125000e+01 8.000000e+00
      vertex   5.342404e+01 2.750000e+00 8.000000e+00
      vertex   5.362500e+01 2.000000e+00 8.000000e+00
    endloop
  endfacet
  facet normal -0.000000e+00 0.000000e+00 1.000000e+00
    outer loop
      vertex   5.342404e+01 2.125000e+01 8.000000e+00
      vertex   5.362500e+01 2.000000e+00 8.000000e+00
      vertex   5.362500e+01 2.200000e+01 8.000000e+00
    endloop
  endfacet
  facet normal -0.000000e+00 0.000000e+00 1.000000e+00
    outer loop
      vertex   5.212500e+01 4.050000e+01 8.000000e+00
      vertex   5.287500e+01 2.329904e+01 8.000000e+00
      vertex   5.287500e+01 4.070096e+01 8.000000e+00
    endloop
  endfacet
  facet normal 0.000000e+00 0.000000e+00 1.000000e+00
    outer loop
      vertex   5.287500e+01 4.070096e+01 8.000000e+00
      vertex   5.287500e+01 2.329904e+01 8.000000e+00
      vertex   5.342404e+01 2.275000e+01 8.000000e+00
    endloop
  endfacet
  facet normal -0.000000e+00 0.000000e+00 1.000000e+00
    outer loop
      vertex   5.287500e+01 4.070096e+01 8.000000e+00
      vertex   5.342404e+01 2.275000e+01 8.000000e+00
      vertex   5.342404e+01 4.125000e+01 8.000000e+00
    endloop
  endfacet
  facet normal 0.000000e+00 0.000000e+00 1.000000e+00
    outer loop
      vertex   5.342404e+01 4.125000e+01 8.000000e+00
      vertex   5.342404e+01 2.275000e+01 8.000000e+00
      vertex   5.362500e+01 2.200000e+01 8.000000e+00
    endloop
  endfacet
  facet normal -0.000000e+00 0.000000e+00 1.000000e+00
    outer loop
      vertex   5.342404e+01 4.125000e+01 8.000000e+00
      vertex   5.362500e+01 2.200000e+01 8.000000e+00
      vertex   5.362500e+01 4.200000e+01 8.000000e+00
    endloop
  endfacet
  facet normal 5.329071e-15 0.000000e+00 1.000000e+00
    outer loop
      vertex   5.362500e+01 4.200000e+01 8.000000e+00
      vertex   5.362500e+01 2.200000e+01 8.000000e+00
      vertex   5.662500e+01 1.050000e+02 8.000000e+00
    endloop
  endfacet
  facet normal 5.329071e-15 -0.000000e+00 1.000000e+00
    outer loop
      vertex   5.362500e+01 4.200000e+01 8.000000e+00
      vertex   5.662500e+01 1.050000e+02 8.000000e+00
      vertex   5.362500e+01 6.200000e+01 8.000000e+00
    endloop
  endfacet
  facet normal 5.329071e-15 -0.000000e+00 1.000000e+00
    outer loop
      vertex   5.362500e+01 6.200000e+01 8.000000e+00
      vertex   5.662500e+01 1.050000e+02 8.000000e+00
      vertex   5.362500e+01 8.200000e+01 8.000000e+00
    endloop
  endfacet
  facet normal 0.000000e+00 -0.000000e+00 1.000000e+00
    outer loop
      vertex   5.362500e+01 6.200000e+01 8.000000e+00
      vertex   5.362500e+01 8.200000e+01 8.000000e+00
      vertex   5.342404e+01 8.125000e+01 8.000000e+00
    endloop
  endfacet
  facet normal -0.000000e+00 0.000000e+00 1.000000e+00
    outer loop
      vertex   5.212500e+01 6.050000e+01 8.000000e+00
      vertex   5.287500e+01 4.329904e+01 8.000000e+00
      vertex   5.287500e+01 6.070096e+01 8.000000e+00
    endloop
  endfacet
  facet normal 0.000000e+00 0.000000e+00 1.000000e+00
    outer loop
      vertex   5.287500e+01 6.070096e+01 8.000000e+00
      vertex   5.287500e+01 4.329904e+01 8.000000e+00
      vertex   5.342404e+01 4.275000e+01 8.000000e+00
    endloop
  endfacet
  facet normal -0.000000e+00 0.000000e+00 1.000000e+00
    outer loop
      vertex   5.287500e+01 6.070096e+01 8.000000e+00
      vertex   5.342404e+01 4.275000e+01 8.000000e+00
      vertex   5.342404e+01 6.125000e+01 8.000000e+00
    endloop
  endfacet
  facet normal 0.000000e+00 0.000000e+00 1.000000e+00
    outer loop
      vertex   5.342404e+01 6.125000e+01 8.000000e+00
      vertex   5.342404e+01 4.275000e+01 8.000000e+00
      vertex   5.362500e+01 4.200000e+01 8.000000e+00
    endloop
  endfacet
  facet normal -0.000000e+00 0.000000e+00 1.000000e+00
    outer loop
      vertex   5.342404e+01 6.125000e+01 8.000000e+00
      vertex   5.362500e+01 4.200000e+01 8.000000e+00
      vertex   5.362500e+01 6.200000e+01 8.000000e+00
    endloop
  endfacet
  facet normal 0.000000e+00 0.000000e+00 1.000000e+00
    outer loop
      vertex   5.082596e+01 8.125000e+01 8.000000e+00
      vertex   5.082596e+01 6.275000e+01 8.000000e+00
      vertex   5.137500e+01 8.070096e+01 8.000000e+00
    endloop
  endfacet
  facet normal 0.000000e+00 0.000000e+00 1.000000e+00
    outer loop
      vertex   5.137500e+01 8.070096e+01 8.000000e+00
      vertex   5.082596e+01 6.275000e+01 8.000000e+00
      vertex   5.137500e+01 6.329904e+01 8.000000e+00
    endloop
  endfacet
  facet normal 0.000000e+00 0.000000e+00 1.000000e+00
    outer loop
      vertex   5.137500e+01 8.070096e+01 8.000000e+00
      vertex   5.137500e+01 6.329904e+01 8.000000e+00
      vertex   5.212500e+01 8.050000e+01 8.000000e+00
    endloop
  endfacet
  facet normal 0.000000e+00 0.000000e+00 1.000000e+00
    outer loop
      vertex   5.212500e+01 8.050000e+01 8.000000e+00
      vertex   5.137500e+01 6.329904e+01 8.000000e+00
      vertex   5.212500e+01 6.350000e+01 8.000000e+00
    endloop
  endfacet
  facet normal 0.000000e+00 0.000000e+00 1.000000e+00
    outer loop
      vertex   5.212500e+01 8.050000e+01 8.000000e+00
      vertex   5.212500e+01 6.350000e+01 8.000000e+00
      vertex   5.287500e+01 6.329904e+01 8.000000e+00
    endloop
  endfacet
  facet normal -0.000000e+00 0.000000e+00 1.000000e+00
    outer loop
      vertex   5.212500e+01 8.050000e+01 8.000000e+00
      vertex   5.287500e+01 6.329904e+01 8.000000e+00
      vertex   5.287500e+01 8.070096e+01 8.000000e+00
    endloop
  endfacet
  facet normal 0.000000e+00 0.000000e+00 1.000000e+00
    outer loop
      vertex   5.287500e+01 8.070096e+01 8.000000e+00
      vertex   5.287500e+01 6.329904e+01 8.000000e+00
      vertex   5.342404e+01 6.275000e+01 8.000000e+00
    endloop
  endfacet
  facet normal -0.000000e+00 0.000000e+00 1.000000e+00
    outer loop
      vertex   5.287500e+01 8.070096e+01 8.000000e+00
      vertex   5.342404e+01 6.275000e+01 8.000000e+00
      vertex   5.342404e+01 8.125000e+01 8.000000e+00
    endloop
  endfacet
  facet normal 0.000000e+00 0.000000e+00 1.000000e+00
    outer loop
      vertex   5.342404e+01 8.125000e+01 8.000000e+00
      vertex   5.342404e+01 6.275000e+01 8.000000e+00
      vertex   5.362500e+01 6.200000e+01 8.000000e+00
    endloop
  endfacet
  facet normal -0.000000e+00 0.000000e+00 1.000000e+00
    outer loop
      vertex   5.212500e+01 1.005000e+02 8.000000e+00
      vertex   5.287500e+01 8.329904e+01 8.000000e+00
      vertex   5.287500e+01 1.007010e+02 8.000000e+00
    endloop
  endfacet
  facet normal 0.000000e+00 0.000000e+00 1.000000e+00
    outer loop
      vertex   5.287500e+01 1.007010e+02 8.000000e+00
      vertex   5.287500e+01 8.329904e+01 8.000000e+00
      vertex   5.342404e+01 8.275000e+01 8.000000e+00
    endloop
  endfacet
  facet normal -0.000000e+00 0.000000e+00 1.000000e+00
    outer loop
      vertex   5.287500e+01 1.007010e+02 8.000000e+00
      vertex   5.342404e+01 8.275000e+01 8.000000e+00
      vertex   5.342404e+01 1.012500e+02 8.000000e+00
    endloop
  endfacet
  facet normal 4.994502e-15 0.000000e+00 1.000000e+00
    outer loop
      vertex   5.342404e+01 1.012500e+02 8.000000e+00
      vertex   5.342404e+01 8.275000e+01 8.000000e+00
      vertex   5.662500e+01 1.050000e+02 8.000000e+00
    endloop
  endfacet
  facet normal 7.279646e-15 -1.950575e-15 1.000000e+00
    outer loop
      vertex   5.342404e+01 1.012500e+02 8.000000e+00
      vertex   5.662500e+01 1.050000e+02 8.000000e+00
      vertex   5.362500e+01 1.020000e+02 8.000000e+00
    endloop
  endfacet
  facet normal 1.744789e-15 4.675149e-16 1.000000e+00
    outer loop
      vertex   5.342404e+01 8.275000e+01 8.000000e+00
      vertex   5.362500e+01 8.200000e+01 8.000000e+00
      vertex   5.662500e+01 1.050000e+02 8.000000e+00
    endloop
  endfacet
  facet normal 0.000000e+00 -0.000000e+00 1.000000e+00
    outer loop
      vertex   -3.473205e+01 -5.400000e+01 8.000000e+00
      vertex   -3.400000e+01 -5.326795e+01 8.000000e+00
      vertex   -4.275000e+01 -1.973205e+01 8.000000e+00
    endloop
  endfacet
  facet normal 2.389545e-16 8.417503e-16 1.000000e+00
    outer loop
      vertex   5.662500e+01 -6.500000e+01 8.000000e+00
      vertex   2.750000e+01 -5.673205e+01 8.000000e+00
      vertex   1.737500e+01 -6.229904e+01 8.000000e+00
    endloop
  endfacet
  facet normal -6.670961e-16 2.489637e-15 1.000000e+00
    outer loop
      vertex   1.737500e+01 -6.229904e+01 8.000000e+00
      vertex   2.750000e+01 -5.673205e+01 8.000000e+00
      vertex   2.650000e+01 -5.700000e+01 8.000000e+00
    endloop
  endfacet
  facet normal 1.857161e-15 -1.857161e-15 1.000000e+00
    outer loop
      vertex   1.737500e+01 -6.229904e+01 8.000000e+00
      vertex   2.650000e+01 -5.700000e+01 8.000000e+00
      vertex   1.792404e+01 -6.175000e+01 8.000000e+00
    endloop
  endfacet
  facet normal 2.701354e-16 1.008159e-15 1.000000e+00
    outer loop
      vertex   1.792404e+01 -6.175000e+01 8.000000e+00
      vertex   2.650000e+01 -5.700000e+01 8.000000e+00
      vertex   2.550000e+01 -5.673205e+01 8.000000e+00
    endloop
  endfacet
  facet normal -6.488766e-15 1.121256e-14 1.000000e+00
    outer loop
      vertex   1.792404e+01 -6.175000e+01 8.000000e+00
      vertex   2.550000e+01 -5.673205e+01 8.000000e+00
      vertex   1.812500e+01 -6.100000e+01 8.000000e+00
    endloop
  endfacet
  facet normal 0.000000e+00 0.000000e+00 1.000000e+00
    outer loop
      vertex   1.812500e+01 -6.100000e+01 8.000000e+00
      vertex   2.550000e+01 -5.673205e+01 8.000000e+00
      vertex   2.476795e+01 -5.600000e+01 8.000000e+00
    endloop
  endfacet
  facet normal 0.000000e+00 0.000000e+00 1.000000e+00
    outer loop
      vertex   1.812500e+01 -6.100000e+01 8.000000e+00
      vertex   2.476795e+01 -5.600000e+01 8.000000e+00
      vertex   2.450000e+01 -5.500000e+01 8.000000e+00
    endloop
  endfacet
  facet normal 1.211418e-15 -3.245984e-16 1.000000e+00
    outer loop
      vertex   2.476795e+01 -5.400000e+01 8.000000e+00
      vertex   1.737500e+01 -5.970096e+01 8.000000e+00
      vertex   2.450000e+01 -5.500000e+01 8.000000e+00
    endloop
  endfacet
  facet normal 6.008329e-16 6.008329e-16 1.000000e+00
    outer loop
      vertex   2.450000e+01 -5.500000e+01 8.000000e+00
      vertex   1.737500e+01 -5.970096e+01 8.000000e+00
      vertex   1.792404e+01 -6.025000e+01 8.000000e+00
    endloop
  endfacet
  facet normal 7.120830e-15 -7.565882e-15 1.000000e+00
    outer loop
      vertex   2.450000e+01 -5.500000e+01 8.000000e+00
      vertex   1.792404e+01 -6.025000e+01 8.000000e+00
      vertex   1.812500e+01 -6.100000e+01 8.000000e+00
    endloop
  endfacet
  facet normal 0.000000e+00 0.000000e+00 1.000000e+00
    outer loop
      vertex   -3.250000e+00 -5.700000e+01 8.000000e+00
      vertex   -4.250000e+00 -5.673205e+01 8.000000e+00
      vertex   -4.787500e+01 -6.500000e+01 8.000000e+00
    endloop
  endfacet
  facet normal 0.000000e+00 -0.000000e+00 1.000000e+00
    outer loop
      vertex   -4.982051e+00 -5.400000e+01 8.000000e+00
      vertex   -4.250000e+00 -5.326795e+01 8.000000e+00
      vertex   -4.175000e+01 -1.800000e+01 8.000000e+00
    endloop
  endfacet
  facet normal 1.440383e-16 -5.375582e-16 1.000000e+00
    outer loop
      vertex   1.737500e+01 -6.229904e+01 8.000000e+00
      vertex   1.662500e+01 -6.250000e+01 8.000000e+00
      vertex   5.662500e+01 -6.500000e+01 8.000000e+00
    endloop
  endfacet
  facet normal -5.737897e-16 2.141412e-15 1.000000e+00
    outer loop
      vertex   1.587500e+01 -5.970096e+01 8.000000e+00
      vertex   1.662500e+01 -5.950000e+01 8.000000e+00
      vertex   2.476795e+01 -5.400000e+01 8.000000e+00
    endloop
  endfacet
  facet normal 2.478416e-16 9.249574e-16 1.000000e+00
    outer loop
      vertex   2.476795e+01 -5.400000e+01 8.000000e+00
      vertex   1.662500e+01 -5.950000e+01 8.000000e+00
      vertex   1.737500e+01 -5.970096e+01 8.000000e+00
    endloop
  endfacet
  facet normal 0.000000e+00 0.000000e+00 -1.000000e+00
    outer loop
      vertex   -4.701601e+01 6.042717e+01 1.000000e+00
      vertex   -4.737500e+01 6.200000e+01 1.000000e+00
      vertex   -4.575000e+01 6.200000e+01 1.000000e+00
    endloop
  endfacet
  facet normal 0.000000e+00 0.000000e+00 -1.000000e+00
    outer loop
      vertex   -4.575000e+01 6.200000e+01 1.000000e+00
      vertex   -4.737500e+01 6.200000e+01 1.000000e+00
      vertex   -4.701601e+01 6.357283e+01 1.000000e+00
    endloop
  endfacet
  facet normal 0.000000e+00 0.000000e+00 -1.000000e+00
    outer loop
      vertex   -4.575000e+01 6.200000e+01 1.000000e+00
      vertex   -4.701601e+01 6.357283e+01 1.000000e+00
      vertex   -4.548205e+01 6.300000e+01 1.000000e+00
    endloop
  endfacet
  facet normal 0.000000e+00 0.000000e+00 -1.000000e+00
    outer loop
      vertex   -4.548205e+01 6.300000e+01 1.000000e+00
      vertex   -4.701601e+01 6.357283e+01 1.000000e+00
      vertex   -4.601015e+01 6.483414e+01 1.000000e+00
    endloop
  endfacet
  facet normal 0.000000e+00 0.000000e+00 -1.000000e+00
    outer loop
      vertex   -4.548205e+01 6.300000e+01 1.000000e+00
      vertex   -4.601015e+01 6.483414e+01 1.000000e+00
      vertex   -4.475000e+01 6.373205e+01 1.000000e+00
    endloop
  endfacet
  facet normal 0.000000e+00 0.000000e+00 -1.000000e+00
    outer loop
      vertex   -4.475000e+01 6.373205e+01 1.000000e+00
      vertex   -4.601015e+01 6.483414e+01 1.000000e+00
      vertex   -4.455664e+01 6.553411e+01 1.000000e+00
    endloop
  endfacet
  facet normal 0.000000e+00 0.000000e+00 -1.000000e+00
    outer loop
      vertex   -4.475000e+01 6.373205e+01 1.000000e+00
      vertex   -4.455664e+01 6.553411e+01 1.000000e+00
      vertex   -4.375000e+01 6.400000e+01 1.000000e+00
    endloop
  endfacet
  facet normal 0.000000e+00 0.000000e+00 -1.000000e+00
    outer loop
      vertex   -4.375000e+01 6.400000e+01 1.000000e+00
      vertex   -4.455664e+01 6.553411e+01 1.000000e+00
      vertex   -4.294336e+01 6.553411e+01 1.000000e+00
    endloop
  endfacet
  facet normal 0.000000e+00 0.000000e+00 -1.000000e+00
    outer loop
      vertex   -4.375000e+01 6.400000e+01 1.000000e+00
      vertex   -4.294336e+01 6.553411e+01 1.000000e+00
      vertex   -4.275000e+01 6.373205e+01 1.000000e+00
    endloop
  endfacet
  facet normal 0.000000e+00 0.000000e+00 -1.000000e+00
    outer loop
      vertex   -4.275000e+01 6.373205e+01 1.000000e+00
      vertex   -4.294336e+01 6.553411e+01 1.000000e+00
      vertex   -4.148985e+01 6.483414e+01 1.000000e+00
    endloop
  endfacet
  facet normal 0.000000e+00 0.000000e+00 -1.000000e+00
    outer loop
      vertex   -4.275000e+01 6.373205e+01 1.000000e+00
      vertex   -4.148985e+01 6.483414e+01 1.000000e+00
      vertex   -4.201795e+01 6.300000e+01 1.000000e+00
    endloop
  endfacet
  facet normal 0.000000e+00 0.000000e+00 -1.000000e+00
    outer loop
      vertex   -4.201795e+01 6.300000e+01 1.000000e+00
      vertex   -4.148985e+01 6.483414e+01 1.000000e+00
      vertex   -4.048399e+01 6.357283e+01 1.000000e+00
    endloop
  endfacet
  facet normal 0.000000e+00 0.000000e+00 -1.000000e+00
    outer loop
      vertex   -4.201795e+01 6.300000e+01 1.000000e+00
      vertex   -4.048399e+01 6.357283e+01 1.000000e+00
      vertex   -4.175000e+01 6.200000e+01 1.000000e+00
    endloop
  endfacet
  facet normal 0.000000e+00 0.000000e+00 -1.000000e+00
    outer loop
      vertex   -4.175000e+01 6.200000e+01 1.000000e+00
      vertex   -4.048399e+01 6.357283e+01 1.000000e+00
      vertex   -4.012500e+01 6.200000e+01 1.000000e+00
    endloop
  endfacet
  facet normal 0.000000e+00 0.000000e+00 -1.000000e+00
    outer loop
      vertex   -4.175000e+01 6.200000e+01 1.000000e+00
      vertex   -4.012500e+01 6.200000e+01 1.000000e+00
      vertex   -4.048399e+01 6.042717e+01 1.000000e+00
    endloop
  endfacet
  facet normal 0.000000e+00 -0.000000e+00 -1.000000e+00
    outer loop
      vertex   -4.175000e+01 6.200000e+01 1.000000e+00
      vertex   -4.048399e+01 6.042717e+01 1.000000e+00
      vertex   -4.201795e+01 6.100000e+01 1.000000e+00
    endloop
  endfacet
  facet normal 0.000000e+00 0.000000e+00 -1.000000e+00
    outer loop
      vertex   -4.201795e+01 6.100000e+01 1.000000e+00
      vertex   -4.048399e+01 6.042717e+01 1.000000e+00
      vertex   -4.148985e+01 5.916586e+01 1.000000e+00
    endloop
  endfacet
  facet normal 0.000000e+00 -0.000000e+00 -1.000000e+00
    outer loop
      vertex   -4.201795e+01 6.100000e+01 1.000000e+00
      vertex   -4.148985e+01 5.916586e+01 1.000000e+00
      vertex   -4.275000e+01 6.026795e+01 1.000000e+00
    endloop
  endfacet
  facet normal 0.000000e+00 -0.000000e+00 -1.000000e+00
    outer loop
      vertex   -4.275000e+01 6.026795e+01 1.000000e+00
      vertex   -4.148985e+01 5.916586e+01 1.000000e+00
      vertex   -4.294336e+01 5.846589e+01 1.000000e+00
    endloop
  endfacet
  facet normal 0.000000e+00 0.000000e+00 -1.000000e+00
    outer loop
      vertex   -4.275000e+01 6.026795e+01 1.000000e+00
      vertex   -4.294336e+01 5.846589e+01 1.000000e+00
      vertex   -4.375000e+01 6.000000e+01 1.000000e+00
    endloop
  endfacet
  facet normal 0.000000e+00 -0.000000e+00 -1.000000e+00
    outer loop
      vertex   -4.375000e+01 6.000000e+01 1.000000e+00
      vertex   -4.294336e+01 5.846589e+01 1.000000e+00
      vertex   -4.455664e+01 5.846589e+01 1.000000e+00
    endloop
  endfacet
  facet normal -0.000000e+00 0.000000e+00 -1.000000e+00
    outer loop
      vertex   -4.375000e+01 6.000000e+01 1.000000e+00
      vertex   -4.455664e+01 5.846589e+01 1.000000e+00
      vertex   -4.475000e+01 6.026795e+01 1.000000e+00
    endloop
  endfacet
  facet normal 0.000000e+00 -0.000000e+00 -1.000000e+00
    outer loop
      vertex   -4.475000e+01 6.026795e+01 1.000000e+00
      vertex   -4.455664e+01 5.846589e+01 1.000000e+00
      vertex   -4.601015e+01 5.916586e+01 1.000000e+00
    endloop
  endfacet
  facet normal -0.000000e+00 0.000000e+00 -1.000000e+00
    outer loop
      vertex   -4.475000e+01 6.026795e+01 1.000000e+00
      vertex   -4.601015e+01 5.916586e+01 1.000000e+00
      vertex   -4.548205e+01 6.100000e+01 1.000000e+00
    endloop
  endfacet
  facet normal 0.000000e+00 0.000000e+00 -1.000000e+00
    outer loop
      vertex   -4.548205e+01 6.100000e+01 1.000000e+00
      vertex   -4.601015e+01 5.916586e+01 1.000000e+00
      vertex   -4.701601e+01 6.042717e+01 1.000000e+00
    endloop
  endfacet
  facet normal -0.000000e+00 0.000000e+00 -1.000000e+00
    outer loop
      vertex   -4.548205e+01 6.100000e+01 1.000000e+00
      vertex   -4.701601e+01 6.042717e+01 1.000000e+00
      vertex   -4.575000e+01 6.200000e+01 1.000000e+00
    endloop
  endfacet
  facet normal 9.749279e-01 -2.225209e-01 0.000000e+00
    outer loop
      vertex   -4.701601e+01 6.357283e+01 -3.000000e+00
      vertex   -4.701601e+01 6.357283e+01 1.000000e+00
      vertex   -4.737500e+01 6.200000e+01 -3.000000e+00
    endloop
  endfacet
  facet normal 9.749279e-01 -2.225209e-01 0.000000e+00
    outer loop
      vertex   -4.737500e+01 6.200000e+01 -3.000000e+00
      vertex   -4.701601e+01 6.357283e+01 1.000000e+00
      vertex   -4.737500e+01 6.200000e+01 1.000000e+00
    endloop
  endfacet
  facet normal 9.749279e-01 2.225209e-01 -0.000000e+00
    outer loop
      vertex   -4.737500e+01 6.200000e+01 -3.000000e+00
      vertex   -4.737500e+01 6.200000e+01 1.000000e+00
      vertex   -4.701601e+01 6.042717e+01 -3.000000e+00
    endloop
  endfacet
  facet normal 9.749279e-01 2.225209e-01 -0.000000e+00
    outer loop
      vertex   -4.701601e+01 6.042717e+01 -3.000000e+00
      vertex   -4.737500e+01 6.200000e+01 1.000000e+00
      vertex   -4.701601e+01 6.042717e+01 1.000000e+00
    endloop
  endfacet
  facet normal 7.818315e-01 6.234898e-01 -0.000000e+00
    outer loop
      vertex   -4.701601e+01 6.042717e+01 -3.000000e+00
      vertex   -4.701601e+01 6.042717e+01 1.000000e+00
      vertex   -4.601015e+01 5.916586e+01 -3.000000e+00
    endloop
  endfacet
  facet normal 7.818315e-01 6.234898e-01 -0.000000e+00
    outer loop
      vertex   -4.601015e+01 5.916586e+01 -3.000000e+00
      vertex   -4.701601e+01 6.042717e+01 1.000000e+00
      vertex   -4.601015e+01 5.916586e+01 1.000000e+00
    endloop
  endfacet
  facet normal 4.338837e-01 9.009689e-01 -0.000000e+00
    outer loop
      vertex   -4.601015e+01 5.916586e+01 -3.000000e+00
      vertex   -4.601015e+01 5.916586e+01 1.000000e+00
      vertex   -4.455664e+01 5.846589e+01 -3.000000e+00
    endloop
  endfacet
  facet normal 4.338837e-01 9.009689e-01 -0.000000e+00
    outer loop
      vertex   -4.455664e+01 5.846589e+01 -3.000000e+00
      vertex   -4.601015e+01 5.916586e+01 1.000000e+00
      vertex   -4.455664e+01 5.846589e+01 1.000000e+00
    endloop
  endfacet
  facet normal 0.000000e+00 1.000000e+00 0.000000e+00
    outer loop
      vertex   -4.455664e+01 5.846589e+01 -3.000000e+00
      vertex   -4.455664e+01 5.846589e+01 1.000000e+00
      vertex   -4.294336e+01 5.846589e+01 -3.000000e+00
    endloop
  endfacet
  facet normal 0.000000e+00 1.000000e+00 -0.000000e+00
    outer loop
      vertex   -4.294336e+01 5.846589e+01 -3.000000e+00
      vertex   -4.455664e+01 5.846589e+01 1.000000e+00
      vertex   -4.294336e+01 5.846589e+01 1.000000e+00
    endloop
  endfacet
  facet normal -4.338837e-01 9.009689e-01 0.000000e+00
    outer loop
      vertex   -4.294336e+01 5.846589e+01 -3.000000e+00
      vertex   -4.294336e+01 5.846589e+01 1.000000e+00
      vertex   -4.148985e+01 5.916586e+01 -3.000000e+00
    endloop
  endfacet
  facet normal -4.338837e-01 9.009689e-01 0.000000e+00
    outer loop
      vertex   -4.148985e+01 5.916586e+01 -3.000000e+00
      vertex   -4.294336e+01 5.846589e+01 1.000000e+00
      vertex   -4.148985e+01 5.916586e+01 1.000000e+00
    endloop
  endfacet
  facet normal -7.818315e-01 6.234898e-01 0.000000e+00
    outer loop
      vertex   -4.148985e+01 5.916586e+01 -3.000000e+00
      vertex   -4.148985e+01 5.916586e+01 1.000000e+00
      vertex   -4.048399e+01 6.042717e+01 -3.000000e+00
    endloop
  endfacet
  facet normal -7.818315e-01 6.234898e-01 0.000000e+00
    outer loop
      vertex   -4.048399e+01 6.042717e+01 -3.000000e+00
      vertex   -4.148985e+01 5.916586e+01 1.000000e+00
      vertex   -4.048399e+01 6.042717e+01 1.000000e+00
    endloop
  endfacet
  facet normal -9.749279e-01 2.225209e-01 0.000000e+00
    outer loop
      vertex   -4.048399e+01 6.042717e+01 -3.000000e+00
      vertex   -4.048399e+01 6.042717e+01 1.000000e+00
      vertex   -4.012500e+01 6.200000e+01 -3.000000e+00
    endloop
  endfacet
  facet normal -9.749279e-01 2.225209e-01 0.000000e+00
    outer loop
      vertex   -4.012500e+01 6.200000e+01 -3.000000e+00
      vertex   -4.048399e+01 6.042717e+01 1.000000e+00
      vertex   -4.012500e+01 6.200000e+01 1.000000e+00
    endloop
  endfacet
  facet normal -9.749279e-01 -2.225209e-01 0.000000e+00
    outer loop
      vertex   -4.012500e+01 6.200000e+01 -3.000000e+00
      vertex   -4.012500e+01 6.200000e+01 1.000000e+00
      vertex   -4.048399e+01 6.357283e+01 -3.000000e+00
    endloop
  endfacet
  facet normal -9.749279e-01 -2.225209e-01 0.000000e+00
    outer loop
      vertex   -4.048399e+01 6.357283e+01 -3.000000e+00
      vertex   -4.012500e+01 6.200000e+01 1.000000e+00
      vertex   -4.048399e+01 6.357283e+01 1.000000e+00
    endloop
  endfacet
  facet normal -7.818315e-01 -6.234898e-01 0.000000e+00
    outer loop
      vertex   -4.048399e+01 6.357283e+01 -3.000000e+00
      vertex   -4.048399e+01 6.357283e+01 1.000000e+00
      vertex   -4.148985e+01 6.483414e+01 -3.000000e+00
    endloop
  endfacet
  facet normal -7.818315e-01 -6.234898e-01 0.000000e+00
    outer loop
      vertex   -4.148985e+01 6.483414e+01 -3.000000e+00
      vertex   -4.048399e+01 6.357283e+01 1.000000e+00
      vertex   -4.148985e+01 6.483414e+01 1.000000e+00
    endloop
  endfacet
  facet normal -4.338837e-01 -9.009689e-01 0.000000e+00
    outer loop
      vertex   -4.148985e+01 6.483414e+01 -3.000000e+00
      vertex   -4.148985e+01 6.483414e+01 1.000000e+00
      vertex   -4.294336e+01 6.553411e+01 -3.000000e+00
    endloop
  endfacet
  facet normal -4.338837e-01 -9.009689e-01 0.000000e+00
    outer loop
      vertex   -4.294336e+01 6.553411e+01 -3.000000e+00
      vertex   -4.148985e+01 6.483414e+01 1.000000e+00
      vertex   -4.294336e+01 6.553411e+01 1.000000e+00
    endloop
  endfacet
  facet normal 0.000000e+00 -1.000000e+00 0.000000e+00
    outer loop
      vertex   -4.294336e+01 6.553411e+01 -3.000000e+00
      vertex   -4.294336e+01 6.553411e+01 1.000000e+00
      vertex   -4.455664e+01 6.553411e+01 -3.000000e+00
    endloop
  endfacet
  facet normal 0.000000e+00 -1.000000e+00 0.000000e+00
    outer loop
      vertex   -4.455664e+01 6.553411e+01 -3.000000e+00
      vertex   -4.294336e+01 6.553411e+01 1.000000e+00
      vertex   -4.455664e+01 6.553411e+01 1.000000e+00
    endloop
  endfacet
  facet normal 4.338837e-01 -9.009689e-01 0.000000e+00
    outer loop
      vertex   -4.455664e+01 6.553411e+01 -3.000000e+00
      vertex   -4.455664e+01 6.553411e+01 1.000000e+00
      vertex   -4.601015e+01 6.483414e+01 -3.000000e+00
    endloop
  endfacet
  facet normal 4.338837e-01 -9.009689e-01 0.000000e+00
    outer loop
      vertex   -4.601015e+01 6.483414e+01 -3.000000e+00
      vertex   -4.455664e+01 6.553411e+01 1.000000e+00
      vertex   -4.601015e+01 6.483414e+01 1.000000e+00
    endloop
  endfacet
  facet normal 7.818315e-01 -6.234898e-01 0.000000e+00
    outer loop
      vertex   -4.601015e+01 6.483414e+01 -3.000000e+00
      vertex   -4.601015e+01 6.483414e+01 1.000000e+00
      vertex   -4.701601e+01 6.357283e+01 -3.000000e+00
    endloop
  endfacet
  facet normal 7.818315e-01 -6.234898e-01 0.000000e+00
    outer loop
      vertex   -4.701601e+01 6.357283e+01 -3.000000e+00
      vertex   -4.601015e+01 6.483414e+01 1.000000e+00
      vertex   -4.701601e+01 6.357283e+01 1.000000e+00
    endloop
  endfacet
  facet normal 0.000000e+00 0.000000e+00 -1.000000e+00
    outer loop
      vertex   -4.701601e+01 2.042717e+01 1.000000e+00
      vertex   -4.737500e+01 2.200000e+01 1.000000e+00
      vertex   -4.575000e+01 2.200000e+01 1.000000e+00
    endloop
  endfacet
  facet normal 0.000000e+00 0.000000e+00 -1.000000e+00
    outer loop
      vertex   -4.575000e+01 2.200000e+01 1.000000e+00
      vertex   -4.737500e+01 2.200000e+01 1.000000e+00
      vertex   -4.701601e+01 2.357283e+01 1.000000e+00
    endloop
  endfacet
  facet normal 0.000000e+00 0.000000e+00 -1.000000e+00
    outer loop
      vertex   -4.575000e+01 2.200000e+01 1.000000e+00
      vertex   -4.701601e+01 2.357283e+01 1.000000e+00
      vertex   -4.548205e+01 2.300000e+01 1.000000e+00
    endloop
  endfacet
  facet normal 0.000000e+00 0.000000e+00 -1.000000e+00
    outer loop
      vertex   -4.548205e+01 2.300000e+01 1.000000e+00
      vertex   -4.701601e+01 2.357283e+01 1.000000e+00
      vertex   -4.601015e+01 2.483414e+01 1.000000e+00
    endloop
  endfacet
  facet normal 0.000000e+00 0.000000e+00 -1.000000e+00
    outer loop
      vertex   -4.548205e+01 2.300000e+01 1.000000e+00
      vertex   -4.601015e+01 2.483414e+01 1.000000e+00
      vertex   -4.475000e+01 2.373205e+01 1.000000e+00
    endloop
  endfacet
  facet normal 0.000000e+00 0.000000e+00 -1.000000e+00
    outer loop
      vertex   -4.475000e+01 2.373205e+01 1.000000e+00
      vertex   -4.601015e+01 2.483414e+01 1.000000e+00
      vertex   -4.455664e+01 2.553411e+01 1.000000e+00
    endloop
  endfacet
  facet normal 0.000000e+00 0.000000e+00 -1.000000e+00
    outer loop
      vertex   -4.475000e+01 2.373205e+01 1.000000e+00
      vertex   -4.455664e+01 2.553411e+01 1.000000e+00
      vertex   -4.375000e+01 2.400000e+01 1.000000e+00
    endloop
  endfacet
  facet normal 0.000000e+00 0.000000e+00 -1.000000e+00
    outer loop
      vertex   -4.375000e+01 2.400000e+01 1.000000e+00
      vertex   -4.455664e+01 2.553411e+01 1.000000e+00
      vertex   -4.294336e+01 2.553411e+01 1.000000e+00
    endloop
  endfacet
  facet normal 0.000000e+00 0.000000e+00 -1.000000e+00
    outer loop
      vertex   -4.375000e+01 2.400000e+01 1.000000e+00
      vertex   -4.294336e+01 2.553411e+01 1.000000e+00
      vertex   -4.275000e+01 2.373205e+01 1.000000e+00
    endloop
  endfacet
  facet normal 0.000000e+00 0.000000e+00 -1.000000e+00
    outer loop
      vertex   -4.275000e+01 2.373205e+01 1.000000e+00
      vertex   -4.294336e+01 2.553411e+01 1.000000e+00
      vertex   -4.148985e+01 2.483414e+01 1.000000e+00
    endloop
  endfacet
  facet normal 0.000000e+00 0.000000e+00 -1.000000e+00
    outer loop
      vertex   -4.275000e+01 2.373205e+01 1.000000e+00
      vertex   -4.148985e+01 2.483414e+01 1.000000e+00
      vertex   -4.201795e+01 2.300000e+01 1.000000e+00
    endloop
  endfacet
  facet normal 0.000000e+00 0.000000e+00 -1.000000e+00
    outer loop
      vertex   -4.201795e+01 2.300000e+01 1.000000e+00
      vertex   -4.148985e+01 2.483414e+01 1.000000e+00
      vertex   -4.048399e+01 2.357283e+01 1.000000e+00
    endloop
  endfacet
  facet normal 0.000000e+00 0.000000e+00 -1.000000e+00
    outer loop
      vertex   -4.201795e+01 2.300000e+01 1.000000e+00
      vertex   -4.048399e+01 2.357283e+01 1.000000e+00
      vertex   -4.175000e+01 2.200000e+01 1.000000e+00
    endloop
  endfacet
  facet normal 0.000000e+00 0.000000e+00 -1.000000e+00
    outer loop
      vertex   -4.175000e+01 2.200000e+01 1.000000e+00
      vertex   -4.048399e+01 2.357283e+01 1.000000e+00
      vertex   -4.012500e+01 2.200000e+01 1.000000e+00
    endloop
  endfacet
  facet normal 0.000000e+00 0.000000e+00 -1.000000e+00
    outer loop
      vertex   -4.175000e+01 2.200000e+01 1.000000e+00
      vertex   -4.012500e+01 2.200000e+01 1.000000e+00
      vertex   -4.048399e+01 2.042717e+01 1.000000e+00
    endloop
  endfacet
  facet normal 0.000000e+00 -0.000000e+00 -1.000000e+00
    outer loop
      vertex   -4.175000e+01 2.200000e+01 1.000000e+00
      vertex   -4.048399e+01 2.042717e+01 1.000000e+00
      vertex   -4.201795e+01 2.100000e+01 1.000000e+00
    endloop
  endfacet
  facet normal 0.000000e+00 0.000000e+00 -1.000000e+00
    outer loop
      vertex   -4.201795e+01 2.100000e+01 1.000000e+00
      vertex   -4.048399e+01 2.042717e+01 1.000000e+00
      vertex   -4.148985e+01 1.916586e+01 1.000000e+00
    endloop
  endfacet
  facet normal 0.000000e+00 -0.000000e+00 -1.000000e+00
    outer loop
      vertex   -4.201795e+01 2.100000e+01 1.000000e+00
      vertex   -4.148985e+01 1.916586e+01 1.000000e+00
      vertex   -4.275000e+01 2.026795e+01 1.000000e+00
    endloop
  endfacet
  facet normal 0.000000e+00 -0.000000e+00 -1.000000e+00
    outer loop
      vertex   -4.275000e+01 2.026795e+01 1.000000e+00
      vertex   -4.148985e+01 1.916586e+01 1.000000e+00
      vertex   -4.294336e+01 1.846589e+01 1.000000e+00
    endloop
  endfacet
  facet normal 0.000000e+00 0.000000e+00 -1.000000e+00
    outer loop
      vertex   -4.275000e+01 2.026795e+01 1.000000e+00
      vertex   -4.294336e+01 1.846589e+01 1.000000e+00
      vertex   -4.375000e+01 2.000000e+01 1.000000e+00
    endloop
  endfacet
  facet normal 0.000000e+00 -0.000000e+00 -1.000000e+00
    outer loop
      vertex   -4.375000e+01 2.000000e+01 1.000000e+00
      vertex   -4.294336e+01 1.846589e+01 1.000000e+00
      vertex   -4.455664e+01 1.846589e+01 1.000000e+00
    endloop
  endfacet
  facet normal -0.000000e+00 0.000000e+00 -1.000000e+00
    outer loop
      vertex   -4.375000e+01 2.000000e+01 1.000000e+00
      vertex   -4.455664e+01 1.846589e+01 1.000000e+00
      vertex   -4.475000e+01 2.026795e+01 1.000000e+00
    endloop
  endfacet
  facet normal 0.000000e+00 -0.000000e+00 -1.000000e+00
    outer loop
      vertex   -4.475000e+01 2.026795e+01 1.000000e+00
      vertex   -4.455664e+01 1.846589e+01 1.000000e+00
      vertex   -4.601015e+01 1.916586e+01 1.000000e+00
    endloop
  endfacet
  facet normal -0.000000e+00 0.000000e+00 -1.000000e+00
    outer loop
      vertex   -4.475000e+01 2.026795e+01 1.000000e+00
      vertex   -4.601015e+01 1.916586e+01 1.000000e+00
      vertex   -4.548205e+01 2.100000e+01 1.000000e+00
    endloop
  endfacet
  facet normal 0.000000e+00 0.000000e+00 -1.000000e+00
    outer loop
      vertex   -4.548205e+01 2.100000e+01 1.000000e+00
      vertex   -4.601015e+01 1.916586e+01 1.000000e+00
      vertex   -4.701601e+01 2.042717e+01 1.000000e+00
    endloop
  endfacet
  facet normal -0.000000e+00 0.000000e+00 -1.000000e+00
    outer loop
      vertex   -4.548205e+01 2.100000e+01 1.000000e+00
      vertex   -4.701601e+01 2.042717e+01 1.000000e+00
      vertex   -4.575000e+01 2.200000e+01 1.000000e+00
    endloop
  endfacet
  facet normal 9.749279e-01 -2.225209e-01 -1.976383e-16
    outer loop
      vertex   -4.701601e+01 2.357283e+01 -3.000000e+00
      vertex   -4.701601e+01 2.357283e+01 1.000000e+00
      vertex   -4.737500e+01 2.200000e+01 -3.000000e+00
    endloop
  endfacet
  facet normal 9.749279e-01 -2.225209e-01 0.000000e+00
    outer loop
      vertex   -4.737500e+01 2.200000e+01 -3.000000e+00
      vertex   -4.701601e+01 2.357283e+01 1.000000e+00
      vertex   -4.737500e+01 2.200000e+01 1.000000e+00
    endloop
  endfacet
  facet normal 9.749279e-01 2.225209e-01 -0.000000e+00
    outer loop
      vertex   -4.737500e+01 2.200000e+01 -3.000000e+00
      vertex   -4.737500e+01 2.200000e+01 1.000000e+00
      vertex   -4.701601e+01 2.042717e+01 -3.000000e+00
    endloop
  endfacet
  facet normal 9.749279e-01 2.225209e-01 1.976383e-16
    outer loop
      vertex   -4.701601e+01 2.042717e+01 -3.000000e+00
      vertex   -4.737500e+01 2.200000e+01 1.000000e+00
      vertex   -4.701601e+01 2.042717e+01 1.000000e+00
    endloop
  endfacet
  facet normal 7.818315e-01 6.234898e-01 5.537702e-16
    outer loop
      vertex   -4.701601e+01 2.042717e+01 -3.000000e+00
      vertex   -4.701601e+01 2.042717e+01 1.000000e+00
      vertex   -4.601015e+01 1.916586e+01 -3.000000e+00
    endloop
  endfacet
  facet normal 7.818315e-01 6.234898e-01 -0.000000e+00
    outer loop
      vertex   -4.601015e+01 1.916586e+01 -3.000000e+00
      vertex   -4.701601e+01 2.042717e+01 1.000000e+00
      vertex   -4.601015e+01 1.916586e+01 1.000000e+00
    endloop
  endfacet
  facet normal 4.338837e-01 9.009689e-01 -0.000000e+00
    outer loop
      vertex   -4.601015e+01 1.916586e+01 -3.000000e+00
      vertex   -4.601015e+01 1.916586e+01 1.000000e+00
      vertex   -4.455664e+01 1.846589e+01 -3.000000e+00
    endloop
  endfacet
  facet normal 4.338837e-01 9.009689e-01 -0.000000e+00
    outer loop
      vertex   -4.455664e+01 1.846589e+01 -3.000000e+00
      vertex   -4.601015e+01 1.916586e+01 1.000000e+00
      vertex   -4.455664e+01 1.846589e+01 1.000000e+00
    endloop
  endfacet
  facet normal 0.000000e+00 1.000000e+00 0.000000e+00
    outer loop
      vertex   -4.455664e+01 1.846589e+01 -3.000000e+00
      vertex   -4.455664e+01 1.846589e+01 1.000000e+00
      vertex   -4.294336e+01 1.846589e+01 -3.000000e+00
    endloop
  endfacet
  facet normal 0.000000e+00 1.000000e+00 -0.000000e+00
    outer loop
      vertex   -4.294336e+01 1.846589e+01 -3.000000e+00
      vertex   -4.455664e+01 1.846589e+01 1.000000e+00
      vertex   -4.294336e+01 1.846589e+01 1.000000e+00
    endloop
  endfacet
  facet normal -4.338837e-01 9.009689e-01 0.000000e+00
    outer loop
      vertex   -4.294336e+01 1.846589e+01 -3.000000e+00
      vertex   -4.294336e+01 1.846589e+01 1.000000e+00
      vertex   -4.148985e+01 1.916586e+01 -3.000000e+00
    endloop
  endfacet
  facet normal -4.338837e-01 9.009689e-01 0.000000e+00
    outer loop
      vertex   -4.148985e+01 1.916586e+01 -3.000000e+00
      vertex   -4.294336e+01 1.846589e+01 1.000000e+00
      vertex   -4.148985e+01 1.916586e+01 1.000000e+00
    endloop
  endfacet
  facet normal -7.818315e-01 6.234898e-01 0.000000e+00
    outer loop
      vertex   -4.148985e+01 1.916586e+01 -3.000000e+00
      vertex   -4.148985e+01 1.916586e+01 1.000000e+00
      vertex   -4.048399e+01 2.042717e+01 -3.000000e+00
    endloop
  endfacet
  facet normal -7.818315e-01 6.234898e-01 -5.537702e-16
    outer loop
      vertex   -4.048399e+01 2.042717e+01 -3.000000e+00
      vertex   -4.148985e+01 1.916586e+01 1.000000e+00
      vertex   -4.048399e+01 2.042717e+01 1.000000e+00
    endloop
  endfacet
  facet normal -9.749279e-01 2.225209e-01 -1.976383e-16
    outer loop
      vertex   -4.048399e+01 2.042717e+01 -3.000000e+00
      vertex   -4.048399e+01 2.042717e+01 1.000000e+00
      vertex   -4.012500e+01 2.200000e+01 -3.000000e+00
    endloop
  endfacet
  facet normal -9.749279e-01 2.225209e-01 0.000000e+00
    outer loop
      vertex   -4.012500e+01 2.200000e+01 -3.000000e+00
      vertex   -4.048399e+01 2.042717e+01 1.000000e+00
      vertex   -4.012500e+01 2.200000e+01 1.000000e+00
    endloop
  endfacet
  facet normal -9.749279e-01 -2.225209e-01 0.000000e+00
    outer loop
      vertex   -4.012500e+01 2.200000e+01 -3.000000e+00
      vertex   -4.012500e+01 2.200000e+01 1.000000e+00
      vertex   -4.048399e+01 2.357283e+01 -3.000000e+00
    endloop
  endfacet
  facet normal -9.749279e-01 -2.225209e-01 1.976383e-16
    outer loop
      vertex   -4.048399e+01 2.357283e+01 -3.000000e+00
      vertex   -4.012500e+01 2.200000e+01 1.000000e+00
      vertex   -4.048399e+01 2.357283e+01 1.000000e+00
    endloop
  endfacet
  facet normal -7.818315e-01 -6.234898e-01 5.537702e-16
    outer loop
      vertex   -4.048399e+01 2.357283e+01 -3.000000e+00
      vertex   -4.048399e+01 2.357283e+01 1.000000e+00
      vertex   -4.148985e+01 2.483414e+01 -3.000000e+00
    endloop
  endfacet
  facet normal -7.818315e-01 -6.234898e-01 5.537702e-16
    outer loop
      vertex   -4.148985e+01 2.483414e+01 -3.000000e+00
      vertex   -4.048399e+01 2.357283e+01 1.000000e+00
      vertex   -4.148985e+01 2.483414e+01 1.000000e+00
    endloop
  endfacet
  facet normal -4.338837e-01 -9.009689e-01 8.002211e-16
    outer loop
      vertex   -4.148985e+01 2.483414e+01 -3.000000e+00
      vertex   -4.148985e+01 2.483414e+01 1.000000e+00
      vertex   -4.294336e+01 2.553411e+01 -3.000000e+00
    endloop
  endfacet
  facet normal -4.338837e-01 -9.009689e-01 0.000000e+00
    outer loop
      vertex   -4.294336e+01 2.553411e+01 -3.000000e+00
      vertex   -4.148985e+01 2.483414e+01 1.000000e+00
      vertex   -4.294336e+01 2.553411e+01 1.000000e+00
    endloop
  endfacet
  facet normal 0.000000e+00 -1.000000e+00 0.000000e+00
    outer loop
      vertex   -4.294336e+01 2.553411e+01 -3.000000e+00
      vertex   -4.294336e+01 2.553411e+01 1.000000e+00
      vertex   -4.455664e+01 2.553411e+01 -3.000000e+00
    endloop
  endfacet
  facet normal 0.000000e+00 -1.000000e+00 0.000000e+00
    outer loop
      vertex   -4.455664e+01 2.553411e+01 -3.000000e+00
      vertex   -4.294336e+01 2.553411e+01 1.000000e+00
      vertex   -4.455664e+01 2.553411e+01 1.000000e+00
    endloop
  endfacet
  facet normal 4.338837e-01 -9.009689e-01 0.000000e+00
    outer loop
      vertex   -4.455664e+01 2.553411e+01 -3.000000e+00
      vertex   -4.455664e+01 2.553411e+01 1.000000e+00
      vertex   -4.601015e+01 2.483414e+01 -3.000000e+00
    endloop
  endfacet
  facet normal 4.338837e-01 -9.009689e-01 0.000000e+00
    outer loop
      vertex   -4.601015e+01 2.483414e+01 -3.000000e+00
      vertex   -4.455664e+01 2.553411e+01 1.000000e+00
      vertex   -4.601015e+01 2.483414e+01 1.000000e+00
    endloop
  endfacet
  facet normal 7.818315e-01 -6.234898e-01 0.000000e+00
    outer loop
      vertex   -4.601015e+01 2.483414e+01 -3.000000e+00
      vertex   -4.601015e+01 2.483414e+01 1.000000e+00
      vertex   -4.701601e+01 2.357283e+01 -3.000000e+00
    endloop
  endfacet
  facet normal 7.818315e-01 -6.234898e-01 -5.537702e-16
    outer loop
      vertex   -4.701601e+01 2.357283e+01 -3.000000e+00
      vertex   -4.601015e+01 2.483414e+01 1.000000e+00
      vertex   -4.701601e+01 2.357283e+01 1.000000e+00
    endloop
  endfacet
  facet normal 0.000000e+00 0.000000e+00 -1.000000e+00
    outer loop
      vertex   -4.701601e+01 -1.957283e+01 1.000000e+00
      vertex   -4.737500e+01 -1.800000e+01 1.000000e+00
      vertex   -4.575000e+01 -1.800000e+01 1.000000e+00
    endloop
  endfacet
  facet normal 0.000000e+00 0.000000e+00 -1.000000e+00
    outer loop
      vertex   -4.575000e+01 -1.800000e+01 1.000000e+00
      vertex   -4.737500e+01 -1.800000e+01 1.000000e+00
      vertex   -4.701601e+01 -1.642717e+01 1.000000e+00
    endloop
  endfacet
  facet normal 0.000000e+00 0.000000e+00 -1.000000e+00
    outer loop
      vertex   -4.575000e+01 -1.800000e+01 1.000000e+00
      vertex   -4.701601e+01 -1.642717e+01 1.000000e+00
      vertex   -4.548205e+01 -1.700000e+01 1.000000e+00
    endloop
  endfacet
  facet normal 0.000000e+00 0.000000e+00 -1.000000e+00
    outer loop
      vertex   -4.548205e+01 -1.700000e+01 1.000000e+00
      vertex   -4.701601e+01 -1.642717e+01 1.000000e+00
      vertex   -4.601015e+01 -1.516586e+01 1.000000e+00
    endloop
  endfacet
  facet normal 0.000000e+00 0.000000e+00 -1.000000e+00
    outer loop
      vertex   -4.548205e+01 -1.700000e+01 1.000000e+00
      vertex   -4.601015e+01 -1.516586e+01 1.000000e+00
      vertex   -4.475000e+01 -1.626795e+01 1.000000e+00
    endloop
  endfacet
  facet normal 0.000000e+00 0.000000e+00 -1.000000e+00
    outer loop
      vertex   -4.475000e+01 -1.626795e+01 1.000000e+00
      vertex   -4.601015e+01 -1.516586e+01 1.000000e+00
      vertex   -4.455664e+01 -1.446589e+01 1.000000e+00
    endloop
  endfacet
  facet normal 0.000000e+00 0.000000e+00 -1.000000e+00
    outer loop
      vertex   -4.475000e+01 -1.626795e+01 1.000000e+00
      vertex   -4.455664e+01 -1.446589e+01 1.000000e+00
      vertex   -4.375000e+01 -1.600000e+01 1.000000e+00
    endloop
  endfacet
  facet normal 0.000000e+00 0.000000e+00 -1.000000e+00
    outer loop
      vertex   -4.375000e+01 -1.600000e+01 1.000000e+00
      vertex   -4.455664e+01 -1.446589e+01 1.000000e+00
      vertex   -4.294336e+01 -1.446589e+01 1.000000e+00
    endloop
  endfacet
  facet normal 0.000000e+00 0.000000e+00 -1.000000e+00
    outer loop
      vertex   -4.375000e+01 -1.600000e+01 1.000000e+00
      vertex   -4.294336e+01 -1.446589e+01 1.000000e+00
      vertex   -4.275000e+01 -1.626795e+01 1.000000e+00
    endloop
  endfacet
  facet normal 0.000000e+00 0.000000e+00 -1.000000e+00
    outer loop
      vertex   -4.275000e+01 -1.626795e+01 1.000000e+00
      vertex   -4.294336e+01 -1.446589e+01 1.000000e+00
      vertex   -4.148985e+01 -1.516586e+01 1.000000e+00
    endloop
  endfacet
  facet normal 0.000000e+00 0.000000e+00 -1.000000e+00
    outer loop
      vertex   -4.275000e+01 -1.626795e+01 1.000000e+00
      vertex   -4.148985e+01 -1.516586e+01 1.000000e+00
      vertex   -4.201795e+01 -1.700000e+01 1.000000e+00
    endloop
  endfacet
  facet normal 0.000000e+00 0.000000e+00 -1.000000e+00
    outer loop
      vertex   -4.201795e+01 -1.700000e+01 1.000000e+00
      vertex   -4.148985e+01 -1.516586e+01 1.000000e+00
      vertex   -4.048399e+01 -1.642717e+01 1.000000e+00
    endloop
  endfacet
  facet normal 0.000000e+00 0.000000e+00 -1.000000e+00
    outer loop
      vertex   -4.201795e+01 -1.700000e+01 1.000000e+00
      vertex   -4.048399e+01 -1.642717e+01 1.000000e+00
      vertex   -4.175000e+01 -1.800000e+01 1.000000e+00
    endloop
  endfacet
  facet normal 0.000000e+00 0.000000e+00 -1.000000e+00
    outer loop
      vertex   -4.175000e+01 -1.800000e+01 1.000000e+00
      vertex   -4.048399e+01 -1.642717e+01 1.000000e+00
      vertex   -4.012500e+01 -1.800000e+01 1.000000e+00
    endloop
  endfacet
  facet normal 0.000000e+00 0.000000e+00 -1.000000e+00
    outer loop
      vertex   -4.175000e+01 -1.800000e+01 1.000000e+00
      vertex   -4.012500e+01 -1.800000e+01 1.000000e+00
      vertex   -4.048399e+01 -1.957283e+01 1.000000e+00
    endloop
  endfacet
  facet normal 0.000000e+00 -0.000000e+00 -1.000000e+00
    outer loop
      vertex   -4.175000e+01 -1.800000e+01 1.000000e+00
      vertex   -4.048399e+01 -1.957283e+01 1.000000e+00
      vertex   -4.201795e+01 -1.900000e+01 1.000000e+00
    endloop
  endfacet
  facet normal 0.000000e+00 0.000000e+00 -1.000000e+00
    outer loop
      vertex   -4.201795e+01 -1.900000e+01 1.000000e+00
      vertex   -4.048399e+01 -1.957283e+01 1.000000e+00
      vertex   -4.148985e+01 -2.083414e+01 1.000000e+00
    endloop
  endfacet
  facet normal 0.000000e+00 -0.000000e+00 -1.000000e+00
    outer loop
      vertex   -4.201795e+01 -1.900000e+01 1.000000e+00
      vertex   -4.148985e+01 -2.083414e+01 1.000000e+00
      vertex   -4.275000e+01 -1.973205e+01 1.000000e+00
    endloop
  endfacet
  facet normal 0.000000e+00 -0.000000e+00 -1.000000e+00
    outer loop
      vertex   -4.275000e+01 -1.973205e+01 1.000000e+00
      vertex   -4.148985e+01 -2.083414e+01 1.000000e+00
      vertex   -4.294336e+01 -2.153411e+01 1.000000e+00
    endloop
  endfacet
  facet normal 0.000000e+00 0.000000e+00 -1.000000e+00
    outer loop
      vertex   -4.275000e+01 -1.973205e+01 1.000000e+00
      vertex   -4.294336e+01 -2.153411e+01 1.000000e+00
      vertex   -4.375000e+01 -2.000000e+01 1.000000e+00
    endloop
  endfacet
  facet normal 0.000000e+00 -0.000000e+00 -1.000000e+00
    outer loop
      vertex   -4.375000e+01 -2.000000e+01 1.000000e+00
      vertex   -4.294336e+01 -2.153411e+01 1.000000e+00
      vertex   -4.455664e+01 -2.153411e+01 1.000000e+00
    endloop
  endfacet
  facet normal -0.000000e+00 0.000000e+00 -1.000000e+00
    outer loop
      vertex   -4.375000e+01 -2.000000e+01 1.000000e+00
      vertex   -4.455664e+01 -2.153411e+01 1.000000e+00
      vertex   -4.475000e+01 -1.973205e+01 1.000000e+00
    endloop
  endfacet
  facet normal 0.000000e+00 -0.000000e+00 -1.000000e+00
    outer loop
      vertex   -4.475000e+01 -1.973205e+01 1.000000e+00
      vertex   -4.455664e+01 -2.153411e+01 1.000000e+00
      vertex   -4.601015e+01 -2.083414e+01 1.000000e+00
    endloop
  endfacet
  facet normal -0.000000e+00 0.000000e+00 -1.000000e+00
    outer loop
      vertex   -4.475000e+01 -1.973205e+01 1.000000e+00
      vertex   -4.601015e+01 -2.083414e+01 1.000000e+00
      vertex   -4.548205e+01 -1.900000e+01 1.000000e+00
    endloop
  endfacet
  facet normal 0.000000e+00 0.000000e+00 -1.000000e+00
    outer loop
      vertex   -4.548205e+01 -1.900000e+01 1.000000e+00
      vertex   -4.601015e+01 -2.083414e+01 1.000000e+00
      vertex   -4.701601e+01 -1.957283e+01 1.000000e+00
    endloop
  endfacet
  facet normal -0.000000e+00 0.000000e+00 -1.000000e+00
    outer loop
      vertex   -4.548205e+01 -1.900000e+01 1.000000e+00
      vertex   -4.701601e+01 -1.957283e+01 1.000000e+00
      vertex   -4.575000e+01 -1.800000e+01 1.000000e+00
    endloop
  endfacet
  facet normal 9.749279e-01 -2.225209e-01 0.000000e+00
    outer loop
      vertex   -4.701601e+01 -1.642717e+01 -3.000000e+00
      vertex   -4.701601e+01 -1.642717e+01 1.000000e+00
      vertex   -4.737500e+01 -1.800000e+01 -3.000000e+00
    endloop
  endfacet
  facet normal 9.749279e-01 -2.225209e-01 0.000000e+00
    outer loop
      vertex   -4.737500e+01 -1.800000e+01 -3.000000e+00
      vertex   -4.701601e+01 -1.642717e+01 1.000000e+00
      vertex   -4.737500e+01 -1.800000e+01 1.000000e+00
    endloop
  endfacet
  facet normal 9.749279e-01 2.225209e-01 -0.000000e+00
    outer loop
      vertex   -4.737500e+01 -1.800000e+01 -3.000000e+00
      vertex   -4.737500e+01 -1.800000e+01 1.000000e+00
      vertex   -4.701601e+01 -1.957283e+01 -3.000000e+00
    endloop
  endfacet
  facet normal 9.749279e-01 2.225209e-01 -0.000000e+00
    outer loop
      vertex   -4.701601e+01 -1.957283e+01 -3.000000e+00
      vertex   -4.737500e+01 -1.800000e+01 1.000000e+00
      vertex   -4.701601e+01 -1.957283e+01 1.000000e+00
    endloop
  endfacet
  facet normal 7.818315e-01 6.234898e-01 -0.000000e+00
    outer loop
      vertex   -4.701601e+01 -1.957283e+01 -3.000000e+00
      vertex   -4.701601e+01 -1.957283e+01 1.000000e+00
      vertex   -4.601015e+01 -2.083414e+01 -3.000000e+00
    endloop
  endfacet
  facet normal 7.818315e-01 6.234898e-01 -0.000000e+00
    outer loop
      vertex   -4.601015e+01 -2.083414e+01 -3.000000e+00
      vertex   -4.701601e+01 -1.957283e+01 1.000000e+00
      vertex   -4.601015e+01 -2.083414e+01 1.000000e+00
    endloop
  endfacet
  facet normal 4.338837e-01 9.009689e-01 -0.000000e+00
    outer loop
      vertex   -4.601015e+01 -2.083414e+01 -3.000000e+00
      vertex   -4.601015e+01 -2.083414e+01 1.000000e+00
      vertex   -4.455664e+01 -2.153411e+01 -3.000000e+00
    endloop
  endfacet
  facet normal 4.338837e-01 9.009689e-01 -0.000000e+00
    outer loop
      vertex   -4.455664e+01 -2.153411e+01 -3.000000e+00
      vertex   -4.601015e+01 -2.083414e+01 1.000000e+00
      vertex   -4.455664e+01 -2.153411e+01 1.000000e+00
    endloop
  endfacet
  facet normal 0.000000e+00 1.000000e+00 0.000000e+00
    outer loop
      vertex   -4.455664e+01 -2.153411e+01 -3.000000e+00
      vertex   -4.455664e+01 -2.153411e+01 1.000000e+00
      vertex   -4.294336e+01 -2.153411e+01 -3.000000e+00
    endloop
  endfacet
  facet normal 0.000000e+00 1.000000e+00 -0.000000e+00
    outer loop
      vertex   -4.294336e+01 -2.153411e+01 -3.000000e+00
      vertex   -4.455664e+01 -2.153411e+01 1.000000e+00
      vertex   -4.294336e+01 -2.153411e+01 1.000000e+00
    endloop
  endfacet
  facet normal -4.338837e-01 9.009689e-01 0.000000e+00
    outer loop
      vertex   -4.294336e+01 -2.153411e+01 -3.000000e+00
      vertex   -4.294336e+01 -2.153411e+01 1.000000e+00
      vertex   -4.148985e+01 -2.083414e+01 -3.000000e+00
    endloop
  endfacet
  facet normal -4.338837e-01 9.009689e-01 -8.002211e-16
    outer loop
      vertex   -4.148985e+01 -2.083414e+01 -3.000000e+00
      vertex   -4.294336e+01 -2.153411e+01 1.000000e+00
      vertex   -4.148985e+01 -2.083414e+01 1.000000e+00
    endloop
  endfacet
  facet normal -7.818315e-01 6.234898e-01 -5.537702e-16
    outer loop
      vertex   -4.148985e+01 -2.083414e+01 -3.000000e+00
      vertex   -4.148985e+01 -2.083414e+01 1.000000e+00
      vertex   -4.048399e+01 -1.957283e+01 -3.000000e+00
    endloop
  endfacet
  facet normal -7.818315e-01 6.234898e-01 0.000000e+00
    outer loop
      vertex   -4.048399e+01 -1.957283e+01 -3.000000e+00
      vertex   -4.148985e+01 -2.083414e+01 1.000000e+00
      vertex   -4.048399e+01 -1.957283e+01 1.000000e+00
    endloop
  endfacet
  facet normal -9.749279e-01 2.225209e-01 0.000000e+00
    outer loop
      vertex   -4.048399e+01 -1.957283e+01 -3.000000e+00
      vertex   -4.048399e+01 -1.957283e+01 1.000000e+00
      vertex   -4.012500e+01 -1.800000e+01 -3.000000e+00
    endloop
  endfacet
  facet normal -9.749279e-01 2.225209e-01 0.000000e+00
    outer loop
      vertex   -4.012500e+01 -1.800000e+01 -3.000000e+00
      vertex   -4.048399e+01 -1.957283e+01 1.000000e+00
      vertex   -4.012500e+01 -1.800000e+01 1.000000e+00
    endloop
  endfacet
  facet normal -9.749279e-01 -2.225209e-01 0.000000e+00
    outer loop
      vertex   -4.012500e+01 -1.800000e+01 -3.000000e+00
      vertex   -4.012500e+01 -1.800000e+01 1.000000e+00
      vertex   -4.048399e+01 -1.642717e+01 -3.000000e+00
    endloop
  endfacet
  facet normal -9.749279e-01 -2.225209e-01 0.000000e+00
    outer loop
      vertex   -4.048399e+01 -1.642717e+01 -3.000000e+00
      vertex   -4.012500e+01 -1.800000e+01 1.000000e+00
      vertex   -4.048399e+01 -1.642717e+01 1.000000e+00
    endloop
  endfacet
  facet normal -7.818315e-01 -6.234898e-01 0.000000e+00
    outer loop
      vertex   -4.048399e+01 -1.642717e+01 -3.000000e+00
      vertex   -4.048399e+01 -1.642717e+01 1.000000e+00
      vertex   -4.148985e+01 -1.516586e+01 -3.000000e+00
    endloop
  endfacet
  facet normal -7.818315e-01 -6.234898e-01 0.000000e+00
    outer loop
      vertex   -4.148985e+01 -1.516586e+01 -3.000000e+00
      vertex   -4.048399e+01 -1.642717e+01 1.000000e+00
      vertex   -4.148985e+01 -1.516586e+01 1.000000e+00
    endloop
  endfacet
  facet normal -4.338837e-01 -9.009689e-01 0.000000e+00
    outer loop
      vertex   -4.148985e+01 -1.516586e+01 -3.000000e+00
      vertex   -4.148985e+01 -1.516586e+01 1.000000e+00
      vertex   -4.294336e+01 -1.446589e+01 -3.000000e+00
    endloop
  endfacet
  facet normal -4.338837e-01 -9.009689e-01 0.000000e+00
    outer loop
      vertex   -4.294336e+01 -1.446589e+01 -3.000000e+00
      vertex   -4.148985e+01 -1.516586e+01 1.000000e+00
      vertex   -4.294336e+01 -1.446589e+01 1.000000e+00
    endloop
  endfacet
  facet normal 0.000000e+00 -1.000000e+00 0.000000e+00
    outer loop
      vertex   -4.294336e+01 -1.446589e+01 -3.000000e+00
      vertex   -4.294336e+01 -1.446589e+01 1.000000e+00
      vertex   -4.455664e+01 -1.446589e+01 -3.000000e+00
    endloop
  endfacet
  facet normal 0.000000e+00 -1.000000e+00 0.000000e+00
    outer loop
      vertex   -4.455664e+01 -1.446589e+01 -3.000000e+00
      vertex   -4.294336e+01 -1.446589e+01 1.000000e+00
      vertex   -4.455664e+01 -1.446589e+01 1.000000e+00
    endloop
  endfacet
  facet normal 4.338837e-01 -9.009689e-01 0.000000e+00
    outer loop
      vertex   -4.455664e+01 -1.446589e+01 -3.000000e+00
      vertex   -4.455664e+01 -1.446589e+01 1.000000e+00
      vertex   -4.601015e+01 -1.516586e+01 -3.000000e+00
    endloop
  endfacet
  facet normal 4.338837e-01 -9.009689e-01 0.000000e+00
    outer loop
      vertex   -4.601015e+01 -1.516586e+01 -3.000000e+00
      vertex   -4.455664e+01 -1.446589e+01 1.000000e+00
      vertex   -4.601015e+01 -1.516586e+01 1.000000e+00
    endloop
  endfacet
  facet normal 7.818315e-01 -6.234898e-01 0.000000e+00
    outer loop
      vertex   -4.601015e+01 -1.516586e+01 -3.000000e+00
      vertex   -4.601015e+01 -1.516586e+01 1.000000e+00
      vertex   -4.701601e+01 -1.642717e+01 -3.000000e+00
    endloop
  endfacet
  facet normal 7.818315e-01 -6.234898e-01 0.000000e+00
    outer loop
      vertex   -4.701601e+01 -1.642717e+01 -3.000000e+00
      vertex   -4.601015e+01 -1.516586e+01 1.000000e+00
      vertex   -4.701601e+01 -1.642717e+01 1.000000e+00
    endloop
  endfacet
  facet normal 0.000000e+00 0.000000e+00 -1.000000e+00
    outer loop
      vertex   -4.701601e+01 -5.957283e+01 1.000000e+00
      vertex   -4.737500e+01 -5.800000e+01 1.000000e+00
      vertex   -4.575000e+01 -5.800000e+01 1.000000e+00
    endloop
  endfacet
  facet normal 0.000000e+00 0.000000e+00 -1.000000e+00
    outer loop
      vertex   -4.575000e+01 -5.800000e+01 1.000000e+00
      vertex   -4.737500e+01 -5.800000e+01 1.000000e+00
      vertex   -4.701601e+01 -5.642717e+01 1.000000e+00
    endloop
  endfacet
  facet normal 0.000000e+00 0.000000e+00 -1.000000e+00
    outer loop
      vertex   -4.575000e+01 -5.800000e+01 1.000000e+00
      vertex   -4.701601e+01 -5.642717e+01 1.000000e+00
      vertex   -4.548205e+01 -5.700000e+01 1.000000e+00
    endloop
  endfacet
  facet normal 0.000000e+00 0.000000e+00 -1.000000e+00
    outer loop
      vertex   -4.548205e+01 -5.700000e+01 1.000000e+00
      vertex   -4.701601e+01 -5.642717e+01 1.000000e+00
      vertex   -4.601015e+01 -5.516586e+01 1.000000e+00
    endloop
  endfacet
  facet normal 0.000000e+00 0.000000e+00 -1.000000e+00
    outer loop
      vertex   -4.548205e+01 -5.700000e+01 1.000000e+00
      vertex   -4.601015e+01 -5.516586e+01 1.000000e+00
      vertex   -4.475000e+01 -5.626795e+01 1.000000e+00
    endloop
  endfacet
  facet normal 0.000000e+00 0.000000e+00 -1.000000e+00
    outer loop
      vertex   -4.475000e+01 -5.626795e+01 1.000000e+00
      vertex   -4.601015e+01 -5.516586e+01 1.000000e+00
      vertex   -4.455664e+01 -5.446589e+01 1.000000e+00
    endloop
  endfacet
  facet normal 0.000000e+00 0.000000e+00 -1.000000e+00
    outer loop
      vertex   -4.475000e+01 -5.626795e+01 1.000000e+00
      vertex   -4.455664e+01 -5.446589e+01 1.000000e+00
      vertex   -4.375000e+01 -5.600000e+01 1.000000e+00
    endloop
  endfacet
  facet normal 0.000000e+00 0.000000e+00 -1.000000e+00
    outer loop
      vertex   -4.375000e+01 -5.600000e+01 1.000000e+00
      vertex   -4.455664e+01 -5.446589e+01 1.000000e+00
      vertex   -4.294336e+01 -5.446589e+01 1.000000e+00
    endloop
  endfacet
  facet normal 0.000000e+00 0.000000e+00 -1.000000e+00
    outer loop
      vertex   -4.375000e+01 -5.600000e+01 1.000000e+00
      vertex   -4.294336e+01 -5.446589e+01 1.000000e+00
      vertex   -4.275000e+01 -5.626795e+01 1.000000e+00
    endloop
  endfacet
  facet normal 0.000000e+00 0.000000e+00 -1.000000e+00
    outer loop
      vertex   -4.275000e+01 -5.626795e+01 1.000000e+00
      vertex   -4.294336e+01 -5.446589e+01 1.000000e+00
      vertex   -4.148985e+01 -5.516586e+01 1.000000e+00
    endloop
  endfacet
  facet normal 0.000000e+00 0.000000e+00 -1.000000e+00
    outer loop
      vertex   -4.275000e+01 -5.626795e+01 1.000000e+00
      vertex   -4.148985e+01 -5.516586e+01 1.000000e+00
      vertex   -4.201795e+01 -5.700000e+01 1.000000e+00
    endloop
  endfacet
  facet normal 0.000000e+00 0.000000e+00 -1.000000e+00
    outer loop
      vertex   -4.201795e+01 -5.700000e+01 1.000000e+00
      vertex   -4.148985e+01 -5.516586e+01 1.000000e+00
      vertex   -4.048399e+01 -5.642717e+01 1.000000e+00
    endloop
  endfacet
  facet normal 0.000000e+00 0.000000e+00 -1.000000e+00
    outer loop
      vertex   -4.201795e+01 -5.700000e+01 1.000000e+00
      vertex   -4.048399e+01 -5.642717e+01 1.000000e+00
      vertex   -4.175000e+01 -5.800000e+01 1.000000e+00
    endloop
  endfacet
  facet normal 0.000000e+00 0.000000e+00 -1.000000e+00
    outer loop
      vertex   -4.175000e+01 -5.800000e+01 1.000000e+00
      vertex   -4.048399e+01 -5.642717e+01 1.000000e+00
      vertex   -4.012500e+01 -5.800000e+01 1.000000e+00
    endloop
  endfacet
  facet normal 0.000000e+00 0.000000e+00 -1.000000e+00
    outer loop
      vertex   -4.175000e+01 -5.800000e+01 1.000000e+00
      vertex   -4.012500e+01 -5.800000e+01 1.000000e+00
      vertex   -4.048399e+01 -5.957283e+01 1.000000e+00
    endloop
  endfacet
  facet normal 0.000000e+00 -0.000000e+00 -1.000000e+00
    outer loop
      vertex   -4.175000e+01 -5.800000e+01 1.000000e+00
      vertex   -4.048399e+01 -5.957283e+01 1.000000e+00
      vertex   -4.201795e+01 -5.900000e+01 1.000000e+00
    endloop
  endfacet
  facet normal 0.000000e+00 0.000000e+00 -1.000000e+00
    outer loop
      vertex   -4.201795e+01 -5.900000e+01 1.000000e+00
      vertex   -4.048399e+01 -5.957283e+01 1.000000e+00
      vertex   -4.148985e+01 -6.083414e+01 1.000000e+00
    endloop
  endfacet
  facet normal 0.000000e+00 -0.000000e+00 -1.000000e+00
    outer loop
      vertex   -4.201795e+01 -5.900000e+01 1.000000e+00
      vertex   -4.148985e+01 -6.083414e+01 1.000000e+00
      vertex   -4.275000e+01 -5.973205e+01 1.000000e+00
    endloop
  endfacet
  facet normal 0.000000e+00 -0.000000e+00 -1.000000e+00
    outer loop
      vertex   -4.275000e+01 -5.973205e+01 1.000000e+00
      vertex   -4.148985e+01 -6.083414e+01 1.000000e+00
      vertex   -4.294336e+01 -6.153411e+01 1.000000e+00
    endloop
  endfacet
  facet normal 0.000000e+00 0.000000e+00 -1.000000e+00
    outer loop
      vertex   -4.275000e+01 -5.973205e+01 1.000000e+00
      vertex   -4.294336e+01 -6.153411e+01 1.000000e+00
      vertex   -4.375000e+01 -6.000000e+01 1.000000e+00
    endloop
  endfacet
  facet normal 0.000000e+00 -0.000000e+00 -1.000000e+00
    outer loop
      vertex   -4.375000e+01 -6.000000e+01 1.000000e+00
      vertex   -4.294336e+01 -6.153411e+01 1.000000e+00
      vertex   -4.455664e+01 -6.153411e+01 1.000000e+00
    endloop
  endfacet
  facet normal -0.000000e+00 0.000000e+00 -1.000000e+00
    outer loop
      vertex   -4.375000e+01 -6.000000e+01 1.000000e+00
      vertex   -4.455664e+01 -6.153411e+01 1.000000e+00
      vertex   -4.475000e+01 -5.973205e+01 1.000000e+00
    endloop
  endfacet
  facet normal 0.000000e+00 -0.000000e+00 -1.000000e+00
    outer loop
      vertex   -4.475000e+01 -5.973205e+01 1.000000e+00
      vertex   -4.455664e+01 -6.153411e+01 1.000000e+00
      vertex   -4.601015e+01 -6.083414e+01 1.000000e+00
    endloop
  endfacet
  facet normal -0.000000e+00 0.000000e+00 -1.000000e+00
    outer loop
      vertex   -4.475000e+01 -5.973205e+01 1.000000e+00
      vertex   -4.601015e+01 -6.083414e+01 1.000000e+00
      vertex   -4.548205e+01 -5.900000e+01 1.000000e+00
    endloop
  endfacet
  facet normal 0.000000e+00 0.000000e+00 -1.000000e+00
    outer loop
      vertex   -4.548205e+01 -5.900000e+01 1.000000e+00
      vertex   -4.601015e+01 -6.083414e+01 1.000000e+00
      vertex   -4.701601e+01 -5.957283e+01 1.000000e+00
    endloop
  endfacet
  facet normal -0.000000e+00 0.000000e+00 -1.000000e+00
    outer loop
      vertex   -4.548205e+01 -5.900000e+01 1.000000e+00
      vertex   -4.701601e+01 -5.957283e+01 1.000000e+00
      vertex   -4.575000e+01 -5.800000e+01 1.000000e+00
    endloop
  endfacet
  facet normal 9.749279e-01 -2.225209e-01 0.000000e+00
    outer loop
      vertex   -4.701601e+01 -5.642717e+01 -3.000000e+00
      vertex   -4.701601e+01 -5.642717e+01 1.000000e+00
      vertex   -4.737500e+01 -5.800000e+01 -3.000000e+00
    endloop
  endfacet
  facet normal 9.749279e-01 -2.225209e-01 0.000000e+00
    outer loop
      vertex   -4.737500e+01 -5.800000e+01 -3.000000e+00
      vertex   -4.701601e+01 -5.642717e+01 1.000000e+00
      vertex   -4.737500e+01 -5.800000e+01 1.000000e+00
    endloop
  endfacet
  facet normal 9.749279e-01 2.225209e-01 -0.000000e+00
    outer loop
      vertex   -4.737500e+01 -5.800000e+01 -3.000000e+00
      vertex   -4.737500e+01 -5.800000e+01 1.000000e+00
      vertex   -4.701601e+01 -5.957283e+01 -3.000000e+00
    endloop
  endfacet
  facet normal 9.749279e-01 2.225209e-01 -0.000000e+00
    outer loop
      vertex   -4.701601e+01 -5.957283e+01 -3.000000e+00
      vertex   -4.737500e+01 -5.800000e+01 1.000000e+00
      vertex   -4.701601e+01 -5.957283e+01 1.000000e+00
    endloop
  endfacet
  facet normal 7.818315e-01 6.234898e-01 -0.000000e+00
    outer loop
      vertex   -4.701601e+01 -5.957283e+01 -3.000000e+00
      vertex   -4.701601e+01 -5.957283e+01 1.000000e+00
      vertex   -4.601015e+01 -6.083414e+01 -3.000000e+00
    endloop
  endfacet
  facet normal 7.818315e-01 6.234898e-01 -0.000000e+00
    outer loop
      vertex   -4.601015e+01 -6.083414e+01 -3.000000e+00
      vertex   -4.701601e+01 -5.957283e+01 1.000000e+00
      vertex   -4.601015e+01 -6.083414e+01 1.000000e+00
    endloop
  endfacet
  facet normal 4.338837e-01 9.009689e-01 -0.000000e+00
    outer loop
      vertex   -4.601015e+01 -6.083414e+01 -3.000000e+00
      vertex   -4.601015e+01 -6.083414e+01 1.000000e+00
      vertex   -4.455664e+01 -6.153411e+01 -3.000000e+00
    endloop
  endfacet
  facet normal 4.338837e-01 9.009689e-01 -0.000000e+00
    outer loop
      vertex   -4.455664e+01 -6.153411e+01 -3.000000e+00
      vertex   -4.601015e+01 -6.083414e+01 1.000000e+00
      vertex   -4.455664e+01 -6.153411e+01 1.000000e+00
    endloop
  endfacet
  facet normal 0.000000e+00 1.000000e+00 0.000000e+00
    outer loop
      vertex   -4.455664e+01 -6.153411e+01 -3.000000e+00
      vertex   -4.455664e+01 -6.153411e+01 1.000000e+00
      vertex   -4.294336e+01 -6.153411e+01 -3.000000e+00
    endloop
  endfacet
  facet normal 0.000000e+00 1.000000e+00 -0.000000e+00
    outer loop
      vertex   -4.294336e+01 -6.153411e+01 -3.000000e+00
      vertex   -4.455664e+01 -6.153411e+01 1.000000e+00
      vertex   -4.294336e+01 -6.153411e+01 1.000000e+00
    endloop
  endfacet
  facet normal -4.338837e-01 9.009689e-01 0.000000e+00
    outer loop
      vertex   -4.294336e+01 -6.153411e+01 -3.000000e+00
      vertex   -4.294336e+01 -6.153411e+01 1.000000e+00
      vertex   -4.148985e+01 -6.083414e+01 -3.000000e+00
    endloop
  endfacet
  facet normal -4.338837e-01 9.009689e-01 0.000000e+00
    outer loop
      vertex   -4.148985e+01 -6.083414e+01 -3.000000e+00
      vertex   -4.294336e+01 -6.153411e+01 1.000000e+00
      vertex   -4.148985e+01 -6.083414e+01 1.000000e+00
    endloop
  endfacet
  facet normal -7.818315e-01 6.234898e-01 0.000000e+00
    outer loop
      vertex   -4.148985e+01 -6.083414e+01 -3.000000e+00
      vertex   -4.148985e+01 -6.083414e+01 1.000000e+00
      vertex   -4.048399e+01 -5.957283e+01 -3.000000e+00
    endloop
  endfacet
  facet normal -7.818315e-01 6.234898e-01 0.000000e+00
    outer loop
      vertex   -4.048399e+01 -5.957283e+01 -3.000000e+00
      vertex   -4.148985e+01 -6.083414e+01 1.000000e+00
      vertex   -4.048399e+01 -5.957283e+01 1.000000e+00
    endloop
  endfacet
  facet normal -9.749279e-01 2.225209e-01 0.000000e+00
    outer loop
      vertex   -4.048399e+01 -5.957283e+01 -3.000000e+00
      vertex   -4.048399e+01 -5.957283e+01 1.000000e+00
      vertex   -4.012500e+01 -5.800000e+01 -3.000000e+00
    endloop
  endfacet
  facet normal -9.749279e-01 2.225209e-01 0.000000e+00
    outer loop
      vertex   -4.012500e+01 -5.800000e+01 -3.000000e+00
      vertex   -4.048399e+01 -5.957283e+01 1.000000e+00
      vertex   -4.012500e+01 -5.800000e+01 1.000000e+00
    endloop
  endfacet
  facet normal -9.749279e-01 -2.225209e-01 0.000000e+00
    outer loop
      vertex   -4.012500e+01 -5.800000e+01 -3.000000e+00
      vertex   -4.012500e+01 -5.800000e+01 1.000000e+00
      vertex   -4.048399e+01 -5.642717e+01 -3.000000e+00
    endloop
  endfacet
  facet normal -9.749279e-01 -2.225209e-01 0.000000e+00
    outer loop
      vertex   -4.048399e+01 -5.642717e+01 -3.000000e+00
      vertex   -4.012500e+01 -5.800000e+01 1.000000e+00
      vertex   -4.048399e+01 -5.642717e+01 1.000000e+00
    endloop
  endfacet
  facet normal -7.818315e-01 -6.234898e-01 0.000000e+00
    outer loop
      vertex   -4.048399e+01 -5.642717e+01 -3.000000e+00
      vertex   -4.048399e+01 -5.642717e+01 1.000000e+00
      vertex   -4.148985e+01 -5.516586e+01 -3.000000e+00
    endloop
  endfacet
  facet normal -7.818315e-01 -6.234898e-01 0.000000e+00
    outer loop
      vertex   -4.148985e+01 -5.516586e+01 -3.000000e+00
      vertex   -4.048399e+01 -5.642717e+01 1.000000e+00
      vertex   -4.148985e+01 -5.516586e+01 1.000000e+00
    endloop
  endfacet
  facet normal -4.338837e-01 -9.009689e-01 0.000000e+00
    outer loop
      vertex   -4.148985e+01 -5.516586e+01 -3.000000e+00
      vertex   -4.148985e+01 -5.516586e+01 1.000000e+00
      vertex   -4.294336e+01 -5.446589e+01 -3.000000e+00
    endloop
  endfacet
  facet normal -4.338837e-01 -9.009689e-01 0.000000e+00
    outer loop
      vertex   -4.294336e+01 -5.446589e+01 -3.000000e+00
      vertex   -4.148985e+01 -5.516586e+01 1.000000e+00
      vertex   -4.294336e+01 -5.446589e+01 1.000000e+00
    endloop
  endfacet
  facet normal 0.000000e+00 -1.000000e+00 0.000000e+00
    outer loop
      vertex   -4.294336e+01 -5.446589e+01 -3.000000e+00
      vertex   -4.294336e+01 -5.446589e+01 1.000000e+00
      vertex   -4.455664e+01 -5.446589e+01 -3.000000e+00
    endloop
  endfacet
  facet normal 0.000000e+00 -1.000000e+00 0.000000e+00
    outer loop
      vertex   -4.455664e+01 -5.446589e+01 -3.000000e+00
      vertex   -4.294336e+01 -5.446589e+01 1.000000e+00
      vertex   -4.455664e+01 -5.446589e+01 1.000000e+00
    endloop
  endfacet
  facet normal 4.338837e-01 -9.009689e-01 0.000000e+00
    outer loop
      vertex   -4.455664e+01 -5.446589e+01 -3.000000e+00
      vertex   -4.455664e+01 -5.446589e+01 1.000000e+00
      vertex   -4.601015e+01 -5.516586e+01 -3.000000e+00
    endloop
  endfacet
  facet normal 4.338837e-01 -9.009689e-01 0.000000e+00
    outer loop
      vertex   -4.601015e+01 -5.516586e+01 -3.000000e+00
      vertex   -4.455664e+01 -5.446589e+01 1.000000e+00
      vertex   -4.601015e+01 -5.516586e+01 1.000000e+00
    endloop
  endfacet
  facet normal 7.818315e-01 -6.234898e-01 0.000000e+00
    outer loop
      vertex   -4.601015e+01 -5.516586e+01 -3.000000e+00
      vertex   -4.601015e+01 -5.516586e+01 1.000000e+00
      vertex   -4.701601e+01 -5.642717e+01 -3.000000e+00
    endloop
  endfacet
  facet normal 7.818315e-01 -6.234898e-01 0.000000e+00
    outer loop
      vertex   -4.701601e+01 -5.642717e+01 -3.000000e+00
      vertex   -4.601015e+01 -5.516586e+01 1.000000e+00
      vertex   -4.701601e+01 -5.642717e+01 1.000000e+00
    endloop
  endfacet
  facet normal 9.659258e-01 -2.588190e-01 0.000000e+00
    outer loop
      vertex   1.532596e+01 -6.025000e+01 2.000000e+00
      vertex   1.532596e+01 -6.025000e+01 8.000000e+00
      vertex   1.512500e+01 -6.100000e+01 2.000000e+00
    endloop
  endfacet
  facet normal 9.659258e-01 -2.588190e-01 0.000000e+00
    outer loop
      vertex   1.512500e+01 -6.100000e+01 2.000000e+00
      vertex   1.532596e+01 -6.025000e+01 8.000000e+00
      vertex   1.512500e+01 -6.100000e+01 8.000000e+00
    endloop
  endfacet
  facet normal 9.659258e-01 2.588190e-01 -0.000000e+00
    outer loop
      vertex   1.512500e+01 -6.100000e+01 2.000000e+00
      vertex   1.512500e+01 -6.100000e+01 8.000000e+00
      vertex   1.532596e+01 -6.175000e+01 2.000000e+00
    endloop
  endfacet
  facet normal 9.659258e-01 2.588190e-01 -0.000000e+00
    outer loop
      vertex   1.532596e+01 -6.175000e+01 2.000000e+00
      vertex   1.512500e+01 -6.100000e+01 8.000000e+00
      vertex   1.532596e+01 -6.175000e+01 8.000000e+00
    endloop
  endfacet
  facet normal 7.071068e-01 7.071068e-01 -0.000000e+00
    outer loop
      vertex   1.532596e+01 -6.175000e+01 2.000000e+00
      vertex   1.532596e+01 -6.175000e+01 8.000000e+00
      vertex   1.587500e+01 -6.229904e+01 2.000000e+00
    endloop
  endfacet
  facet normal 7.071068e-01 7.071068e-01 -0.000000e+00
    outer loop
      vertex   1.587500e+01 -6.229904e+01 2.000000e+00
      vertex   1.532596e+01 -6.175000e+01 8.000000e+00
      vertex   1.587500e+01 -6.229904e+01 8.000000e+00
    endloop
  endfacet
  facet normal 2.588190e-01 9.659258e-01 -0.000000e+00
    outer loop
      vertex   1.587500e+01 -6.229904e+01 2.000000e+00
      vertex   1.587500e+01 -6.229904e+01 8.000000e+00
      vertex   1.662500e+01 -6.250000e+01 2.000000e+00
    endloop
  endfacet
  facet normal 2.588190e-01 9.659258e-01 -0.000000e+00
    outer loop
      vertex   1.662500e+01 -6.250000e+01 2.000000e+00
      vertex   1.587500e+01 -6.229904e+01 8.000000e+00
      vertex   1.662500e+01 -6.250000e+01 8.000000e+00
    endloop
  endfacet
  facet normal -2.588190e-01 9.659258e-01 0.000000e+00
    outer loop
      vertex   1.662500e+01 -6.250000e+01 2.000000e+00
      vertex   1.662500e+01 -6.250000e+01 8.000000e+00
      vertex   1.737500e+01 -6.229904e+01 2.000000e+00
    endloop
  endfacet
  facet normal -2.588190e-01 9.659258e-01 0.000000e+00
    outer loop
      vertex   1.737500e+01 -6.229904e+01 2.000000e+00
      vertex   1.662500e+01 -6.250000e+01 8.000000e+00
      vertex   1.737500e+01 -6.229904e+01 8.000000e+00
    endloop
  endfacet
  facet normal -7.071068e-01 7.071068e-01 0.000000e+00
    outer loop
      vertex   1.737500e+01 -6.229904e+01 2.000000e+00
      vertex   1.737500e+01 -6.229904e+01 8.000000e+00
      vertex   1.792404e+01 -6.175000e+01 2.000000e+00
    endloop
  endfacet
  facet normal -7.071068e-01 7.071068e-01 0.000000e+00
    outer loop
      vertex   1.792404e+01 -6.175000e+01 2.000000e+00
      vertex   1.737500e+01 -6.229904e+01 8.000000e+00
      vertex   1.792404e+01 -6.175000e+01 8.000000e+00
    endloop
  endfacet
  facet normal -9.659258e-01 2.588190e-01 0.000000e+00
    outer loop
      vertex   1.792404e+01 -6.175000e+01 2.000000e+00
      vertex   1.792404e+01 -6.175000e+01 8.000000e+00
      vertex   1.812500e+01 -6.100000e+01 2.000000e+00
    endloop
  endfacet
  facet normal -9.659258e-01 2.588190e-01 0.000000e+00
    outer loop
      vertex   1.812500e+01 -6.100000e+01 2.000000e+00
      vertex   1.792404e+01 -6.175000e+01 8.000000e+00
      vertex   1.812500e+01 -6.100000e+01 8.000000e+00
    endloop
  endfacet
  facet normal -9.659258e-01 -2.588190e-01 0.000000e+00
    outer loop
      vertex   1.812500e+01 -6.100000e+01 2.000000e+00
      vertex   1.812500e+01 -6.100000e+01 8.000000e+00
      vertex   1.792404e+01 -6.025000e+01 2.000000e+00
    endloop
  endfacet
  facet normal -9.659258e-01 -2.588190e-01 0.000000e+00
    outer loop
      vertex   1.792404e+01 -6.025000e+01 2.000000e+00
      vertex   1.812500e+01 -6.100000e+01 8.000000e+00
      vertex   1.792404e+01 -6.025000e+01 8.000000e+00
    endloop
  endfacet
  facet normal -7.071068e-01 -7.071068e-01 0.000000e+00
    outer loop
      vertex   1.792404e+01 -6.025000e+01 2.000000e+00
      vertex   1.792404e+01 -6.025000e+01 8.000000e+00
      vertex   1.737500e+01 -5.970096e+01 2.000000e+00
    endloop
  endfacet
  facet normal -7.071068e-01 -7.071068e-01 0.000000e+00
    outer loop
      vertex   1.737500e+01 -5.970096e+01 2.000000e+00
      vertex   1.792404e+01 -6.025000e+01 8.000000e+00
      vertex   1.737500e+01 -5.970096e+01 8.000000e+00
    endloop
  endfacet
  facet normal -2.588190e-01 -9.659258e-01 0.000000e+00
    outer loop
      vertex   1.737500e+01 -5.970096e+01 2.000000e+00
      vertex   1.737500e+01 -5.970096e+01 8.000000e+00
      vertex   1.662500e+01 -5.950000e+01 2.000000e+00
    endloop
  endfacet
  facet normal -2.588190e-01 -9.659258e-01 0.000000e+00
    outer loop
      vertex   1.662500e+01 -5.950000e+01 2.000000e+00
      vertex   1.737500e+01 -5.970096e+01 8.000000e+00
      vertex   1.662500e+01 -5.950000e+01 8.000000e+00
    endloop
  endfacet
  facet normal 2.588190e-01 -9.659258e-01 0.000000e+00
    outer loop
      vertex   1.662500e+01 -5.950000e+01 2.000000e+00
      vertex   1.662500e+01 -5.950000e+01 8.000000e+00
      vertex   1.587500e+01 -5.970096e+01 2.000000e+00
    endloop
  endfacet
  facet normal 2.588190e-01 -9.659258e-01 7.662583e-17
    outer loop
      vertex   1.587500e+01 -5.970096e+01 2.000000e+00
      vertex   1.662500e+01 -5.950000e+01 8.000000e+00
      vertex   1.587500e+01 -5.970096e+01 8.000000e+00
    endloop
  endfacet
  facet normal 7.071068e-01 -7.071068e-01 2.093457e-16
    outer loop
      vertex   1.587500e+01 -5.970096e+01 2.000000e+00
      vertex   1.587500e+01 -5.970096e+01 8.000000e+00
      vertex   1.532596e+01 -6.025000e+01 2.000000e+00
    endloop
  endfacet
  facet normal 7.071068e-01 -7.071068e-01 0.000000e+00
    outer loop
      vertex   1.532596e+01 -6.025000e+01 2.000000e+00
      vertex   1.587500e+01 -5.970096e+01 8.000000e+00
      vertex   1.532596e+01 -6.025000e+01 8.000000e+00
    endloop
  endfacet
  facet normal 7.071068e-01 -7.071068e-01 0.000000e+00
    outer loop
      vertex   -3.962500e+01 -5.500000e+01 2.000000e+00
      vertex   -3.962500e+01 -5.500000e+01 -3.000000e+00
      vertex   -2.962500e+01 -4.500000e+01 2.000000e+00
    endloop
  endfacet
  facet normal 7.071068e-01 -7.071068e-01 0.000000e+00
    outer loop
      vertex   -2.962500e+01 -4.500000e+01 2.000000e+00
      vertex   -3.962500e+01 -5.500000e+01 -3.000000e+00
      vertex   -2.962500e+01 -4.500000e+01 -3.000000e+00
    endloop
  endfacet
  facet normal 0.000000e+00 -1.000000e+00 0.000000e+00
    outer loop
      vertex   -2.962500e+01 -4.500000e+01 -3.000000e+00
      vertex   4.137500e+01 -4.500000e+01 -3.000000e+00
      vertex   -2.962500e+01 -4.500000e+01 2.000000e+00
    endloop
  endfacet
  facet normal 0.000000e+00 -1.000000e+00 0.000000e+00
    outer loop
      vertex   -2.962500e+01 -4.500000e+01 2.000000e+00
      vertex   4.137500e+01 -4.500000e+01 -3.000000e+00
      vertex   4.137500e+01 -4.500000e+01 2.000000e+00
    endloop
  endfacet
  facet normal -9.659258e-01 -2.588190e-01 -1.429857e-16
    outer loop
      vertex   -1.517949e+00 -5.400000e+01 8.000000e+00
      vertex   -1.517949e+00 -5.400000e+01 2.000000e+00
      vertex   -1.250000e+00 -5.500000e+01 8.000000e+00
    endloop
  endfacet
  facet normal -9.659258e-01 -2.588190e-01 -0.000000e+00
    outer loop
      vertex   -1.250000e+00 -5.500000e+01 8.000000e+00
      vertex   -1.517949e+00 -5.400000e+01 2.000000e+00
      vertex   -1.250000e+00 -5.500000e+01 2.000000e+00
    endloop
  endfacet
  facet normal -9.659258e-01 2.588190e-01 0.000000e+00
    outer loop
      vertex   -1.250000e+00 -5.500000e+01 8.000000e+00
      vertex   -1.250000e+00 -5.500000e+01 2.000000e+00
      vertex   -1.517949e+00 -5.600000e+01 8.000000e+00
    endloop
  endfacet
  facet normal -9.659258e-01 2.588190e-01 1.072393e-16
    outer loop
      vertex   -1.517949e+00 -5.600000e+01 8.000000e+00
      vertex   -1.250000e+00 -5.500000e+01 2.000000e+00
      vertex   -1.517949e+00 -5.600000e+01 2.000000e+00
    endloop
  endfacet
  facet normal -7.071068e-01 7.071068e-01 7.850462e-17
    outer loop
      vertex   -1.517949e+00 -5.600000e+01 8.000000e+00
      vertex   -1.517949e+00 -5.600000e+01 2.000000e+00
      vertex   -2.250000e+00 -5.673205e+01 8.000000e+00
    endloop
  endfacet
  facet normal -7.071068e-01 7.071068e-01 5.233642e-17
    outer loop
      vertex   -2.250000e+00 -5.673205e+01 8.000000e+00
      vertex   -1.517949e+00 -5.600000e+01 2.000000e+00
      vertex   -2.250000e+00 -5.673205e+01 2.000000e+00
    endloop
  endfacet
  facet normal -2.588190e-01 9.659258e-01 1.915646e-17
    outer loop
      vertex   -2.250000e+00 -5.673205e+01 8.000000e+00
      vertex   -2.250000e+00 -5.673205e+01 2.000000e+00
      vertex   -3.250000e+00 -5.700000e+01 8.000000e+00
    endloop
  endfacet
  facet normal -2.588190e-01 9.659258e-01 0.000000e+00
    outer loop
      vertex   -3.250000e+00 -5.700000e+01 8.000000e+00
      vertex   -2.250000e+00 -5.673205e+01 2.000000e+00
      vertex   -3.250000e+00 -5.700000e+01 2.000000e+00
    endloop
  endfacet
  facet normal 2.588190e-01 9.659258e-01 0.000000e+00
    outer loop
      vertex   -3.250000e+00 -5.700000e+01 8.000000e+00
      vertex   -3.250000e+00 -5.700000e+01 2.000000e+00
      vertex   -4.250000e+00 -5.673205e+01 8.000000e+00
    endloop
  endfacet
  facet normal 2.588190e-01 9.659258e-01 0.000000e+00
    outer loop
      vertex   -4.250000e+00 -5.673205e+01 8.000000e+00
      vertex   -3.250000e+00 -5.700000e+01 2.000000e+00
      vertex   -4.250000e+00 -5.673205e+01 2.000000e+00
    endloop
  endfacet
  facet normal 7.071068e-01 7.071068e-01 0.000000e+00
    outer loop
      vertex   -4.250000e+00 -5.673205e+01 8.000000e+00
      vertex   -4.250000e+00 -5.673205e+01 2.000000e+00
      vertex   -4.982051e+00 -5.600000e+01 8.000000e+00
    endloop
  endfacet
  facet normal 7.071068e-01 7.071068e-01 -1.046728e-16
    outer loop
      vertex   -4.982051e+00 -5.600000e+01 8.000000e+00
      vertex   -4.250000e+00 -5.673205e+01 2.000000e+00
      vertex   -4.982051e+00 -5.600000e+01 2.000000e+00
    endloop
  endfacet
  facet normal 9.659258e-01 2.588190e-01 -1.429857e-16
    outer loop
      vertex   -4.982051e+00 -5.600000e+01 8.000000e+00
      vertex   -4.982051e+00 -5.600000e+01 2.000000e+00
      vertex   -5.250000e+00 -5.500000e+01 8.000000e+00
    endloop
  endfacet
  facet normal 9.659258e-01 2.588190e-01 0.000000e+00
    outer loop
      vertex   -5.250000e+00 -5.500000e+01 8.000000e+00
      vertex   -4.982051e+00 -5.600000e+01 2.000000e+00
      vertex   -5.250000e+00 -5.500000e+01 2.000000e+00
    endloop
  endfacet
  facet normal 9.659258e-01 -2.588190e-01 0.000000e+00
    outer loop
      vertex   -5.250000e+00 -5.500000e+01 8.000000e+00
      vertex   -5.250000e+00 -5.500000e+01 2.000000e+00
      vertex   -4.982051e+00 -5.400000e+01 8.000000e+00
    endloop
  endfacet
  facet normal 9.659258e-01 -2.588190e-01 1.429857e-16
    outer loop
      vertex   -4.982051e+00 -5.400000e+01 8.000000e+00
      vertex   -5.250000e+00 -5.500000e+01 2.000000e+00
      vertex   -4.982051e+00 -5.400000e+01 2.000000e+00
    endloop
  endfacet
  facet normal 7.071068e-01 -7.071068e-01 1.046728e-16
    outer loop
      vertex   -4.982051e+00 -5.400000e+01 8.000000e+00
      vertex   -4.982051e+00 -5.400000e+01 2.000000e+00
      vertex   -4.250000e+00 -5.326795e+01 8.000000e+00
    endloop
  endfacet
  facet normal 7.071068e-01 -7.071068e-01 3.140185e-16
    outer loop
      vertex   -4.250000e+00 -5.326795e+01 8.000000e+00
      vertex   -4.982051e+00 -5.400000e+01 2.000000e+00
      vertex   -4.250000e+00 -5.326795e+01 2.000000e+00
    endloop
  endfacet
  facet normal 2.588190e-01 -9.659258e-01 1.149387e-16
    outer loop
      vertex   -4.250000e+00 -5.326795e+01 8.000000e+00
      vertex   -4.250000e+00 -5.326795e+01 2.000000e+00
      vertex   -3.250000e+00 -5.300000e+01 8.000000e+00
    endloop
  endfacet
  facet normal 2.588190e-01 -9.659258e-01 1.915646e-17
    outer loop
      vertex   -3.250000e+00 -5.300000e+01 8.000000e+00
      vertex   -4.250000e+00 -5.326795e+01 2.000000e+00
      vertex   -3.250000e+00 -5.300000e+01 2.000000e+00
    endloop
  endfacet
  facet normal -2.588190e-01 -9.659258e-01 -1.915646e-17
    outer loop
      vertex   -3.250000e+00 -5.300000e+01 8.000000e+00
      vertex   -3.250000e+00 -5.300000e+01 2.000000e+00
      vertex   -2.250000e+00 -5.326795e+01 8.000000e+00
    endloop
  endfacet
  facet normal -2.588190e-01 -9.659258e-01 -9.578229e-17
    outer loop
      vertex   -2.250000e+00 -5.326795e+01 8.000000e+00
      vertex   -3.250000e+00 -5.300000e+01 2.000000e+00
      vertex   -2.250000e+00 -5.326795e+01 2.000000e+00
    endloop
  endfacet
  facet normal -7.071068e-01 -7.071068e-01 -2.616821e-16
    outer loop
      vertex   -2.250000e+00 -5.326795e+01 8.000000e+00
      vertex   -2.250000e+00 -5.326795e+01 2.000000e+00
      vertex   -1.517949e+00 -5.400000e+01 8.000000e+00
    endloop
  endfacet
  facet normal -7.071068e-01 -7.071068e-01 -1.046728e-16
    outer loop
      vertex   -1.517949e+00 -5.400000e+01 8.000000e+00
      vertex   -2.250000e+00 -5.326795e+01 2.000000e+00
      vertex   -1.517949e+00 -5.400000e+01 2.000000e+00
    endloop
  endfacet
  facet normal -9.659258e-01 -2.588190e-01 -0.000000e+00
    outer loop
      vertex   2.823205e+01 -5.400000e+01 8.000000e+00
      vertex   2.823205e+01 -5.400000e+01 2.000000e+00
      vertex   2.850000e+01 -5.500000e+01 8.000000e+00
    endloop
  endfacet
  facet normal -9.659258e-01 -2.588190e-01 -0.000000e+00
    outer loop
      vertex   2.850000e+01 -5.500000e+01 8.000000e+00
      vertex   2.823205e+01 -5.400000e+01 2.000000e+00
      vertex   2.850000e+01 -5.500000e+01 2.000000e+00
    endloop
  endfacet
  facet normal -9.659258e-01 2.588190e-01 0.000000e+00
    outer loop
      vertex   2.850000e+01 -5.500000e+01 8.000000e+00
      vertex   2.850000e+01 -5.500000e+01 2.000000e+00
      vertex   2.823205e+01 -5.600000e+01 8.000000e+00
    endloop
  endfacet
  facet normal -9.659258e-01 2.588190e-01 0.000000e+00
    outer loop
      vertex   2.823205e+01 -5.600000e+01 8.000000e+00
      vertex   2.850000e+01 -5.500000e+01 2.000000e+00
      vertex   2.823205e+01 -5.600000e+01 2.000000e+00
    endloop
  endfacet
  facet normal -7.071068e-01 7.071068e-01 0.000000e+00
    outer loop
      vertex   2.823205e+01 -5.600000e+01 8.000000e+00
      vertex   2.823205e+01 -5.600000e+01 2.000000e+00
      vertex   2.750000e+01 -5.673205e+01 8.000000e+00
    endloop
  endfacet
  facet normal -7.071068e-01 7.071068e-01 0.000000e+00
    outer loop
      vertex   2.750000e+01 -5.673205e+01 8.000000e+00
      vertex   2.823205e+01 -5.600000e+01 2.000000e+00
      vertex   2.750000e+01 -5.673205e+01 2.000000e+00
    endloop
  endfacet
  facet normal -2.588190e-01 9.659258e-01 0.000000e+00
    outer loop
      vertex   2.750000e+01 -5.673205e+01 8.000000e+00
      vertex   2.750000e+01 -5.673205e+01 2.000000e+00
      vertex   2.650000e+01 -5.700000e+01 8.000000e+00
    endloop
  endfacet
  facet normal -2.588190e-01 9.659258e-01 0.000000e+00
    outer loop
      vertex   2.650000e+01 -5.700000e+01 8.000000e+00
      vertex   2.750000e+01 -5.673205e+01 2.000000e+00
      vertex   2.650000e+01 -5.700000e+01 2.000000e+00
    endloop
  endfacet
  facet normal 2.588190e-01 9.659258e-01 0.000000e+00
    outer loop
      vertex   2.650000e+01 -5.700000e+01 8.000000e+00
      vertex   2.650000e+01 -5.700000e+01 2.000000e+00
      vertex   2.550000e+01 -5.673205e+01 8.000000e+00
    endloop
  endfacet
  facet normal 2.588190e-01 9.659258e-01 0.000000e+00
    outer loop
      vertex   2.550000e+01 -5.673205e+01 8.000000e+00
      vertex   2.650000e+01 -5.700000e+01 2.000000e+00
      vertex   2.550000e+01 -5.673205e+01 2.000000e+00
    endloop
  endfacet
  facet normal 7.071068e-01 7.071068e-01 0.000000e+00
    outer loop
      vertex   2.550000e+01 -5.673205e+01 8.000000e+00
      vertex   2.550000e+01 -5.673205e+01 2.000000e+00
      vertex   2.476795e+01 -5.600000e+01 8.000000e+00
    endloop
  endfacet
  facet normal 7.071068e-01 7.071068e-01 0.000000e+00
    outer loop
      vertex   2.476795e+01 -5.600000e+01 8.000000e+00
      vertex   2.550000e+01 -5.673205e+01 2.000000e+00
      vertex   2.476795e+01 -5.600000e+01 2.000000e+00
    endloop
  endfacet
  facet normal 9.659258e-01 2.588190e-01 0.000000e+00
    outer loop
      vertex   2.476795e+01 -5.600000e+01 8.000000e+00
      vertex   2.476795e+01 -5.600000e+01 2.000000e+00
      vertex   2.450000e+01 -5.500000e+01 8.000000e+00
    endloop
  endfacet
  facet normal 9.659258e-01 2.588190e-01 0.000000e+00
    outer loop
      vertex   2.450000e+01 -5.500000e+01 8.000000e+00
      vertex   2.476795e+01 -5.600000e+01 2.000000e+00
      vertex   2.450000e+01 -5.500000e+01 2.000000e+00
    endloop
  endfacet
  facet normal 9.659258e-01 -2.588190e-01 0.000000e+00
    outer loop
      vertex   2.450000e+01 -5.500000e+01 8.000000e+00
      vertex   2.450000e+01 -5.500000e+01 2.000000e+00
      vertex   2.476795e+01 -5.400000e+01 8.000000e+00
    endloop
  endfacet
  facet normal 9.659258e-01 -2.588190e-01 0.000000e+00
    outer loop
      vertex   2.476795e+01 -5.400000e+01 8.000000e+00
      vertex   2.450000e+01 -5.500000e+01 2.000000e+00
      vertex   2.476795e+01 -5.400000e+01 2.000000e+00
    endloop
  endfacet
  facet normal 7.071068e-01 -7.071068e-01 0.000000e+00
    outer loop
      vertex   2.476795e+01 -5.400000e+01 8.000000e+00
      vertex   2.476795e+01 -5.400000e+01 2.000000e+00
      vertex   2.550000e+01 -5.326795e+01 8.000000e+00
    endloop
  endfacet
  facet normal 7.071068e-01 -7.071068e-01 0.000000e+00
    outer loop
      vertex   2.550000e+01 -5.326795e+01 8.000000e+00
      vertex   2.476795e+01 -5.400000e+01 2.000000e+00
      vertex   2.550000e+01 -5.326795e+01 2.000000e+00
    endloop
  endfacet
  facet normal 2.588190e-01 -9.659258e-01 0.000000e+00
    outer loop
      vertex   2.550000e+01 -5.326795e+01 8.000000e+00
      vertex   2.550000e+01 -5.326795e+01 2.000000e+00
      vertex   2.650000e+01 -5.300000e+01 8.000000e+00
    endloop
  endfacet
  facet normal 2.588190e-01 -9.659258e-01 0.000000e+00
    outer loop
      vertex   2.650000e+01 -5.300000e+01 8.000000e+00
      vertex   2.550000e+01 -5.326795e+01 2.000000e+00
      vertex   2.650000e+01 -5.300000e+01 2.000000e+00
    endloop
  endfacet
  facet normal -2.588190e-01 -9.659258e-01 -0.000000e+00
    outer loop
      vertex   2.650000e+01 -5.300000e+01 8.000000e+00
      vertex   2.650000e+01 -5.300000e+01 2.000000e+00
      vertex   2.750000e+01 -5.326795e+01 8.000000e+00
    endloop
  endfacet
  facet normal -2.588190e-01 -9.659258e-01 -0.000000e+00
    outer loop
      vertex   2.750000e+01 -5.326795e+01 8.000000e+00
      vertex   2.650000e+01 -5.300000e+01 2.000000e+00
      vertex   2.750000e+01 -5.326795e+01 2.000000e+00
    endloop
  endfacet
  facet normal -7.071068e-01 -7.071068e-01 -0.000000e+00
    outer loop
      vertex   2.750000e+01 -5.326795e+01 8.000000e+00
      vertex   2.750000e+01 -5.326795e+01 2.000000e+00
      vertex   2.823205e+01 -5.400000e+01 8.000000e+00
    endloop
  endfacet
  facet normal -7.071068e-01 -7.071068e-01 -0.000000e+00
    outer loop
      vertex   2.823205e+01 -5.400000e+01 8.000000e+00
      vertex   2.750000e+01 -5.326795e+01 2.000000e+00
      vertex   2.823205e+01 -5.400000e+01 2.000000e+00
    endloop
  endfacet
  facet normal -9.659258e-01 -2.588190e-01 -0.000000e+00
    outer loop
      vertex   -3.126795e+01 -5.400000e+01 8.000000e+00
      vertex   -3.126795e+01 -5.400000e+01 2.000000e+00
      vertex   -3.100000e+01 -5.500000e+01 8.000000e+00
    endloop
  endfacet
  facet normal -9.659258e-01 -2.588190e-01 -0.000000e+00
    outer loop
      vertex   -3.100000e+01 -5.500000e+01 8.000000e+00
      vertex   -3.126795e+01 -5.400000e+01 2.000000e+00
      vertex   -3.100000e+01 -5.500000e+01 2.000000e+00
    endloop
  endfacet
  facet normal -9.659258e-01 2.588190e-01 0.000000e+00
    outer loop
      vertex   -3.100000e+01 -5.500000e+01 8.000000e+00
      vertex   -3.100000e+01 -5.500000e+01 2.000000e+00
      vertex   -3.126795e+01 -5.600000e+01 8.000000e+00
    endloop
  endfacet
  facet normal -9.659258e-01 2.588190e-01 0.000000e+00
    outer loop
      vertex   -3.126795e+01 -5.600000e+01 8.000000e+00
      vertex   -3.100000e+01 -5.500000e+01 2.000000e+00
      vertex   -3.126795e+01 -5.600000e+01 2.000000e+00
    endloop
  endfacet
  facet normal -7.071068e-01 7.071068e-01 0.000000e+00
    outer loop
      vertex   -3.126795e+01 -5.600000e+01 8.000000e+00
      vertex   -3.126795e+01 -5.600000e+01 2.000000e+00
      vertex   -3.200000e+01 -5.673205e+01 8.000000e+00
    endloop
  endfacet
  facet normal -7.071068e-01 7.071068e-01 0.000000e+00
    outer loop
      vertex   -3.200000e+01 -5.673205e+01 8.000000e+00
      vertex   -3.126795e+01 -5.600000e+01 2.000000e+00
      vertex   -3.200000e+01 -5.673205e+01 2.000000e+00
    endloop
  endfacet
  facet normal -2.588190e-01 9.659258e-01 0.000000e+00
    outer loop
      vertex   -3.200000e+01 -5.673205e+01 8.000000e+00
      vertex   -3.200000e+01 -5.673205e+01 2.000000e+00
      vertex   -3.300000e+01 -5.700000e+01 8.000000e+00
    endloop
  endfacet
  facet normal -2.588190e-01 9.659258e-01 0.000000e+00
    outer loop
      vertex   -3.300000e+01 -5.700000e+01 8.000000e+00
      vertex   -3.200000e+01 -5.673205e+01 2.000000e+00
      vertex   -3.300000e+01 -5.700000e+01 2.000000e+00
    endloop
  endfacet
  facet normal 2.588190e-01 9.659258e-01 0.000000e+00
    outer loop
      vertex   -3.300000e+01 -5.700000e+01 8.000000e+00
      vertex   -3.300000e+01 -5.700000e+01 2.000000e+00
      vertex   -3.400000e+01 -5.673205e+01 8.000000e+00
    endloop
  endfacet
  facet normal 2.588190e-01 9.659258e-01 0.000000e+00
    outer loop
      vertex   -3.400000e+01 -5.673205e+01 8.000000e+00
      vertex   -3.300000e+01 -5.700000e+01 2.000000e+00
      vertex   -3.400000e+01 -5.673205e+01 2.000000e+00
    endloop
  endfacet
  facet normal 7.071068e-01 7.071068e-01 0.000000e+00
    outer loop
      vertex   -3.400000e+01 -5.673205e+01 8.000000e+00
      vertex   -3.400000e+01 -5.673205e+01 2.000000e+00
      vertex   -3.473205e+01 -5.600000e+01 8.000000e+00
    endloop
  endfacet
  facet normal 7.071068e-01 7.071068e-01 0.000000e+00
    outer loop
      vertex   -3.473205e+01 -5.600000e+01 8.000000e+00
      vertex   -3.400000e+01 -5.673205e+01 2.000000e+00
      vertex   -3.473205e+01 -5.600000e+01 2.000000e+00
    endloop
  endfacet
  facet normal 9.659258e-01 2.588190e-01 0.000000e+00
    outer loop
      vertex   -3.473205e+01 -5.600000e+01 8.000000e+00
      vertex   -3.473205e+01 -5.600000e+01 2.000000e+00
      vertex   -3.500000e+01 -5.500000e+01 8.000000e+00
    endloop
  endfacet
  facet normal 9.659258e-01 2.588190e-01 0.000000e+00
    outer loop
      vertex   -3.500000e+01 -5.500000e+01 8.000000e+00
      vertex   -3.473205e+01 -5.600000e+01 2.000000e+00
      vertex   -3.500000e+01 -5.500000e+01 2.000000e+00
    endloop
  endfacet
  facet normal 9.659258e-01 -2.588190e-01 0.000000e+00
    outer loop
      vertex   -3.500000e+01 -5.500000e+01 8.000000e+00
      vertex   -3.500000e+01 -5.500000e+01 2.000000e+00
      vertex   -3.473205e+01 -5.400000e+01 8.000000e+00
    endloop
  endfacet
  facet normal 9.659258e-01 -2.588190e-01 0.000000e+00
    outer loop
      vertex   -3.473205e+01 -5.400000e+01 8.000000e+00
      vertex   -3.500000e+01 -5.500000e+01 2.000000e+00
      vertex   -3.473205e+01 -5.400000e+01 2.000000e+00
    endloop
  endfacet
  facet normal 7.071068e-01 -7.071068e-01 0.000000e+00
    outer loop
      vertex   -3.473205e+01 -5.400000e+01 8.000000e+00
      vertex   -3.473205e+01 -5.400000e+01 2.000000e+00
      vertex   -3.400000e+01 -5.326795e+01 8.000000e+00
    endloop
  endfacet
  facet normal 7.071068e-01 -7.071068e-01 8.373826e-16
    outer loop
      vertex   -3.400000e+01 -5.326795e+01 8.000000e+00
      vertex   -3.473205e+01 -5.400000e+01 2.000000e+00
      vertex   -3.400000e+01 -5.326795e+01 2.000000e+00
    endloop
  endfacet
  facet normal 2.588190e-01 -9.659258e-01 3.065033e-16
    outer loop
      vertex   -3.400000e+01 -5.326795e+01 8.000000e+00
      vertex   -3.400000e+01 -5.326795e+01 2.000000e+00
      vertex   -3.300000e+01 -5.300000e+01 8.000000e+00
    endloop
  endfacet
  facet normal 2.588190e-01 -9.659258e-01 0.000000e+00
    outer loop
      vertex   -3.300000e+01 -5.300000e+01 8.000000e+00
      vertex   -3.400000e+01 -5.326795e+01 2.000000e+00
      vertex   -3.300000e+01 -5.300000e+01 2.000000e+00
    endloop
  endfacet
  facet normal -2.588190e-01 -9.659258e-01 -0.000000e+00
    outer loop
      vertex   -3.300000e+01 -5.300000e+01 8.000000e+00
      vertex   -3.300000e+01 -5.300000e+01 2.000000e+00
      vertex   -3.200000e+01 -5.326795e+01 8.000000e+00
    endloop
  endfacet
  facet normal -2.588190e-01 -9.659258e-01 -0.000000e+00
    outer loop
      vertex   -3.200000e+01 -5.326795e+01 8.000000e+00
      vertex   -3.300000e+01 -5.300000e+01 2.000000e+00
      vertex   -3.200000e+01 -5.326795e+01 2.000000e+00
    endloop
  endfacet
  facet normal -7.071068e-01 -7.071068e-01 -0.000000e+00
    outer loop
      vertex   -3.200000e+01 -5.326795e+01 8.000000e+00
      vertex   -3.200000e+01 -5.326795e+01 2.000000e+00
      vertex   -3.126795e+01 -5.400000e+01 8.000000e+00
    endloop
  endfacet
  facet normal -7.071068e-01 -7.071068e-01 -0.000000e+00
    outer loop
      vertex   -3.126795e+01 -5.400000e+01 8.000000e+00
      vertex   -3.200000e+01 -5.326795e+01 2.000000e+00
      vertex   -3.126795e+01 -5.400000e+01 2.000000e+00
    endloop
  endfacet
  facet normal 1.000000e+00 0.000000e+00 0.000000e+00
    outer loop
      vertex   -3.962500e+01 -5.500000e+01 2.000000e+00
      vertex   -3.962500e+01 -6.500000e+01 2.000000e+00
      vertex   -3.962500e+01 -5.500000e+01 -3.000000e+00
    endloop
  endfacet
  facet normal 1.000000e+00 0.000000e+00 0.000000e+00
    outer loop
      vertex   -3.962500e+01 -5.500000e+01 -3.000000e+00
      vertex   -3.962500e+01 -6.500000e+01 2.000000e+00
      vertex   -3.962500e+01 -6.500000e+01 -3.000000e+00
    endloop
  endfacet
  facet normal -3.425417e-16 9.178376e-17 -1.000000e+00
    outer loop
      vertex   1.532596e+01 -6.025000e+01 2.000000e+00
      vertex   1.512500e+01 -6.100000e+01 2.000000e+00
      vertex   -3.250000e+00 -5.700000e+01 2.000000e+00
    endloop
  endfacet
  facet normal -3.849772e-16 -1.031543e-16 -1.000000e+00
    outer loop
      vertex   -3.250000e+00 -5.700000e+01 2.000000e+00
      vertex   1.512500e+01 -6.100000e+01 2.000000e+00
      vertex   1.532596e+01 -6.175000e+01 2.000000e+00
    endloop
  endfacet
  facet normal -1.658137e-16 7.539344e-16 -1.000000e+00
    outer loop
      vertex   -3.250000e+00 -5.700000e+01 2.000000e+00
      vertex   1.532596e+01 -6.175000e+01 2.000000e+00
      vertex   -3.962500e+01 -6.500000e+01 2.000000e+00
    endloop
  endfacet
  facet normal -1.144541e-16 -1.144541e-16 -1.000000e+00
    outer loop
      vertex   -3.962500e+01 -6.500000e+01 2.000000e+00
      vertex   1.532596e+01 -6.175000e+01 2.000000e+00
      vertex   1.587500e+01 -6.229904e+01 2.000000e+00
    endloop
  endfacet
  facet normal -1.015756e-16 -3.790852e-16 -1.000000e+00
    outer loop
      vertex   -3.962500e+01 -6.500000e+01 2.000000e+00
      vertex   1.587500e+01 -6.229904e+01 2.000000e+00
      vertex   1.662500e+01 -6.250000e+01 2.000000e+00
    endloop
  endfacet
  facet normal 0.000000e+00 -2.664535e-15 -1.000000e+00
    outer loop
      vertex   -3.962500e+01 -6.500000e+01 2.000000e+00
      vertex   1.662500e+01 -6.250000e+01 2.000000e+00
      vertex   4.137500e+01 -6.500000e+01 2.000000e+00
    endloop
  endfacet
  facet normal 1.954611e-16 -7.294707e-16 -1.000000e+00
    outer loop
      vertex   4.137500e+01 -6.500000e+01 2.000000e+00
      vertex   1.662500e+01 -6.250000e+01 2.000000e+00
      vertex   1.737500e+01 -6.229904e+01 2.000000e+00
    endloop
  endfacet
  facet normal 2.494793e-16 -2.494793e-16 -1.000000e+00
    outer loop
      vertex   4.137500e+01 -6.500000e+01 2.000000e+00
      vertex   1.737500e+01 -6.229904e+01 2.000000e+00
      vertex   1.792404e+01 -6.175000e+01 2.000000e+00
    endloop
  endfacet
  facet normal 2.738835e-16 -7.338686e-17 -1.000000e+00
    outer loop
      vertex   1.792404e+01 -6.175000e+01 2.000000e+00
      vertex   1.812500e+01 -6.100000e+01 2.000000e+00
      vertex   4.137500e+01 -6.500000e+01 2.000000e+00
    endloop
  endfacet
  facet normal 4.212704e-16 7.832996e-16 -1.000000e+00
    outer loop
      vertex   4.137500e+01 -6.500000e+01 2.000000e+00
      vertex   1.812500e+01 -6.100000e+01 2.000000e+00
      vertex   2.650000e+01 -5.700000e+01 2.000000e+00
    endloop
  endfacet
  facet normal 0.000000e+00 0.000000e+00 -1.000000e+00
    outer loop
      vertex   4.137500e+01 -6.500000e+01 2.000000e+00
      vertex   2.650000e+01 -5.700000e+01 2.000000e+00
      vertex   2.750000e+01 -5.673205e+01 2.000000e+00
    endloop
  endfacet
  facet normal 7.051425e-16 1.889424e-16 -1.000000e+00
    outer loop
      vertex   1.812500e+01 -6.100000e+01 2.000000e+00
      vertex   1.792404e+01 -6.025000e+01 2.000000e+00
      vertex   2.650000e+01 -5.700000e+01 2.000000e+00
    endloop
  endfacet
  facet normal 5.632809e-16 5.632809e-16 -1.000000e+00
    outer loop
      vertex   2.650000e+01 -5.700000e+01 2.000000e+00
      vertex   1.792404e+01 -6.025000e+01 2.000000e+00
      vertex   1.737500e+01 -5.970096e+01 2.000000e+00
    endloop
  endfacet
  facet normal 3.468521e-16 1.294470e-15 -1.000000e+00
    outer loop
      vertex   2.650000e+01 -5.700000e+01 2.000000e+00
      vertex   1.737500e+01 -5.970096e+01 2.000000e+00
      vertex   1.662500e+01 -5.950000e+01 2.000000e+00
    endloop
  endfacet
  facet normal -2.280880e-16 8.512359e-16 -1.000000e+00
    outer loop
      vertex   1.587500e+01 -5.970096e+01 2.000000e+00
      vertex   -2.250000e+00 -5.673205e+01 2.000000e+00
      vertex   1.662500e+01 -5.950000e+01 2.000000e+00
    endloop
  endfacet
  facet normal -3.077833e-16 3.077833e-16 -1.000000e+00
    outer loop
      vertex   1.662500e+01 -5.950000e+01 2.000000e+00
      vertex   -2.250000e+00 -5.673205e+01 2.000000e+00
      vertex   -1.517949e+00 -5.600000e+01 2.000000e+00
    endloop
  endfacet
  facet normal 0.000000e+00 1.903239e-15 -1.000000e+00
    outer loop
      vertex   1.662500e+01 -5.950000e+01 2.000000e+00
      vertex   -1.517949e+00 -5.600000e+01 2.000000e+00
      vertex   2.476795e+01 -5.600000e+01 2.000000e+00
    endloop
  endfacet
  facet normal 0.000000e+00 0.000000e+00 -1.000000e+00
    outer loop
      vertex   2.476795e+01 -5.600000e+01 2.000000e+00
      vertex   -1.517949e+00 -5.600000e+01 2.000000e+00
      vertex   2.450000e+01 -5.500000e+01 2.000000e+00
    endloop
  endfacet
  facet normal -0.000000e+00 0.000000e+00 -1.000000e+00
    outer loop
      vertex   2.450000e+01 -5.500000e+01 2.000000e+00
      vertex   -1.517949e+00 -5.600000e+01 2.000000e+00
      vertex   -1.250000e+00 -5.500000e+01 2.000000e+00
    endloop
  endfacet
  facet normal 0.000000e+00 0.000000e+00 -1.000000e+00
    outer loop
      vertex   2.450000e+01 -5.500000e+01 2.000000e+00
      vertex   -1.250000e+00 -5.500000e+01 2.000000e+00
      vertex   2.476795e+01 -5.400000e+01 2.000000e+00
    endloop
  endfacet
  facet normal -0.000000e+00 0.000000e+00 -1.000000e+00
    outer loop
      vertex   2.476795e+01 -5.400000e+01 2.000000e+00
      vertex   -1.250000e+00 -5.500000e+01 2.000000e+00
      vertex   -1.517949e+00 -5.400000e+01 2.000000e+00
    endloop
  endfacet
  facet normal 0.000000e+00 0.000000e+00 -1.000000e+00
    outer loop
      vertex   2.476795e+01 -5.400000e+01 2.000000e+00
      vertex   -1.517949e+00 -5.400000e+01 2.000000e+00
      vertex   2.550000e+01 -5.326795e+01 2.000000e+00
    endloop
  endfacet
  facet normal -0.000000e+00 0.000000e+00 -1.000000e+00
    outer loop
      vertex   2.550000e+01 -5.326795e+01 2.000000e+00
      vertex   -1.517949e+00 -5.400000e+01 2.000000e+00
      vertex   -2.250000e+00 -5.326795e+01 2.000000e+00
    endloop
  endfacet
  facet normal 0.000000e+00 0.000000e+00 -1.000000e+00
    outer loop
      vertex   2.550000e+01 -5.326795e+01 2.000000e+00
      vertex   -2.250000e+00 -5.326795e+01 2.000000e+00
      vertex   2.650000e+01 -5.300000e+01 2.000000e+00
    endloop
  endfacet
  facet normal -0.000000e+00 0.000000e+00 -1.000000e+00
    outer loop
      vertex   2.650000e+01 -5.300000e+01 2.000000e+00
      vertex   -2.250000e+00 -5.326795e+01 2.000000e+00
      vertex   -3.250000e+00 -5.300000e+01 2.000000e+00
    endloop
  endfacet
  facet normal 0.000000e+00 0.000000e+00 -1.000000e+00
    outer loop
      vertex   2.650000e+01 -5.300000e+01 2.000000e+00
      vertex   -3.250000e+00 -5.300000e+01 2.000000e+00
      vertex   4.137500e+01 -4.500000e+01 2.000000e+00
    endloop
  endfacet
  facet normal -0.000000e+00 0.000000e+00 -1.000000e+00
    outer loop
      vertex   4.137500e+01 -4.500000e+01 2.000000e+00
      vertex   -3.250000e+00 -5.300000e+01 2.000000e+00
      vertex   -2.962500e+01 -4.500000e+01 2.000000e+00
    endloop
  endfacet
  facet normal 0.000000e+00 -0.000000e+00 -1.000000e+00
    outer loop
      vertex   -2.962500e+01 -4.500000e+01 2.000000e+00
      vertex   -3.250000e+00 -5.300000e+01 2.000000e+00
      vertex   -3.300000e+01 -5.300000e+01 2.000000e+00
    endloop
  endfacet
  facet normal 0.000000e+00 0.000000e+00 -1.000000e+00
    outer loop
      vertex   -2.962500e+01 -4.500000e+01 2.000000e+00
      vertex   -3.300000e+01 -5.300000e+01 2.000000e+00
      vertex   -3.400000e+01 -5.326795e+01 2.000000e+00
    endloop
  endfacet
  facet normal -2.280880e-16 8.512359e-16 -1.000000e+00
    outer loop
      vertex   -2.250000e+00 -5.673205e+01 2.000000e+00
      vertex   1.587500e+01 -5.970096e+01 2.000000e+00
      vertex   -3.250000e+00 -5.700000e+01 2.000000e+00
    endloop
  endfacet
  facet normal -3.052025e-16 3.052025e-16 -1.000000e+00
    outer loop
      vertex   -3.250000e+00 -5.700000e+01 2.000000e+00
      vertex   1.587500e+01 -5.970096e+01 2.000000e+00
      vertex   1.532596e+01 -6.025000e+01 2.000000e+00
    endloop
  endfacet
  facet normal 0.000000e+00 0.000000e+00 -1.000000e+00
    outer loop
      vertex   -2.962500e+01 -4.500000e+01 2.000000e+00
      vertex   -3.400000e+01 -5.326795e+01 2.000000e+00
      vertex   -3.962500e+01 -5.500000e+01 2.000000e+00
    endloop
  endfacet
  facet normal 0.000000e+00 0.000000e+00 -1.000000e+00
    outer loop
      vertex   -3.962500e+01 -5.500000e+01 2.000000e+00
      vertex   -3.400000e+01 -5.326795e+01 2.000000e+00
      vertex   -3.473205e+01 -5.400000e+01 2.000000e+00
    endloop
  endfacet
  facet normal 0.000000e+00 0.000000e+00 -1.000000e+00
    outer loop
      vertex   -3.962500e+01 -5.500000e+01 2.000000e+00
      vertex   -3.473205e+01 -5.400000e+01 2.000000e+00
      vertex   -3.500000e+01 -5.500000e+01 2.000000e+00
    endloop
  endfacet
  facet normal 0.000000e+00 0.000000e+00 -1.000000e+00
    outer loop
      vertex   4.137500e+01 -6.500000e+01 2.000000e+00
      vertex   2.850000e+01 -5.500000e+01 2.000000e+00
      vertex   4.137500e+01 -4.500000e+01 2.000000e+00
    endloop
  endfacet
  facet normal 0.000000e+00 0.000000e+00 -1.000000e+00
    outer loop
      vertex   4.137500e+01 -4.500000e+01 2.000000e+00
      vertex   2.850000e+01 -5.500000e+01 2.000000e+00
      vertex   2.823205e+01 -5.400000e+01 2.000000e+00
    endloop
  endfacet
  facet normal 0.000000e+00 0.000000e+00 -1.000000e+00
    outer loop
      vertex   4.137500e+01 -4.500000e+01 2.000000e+00
      vertex   2.823205e+01 -5.400000e+01 2.000000e+00
      vertex   2.750000e+01 -5.326795e+01 2.000000e+00
    endloop
  endfacet
  facet normal 0.000000e+00 0.000000e+00 -1.000000e+00
    outer loop
      vertex   -3.962500e+01 -5.500000e+01 2.000000e+00
      vertex   -3.400000e+01 -5.673205e+01 2.000000e+00
      vertex   -3.962500e+01 -6.500000e+01 2.000000e+00
    endloop
  endfacet
  facet normal 0.000000e+00 0.000000e+00 -1.000000e+00
    outer loop
      vertex   -3.962500e+01 -6.500000e+01 2.000000e+00
      vertex   -3.400000e+01 -5.673205e+01 2.000000e+00
      vertex   -3.300000e+01 -5.700000e+01 2.000000e+00
    endloop
  endfacet
  facet normal 0.000000e+00 0.000000e+00 -1.000000e+00
    outer loop
      vertex   -3.962500e+01 -6.500000e+01 2.000000e+00
      vertex   -3.300000e+01 -5.700000e+01 2.000000e+00
      vertex   -3.250000e+00 -5.700000e+01 2.000000e+00
    endloop
  endfacet
  facet normal 0.000000e+00 0.000000e+00 -1.000000e+00
    outer loop
      vertex   -3.250000e+00 -5.700000e+01 2.000000e+00
      vertex   -3.300000e+01 -5.700000e+01 2.000000e+00
      vertex   -4.250000e+00 -5.673205e+01 2.000000e+00
    endloop
  endfacet
  facet normal -0.000000e+00 0.000000e+00 -1.000000e+00
    outer loop
      vertex   -4.250000e+00 -5.673205e+01 2.000000e+00
      vertex   -3.300000e+01 -5.700000e+01 2.000000e+00
      vertex   -3.200000e+01 -5.673205e+01 2.000000e+00
    endloop
  endfacet
  facet normal 0.000000e+00 0.000000e+00 -1.000000e+00
    outer loop
      vertex   -4.250000e+00 -5.673205e+01 2.000000e+00
      vertex   -3.200000e+01 -5.673205e+01 2.000000e+00
      vertex   -4.982051e+00 -5.600000e+01 2.000000e+00
    endloop
  endfacet
  facet normal -0.000000e+00 0.000000e+00 -1.000000e+00
    outer loop
      vertex   -4.982051e+00 -5.600000e+01 2.000000e+00
      vertex   -3.200000e+01 -5.673205e+01 2.000000e+00
      vertex   -3.126795e+01 -5.600000e+01 2.000000e+00
    endloop
  endfacet
  facet normal 0.000000e+00 0.000000e+00 -1.000000e+00
    outer loop
      vertex   -4.982051e+00 -5.600000e+01 2.000000e+00
      vertex   -3.126795e+01 -5.600000e+01 2.000000e+00
      vertex   -5.250000e+00 -5.500000e+01 2.000000e+00
    endloop
  endfacet
  facet normal -0.000000e+00 0.000000e+00 -1.000000e+00
    outer loop
      vertex   -5.250000e+00 -5.500000e+01 2.000000e+00
      vertex   -3.126795e+01 -5.600000e+01 2.000000e+00
      vertex   -3.100000e+01 -5.500000e+01 2.000000e+00
    endloop
  endfacet
  facet normal 0.000000e+00 0.000000e+00 -1.000000e+00
    outer loop
      vertex   -5.250000e+00 -5.500000e+01 2.000000e+00
      vertex   -3.100000e+01 -5.500000e+01 2.000000e+00
      vertex   -4.982051e+00 -5.400000e+01 2.000000e+00
    endloop
  endfacet
  facet normal -0.000000e+00 0.000000e+00 -1.000000e+00
    outer loop
      vertex   -4.982051e+00 -5.400000e+01 2.000000e+00
      vertex   -3.100000e+01 -5.500000e+01 2.000000e+00
      vertex   -3.126795e+01 -5.400000e+01 2.000000e+00
    endloop
  endfacet
  facet normal 0.000000e+00 0.000000e+00 -1.000000e+00
    outer loop
      vertex   -4.982051e+00 -5.400000e+01 2.000000e+00
      vertex   -3.126795e+01 -5.400000e+01 2.000000e+00
      vertex   -4.250000e+00 -5.326795e+01 2.000000e+00
    endloop
  endfacet
  facet normal -0.000000e+00 0.000000e+00 -1.000000e+00
    outer loop
      vertex   -4.250000e+00 -5.326795e+01 2.000000e+00
      vertex   -3.126795e+01 -5.400000e+01 2.000000e+00
      vertex   -3.200000e+01 -5.326795e+01 2.000000e+00
    endloop
  endfacet
  facet normal 0.000000e+00 0.000000e+00 -1.000000e+00
    outer loop
      vertex   -4.250000e+00 -5.326795e+01 2.000000e+00
      vertex   -3.200000e+01 -5.326795e+01 2.000000e+00
      vertex   -3.250000e+00 -5.300000e+01 2.000000e+00
    endloop
  endfacet
  facet normal -0.000000e+00 0.000000e+00 -1.000000e+00
    outer loop
      vertex   -3.250000e+00 -5.300000e+01 2.000000e+00
      vertex   -3.200000e+01 -5.326795e+01 2.000000e+00
      vertex   -3.300000e+01 -5.300000e+01 2.000000e+00
    endloop
  endfacet
  facet normal 5.721349e-16 5.721349e-16 -1.000000e+00
    outer loop
      vertex   2.476795e+01 -5.600000e+01 2.000000e+00
      vertex   2.550000e+01 -5.673205e+01 2.000000e+00
      vertex   1.662500e+01 -5.950000e+01 2.000000e+00
    endloop
  endfacet
  facet normal 3.468521e-16 1.294470e-15 -1.000000e+00
    outer loop
      vertex   1.662500e+01 -5.950000e+01 2.000000e+00
      vertex   2.550000e+01 -5.673205e+01 2.000000e+00
      vertex   2.650000e+01 -5.700000e+01 2.000000e+00
    endloop
  endfacet
  facet normal 0.000000e+00 0.000000e+00 -1.000000e+00
    outer loop
      vertex   2.750000e+01 -5.673205e+01 2.000000e+00
      vertex   2.823205e+01 -5.600000e+01 2.000000e+00
      vertex   4.137500e+01 -6.500000e+01 2.000000e+00
    endloop
  endfacet
  facet normal 0.000000e+00 0.000000e+00 -1.000000e+00
    outer loop
      vertex   4.137500e+01 -6.500000e+01 2.000000e+00
      vertex   2.823205e+01 -5.600000e+01 2.000000e+00
      vertex   2.850000e+01 -5.500000e+01 2.000000e+00
    endloop
  endfacet
  facet normal 0.000000e+00 0.000000e+00 -1.000000e+00
    outer loop
      vertex   2.750000e+01 -5.326795e+01 2.000000e+00
      vertex   2.650000e+01 -5.300000e+01 2.000000e+00
      vertex   4.137500e+01 -4.500000e+01 2.000000e+00
    endloop
  endfacet
  facet normal -0.000000e+00 -0.000000e+00 -1.000000e+00
    outer loop
      vertex   -3.500000e+01 -5.500000e+01 2.000000e+00
      vertex   -3.473205e+01 -5.600000e+01 2.000000e+00
      vertex   -3.962500e+01 -5.500000e+01 2.000000e+00
    endloop
  endfacet
  facet normal 0.000000e+00 0.000000e+00 -1.000000e+00
    outer loop
      vertex   -3.962500e+01 -5.500000e+01 2.000000e+00
      vertex   -3.473205e+01 -5.600000e+01 2.000000e+00
      vertex   -3.400000e+01 -5.673205e+01 2.000000e+00
    endloop
  endfacet
  facet normal 0.000000e+00 -1.000000e+00 0.000000e+00
    outer loop
      vertex   -3.962500e+01 -6.500000e+01 -3.000000e+00
      vertex   -3.962500e+01 -6.500000e+01 2.000000e+00
      vertex   -4.787500e+01 -6.500000e+01 -3.000000e+00
    endloop
  endfacet
  facet normal 7.829672e-16 -1.000000e+00 -1.291896e-15
    outer loop
      vertex   -4.787500e+01 -6.500000e+01 -3.000000e+00
      vertex   -3.962500e+01 -6.500000e+01 2.000000e+00
      vertex   -4.787500e+01 -6.500000e+01 8.000000e+00
    endloop
  endfacet
  facet normal 2.138579e-16 -1.000000e+00 -2.074421e-15
    outer loop
      vertex   -4.787500e+01 -6.500000e+01 8.000000e+00
      vertex   -3.962500e+01 -6.500000e+01 2.000000e+00
      vertex   4.137500e+01 -6.500000e+01 3.500000e+00
    endloop
  endfacet
  facet normal 6.579099e-16 -1.000000e+00 6.732612e-15
    outer loop
      vertex   -4.787500e+01 -6.500000e+01 8.000000e+00
      vertex   4.137500e+01 -6.500000e+01 3.500000e+00
      vertex   4.762500e+01 -6.500000e+01 5.000000e+00
    endloop
  endfacet
  facet normal 2.273737e-15 -1.000000e+00 0.000000e+00
    outer loop
      vertex   4.762500e+01 -6.500000e+01 5.000000e+00
      vertex   4.137500e+01 -6.500000e+01 3.500000e+00
      vertex   4.762500e+01 -6.500000e+01 3.500000e+00
    endloop
  endfacet
  facet normal 0.000000e+00 -1.000000e+00 9.473903e-15
    outer loop
      vertex   -3.962500e+01 -6.500000e+01 2.000000e+00
      vertex   4.137500e+01 -6.500000e+01 2.000000e+00
      vertex   4.137500e+01 -6.500000e+01 3.500000e+00
    endloop
  endfacet
  facet normal -0.000000e+00 -1.000000e+00 0.000000e+00
    outer loop
      vertex   5.662500e+01 -6.500000e+01 5.000000e+00
      vertex   5.662500e+01 -6.500000e+01 8.000000e+00
      vertex   4.762500e+01 -6.500000e+01 5.000000e+00
    endloop
  endfacet
  facet normal 4.079671e-16 -1.000000e+00 -1.223901e-15
    outer loop
      vertex   4.762500e+01 -6.500000e+01 5.000000e+00
      vertex   5.662500e+01 -6.500000e+01 8.000000e+00
      vertex   -4.787500e+01 -6.500000e+01 8.000000e+00
    endloop
  endfacet
  facet normal 1.000000e+00 0.000000e+00 0.000000e+00
    outer loop
      vertex   4.137500e+01 -6.500000e+01 2.000000e+00
      vertex   4.137500e+01 -4.500000e+01 2.000000e+00
      vertex   4.137500e+01 -6.500000e+01 3.500000e+00
    endloop
  endfacet
  facet normal 1.000000e+00 -0.000000e+00 0.000000e+00
    outer loop
      vertex   4.137500e+01 -6.500000e+01 3.500000e+00
      vertex   4.137500e+01 -4.500000e+01 2.000000e+00
      vertex   4.137500e+01 1.070000e+02 3.500000e+00
    endloop
  endfacet
  facet normal 1.000000e+00 0.000000e+00 0.000000e+00
    outer loop
      vertex   4.137500e+01 1.070000e+02 3.500000e+00
      vertex   4.137500e+01 -4.500000e+01 2.000000e+00
      vertex   4.137500e+01 1.070000e+02 -3.000000e+00
    endloop
  endfacet
  facet normal 1.000000e+00 0.000000e+00 0.000000e+00
    outer loop
      vertex   4.137500e+01 1.070000e+02 -3.000000e+00
      vertex   4.137500e+01 -4.500000e+01 2.000000e+00
      vertex   4.137500e+01 -4.500000e+01 -3.000000e+00
    endloop
  endfacet
  facet normal -0.000000e+00 1.000000e+00 0.000000e+00
    outer loop
      vertex   7.625000e+00 1.160000e+02 0.000000e+00
      vertex   6.462500e+01 1.160000e+02 0.000000e+00
      vertex   7.625000e+00 1.160000e+02 -3.000000e+00
    endloop
  endfacet
  facet normal 0.000000e+00 1.000000e+00 0.000000e+00
    outer loop
      vertex   7.625000e+00 1.160000e+02 -3.000000e+00
      vertex   6.462500e+01 1.160000e+02 0.000000e+00
      vertex   6.462500e+01 1.160000e+02 -3.000000e+00
    endloop
  endfacet
  facet normal 1.000000e+00 -2.049643e-16 0.000000e+00
    outer loop
      vertex   7.625000e+00 1.550000e+02 0.000000e+00
      vertex   7.625000e+00 1.160000e+02 0.000000e+00
      vertex   7.625000e+00 1.550000e+02 -3.000000e+00
    endloop
  endfacet
  facet normal 1.000000e+00 -2.277381e-16 -2.960595e-16
    outer loop
      vertex   7.625000e+00 1.550000e+02 -3.000000e+00
      vertex   7.625000e+00 1.160000e+02 0.000000e+00
      vertex   7.625000e+00 1.160000e+02 -3.000000e+00
    endloop
  endfacet
  facet normal -0.000000e+00 0.000000e+00 -1.000000e+00
    outer loop
      vertex   -4.701601e+01 6.042717e+01 -3.000000e+00
      vertex   -4.737500e+01 2.200000e+01 -3.000000e+00
      vertex   -4.737500e+01 6.200000e+01 -3.000000e+00
    endloop
  endfacet
  facet normal -0.000000e+00 0.000000e+00 -1.000000e+00
    outer loop
      vertex   -4.737500e+01 6.200000e+01 -3.000000e+00
      vertex   -4.737500e+01 2.200000e+01 -3.000000e+00
      vertex   -4.787500e+01 1.100000e+02 -3.000000e+00
    endloop
  endfacet
  facet normal 0.000000e+00 0.000000e+00 -1.000000e+00
    outer loop
      vertex   -4.737500e+01 6.200000e+01 -3.000000e+00
      vertex   -4.787500e+01 1.100000e+02 -3.000000e+00
      vertex   -4.701601e+01 6.357283e+01 -3.000000e+00
    endloop
  endfacet
  facet normal 0.000000e+00 0.000000e+00 -1.000000e+00
    outer loop
      vertex   -4.701601e+01 6.357283e+01 -3.000000e+00
      vertex   -4.787500e+01 1.100000e+02 -3.000000e+00
      vertex   -4.601015e+01 6.483414e+01 -3.000000e+00
    endloop
  endfacet
  facet normal 0.000000e+00 0.000000e+00 -1.000000e+00
    outer loop
      vertex   -4.601015e+01 6.483414e+01 -3.000000e+00
      vertex   -4.787500e+01 1.100000e+02 -3.000000e+00
      vertex   -4.455664e+01 6.553411e+01 -3.000000e+00
    endloop
  endfacet
  facet normal 0.000000e+00 0.000000e+00 -1.000000e+00
    outer loop
      vertex   -4.455664e+01 6.553411e+01 -3.000000e+00
      vertex   -4.787500e+01 1.100000e+02 -3.000000e+00
      vertex   -3.612500e+01 9.000000e+01 -3.000000e+00
    endloop
  endfacet
  facet normal 0.000000e+00 0.000000e+00 -1.000000e+00
    outer loop
      vertex   -4.455664e+01 6.553411e+01 -3.000000e+00
      vertex   -3.612500e+01 9.000000e+01 -3.000000e+00
      vertex   -4.294336e+01 6.553411e+01 -3.000000e+00
    endloop
  endfacet
  facet normal 0.000000e+00 0.000000e+00 -1.000000e+00
    outer loop
      vertex   -4.294336e+01 6.553411e+01 -3.000000e+00
      vertex   -3.612500e+01 9.000000e+01 -3.000000e+00
      vertex   -3.585705e+01 8.900000e+01 -3.000000e+00
    endloop
  endfacet
  facet normal 0.000000e+00 0.000000e+00 -1.000000e+00
    outer loop
      vertex   -4.294336e+01 6.553411e+01 -3.000000e+00
      vertex   -3.585705e+01 8.900000e+01 -3.000000e+00
      vertex   -4.148985e+01 6.483414e+01 -3.000000e+00
    endloop
  endfacet
  facet normal 0.000000e+00 0.000000e+00 -1.000000e+00
    outer loop
      vertex   -4.148985e+01 6.483414e+01 -3.000000e+00
      vertex   -3.585705e+01 8.900000e+01 -3.000000e+00
      vertex   -3.512500e+01 8.826795e+01 -3.000000e+00
    endloop
  endfacet
  facet normal 0.000000e+00 0.000000e+00 -1.000000e+00
    outer loop
      vertex   -4.148985e+01 6.483414e+01 -3.000000e+00
      vertex   -3.512500e+01 8.826795e+01 -3.000000e+00
      vertex   -4.048399e+01 6.357283e+01 -3.000000e+00
    endloop
  endfacet
  facet normal 0.000000e+00 0.000000e+00 -1.000000e+00
    outer loop
      vertex   -4.048399e+01 6.357283e+01 -3.000000e+00
      vertex   -3.512500e+01 8.826795e+01 -3.000000e+00
      vertex   -3.412500e+01 8.800000e+01 -3.000000e+00
    endloop
  endfacet
  facet normal 0.000000e+00 0.000000e+00 -1.000000e+00
    outer loop
      vertex   -4.048399e+01 6.357283e+01 -3.000000e+00
      vertex   -3.412500e+01 8.800000e+01 -3.000000e+00
      vertex   -3.312500e+01 8.826795e+01 -3.000000e+00
    endloop
  endfacet
  facet normal 0.000000e+00 0.000000e+00 -1.000000e+00
    outer loop
      vertex   -4.737500e+01 2.200000e+01 -3.000000e+00
      vertex   -4.701601e+01 6.042717e+01 -3.000000e+00
      vertex   -4.701601e+01 2.357283e+01 -3.000000e+00
    endloop
  endfacet
  facet normal 0.000000e+00 0.000000e+00 -1.000000e+00
    outer loop
      vertex   -4.701601e+01 2.357283e+01 -3.000000e+00
      vertex   -4.701601e+01 6.042717e+01 -3.000000e+00
      vertex   -4.601015e+01 5.916586e+01 -3.000000e+00
    endloop
  endfacet
  facet normal 0.000000e+00 0.000000e+00 -1.000000e+00
    outer loop
      vertex   -4.701601e+01 2.357283e+01 -3.000000e+00
      vertex   -4.601015e+01 5.916586e+01 -3.000000e+00
      vertex   -4.601015e+01 2.483414e+01 -3.000000e+00
    endloop
  endfacet
  facet normal 0.000000e+00 0.000000e+00 -1.000000e+00
    outer loop
      vertex   -4.601015e+01 2.483414e+01 -3.000000e+00
      vertex   -4.601015e+01 5.916586e+01 -3.000000e+00
      vertex   -4.455664e+01 5.846589e+01 -3.000000e+00
    endloop
  endfacet
  facet normal 0.000000e+00 0.000000e+00 -1.000000e+00
    outer loop
      vertex   -4.601015e+01 2.483414e+01 -3.000000e+00
      vertex   -4.455664e+01 5.846589e+01 -3.000000e+00
      vertex   -4.455664e+01 2.553411e+01 -3.000000e+00
    endloop
  endfacet
  facet normal 0.000000e+00 0.000000e+00 -1.000000e+00
    outer loop
      vertex   -4.455664e+01 2.553411e+01 -3.000000e+00
      vertex   -4.455664e+01 5.846589e+01 -3.000000e+00
      vertex   -4.294336e+01 5.846589e+01 -3.000000e+00
    endloop
  endfacet
  facet normal 0.000000e+00 0.000000e+00 -1.000000e+00
    outer loop
      vertex   -4.455664e+01 2.553411e+01 -3.000000e+00
      vertex   -4.294336e+01 5.846589e+01 -3.000000e+00
      vertex   -4.294336e+01 2.553411e+01 -3.000000e+00
    endloop
  endfacet
  facet normal 0.000000e+00 0.000000e+00 -1.000000e+00
    outer loop
      vertex   -4.294336e+01 2.553411e+01 -3.000000e+00
      vertex   -4.294336e+01 5.846589e+01 -3.000000e+00
      vertex   -4.148985e+01 2.483414e+01 -3.000000e+00
    endloop
  endfacet
  facet normal 0.000000e+00 0.000000e+00 -1.000000e+00
    outer loop
      vertex   -4.148985e+01 2.483414e+01 -3.000000e+00
      vertex   -4.294336e+01 5.846589e+01 -3.000000e+00
      vertex   -4.148985e+01 5.916586e+01 -3.000000e+00
    endloop
  endfacet
  facet normal 0.000000e+00 0.000000e+00 -1.000000e+00
    outer loop
      vertex   -4.148985e+01 2.483414e+01 -3.000000e+00
      vertex   -4.148985e+01 5.916586e+01 -3.000000e+00
      vertex   -4.048399e+01 2.357283e+01 -3.000000e+00
    endloop
  endfacet
  facet normal 0.000000e+00 0.000000e+00 -1.000000e+00
    outer loop
      vertex   -4.048399e+01 2.357283e+01 -3.000000e+00
      vertex   -4.148985e+01 5.916586e+01 -3.000000e+00
      vertex   -4.048399e+01 6.042717e+01 -3.000000e+00
    endloop
  endfacet
  facet normal 0.000000e+00 0.000000e+00 -1.000000e+00
    outer loop
      vertex   -4.048399e+01 2.357283e+01 -3.000000e+00
      vertex   -4.048399e+01 6.042717e+01 -3.000000e+00
      vertex   -4.012500e+01 2.200000e+01 -3.000000e+00
    endloop
  endfacet
  facet normal 0.000000e+00 0.000000e+00 -1.000000e+00
    outer loop
      vertex   -4.012500e+01 2.200000e+01 -3.000000e+00
      vertex   -4.048399e+01 6.042717e+01 -3.000000e+00
      vertex   -4.012500e+01 6.200000e+01 -3.000000e+00
    endloop
  endfacet
  facet normal 0.000000e+00 0.000000e+00 -1.000000e+00
    outer loop
      vertex   -4.012500e+01 2.200000e+01 -3.000000e+00
      vertex   -4.012500e+01 6.200000e+01 -3.000000e+00
      vertex   9.992076e+00 6.528237e+01 -3.000000e+00
    endloop
  endfacet
  facet normal -0.000000e+00 0.000000e+00 -1.000000e+00
    outer loop
      vertex   9.992076e+00 6.528237e+01 -3.000000e+00
      vertex   -4.012500e+01 6.200000e+01 -3.000000e+00
      vertex   9.625000e+00 6.760000e+01 -3.000000e+00
    endloop
  endfacet
  facet normal -0.000000e+00 0.000000e+00 -1.000000e+00
    outer loop
      vertex   9.625000e+00 6.760000e+01 -3.000000e+00
      vertex   -4.012500e+01 6.200000e+01 -3.000000e+00
      vertex   -3.239295e+01 8.900000e+01 -3.000000e+00
    endloop
  endfacet
  facet normal 0.000000e+00 0.000000e+00 -1.000000e+00
    outer loop
      vertex   9.625000e+00 6.760000e+01 -3.000000e+00
      vertex   -3.239295e+01 8.900000e+01 -3.000000e+00
      vertex   -3.212500e+01 9.000000e+01 -3.000000e+00
    endloop
  endfacet
  facet normal 0.000000e+00 0.000000e+00 -1.000000e+00
    outer loop
      vertex   -3.239295e+01 8.900000e+01 -3.000000e+00
      vertex   -4.012500e+01 6.200000e+01 -3.000000e+00
      vertex   -3.312500e+01 8.826795e+01 -3.000000e+00
    endloop
  endfacet
  facet normal 0.000000e+00 0.000000e+00 -1.000000e+00
    outer loop
      vertex   -3.312500e+01 8.826795e+01 -3.000000e+00
      vertex   -4.012500e+01 6.200000e+01 -3.000000e+00
      vertex   -4.048399e+01 6.357283e+01 -3.000000e+00
    endloop
  endfacet
  facet normal -0.000000e+00 0.000000e+00 -1.000000e+00
    outer loop
      vertex   -4.701601e+01 2.042717e+01 -3.000000e+00
      vertex   -4.737500e+01 -1.800000e+01 -3.000000e+00
      vertex   -4.737500e+01 2.200000e+01 -3.000000e+00
    endloop
  endfacet
  facet normal 0.000000e+00 -0.000000e+00 -1.000000e+00
    outer loop
      vertex   -4.737500e+01 2.200000e+01 -3.000000e+00
      vertex   -4.737500e+01 -1.800000e+01 -3.000000e+00
      vertex   -4.787500e+01 -6.500000e+01 -3.000000e+00
    endloop
  endfacet
  facet normal -0.000000e+00 0.000000e+00 -1.000000e+00
    outer loop
      vertex   -4.737500e+01 2.200000e+01 -3.000000e+00
      vertex   -4.787500e+01 -6.500000e+01 -3.000000e+00
      vertex   -4.787500e+01 1.100000e+02 -3.000000e+00
    endloop
  endfacet
  facet normal 0.000000e+00 0.000000e+00 -1.000000e+00
    outer loop
      vertex   -4.737500e+01 -1.800000e+01 -3.000000e+00
      vertex   -4.701601e+01 2.042717e+01 -3.000000e+00
      vertex   -4.701601e+01 -1.642717e+01 -3.000000e+00
    endloop
  endfacet
  facet normal 0.000000e+00 0.000000e+00 -1.000000e+00
    outer loop
      vertex   -4.701601e+01 -1.642717e+01 -3.000000e+00
      vertex   -4.701601e+01 2.042717e+01 -3.000000e+00
      vertex   -4.601015e+01 1.916586e+01 -3.000000e+00
    endloop
  endfacet
  facet normal 0.000000e+00 0.000000e+00 -1.000000e+00
    outer loop
      vertex   -4.701601e+01 -1.642717e+01 -3.000000e+00
      vertex   -4.601015e+01 1.916586e+01 -3.000000e+00
      vertex   -4.601015e+01 -1.516586e+01 -3.000000e+00
    endloop
  endfacet
  facet normal 0.000000e+00 0.000000e+00 -1.000000e+00
    outer loop
      vertex   -4.601015e+01 -1.516586e+01 -3.000000e+00
      vertex   -4.601015e+01 1.916586e+01 -3.000000e+00
      vertex   -4.455664e+01 1.846589e+01 -3.000000e+00
    endloop
  endfacet
  facet normal 0.000000e+00 0.000000e+00 -1.000000e+00
    outer loop
      vertex   -4.601015e+01 -1.516586e+01 -3.000000e+00
      vertex   -4.455664e+01 1.846589e+01 -3.000000e+00
      vertex   -4.455664e+01 -1.446589e+01 -3.000000e+00
    endloop
  endfacet
  facet normal 0.000000e+00 0.000000e+00 -1.000000e+00
    outer loop
      vertex   -4.455664e+01 -1.446589e+01 -3.000000e+00
      vertex   -4.455664e+01 1.846589e+01 -3.000000e+00
      vertex   -4.294336e+01 1.846589e+01 -3.000000e+00
    endloop
  endfacet
  facet normal 0.000000e+00 0.000000e+00 -1.000000e+00
    outer loop
      vertex   -4.455664e+01 -1.446589e+01 -3.000000e+00
      vertex   -4.294336e+01 1.846589e+01 -3.000000e+00
      vertex   -4.294336e+01 -1.446589e+01 -3.000000e+00
    endloop
  endfacet
  facet normal 0.000000e+00 0.000000e+00 -1.000000e+00
    outer loop
      vertex   -4.294336e+01 -1.446589e+01 -3.000000e+00
      vertex   -4.294336e+01 1.846589e+01 -3.000000e+00
      vertex   -4.148985e+01 1.916586e+01 -3.000000e+00
    endloop
  endfacet
  facet normal 0.000000e+00 0.000000e+00 -1.000000e+00
    outer loop
      vertex   -4.294336e+01 -1.446589e+01 -3.000000e+00
      vertex   -4.148985e+01 1.916586e+01 -3.000000e+00
      vertex   -4.148985e+01 -1.516586e+01 -3.000000e+00
    endloop
  endfacet
  facet normal 0.000000e+00 0.000000e+00 -1.000000e+00
    outer loop
      vertex   -4.148985e+01 -1.516586e+01 -3.000000e+00
      vertex   -4.148985e+01 1.916586e+01 -3.000000e+00
      vertex   -4.048399e+01 2.042717e+01 -3.000000e+00
    endloop
  endfacet
  facet normal 0.000000e+00 0.000000e+00 -1.000000e+00
    outer loop
      vertex   -4.148985e+01 -1.516586e+01 -3.000000e+00
      vertex   -4.048399e+01 2.042717e+01 -3.000000e+00
      vertex   -4.048399e+01 -1.642717e+01 -3.000000e+00
    endloop
  endfacet
  facet normal 0.000000e+00 0.000000e+00 -1.000000e+00
    outer loop
      vertex   -4.048399e+01 -1.642717e+01 -3.000000e+00
      vertex   -4.048399e+01 2.042717e+01 -3.000000e+00
      vertex   -4.012500e+01 2.200000e+01 -3.000000e+00
    endloop
  endfacet
  facet normal 0.000000e+00 0.000000e+00 -1.000000e+00
    outer loop
      vertex   -4.048399e+01 -1.642717e+01 -3.000000e+00
      vertex   -4.012500e+01 2.200000e+01 -3.000000e+00
      vertex   -4.012500e+01 -1.800000e+01 -3.000000e+00
    endloop
  endfacet
  facet normal 0.000000e+00 0.000000e+00 -1.000000e+00
    outer loop
      vertex   -4.012500e+01 -1.800000e+01 -3.000000e+00
      vertex   -4.012500e+01 2.200000e+01 -3.000000e+00
      vertex   1.105737e+01 6.319161e+01 -3.000000e+00
    endloop
  endfacet
  facet normal 0.000000e+00 0.000000e+00 -1.000000e+00
    outer loop
      vertex   -4.012500e+01 -1.800000e+01 -3.000000e+00
      vertex   1.105737e+01 6.319161e+01 -3.000000e+00
      vertex   -2.962500e+01 -4.500000e+01 -3.000000e+00
    endloop
  endfacet
  facet normal 0.000000e+00 0.000000e+00 -1.000000e+00
    outer loop
      vertex   -2.962500e+01 -4.500000e+01 -3.000000e+00
      vertex   1.105737e+01 6.319161e+01 -3.000000e+00
      vertex   1.271661e+01 6.153237e+01 -3.000000e+00
    endloop
  endfacet
  facet normal 0.000000e+00 0.000000e+00 -1.000000e+00
    outer loop
      vertex   -2.962500e+01 -4.500000e+01 -3.000000e+00
      vertex   1.271661e+01 6.153237e+01 -3.000000e+00
      vertex   1.480737e+01 6.046708e+01 -3.000000e+00
    endloop
  endfacet
  facet normal 0.000000e+00 0.000000e+00 -1.000000e+00
    outer loop
      vertex   -4.787500e+01 -6.500000e+01 -3.000000e+00
      vertex   -4.737500e+01 -1.800000e+01 -3.000000e+00
      vertex   -4.737500e+01 -5.800000e+01 -3.000000e+00
    endloop
  endfacet
  facet normal 0.000000e+00 0.000000e+00 -1.000000e+00
    outer loop
      vertex   -4.737500e+01 -5.800000e+01 -3.000000e+00
      vertex   -4.737500e+01 -1.800000e+01 -3.000000e+00
      vertex   -4.701601e+01 -1.957283e+01 -3.000000e+00
    endloop
  endfacet
  facet normal 0.000000e+00 0.000000e+00 -1.000000e+00
    outer loop
      vertex   -4.737500e+01 -5.800000e+01 -3.000000e+00
      vertex   -4.701601e+01 -1.957283e+01 -3.000000e+00
      vertex   -4.701601e+01 -5.642717e+01 -3.000000e+00
    endloop
  endfacet
  facet normal 0.000000e+00 0.000000e+00 -1.000000e+00
    outer loop
      vertex   -4.701601e+01 -5.642717e+01 -3.000000e+00
      vertex   -4.701601e+01 -1.957283e+01 -3.000000e+00
      vertex   -4.601015e+01 -2.083414e+01 -3.000000e+00
    endloop
  endfacet
  facet normal 0.000000e+00 0.000000e+00 -1.000000e+00
    outer loop
      vertex   -4.701601e+01 -5.642717e+01 -3.000000e+00
      vertex   -4.601015e+01 -2.083414e+01 -3.000000e+00
      vertex   -4.601015e+01 -5.516586e+01 -3.000000e+00
    endloop
  endfacet
  facet normal 0.000000e+00 0.000000e+00 -1.000000e+00
    outer loop
      vertex   -4.601015e+01 -5.516586e+01 -3.000000e+00
      vertex   -4.601015e+01 -2.083414e+01 -3.000000e+00
      vertex   -4.455664e+01 -2.153411e+01 -3.000000e+00
    endloop
  endfacet
  facet normal 0.000000e+00 0.000000e+00 -1.000000e+00
    outer loop
      vertex   -4.601015e+01 -5.516586e+01 -3.000000e+00
      vertex   -4.455664e+01 -2.153411e+01 -3.000000e+00
      vertex   -4.455664e+01 -5.446589e+01 -3.000000e+00
    endloop
  endfacet
  facet normal 0.000000e+00 0.000000e+00 -1.000000e+00
    outer loop
      vertex   -4.455664e+01 -5.446589e+01 -3.000000e+00
      vertex   -4.455664e+01 -2.153411e+01 -3.000000e+00
      vertex   -4.294336e+01 -2.153411e+01 -3.000000e+00
    endloop
  endfacet
  facet normal 0.000000e+00 0.000000e+00 -1.000000e+00
    outer loop
      vertex   -4.455664e+01 -5.446589e+01 -3.000000e+00
      vertex   -4.294336e+01 -2.153411e+01 -3.000000e+00
      vertex   -4.294336e+01 -5.446589e+01 -3.000000e+00
    endloop
  endfacet
  facet normal 0.000000e+00 0.000000e+00 -1.000000e+00
    outer loop
      vertex   -4.294336e+01 -5.446589e+01 -3.000000e+00
      vertex   -4.294336e+01 -2.153411e+01 -3.000000e+00
      vertex   -3.962500e+01 -5.500000e+01 -3.000000e+00
    endloop
  endfacet
  facet normal 0.000000e+00 0.000000e+00 -1.000000e+00
    outer loop
      vertex   -4.294336e+01 -5.446589e+01 -3.000000e+00
      vertex   -3.962500e+01 -5.500000e+01 -3.000000e+00
      vertex   -4.148985e+01 -5.516586e+01 -3.000000e+00
    endloop
  endfacet
  facet normal 0.000000e+00 0.000000e+00 -1.000000e+00
    outer loop
      vertex   -4.148985e+01 -5.516586e+01 -3.000000e+00
      vertex   -3.962500e+01 -5.500000e+01 -3.000000e+00
      vertex   -4.048399e+01 -5.642717e+01 -3.000000e+00
    endloop
  endfacet
  facet normal 0.000000e+00 0.000000e+00 -1.000000e+00
    outer loop
      vertex   -4.048399e+01 -5.642717e+01 -3.000000e+00
      vertex   -3.962500e+01 -5.500000e+01 -3.000000e+00
      vertex   -4.012500e+01 -5.800000e+01 -3.000000e+00
    endloop
  endfacet
  facet normal 0.000000e+00 0.000000e+00 -1.000000e+00
    outer loop
      vertex   -4.012500e+01 -5.800000e+01 -3.000000e+00
      vertex   -3.962500e+01 -5.500000e+01 -3.000000e+00
      vertex   -3.962500e+01 -6.500000e+01 -3.000000e+00
    endloop
  endfacet
  facet normal 0.000000e+00 -0.000000e+00 -1.000000e+00
    outer loop
      vertex   -4.012500e+01 -5.800000e+01 -3.000000e+00
      vertex   -3.962500e+01 -6.500000e+01 -3.000000e+00
      vertex   -4.048399e+01 -5.957283e+01 -3.000000e+00
    endloop
  endfacet
  facet normal 0.000000e+00 -0.000000e+00 -1.000000e+00
    outer loop
      vertex   -4.048399e+01 -5.957283e+01 -3.000000e+00
      vertex   -3.962500e+01 -6.500000e+01 -3.000000e+00
      vertex   -4.148985e+01 -6.083414e+01 -3.000000e+00
    endloop
  endfacet
  facet normal 0.000000e+00 -0.000000e+00 -1.000000e+00
    outer loop
      vertex   -4.148985e+01 -6.083414e+01 -3.000000e+00
      vertex   -3.962500e+01 -6.500000e+01 -3.000000e+00
      vertex   -4.294336e+01 -6.153411e+01 -3.000000e+00
    endloop
  endfacet
  facet normal 0.000000e+00 -0.000000e+00 -1.000000e+00
    outer loop
      vertex   -4.294336e+01 -6.153411e+01 -3.000000e+00
      vertex   -3.962500e+01 -6.500000e+01 -3.000000e+00
      vertex   -4.787500e+01 -6.500000e+01 -3.000000e+00
    endloop
  endfacet
  facet normal -0.000000e+00 0.000000e+00 -1.000000e+00
    outer loop
      vertex   -4.294336e+01 -6.153411e+01 -3.000000e+00
      vertex   -4.787500e+01 -6.500000e+01 -3.000000e+00
      vertex   -4.455664e+01 -6.153411e+01 -3.000000e+00
    endloop
  endfacet
  facet normal -0.000000e+00 0.000000e+00 -1.000000e+00
    outer loop
      vertex   -4.455664e+01 -6.153411e+01 -3.000000e+00
      vertex   -4.787500e+01 -6.500000e+01 -3.000000e+00
      vertex   -4.601015e+01 -6.083414e+01 -3.000000e+00
    endloop
  endfacet
  facet normal -0.000000e+00 0.000000e+00 -1.000000e+00
    outer loop
      vertex   -4.601015e+01 -6.083414e+01 -3.000000e+00
      vertex   -4.787500e+01 -6.500000e+01 -3.000000e+00
      vertex   -4.701601e+01 -5.957283e+01 -3.000000e+00
    endloop
  endfacet
  facet normal -0.000000e+00 0.000000e+00 -1.000000e+00
    outer loop
      vertex   -4.701601e+01 -5.957283e+01 -3.000000e+00
      vertex   -4.787500e+01 -6.500000e+01 -3.000000e+00
      vertex   -4.737500e+01 -5.800000e+01 -3.000000e+00
    endloop
  endfacet
  facet normal 0.000000e+00 0.000000e+00 -1.000000e+00
    outer loop
      vertex   -4.294336e+01 -2.153411e+01 -3.000000e+00
      vertex   -4.148985e+01 -2.083414e+01 -3.000000e+00
      vertex   -3.962500e+01 -5.500000e+01 -3.000000e+00
    endloop
  endfacet
  facet normal 0.000000e+00 0.000000e+00 -1.000000e+00
    outer loop
      vertex   -3.962500e+01 -5.500000e+01 -3.000000e+00
      vertex   -4.148985e+01 -2.083414e+01 -3.000000e+00
      vertex   -2.962500e+01 -4.500000e+01 -3.000000e+00
    endloop
  endfacet
  facet normal 0.000000e+00 0.000000e+00 -1.000000e+00
    outer loop
      vertex   -2.962500e+01 -4.500000e+01 -3.000000e+00
      vertex   -4.148985e+01 -2.083414e+01 -3.000000e+00
      vertex   -4.048399e+01 -1.957283e+01 -3.000000e+00
    endloop
  endfacet
  facet normal 0.000000e+00 0.000000e+00 -1.000000e+00
    outer loop
      vertex   -2.962500e+01 -4.500000e+01 -3.000000e+00
      vertex   -4.048399e+01 -1.957283e+01 -3.000000e+00
      vertex   -4.012500e+01 -1.800000e+01 -3.000000e+00
    endloop
  endfacet
  facet normal 0.000000e+00 0.000000e+00 -1.000000e+00
    outer loop
      vertex   -3.612500e+01 9.000000e+01 -3.000000e+00
      vertex   -4.787500e+01 1.100000e+02 -3.000000e+00
      vertex   -3.612500e+01 1.020000e+02 -3.000000e+00
    endloop
  endfacet
  facet normal 0.000000e+00 0.000000e+00 -1.000000e+00
    outer loop
      vertex   -3.612500e+01 1.020000e+02 -3.000000e+00
      vertex   -4.787500e+01 1.100000e+02 -3.000000e+00
      vertex   -3.962500e+01 1.100000e+02 -3.000000e+00
    endloop
  endfacet
  facet normal 0.000000e+00 0.000000e+00 -1.000000e+00
    outer loop
      vertex   -3.612500e+01 1.020000e+02 -3.000000e+00
      vertex   -3.962500e+01 1.100000e+02 -3.000000e+00
      vertex   -3.585705e+01 1.030000e+02 -3.000000e+00
    endloop
  endfacet
  facet normal 0.000000e+00 0.000000e+00 -1.000000e+00
    outer loop
      vertex   -3.585705e+01 1.030000e+02 -3.000000e+00
      vertex   -3.962500e+01 1.100000e+02 -3.000000e+00
      vertex   -3.512500e+01 1.037321e+02 -3.000000e+00
    endloop
  endfacet
  facet normal 0.000000e+00 0.000000e+00 -1.000000e+00
    outer loop
      vertex   -3.512500e+01 1.037321e+02 -3.000000e+00
      vertex   -3.962500e+01 1.100000e+02 -3.000000e+00
      vertex   -3.412500e+01 1.040000e+02 -3.000000e+00
    endloop
  endfacet
  facet normal 0.000000e+00 0.000000e+00 -1.000000e+00
    outer loop
      vertex   -3.412500e+01 1.040000e+02 -3.000000e+00
      vertex   -3.962500e+01 1.100000e+02 -3.000000e+00
      vertex   -3.312500e+01 1.037321e+02 -3.000000e+00
    endloop
  endfacet
  facet normal 0.000000e+00 0.000000e+00 -1.000000e+00
    outer loop
      vertex   -3.312500e+01 1.037321e+02 -3.000000e+00
      vertex   -3.962500e+01 1.100000e+02 -3.000000e+00
      vertex   -3.962500e+01 1.550000e+02 -3.000000e+00
    endloop
  endfacet
  facet normal 0.000000e+00 0.000000e+00 -1.000000e+00
    outer loop
      vertex   -3.312500e+01 1.037321e+02 -3.000000e+00
      vertex   -3.962500e+01 1.550000e+02 -3.000000e+00
      vertex   -3.239295e+01 1.030000e+02 -3.000000e+00
    endloop
  endfacet
  facet normal 0.000000e+00 0.000000e+00 -1.000000e+00
    outer loop
      vertex   -3.239295e+01 1.030000e+02 -3.000000e+00
      vertex   -3.962500e+01 1.550000e+02 -3.000000e+00
      vertex   7.625000e+00 1.550000e+02 -3.000000e+00
    endloop
  endfacet
  facet normal 0.000000e+00 0.000000e+00 -1.000000e+00
    outer loop
      vertex   -3.239295e+01 1.030000e+02 -3.000000e+00
      vertex   7.625000e+00 1.550000e+02 -3.000000e+00
      vertex   7.625000e+00 1.160000e+02 -3.000000e+00
    endloop
  endfacet
  facet normal -0.000000e+00 0.000000e+00 -1.000000e+00
    outer loop
      vertex   6.462500e+01 1.160000e+02 -3.000000e+00
      vertex   4.137500e+01 1.070000e+02 -3.000000e+00
      vertex   7.625000e+00 1.160000e+02 -3.000000e+00
    endloop
  endfacet
  facet normal 0.000000e+00 0.000000e+00 -1.000000e+00
    outer loop
      vertex   7.625000e+00 1.160000e+02 -3.000000e+00
      vertex   4.137500e+01 1.070000e+02 -3.000000e+00
      vertex   1.944263e+01 7.473292e+01 -3.000000e+00
    endloop
  endfacet
  facet normal 0.000000e+00 0.000000e+00 -1.000000e+00
    outer loop
      vertex   7.625000e+00 1.160000e+02 -3.000000e+00
      vertex   1.944263e+01 7.473292e+01 -3.000000e+00
      vertex   1.712500e+01 7.510000e+01 -3.000000e+00
    endloop
  endfacet
  facet normal 0.000000e+00 0.000000e+00 -1.000000e+00
    outer loop
      vertex   4.137500e+01 1.070000e+02 -3.000000e+00
      vertex   6.462500e+01 1.160000e+02 -3.000000e+00
      vertex   5.662500e+01 1.070000e+02 -3.000000e+00
    endloop
  endfacet
  facet normal 0.000000e+00 0.000000e+00 -1.000000e+00
    outer loop
      vertex   5.662500e+01 1.070000e+02 -3.000000e+00
      vertex   6.462500e+01 1.160000e+02 -3.000000e+00
      vertex   6.462500e+01 1.130000e+02 -3.000000e+00
    endloop
  endfacet
  facet normal 0.000000e+00 -0.000000e+00 -1.000000e+00
    outer loop
      vertex   5.662500e+01 1.070000e+02 -3.000000e+00
      vertex   6.462500e+01 1.130000e+02 -3.000000e+00
      vertex   5.662500e+01 1.050000e+02 -3.000000e+00
    endloop
  endfacet
  facet normal 0.000000e+00 0.000000e+00 -1.000000e+00
    outer loop
      vertex   4.137500e+01 -4.500000e+01 -3.000000e+00
      vertex   2.425792e+01 6.528237e+01 -3.000000e+00
      vertex   4.137500e+01 1.070000e+02 -3.000000e+00
    endloop
  endfacet
  facet normal 0.000000e+00 0.000000e+00 -1.000000e+00
    outer loop
      vertex   4.137500e+01 1.070000e+02 -3.000000e+00
      vertex   2.425792e+01 6.528237e+01 -3.000000e+00
      vertex   2.462500e+01 6.760000e+01 -3.000000e+00
    endloop
  endfacet
  facet normal 0.000000e+00 0.000000e+00 -1.000000e+00
    outer loop
      vertex   4.137500e+01 1.070000e+02 -3.000000e+00
      vertex   2.462500e+01 6.760000e+01 -3.000000e+00
      vertex   2.425792e+01 6.991763e+01 -3.000000e+00
    endloop
  endfacet
  facet normal 0.000000e+00 0.000000e+00 -1.000000e+00
    outer loop
      vertex   -2.962500e+01 -4.500000e+01 -3.000000e+00
      vertex   1.480737e+01 6.046708e+01 -3.000000e+00
      vertex   4.137500e+01 -4.500000e+01 -3.000000e+00
    endloop
  endfacet
  facet normal 0.000000e+00 0.000000e+00 -1.000000e+00
    outer loop
      vertex   4.137500e+01 -4.500000e+01 -3.000000e+00
      vertex   1.480737e+01 6.046708e+01 -3.000000e+00
      vertex   1.712500e+01 6.010000e+01 -3.000000e+00
    endloop
  endfacet
  facet normal 0.000000e+00 0.000000e+00 -1.000000e+00
    outer loop
      vertex   4.137500e+01 -4.500000e+01 -3.000000e+00
      vertex   1.712500e+01 6.010000e+01 -3.000000e+00
      vertex   1.944263e+01 6.046708e+01 -3.000000e+00
    endloop
  endfacet
  facet normal 0.000000e+00 0.000000e+00 -1.000000e+00
    outer loop
      vertex   -3.239295e+01 9.100000e+01 -3.000000e+00
      vertex   -3.212500e+01 1.020000e+02 -3.000000e+00
      vertex   -3.212500e+01 9.000000e+01 -3.000000e+00
    endloop
  endfacet
  facet normal 0.000000e+00 0.000000e+00 -1.000000e+00
    outer loop
      vertex   -3.212500e+01 9.000000e+01 -3.000000e+00
      vertex   -3.212500e+01 1.020000e+02 -3.000000e+00
      vertex   7.625000e+00 1.160000e+02 -3.000000e+00
    endloop
  endfacet
  facet normal 0.000000e+00 0.000000e+00 -1.000000e+00
    outer loop
      vertex   -3.212500e+01 9.000000e+01 -3.000000e+00
      vertex   7.625000e+00 1.160000e+02 -3.000000e+00
      vertex   9.992076e+00 6.991763e+01 -3.000000e+00
    endloop
  endfacet
  facet normal 0.000000e+00 0.000000e+00 -1.000000e+00
    outer loop
      vertex   9.992076e+00 6.991763e+01 -3.000000e+00
      vertex   7.625000e+00 1.160000e+02 -3.000000e+00
      vertex   1.105737e+01 7.200839e+01 -3.000000e+00
    endloop
  endfacet
  facet normal 0.000000e+00 0.000000e+00 -1.000000e+00
    outer loop
      vertex   1.105737e+01 7.200839e+01 -3.000000e+00
      vertex   7.625000e+00 1.160000e+02 -3.000000e+00
      vertex   1.271661e+01 7.366763e+01 -3.000000e+00
    endloop
  endfacet
  facet normal 0.000000e+00 0.000000e+00 -1.000000e+00
    outer loop
      vertex   1.271661e+01 7.366763e+01 -3.000000e+00
      vertex   7.625000e+00 1.160000e+02 -3.000000e+00
      vertex   1.480737e+01 7.473292e+01 -3.000000e+00
    endloop
  endfacet
  facet normal 0.000000e+00 0.000000e+00 -1.000000e+00
    outer loop
      vertex   1.480737e+01 7.473292e+01 -3.000000e+00
      vertex   7.625000e+00 1.160000e+02 -3.000000e+00
      vertex   1.712500e+01 7.510000e+01 -3.000000e+00
    endloop
  endfacet
  facet normal 0.000000e+00 0.000000e+00 -1.000000e+00
    outer loop
      vertex   -3.212500e+01 1.020000e+02 -3.000000e+00
      vertex   -3.239295e+01 9.100000e+01 -3.000000e+00
      vertex   -3.239295e+01 1.010000e+02 -3.000000e+00
    endloop
  endfacet
  facet normal 0.000000e+00 0.000000e+00 -1.000000e+00
    outer loop
      vertex   -3.239295e+01 1.010000e+02 -3.000000e+00
      vertex   -3.239295e+01 9.100000e+01 -3.000000e+00
      vertex   -3.312500e+01 9.173205e+01 -3.000000e+00
    endloop
  endfacet
  facet normal 0.000000e+00 0.000000e+00 -1.000000e+00
    outer loop
      vertex   -3.239295e+01 1.010000e+02 -3.000000e+00
      vertex   -3.312500e+01 9.173205e+01 -3.000000e+00
      vertex   -3.312500e+01 1.002679e+02 -3.000000e+00
    endloop
  endfacet
  facet normal 0.000000e+00 0.000000e+00 -1.000000e+00
    outer loop
      vertex   -3.312500e+01 1.002679e+02 -3.000000e+00
      vertex   -3.312500e+01 9.173205e+01 -3.000000e+00
      vertex   -3.412500e+01 1.000000e+02 -3.000000e+00
    endloop
  endfacet
  facet normal 0.000000e+00 -0.000000e+00 -1.000000e+00
    outer loop
      vertex   -3.412500e+01 1.000000e+02 -3.000000e+00
      vertex   -3.312500e+01 9.173205e+01 -3.000000e+00
      vertex   -3.412500e+01 9.200000e+01 -3.000000e+00
    endloop
  endfacet
  facet normal 0.000000e+00 0.000000e+00 -1.000000e+00
    outer loop
      vertex   -3.412500e+01 1.000000e+02 -3.000000e+00
      vertex   -3.412500e+01 9.200000e+01 -3.000000e+00
      vertex   -3.512500e+01 9.173205e+01 -3.000000e+00
    endloop
  endfacet
  facet normal -0.000000e+00 0.000000e+00 -1.000000e+00
    outer loop
      vertex   -3.412500e+01 1.000000e+02 -3.000000e+00
      vertex   -3.512500e+01 9.173205e+01 -3.000000e+00
      vertex   -3.512500e+01 1.002679e+02 -3.000000e+00
    endloop
  endfacet
  facet normal 0.000000e+00 0.000000e+00 -1.000000e+00
    outer loop
      vertex   -3.512500e+01 1.002679e+02 -3.000000e+00
      vertex   -3.512500e+01 9.173205e+01 -3.000000e+00
      vertex   -3.585705e+01 9.100000e+01 -3.000000e+00
    endloop
  endfacet
  facet normal -0.000000e+00 0.000000e+00 -1.000000e+00
    outer loop
      vertex   -3.512500e+01 1.002679e+02 -3.000000e+00
      vertex   -3.585705e+01 9.100000e+01 -3.000000e+00
      vertex   -3.585705e+01 1.010000e+02 -3.000000e+00
    endloop
  endfacet
  facet normal -0.000000e+00 -0.000000e+00 -1.000000e+00
    outer loop
      vertex   -3.585705e+01 1.010000e+02 -3.000000e+00
      vertex   -3.585705e+01 9.100000e+01 -3.000000e+00
      vertex   -3.612500e+01 1.020000e+02 -3.000000e+00
    endloop
  endfacet
  facet normal 0.000000e+00 -0.000000e+00 -1.000000e+00
    outer loop
      vertex   -3.612500e+01 1.020000e+02 -3.000000e+00
      vertex   -3.585705e+01 9.100000e+01 -3.000000e+00
      vertex   -3.612500e+01 9.000000e+01 -3.000000e+00
    endloop
  endfacet
  facet normal 0.000000e+00 0.000000e+00 -1.000000e+00
    outer loop
      vertex   -3.212500e+01 1.020000e+02 -3.000000e+00
      vertex   -3.239295e+01 1.030000e+02 -3.000000e+00
      vertex   7.625000e+00 1.160000e+02 -3.000000e+00
    endloop
  endfacet
  facet normal 0.000000e+00 -0.000000e+00 -1.000000e+00
    outer loop
      vertex   9.992076e+00 6.528237e+01 -3.000000e+00
      vertex   1.105737e+01 6.319161e+01 -3.000000e+00
      vertex   -4.012500e+01 2.200000e+01 -3.000000e+00
    endloop
  endfacet
  facet normal 0.000000e+00 0.000000e+00 -1.000000e+00
    outer loop
      vertex   1.944263e+01 6.046708e+01 -3.000000e+00
      vertex   2.153339e+01 6.153237e+01 -3.000000e+00
      vertex   4.137500e+01 -4.500000e+01 -3.000000e+00
    endloop
  endfacet
  facet normal 0.000000e+00 0.000000e+00 -1.000000e+00
    outer loop
      vertex   4.137500e+01 -4.500000e+01 -3.000000e+00
      vertex   2.153339e+01 6.153237e+01 -3.000000e+00
      vertex   2.319263e+01 6.319161e+01 -3.000000e+00
    endloop
  endfacet
  facet normal 0.000000e+00 0.000000e+00 -1.000000e+00
    outer loop
      vertex   4.137500e+01 -4.500000e+01 -3.000000e+00
      vertex   2.319263e+01 6.319161e+01 -3.000000e+00
      vertex   2.425792e+01 6.528237e+01 -3.000000e+00
    endloop
  endfacet
  facet normal 0.000000e+00 0.000000e+00 -1.000000e+00
    outer loop
      vertex   2.425792e+01 6.991763e+01 -3.000000e+00
      vertex   2.319263e+01 7.200839e+01 -3.000000e+00
      vertex   4.137500e+01 1.070000e+02 -3.000000e+00
    endloop
  endfacet
  facet normal 0.000000e+00 0.000000e+00 -1.000000e+00
    outer loop
      vertex   4.137500e+01 1.070000e+02 -3.000000e+00
      vertex   2.319263e+01 7.200839e+01 -3.000000e+00
      vertex   2.153339e+01 7.366763e+01 -3.000000e+00
    endloop
  endfacet
  facet normal 0.000000e+00 0.000000e+00 -1.000000e+00
    outer loop
      vertex   4.137500e+01 1.070000e+02 -3.000000e+00
      vertex   2.153339e+01 7.366763e+01 -3.000000e+00
      vertex   1.944263e+01 7.473292e+01 -3.000000e+00
    endloop
  endfacet
  facet normal -0.000000e+00 0.000000e+00 -1.000000e+00
    outer loop
      vertex   9.992076e+00 6.991763e+01 -3.000000e+00
      vertex   9.625000e+00 6.760000e+01 -3.000000e+00
      vertex   -3.212500e+01 9.000000e+01 -3.000000e+00
    endloop
  endfacet
  facet normal 0.000000e+00 -0.000000e+00 -1.000000e+00
    outer loop
      vertex   7.625000e+00 1.550000e+02 0.000000e+00
      vertex   1.462500e+01 1.370000e+02 0.000000e+00
      vertex   7.625000e+00 1.160000e+02 0.000000e+00
    endloop
  endfacet
  facet normal 0.000000e+00 0.000000e+00 -1.000000e+00
    outer loop
      vertex   7.625000e+00 1.160000e+02 0.000000e+00
      vertex   1.462500e+01 1.370000e+02 0.000000e+00
      vertex   1.489295e+01 1.360000e+02 0.000000e+00
    endloop
  endfacet
  facet normal 0.000000e+00 0.000000e+00 -1.000000e+00
    outer loop
      vertex   7.625000e+00 1.160000e+02 0.000000e+00
      vertex   1.489295e+01 1.360000e+02 0.000000e+00
      vertex   1.489295e+01 1.220000e+02 0.000000e+00
    endloop
  endfacet
  facet normal 0.000000e+00 0.000000e+00 -1.000000e+00
    outer loop
      vertex   1.489295e+01 1.220000e+02 0.000000e+00
      vertex   1.489295e+01 1.360000e+02 0.000000e+00
      vertex   1.562500e+01 1.227321e+02 0.000000e+00
    endloop
  endfacet
  facet normal 0.000000e+00 0.000000e+00 -1.000000e+00
    outer loop
      vertex   1.562500e+01 1.227321e+02 0.000000e+00
      vertex   1.489295e+01 1.360000e+02 0.000000e+00
      vertex   1.562500e+01 1.352679e+02 0.000000e+00
    endloop
  endfacet
  facet normal 0.000000e+00 0.000000e+00 -1.000000e+00
    outer loop
      vertex   1.562500e+01 1.227321e+02 0.000000e+00
      vertex   1.562500e+01 1.352679e+02 0.000000e+00
      vertex   2.162500e+01 1.290000e+02 0.000000e+00
    endloop
  endfacet
  facet normal 0.000000e+00 0.000000e+00 -1.000000e+00
    outer loop
      vertex   2.162500e+01 1.290000e+02 0.000000e+00
      vertex   1.562500e+01 1.352679e+02 0.000000e+00
      vertex   1.662500e+01 1.350000e+02 0.000000e+00
    endloop
  endfacet
  facet normal 0.000000e+00 0.000000e+00 -1.000000e+00
    outer loop
      vertex   2.162500e+01 1.290000e+02 0.000000e+00
      vertex   1.662500e+01 1.350000e+02 0.000000e+00
      vertex   1.762500e+01 1.352679e+02 0.000000e+00
    endloop
  endfacet
  facet normal -0.000000e+00 0.000000e+00 -1.000000e+00
    outer loop
      vertex   2.162500e+01 1.550000e+02 0.000000e+00
      vertex   1.662500e+01 1.510000e+02 0.000000e+00
      vertex   7.625000e+00 1.550000e+02 0.000000e+00
    endloop
  endfacet
  facet normal 0.000000e+00 0.000000e+00 -1.000000e+00
    outer loop
      vertex   7.625000e+00 1.550000e+02 0.000000e+00
      vertex   1.662500e+01 1.510000e+02 0.000000e+00
      vertex   1.562500e+01 1.507321e+02 0.000000e+00
    endloop
  endfacet
  facet normal 0.000000e+00 0.000000e+00 -1.000000e+00
    outer loop
      vertex   7.625000e+00 1.550000e+02 0.000000e+00
      vertex   1.562500e+01 1.507321e+02 0.000000e+00
      vertex   1.489295e+01 1.500000e+02 0.000000e+00
    endloop
  endfacet
  facet normal 0.000000e+00 0.000000e+00 -1.000000e+00
    outer loop
      vertex   2.162500e+01 1.290000e+02 0.000000e+00
      vertex   1.862500e+01 1.370000e+02 0.000000e+00
      vertex   2.162500e+01 1.550000e+02 0.000000e+00
    endloop
  endfacet
  facet normal 0.000000e+00 0.000000e+00 -1.000000e+00
    outer loop
      vertex   2.162500e+01 1.550000e+02 0.000000e+00
      vertex   1.862500e+01 1.370000e+02 0.000000e+00
      vertex   1.835705e+01 1.380000e+02 0.000000e+00
    endloop
  endfacet
  facet normal 0.000000e+00 0.000000e+00 -1.000000e+00
    outer loop
      vertex   2.162500e+01 1.550000e+02 0.000000e+00
      vertex   1.835705e+01 1.380000e+02 0.000000e+00
      vertex   1.835705e+01 1.480000e+02 0.000000e+00
    endloop
  endfacet
  facet normal 0.000000e+00 -0.000000e+00 -1.000000e+00
    outer loop
      vertex   1.835705e+01 1.480000e+02 0.000000e+00
      vertex   1.835705e+01 1.380000e+02 0.000000e+00
      vertex   1.762500e+01 1.472679e+02 0.000000e+00
    endloop
  endfacet
  facet normal 0.000000e+00 0.000000e+00 -1.000000e+00
    outer loop
      vertex   1.762500e+01 1.472679e+02 0.000000e+00
      vertex   1.835705e+01 1.380000e+02 0.000000e+00
      vertex   1.762500e+01 1.387321e+02 0.000000e+00
    endloop
  endfacet
  facet normal 0.000000e+00 -0.000000e+00 -1.000000e+00
    outer loop
      vertex   1.762500e+01 1.472679e+02 0.000000e+00
      vertex   1.762500e+01 1.387321e+02 0.000000e+00
      vertex   1.662500e+01 1.470000e+02 0.000000e+00
    endloop
  endfacet
  facet normal 0.000000e+00 0.000000e+00 -1.000000e+00
    outer loop
      vertex   1.662500e+01 1.470000e+02 0.000000e+00
      vertex   1.762500e+01 1.387321e+02 0.000000e+00
      vertex   1.662500e+01 1.390000e+02 0.000000e+00
    endloop
  endfacet
  facet normal 0.000000e+00 -0.000000e+00 -1.000000e+00
    outer loop
      vertex   1.662500e+01 1.470000e+02 0.000000e+00
      vertex   1.662500e+01 1.390000e+02 0.000000e+00
      vertex   1.562500e+01 1.387321e+02 0.000000e+00
    endloop
  endfacet
  facet normal -0.000000e+00 0.000000e+00 -1.000000e+00
    outer loop
      vertex   6.462500e+01 1.290000e+02 0.000000e+00
      vertex   4.444828e+01 1.277250e+02 0.000000e+00
      vertex   2.162500e+01 1.290000e+02 0.000000e+00
    endloop
  endfacet
  facet normal 0.000000e+00 0.000000e+00 -1.000000e+00
    outer loop
      vertex   2.162500e+01 1.290000e+02 0.000000e+00
      vertex   4.444828e+01 1.277250e+02 0.000000e+00
      vertex   4.130172e+01 1.277250e+02 0.000000e+00
    endloop
  endfacet
  facet normal 0.000000e+00 0.000000e+00 -1.000000e+00
    outer loop
      vertex   2.162500e+01 1.290000e+02 0.000000e+00
      vertex   4.130172e+01 1.277250e+02 0.000000e+00
      vertex   2.862500e+01 1.230000e+02 0.000000e+00
    endloop
  endfacet
  facet normal 0.000000e+00 0.000000e+00 -1.000000e+00
    outer loop
      vertex   2.862500e+01 1.230000e+02 0.000000e+00
      vertex   4.130172e+01 1.277250e+02 0.000000e+00
      vertex   2.962500e+01 1.227321e+02 0.000000e+00
    endloop
  endfacet
  facet normal 0.000000e+00 0.000000e+00 -1.000000e+00
    outer loop
      vertex   2.962500e+01 1.227321e+02 0.000000e+00
      vertex   4.130172e+01 1.277250e+02 0.000000e+00
      vertex   3.972844e+01 1.250000e+02 0.000000e+00
    endloop
  endfacet
  facet normal 0.000000e+00 0.000000e+00 -1.000000e+00
    outer loop
      vertex   2.962500e+01 1.227321e+02 0.000000e+00
      vertex   3.972844e+01 1.250000e+02 0.000000e+00
      vertex   3.035705e+01 1.220000e+02 0.000000e+00
    endloop
  endfacet
  facet normal 0.000000e+00 0.000000e+00 -1.000000e+00
    outer loop
      vertex   3.035705e+01 1.220000e+02 0.000000e+00
      vertex   3.972844e+01 1.250000e+02 0.000000e+00
      vertex   4.130172e+01 1.222750e+02 0.000000e+00
    endloop
  endfacet
  facet normal 0.000000e+00 0.000000e+00 -1.000000e+00
    outer loop
      vertex   3.035705e+01 1.220000e+02 0.000000e+00
      vertex   4.130172e+01 1.222750e+02 0.000000e+00
      vertex   3.062500e+01 1.210000e+02 0.000000e+00
    endloop
  endfacet
  facet normal 0.000000e+00 -0.000000e+00 -1.000000e+00
    outer loop
      vertex   3.062500e+01 1.210000e+02 0.000000e+00
      vertex   4.130172e+01 1.222750e+02 0.000000e+00
      vertex   3.035705e+01 1.200000e+02 0.000000e+00
    endloop
  endfacet
  facet normal 0.000000e+00 -0.000000e+00 -1.000000e+00
    outer loop
      vertex   3.035705e+01 1.200000e+02 0.000000e+00
      vertex   4.130172e+01 1.222750e+02 0.000000e+00
      vertex   2.962500e+01 1.192679e+02 0.000000e+00
    endloop
  endfacet
  facet normal 0.000000e+00 0.000000e+00 -1.000000e+00
    outer loop
      vertex   2.962500e+01 1.192679e+02 0.000000e+00
      vertex   4.130172e+01 1.222750e+02 0.000000e+00
      vertex   4.444828e+01 1.222750e+02 0.000000e+00
    endloop
  endfacet
  facet normal 0.000000e+00 0.000000e+00 -1.000000e+00
    outer loop
      vertex   2.962500e+01 1.192679e+02 0.000000e+00
      vertex   4.444828e+01 1.222750e+02 0.000000e+00
      vertex   5.762500e+01 1.192679e+02 0.000000e+00
    endloop
  endfacet
  facet normal 0.000000e+00 0.000000e+00 -1.000000e+00
    outer loop
      vertex   5.762500e+01 1.192679e+02 0.000000e+00
      vertex   4.444828e+01 1.222750e+02 0.000000e+00
      vertex   5.689295e+01 1.200000e+02 0.000000e+00
    endloop
  endfacet
  facet normal 0.000000e+00 0.000000e+00 -1.000000e+00
    outer loop
      vertex   5.689295e+01 1.200000e+02 0.000000e+00
      vertex   4.444828e+01 1.222750e+02 0.000000e+00
      vertex   5.662500e+01 1.210000e+02 0.000000e+00
    endloop
  endfacet
  facet normal 0.000000e+00 0.000000e+00 -1.000000e+00
    outer loop
      vertex   5.662500e+01 1.210000e+02 0.000000e+00
      vertex   4.444828e+01 1.222750e+02 0.000000e+00
      vertex   4.602156e+01 1.250000e+02 0.000000e+00
    endloop
  endfacet
  facet normal 0.000000e+00 0.000000e+00 -1.000000e+00
    outer loop
      vertex   5.662500e+01 1.210000e+02 0.000000e+00
      vertex   4.602156e+01 1.250000e+02 0.000000e+00
      vertex   5.689295e+01 1.220000e+02 0.000000e+00
    endloop
  endfacet
  facet normal 0.000000e+00 0.000000e+00 -1.000000e+00
    outer loop
      vertex   5.689295e+01 1.220000e+02 0.000000e+00
      vertex   4.602156e+01 1.250000e+02 0.000000e+00
      vertex   5.762500e+01 1.227321e+02 0.000000e+00
    endloop
  endfacet
  facet normal 0.000000e+00 0.000000e+00 -1.000000e+00
    outer loop
      vertex   5.762500e+01 1.227321e+02 0.000000e+00
      vertex   4.602156e+01 1.250000e+02 0.000000e+00
      vertex   4.444828e+01 1.277250e+02 0.000000e+00
    endloop
  endfacet
  facet normal 0.000000e+00 0.000000e+00 -1.000000e+00
    outer loop
      vertex   5.762500e+01 1.227321e+02 0.000000e+00
      vertex   4.444828e+01 1.277250e+02 0.000000e+00
      vertex   5.862500e+01 1.230000e+02 0.000000e+00
    endloop
  endfacet
  facet normal 0.000000e+00 0.000000e+00 -1.000000e+00
    outer loop
      vertex   5.862500e+01 1.230000e+02 0.000000e+00
      vertex   4.444828e+01 1.277250e+02 0.000000e+00
      vertex   6.462500e+01 1.290000e+02 0.000000e+00
    endloop
  endfacet
  facet normal 0.000000e+00 0.000000e+00 -1.000000e+00
    outer loop
      vertex   5.862500e+01 1.230000e+02 0.000000e+00
      vertex   6.462500e+01 1.290000e+02 0.000000e+00
      vertex   5.962500e+01 1.227321e+02 0.000000e+00
    endloop
  endfacet
  facet normal 0.000000e+00 0.000000e+00 -1.000000e+00
    outer loop
      vertex   5.962500e+01 1.227321e+02 0.000000e+00
      vertex   6.462500e+01 1.290000e+02 0.000000e+00
      vertex   6.035705e+01 1.220000e+02 0.000000e+00
    endloop
  endfacet
  facet normal 0.000000e+00 0.000000e+00 -1.000000e+00
    outer loop
      vertex   6.035705e+01 1.220000e+02 0.000000e+00
      vertex   6.462500e+01 1.290000e+02 0.000000e+00
      vertex   6.062500e+01 1.210000e+02 0.000000e+00
    endloop
  endfacet
  facet normal 0.000000e+00 0.000000e+00 -1.000000e+00
    outer loop
      vertex   6.062500e+01 1.210000e+02 0.000000e+00
      vertex   6.462500e+01 1.290000e+02 0.000000e+00
      vertex   6.462500e+01 1.160000e+02 0.000000e+00
    endloop
  endfacet
  facet normal 0.000000e+00 -0.000000e+00 -1.000000e+00
    outer loop
      vertex   6.062500e+01 1.210000e+02 0.000000e+00
      vertex   6.462500e+01 1.160000e+02 0.000000e+00
      vertex   6.035705e+01 1.200000e+02 0.000000e+00
    endloop
  endfacet
  facet normal 0.000000e+00 -0.000000e+00 -1.000000e+00
    outer loop
      vertex   6.035705e+01 1.200000e+02 0.000000e+00
      vertex   6.462500e+01 1.160000e+02 0.000000e+00
      vertex   5.962500e+01 1.192679e+02 0.000000e+00
    endloop
  endfacet
  facet normal 0.000000e+00 -0.000000e+00 -1.000000e+00
    outer loop
      vertex   5.962500e+01 1.192679e+02 0.000000e+00
      vertex   6.462500e+01 1.160000e+02 0.000000e+00
      vertex   5.862500e+01 1.190000e+02 0.000000e+00
    endloop
  endfacet
  facet normal -0.000000e+00 -0.000000e+00 -1.000000e+00
    outer loop
      vertex   5.862500e+01 1.190000e+02 0.000000e+00
      vertex   6.462500e+01 1.160000e+02 0.000000e+00
      vertex   5.762500e+01 1.192679e+02 0.000000e+00
    endloop
  endfacet
  facet normal -0.000000e+00 -0.000000e+00 -1.000000e+00
    outer loop
      vertex   5.762500e+01 1.192679e+02 0.000000e+00
      vertex   6.462500e+01 1.160000e+02 0.000000e+00
      vertex   2.962500e+01 1.192679e+02 0.000000e+00
    endloop
  endfacet
  facet normal 0.000000e+00 -0.000000e+00 -1.000000e+00
    outer loop
      vertex   2.962500e+01 1.192679e+02 0.000000e+00
      vertex   6.462500e+01 1.160000e+02 0.000000e+00
      vertex   2.862500e+01 1.190000e+02 0.000000e+00
    endloop
  endfacet
  facet normal 0.000000e+00 -0.000000e+00 -1.000000e+00
    outer loop
      vertex   2.862500e+01 1.190000e+02 0.000000e+00
      vertex   6.462500e+01 1.160000e+02 0.000000e+00
      vertex   7.625000e+00 1.160000e+02 0.000000e+00
    endloop
  endfacet
  facet normal 0.000000e+00 0.000000e+00 -1.000000e+00
    outer loop
      vertex   2.862500e+01 1.190000e+02 0.000000e+00
      vertex   7.625000e+00 1.160000e+02 0.000000e+00
      vertex   1.662500e+01 1.190000e+02 0.000000e+00
    endloop
  endfacet
  facet normal -0.000000e+00 0.000000e+00 -1.000000e+00
    outer loop
      vertex   1.662500e+01 1.190000e+02 0.000000e+00
      vertex   7.625000e+00 1.160000e+02 0.000000e+00
      vertex   1.562500e+01 1.192679e+02 0.000000e+00
    endloop
  endfacet
  facet normal -0.000000e+00 0.000000e+00 -1.000000e+00
    outer loop
      vertex   1.562500e+01 1.192679e+02 0.000000e+00
      vertex   7.625000e+00 1.160000e+02 0.000000e+00
      vertex   1.489295e+01 1.200000e+02 0.000000e+00
    endloop
  endfacet
  facet normal -0.000000e+00 0.000000e+00 -1.000000e+00
    outer loop
      vertex   1.489295e+01 1.200000e+02 0.000000e+00
      vertex   7.625000e+00 1.160000e+02 0.000000e+00
      vertex   1.462500e+01 1.210000e+02 0.000000e+00
    endloop
  endfacet
  facet normal -0.000000e+00 0.000000e+00 -1.000000e+00
    outer loop
      vertex   1.462500e+01 1.210000e+02 0.000000e+00
      vertex   7.625000e+00 1.160000e+02 0.000000e+00
      vertex   1.489295e+01 1.220000e+02 0.000000e+00
    endloop
  endfacet
  facet normal -0.000000e+00 0.000000e+00 -1.000000e+00
    outer loop
      vertex   2.689295e+01 1.200000e+02 0.000000e+00
      vertex   1.835705e+01 1.200000e+02 0.000000e+00
      vertex   2.662500e+01 1.210000e+02 0.000000e+00
    endloop
  endfacet
  facet normal 0.000000e+00 0.000000e+00 -1.000000e+00
    outer loop
      vertex   2.662500e+01 1.210000e+02 0.000000e+00
      vertex   1.835705e+01 1.200000e+02 0.000000e+00
      vertex   1.862500e+01 1.210000e+02 0.000000e+00
    endloop
  endfacet
  facet normal -0.000000e+00 0.000000e+00 -1.000000e+00
    outer loop
      vertex   2.662500e+01 1.210000e+02 0.000000e+00
      vertex   1.862500e+01 1.210000e+02 0.000000e+00
      vertex   2.689295e+01 1.220000e+02 0.000000e+00
    endloop
  endfacet
  facet normal 0.000000e+00 0.000000e+00 -1.000000e+00
    outer loop
      vertex   2.689295e+01 1.220000e+02 0.000000e+00
      vertex   1.862500e+01 1.210000e+02 0.000000e+00
      vertex   1.835705e+01 1.220000e+02 0.000000e+00
    endloop
  endfacet
  facet normal -0.000000e+00 0.000000e+00 -1.000000e+00
    outer loop
      vertex   2.689295e+01 1.220000e+02 0.000000e+00
      vertex   1.835705e+01 1.220000e+02 0.000000e+00
      vertex   2.762500e+01 1.227321e+02 0.000000e+00
    endloop
  endfacet
  facet normal 0.000000e+00 0.000000e+00 -1.000000e+00
    outer loop
      vertex   2.762500e+01 1.227321e+02 0.000000e+00
      vertex   1.835705e+01 1.220000e+02 0.000000e+00
      vertex   1.762500e+01 1.227321e+02 0.000000e+00
    endloop
  endfacet
  facet normal -0.000000e+00 0.000000e+00 -1.000000e+00
    outer loop
      vertex   2.762500e+01 1.227321e+02 0.000000e+00
      vertex   1.762500e+01 1.227321e+02 0.000000e+00
      vertex   2.162500e+01 1.290000e+02 0.000000e+00
    endloop
  endfacet
  facet normal 0.000000e+00 0.000000e+00 -1.000000e+00
    outer loop
      vertex   2.162500e+01 1.290000e+02 0.000000e+00
      vertex   1.762500e+01 1.227321e+02 0.000000e+00
      vertex   1.662500e+01 1.230000e+02 0.000000e+00
    endloop
  endfacet
  facet normal 0.000000e+00 0.000000e+00 -1.000000e+00
    outer loop
      vertex   2.162500e+01 1.290000e+02 0.000000e+00
      vertex   1.662500e+01 1.230000e+02 0.000000e+00
      vertex   1.562500e+01 1.227321e+02 0.000000e+00
    endloop
  endfacet
  facet normal 0.000000e+00 -0.000000e+00 -1.000000e+00
    outer loop
      vertex   1.835705e+01 1.200000e+02 0.000000e+00
      vertex   2.689295e+01 1.200000e+02 0.000000e+00
      vertex   1.762500e+01 1.192679e+02 0.000000e+00
    endloop
  endfacet
  facet normal 0.000000e+00 0.000000e+00 -1.000000e+00
    outer loop
      vertex   1.762500e+01 1.192679e+02 0.000000e+00
      vertex   2.689295e+01 1.200000e+02 0.000000e+00
      vertex   2.762500e+01 1.192679e+02 0.000000e+00
    endloop
  endfacet
  facet normal 0.000000e+00 -0.000000e+00 -1.000000e+00
    outer loop
      vertex   1.762500e+01 1.192679e+02 0.000000e+00
      vertex   2.762500e+01 1.192679e+02 0.000000e+00
      vertex   1.662500e+01 1.190000e+02 0.000000e+00
    endloop
  endfacet
  facet normal 0.000000e+00 0.000000e+00 -1.000000e+00
    outer loop
      vertex   1.662500e+01 1.190000e+02 0.000000e+00
      vertex   2.762500e+01 1.192679e+02 0.000000e+00
      vertex   2.862500e+01 1.190000e+02 0.000000e+00
    endloop
  endfacet
  facet normal -0.000000e+00 0.000000e+00 -1.000000e+00
    outer loop
      vertex   2.862500e+01 1.230000e+02 0.000000e+00
      vertex   2.762500e+01 1.227321e+02 0.000000e+00
      vertex   2.162500e+01 1.290000e+02 0.000000e+00
    endloop
  endfacet
  facet normal 0.000000e+00 0.000000e+00 -1.000000e+00
    outer loop
      vertex   1.762500e+01 1.352679e+02 0.000000e+00
      vertex   1.835705e+01 1.360000e+02 0.000000e+00
      vertex   2.162500e+01 1.290000e+02 0.000000e+00
    endloop
  endfacet
  facet normal 0.000000e+00 0.000000e+00 -1.000000e+00
    outer loop
      vertex   2.162500e+01 1.290000e+02 0.000000e+00
      vertex   1.835705e+01 1.360000e+02 0.000000e+00
      vertex   1.862500e+01 1.370000e+02 0.000000e+00
    endloop
  endfacet
  facet normal -0.000000e+00 0.000000e+00 -1.000000e+00
    outer loop
      vertex   1.662500e+01 1.470000e+02 0.000000e+00
      vertex   1.562500e+01 1.387321e+02 0.000000e+00
      vertex   1.562500e+01 1.472679e+02 0.000000e+00
    endloop
  endfacet
  facet normal 0.000000e+00 -0.000000e+00 -1.000000e+00
    outer loop
      vertex   1.562500e+01 1.472679e+02 0.000000e+00
      vertex   1.562500e+01 1.387321e+02 0.000000e+00
      vertex   1.489295e+01 1.380000e+02 0.000000e+00
    endloop
  endfacet
  facet normal -0.000000e+00 0.000000e+00 -1.000000e+00
    outer loop
      vertex   1.562500e+01 1.472679e+02 0.000000e+00
      vertex   1.489295e+01 1.380000e+02 0.000000e+00
      vertex   1.489295e+01 1.480000e+02 0.000000e+00
    endloop
  endfacet
  facet normal -0.000000e+00 -0.000000e+00 -1.000000e+00
    outer loop
      vertex   1.489295e+01 1.480000e+02 0.000000e+00
      vertex   1.489295e+01 1.380000e+02 0.000000e+00
      vertex   7.625000e+00 1.550000e+02 0.000000e+00
    endloop
  endfacet
  facet normal 0.000000e+00 0.000000e+00 -1.000000e+00
    outer loop
      vertex   1.489295e+01 1.480000e+02 0.000000e+00
      vertex   7.625000e+00 1.550000e+02 0.000000e+00
      vertex   1.462500e+01 1.490000e+02 0.000000e+00
    endloop
  endfacet
  facet normal 0.000000e+00 0.000000e+00 -1.000000e+00
    outer loop
      vertex   1.462500e+01 1.490000e+02 0.000000e+00
      vertex   7.625000e+00 1.550000e+02 0.000000e+00
      vertex   1.489295e+01 1.500000e+02 0.000000e+00
    endloop
  endfacet
  facet normal -0.000000e+00 0.000000e+00 -1.000000e+00
    outer loop
      vertex   1.489295e+01 1.380000e+02 0.000000e+00
      vertex   1.462500e+01 1.370000e+02 0.000000e+00
      vertex   7.625000e+00 1.550000e+02 0.000000e+00
    endloop
  endfacet
  facet normal 0.000000e+00 0.000000e+00 -1.000000e+00
    outer loop
      vertex   1.835705e+01 1.480000e+02 0.000000e+00
      vertex   1.862500e+01 1.490000e+02 0.000000e+00
      vertex   2.162500e+01 1.550000e+02 0.000000e+00
    endloop
  endfacet
  facet normal 0.000000e+00 0.000000e+00 -1.000000e+00
    outer loop
      vertex   2.162500e+01 1.550000e+02 0.000000e+00
      vertex   1.862500e+01 1.490000e+02 0.000000e+00
      vertex   1.835705e+01 1.500000e+02 0.000000e+00
    endloop
  endfacet
  facet normal 0.000000e+00 0.000000e+00 -1.000000e+00
    outer loop
      vertex   2.162500e+01 1.550000e+02 0.000000e+00
      vertex   1.835705e+01 1.500000e+02 0.000000e+00
      vertex   1.762500e+01 1.507321e+02 0.000000e+00
    endloop
  endfacet
  facet normal 0.000000e+00 0.000000e+00 -1.000000e+00
    outer loop
      vertex   1.762500e+01 1.507321e+02 0.000000e+00
      vertex   1.662500e+01 1.510000e+02 0.000000e+00
      vertex   2.162500e+01 1.550000e+02 0.000000e+00
    endloop
  endfacet
  facet normal 0.000000e+00 0.000000e+00 -1.000000e+00
    outer loop
      vertex   -4.787500e+01 8.700000e+01 0.000000e+00
      vertex   -5.062500e+01 1.020000e+02 0.000000e+00
      vertex   -4.787500e+01 1.100000e+02 0.000000e+00
    endloop
  endfacet
  facet normal 0.000000e+00 0.000000e+00 -1.000000e+00
    outer loop
      vertex   -4.787500e+01 1.100000e+02 0.000000e+00
      vertex   -5.062500e+01 1.020000e+02 0.000000e+00
      vertex   -5.089295e+01 1.030000e+02 0.000000e+00
    endloop
  endfacet
  facet normal 0.000000e+00 0.000000e+00 -1.000000e+00
    outer loop
      vertex   -4.787500e+01 1.100000e+02 0.000000e+00
      vertex   -5.089295e+01 1.030000e+02 0.000000e+00
      vertex   -5.162500e+01 1.037321e+02 0.000000e+00
    endloop
  endfacet
  facet normal 0.000000e+00 0.000000e+00 -1.000000e+00
    outer loop
      vertex   -5.537500e+01 8.700000e+01 0.000000e+00
      vertex   -5.262500e+01 8.800000e+01 0.000000e+00
      vertex   -4.787500e+01 8.700000e+01 0.000000e+00
    endloop
  endfacet
  facet normal 0.000000e+00 0.000000e+00 -1.000000e+00
    outer loop
      vertex   -4.787500e+01 8.700000e+01 0.000000e+00
      vertex   -5.262500e+01 8.800000e+01 0.000000e+00
      vertex   -5.162500e+01 8.826795e+01 0.000000e+00
    endloop
  endfacet
  facet normal 0.000000e+00 0.000000e+00 -1.000000e+00
    outer loop
      vertex   -4.787500e+01 8.700000e+01 0.000000e+00
      vertex   -5.162500e+01 8.826795e+01 0.000000e+00
      vertex   -5.089295e+01 8.900000e+01 0.000000e+00
    endloop
  endfacet
  facet normal 0.000000e+00 0.000000e+00 -1.000000e+00
    outer loop
      vertex   -5.537500e+01 8.750000e+01 0.000000e+00
      vertex   -5.435705e+01 8.900000e+01 0.000000e+00
      vertex   -5.537500e+01 8.700000e+01 0.000000e+00
    endloop
  endfacet
  facet normal 0.000000e+00 0.000000e+00 -1.000000e+00
    outer loop
      vertex   -5.537500e+01 8.700000e+01 0.000000e+00
      vertex   -5.435705e+01 8.900000e+01 0.000000e+00
      vertex   -5.362500e+01 8.826795e+01 0.000000e+00
    endloop
  endfacet
  facet normal 0.000000e+00 0.000000e+00 -1.000000e+00
    outer loop
      vertex   -5.537500e+01 8.700000e+01 0.000000e+00
      vertex   -5.362500e+01 8.826795e+01 0.000000e+00
      vertex   -5.262500e+01 8.800000e+01 0.000000e+00
    endloop
  endfacet
  facet normal -0.000000e+00 0.000000e+00 -1.000000e+00
    outer loop
      vertex   -5.435705e+01 8.900000e+01 0.000000e+00
      vertex   -5.537500e+01 8.750000e+01 0.000000e+00
      vertex   -5.462500e+01 9.000000e+01 0.000000e+00
    endloop
  endfacet
  facet normal 0.000000e+00 0.000000e+00 -1.000000e+00
    outer loop
      vertex   -5.462500e+01 9.000000e+01 0.000000e+00
      vertex   -5.537500e+01 8.750000e+01 0.000000e+00
      vertex   -5.662500e+01 8.750000e+01 0.000000e+00
    endloop
  endfacet
  facet normal -0.000000e+00 0.000000e+00 -1.000000e+00
    outer loop
      vertex   -5.462500e+01 9.000000e+01 0.000000e+00
      vertex   -5.662500e+01 8.750000e+01 0.000000e+00
      vertex   -5.435705e+01 9.100000e+01 0.000000e+00
    endloop
  endfacet
  facet normal -0.000000e+00 0.000000e+00 -1.000000e+00
    outer loop
      vertex   -5.435705e+01 9.100000e+01 0.000000e+00
      vertex   -5.662500e+01 8.750000e+01 0.000000e+00
      vertex   -5.435705e+01 1.010000e+02 0.000000e+00
    endloop
  endfacet
  facet normal 0.000000e+00 0.000000e+00 -1.000000e+00
    outer loop
      vertex   -5.435705e+01 9.100000e+01 0.000000e+00
      vertex   -5.435705e+01 1.010000e+02 0.000000e+00
      vertex   -5.362500e+01 1.002679e+02 0.000000e+00
    endloop
  endfacet
  facet normal -0.000000e+00 0.000000e+00 -1.000000e+00
    outer loop
      vertex   -5.435705e+01 1.010000e+02 0.000000e+00
      vertex   -5.662500e+01 8.750000e+01 0.000000e+00
      vertex   -5.462500e+01 1.020000e+02 0.000000e+00
    endloop
  endfacet
  facet normal -0.000000e+00 0.000000e+00 -1.000000e+00
    outer loop
      vertex   -5.462500e+01 1.020000e+02 0.000000e+00
      vertex   -5.662500e+01 8.750000e+01 0.000000e+00
      vertex   -5.662500e+01 1.100000e+02 0.000000e+00
    endloop
  endfacet
  facet normal 0.000000e+00 0.000000e+00 -1.000000e+00
    outer loop
      vertex   -5.462500e+01 1.020000e+02 0.000000e+00
      vertex   -5.662500e+01 1.100000e+02 0.000000e+00
      vertex   -5.435705e+01 1.030000e+02 0.000000e+00
    endloop
  endfacet
  facet normal 0.000000e+00 0.000000e+00 -1.000000e+00
    outer loop
      vertex   -5.435705e+01 1.030000e+02 0.000000e+00
      vertex   -5.662500e+01 1.100000e+02 0.000000e+00
      vertex   -5.362500e+01 1.037321e+02 0.000000e+00
    endloop
  endfacet
  facet normal 0.000000e+00 0.000000e+00 -1.000000e+00
    outer loop
      vertex   -5.362500e+01 1.037321e+02 0.000000e+00
      vertex   -5.662500e+01 1.100000e+02 0.000000e+00
      vertex   -5.262500e+01 1.040000e+02 0.000000e+00
    endloop
  endfacet
  facet normal 0.000000e+00 0.000000e+00 -1.000000e+00
    outer loop
      vertex   -5.262500e+01 1.040000e+02 0.000000e+00
      vertex   -5.662500e+01 1.100000e+02 0.000000e+00
      vertex   -4.787500e+01 1.100000e+02 0.000000e+00
    endloop
  endfacet
  facet normal 0.000000e+00 0.000000e+00 -1.000000e+00
    outer loop
      vertex   -5.262500e+01 1.040000e+02 0.000000e+00
      vertex   -4.787500e+01 1.100000e+02 0.000000e+00
      vertex   -5.162500e+01 1.037321e+02 0.000000e+00
    endloop
  endfacet
  facet normal 0.000000e+00 0.000000e+00 -1.000000e+00
    outer loop
      vertex   -5.435705e+01 9.100000e+01 0.000000e+00
      vertex   -5.362500e+01 1.002679e+02 0.000000e+00
      vertex   -5.362500e+01 9.173205e+01 0.000000e+00
    endloop
  endfacet
  facet normal 0.000000e+00 0.000000e+00 -1.000000e+00
    outer loop
      vertex   -5.362500e+01 9.173205e+01 0.000000e+00
      vertex   -5.362500e+01 1.002679e+02 0.000000e+00
      vertex   -5.262500e+01 1.000000e+02 0.000000e+00
    endloop
  endfacet
  facet normal 0.000000e+00 0.000000e+00 -1.000000e+00
    outer loop
      vertex   -5.362500e+01 9.173205e+01 0.000000e+00
      vertex   -5.262500e+01 1.000000e+02 0.000000e+00
      vertex   -5.262500e+01 9.200000e+01 0.000000e+00
    endloop
  endfacet
  facet normal 0.000000e+00 0.000000e+00 -1.000000e+00
    outer loop
      vertex   -5.262500e+01 9.200000e+01 0.000000e+00
      vertex   -5.262500e+01 1.000000e+02 0.000000e+00
      vertex   -5.162500e+01 9.173205e+01 0.000000e+00
    endloop
  endfacet
  facet normal 0.000000e+00 0.000000e+00 -1.000000e+00
    outer loop
      vertex   -5.162500e+01 9.173205e+01 0.000000e+00
      vertex   -5.262500e+01 1.000000e+02 0.000000e+00
      vertex   -5.162500e+01 1.002679e+02 0.000000e+00
    endloop
  endfacet
  facet normal 0.000000e+00 0.000000e+00 -1.000000e+00
    outer loop
      vertex   -5.162500e+01 9.173205e+01 0.000000e+00
      vertex   -5.162500e+01 1.002679e+02 0.000000e+00
      vertex   -5.089295e+01 9.100000e+01 0.000000e+00
    endloop
  endfacet
  facet normal 0.000000e+00 0.000000e+00 -1.000000e+00
    outer loop
      vertex   -5.089295e+01 9.100000e+01 0.000000e+00
      vertex   -5.162500e+01 1.002679e+02 0.000000e+00
      vertex   -5.089295e+01 1.010000e+02 0.000000e+00
    endloop
  endfacet
  facet normal 0.000000e+00 0.000000e+00 -1.000000e+00
    outer loop
      vertex   -5.089295e+01 9.100000e+01 0.000000e+00
      vertex   -5.089295e+01 1.010000e+02 0.000000e+00
      vertex   -4.787500e+01 8.700000e+01 0.000000e+00
    endloop
  endfacet
  facet normal 0.000000e+00 0.000000e+00 -1.000000e+00
    outer loop
      vertex   -4.787500e+01 8.700000e+01 0.000000e+00
      vertex   -5.089295e+01 1.010000e+02 0.000000e+00
      vertex   -5.062500e+01 1.020000e+02 0.000000e+00
    endloop
  endfacet
  facet normal 0.000000e+00 0.000000e+00 -1.000000e+00
    outer loop
      vertex   -5.089295e+01 8.900000e+01 0.000000e+00
      vertex   -5.062500e+01 9.000000e+01 0.000000e+00
      vertex   -4.787500e+01 8.700000e+01 0.000000e+00
    endloop
  endfacet
  facet normal 0.000000e+00 0.000000e+00 -1.000000e+00
    outer loop
      vertex   -4.787500e+01 8.700000e+01 0.000000e+00
      vertex   -5.062500e+01 9.000000e+01 0.000000e+00
      vertex   -5.089295e+01 9.100000e+01 0.000000e+00
    endloop
  endfacet
  facet normal -9.659258e-01 -2.588190e-01 -0.000000e+00
    outer loop
      vertex   5.342404e+01 1.027500e+02 8.000000e+00
      vertex   5.342404e+01 1.027500e+02 5.000000e+00
      vertex   5.362500e+01 1.020000e+02 8.000000e+00
    endloop
  endfacet
  facet normal -9.659258e-01 -2.588190e-01 -0.000000e+00
    outer loop
      vertex   5.362500e+01 1.020000e+02 8.000000e+00
      vertex   5.342404e+01 1.027500e+02 5.000000e+00
      vertex   5.362500e+01 1.020000e+02 5.000000e+00
    endloop
  endfacet
  facet normal -9.659258e-01 2.588190e-01 0.000000e+00
    outer loop
      vertex   5.362500e+01 1.020000e+02 8.000000e+00
      vertex   5.362500e+01 1.020000e+02 5.000000e+00
      vertex   5.342404e+01 1.012500e+02 8.000000e+00
    endloop
  endfacet
  facet normal -9.659258e-01 2.588190e-01 0.000000e+00
    outer loop
      vertex   5.342404e+01 1.012500e+02 8.000000e+00
      vertex   5.362500e+01 1.020000e+02 5.000000e+00
      vertex   5.342404e+01 1.012500e+02 5.000000e+00
    endloop
  endfacet
  facet normal -7.071068e-01 7.071068e-01 0.000000e+00
    outer loop
      vertex   5.342404e+01 1.012500e+02 8.000000e+00
      vertex   5.342404e+01 1.012500e+02 5.000000e+00
      vertex   5.287500e+01 1.007010e+02 8.000000e+00
    endloop
  endfacet
  facet normal -7.071068e-01 7.071068e-01 0.000000e+00
    outer loop
      vertex   5.287500e+01 1.007010e+02 8.000000e+00
      vertex   5.342404e+01 1.012500e+02 5.000000e+00
      vertex   5.287500e+01 1.007010e+02 5.000000e+00
    endloop
  endfacet
  facet normal -2.588190e-01 9.659258e-01 0.000000e+00
    outer loop
      vertex   5.287500e+01 1.007010e+02 8.000000e+00
      vertex   5.287500e+01 1.007010e+02 5.000000e+00
      vertex   5.212500e+01 1.005000e+02 8.000000e+00
    endloop
  endfacet
  facet normal -2.588190e-01 9.659258e-01 0.000000e+00
    outer loop
      vertex   5.212500e+01 1.005000e+02 8.000000e+00
      vertex   5.287500e+01 1.007010e+02 5.000000e+00
      vertex   5.212500e+01 1.005000e+02 5.000000e+00
    endloop
  endfacet
  facet normal 2.588190e-01 9.659258e-01 0.000000e+00
    outer loop
      vertex   5.212500e+01 1.005000e+02 8.000000e+00
      vertex   5.212500e+01 1.005000e+02 5.000000e+00
      vertex   5.137500e+01 1.007010e+02 8.000000e+00
    endloop
  endfacet
  facet normal 2.588190e-01 9.659258e-01 0.000000e+00
    outer loop
      vertex   5.137500e+01 1.007010e+02 8.000000e+00
      vertex   5.212500e+01 1.005000e+02 5.000000e+00
      vertex   5.137500e+01 1.007010e+02 5.000000e+00
    endloop
  endfacet
  facet normal 7.071068e-01 7.071068e-01 0.000000e+00
    outer loop
      vertex   5.137500e+01 1.007010e+02 8.000000e+00
      vertex   5.137500e+01 1.007010e+02 5.000000e+00
      vertex   5.082596e+01 1.012500e+02 8.000000e+00
    endloop
  endfacet
  facet normal 7.071068e-01 7.071068e-01 0.000000e+00
    outer loop
      vertex   5.082596e+01 1.012500e+02 8.000000e+00
      vertex   5.137500e+01 1.007010e+02 5.000000e+00
      vertex   5.082596e+01 1.012500e+02 5.000000e+00
    endloop
  endfacet
  facet normal 9.659258e-01 2.588190e-01 0.000000e+00
    outer loop
      vertex   5.082596e+01 1.012500e+02 8.000000e+00
      vertex   5.082596e+01 1.012500e+02 5.000000e+00
      vertex   5.062500e+01 1.020000e+02 8.000000e+00
    endloop
  endfacet
  facet normal 9.659258e-01 2.588190e-01 0.000000e+00
    outer loop
      vertex   5.062500e+01 1.020000e+02 8.000000e+00
      vertex   5.082596e+01 1.012500e+02 5.000000e+00
      vertex   5.062500e+01 1.020000e+02 5.000000e+00
    endloop
  endfacet
  facet normal 9.659258e-01 -2.588190e-01 0.000000e+00
    outer loop
      vertex   5.062500e+01 1.020000e+02 8.000000e+00
      vertex   5.062500e+01 1.020000e+02 5.000000e+00
      vertex   5.082596e+01 1.027500e+02 8.000000e+00
    endloop
  endfacet
  facet normal 9.659258e-01 -2.588190e-01 0.000000e+00
    outer loop
      vertex   5.082596e+01 1.027500e+02 8.000000e+00
      vertex   5.062500e+01 1.020000e+02 5.000000e+00
      vertex   5.082596e+01 1.027500e+02 5.000000e+00
    endloop
  endfacet
  facet normal 7.071068e-01 -7.071068e-01 0.000000e+00
    outer loop
      vertex   5.082596e+01 1.027500e+02 8.000000e+00
      vertex   5.082596e+01 1.027500e+02 5.000000e+00
      vertex   5.137500e+01 1.032990e+02 8.000000e+00
    endloop
  endfacet
  facet normal 7.071068e-01 -7.071068e-01 0.000000e+00
    outer loop
      vertex   5.137500e+01 1.032990e+02 8.000000e+00
      vertex   5.082596e+01 1.027500e+02 5.000000e+00
      vertex   5.137500e+01 1.032990e+02 5.000000e+00
    endloop
  endfacet
  facet normal 2.588190e-01 -9.659258e-01 0.000000e+00
    outer loop
      vertex   5.137500e+01 1.032990e+02 8.000000e+00
      vertex   5.137500e+01 1.032990e+02 5.000000e+00
      vertex   5.212500e+01 1.035000e+02 8.000000e+00
    endloop
  endfacet
  facet normal 2.588190e-01 -9.659258e-01 0.000000e+00
    outer loop
      vertex   5.212500e+01 1.035000e+02 8.000000e+00
      vertex   5.137500e+01 1.032990e+02 5.000000e+00
      vertex   5.212500e+01 1.035000e+02 5.000000e+00
    endloop
  endfacet
  facet normal -2.588190e-01 -9.659258e-01 -0.000000e+00
    outer loop
      vertex   5.212500e+01 1.035000e+02 8.000000e+00
      vertex   5.212500e+01 1.035000e+02 5.000000e+00
      vertex   5.287500e+01 1.032990e+02 8.000000e+00
    endloop
  endfacet
  facet normal -2.588190e-01 -9.659258e-01 -0.000000e+00
    outer loop
      vertex   5.287500e+01 1.032990e+02 8.000000e+00
      vertex   5.212500e+01 1.035000e+02 5.000000e+00
      vertex   5.287500e+01 1.032990e+02 5.000000e+00
    endloop
  endfacet
  facet normal -7.071068e-01 -7.071068e-01 -0.000000e+00
    outer loop
      vertex   5.287500e+01 1.032990e+02 8.000000e+00
      vertex   5.287500e+01 1.032990e+02 5.000000e+00
      vertex   5.342404e+01 1.027500e+02 8.000000e+00
    endloop
  endfacet
  facet normal -7.071068e-01 -7.071068e-01 -0.000000e+00
    outer loop
      vertex   5.342404e+01 1.027500e+02 8.000000e+00
      vertex   5.287500e+01 1.032990e+02 5.000000e+00
      vertex   5.342404e+01 1.027500e+02 5.000000e+00
    endloop
  endfacet
  facet normal -9.659258e-01 -2.588190e-01 -0.000000e+00
    outer loop
      vertex   5.342404e+01 8.275000e+01 8.000000e+00
      vertex   5.342404e+01 8.275000e+01 5.000000e+00
      vertex   5.362500e+01 8.200000e+01 8.000000e+00
    endloop
  endfacet
  facet normal -9.659258e-01 -2.588190e-01 -0.000000e+00
    outer loop
      vertex   5.362500e+01 8.200000e+01 8.000000e+00
      vertex   5.342404e+01 8.275000e+01 5.000000e+00
      vertex   5.362500e+01 8.200000e+01 5.000000e+00
    endloop
  endfacet
  facet normal -9.659258e-01 2.588190e-01 0.000000e+00
    outer loop
      vertex   5.362500e+01 8.200000e+01 8.000000e+00
      vertex   5.362500e+01 8.200000e+01 5.000000e+00
      vertex   5.342404e+01 8.125000e+01 8.000000e+00
    endloop
  endfacet
  facet normal -9.659258e-01 2.588190e-01 0.000000e+00
    outer loop
      vertex   5.342404e+01 8.125000e+01 8.000000e+00
      vertex   5.362500e+01 8.200000e+01 5.000000e+00
      vertex   5.342404e+01 8.125000e+01 5.000000e+00
    endloop
  endfacet
  facet normal -7.071068e-01 7.071068e-01 0.000000e+00
    outer loop
      vertex   5.342404e+01 8.125000e+01 8.000000e+00
      vertex   5.342404e+01 8.125000e+01 5.000000e+00
      vertex   5.287500e+01 8.070096e+01 8.000000e+00
    endloop
  endfacet
  facet normal -7.071068e-01 7.071068e-01 0.000000e+00
    outer loop
      vertex   5.287500e+01 8.070096e+01 8.000000e+00
      vertex   5.342404e+01 8.125000e+01 5.000000e+00
      vertex   5.287500e+01 8.070096e+01 5.000000e+00
    endloop
  endfacet
  facet normal -2.588190e-01 9.659258e-01 0.000000e+00
    outer loop
      vertex   5.287500e+01 8.070096e+01 8.000000e+00
      vertex   5.287500e+01 8.070096e+01 5.000000e+00
      vertex   5.212500e+01 8.050000e+01 8.000000e+00
    endloop
  endfacet
  facet normal -2.588190e-01 9.659258e-01 0.000000e+00
    outer loop
      vertex   5.212500e+01 8.050000e+01 8.000000e+00
      vertex   5.287500e+01 8.070096e+01 5.000000e+00
      vertex   5.212500e+01 8.050000e+01 5.000000e+00
    endloop
  endfacet
  facet normal 2.588190e-01 9.659258e-01 0.000000e+00
    outer loop
      vertex   5.212500e+01 8.050000e+01 8.000000e+00
      vertex   5.212500e+01 8.050000e+01 5.000000e+00
      vertex   5.137500e+01 8.070096e+01 8.000000e+00
    endloop
  endfacet
  facet normal 2.588190e-01 9.659258e-01 0.000000e+00
    outer loop
      vertex   5.137500e+01 8.070096e+01 8.000000e+00
      vertex   5.212500e+01 8.050000e+01 5.000000e+00
      vertex   5.137500e+01 8.070096e+01 5.000000e+00
    endloop
  endfacet
  facet normal 7.071068e-01 7.071068e-01 0.000000e+00
    outer loop
      vertex   5.137500e+01 8.070096e+01 8.000000e+00
      vertex   5.137500e+01 8.070096e+01 5.000000e+00
      vertex   5.082596e+01 8.125000e+01 8.000000e+00
    endloop
  endfacet
  facet normal 7.071068e-01 7.071068e-01 0.000000e+00
    outer loop
      vertex   5.082596e+01 8.125000e+01 8.000000e+00
      vertex   5.137500e+01 8.070096e+01 5.000000e+00
      vertex   5.082596e+01 8.125000e+01 5.000000e+00
    endloop
  endfacet
  facet normal 9.659258e-01 2.588190e-01 0.000000e+00
    outer loop
      vertex   5.082596e+01 8.125000e+01 8.000000e+00
      vertex   5.082596e+01 8.125000e+01 5.000000e+00
      vertex   5.062500e+01 8.200000e+01 8.000000e+00
    endloop
  endfacet
  facet normal 9.659258e-01 2.588190e-01 0.000000e+00
    outer loop
      vertex   5.062500e+01 8.200000e+01 8.000000e+00
      vertex   5.082596e+01 8.125000e+01 5.000000e+00
      vertex   5.062500e+01 8.200000e+01 5.000000e+00
    endloop
  endfacet
  facet normal 9.659258e-01 -2.588190e-01 0.000000e+00
    outer loop
      vertex   5.062500e+01 8.200000e+01 8.000000e+00
      vertex   5.062500e+01 8.200000e+01 5.000000e+00
      vertex   5.082596e+01 8.275000e+01 8.000000e+00
    endloop
  endfacet
  facet normal 9.659258e-01 -2.588190e-01 0.000000e+00
    outer loop
      vertex   5.082596e+01 8.275000e+01 8.000000e+00
      vertex   5.062500e+01 8.200000e+01 5.000000e+00
      vertex   5.082596e+01 8.275000e+01 5.000000e+00
    endloop
  endfacet
  facet normal 7.071068e-01 -7.071068e-01 0.000000e+00
    outer loop
      vertex   5.082596e+01 8.275000e+01 8.000000e+00
      vertex   5.082596e+01 8.275000e+01 5.000000e+00
      vertex   5.137500e+01 8.329904e+01 8.000000e+00
    endloop
  endfacet
  facet normal 7.071068e-01 -7.071068e-01 0.000000e+00
    outer loop
      vertex   5.137500e+01 8.329904e+01 8.000000e+00
      vertex   5.082596e+01 8.275000e+01 5.000000e+00
      vertex   5.137500e+01 8.329904e+01 5.000000e+00
    endloop
  endfacet
  facet normal 2.588190e-01 -9.659258e-01 0.000000e+00
    outer loop
      vertex   5.137500e+01 8.329904e+01 8.000000e+00
      vertex   5.137500e+01 8.329904e+01 5.000000e+00
      vertex   5.212500e+01 8.350000e+01 8.000000e+00
    endloop
  endfacet
  facet normal 2.588190e-01 -9.659258e-01 0.000000e+00
    outer loop
      vertex   5.212500e+01 8.350000e+01 8.000000e+00
      vertex   5.137500e+01 8.329904e+01 5.000000e+00
      vertex   5.212500e+01 8.350000e+01 5.000000e+00
    endloop
  endfacet
  facet normal -2.588190e-01 -9.659258e-01 -0.000000e+00
    outer loop
      vertex   5.212500e+01 8.350000e+01 8.000000e+00
      vertex   5.212500e+01 8.350000e+01 5.000000e+00
      vertex   5.287500e+01 8.329904e+01 8.000000e+00
    endloop
  endfacet
  facet normal -2.588190e-01 -9.659258e-01 -0.000000e+00
    outer loop
      vertex   5.287500e+01 8.329904e+01 8.000000e+00
      vertex   5.212500e+01 8.350000e+01 5.000000e+00
      vertex   5.287500e+01 8.329904e+01 5.000000e+00
    endloop
  endfacet
  facet normal -7.071068e-01 -7.071068e-01 -0.000000e+00
    outer loop
      vertex   5.287500e+01 8.329904e+01 8.000000e+00
      vertex   5.287500e+01 8.329904e+01 5.000000e+00
      vertex   5.342404e+01 8.275000e+01 8.000000e+00
    endloop
  endfacet
  facet normal -7.071068e-01 -7.071068e-01 -0.000000e+00
    outer loop
      vertex   5.342404e+01 8.275000e+01 8.000000e+00
      vertex   5.287500e+01 8.329904e+01 5.000000e+00
      vertex   5.342404e+01 8.275000e+01 5.000000e+00
    endloop
  endfacet
  facet normal -9.659258e-01 -2.588190e-01 -0.000000e+00
    outer loop
      vertex   5.342404e+01 6.275000e+01 8.000000e+00
      vertex   5.342404e+01 6.275000e+01 5.000000e+00
      vertex   5.362500e+01 6.200000e+01 8.000000e+00
    endloop
  endfacet
  facet normal -9.659258e-01 -2.588190e-01 -0.000000e+00
    outer loop
      vertex   5.362500e+01 6.200000e+01 8.000000e+00
      vertex   5.342404e+01 6.275000e+01 5.000000e+00
      vertex   5.362500e+01 6.200000e+01 5.000000e+00
    endloop
  endfacet
  facet normal -9.659258e-01 2.588190e-01 0.000000e+00
    outer loop
      vertex   5.362500e+01 6.200000e+01 8.000000e+00
      vertex   5.362500e+01 6.200000e+01 5.000000e+00
      vertex   5.342404e+01 6.125000e+01 8.000000e+00
    endloop
  endfacet
  facet normal -9.659258e-01 2.588190e-01 0.000000e+00
    outer loop
      vertex   5.342404e+01 6.125000e+01 8.000000e+00
      vertex   5.362500e+01 6.200000e+01 5.000000e+00
      vertex   5.342404e+01 6.125000e+01 5.000000e+00
    endloop
  endfacet
  facet normal -7.071068e-01 7.071068e-01 0.000000e+00
    outer loop
      vertex   5.342404e+01 6.125000e+01 8.000000e+00
      vertex   5.342404e+01 6.125000e+01 5.000000e+00
      vertex   5.287500e+01 6.070096e+01 8.000000e+00
    endloop
  endfacet
  facet normal -7.071068e-01 7.071068e-01 0.000000e+00
    outer loop
      vertex   5.287500e+01 6.070096e+01 8.000000e+00
      vertex   5.342404e+01 6.125000e+01 5.000000e+00
      vertex   5.287500e+01 6.070096e+01 5.000000e+00
    endloop
  endfacet
  facet normal -2.588190e-01 9.659258e-01 0.000000e+00
    outer loop
      vertex   5.287500e+01 6.070096e+01 8.000000e+00
      vertex   5.287500e+01 6.070096e+01 5.000000e+00
      vertex   5.212500e+01 6.050000e+01 8.000000e+00
    endloop
  endfacet
  facet normal -2.588190e-01 9.659258e-01 0.000000e+00
    outer loop
      vertex   5.212500e+01 6.050000e+01 8.000000e+00
      vertex   5.287500e+01 6.070096e+01 5.000000e+00
      vertex   5.212500e+01 6.050000e+01 5.000000e+00
    endloop
  endfacet
  facet normal 2.588190e-01 9.659258e-01 0.000000e+00
    outer loop
      vertex   5.212500e+01 6.050000e+01 8.000000e+00
      vertex   5.212500e+01 6.050000e+01 5.000000e+00
      vertex   5.137500e+01 6.070096e+01 8.000000e+00
    endloop
  endfacet
  facet normal 2.588190e-01 9.659258e-01 0.000000e+00
    outer loop
      vertex   5.137500e+01 6.070096e+01 8.000000e+00
      vertex   5.212500e+01 6.050000e+01 5.000000e+00
      vertex   5.137500e+01 6.070096e+01 5.000000e+00
    endloop
  endfacet
  facet normal 7.071068e-01 7.071068e-01 0.000000e+00
    outer loop
      vertex   5.137500e+01 6.070096e+01 8.000000e+00
      vertex   5.137500e+01 6.070096e+01 5.000000e+00
      vertex   5.082596e+01 6.125000e+01 8.000000e+00
    endloop
  endfacet
  facet normal 7.071068e-01 7.071068e-01 0.000000e+00
    outer loop
      vertex   5.082596e+01 6.125000e+01 8.000000e+00
      vertex   5.137500e+01 6.070096e+01 5.000000e+00
      vertex   5.082596e+01 6.125000e+01 5.000000e+00
    endloop
  endfacet
  facet normal 9.659258e-01 2.588190e-01 0.000000e+00
    outer loop
      vertex   5.082596e+01 6.125000e+01 8.000000e+00
      vertex   5.082596e+01 6.125000e+01 5.000000e+00
      vertex   5.062500e+01 6.200000e+01 8.000000e+00
    endloop
  endfacet
  facet normal 9.659258e-01 2.588190e-01 0.000000e+00
    outer loop
      vertex   5.062500e+01 6.200000e+01 8.000000e+00
      vertex   5.082596e+01 6.125000e+01 5.000000e+00
      vertex   5.062500e+01 6.200000e+01 5.000000e+00
    endloop
  endfacet
  facet normal 9.659258e-01 -2.588190e-01 0.000000e+00
    outer loop
      vertex   5.062500e+01 6.200000e+01 8.000000e+00
      vertex   5.062500e+01 6.200000e+01 5.000000e+00
      vertex   5.082596e+01 6.275000e+01 8.000000e+00
    endloop
  endfacet
  facet normal 9.659258e-01 -2.588190e-01 0.000000e+00
    outer loop
      vertex   5.082596e+01 6.275000e+01 8.000000e+00
      vertex   5.062500e+01 6.200000e+01 5.000000e+00
      vertex   5.082596e+01 6.275000e+01 5.000000e+00
    endloop
  endfacet
  facet normal 7.071068e-01 -7.071068e-01 0.000000e+00
    outer loop
      vertex   5.082596e+01 6.275000e+01 8.000000e+00
      vertex   5.082596e+01 6.275000e+01 5.000000e+00
      vertex   5.137500e+01 6.329904e+01 8.000000e+00
    endloop
  endfacet
  facet normal 7.071068e-01 -7.071068e-01 0.000000e+00
    outer loop
      vertex   5.137500e+01 6.329904e+01 8.000000e+00
      vertex   5.082596e+01 6.275000e+01 5.000000e+00
      vertex   5.137500e+01 6.329904e+01 5.000000e+00
    endloop
  endfacet
  facet normal 2.588190e-01 -9.659258e-01 0.000000e+00
    outer loop
      vertex   5.137500e+01 6.329904e+01 8.000000e+00
      vertex   5.137500e+01 6.329904e+01 5.000000e+00
      vertex   5.212500e+01 6.350000e+01 8.000000e+00
    endloop
  endfacet
  facet normal 2.588190e-01 -9.659258e-01 0.000000e+00
    outer loop
      vertex   5.212500e+01 6.350000e+01 8.000000e+00
      vertex   5.137500e+01 6.329904e+01 5.000000e+00
      vertex   5.212500e+01 6.350000e+01 5.000000e+00
    endloop
  endfacet
  facet normal -2.588190e-01 -9.659258e-01 -0.000000e+00
    outer loop
      vertex   5.212500e+01 6.350000e+01 8.000000e+00
      vertex   5.212500e+01 6.350000e+01 5.000000e+00
      vertex   5.287500e+01 6.329904e+01 8.000000e+00
    endloop
  endfacet
  facet normal -2.588190e-01 -9.659258e-01 -0.000000e+00
    outer loop
      vertex   5.287500e+01 6.329904e+01 8.000000e+00
      vertex   5.212500e+01 6.350000e+01 5.000000e+00
      vertex   5.287500e+01 6.329904e+01 5.000000e+00
    endloop
  endfacet
  facet normal -7.071068e-01 -7.071068e-01 -0.000000e+00
    outer loop
      vertex   5.287500e+01 6.329904e+01 8.000000e+00
      vertex   5.287500e+01 6.329904e+01 5.000000e+00
      vertex   5.342404e+01 6.275000e+01 8.000000e+00
    endloop
  endfacet
  facet normal -7.071068e-01 -7.071068e-01 -0.000000e+00
    outer loop
      vertex   5.342404e+01 6.275000e+01 8.000000e+00
      vertex   5.287500e+01 6.329904e+01 5.000000e+00
      vertex   5.342404e+01 6.275000e+01 5.000000e+00
    endloop
  endfacet
  facet normal -9.659258e-01 -2.588190e-01 -0.000000e+00
    outer loop
      vertex   5.342404e+01 4.275000e+01 8.000000e+00
      vertex   5.342404e+01 4.275000e+01 5.000000e+00
      vertex   5.362500e+01 4.200000e+01 8.000000e+00
    endloop
  endfacet
  facet normal -9.659258e-01 -2.588190e-01 -0.000000e+00
    outer loop
      vertex   5.362500e+01 4.200000e+01 8.000000e+00
      vertex   5.342404e+01 4.275000e+01 5.000000e+00
      vertex   5.362500e+01 4.200000e+01 5.000000e+00
    endloop
  endfacet
  facet normal -9.659258e-01 2.588190e-01 0.000000e+00
    outer loop
      vertex   5.362500e+01 4.200000e+01 8.000000e+00
      vertex   5.362500e+01 4.200000e+01 5.000000e+00
      vertex   5.342404e+01 4.125000e+01 8.000000e+00
    endloop
  endfacet
  facet normal -9.659258e-01 2.588190e-01 0.000000e+00
    outer loop
      vertex   5.342404e+01 4.125000e+01 8.000000e+00
      vertex   5.362500e+01 4.200000e+01 5.000000e+00
      vertex   5.342404e+01 4.125000e+01 5.000000e+00
    endloop
  endfacet
  facet normal -7.071068e-01 7.071068e-01 0.000000e+00
    outer loop
      vertex   5.342404e+01 4.125000e+01 8.000000e+00
      vertex   5.342404e+01 4.125000e+01 5.000000e+00
      vertex   5.287500e+01 4.070096e+01 8.000000e+00
    endloop
  endfacet
  facet normal -7.071068e-01 7.071068e-01 0.000000e+00
    outer loop
      vertex   5.287500e+01 4.070096e+01 8.000000e+00
      vertex   5.342404e+01 4.125000e+01 5.000000e+00
      vertex   5.287500e+01 4.070096e+01 5.000000e+00
    endloop
  endfacet
  facet normal -2.588190e-01 9.659258e-01 0.000000e+00
    outer loop
      vertex   5.287500e+01 4.070096e+01 8.000000e+00
      vertex   5.287500e+01 4.070096e+01 5.000000e+00
      vertex   5.212500e+01 4.050000e+01 8.000000e+00
    endloop
  endfacet
  facet normal -2.588190e-01 9.659258e-01 0.000000e+00
    outer loop
      vertex   5.212500e+01 4.050000e+01 8.000000e+00
      vertex   5.287500e+01 4.070096e+01 5.000000e+00
      vertex   5.212500e+01 4.050000e+01 5.000000e+00
    endloop
  endfacet
  facet normal 2.588190e-01 9.659258e-01 0.000000e+00
    outer loop
      vertex   5.212500e+01 4.050000e+01 8.000000e+00
      vertex   5.212500e+01 4.050000e+01 5.000000e+00
      vertex   5.137500e+01 4.070096e+01 8.000000e+00
    endloop
  endfacet
  facet normal 2.588190e-01 9.659258e-01 0.000000e+00
    outer loop
      vertex   5.137500e+01 4.070096e+01 8.000000e+00
      vertex   5.212500e+01 4.050000e+01 5.000000e+00
      vertex   5.137500e+01 4.070096e+01 5.000000e+00
    endloop
  endfacet
  facet normal 7.071068e-01 7.071068e-01 0.000000e+00
    outer loop
      vertex   5.137500e+01 4.070096e+01 8.000000e+00
      vertex   5.137500e+01 4.070096e+01 5.000000e+00
      vertex   5.082596e+01 4.125000e+01 8.000000e+00
    endloop
  endfacet
  facet normal 7.071068e-01 7.071068e-01 0.000000e+00
    outer loop
      vertex   5.082596e+01 4.125000e+01 8.000000e+00
      vertex   5.137500e+01 4.070096e+01 5.000000e+00
      vertex   5.082596e+01 4.125000e+01 5.000000e+00
    endloop
  endfacet
  facet normal 9.659258e-01 2.588190e-01 0.000000e+00
    outer loop
      vertex   5.082596e+01 4.125000e+01 8.000000e+00
      vertex   5.082596e+01 4.125000e+01 5.000000e+00
      vertex   5.062500e+01 4.200000e+01 8.000000e+00
    endloop
  endfacet
  facet normal 9.659258e-01 2.588190e-01 0.000000e+00
    outer loop
      vertex   5.062500e+01 4.200000e+01 8.000000e+00
      vertex   5.082596e+01 4.125000e+01 5.000000e+00
      vertex   5.062500e+01 4.200000e+01 5.000000e+00
    endloop
  endfacet
  facet normal 9.659258e-01 -2.588190e-01 0.000000e+00
    outer loop
      vertex   5.062500e+01 4.200000e+01 8.000000e+00
      vertex   5.062500e+01 4.200000e+01 5.000000e+00
      vertex   5.082596e+01 4.275000e+01 8.000000e+00
    endloop
  endfacet
  facet normal 9.659258e-01 -2.588190e-01 0.000000e+00
    outer loop
      vertex   5.082596e+01 4.275000e+01 8.000000e+00
      vertex   5.062500e+01 4.200000e+01 5.000000e+00
      vertex   5.082596e+01 4.275000e+01 5.000000e+00
    endloop
  endfacet
  facet normal 7.071068e-01 -7.071068e-01 0.000000e+00
    outer loop
      vertex   5.082596e+01 4.275000e+01 8.000000e+00
      vertex   5.082596e+01 4.275000e+01 5.000000e+00
      vertex   5.137500e+01 4.329904e+01 8.000000e+00
    endloop
  endfacet
  facet normal 7.071068e-01 -7.071068e-01 0.000000e+00
    outer loop
      vertex   5.137500e+01 4.329904e+01 8.000000e+00
      vertex   5.082596e+01 4.275000e+01 5.000000e+00
      vertex   5.137500e+01 4.329904e+01 5.000000e+00
    endloop
  endfacet
  facet normal 2.588190e-01 -9.659258e-01 0.000000e+00
    outer loop
      vertex   5.137500e+01 4.329904e+01 8.000000e+00
      vertex   5.137500e+01 4.329904e+01 5.000000e+00
      vertex   5.212500e+01 4.350000e+01 8.000000e+00
    endloop
  endfacet
  facet normal 2.588190e-01 -9.659258e-01 0.000000e+00
    outer loop
      vertex   5.212500e+01 4.350000e+01 8.000000e+00
      vertex   5.137500e+01 4.329904e+01 5.000000e+00
      vertex   5.212500e+01 4.350000e+01 5.000000e+00
    endloop
  endfacet
  facet normal -2.588190e-01 -9.659258e-01 -0.000000e+00
    outer loop
      vertex   5.212500e+01 4.350000e+01 8.000000e+00
      vertex   5.212500e+01 4.350000e+01 5.000000e+00
      vertex   5.287500e+01 4.329904e+01 8.000000e+00
    endloop
  endfacet
  facet normal -2.588190e-01 -9.659258e-01 -0.000000e+00
    outer loop
      vertex   5.287500e+01 4.329904e+01 8.000000e+00
      vertex   5.212500e+01 4.350000e+01 5.000000e+00
      vertex   5.287500e+01 4.329904e+01 5.000000e+00
    endloop
  endfacet
  facet normal -7.071068e-01 -7.071068e-01 -0.000000e+00
    outer loop
      vertex   5.287500e+01 4.329904e+01 8.000000e+00
      vertex   5.287500e+01 4.329904e+01 5.000000e+00
      vertex   5.342404e+01 4.275000e+01 8.000000e+00
    endloop
  endfacet
  facet normal -7.071068e-01 -7.071068e-01 -0.000000e+00
    outer loop
      vertex   5.342404e+01 4.275000e+01 8.000000e+00
      vertex   5.287500e+01 4.329904e+01 5.000000e+00
      vertex   5.342404e+01 4.275000e+01 5.000000e+00
    endloop
  endfacet
  facet normal -9.659258e-01 -2.588190e-01 -0.000000e+00
    outer loop
      vertex   5.342404e+01 2.275000e+01 8.000000e+00
      vertex   5.342404e+01 2.275000e+01 5.000000e+00
      vertex   5.362500e+01 2.200000e+01 8.000000e+00
    endloop
  endfacet
  facet normal -9.659258e-01 -2.588190e-01 -0.000000e+00
    outer loop
      vertex   5.362500e+01 2.200000e+01 8.000000e+00
      vertex   5.342404e+01 2.275000e+01 5.000000e+00
      vertex   5.362500e+01 2.200000e+01 5.000000e+00
    endloop
  endfacet
  facet normal -9.659258e-01 2.588190e-01 0.000000e+00
    outer loop
      vertex   5.362500e+01 2.200000e+01 8.000000e+00
      vertex   5.362500e+01 2.200000e+01 5.000000e+00
      vertex   5.342404e+01 2.125000e+01 8.000000e+00
    endloop
  endfacet
  facet normal -9.659258e-01 2.588190e-01 0.000000e+00
    outer loop
      vertex   5.342404e+01 2.125000e+01 8.000000e+00
      vertex   5.362500e+01 2.200000e+01 5.000000e+00
      vertex   5.342404e+01 2.125000e+01 5.000000e+00
    endloop
  endfacet
  facet normal -7.071068e-01 7.071068e-01 0.000000e+00
    outer loop
      vertex   5.342404e+01 2.125000e+01 8.000000e+00
      vertex   5.342404e+01 2.125000e+01 5.000000e+00
      vertex   5.287500e+01 2.070096e+01 8.000000e+00
    endloop
  endfacet
  facet normal -7.071068e-01 7.071068e-01 0.000000e+00
    outer loop
      vertex   5.287500e+01 2.070096e+01 8.000000e+00
      vertex   5.342404e+01 2.125000e+01 5.000000e+00
      vertex   5.287500e+01 2.070096e+01 5.000000e+00
    endloop
  endfacet
  facet normal -2.588190e-01 9.659258e-01 0.000000e+00
    outer loop
      vertex   5.287500e+01 2.070096e+01 8.000000e+00
      vertex   5.287500e+01 2.070096e+01 5.000000e+00
      vertex   5.212500e+01 2.050000e+01 8.000000e+00
    endloop
  endfacet
  facet normal -2.588190e-01 9.659258e-01 0.000000e+00
    outer loop
      vertex   5.212500e+01 2.050000e+01 8.000000e+00
      vertex   5.287500e+01 2.070096e+01 5.000000e+00
      vertex   5.212500e+01 2.050000e+01 5.000000e+00
    endloop
  endfacet
  facet normal 2.588190e-01 9.659258e-01 0.000000e+00
    outer loop
      vertex   5.212500e+01 2.050000e+01 8.000000e+00
      vertex   5.212500e+01 2.050000e+01 5.000000e+00
      vertex   5.137500e+01 2.070096e+01 8.000000e+00
    endloop
  endfacet
  facet normal 2.588190e-01 9.659258e-01 0.000000e+00
    outer loop
      vertex   5.137500e+01 2.070096e+01 8.000000e+00
      vertex   5.212500e+01 2.050000e+01 5.000000e+00
      vertex   5.137500e+01 2.070096e+01 5.000000e+00
    endloop
  endfacet
  facet normal 7.071068e-01 7.071068e-01 0.000000e+00
    outer loop
      vertex   5.137500e+01 2.070096e+01 8.000000e+00
      vertex   5.137500e+01 2.070096e+01 5.000000e+00
      vertex   5.082596e+01 2.125000e+01 8.000000e+00
    endloop
  endfacet
  facet normal 7.071068e-01 7.071068e-01 0.000000e+00
    outer loop
      vertex   5.082596e+01 2.125000e+01 8.000000e+00
      vertex   5.137500e+01 2.070096e+01 5.000000e+00
      vertex   5.082596e+01 2.125000e+01 5.000000e+00
    endloop
  endfacet
  facet normal 9.659258e-01 2.588190e-01 0.000000e+00
    outer loop
      vertex   5.082596e+01 2.125000e+01 8.000000e+00
      vertex   5.082596e+01 2.125000e+01 5.000000e+00
      vertex   5.062500e+01 2.200000e+01 8.000000e+00
    endloop
  endfacet
  facet normal 9.659258e-01 2.588190e-01 0.000000e+00
    outer loop
      vertex   5.062500e+01 2.200000e+01 8.000000e+00
      vertex   5.082596e+01 2.125000e+01 5.000000e+00
      vertex   5.062500e+01 2.200000e+01 5.000000e+00
    endloop
  endfacet
  facet normal 9.659258e-01 -2.588190e-01 0.000000e+00
    outer loop
      vertex   5.062500e+01 2.200000e+01 8.000000e+00
      vertex   5.062500e+01 2.200000e+01 5.000000e+00
      vertex   5.082596e+01 2.275000e+01 8.000000e+00
    endloop
  endfacet
  facet normal 9.659258e-01 -2.588190e-01 0.000000e+00
    outer loop
      vertex   5.082596e+01 2.275000e+01 8.000000e+00
      vertex   5.062500e+01 2.200000e+01 5.000000e+00
      vertex   5.082596e+01 2.275000e+01 5.000000e+00
    endloop
  endfacet
  facet normal 7.071068e-01 -7.071068e-01 0.000000e+00
    outer loop
      vertex   5.082596e+01 2.275000e+01 8.000000e+00
      vertex   5.082596e+01 2.275000e+01 5.000000e+00
      vertex   5.137500e+01 2.329904e+01 8.000000e+00
    endloop
  endfacet
  facet normal 7.071068e-01 -7.071068e-01 0.000000e+00
    outer loop
      vertex   5.137500e+01 2.329904e+01 8.000000e+00
      vertex   5.082596e+01 2.275000e+01 5.000000e+00
      vertex   5.137500e+01 2.329904e+01 5.000000e+00
    endloop
  endfacet
  facet normal 2.588190e-01 -9.659258e-01 0.000000e+00
    outer loop
      vertex   5.137500e+01 2.329904e+01 8.000000e+00
      vertex   5.137500e+01 2.329904e+01 5.000000e+00
      vertex   5.212500e+01 2.350000e+01 8.000000e+00
    endloop
  endfacet
  facet normal 2.588190e-01 -9.659258e-01 0.000000e+00
    outer loop
      vertex   5.212500e+01 2.350000e+01 8.000000e+00
      vertex   5.137500e+01 2.329904e+01 5.000000e+00
      vertex   5.212500e+01 2.350000e+01 5.000000e+00
    endloop
  endfacet
  facet normal -2.588190e-01 -9.659258e-01 -0.000000e+00
    outer loop
      vertex   5.212500e+01 2.350000e+01 8.000000e+00
      vertex   5.212500e+01 2.350000e+01 5.000000e+00
      vertex   5.287500e+01 2.329904e+01 8.000000e+00
    endloop
  endfacet
  facet normal -2.588190e-01 -9.659258e-01 -0.000000e+00
    outer loop
      vertex   5.287500e+01 2.329904e+01 8.000000e+00
      vertex   5.212500e+01 2.350000e+01 5.000000e+00
      vertex   5.287500e+01 2.329904e+01 5.000000e+00
    endloop
  endfacet
  facet normal -7.071068e-01 -7.071068e-01 -0.000000e+00
    outer loop
      vertex   5.287500e+01 2.329904e+01 8.000000e+00
      vertex   5.287500e+01 2.329904e+01 5.000000e+00
      vertex   5.342404e+01 2.275000e+01 8.000000e+00
    endloop
  endfacet
  facet normal -7.071068e-01 -7.071068e-01 -0.000000e+00
    outer loop
      vertex   5.342404e+01 2.275000e+01 8.000000e+00
      vertex   5.287500e+01 2.329904e+01 5.000000e+00
      vertex   5.342404e+01 2.275000e+01 5.000000e+00
    endloop
  endfacet
  facet normal -9.659258e-01 -2.588190e-01 1.149387e-16
    outer loop
      vertex   5.342404e+01 2.750000e+00 8.000000e+00
      vertex   5.342404e+01 2.750000e+00 5.000000e+00
      vertex   5.362500e+01 2.000000e+00 8.000000e+00
    endloop
  endfacet
  facet normal -9.659258e-01 -2.588190e-01 -0.000000e+00
    outer loop
      vertex   5.362500e+01 2.000000e+00 8.000000e+00
      vertex   5.342404e+01 2.750000e+00 5.000000e+00
      vertex   5.362500e+01 2.000000e+00 5.000000e+00
    endloop
  endfacet
  facet normal -9.659258e-01 2.588190e-01 0.000000e+00
    outer loop
      vertex   5.362500e+01 2.000000e+00 8.000000e+00
      vertex   5.362500e+01 2.000000e+00 5.000000e+00
      vertex   5.342404e+01 1.250000e+00 8.000000e+00
    endloop
  endfacet
  facet normal -9.659258e-01 2.588190e-01 -5.746937e-17
    outer loop
      vertex   5.342404e+01 1.250000e+00 8.000000e+00
      vertex   5.362500e+01 2.000000e+00 5.000000e+00
      vertex   5.342404e+01 1.250000e+00 5.000000e+00
    endloop
  endfacet
  facet normal -7.071068e-01 7.071068e-01 -1.570092e-16
    outer loop
      vertex   5.342404e+01 1.250000e+00 8.000000e+00
      vertex   5.342404e+01 1.250000e+00 5.000000e+00
      vertex   5.287500e+01 7.009619e-01 8.000000e+00
    endloop
  endfacet
  facet normal -7.071068e-01 7.071068e-01 0.000000e+00
    outer loop
      vertex   5.287500e+01 7.009619e-01 8.000000e+00
      vertex   5.342404e+01 1.250000e+00 5.000000e+00
      vertex   5.287500e+01 7.009619e-01 5.000000e+00
    endloop
  endfacet
  facet normal -2.588190e-01 9.659258e-01 0.000000e+00
    outer loop
      vertex   5.287500e+01 7.009619e-01 8.000000e+00
      vertex   5.287500e+01 7.009619e-01 5.000000e+00
      vertex   5.212500e+01 5.000000e-01 8.000000e+00
    endloop
  endfacet
  facet normal -2.588190e-01 9.659258e-01 0.000000e+00
    outer loop
      vertex   5.212500e+01 5.000000e-01 8.000000e+00
      vertex   5.287500e+01 7.009619e-01 5.000000e+00
      vertex   5.212500e+01 5.000000e-01 5.000000e+00
    endloop
  endfacet
  facet normal 2.588190e-01 9.659258e-01 0.000000e+00
    outer loop
      vertex   5.212500e+01 5.000000e-01 8.000000e+00
      vertex   5.212500e+01 5.000000e-01 5.000000e+00
      vertex   5.137500e+01 7.009619e-01 8.000000e+00
    endloop
  endfacet
  facet normal 2.588190e-01 9.659258e-01 0.000000e+00
    outer loop
      vertex   5.137500e+01 7.009619e-01 8.000000e+00
      vertex   5.212500e+01 5.000000e-01 5.000000e+00
      vertex   5.137500e+01 7.009619e-01 5.000000e+00
    endloop
  endfacet
  facet normal 7.071068e-01 7.071068e-01 0.000000e+00
    outer loop
      vertex   5.137500e+01 7.009619e-01 8.000000e+00
      vertex   5.137500e+01 7.009619e-01 5.000000e+00
      vertex   5.082596e+01 1.250000e+00 8.000000e+00
    endloop
  endfacet
  facet normal 7.071068e-01 7.071068e-01 1.046728e-16
    outer loop
      vertex   5.082596e+01 1.250000e+00 8.000000e+00
      vertex   5.137500e+01 7.009619e-01 5.000000e+00
      vertex   5.082596e+01 1.250000e+00 5.000000e+00
    endloop
  endfacet
  facet normal 9.659258e-01 2.588190e-01 3.831292e-17
    outer loop
      vertex   5.082596e+01 1.250000e+00 8.000000e+00
      vertex   5.082596e+01 1.250000e+00 5.000000e+00
      vertex   5.062500e+01 2.000000e+00 8.000000e+00
    endloop
  endfacet
  facet normal 9.659258e-01 2.588190e-01 0.000000e+00
    outer loop
      vertex   5.062500e+01 2.000000e+00 8.000000e+00
      vertex   5.082596e+01 1.250000e+00 5.000000e+00
      vertex   5.062500e+01 2.000000e+00 5.000000e+00
    endloop
  endfacet
  facet normal 9.659258e-01 -2.588190e-01 0.000000e+00
    outer loop
      vertex   5.062500e+01 2.000000e+00 8.000000e+00
      vertex   5.062500e+01 2.000000e+00 5.000000e+00
      vertex   5.082596e+01 2.750000e+00 8.000000e+00
    endloop
  endfacet
  facet normal 9.659258e-01 -2.588190e-01 -1.149387e-16
    outer loop
      vertex   5.082596e+01 2.750000e+00 8.000000e+00
      vertex   5.062500e+01 2.000000e+00 5.000000e+00
      vertex   5.082596e+01 2.750000e+00 5.000000e+00
    endloop
  endfacet
  facet normal 7.071068e-01 -7.071068e-01 -3.140185e-16
    outer loop
      vertex   5.082596e+01 2.750000e+00 8.000000e+00
      vertex   5.082596e+01 2.750000e+00 5.000000e+00
      vertex   5.137500e+01 3.299038e+00 8.000000e+00
    endloop
  endfacet
  facet normal 7.071068e-01 -7.071068e-01 -3.140185e-16
    outer loop
      vertex   5.137500e+01 3.299038e+00 8.000000e+00
      vertex   5.082596e+01 2.750000e+00 5.000000e+00
      vertex   5.137500e+01 3.299038e+00 5.000000e+00
    endloop
  endfacet
  facet normal 2.588190e-01 -9.659258e-01 -4.289572e-16
    outer loop
      vertex   5.137500e+01 3.299038e+00 8.000000e+00
      vertex   5.137500e+01 3.299038e+00 5.000000e+00
      vertex   5.212500e+01 3.500000e+00 8.000000e+00
    endloop
  endfacet
  facet normal 2.588190e-01 -9.659258e-01 0.000000e+00
    outer loop
      vertex   5.212500e+01 3.500000e+00 8.000000e+00
      vertex   5.137500e+01 3.299038e+00 5.000000e+00
      vertex   5.212500e+01 3.500000e+00 5.000000e+00
    endloop
  endfacet
  facet normal -2.588190e-01 -9.659258e-01 -0.000000e+00
    outer loop
      vertex   5.212500e+01 3.500000e+00 8.000000e+00
      vertex   5.212500e+01 3.500000e+00 5.000000e+00
      vertex   5.287500e+01 3.299038e+00 8.000000e+00
    endloop
  endfacet
  facet normal -2.588190e-01 -9.659258e-01 4.289572e-16
    outer loop
      vertex   5.287500e+01 3.299038e+00 8.000000e+00
      vertex   5.212500e+01 3.500000e+00 5.000000e+00
      vertex   5.287500e+01 3.299038e+00 5.000000e+00
    endloop
  endfacet
  facet normal -7.071068e-01 -7.071068e-01 3.140185e-16
    outer loop
      vertex   5.287500e+01 3.299038e+00 8.000000e+00
      vertex   5.287500e+01 3.299038e+00 5.000000e+00
      vertex   5.342404e+01 2.750000e+00 8.000000e+00
    endloop
  endfacet
  facet normal -7.071068e-01 -7.071068e-01 3.140185e-16
    outer loop
      vertex   5.342404e+01 2.750000e+00 8.000000e+00
      vertex   5.287500e+01 3.299038e+00 5.000000e+00
      vertex   5.342404e+01 2.750000e+00 5.000000e+00
    endloop
  endfacet
  facet normal -9.659258e-01 -2.588190e-01 3.065033e-16
    outer loop
      vertex   5.342404e+01 -1.725000e+01 8.000000e+00
      vertex   5.342404e+01 -1.725000e+01 5.000000e+00
      vertex   5.362500e+01 -1.800000e+01 8.000000e+00
    endloop
  endfacet
  facet normal -9.659258e-01 -2.588190e-01 -0.000000e+00
    outer loop
      vertex   5.362500e+01 -1.800000e+01 8.000000e+00
      vertex   5.342404e+01 -1.725000e+01 5.000000e+00
      vertex   5.362500e+01 -1.800000e+01 5.000000e+00
    endloop
  endfacet
  facet normal -9.659258e-01 2.588190e-01 0.000000e+00
    outer loop
      vertex   5.362500e+01 -1.800000e+01 8.000000e+00
      vertex   5.362500e+01 -1.800000e+01 5.000000e+00
      vertex   5.342404e+01 -1.875000e+01 8.000000e+00
    endloop
  endfacet
  facet normal -9.659258e-01 2.588190e-01 -3.065033e-16
    outer loop
      vertex   5.342404e+01 -1.875000e+01 8.000000e+00
      vertex   5.362500e+01 -1.800000e+01 5.000000e+00
      vertex   5.342404e+01 -1.875000e+01 5.000000e+00
    endloop
  endfacet
  facet normal -7.071068e-01 7.071068e-01 -8.373826e-16
    outer loop
      vertex   5.342404e+01 -1.875000e+01 8.000000e+00
      vertex   5.342404e+01 -1.875000e+01 5.000000e+00
      vertex   5.287500e+01 -1.929904e+01 8.000000e+00
    endloop
  endfacet
  facet normal -7.071068e-01 7.071068e-01 0.000000e+00
    outer loop
      vertex   5.287500e+01 -1.929904e+01 8.000000e+00
      vertex   5.342404e+01 -1.875000e+01 5.000000e+00
      vertex   5.287500e+01 -1.929904e+01 5.000000e+00
    endloop
  endfacet
  facet normal -2.588190e-01 9.659258e-01 0.000000e+00
    outer loop
      vertex   5.287500e+01 -1.929904e+01 8.000000e+00
      vertex   5.287500e+01 -1.929904e+01 5.000000e+00
      vertex   5.212500e+01 -1.950000e+01 8.000000e+00
    endloop
  endfacet
  facet normal -2.588190e-01 9.659258e-01 0.000000e+00
    outer loop
      vertex   5.212500e+01 -1.950000e+01 8.000000e+00
      vertex   5.287500e+01 -1.929904e+01 5.000000e+00
      vertex   5.212500e+01 -1.950000e+01 5.000000e+00
    endloop
  endfacet
  facet normal 2.588190e-01 9.659258e-01 0.000000e+00
    outer loop
      vertex   5.212500e+01 -1.950000e+01 8.000000e+00
      vertex   5.212500e+01 -1.950000e+01 5.000000e+00
      vertex   5.137500e+01 -1.929904e+01 8.000000e+00
    endloop
  endfacet
  facet normal 2.588190e-01 9.659258e-01 0.000000e+00
    outer loop
      vertex   5.137500e+01 -1.929904e+01 8.000000e+00
      vertex   5.212500e+01 -1.950000e+01 5.000000e+00
      vertex   5.137500e+01 -1.929904e+01 5.000000e+00
    endloop
  endfacet
  facet normal 7.071068e-01 7.071068e-01 0.000000e+00
    outer loop
      vertex   5.137500e+01 -1.929904e+01 8.000000e+00
      vertex   5.137500e+01 -1.929904e+01 5.000000e+00
      vertex   5.082596e+01 -1.875000e+01 8.000000e+00
    endloop
  endfacet
  facet normal 7.071068e-01 7.071068e-01 0.000000e+00
    outer loop
      vertex   5.082596e+01 -1.875000e+01 8.000000e+00
      vertex   5.137500e+01 -1.929904e+01 5.000000e+00
      vertex   5.082596e+01 -1.875000e+01 5.000000e+00
    endloop
  endfacet
  facet normal 9.659258e-01 2.588190e-01 0.000000e+00
    outer loop
      vertex   5.082596e+01 -1.875000e+01 8.000000e+00
      vertex   5.082596e+01 -1.875000e+01 5.000000e+00
      vertex   5.062500e+01 -1.800000e+01 8.000000e+00
    endloop
  endfacet
  facet normal 9.659258e-01 2.588190e-01 0.000000e+00
    outer loop
      vertex   5.062500e+01 -1.800000e+01 8.000000e+00
      vertex   5.082596e+01 -1.875000e+01 5.000000e+00
      vertex   5.062500e+01 -1.800000e+01 5.000000e+00
    endloop
  endfacet
  facet normal 9.659258e-01 -2.588190e-01 0.000000e+00
    outer loop
      vertex   5.062500e+01 -1.800000e+01 8.000000e+00
      vertex   5.062500e+01 -1.800000e+01 5.000000e+00
      vertex   5.082596e+01 -1.725000e+01 8.000000e+00
    endloop
  endfacet
  facet normal 9.659258e-01 -2.588190e-01 -3.065033e-16
    outer loop
      vertex   5.082596e+01 -1.725000e+01 8.000000e+00
      vertex   5.062500e+01 -1.800000e+01 5.000000e+00
      vertex   5.082596e+01 -1.725000e+01 5.000000e+00
    endloop
  endfacet
  facet normal 7.071068e-01 -7.071068e-01 -8.373826e-16
    outer loop
      vertex   5.082596e+01 -1.725000e+01 8.000000e+00
      vertex   5.082596e+01 -1.725000e+01 5.000000e+00
      vertex   5.137500e+01 -1.670096e+01 8.000000e+00
    endloop
  endfacet
  facet normal 7.071068e-01 -7.071068e-01 -8.373826e-16
    outer loop
      vertex   5.137500e+01 -1.670096e+01 8.000000e+00
      vertex   5.082596e+01 -1.725000e+01 5.000000e+00
      vertex   5.137500e+01 -1.670096e+01 5.000000e+00
    endloop
  endfacet
  facet normal 2.588190e-01 -9.659258e-01 -1.143886e-15
    outer loop
      vertex   5.137500e+01 -1.670096e+01 8.000000e+00
      vertex   5.137500e+01 -1.670096e+01 5.000000e+00
      vertex   5.212500e+01 -1.650000e+01 8.000000e+00
    endloop
  endfacet
  facet normal 2.588190e-01 -9.659258e-01 0.000000e+00
    outer loop
      vertex   5.212500e+01 -1.650000e+01 8.000000e+00
      vertex   5.137500e+01 -1.670096e+01 5.000000e+00
      vertex   5.212500e+01 -1.650000e+01 5.000000e+00
    endloop
  endfacet
  facet normal -2.588190e-01 -9.659258e-01 -0.000000e+00
    outer loop
      vertex   5.212500e+01 -1.650000e+01 8.000000e+00
      vertex   5.212500e+01 -1.650000e+01 5.000000e+00
      vertex   5.287500e+01 -1.670096e+01 8.000000e+00
    endloop
  endfacet
  facet normal -2.588190e-01 -9.659258e-01 1.143886e-15
    outer loop
      vertex   5.287500e+01 -1.670096e+01 8.000000e+00
      vertex   5.212500e+01 -1.650000e+01 5.000000e+00
      vertex   5.287500e+01 -1.670096e+01 5.000000e+00
    endloop
  endfacet
  facet normal -7.071068e-01 -7.071068e-01 8.373826e-16
    outer loop
      vertex   5.287500e+01 -1.670096e+01 8.000000e+00
      vertex   5.287500e+01 -1.670096e+01 5.000000e+00
      vertex   5.342404e+01 -1.725000e+01 8.000000e+00
    endloop
  endfacet
  facet normal -7.071068e-01 -7.071068e-01 8.373826e-16
    outer loop
      vertex   5.342404e+01 -1.725000e+01 8.000000e+00
      vertex   5.287500e+01 -1.670096e+01 5.000000e+00
      vertex   5.342404e+01 -1.725000e+01 5.000000e+00
    endloop
  endfacet
  facet normal -9.659258e-01 -2.588190e-01 -0.000000e+00
    outer loop
      vertex   5.342404e+01 -3.725000e+01 8.000000e+00
      vertex   5.342404e+01 -3.725000e+01 5.000000e+00
      vertex   5.362500e+01 -3.800000e+01 8.000000e+00
    endloop
  endfacet
  facet normal -9.659258e-01 -2.588190e-01 -0.000000e+00
    outer loop
      vertex   5.362500e+01 -3.800000e+01 8.000000e+00
      vertex   5.342404e+01 -3.725000e+01 5.000000e+00
      vertex   5.362500e+01 -3.800000e+01 5.000000e+00
    endloop
  endfacet
  facet normal -9.659258e-01 2.588190e-01 0.000000e+00
    outer loop
      vertex   5.362500e+01 -3.800000e+01 8.000000e+00
      vertex   5.362500e+01 -3.800000e+01 5.000000e+00
      vertex   5.342404e+01 -3.875000e+01 8.000000e+00
    endloop
  endfacet
  facet normal -9.659258e-01 2.588190e-01 0.000000e+00
    outer loop
      vertex   5.342404e+01 -3.875000e+01 8.000000e+00
      vertex   5.362500e+01 -3.800000e+01 5.000000e+00
      vertex   5.342404e+01 -3.875000e+01 5.000000e+00
    endloop
  endfacet
  facet normal -7.071068e-01 7.071068e-01 0.000000e+00
    outer loop
      vertex   5.342404e+01 -3.875000e+01 8.000000e+00
      vertex   5.342404e+01 -3.875000e+01 5.000000e+00
      vertex   5.287500e+01 -3.929904e+01 8.000000e+00
    endloop
  endfacet
  facet normal -7.071068e-01 7.071068e-01 0.000000e+00
    outer loop
      vertex   5.287500e+01 -3.929904e+01 8.000000e+00
      vertex   5.342404e+01 -3.875000e+01 5.000000e+00
      vertex   5.287500e+01 -3.929904e+01 5.000000e+00
    endloop
  endfacet
  facet normal -2.588190e-01 9.659258e-01 0.000000e+00
    outer loop
      vertex   5.287500e+01 -3.929904e+01 8.000000e+00
      vertex   5.287500e+01 -3.929904e+01 5.000000e+00
      vertex   5.212500e+01 -3.950000e+01 8.000000e+00
    endloop
  endfacet
  facet normal -2.588190e-01 9.659258e-01 0.000000e+00
    outer loop
      vertex   5.212500e+01 -3.950000e+01 8.000000e+00
      vertex   5.287500e+01 -3.929904e+01 5.000000e+00
      vertex   5.212500e+01 -3.950000e+01 5.000000e+00
    endloop
  endfacet
  facet normal 2.588190e-01 9.659258e-01 0.000000e+00
    outer loop
      vertex   5.212500e+01 -3.950000e+01 8.000000e+00
      vertex   5.212500e+01 -3.950000e+01 5.000000e+00
      vertex   5.137500e+01 -3.929904e+01 8.000000e+00
    endloop
  endfacet
  facet normal 2.588190e-01 9.659258e-01 0.000000e+00
    outer loop
      vertex   5.137500e+01 -3.929904e+01 8.000000e+00
      vertex   5.212500e+01 -3.950000e+01 5.000000e+00
      vertex   5.137500e+01 -3.929904e+01 5.000000e+00
    endloop
  endfacet
  facet normal 7.071068e-01 7.071068e-01 0.000000e+00
    outer loop
      vertex   5.137500e+01 -3.929904e+01 8.000000e+00
      vertex   5.137500e+01 -3.929904e+01 5.000000e+00
      vertex   5.082596e+01 -3.875000e+01 8.000000e+00
    endloop
  endfacet
  facet normal 7.071068e-01 7.071068e-01 0.000000e+00
    outer loop
      vertex   5.082596e+01 -3.875000e+01 8.000000e+00
      vertex   5.137500e+01 -3.929904e+01 5.000000e+00
      vertex   5.082596e+01 -3.875000e+01 5.000000e+00
    endloop
  endfacet
  facet normal 9.659258e-01 2.588190e-01 0.000000e+00
    outer loop
      vertex   5.082596e+01 -3.875000e+01 8.000000e+00
      vertex   5.082596e+01 -3.875000e+01 5.000000e+00
      vertex   5.062500e+01 -3.800000e+01 8.000000e+00
    endloop
  endfacet
  facet normal 9.659258e-01 2.588190e-01 0.000000e+00
    outer loop
      vertex   5.062500e+01 -3.800000e+01 8.000000e+00
      vertex   5.082596e+01 -3.875000e+01 5.000000e+00
      vertex   5.062500e+01 -3.800000e+01 5.000000e+00
    endloop
  endfacet
  facet normal 9.659258e-01 -2.588190e-01 0.000000e+00
    outer loop
      vertex   5.062500e+01 -3.800000e+01 8.000000e+00
      vertex   5.062500e+01 -3.800000e+01 5.000000e+00
      vertex   5.082596e+01 -3.725000e+01 8.000000e+00
    endloop
  endfacet
  facet normal 9.659258e-01 -2.588190e-01 0.000000e+00
    outer loop
      vertex   5.082596e+01 -3.725000e+01 8.000000e+00
      vertex   5.062500e+01 -3.800000e+01 5.000000e+00
      vertex   5.082596e+01 -3.725000e+01 5.000000e+00
    endloop
  endfacet
  facet normal 7.071068e-01 -7.071068e-01 0.000000e+00
    outer loop
      vertex   5.082596e+01 -3.725000e+01 8.000000e+00
      vertex   5.082596e+01 -3.725000e+01 5.000000e+00
      vertex   5.137500e+01 -3.670096e+01 8.000000e+00
    endloop
  endfacet
  facet normal 7.071068e-01 -7.071068e-01 0.000000e+00
    outer loop
      vertex   5.137500e+01 -3.670096e+01 8.000000e+00
      vertex   5.082596e+01 -3.725000e+01 5.000000e+00
      vertex   5.137500e+01 -3.670096e+01 5.000000e+00
    endloop
  endfacet
  facet normal 2.588190e-01 -9.659258e-01 0.000000e+00
    outer loop
      vertex   5.137500e+01 -3.670096e+01 8.000000e+00
      vertex   5.137500e+01 -3.670096e+01 5.000000e+00
      vertex   5.212500e+01 -3.650000e+01 8.000000e+00
    endloop
  endfacet
  facet normal 2.588190e-01 -9.659258e-01 0.000000e+00
    outer loop
      vertex   5.212500e+01 -3.650000e+01 8.000000e+00
      vertex   5.137500e+01 -3.670096e+01 5.000000e+00
      vertex   5.212500e+01 -3.650000e+01 5.000000e+00
    endloop
  endfacet
  facet normal -2.588190e-01 -9.659258e-01 -0.000000e+00
    outer loop
      vertex   5.212500e+01 -3.650000e+01 8.000000e+00
      vertex   5.212500e+01 -3.650000e+01 5.000000e+00
      vertex   5.287500e+01 -3.670096e+01 8.000000e+00
    endloop
  endfacet
  facet normal -2.588190e-01 -9.659258e-01 -0.000000e+00
    outer loop
      vertex   5.287500e+01 -3.670096e+01 8.000000e+00
      vertex   5.212500e+01 -3.650000e+01 5.000000e+00
      vertex   5.287500e+01 -3.670096e+01 5.000000e+00
    endloop
  endfacet
  facet normal -7.071068e-01 -7.071068e-01 -0.000000e+00
    outer loop
      vertex   5.287500e+01 -3.670096e+01 8.000000e+00
      vertex   5.287500e+01 -3.670096e+01 5.000000e+00
      vertex   5.342404e+01 -3.725000e+01 8.000000e+00
    endloop
  endfacet
  facet normal -7.071068e-01 -7.071068e-01 -0.000000e+00
    outer loop
      vertex   5.342404e+01 -3.725000e+01 8.000000e+00
      vertex   5.287500e+01 -3.670096e+01 5.000000e+00
      vertex   5.342404e+01 -3.725000e+01 5.000000e+00
    endloop
  endfacet
  facet normal -9.659258e-01 -2.588190e-01 -0.000000e+00
    outer loop
      vertex   5.342404e+01 -5.725000e+01 8.000000e+00
      vertex   5.342404e+01 -5.725000e+01 5.000000e+00
      vertex   5.362500e+01 -5.800000e+01 8.000000e+00
    endloop
  endfacet
  facet normal -9.659258e-01 -2.588190e-01 -0.000000e+00
    outer loop
      vertex   5.362500e+01 -5.800000e+01 8.000000e+00
      vertex   5.342404e+01 -5.725000e+01 5.000000e+00
      vertex   5.362500e+01 -5.800000e+01 5.000000e+00
    endloop
  endfacet
  facet normal -9.659258e-01 2.588190e-01 0.000000e+00
    outer loop
      vertex   5.362500e+01 -5.800000e+01 8.000000e+00
      vertex   5.362500e+01 -5.800000e+01 5.000000e+00
      vertex   5.342404e+01 -5.875000e+01 8.000000e+00
    endloop
  endfacet
  facet normal -9.659258e-01 2.588190e-01 0.000000e+00
    outer loop
      vertex   5.342404e+01 -5.875000e+01 8.000000e+00
      vertex   5.362500e+01 -5.800000e+01 5.000000e+00
      vertex   5.342404e+01 -5.875000e+01 5.000000e+00
    endloop
  endfacet
  facet normal -7.071068e-01 7.071068e-01 0.000000e+00
    outer loop
      vertex   5.342404e+01 -5.875000e+01 8.000000e+00
      vertex   5.342404e+01 -5.875000e+01 5.000000e+00
      vertex   5.287500e+01 -5.929904e+01 8.000000e+00
    endloop
  endfacet
  facet normal -7.071068e-01 7.071068e-01 0.000000e+00
    outer loop
      vertex   5.287500e+01 -5.929904e+01 8.000000e+00
      vertex   5.342404e+01 -5.875000e+01 5.000000e+00
      vertex   5.287500e+01 -5.929904e+01 5.000000e+00
    endloop
  endfacet
  facet normal -2.588190e-01 9.659258e-01 0.000000e+00
    outer loop
      vertex   5.287500e+01 -5.929904e+01 8.000000e+00
      vertex   5.287500e+01 -5.929904e+01 5.000000e+00
      vertex   5.212500e+01 -5.950000e+01 8.000000e+00
    endloop
  endfacet
  facet normal -2.588190e-01 9.659258e-01 0.000000e+00
    outer loop
      vertex   5.212500e+01 -5.950000e+01 8.000000e+00
      vertex   5.287500e+01 -5.929904e+01 5.000000e+00
      vertex   5.212500e+01 -5.950000e+01 5.000000e+00
    endloop
  endfacet
  facet normal 2.588190e-01 9.659258e-01 0.000000e+00
    outer loop
      vertex   5.212500e+01 -5.950000e+01 8.000000e+00
      vertex   5.212500e+01 -5.950000e+01 5.000000e+00
      vertex   5.137500e+01 -5.929904e+01 8.000000e+00
    endloop
  endfacet
  facet normal 2.588190e-01 9.659258e-01 0.000000e+00
    outer loop
      vertex   5.137500e+01 -5.929904e+01 8.000000e+00
      vertex   5.212500e+01 -5.950000e+01 5.000000e+00
      vertex   5.137500e+01 -5.929904e+01 5.000000e+00
    endloop
  endfacet
  facet normal 7.071068e-01 7.071068e-01 0.000000e+00
    outer loop
      vertex   5.137500e+01 -5.929904e+01 8.000000e+00
      vertex   5.137500e+01 -5.929904e+01 5.000000e+00
      vertex   5.082596e+01 -5.875000e+01 8.000000e+00
    endloop
  endfacet
  facet normal 7.071068e-01 7.071068e-01 0.000000e+00
    outer loop
      vertex   5.082596e+01 -5.875000e+01 8.000000e+00
      vertex   5.137500e+01 -5.929904e+01 5.000000e+00
      vertex   5.082596e+01 -5.875000e+01 5.000000e+00
    endloop
  endfacet
  facet normal 9.659258e-01 2.588190e-01 0.000000e+00
    outer loop
      vertex   5.082596e+01 -5.875000e+01 8.000000e+00
      vertex   5.082596e+01 -5.875000e+01 5.000000e+00
      vertex   5.062500e+01 -5.800000e+01 8.000000e+00
    endloop
  endfacet
  facet normal 9.659258e-01 2.588190e-01 0.000000e+00
    outer loop
      vertex   5.062500e+01 -5.800000e+01 8.000000e+00
      vertex   5.082596e+01 -5.875000e+01 5.000000e+00
      vertex   5.062500e+01 -5.800000e+01 5.000000e+00
    endloop
  endfacet
  facet normal 9.659258e-01 -2.588190e-01 0.000000e+00
    outer loop
      vertex   5.062500e+01 -5.800000e+01 8.000000e+00
      vertex   5.062500e+01 -5.800000e+01 5.000000e+00
      vertex   5.082596e+01 -5.725000e+01 8.000000e+00
    endloop
  endfacet
  facet normal 9.659258e-01 -2.588190e-01 0.000000e+00
    outer loop
      vertex   5.082596e+01 -5.725000e+01 8.000000e+00
      vertex   5.062500e+01 -5.800000e+01 5.000000e+00
      vertex   5.082596e+01 -5.725000e+01 5.000000e+00
    endloop
  endfacet
  facet normal 7.071068e-01 -7.071068e-01 0.000000e+00
    outer loop
      vertex   5.082596e+01 -5.725000e+01 8.000000e+00
      vertex   5.082596e+01 -5.725000e+01 5.000000e+00
      vertex   5.137500e+01 -5.670096e+01 8.000000e+00
    endloop
  endfacet
  facet normal 7.071068e-01 -7.071068e-01 0.000000e+00
    outer loop
      vertex   5.137500e+01 -5.670096e+01 8.000000e+00
      vertex   5.082596e+01 -5.725000e+01 5.000000e+00
      vertex   5.137500e+01 -5.670096e+01 5.000000e+00
    endloop
  endfacet
  facet normal 2.588190e-01 -9.659258e-01 0.000000e+00
    outer loop
      vertex   5.137500e+01 -5.670096e+01 8.000000e+00
      vertex   5.137500e+01 -5.670096e+01 5.000000e+00
      vertex   5.212500e+01 -5.650000e+01 8.000000e+00
    endloop
  endfacet
  facet normal 2.588190e-01 -9.659258e-01 0.000000e+00
    outer loop
      vertex   5.212500e+01 -5.650000e+01 8.000000e+00
      vertex   5.137500e+01 -5.670096e+01 5.000000e+00
      vertex   5.212500e+01 -5.650000e+01 5.000000e+00
    endloop
  endfacet
  facet normal -2.588190e-01 -9.659258e-01 -0.000000e+00
    outer loop
      vertex   5.212500e+01 -5.650000e+01 8.000000e+00
      vertex   5.212500e+01 -5.650000e+01 5.000000e+00
      vertex   5.287500e+01 -5.670096e+01 8.000000e+00
    endloop
  endfacet
  facet normal -2.588190e-01 -9.659258e-01 -0.000000e+00
    outer loop
      vertex   5.287500e+01 -5.670096e+01 8.000000e+00
      vertex   5.212500e+01 -5.650000e+01 5.000000e+00
      vertex   5.287500e+01 -5.670096e+01 5.000000e+00
    endloop
  endfacet
  facet normal -7.071068e-01 -7.071068e-01 -0.000000e+00
    outer loop
      vertex   5.287500e+01 -5.670096e+01 8.000000e+00
      vertex   5.287500e+01 -5.670096e+01 5.000000e+00
      vertex   5.342404e+01 -5.725000e+01 8.000000e+00
    endloop
  endfacet
  facet normal -7.071068e-01 -7.071068e-01 -0.000000e+00
    outer loop
      vertex   5.342404e+01 -5.725000e+01 8.000000e+00
      vertex   5.287500e+01 -5.670096e+01 5.000000e+00
      vertex   5.342404e+01 -5.725000e+01 5.000000e+00
    endloop
  endfacet
  facet normal -9.659258e-01 2.588190e-01 0.000000e+00
    outer loop
      vertex   -4.201795e+01 -5.900000e+01 1.000000e+00
      vertex   -4.201795e+01 -5.900000e+01 8.000000e+00
      vertex   -4.175000e+01 -5.800000e+01 1.000000e+00
    endloop
  endfacet
  facet normal -9.659258e-01 2.588190e-01 0.000000e+00
    outer loop
      vertex   -4.175000e+01 -5.800000e+01 1.000000e+00
      vertex   -4.201795e+01 -5.900000e+01 8.000000e+00
      vertex   -4.175000e+01 -5.800000e+01 8.000000e+00
    endloop
  endfacet
  facet normal -9.659258e-01 -2.588190e-01 0.000000e+00
    outer loop
      vertex   -4.175000e+01 -5.800000e+01 1.000000e+00
      vertex   -4.175000e+01 -5.800000e+01 8.000000e+00
      vertex   -4.201795e+01 -5.700000e+01 1.000000e+00
    endloop
  endfacet
  facet normal -9.659258e-01 -2.588190e-01 0.000000e+00
    outer loop
      vertex   -4.201795e+01 -5.700000e+01 1.000000e+00
      vertex   -4.175000e+01 -5.800000e+01 8.000000e+00
      vertex   -4.201795e+01 -5.700000e+01 8.000000e+00
    endloop
  endfacet
  facet normal -7.071068e-01 -7.071068e-01 0.000000e+00
    outer loop
      vertex   -4.201795e+01 -5.700000e+01 1.000000e+00
      vertex   -4.201795e+01 -5.700000e+01 8.000000e+00
      vertex   -4.275000e+01 -5.626795e+01 1.000000e+00
    endloop
  endfacet
  facet normal -7.071068e-01 -7.071068e-01 0.000000e+00
    outer loop
      vertex   -4.275000e+01 -5.626795e+01 1.000000e+00
      vertex   -4.201795e+01 -5.700000e+01 8.000000e+00
      vertex   -4.275000e+01 -5.626795e+01 8.000000e+00
    endloop
  endfacet
  facet normal -2.588190e-01 -9.659258e-01 0.000000e+00
    outer loop
      vertex   -4.275000e+01 -5.626795e+01 1.000000e+00
      vertex   -4.275000e+01 -5.626795e+01 8.000000e+00
      vertex   -4.375000e+01 -5.600000e+01 1.000000e+00
    endloop
  endfacet
  facet normal -2.588190e-01 -9.659258e-01 0.000000e+00
    outer loop
      vertex   -4.375000e+01 -5.600000e+01 1.000000e+00
      vertex   -4.275000e+01 -5.626795e+01 8.000000e+00
      vertex   -4.375000e+01 -5.600000e+01 8.000000e+00
    endloop
  endfacet
  facet normal 2.588190e-01 -9.659258e-01 0.000000e+00
    outer loop
      vertex   -4.375000e+01 -5.600000e+01 1.000000e+00
      vertex   -4.375000e+01 -5.600000e+01 8.000000e+00
      vertex   -4.475000e+01 -5.626795e+01 1.000000e+00
    endloop
  endfacet
  facet normal 2.588190e-01 -9.659258e-01 0.000000e+00
    outer loop
      vertex   -4.475000e+01 -5.626795e+01 1.000000e+00
      vertex   -4.375000e+01 -5.600000e+01 8.000000e+00
      vertex   -4.475000e+01 -5.626795e+01 8.000000e+00
    endloop
  endfacet
  facet normal 7.071068e-01 -7.071068e-01 0.000000e+00
    outer loop
      vertex   -4.475000e+01 -5.626795e+01 1.000000e+00
      vertex   -4.475000e+01 -5.626795e+01 8.000000e+00
      vertex   -4.548205e+01 -5.700000e+01 1.000000e+00
    endloop
  endfacet
  facet normal 7.071068e-01 -7.071068e-01 0.000000e+00
    outer loop
      vertex   -4.548205e+01 -5.700000e+01 1.000000e+00
      vertex   -4.475000e+01 -5.626795e+01 8.000000e+00
      vertex   -4.548205e+01 -5.700000e+01 8.000000e+00
    endloop
  endfacet
  facet normal 9.659258e-01 -2.588190e-01 0.000000e+00
    outer loop
      vertex   -4.548205e+01 -5.700000e+01 1.000000e+00
      vertex   -4.548205e+01 -5.700000e+01 8.000000e+00
      vertex   -4.575000e+01 -5.800000e+01 1.000000e+00
    endloop
  endfacet
  facet normal 9.659258e-01 -2.588190e-01 0.000000e+00
    outer loop
      vertex   -4.575000e+01 -5.800000e+01 1.000000e+00
      vertex   -4.548205e+01 -5.700000e+01 8.000000e+00
      vertex   -4.575000e+01 -5.800000e+01 8.000000e+00
    endloop
  endfacet
  facet normal 9.659258e-01 2.588190e-01 -0.000000e+00
    outer loop
      vertex   -4.575000e+01 -5.800000e+01 1.000000e+00
      vertex   -4.575000e+01 -5.800000e+01 8.000000e+00
      vertex   -4.548205e+01 -5.900000e+01 1.000000e+00
    endloop
  endfacet
  facet normal 9.659258e-01 2.588190e-01 -0.000000e+00
    outer loop
      vertex   -4.548205e+01 -5.900000e+01 1.000000e+00
      vertex   -4.575000e+01 -5.800000e+01 8.000000e+00
      vertex   -4.548205e+01 -5.900000e+01 8.000000e+00
    endloop
  endfacet
  facet normal 7.071068e-01 7.071068e-01 -0.000000e+00
    outer loop
      vertex   -4.548205e+01 -5.900000e+01 1.000000e+00
      vertex   -4.548205e+01 -5.900000e+01 8.000000e+00
      vertex   -4.475000e+01 -5.973205e+01 1.000000e+00
    endloop
  endfacet
  facet normal 7.071068e-01 7.071068e-01 -0.000000e+00
    outer loop
      vertex   -4.475000e+01 -5.973205e+01 1.000000e+00
      vertex   -4.548205e+01 -5.900000e+01 8.000000e+00
      vertex   -4.475000e+01 -5.973205e+01 8.000000e+00
    endloop
  endfacet
  facet normal 2.588190e-01 9.659258e-01 -0.000000e+00
    outer loop
      vertex   -4.475000e+01 -5.973205e+01 1.000000e+00
      vertex   -4.475000e+01 -5.973205e+01 8.000000e+00
      vertex   -4.375000e+01 -6.000000e+01 1.000000e+00
    endloop
  endfacet
  facet normal 2.588190e-01 9.659258e-01 -0.000000e+00
    outer loop
      vertex   -4.375000e+01 -6.000000e+01 1.000000e+00
      vertex   -4.475000e+01 -5.973205e+01 8.000000e+00
      vertex   -4.375000e+01 -6.000000e+01 8.000000e+00
    endloop
  endfacet
  facet normal -2.588190e-01 9.659258e-01 0.000000e+00
    outer loop
      vertex   -4.375000e+01 -6.000000e+01 1.000000e+00
      vertex   -4.375000e+01 -6.000000e+01 8.000000e+00
      vertex   -4.275000e+01 -5.973205e+01 1.000000e+00
    endloop
  endfacet
  facet normal -2.588190e-01 9.659258e-01 0.000000e+00
    outer loop
      vertex   -4.275000e+01 -5.973205e+01 1.000000e+00
      vertex   -4.375000e+01 -6.000000e+01 8.000000e+00
      vertex   -4.275000e+01 -5.973205e+01 8.000000e+00
    endloop
  endfacet
  facet normal -7.071068e-01 7.071068e-01 0.000000e+00
    outer loop
      vertex   -4.275000e+01 -5.973205e+01 1.000000e+00
      vertex   -4.275000e+01 -5.973205e+01 8.000000e+00
      vertex   -4.201795e+01 -5.900000e+01 1.000000e+00
    endloop
  endfacet
  facet normal -7.071068e-01 7.071068e-01 0.000000e+00
    outer loop
      vertex   -4.201795e+01 -5.900000e+01 1.000000e+00
      vertex   -4.275000e+01 -5.973205e+01 8.000000e+00
      vertex   -4.201795e+01 -5.900000e+01 8.000000e+00
    endloop
  endfacet
  facet normal -9.659258e-01 2.588190e-01 0.000000e+00
    outer loop
      vertex   -4.201795e+01 -1.900000e+01 1.000000e+00
      vertex   -4.201795e+01 -1.900000e+01 8.000000e+00
      vertex   -4.175000e+01 -1.800000e+01 1.000000e+00
    endloop
  endfacet
  facet normal -9.659258e-01 2.588190e-01 0.000000e+00
    outer loop
      vertex   -4.175000e+01 -1.800000e+01 1.000000e+00
      vertex   -4.201795e+01 -1.900000e+01 8.000000e+00
      vertex   -4.175000e+01 -1.800000e+01 8.000000e+00
    endloop
  endfacet
  facet normal -9.659258e-01 -2.588190e-01 0.000000e+00
    outer loop
      vertex   -4.175000e+01 -1.800000e+01 1.000000e+00
      vertex   -4.175000e+01 -1.800000e+01 8.000000e+00
      vertex   -4.201795e+01 -1.700000e+01 1.000000e+00
    endloop
  endfacet
  facet normal -9.659258e-01 -2.588190e-01 0.000000e+00
    outer loop
      vertex   -4.201795e+01 -1.700000e+01 1.000000e+00
      vertex   -4.175000e+01 -1.800000e+01 8.000000e+00
      vertex   -4.201795e+01 -1.700000e+01 8.000000e+00
    endloop
  endfacet
  facet normal -7.071068e-01 -7.071068e-01 0.000000e+00
    outer loop
      vertex   -4.201795e+01 -1.700000e+01 1.000000e+00
      vertex   -4.201795e+01 -1.700000e+01 8.000000e+00
      vertex   -4.275000e+01 -1.626795e+01 1.000000e+00
    endloop
  endfacet
  facet normal -7.071068e-01 -7.071068e-01 0.000000e+00
    outer loop
      vertex   -4.275000e+01 -1.626795e+01 1.000000e+00
      vertex   -4.201795e+01 -1.700000e+01 8.000000e+00
      vertex   -4.275000e+01 -1.626795e+01 8.000000e+00
    endloop
  endfacet
  facet normal -2.588190e-01 -9.659258e-01 0.000000e+00
    outer loop
      vertex   -4.275000e+01 -1.626795e+01 1.000000e+00
      vertex   -4.275000e+01 -1.626795e+01 8.000000e+00
      vertex   -4.375000e+01 -1.600000e+01 1.000000e+00
    endloop
  endfacet
  facet normal -2.588190e-01 -9.659258e-01 0.000000e+00
    outer loop
      vertex   -4.375000e+01 -1.600000e+01 1.000000e+00
      vertex   -4.275000e+01 -1.626795e+01 8.000000e+00
      vertex   -4.375000e+01 -1.600000e+01 8.000000e+00
    endloop
  endfacet
  facet normal 2.588190e-01 -9.659258e-01 0.000000e+00
    outer loop
      vertex   -4.375000e+01 -1.600000e+01 1.000000e+00
      vertex   -4.375000e+01 -1.600000e+01 8.000000e+00
      vertex   -4.475000e+01 -1.626795e+01 1.000000e+00
    endloop
  endfacet
  facet normal 2.588190e-01 -9.659258e-01 0.000000e+00
    outer loop
      vertex   -4.475000e+01 -1.626795e+01 1.000000e+00
      vertex   -4.375000e+01 -1.600000e+01 8.000000e+00
      vertex   -4.475000e+01 -1.626795e+01 8.000000e+00
    endloop
  endfacet
  facet normal 7.071068e-01 -7.071068e-01 0.000000e+00
    outer loop
      vertex   -4.475000e+01 -1.626795e+01 1.000000e+00
      vertex   -4.475000e+01 -1.626795e+01 8.000000e+00
      vertex   -4.548205e+01 -1.700000e+01 1.000000e+00
    endloop
  endfacet
  facet normal 7.071068e-01 -7.071068e-01 0.000000e+00
    outer loop
      vertex   -4.548205e+01 -1.700000e+01 1.000000e+00
      vertex   -4.475000e+01 -1.626795e+01 8.000000e+00
      vertex   -4.548205e+01 -1.700000e+01 8.000000e+00
    endloop
  endfacet
  facet normal 9.659258e-01 -2.588190e-01 0.000000e+00
    outer loop
      vertex   -4.548205e+01 -1.700000e+01 1.000000e+00
      vertex   -4.548205e+01 -1.700000e+01 8.000000e+00
      vertex   -4.575000e+01 -1.800000e+01 1.000000e+00
    endloop
  endfacet
  facet normal 9.659258e-01 -2.588190e-01 0.000000e+00
    outer loop
      vertex   -4.575000e+01 -1.800000e+01 1.000000e+00
      vertex   -4.548205e+01 -1.700000e+01 8.000000e+00
      vertex   -4.575000e+01 -1.800000e+01 8.000000e+00
    endloop
  endfacet
  facet normal 9.659258e-01 2.588190e-01 -0.000000e+00
    outer loop
      vertex   -4.575000e+01 -1.800000e+01 1.000000e+00
      vertex   -4.575000e+01 -1.800000e+01 8.000000e+00
      vertex   -4.548205e+01 -1.900000e+01 1.000000e+00
    endloop
  endfacet
  facet normal 9.659258e-01 2.588190e-01 -0.000000e+00
    outer loop
      vertex   -4.548205e+01 -1.900000e+01 1.000000e+00
      vertex   -4.575000e+01 -1.800000e+01 8.000000e+00
      vertex   -4.548205e+01 -1.900000e+01 8.000000e+00
    endloop
  endfacet
  facet normal 7.071068e-01 7.071068e-01 -0.000000e+00
    outer loop
      vertex   -4.548205e+01 -1.900000e+01 1.000000e+00
      vertex   -4.548205e+01 -1.900000e+01 8.000000e+00
      vertex   -4.475000e+01 -1.973205e+01 1.000000e+00
    endloop
  endfacet
  facet normal 7.071068e-01 7.071068e-01 -0.000000e+00
    outer loop
      vertex   -4.475000e+01 -1.973205e+01 1.000000e+00
      vertex   -4.548205e+01 -1.900000e+01 8.000000e+00
      vertex   -4.475000e+01 -1.973205e+01 8.000000e+00
    endloop
  endfacet
  facet normal 2.588190e-01 9.659258e-01 -0.000000e+00
    outer loop
      vertex   -4.475000e+01 -1.973205e+01 1.000000e+00
      vertex   -4.475000e+01 -1.973205e+01 8.000000e+00
      vertex   -4.375000e+01 -2.000000e+01 1.000000e+00
    endloop
  endfacet
  facet normal 2.588190e-01 9.659258e-01 -0.000000e+00
    outer loop
      vertex   -4.375000e+01 -2.000000e+01 1.000000e+00
      vertex   -4.475000e+01 -1.973205e+01 8.000000e+00
      vertex   -4.375000e+01 -2.000000e+01 8.000000e+00
    endloop
  endfacet
  facet normal -2.588190e-01 9.659258e-01 0.000000e+00
    outer loop
      vertex   -4.375000e+01 -2.000000e+01 1.000000e+00
      vertex   -4.375000e+01 -2.000000e+01 8.000000e+00
      vertex   -4.275000e+01 -1.973205e+01 1.000000e+00
    endloop
  endfacet
  facet normal -2.588190e-01 9.659258e-01 0.000000e+00
    outer loop
      vertex   -4.275000e+01 -1.973205e+01 1.000000e+00
      vertex   -4.375000e+01 -2.000000e+01 8.000000e+00
      vertex   -4.275000e+01 -1.973205e+01 8.000000e+00
    endloop
  endfacet
  facet normal -7.071068e-01 7.071068e-01 0.000000e+00
    outer loop
      vertex   -4.275000e+01 -1.973205e+01 1.000000e+00
      vertex   -4.275000e+01 -1.973205e+01 8.000000e+00
      vertex   -4.201795e+01 -1.900000e+01 1.000000e+00
    endloop
  endfacet
  facet normal -7.071068e-01 7.071068e-01 0.000000e+00
    outer loop
      vertex   -4.201795e+01 -1.900000e+01 1.000000e+00
      vertex   -4.275000e+01 -1.973205e+01 8.000000e+00
      vertex   -4.201795e+01 -1.900000e+01 8.000000e+00
    endloop
  endfacet
  facet normal -9.659258e-01 2.588190e-01 0.000000e+00
    outer loop
      vertex   -4.201795e+01 2.100000e+01 1.000000e+00
      vertex   -4.201795e+01 2.100000e+01 8.000000e+00
      vertex   -4.175000e+01 2.200000e+01 1.000000e+00
    endloop
  endfacet
  facet normal -9.659258e-01 2.588190e-01 0.000000e+00
    outer loop
      vertex   -4.175000e+01 2.200000e+01 1.000000e+00
      vertex   -4.201795e+01 2.100000e+01 8.000000e+00
      vertex   -4.175000e+01 2.200000e+01 8.000000e+00
    endloop
  endfacet
  facet normal -9.659258e-01 -2.588190e-01 0.000000e+00
    outer loop
      vertex   -4.175000e+01 2.200000e+01 1.000000e+00
      vertex   -4.175000e+01 2.200000e+01 8.000000e+00
      vertex   -4.201795e+01 2.300000e+01 1.000000e+00
    endloop
  endfacet
  facet normal -9.659258e-01 -2.588190e-01 0.000000e+00
    outer loop
      vertex   -4.201795e+01 2.300000e+01 1.000000e+00
      vertex   -4.175000e+01 2.200000e+01 8.000000e+00
      vertex   -4.201795e+01 2.300000e+01 8.000000e+00
    endloop
  endfacet
  facet normal -7.071068e-01 -7.071068e-01 0.000000e+00
    outer loop
      vertex   -4.201795e+01 2.300000e+01 1.000000e+00
      vertex   -4.201795e+01 2.300000e+01 8.000000e+00
      vertex   -4.275000e+01 2.373205e+01 1.000000e+00
    endloop
  endfacet
  facet normal -7.071068e-01 -7.071068e-01 0.000000e+00
    outer loop
      vertex   -4.275000e+01 2.373205e+01 1.000000e+00
      vertex   -4.201795e+01 2.300000e+01 8.000000e+00
      vertex   -4.275000e+01 2.373205e+01 8.000000e+00
    endloop
  endfacet
  facet normal -2.588190e-01 -9.659258e-01 0.000000e+00
    outer loop
      vertex   -4.275000e+01 2.373205e+01 1.000000e+00
      vertex   -4.275000e+01 2.373205e+01 8.000000e+00
      vertex   -4.375000e+01 2.400000e+01 1.000000e+00
    endloop
  endfacet
  facet normal -2.588190e-01 -9.659258e-01 0.000000e+00
    outer loop
      vertex   -4.375000e+01 2.400000e+01 1.000000e+00
      vertex   -4.275000e+01 2.373205e+01 8.000000e+00
      vertex   -4.375000e+01 2.400000e+01 8.000000e+00
    endloop
  endfacet
  facet normal 2.588190e-01 -9.659258e-01 0.000000e+00
    outer loop
      vertex   -4.375000e+01 2.400000e+01 1.000000e+00
      vertex   -4.375000e+01 2.400000e+01 8.000000e+00
      vertex   -4.475000e+01 2.373205e+01 1.000000e+00
    endloop
  endfacet
  facet normal 2.588190e-01 -9.659258e-01 0.000000e+00
    outer loop
      vertex   -4.475000e+01 2.373205e+01 1.000000e+00
      vertex   -4.375000e+01 2.400000e+01 8.000000e+00
      vertex   -4.475000e+01 2.373205e+01 8.000000e+00
    endloop
  endfacet
  facet normal 7.071068e-01 -7.071068e-01 0.000000e+00
    outer loop
      vertex   -4.475000e+01 2.373205e+01 1.000000e+00
      vertex   -4.475000e+01 2.373205e+01 8.000000e+00
      vertex   -4.548205e+01 2.300000e+01 1.000000e+00
    endloop
  endfacet
  facet normal 7.071068e-01 -7.071068e-01 0.000000e+00
    outer loop
      vertex   -4.548205e+01 2.300000e+01 1.000000e+00
      vertex   -4.475000e+01 2.373205e+01 8.000000e+00
      vertex   -4.548205e+01 2.300000e+01 8.000000e+00
    endloop
  endfacet
  facet normal 9.659258e-01 -2.588190e-01 0.000000e+00
    outer loop
      vertex   -4.548205e+01 2.300000e+01 1.000000e+00
      vertex   -4.548205e+01 2.300000e+01 8.000000e+00
      vertex   -4.575000e+01 2.200000e+01 1.000000e+00
    endloop
  endfacet
  facet normal 9.659258e-01 -2.588190e-01 0.000000e+00
    outer loop
      vertex   -4.575000e+01 2.200000e+01 1.000000e+00
      vertex   -4.548205e+01 2.300000e+01 8.000000e+00
      vertex   -4.575000e+01 2.200000e+01 8.000000e+00
    endloop
  endfacet
  facet normal 9.659258e-01 2.588190e-01 -0.000000e+00
    outer loop
      vertex   -4.575000e+01 2.200000e+01 1.000000e+00
      vertex   -4.575000e+01 2.200000e+01 8.000000e+00
      vertex   -4.548205e+01 2.100000e+01 1.000000e+00
    endloop
  endfacet
  facet normal 9.659258e-01 2.588190e-01 -0.000000e+00
    outer loop
      vertex   -4.548205e+01 2.100000e+01 1.000000e+00
      vertex   -4.575000e+01 2.200000e+01 8.000000e+00
      vertex   -4.548205e+01 2.100000e+01 8.000000e+00
    endloop
  endfacet
  facet normal 7.071068e-01 7.071068e-01 -0.000000e+00
    outer loop
      vertex   -4.548205e+01 2.100000e+01 1.000000e+00
      vertex   -4.548205e+01 2.100000e+01 8.000000e+00
      vertex   -4.475000e+01 2.026795e+01 1.000000e+00
    endloop
  endfacet
  facet normal 7.071068e-01 7.071068e-01 -0.000000e+00
    outer loop
      vertex   -4.475000e+01 2.026795e+01 1.000000e+00
      vertex   -4.548205e+01 2.100000e+01 8.000000e+00
      vertex   -4.475000e+01 2.026795e+01 8.000000e+00
    endloop
  endfacet
  facet normal 2.588190e-01 9.659258e-01 -0.000000e+00
    outer loop
      vertex   -4.475000e+01 2.026795e+01 1.000000e+00
      vertex   -4.475000e+01 2.026795e+01 8.000000e+00
      vertex   -4.375000e+01 2.000000e+01 1.000000e+00
    endloop
  endfacet
  facet normal 2.588190e-01 9.659258e-01 -0.000000e+00
    outer loop
      vertex   -4.375000e+01 2.000000e+01 1.000000e+00
      vertex   -4.475000e+01 2.026795e+01 8.000000e+00
      vertex   -4.375000e+01 2.000000e+01 8.000000e+00
    endloop
  endfacet
  facet normal -2.588190e-01 9.659258e-01 0.000000e+00
    outer loop
      vertex   -4.375000e+01 2.000000e+01 1.000000e+00
      vertex   -4.375000e+01 2.000000e+01 8.000000e+00
      vertex   -4.275000e+01 2.026795e+01 1.000000e+00
    endloop
  endfacet
  facet normal -2.588190e-01 9.659258e-01 0.000000e+00
    outer loop
      vertex   -4.275000e+01 2.026795e+01 1.000000e+00
      vertex   -4.375000e+01 2.000000e+01 8.000000e+00
      vertex   -4.275000e+01 2.026795e+01 8.000000e+00
    endloop
  endfacet
  facet normal -7.071068e-01 7.071068e-01 0.000000e+00
    outer loop
      vertex   -4.275000e+01 2.026795e+01 1.000000e+00
      vertex   -4.275000e+01 2.026795e+01 8.000000e+00
      vertex   -4.201795e+01 2.100000e+01 1.000000e+00
    endloop
  endfacet
  facet normal -7.071068e-01 7.071068e-01 0.000000e+00
    outer loop
      vertex   -4.201795e+01 2.100000e+01 1.000000e+00
      vertex   -4.275000e+01 2.026795e+01 8.000000e+00
      vertex   -4.201795e+01 2.100000e+01 8.000000e+00
    endloop
  endfacet
  facet normal -9.659258e-01 2.588190e-01 0.000000e+00
    outer loop
      vertex   -4.201795e+01 6.100000e+01 1.000000e+00
      vertex   -4.201795e+01 6.100000e+01 8.000000e+00
      vertex   -4.175000e+01 6.200000e+01 1.000000e+00
    endloop
  endfacet
  facet normal -9.659258e-01 2.588190e-01 0.000000e+00
    outer loop
      vertex   -4.175000e+01 6.200000e+01 1.000000e+00
      vertex   -4.201795e+01 6.100000e+01 8.000000e+00
      vertex   -4.175000e+01 6.200000e+01 8.000000e+00
    endloop
  endfacet
  facet normal -9.659258e-01 -2.588190e-01 0.000000e+00
    outer loop
      vertex   -4.175000e+01 6.200000e+01 1.000000e+00
      vertex   -4.175000e+01 6.200000e+01 8.000000e+00
      vertex   -4.201795e+01 6.300000e+01 1.000000e+00
    endloop
  endfacet
  facet normal -9.659258e-01 -2.588190e-01 0.000000e+00
    outer loop
      vertex   -4.201795e+01 6.300000e+01 1.000000e+00
      vertex   -4.175000e+01 6.200000e+01 8.000000e+00
      vertex   -4.201795e+01 6.300000e+01 8.000000e+00
    endloop
  endfacet
  facet normal -7.071068e-01 -7.071068e-01 0.000000e+00
    outer loop
      vertex   -4.201795e+01 6.300000e+01 1.000000e+00
      vertex   -4.201795e+01 6.300000e+01 8.000000e+00
      vertex   -4.275000e+01 6.373205e+01 1.000000e+00
    endloop
  endfacet
  facet normal -7.071068e-01 -7.071068e-01 0.000000e+00
    outer loop
      vertex   -4.275000e+01 6.373205e+01 1.000000e+00
      vertex   -4.201795e+01 6.300000e+01 8.000000e+00
      vertex   -4.275000e+01 6.373205e+01 8.000000e+00
    endloop
  endfacet
  facet normal -2.588190e-01 -9.659258e-01 0.000000e+00
    outer loop
      vertex   -4.275000e+01 6.373205e+01 1.000000e+00
      vertex   -4.275000e+01 6.373205e+01 8.000000e+00
      vertex   -4.375000e+01 6.400000e+01 1.000000e+00
    endloop
  endfacet
  facet normal -2.588190e-01 -9.659258e-01 0.000000e+00
    outer loop
      vertex   -4.375000e+01 6.400000e+01 1.000000e+00
      vertex   -4.275000e+01 6.373205e+01 8.000000e+00
      vertex   -4.375000e+01 6.400000e+01 8.000000e+00
    endloop
  endfacet
  facet normal 2.588190e-01 -9.659258e-01 0.000000e+00
    outer loop
      vertex   -4.375000e+01 6.400000e+01 1.000000e+00
      vertex   -4.375000e+01 6.400000e+01 8.000000e+00
      vertex   -4.475000e+01 6.373205e+01 1.000000e+00
    endloop
  endfacet
  facet normal 2.588190e-01 -9.659258e-01 0.000000e+00
    outer loop
      vertex   -4.475000e+01 6.373205e+01 1.000000e+00
      vertex   -4.375000e+01 6.400000e+01 8.000000e+00
      vertex   -4.475000e+01 6.373205e+01 8.000000e+00
    endloop
  endfacet
  facet normal 7.071068e-01 -7.071068e-01 0.000000e+00
    outer loop
      vertex   -4.475000e+01 6.373205e+01 1.000000e+00
      vertex   -4.475000e+01 6.373205e+01 8.000000e+00
      vertex   -4.548205e+01 6.300000e+01 1.000000e+00
    endloop
  endfacet
  facet normal 7.071068e-01 -7.071068e-01 0.000000e+00
    outer loop
      vertex   -4.548205e+01 6.300000e+01 1.000000e+00
      vertex   -4.475000e+01 6.373205e+01 8.000000e+00
      vertex   -4.548205e+01 6.300000e+01 8.000000e+00
    endloop
  endfacet
  facet normal 9.659258e-01 -2.588190e-01 0.000000e+00
    outer loop
      vertex   -4.548205e+01 6.300000e+01 1.000000e+00
      vertex   -4.548205e+01 6.300000e+01 8.000000e+00
      vertex   -4.575000e+01 6.200000e+01 1.000000e+00
    endloop
  endfacet
  facet normal 9.659258e-01 -2.588190e-01 0.000000e+00
    outer loop
      vertex   -4.575000e+01 6.200000e+01 1.000000e+00
      vertex   -4.548205e+01 6.300000e+01 8.000000e+00
      vertex   -4.575000e+01 6.200000e+01 8.000000e+00
    endloop
  endfacet
  facet normal 9.659258e-01 2.588190e-01 -0.000000e+00
    outer loop
      vertex   -4.575000e+01 6.200000e+01 1.000000e+00
      vertex   -4.575000e+01 6.200000e+01 8.000000e+00
      vertex   -4.548205e+01 6.100000e+01 1.000000e+00
    endloop
  endfacet
  facet normal 9.659258e-01 2.588190e-01 -0.000000e+00
    outer loop
      vertex   -4.548205e+01 6.100000e+01 1.000000e+00
      vertex   -4.575000e+01 6.200000e+01 8.000000e+00
      vertex   -4.548205e+01 6.100000e+01 8.000000e+00
    endloop
  endfacet
  facet normal 7.071068e-01 7.071068e-01 -0.000000e+00
    outer loop
      vertex   -4.548205e+01 6.100000e+01 1.000000e+00
      vertex   -4.548205e+01 6.100000e+01 8.000000e+00
      vertex   -4.475000e+01 6.026795e+01 1.000000e+00
    endloop
  endfacet
  facet normal 7.071068e-01 7.071068e-01 -0.000000e+00
    outer loop
      vertex   -4.475000e+01 6.026795e+01 1.000000e+00
      vertex   -4.548205e+01 6.100000e+01 8.000000e+00
      vertex   -4.475000e+01 6.026795e+01 8.000000e+00
    endloop
  endfacet
  facet normal 2.588190e-01 9.659258e-01 -0.000000e+00
    outer loop
      vertex   -4.475000e+01 6.026795e+01 1.000000e+00
      vertex   -4.475000e+01 6.026795e+01 8.000000e+00
      vertex   -4.375000e+01 6.000000e+01 1.000000e+00
    endloop
  endfacet
  facet normal 2.588190e-01 9.659258e-01 -0.000000e+00
    outer loop
      vertex   -4.375000e+01 6.000000e+01 1.000000e+00
      vertex   -4.475000e+01 6.026795e+01 8.000000e+00
      vertex   -4.375000e+01 6.000000e+01 8.000000e+00
    endloop
  endfacet
  facet normal -2.588190e-01 9.659258e-01 0.000000e+00
    outer loop
      vertex   -4.375000e+01 6.000000e+01 1.000000e+00
      vertex   -4.375000e+01 6.000000e+01 8.000000e+00
      vertex   -4.275000e+01 6.026795e+01 1.000000e+00
    endloop
  endfacet
  facet normal -2.588190e-01 9.659258e-01 0.000000e+00
    outer loop
      vertex   -4.275000e+01 6.026795e+01 1.000000e+00
      vertex   -4.375000e+01 6.000000e+01 8.000000e+00
      vertex   -4.275000e+01 6.026795e+01 8.000000e+00
    endloop
  endfacet
  facet normal -7.071068e-01 7.071068e-01 0.000000e+00
    outer loop
      vertex   -4.275000e+01 6.026795e+01 1.000000e+00
      vertex   -4.275000e+01 6.026795e+01 8.000000e+00
      vertex   -4.201795e+01 6.100000e+01 1.000000e+00
    endloop
  endfacet
  facet normal -7.071068e-01 7.071068e-01 0.000000e+00
    outer loop
      vertex   -4.201795e+01 6.100000e+01 1.000000e+00
      vertex   -4.275000e+01 6.026795e+01 8.000000e+00
      vertex   -4.201795e+01 6.100000e+01 8.000000e+00
    endloop
  endfacet
  facet normal -9.917046e-02 -9.950705e-01 0.000000e+00
    outer loop
      vertex   2.526441e+01 7.260000e+01 4.000000e+00
      vertex   2.526441e+01 7.260000e+01 8.000000e+00
      vertex   2.388287e+01 7.273769e+01 4.000000e+00
    endloop
  endfacet
  facet normal -9.917046e-02 -9.950705e-01 0.000000e+00
    outer loop
      vertex   2.388287e+01 7.273769e+01 4.000000e+00
      vertex   2.526441e+01 7.260000e+01 8.000000e+00
      vertex   2.388287e+01 7.273769e+01 8.000000e+00
    endloop
  endfacet
  facet normal -2.936101e-01 -9.559253e-01 0.000000e+00
    outer loop
      vertex   2.388287e+01 7.273769e+01 4.000000e+00
      vertex   2.388287e+01 7.273769e+01 8.000000e+00
      vertex   2.255567e+01 7.314533e+01 8.000000e+00
    endloop
  endfacet
  facet normal -4.764994e-01 -8.791748e-01 -0.000000e+00
    outer loop
      vertex   2.133504e+01 7.380690e+01 8.000000e+00
      vertex   2.133504e+01 7.380690e+01 4.000000e+00
      vertex   2.255567e+01 7.314533e+01 8.000000e+00
    endloop
  endfacet
  facet normal -4.764994e-01 -8.791748e-01 -0.000000e+00
    outer loop
      vertex   2.255567e+01 7.314533e+01 8.000000e+00
      vertex   2.133504e+01 7.380690e+01 4.000000e+00
      vertex   2.255567e+01 7.314533e+01 4.000000e+00
    endloop
  endfacet
  facet normal -2.936101e-01 -9.559253e-01 -0.000000e+00
    outer loop
      vertex   2.255567e+01 7.314533e+01 8.000000e+00
      vertex   2.255567e+01 7.314533e+01 4.000000e+00
      vertex   2.388287e+01 7.273769e+01 4.000000e+00
    endloop
  endfacet
  facet normal 9.876834e-01 -1.564337e-01 3.169191e-03
    outer loop
      vertex   9.992076e+00 6.991763e+01 -3.000000e+00
      vertex   9.626530e+00 6.775147e+01 4.000000e+00
      vertex   9.625000e+00 6.760000e+01 -3.000000e+00
    endloop
  endfacet
  facet normal 9.903635e-01 1.384549e-01 -3.212420e-03
    outer loop
      vertex   9.625000e+00 6.760000e+01 -3.000000e+00
      vertex   9.626530e+00 6.775147e+01 4.000000e+00
      vertex   9.955561e+00 6.539792e+01 4.000000e+00
    endloop
  endfacet
  facet normal 9.876851e-01 1.564339e-01 2.569957e-03
    outer loop
      vertex   9.625000e+00 6.760000e+01 -3.000000e+00
      vertex   9.955561e+00 6.539792e+01 4.000000e+00
      vertex   9.992076e+00 6.528237e+01 -3.000000e+00
    endloop
  endfacet
  facet normal 8.973329e-01 4.413467e-01 -2.604530e-03
    outer loop
      vertex   9.992076e+00 6.528237e+01 -3.000000e+00
      vertex   9.955561e+00 6.539792e+01 4.000000e+00
      vertex   1.100440e+01 6.326546e+01 4.000000e+00
    endloop
  endfacet
  facet normal 8.910048e-01 4.539896e-01 1.953409e-03
    outer loop
      vertex   9.992076e+00 6.528237e+01 -3.000000e+00
      vertex   1.100440e+01 6.326546e+01 4.000000e+00
      vertex   1.105737e+01 6.319161e+01 -3.000000e+00
    endloop
  endfacet
  facet normal 7.142101e-01 6.999286e-01 -1.979331e-03
    outer loop
      vertex   1.105737e+01 6.319161e+01 -3.000000e+00
      vertex   1.100440e+01 6.326546e+01 4.000000e+00
      vertex   1.266773e+01 6.156819e+01 4.000000e+00
    endloop
  endfacet
  facet normal 7.071062e-01 7.071062e-01 1.319560e-03
    outer loop
      vertex   1.105737e+01 6.319161e+01 -3.000000e+00
      vertex   1.266773e+01 6.156819e+01 4.000000e+00
      vertex   1.271661e+01 6.153237e+01 -3.000000e+00
    endloop
  endfacet
  facet normal 4.593806e-01 8.882385e-01 -1.336836e-03
    outer loop
      vertex   1.271661e+01 6.153237e+01 -3.000000e+00
      vertex   1.266773e+01 6.156819e+01 4.000000e+00
      vertex   1.477858e+01 6.047650e+01 4.000000e+00
    endloop
  endfacet
  facet normal 4.539904e-01 8.910063e-01 6.684199e-04
    outer loop
      vertex   1.271661e+01 6.153237e+01 -3.000000e+00
      vertex   1.477858e+01 6.047650e+01 4.000000e+00
      vertex   1.480737e+01 6.046708e+01 -3.000000e+00
    endloop
  endfacet
  facet normal 1.584290e-01 9.873701e-01 -6.770553e-04
    outer loop
      vertex   1.480737e+01 6.046708e+01 -3.000000e+00
      vertex   1.477858e+01 6.047650e+01 4.000000e+00
      vertex   1.712500e+01 6.010000e+01 4.000000e+00
    endloop
  endfacet
  facet normal 1.564345e-01 9.876883e-01 -7.435003e-17
    outer loop
      vertex   1.480737e+01 6.046708e+01 -3.000000e+00
      vertex   1.712500e+01 6.010000e+01 4.000000e+00
      vertex   1.712500e+01 6.010000e+01 -3.000000e+00
    endloop
  endfacet
  facet normal -1.564345e-01 9.876883e-01 7.939527e-17
    outer loop
      vertex   1.712500e+01 6.010000e+01 -3.000000e+00
      vertex   1.712500e+01 6.010000e+01 4.000000e+00
      vertex   1.944263e+01 6.046708e+01 -3.000000e+00
    endloop
  endfacet
  facet normal -1.584290e-01 9.873701e-01 -6.770553e-04
    outer loop
      vertex   1.944263e+01 6.046708e+01 -3.000000e+00
      vertex   1.712500e+01 6.010000e+01 4.000000e+00
      vertex   1.947142e+01 6.047650e+01 4.000000e+00
    endloop
  endfacet
  facet normal -4.539904e-01 8.910063e-01 6.684199e-04
    outer loop
      vertex   1.944263e+01 6.046708e+01 -3.000000e+00
      vertex   1.947142e+01 6.047650e+01 4.000000e+00
      vertex   2.153339e+01 6.153237e+01 -3.000000e+00
    endloop
  endfacet
  facet normal -4.593806e-01 8.882385e-01 -1.336836e-03
    outer loop
      vertex   2.153339e+01 6.153237e+01 -3.000000e+00
      vertex   1.947142e+01 6.047650e+01 4.000000e+00
      vertex   2.158227e+01 6.156819e+01 4.000000e+00
    endloop
  endfacet
  facet normal -7.071062e-01 7.071062e-01 1.319560e-03
    outer loop
      vertex   2.153339e+01 6.153237e+01 -3.000000e+00
      vertex   2.158227e+01 6.156819e+01 4.000000e+00
      vertex   2.319263e+01 6.319161e+01 -3.000000e+00
    endloop
  endfacet
  facet normal -7.142101e-01 6.999286e-01 -1.979331e-03
    outer loop
      vertex   2.319263e+01 6.319161e+01 -3.000000e+00
      vertex   2.158227e+01 6.156819e+01 4.000000e+00
      vertex   2.324560e+01 6.326546e+01 4.000000e+00
    endloop
  endfacet
  facet normal -8.910048e-01 4.539896e-01 1.953409e-03
    outer loop
      vertex   2.319263e+01 6.319161e+01 -3.000000e+00
      vertex   2.324560e+01 6.326546e+01 4.000000e+00
      vertex   2.425792e+01 6.528237e+01 -3.000000e+00
    endloop
  endfacet
  facet normal -8.973329e-01 4.413467e-01 -2.604530e-03
    outer loop
      vertex   2.425792e+01 6.528237e+01 -3.000000e+00
      vertex   2.324560e+01 6.326546e+01 4.000000e+00
      vertex   2.429444e+01 6.539792e+01 4.000000e+00
    endloop
  endfacet
  facet normal -9.876851e-01 1.564339e-01 2.569957e-03
    outer loop
      vertex   2.425792e+01 6.528237e+01 -3.000000e+00
      vertex   2.429444e+01 6.539792e+01 4.000000e+00
      vertex   2.462500e+01 6.760000e+01 -3.000000e+00
    endloop
  endfacet
  facet normal -9.903635e-01 1.384549e-01 -3.212420e-03
    outer loop
      vertex   2.462500e+01 6.760000e+01 -3.000000e+00
      vertex   2.429444e+01 6.539792e+01 4.000000e+00
      vertex   2.462347e+01 6.775147e+01 4.000000e+00
    endloop
  endfacet
  facet normal -9.876834e-01 -1.564337e-01 3.169191e-03
    outer loop
      vertex   2.462500e+01 6.760000e+01 -3.000000e+00
      vertex   2.462347e+01 6.775147e+01 4.000000e+00
      vertex   2.425792e+01 6.991763e+01 -3.000000e+00
    endloop
  endfacet
  facet normal -9.839622e-01 -1.783365e-01 -3.802993e-03
    outer loop
      vertex   2.425792e+01 6.991763e+01 -3.000000e+00
      vertex   2.462347e+01 6.775147e+01 4.000000e+00
      vertex   2.419966e+01 7.008981e+01 4.000000e+00
    endloop
  endfacet
  facet normal -8.910003e-01 -4.539873e-01 3.751103e-03
    outer loop
      vertex   2.425792e+01 6.991763e+01 -3.000000e+00
      vertex   2.419966e+01 7.008981e+01 4.000000e+00
      vertex   2.319263e+01 7.200839e+01 -3.000000e+00
    endloop
  endfacet
  facet normal -8.787720e-01 -4.772218e-01 -4.376237e-03
    outer loop
      vertex   2.319263e+01 7.200839e+01 -3.000000e+00
      vertex   2.419966e+01 7.008981e+01 4.000000e+00
      vertex   2.306556e+01 7.217818e+01 4.000000e+00
    endloop
  endfacet
  facet normal -7.071002e-01 -7.071002e-01 4.315683e-03
    outer loop
      vertex   2.319263e+01 7.200839e+01 -3.000000e+00
      vertex   2.306556e+01 7.217818e+01 4.000000e+00
      vertex   2.153339e+01 7.366763e+01 -3.000000e+00
    endloop
  endfacet
  facet normal -6.853545e-01 -7.281929e-01 -4.932144e-03
    outer loop
      vertex   2.153339e+01 7.366763e+01 -3.000000e+00
      vertex   2.306556e+01 7.217818e+01 4.000000e+00
      vertex   2.133504e+01 7.380690e+01 4.000000e+00
    endloop
  endfacet
  facet normal -4.539851e-01 -8.909960e-01 4.862920e-03
    outer loop
      vertex   2.153339e+01 7.366763e+01 -3.000000e+00
      vertex   2.133504e+01 7.380690e+01 4.000000e+00
      vertex   1.944263e+01 7.473292e+01 -3.000000e+00
    endloop
  endfacet
  facet normal -4.395349e-01 -8.982255e-01 0.000000e+00
    outer loop
      vertex   1.944263e+01 7.473292e+01 -3.000000e+00
      vertex   2.133504e+01 7.380690e+01 4.000000e+00
      vertex   2.133504e+01 7.380690e+01 8.000000e+00
    endloop
  endfacet
  facet normal -4.322634e-01 -9.017461e-01 -1.547360e-03
    outer loop
      vertex   1.944263e+01 7.473292e+01 -3.000000e+00
      vertex   2.133504e+01 7.380690e+01 8.000000e+00
      vertex   1.932708e+01 7.476944e+01 8.000000e+00
    endloop
  endfacet
  facet normal 9.839622e-01 -1.783365e-01 -3.802993e-03
    outer loop
      vertex   9.626530e+00 6.775147e+01 4.000000e+00
      vertex   9.992076e+00 6.991763e+01 -3.000000e+00
      vertex   1.005034e+01 7.008981e+01 4.000000e+00
    endloop
  endfacet
  facet normal 8.910003e-01 -4.539873e-01 3.751103e-03
    outer loop
      vertex   1.005034e+01 7.008981e+01 4.000000e+00
      vertex   9.992076e+00 6.991763e+01 -3.000000e+00
      vertex   1.105737e+01 7.200839e+01 -3.000000e+00
    endloop
  endfacet
  facet normal 8.787720e-01 -4.772218e-01 -4.376237e-03
    outer loop
      vertex   1.005034e+01 7.008981e+01 4.000000e+00
      vertex   1.105737e+01 7.200839e+01 -3.000000e+00
      vertex   1.118444e+01 7.217818e+01 4.000000e+00
    endloop
  endfacet
  facet normal 7.071002e-01 -7.071002e-01 4.315683e-03
    outer loop
      vertex   1.118444e+01 7.217818e+01 4.000000e+00
      vertex   1.105737e+01 7.200839e+01 -3.000000e+00
      vertex   1.271661e+01 7.366763e+01 -3.000000e+00
    endloop
  endfacet
  facet normal 6.853545e-01 -7.281929e-01 -4.932144e-03
    outer loop
      vertex   1.118444e+01 7.217818e+01 4.000000e+00
      vertex   1.271661e+01 7.366763e+01 -3.000000e+00
      vertex   1.291496e+01 7.380690e+01 4.000000e+00
    endloop
  endfacet
  facet normal 4.539851e-01 -8.909960e-01 4.862920e-03
    outer loop
      vertex   1.291496e+01 7.380690e+01 4.000000e+00
      vertex   1.271661e+01 7.366763e+01 -3.000000e+00
      vertex   1.480737e+01 7.473292e+01 -3.000000e+00
    endloop
  endfacet
  facet normal 4.348182e-01 -9.005169e-01 -1.578278e-03
    outer loop
      vertex   1.291496e+01 7.380690e+01 4.000000e+00
      vertex   1.480737e+01 7.473292e+01 -3.000000e+00
      vertex   1.492292e+01 7.476944e+01 8.000000e+00
    endloop
  endfacet
  facet normal 1.564343e-01 -9.876870e-01 1.635430e-03
    outer loop
      vertex   1.492292e+01 7.476944e+01 8.000000e+00
      vertex   1.480737e+01 7.473292e+01 -3.000000e+00
      vertex   1.712500e+01 7.510000e+01 -3.000000e+00
    endloop
  endfacet
  facet normal 1.484499e-01 -9.889199e-01 4.532590e-17
    outer loop
      vertex   1.492292e+01 7.476944e+01 8.000000e+00
      vertex   1.712500e+01 7.510000e+01 -3.000000e+00
      vertex   1.712500e+01 7.510000e+01 8.000000e+00
    endloop
  endfacet
  facet normal -1.484499e-01 -9.889199e-01 -4.794545e-17
    outer loop
      vertex   1.712500e+01 7.510000e+01 8.000000e+00
      vertex   1.712500e+01 7.510000e+01 -3.000000e+00
      vertex   1.932708e+01 7.476944e+01 8.000000e+00
    endloop
  endfacet
  facet normal -1.564343e-01 -9.876870e-01 1.635430e-03
    outer loop
      vertex   1.932708e+01 7.476944e+01 8.000000e+00
      vertex   1.712500e+01 7.510000e+01 -3.000000e+00
      vertex   1.944263e+01 7.473292e+01 -3.000000e+00
    endloop
  endfacet
  facet normal 4.322639e-01 -9.017472e-01 1.994339e-16
    outer loop
      vertex   1.492292e+01 7.476944e+01 8.000000e+00
      vertex   1.291496e+01 7.380690e+01 8.000000e+00
      vertex   1.291496e+01 7.380690e+01 4.000000e+00
    endloop
  endfacet
  facet normal 4.764994e-01 -8.791748e-01 2.116082e-16
    outer loop
      vertex   1.291496e+01 7.380690e+01 4.000000e+00
      vertex   1.291496e+01 7.380690e+01 8.000000e+00
      vertex   1.169433e+01 7.314533e+01 4.000000e+00
    endloop
  endfacet
  facet normal 4.764994e-01 -8.791748e-01 -2.911848e-15
    outer loop
      vertex   1.169433e+01 7.314533e+01 4.000000e+00
      vertex   1.291496e+01 7.380690e+01 8.000000e+00
      vertex   1.169433e+01 7.314533e+01 8.000000e+00
    endloop
  endfacet
  facet normal 2.936101e-01 -9.559253e-01 -3.265740e-15
    outer loop
      vertex   1.169433e+01 7.314533e+01 4.000000e+00
      vertex   1.169433e+01 7.314533e+01 8.000000e+00
      vertex   1.036713e+01 7.273769e+01 8.000000e+00
    endloop
  endfacet
  facet normal 9.917046e-02 -9.950705e-01 4.404053e-17
    outer loop
      vertex   8.985590e+00 7.260000e+01 8.000000e+00
      vertex   8.985590e+00 7.260000e+01 4.000000e+00
      vertex   1.036713e+01 7.273769e+01 8.000000e+00
    endloop
  endfacet
  facet normal 9.917046e-02 -9.950705e-01 4.404053e-17
    outer loop
      vertex   1.036713e+01 7.273769e+01 8.000000e+00
      vertex   8.985590e+00 7.260000e+01 4.000000e+00
      vertex   1.036713e+01 7.273769e+01 4.000000e+00
    endloop
  endfacet
  facet normal 2.936101e-01 -9.559253e-01 1.303891e-16
    outer loop
      vertex   1.036713e+01 7.273769e+01 8.000000e+00
      vertex   1.036713e+01 7.273769e+01 4.000000e+00
      vertex   1.169433e+01 7.314533e+01 4.000000e+00
    endloop
  endfacet
  facet normal -0.000000e+00 -1.000000e+00 -0.000000e+00
    outer loop
      vertex   8.985590e+00 7.260000e+01 8.000000e+00
      vertex   -3.750000e-01 7.260000e+01 8.000000e+00
      vertex   8.985590e+00 7.260000e+01 4.000000e+00
    endloop
  endfacet
  facet normal 0.000000e+00 -1.000000e+00 0.000000e+00
    outer loop
      vertex   8.985590e+00 7.260000e+01 4.000000e+00
      vertex   -3.750000e-01 7.260000e+01 8.000000e+00
      vertex   -3.750000e-01 7.260000e+01 4.000000e+00
    endloop
  endfacet
  facet normal -7.971372e-01 6.037982e-01 -1.780561e-15
    outer loop
      vertex   3.113718e+01 3.214333e+01 8.000000e+00
      vertex   3.113718e+01 3.214333e+01 4.000000e+00
      vertex   3.002635e+01 3.067680e+01 8.000000e+00
    endloop
  endfacet
  facet normal -7.971372e-01 6.037982e-01 -1.072561e-15
    outer loop
      vertex   3.002635e+01 3.067680e+01 8.000000e+00
      vertex   3.113718e+01 3.214333e+01 4.000000e+00
      vertex   3.002635e+01 3.067680e+01 4.000000e+00
    endloop
  endfacet
  facet normal -6.122921e-01 7.906316e-01 -1.404444e-15
    outer loop
      vertex   3.002635e+01 3.067680e+01 8.000000e+00
      vertex   3.002635e+01 3.067680e+01 4.000000e+00
      vertex   2.857179e+01 2.955034e+01 8.000000e+00
    endloop
  endfacet
  facet normal -6.122921e-01 7.906316e-01 0.000000e+00
    outer loop
      vertex   2.857179e+01 2.955034e+01 8.000000e+00
      vertex   3.002635e+01 3.067680e+01 4.000000e+00
      vertex   2.857179e+01 2.955034e+01 4.000000e+00
    endloop
  endfacet
  facet normal -3.851532e-01 9.228526e-01 0.000000e+00
    outer loop
      vertex   2.857179e+01 2.955034e+01 8.000000e+00
      vertex   2.857179e+01 2.955034e+01 4.000000e+00
      vertex   2.687398e+01 2.884176e+01 8.000000e+00
    endloop
  endfacet
  facet normal -3.851532e-01 9.228526e-01 0.000000e+00
    outer loop
      vertex   2.687398e+01 2.884176e+01 8.000000e+00
      vertex   2.857179e+01 2.955034e+01 4.000000e+00
      vertex   2.687398e+01 2.884176e+01 4.000000e+00
    endloop
  endfacet
  facet normal -1.314101e-01 9.913281e-01 0.000000e+00
    outer loop
      vertex   2.687398e+01 2.884176e+01 8.000000e+00
      vertex   2.687398e+01 2.884176e+01 4.000000e+00
      vertex   2.505019e+01 2.860000e+01 8.000000e+00
    endloop
  endfacet
  facet normal -1.314101e-01 9.913281e-01 0.000000e+00
    outer loop
      vertex   2.505019e+01 2.860000e+01 8.000000e+00
      vertex   2.687398e+01 2.884176e+01 4.000000e+00
      vertex   2.505019e+01 2.860000e+01 4.000000e+00
    endloop
  endfacet
  facet normal 0.000000e+00 -0.000000e+00 1.000000e+00
    outer loop
      vertex   2.687398e+01 2.884176e+01 4.000000e+00
      vertex   2.857179e+01 2.955034e+01 4.000000e+00
      vertex   2.505019e+01 2.860000e+01 4.000000e+00
    endloop
  endfacet
  facet normal 0.000000e+00 0.000000e+00 1.000000e+00
    outer loop
      vertex   2.505019e+01 2.860000e+01 4.000000e+00
      vertex   2.857179e+01 2.955034e+01 4.000000e+00
      vertex   3.002635e+01 3.067680e+01 4.000000e+00
    endloop
  endfacet
  facet normal 0.000000e+00 0.000000e+00 1.000000e+00
    outer loop
      vertex   2.505019e+01 2.860000e+01 4.000000e+00
      vertex   3.002635e+01 3.067680e+01 4.000000e+00
      vertex   3.113718e+01 3.214333e+01 4.000000e+00
    endloop
  endfacet
  facet normal 0.000000e+00 -0.000000e+00 1.000000e+00
    outer loop
      vertex   2.505019e+01 2.860000e+01 4.000000e+00
      vertex   3.113718e+01 3.214333e+01 4.000000e+00
      vertex   1.712500e+01 6.010000e+01 4.000000e+00
    endloop
  endfacet
  facet normal 0.000000e+00 0.000000e+00 1.000000e+00
    outer loop
      vertex   1.712500e+01 6.010000e+01 4.000000e+00
      vertex   3.113718e+01 3.214333e+01 4.000000e+00
      vertex   3.531047e+01 3.949224e+01 4.000000e+00
    endloop
  endfacet
  facet normal 0.000000e+00 0.000000e+00 1.000000e+00
    outer loop
      vertex   1.712500e+01 6.010000e+01 4.000000e+00
      vertex   3.531047e+01 3.949224e+01 4.000000e+00
      vertex   3.622348e+01 4.294891e+01 4.000000e+00
    endloop
  endfacet
  facet normal 0.000000e+00 0.000000e+00 1.000000e+00
    outer loop
      vertex   3.622348e+01 4.294891e+01 4.000000e+00
      vertex   3.531047e+01 3.949224e+01 4.000000e+00
      vertex   3.612001e+01 4.174977e+01 4.000000e+00
    endloop
  endfacet
  facet normal 0.000000e+00 0.000000e+00 1.000000e+00
    outer loop
      vertex   3.612001e+01 4.174977e+01 4.000000e+00
      vertex   3.531047e+01 3.949224e+01 4.000000e+00
      vertex   3.581264e+01 4.058608e+01 4.000000e+00
    endloop
  endfacet
  facet normal 0.000000e+00 -0.000000e+00 1.000000e+00
    outer loop
      vertex   3.622348e+01 4.294891e+01 4.000000e+00
      vertex   3.622348e+01 4.853792e+01 4.000000e+00
      vertex   1.712500e+01 6.010000e+01 4.000000e+00
    endloop
  endfacet
  facet normal -0.000000e+00 0.000000e+00 1.000000e+00
    outer loop
      vertex   1.712500e+01 6.010000e+01 4.000000e+00
      vertex   3.622348e+01 4.853792e+01 4.000000e+00
      vertex   1.947142e+01 6.047650e+01 4.000000e+00
    endloop
  endfacet
  facet normal 0.000000e+00 0.000000e+00 1.000000e+00
    outer loop
      vertex   1.947142e+01 6.047650e+01 4.000000e+00
      vertex   3.622348e+01 4.853792e+01 4.000000e+00
      vertex   3.629834e+01 4.955887e+01 4.000000e+00
    endloop
  endfacet
  facet normal 0.000000e+00 0.000000e+00 1.000000e+00
    outer loop
      vertex   1.947142e+01 6.047650e+01 4.000000e+00
      vertex   3.629834e+01 4.955887e+01 4.000000e+00
      vertex   3.652129e+01 5.055797e+01 4.000000e+00
    endloop
  endfacet
  facet normal -0.000000e+00 0.000000e+00 1.000000e+00
    outer loop
      vertex   1.947142e+01 6.047650e+01 4.000000e+00
      vertex   3.652129e+01 5.055797e+01 4.000000e+00
      vertex   2.158227e+01 6.156819e+01 4.000000e+00
    endloop
  endfacet
  facet normal 0.000000e+00 0.000000e+00 1.000000e+00
    outer loop
      vertex   2.158227e+01 6.156819e+01 4.000000e+00
      vertex   3.652129e+01 5.055797e+01 4.000000e+00
      vertex   3.688758e+01 5.151388e+01 4.000000e+00
    endloop
  endfacet
  facet normal -0.000000e+00 0.000000e+00 1.000000e+00
    outer loop
      vertex   2.158227e+01 6.156819e+01 4.000000e+00
      vertex   3.688758e+01 5.151388e+01 4.000000e+00
      vertex   2.324560e+01 6.326546e+01 4.000000e+00
    endloop
  endfacet
  facet normal 0.000000e+00 0.000000e+00 1.000000e+00
    outer loop
      vertex   2.324560e+01 6.326546e+01 4.000000e+00
      vertex   3.688758e+01 5.151388e+01 4.000000e+00
      vertex   4.162500e+01 6.160000e+01 4.000000e+00
    endloop
  endfacet
  facet normal -0.000000e+00 0.000000e+00 1.000000e+00
    outer loop
      vertex   2.324560e+01 6.326546e+01 4.000000e+00
      vertex   4.162500e+01 6.160000e+01 4.000000e+00
      vertex   2.429444e+01 6.539792e+01 4.000000e+00
    endloop
  endfacet
  facet normal -0.000000e+00 0.000000e+00 1.000000e+00
    outer loop
      vertex   2.429444e+01 6.539792e+01 4.000000e+00
      vertex   4.162500e+01 6.160000e+01 4.000000e+00
      vertex   4.162500e+01 6.560000e+01 4.000000e+00
    endloop
  endfacet
  facet normal 0.000000e+00 0.000000e+00 1.000000e+00
    outer loop
      vertex   2.429444e+01 6.539792e+01 4.000000e+00
      vertex   4.162500e+01 6.560000e+01 4.000000e+00
      vertex   3.462500e+01 7.260000e+01 4.000000e+00
    endloop
  endfacet
  facet normal 0.000000e+00 0.000000e+00 1.000000e+00
    outer loop
      vertex   3.462500e+01 7.260000e+01 4.000000e+00
      vertex   4.162500e+01 6.560000e+01 4.000000e+00
      vertex   4.128240e+01 6.776312e+01 4.000000e+00
    endloop
  endfacet
  facet normal 0.000000e+00 0.000000e+00 1.000000e+00
    outer loop
      vertex   3.462500e+01 7.260000e+01 4.000000e+00
      vertex   4.128240e+01 6.776312e+01 4.000000e+00
      vertex   4.028812e+01 6.971450e+01 4.000000e+00
    endloop
  endfacet
  facet normal 0.000000e+00 0.000000e+00 1.000000e+00
    outer loop
      vertex   4.028812e+01 6.971450e+01 4.000000e+00
      vertex   3.873950e+01 7.126312e+01 4.000000e+00
      vertex   3.462500e+01 7.260000e+01 4.000000e+00
    endloop
  endfacet
  facet normal 0.000000e+00 0.000000e+00 1.000000e+00
    outer loop
      vertex   3.462500e+01 7.260000e+01 4.000000e+00
      vertex   3.873950e+01 7.126312e+01 4.000000e+00
      vertex   3.678812e+01 7.225740e+01 4.000000e+00
    endloop
  endfacet
  facet normal -0.000000e+00 0.000000e+00 1.000000e+00
    outer loop
      vertex   2.526441e+01 7.260000e+01 4.000000e+00
      vertex   2.419966e+01 7.008981e+01 4.000000e+00
      vertex   3.462500e+01 7.260000e+01 4.000000e+00
    endloop
  endfacet
  facet normal 0.000000e+00 0.000000e+00 1.000000e+00
    outer loop
      vertex   3.462500e+01 7.260000e+01 4.000000e+00
      vertex   2.419966e+01 7.008981e+01 4.000000e+00
      vertex   2.462347e+01 6.775147e+01 4.000000e+00
    endloop
  endfacet
  facet normal 0.000000e+00 0.000000e+00 1.000000e+00
    outer loop
      vertex   3.462500e+01 7.260000e+01 4.000000e+00
      vertex   2.462347e+01 6.775147e+01 4.000000e+00
      vertex   2.429444e+01 6.539792e+01 4.000000e+00
    endloop
  endfacet
  facet normal 0.000000e+00 0.000000e+00 1.000000e+00
    outer loop
      vertex   2.526441e+01 7.260000e+01 4.000000e+00
      vertex   2.388287e+01 7.273769e+01 4.000000e+00
      vertex   2.419966e+01 7.008981e+01 4.000000e+00
    endloop
  endfacet
  facet normal 0.000000e+00 0.000000e+00 1.000000e+00
    outer loop
      vertex   2.419966e+01 7.008981e+01 4.000000e+00
      vertex   2.388287e+01 7.273769e+01 4.000000e+00
      vertex   2.306556e+01 7.217818e+01 4.000000e+00
    endloop
  endfacet
  facet normal 0.000000e+00 -0.000000e+00 1.000000e+00
    outer loop
      vertex   2.306556e+01 7.217818e+01 4.000000e+00
      vertex   2.388287e+01 7.273769e+01 4.000000e+00
      vertex   2.255567e+01 7.314533e+01 4.000000e+00
    endloop
  endfacet
  facet normal 0.000000e+00 0.000000e+00 1.000000e+00
    outer loop
      vertex   2.306556e+01 7.217818e+01 4.000000e+00
      vertex   2.255567e+01 7.314533e+01 4.000000e+00
      vertex   2.133504e+01 7.380690e+01 4.000000e+00
    endloop
  endfacet
  facet normal 0.000000e+00 0.000000e+00 1.000000e+00
    outer loop
      vertex   1.477858e+01 6.047650e+01 4.000000e+00
      vertex   -1.973485e+00 4.853792e+01 4.000000e+00
      vertex   1.712500e+01 6.010000e+01 4.000000e+00
    endloop
  endfacet
  facet normal 0.000000e+00 0.000000e+00 1.000000e+00
    outer loop
      vertex   1.712500e+01 6.010000e+01 4.000000e+00
      vertex   -1.973485e+00 4.853792e+01 4.000000e+00
      vertex   -1.973485e+00 4.294891e+01 4.000000e+00
    endloop
  endfacet
  facet normal 0.000000e+00 0.000000e+00 1.000000e+00
    outer loop
      vertex   1.712500e+01 6.010000e+01 4.000000e+00
      vertex   -1.973485e+00 4.294891e+01 4.000000e+00
      vertex   -1.060473e+00 3.949224e+01 4.000000e+00
    endloop
  endfacet
  facet normal 0.000000e+00 0.000000e+00 1.000000e+00
    outer loop
      vertex   -1.060473e+00 3.949224e+01 4.000000e+00
      vertex   -1.973485e+00 4.294891e+01 4.000000e+00
      vertex   -1.870010e+00 4.174977e+01 4.000000e+00
    endloop
  endfacet
  facet normal 0.000000e+00 0.000000e+00 1.000000e+00
    outer loop
      vertex   -1.060473e+00 3.949224e+01 4.000000e+00
      vertex   -1.870010e+00 4.174977e+01 4.000000e+00
      vertex   -1.562643e+00 4.058608e+01 4.000000e+00
    endloop
  endfacet
  facet normal 0.000000e+00 0.000000e+00 1.000000e+00
    outer loop
      vertex   1.266773e+01 6.156819e+01 4.000000e+00
      vertex   -2.271291e+00 5.055797e+01 4.000000e+00
      vertex   1.477858e+01 6.047650e+01 4.000000e+00
    endloop
  endfacet
  facet normal 0.000000e+00 0.000000e+00 1.000000e+00
    outer loop
      vertex   1.477858e+01 6.047650e+01 4.000000e+00
      vertex   -2.271291e+00 5.055797e+01 4.000000e+00
      vertex   -2.048337e+00 4.955887e+01 4.000000e+00
    endloop
  endfacet
  facet normal 0.000000e+00 0.000000e+00 1.000000e+00
    outer loop
      vertex   1.477858e+01 6.047650e+01 4.000000e+00
      vertex   -2.048337e+00 4.955887e+01 4.000000e+00
      vertex   -1.973485e+00 4.853792e+01 4.000000e+00
    endloop
  endfacet
  facet normal 0.000000e+00 -0.000000e+00 1.000000e+00
    outer loop
      vertex   -2.271291e+00 5.055797e+01 4.000000e+00
      vertex   1.266773e+01 6.156819e+01 4.000000e+00
      vertex   -2.637580e+00 5.151388e+01 4.000000e+00
    endloop
  endfacet
  facet normal 0.000000e+00 0.000000e+00 1.000000e+00
    outer loop
      vertex   -2.637580e+00 5.151388e+01 4.000000e+00
      vertex   1.266773e+01 6.156819e+01 4.000000e+00
      vertex   1.100440e+01 6.326546e+01 4.000000e+00
    endloop
  endfacet
  facet normal 0.000000e+00 -0.000000e+00 1.000000e+00
    outer loop
      vertex   -2.637580e+00 5.151388e+01 4.000000e+00
      vertex   1.100440e+01 6.326546e+01 4.000000e+00
      vertex   -7.375000e+00 6.160000e+01 4.000000e+00
    endloop
  endfacet
  facet normal 0.000000e+00 0.000000e+00 1.000000e+00
    outer loop
      vertex   -7.375000e+00 6.160000e+01 4.000000e+00
      vertex   1.100440e+01 6.326546e+01 4.000000e+00
      vertex   9.955561e+00 6.539792e+01 4.000000e+00
    endloop
  endfacet
  facet normal 0.000000e+00 -0.000000e+00 1.000000e+00
    outer loop
      vertex   -7.375000e+00 6.160000e+01 4.000000e+00
      vertex   9.955561e+00 6.539792e+01 4.000000e+00
      vertex   -7.375000e+00 6.560000e+01 4.000000e+00
    endloop
  endfacet
  facet normal -0.000000e+00 0.000000e+00 1.000000e+00
    outer loop
      vertex   -7.375000e+00 6.560000e+01 4.000000e+00
      vertex   9.955561e+00 6.539792e+01 4.000000e+00
      vertex   -3.750000e-01 7.260000e+01 4.000000e+00
    endloop
  endfacet
  facet normal 0.000000e+00 0.000000e+00 1.000000e+00
    outer loop
      vertex   -7.375000e+00 6.560000e+01 4.000000e+00
      vertex   -3.750000e-01 7.260000e+01 4.000000e+00
      vertex   -7.032396e+00 6.776312e+01 4.000000e+00
    endloop
  endfacet
  facet normal 0.000000e+00 0.000000e+00 1.000000e+00
    outer loop
      vertex   -7.032396e+00 6.776312e+01 4.000000e+00
      vertex   -3.750000e-01 7.260000e+01 4.000000e+00
      vertex   -6.038119e+00 6.971450e+01 4.000000e+00
    endloop
  endfacet
  facet normal 0.000000e+00 0.000000e+00 1.000000e+00
    outer loop
      vertex   -6.038119e+00 6.971450e+01 4.000000e+00
      vertex   -3.750000e-01 7.260000e+01 4.000000e+00
      vertex   -4.489497e+00 7.126312e+01 4.000000e+00
    endloop
  endfacet
  facet normal 0.000000e+00 0.000000e+00 1.000000e+00
    outer loop
      vertex   -4.489497e+00 7.126312e+01 4.000000e+00
      vertex   -3.750000e-01 7.260000e+01 4.000000e+00
      vertex   -2.538119e+00 7.225740e+01 4.000000e+00
    endloop
  endfacet
  facet normal 0.000000e+00 0.000000e+00 1.000000e+00
    outer loop
      vertex   9.955561e+00 6.539792e+01 4.000000e+00
      vertex   9.626530e+00 6.775147e+01 4.000000e+00
      vertex   -3.750000e-01 7.260000e+01 4.000000e+00
    endloop
  endfacet
  facet normal 0.000000e+00 0.000000e+00 1.000000e+00
    outer loop
      vertex   -3.750000e-01 7.260000e+01 4.000000e+00
      vertex   9.626530e+00 6.775147e+01 4.000000e+00
      vertex   1.005034e+01 7.008981e+01 4.000000e+00
    endloop
  endfacet
  facet normal -0.000000e+00 0.000000e+00 1.000000e+00
    outer loop
      vertex   -3.750000e-01 7.260000e+01 4.000000e+00
      vertex   1.005034e+01 7.008981e+01 4.000000e+00
      vertex   8.985590e+00 7.260000e+01 4.000000e+00
    endloop
  endfacet
  facet normal -0.000000e+00 0.000000e+00 1.000000e+00
    outer loop
      vertex   8.985590e+00 7.260000e+01 4.000000e+00
      vertex   1.005034e+01 7.008981e+01 4.000000e+00
      vertex   1.036713e+01 7.273769e+01 4.000000e+00
    endloop
  endfacet
  facet normal 0.000000e+00 0.000000e+00 1.000000e+00
    outer loop
      vertex   1.036713e+01 7.273769e+01 4.000000e+00
      vertex   1.005034e+01 7.008981e+01 4.000000e+00
      vertex   1.118444e+01 7.217818e+01 4.000000e+00
    endloop
  endfacet
  facet normal -0.000000e+00 0.000000e+00 1.000000e+00
    outer loop
      vertex   1.036713e+01 7.273769e+01 4.000000e+00
      vertex   1.118444e+01 7.217818e+01 4.000000e+00
      vertex   1.169433e+01 7.314533e+01 4.000000e+00
    endloop
  endfacet
  facet normal -0.000000e+00 0.000000e+00 1.000000e+00
    outer loop
      vertex   1.169433e+01 7.314533e+01 4.000000e+00
      vertex   1.118444e+01 7.217818e+01 4.000000e+00
      vertex   1.291496e+01 7.380690e+01 4.000000e+00
    endloop
  endfacet
  facet normal -0.000000e+00 0.000000e+00 1.000000e+00
    outer loop
      vertex   -1.060473e+00 3.949224e+01 4.000000e+00
      vertex   3.112819e+00 3.214333e+01 4.000000e+00
      vertex   1.712500e+01 6.010000e+01 4.000000e+00
    endloop
  endfacet
  facet normal 0.000000e+00 0.000000e+00 1.000000e+00
    outer loop
      vertex   1.712500e+01 6.010000e+01 4.000000e+00
      vertex   3.112819e+00 3.214333e+01 4.000000e+00
      vertex   9.199807e+00 2.860000e+01 4.000000e+00
    endloop
  endfacet
  facet normal 0.000000e+00 0.000000e+00 1.000000e+00
    outer loop
      vertex   1.712500e+01 6.010000e+01 4.000000e+00
      vertex   9.199807e+00 2.860000e+01 4.000000e+00
      vertex   2.505019e+01 2.860000e+01 4.000000e+00
    endloop
  endfacet
  facet normal 0.000000e+00 0.000000e+00 1.000000e+00
    outer loop
      vertex   3.112819e+00 3.214333e+01 4.000000e+00
      vertex   4.223651e+00 3.067680e+01 4.000000e+00
      vertex   9.199807e+00 2.860000e+01 4.000000e+00
    endloop
  endfacet
  facet normal 0.000000e+00 0.000000e+00 1.000000e+00
    outer loop
      vertex   9.199807e+00 2.860000e+01 4.000000e+00
      vertex   4.223651e+00 3.067680e+01 4.000000e+00
      vertex   5.678209e+00 2.955034e+01 4.000000e+00
    endloop
  endfacet
  facet normal 0.000000e+00 0.000000e+00 1.000000e+00
    outer loop
      vertex   9.199807e+00 2.860000e+01 4.000000e+00
      vertex   5.678209e+00 2.955034e+01 4.000000e+00
      vertex   7.376019e+00 2.884176e+01 4.000000e+00
    endloop
  endfacet
  facet normal -8.695697e-01 4.938102e-01 -1.649516e-15
    outer loop
      vertex   3.113718e+01 3.214333e+01 8.000000e+00
      vertex   3.531047e+01 3.949224e+01 8.000000e+00
      vertex   3.113718e+01 3.214333e+01 4.000000e+00
    endloop
  endfacet
  facet normal -8.695697e-01 4.938102e-01 0.000000e+00
    outer loop
      vertex   3.113718e+01 3.214333e+01 4.000000e+00
      vertex   3.531047e+01 3.949224e+01 8.000000e+00
      vertex   3.531047e+01 3.949224e+01 4.000000e+00
    endloop
  endfacet
  facet normal 1.314101e-01 9.913281e-01 0.000000e+00
    outer loop
      vertex   9.199807e+00 2.860000e+01 8.000000e+00
      vertex   9.199807e+00 2.860000e+01 4.000000e+00
      vertex   7.376019e+00 2.884176e+01 8.000000e+00
    endloop
  endfacet
  facet normal 1.314101e-01 9.913281e-01 8.753671e-17
    outer loop
      vertex   7.376019e+00 2.884176e+01 8.000000e+00
      vertex   9.199807e+00 2.860000e+01 4.000000e+00
      vertex   7.376019e+00 2.884176e+01 4.000000e+00
    endloop
  endfacet
  facet normal 3.851532e-01 9.228526e-01 2.565636e-16
    outer loop
      vertex   7.376019e+00 2.884176e+01 8.000000e+00
      vertex   7.376019e+00 2.884176e+01 4.000000e+00
      vertex   5.678209e+00 2.955034e+01 8.000000e+00
    endloop
  endfacet
  facet normal 3.851532e-01 9.228526e-01 8.552120e-17
    outer loop
      vertex   5.678209e+00 2.955034e+01 8.000000e+00
      vertex   7.376019e+00 2.884176e+01 4.000000e+00
      vertex   5.678209e+00 2.955034e+01 4.000000e+00
    endloop
  endfacet
  facet normal 6.122921e-01 7.906316e-01 1.359562e-16
    outer loop
      vertex   5.678209e+00 2.955034e+01 8.000000e+00
      vertex   5.678209e+00 2.955034e+01 4.000000e+00
      vertex   4.223651e+00 3.067680e+01 8.000000e+00
    endloop
  endfacet
  facet normal 6.122921e-01 7.906316e-01 1.359562e-16
    outer loop
      vertex   4.223651e+00 3.067680e+01 8.000000e+00
      vertex   5.678209e+00 2.955034e+01 4.000000e+00
      vertex   4.223651e+00 3.067680e+01 4.000000e+00
    endloop
  endfacet
  facet normal 7.971372e-01 6.037982e-01 1.770000e-16
    outer loop
      vertex   4.223651e+00 3.067680e+01 8.000000e+00
      vertex   4.223651e+00 3.067680e+01 4.000000e+00
      vertex   3.112819e+00 3.214333e+01 8.000000e+00
    endloop
  endfacet
  facet normal 7.971372e-01 6.037982e-01 2.655000e-16
    outer loop
      vertex   3.112819e+00 3.214333e+01 8.000000e+00
      vertex   4.223651e+00 3.067680e+01 4.000000e+00
      vertex   3.112819e+00 3.214333e+01 4.000000e+00
    endloop
  endfacet
  facet normal 8.695697e-01 4.938102e-01 2.896249e-16
    outer loop
      vertex   3.112819e+00 3.214333e+01 4.000000e+00
      vertex   -1.060473e+00 3.949224e+01 4.000000e+00
      vertex   3.112819e+00 3.214333e+01 8.000000e+00
    endloop
  endfacet
  facet normal 8.695697e-01 4.938102e-01 5.254744e-16
    outer loop
      vertex   3.112819e+00 3.214333e+01 8.000000e+00
      vertex   -1.060473e+00 3.949224e+01 4.000000e+00
      vertex   -1.060473e+00 3.949224e+01 8.000000e+00
    endloop
  endfacet
  facet normal -9.962976e-01 8.597141e-02 0.000000e+00
    outer loop
      vertex   3.622348e+01 4.294891e+01 8.000000e+00
      vertex   3.622348e+01 4.294891e+01 4.000000e+00
      vertex   3.612001e+01 4.174977e+01 8.000000e+00
    endloop
  endfacet
  facet normal -9.962976e-01 8.597141e-02 0.000000e+00
    outer loop
      vertex   3.612001e+01 4.174977e+01 8.000000e+00
      vertex   3.622348e+01 4.294891e+01 4.000000e+00
      vertex   3.612001e+01 4.174977e+01 4.000000e+00
    endloop
  endfacet
  facet normal -9.668427e-01 2.553726e-01 0.000000e+00
    outer loop
      vertex   3.612001e+01 4.174977e+01 8.000000e+00
      vertex   3.612001e+01 4.174977e+01 4.000000e+00
      vertex   3.581264e+01 4.058608e+01 4.000000e+00
    endloop
  endfacet
  facet normal -9.088038e-01 4.172238e-01 0.000000e+00
    outer loop
      vertex   3.531047e+01 3.949224e+01 4.000000e+00
      vertex   3.531047e+01 3.949224e+01 8.000000e+00
      vertex   3.581264e+01 4.058608e+01 4.000000e+00
    endloop
  endfacet
  facet normal -9.088038e-01 4.172238e-01 0.000000e+00
    outer loop
      vertex   3.581264e+01 4.058608e+01 4.000000e+00
      vertex   3.531047e+01 3.949224e+01 8.000000e+00
      vertex   3.581264e+01 4.058608e+01 8.000000e+00
    endloop
  endfacet
  facet normal -9.668427e-01 2.553726e-01 0.000000e+00
    outer loop
      vertex   3.581264e+01 4.058608e+01 4.000000e+00
      vertex   3.581264e+01 4.058608e+01 8.000000e+00
      vertex   3.612001e+01 4.174977e+01 8.000000e+00
    endloop
  endfacet
  facet normal -9.973231e-01 7.312013e-02 0.000000e+00
    outer loop
      vertex   3.622348e+01 4.853792e+01 4.000000e+00
      vertex   3.622348e+01 4.853792e+01 8.000000e+00
      vertex   3.629834e+01 4.955887e+01 4.000000e+00
    endloop
  endfacet
  facet normal -9.973231e-01 7.312013e-02 0.000000e+00
    outer loop
      vertex   3.629834e+01 4.955887e+01 4.000000e+00
      vertex   3.622348e+01 4.853792e+01 8.000000e+00
      vertex   3.629834e+01 4.955887e+01 8.000000e+00
    endloop
  endfacet
  facet normal -9.759942e-01 2.177966e-01 0.000000e+00
    outer loop
      vertex   3.629834e+01 4.955887e+01 4.000000e+00
      vertex   3.629834e+01 4.955887e+01 8.000000e+00
      vertex   3.652129e+01 5.055797e+01 8.000000e+00
    endloop
  endfacet
  facet normal -9.337924e-01 3.578153e-01 6.356076e-16
    outer loop
      vertex   3.688758e+01 5.151388e+01 8.000000e+00
      vertex   3.688758e+01 5.151388e+01 4.000000e+00
      vertex   3.652129e+01 5.055797e+01 8.000000e+00
    endloop
  endfacet
  facet normal -9.337924e-01 3.578153e-01 1.271215e-15
    outer loop
      vertex   3.652129e+01 5.055797e+01 8.000000e+00
      vertex   3.688758e+01 5.151388e+01 4.000000e+00
      vertex   3.652129e+01 5.055797e+01 4.000000e+00
    endloop
  endfacet
  facet normal -9.759942e-01 2.177966e-01 7.737690e-16
    outer loop
      vertex   3.652129e+01 5.055797e+01 8.000000e+00
      vertex   3.652129e+01 5.055797e+01 4.000000e+00
      vertex   3.629834e+01 4.955887e+01 4.000000e+00
    endloop
  endfacet
  facet normal -9.051293e-01 4.251365e-01 7.551941e-16
    outer loop
      vertex   3.688758e+01 5.151388e+01 8.000000e+00
      vertex   4.162500e+01 6.160000e+01 8.000000e+00
      vertex   3.688758e+01 5.151388e+01 4.000000e+00
    endloop
  endfacet
  facet normal -9.051293e-01 4.251365e-01 0.000000e+00
    outer loop
      vertex   3.688758e+01 5.151388e+01 4.000000e+00
      vertex   4.162500e+01 6.160000e+01 8.000000e+00
      vertex   4.162500e+01 6.160000e+01 4.000000e+00
    endloop
  endfacet
  facet normal 9.088038e-01 4.172238e-01 4.384458e-16
    outer loop
      vertex   -1.060473e+00 3.949224e+01 8.000000e+00
      vertex   -1.060473e+00 3.949224e+01 4.000000e+00
      vertex   -1.562643e+00 4.058608e+01 8.000000e+00
    endloop
  endfacet
  facet normal 9.088038e-01 4.172238e-01 -2.017950e-16
    outer loop
      vertex   -1.562643e+00 4.058608e+01 8.000000e+00
      vertex   -1.060473e+00 3.949224e+01 4.000000e+00
      vertex   -1.562643e+00 4.058608e+01 4.000000e+00
    endloop
  endfacet
  facet normal 9.668427e-01 2.553726e-01 -2.146822e-16
    outer loop
      vertex   -1.562643e+00 4.058608e+01 8.000000e+00
      vertex   -1.562643e+00 4.058608e+01 4.000000e+00
      vertex   -1.870010e+00 4.174977e+01 4.000000e+00
    endloop
  endfacet
  facet normal 9.962976e-01 8.597141e-02 -0.000000e+00
    outer loop
      vertex   -1.973485e+00 4.294891e+01 4.000000e+00
      vertex   -1.973485e+00 4.294891e+01 8.000000e+00
      vertex   -1.870010e+00 4.174977e+01 4.000000e+00
    endloop
  endfacet
  facet normal 9.962976e-01 8.597141e-02 1.659169e-16
    outer loop
      vertex   -1.870010e+00 4.174977e+01 4.000000e+00
      vertex   -1.973485e+00 4.294891e+01 8.000000e+00
      vertex   -1.870010e+00 4.174977e+01 8.000000e+00
    endloop
  endfacet
  facet normal 9.668427e-01 2.553726e-01 1.610117e-16
    outer loop
      vertex   -1.870010e+00 4.174977e+01 4.000000e+00
      vertex   -1.870010e+00 4.174977e+01 8.000000e+00
      vertex   -1.562643e+00 4.058608e+01 8.000000e+00
    endloop
  endfacet
  facet normal 1.000000e+00 0.000000e+00 0.000000e+00
    outer loop
      vertex   -1.973485e+00 4.294891e+01 4.000000e+00
      vertex   -1.973485e+00 4.853792e+01 4.000000e+00
      vertex   -1.973485e+00 4.294891e+01 8.000000e+00
    endloop
  endfacet
  facet normal 1.000000e+00 -0.000000e+00 0.000000e+00
    outer loop
      vertex   -1.973485e+00 4.294891e+01 8.000000e+00
      vertex   -1.973485e+00 4.853792e+01 4.000000e+00
      vertex   -1.973485e+00 4.853792e+01 8.000000e+00
    endloop
  endfacet
  facet normal 9.337924e-01 3.578153e-01 -8.293743e-16
    outer loop
      vertex   -2.637580e+00 5.151388e+01 4.000000e+00
      vertex   -2.637580e+00 5.151388e+01 8.000000e+00
      vertex   -2.271291e+00 5.055797e+01 4.000000e+00
    endloop
  endfacet
  facet normal 9.337924e-01 3.578153e-01 -0.000000e+00
    outer loop
      vertex   -2.271291e+00 5.055797e+01 4.000000e+00
      vertex   -2.637580e+00 5.151388e+01 8.000000e+00
      vertex   -2.271291e+00 5.055797e+01 8.000000e+00
    endloop
  endfacet
  facet normal 9.759942e-01 2.177966e-01 -0.000000e+00
    outer loop
      vertex   -2.271291e+00 5.055797e+01 4.000000e+00
      vertex   -2.271291e+00 5.055797e+01 8.000000e+00
      vertex   -2.048337e+00 4.955887e+01 8.000000e+00
    endloop
  endfacet
  facet normal 9.973231e-01 7.312013e-02 0.000000e+00
    outer loop
      vertex   -1.973485e+00 4.853792e+01 8.000000e+00
      vertex   -1.973485e+00 4.853792e+01 4.000000e+00
      vertex   -2.048337e+00 4.955887e+01 8.000000e+00
    endloop
  endfacet
  facet normal 9.973231e-01 7.312013e-02 2.214502e-16
    outer loop
      vertex   -2.048337e+00 4.955887e+01 8.000000e+00
      vertex   -1.973485e+00 4.853792e+01 4.000000e+00
      vertex   -2.048337e+00 4.955887e+01 4.000000e+00
    endloop
  endfacet
  facet normal 9.759942e-01 2.177966e-01 2.167142e-16
    outer loop
      vertex   -2.048337e+00 4.955887e+01 8.000000e+00
      vertex   -2.048337e+00 4.955887e+01 4.000000e+00
      vertex   -2.271291e+00 5.055797e+01 4.000000e+00
    endloop
  endfacet
  facet normal 9.051293e-01 4.251365e-01 -8.039163e-16
    outer loop
      vertex   -2.637580e+00 5.151388e+01 4.000000e+00
      vertex   -7.375000e+00 6.160000e+01 4.000000e+00
      vertex   -2.637580e+00 5.151388e+01 8.000000e+00
    endloop
  endfacet
  facet normal 9.051293e-01 4.251365e-01 0.000000e+00
    outer loop
      vertex   -2.637580e+00 5.151388e+01 8.000000e+00
      vertex   -7.375000e+00 6.160000e+01 4.000000e+00
      vertex   -7.375000e+00 6.160000e+01 8.000000e+00
    endloop
  endfacet
  facet normal 0.000000e+00 -1.000000e+00 0.000000e+00
    outer loop
      vertex   2.526441e+01 7.260000e+01 4.000000e+00
      vertex   3.462500e+01 7.260000e+01 4.000000e+00
      vertex   2.526441e+01 7.260000e+01 8.000000e+00
    endloop
  endfacet
  facet normal 0.000000e+00 -1.000000e+00 0.000000e+00
    outer loop
      vertex   2.526441e+01 7.260000e+01 8.000000e+00
      vertex   3.462500e+01 7.260000e+01 4.000000e+00
      vertex   3.462500e+01 7.260000e+01 8.000000e+00
    endloop
  endfacet
  facet normal 9.876883e-01 -1.564345e-01 -2.193109e-16
    outer loop
      vertex   -7.375000e+00 6.560000e+01 8.000000e+00
      vertex   -7.375000e+00 6.560000e+01 4.000000e+00
      vertex   -7.032396e+00 6.776312e+01 8.000000e+00
    endloop
  endfacet
  facet normal 9.876883e-01 -1.564345e-01 0.000000e+00
    outer loop
      vertex   -7.032396e+00 6.776312e+01 8.000000e+00
      vertex   -7.375000e+00 6.560000e+01 4.000000e+00
      vertex   -7.032396e+00 6.776312e+01 4.000000e+00
    endloop
  endfacet
  facet normal 8.910065e-01 -4.539905e-01 0.000000e+00
    outer loop
      vertex   -7.032396e+00 6.776312e+01 8.000000e+00
      vertex   -7.032396e+00 6.776312e+01 4.000000e+00
      vertex   -6.038119e+00 6.971450e+01 8.000000e+00
    endloop
  endfacet
  facet normal 8.910065e-01 -4.539905e-01 1.978432e-16
    outer loop
      vertex   -6.038119e+00 6.971450e+01 8.000000e+00
      vertex   -7.032396e+00 6.776312e+01 4.000000e+00
      vertex   -6.038119e+00 6.971450e+01 4.000000e+00
    endloop
  endfacet
  facet normal 7.071068e-01 -7.071068e-01 1.570092e-16
    outer loop
      vertex   -6.038119e+00 6.971450e+01 8.000000e+00
      vertex   -6.038119e+00 6.971450e+01 4.000000e+00
      vertex   -4.489497e+00 7.126312e+01 8.000000e+00
    endloop
  endfacet
  facet normal 7.071068e-01 -7.071068e-01 3.140185e-16
    outer loop
      vertex   -4.489497e+00 7.126312e+01 8.000000e+00
      vertex   -6.038119e+00 6.971450e+01 4.000000e+00
      vertex   -4.489497e+00 7.126312e+01 4.000000e+00
    endloop
  endfacet
  facet normal 4.539905e-01 -8.910065e-01 2.016123e-16
    outer loop
      vertex   -4.489497e+00 7.126312e+01 8.000000e+00
      vertex   -4.489497e+00 7.126312e+01 4.000000e+00
      vertex   -2.538119e+00 7.225740e+01 8.000000e+00
    endloop
  endfacet
  facet normal 4.539905e-01 -8.910065e-01 -2.963879e-15
    outer loop
      vertex   -2.538119e+00 7.225740e+01 8.000000e+00
      vertex   -4.489497e+00 7.126312e+01 4.000000e+00
      vertex   -2.538119e+00 7.225740e+01 4.000000e+00
    endloop
  endfacet
  facet normal 1.564345e-01 -9.876883e-01 -3.439503e-15
    outer loop
      vertex   -2.538119e+00 7.225740e+01 8.000000e+00
      vertex   -2.538119e+00 7.225740e+01 4.000000e+00
      vertex   -3.750000e-01 7.260000e+01 8.000000e+00
    endloop
  endfacet
  facet normal 1.564345e-01 -9.876883e-01 1.519675e-16
    outer loop
      vertex   -3.750000e-01 7.260000e+01 8.000000e+00
      vertex   -2.538119e+00 7.225740e+01 4.000000e+00
      vertex   -3.750000e-01 7.260000e+01 4.000000e+00
    endloop
  endfacet
  facet normal -1.564345e-01 -9.876883e-01 -0.000000e+00
    outer loop
      vertex   3.462500e+01 7.260000e+01 8.000000e+00
      vertex   3.462500e+01 7.260000e+01 4.000000e+00
      vertex   3.678812e+01 7.225740e+01 8.000000e+00
    endloop
  endfacet
  facet normal -1.564345e-01 -9.876883e-01 -0.000000e+00
    outer loop
      vertex   3.678812e+01 7.225740e+01 8.000000e+00
      vertex   3.462500e+01 7.260000e+01 4.000000e+00
      vertex   3.678812e+01 7.225740e+01 4.000000e+00
    endloop
  endfacet
  facet normal -4.539905e-01 -8.910065e-01 -0.000000e+00
    outer loop
      vertex   3.678812e+01 7.225740e+01 8.000000e+00
      vertex   3.678812e+01 7.225740e+01 4.000000e+00
      vertex   3.873950e+01 7.126312e+01 8.000000e+00
    endloop
  endfacet
  facet normal -4.539905e-01 -8.910065e-01 -0.000000e+00
    outer loop
      vertex   3.873950e+01 7.126312e+01 8.000000e+00
      vertex   3.678812e+01 7.225740e+01 4.000000e+00
      vertex   3.873950e+01 7.126312e+01 4.000000e+00
    endloop
  endfacet
  facet normal -7.071068e-01 -7.071068e-01 -0.000000e+00
    outer loop
      vertex   3.873950e+01 7.126312e+01 8.000000e+00
      vertex   3.873950e+01 7.126312e+01 4.000000e+00
      vertex   4.028812e+01 6.971450e+01 8.000000e+00
    endloop
  endfacet
  facet normal -7.071068e-01 -7.071068e-01 -0.000000e+00
    outer loop
      vertex   4.028812e+01 6.971450e+01 8.000000e+00
      vertex   3.873950e+01 7.126312e+01 4.000000e+00
      vertex   4.028812e+01 6.971450e+01 4.000000e+00
    endloop
  endfacet
  facet normal -8.910065e-01 -4.539905e-01 -0.000000e+00
    outer loop
      vertex   4.028812e+01 6.971450e+01 8.000000e+00
      vertex   4.028812e+01 6.971450e+01 4.000000e+00
      vertex   4.128240e+01 6.776312e+01 8.000000e+00
    endloop
  endfacet
  facet normal -8.910065e-01 -4.539905e-01 -0.000000e+00
    outer loop
      vertex   4.128240e+01 6.776312e+01 8.000000e+00
      vertex   4.028812e+01 6.971450e+01 4.000000e+00
      vertex   4.128240e+01 6.776312e+01 4.000000e+00
    endloop
  endfacet
  facet normal -9.876883e-01 -1.564345e-01 -0.000000e+00
    outer loop
      vertex   4.128240e+01 6.776312e+01 8.000000e+00
      vertex   4.128240e+01 6.776312e+01 4.000000e+00
      vertex   4.162500e+01 6.560000e+01 8.000000e+00
    endloop
  endfacet
  facet normal -9.876883e-01 -1.564345e-01 -0.000000e+00
    outer loop
      vertex   4.162500e+01 6.560000e+01 8.000000e+00
      vertex   4.128240e+01 6.776312e+01 4.000000e+00
      vertex   4.162500e+01 6.560000e+01 4.000000e+00
    endloop
  endfacet
  facet normal 1.000000e+00 2.220446e-16 -2.220446e-16
    outer loop
      vertex   -7.375000e+00 6.560000e+01 8.000000e+00
      vertex   -7.375000e+00 6.160000e+01 8.000000e+00
      vertex   -7.375000e+00 6.560000e+01 4.000000e+00
    endloop
  endfacet
  facet normal 1.000000e+00 4.440892e-16 0.000000e+00
    outer loop
      vertex   -7.375000e+00 6.560000e+01 4.000000e+00
      vertex   -7.375000e+00 6.160000e+01 8.000000e+00
      vertex   -7.375000e+00 6.160000e+01 4.000000e+00
    endloop
  endfacet
  facet normal 0.000000e+00 1.000000e+00 -0.000000e+00
    outer loop
      vertex   2.505019e+01 2.860000e+01 4.000000e+00
      vertex   9.199807e+00 2.860000e+01 4.000000e+00
      vertex   2.505019e+01 2.860000e+01 8.000000e+00
    endloop
  endfacet
  facet normal 0.000000e+00 1.000000e+00 0.000000e+00
    outer loop
      vertex   2.505019e+01 2.860000e+01 8.000000e+00
      vertex   9.199807e+00 2.860000e+01 4.000000e+00
      vertex   9.199807e+00 2.860000e+01 8.000000e+00
    endloop
  endfacet
  facet normal -1.000000e+00 0.000000e+00 0.000000e+00
    outer loop
      vertex   3.622348e+01 4.294891e+01 8.000000e+00
      vertex   3.622348e+01 4.853792e+01 8.000000e+00
      vertex   3.622348e+01 4.294891e+01 4.000000e+00
    endloop
  endfacet
  facet normal -1.000000e+00 0.000000e+00 0.000000e+00
    outer loop
      vertex   3.622348e+01 4.294891e+01 4.000000e+00
      vertex   3.622348e+01 4.853792e+01 8.000000e+00
      vertex   3.622348e+01 4.853792e+01 4.000000e+00
    endloop
  endfacet
  facet normal -1.000000e+00 0.000000e+00 0.000000e+00
    outer loop
      vertex   4.162500e+01 6.560000e+01 4.000000e+00
      vertex   4.162500e+01 6.160000e+01 4.000000e+00
      vertex   4.162500e+01 6.560000e+01 8.000000e+00
    endloop
  endfacet
  facet normal -1.000000e+00 -0.000000e+00 0.000000e+00
    outer loop
      vertex   4.162500e+01 6.560000e+01 8.000000e+00
      vertex   4.162500e+01 6.160000e+01 4.000000e+00
      vertex   4.162500e+01 6.160000e+01 8.000000e+00
    endloop
  endfacet
  facet normal -1.000000e+00 7.105427e-15 1.776357e-15
    outer loop
      vertex   5.662500e+01 1.050000e+02 -3.000000e+00
      vertex   5.662500e+01 1.050000e+02 5.000000e+00
      vertex   5.662500e+01 1.070000e+02 -3.000000e+00
    endloop
  endfacet
  facet normal -1.000000e+00 0.000000e+00 0.000000e+00
    outer loop
      vertex   5.662500e+01 1.070000e+02 -3.000000e+00
      vertex   5.662500e+01 1.050000e+02 5.000000e+00
      vertex   5.662500e+01 1.070000e+02 5.000000e+00
    endloop
  endfacet
  facet normal 1.553449e-31 -1.000000e+00 -2.186285e-15
    outer loop
      vertex   4.137500e+01 1.070000e+02 3.500000e+00
      vertex   4.137500e+01 1.070000e+02 -3.000000e+00
      vertex   4.762500e+01 1.070000e+02 3.500000e+00
    endloop
  endfacet
  facet normal 0.000000e+00 -1.000000e+00 -2.186285e-15
    outer loop
      vertex   4.762500e+01 1.070000e+02 3.500000e+00
      vertex   4.137500e+01 1.070000e+02 -3.000000e+00
      vertex   5.662500e+01 1.070000e+02 -3.000000e+00
    endloop
  endfacet
  facet normal -9.868649e-16 -1.000000e+00 -3.552714e-15
    outer loop
      vertex   4.762500e+01 1.070000e+02 3.500000e+00
      vertex   5.662500e+01 1.070000e+02 -3.000000e+00
      vertex   5.662500e+01 1.070000e+02 5.000000e+00
    endloop
  endfacet
  facet normal 3.739785e-30 -1.000000e+00 -9.473903e-15
    outer loop
      vertex   5.662500e+01 1.070000e+02 5.000000e+00
      vertex   4.762500e+01 1.070000e+02 5.000000e+00
      vertex   4.762500e+01 1.070000e+02 3.500000e+00
    endloop
  endfacet
  facet normal 7.071068e-01 -7.071068e-01 -1.256074e-15
    outer loop
      vertex   5.662500e+01 1.050000e+02 -3.000000e+00
      vertex   6.462500e+01 1.130000e+02 -3.000000e+00
      vertex   5.662500e+01 1.050000e+02 5.000000e+00
    endloop
  endfacet
  facet normal 7.071068e-01 -7.071068e-01 0.000000e+00
    outer loop
      vertex   5.662500e+01 1.050000e+02 5.000000e+00
      vertex   6.462500e+01 1.130000e+02 -3.000000e+00
      vertex   6.462500e+01 1.130000e+02 8.000000e+00
    endloop
  endfacet
  facet normal 7.071068e-01 -7.071068e-01 3.349531e-15
    outer loop
      vertex   5.662500e+01 1.050000e+02 5.000000e+00
      vertex   6.462500e+01 1.130000e+02 8.000000e+00
      vertex   5.662500e+01 1.050000e+02 8.000000e+00
    endloop
  endfacet
  facet normal 1.000000e+00 -1.093143e-15 0.000000e+00
    outer loop
      vertex   6.462500e+01 1.290000e+02 0.000000e+00
      vertex   6.462500e+01 1.290000e+02 8.000000e+00
      vertex   6.462500e+01 1.160000e+02 0.000000e+00
    endloop
  endfacet
  facet normal 1.000000e+00 0.000000e+00 -1.776357e-15
    outer loop
      vertex   6.462500e+01 1.160000e+02 0.000000e+00
      vertex   6.462500e+01 1.290000e+02 8.000000e+00
      vertex   6.462500e+01 1.130000e+02 8.000000e+00
    endloop
  endfacet
  facet normal 1.000000e+00 4.736952e-15 0.000000e+00
    outer loop
      vertex   6.462500e+01 1.160000e+02 0.000000e+00
      vertex   6.462500e+01 1.130000e+02 8.000000e+00
      vertex   6.462500e+01 1.130000e+02 -3.000000e+00
    endloop
  endfacet
  facet normal 1.000000e+00 4.736952e-15 0.000000e+00
    outer loop
      vertex   6.462500e+01 1.130000e+02 -3.000000e+00
      vertex   6.462500e+01 1.160000e+02 -3.000000e+00
      vertex   6.462500e+01 1.160000e+02 0.000000e+00
    endloop
  endfacet
  facet normal 9.659258e-01 -2.588190e-01 0.000000e+00
    outer loop
      vertex   5.689295e+01 1.220000e+02 0.000000e+00
      vertex   5.689295e+01 1.220000e+02 8.000000e+00
      vertex   5.662500e+01 1.210000e+02 0.000000e+00
    endloop
  endfacet
  facet normal 9.659258e-01 -2.588190e-01 0.000000e+00
    outer loop
      vertex   5.662500e+01 1.210000e+02 0.000000e+00
      vertex   5.689295e+01 1.220000e+02 8.000000e+00
      vertex   5.662500e+01 1.210000e+02 8.000000e+00
    endloop
  endfacet
  facet normal 9.659258e-01 2.588190e-01 -0.000000e+00
    outer loop
      vertex   5.662500e+01 1.210000e+02 0.000000e+00
      vertex   5.662500e+01 1.210000e+02 8.000000e+00
      vertex   5.689295e+01 1.200000e+02 0.000000e+00
    endloop
  endfacet
  facet normal 9.659258e-01 2.588190e-01 -0.000000e+00
    outer loop
      vertex   5.689295e+01 1.200000e+02 0.000000e+00
      vertex   5.662500e+01 1.210000e+02 8.000000e+00
      vertex   5.689295e+01 1.200000e+02 8.000000e+00
    endloop
  endfacet
  facet normal 7.071068e-01 7.071068e-01 -0.000000e+00
    outer loop
      vertex   5.689295e+01 1.200000e+02 0.000000e+00
      vertex   5.689295e+01 1.200000e+02 8.000000e+00
      vertex   5.762500e+01 1.192679e+02 0.000000e+00
    endloop
  endfacet
  facet normal 7.071068e-01 7.071068e-01 -0.000000e+00
    outer loop
      vertex   5.762500e+01 1.192679e+02 0.000000e+00
      vertex   5.689295e+01 1.200000e+02 8.000000e+00
      vertex   5.762500e+01 1.192679e+02 8.000000e+00
    endloop
  endfacet
  facet normal 2.588190e-01 9.659258e-01 -0.000000e+00
    outer loop
      vertex   5.762500e+01 1.192679e+02 0.000000e+00
      vertex   5.762500e+01 1.192679e+02 8.000000e+00
      vertex   5.862500e+01 1.190000e+02 0.000000e+00
    endloop
  endfacet
  facet normal 2.588190e-01 9.659258e-01 -0.000000e+00
    outer loop
      vertex   5.862500e+01 1.190000e+02 0.000000e+00
      vertex   5.762500e+01 1.192679e+02 8.000000e+00
      vertex   5.862500e+01 1.190000e+02 8.000000e+00
    endloop
  endfacet
  facet normal -2.588190e-01 9.659258e-01 0.000000e+00
    outer loop
      vertex   5.862500e+01 1.190000e+02 0.000000e+00
      vertex   5.862500e+01 1.190000e+02 8.000000e+00
      vertex   5.962500e+01 1.192679e+02 0.000000e+00
    endloop
  endfacet
  facet normal -2.588190e-01 9.659258e-01 4.597550e-16
    outer loop
      vertex   5.962500e+01 1.192679e+02 0.000000e+00
      vertex   5.862500e+01 1.190000e+02 8.000000e+00
      vertex   5.962500e+01 1.192679e+02 8.000000e+00
    endloop
  endfacet
  facet normal -7.071068e-01 7.071068e-01 1.256074e-15
    outer loop
      vertex   5.962500e+01 1.192679e+02 0.000000e+00
      vertex   5.962500e+01 1.192679e+02 8.000000e+00
      vertex   6.035705e+01 1.200000e+02 0.000000e+00
    endloop
  endfacet
  facet normal -7.071068e-01 7.071068e-01 0.000000e+00
    outer loop
      vertex   6.035705e+01 1.200000e+02 0.000000e+00
      vertex   5.962500e+01 1.192679e+02 8.000000e+00
      vertex   6.035705e+01 1.200000e+02 8.000000e+00
    endloop
  endfacet
  facet normal -9.659258e-01 2.588190e-01 0.000000e+00
    outer loop
      vertex   6.035705e+01 1.200000e+02 0.000000e+00
      vertex   6.035705e+01 1.200000e+02 8.000000e+00
      vertex   6.062500e+01 1.210000e+02 0.000000e+00
    endloop
  endfacet
  facet normal -9.659258e-01 2.588190e-01 0.000000e+00
    outer loop
      vertex   6.062500e+01 1.210000e+02 0.000000e+00
      vertex   6.035705e+01 1.200000e+02 8.000000e+00
      vertex   6.062500e+01 1.210000e+02 8.000000e+00
    endloop
  endfacet
  facet normal -9.659258e-01 -2.588190e-01 0.000000e+00
    outer loop
      vertex   6.062500e+01 1.210000e+02 0.000000e+00
      vertex   6.062500e+01 1.210000e+02 8.000000e+00
      vertex   6.035705e+01 1.220000e+02 0.000000e+00
    endloop
  endfacet
  facet normal -9.659258e-01 -2.588190e-01 0.000000e+00
    outer loop
      vertex   6.035705e+01 1.220000e+02 0.000000e+00
      vertex   6.062500e+01 1.210000e+02 8.000000e+00
      vertex   6.035705e+01 1.220000e+02 8.000000e+00
    endloop
  endfacet
  facet normal -7.071068e-01 -7.071068e-01 0.000000e+00
    outer loop
      vertex   6.035705e+01 1.220000e+02 0.000000e+00
      vertex   6.035705e+01 1.220000e+02 8.000000e+00
      vertex   5.962500e+01 1.227321e+02 0.000000e+00
    endloop
  endfacet
  facet normal -7.071068e-01 -7.071068e-01 -1.256074e-15
    outer loop
      vertex   5.962500e+01 1.227321e+02 0.000000e+00
      vertex   6.035705e+01 1.220000e+02 8.000000e+00
      vertex   5.962500e+01 1.227321e+02 8.000000e+00
    endloop
  endfacet
  facet normal -2.588190e-01 -9.659258e-01 -4.597550e-16
    outer loop
      vertex   5.962500e+01 1.227321e+02 0.000000e+00
      vertex   5.962500e+01 1.227321e+02 8.000000e+00
      vertex   5.862500e+01 1.230000e+02 0.000000e+00
    endloop
  endfacet
  facet normal -2.588190e-01 -9.659258e-01 0.000000e+00
    outer loop
      vertex   5.862500e+01 1.230000e+02 0.000000e+00
      vertex   5.962500e+01 1.227321e+02 8.000000e+00
      vertex   5.862500e+01 1.230000e+02 8.000000e+00
    endloop
  endfacet
  facet normal 2.588190e-01 -9.659258e-01 0.000000e+00
    outer loop
      vertex   5.862500e+01 1.230000e+02 0.000000e+00
      vertex   5.862500e+01 1.230000e+02 8.000000e+00
      vertex   5.762500e+01 1.227321e+02 0.000000e+00
    endloop
  endfacet
  facet normal 2.588190e-01 -9.659258e-01 0.000000e+00
    outer loop
      vertex   5.762500e+01 1.227321e+02 0.000000e+00
      vertex   5.862500e+01 1.230000e+02 8.000000e+00
      vertex   5.762500e+01 1.227321e+02 8.000000e+00
    endloop
  endfacet
  facet normal 7.071068e-01 -7.071068e-01 0.000000e+00
    outer loop
      vertex   5.762500e+01 1.227321e+02 0.000000e+00
      vertex   5.762500e+01 1.227321e+02 8.000000e+00
      vertex   5.689295e+01 1.220000e+02 0.000000e+00
    endloop
  endfacet
  facet normal 7.071068e-01 -7.071068e-01 0.000000e+00
    outer loop
      vertex   5.689295e+01 1.220000e+02 0.000000e+00
      vertex   5.762500e+01 1.227321e+02 8.000000e+00
      vertex   5.689295e+01 1.220000e+02 8.000000e+00
    endloop
  endfacet
  facet normal -8.660254e-01 5.000000e-01 0.000000e+00
    outer loop
      vertex   4.602156e+01 1.250000e+02 0.000000e+00
      vertex   4.444828e+01 1.222750e+02 0.000000e+00
      vertex   4.602156e+01 1.250000e+02 2.500000e+00
    endloop
  endfacet
  facet normal -8.660254e-01 5.000000e-01 0.000000e+00
    outer loop
      vertex   4.602156e+01 1.250000e+02 2.500000e+00
      vertex   4.444828e+01 1.222750e+02 0.000000e+00
      vertex   4.444828e+01 1.222750e+02 2.500000e+00
    endloop
  endfacet
  facet normal 9.032632e-15 1.000000e+00 -0.000000e+00
    outer loop
      vertex   4.444828e+01 1.222750e+02 0.000000e+00
      vertex   4.130172e+01 1.222750e+02 0.000000e+00
      vertex   4.444828e+01 1.222750e+02 2.500000e+00
    endloop
  endfacet
  facet normal 9.032632e-15 1.000000e+00 0.000000e+00
    outer loop
      vertex   4.444828e+01 1.222750e+02 2.500000e+00
      vertex   4.130172e+01 1.222750e+02 0.000000e+00
      vertex   4.130172e+01 1.222750e+02 2.500000e+00
    endloop
  endfacet
  facet normal 8.660254e-01 5.000000e-01 -0.000000e+00
    outer loop
      vertex   4.130172e+01 1.222750e+02 0.000000e+00
      vertex   3.972844e+01 1.250000e+02 0.000000e+00
      vertex   4.130172e+01 1.222750e+02 2.500000e+00
    endloop
  endfacet
  facet normal 8.660254e-01 5.000000e-01 0.000000e+00
    outer loop
      vertex   4.130172e+01 1.222750e+02 2.500000e+00
      vertex   3.972844e+01 1.250000e+02 0.000000e+00
      vertex   3.972844e+01 1.250000e+02 2.500000e+00
    endloop
  endfacet
  facet normal 8.660254e-01 -5.000000e-01 0.000000e+00
    outer loop
      vertex   3.972844e+01 1.250000e+02 0.000000e+00
      vertex   4.130172e+01 1.277250e+02 0.000000e+00
      vertex   3.972844e+01 1.250000e+02 2.500000e+00
    endloop
  endfacet
  facet normal 8.660254e-01 -5.000000e-01 0.000000e+00
    outer loop
      vertex   3.972844e+01 1.250000e+02 2.500000e+00
      vertex   4.130172e+01 1.277250e+02 0.000000e+00
      vertex   4.130172e+01 1.277250e+02 2.500000e+00
    endloop
  endfacet
  facet normal -4.516316e-15 -1.000000e+00 0.000000e+00
    outer loop
      vertex   4.130172e+01 1.277250e+02 0.000000e+00
      vertex   4.444828e+01 1.277250e+02 0.000000e+00
      vertex   4.130172e+01 1.277250e+02 2.500000e+00
    endloop
  endfacet
  facet normal -4.516316e-15 -1.000000e+00 0.000000e+00
    outer loop
      vertex   4.130172e+01 1.277250e+02 2.500000e+00
      vertex   4.444828e+01 1.277250e+02 0.000000e+00
      vertex   4.444828e+01 1.277250e+02 2.500000e+00
    endloop
  endfacet
  facet normal -8.660254e-01 -5.000000e-01 0.000000e+00
    outer loop
      vertex   4.444828e+01 1.277250e+02 0.000000e+00
      vertex   4.602156e+01 1.250000e+02 0.000000e+00
      vertex   4.444828e+01 1.277250e+02 2.500000e+00
    endloop
  endfacet
  facet normal -8.660254e-01 -5.000000e-01 0.000000e+00
    outer loop
      vertex   4.444828e+01 1.277250e+02 2.500000e+00
      vertex   4.602156e+01 1.250000e+02 0.000000e+00
      vertex   4.602156e+01 1.250000e+02 2.500000e+00
    endloop
  endfacet
  facet normal 0.000000e+00 0.000000e+00 -1.000000e+00
    outer loop
      vertex   4.417404e+01 1.242500e+02 2.500000e+00
      vertex   4.437500e+01 1.250000e+02 2.500000e+00
      vertex   4.602156e+01 1.250000e+02 2.500000e+00
    endloop
  endfacet
  facet normal 0.000000e+00 0.000000e+00 -1.000000e+00
    outer loop
      vertex   4.602156e+01 1.250000e+02 2.500000e+00
      vertex   4.437500e+01 1.250000e+02 2.500000e+00
      vertex   4.417404e+01 1.257500e+02 2.500000e+00
    endloop
  endfacet
  facet normal 0.000000e+00 0.000000e+00 -1.000000e+00
    outer loop
      vertex   4.602156e+01 1.250000e+02 2.500000e+00
      vertex   4.417404e+01 1.257500e+02 2.500000e+00
      vertex   4.444828e+01 1.277250e+02 2.500000e+00
    endloop
  endfacet
  facet normal 0.000000e+00 0.000000e+00 -1.000000e+00
    outer loop
      vertex   4.444828e+01 1.277250e+02 2.500000e+00
      vertex   4.417404e+01 1.257500e+02 2.500000e+00
      vertex   4.362500e+01 1.262990e+02 2.500000e+00
    endloop
  endfacet
  facet normal 0.000000e+00 0.000000e+00 -1.000000e+00
    outer loop
      vertex   4.444828e+01 1.277250e+02 2.500000e+00
      vertex   4.362500e+01 1.262990e+02 2.500000e+00
      vertex   4.287500e+01 1.265000e+02 2.500000e+00
    endloop
  endfacet
  facet normal -0.000000e+00 0.000000e+00 -1.000000e+00
    outer loop
      vertex   4.444828e+01 1.277250e+02 2.500000e+00
      vertex   4.287500e+01 1.265000e+02 2.500000e+00
      vertex   4.130172e+01 1.277250e+02 2.500000e+00
    endloop
  endfacet
  facet normal 0.000000e+00 0.000000e+00 -1.000000e+00
    outer loop
      vertex   4.130172e+01 1.277250e+02 2.500000e+00
      vertex   4.287500e+01 1.265000e+02 2.500000e+00
      vertex   4.212500e+01 1.262990e+02 2.500000e+00
    endloop
  endfacet
  facet normal 0.000000e+00 0.000000e+00 -1.000000e+00
    outer loop
      vertex   4.130172e+01 1.277250e+02 2.500000e+00
      vertex   4.212500e+01 1.262990e+02 2.500000e+00
      vertex   4.157596e+01 1.257500e+02 2.500000e+00
    endloop
  endfacet
  facet normal 0.000000e+00 -0.000000e+00 -1.000000e+00
    outer loop
      vertex   4.130172e+01 1.277250e+02 2.500000e+00
      vertex   4.157596e+01 1.257500e+02 2.500000e+00
      vertex   3.972844e+01 1.250000e+02 2.500000e+00
    endloop
  endfacet
  facet normal 0.000000e+00 0.000000e+00 -1.000000e+00
    outer loop
      vertex   3.972844e+01 1.250000e+02 2.500000e+00
      vertex   4.157596e+01 1.257500e+02 2.500000e+00
      vertex   4.137500e+01 1.250000e+02 2.500000e+00
    endloop
  endfacet
  facet normal 0.000000e+00 0.000000e+00 -1.000000e+00
    outer loop
      vertex   3.972844e+01 1.250000e+02 2.500000e+00
      vertex   4.137500e+01 1.250000e+02 2.500000e+00
      vertex   4.157596e+01 1.242500e+02 2.500000e+00
    endloop
  endfacet
  facet normal 0.000000e+00 0.000000e+00 -1.000000e+00
    outer loop
      vertex   3.972844e+01 1.250000e+02 2.500000e+00
      vertex   4.157596e+01 1.242500e+02 2.500000e+00
      vertex   4.130172e+01 1.222750e+02 2.500000e+00
    endloop
  endfacet
  facet normal 0.000000e+00 0.000000e+00 -1.000000e+00
    outer loop
      vertex   4.130172e+01 1.222750e+02 2.500000e+00
      vertex   4.157596e+01 1.242500e+02 2.500000e+00
      vertex   4.212500e+01 1.237010e+02 2.500000e+00
    endloop
  endfacet
  facet normal 0.000000e+00 0.000000e+00 -1.000000e+00
    outer loop
      vertex   4.130172e+01 1.222750e+02 2.500000e+00
      vertex   4.212500e+01 1.237010e+02 2.500000e+00
      vertex   4.287500e+01 1.235000e+02 2.500000e+00
    endloop
  endfacet
  facet normal 0.000000e+00 0.000000e+00 -1.000000e+00
    outer loop
      vertex   4.130172e+01 1.222750e+02 2.500000e+00
      vertex   4.287500e+01 1.235000e+02 2.500000e+00
      vertex   4.444828e+01 1.222750e+02 2.500000e+00
    endloop
  endfacet
  facet normal 0.000000e+00 0.000000e+00 -1.000000e+00
    outer loop
      vertex   4.444828e+01 1.222750e+02 2.500000e+00
      vertex   4.287500e+01 1.235000e+02 2.500000e+00
      vertex   4.362500e+01 1.237010e+02 2.500000e+00
    endloop
  endfacet
  facet normal 0.000000e+00 0.000000e+00 -1.000000e+00
    outer loop
      vertex   4.444828e+01 1.222750e+02 2.500000e+00
      vertex   4.362500e+01 1.237010e+02 2.500000e+00
      vertex   4.417404e+01 1.242500e+02 2.500000e+00
    endloop
  endfacet
  facet normal 0.000000e+00 0.000000e+00 -1.000000e+00
    outer loop
      vertex   4.444828e+01 1.222750e+02 2.500000e+00
      vertex   4.417404e+01 1.242500e+02 2.500000e+00
      vertex   4.602156e+01 1.250000e+02 2.500000e+00
    endloop
  endfacet
  facet normal -9.659258e-01 2.588190e-01 0.000000e+00
    outer loop
      vertex   4.417404e+01 1.242500e+02 2.500000e+00
      vertex   4.417404e+01 1.242500e+02 8.000000e+00
      vertex   4.437500e+01 1.250000e+02 2.500000e+00
    endloop
  endfacet
  facet normal -9.659258e-01 2.588190e-01 0.000000e+00
    outer loop
      vertex   4.437500e+01 1.250000e+02 2.500000e+00
      vertex   4.417404e+01 1.242500e+02 8.000000e+00
      vertex   4.437500e+01 1.250000e+02 8.000000e+00
    endloop
  endfacet
  facet normal -9.659258e-01 -2.588190e-01 0.000000e+00
    outer loop
      vertex   4.437500e+01 1.250000e+02 2.500000e+00
      vertex   4.437500e+01 1.250000e+02 8.000000e+00
      vertex   4.417404e+01 1.257500e+02 2.500000e+00
    endloop
  endfacet
  facet normal -9.659258e-01 -2.588190e-01 0.000000e+00
    outer loop
      vertex   4.417404e+01 1.257500e+02 2.500000e+00
      vertex   4.437500e+01 1.250000e+02 8.000000e+00
      vertex   4.417404e+01 1.257500e+02 8.000000e+00
    endloop
  endfacet
  facet normal -7.071068e-01 -7.071068e-01 0.000000e+00
    outer loop
      vertex   4.417404e+01 1.257500e+02 2.500000e+00
      vertex   4.417404e+01 1.257500e+02 8.000000e+00
      vertex   4.362500e+01 1.262990e+02 2.500000e+00
    endloop
  endfacet
  facet normal -7.071068e-01 -7.071068e-01 0.000000e+00
    outer loop
      vertex   4.362500e+01 1.262990e+02 2.500000e+00
      vertex   4.417404e+01 1.257500e+02 8.000000e+00
      vertex   4.362500e+01 1.262990e+02 8.000000e+00
    endloop
  endfacet
  facet normal -2.588190e-01 -9.659258e-01 0.000000e+00
    outer loop
      vertex   4.362500e+01 1.262990e+02 2.500000e+00
      vertex   4.362500e+01 1.262990e+02 8.000000e+00
      vertex   4.287500e+01 1.265000e+02 2.500000e+00
    endloop
  endfacet
  facet normal -2.588190e-01 -9.659258e-01 0.000000e+00
    outer loop
      vertex   4.287500e+01 1.265000e+02 2.500000e+00
      vertex   4.362500e+01 1.262990e+02 8.000000e+00
      vertex   4.287500e+01 1.265000e+02 8.000000e+00
    endloop
  endfacet
  facet normal 2.588190e-01 -9.659258e-01 0.000000e+00
    outer loop
      vertex   4.287500e+01 1.265000e+02 2.500000e+00
      vertex   4.287500e+01 1.265000e+02 8.000000e+00
      vertex   4.212500e+01 1.262990e+02 2.500000e+00
    endloop
  endfacet
  facet normal 2.588190e-01 -9.659258e-01 0.000000e+00
    outer loop
      vertex   4.212500e+01 1.262990e+02 2.500000e+00
      vertex   4.287500e+01 1.265000e+02 8.000000e+00
      vertex   4.212500e+01 1.262990e+02 8.000000e+00
    endloop
  endfacet
  facet normal 7.071068e-01 -7.071068e-01 0.000000e+00
    outer loop
      vertex   4.212500e+01 1.262990e+02 2.500000e+00
      vertex   4.212500e+01 1.262990e+02 8.000000e+00
      vertex   4.157596e+01 1.257500e+02 2.500000e+00
    endloop
  endfacet
  facet normal 7.071068e-01 -7.071068e-01 0.000000e+00
    outer loop
      vertex   4.157596e+01 1.257500e+02 2.500000e+00
      vertex   4.212500e+01 1.262990e+02 8.000000e+00
      vertex   4.157596e+01 1.257500e+02 8.000000e+00
    endloop
  endfacet
  facet normal 9.659258e-01 -2.588190e-01 0.000000e+00
    outer loop
      vertex   4.157596e+01 1.257500e+02 2.500000e+00
      vertex   4.157596e+01 1.257500e+02 8.000000e+00
      vertex   4.137500e+01 1.250000e+02 2.500000e+00
    endloop
  endfacet
  facet normal 9.659258e-01 -2.588190e-01 0.000000e+00
    outer loop
      vertex   4.137500e+01 1.250000e+02 2.500000e+00
      vertex   4.157596e+01 1.257500e+02 8.000000e+00
      vertex   4.137500e+01 1.250000e+02 8.000000e+00
    endloop
  endfacet
  facet normal 9.659258e-01 2.588190e-01 -0.000000e+00
    outer loop
      vertex   4.137500e+01 1.250000e+02 2.500000e+00
      vertex   4.137500e+01 1.250000e+02 8.000000e+00
      vertex   4.157596e+01 1.242500e+02 2.500000e+00
    endloop
  endfacet
  facet normal 9.659258e-01 2.588190e-01 -0.000000e+00
    outer loop
      vertex   4.157596e+01 1.242500e+02 2.500000e+00
      vertex   4.137500e+01 1.250000e+02 8.000000e+00
      vertex   4.157596e+01 1.242500e+02 8.000000e+00
    endloop
  endfacet
  facet normal 7.071068e-01 7.071068e-01 -0.000000e+00
    outer loop
      vertex   4.157596e+01 1.242500e+02 2.500000e+00
      vertex   4.157596e+01 1.242500e+02 8.000000e+00
      vertex   4.212500e+01 1.237010e+02 2.500000e+00
    endloop
  endfacet
  facet normal 7.071068e-01 7.071068e-01 -0.000000e+00
    outer loop
      vertex   4.212500e+01 1.237010e+02 2.500000e+00
      vertex   4.157596e+01 1.242500e+02 8.000000e+00
      vertex   4.212500e+01 1.237010e+02 8.000000e+00
    endloop
  endfacet
  facet normal 2.588190e-01 9.659258e-01 -0.000000e+00
    outer loop
      vertex   4.212500e+01 1.237010e+02 2.500000e+00
      vertex   4.212500e+01 1.237010e+02 8.000000e+00
      vertex   4.287500e+01 1.235000e+02 2.500000e+00
    endloop
  endfacet
  facet normal 2.588190e-01 9.659258e-01 -0.000000e+00
    outer loop
      vertex   4.287500e+01 1.235000e+02 2.500000e+00
      vertex   4.212500e+01 1.237010e+02 8.000000e+00
      vertex   4.287500e+01 1.235000e+02 8.000000e+00
    endloop
  endfacet
  facet normal -2.588190e-01 9.659258e-01 0.000000e+00
    outer loop
      vertex   4.287500e+01 1.235000e+02 2.500000e+00
      vertex   4.287500e+01 1.235000e+02 8.000000e+00
      vertex   4.362500e+01 1.237010e+02 2.500000e+00
    endloop
  endfacet
  facet normal -2.588190e-01 9.659258e-01 0.000000e+00
    outer loop
      vertex   4.362500e+01 1.237010e+02 2.500000e+00
      vertex   4.287500e+01 1.235000e+02 8.000000e+00
      vertex   4.362500e+01 1.237010e+02 8.000000e+00
    endloop
  endfacet
  facet normal -7.071068e-01 7.071068e-01 0.000000e+00
    outer loop
      vertex   4.362500e+01 1.237010e+02 2.500000e+00
      vertex   4.362500e+01 1.237010e+02 8.000000e+00
      vertex   4.417404e+01 1.242500e+02 2.500000e+00
    endloop
  endfacet
  facet normal -7.071068e-01 7.071068e-01 0.000000e+00
    outer loop
      vertex   4.417404e+01 1.242500e+02 2.500000e+00
      vertex   4.362500e+01 1.237010e+02 8.000000e+00
      vertex   4.417404e+01 1.242500e+02 8.000000e+00
    endloop
  endfacet
  facet normal 1.000000e+00 -0.000000e+00 0.000000e+00
    outer loop
      vertex   4.762500e+01 -6.500000e+01 5.000000e+00
      vertex   4.762500e+01 -6.500000e+01 3.500000e+00
      vertex   4.762500e+01 1.070000e+02 5.000000e+00
    endloop
  endfacet
  facet normal 1.000000e+00 0.000000e+00 0.000000e+00
    outer loop
      vertex   4.762500e+01 1.070000e+02 5.000000e+00
      vertex   4.762500e+01 -6.500000e+01 3.500000e+00
      vertex   4.762500e+01 1.070000e+02 3.500000e+00
    endloop
  endfacet
  facet normal 9.659258e-01 -2.588190e-01 0.000000e+00
    outer loop
      vertex   1.489295e+01 1.500000e+02 0.000000e+00
      vertex   1.489295e+01 1.500000e+02 8.000000e+00
      vertex   1.462500e+01 1.490000e+02 0.000000e+00
    endloop
  endfacet
  facet normal 9.659258e-01 -2.588190e-01 0.000000e+00
    outer loop
      vertex   1.462500e+01 1.490000e+02 0.000000e+00
      vertex   1.489295e+01 1.500000e+02 8.000000e+00
      vertex   1.462500e+01 1.490000e+02 8.000000e+00
    endloop
  endfacet
  facet normal 9.659258e-01 2.588190e-01 -0.000000e+00
    outer loop
      vertex   1.462500e+01 1.490000e+02 0.000000e+00
      vertex   1.462500e+01 1.490000e+02 8.000000e+00
      vertex   1.489295e+01 1.480000e+02 0.000000e+00
    endloop
  endfacet
  facet normal 9.659258e-01 2.588190e-01 -0.000000e+00
    outer loop
      vertex   1.489295e+01 1.480000e+02 0.000000e+00
      vertex   1.462500e+01 1.490000e+02 8.000000e+00
      vertex   1.489295e+01 1.480000e+02 8.000000e+00
    endloop
  endfacet
  facet normal 7.071068e-01 7.071068e-01 -0.000000e+00
    outer loop
      vertex   1.489295e+01 1.480000e+02 0.000000e+00
      vertex   1.489295e+01 1.480000e+02 8.000000e+00
      vertex   1.562500e+01 1.472679e+02 0.000000e+00
    endloop
  endfacet
  facet normal 7.071068e-01 7.071068e-01 -1.570092e-16
    outer loop
      vertex   1.562500e+01 1.472679e+02 0.000000e+00
      vertex   1.489295e+01 1.480000e+02 8.000000e+00
      vertex   1.562500e+01 1.472679e+02 8.000000e+00
    endloop
  endfacet
  facet normal 2.588190e-01 9.659258e-01 -5.746937e-17
    outer loop
      vertex   1.562500e+01 1.472679e+02 0.000000e+00
      vertex   1.562500e+01 1.472679e+02 8.000000e+00
      vertex   1.662500e+01 1.470000e+02 0.000000e+00
    endloop
  endfacet
  facet normal 2.588190e-01 9.659258e-01 -0.000000e+00
    outer loop
      vertex   1.662500e+01 1.470000e+02 0.000000e+00
      vertex   1.562500e+01 1.472679e+02 8.000000e+00
      vertex   1.662500e+01 1.470000e+02 8.000000e+00
    endloop
  endfacet
  facet normal -2.588190e-01 9.659258e-01 0.000000e+00
    outer loop
      vertex   1.662500e+01 1.470000e+02 0.000000e+00
      vertex   1.662500e+01 1.470000e+02 8.000000e+00
      vertex   1.762500e+01 1.472679e+02 0.000000e+00
    endloop
  endfacet
  facet normal -2.588190e-01 9.659258e-01 0.000000e+00
    outer loop
      vertex   1.762500e+01 1.472679e+02 0.000000e+00
      vertex   1.662500e+01 1.470000e+02 8.000000e+00
      vertex   1.762500e+01 1.472679e+02 8.000000e+00
    endloop
  endfacet
  facet normal -7.071068e-01 7.071068e-01 0.000000e+00
    outer loop
      vertex   1.762500e+01 1.472679e+02 0.000000e+00
      vertex   1.762500e+01 1.472679e+02 8.000000e+00
      vertex   1.835705e+01 1.480000e+02 0.000000e+00
    endloop
  endfacet
  facet normal -7.071068e-01 7.071068e-01 0.000000e+00
    outer loop
      vertex   1.835705e+01 1.480000e+02 0.000000e+00
      vertex   1.762500e+01 1.472679e+02 8.000000e+00
      vertex   1.835705e+01 1.480000e+02 8.000000e+00
    endloop
  endfacet
  facet normal -9.659258e-01 2.588190e-01 0.000000e+00
    outer loop
      vertex   1.835705e+01 1.480000e+02 0.000000e+00
      vertex   1.835705e+01 1.480000e+02 8.000000e+00
      vertex   1.862500e+01 1.490000e+02 0.000000e+00
    endloop
  endfacet
  facet normal -9.659258e-01 2.588190e-01 0.000000e+00
    outer loop
      vertex   1.862500e+01 1.490000e+02 0.000000e+00
      vertex   1.835705e+01 1.480000e+02 8.000000e+00
      vertex   1.862500e+01 1.490000e+02 8.000000e+00
    endloop
  endfacet
  facet normal -9.659258e-01 -2.588190e-01 0.000000e+00
    outer loop
      vertex   1.862500e+01 1.490000e+02 0.000000e+00
      vertex   1.862500e+01 1.490000e+02 8.000000e+00
      vertex   1.835705e+01 1.500000e+02 0.000000e+00
    endloop
  endfacet
  facet normal -9.659258e-01 -2.588190e-01 0.000000e+00
    outer loop
      vertex   1.835705e+01 1.500000e+02 0.000000e+00
      vertex   1.862500e+01 1.490000e+02 8.000000e+00
      vertex   1.835705e+01 1.500000e+02 8.000000e+00
    endloop
  endfacet
  facet normal -7.071068e-01 -7.071068e-01 0.000000e+00
    outer loop
      vertex   1.835705e+01 1.500000e+02 0.000000e+00
      vertex   1.835705e+01 1.500000e+02 8.000000e+00
      vertex   1.762500e+01 1.507321e+02 0.000000e+00
    endloop
  endfacet
  facet normal -7.071068e-01 -7.071068e-01 0.000000e+00
    outer loop
      vertex   1.762500e+01 1.507321e+02 0.000000e+00
      vertex   1.835705e+01 1.500000e+02 8.000000e+00
      vertex   1.762500e+01 1.507321e+02 8.000000e+00
    endloop
  endfacet
  facet normal -2.588190e-01 -9.659258e-01 0.000000e+00
    outer loop
      vertex   1.762500e+01 1.507321e+02 0.000000e+00
      vertex   1.762500e+01 1.507321e+02 8.000000e+00
      vertex   1.662500e+01 1.510000e+02 0.000000e+00
    endloop
  endfacet
  facet normal -2.588190e-01 -9.659258e-01 0.000000e+00
    outer loop
      vertex   1.662500e+01 1.510000e+02 0.000000e+00
      vertex   1.762500e+01 1.507321e+02 8.000000e+00
      vertex   1.662500e+01 1.510000e+02 8.000000e+00
    endloop
  endfacet
  facet normal 2.588190e-01 -9.659258e-01 0.000000e+00
    outer loop
      vertex   1.662500e+01 1.510000e+02 0.000000e+00
      vertex   1.662500e+01 1.510000e+02 8.000000e+00
      vertex   1.562500e+01 1.507321e+02 0.000000e+00
    endloop
  endfacet
  facet normal 2.588190e-01 -9.659258e-01 5.746937e-17
    outer loop
      vertex   1.562500e+01 1.507321e+02 0.000000e+00
      vertex   1.662500e+01 1.510000e+02 8.000000e+00
      vertex   1.562500e+01 1.507321e+02 8.000000e+00
    endloop
  endfacet
  facet normal 7.071068e-01 -7.071068e-01 1.570092e-16
    outer loop
      vertex   1.562500e+01 1.507321e+02 0.000000e+00
      vertex   1.562500e+01 1.507321e+02 8.000000e+00
      vertex   1.489295e+01 1.500000e+02 0.000000e+00
    endloop
  endfacet
  facet normal 7.071068e-01 -7.071068e-01 0.000000e+00
    outer loop
      vertex   1.489295e+01 1.500000e+02 0.000000e+00
      vertex   1.562500e+01 1.507321e+02 8.000000e+00
      vertex   1.489295e+01 1.500000e+02 8.000000e+00
    endloop
  endfacet
  facet normal 9.659258e-01 -2.588190e-01 0.000000e+00
    outer loop
      vertex   1.489295e+01 1.380000e+02 0.000000e+00
      vertex   1.489295e+01 1.380000e+02 8.000000e+00
      vertex   1.462500e+01 1.370000e+02 0.000000e+00
    endloop
  endfacet
  facet normal 9.659258e-01 -2.588190e-01 0.000000e+00
    outer loop
      vertex   1.462500e+01 1.370000e+02 0.000000e+00
      vertex   1.489295e+01 1.380000e+02 8.000000e+00
      vertex   1.462500e+01 1.370000e+02 8.000000e+00
    endloop
  endfacet
  facet normal 9.659258e-01 2.588190e-01 -0.000000e+00
    outer loop
      vertex   1.462500e+01 1.370000e+02 0.000000e+00
      vertex   1.462500e+01 1.370000e+02 8.000000e+00
      vertex   1.489295e+01 1.360000e+02 0.000000e+00
    endloop
  endfacet
  facet normal 9.659258e-01 2.588190e-01 -0.000000e+00
    outer loop
      vertex   1.489295e+01 1.360000e+02 0.000000e+00
      vertex   1.462500e+01 1.370000e+02 8.000000e+00
      vertex   1.489295e+01 1.360000e+02 8.000000e+00
    endloop
  endfacet
  facet normal 7.071068e-01 7.071068e-01 -0.000000e+00
    outer loop
      vertex   1.489295e+01 1.360000e+02 0.000000e+00
      vertex   1.489295e+01 1.360000e+02 8.000000e+00
      vertex   1.562500e+01 1.352679e+02 0.000000e+00
    endloop
  endfacet
  facet normal 7.071068e-01 7.071068e-01 -1.570092e-16
    outer loop
      vertex   1.562500e+01 1.352679e+02 0.000000e+00
      vertex   1.489295e+01 1.360000e+02 8.000000e+00
      vertex   1.562500e+01 1.352679e+02 8.000000e+00
    endloop
  endfacet
  facet normal 2.588190e-01 9.659258e-01 -5.746937e-17
    outer loop
      vertex   1.562500e+01 1.352679e+02 0.000000e+00
      vertex   1.562500e+01 1.352679e+02 8.000000e+00
      vertex   1.662500e+01 1.350000e+02 0.000000e+00
    endloop
  endfacet
  facet normal 2.588190e-01 9.659258e-01 -0.000000e+00
    outer loop
      vertex   1.662500e+01 1.350000e+02 0.000000e+00
      vertex   1.562500e+01 1.352679e+02 8.000000e+00
      vertex   1.662500e+01 1.350000e+02 8.000000e+00
    endloop
  endfacet
  facet normal -2.588190e-01 9.659258e-01 0.000000e+00
    outer loop
      vertex   1.662500e+01 1.350000e+02 0.000000e+00
      vertex   1.662500e+01 1.350000e+02 8.000000e+00
      vertex   1.762500e+01 1.352679e+02 0.000000e+00
    endloop
  endfacet
  facet normal -2.588190e-01 9.659258e-01 0.000000e+00
    outer loop
      vertex   1.762500e+01 1.352679e+02 0.000000e+00
      vertex   1.662500e+01 1.350000e+02 8.000000e+00
      vertex   1.762500e+01 1.352679e+02 8.000000e+00
    endloop
  endfacet
  facet normal -7.071068e-01 7.071068e-01 0.000000e+00
    outer loop
      vertex   1.762500e+01 1.352679e+02 0.000000e+00
      vertex   1.762500e+01 1.352679e+02 8.000000e+00
      vertex   1.835705e+01 1.360000e+02 0.000000e+00
    endloop
  endfacet
  facet normal -7.071068e-01 7.071068e-01 0.000000e+00
    outer loop
      vertex   1.835705e+01 1.360000e+02 0.000000e+00
      vertex   1.762500e+01 1.352679e+02 8.000000e+00
      vertex   1.835705e+01 1.360000e+02 8.000000e+00
    endloop
  endfacet
  facet normal -9.659258e-01 2.588190e-01 0.000000e+00
    outer loop
      vertex   1.835705e+01 1.360000e+02 0.000000e+00
      vertex   1.835705e+01 1.360000e+02 8.000000e+00
      vertex   1.862500e+01 1.370000e+02 0.000000e+00
    endloop
  endfacet
  facet normal -9.659258e-01 2.588190e-01 0.000000e+00
    outer loop
      vertex   1.862500e+01 1.370000e+02 0.000000e+00
      vertex   1.835705e+01 1.360000e+02 8.000000e+00
      vertex   1.862500e+01 1.370000e+02 8.000000e+00
    endloop
  endfacet
  facet normal -9.659258e-01 -2.588190e-01 0.000000e+00
    outer loop
      vertex   1.862500e+01 1.370000e+02 0.000000e+00
      vertex   1.862500e+01 1.370000e+02 8.000000e+00
      vertex   1.835705e+01 1.380000e+02 0.000000e+00
    endloop
  endfacet
  facet normal -9.659258e-01 -2.588190e-01 0.000000e+00
    outer loop
      vertex   1.835705e+01 1.380000e+02 0.000000e+00
      vertex   1.862500e+01 1.370000e+02 8.000000e+00
      vertex   1.835705e+01 1.380000e+02 8.000000e+00
    endloop
  endfacet
  facet normal -7.071068e-01 -7.071068e-01 0.000000e+00
    outer loop
      vertex   1.835705e+01 1.380000e+02 0.000000e+00
      vertex   1.835705e+01 1.380000e+02 8.000000e+00
      vertex   1.762500e+01 1.387321e+02 0.000000e+00
    endloop
  endfacet
  facet normal -7.071068e-01 -7.071068e-01 0.000000e+00
    outer loop
      vertex   1.762500e+01 1.387321e+02 0.000000e+00
      vertex   1.835705e+01 1.380000e+02 8.000000e+00
      vertex   1.762500e+01 1.387321e+02 8.000000e+00
    endloop
  endfacet
  facet normal -2.588190e-01 -9.659258e-01 0.000000e+00
    outer loop
      vertex   1.762500e+01 1.387321e+02 0.000000e+00
      vertex   1.762500e+01 1.387321e+02 8.000000e+00
      vertex   1.662500e+01 1.390000e+02 0.000000e+00
    endloop
  endfacet
  facet normal -2.588190e-01 -9.659258e-01 0.000000e+00
    outer loop
      vertex   1.662500e+01 1.390000e+02 0.000000e+00
      vertex   1.762500e+01 1.387321e+02 8.000000e+00
      vertex   1.662500e+01 1.390000e+02 8.000000e+00
    endloop
  endfacet
  facet normal 2.588190e-01 -9.659258e-01 0.000000e+00
    outer loop
      vertex   1.662500e+01 1.390000e+02 0.000000e+00
      vertex   1.662500e+01 1.390000e+02 8.000000e+00
      vertex   1.562500e+01 1.387321e+02 0.000000e+00
    endloop
  endfacet
  facet normal 2.588190e-01 -9.659258e-01 5.746937e-17
    outer loop
      vertex   1.562500e+01 1.387321e+02 0.000000e+00
      vertex   1.662500e+01 1.390000e+02 8.000000e+00
      vertex   1.562500e+01 1.387321e+02 8.000000e+00
    endloop
  endfacet
  facet normal 7.071068e-01 -7.071068e-01 1.570092e-16
    outer loop
      vertex   1.562500e+01 1.387321e+02 0.000000e+00
      vertex   1.562500e+01 1.387321e+02 8.000000e+00
      vertex   1.489295e+01 1.380000e+02 0.000000e+00
    endloop
  endfacet
  facet normal 7.071068e-01 -7.071068e-01 0.000000e+00
    outer loop
      vertex   1.489295e+01 1.380000e+02 0.000000e+00
      vertex   1.562500e+01 1.387321e+02 8.000000e+00
      vertex   1.489295e+01 1.380000e+02 8.000000e+00
    endloop
  endfacet
  facet normal 9.659258e-01 -2.588190e-01 0.000000e+00
    outer loop
      vertex   1.489295e+01 1.220000e+02 0.000000e+00
      vertex   1.489295e+01 1.220000e+02 8.000000e+00
      vertex   1.462500e+01 1.210000e+02 0.000000e+00
    endloop
  endfacet
  facet normal 9.659258e-01 -2.588190e-01 0.000000e+00
    outer loop
      vertex   1.462500e+01 1.210000e+02 0.000000e+00
      vertex   1.489295e+01 1.220000e+02 8.000000e+00
      vertex   1.462500e+01 1.210000e+02 8.000000e+00
    endloop
  endfacet
  facet normal 9.659258e-01 2.588190e-01 -0.000000e+00
    outer loop
      vertex   1.462500e+01 1.210000e+02 0.000000e+00
      vertex   1.462500e+01 1.210000e+02 8.000000e+00
      vertex   1.489295e+01 1.200000e+02 0.000000e+00
    endloop
  endfacet
  facet normal 9.659258e-01 2.588190e-01 -0.000000e+00
    outer loop
      vertex   1.489295e+01 1.200000e+02 0.000000e+00
      vertex   1.462500e+01 1.210000e+02 8.000000e+00
      vertex   1.489295e+01 1.200000e+02 8.000000e+00
    endloop
  endfacet
  facet normal 7.071068e-01 7.071068e-01 -0.000000e+00
    outer loop
      vertex   1.489295e+01 1.200000e+02 0.000000e+00
      vertex   1.489295e+01 1.200000e+02 8.000000e+00
      vertex   1.562500e+01 1.192679e+02 0.000000e+00
    endloop
  endfacet
  facet normal 7.071068e-01 7.071068e-01 -1.570092e-16
    outer loop
      vertex   1.562500e+01 1.192679e+02 0.000000e+00
      vertex   1.489295e+01 1.200000e+02 8.000000e+00
      vertex   1.562500e+01 1.192679e+02 8.000000e+00
    endloop
  endfacet
  facet normal 2.588190e-01 9.659258e-01 -5.746937e-17
    outer loop
      vertex   1.562500e+01 1.192679e+02 0.000000e+00
      vertex   1.562500e+01 1.192679e+02 8.000000e+00
      vertex   1.662500e+01 1.190000e+02 0.000000e+00
    endloop
  endfacet
  facet normal 2.588190e-01 9.659258e-01 -0.000000e+00
    outer loop
      vertex   1.662500e+01 1.190000e+02 0.000000e+00
      vertex   1.562500e+01 1.192679e+02 8.000000e+00
      vertex   1.662500e+01 1.190000e+02 8.000000e+00
    endloop
  endfacet
  facet normal -2.588190e-01 9.659258e-01 0.000000e+00
    outer loop
      vertex   1.662500e+01 1.190000e+02 0.000000e+00
      vertex   1.662500e+01 1.190000e+02 8.000000e+00
      vertex   1.762500e+01 1.192679e+02 0.000000e+00
    endloop
  endfacet
  facet normal -2.588190e-01 9.659258e-01 0.000000e+00
    outer loop
      vertex   1.762500e+01 1.192679e+02 0.000000e+00
      vertex   1.662500e+01 1.190000e+02 8.000000e+00
      vertex   1.762500e+01 1.192679e+02 8.000000e+00
    endloop
  endfacet
  facet normal -7.071068e-01 7.071068e-01 0.000000e+00
    outer loop
      vertex   1.762500e+01 1.192679e+02 0.000000e+00
      vertex   1.762500e+01 1.192679e+02 8.000000e+00
      vertex   1.835705e+01 1.200000e+02 0.000000e+00
    endloop
  endfacet
  facet normal -7.071068e-01 7.071068e-01 0.000000e+00
    outer loop
      vertex   1.835705e+01 1.200000e+02 0.000000e+00
      vertex   1.762500e+01 1.192679e+02 8.000000e+00
      vertex   1.835705e+01 1.200000e+02 8.000000e+00
    endloop
  endfacet
  facet normal -9.659258e-01 2.588190e-01 0.000000e+00
    outer loop
      vertex   1.835705e+01 1.200000e+02 0.000000e+00
      vertex   1.835705e+01 1.200000e+02 8.000000e+00
      vertex   1.862500e+01 1.210000e+02 0.000000e+00
    endloop
  endfacet
  facet normal -9.659258e-01 2.588190e-01 0.000000e+00
    outer loop
      vertex   1.862500e+01 1.210000e+02 0.000000e+00
      vertex   1.835705e+01 1.200000e+02 8.000000e+00
      vertex   1.862500e+01 1.210000e+02 8.000000e+00
    endloop
  endfacet
  facet normal -9.659258e-01 -2.588190e-01 0.000000e+00
    outer loop
      vertex   1.862500e+01 1.210000e+02 0.000000e+00
      vertex   1.862500e+01 1.210000e+02 8.000000e+00
      vertex   1.835705e+01 1.220000e+02 0.000000e+00
    endloop
  endfacet
  facet normal -9.659258e-01 -2.588190e-01 0.000000e+00
    outer loop
      vertex   1.835705e+01 1.220000e+02 0.000000e+00
      vertex   1.862500e+01 1.210000e+02 8.000000e+00
      vertex   1.835705e+01 1.220000e+02 8.000000e+00
    endloop
  endfacet
  facet normal -7.071068e-01 -7.071068e-01 0.000000e+00
    outer loop
      vertex   1.835705e+01 1.220000e+02 0.000000e+00
      vertex   1.835705e+01 1.220000e+02 8.000000e+00
      vertex   1.762500e+01 1.227321e+02 0.000000e+00
    endloop
  endfacet
  facet normal -7.071068e-01 -7.071068e-01 0.000000e+00
    outer loop
      vertex   1.762500e+01 1.227321e+02 0.000000e+00
      vertex   1.835705e+01 1.220000e+02 8.000000e+00
      vertex   1.762500e+01 1.227321e+02 8.000000e+00
    endloop
  endfacet
  facet normal -2.588190e-01 -9.659258e-01 0.000000e+00
    outer loop
      vertex   1.762500e+01 1.227321e+02 0.000000e+00
      vertex   1.762500e+01 1.227321e+02 8.000000e+00
      vertex   1.662500e+01 1.230000e+02 0.000000e+00
    endloop
  endfacet
  facet normal -2.588190e-01 -9.659258e-01 0.000000e+00
    outer loop
      vertex   1.662500e+01 1.230000e+02 0.000000e+00
      vertex   1.762500e+01 1.227321e+02 8.000000e+00
      vertex   1.662500e+01 1.230000e+02 8.000000e+00
    endloop
  endfacet
  facet normal 2.588190e-01 -9.659258e-01 0.000000e+00
    outer loop
      vertex   1.662500e+01 1.230000e+02 0.000000e+00
      vertex   1.662500e+01 1.230000e+02 8.000000e+00
      vertex   1.562500e+01 1.227321e+02 0.000000e+00
    endloop
  endfacet
  facet normal 2.588190e-01 -9.659258e-01 5.746937e-17
    outer loop
      vertex   1.562500e+01 1.227321e+02 0.000000e+00
      vertex   1.662500e+01 1.230000e+02 8.000000e+00
      vertex   1.562500e+01 1.227321e+02 8.000000e+00
    endloop
  endfacet
  facet normal 7.071068e-01 -7.071068e-01 1.570092e-16
    outer loop
      vertex   1.562500e+01 1.227321e+02 0.000000e+00
      vertex   1.562500e+01 1.227321e+02 8.000000e+00
      vertex   1.489295e+01 1.220000e+02 0.000000e+00
    endloop
  endfacet
  facet normal 7.071068e-01 -7.071068e-01 0.000000e+00
    outer loop
      vertex   1.489295e+01 1.220000e+02 0.000000e+00
      vertex   1.562500e+01 1.227321e+02 8.000000e+00
      vertex   1.489295e+01 1.220000e+02 8.000000e+00
    endloop
  endfacet
  facet normal 9.659258e-01 -2.588190e-01 0.000000e+00
    outer loop
      vertex   2.689295e+01 1.220000e+02 0.000000e+00
      vertex   2.689295e+01 1.220000e+02 8.000000e+00
      vertex   2.662500e+01 1.210000e+02 0.000000e+00
    endloop
  endfacet
  facet normal 9.659258e-01 -2.588190e-01 0.000000e+00
    outer loop
      vertex   2.662500e+01 1.210000e+02 0.000000e+00
      vertex   2.689295e+01 1.220000e+02 8.000000e+00
      vertex   2.662500e+01 1.210000e+02 8.000000e+00
    endloop
  endfacet
  facet normal 9.659258e-01 2.588190e-01 -0.000000e+00
    outer loop
      vertex   2.662500e+01 1.210000e+02 0.000000e+00
      vertex   2.662500e+01 1.210000e+02 8.000000e+00
      vertex   2.689295e+01 1.200000e+02 0.000000e+00
    endloop
  endfacet
  facet normal 9.659258e-01 2.588190e-01 -0.000000e+00
    outer loop
      vertex   2.689295e+01 1.200000e+02 0.000000e+00
      vertex   2.662500e+01 1.210000e+02 8.000000e+00
      vertex   2.689295e+01 1.200000e+02 8.000000e+00
    endloop
  endfacet
  facet normal 7.071068e-01 7.071068e-01 -0.000000e+00
    outer loop
      vertex   2.689295e+01 1.200000e+02 0.000000e+00
      vertex   2.689295e+01 1.200000e+02 8.000000e+00
      vertex   2.762500e+01 1.192679e+02 0.000000e+00
    endloop
  endfacet
  facet normal 7.071068e-01 7.071068e-01 -0.000000e+00
    outer loop
      vertex   2.762500e+01 1.192679e+02 0.000000e+00
      vertex   2.689295e+01 1.200000e+02 8.000000e+00
      vertex   2.762500e+01 1.192679e+02 8.000000e+00
    endloop
  endfacet
  facet normal 2.588190e-01 9.659258e-01 -0.000000e+00
    outer loop
      vertex   2.762500e+01 1.192679e+02 0.000000e+00
      vertex   2.762500e+01 1.192679e+02 8.000000e+00
      vertex   2.862500e+01 1.190000e+02 0.000000e+00
    endloop
  endfacet
  facet normal 2.588190e-01 9.659258e-01 -0.000000e+00
    outer loop
      vertex   2.862500e+01 1.190000e+02 0.000000e+00
      vertex   2.762500e+01 1.192679e+02 8.000000e+00
      vertex   2.862500e+01 1.190000e+02 8.000000e+00
    endloop
  endfacet
  facet normal -2.588190e-01 9.659258e-01 0.000000e+00
    outer loop
      vertex   2.862500e+01 1.190000e+02 0.000000e+00
      vertex   2.862500e+01 1.190000e+02 8.000000e+00
      vertex   2.962500e+01 1.192679e+02 0.000000e+00
    endloop
  endfacet
  facet normal -2.588190e-01 9.659258e-01 0.000000e+00
    outer loop
      vertex   2.962500e+01 1.192679e+02 0.000000e+00
      vertex   2.862500e+01 1.190000e+02 8.000000e+00
      vertex   2.962500e+01 1.192679e+02 8.000000e+00
    endloop
  endfacet
  facet normal -7.071068e-01 7.071068e-01 0.000000e+00
    outer loop
      vertex   2.962500e+01 1.192679e+02 0.000000e+00
      vertex   2.962500e+01 1.192679e+02 8.000000e+00
      vertex   3.035705e+01 1.200000e+02 0.000000e+00
    endloop
  endfacet
  facet normal -7.071068e-01 7.071068e-01 0.000000e+00
    outer loop
      vertex   3.035705e+01 1.200000e+02 0.000000e+00
      vertex   2.962500e+01 1.192679e+02 8.000000e+00
      vertex   3.035705e+01 1.200000e+02 8.000000e+00
    endloop
  endfacet
  facet normal -9.659258e-01 2.588190e-01 0.000000e+00
    outer loop
      vertex   3.035705e+01 1.200000e+02 0.000000e+00
      vertex   3.035705e+01 1.200000e+02 8.000000e+00
      vertex   3.062500e+01 1.210000e+02 0.000000e+00
    endloop
  endfacet
  facet normal -9.659258e-01 2.588190e-01 0.000000e+00
    outer loop
      vertex   3.062500e+01 1.210000e+02 0.000000e+00
      vertex   3.035705e+01 1.200000e+02 8.000000e+00
      vertex   3.062500e+01 1.210000e+02 8.000000e+00
    endloop
  endfacet
  facet normal -9.659258e-01 -2.588190e-01 0.000000e+00
    outer loop
      vertex   3.062500e+01 1.210000e+02 0.000000e+00
      vertex   3.062500e+01 1.210000e+02 8.000000e+00
      vertex   3.035705e+01 1.220000e+02 0.000000e+00
    endloop
  endfacet
  facet normal -9.659258e-01 -2.588190e-01 0.000000e+00
    outer loop
      vertex   3.035705e+01 1.220000e+02 0.000000e+00
      vertex   3.062500e+01 1.210000e+02 8.000000e+00
      vertex   3.035705e+01 1.220000e+02 8.000000e+00
    endloop
  endfacet
  facet normal -7.071068e-01 -7.071068e-01 0.000000e+00
    outer loop
      vertex   3.035705e+01 1.220000e+02 0.000000e+00
      vertex   3.035705e+01 1.220000e+02 8.000000e+00
      vertex   2.962500e+01 1.227321e+02 0.000000e+00
    endloop
  endfacet
  facet normal -7.071068e-01 -7.071068e-01 -6.280370e-16
    outer loop
      vertex   2.962500e+01 1.227321e+02 0.000000e+00
      vertex   3.035705e+01 1.220000e+02 8.000000e+00
      vertex   2.962500e+01 1.227321e+02 8.000000e+00
    endloop
  endfacet
  facet normal -2.588190e-01 -9.659258e-01 -2.298775e-16
    outer loop
      vertex   2.962500e+01 1.227321e+02 0.000000e+00
      vertex   2.962500e+01 1.227321e+02 8.000000e+00
      vertex   2.862500e+01 1.230000e+02 0.000000e+00
    endloop
  endfacet
  facet normal -2.588190e-01 -9.659258e-01 0.000000e+00
    outer loop
      vertex   2.862500e+01 1.230000e+02 0.000000e+00
      vertex   2.962500e+01 1.227321e+02 8.000000e+00
      vertex   2.862500e+01 1.230000e+02 8.000000e+00
    endloop
  endfacet
  facet normal 2.588190e-01 -9.659258e-01 0.000000e+00
    outer loop
      vertex   2.862500e+01 1.230000e+02 0.000000e+00
      vertex   2.862500e+01 1.230000e+02 8.000000e+00
      vertex   2.762500e+01 1.227321e+02 0.000000e+00
    endloop
  endfacet
  facet normal 2.588190e-01 -9.659258e-01 0.000000e+00
    outer loop
      vertex   2.762500e+01 1.227321e+02 0.000000e+00
      vertex   2.862500e+01 1.230000e+02 8.000000e+00
      vertex   2.762500e+01 1.227321e+02 8.000000e+00
    endloop
  endfacet
  facet normal 7.071068e-01 -7.071068e-01 0.000000e+00
    outer loop
      vertex   2.762500e+01 1.227321e+02 0.000000e+00
      vertex   2.762500e+01 1.227321e+02 8.000000e+00
      vertex   2.689295e+01 1.220000e+02 0.000000e+00
    endloop
  endfacet
  facet normal 7.071068e-01 -7.071068e-01 0.000000e+00
    outer loop
      vertex   2.689295e+01 1.220000e+02 0.000000e+00
      vertex   2.762500e+01 1.227321e+02 8.000000e+00
      vertex   2.689295e+01 1.220000e+02 8.000000e+00
    endloop
  endfacet
  facet normal 0.000000e+00 1.000000e+00 -0.000000e+00
    outer loop
      vertex   6.462500e+01 1.290000e+02 0.000000e+00
      vertex   2.162500e+01 1.290000e+02 0.000000e+00
      vertex   6.462500e+01 1.290000e+02 8.000000e+00
    endloop
  endfacet
  facet normal 0.000000e+00 1.000000e+00 0.000000e+00
    outer loop
      vertex   6.462500e+01 1.290000e+02 8.000000e+00
      vertex   2.162500e+01 1.290000e+02 0.000000e+00
      vertex   2.162500e+01 1.290000e+02 8.000000e+00
    endloop
  endfacet
  facet normal 1.000000e+00 1.366428e-16 -0.000000e+00
    outer loop
      vertex   2.162500e+01 1.290000e+02 0.000000e+00
      vertex   2.162500e+01 1.550000e+02 0.000000e+00
      vertex   2.162500e+01 1.290000e+02 8.000000e+00
    endloop
  endfacet
  facet normal 1.000000e+00 1.366428e-16 0.000000e+00
    outer loop
      vertex   2.162500e+01 1.290000e+02 8.000000e+00
      vertex   2.162500e+01 1.550000e+02 0.000000e+00
      vertex   2.162500e+01 1.550000e+02 8.000000e+00
    endloop
  endfacet
  facet normal -1.000000e+00 0.000000e+00 0.000000e+00
    outer loop
      vertex   -3.962500e+01 1.100000e+02 -3.000000e+00
      vertex   -3.962500e+01 1.100000e+02 8.000000e+00
      vertex   -3.962500e+01 1.550000e+02 -3.000000e+00
    endloop
  endfacet
  facet normal -1.000000e+00 -3.157968e-16 -1.291896e-15
    outer loop
      vertex   -3.962500e+01 1.550000e+02 -3.000000e+00
      vertex   -3.962500e+01 1.100000e+02 8.000000e+00
      vertex   -3.962500e+01 1.550000e+02 8.000000e+00
    endloop
  endfacet
  facet normal -0.000000e+00 1.000000e+00 0.000000e+00
    outer loop
      vertex   1.337500e+01 1.550000e+02 8.000000e+00
      vertex   2.162500e+01 1.550000e+02 8.000000e+00
      vertex   1.337500e+01 1.550000e+02 2.800000e+00
    endloop
  endfacet
  facet normal -0.000000e+00 1.000000e+00 0.000000e+00
    outer loop
      vertex   1.337500e+01 1.550000e+02 2.800000e+00
      vertex   2.162500e+01 1.550000e+02 8.000000e+00
      vertex   2.162500e+01 1.550000e+02 0.000000e+00
    endloop
  endfacet
  facet normal 0.000000e+00 1.000000e+00 0.000000e+00
    outer loop
      vertex   1.337500e+01 1.550000e+02 2.800000e+00
      vertex   2.162500e+01 1.550000e+02 0.000000e+00
      vertex   7.625000e+00 1.550000e+02 0.000000e+00
    endloop
  endfacet
  facet normal 0.000000e+00 1.000000e+00 -0.000000e+00
    outer loop
      vertex   7.625000e+00 1.550000e+02 -3.000000e+00
      vertex   -3.962500e+01 1.550000e+02 -3.000000e+00
      vertex   7.625000e+00 1.550000e+02 0.000000e+00
    endloop
  endfacet
  facet normal 0.000000e+00 1.000000e+00 0.000000e+00
    outer loop
      vertex   7.625000e+00 1.550000e+02 0.000000e+00
      vertex   -3.962500e+01 1.550000e+02 -3.000000e+00
      vertex   -2.962500e+01 1.550000e+02 2.800000e+00
    endloop
  endfacet
  facet normal 0.000000e+00 1.000000e+00 -0.000000e+00
    outer loop
      vertex   7.625000e+00 1.550000e+02 0.000000e+00
      vertex   -2.962500e+01 1.550000e+02 2.800000e+00
      vertex   1.337500e+01 1.550000e+02 2.800000e+00
    endloop
  endfacet
  facet normal 0.000000e+00 1.000000e+00 -0.000000e+00
    outer loop
      vertex   -3.962500e+01 1.550000e+02 -3.000000e+00
      vertex   -3.962500e+01 1.550000e+02 8.000000e+00
      vertex   -2.962500e+01 1.550000e+02 2.800000e+00
    endloop
  endfacet
  facet normal 0.000000e+00 1.000000e+00 -0.000000e+00
    outer loop
      vertex   -2.962500e+01 1.550000e+02 2.800000e+00
      vertex   -3.962500e+01 1.550000e+02 8.000000e+00
      vertex   -2.962500e+01 1.550000e+02 8.000000e+00
    endloop
  endfacet
  facet normal -8.359326e-16 1.000000e+00 8.620555e-16
    outer loop
      vertex   -5.662500e+01 1.100000e+02 8.000000e+00
      vertex   -3.962500e+01 1.100000e+02 8.000000e+00
      vertex   -4.787500e+01 1.100000e+02 0.000000e+00
    endloop
  endfacet
  facet normal -0.000000e+00 1.000000e+00 0.000000e+00
    outer loop
      vertex   -4.787500e+01 1.100000e+02 0.000000e+00
      vertex   -3.962500e+01 1.100000e+02 8.000000e+00
      vertex   -3.962500e+01 1.100000e+02 -3.000000e+00
    endloop
  endfacet
  facet normal 0.000000e+00 1.000000e+00 0.000000e+00
    outer loop
      vertex   -4.787500e+01 1.100000e+02 0.000000e+00
      vertex   -3.962500e+01 1.100000e+02 -3.000000e+00
      vertex   -4.787500e+01 1.100000e+02 -3.000000e+00
    endloop
  endfacet
  facet normal -1.624098e-15 1.000000e+00 0.000000e+00
    outer loop
      vertex   -4.787500e+01 1.100000e+02 0.000000e+00
      vertex   -5.662500e+01 1.100000e+02 0.000000e+00
      vertex   -5.662500e+01 1.100000e+02 8.000000e+00
    endloop
  endfacet
  facet normal -1.000000e+00 -2.197102e-16 -1.291896e-15
    outer loop
      vertex   -4.787500e+01 -6.500000e+01 8.000000e+00
      vertex   -4.787500e+01 8.200000e+01 5.000000e+00
      vertex   -4.787500e+01 -6.500000e+01 -3.000000e+00
    endloop
  endfacet
  facet normal -1.000000e+00 -2.750488e-16 -2.750488e-16
    outer loop
      vertex   -4.787500e+01 -6.500000e+01 -3.000000e+00
      vertex   -4.787500e+01 8.200000e+01 5.000000e+00
      vertex   -4.787500e+01 8.700000e+01 0.000000e+00
    endloop
  endfacet
  facet normal -1.000000e+00 -2.436147e-16 -1.867712e-15
    outer loop
      vertex   -4.787500e+01 -6.500000e+01 -3.000000e+00
      vertex   -4.787500e+01 8.700000e+01 0.000000e+00
      vertex   -4.787500e+01 1.100000e+02 -3.000000e+00
    endloop
  endfacet
  facet normal -1.000000e+00 0.000000e+00 0.000000e+00
    outer loop
      vertex   -4.787500e+01 1.100000e+02 -3.000000e+00
      vertex   -4.787500e+01 8.700000e+01 0.000000e+00
      vertex   -4.787500e+01 1.100000e+02 0.000000e+00
    endloop
  endfacet
  facet normal -1.000000e+00 -1.933450e-16 0.000000e+00
    outer loop
      vertex   -4.787500e+01 -6.500000e+01 8.000000e+00
      vertex   -4.787500e+01 8.200000e+01 8.000000e+00
      vertex   -4.787500e+01 8.200000e+01 5.000000e+00
    endloop
  endfacet
  facet normal 1.000000e+00 2.507798e-16 -0.000000e+00
    outer loop
      vertex   5.662500e+01 -6.500000e+01 5.000000e+00
      vertex   5.662500e+01 1.050000e+02 5.000000e+00
      vertex   5.662500e+01 -6.500000e+01 8.000000e+00
    endloop
  endfacet
  facet normal 1.000000e+00 3.343731e-16 4.736952e-15
    outer loop
      vertex   5.662500e+01 -6.500000e+01 8.000000e+00
      vertex   5.662500e+01 1.050000e+02 5.000000e+00
      vertex   5.662500e+01 1.050000e+02 8.000000e+00
    endloop
  endfacet
  facet normal 0.000000e+00 -7.071068e-01 -7.071068e-01
    outer loop
      vertex   -5.537500e+01 8.700000e+01 0.000000e+00
      vertex   -4.787500e+01 8.700000e+01 0.000000e+00
      vertex   -5.537500e+01 8.200000e+01 5.000000e+00
    endloop
  endfacet
  facet normal 0.000000e+00 -7.071068e-01 -7.071068e-01
    outer loop
      vertex   -5.537500e+01 8.200000e+01 5.000000e+00
      vertex   -4.787500e+01 8.700000e+01 0.000000e+00
      vertex   -4.787500e+01 8.200000e+01 5.000000e+00
    endloop
  endfacet
  facet normal 0.000000e+00 -1.000000e+00 0.000000e+00
    outer loop
      vertex   -5.537500e+01 8.200000e+01 5.000000e+00
      vertex   -4.787500e+01 8.200000e+01 5.000000e+00
      vertex   -5.537500e+01 8.200000e+01 8.000000e+00
    endloop
  endfacet
  facet normal 0.000000e+00 -1.000000e+00 0.000000e+00
    outer loop
      vertex   -5.537500e+01 8.200000e+01 8.000000e+00
      vertex   -4.787500e+01 8.200000e+01 5.000000e+00
      vertex   -4.787500e+01 8.200000e+01 8.000000e+00
    endloop
  endfacet
  facet normal 1.421085e-16 1.115387e-15 -1.000000e+00
    outer loop
      vertex   4.762500e+01 -6.500000e+01 3.500000e+00
      vertex   4.137500e+01 -6.500000e+01 3.500000e+00
      vertex   4.762500e+01 1.070000e+02 3.500000e+00
    endloop
  endfacet
  facet normal 7.105427e-17 1.117969e-15 -1.000000e+00
    outer loop
      vertex   4.762500e+01 1.070000e+02 3.500000e+00
      vertex   4.137500e+01 -6.500000e+01 3.500000e+00
      vertex   4.137500e+01 1.070000e+02 3.500000e+00
    endloop
  endfacet
  facet normal -4.419636e-15 0.000000e+00 -1.000000e+00
    outer loop
      vertex   5.082596e+01 1.012500e+02 5.000000e+00
      vertex   5.062500e+01 8.200000e+01 5.000000e+00
      vertex   5.062500e+01 1.020000e+02 5.000000e+00
    endloop
  endfacet
  facet normal -6.365279e-14 -0.000000e+00 -1.000000e+00
    outer loop
      vertex   5.062500e+01 1.020000e+02 5.000000e+00
      vertex   5.062500e+01 8.200000e+01 5.000000e+00
      vertex   4.762500e+01 1.070000e+02 5.000000e+00
    endloop
  endfacet
  facet normal -4.536661e-14 1.097171e-14 -1.000000e+00
    outer loop
      vertex   5.062500e+01 1.020000e+02 5.000000e+00
      vertex   4.762500e+01 1.070000e+02 5.000000e+00
      vertex   5.082596e+01 1.027500e+02 5.000000e+00
    endloop
  endfacet
  facet normal -2.482516e-14 2.644286e-14 -1.000000e+00
    outer loop
      vertex   5.082596e+01 1.027500e+02 5.000000e+00
      vertex   4.762500e+01 1.070000e+02 5.000000e+00
      vertex   5.137500e+01 1.032990e+02 5.000000e+00
    endloop
  endfacet
  facet normal -1.087327e-14 4.057961e-14 -1.000000e+00
    outer loop
      vertex   5.137500e+01 1.032990e+02 5.000000e+00
      vertex   4.762500e+01 1.070000e+02 5.000000e+00
      vertex   5.212500e+01 1.035000e+02 5.000000e+00
    endloop
  endfacet
  facet normal 3.947460e-16 5.506706e-14 -1.000000e+00
    outer loop
      vertex   5.212500e+01 1.035000e+02 5.000000e+00
      vertex   4.762500e+01 1.070000e+02 5.000000e+00
      vertex   5.662500e+01 1.070000e+02 5.000000e+00
    endloop
  endfacet
  facet normal 1.107557e-14 4.133458e-14 -1.000000e+00
    outer loop
      vertex   5.212500e+01 1.035000e+02 5.000000e+00
      vertex   5.662500e+01 1.070000e+02 5.000000e+00
      vertex   5.287500e+01 1.032990e+02 5.000000e+00
    endloop
  endfacet
  facet normal 2.610550e-14 2.610550e-14 -1.000000e+00
    outer loop
      vertex   5.287500e+01 1.032990e+02 5.000000e+00
      vertex   5.662500e+01 1.070000e+02 5.000000e+00
      vertex   5.342404e+01 1.027500e+02 5.000000e+00
    endloop
  endfacet
  facet normal 4.482084e-14 1.200971e-14 -1.000000e+00
    outer loop
      vertex   5.342404e+01 1.027500e+02 5.000000e+00
      vertex   5.662500e+01 1.070000e+02 5.000000e+00
      vertex   5.362500e+01 1.020000e+02 5.000000e+00
    endloop
  endfacet
  facet normal 5.225450e-14 7.549517e-15 -1.000000e+00
    outer loop
      vertex   5.362500e+01 1.020000e+02 5.000000e+00
      vertex   5.662500e+01 1.070000e+02 5.000000e+00
      vertex   5.662500e+01 1.050000e+02 5.000000e+00
    endloop
  endfacet
  facet normal 5.980401e-14 0.000000e+00 -1.000000e+00
    outer loop
      vertex   5.362500e+01 1.020000e+02 5.000000e+00
      vertex   5.662500e+01 1.050000e+02 5.000000e+00
      vertex   5.362500e+01 8.200000e+01 5.000000e+00
    endloop
  endfacet
  facet normal 5.980401e-14 0.000000e+00 -1.000000e+00
    outer loop
      vertex   5.362500e+01 8.200000e+01 5.000000e+00
      vertex   5.662500e+01 1.050000e+02 5.000000e+00
      vertex   5.362500e+01 6.200000e+01 5.000000e+00
    endloop
  endfacet
  facet normal 0.000000e+00 -0.000000e+00 -1.000000e+00
    outer loop
      vertex   5.362500e+01 8.200000e+01 5.000000e+00
      vertex   5.362500e+01 6.200000e+01 5.000000e+00
      vertex   5.342404e+01 8.125000e+01 5.000000e+00
    endloop
  endfacet
  facet normal 0.000000e+00 0.000000e+00 -1.000000e+00
    outer loop
      vertex   5.342404e+01 8.125000e+01 5.000000e+00
      vertex   5.362500e+01 6.200000e+01 5.000000e+00
      vertex   5.342404e+01 6.275000e+01 5.000000e+00
    endloop
  endfacet
  facet normal 0.000000e+00 -0.000000e+00 -1.000000e+00
    outer loop
      vertex   5.342404e+01 8.125000e+01 5.000000e+00
      vertex   5.342404e+01 6.275000e+01 5.000000e+00
      vertex   5.287500e+01 8.070096e+01 5.000000e+00
    endloop
  endfacet
  facet normal 0.000000e+00 0.000000e+00 -1.000000e+00
    outer loop
      vertex   5.287500e+01 8.070096e+01 5.000000e+00
      vertex   5.342404e+01 6.275000e+01 5.000000e+00
      vertex   5.287500e+01 6.329904e+01 5.000000e+00
    endloop
  endfacet
  facet normal 0.000000e+00 -0.000000e+00 -1.000000e+00
    outer loop
      vertex   5.287500e+01 8.070096e+01 5.000000e+00
      vertex   5.287500e+01 6.329904e+01 5.000000e+00
      vertex   5.212500e+01 8.050000e+01 5.000000e+00
    endloop
  endfacet
  facet normal 0.000000e+00 0.000000e+00 -1.000000e+00
    outer loop
      vertex   5.212500e+01 8.050000e+01 5.000000e+00
      vertex   5.287500e+01 6.329904e+01 5.000000e+00
      vertex   5.212500e+01 6.350000e+01 5.000000e+00
    endloop
  endfacet
  facet normal 0.000000e+00 -0.000000e+00 -1.000000e+00
    outer loop
      vertex   5.212500e+01 8.050000e+01 5.000000e+00
      vertex   5.212500e+01 6.350000e+01 5.000000e+00
      vertex   5.137500e+01 6.329904e+01 5.000000e+00
    endloop
  endfacet
  facet normal -4.419636e-15 0.000000e+00 -1.000000e+00
    outer loop
      vertex   5.062500e+01 8.200000e+01 5.000000e+00
      vertex   5.082596e+01 1.012500e+02 5.000000e+00
      vertex   5.082596e+01 8.275000e+01 5.000000e+00
    endloop
  endfacet
  facet normal 1.617699e-15 0.000000e+00 -1.000000e+00
    outer loop
      vertex   5.082596e+01 8.275000e+01 5.000000e+00
      vertex   5.082596e+01 1.012500e+02 5.000000e+00
      vertex   5.137500e+01 1.007010e+02 5.000000e+00
    endloop
  endfacet
  facet normal 1.617699e-15 0.000000e+00 -1.000000e+00
    outer loop
      vertex   5.082596e+01 8.275000e+01 5.000000e+00
      vertex   5.137500e+01 1.007010e+02 5.000000e+00
      vertex   5.137500e+01 8.329904e+01 5.000000e+00
    endloop
  endfacet
  facet normal 0.000000e+00 0.000000e+00 -1.000000e+00
    outer loop
      vertex   5.137500e+01 8.329904e+01 5.000000e+00
      vertex   5.137500e+01 1.007010e+02 5.000000e+00
      vertex   5.212500e+01 1.005000e+02 5.000000e+00
    endloop
  endfacet
  facet normal 0.000000e+00 0.000000e+00 -1.000000e+00
    outer loop
      vertex   5.137500e+01 8.329904e+01 5.000000e+00
      vertex   5.212500e+01 1.005000e+02 5.000000e+00
      vertex   5.212500e+01 8.350000e+01 5.000000e+00
    endloop
  endfacet
  facet normal 0.000000e+00 0.000000e+00 -1.000000e+00
    outer loop
      vertex   5.212500e+01 8.350000e+01 5.000000e+00
      vertex   5.212500e+01 1.005000e+02 5.000000e+00
      vertex   5.287500e+01 8.329904e+01 5.000000e+00
    endloop
  endfacet
  facet normal 0.000000e+00 0.000000e+00 -1.000000e+00
    outer loop
      vertex   5.287500e+01 8.329904e+01 5.000000e+00
      vertex   5.212500e+01 1.005000e+02 5.000000e+00
      vertex   5.287500e+01 1.007010e+02 5.000000e+00
    endloop
  endfacet
  facet normal 0.000000e+00 0.000000e+00 -1.000000e+00
    outer loop
      vertex   5.287500e+01 8.329904e+01 5.000000e+00
      vertex   5.287500e+01 1.007010e+02 5.000000e+00
      vertex   5.342404e+01 8.275000e+01 5.000000e+00
    endloop
  endfacet
  facet normal 0.000000e+00 0.000000e+00 -1.000000e+00
    outer loop
      vertex   5.342404e+01 8.275000e+01 5.000000e+00
      vertex   5.287500e+01 1.007010e+02 5.000000e+00
      vertex   5.342404e+01 1.012500e+02 5.000000e+00
    endloop
  endfacet
  facet normal 0.000000e+00 0.000000e+00 -1.000000e+00
    outer loop
      vertex   5.342404e+01 8.275000e+01 5.000000e+00
      vertex   5.342404e+01 1.012500e+02 5.000000e+00
      vertex   5.362500e+01 8.200000e+01 5.000000e+00
    endloop
  endfacet
  facet normal 0.000000e+00 0.000000e+00 -1.000000e+00
    outer loop
      vertex   5.362500e+01 8.200000e+01 5.000000e+00
      vertex   5.342404e+01 1.012500e+02 5.000000e+00
      vertex   5.362500e+01 1.020000e+02 5.000000e+00
    endloop
  endfacet
  facet normal -6.365279e-14 0.000000e+00 -1.000000e+00
    outer loop
      vertex   4.762500e+01 1.070000e+02 5.000000e+00
      vertex   5.062500e+01 8.200000e+01 5.000000e+00
      vertex   5.062500e+01 6.200000e+01 5.000000e+00
    endloop
  endfacet
  facet normal -4.419636e-15 0.000000e+00 -1.000000e+00
    outer loop
      vertex   5.062500e+01 6.200000e+01 5.000000e+00
      vertex   5.062500e+01 8.200000e+01 5.000000e+00
      vertex   5.082596e+01 8.125000e+01 5.000000e+00
    endloop
  endfacet
  facet normal -4.419636e-15 0.000000e+00 -1.000000e+00
    outer loop
      vertex   5.062500e+01 6.200000e+01 5.000000e+00
      vertex   5.082596e+01 8.125000e+01 5.000000e+00
      vertex   5.082596e+01 6.275000e+01 5.000000e+00
    endloop
  endfacet
  facet normal 1.617699e-15 0.000000e+00 -1.000000e+00
    outer loop
      vertex   5.082596e+01 6.275000e+01 5.000000e+00
      vertex   5.082596e+01 8.125000e+01 5.000000e+00
      vertex   5.137500e+01 8.070096e+01 5.000000e+00
    endloop
  endfacet
  facet normal 1.617699e-15 0.000000e+00 -1.000000e+00
    outer loop
      vertex   5.082596e+01 6.275000e+01 5.000000e+00
      vertex   5.137500e+01 8.070096e+01 5.000000e+00
      vertex   5.137500e+01 6.329904e+01 5.000000e+00
    endloop
  endfacet
  facet normal 0.000000e+00 0.000000e+00 -1.000000e+00
    outer loop
      vertex   5.137500e+01 6.329904e+01 5.000000e+00
      vertex   5.137500e+01 8.070096e+01 5.000000e+00
      vertex   5.212500e+01 8.050000e+01 5.000000e+00
    endloop
  endfacet
  facet normal -6.365279e-14 0.000000e+00 -1.000000e+00
    outer loop
      vertex   4.762500e+01 1.070000e+02 5.000000e+00
      vertex   5.062500e+01 6.200000e+01 5.000000e+00
      vertex   5.062500e+01 4.200000e+01 5.000000e+00
    endloop
  endfacet
  facet normal -4.419636e-15 0.000000e+00 -1.000000e+00
    outer loop
      vertex   5.062500e+01 4.200000e+01 5.000000e+00
      vertex   5.062500e+01 6.200000e+01 5.000000e+00
      vertex   5.082596e+01 6.125000e+01 5.000000e+00
    endloop
  endfacet
  facet normal -4.419636e-15 0.000000e+00 -1.000000e+00
    outer loop
      vertex   5.062500e+01 4.200000e+01 5.000000e+00
      vertex   5.082596e+01 6.125000e+01 5.000000e+00
      vertex   5.082596e+01 4.275000e+01 5.000000e+00
    endloop
  endfacet
  facet normal 1.617699e-15 0.000000e+00 -1.000000e+00
    outer loop
      vertex   5.082596e+01 4.275000e+01 5.000000e+00
      vertex   5.082596e+01 6.125000e+01 5.000000e+00
      vertex   5.137500e+01 6.070096e+01 5.000000e+00
    endloop
  endfacet
  facet normal 1.617699e-15 0.000000e+00 -1.000000e+00
    outer loop
      vertex   5.082596e+01 4.275000e+01 5.000000e+00
      vertex   5.137500e+01 6.070096e+01 5.000000e+00
      vertex   5.137500e+01 4.329904e+01 5.000000e+00
    endloop
  endfacet
  facet normal 0.000000e+00 0.000000e+00 -1.000000e+00
    outer loop
      vertex   5.137500e+01 4.329904e+01 5.000000e+00
      vertex   5.137500e+01 6.070096e+01 5.000000e+00
      vertex   5.212500e+01 6.050000e+01 5.000000e+00
    endloop
  endfacet
  facet normal 0.000000e+00 0.000000e+00 -1.000000e+00
    outer loop
      vertex   5.137500e+01 4.329904e+01 5.000000e+00
      vertex   5.212500e+01 6.050000e+01 5.000000e+00
      vertex   5.212500e+01 4.350000e+01 5.000000e+00
    endloop
  endfacet
  facet normal 0.000000e+00 0.000000e+00 -1.000000e+00
    outer loop
      vertex   5.212500e+01 4.350000e+01 5.000000e+00
      vertex   5.212500e+01 6.050000e+01 5.000000e+00
      vertex   5.287500e+01 4.329904e+01 5.000000e+00
    endloop
  endfacet
  facet normal 0.000000e+00 0.000000e+00 -1.000000e+00
    outer loop
      vertex   5.287500e+01 4.329904e+01 5.000000e+00
      vertex   5.212500e+01 6.050000e+01 5.000000e+00
      vertex   5.287500e+01 6.070096e+01 5.000000e+00
    endloop
  endfacet
  facet normal 0.000000e+00 0.000000e+00 -1.000000e+00
    outer loop
      vertex   5.287500e+01 4.329904e+01 5.000000e+00
      vertex   5.287500e+01 6.070096e+01 5.000000e+00
      vertex   5.342404e+01 4.275000e+01 5.000000e+00
    endloop
  endfacet
  facet normal 0.000000e+00 0.000000e+00 -1.000000e+00
    outer loop
      vertex   5.342404e+01 4.275000e+01 5.000000e+00
      vertex   5.287500e+01 6.070096e+01 5.000000e+00
      vertex   5.342404e+01 6.125000e+01 5.000000e+00
    endloop
  endfacet
  facet normal 0.000000e+00 0.000000e+00 -1.000000e+00
    outer loop
      vertex   5.342404e+01 4.275000e+01 5.000000e+00
      vertex   5.342404e+01 6.125000e+01 5.000000e+00
      vertex   5.362500e+01 4.200000e+01 5.000000e+00
    endloop
  endfacet
  facet normal 0.000000e+00 0.000000e+00 -1.000000e+00
    outer loop
      vertex   5.362500e+01 4.200000e+01 5.000000e+00
      vertex   5.342404e+01 6.125000e+01 5.000000e+00
      vertex   5.362500e+01 6.200000e+01 5.000000e+00
    endloop
  endfacet
  facet normal 5.980401e-14 0.000000e+00 -1.000000e+00
    outer loop
      vertex   5.362500e+01 4.200000e+01 5.000000e+00
      vertex   5.362500e+01 6.200000e+01 5.000000e+00
      vertex   5.662500e+01 1.050000e+02 5.000000e+00
    endloop
  endfacet
  facet normal -6.365279e-14 0.000000e+00 -1.000000e+00
    outer loop
      vertex   4.762500e+01 1.070000e+02 5.000000e+00
      vertex   5.062500e+01 4.200000e+01 5.000000e+00
      vertex   5.062500e+01 2.200000e+01 5.000000e+00
    endloop
  endfacet
  facet normal -4.419636e-15 0.000000e+00 -1.000000e+00
    outer loop
      vertex   5.062500e+01 2.200000e+01 5.000000e+00
      vertex   5.062500e+01 4.200000e+01 5.000000e+00
      vertex   5.082596e+01 4.125000e+01 5.000000e+00
    endloop
  endfacet
  facet normal -4.419636e-15 0.000000e+00 -1.000000e+00
    outer loop
      vertex   5.062500e+01 2.200000e+01 5.000000e+00
      vertex   5.082596e+01 4.125000e+01 5.000000e+00
      vertex   5.082596e+01 2.275000e+01 5.000000e+00
    endloop
  endfacet
  facet normal 1.617699e-15 0.000000e+00 -1.000000e+00
    outer loop
      vertex   5.082596e+01 2.275000e+01 5.000000e+00
      vertex   5.082596e+01 4.125000e+01 5.000000e+00
      vertex   5.137500e+01 4.070096e+01 5.000000e+00
    endloop
  endfacet
  facet normal 1.617699e-15 0.000000e+00 -1.000000e+00
    outer loop
      vertex   5.082596e+01 2.275000e+01 5.000000e+00
      vertex   5.137500e+01 4.070096e+01 5.000000e+00
      vertex   5.137500e+01 2.329904e+01 5.000000e+00
    endloop
  endfacet
  facet normal 0.000000e+00 0.000000e+00 -1.000000e+00
    outer loop
      vertex   5.137500e+01 2.329904e+01 5.000000e+00
      vertex   5.137500e+01 4.070096e+01 5.000000e+00
      vertex   5.212500e+01 4.050000e+01 5.000000e+00
    endloop
  endfacet
  facet normal 0.000000e+00 0.000000e+00 -1.000000e+00
    outer loop
      vertex   5.137500e+01 2.329904e+01 5.000000e+00
      vertex   5.212500e+01 4.050000e+01 5.000000e+00
      vertex   5.212500e+01 2.350000e+01 5.000000e+00
    endloop
  endfacet
  facet normal 0.000000e+00 0.000000e+00 -1.000000e+00
    outer loop
      vertex   5.212500e+01 2.350000e+01 5.000000e+00
      vertex   5.212500e+01 4.050000e+01 5.000000e+00
      vertex   5.287500e+01 2.329904e+01 5.000000e+00
    endloop
  endfacet
  facet normal 0.000000e+00 0.000000e+00 -1.000000e+00
    outer loop
      vertex   5.287500e+01 2.329904e+01 5.000000e+00
      vertex   5.212500e+01 4.050000e+01 5.000000e+00
      vertex   5.287500e+01 4.070096e+01 5.000000e+00
    endloop
  endfacet
  facet normal 0.000000e+00 0.000000e+00 -1.000000e+00
    outer loop
      vertex   5.287500e+01 2.329904e+01 5.000000e+00
      vertex   5.287500e+01 4.070096e+01 5.000000e+00
      vertex   5.342404e+01 2.275000e+01 5.000000e+00
    endloop
  endfacet
  facet normal 0.000000e+00 0.000000e+00 -1.000000e+00
    outer loop
      vertex   5.342404e+01 2.275000e+01 5.000000e+00
      vertex   5.287500e+01 4.070096e+01 5.000000e+00
      vertex   5.342404e+01 4.125000e+01 5.000000e+00
    endloop
  endfacet
  facet normal 0.000000e+00 0.000000e+00 -1.000000e+00
    outer loop
      vertex   5.342404e+01 2.275000e+01 5.000000e+00
      vertex   5.342404e+01 4.125000e+01 5.000000e+00
      vertex   5.362500e+01 2.200000e+01 5.000000e+00
    endloop
  endfacet
  facet normal 0.000000e+00 0.000000e+00 -1.000000e+00
    outer loop
      vertex   5.362500e+01 2.200000e+01 5.000000e+00
      vertex   5.342404e+01 4.125000e+01 5.000000e+00
      vertex   5.362500e+01 4.200000e+01 5.000000e+00
    endloop
  endfacet
  facet normal 5.980401e-14 0.000000e+00 -1.000000e+00
    outer loop
      vertex   5.362500e+01 2.200000e+01 5.000000e+00
      vertex   5.362500e+01 4.200000e+01 5.000000e+00
      vertex   5.662500e+01 1.050000e+02 5.000000e+00
    endloop
  endfacet
  facet normal -4.419636e-15 0.000000e+00 -1.000000e+00
    outer loop
      vertex   5.082596e+01 2.125000e+01 5.000000e+00
      vertex   5.062500e+01 2.000000e+00 5.000000e+00
      vertex   5.062500e+01 2.200000e+01 5.000000e+00
    endloop
  endfacet
  facet normal 2.960595e-16 0.000000e+00 -1.000000e+00
    outer loop
      vertex   5.062500e+01 2.200000e+01 5.000000e+00
      vertex   5.062500e+01 2.000000e+00 5.000000e+00
      vertex   4.762500e+01 -6.500000e+01 5.000000e+00
    endloop
  endfacet
  facet normal -3.205016e-14 1.115387e-15 -1.000000e+00
    outer loop
      vertex   5.062500e+01 2.200000e+01 5.000000e+00
      vertex   4.762500e+01 -6.500000e+01 5.000000e+00
      vertex   4.762500e+01 1.070000e+02 5.000000e+00
    endloop
  endfacet
  facet normal -4.419636e-15 0.000000e+00 -1.000000e+00
    outer loop
      vertex   5.062500e+01 2.000000e+00 5.000000e+00
      vertex   5.082596e+01 2.125000e+01 5.000000e+00
      vertex   5.082596e+01 2.750000e+00 5.000000e+00
    endloop
  endfacet
  facet normal 1.617699e-15 0.000000e+00 -1.000000e+00
    outer loop
      vertex   5.082596e+01 2.750000e+00 5.000000e+00
      vertex   5.082596e+01 2.125000e+01 5.000000e+00
      vertex   5.137500e+01 2.070096e+01 5.000000e+00
    endloop
  endfacet
  facet normal 1.617699e-15 0.000000e+00 -1.000000e+00
    outer loop
      vertex   5.082596e+01 2.750000e+00 5.000000e+00
      vertex   5.137500e+01 2.070096e+01 5.000000e+00
      vertex   5.137500e+01 3.299038e+00 5.000000e+00
    endloop
  endfacet
  facet normal 0.000000e+00 0.000000e+00 -1.000000e+00
    outer loop
      vertex   5.137500e+01 3.299038e+00 5.000000e+00
      vertex   5.137500e+01 2.070096e+01 5.000000e+00
      vertex   5.212500e+01 2.050000e+01 5.000000e+00
    endloop
  endfacet
  facet normal 0.000000e+00 0.000000e+00 -1.000000e+00
    outer loop
      vertex   5.137500e+01 3.299038e+00 5.000000e+00
      vertex   5.212500e+01 2.050000e+01 5.000000e+00
      vertex   5.212500e+01 3.500000e+00 5.000000e+00
    endloop
  endfacet
  facet normal 0.000000e+00 0.000000e+00 -1.000000e+00
    outer loop
      vertex   5.212500e+01 3.500000e+00 5.000000e+00
      vertex   5.212500e+01 2.050000e+01 5.000000e+00
      vertex   5.287500e+01 3.299038e+00 5.000000e+00
    endloop
  endfacet
  facet normal 0.000000e+00 0.000000e+00 -1.000000e+00
    outer loop
      vertex   5.287500e+01 3.299038e+00 5.000000e+00
      vertex   5.212500e+01 2.050000e+01 5.000000e+00
      vertex   5.287500e+01 2.070096e+01 5.000000e+00
    endloop
  endfacet
  facet normal 0.000000e+00 0.000000e+00 -1.000000e+00
    outer loop
      vertex   5.287500e+01 3.299038e+00 5.000000e+00
      vertex   5.287500e+01 2.070096e+01 5.000000e+00
      vertex   5.342404e+01 2.750000e+00 5.000000e+00
    endloop
  endfacet
  facet normal 0.000000e+00 0.000000e+00 -1.000000e+00
    outer loop
      vertex   5.342404e+01 2.750000e+00 5.000000e+00
      vertex   5.287500e+01 2.070096e+01 5.000000e+00
      vertex   5.342404e+01 2.125000e+01 5.000000e+00
    endloop
  endfacet
  facet normal 0.000000e+00 0.000000e+00 -1.000000e+00
    outer loop
      vertex   5.342404e+01 2.750000e+00 5.000000e+00
      vertex   5.342404e+01 2.125000e+01 5.000000e+00
      vertex   5.362500e+01 2.000000e+00 5.000000e+00
    endloop
  endfacet
  facet normal 0.000000e+00 0.000000e+00 -1.000000e+00
    outer loop
      vertex   5.362500e+01 2.000000e+00 5.000000e+00
      vertex   5.342404e+01 2.125000e+01 5.000000e+00
      vertex   5.362500e+01 2.200000e+01 5.000000e+00
    endloop
  endfacet
  facet normal 5.921189e-16 0.000000e+00 -1.000000e+00
    outer loop
      vertex   5.362500e+01 2.000000e+00 5.000000e+00
      vertex   5.362500e+01 2.200000e+01 5.000000e+00
      vertex   5.662500e+01 -6.500000e+01 5.000000e+00
    endloop
  endfacet
  facet normal 3.089468e-14 1.044916e-15 -1.000000e+00
    outer loop
      vertex   5.662500e+01 -6.500000e+01 5.000000e+00
      vertex   5.362500e+01 2.200000e+01 5.000000e+00
      vertex   5.662500e+01 1.050000e+02 5.000000e+00
    endloop
  endfacet
  facet normal 2.960595e-16 0.000000e+00 -1.000000e+00
    outer loop
      vertex   4.762500e+01 -6.500000e+01 5.000000e+00
      vertex   5.062500e+01 2.000000e+00 5.000000e+00
      vertex   5.062500e+01 -1.800000e+01 5.000000e+00
    endloop
  endfacet
  facet normal -4.419636e-15 0.000000e+00 -1.000000e+00
    outer loop
      vertex   5.062500e+01 -1.800000e+01 5.000000e+00
      vertex   5.062500e+01 2.000000e+00 5.000000e+00
      vertex   5.082596e+01 1.250000e+00 5.000000e+00
    endloop
  endfacet
  facet normal -4.419636e-15 0.000000e+00 -1.000000e+00
    outer loop
      vertex   5.062500e+01 -1.800000e+01 5.000000e+00
      vertex   5.082596e+01 1.250000e+00 5.000000e+00
      vertex   5.082596e+01 -1.725000e+01 5.000000e+00
    endloop
  endfacet
  facet normal 1.617699e-15 0.000000e+00 -1.000000e+00
    outer loop
      vertex   5.082596e+01 -1.725000e+01 5.000000e+00
      vertex   5.082596e+01 1.250000e+00 5.000000e+00
      vertex   5.137500e+01 7.009619e-01 5.000000e+00
    endloop
  endfacet
  facet normal 1.617699e-15 0.000000e+00 -1.000000e+00
    outer loop
      vertex   5.082596e+01 -1.725000e+01 5.000000e+00
      vertex   5.137500e+01 7.009619e-01 5.000000e+00
      vertex   5.137500e+01 -1.670096e+01 5.000000e+00
    endloop
  endfacet
  facet normal 0.000000e+00 0.000000e+00 -1.000000e+00
    outer loop
      vertex   5.137500e+01 -1.670096e+01 5.000000e+00
      vertex   5.137500e+01 7.009619e-01 5.000000e+00
      vertex   5.212500e+01 5.000000e-01 5.000000e+00
    endloop
  endfacet
  facet normal 0.000000e+00 0.000000e+00 -1.000000e+00
    outer loop
      vertex   5.137500e+01 -1.670096e+01 5.000000e+00
      vertex   5.212500e+01 5.000000e-01 5.000000e+00
      vertex   5.212500e+01 -1.650000e+01 5.000000e+00
    endloop
  endfacet
  facet normal 0.000000e+00 0.000000e+00 -1.000000e+00
    outer loop
      vertex   5.212500e+01 -1.650000e+01 5.000000e+00
      vertex   5.212500e+01 5.000000e-01 5.000000e+00
      vertex   5.287500e+01 -1.670096e+01 5.000000e+00
    endloop
  endfacet
  facet normal 0.000000e+00 0.000000e+00 -1.000000e+00
    outer loop
      vertex   5.287500e+01 -1.670096e+01 5.000000e+00
      vertex   5.212500e+01 5.000000e-01 5.000000e+00
      vertex   5.287500e+01 7.009619e-01 5.000000e+00
    endloop
  endfacet
  facet normal 0.000000e+00 0.000000e+00 -1.000000e+00
    outer loop
      vertex   5.287500e+01 -1.670096e+01 5.000000e+00
      vertex   5.287500e+01 7.009619e-01 5.000000e+00
      vertex   5.342404e+01 -1.725000e+01 5.000000e+00
    endloop
  endfacet
  facet normal 0.000000e+00 0.000000e+00 -1.000000e+00
    outer loop
      vertex   5.342404e+01 -1.725000e+01 5.000000e+00
      vertex   5.287500e+01 7.009619e-01 5.000000e+00
      vertex   5.342404e+01 1.250000e+00 5.000000e+00
    endloop
  endfacet
  facet normal 0.000000e+00 0.000000e+00 -1.000000e+00
    outer loop
      vertex   5.342404e+01 -1.725000e+01 5.000000e+00
      vertex   5.342404e+01 1.250000e+00 5.000000e+00
      vertex   5.362500e+01 -1.800000e+01 5.000000e+00
    endloop
  endfacet
  facet normal 0.000000e+00 0.000000e+00 -1.000000e+00
    outer loop
      vertex   5.362500e+01 -1.800000e+01 5.000000e+00
      vertex   5.342404e+01 1.250000e+00 5.000000e+00
      vertex   5.362500e+01 2.000000e+00 5.000000e+00
    endloop
  endfacet
  facet normal 5.921189e-16 0.000000e+00 -1.000000e+00
    outer loop
      vertex   5.362500e+01 -1.800000e+01 5.000000e+00
      vertex   5.362500e+01 2.000000e+00 5.000000e+00
      vertex   5.662500e+01 -6.500000e+01 5.000000e+00
    endloop
  endfacet
  facet normal 2.960595e-16 0.000000e+00 -1.000000e+00
    outer loop
      vertex   4.762500e+01 -6.500000e+01 5.000000e+00
      vertex   5.062500e+01 -1.800000e+01 5.000000e+00
      vertex   5.062500e+01 -3.800000e+01 5.000000e+00
    endloop
  endfacet
  facet normal -4.419636e-15 0.000000e+00 -1.000000e+00
    outer loop
      vertex   5.062500e+01 -3.800000e+01 5.000000e+00
      vertex   5.062500e+01 -1.800000e+01 5.000000e+00
      vertex   5.082596e+01 -1.875000e+01 5.000000e+00
    endloop
  endfacet
  facet normal -4.419636e-15 0.000000e+00 -1.000000e+00
    outer loop
      vertex   5.062500e+01 -3.800000e+01 5.000000e+00
      vertex   5.082596e+01 -1.875000e+01 5.000000e+00
      vertex   5.082596e+01 -3.725000e+01 5.000000e+00
    endloop
  endfacet
  facet normal 1.617699e-15 0.000000e+00 -1.000000e+00
    outer loop
      vertex   5.082596e+01 -3.725000e+01 5.000000e+00
      vertex   5.082596e+01 -1.875000e+01 5.000000e+00
      vertex   5.137500e+01 -1.929904e+01 5.000000e+00
    endloop
  endfacet
  facet normal 1.617699e-15 0.000000e+00 -1.000000e+00
    outer loop
      vertex   5.082596e+01 -3.725000e+01 5.000000e+00
      vertex   5.137500e+01 -1.929904e+01 5.000000e+00
      vertex   5.137500e+01 -3.670096e+01 5.000000e+00
    endloop
  endfacet
  facet normal 0.000000e+00 0.000000e+00 -1.000000e+00
    outer loop
      vertex   5.137500e+01 -3.670096e+01 5.000000e+00
      vertex   5.137500e+01 -1.929904e+01 5.000000e+00
      vertex   5.212500e+01 -1.950000e+01 5.000000e+00
    endloop
  endfacet
  facet normal 0.000000e+00 0.000000e+00 -1.000000e+00
    outer loop
      vertex   5.137500e+01 -3.670096e+01 5.000000e+00
      vertex   5.212500e+01 -1.950000e+01 5.000000e+00
      vertex   5.212500e+01 -3.650000e+01 5.000000e+00
    endloop
  endfacet
  facet normal 0.000000e+00 0.000000e+00 -1.000000e+00
    outer loop
      vertex   5.212500e+01 -3.650000e+01 5.000000e+00
      vertex   5.212500e+01 -1.950000e+01 5.000000e+00
      vertex   5.287500e+01 -3.670096e+01 5.000000e+00
    endloop
  endfacet
  facet normal 0.000000e+00 0.000000e+00 -1.000000e+00
    outer loop
      vertex   5.287500e+01 -3.670096e+01 5.000000e+00
      vertex   5.212500e+01 -1.950000e+01 5.000000e+00
      vertex   5.287500e+01 -1.929904e+01 5.000000e+00
    endloop
  endfacet
  facet normal 0.000000e+00 0.000000e+00 -1.000000e+00
    outer loop
      vertex   5.287500e+01 -3.670096e+01 5.000000e+00
      vertex   5.287500e+01 -1.929904e+01 5.000000e+00
      vertex   5.342404e+01 -3.725000e+01 5.000000e+00
    endloop
  endfacet
  facet normal 0.000000e+00 0.000000e+00 -1.000000e+00
    outer loop
      vertex   5.342404e+01 -3.725000e+01 5.000000e+00
      vertex   5.287500e+01 -1.929904e+01 5.000000e+00
      vertex   5.342404e+01 -1.875000e+01 5.000000e+00
    endloop
  endfacet
  facet normal 0.000000e+00 0.000000e+00 -1.000000e+00
    outer loop
      vertex   5.342404e+01 -3.725000e+01 5.000000e+00
      vertex   5.342404e+01 -1.875000e+01 5.000000e+00
      vertex   5.362500e+01 -3.800000e+01 5.000000e+00
    endloop
  endfacet
  facet normal 0.000000e+00 0.000000e+00 -1.000000e+00
    outer loop
      vertex   5.362500e+01 -3.800000e+01 5.000000e+00
      vertex   5.342404e+01 -1.875000e+01 5.000000e+00
      vertex   5.362500e+01 -1.800000e+01 5.000000e+00
    endloop
  endfacet
  facet normal 5.921189e-16 0.000000e+00 -1.000000e+00
    outer loop
      vertex   5.362500e+01 -3.800000e+01 5.000000e+00
      vertex   5.362500e+01 -1.800000e+01 5.000000e+00
      vertex   5.662500e+01 -6.500000e+01 5.000000e+00
    endloop
  endfacet
  facet normal -4.419636e-15 -0.000000e+00 -1.000000e+00
    outer loop
      vertex   5.082596e+01 -3.875000e+01 5.000000e+00
      vertex   5.082596e+01 -5.725000e+01 5.000000e+00
      vertex   5.062500e+01 -3.800000e+01 5.000000e+00
    endloop
  endfacet
  facet normal -4.419636e-15 -0.000000e+00 -1.000000e+00
    outer loop
      vertex   5.062500e+01 -3.800000e+01 5.000000e+00
      vertex   5.082596e+01 -5.725000e+01 5.000000e+00
      vertex   5.062500e+01 -5.800000e+01 5.000000e+00
    endloop
  endfacet
  facet normal 2.960595e-16 0.000000e+00 -1.000000e+00
    outer loop
      vertex   5.062500e+01 -3.800000e+01 5.000000e+00
      vertex   5.062500e+01 -5.800000e+01 5.000000e+00
      vertex   4.762500e+01 -6.500000e+01 5.000000e+00
    endloop
  endfacet
  facet normal -1.518053e-15 7.774768e-16 -1.000000e+00
    outer loop
      vertex   4.762500e+01 -6.500000e+01 5.000000e+00
      vertex   5.062500e+01 -5.800000e+01 5.000000e+00
      vertex   5.082596e+01 -5.875000e+01 5.000000e+00
    endloop
  endfacet
  facet normal 1.069798e-15 -5.479012e-16 -1.000000e+00
    outer loop
      vertex   4.762500e+01 -6.500000e+01 5.000000e+00
      vertex   5.082596e+01 -5.875000e+01 5.000000e+00
      vertex   5.137500e+01 -5.929904e+01 5.000000e+00
    endloop
  endfacet
  facet normal 1.617699e-15 0.000000e+00 -1.000000e+00
    outer loop
      vertex   5.082596e+01 -3.875000e+01 5.000000e+00
      vertex   5.137500e+01 -3.929904e+01 5.000000e+00
      vertex   5.082596e+01 -5.725000e+01 5.000000e+00
    endloop
  endfacet
  facet normal 1.617699e-15 0.000000e+00 -1.000000e+00
    outer loop
      vertex   5.082596e+01 -5.725000e+01 5.000000e+00
      vertex   5.137500e+01 -3.929904e+01 5.000000e+00
      vertex   5.137500e+01 -5.670096e+01 5.000000e+00
    endloop
  endfacet
  facet normal 0.000000e+00 0.000000e+00 -1.000000e+00
    outer loop
      vertex   5.137500e+01 -5.670096e+01 5.000000e+00
      vertex   5.137500e+01 -3.929904e+01 5.000000e+00
      vertex   5.212500e+01 -3.950000e+01 5.000000e+00
    endloop
  endfacet
  facet normal 0.000000e+00 0.000000e+00 -1.000000e+00
    outer loop
      vertex   5.137500e+01 -5.670096e+01 5.000000e+00
      vertex   5.212500e+01 -3.950000e+01 5.000000e+00
      vertex   5.212500e+01 -5.650000e+01 5.000000e+00
    endloop
  endfacet
  facet normal 0.000000e+00 0.000000e+00 -1.000000e+00
    outer loop
      vertex   5.212500e+01 -5.650000e+01 5.000000e+00
      vertex   5.212500e+01 -3.950000e+01 5.000000e+00
      vertex   5.287500e+01 -5.670096e+01 5.000000e+00
    endloop
  endfacet
  facet normal 0.000000e+00 0.000000e+00 -1.000000e+00
    outer loop
      vertex   5.287500e+01 -5.670096e+01 5.000000e+00
      vertex   5.212500e+01 -3.950000e+01 5.000000e+00
      vertex   5.287500e+01 -3.929904e+01 5.000000e+00
    endloop
  endfacet
  facet normal 0.000000e+00 0.000000e+00 -1.000000e+00
    outer loop
      vertex   5.287500e+01 -5.670096e+01 5.000000e+00
      vertex   5.287500e+01 -3.929904e+01 5.000000e+00
      vertex   5.342404e+01 -5.725000e+01 5.000000e+00
    endloop
  endfacet
  facet normal 0.000000e+00 0.000000e+00 -1.000000e+00
    outer loop
      vertex   5.342404e+01 -5.725000e+01 5.000000e+00
      vertex   5.287500e+01 -3.929904e+01 5.000000e+00
      vertex   5.342404e+01 -3.875000e+01 5.000000e+00
    endloop
  endfacet
  facet normal 0.000000e+00 0.000000e+00 -1.000000e+00
    outer loop
      vertex   5.342404e+01 -5.725000e+01 5.000000e+00
      vertex   5.342404e+01 -3.875000e+01 5.000000e+00
      vertex   5.362500e+01 -3.800000e+01 5.000000e+00
    endloop
  endfacet
  facet normal 3.548983e-17 1.324499e-16 -1.000000e+00
    outer loop
      vertex   5.137500e+01 -5.929904e+01 5.000000e+00
      vertex   5.212500e+01 -5.950000e+01 5.000000e+00
      vertex   4.762500e+01 -6.500000e+01 5.000000e+00
    endloop
  endfacet
  facet normal 2.960595e-16 -8.074349e-17 -1.000000e+00
    outer loop
      vertex   4.762500e+01 -6.500000e+01 5.000000e+00
      vertex   5.212500e+01 -5.950000e+01 5.000000e+00
      vertex   5.662500e+01 -6.500000e+01 5.000000e+00
    endloop
  endfacet
  facet normal 7.097966e-17 -2.648997e-16 -1.000000e+00
    outer loop
      vertex   5.662500e+01 -6.500000e+01 5.000000e+00
      vertex   5.212500e+01 -5.950000e+01 5.000000e+00
      vertex   5.287500e+01 -5.929904e+01 5.000000e+00
    endloop
  endfacet
  facet normal 1.879551e-16 -1.879551e-16 -1.000000e+00
    outer loop
      vertex   5.662500e+01 -6.500000e+01 5.000000e+00
      vertex   5.287500e+01 -5.929904e+01 5.000000e+00
      vertex   5.342404e+01 -5.875000e+01 5.000000e+00
    endloop
  endfacet
  facet normal 3.643327e-16 -9.762266e-17 -1.000000e+00
    outer loop
      vertex   5.342404e+01 -5.875000e+01 5.000000e+00
      vertex   5.362500e+01 -5.800000e+01 5.000000e+00
      vertex   5.662500e+01 -6.500000e+01 5.000000e+00
    endloop
  endfacet
  facet normal 5.921189e-16 0.000000e+00 -1.000000e+00
    outer loop
      vertex   5.662500e+01 -6.500000e+01 5.000000e+00
      vertex   5.362500e+01 -5.800000e+01 5.000000e+00
      vertex   5.362500e+01 -3.800000e+01 5.000000e+00
    endloop
  endfacet
  facet normal 0.000000e+00 0.000000e+00 -1.000000e+00
    outer loop
      vertex   5.362500e+01 -5.800000e+01 5.000000e+00
      vertex   5.342404e+01 -5.725000e+01 5.000000e+00
      vertex   5.362500e+01 -3.800000e+01 5.000000e+00
    endloop
  endfacet
  facet normal -1.000000e+00 0.000000e+00 0.000000e+00
    outer loop
      vertex   -5.537500e+01 8.750000e+01 0.000000e+00
      vertex   -5.537500e+01 8.700000e+01 0.000000e+00
      vertex   -5.537500e+01 8.750000e+01 8.000000e+00
    endloop
  endfacet
  facet normal -1.000000e+00 -2.674984e-15 1.671865e-16
    outer loop
      vertex   -5.537500e+01 8.750000e+01 8.000000e+00
      vertex   -5.537500e+01 8.700000e+01 0.000000e+00
      vertex   -5.537500e+01 8.200000e+01 5.000000e+00
    endloop
  endfacet
  facet normal -1.000000e+00 -1.291896e-15 -2.368476e-15
    outer loop
      vertex   -5.537500e+01 8.750000e+01 8.000000e+00
      vertex   -5.537500e+01 8.200000e+01 5.000000e+00
      vertex   -5.537500e+01 8.200000e+01 8.000000e+00
    endloop
  endfacet
  facet normal 1.136868e-14 -1.000000e+00 0.000000e+00
    outer loop
      vertex   -5.537500e+01 8.750000e+01 8.000000e+00
      vertex   -5.662500e+01 8.750000e+01 8.000000e+00
      vertex   -5.537500e+01 8.750000e+01 0.000000e+00
    endloop
  endfacet
  facet normal 1.136868e-14 -1.000000e+00 0.000000e+00
    outer loop
      vertex   -5.537500e+01 8.750000e+01 0.000000e+00
      vertex   -5.662500e+01 8.750000e+01 8.000000e+00
      vertex   -5.662500e+01 8.750000e+01 0.000000e+00
    endloop
  endfacet
  facet normal 9.659258e-01 -2.588190e-01 0.000000e+00
    outer loop
      vertex   -5.435705e+01 1.030000e+02 0.000000e+00
      vertex   -5.435705e+01 1.030000e+02 8.000000e+00
      vertex   -5.462500e+01 1.020000e+02 0.000000e+00
    endloop
  endfacet
  facet normal 9.659258e-01 -2.588190e-01 0.000000e+00
    outer loop
      vertex   -5.462500e+01 1.020000e+02 0.000000e+00
      vertex   -5.435705e+01 1.030000e+02 8.000000e+00
      vertex   -5.462500e+01 1.020000e+02 8.000000e+00
    endloop
  endfacet
  facet normal 9.659258e-01 2.588190e-01 -0.000000e+00
    outer loop
      vertex   -5.462500e+01 1.020000e+02 0.000000e+00
      vertex   -5.462500e+01 1.020000e+02 8.000000e+00
      vertex   -5.435705e+01 1.010000e+02 0.000000e+00
    endloop
  endfacet
  facet normal 9.659258e-01 2.588190e-01 -0.000000e+00
    outer loop
      vertex   -5.435705e+01 1.010000e+02 0.000000e+00
      vertex   -5.462500e+01 1.020000e+02 8.000000e+00
      vertex   -5.435705e+01 1.010000e+02 8.000000e+00
    endloop
  endfacet
  facet normal 7.071068e-01 7.071068e-01 -0.000000e+00
    outer loop
      vertex   -5.435705e+01 1.010000e+02 0.000000e+00
      vertex   -5.435705e+01 1.010000e+02 8.000000e+00
      vertex   -5.362500e+01 1.002679e+02 0.000000e+00
    endloop
  endfacet
  facet normal 7.071068e-01 7.071068e-01 -0.000000e+00
    outer loop
      vertex   -5.362500e+01 1.002679e+02 0.000000e+00
      vertex   -5.435705e+01 1.010000e+02 8.000000e+00
      vertex   -5.362500e+01 1.002679e+02 8.000000e+00
    endloop
  endfacet
  facet normal 2.588190e-01 9.659258e-01 -0.000000e+00
    outer loop
      vertex   -5.362500e+01 1.002679e+02 0.000000e+00
      vertex   -5.362500e+01 1.002679e+02 8.000000e+00
      vertex   -5.262500e+01 1.000000e+02 0.000000e+00
    endloop
  endfacet
  facet normal 2.588190e-01 9.659258e-01 -0.000000e+00
    outer loop
      vertex   -5.262500e+01 1.000000e+02 0.000000e+00
      vertex   -5.362500e+01 1.002679e+02 8.000000e+00
      vertex   -5.262500e+01 1.000000e+02 8.000000e+00
    endloop
  endfacet
  facet normal -2.588190e-01 9.659258e-01 0.000000e+00
    outer loop
      vertex   -5.262500e+01 1.000000e+02 0.000000e+00
      vertex   -5.262500e+01 1.000000e+02 8.000000e+00
      vertex   -5.162500e+01 1.002679e+02 0.000000e+00
    endloop
  endfacet
  facet normal -2.588190e-01 9.659258e-01 0.000000e+00
    outer loop
      vertex   -5.162500e+01 1.002679e+02 0.000000e+00
      vertex   -5.262500e+01 1.000000e+02 8.000000e+00
      vertex   -5.162500e+01 1.002679e+02 8.000000e+00
    endloop
  endfacet
  facet normal -7.071068e-01 7.071068e-01 0.000000e+00
    outer loop
      vertex   -5.162500e+01 1.002679e+02 0.000000e+00
      vertex   -5.162500e+01 1.002679e+02 8.000000e+00
      vertex   -5.089295e+01 1.010000e+02 0.000000e+00
    endloop
  endfacet
  facet normal -7.071068e-01 7.071068e-01 0.000000e+00
    outer loop
      vertex   -5.089295e+01 1.010000e+02 0.000000e+00
      vertex   -5.162500e+01 1.002679e+02 8.000000e+00
      vertex   -5.089295e+01 1.010000e+02 8.000000e+00
    endloop
  endfacet
  facet normal -9.659258e-01 2.588190e-01 0.000000e+00
    outer loop
      vertex   -5.089295e+01 1.010000e+02 0.000000e+00
      vertex   -5.089295e+01 1.010000e+02 8.000000e+00
      vertex   -5.062500e+01 1.020000e+02 0.000000e+00
    endloop
  endfacet
  facet normal -9.659258e-01 2.588190e-01 0.000000e+00
    outer loop
      vertex   -5.062500e+01 1.020000e+02 0.000000e+00
      vertex   -5.089295e+01 1.010000e+02 8.000000e+00
      vertex   -5.062500e+01 1.020000e+02 8.000000e+00
    endloop
  endfacet
  facet normal -9.659258e-01 -2.588190e-01 0.000000e+00
    outer loop
      vertex   -5.062500e+01 1.020000e+02 0.000000e+00
      vertex   -5.062500e+01 1.020000e+02 8.000000e+00
      vertex   -5.089295e+01 1.030000e+02 0.000000e+00
    endloop
  endfacet
  facet normal -9.659258e-01 -2.588190e-01 0.000000e+00
    outer loop
      vertex   -5.089295e+01 1.030000e+02 0.000000e+00
      vertex   -5.062500e+01 1.020000e+02 8.000000e+00
      vertex   -5.089295e+01 1.030000e+02 8.000000e+00
    endloop
  endfacet
  facet normal -7.071068e-01 -7.071068e-01 0.000000e+00
    outer loop
      vertex   -5.089295e+01 1.030000e+02 0.000000e+00
      vertex   -5.089295e+01 1.030000e+02 8.000000e+00
      vertex   -5.162500e+01 1.037321e+02 0.000000e+00
    endloop
  endfacet
  facet normal -7.071068e-01 -7.071068e-01 0.000000e+00
    outer loop
      vertex   -5.162500e+01 1.037321e+02 0.000000e+00
      vertex   -5.089295e+01 1.030000e+02 8.000000e+00
      vertex   -5.162500e+01 1.037321e+02 8.000000e+00
    endloop
  endfacet
  facet normal -2.588190e-01 -9.659258e-01 0.000000e+00
    outer loop
      vertex   -5.162500e+01 1.037321e+02 0.000000e+00
      vertex   -5.162500e+01 1.037321e+02 8.000000e+00
      vertex   -5.262500e+01 1.040000e+02 0.000000e+00
    endloop
  endfacet
  facet normal -2.588190e-01 -9.659258e-01 0.000000e+00
    outer loop
      vertex   -5.262500e+01 1.040000e+02 0.000000e+00
      vertex   -5.162500e+01 1.037321e+02 8.000000e+00
      vertex   -5.262500e+01 1.040000e+02 8.000000e+00
    endloop
  endfacet
  facet normal 2.588190e-01 -9.659258e-01 0.000000e+00
    outer loop
      vertex   -5.262500e+01 1.040000e+02 0.000000e+00
      vertex   -5.262500e+01 1.040000e+02 8.000000e+00
      vertex   -5.362500e+01 1.037321e+02 0.000000e+00
    endloop
  endfacet
  facet normal 2.588190e-01 -9.659258e-01 0.000000e+00
    outer loop
      vertex   -5.362500e+01 1.037321e+02 0.000000e+00
      vertex   -5.262500e+01 1.040000e+02 8.000000e+00
      vertex   -5.362500e+01 1.037321e+02 8.000000e+00
    endloop
  endfacet
  facet normal 7.071068e-01 -7.071068e-01 0.000000e+00
    outer loop
      vertex   -5.362500e+01 1.037321e+02 0.000000e+00
      vertex   -5.362500e+01 1.037321e+02 8.000000e+00
      vertex   -5.435705e+01 1.030000e+02 0.000000e+00
    endloop
  endfacet
  facet normal 7.071068e-01 -7.071068e-01 0.000000e+00
    outer loop
      vertex   -5.435705e+01 1.030000e+02 0.000000e+00
      vertex   -5.362500e+01 1.037321e+02 8.000000e+00
      vertex   -5.435705e+01 1.030000e+02 8.000000e+00
    endloop
  endfacet
  facet normal 9.659258e-01 -2.588190e-01 0.000000e+00
    outer loop
      vertex   -5.435705e+01 9.100000e+01 0.000000e+00
      vertex   -5.435705e+01 9.100000e+01 8.000000e+00
      vertex   -5.462500e+01 9.000000e+01 0.000000e+00
    endloop
  endfacet
  facet normal 9.659258e-01 -2.588190e-01 0.000000e+00
    outer loop
      vertex   -5.462500e+01 9.000000e+01 0.000000e+00
      vertex   -5.435705e+01 9.100000e+01 8.000000e+00
      vertex   -5.462500e+01 9.000000e+01 8.000000e+00
    endloop
  endfacet
  facet normal 9.659258e-01 2.588190e-01 -0.000000e+00
    outer loop
      vertex   -5.462500e+01 9.000000e+01 0.000000e+00
      vertex   -5.462500e+01 9.000000e+01 8.000000e+00
      vertex   -5.435705e+01 8.900000e+01 0.000000e+00
    endloop
  endfacet
  facet normal 9.659258e-01 2.588190e-01 -0.000000e+00
    outer loop
      vertex   -5.435705e+01 8.900000e+01 0.000000e+00
      vertex   -5.462500e+01 9.000000e+01 8.000000e+00
      vertex   -5.435705e+01 8.900000e+01 8.000000e+00
    endloop
  endfacet
  facet normal 7.071068e-01 7.071068e-01 -0.000000e+00
    outer loop
      vertex   -5.435705e+01 8.900000e+01 0.000000e+00
      vertex   -5.435705e+01 8.900000e+01 8.000000e+00
      vertex   -5.362500e+01 8.826795e+01 0.000000e+00
    endloop
  endfacet
  facet normal 7.071068e-01 7.071068e-01 -0.000000e+00
    outer loop
      vertex   -5.362500e+01 8.826795e+01 0.000000e+00
      vertex   -5.435705e+01 8.900000e+01 8.000000e+00
      vertex   -5.362500e+01 8.826795e+01 8.000000e+00
    endloop
  endfacet
  facet normal 2.588190e-01 9.659258e-01 -0.000000e+00
    outer loop
      vertex   -5.362500e+01 8.826795e+01 0.000000e+00
      vertex   -5.362500e+01 8.826795e+01 8.000000e+00
      vertex   -5.262500e+01 8.800000e+01 0.000000e+00
    endloop
  endfacet
  facet normal 2.588190e-01 9.659258e-01 -0.000000e+00
    outer loop
      vertex   -5.262500e+01 8.800000e+01 0.000000e+00
      vertex   -5.362500e+01 8.826795e+01 8.000000e+00
      vertex   -5.262500e+01 8.800000e+01 8.000000e+00
    endloop
  endfacet
  facet normal -2.588190e-01 9.659258e-01 0.000000e+00
    outer loop
      vertex   -5.262500e+01 8.800000e+01 0.000000e+00
      vertex   -5.262500e+01 8.800000e+01 8.000000e+00
      vertex   -5.162500e+01 8.826795e+01 0.000000e+00
    endloop
  endfacet
  facet normal -2.588190e-01 9.659258e-01 0.000000e+00
    outer loop
      vertex   -5.162500e+01 8.826795e+01 0.000000e+00
      vertex   -5.262500e+01 8.800000e+01 8.000000e+00
      vertex   -5.162500e+01 8.826795e+01 8.000000e+00
    endloop
  endfacet
  facet normal -7.071068e-01 7.071068e-01 0.000000e+00
    outer loop
      vertex   -5.162500e+01 8.826795e+01 0.000000e+00
      vertex   -5.162500e+01 8.826795e+01 8.000000e+00
      vertex   -5.089295e+01 8.900000e+01 0.000000e+00
    endloop
  endfacet
  facet normal -7.071068e-01 7.071068e-01 0.000000e+00
    outer loop
      vertex   -5.089295e+01 8.900000e+01 0.000000e+00
      vertex   -5.162500e+01 8.826795e+01 8.000000e+00
      vertex   -5.089295e+01 8.900000e+01 8.000000e+00
    endloop
  endfacet
  facet normal -9.659258e-01 2.588190e-01 0.000000e+00
    outer loop
      vertex   -5.089295e+01 8.900000e+01 0.000000e+00
      vertex   -5.089295e+01 8.900000e+01 8.000000e+00
      vertex   -5.062500e+01 9.000000e+01 0.000000e+00
    endloop
  endfacet
  facet normal -9.659258e-01 2.588190e-01 0.000000e+00
    outer loop
      vertex   -5.062500e+01 9.000000e+01 0.000000e+00
      vertex   -5.089295e+01 8.900000e+01 8.000000e+00
      vertex   -5.062500e+01 9.000000e+01 8.000000e+00
    endloop
  endfacet
  facet normal -9.659258e-01 -2.588190e-01 0.000000e+00
    outer loop
      vertex   -5.062500e+01 9.000000e+01 0.000000e+00
      vertex   -5.062500e+01 9.000000e+01 8.000000e+00
      vertex   -5.089295e+01 9.100000e+01 0.000000e+00
    endloop
  endfacet
  facet normal -9.659258e-01 -2.588190e-01 0.000000e+00
    outer loop
      vertex   -5.089295e+01 9.100000e+01 0.000000e+00
      vertex   -5.062500e+01 9.000000e+01 8.000000e+00
      vertex   -5.089295e+01 9.100000e+01 8.000000e+00
    endloop
  endfacet
  facet normal -7.071068e-01 -7.071068e-01 0.000000e+00
    outer loop
      vertex   -5.089295e+01 9.100000e+01 0.000000e+00
      vertex   -5.089295e+01 9.100000e+01 8.000000e+00
      vertex   -5.162500e+01 9.173205e+01 0.000000e+00
    endloop
  endfacet
  facet normal -7.071068e-01 -7.071068e-01 0.000000e+00
    outer loop
      vertex   -5.162500e+01 9.173205e+01 0.000000e+00
      vertex   -5.089295e+01 9.100000e+01 8.000000e+00
      vertex   -5.162500e+01 9.173205e+01 8.000000e+00
    endloop
  endfacet
  facet normal -2.588190e-01 -9.659258e-01 0.000000e+00
    outer loop
      vertex   -5.162500e+01 9.173205e+01 0.000000e+00
      vertex   -5.162500e+01 9.173205e+01 8.000000e+00
      vertex   -5.262500e+01 9.200000e+01 0.000000e+00
    endloop
  endfacet
  facet normal -2.588190e-01 -9.659258e-01 0.000000e+00
    outer loop
      vertex   -5.262500e+01 9.200000e+01 0.000000e+00
      vertex   -5.162500e+01 9.173205e+01 8.000000e+00
      vertex   -5.262500e+01 9.200000e+01 8.000000e+00
    endloop
  endfacet
  facet normal 2.588190e-01 -9.659258e-01 0.000000e+00
    outer loop
      vertex   -5.262500e+01 9.200000e+01 0.000000e+00
      vertex   -5.262500e+01 9.200000e+01 8.000000e+00
      vertex   -5.362500e+01 9.173205e+01 0.000000e+00
    endloop
  endfacet
  facet normal 2.588190e-01 -9.659258e-01 0.000000e+00
    outer loop
      vertex   -5.362500e+01 9.173205e+01 0.000000e+00
      vertex   -5.262500e+01 9.200000e+01 8.000000e+00
      vertex   -5.362500e+01 9.173205e+01 8.000000e+00
    endloop
  endfacet
  facet normal 7.071068e-01 -7.071068e-01 0.000000e+00
    outer loop
      vertex   -5.362500e+01 9.173205e+01 0.000000e+00
      vertex   -5.362500e+01 9.173205e+01 8.000000e+00
      vertex   -5.435705e+01 9.100000e+01 0.000000e+00
    endloop
  endfacet
  facet normal 7.071068e-01 -7.071068e-01 0.000000e+00
    outer loop
      vertex   -5.435705e+01 9.100000e+01 0.000000e+00
      vertex   -5.362500e+01 9.173205e+01 8.000000e+00
      vertex   -5.435705e+01 9.100000e+01 8.000000e+00
    endloop
  endfacet
  facet normal 9.659258e-01 -2.588190e-01 0.000000e+00
    outer loop
      vertex   -3.585705e+01 9.100000e+01 -3.000000e+00
      vertex   -3.585705e+01 9.100000e+01 8.000000e+00
      vertex   -3.612500e+01 9.000000e+01 -3.000000e+00
    endloop
  endfacet
  facet normal 9.659258e-01 -2.588190e-01 -6.239378e-16
    outer loop
      vertex   -3.612500e+01 9.000000e+01 -3.000000e+00
      vertex   -3.585705e+01 9.100000e+01 8.000000e+00
      vertex   -3.612500e+01 9.000000e+01 8.000000e+00
    endloop
  endfacet
  facet normal 9.659258e-01 2.588190e-01 -6.239378e-16
    outer loop
      vertex   -3.612500e+01 9.000000e+01 -3.000000e+00
      vertex   -3.612500e+01 9.000000e+01 8.000000e+00
      vertex   -3.585705e+01 8.900000e+01 -3.000000e+00
    endloop
  endfacet
  facet normal 9.659258e-01 2.588190e-01 -0.000000e+00
    outer loop
      vertex   -3.585705e+01 8.900000e+01 -3.000000e+00
      vertex   -3.612500e+01 9.000000e+01 8.000000e+00
      vertex   -3.585705e+01 8.900000e+01 8.000000e+00
    endloop
  endfacet
  facet normal 7.071068e-01 7.071068e-01 -0.000000e+00
    outer loop
      vertex   -3.585705e+01 8.900000e+01 -3.000000e+00
      vertex   -3.585705e+01 8.900000e+01 8.000000e+00
      vertex   -3.512500e+01 8.826795e+01 -3.000000e+00
    endloop
  endfacet
  facet normal 7.071068e-01 7.071068e-01 -0.000000e+00
    outer loop
      vertex   -3.512500e+01 8.826795e+01 -3.000000e+00
      vertex   -3.585705e+01 8.900000e+01 8.000000e+00
      vertex   -3.512500e+01 8.826795e+01 8.000000e+00
    endloop
  endfacet
  facet normal 2.588190e-01 9.659258e-01 -0.000000e+00
    outer loop
      vertex   -3.512500e+01 8.826795e+01 -3.000000e+00
      vertex   -3.512500e+01 8.826795e+01 8.000000e+00
      vertex   -3.412500e+01 8.800000e+01 -3.000000e+00
    endloop
  endfacet
  facet normal 2.588190e-01 9.659258e-01 -0.000000e+00
    outer loop
      vertex   -3.412500e+01 8.800000e+01 -3.000000e+00
      vertex   -3.512500e+01 8.826795e+01 8.000000e+00
      vertex   -3.412500e+01 8.800000e+01 8.000000e+00
    endloop
  endfacet
  facet normal -2.588190e-01 9.659258e-01 0.000000e+00
    outer loop
      vertex   -3.412500e+01 8.800000e+01 -3.000000e+00
      vertex   -3.412500e+01 8.800000e+01 8.000000e+00
      vertex   -3.312500e+01 8.826795e+01 -3.000000e+00
    endloop
  endfacet
  facet normal -2.588190e-01 9.659258e-01 0.000000e+00
    outer loop
      vertex   -3.312500e+01 8.826795e+01 -3.000000e+00
      vertex   -3.412500e+01 8.800000e+01 8.000000e+00
      vertex   -3.312500e+01 8.826795e+01 8.000000e+00
    endloop
  endfacet
  facet normal -7.071068e-01 7.071068e-01 0.000000e+00
    outer loop
      vertex   -3.312500e+01 8.826795e+01 -3.000000e+00
      vertex   -3.312500e+01 8.826795e+01 8.000000e+00
      vertex   -3.239295e+01 8.900000e+01 -3.000000e+00
    endloop
  endfacet
  facet normal -7.071068e-01 7.071068e-01 0.000000e+00
    outer loop
      vertex   -3.239295e+01 8.900000e+01 -3.000000e+00
      vertex   -3.312500e+01 8.826795e+01 8.000000e+00
      vertex   -3.239295e+01 8.900000e+01 8.000000e+00
    endloop
  endfacet
  facet normal -9.659258e-01 2.588190e-01 0.000000e+00
    outer loop
      vertex   -3.239295e+01 8.900000e+01 -3.000000e+00
      vertex   -3.239295e+01 8.900000e+01 8.000000e+00
      vertex   -3.212500e+01 9.000000e+01 -3.000000e+00
    endloop
  endfacet
  facet normal -9.659258e-01 2.588190e-01 0.000000e+00
    outer loop
      vertex   -3.212500e+01 9.000000e+01 -3.000000e+00
      vertex   -3.239295e+01 8.900000e+01 8.000000e+00
      vertex   -3.212500e+01 9.000000e+01 8.000000e+00
    endloop
  endfacet
  facet normal -9.659258e-01 -2.588190e-01 0.000000e+00
    outer loop
      vertex   -3.212500e+01 9.000000e+01 -3.000000e+00
      vertex   -3.212500e+01 9.000000e+01 8.000000e+00
      vertex   -3.239295e+01 9.100000e+01 -3.000000e+00
    endloop
  endfacet
  facet normal -9.659258e-01 -2.588190e-01 0.000000e+00
    outer loop
      vertex   -3.239295e+01 9.100000e+01 -3.000000e+00
      vertex   -3.212500e+01 9.000000e+01 8.000000e+00
      vertex   -3.239295e+01 9.100000e+01 8.000000e+00
    endloop
  endfacet
  facet normal -7.071068e-01 -7.071068e-01 0.000000e+00
    outer loop
      vertex   -3.239295e+01 9.100000e+01 -3.000000e+00
      vertex   -3.239295e+01 9.100000e+01 8.000000e+00
      vertex   -3.312500e+01 9.173205e+01 -3.000000e+00
    endloop
  endfacet
  facet normal -7.071068e-01 -7.071068e-01 -4.567542e-16
    outer loop
      vertex   -3.312500e+01 9.173205e+01 -3.000000e+00
      vertex   -3.239295e+01 9.100000e+01 8.000000e+00
      vertex   -3.312500e+01 9.173205e+01 8.000000e+00
    endloop
  endfacet
  facet normal -2.588190e-01 -9.659258e-01 -1.671836e-16
    outer loop
      vertex   -3.312500e+01 9.173205e+01 -3.000000e+00
      vertex   -3.312500e+01 9.173205e+01 8.000000e+00
      vertex   -3.412500e+01 9.200000e+01 -3.000000e+00
    endloop
  endfacet
  facet normal -2.588190e-01 -9.659258e-01 0.000000e+00
    outer loop
      vertex   -3.412500e+01 9.200000e+01 -3.000000e+00
      vertex   -3.312500e+01 9.173205e+01 8.000000e+00
      vertex   -3.412500e+01 9.200000e+01 8.000000e+00
    endloop
  endfacet
  facet normal 2.588190e-01 -9.659258e-01 0.000000e+00
    outer loop
      vertex   -3.412500e+01 9.200000e+01 -3.000000e+00
      vertex   -3.412500e+01 9.200000e+01 8.000000e+00
      vertex   -3.512500e+01 9.173205e+01 -3.000000e+00
    endloop
  endfacet
  facet normal 2.588190e-01 -9.659258e-01 0.000000e+00
    outer loop
      vertex   -3.512500e+01 9.173205e+01 -3.000000e+00
      vertex   -3.412500e+01 9.200000e+01 8.000000e+00
      vertex   -3.512500e+01 9.173205e+01 8.000000e+00
    endloop
  endfacet
  facet normal 7.071068e-01 -7.071068e-01 0.000000e+00
    outer loop
      vertex   -3.512500e+01 9.173205e+01 -3.000000e+00
      vertex   -3.512500e+01 9.173205e+01 8.000000e+00
      vertex   -3.585705e+01 9.100000e+01 -3.000000e+00
    endloop
  endfacet
  facet normal 7.071068e-01 -7.071068e-01 0.000000e+00
    outer loop
      vertex   -3.585705e+01 9.100000e+01 -3.000000e+00
      vertex   -3.512500e+01 9.173205e+01 8.000000e+00
      vertex   -3.585705e+01 9.100000e+01 8.000000e+00
    endloop
  endfacet
  facet normal 9.659258e-01 -2.588190e-01 0.000000e+00
    outer loop
      vertex   -3.585705e+01 1.030000e+02 -3.000000e+00
      vertex   -3.585705e+01 1.030000e+02 8.000000e+00
      vertex   -3.612500e+01 1.020000e+02 -3.000000e+00
    endloop
  endfacet
  facet normal 9.659258e-01 -2.588190e-01 6.239378e-16
    outer loop
      vertex   -3.612500e+01 1.020000e+02 -3.000000e+00
      vertex   -3.585705e+01 1.030000e+02 8.000000e+00
      vertex   -3.612500e+01 1.020000e+02 8.000000e+00
    endloop
  endfacet
  facet normal 9.659258e-01 2.588190e-01 6.239378e-16
    outer loop
      vertex   -3.612500e+01 1.020000e+02 -3.000000e+00
      vertex   -3.612500e+01 1.020000e+02 8.000000e+00
      vertex   -3.585705e+01 1.010000e+02 -3.000000e+00
    endloop
  endfacet
  facet normal 9.659258e-01 2.588190e-01 -0.000000e+00
    outer loop
      vertex   -3.585705e+01 1.010000e+02 -3.000000e+00
      vertex   -3.612500e+01 1.020000e+02 8.000000e+00
      vertex   -3.585705e+01 1.010000e+02 8.000000e+00
    endloop
  endfacet
  facet normal 7.071068e-01 7.071068e-01 -0.000000e+00
    outer loop
      vertex   -3.585705e+01 1.010000e+02 -3.000000e+00
      vertex   -3.585705e+01 1.010000e+02 8.000000e+00
      vertex   -3.512500e+01 1.002679e+02 -3.000000e+00
    endloop
  endfacet
  facet normal 7.071068e-01 7.071068e-01 -0.000000e+00
    outer loop
      vertex   -3.512500e+01 1.002679e+02 -3.000000e+00
      vertex   -3.585705e+01 1.010000e+02 8.000000e+00
      vertex   -3.512500e+01 1.002679e+02 8.000000e+00
    endloop
  endfacet
  facet normal 2.588190e-01 9.659258e-01 -0.000000e+00
    outer loop
      vertex   -3.512500e+01 1.002679e+02 -3.000000e+00
      vertex   -3.512500e+01 1.002679e+02 8.000000e+00
      vertex   -3.412500e+01 1.000000e+02 -3.000000e+00
    endloop
  endfacet
  facet normal 2.588190e-01 9.659258e-01 -0.000000e+00
    outer loop
      vertex   -3.412500e+01 1.000000e+02 -3.000000e+00
      vertex   -3.512500e+01 1.002679e+02 8.000000e+00
      vertex   -3.412500e+01 1.000000e+02 8.000000e+00
    endloop
  endfacet
  facet normal -2.588190e-01 9.659258e-01 0.000000e+00
    outer loop
      vertex   -3.412500e+01 1.000000e+02 -3.000000e+00
      vertex   -3.412500e+01 1.000000e+02 8.000000e+00
      vertex   -3.312500e+01 1.002679e+02 -3.000000e+00
    endloop
  endfacet
  facet normal -2.588190e-01 9.659258e-01 0.000000e+00
    outer loop
      vertex   -3.312500e+01 1.002679e+02 -3.000000e+00
      vertex   -3.412500e+01 1.000000e+02 8.000000e+00
      vertex   -3.312500e+01 1.002679e+02 8.000000e+00
    endloop
  endfacet
  facet normal -7.071068e-01 7.071068e-01 0.000000e+00
    outer loop
      vertex   -3.312500e+01 1.002679e+02 -3.000000e+00
      vertex   -3.312500e+01 1.002679e+02 8.000000e+00
      vertex   -3.239295e+01 1.010000e+02 -3.000000e+00
    endloop
  endfacet
  facet normal -7.071068e-01 7.071068e-01 0.000000e+00
    outer loop
      vertex   -3.239295e+01 1.010000e+02 -3.000000e+00
      vertex   -3.312500e+01 1.002679e+02 8.000000e+00
      vertex   -3.239295e+01 1.010000e+02 8.000000e+00
    endloop
  endfacet
  facet normal -9.659258e-01 2.588190e-01 0.000000e+00
    outer loop
      vertex   -3.239295e+01 1.010000e+02 -3.000000e+00
      vertex   -3.239295e+01 1.010000e+02 8.000000e+00
      vertex   -3.212500e+01 1.020000e+02 -3.000000e+00
    endloop
  endfacet
  facet normal -9.659258e-01 2.588190e-01 0.000000e+00
    outer loop
      vertex   -3.212500e+01 1.020000e+02 -3.000000e+00
      vertex   -3.239295e+01 1.010000e+02 8.000000e+00
      vertex   -3.212500e+01 1.020000e+02 8.000000e+00
    endloop
  endfacet
  facet normal -9.659258e-01 -2.588190e-01 0.000000e+00
    outer loop
      vertex   -3.212500e+01 1.020000e+02 -3.000000e+00
      vertex   -3.212500e+01 1.020000e+02 8.000000e+00
      vertex   -3.239295e+01 1.030000e+02 -3.000000e+00
    endloop
  endfacet
  facet normal -9.659258e-01 -2.588190e-01 0.000000e+00
    outer loop
      vertex   -3.239295e+01 1.030000e+02 -3.000000e+00
      vertex   -3.212500e+01 1.020000e+02 8.000000e+00
      vertex   -3.239295e+01 1.030000e+02 8.000000e+00
    endloop
  endfacet
  facet normal -7.071068e-01 -7.071068e-01 0.000000e+00
    outer loop
      vertex   -3.239295e+01 1.030000e+02 -3.000000e+00
      vertex   -3.239295e+01 1.030000e+02 8.000000e+00
      vertex   -3.312500e+01 1.037321e+02 -3.000000e+00
    endloop
  endfacet
  facet normal -7.071068e-01 -7.071068e-01 0.000000e+00
    outer loop
      vertex   -3.312500e+01 1.037321e+02 -3.000000e+00
      vertex   -3.239295e+01 1.030000e+02 8.000000e+00
      vertex   -3.312500e+01 1.037321e+02 8.000000e+00
    endloop
  endfacet
  facet normal -2.588190e-01 -9.659258e-01 0.000000e+00
    outer loop
      vertex   -3.312500e+01 1.037321e+02 -3.000000e+00
      vertex   -3.312500e+01 1.037321e+02 8.000000e+00
      vertex   -3.412500e+01 1.040000e+02 -3.000000e+00
    endloop
  endfacet
  facet normal -2.588190e-01 -9.659258e-01 0.000000e+00
    outer loop
      vertex   -3.412500e+01 1.040000e+02 -3.000000e+00
      vertex   -3.312500e+01 1.037321e+02 8.000000e+00
      vertex   -3.412500e+01 1.040000e+02 8.000000e+00
    endloop
  endfacet
  facet normal 2.588190e-01 -9.659258e-01 0.000000e+00
    outer loop
      vertex   -3.412500e+01 1.040000e+02 -3.000000e+00
      vertex   -3.412500e+01 1.040000e+02 8.000000e+00
      vertex   -3.512500e+01 1.037321e+02 -3.000000e+00
    endloop
  endfacet
  facet normal 2.588190e-01 -9.659258e-01 0.000000e+00
    outer loop
      vertex   -3.512500e+01 1.037321e+02 -3.000000e+00
      vertex   -3.412500e+01 1.040000e+02 8.000000e+00
      vertex   -3.512500e+01 1.037321e+02 8.000000e+00
    endloop
  endfacet
  facet normal 7.071068e-01 -7.071068e-01 0.000000e+00
    outer loop
      vertex   -3.512500e+01 1.037321e+02 -3.000000e+00
      vertex   -3.512500e+01 1.037321e+02 8.000000e+00
      vertex   -3.585705e+01 1.030000e+02 -3.000000e+00
    endloop
  endfacet
  facet normal 7.071068e-01 -7.071068e-01 0.000000e+00
    outer loop
      vertex   -3.585705e+01 1.030000e+02 -3.000000e+00
      vertex   -3.512500e+01 1.037321e+02 8.000000e+00
      vertex   -3.585705e+01 1.030000e+02 8.000000e+00
    endloop
  endfacet
  facet normal -1.000000e+00 -9.473903e-16 -0.000000e+00
    outer loop
      vertex   -5.662500e+01 8.750000e+01 8.000000e+00
      vertex   -5.662500e+01 1.100000e+02 8.000000e+00
      vertex   -5.662500e+01 8.750000e+01 0.000000e+00
    endloop
  endfacet
  facet normal -1.000000e+00 -9.473903e-16 0.000000e+00
    outer loop
      vertex   -5.662500e+01 8.750000e+01 0.000000e+00
      vertex   -5.662500e+01 1.100000e+02 8.000000e+00
      vertex   -5.662500e+01 1.100000e+02 0.000000e+00
    endloop
  endfacet
endsolid
