solid ASCII
  facet normal -9.659258e-01 -4.310203e-17 2.588190e-01
    outer loop
      vertex   -1.356195e+02 2.500000e+01 -1.630963e+00
      vertex   -1.356195e+02 1.166667e+01 -1.630963e+00
      vertex   -1.354520e+02 2.500000e+01 -1.005963e+00
    endloop
  endfacet
  facet normal -9.659258e-01 0.000000e+00 2.588190e-01
    outer loop
      vertex   -1.354520e+02 2.500000e+01 -1.005963e+00
      vertex   -1.356195e+02 1.166667e+01 -1.630963e+00
      vertex   -1.356195e+02 -1.666667e+00 -1.630963e+00
    endloop
  endfacet
  facet normal -9.659258e-01 0.000000e+00 2.588190e-01
    outer loop
      vertex   -1.354520e+02 2.500000e+01 -1.005963e+00
      vertex   -1.356195e+02 -1.666667e+00 -1.630963e+00
      vertex   -1.354520e+02 -1.500000e+01 -1.005963e+00
    endloop
  endfacet
  facet normal -9.659258e-01 4.343192e-17 2.588190e-01
    outer loop
      vertex   -1.354520e+02 -1.500000e+01 -1.005963e+00
      vertex   -1.356195e+02 -1.666667e+00 -1.630963e+00
      vertex   -1.356195e+02 -1.500000e+01 -1.630963e+00
    endloop
  endfacet
  facet normal -7.071068e-01 1.177569e-16 7.071068e-01
    outer loop
      vertex   -1.356195e+02 -1.500000e+01 -1.630963e+00
      vertex   -1.356195e+02 -1.666667e+00 -1.630963e+00
      vertex   -1.360770e+02 -1.500000e+01 -2.088494e+00
    endloop
  endfacet
  facet normal -7.071068e-01 0.000000e+00 7.071068e-01
    outer loop
      vertex   -1.360770e+02 -1.500000e+01 -2.088494e+00
      vertex   -1.356195e+02 -1.666667e+00 -1.630963e+00
      vertex   -1.360770e+02 -1.666667e+00 -2.088494e+00
    endloop
  endfacet
  facet normal -2.588190e-01 0.000000e+00 9.659258e-01
    outer loop
      vertex   -1.360770e+02 -1.500000e+01 -2.088494e+00
      vertex   -1.360770e+02 -1.666667e+00 -2.088494e+00
      vertex   -1.367020e+02 -1.500000e+01 -2.255963e+00
    endloop
  endfacet
  facet normal -2.588190e-01 0.000000e+00 9.659258e-01
    outer loop
      vertex   -1.367020e+02 -1.500000e+01 -2.255963e+00
      vertex   -1.360770e+02 -1.666667e+00 -2.088494e+00
      vertex   -1.367020e+02 -1.666667e+00 -2.255963e+00
    endloop
  endfacet
  facet normal 2.588190e-01 -0.000000e+00 9.659258e-01
    outer loop
      vertex   -1.367020e+02 -1.500000e+01 -2.255963e+00
      vertex   -1.367020e+02 -1.666667e+00 -2.255963e+00
      vertex   -1.373270e+02 -1.500000e+01 -2.088494e+00
    endloop
  endfacet
  facet normal 2.588190e-01 -0.000000e+00 9.659258e-01
    outer loop
      vertex   -1.373270e+02 -1.500000e+01 -2.088494e+00
      vertex   -1.367020e+02 -1.666667e+00 -2.255963e+00
      vertex   -1.373270e+02 -1.666667e+00 -2.088494e+00
    endloop
  endfacet
  facet normal 7.071068e-01 -0.000000e+00 7.071068e-01
    outer loop
      vertex   -1.373270e+02 -1.500000e+01 -2.088494e+00
      vertex   -1.373270e+02 -1.666667e+00 -2.088494e+00
      vertex   -1.377845e+02 -1.500000e+01 -1.630963e+00
    endloop
  endfacet
  facet normal 7.071068e-01 1.295326e-16 7.071068e-01
    outer loop
      vertex   -1.377845e+02 -1.500000e+01 -1.630963e+00
      vertex   -1.373270e+02 -1.666667e+00 -2.088494e+00
      vertex   -1.377845e+02 -1.666667e+00 -1.630963e+00
    endloop
  endfacet
  facet normal 9.659258e-01 4.741223e-17 2.588190e-01
    outer loop
      vertex   -1.377845e+02 -1.500000e+01 -1.630963e+00
      vertex   -1.377845e+02 -1.666667e+00 -1.630963e+00
      vertex   -1.379520e+02 -1.500000e+01 -1.005963e+00
    endloop
  endfacet
  facet normal 9.659258e-01 0.000000e+00 2.588190e-01
    outer loop
      vertex   -1.379520e+02 -1.500000e+01 -1.005963e+00
      vertex   -1.377845e+02 -1.666667e+00 -1.630963e+00
      vertex   -1.377845e+02 1.166667e+01 -1.630963e+00
    endloop
  endfacet
  facet normal 9.659258e-01 -0.000000e+00 2.588190e-01
    outer loop
      vertex   -1.379520e+02 -1.500000e+01 -1.005963e+00
      vertex   -1.377845e+02 1.166667e+01 -1.630963e+00
      vertex   -1.379520e+02 2.500000e+01 -1.005963e+00
    endloop
  endfacet
  facet normal 9.659258e-01 -4.825769e-17 2.588190e-01
    outer loop
      vertex   -1.379520e+02 2.500000e+01 -1.005963e+00
      vertex   -1.377845e+02 1.166667e+01 -1.630963e+00
      vertex   -1.377845e+02 2.500000e+01 -1.630963e+00
    endloop
  endfacet
  facet normal 7.071068e-01 -1.295326e-16 7.071068e-01
    outer loop
      vertex   -1.377845e+02 2.500000e+01 -1.630963e+00
      vertex   -1.377845e+02 1.166667e+01 -1.630963e+00
      vertex   -1.373270e+02 2.500000e+01 -2.088494e+00
    endloop
  endfacet
  facet normal 7.071068e-01 0.000000e+00 7.071068e-01
    outer loop
      vertex   -1.373270e+02 2.500000e+01 -2.088494e+00
      vertex   -1.377845e+02 1.166667e+01 -1.630963e+00
      vertex   -1.373270e+02 1.166667e+01 -2.088494e+00
    endloop
  endfacet
  facet normal 2.588190e-01 0.000000e+00 9.659258e-01
    outer loop
      vertex   -1.373270e+02 2.500000e+01 -2.088494e+00
      vertex   -1.373270e+02 1.166667e+01 -2.088494e+00
      vertex   -1.367020e+02 2.500000e+01 -2.255963e+00
    endloop
  endfacet
  facet normal 2.588190e-01 0.000000e+00 9.659258e-01
    outer loop
      vertex   -1.367020e+02 2.500000e+01 -2.255963e+00
      vertex   -1.373270e+02 1.166667e+01 -2.088494e+00
      vertex   -1.367020e+02 1.166667e+01 -2.255963e+00
    endloop
  endfacet
  facet normal -2.588190e-01 0.000000e+00 9.659258e-01
    outer loop
      vertex   -1.367020e+02 2.500000e+01 -2.255963e+00
      vertex   -1.367020e+02 1.166667e+01 -2.255963e+00
      vertex   -1.360770e+02 2.500000e+01 -2.088494e+00
    endloop
  endfacet
  facet normal -2.588190e-01 0.000000e+00 9.659258e-01
    outer loop
      vertex   -1.360770e+02 2.500000e+01 -2.088494e+00
      vertex   -1.367020e+02 1.166667e+01 -2.255963e+00
      vertex   -1.360770e+02 1.166667e+01 -2.088494e+00
    endloop
  endfacet
  facet normal -7.071068e-01 0.000000e+00 7.071068e-01
    outer loop
      vertex   -1.360770e+02 2.500000e+01 -2.088494e+00
      vertex   -1.360770e+02 1.166667e+01 -2.088494e+00
      vertex   -1.356195e+02 2.500000e+01 -1.630963e+00
    endloop
  endfacet
  facet normal -7.071068e-01 -1.177569e-16 7.071068e-01
    outer loop
      vertex   -1.356195e+02 2.500000e+01 -1.630963e+00
      vertex   -1.360770e+02 1.166667e+01 -2.088494e+00
      vertex   -1.356195e+02 1.166667e+01 -1.630963e+00
    endloop
  endfacet
  facet normal -7.071068e-01 0.000000e+00 7.071068e-01
    outer loop
      vertex   -1.360770e+02 -1.666667e+00 -2.088494e+00
      vertex   -1.356195e+02 -1.666667e+00 -1.630963e+00
      vertex   -1.356195e+02 1.166667e+01 -1.630963e+00
    endloop
  endfacet
  facet normal -7.071068e-01 0.000000e+00 7.071068e-01
    outer loop
      vertex   -1.360770e+02 -1.666667e+00 -2.088494e+00
      vertex   -1.356195e+02 1.166667e+01 -1.630963e+00
      vertex   -1.360770e+02 1.166667e+01 -2.088494e+00
    endloop
  endfacet
  facet normal -2.588190e-01 0.000000e+00 9.659258e-01
    outer loop
      vertex   -1.367020e+02 -1.666667e+00 -2.255963e+00
      vertex   -1.360770e+02 -1.666667e+00 -2.088494e+00
      vertex   -1.360770e+02 1.166667e+01 -2.088494e+00
    endloop
  endfacet
  facet normal -2.588190e-01 0.000000e+00 9.659258e-01
    outer loop
      vertex   -1.367020e+02 -1.666667e+00 -2.255963e+00
      vertex   -1.360770e+02 1.166667e+01 -2.088494e+00
      vertex   -1.367020e+02 1.166667e+01 -2.255963e+00
    endloop
  endfacet
  facet normal 2.588190e-01 0.000000e+00 9.659258e-01
    outer loop
      vertex   -1.373270e+02 -1.666667e+00 -2.088494e+00
      vertex   -1.367020e+02 -1.666667e+00 -2.255963e+00
      vertex   -1.367020e+02 1.166667e+01 -2.255963e+00
    endloop
  endfacet
  facet normal 2.588190e-01 -0.000000e+00 9.659258e-01
    outer loop
      vertex   -1.373270e+02 -1.666667e+00 -2.088494e+00
      vertex   -1.367020e+02 1.166667e+01 -2.255963e+00
      vertex   -1.373270e+02 1.166667e+01 -2.088494e+00
    endloop
  endfacet
  facet normal 7.071068e-01 0.000000e+00 7.071068e-01
    outer loop
      vertex   -1.377845e+02 -1.666667e+00 -1.630963e+00
      vertex   -1.373270e+02 -1.666667e+00 -2.088494e+00
      vertex   -1.373270e+02 1.166667e+01 -2.088494e+00
    endloop
  endfacet
  facet normal 7.071068e-01 -0.000000e+00 7.071068e-01
    outer loop
      vertex   -1.377845e+02 -1.666667e+00 -1.630963e+00
      vertex   -1.373270e+02 1.166667e+01 -2.088494e+00
      vertex   -1.377845e+02 1.166667e+01 -1.630963e+00
    endloop
  endfacet
  facet normal 1.000000e+00 0.000000e+00 -0.000000e+00
    outer loop
      vertex   -1.379520e+02 2.500000e+01 -1.005963e+00
      vertex   -1.379520e+02 2.500000e+01 0.000000e+00
      vertex   -1.379520e+02 -1.500000e+01 -1.005963e+00
    endloop
  endfacet
  facet normal 1.000000e+00 0.000000e+00 0.000000e+00
    outer loop
      vertex   -1.379520e+02 -1.500000e+01 -1.005963e+00
      vertex   -1.379520e+02 2.500000e+01 0.000000e+00
      vertex   -1.379520e+02 -1.500000e+01 0.000000e+00
    endloop
  endfacet
  facet normal -1.000000e+00 -0.000000e+00 -0.000000e+00
    outer loop
      vertex   -1.354520e+02 2.500000e+01 0.000000e+00
      vertex   -1.354520e+02 2.500000e+01 -1.005963e+00
      vertex   -1.354520e+02 -1.500000e+01 0.000000e+00
    endloop
  endfacet
  facet normal -1.000000e+00 0.000000e+00 0.000000e+00
    outer loop
      vertex   -1.354520e+02 -1.500000e+01 0.000000e+00
      vertex   -1.354520e+02 2.500000e+01 -1.005963e+00
      vertex   -1.354520e+02 -1.500000e+01 -1.005963e+00
    endloop
  endfacet
  facet normal -0.000000e+00 -1.000000e+00 -0.000000e+00
    outer loop
      vertex   -1.379520e+02 -1.500000e+01 0.000000e+00
      vertex   -1.429200e+02 -1.500000e+01 0.000000e+00
      vertex   -1.379520e+02 -1.500000e+01 -1.005963e+00
    endloop
  endfacet
  facet normal -0.000000e+00 -1.000000e+00 -0.000000e+00
    outer loop
      vertex   -1.379520e+02 -1.500000e+01 -1.005963e+00
      vertex   -1.429200e+02 -1.500000e+01 0.000000e+00
      vertex   -1.377845e+02 -1.500000e+01 -1.630963e+00
    endloop
  endfacet
  facet normal -0.000000e+00 -1.000000e+00 0.000000e+00
    outer loop
      vertex   -1.377845e+02 -1.500000e+01 -1.630963e+00
      vertex   -1.429200e+02 -1.500000e+01 0.000000e+00
      vertex   -1.429200e+02 -1.500000e+01 -4.000000e+00
    endloop
  endfacet
  facet normal 0.000000e+00 -1.000000e+00 -0.000000e+00
    outer loop
      vertex   -1.377845e+02 -1.500000e+01 -1.630963e+00
      vertex   -1.429200e+02 -1.500000e+01 -4.000000e+00
      vertex   -1.373270e+02 -1.500000e+01 -2.088494e+00
    endloop
  endfacet
  facet normal 0.000000e+00 -1.000000e+00 -0.000000e+00
    outer loop
      vertex   -1.373270e+02 -1.500000e+01 -2.088494e+00
      vertex   -1.429200e+02 -1.500000e+01 -4.000000e+00
      vertex   -1.367020e+02 -1.500000e+01 -2.255963e+00
    endloop
  endfacet
  facet normal -4.440892e-16 -1.000000e+00 1.583307e-15
    outer loop
      vertex   -1.367020e+02 -1.500000e+01 -2.255963e+00
      vertex   -1.429200e+02 -1.500000e+01 -4.000000e+00
      vertex   -1.229200e+02 -1.500000e+01 -4.000000e+00
    endloop
  endfacet
  facet normal -4.377239e-16 -1.000000e+00 1.633608e-15
    outer loop
      vertex   -1.367020e+02 -1.500000e+01 -2.255963e+00
      vertex   -1.229200e+02 -1.500000e+01 -4.000000e+00
      vertex   -1.360770e+02 -1.500000e+01 -2.088494e+00
    endloop
  endfacet
  facet normal -5.894270e-16 -1.000000e+00 5.894270e-16
    outer loop
      vertex   -1.360770e+02 -1.500000e+01 -2.088494e+00
      vertex   -1.229200e+02 -1.500000e+01 -4.000000e+00
      vertex   -1.356195e+02 -1.500000e+01 -1.630963e+00
    endloop
  endfacet
  facet normal -6.993823e-16 -1.000000e+00 0.000000e+00
    outer loop
      vertex   -1.356195e+02 -1.500000e+01 -1.630963e+00
      vertex   -1.229200e+02 -1.500000e+01 -4.000000e+00
      vertex   -1.229200e+02 -1.500000e+01 0.000000e+00
    endloop
  endfacet
  facet normal -7.243072e-16 -1.000000e+00 1.940775e-16
    outer loop
      vertex   -1.356195e+02 -1.500000e+01 -1.630963e+00
      vertex   -1.229200e+02 -1.500000e+01 0.000000e+00
      vertex   -1.354520e+02 -1.500000e+01 -1.005963e+00
    endloop
  endfacet
  facet normal -7.087283e-16 -1.000000e+00 0.000000e+00
    outer loop
      vertex   -1.354520e+02 -1.500000e+01 -1.005963e+00
      vertex   -1.229200e+02 -1.500000e+01 0.000000e+00
      vertex   -1.354520e+02 -1.500000e+01 0.000000e+00
    endloop
  endfacet
  facet normal 0.000000e+00 0.000000e+00 1.000000e+00
    outer loop
      vertex   -1.354520e+02 -1.500000e+01 0.000000e+00
      vertex   -1.334200e+02 2.500000e-01 0.000000e+00
      vertex   -1.354520e+02 2.500000e+01 0.000000e+00
    endloop
  endfacet
  facet normal 0.000000e+00 0.000000e+00 1.000000e+00
    outer loop
      vertex   -1.354520e+02 2.500000e+01 0.000000e+00
      vertex   -1.334200e+02 2.500000e-01 0.000000e+00
      vertex   -1.331909e+02 1.179446e+00 0.000000e+00
    endloop
  endfacet
  facet normal 0.000000e+00 0.000000e+00 1.000000e+00
    outer loop
      vertex   -1.354520e+02 2.500000e+01 0.000000e+00
      vertex   -1.331909e+02 1.179446e+00 0.000000e+00
      vertex   -1.325561e+02 1.895968e+00 0.000000e+00
    endloop
  endfacet
  facet normal 0.000000e+00 0.000000e+00 1.000000e+00
    outer loop
      vertex   -1.229200e+02 -1.500000e+01 0.000000e+00
      vertex   -1.267190e+02 -3.750000e+00 0.000000e+00
      vertex   -1.354520e+02 -1.500000e+01 0.000000e+00
    endloop
  endfacet
  facet normal 0.000000e+00 0.000000e+00 1.000000e+00
    outer loop
      vertex   -1.354520e+02 -1.500000e+01 0.000000e+00
      vertex   -1.267190e+02 -3.750000e+00 0.000000e+00
      vertex   -1.307108e+02 -1.620032e+00 0.000000e+00
    endloop
  endfacet
  facet normal 0.000000e+00 0.000000e+00 1.000000e+00
    outer loop
      vertex   -1.354520e+02 -1.500000e+01 0.000000e+00
      vertex   -1.307108e+02 -1.620032e+00 0.000000e+00
      vertex   -1.316611e+02 -1.735418e+00 0.000000e+00
    endloop
  endfacet
  facet normal 0.000000e+00 0.000000e+00 1.000000e+00
    outer loop
      vertex   -1.229200e+02 2.500000e+01 0.000000e+00
      vertex   -1.239200e+02 1.300000e+01 0.000000e+00
      vertex   -1.229200e+02 -1.500000e+01 0.000000e+00
    endloop
  endfacet
  facet normal 0.000000e+00 0.000000e+00 1.000000e+00
    outer loop
      vertex   -1.229200e+02 -1.500000e+01 0.000000e+00
      vertex   -1.239200e+02 1.300000e+01 0.000000e+00
      vertex   -1.239200e+02 -3.000000e+00 0.000000e+00
    endloop
  endfacet
  facet normal 0.000000e+00 0.000000e+00 1.000000e+00
    outer loop
      vertex   -1.229200e+02 -1.500000e+01 0.000000e+00
      vertex   -1.239200e+02 -3.000000e+00 0.000000e+00
      vertex   -1.241210e+02 -3.750000e+00 0.000000e+00
    endloop
  endfacet
  facet normal -0.000000e+00 0.000000e+00 1.000000e+00
    outer loop
      vertex   -1.354520e+02 2.500000e+01 0.000000e+00
      vertex   -1.267190e+02 1.375000e+01 0.000000e+00
      vertex   -1.229200e+02 2.500000e+01 0.000000e+00
    endloop
  endfacet
  facet normal 0.000000e+00 0.000000e+00 1.000000e+00
    outer loop
      vertex   -1.229200e+02 2.500000e+01 0.000000e+00
      vertex   -1.267190e+02 1.375000e+01 0.000000e+00
      vertex   -1.261700e+02 1.429904e+01 0.000000e+00
    endloop
  endfacet
  facet normal 0.000000e+00 0.000000e+00 1.000000e+00
    outer loop
      vertex   -1.229200e+02 2.500000e+01 0.000000e+00
      vertex   -1.261700e+02 1.429904e+01 0.000000e+00
      vertex   -1.254200e+02 1.450000e+01 0.000000e+00
    endloop
  endfacet
  facet normal 0.000000e+00 0.000000e+00 1.000000e+00
    outer loop
      vertex   -1.241210e+02 -3.750000e+00 0.000000e+00
      vertex   -1.246700e+02 -4.299038e+00 0.000000e+00
      vertex   -1.229200e+02 -1.500000e+01 0.000000e+00
    endloop
  endfacet
  facet normal 0.000000e+00 0.000000e+00 1.000000e+00
    outer loop
      vertex   -1.229200e+02 -1.500000e+01 0.000000e+00
      vertex   -1.246700e+02 -4.299038e+00 0.000000e+00
      vertex   -1.254200e+02 -4.500000e+00 0.000000e+00
    endloop
  endfacet
  facet normal 0.000000e+00 0.000000e+00 1.000000e+00
    outer loop
      vertex   -1.229200e+02 -1.500000e+01 0.000000e+00
      vertex   -1.254200e+02 -4.500000e+00 0.000000e+00
      vertex   -1.261700e+02 -4.299038e+00 0.000000e+00
    endloop
  endfacet
  facet normal 0.000000e+00 0.000000e+00 1.000000e+00
    outer loop
      vertex   -1.261700e+02 -4.299038e+00 0.000000e+00
      vertex   -1.267190e+02 -3.750000e+00 0.000000e+00
      vertex   -1.229200e+02 -1.500000e+01 0.000000e+00
    endloop
  endfacet
  facet normal -0.000000e+00 0.000000e+00 1.000000e+00
    outer loop
      vertex   -1.307108e+02 -1.620032e+00 0.000000e+00
      vertex   -1.267190e+02 -3.750000e+00 0.000000e+00
      vertex   -1.299230e+02 -1.076245e+00 0.000000e+00
    endloop
  endfacet
  facet normal 0.000000e+00 0.000000e+00 1.000000e+00
    outer loop
      vertex   -1.299230e+02 -1.076245e+00 0.000000e+00
      vertex   -1.267190e+02 -3.750000e+00 0.000000e+00
      vertex   -1.269200e+02 -3.000000e+00 0.000000e+00
    endloop
  endfacet
  facet normal -0.000000e+00 0.000000e+00 1.000000e+00
    outer loop
      vertex   -1.299230e+02 -1.076245e+00 0.000000e+00
      vertex   -1.269200e+02 -3.000000e+00 0.000000e+00
      vertex   -1.294781e+02 -2.286313e-01 0.000000e+00
    endloop
  endfacet
  facet normal -0.000000e+00 0.000000e+00 1.000000e+00
    outer loop
      vertex   -1.294781e+02 -2.286313e-01 0.000000e+00
      vertex   -1.269200e+02 -3.000000e+00 0.000000e+00
      vertex   -1.294781e+02 7.286313e-01 0.000000e+00
    endloop
  endfacet
  facet normal 0.000000e+00 0.000000e+00 1.000000e+00
    outer loop
      vertex   -1.294781e+02 7.286313e-01 0.000000e+00
      vertex   -1.269200e+02 -3.000000e+00 0.000000e+00
      vertex   -1.267190e+02 -2.250000e+00 0.000000e+00
    endloop
  endfacet
  facet normal -0.000000e+00 0.000000e+00 1.000000e+00
    outer loop
      vertex   -1.294781e+02 7.286313e-01 0.000000e+00
      vertex   -1.267190e+02 -2.250000e+00 0.000000e+00
      vertex   -1.267190e+02 1.225000e+01 0.000000e+00
    endloop
  endfacet
  facet normal 0.000000e+00 0.000000e+00 1.000000e+00
    outer loop
      vertex   -1.267190e+02 1.225000e+01 0.000000e+00
      vertex   -1.267190e+02 -2.250000e+00 0.000000e+00
      vertex   -1.261700e+02 1.170096e+01 0.000000e+00
    endloop
  endfacet
  facet normal 0.000000e+00 0.000000e+00 1.000000e+00
    outer loop
      vertex   -1.261700e+02 1.170096e+01 0.000000e+00
      vertex   -1.267190e+02 -2.250000e+00 0.000000e+00
      vertex   -1.261700e+02 -1.700962e+00 0.000000e+00
    endloop
  endfacet
  facet normal 0.000000e+00 0.000000e+00 1.000000e+00
    outer loop
      vertex   -1.261700e+02 1.170096e+01 0.000000e+00
      vertex   -1.261700e+02 -1.700962e+00 0.000000e+00
      vertex   -1.254200e+02 1.150000e+01 0.000000e+00
    endloop
  endfacet
  facet normal 0.000000e+00 0.000000e+00 1.000000e+00
    outer loop
      vertex   -1.254200e+02 1.150000e+01 0.000000e+00
      vertex   -1.261700e+02 -1.700962e+00 0.000000e+00
      vertex   -1.254200e+02 -1.500000e+00 0.000000e+00
    endloop
  endfacet
  facet normal 0.000000e+00 0.000000e+00 1.000000e+00
    outer loop
      vertex   -1.254200e+02 1.150000e+01 0.000000e+00
      vertex   -1.254200e+02 -1.500000e+00 0.000000e+00
      vertex   -1.246700e+02 -1.700962e+00 0.000000e+00
    endloop
  endfacet
  facet normal -0.000000e+00 0.000000e+00 1.000000e+00
    outer loop
      vertex   -1.254200e+02 1.150000e+01 0.000000e+00
      vertex   -1.246700e+02 -1.700962e+00 0.000000e+00
      vertex   -1.246700e+02 1.170096e+01 0.000000e+00
    endloop
  endfacet
  facet normal 0.000000e+00 0.000000e+00 1.000000e+00
    outer loop
      vertex   -1.246700e+02 1.170096e+01 0.000000e+00
      vertex   -1.246700e+02 -1.700962e+00 0.000000e+00
      vertex   -1.241210e+02 -2.250000e+00 0.000000e+00
    endloop
  endfacet
  facet normal -0.000000e+00 0.000000e+00 1.000000e+00
    outer loop
      vertex   -1.246700e+02 1.170096e+01 0.000000e+00
      vertex   -1.241210e+02 -2.250000e+00 0.000000e+00
      vertex   -1.241210e+02 1.225000e+01 0.000000e+00
    endloop
  endfacet
  facet normal 0.000000e+00 0.000000e+00 1.000000e+00
    outer loop
      vertex   -1.241210e+02 1.225000e+01 0.000000e+00
      vertex   -1.241210e+02 -2.250000e+00 0.000000e+00
      vertex   -1.239200e+02 -3.000000e+00 0.000000e+00
    endloop
  endfacet
  facet normal -0.000000e+00 0.000000e+00 1.000000e+00
    outer loop
      vertex   -1.241210e+02 1.225000e+01 0.000000e+00
      vertex   -1.239200e+02 -3.000000e+00 0.000000e+00
      vertex   -1.239200e+02 1.300000e+01 0.000000e+00
    endloop
  endfacet
  facet normal 0.000000e+00 -0.000000e+00 1.000000e+00
    outer loop
      vertex   -1.294781e+02 7.286313e-01 0.000000e+00
      vertex   -1.267190e+02 1.225000e+01 0.000000e+00
      vertex   -1.299230e+02 1.576245e+00 0.000000e+00
    endloop
  endfacet
  facet normal 0.000000e+00 0.000000e+00 1.000000e+00
    outer loop
      vertex   -1.299230e+02 1.576245e+00 0.000000e+00
      vertex   -1.267190e+02 1.225000e+01 0.000000e+00
      vertex   -1.269200e+02 1.300000e+01 0.000000e+00
    endloop
  endfacet
  facet normal 0.000000e+00 -0.000000e+00 1.000000e+00
    outer loop
      vertex   -1.299230e+02 1.576245e+00 0.000000e+00
      vertex   -1.269200e+02 1.300000e+01 0.000000e+00
      vertex   -1.307108e+02 2.120032e+00 0.000000e+00
    endloop
  endfacet
  facet normal 0.000000e+00 -0.000000e+00 1.000000e+00
    outer loop
      vertex   -1.307108e+02 2.120032e+00 0.000000e+00
      vertex   -1.269200e+02 1.300000e+01 0.000000e+00
      vertex   -1.316611e+02 2.235418e+00 0.000000e+00
    endloop
  endfacet
  facet normal 0.000000e+00 -0.000000e+00 1.000000e+00
    outer loop
      vertex   -1.316611e+02 2.235418e+00 0.000000e+00
      vertex   -1.269200e+02 1.300000e+01 0.000000e+00
      vertex   -1.354520e+02 2.500000e+01 0.000000e+00
    endloop
  endfacet
  facet normal 0.000000e+00 0.000000e+00 1.000000e+00
    outer loop
      vertex   -1.316611e+02 2.235418e+00 0.000000e+00
      vertex   -1.354520e+02 2.500000e+01 0.000000e+00
      vertex   -1.325561e+02 1.895968e+00 0.000000e+00
    endloop
  endfacet
  facet normal 0.000000e+00 -0.000000e+00 1.000000e+00
    outer loop
      vertex   -1.269200e+02 1.300000e+01 0.000000e+00
      vertex   -1.267190e+02 1.375000e+01 0.000000e+00
      vertex   -1.354520e+02 2.500000e+01 0.000000e+00
    endloop
  endfacet
  facet normal -0.000000e+00 0.000000e+00 1.000000e+00
    outer loop
      vertex   -1.254200e+02 1.450000e+01 0.000000e+00
      vertex   -1.246700e+02 1.429904e+01 0.000000e+00
      vertex   -1.229200e+02 2.500000e+01 0.000000e+00
    endloop
  endfacet
  facet normal 0.000000e+00 0.000000e+00 1.000000e+00
    outer loop
      vertex   -1.229200e+02 2.500000e+01 0.000000e+00
      vertex   -1.246700e+02 1.429904e+01 0.000000e+00
      vertex   -1.241210e+02 1.375000e+01 0.000000e+00
    endloop
  endfacet
  facet normal 0.000000e+00 0.000000e+00 1.000000e+00
    outer loop
      vertex   -1.229200e+02 2.500000e+01 0.000000e+00
      vertex   -1.241210e+02 1.375000e+01 0.000000e+00
      vertex   -1.239200e+02 1.300000e+01 0.000000e+00
    endloop
  endfacet
  facet normal 0.000000e+00 0.000000e+00 1.000000e+00
    outer loop
      vertex   -1.316611e+02 -1.735418e+00 0.000000e+00
      vertex   -1.325561e+02 -1.395968e+00 0.000000e+00
      vertex   -1.354520e+02 -1.500000e+01 0.000000e+00
    endloop
  endfacet
  facet normal 0.000000e+00 0.000000e+00 1.000000e+00
    outer loop
      vertex   -1.354520e+02 -1.500000e+01 0.000000e+00
      vertex   -1.325561e+02 -1.395968e+00 0.000000e+00
      vertex   -1.331909e+02 -6.794463e-01 0.000000e+00
    endloop
  endfacet
  facet normal 0.000000e+00 0.000000e+00 1.000000e+00
    outer loop
      vertex   -1.354520e+02 -1.500000e+01 0.000000e+00
      vertex   -1.331909e+02 -6.794463e-01 0.000000e+00
      vertex   -1.334200e+02 2.500000e-01 0.000000e+00
    endloop
  endfacet
  facet normal 0.000000e+00 1.000000e+00 0.000000e+00
    outer loop
      vertex   -2.015568e+02 2.500000e+01 1.150000e+01
      vertex   -1.928400e+02 2.500000e+01 1.850000e+01
      vertex   -1.830131e+02 2.500000e+01 1.150000e+01
    endloop
  endfacet
  facet normal 0.000000e+00 1.000000e+00 -0.000000e+00
    outer loop
      vertex   -1.830131e+02 2.500000e+01 1.150000e+01
      vertex   -1.928400e+02 2.500000e+01 1.850000e+01
      vertex   -1.728400e+02 2.500000e+01 1.850000e+01
    endloop
  endfacet
  facet normal -0.000000e+00 1.000000e+00 0.000000e+00
    outer loop
      vertex   -1.830131e+02 2.500000e+01 1.150000e+01
      vertex   -1.728400e+02 2.500000e+01 1.850000e+01
      vertex   -1.821482e+02 2.500000e+01 1.130332e+01
    endloop
  endfacet
  facet normal 0.000000e+00 1.000000e+00 0.000000e+00
    outer loop
      vertex   -1.821482e+02 2.500000e+01 1.130332e+01
      vertex   -1.728400e+02 2.500000e+01 1.850000e+01
      vertex   -1.528400e+02 2.500000e+01 1.850000e+01
    endloop
  endfacet
  facet normal -0.000000e+00 1.000000e+00 0.000000e+00
    outer loop
      vertex   -1.821482e+02 2.500000e+01 1.130332e+01
      vertex   -1.528400e+02 2.500000e+01 1.850000e+01
      vertex   -1.474200e+02 2.500000e+01 8.000000e+00
    endloop
  endfacet
  facet normal 0.000000e+00 1.000000e+00 0.000000e+00
    outer loop
      vertex   -1.474200e+02 2.500000e+01 8.000000e+00
      vertex   -1.528400e+02 2.500000e+01 1.850000e+01
      vertex   -1.520900e+02 2.500000e+01 1.870096e+01
    endloop
  endfacet
  facet normal 0.000000e+00 1.000000e+00 0.000000e+00
    outer loop
      vertex   -1.474200e+02 2.500000e+01 8.000000e+00
      vertex   -1.520900e+02 2.500000e+01 1.870096e+01
      vertex   -1.515410e+02 2.500000e+01 1.925000e+01
    endloop
  endfacet
  facet normal 0.000000e+00 1.000000e+00 -0.000000e+00
    outer loop
      vertex   -2.024217e+02 2.500000e+01 1.130332e+01
      vertex   -2.287616e+02 2.500000e+01 1.130332e+01
      vertex   -2.015568e+02 2.500000e+01 1.150000e+01
    endloop
  endfacet
  facet normal 0.000000e+00 1.000000e+00 0.000000e+00
    outer loop
      vertex   -2.015568e+02 2.500000e+01 1.150000e+01
      vertex   -2.287616e+02 2.500000e+01 1.130332e+01
      vertex   -2.296265e+02 2.500000e+01 1.150000e+01
    endloop
  endfacet
  facet normal 0.000000e+00 1.000000e+00 0.000000e+00
    outer loop
      vertex   -2.015568e+02 2.500000e+01 1.150000e+01
      vertex   -2.296265e+02 2.500000e+01 1.150000e+01
      vertex   -2.128400e+02 2.500000e+01 1.850000e+01
    endloop
  endfacet
  facet normal 0.000000e+00 1.000000e+00 0.000000e+00
    outer loop
      vertex   -2.128400e+02 2.500000e+01 1.850000e+01
      vertex   -2.296265e+02 2.500000e+01 1.150000e+01
      vertex   -2.328400e+02 2.500000e+01 1.850000e+01
    endloop
  endfacet
  facet normal 0.000000e+00 1.000000e+00 0.000000e+00
    outer loop
      vertex   -2.128400e+02 2.500000e+01 1.850000e+01
      vertex   -2.328400e+02 2.500000e+01 1.850000e+01
      vertex   -2.135900e+02 2.500000e+01 1.870096e+01
    endloop
  endfacet
  facet normal 0.000000e+00 1.000000e+00 0.000000e+00
    outer loop
      vertex   -2.135900e+02 2.500000e+01 1.870096e+01
      vertex   -2.328400e+02 2.500000e+01 1.850000e+01
      vertex   -2.320900e+02 2.500000e+01 1.870096e+01
    endloop
  endfacet
  facet normal 0.000000e+00 1.000000e+00 0.000000e+00
    outer loop
      vertex   -2.135900e+02 2.500000e+01 1.870096e+01
      vertex   -2.320900e+02 2.500000e+01 1.870096e+01
      vertex   -2.141390e+02 2.500000e+01 1.925000e+01
    endloop
  endfacet
  facet normal 0.000000e+00 1.000000e+00 0.000000e+00
    outer loop
      vertex   -2.141390e+02 2.500000e+01 1.925000e+01
      vertex   -2.320900e+02 2.500000e+01 1.870096e+01
      vertex   -2.315410e+02 2.500000e+01 1.925000e+01
    endloop
  endfacet
  facet normal 0.000000e+00 1.000000e+00 0.000000e+00
    outer loop
      vertex   -2.141390e+02 2.500000e+01 1.925000e+01
      vertex   -2.315410e+02 2.500000e+01 1.925000e+01
      vertex   -2.143400e+02 2.500000e+01 2.000000e+01
    endloop
  endfacet
  facet normal 0.000000e+00 1.000000e+00 0.000000e+00
    outer loop
      vertex   -2.143400e+02 2.500000e+01 2.000000e+01
      vertex   -2.315410e+02 2.500000e+01 1.925000e+01
      vertex   -2.313400e+02 2.500000e+01 2.000000e+01
    endloop
  endfacet
  facet normal 0.000000e+00 1.000000e+00 0.000000e+00
    outer loop
      vertex   -2.143400e+02 2.500000e+01 2.000000e+01
      vertex   -2.313400e+02 2.500000e+01 2.000000e+01
      vertex   -2.315410e+02 2.500000e+01 2.075000e+01
    endloop
  endfacet
  facet normal 0.000000e+00 1.000000e+00 0.000000e+00
    outer loop
      vertex   -2.024217e+02 2.500000e+01 1.130332e+01
      vertex   -2.031164e+02 2.500000e+01 1.075196e+01
      vertex   -2.287616e+02 2.500000e+01 1.130332e+01
    endloop
  endfacet
  facet normal 0.000000e+00 1.000000e+00 0.000000e+00
    outer loop
      vertex   -2.287616e+02 2.500000e+01 1.130332e+01
      vertex   -2.031164e+02 2.500000e+01 1.075196e+01
      vertex   -2.280668e+02 2.500000e+01 1.075196e+01
    endloop
  endfacet
  facet normal -0.000000e+00 1.000000e+00 0.000000e+00
    outer loop
      vertex   -2.280668e+02 2.500000e+01 1.075196e+01
      vertex   -2.031164e+02 2.500000e+01 1.075196e+01
      vertex   -2.162289e+02 2.500000e+01 9.016271e+00
    endloop
  endfacet
  facet normal 0.000000e+00 1.000000e+00 0.000000e+00
    outer loop
      vertex   -2.280668e+02 2.500000e+01 1.075196e+01
      vertex   -2.162289e+02 2.500000e+01 9.016271e+00
      vertex   -2.168377e+02 2.500000e+01 9.016271e+00
    endloop
  endfacet
  facet normal 0.000000e+00 1.000000e+00 0.000000e+00
    outer loop
      vertex   -2.031164e+02 2.500000e+01 1.075196e+01
      vertex   -2.035045e+02 2.500000e+01 9.954368e+00
      vertex   -2.162289e+02 2.500000e+01 9.016271e+00
    endloop
  endfacet
  facet normal -0.000000e+00 1.000000e+00 0.000000e+00
    outer loop
      vertex   -2.162289e+02 2.500000e+01 9.016271e+00
      vertex   -2.035045e+02 2.500000e+01 9.954368e+00
      vertex   -2.156484e+02 2.500000e+01 8.833120e+00
    endloop
  endfacet
  facet normal 0.000000e+00 1.000000e+00 0.000000e+00
    outer loop
      vertex   -2.156484e+02 2.500000e+01 8.833120e+00
      vertex   -2.035045e+02 2.500000e+01 9.954368e+00
      vertex   -2.035094e+02 2.500000e+01 9.067409e+00
    endloop
  endfacet
  facet normal -0.000000e+00 1.000000e+00 0.000000e+00
    outer loop
      vertex   -2.156484e+02 2.500000e+01 8.833120e+00
      vertex   -2.035094e+02 2.500000e+01 9.067409e+00
      vertex   -2.031303e+02 2.500000e+01 8.265532e+00
    endloop
  endfacet
  facet normal 0.000000e+00 1.000000e+00 0.000000e+00
    outer loop
      vertex   -2.031303e+02 2.500000e+01 8.265532e+00
      vertex   -2.024417e+02 2.500000e+01 7.706451e+00
      vertex   -2.156484e+02 2.500000e+01 8.833120e+00
    endloop
  endfacet
  facet normal 0.000000e+00 1.000000e+00 0.000000e+00
    outer loop
      vertex   -2.156484e+02 2.500000e+01 8.833120e+00
      vertex   -2.024417e+02 2.500000e+01 7.706451e+00
      vertex   -2.054348e+02 2.500000e+01 3.793549e+00
    endloop
  endfacet
  facet normal -0.000000e+00 1.000000e+00 0.000000e+00
    outer loop
      vertex   -2.054348e+02 2.500000e+01 3.793549e+00
      vertex   -2.024417e+02 2.500000e+01 7.706451e+00
      vertex   -1.931699e+02 2.500000e+01 3.131542e+00
    endloop
  endfacet
  facet normal 0.000000e+00 1.000000e+00 0.000000e+00
    outer loop
      vertex   -2.054348e+02 2.500000e+01 3.793549e+00
      vertex   -1.931699e+02 2.500000e+01 3.131542e+00
      vertex   -2.047462e+02 2.500000e+01 3.234468e+00
    endloop
  endfacet
  facet normal 0.000000e+00 1.000000e+00 0.000000e+00
    outer loop
      vertex   -2.047462e+02 2.500000e+01 3.234468e+00
      vertex   -1.931699e+02 2.500000e+01 3.131542e+00
      vertex   -2.043671e+02 2.500000e+01 2.432591e+00
    endloop
  endfacet
  facet normal 0.000000e+00 1.000000e+00 0.000000e+00
    outer loop
      vertex   -2.043671e+02 2.500000e+01 2.432591e+00
      vertex   -1.931699e+02 2.500000e+01 3.131542e+00
      vertex   -1.925893e+02 2.500000e+01 2.948391e+00
    endloop
  endfacet
  facet normal -0.000000e+00 1.000000e+00 0.000000e+00
    outer loop
      vertex   -2.043671e+02 2.500000e+01 2.432591e+00
      vertex   -1.925893e+02 2.500000e+01 2.948391e+00
      vertex   -2.043721e+02 2.500000e+01 1.545632e+00
    endloop
  endfacet
  facet normal -0.000000e+00 1.000000e+00 0.000000e+00
    outer loop
      vertex   -2.043721e+02 2.500000e+01 1.545632e+00
      vertex   -1.925893e+02 2.500000e+01 2.948391e+00
      vertex   -2.047601e+02 2.500000e+01 7.480378e-01
    endloop
  endfacet
  facet normal 0.000000e+00 1.000000e+00 0.000000e+00
    outer loop
      vertex   -2.047601e+02 2.500000e+01 7.480378e-01
      vertex   -1.925893e+02 2.500000e+01 2.948391e+00
      vertex   -1.816932e+02 2.500000e+01 7.480378e-01
    endloop
  endfacet
  facet normal -0.000000e+00 1.000000e+00 0.000000e+00
    outer loop
      vertex   -2.047601e+02 2.500000e+01 7.480378e-01
      vertex   -1.816932e+02 2.500000e+01 7.480378e-01
      vertex   -2.054549e+02 2.500000e+01 1.966802e-01
    endloop
  endfacet
  facet normal 0.000000e+00 1.000000e+00 0.000000e+00
    outer loop
      vertex   -2.054549e+02 2.500000e+01 1.966802e-01
      vertex   -1.816932e+02 2.500000e+01 7.480378e-01
      vertex   -1.809984e+02 2.500000e+01 1.966802e-01
    endloop
  endfacet
  facet normal -0.000000e+00 1.000000e+00 0.000000e+00
    outer loop
      vertex   -2.054549e+02 2.500000e+01 1.966802e-01
      vertex   -1.809984e+02 2.500000e+01 1.966802e-01
      vertex   -2.063198e+02 2.500000e+01 -3.330669e-15
    endloop
  endfacet
  facet normal 0.000000e+00 1.000000e+00 0.000000e+00
    outer loop
      vertex   -2.063198e+02 2.500000e+01 -3.330669e-15
      vertex   -1.809984e+02 2.500000e+01 1.966802e-01
      vertex   -1.801335e+02 2.500000e+01 -3.330669e-15
    endloop
  endfacet
  facet normal -0.000000e+00 1.000000e+00 0.000000e+00
    outer loop
      vertex   -2.063198e+02 2.500000e+01 -3.330669e-15
      vertex   -1.801335e+02 2.500000e+01 -3.330669e-15
      vertex   -2.438400e+02 2.500000e+01 -4.000000e+00
    endloop
  endfacet
  facet normal 0.000000e+00 1.000000e+00 0.000000e+00
    outer loop
      vertex   -2.438400e+02 2.500000e+01 -4.000000e+00
      vertex   -1.801335e+02 2.500000e+01 -3.330669e-15
      vertex   -1.367020e+02 2.500000e+01 -2.255963e+00
    endloop
  endfacet
  facet normal 0.000000e+00 1.000000e+00 0.000000e+00
    outer loop
      vertex   -2.438400e+02 2.500000e+01 -4.000000e+00
      vertex   -1.367020e+02 2.500000e+01 -2.255963e+00
      vertex   -1.229200e+02 2.500000e+01 -4.000000e+00
    endloop
  endfacet
  facet normal 0.000000e+00 1.000000e+00 0.000000e+00
    outer loop
      vertex   -1.229200e+02 2.500000e+01 -4.000000e+00
      vertex   -1.367020e+02 2.500000e+01 -2.255963e+00
      vertex   -1.360770e+02 2.500000e+01 -2.088494e+00
    endloop
  endfacet
  facet normal 0.000000e+00 1.000000e+00 0.000000e+00
    outer loop
      vertex   -1.229200e+02 2.500000e+01 -4.000000e+00
      vertex   -1.360770e+02 2.500000e+01 -2.088494e+00
      vertex   -1.356195e+02 2.500000e+01 -1.630963e+00
    endloop
  endfacet
  facet normal -0.000000e+00 1.000000e+00 0.000000e+00
    outer loop
      vertex   -1.925893e+02 2.500000e+01 2.948391e+00
      vertex   -1.919806e+02 2.500000e+01 2.948391e+00
      vertex   -1.816932e+02 2.500000e+01 7.480378e-01
    endloop
  endfacet
  facet normal 0.000000e+00 1.000000e+00 0.000000e+00
    outer loop
      vertex   -1.816932e+02 2.500000e+01 7.480378e-01
      vertex   -1.919806e+02 2.500000e+01 2.948391e+00
      vertex   -1.820812e+02 2.500000e+01 1.545632e+00
    endloop
  endfacet
  facet normal 0.000000e+00 1.000000e+00 0.000000e+00
    outer loop
      vertex   -1.820812e+02 2.500000e+01 1.545632e+00
      vertex   -1.919806e+02 2.500000e+01 2.948391e+00
      vertex   -1.820862e+02 2.500000e+01 2.432591e+00
    endloop
  endfacet
  facet normal 0.000000e+00 1.000000e+00 0.000000e+00
    outer loop
      vertex   -1.820862e+02 2.500000e+01 2.432591e+00
      vertex   -1.919806e+02 2.500000e+01 2.948391e+00
      vertex   -1.914000e+02 2.500000e+01 3.131542e+00
    endloop
  endfacet
  facet normal 0.000000e+00 1.000000e+00 -0.000000e+00
    outer loop
      vertex   -1.820862e+02 2.500000e+01 2.432591e+00
      vertex   -1.914000e+02 2.500000e+01 3.131542e+00
      vertex   -1.817071e+02 2.500000e+01 3.234468e+00
    endloop
  endfacet
  facet normal 0.000000e+00 1.000000e+00 -0.000000e+00
    outer loop
      vertex   -1.817071e+02 2.500000e+01 3.234468e+00
      vertex   -1.914000e+02 2.500000e+01 3.131542e+00
      vertex   -1.810185e+02 2.500000e+01 3.793549e+00
    endloop
  endfacet
  facet normal 0.000000e+00 1.000000e+00 0.000000e+00
    outer loop
      vertex   -1.810185e+02 2.500000e+01 3.793549e+00
      vertex   -1.914000e+02 2.500000e+01 3.131542e+00
      vertex   -1.821282e+02 2.500000e+01 7.706451e+00
    endloop
  endfacet
  facet normal 0.000000e+00 1.000000e+00 -0.000000e+00
    outer loop
      vertex   -1.810185e+02 2.500000e+01 3.793549e+00
      vertex   -1.821282e+02 2.500000e+01 7.706451e+00
      vertex   -1.728050e+02 2.500000e+01 7.846278e+00
    endloop
  endfacet
  facet normal 0.000000e+00 1.000000e+00 0.000000e+00
    outer loop
      vertex   -1.728050e+02 2.500000e+01 7.846278e+00
      vertex   -1.821282e+02 2.500000e+01 7.706451e+00
      vertex   -1.814396e+02 2.500000e+01 8.265532e+00
    endloop
  endfacet
  facet normal 0.000000e+00 1.000000e+00 -0.000000e+00
    outer loop
      vertex   -1.728050e+02 2.500000e+01 7.846278e+00
      vertex   -1.814396e+02 2.500000e+01 8.265532e+00
      vertex   -1.720250e+02 2.500000e+01 8.049969e+00
    endloop
  endfacet
  facet normal 0.000000e+00 1.000000e+00 0.000000e+00
    outer loop
      vertex   -1.720250e+02 2.500000e+01 8.049969e+00
      vertex   -1.814396e+02 2.500000e+01 8.265532e+00
      vertex   -1.810605e+02 2.500000e+01 9.067409e+00
    endloop
  endfacet
  facet normal 0.000000e+00 1.000000e+00 0.000000e+00
    outer loop
      vertex   -1.720250e+02 2.500000e+01 8.049969e+00
      vertex   -1.810605e+02 2.500000e+01 9.067409e+00
      vertex   -1.810654e+02 2.500000e+01 9.954368e+00
    endloop
  endfacet
  facet normal -0.000000e+00 1.000000e+00 -0.000000e+00
    outer loop
      vertex   -1.810654e+02 2.500000e+01 9.954368e+00
      vertex   -1.814535e+02 2.500000e+01 1.075196e+01
      vertex   -1.720250e+02 2.500000e+01 8.049969e+00
    endloop
  endfacet
  facet normal -0.000000e+00 1.000000e+00 -0.000000e+00
    outer loop
      vertex   -1.720250e+02 2.500000e+01 8.049969e+00
      vertex   -1.814535e+02 2.500000e+01 1.075196e+01
      vertex   -1.474200e+02 2.500000e+01 8.000000e+00
    endloop
  endfacet
  facet normal 0.000000e+00 1.000000e+00 0.000000e+00
    outer loop
      vertex   -1.720250e+02 2.500000e+01 8.049969e+00
      vertex   -1.474200e+02 2.500000e+01 8.000000e+00
      vertex   -1.712280e+02 2.500000e+01 7.929203e+00
    endloop
  endfacet
  facet normal -0.000000e+00 1.000000e+00 0.000000e+00
    outer loop
      vertex   -1.712280e+02 2.500000e+01 7.929203e+00
      vertex   -1.474200e+02 2.500000e+01 8.000000e+00
      vertex   -1.705434e+02 2.500000e+01 7.503599e+00
    endloop
  endfacet
  facet normal -0.000000e+00 1.000000e+00 0.000000e+00
    outer loop
      vertex   -1.705434e+02 2.500000e+01 7.503599e+00
      vertex   -1.474200e+02 2.500000e+01 8.000000e+00
      vertex   -1.700825e+02 2.500000e+01 6.842298e+00
    endloop
  endfacet
  facet normal -0.000000e+00 1.000000e+00 0.000000e+00
    outer loop
      vertex   -1.700825e+02 2.500000e+01 6.842298e+00
      vertex   -1.474200e+02 2.500000e+01 8.000000e+00
      vertex   -1.699200e+02 2.500000e+01 6.052729e+00
    endloop
  endfacet
  facet normal -0.000000e+00 1.000000e+00 0.000000e+00
    outer loop
      vertex   -1.699200e+02 2.500000e+01 6.052729e+00
      vertex   -1.474200e+02 2.500000e+01 8.000000e+00
      vertex   -1.429200e+02 2.500000e+01 5.631579e+00
    endloop
  endfacet
  facet normal 0.000000e+00 1.000000e+00 0.000000e+00
    outer loop
      vertex   -1.699200e+02 2.500000e+01 6.052729e+00
      vertex   -1.429200e+02 2.500000e+01 5.631579e+00
      vertex   -1.699200e+02 2.500000e+01 2.000000e+00
    endloop
  endfacet
  facet normal -0.000000e+00 1.000000e+00 0.000000e+00
    outer loop
      vertex   -1.699200e+02 2.500000e+01 2.000000e+00
      vertex   -1.429200e+02 2.500000e+01 5.631579e+00
      vertex   -1.429200e+02 2.500000e+01 0.000000e+00
    endloop
  endfacet
  facet normal 0.000000e+00 1.000000e+00 0.000000e+00
    outer loop
      vertex   -1.699200e+02 2.500000e+01 2.000000e+00
      vertex   -1.429200e+02 2.500000e+01 0.000000e+00
      vertex   -1.700722e+02 2.500000e+01 1.234633e+00
    endloop
  endfacet
  facet normal 0.000000e+00 1.000000e+00 0.000000e+00
    outer loop
      vertex   -1.700722e+02 2.500000e+01 1.234633e+00
      vertex   -1.429200e+02 2.500000e+01 0.000000e+00
      vertex   -1.705058e+02 2.500000e+01 5.857864e-01
    endloop
  endfacet
  facet normal 0.000000e+00 1.000000e+00 0.000000e+00
    outer loop
      vertex   -1.705058e+02 2.500000e+01 5.857864e-01
      vertex   -1.429200e+02 2.500000e+01 0.000000e+00
      vertex   -1.711546e+02 2.500000e+01 1.522409e-01
    endloop
  endfacet
  facet normal 0.000000e+00 1.000000e+00 0.000000e+00
    outer loop
      vertex   -1.711546e+02 2.500000e+01 1.522409e-01
      vertex   -1.429200e+02 2.500000e+01 0.000000e+00
      vertex   -1.719200e+02 2.500000e+01 -3.330669e-15
    endloop
  endfacet
  facet normal -0.000000e+00 1.000000e+00 0.000000e+00
    outer loop
      vertex   -1.719200e+02 2.500000e+01 -3.330669e-15
      vertex   -1.429200e+02 2.500000e+01 0.000000e+00
      vertex   -1.373270e+02 2.500000e+01 -2.088494e+00
    endloop
  endfacet
  facet normal 0.000000e+00 1.000000e+00 0.000000e+00
    outer loop
      vertex   -1.719200e+02 2.500000e+01 -3.330669e-15
      vertex   -1.373270e+02 2.500000e+01 -2.088494e+00
      vertex   -1.367020e+02 2.500000e+01 -2.255963e+00
    endloop
  endfacet
  facet normal -0.000000e+00 1.000000e+00 -0.000000e+00
    outer loop
      vertex   -1.814535e+02 2.500000e+01 1.075196e+01
      vertex   -1.821482e+02 2.500000e+01 1.130332e+01
      vertex   -1.474200e+02 2.500000e+01 8.000000e+00
    endloop
  endfacet
  facet normal 0.000000e+00 1.000000e+00 0.000000e+00
    outer loop
      vertex   -2.296265e+02 2.500000e+01 1.150000e+01
      vertex   -2.378400e+02 2.500000e+01 1.150000e+01
      vertex   -2.328400e+02 2.500000e+01 1.850000e+01
    endloop
  endfacet
  facet normal 0.000000e+00 1.000000e+00 0.000000e+00
    outer loop
      vertex   -2.328400e+02 2.500000e+01 1.850000e+01
      vertex   -2.378400e+02 2.500000e+01 1.150000e+01
      vertex   -2.438400e+02 2.500000e+01 1.950000e+01
    endloop
  endfacet
  facet normal 0.000000e+00 1.000000e+00 0.000000e+00
    outer loop
      vertex   -2.328400e+02 2.500000e+01 1.850000e+01
      vertex   -2.438400e+02 2.500000e+01 1.950000e+01
      vertex   -2.335900e+02 2.500000e+01 1.870096e+01
    endloop
  endfacet
  facet normal 0.000000e+00 1.000000e+00 0.000000e+00
    outer loop
      vertex   -2.335900e+02 2.500000e+01 1.870096e+01
      vertex   -2.438400e+02 2.500000e+01 1.950000e+01
      vertex   -2.341390e+02 2.500000e+01 1.925000e+01
    endloop
  endfacet
  facet normal 0.000000e+00 1.000000e+00 0.000000e+00
    outer loop
      vertex   -2.341390e+02 2.500000e+01 1.925000e+01
      vertex   -2.438400e+02 2.500000e+01 1.950000e+01
      vertex   -2.343400e+02 2.500000e+01 2.000000e+01
    endloop
  endfacet
  facet normal 0.000000e+00 1.000000e+00 -0.000000e+00
    outer loop
      vertex   -2.343400e+02 2.500000e+01 2.000000e+01
      vertex   -2.438400e+02 2.500000e+01 1.950000e+01
      vertex   -2.341390e+02 2.500000e+01 2.075000e+01
    endloop
  endfacet
  facet normal 0.000000e+00 1.000000e+00 0.000000e+00
    outer loop
      vertex   -2.341390e+02 2.500000e+01 2.075000e+01
      vertex   -2.438400e+02 2.500000e+01 1.950000e+01
      vertex   -2.516153e+02 2.500000e+01 2.086603e+01
    endloop
  endfacet
  facet normal 0.000000e+00 1.000000e+00 -0.000000e+00
    outer loop
      vertex   -2.341390e+02 2.500000e+01 2.075000e+01
      vertex   -2.516153e+02 2.500000e+01 2.086603e+01
      vertex   -2.335900e+02 2.500000e+01 2.129904e+01
    endloop
  endfacet
  facet normal 0.000000e+00 1.000000e+00 0.000000e+00
    outer loop
      vertex   -2.335900e+02 2.500000e+01 2.129904e+01
      vertex   -2.516153e+02 2.500000e+01 2.086603e+01
      vertex   -2.521504e+02 2.500000e+01 2.133211e+01
    endloop
  endfacet
  facet normal 0.000000e+00 1.000000e+00 -0.000000e+00
    outer loop
      vertex   -2.335900e+02 2.500000e+01 2.129904e+01
      vertex   -2.521504e+02 2.500000e+01 2.133211e+01
      vertex   -2.328400e+02 2.500000e+01 2.150000e+01
    endloop
  endfacet
  facet normal 0.000000e+00 1.000000e+00 0.000000e+00
    outer loop
      vertex   -2.328400e+02 2.500000e+01 2.150000e+01
      vertex   -2.521504e+02 2.500000e+01 2.133211e+01
      vertex   -2.528400e+02 2.500000e+01 2.150000e+01
    endloop
  endfacet
  facet normal 0.000000e+00 1.000000e+00 0.000000e+00
    outer loop
      vertex   -2.328400e+02 2.500000e+01 2.150000e+01
      vertex   -2.528400e+02 2.500000e+01 2.150000e+01
      vertex   -2.728400e+02 2.500000e+01 2.450000e+01
    endloop
  endfacet
  facet normal 0.000000e+00 1.000000e+00 0.000000e+00
    outer loop
      vertex   -2.728400e+02 2.500000e+01 2.450000e+01
      vertex   -2.528400e+02 2.500000e+01 2.150000e+01
      vertex   -2.535296e+02 2.500000e+01 2.133211e+01
    endloop
  endfacet
  facet normal 0.000000e+00 1.000000e+00 0.000000e+00
    outer loop
      vertex   -2.728400e+02 2.500000e+01 2.450000e+01
      vertex   -2.535296e+02 2.500000e+01 2.133211e+01
      vertex   -2.728400e+02 2.500000e+01 1.950000e+01
    endloop
  endfacet
  facet normal 0.000000e+00 1.000000e+00 0.000000e+00
    outer loop
      vertex   -2.728400e+02 2.500000e+01 1.950000e+01
      vertex   -2.535296e+02 2.500000e+01 2.133211e+01
      vertex   -2.540647e+02 2.500000e+01 2.086603e+01
    endloop
  endfacet
  facet normal 0.000000e+00 1.000000e+00 0.000000e+00
    outer loop
      vertex   -2.728400e+02 2.500000e+01 1.950000e+01
      vertex   -2.540647e+02 2.500000e+01 2.086603e+01
      vertex   -2.543258e+02 2.500000e+01 2.020608e+01
    endloop
  endfacet
  facet normal 0.000000e+00 1.000000e+00 0.000000e+00
    outer loop
      vertex   -2.378400e+02 2.500000e+01 1.150000e+01
      vertex   -2.386054e+02 2.500000e+01 1.134776e+01
      vertex   -2.438400e+02 2.500000e+01 1.950000e+01
    endloop
  endfacet
  facet normal 0.000000e+00 1.000000e+00 0.000000e+00
    outer loop
      vertex   -2.438400e+02 2.500000e+01 1.950000e+01
      vertex   -2.386054e+02 2.500000e+01 1.134776e+01
      vertex   -2.392542e+02 2.500000e+01 1.091421e+01
    endloop
  endfacet
  facet normal 0.000000e+00 1.000000e+00 0.000000e+00
    outer loop
      vertex   -2.438400e+02 2.500000e+01 1.950000e+01
      vertex   -2.392542e+02 2.500000e+01 1.091421e+01
      vertex   -2.396878e+02 2.500000e+01 1.026537e+01
    endloop
  endfacet
  facet normal 0.000000e+00 1.000000e+00 0.000000e+00
    outer loop
      vertex   -2.396878e+02 2.500000e+01 1.026537e+01
      vertex   -2.398400e+02 2.500000e+01 9.500000e+00
      vertex   -2.438400e+02 2.500000e+01 1.950000e+01
    endloop
  endfacet
  facet normal 0.000000e+00 1.000000e+00 0.000000e+00
    outer loop
      vertex   -2.438400e+02 2.500000e+01 1.950000e+01
      vertex   -2.398400e+02 2.500000e+01 9.500000e+00
      vertex   -2.438400e+02 2.500000e+01 -4.000000e+00
    endloop
  endfacet
  facet normal 0.000000e+00 1.000000e+00 0.000000e+00
    outer loop
      vertex   -2.438400e+02 2.500000e+01 -4.000000e+00
      vertex   -2.398400e+02 2.500000e+01 9.500000e+00
      vertex   -2.398400e+02 2.500000e+01 5.447271e+00
    endloop
  endfacet
  facet normal 0.000000e+00 1.000000e+00 0.000000e+00
    outer loop
      vertex   -2.438400e+02 2.500000e+01 -4.000000e+00
      vertex   -2.398400e+02 2.500000e+01 5.447271e+00
      vertex   -2.396775e+02 2.500000e+01 4.657702e+00
    endloop
  endfacet
  facet normal 0.000000e+00 1.000000e+00 0.000000e+00
    outer loop
      vertex   -2.396775e+02 2.500000e+01 4.657702e+00
      vertex   -2.392166e+02 2.500000e+01 3.996401e+00
      vertex   -2.438400e+02 2.500000e+01 -4.000000e+00
    endloop
  endfacet
  facet normal 0.000000e+00 1.000000e+00 0.000000e+00
    outer loop
      vertex   -2.438400e+02 2.500000e+01 -4.000000e+00
      vertex   -2.392166e+02 2.500000e+01 3.996401e+00
      vertex   -2.385320e+02 2.500000e+01 3.570797e+00
    endloop
  endfacet
  facet normal 0.000000e+00 1.000000e+00 0.000000e+00
    outer loop
      vertex   -2.438400e+02 2.500000e+01 -4.000000e+00
      vertex   -2.385320e+02 2.500000e+01 3.570797e+00
      vertex   -2.377350e+02 2.500000e+01 3.450031e+00
    endloop
  endfacet
  facet normal 0.000000e+00 1.000000e+00 0.000000e+00
    outer loop
      vertex   -2.369550e+02 2.500000e+01 3.653722e+00
      vertex   -2.283204e+02 2.500000e+01 3.234468e+00
      vertex   -2.377350e+02 2.500000e+01 3.450031e+00
    endloop
  endfacet
  facet normal 0.000000e+00 1.000000e+00 0.000000e+00
    outer loop
      vertex   -2.377350e+02 2.500000e+01 3.450031e+00
      vertex   -2.283204e+02 2.500000e+01 3.234468e+00
      vertex   -2.286995e+02 2.500000e+01 2.432591e+00
    endloop
  endfacet
  facet normal 0.000000e+00 1.000000e+00 0.000000e+00
    outer loop
      vertex   -2.377350e+02 2.500000e+01 3.450031e+00
      vertex   -2.286995e+02 2.500000e+01 2.432591e+00
      vertex   -2.286946e+02 2.500000e+01 1.545632e+00
    endloop
  endfacet
  facet normal 0.000000e+00 1.000000e+00 -0.000000e+00
    outer loop
      vertex   -2.283204e+02 2.500000e+01 3.234468e+00
      vertex   -2.369550e+02 2.500000e+01 3.653722e+00
      vertex   -2.276318e+02 2.500000e+01 3.793549e+00
    endloop
  endfacet
  facet normal 0.000000e+00 1.000000e+00 0.000000e+00
    outer loop
      vertex   -2.276318e+02 2.500000e+01 3.793549e+00
      vertex   -2.369550e+02 2.500000e+01 3.653722e+00
      vertex   -2.287415e+02 2.500000e+01 7.706451e+00
    endloop
  endfacet
  facet normal 0.000000e+00 1.000000e+00 -0.000000e+00
    outer loop
      vertex   -2.276318e+02 2.500000e+01 3.793549e+00
      vertex   -2.287415e+02 2.500000e+01 7.706451e+00
      vertex   -2.174183e+02 2.500000e+01 8.833120e+00
    endloop
  endfacet
  facet normal 0.000000e+00 1.000000e+00 0.000000e+00
    outer loop
      vertex   -2.174183e+02 2.500000e+01 8.833120e+00
      vertex   -2.287415e+02 2.500000e+01 7.706451e+00
      vertex   -2.280529e+02 2.500000e+01 8.265532e+00
    endloop
  endfacet
  facet normal 0.000000e+00 1.000000e+00 0.000000e+00
    outer loop
      vertex   -2.174183e+02 2.500000e+01 8.833120e+00
      vertex   -2.280529e+02 2.500000e+01 8.265532e+00
      vertex   -2.276738e+02 2.500000e+01 9.067409e+00
    endloop
  endfacet
  facet normal 0.000000e+00 1.000000e+00 -0.000000e+00
    outer loop
      vertex   -2.174183e+02 2.500000e+01 8.833120e+00
      vertex   -2.276738e+02 2.500000e+01 9.067409e+00
      vertex   -2.168377e+02 2.500000e+01 9.016271e+00
    endloop
  endfacet
  facet normal 0.000000e+00 1.000000e+00 0.000000e+00
    outer loop
      vertex   -2.168377e+02 2.500000e+01 9.016271e+00
      vertex   -2.276738e+02 2.500000e+01 9.067409e+00
      vertex   -2.276788e+02 2.500000e+01 9.954368e+00
    endloop
  endfacet
  facet normal 0.000000e+00 1.000000e+00 0.000000e+00
    outer loop
      vertex   -2.168377e+02 2.500000e+01 9.016271e+00
      vertex   -2.276788e+02 2.500000e+01 9.954368e+00
      vertex   -2.280668e+02 2.500000e+01 1.075196e+01
    endloop
  endfacet
  facet normal -0.000000e+00 1.000000e+00 0.000000e+00
    outer loop
      vertex   -1.801335e+02 2.500000e+01 -3.330669e-15
      vertex   -1.719200e+02 2.500000e+01 -3.330669e-15
      vertex   -1.367020e+02 2.500000e+01 -2.255963e+00
    endloop
  endfacet
  facet normal 0.000000e+00 1.000000e+00 0.000000e+00
    outer loop
      vertex   -2.286946e+02 2.500000e+01 1.545632e+00
      vertex   -2.283065e+02 2.500000e+01 7.480378e-01
      vertex   -2.377350e+02 2.500000e+01 3.450031e+00
    endloop
  endfacet
  facet normal 0.000000e+00 1.000000e+00 0.000000e+00
    outer loop
      vertex   -2.377350e+02 2.500000e+01 3.450031e+00
      vertex   -2.283065e+02 2.500000e+01 7.480378e-01
      vertex   -2.438400e+02 2.500000e+01 -4.000000e+00
    endloop
  endfacet
  facet normal 0.000000e+00 1.000000e+00 0.000000e+00
    outer loop
      vertex   -2.283065e+02 2.500000e+01 7.480378e-01
      vertex   -2.276118e+02 2.500000e+01 1.966802e-01
      vertex   -2.438400e+02 2.500000e+01 -4.000000e+00
    endloop
  endfacet
  facet normal 0.000000e+00 1.000000e+00 0.000000e+00
    outer loop
      vertex   -2.438400e+02 2.500000e+01 -4.000000e+00
      vertex   -2.276118e+02 2.500000e+01 1.966802e-01
      vertex   -2.267469e+02 2.500000e+01 -3.330669e-15
    endloop
  endfacet
  facet normal 0.000000e+00 1.000000e+00 0.000000e+00
    outer loop
      vertex   -2.438400e+02 2.500000e+01 -4.000000e+00
      vertex   -2.267469e+02 2.500000e+01 -3.330669e-15
      vertex   -2.063198e+02 2.500000e+01 -3.330669e-15
    endloop
  endfacet
  facet normal 0.000000e+00 1.000000e+00 0.000000e+00
    outer loop
      vertex   -1.541390e+02 2.500000e+01 1.925000e+01
      vertex   -1.715410e+02 2.500000e+01 1.925000e+01
      vertex   -1.543400e+02 2.500000e+01 2.000000e+01
    endloop
  endfacet
  facet normal 0.000000e+00 1.000000e+00 0.000000e+00
    outer loop
      vertex   -1.543400e+02 2.500000e+01 2.000000e+01
      vertex   -1.715410e+02 2.500000e+01 1.925000e+01
      vertex   -1.713400e+02 2.500000e+01 2.000000e+01
    endloop
  endfacet
  facet normal 0.000000e+00 1.000000e+00 0.000000e+00
    outer loop
      vertex   -1.543400e+02 2.500000e+01 2.000000e+01
      vertex   -1.713400e+02 2.500000e+01 2.000000e+01
      vertex   -1.715410e+02 2.500000e+01 2.075000e+01
    endloop
  endfacet
  facet normal 0.000000e+00 1.000000e+00 0.000000e+00
    outer loop
      vertex   -1.715410e+02 2.500000e+01 1.925000e+01
      vertex   -1.541390e+02 2.500000e+01 1.925000e+01
      vertex   -1.720900e+02 2.500000e+01 1.870096e+01
    endloop
  endfacet
  facet normal -0.000000e+00 1.000000e+00 0.000000e+00
    outer loop
      vertex   -1.720900e+02 2.500000e+01 1.870096e+01
      vertex   -1.541390e+02 2.500000e+01 1.925000e+01
      vertex   -1.535900e+02 2.500000e+01 1.870096e+01
    endloop
  endfacet
  facet normal 0.000000e+00 1.000000e+00 0.000000e+00
    outer loop
      vertex   -1.720900e+02 2.500000e+01 1.870096e+01
      vertex   -1.535900e+02 2.500000e+01 1.870096e+01
      vertex   -1.728400e+02 2.500000e+01 1.850000e+01
    endloop
  endfacet
  facet normal 0.000000e+00 1.000000e+00 0.000000e+00
    outer loop
      vertex   -1.728400e+02 2.500000e+01 1.850000e+01
      vertex   -1.535900e+02 2.500000e+01 1.870096e+01
      vertex   -1.528400e+02 2.500000e+01 1.850000e+01
    endloop
  endfacet
  facet normal 0.000000e+00 1.000000e+00 -0.000000e+00
    outer loop
      vertex   -1.474200e+02 2.500000e+01 8.000000e+00
      vertex   -1.515410e+02 2.500000e+01 1.925000e+01
      vertex   -1.474200e+02 2.500000e+01 2.450000e+01
    endloop
  endfacet
  facet normal 0.000000e+00 1.000000e+00 0.000000e+00
    outer loop
      vertex   -1.474200e+02 2.500000e+01 2.450000e+01
      vertex   -1.515410e+02 2.500000e+01 1.925000e+01
      vertex   -1.513400e+02 2.500000e+01 2.000000e+01
    endloop
  endfacet
  facet normal 0.000000e+00 1.000000e+00 0.000000e+00
    outer loop
      vertex   -1.474200e+02 2.500000e+01 2.450000e+01
      vertex   -1.513400e+02 2.500000e+01 2.000000e+01
      vertex   -1.515410e+02 2.500000e+01 2.075000e+01
    endloop
  endfacet
  facet normal 0.000000e+00 1.000000e+00 -0.000000e+00
    outer loop
      vertex   -1.515410e+02 2.500000e+01 2.075000e+01
      vertex   -1.520900e+02 2.500000e+01 2.129904e+01
      vertex   -1.474200e+02 2.500000e+01 2.450000e+01
    endloop
  endfacet
  facet normal 0.000000e+00 1.000000e+00 0.000000e+00
    outer loop
      vertex   -1.474200e+02 2.500000e+01 2.450000e+01
      vertex   -1.520900e+02 2.500000e+01 2.129904e+01
      vertex   -1.528400e+02 2.500000e+01 2.150000e+01
    endloop
  endfacet
  facet normal 0.000000e+00 1.000000e+00 0.000000e+00
    outer loop
      vertex   -1.474200e+02 2.500000e+01 2.450000e+01
      vertex   -1.528400e+02 2.500000e+01 2.150000e+01
      vertex   -1.728400e+02 2.500000e+01 2.150000e+01
    endloop
  endfacet
  facet normal -0.000000e+00 1.000000e+00 0.000000e+00
    outer loop
      vertex   -1.728400e+02 2.500000e+01 2.150000e+01
      vertex   -1.528400e+02 2.500000e+01 2.150000e+01
      vertex   -1.535900e+02 2.500000e+01 2.129904e+01
    endloop
  endfacet
  facet normal 0.000000e+00 1.000000e+00 0.000000e+00
    outer loop
      vertex   -1.728400e+02 2.500000e+01 2.150000e+01
      vertex   -1.535900e+02 2.500000e+01 2.129904e+01
      vertex   -1.720900e+02 2.500000e+01 2.129904e+01
    endloop
  endfacet
  facet normal -0.000000e+00 1.000000e+00 0.000000e+00
    outer loop
      vertex   -1.720900e+02 2.500000e+01 2.129904e+01
      vertex   -1.535900e+02 2.500000e+01 2.129904e+01
      vertex   -1.541390e+02 2.500000e+01 2.075000e+01
    endloop
  endfacet
  facet normal 0.000000e+00 1.000000e+00 0.000000e+00
    outer loop
      vertex   -1.720900e+02 2.500000e+01 2.129904e+01
      vertex   -1.541390e+02 2.500000e+01 2.075000e+01
      vertex   -1.715410e+02 2.500000e+01 2.075000e+01
    endloop
  endfacet
  facet normal -0.000000e+00 1.000000e+00 0.000000e+00
    outer loop
      vertex   -1.715410e+02 2.500000e+01 2.075000e+01
      vertex   -1.541390e+02 2.500000e+01 2.075000e+01
      vertex   -1.543400e+02 2.500000e+01 2.000000e+01
    endloop
  endfacet
  facet normal 0.000000e+00 1.000000e+00 0.000000e+00
    outer loop
      vertex   -1.741390e+02 2.500000e+01 1.925000e+01
      vertex   -1.915410e+02 2.500000e+01 1.925000e+01
      vertex   -1.743400e+02 2.500000e+01 2.000000e+01
    endloop
  endfacet
  facet normal 0.000000e+00 1.000000e+00 0.000000e+00
    outer loop
      vertex   -1.743400e+02 2.500000e+01 2.000000e+01
      vertex   -1.915410e+02 2.500000e+01 1.925000e+01
      vertex   -1.913400e+02 2.500000e+01 2.000000e+01
    endloop
  endfacet
  facet normal 0.000000e+00 1.000000e+00 0.000000e+00
    outer loop
      vertex   -1.743400e+02 2.500000e+01 2.000000e+01
      vertex   -1.913400e+02 2.500000e+01 2.000000e+01
      vertex   -1.915410e+02 2.500000e+01 2.075000e+01
    endloop
  endfacet
  facet normal 0.000000e+00 1.000000e+00 0.000000e+00
    outer loop
      vertex   -1.915410e+02 2.500000e+01 1.925000e+01
      vertex   -1.741390e+02 2.500000e+01 1.925000e+01
      vertex   -1.920900e+02 2.500000e+01 1.870096e+01
    endloop
  endfacet
  facet normal -0.000000e+00 1.000000e+00 0.000000e+00
    outer loop
      vertex   -1.920900e+02 2.500000e+01 1.870096e+01
      vertex   -1.741390e+02 2.500000e+01 1.925000e+01
      vertex   -1.735900e+02 2.500000e+01 1.870096e+01
    endloop
  endfacet
  facet normal 0.000000e+00 1.000000e+00 0.000000e+00
    outer loop
      vertex   -1.920900e+02 2.500000e+01 1.870096e+01
      vertex   -1.735900e+02 2.500000e+01 1.870096e+01
      vertex   -1.928400e+02 2.500000e+01 1.850000e+01
    endloop
  endfacet
  facet normal 0.000000e+00 1.000000e+00 0.000000e+00
    outer loop
      vertex   -1.928400e+02 2.500000e+01 1.850000e+01
      vertex   -1.735900e+02 2.500000e+01 1.870096e+01
      vertex   -1.728400e+02 2.500000e+01 1.850000e+01
    endloop
  endfacet
  facet normal 0.000000e+00 1.000000e+00 0.000000e+00
    outer loop
      vertex   -1.474200e+02 2.500000e+01 2.450000e+01
      vertex   -1.728400e+02 2.500000e+01 2.150000e+01
      vertex   -1.928400e+02 2.500000e+01 2.150000e+01
    endloop
  endfacet
  facet normal -0.000000e+00 1.000000e+00 0.000000e+00
    outer loop
      vertex   -1.928400e+02 2.500000e+01 2.150000e+01
      vertex   -1.728400e+02 2.500000e+01 2.150000e+01
      vertex   -1.735900e+02 2.500000e+01 2.129904e+01
    endloop
  endfacet
  facet normal 0.000000e+00 1.000000e+00 0.000000e+00
    outer loop
      vertex   -1.928400e+02 2.500000e+01 2.150000e+01
      vertex   -1.735900e+02 2.500000e+01 2.129904e+01
      vertex   -1.920900e+02 2.500000e+01 2.129904e+01
    endloop
  endfacet
  facet normal -0.000000e+00 1.000000e+00 0.000000e+00
    outer loop
      vertex   -1.920900e+02 2.500000e+01 2.129904e+01
      vertex   -1.735900e+02 2.500000e+01 2.129904e+01
      vertex   -1.741390e+02 2.500000e+01 2.075000e+01
    endloop
  endfacet
  facet normal 0.000000e+00 1.000000e+00 0.000000e+00
    outer loop
      vertex   -1.920900e+02 2.500000e+01 2.129904e+01
      vertex   -1.741390e+02 2.500000e+01 2.075000e+01
      vertex   -1.915410e+02 2.500000e+01 2.075000e+01
    endloop
  endfacet
  facet normal -0.000000e+00 1.000000e+00 0.000000e+00
    outer loop
      vertex   -1.915410e+02 2.500000e+01 2.075000e+01
      vertex   -1.741390e+02 2.500000e+01 2.075000e+01
      vertex   -1.743400e+02 2.500000e+01 2.000000e+01
    endloop
  endfacet
  facet normal 0.000000e+00 1.000000e+00 0.000000e+00
    outer loop
      vertex   -1.941390e+02 2.500000e+01 1.925000e+01
      vertex   -2.115410e+02 2.500000e+01 1.925000e+01
      vertex   -1.943400e+02 2.500000e+01 2.000000e+01
    endloop
  endfacet
  facet normal 0.000000e+00 1.000000e+00 0.000000e+00
    outer loop
      vertex   -1.943400e+02 2.500000e+01 2.000000e+01
      vertex   -2.115410e+02 2.500000e+01 1.925000e+01
      vertex   -2.113400e+02 2.500000e+01 2.000000e+01
    endloop
  endfacet
  facet normal 0.000000e+00 1.000000e+00 0.000000e+00
    outer loop
      vertex   -1.943400e+02 2.500000e+01 2.000000e+01
      vertex   -2.113400e+02 2.500000e+01 2.000000e+01
      vertex   -2.115410e+02 2.500000e+01 2.075000e+01
    endloop
  endfacet
  facet normal 0.000000e+00 1.000000e+00 0.000000e+00
    outer loop
      vertex   -2.115410e+02 2.500000e+01 1.925000e+01
      vertex   -1.941390e+02 2.500000e+01 1.925000e+01
      vertex   -2.120900e+02 2.500000e+01 1.870096e+01
    endloop
  endfacet
  facet normal -0.000000e+00 1.000000e+00 0.000000e+00
    outer loop
      vertex   -2.120900e+02 2.500000e+01 1.870096e+01
      vertex   -1.941390e+02 2.500000e+01 1.925000e+01
      vertex   -1.935900e+02 2.500000e+01 1.870096e+01
    endloop
  endfacet
  facet normal 0.000000e+00 1.000000e+00 0.000000e+00
    outer loop
      vertex   -2.120900e+02 2.500000e+01 1.870096e+01
      vertex   -1.935900e+02 2.500000e+01 1.870096e+01
      vertex   -2.128400e+02 2.500000e+01 1.850000e+01
    endloop
  endfacet
  facet normal 0.000000e+00 1.000000e+00 0.000000e+00
    outer loop
      vertex   -2.128400e+02 2.500000e+01 1.850000e+01
      vertex   -1.935900e+02 2.500000e+01 1.870096e+01
      vertex   -1.928400e+02 2.500000e+01 1.850000e+01
    endloop
  endfacet
  facet normal -0.000000e+00 1.000000e+00 0.000000e+00
    outer loop
      vertex   -2.128400e+02 2.500000e+01 1.850000e+01
      vertex   -1.928400e+02 2.500000e+01 1.850000e+01
      vertex   -2.015568e+02 2.500000e+01 1.150000e+01
    endloop
  endfacet
  facet normal 0.000000e+00 1.000000e+00 0.000000e+00
    outer loop
      vertex   -1.474200e+02 2.500000e+01 2.450000e+01
      vertex   -1.928400e+02 2.500000e+01 2.150000e+01
      vertex   -2.128400e+02 2.500000e+01 2.150000e+01
    endloop
  endfacet
  facet normal -0.000000e+00 1.000000e+00 0.000000e+00
    outer loop
      vertex   -2.128400e+02 2.500000e+01 2.150000e+01
      vertex   -1.928400e+02 2.500000e+01 2.150000e+01
      vertex   -1.935900e+02 2.500000e+01 2.129904e+01
    endloop
  endfacet
  facet normal 0.000000e+00 1.000000e+00 0.000000e+00
    outer loop
      vertex   -2.128400e+02 2.500000e+01 2.150000e+01
      vertex   -1.935900e+02 2.500000e+01 2.129904e+01
      vertex   -2.120900e+02 2.500000e+01 2.129904e+01
    endloop
  endfacet
  facet normal -0.000000e+00 1.000000e+00 0.000000e+00
    outer loop
      vertex   -2.120900e+02 2.500000e+01 2.129904e+01
      vertex   -1.935900e+02 2.500000e+01 2.129904e+01
      vertex   -1.941390e+02 2.500000e+01 2.075000e+01
    endloop
  endfacet
  facet normal 0.000000e+00 1.000000e+00 0.000000e+00
    outer loop
      vertex   -2.120900e+02 2.500000e+01 2.129904e+01
      vertex   -1.941390e+02 2.500000e+01 2.075000e+01
      vertex   -2.115410e+02 2.500000e+01 2.075000e+01
    endloop
  endfacet
  facet normal -0.000000e+00 1.000000e+00 0.000000e+00
    outer loop
      vertex   -2.115410e+02 2.500000e+01 2.075000e+01
      vertex   -1.941390e+02 2.500000e+01 2.075000e+01
      vertex   -1.943400e+02 2.500000e+01 2.000000e+01
    endloop
  endfacet
  facet normal 0.000000e+00 1.000000e+00 -0.000000e+00
    outer loop
      vertex   -2.135900e+02 2.500000e+01 2.129904e+01
      vertex   -2.328400e+02 2.500000e+01 2.150000e+01
      vertex   -2.128400e+02 2.500000e+01 2.150000e+01
    endloop
  endfacet
  facet normal 0.000000e+00 1.000000e+00 0.000000e+00
    outer loop
      vertex   -2.128400e+02 2.500000e+01 2.150000e+01
      vertex   -2.328400e+02 2.500000e+01 2.150000e+01
      vertex   -2.728400e+02 2.500000e+01 2.450000e+01
    endloop
  endfacet
  facet normal 0.000000e+00 1.000000e+00 -0.000000e+00
    outer loop
      vertex   -2.128400e+02 2.500000e+01 2.150000e+01
      vertex   -2.728400e+02 2.500000e+01 2.450000e+01
      vertex   -1.474200e+02 2.500000e+01 2.450000e+01
    endloop
  endfacet
  facet normal 0.000000e+00 1.000000e+00 0.000000e+00
    outer loop
      vertex   -2.328400e+02 2.500000e+01 2.150000e+01
      vertex   -2.135900e+02 2.500000e+01 2.129904e+01
      vertex   -2.320900e+02 2.500000e+01 2.129904e+01
    endloop
  endfacet
  facet normal -0.000000e+00 1.000000e+00 0.000000e+00
    outer loop
      vertex   -2.320900e+02 2.500000e+01 2.129904e+01
      vertex   -2.135900e+02 2.500000e+01 2.129904e+01
      vertex   -2.141390e+02 2.500000e+01 2.075000e+01
    endloop
  endfacet
  facet normal 0.000000e+00 1.000000e+00 0.000000e+00
    outer loop
      vertex   -2.320900e+02 2.500000e+01 2.129904e+01
      vertex   -2.141390e+02 2.500000e+01 2.075000e+01
      vertex   -2.315410e+02 2.500000e+01 2.075000e+01
    endloop
  endfacet
  facet normal -0.000000e+00 1.000000e+00 0.000000e+00
    outer loop
      vertex   -2.315410e+02 2.500000e+01 2.075000e+01
      vertex   -2.141390e+02 2.500000e+01 2.075000e+01
      vertex   -2.143400e+02 2.500000e+01 2.000000e+01
    endloop
  endfacet
  facet normal -0.000000e+00 1.000000e+00 0.000000e+00
    outer loop
      vertex   -1.354520e+02 2.500000e+01 0.000000e+00
      vertex   -1.229200e+02 2.500000e+01 0.000000e+00
      vertex   -1.354520e+02 2.500000e+01 -1.005963e+00
    endloop
  endfacet
  facet normal -0.000000e+00 1.000000e+00 0.000000e+00
    outer loop
      vertex   -1.354520e+02 2.500000e+01 -1.005963e+00
      vertex   -1.229200e+02 2.500000e+01 0.000000e+00
      vertex   -1.356195e+02 2.500000e+01 -1.630963e+00
    endloop
  endfacet
  facet normal -0.000000e+00 1.000000e+00 0.000000e+00
    outer loop
      vertex   -1.356195e+02 2.500000e+01 -1.630963e+00
      vertex   -1.229200e+02 2.500000e+01 0.000000e+00
      vertex   -1.229200e+02 2.500000e+01 -4.000000e+00
    endloop
  endfacet
  facet normal 0.000000e+00 1.000000e+00 0.000000e+00
    outer loop
      vertex   -2.514258e+02 2.500000e+01 1.950000e+01
      vertex   -2.513542e+02 2.500000e+01 2.020608e+01
      vertex   -2.438400e+02 2.500000e+01 1.950000e+01
    endloop
  endfacet
  facet normal 0.000000e+00 1.000000e+00 0.000000e+00
    outer loop
      vertex   -2.438400e+02 2.500000e+01 1.950000e+01
      vertex   -2.513542e+02 2.500000e+01 2.020608e+01
      vertex   -2.516153e+02 2.500000e+01 2.086603e+01
    endloop
  endfacet
  facet normal 0.000000e+00 1.000000e+00 0.000000e+00
    outer loop
      vertex   -2.543258e+02 2.500000e+01 2.020608e+01
      vertex   -2.542542e+02 2.500000e+01 1.950000e+01
      vertex   -2.728400e+02 2.500000e+01 1.950000e+01
    endloop
  endfacet
  facet normal 0.000000e+00 1.000000e+00 0.000000e+00
    outer loop
      vertex   -1.379520e+02 2.500000e+01 0.000000e+00
      vertex   -1.379520e+02 2.500000e+01 -1.005963e+00
      vertex   -1.429200e+02 2.500000e+01 0.000000e+00
    endloop
  endfacet
  facet normal 0.000000e+00 1.000000e+00 0.000000e+00
    outer loop
      vertex   -1.429200e+02 2.500000e+01 0.000000e+00
      vertex   -1.379520e+02 2.500000e+01 -1.005963e+00
      vertex   -1.377845e+02 2.500000e+01 -1.630963e+00
    endloop
  endfacet
  facet normal 0.000000e+00 1.000000e+00 0.000000e+00
    outer loop
      vertex   -1.429200e+02 2.500000e+01 0.000000e+00
      vertex   -1.377845e+02 2.500000e+01 -1.630963e+00
      vertex   -1.373270e+02 2.500000e+01 -2.088494e+00
    endloop
  endfacet
  facet normal 6.898896e-01 1.372276e-01 -7.107889e-01
    outer loop
      vertex   -1.436484e+02 1.739805e+01 -4.500000e+00
      vertex   -1.431563e+02 1.751435e+01 -4.000000e+00
      vertex   -1.434200e+02 1.625000e+01 -4.500000e+00
    endloop
  endfacet
  facet normal 7.010093e-01 1.310414e-01 -7.010093e-01
    outer loop
      vertex   -1.434200e+02 1.625000e+01 -4.500000e+00
      vertex   -1.431563e+02 1.751435e+01 -4.000000e+00
      vertex   -1.429200e+02 1.625000e+01 -4.000000e+00
    endloop
  endfacet
  facet normal 7.010093e-01 -1.310414e-01 -7.010093e-01
    outer loop
      vertex   -1.434200e+02 1.625000e+01 -4.500000e+00
      vertex   -1.429200e+02 1.625000e+01 -4.000000e+00
      vertex   -1.431563e+02 1.498565e+01 -4.000000e+00
    endloop
  endfacet
  facet normal 6.136174e-01 3.799358e-01 -6.921867e-01
    outer loop
      vertex   -1.431563e+02 1.751435e+01 -4.000000e+00
      vertex   -1.436484e+02 1.739805e+01 -4.500000e+00
      vertex   -1.438335e+02 1.860793e+01 -4.000000e+00
    endloop
  endfacet
  facet normal 5.772991e-01 3.857389e-01 -7.196744e-01
    outer loop
      vertex   -1.438335e+02 1.860793e+01 -4.000000e+00
      vertex   -1.436484e+02 1.739805e+01 -4.500000e+00
      vertex   -1.442987e+02 1.837132e+01 -4.500000e+00
    endloop
  endfacet
  facet normal 4.394582e-01 5.819366e-01 -6.842706e-01
    outer loop
      vertex   -1.438335e+02 1.860793e+01 -4.000000e+00
      vertex   -1.442987e+02 1.837132e+01 -4.500000e+00
      vertex   -1.448599e+02 1.938307e+01 -4.000000e+00
    endloop
  endfacet
  facet normal 3.814590e-01 5.708938e-01 -7.270277e-01
    outer loop
      vertex   -1.448599e+02 1.938307e+01 -4.000000e+00
      vertex   -1.442987e+02 1.837132e+01 -4.500000e+00
      vertex   -1.452719e+02 1.902164e+01 -4.500000e+00
    endloop
  endfacet
  facet normal 2.013180e-01 7.075595e-01 -6.773703e-01
    outer loop
      vertex   -1.448599e+02 1.938307e+01 -4.000000e+00
      vertex   -1.452719e+02 1.902164e+01 -4.500000e+00
      vertex   -1.460971e+02 1.973507e+01 -4.000000e+00
    endloop
  endfacet
  facet normal 1.327110e-01 6.671835e-01 -7.329761e-01
    outer loop
      vertex   -1.460971e+02 1.973507e+01 -4.000000e+00
      vertex   -1.452719e+02 1.902164e+01 -4.500000e+00
      vertex   -1.464200e+02 1.925000e+01 -4.500000e+00
    endloop
  endfacet
  facet normal -6.836432e-02 7.377685e-01 -6.715831e-01
    outer loop
      vertex   -1.460971e+02 1.973507e+01 -4.000000e+00
      vertex   -1.464200e+02 1.925000e+01 -4.500000e+00
      vertex   -1.473778e+02 1.961639e+01 -4.000000e+00
    endloop
  endfacet
  facet normal -1.317280e-01 6.622414e-01 -7.376205e-01
    outer loop
      vertex   -1.473778e+02 1.961639e+01 -4.000000e+00
      vertex   -1.464200e+02 1.925000e+01 -4.500000e+00
      vertex   -1.475681e+02 1.902164e+01 -4.500000e+00
    endloop
  endfacet
  facet normal -3.321040e-01 6.669547e-01 -6.669920e-01
    outer loop
      vertex   -1.473778e+02 1.961639e+01 -4.000000e+00
      vertex   -1.475681e+02 1.902164e+01 -4.500000e+00
      vertex   -1.485292e+02 1.904306e+01 -4.000000e+00
    endloop
  endfacet
  facet normal -3.730445e-01 5.583006e-01 -7.410386e-01
    outer loop
      vertex   -1.485292e+02 1.904306e+01 -4.000000e+00
      vertex   -1.475681e+02 1.902164e+01 -4.500000e+00
      vertex   -1.485413e+02 1.837132e+01 -4.500000e+00
    endloop
  endfacet
  facet normal -5.528017e-01 5.039453e-01 -6.636636e-01
    outer loop
      vertex   -1.485292e+02 1.904306e+01 -4.000000e+00
      vertex   -1.485413e+02 1.837132e+01 -4.500000e+00
      vertex   -1.493958e+02 1.809251e+01 -4.000000e+00
    endloop
  endfacet
  facet normal -5.562306e-01 3.716614e-01 -7.432868e-01
    outer loop
      vertex   -1.493958e+02 1.809251e+01 -4.000000e+00
      vertex   -1.485413e+02 1.837132e+01 -4.500000e+00
      vertex   -1.491916e+02 1.739805e+01 -4.500000e+00
    endloop
  endfacet
  facet normal -6.991823e-01 2.708647e-01 -6.616467e-01
    outer loop
      vertex   -1.493958e+02 1.809251e+01 -4.000000e+00
      vertex   -1.491916e+02 1.739805e+01 -4.500000e+00
      vertex   -1.498604e+02 1.689312e+01 -4.000000e+00
    endloop
  endfacet
  facet normal -6.549016e-01 1.302680e-01 -7.444018e-01
    outer loop
      vertex   -1.498604e+02 1.689312e+01 -4.000000e+00
      vertex   -1.491916e+02 1.739805e+01 -4.500000e+00
      vertex   -1.494200e+02 1.625000e+01 -4.500000e+00
    endloop
  endfacet
  facet normal -7.504114e-01 -0.000000e+00 -6.609711e-01
    outer loop
      vertex   -1.498604e+02 1.689312e+01 -4.000000e+00
      vertex   -1.494200e+02 1.625000e+01 -4.500000e+00
      vertex   -1.498604e+02 1.560688e+01 -4.000000e+00
    endloop
  endfacet
  facet normal -6.549016e-01 -1.302680e-01 -7.444018e-01
    outer loop
      vertex   -1.498604e+02 1.560688e+01 -4.000000e+00
      vertex   -1.494200e+02 1.625000e+01 -4.500000e+00
      vertex   -1.491916e+02 1.510195e+01 -4.500000e+00
    endloop
  endfacet
  facet normal -6.991823e-01 -2.708647e-01 -6.616467e-01
    outer loop
      vertex   -1.498604e+02 1.560688e+01 -4.000000e+00
      vertex   -1.491916e+02 1.510195e+01 -4.500000e+00
      vertex   -1.493958e+02 1.440749e+01 -4.000000e+00
    endloop
  endfacet
  facet normal -5.562306e-01 -3.716614e-01 -7.432868e-01
    outer loop
      vertex   -1.493958e+02 1.440749e+01 -4.000000e+00
      vertex   -1.491916e+02 1.510195e+01 -4.500000e+00
      vertex   -1.485413e+02 1.412868e+01 -4.500000e+00
    endloop
  endfacet
  facet normal -5.528017e-01 -5.039453e-01 -6.636636e-01
    outer loop
      vertex   -1.493958e+02 1.440749e+01 -4.000000e+00
      vertex   -1.485413e+02 1.412868e+01 -4.500000e+00
      vertex   -1.485292e+02 1.345694e+01 -4.000000e+00
    endloop
  endfacet
  facet normal -3.730445e-01 -5.583006e-01 -7.410386e-01
    outer loop
      vertex   -1.485292e+02 1.345694e+01 -4.000000e+00
      vertex   -1.485413e+02 1.412868e+01 -4.500000e+00
      vertex   -1.475681e+02 1.347836e+01 -4.500000e+00
    endloop
  endfacet
  facet normal -3.321040e-01 -6.669547e-01 -6.669920e-01
    outer loop
      vertex   -1.485292e+02 1.345694e+01 -4.000000e+00
      vertex   -1.475681e+02 1.347836e+01 -4.500000e+00
      vertex   -1.473778e+02 1.288361e+01 -4.000000e+00
    endloop
  endfacet
  facet normal -1.317280e-01 -6.622414e-01 -7.376205e-01
    outer loop
      vertex   -1.473778e+02 1.288361e+01 -4.000000e+00
      vertex   -1.475681e+02 1.347836e+01 -4.500000e+00
      vertex   -1.464200e+02 1.325000e+01 -4.500000e+00
    endloop
  endfacet
  facet normal -6.836432e-02 -7.377685e-01 -6.715831e-01
    outer loop
      vertex   -1.473778e+02 1.288361e+01 -4.000000e+00
      vertex   -1.464200e+02 1.325000e+01 -4.500000e+00
      vertex   -1.460971e+02 1.276493e+01 -4.000000e+00
    endloop
  endfacet
  facet normal 1.327110e-01 -6.671835e-01 -7.329761e-01
    outer loop
      vertex   -1.460971e+02 1.276493e+01 -4.000000e+00
      vertex   -1.464200e+02 1.325000e+01 -4.500000e+00
      vertex   -1.452719e+02 1.347836e+01 -4.500000e+00
    endloop
  endfacet
  facet normal 2.013180e-01 -7.075595e-01 -6.773703e-01
    outer loop
      vertex   -1.460971e+02 1.276493e+01 -4.000000e+00
      vertex   -1.452719e+02 1.347836e+01 -4.500000e+00
      vertex   -1.448599e+02 1.311693e+01 -4.000000e+00
    endloop
  endfacet
  facet normal 3.814590e-01 -5.708938e-01 -7.270277e-01
    outer loop
      vertex   -1.448599e+02 1.311693e+01 -4.000000e+00
      vertex   -1.452719e+02 1.347836e+01 -4.500000e+00
      vertex   -1.442987e+02 1.412868e+01 -4.500000e+00
    endloop
  endfacet
  facet normal 4.394582e-01 -5.819366e-01 -6.842706e-01
    outer loop
      vertex   -1.448599e+02 1.311693e+01 -4.000000e+00
      vertex   -1.442987e+02 1.412868e+01 -4.500000e+00
      vertex   -1.438335e+02 1.389207e+01 -4.000000e+00
    endloop
  endfacet
  facet normal 5.772991e-01 -3.857389e-01 -7.196744e-01
    outer loop
      vertex   -1.438335e+02 1.389207e+01 -4.000000e+00
      vertex   -1.442987e+02 1.412868e+01 -4.500000e+00
      vertex   -1.436484e+02 1.510195e+01 -4.500000e+00
    endloop
  endfacet
  facet normal 6.136174e-01 -3.799358e-01 -6.921867e-01
    outer loop
      vertex   -1.438335e+02 1.389207e+01 -4.000000e+00
      vertex   -1.436484e+02 1.510195e+01 -4.500000e+00
      vertex   -1.431563e+02 1.498565e+01 -4.000000e+00
    endloop
  endfacet
  facet normal 6.898896e-01 -1.372276e-01 -7.107889e-01
    outer loop
      vertex   -1.431563e+02 1.498565e+01 -4.000000e+00
      vertex   -1.436484e+02 1.510195e+01 -4.500000e+00
      vertex   -1.434200e+02 1.625000e+01 -4.500000e+00
    endloop
  endfacet
  facet normal 0.000000e+00 0.000000e+00 -1.000000e+00
    outer loop
      vertex   -1.281563e+02 1.514346e+00 -4.000000e+00
      vertex   -1.259999e+02 -5.658912e-02 -4.000000e+00
      vertex   -1.279200e+02 2.500000e-01 -4.000000e+00
    endloop
  endfacet
  facet normal 0.000000e+00 0.000000e+00 -1.000000e+00
    outer loop
      vertex   -1.279200e+02 2.500000e-01 -4.000000e+00
      vertex   -1.259999e+02 -5.658912e-02 -4.000000e+00
      vertex   -1.270835e+02 -5.034374e-01 -4.000000e+00
    endloop
  endfacet
  facet normal 0.000000e+00 -0.000000e+00 -1.000000e+00
    outer loop
      vertex   -1.279200e+02 2.500000e-01 -4.000000e+00
      vertex   -1.270835e+02 -5.034374e-01 -4.000000e+00
      vertex   -1.281563e+02 -1.014346e+00 -4.000000e+00
    endloop
  endfacet
  facet normal 0.000000e+00 0.000000e+00 -1.000000e+00
    outer loop
      vertex   -1.281563e+02 -1.014346e+00 -4.000000e+00
      vertex   -1.270835e+02 -5.034374e-01 -4.000000e+00
      vertex   -1.279131e+02 -1.331354e+00 -4.000000e+00
    endloop
  endfacet
  facet normal 0.000000e+00 -0.000000e+00 -1.000000e+00
    outer loop
      vertex   -1.281563e+02 -1.014346e+00 -4.000000e+00
      vertex   -1.279131e+02 -1.331354e+00 -4.000000e+00
      vertex   -1.288335e+02 -2.107935e+00 -4.000000e+00
    endloop
  endfacet
  facet normal 0.000000e+00 0.000000e+00 -1.000000e+00
    outer loop
      vertex   -1.288335e+02 -2.107935e+00 -4.000000e+00
      vertex   -1.279131e+02 -1.331354e+00 -4.000000e+00
      vertex   -1.283622e+02 -2.413968e+00 -4.000000e+00
    endloop
  endfacet
  facet normal 0.000000e+00 -0.000000e+00 -1.000000e+00
    outer loop
      vertex   -1.288335e+02 -2.107935e+00 -4.000000e+00
      vertex   -1.283622e+02 -2.413968e+00 -4.000000e+00
      vertex   -1.298599e+02 -2.883072e+00 -4.000000e+00
    endloop
  endfacet
  facet normal 0.000000e+00 0.000000e+00 -1.000000e+00
    outer loop
      vertex   -1.298599e+02 -2.883072e+00 -4.000000e+00
      vertex   -1.283622e+02 -2.413968e+00 -4.000000e+00
      vertex   -1.283622e+02 -3.586032e+00 -4.000000e+00
    endloop
  endfacet
  facet normal 0.000000e+00 -0.000000e+00 -1.000000e+00
    outer loop
      vertex   -1.298599e+02 -2.883072e+00 -4.000000e+00
      vertex   -1.283622e+02 -3.586032e+00 -4.000000e+00
      vertex   -1.310971e+02 -3.235070e+00 -4.000000e+00
    endloop
  endfacet
  facet normal 0.000000e+00 0.000000e+00 -1.000000e+00
    outer loop
      vertex   -1.310971e+02 -3.235070e+00 -4.000000e+00
      vertex   -1.283622e+02 -3.586032e+00 -4.000000e+00
      vertex   -1.279131e+02 -4.668646e+00 -4.000000e+00
    endloop
  endfacet
  facet normal 0.000000e+00 -0.000000e+00 -1.000000e+00
    outer loop
      vertex   -1.310971e+02 -3.235070e+00 -4.000000e+00
      vertex   -1.279131e+02 -4.668646e+00 -4.000000e+00
      vertex   -1.377805e+02 -4.425922e+00 -4.000000e+00
    endloop
  endfacet
  facet normal 0.000000e+00 -0.000000e+00 -1.000000e+00
    outer loop
      vertex   -1.377805e+02 -4.425922e+00 -4.000000e+00
      vertex   -1.279131e+02 -4.668646e+00 -4.000000e+00
      vertex   -1.385727e+02 -5.363775e+00 -4.000000e+00
    endloop
  endfacet
  facet normal 0.000000e+00 0.000000e+00 -1.000000e+00
    outer loop
      vertex   -1.385727e+02 -5.363775e+00 -4.000000e+00
      vertex   -1.279131e+02 -4.668646e+00 -4.000000e+00
      vertex   -1.270835e+02 -5.496563e+00 -4.000000e+00
    endloop
  endfacet
  facet normal 0.000000e+00 -0.000000e+00 -1.000000e+00
    outer loop
      vertex   -1.385727e+02 -5.363775e+00 -4.000000e+00
      vertex   -1.270835e+02 -5.496563e+00 -4.000000e+00
      vertex   -1.396742e+02 -5.905811e+00 -4.000000e+00
    endloop
  endfacet
  facet normal 0.000000e+00 0.000000e+00 -1.000000e+00
    outer loop
      vertex   -1.396742e+02 -5.905811e+00 -4.000000e+00
      vertex   -1.270835e+02 -5.496563e+00 -4.000000e+00
      vertex   -1.259999e+02 -5.943411e+00 -4.000000e+00
    endloop
  endfacet
  facet normal 0.000000e+00 -0.000000e+00 -1.000000e+00
    outer loop
      vertex   -1.396742e+02 -5.905811e+00 -4.000000e+00
      vertex   -1.259999e+02 -5.943411e+00 -4.000000e+00
      vertex   -1.429200e+02 -1.500000e+01 -4.000000e+00
    endloop
  endfacet
  facet normal 0.000000e+00 0.000000e+00 -1.000000e+00
    outer loop
      vertex   -1.429200e+02 -1.500000e+01 -4.000000e+00
      vertex   -1.259999e+02 -5.943411e+00 -4.000000e+00
      vertex   -1.229200e+02 -1.500000e+01 -4.000000e+00
    endloop
  endfacet
  facet normal 0.000000e+00 0.000000e+00 -1.000000e+00
    outer loop
      vertex   -1.229200e+02 -1.500000e+01 -4.000000e+00
      vertex   -1.259999e+02 -5.943411e+00 -4.000000e+00
      vertex   -1.248279e+02 -5.940985e+00 -4.000000e+00
    endloop
  endfacet
  facet normal 0.000000e+00 0.000000e+00 -1.000000e+00
    outer loop
      vertex   -1.229200e+02 -1.500000e+01 -4.000000e+00
      vertex   -1.248279e+02 -5.940985e+00 -4.000000e+00
      vertex   -1.237462e+02 -5.489656e+00 -4.000000e+00
    endloop
  endfacet
  facet normal 0.000000e+00 0.000000e+00 -1.000000e+00
    outer loop
      vertex   -1.259999e+02 -5.658912e-02 -4.000000e+00
      vertex   -1.281563e+02 1.514346e+00 -4.000000e+00
      vertex   -1.248279e+02 -5.901481e-02 -4.000000e+00
    endloop
  endfacet
  facet normal 0.000000e+00 0.000000e+00 -1.000000e+00
    outer loop
      vertex   -1.248279e+02 -5.901481e-02 -4.000000e+00
      vertex   -1.281563e+02 1.514346e+00 -4.000000e+00
      vertex   -1.288335e+02 2.607935e+00 -4.000000e+00
    endloop
  endfacet
  facet normal 0.000000e+00 0.000000e+00 -1.000000e+00
    outer loop
      vertex   -1.248279e+02 -5.901481e-02 -4.000000e+00
      vertex   -1.288335e+02 2.607935e+00 -4.000000e+00
      vertex   -1.237462e+02 1.051034e+01 -4.000000e+00
    endloop
  endfacet
  facet normal 0.000000e+00 0.000000e+00 -1.000000e+00
    outer loop
      vertex   -1.237462e+02 1.051034e+01 -4.000000e+00
      vertex   -1.288335e+02 2.607935e+00 -4.000000e+00
      vertex   -1.248279e+02 1.005901e+01 -4.000000e+00
    endloop
  endfacet
  facet normal 0.000000e+00 0.000000e+00 -1.000000e+00
    outer loop
      vertex   -1.248279e+02 1.005901e+01 -4.000000e+00
      vertex   -1.288335e+02 2.607935e+00 -4.000000e+00
      vertex   -1.298599e+02 3.383072e+00 -4.000000e+00
    endloop
  endfacet
  facet normal 0.000000e+00 0.000000e+00 -1.000000e+00
    outer loop
      vertex   -1.248279e+02 1.005901e+01 -4.000000e+00
      vertex   -1.298599e+02 3.383072e+00 -4.000000e+00
      vertex   -1.310971e+02 3.735070e+00 -4.000000e+00
    endloop
  endfacet
  facet normal 0.000000e+00 0.000000e+00 -1.000000e+00
    outer loop
      vertex   -1.323778e+02 3.616390e+00 -4.000000e+00
      vertex   -1.404200e+02 1.000000e+01 -4.000000e+00
      vertex   -1.310971e+02 3.735070e+00 -4.000000e+00
    endloop
  endfacet
  facet normal 0.000000e+00 0.000000e+00 -1.000000e+00
    outer loop
      vertex   -1.310971e+02 3.735070e+00 -4.000000e+00
      vertex   -1.404200e+02 1.000000e+01 -4.000000e+00
      vertex   -1.392719e+02 1.022836e+01 -4.000000e+00
    endloop
  endfacet
  facet normal 0.000000e+00 0.000000e+00 -1.000000e+00
    outer loop
      vertex   -1.310971e+02 3.735070e+00 -4.000000e+00
      vertex   -1.392719e+02 1.022836e+01 -4.000000e+00
      vertex   -1.259999e+02 1.005659e+01 -4.000000e+00
    endloop
  endfacet
  facet normal 0.000000e+00 0.000000e+00 -1.000000e+00
    outer loop
      vertex   -1.259999e+02 1.005659e+01 -4.000000e+00
      vertex   -1.392719e+02 1.022836e+01 -4.000000e+00
      vertex   -1.270835e+02 1.050344e+01 -4.000000e+00
    endloop
  endfacet
  facet normal -0.000000e+00 0.000000e+00 -1.000000e+00
    outer loop
      vertex   -1.270835e+02 1.050344e+01 -4.000000e+00
      vertex   -1.392719e+02 1.022836e+01 -4.000000e+00
      vertex   -1.382987e+02 1.087868e+01 -4.000000e+00
    endloop
  endfacet
  facet normal 0.000000e+00 0.000000e+00 -1.000000e+00
    outer loop
      vertex   -1.270835e+02 1.050344e+01 -4.000000e+00
      vertex   -1.382987e+02 1.087868e+01 -4.000000e+00
      vertex   -1.279131e+02 1.133135e+01 -4.000000e+00
    endloop
  endfacet
  facet normal -0.000000e+00 0.000000e+00 -1.000000e+00
    outer loop
      vertex   -1.279131e+02 1.133135e+01 -4.000000e+00
      vertex   -1.382987e+02 1.087868e+01 -4.000000e+00
      vertex   -1.376484e+02 1.185195e+01 -4.000000e+00
    endloop
  endfacet
  facet normal 0.000000e+00 0.000000e+00 -1.000000e+00
    outer loop
      vertex   -1.279131e+02 1.133135e+01 -4.000000e+00
      vertex   -1.376484e+02 1.185195e+01 -4.000000e+00
      vertex   -1.283622e+02 1.241397e+01 -4.000000e+00
    endloop
  endfacet
  facet normal -0.000000e+00 0.000000e+00 -1.000000e+00
    outer loop
      vertex   -1.283622e+02 1.241397e+01 -4.000000e+00
      vertex   -1.376484e+02 1.185195e+01 -4.000000e+00
      vertex   -1.374200e+02 1.300000e+01 -4.000000e+00
    endloop
  endfacet
  facet normal 0.000000e+00 0.000000e+00 -1.000000e+00
    outer loop
      vertex   -1.283622e+02 1.241397e+01 -4.000000e+00
      vertex   -1.374200e+02 1.300000e+01 -4.000000e+00
      vertex   -1.283622e+02 1.358603e+01 -4.000000e+00
    endloop
  endfacet
  facet normal -0.000000e+00 0.000000e+00 -1.000000e+00
    outer loop
      vertex   -1.283622e+02 1.358603e+01 -4.000000e+00
      vertex   -1.374200e+02 1.300000e+01 -4.000000e+00
      vertex   -1.376484e+02 1.414805e+01 -4.000000e+00
    endloop
  endfacet
  facet normal 0.000000e+00 0.000000e+00 -1.000000e+00
    outer loop
      vertex   -1.283622e+02 1.358603e+01 -4.000000e+00
      vertex   -1.376484e+02 1.414805e+01 -4.000000e+00
      vertex   -1.279131e+02 1.466865e+01 -4.000000e+00
    endloop
  endfacet
  facet normal -0.000000e+00 0.000000e+00 -1.000000e+00
    outer loop
      vertex   -1.279131e+02 1.466865e+01 -4.000000e+00
      vertex   -1.376484e+02 1.414805e+01 -4.000000e+00
      vertex   -1.382987e+02 1.512132e+01 -4.000000e+00
    endloop
  endfacet
  facet normal 0.000000e+00 0.000000e+00 -1.000000e+00
    outer loop
      vertex   -1.279131e+02 1.466865e+01 -4.000000e+00
      vertex   -1.382987e+02 1.512132e+01 -4.000000e+00
      vertex   -1.270835e+02 1.549656e+01 -4.000000e+00
    endloop
  endfacet
  facet normal -0.000000e+00 0.000000e+00 -1.000000e+00
    outer loop
      vertex   -1.270835e+02 1.549656e+01 -4.000000e+00
      vertex   -1.382987e+02 1.512132e+01 -4.000000e+00
      vertex   -1.392719e+02 1.577164e+01 -4.000000e+00
    endloop
  endfacet
  facet normal 0.000000e+00 0.000000e+00 -1.000000e+00
    outer loop
      vertex   -1.270835e+02 1.549656e+01 -4.000000e+00
      vertex   -1.392719e+02 1.577164e+01 -4.000000e+00
      vertex   -1.259999e+02 1.594341e+01 -4.000000e+00
    endloop
  endfacet
  facet normal -0.000000e+00 0.000000e+00 -1.000000e+00
    outer loop
      vertex   -1.259999e+02 1.594341e+01 -4.000000e+00
      vertex   -1.392719e+02 1.577164e+01 -4.000000e+00
      vertex   -1.431563e+02 1.751435e+01 -4.000000e+00
    endloop
  endfacet
  facet normal 0.000000e+00 0.000000e+00 -1.000000e+00
    outer loop
      vertex   -1.259999e+02 1.594341e+01 -4.000000e+00
      vertex   -1.431563e+02 1.751435e+01 -4.000000e+00
      vertex   -1.438335e+02 1.860793e+01 -4.000000e+00
    endloop
  endfacet
  facet normal 0.000000e+00 -0.000000e+00 -1.000000e+00
    outer loop
      vertex   -1.404200e+02 1.000000e+01 -4.000000e+00
      vertex   -1.323778e+02 3.616390e+00 -4.000000e+00
      vertex   -1.458249e+02 1.899740e+00 -4.000000e+00
    endloop
  endfacet
  facet normal 0.000000e+00 0.000000e+00 -1.000000e+00
    outer loop
      vertex   -1.458249e+02 1.899740e+00 -4.000000e+00
      vertex   -1.323778e+02 3.616390e+00 -4.000000e+00
      vertex   -1.335292e+02 3.043060e+00 -4.000000e+00
    endloop
  endfacet
  facet normal 0.000000e+00 0.000000e+00 -1.000000e+00
    outer loop
      vertex   -1.458249e+02 1.899740e+00 -4.000000e+00
      vertex   -1.335292e+02 3.043060e+00 -4.000000e+00
      vertex   -1.343958e+02 2.092513e+00 -4.000000e+00
    endloop
  endfacet
  facet normal 0.000000e+00 0.000000e+00 -1.000000e+00
    outer loop
      vertex   -1.458249e+02 1.899740e+00 -4.000000e+00
      vertex   -1.343958e+02 2.092513e+00 -4.000000e+00
      vertex   -1.447132e+02 7.793319e-01 -4.000000e+00
    endloop
  endfacet
  facet normal 0.000000e+00 0.000000e+00 -1.000000e+00
    outer loop
      vertex   -1.447132e+02 7.793319e-01 -4.000000e+00
      vertex   -1.343958e+02 2.092513e+00 -4.000000e+00
      vertex   -1.348604e+02 8.931233e-01 -4.000000e+00
    endloop
  endfacet
  facet normal 0.000000e+00 0.000000e+00 -1.000000e+00
    outer loop
      vertex   -1.447132e+02 7.793319e-01 -4.000000e+00
      vertex   -1.348604e+02 8.931233e-01 -4.000000e+00
      vertex   -1.404035e+02 -4.563748e-05 -4.000000e+00
    endloop
  endfacet
  facet normal 0.000000e+00 0.000000e+00 -1.000000e+00
    outer loop
      vertex   -1.404035e+02 -4.563748e-05 -4.000000e+00
      vertex   -1.348604e+02 8.931233e-01 -4.000000e+00
      vertex   -1.392032e+02 -2.578474e-01 -4.000000e+00
    endloop
  endfacet
  facet normal 0.000000e+00 0.000000e+00 -1.000000e+00
    outer loop
      vertex   -1.392032e+02 -2.578474e-01 -4.000000e+00
      vertex   -1.348604e+02 8.931233e-01 -4.000000e+00
      vertex   -1.348604e+02 -3.931233e-01 -4.000000e+00
    endloop
  endfacet
  facet normal 0.000000e+00 0.000000e+00 -1.000000e+00
    outer loop
      vertex   -1.392032e+02 -2.578474e-01 -4.000000e+00
      vertex   -1.348604e+02 -3.931233e-01 -4.000000e+00
      vertex   -1.382067e+02 -9.748269e-01 -4.000000e+00
    endloop
  endfacet
  facet normal 0.000000e+00 0.000000e+00 -1.000000e+00
    outer loop
      vertex   -1.382067e+02 -9.748269e-01 -4.000000e+00
      vertex   -1.348604e+02 -3.931233e-01 -4.000000e+00
      vertex   -1.343958e+02 -1.592513e+00 -4.000000e+00
    endloop
  endfacet
  facet normal 0.000000e+00 0.000000e+00 -1.000000e+00
    outer loop
      vertex   -1.382067e+02 -9.748269e-01 -4.000000e+00
      vertex   -1.343958e+02 -1.592513e+00 -4.000000e+00
      vertex   -1.375808e+02 -2.030925e+00 -4.000000e+00
    endloop
  endfacet
  facet normal 0.000000e+00 0.000000e+00 -1.000000e+00
    outer loop
      vertex   -1.375808e+02 -2.030925e+00 -4.000000e+00
      vertex   -1.343958e+02 -1.592513e+00 -4.000000e+00
      vertex   -1.335292e+02 -2.543060e+00 -4.000000e+00
    endloop
  endfacet
  facet normal 0.000000e+00 0.000000e+00 -1.000000e+00
    outer loop
      vertex   -1.375808e+02 -2.030925e+00 -4.000000e+00
      vertex   -1.335292e+02 -2.543060e+00 -4.000000e+00
      vertex   -1.374304e+02 -3.249296e+00 -4.000000e+00
    endloop
  endfacet
  facet normal 0.000000e+00 0.000000e+00 -1.000000e+00
    outer loop
      vertex   -1.374304e+02 -3.249296e+00 -4.000000e+00
      vertex   -1.335292e+02 -2.543060e+00 -4.000000e+00
      vertex   -1.323778e+02 -3.116390e+00 -4.000000e+00
    endloop
  endfacet
  facet normal 0.000000e+00 -0.000000e+00 -1.000000e+00
    outer loop
      vertex   -1.374304e+02 -3.249296e+00 -4.000000e+00
      vertex   -1.323778e+02 -3.116390e+00 -4.000000e+00
      vertex   -1.377805e+02 -4.425922e+00 -4.000000e+00
    endloop
  endfacet
  facet normal 0.000000e+00 0.000000e+00 -1.000000e+00
    outer loop
      vertex   -1.377805e+02 -4.425922e+00 -4.000000e+00
      vertex   -1.323778e+02 -3.116390e+00 -4.000000e+00
      vertex   -1.310971e+02 -3.235070e+00 -4.000000e+00
    endloop
  endfacet
  facet normal 0.000000e+00 0.000000e+00 -1.000000e+00
    outer loop
      vertex   -1.392719e+02 1.577164e+01 -4.000000e+00
      vertex   -1.404200e+02 1.600000e+01 -4.000000e+00
      vertex   -1.431563e+02 1.751435e+01 -4.000000e+00
    endloop
  endfacet
  facet normal 0.000000e+00 0.000000e+00 -1.000000e+00
    outer loop
      vertex   -1.431563e+02 1.751435e+01 -4.000000e+00
      vertex   -1.404200e+02 1.600000e+01 -4.000000e+00
      vertex   -1.429200e+02 1.625000e+01 -4.000000e+00
    endloop
  endfacet
  facet normal 0.000000e+00 0.000000e+00 -1.000000e+00
    outer loop
      vertex   -1.429200e+02 1.625000e+01 -4.000000e+00
      vertex   -1.404200e+02 1.600000e+01 -4.000000e+00
      vertex   -1.415681e+02 1.577164e+01 -4.000000e+00
    endloop
  endfacet
  facet normal 0.000000e+00 0.000000e+00 -1.000000e+00
    outer loop
      vertex   -1.429200e+02 1.625000e+01 -4.000000e+00
      vertex   -1.415681e+02 1.577164e+01 -4.000000e+00
      vertex   -1.425413e+02 1.512132e+01 -4.000000e+00
    endloop
  endfacet
  facet normal 0.000000e+00 -0.000000e+00 -1.000000e+00
    outer loop
      vertex   -1.429200e+02 1.625000e+01 -4.000000e+00
      vertex   -1.425413e+02 1.512132e+01 -4.000000e+00
      vertex   -1.431563e+02 1.498565e+01 -4.000000e+00
    endloop
  endfacet
  facet normal 0.000000e+00 -0.000000e+00 -1.000000e+00
    outer loop
      vertex   -1.431563e+02 1.498565e+01 -4.000000e+00
      vertex   -1.425413e+02 1.512132e+01 -4.000000e+00
      vertex   -1.431916e+02 1.414805e+01 -4.000000e+00
    endloop
  endfacet
  facet normal 0.000000e+00 0.000000e+00 -1.000000e+00
    outer loop
      vertex   -1.431563e+02 1.498565e+01 -4.000000e+00
      vertex   -1.431916e+02 1.414805e+01 -4.000000e+00
      vertex   -1.438335e+02 1.389207e+01 -4.000000e+00
    endloop
  endfacet
  facet normal 0.000000e+00 0.000000e+00 -1.000000e+00
    outer loop
      vertex   -1.438335e+02 1.389207e+01 -4.000000e+00
      vertex   -1.431916e+02 1.414805e+01 -4.000000e+00
      vertex   -1.434200e+02 1.300000e+01 -4.000000e+00
    endloop
  endfacet
  facet normal 0.000000e+00 -0.000000e+00 -1.000000e+00
    outer loop
      vertex   -1.438335e+02 1.389207e+01 -4.000000e+00
      vertex   -1.434200e+02 1.300000e+01 -4.000000e+00
      vertex   -1.448599e+02 1.311693e+01 -4.000000e+00
    endloop
  endfacet
  facet normal 0.000000e+00 -0.000000e+00 -1.000000e+00
    outer loop
      vertex   -1.448599e+02 1.311693e+01 -4.000000e+00
      vertex   -1.434200e+02 1.300000e+01 -4.000000e+00
      vertex   -1.460971e+02 1.276493e+01 -4.000000e+00
    endloop
  endfacet
  facet normal 0.000000e+00 0.000000e+00 -1.000000e+00
    outer loop
      vertex   -1.460971e+02 1.276493e+01 -4.000000e+00
      vertex   -1.434200e+02 1.300000e+01 -4.000000e+00
      vertex   -1.431916e+02 1.185195e+01 -4.000000e+00
    endloop
  endfacet
  facet normal -0.000000e+00 -0.000000e+00 -1.000000e+00
    outer loop
      vertex   -1.460971e+02 1.276493e+01 -4.000000e+00
      vertex   -1.431916e+02 1.185195e+01 -4.000000e+00
      vertex   -1.473778e+02 1.288361e+01 -4.000000e+00
    endloop
  endfacet
  facet normal 0.000000e+00 0.000000e+00 -1.000000e+00
    outer loop
      vertex   -1.473778e+02 1.288361e+01 -4.000000e+00
      vertex   -1.431916e+02 1.185195e+01 -4.000000e+00
      vertex   -1.425413e+02 1.087868e+01 -4.000000e+00
    endloop
  endfacet
  facet normal 0.000000e+00 0.000000e+00 -1.000000e+00
    outer loop
      vertex   -1.473778e+02 1.288361e+01 -4.000000e+00
      vertex   -1.425413e+02 1.087868e+01 -4.000000e+00
      vertex   -1.458249e+02 1.899740e+00 -4.000000e+00
    endloop
  endfacet
  facet normal 0.000000e+00 0.000000e+00 -1.000000e+00
    outer loop
      vertex   -1.458249e+02 1.899740e+00 -4.000000e+00
      vertex   -1.425413e+02 1.087868e+01 -4.000000e+00
      vertex   -1.415681e+02 1.022836e+01 -4.000000e+00
    endloop
  endfacet
  facet normal 0.000000e+00 0.000000e+00 -1.000000e+00
    outer loop
      vertex   -1.458249e+02 1.899740e+00 -4.000000e+00
      vertex   -1.415681e+02 1.022836e+01 -4.000000e+00
      vertex   -1.404200e+02 1.000000e+01 -4.000000e+00
    endloop
  endfacet
  facet normal 0.000000e+00 0.000000e+00 -1.000000e+00
    outer loop
      vertex   -1.229200e+02 1.465831e+01 -4.000000e+00
      vertex   -1.237462e+02 1.548966e+01 -4.000000e+00
      vertex   -1.229200e+02 2.500000e+01 -4.000000e+00
    endloop
  endfacet
  facet normal 0.000000e+00 0.000000e+00 -1.000000e+00
    outer loop
      vertex   -1.229200e+02 2.500000e+01 -4.000000e+00
      vertex   -1.237462e+02 1.548966e+01 -4.000000e+00
      vertex   -1.248279e+02 1.594099e+01 -4.000000e+00
    endloop
  endfacet
  facet normal 0.000000e+00 0.000000e+00 -1.000000e+00
    outer loop
      vertex   -1.229200e+02 2.500000e+01 -4.000000e+00
      vertex   -1.248279e+02 1.594099e+01 -4.000000e+00
      vertex   -1.259999e+02 1.594341e+01 -4.000000e+00
    endloop
  endfacet
  facet normal 0.000000e+00 -0.000000e+00 -1.000000e+00
    outer loop
      vertex   -1.259999e+02 1.005659e+01 -4.000000e+00
      vertex   -1.248279e+02 1.005901e+01 -4.000000e+00
      vertex   -1.310971e+02 3.735070e+00 -4.000000e+00
    endloop
  endfacet
  facet normal 0.000000e+00 -0.000000e+00 -1.000000e+00
    outer loop
      vertex   -1.229200e+02 1.134169e+01 -4.000000e+00
      vertex   -1.229200e+02 -1.341688e+00 -4.000000e+00
      vertex   -1.237462e+02 1.051034e+01 -4.000000e+00
    endloop
  endfacet
  facet normal 0.000000e+00 0.000000e+00 -1.000000e+00
    outer loop
      vertex   -1.237462e+02 1.051034e+01 -4.000000e+00
      vertex   -1.229200e+02 -1.341688e+00 -4.000000e+00
      vertex   -1.237462e+02 -5.103442e-01 -4.000000e+00
    endloop
  endfacet
  facet normal 0.000000e+00 -0.000000e+00 -1.000000e+00
    outer loop
      vertex   -1.237462e+02 1.051034e+01 -4.000000e+00
      vertex   -1.237462e+02 -5.103442e-01 -4.000000e+00
      vertex   -1.248279e+02 -5.901481e-02 -4.000000e+00
    endloop
  endfacet
  facet normal 0.000000e+00 0.000000e+00 -1.000000e+00
    outer loop
      vertex   -1.237462e+02 -5.489656e+00 -4.000000e+00
      vertex   -1.229200e+02 -4.658312e+00 -4.000000e+00
      vertex   -1.229200e+02 -1.500000e+01 -4.000000e+00
    endloop
  endfacet
  facet normal 0.000000e+00 0.000000e+00 -1.000000e+00
    outer loop
      vertex   -1.429200e+02 -4.658312e+00 -4.000000e+00
      vertex   -1.420464e+02 -5.520848e+00 -4.000000e+00
      vertex   -1.429200e+02 -1.500000e+01 -4.000000e+00
    endloop
  endfacet
  facet normal 0.000000e+00 0.000000e+00 -1.000000e+00
    outer loop
      vertex   -1.429200e+02 -1.500000e+01 -4.000000e+00
      vertex   -1.420464e+02 -5.520848e+00 -4.000000e+00
      vertex   -1.409005e+02 -5.961263e+00 -4.000000e+00
    endloop
  endfacet
  facet normal 0.000000e+00 0.000000e+00 -1.000000e+00
    outer loop
      vertex   -1.429200e+02 -1.500000e+01 -4.000000e+00
      vertex   -1.409005e+02 -5.961263e+00 -4.000000e+00
      vertex   -1.396742e+02 -5.905811e+00 -4.000000e+00
    endloop
  endfacet
  facet normal -0.000000e+00 0.000000e+00 -1.000000e+00
    outer loop
      vertex   -1.404035e+02 -4.563748e-05 -4.000000e+00
      vertex   -1.416065e+02 -2.445910e-01 -4.000000e+00
      vertex   -1.447132e+02 7.793319e-01 -4.000000e+00
    endloop
  endfacet
  facet normal 0.000000e+00 0.000000e+00 -1.000000e+00
    outer loop
      vertex   -1.447132e+02 7.793319e-01 -4.000000e+00
      vertex   -1.416065e+02 -2.445910e-01 -4.000000e+00
      vertex   -1.438430e+02 -5.375571e-01 -4.000000e+00
    endloop
  endfacet
  facet normal 0.000000e+00 0.000000e+00 -1.000000e+00
    outer loop
      vertex   -1.438430e+02 -5.375571e-01 -4.000000e+00
      vertex   -1.416065e+02 -2.445910e-01 -4.000000e+00
      vertex   -1.426108e+02 -9.505340e-01 -4.000000e+00
    endloop
  endfacet
  facet normal 0.000000e+00 0.000000e+00 -1.000000e+00
    outer loop
      vertex   -1.438430e+02 -5.375571e-01 -4.000000e+00
      vertex   -1.426108e+02 -9.505340e-01 -4.000000e+00
      vertex   -1.432483e+02 -1.999663e+00 -4.000000e+00
    endloop
  endfacet
  facet normal 0.000000e+00 0.000000e+00 -1.000000e+00
    outer loop
      vertex   -1.458249e+02 1.899740e+00 -4.000000e+00
      vertex   -1.637019e+02 1.666769e+01 -4.000000e+00
      vertex   -1.473778e+02 1.288361e+01 -4.000000e+00
    endloop
  endfacet
  facet normal 0.000000e+00 0.000000e+00 -1.000000e+00
    outer loop
      vertex   -1.473778e+02 1.288361e+01 -4.000000e+00
      vertex   -1.637019e+02 1.666769e+01 -4.000000e+00
      vertex   -1.485292e+02 1.345694e+01 -4.000000e+00
    endloop
  endfacet
  facet normal 0.000000e+00 0.000000e+00 -1.000000e+00
    outer loop
      vertex   -1.485292e+02 1.345694e+01 -4.000000e+00
      vertex   -1.637019e+02 1.666769e+01 -4.000000e+00
      vertex   -1.493958e+02 1.440749e+01 -4.000000e+00
    endloop
  endfacet
  facet normal 0.000000e+00 0.000000e+00 -1.000000e+00
    outer loop
      vertex   -1.493958e+02 1.440749e+01 -4.000000e+00
      vertex   -1.637019e+02 1.666769e+01 -4.000000e+00
      vertex   -1.498604e+02 1.560688e+01 -4.000000e+00
    endloop
  endfacet
  facet normal 0.000000e+00 0.000000e+00 -1.000000e+00
    outer loop
      vertex   -1.498604e+02 1.560688e+01 -4.000000e+00
      vertex   -1.637019e+02 1.666769e+01 -4.000000e+00
      vertex   -1.498604e+02 1.689312e+01 -4.000000e+00
    endloop
  endfacet
  facet normal -0.000000e+00 0.000000e+00 -1.000000e+00
    outer loop
      vertex   -1.498604e+02 1.689312e+01 -4.000000e+00
      vertex   -1.637019e+02 1.666769e+01 -4.000000e+00
      vertex   -1.493958e+02 1.809251e+01 -4.000000e+00
    endloop
  endfacet
  facet normal 0.000000e+00 0.000000e+00 -1.000000e+00
    outer loop
      vertex   -1.493958e+02 1.809251e+01 -4.000000e+00
      vertex   -1.637019e+02 1.666769e+01 -4.000000e+00
      vertex   -1.652433e+02 1.766736e+01 -4.000000e+00
    endloop
  endfacet
  facet normal -0.000000e+00 0.000000e+00 -1.000000e+00
    outer loop
      vertex   -1.493958e+02 1.809251e+01 -4.000000e+00
      vertex   -1.652433e+02 1.766736e+01 -4.000000e+00
      vertex   -1.485292e+02 1.904306e+01 -4.000000e+00
    endloop
  endfacet
  facet normal 0.000000e+00 0.000000e+00 -1.000000e+00
    outer loop
      vertex   -1.485292e+02 1.904306e+01 -4.000000e+00
      vertex   -1.652433e+02 1.766736e+01 -4.000000e+00
      vertex   -1.669720e+02 1.828906e+01 -4.000000e+00
    endloop
  endfacet
  facet normal -0.000000e+00 0.000000e+00 -1.000000e+00
    outer loop
      vertex   -1.485292e+02 1.904306e+01 -4.000000e+00
      vertex   -1.669720e+02 1.828906e+01 -4.000000e+00
      vertex   -1.473778e+02 1.961639e+01 -4.000000e+00
    endloop
  endfacet
  facet normal 8.991654e-16 -1.327358e-14 -1.000000e+00
    outer loop
      vertex   -1.473778e+02 1.961639e+01 -4.000000e+00
      vertex   -1.669720e+02 1.828906e+01 -4.000000e+00
      vertex   -1.687970e+02 1.850000e+01 -4.000000e+00
    endloop
  endfacet
  facet normal 2.716574e-16 -1.234143e-15 -1.000000e+00
    outer loop
      vertex   -1.473778e+02 1.961639e+01 -4.000000e+00
      vertex   -1.687970e+02 1.850000e+01 -4.000000e+00
      vertex   -1.229200e+02 2.500000e+01 -4.000000e+00
    endloop
  endfacet
  facet normal 1.248680e-16 -1.981038e-16 -1.000000e+00
    outer loop
      vertex   -1.229200e+02 2.500000e+01 -4.000000e+00
      vertex   -1.687970e+02 1.850000e+01 -4.000000e+00
      vertex   -2.438400e+02 2.500000e+01 -4.000000e+00
    endloop
  endfacet
  facet normal 1.451230e-16 3.574231e-17 -1.000000e+00
    outer loop
      vertex   -2.438400e+02 2.500000e+01 -4.000000e+00
      vertex   -1.687970e+02 1.850000e+01 -4.000000e+00
      vertex   -2.728400e+02 1.850000e+01 -4.000000e+00
    endloop
  endfacet
  facet normal 1.383880e-16 6.579099e-17 -1.000000e+00
    outer loop
      vertex   -2.438400e+02 2.500000e+01 -4.000000e+00
      vertex   -2.728400e+02 1.850000e+01 -4.000000e+00
      vertex   -2.728400e+02 3.200000e+01 -4.000000e+00
    endloop
  endfacet
  facet normal 8.478067e-16 3.004811e-15 -1.000000e+00
    outer loop
      vertex   -2.728400e+02 3.200000e+01 -4.000000e+00
      vertex   -2.508400e+02 3.200000e+01 -4.000000e+00
      vertex   -2.438400e+02 2.500000e+01 -4.000000e+00
    endloop
  endfacet
  facet normal 0.000000e+00 0.000000e+00 -1.000000e+00
    outer loop
      vertex   -1.259999e+02 1.594341e+01 -4.000000e+00
      vertex   -1.438335e+02 1.860793e+01 -4.000000e+00
      vertex   -1.229200e+02 2.500000e+01 -4.000000e+00
    endloop
  endfacet
  facet normal 0.000000e+00 0.000000e+00 -1.000000e+00
    outer loop
      vertex   -1.229200e+02 2.500000e+01 -4.000000e+00
      vertex   -1.438335e+02 1.860793e+01 -4.000000e+00
      vertex   -1.448599e+02 1.938307e+01 -4.000000e+00
    endloop
  endfacet
  facet normal 0.000000e+00 0.000000e+00 -1.000000e+00
    outer loop
      vertex   -1.229200e+02 2.500000e+01 -4.000000e+00
      vertex   -1.448599e+02 1.938307e+01 -4.000000e+00
      vertex   -1.460971e+02 1.973507e+01 -4.000000e+00
    endloop
  endfacet
  facet normal -0.000000e+00 0.000000e+00 -1.000000e+00
    outer loop
      vertex   -1.460971e+02 1.973507e+01 -4.000000e+00
      vertex   -1.473778e+02 1.961639e+01 -4.000000e+00
      vertex   -1.229200e+02 2.500000e+01 -4.000000e+00
    endloop
  endfacet
  facet normal 6.898896e-01 1.372276e-01 -7.107889e-01
    outer loop
      vertex   -1.286484e+02 1.398050e+00 -4.500000e+00
      vertex   -1.281563e+02 1.514346e+00 -4.000000e+00
      vertex   -1.284200e+02 2.500000e-01 -4.500000e+00
    endloop
  endfacet
  facet normal 7.010093e-01 1.310414e-01 -7.010093e-01
    outer loop
      vertex   -1.284200e+02 2.500000e-01 -4.500000e+00
      vertex   -1.281563e+02 1.514346e+00 -4.000000e+00
      vertex   -1.279200e+02 2.500000e-01 -4.000000e+00
    endloop
  endfacet
  facet normal 7.010093e-01 -1.310414e-01 -7.010093e-01
    outer loop
      vertex   -1.284200e+02 2.500000e-01 -4.500000e+00
      vertex   -1.279200e+02 2.500000e-01 -4.000000e+00
      vertex   -1.281563e+02 -1.014346e+00 -4.000000e+00
    endloop
  endfacet
  facet normal 6.136174e-01 3.799358e-01 -6.921867e-01
    outer loop
      vertex   -1.281563e+02 1.514346e+00 -4.000000e+00
      vertex   -1.286484e+02 1.398050e+00 -4.500000e+00
      vertex   -1.288335e+02 2.607935e+00 -4.000000e+00
    endloop
  endfacet
  facet normal 5.772991e-01 3.857389e-01 -7.196744e-01
    outer loop
      vertex   -1.288335e+02 2.607935e+00 -4.000000e+00
      vertex   -1.286484e+02 1.398050e+00 -4.500000e+00
      vertex   -1.292987e+02 2.371320e+00 -4.500000e+00
    endloop
  endfacet
  facet normal 4.394582e-01 5.819366e-01 -6.842706e-01
    outer loop
      vertex   -1.288335e+02 2.607935e+00 -4.000000e+00
      vertex   -1.292987e+02 2.371320e+00 -4.500000e+00
      vertex   -1.298599e+02 3.383072e+00 -4.000000e+00
    endloop
  endfacet
  facet normal 3.814590e-01 5.708938e-01 -7.270277e-01
    outer loop
      vertex   -1.298599e+02 3.383072e+00 -4.000000e+00
      vertex   -1.292987e+02 2.371320e+00 -4.500000e+00
      vertex   -1.302719e+02 3.021639e+00 -4.500000e+00
    endloop
  endfacet
  facet normal 2.013180e-01 7.075595e-01 -6.773703e-01
    outer loop
      vertex   -1.298599e+02 3.383072e+00 -4.000000e+00
      vertex   -1.302719e+02 3.021639e+00 -4.500000e+00
      vertex   -1.310971e+02 3.735070e+00 -4.000000e+00
    endloop
  endfacet
  facet normal 1.327110e-01 6.671835e-01 -7.329761e-01
    outer loop
      vertex   -1.310971e+02 3.735070e+00 -4.000000e+00
      vertex   -1.302719e+02 3.021639e+00 -4.500000e+00
      vertex   -1.314200e+02 3.250000e+00 -4.500000e+00
    endloop
  endfacet
  facet normal -6.836432e-02 7.377685e-01 -6.715831e-01
    outer loop
      vertex   -1.310971e+02 3.735070e+00 -4.000000e+00
      vertex   -1.314200e+02 3.250000e+00 -4.500000e+00
      vertex   -1.323778e+02 3.616390e+00 -4.000000e+00
    endloop
  endfacet
  facet normal -1.317280e-01 6.622414e-01 -7.376205e-01
    outer loop
      vertex   -1.323778e+02 3.616390e+00 -4.000000e+00
      vertex   -1.314200e+02 3.250000e+00 -4.500000e+00
      vertex   -1.325681e+02 3.021639e+00 -4.500000e+00
    endloop
  endfacet
  facet normal -3.321040e-01 6.669547e-01 -6.669920e-01
    outer loop
      vertex   -1.323778e+02 3.616390e+00 -4.000000e+00
      vertex   -1.325681e+02 3.021639e+00 -4.500000e+00
      vertex   -1.335292e+02 3.043060e+00 -4.000000e+00
    endloop
  endfacet
  facet normal -3.730445e-01 5.583006e-01 -7.410386e-01
    outer loop
      vertex   -1.335292e+02 3.043060e+00 -4.000000e+00
      vertex   -1.325681e+02 3.021639e+00 -4.500000e+00
      vertex   -1.335413e+02 2.371320e+00 -4.500000e+00
    endloop
  endfacet
  facet normal -5.528017e-01 5.039453e-01 -6.636636e-01
    outer loop
      vertex   -1.335292e+02 3.043060e+00 -4.000000e+00
      vertex   -1.335413e+02 2.371320e+00 -4.500000e+00
      vertex   -1.343958e+02 2.092513e+00 -4.000000e+00
    endloop
  endfacet
  facet normal -5.562306e-01 3.716614e-01 -7.432868e-01
    outer loop
      vertex   -1.343958e+02 2.092513e+00 -4.000000e+00
      vertex   -1.335413e+02 2.371320e+00 -4.500000e+00
      vertex   -1.341916e+02 1.398050e+00 -4.500000e+00
    endloop
  endfacet
  facet normal -6.991823e-01 2.708647e-01 -6.616467e-01
    outer loop
      vertex   -1.343958e+02 2.092513e+00 -4.000000e+00
      vertex   -1.341916e+02 1.398050e+00 -4.500000e+00
      vertex   -1.348604e+02 8.931233e-01 -4.000000e+00
    endloop
  endfacet
  facet normal -6.549016e-01 1.302680e-01 -7.444018e-01
    outer loop
      vertex   -1.348604e+02 8.931233e-01 -4.000000e+00
      vertex   -1.341916e+02 1.398050e+00 -4.500000e+00
      vertex   -1.344200e+02 2.500000e-01 -4.500000e+00
    endloop
  endfacet
  facet normal -7.504114e-01 -0.000000e+00 -6.609711e-01
    outer loop
      vertex   -1.348604e+02 8.931233e-01 -4.000000e+00
      vertex   -1.344200e+02 2.500000e-01 -4.500000e+00
      vertex   -1.348604e+02 -3.931233e-01 -4.000000e+00
    endloop
  endfacet
  facet normal -6.549016e-01 -1.302680e-01 -7.444018e-01
    outer loop
      vertex   -1.348604e+02 -3.931233e-01 -4.000000e+00
      vertex   -1.344200e+02 2.500000e-01 -4.500000e+00
      vertex   -1.341916e+02 -8.980503e-01 -4.500000e+00
    endloop
  endfacet
  facet normal -6.991823e-01 -2.708647e-01 -6.616467e-01
    outer loop
      vertex   -1.348604e+02 -3.931233e-01 -4.000000e+00
      vertex   -1.341916e+02 -8.980503e-01 -4.500000e+00
      vertex   -1.343958e+02 -1.592513e+00 -4.000000e+00
    endloop
  endfacet
  facet normal -5.562306e-01 -3.716614e-01 -7.432868e-01
    outer loop
      vertex   -1.343958e+02 -1.592513e+00 -4.000000e+00
      vertex   -1.341916e+02 -8.980503e-01 -4.500000e+00
      vertex   -1.335413e+02 -1.871320e+00 -4.500000e+00
    endloop
  endfacet
  facet normal -5.528017e-01 -5.039453e-01 -6.636636e-01
    outer loop
      vertex   -1.343958e+02 -1.592513e+00 -4.000000e+00
      vertex   -1.335413e+02 -1.871320e+00 -4.500000e+00
      vertex   -1.335292e+02 -2.543060e+00 -4.000000e+00
    endloop
  endfacet
  facet normal -3.730445e-01 -5.583006e-01 -7.410386e-01
    outer loop
      vertex   -1.335292e+02 -2.543060e+00 -4.000000e+00
      vertex   -1.335413e+02 -1.871320e+00 -4.500000e+00
      vertex   -1.325681e+02 -2.521639e+00 -4.500000e+00
    endloop
  endfacet
  facet normal -3.321040e-01 -6.669547e-01 -6.669920e-01
    outer loop
      vertex   -1.335292e+02 -2.543060e+00 -4.000000e+00
      vertex   -1.325681e+02 -2.521639e+00 -4.500000e+00
      vertex   -1.323778e+02 -3.116390e+00 -4.000000e+00
    endloop
  endfacet
  facet normal -1.317280e-01 -6.622414e-01 -7.376205e-01
    outer loop
      vertex   -1.323778e+02 -3.116390e+00 -4.000000e+00
      vertex   -1.325681e+02 -2.521639e+00 -4.500000e+00
      vertex   -1.314200e+02 -2.750000e+00 -4.500000e+00
    endloop
  endfacet
  facet normal -6.836432e-02 -7.377685e-01 -6.715831e-01
    outer loop
      vertex   -1.323778e+02 -3.116390e+00 -4.000000e+00
      vertex   -1.314200e+02 -2.750000e+00 -4.500000e+00
      vertex   -1.310971e+02 -3.235070e+00 -4.000000e+00
    endloop
  endfacet
  facet normal 1.327110e-01 -6.671835e-01 -7.329761e-01
    outer loop
      vertex   -1.310971e+02 -3.235070e+00 -4.000000e+00
      vertex   -1.314200e+02 -2.750000e+00 -4.500000e+00
      vertex   -1.302719e+02 -2.521639e+00 -4.500000e+00
    endloop
  endfacet
  facet normal 2.013180e-01 -7.075595e-01 -6.773703e-01
    outer loop
      vertex   -1.310971e+02 -3.235070e+00 -4.000000e+00
      vertex   -1.302719e+02 -2.521639e+00 -4.500000e+00
      vertex   -1.298599e+02 -2.883072e+00 -4.000000e+00
    endloop
  endfacet
  facet normal 3.814590e-01 -5.708938e-01 -7.270277e-01
    outer loop
      vertex   -1.298599e+02 -2.883072e+00 -4.000000e+00
      vertex   -1.302719e+02 -2.521639e+00 -4.500000e+00
      vertex   -1.292987e+02 -1.871320e+00 -4.500000e+00
    endloop
  endfacet
  facet normal 4.394582e-01 -5.819366e-01 -6.842706e-01
    outer loop
      vertex   -1.298599e+02 -2.883072e+00 -4.000000e+00
      vertex   -1.292987e+02 -1.871320e+00 -4.500000e+00
      vertex   -1.288335e+02 -2.107935e+00 -4.000000e+00
    endloop
  endfacet
  facet normal 5.772991e-01 -3.857389e-01 -7.196744e-01
    outer loop
      vertex   -1.288335e+02 -2.107935e+00 -4.000000e+00
      vertex   -1.292987e+02 -1.871320e+00 -4.500000e+00
      vertex   -1.286484e+02 -8.980503e-01 -4.500000e+00
    endloop
  endfacet
  facet normal 6.136174e-01 -3.799358e-01 -6.921867e-01
    outer loop
      vertex   -1.288335e+02 -2.107935e+00 -4.000000e+00
      vertex   -1.286484e+02 -8.980503e-01 -4.500000e+00
      vertex   -1.281563e+02 -1.014346e+00 -4.000000e+00
    endloop
  endfacet
  facet normal 6.898896e-01 -1.372276e-01 -7.107889e-01
    outer loop
      vertex   -1.281563e+02 -1.014346e+00 -4.000000e+00
      vertex   -1.286484e+02 -8.980503e-01 -4.500000e+00
      vertex   -1.284200e+02 2.500000e-01 -4.500000e+00
    endloop
  endfacet
  facet normal 0.000000e+00 -0.000000e+00 -1.000000e+00
    outer loop
      vertex   -1.286484e+02 1.398050e+00 -4.500000e+00
      vertex   -1.284200e+02 2.500000e-01 -4.500000e+00
      vertex   -1.294200e+02 2.500000e-01 -4.500000e+00
    endloop
  endfacet
  facet normal 0.000000e+00 0.000000e+00 -1.000000e+00
    outer loop
      vertex   -1.294200e+02 2.500000e-01 -4.500000e+00
      vertex   -1.284200e+02 2.500000e-01 -4.500000e+00
      vertex   -1.286484e+02 -8.980503e-01 -4.500000e+00
    endloop
  endfacet
  facet normal 0.000000e+00 -0.000000e+00 -1.000000e+00
    outer loop
      vertex   -1.294200e+02 2.500000e-01 -4.500000e+00
      vertex   -1.286484e+02 -8.980503e-01 -4.500000e+00
      vertex   -1.296491e+02 -6.794463e-01 -4.500000e+00
    endloop
  endfacet
  facet normal 0.000000e+00 0.000000e+00 -1.000000e+00
    outer loop
      vertex   -1.296491e+02 -6.794463e-01 -4.500000e+00
      vertex   -1.286484e+02 -8.980503e-01 -4.500000e+00
      vertex   -1.292987e+02 -1.871320e+00 -4.500000e+00
    endloop
  endfacet
  facet normal 0.000000e+00 -0.000000e+00 -1.000000e+00
    outer loop
      vertex   -1.296491e+02 -6.794463e-01 -4.500000e+00
      vertex   -1.292987e+02 -1.871320e+00 -4.500000e+00
      vertex   -1.302839e+02 -1.395968e+00 -4.500000e+00
    endloop
  endfacet
  facet normal 0.000000e+00 0.000000e+00 -1.000000e+00
    outer loop
      vertex   -1.302839e+02 -1.395968e+00 -4.500000e+00
      vertex   -1.292987e+02 -1.871320e+00 -4.500000e+00
      vertex   -1.302719e+02 -2.521639e+00 -4.500000e+00
    endloop
  endfacet
  facet normal 0.000000e+00 -0.000000e+00 -1.000000e+00
    outer loop
      vertex   -1.302839e+02 -1.395968e+00 -4.500000e+00
      vertex   -1.302719e+02 -2.521639e+00 -4.500000e+00
      vertex   -1.311789e+02 -1.735418e+00 -4.500000e+00
    endloop
  endfacet
  facet normal 0.000000e+00 -0.000000e+00 -1.000000e+00
    outer loop
      vertex   -1.311789e+02 -1.735418e+00 -4.500000e+00
      vertex   -1.302719e+02 -2.521639e+00 -4.500000e+00
      vertex   -1.314200e+02 -2.750000e+00 -4.500000e+00
    endloop
  endfacet
  facet normal -0.000000e+00 0.000000e+00 -1.000000e+00
    outer loop
      vertex   -1.311789e+02 -1.735418e+00 -4.500000e+00
      vertex   -1.314200e+02 -2.750000e+00 -4.500000e+00
      vertex   -1.321292e+02 -1.620032e+00 -4.500000e+00
    endloop
  endfacet
  facet normal 0.000000e+00 -0.000000e+00 -1.000000e+00
    outer loop
      vertex   -1.321292e+02 -1.620032e+00 -4.500000e+00
      vertex   -1.314200e+02 -2.750000e+00 -4.500000e+00
      vertex   -1.325681e+02 -2.521639e+00 -4.500000e+00
    endloop
  endfacet
  facet normal 0.000000e+00 0.000000e+00 -1.000000e+00
    outer loop
      vertex   -1.321292e+02 -1.620032e+00 -4.500000e+00
      vertex   -1.325681e+02 -2.521639e+00 -4.500000e+00
      vertex   -1.335413e+02 -1.871320e+00 -4.500000e+00
    endloop
  endfacet
  facet normal -0.000000e+00 0.000000e+00 -1.000000e+00
    outer loop
      vertex   -1.321292e+02 -1.620032e+00 -4.500000e+00
      vertex   -1.335413e+02 -1.871320e+00 -4.500000e+00
      vertex   -1.329170e+02 -1.076245e+00 -4.500000e+00
    endloop
  endfacet
  facet normal -0.000000e+00 0.000000e+00 -1.000000e+00
    outer loop
      vertex   -1.329170e+02 -1.076245e+00 -4.500000e+00
      vertex   -1.335413e+02 -1.871320e+00 -4.500000e+00
      vertex   -1.341916e+02 -8.980503e-01 -4.500000e+00
    endloop
  endfacet
  facet normal 0.000000e+00 0.000000e+00 -1.000000e+00
    outer loop
      vertex   -1.329170e+02 -1.076245e+00 -4.500000e+00
      vertex   -1.341916e+02 -8.980503e-01 -4.500000e+00
      vertex   -1.333619e+02 -2.286313e-01 -4.500000e+00
    endloop
  endfacet
  facet normal -0.000000e+00 0.000000e+00 -1.000000e+00
    outer loop
      vertex   -1.333619e+02 -2.286313e-01 -4.500000e+00
      vertex   -1.341916e+02 -8.980503e-01 -4.500000e+00
      vertex   -1.344200e+02 2.500000e-01 -4.500000e+00
    endloop
  endfacet
  facet normal 0.000000e+00 0.000000e+00 -1.000000e+00
    outer loop
      vertex   -1.333619e+02 -2.286313e-01 -4.500000e+00
      vertex   -1.344200e+02 2.500000e-01 -4.500000e+00
      vertex   -1.333619e+02 7.286313e-01 -4.500000e+00
    endloop
  endfacet
  facet normal -0.000000e+00 0.000000e+00 -1.000000e+00
    outer loop
      vertex   -1.333619e+02 7.286313e-01 -4.500000e+00
      vertex   -1.344200e+02 2.500000e-01 -4.500000e+00
      vertex   -1.341916e+02 1.398050e+00 -4.500000e+00
    endloop
  endfacet
  facet normal 0.000000e+00 0.000000e+00 -1.000000e+00
    outer loop
      vertex   -1.333619e+02 7.286313e-01 -4.500000e+00
      vertex   -1.341916e+02 1.398050e+00 -4.500000e+00
      vertex   -1.329170e+02 1.576245e+00 -4.500000e+00
    endloop
  endfacet
  facet normal -0.000000e+00 0.000000e+00 -1.000000e+00
    outer loop
      vertex   -1.329170e+02 1.576245e+00 -4.500000e+00
      vertex   -1.341916e+02 1.398050e+00 -4.500000e+00
      vertex   -1.335413e+02 2.371320e+00 -4.500000e+00
    endloop
  endfacet
  facet normal 0.000000e+00 0.000000e+00 -1.000000e+00
    outer loop
      vertex   -1.329170e+02 1.576245e+00 -4.500000e+00
      vertex   -1.335413e+02 2.371320e+00 -4.500000e+00
      vertex   -1.321292e+02 2.120032e+00 -4.500000e+00
    endloop
  endfacet
  facet normal 0.000000e+00 0.000000e+00 -1.000000e+00
    outer loop
      vertex   -1.321292e+02 2.120032e+00 -4.500000e+00
      vertex   -1.335413e+02 2.371320e+00 -4.500000e+00
      vertex   -1.325681e+02 3.021639e+00 -4.500000e+00
    endloop
  endfacet
  facet normal 0.000000e+00 0.000000e+00 -1.000000e+00
    outer loop
      vertex   -1.321292e+02 2.120032e+00 -4.500000e+00
      vertex   -1.325681e+02 3.021639e+00 -4.500000e+00
      vertex   -1.314200e+02 3.250000e+00 -4.500000e+00
    endloop
  endfacet
  facet normal 0.000000e+00 0.000000e+00 -1.000000e+00
    outer loop
      vertex   -1.321292e+02 2.120032e+00 -4.500000e+00
      vertex   -1.314200e+02 3.250000e+00 -4.500000e+00
      vertex   -1.311789e+02 2.235418e+00 -4.500000e+00
    endloop
  endfacet
  facet normal 0.000000e+00 0.000000e+00 -1.000000e+00
    outer loop
      vertex   -1.311789e+02 2.235418e+00 -4.500000e+00
      vertex   -1.314200e+02 3.250000e+00 -4.500000e+00
      vertex   -1.302719e+02 3.021639e+00 -4.500000e+00
    endloop
  endfacet
  facet normal 0.000000e+00 0.000000e+00 -1.000000e+00
    outer loop
      vertex   -1.311789e+02 2.235418e+00 -4.500000e+00
      vertex   -1.302719e+02 3.021639e+00 -4.500000e+00
      vertex   -1.302839e+02 1.895968e+00 -4.500000e+00
    endloop
  endfacet
  facet normal 0.000000e+00 0.000000e+00 -1.000000e+00
    outer loop
      vertex   -1.302839e+02 1.895968e+00 -4.500000e+00
      vertex   -1.302719e+02 3.021639e+00 -4.500000e+00
      vertex   -1.292987e+02 2.371320e+00 -4.500000e+00
    endloop
  endfacet
  facet normal 0.000000e+00 0.000000e+00 -1.000000e+00
    outer loop
      vertex   -1.302839e+02 1.895968e+00 -4.500000e+00
      vertex   -1.292987e+02 2.371320e+00 -4.500000e+00
      vertex   -1.296491e+02 1.179446e+00 -4.500000e+00
    endloop
  endfacet
  facet normal 0.000000e+00 0.000000e+00 -1.000000e+00
    outer loop
      vertex   -1.296491e+02 1.179446e+00 -4.500000e+00
      vertex   -1.292987e+02 2.371320e+00 -4.500000e+00
      vertex   -1.286484e+02 1.398050e+00 -4.500000e+00
    endloop
  endfacet
  facet normal 0.000000e+00 0.000000e+00 -1.000000e+00
    outer loop
      vertex   -1.296491e+02 1.179446e+00 -4.500000e+00
      vertex   -1.286484e+02 1.398050e+00 -4.500000e+00
      vertex   -1.294200e+02 2.500000e-01 -4.500000e+00
    endloop
  endfacet
  facet normal 0.000000e+00 -0.000000e+00 -1.000000e+00
    outer loop
      vertex   -1.436484e+02 1.739805e+01 -4.500000e+00
      vertex   -1.434200e+02 1.625000e+01 -4.500000e+00
      vertex   -1.444200e+02 1.625000e+01 -4.500000e+00
    endloop
  endfacet
  facet normal 0.000000e+00 0.000000e+00 -1.000000e+00
    outer loop
      vertex   -1.444200e+02 1.625000e+01 -4.500000e+00
      vertex   -1.434200e+02 1.625000e+01 -4.500000e+00
      vertex   -1.436484e+02 1.510195e+01 -4.500000e+00
    endloop
  endfacet
  facet normal 0.000000e+00 -0.000000e+00 -1.000000e+00
    outer loop
      vertex   -1.444200e+02 1.625000e+01 -4.500000e+00
      vertex   -1.436484e+02 1.510195e+01 -4.500000e+00
      vertex   -1.446491e+02 1.532055e+01 -4.500000e+00
    endloop
  endfacet
  facet normal 0.000000e+00 0.000000e+00 -1.000000e+00
    outer loop
      vertex   -1.446491e+02 1.532055e+01 -4.500000e+00
      vertex   -1.436484e+02 1.510195e+01 -4.500000e+00
      vertex   -1.442987e+02 1.412868e+01 -4.500000e+00
    endloop
  endfacet
  facet normal 0.000000e+00 -0.000000e+00 -1.000000e+00
    outer loop
      vertex   -1.446491e+02 1.532055e+01 -4.500000e+00
      vertex   -1.442987e+02 1.412868e+01 -4.500000e+00
      vertex   -1.452839e+02 1.460403e+01 -4.500000e+00
    endloop
  endfacet
  facet normal 0.000000e+00 0.000000e+00 -1.000000e+00
    outer loop
      vertex   -1.452839e+02 1.460403e+01 -4.500000e+00
      vertex   -1.442987e+02 1.412868e+01 -4.500000e+00
      vertex   -1.452719e+02 1.347836e+01 -4.500000e+00
    endloop
  endfacet
  facet normal 0.000000e+00 -0.000000e+00 -1.000000e+00
    outer loop
      vertex   -1.452839e+02 1.460403e+01 -4.500000e+00
      vertex   -1.452719e+02 1.347836e+01 -4.500000e+00
      vertex   -1.461789e+02 1.426458e+01 -4.500000e+00
    endloop
  endfacet
  facet normal 0.000000e+00 -0.000000e+00 -1.000000e+00
    outer loop
      vertex   -1.461789e+02 1.426458e+01 -4.500000e+00
      vertex   -1.452719e+02 1.347836e+01 -4.500000e+00
      vertex   -1.464200e+02 1.325000e+01 -4.500000e+00
    endloop
  endfacet
  facet normal -0.000000e+00 0.000000e+00 -1.000000e+00
    outer loop
      vertex   -1.461789e+02 1.426458e+01 -4.500000e+00
      vertex   -1.464200e+02 1.325000e+01 -4.500000e+00
      vertex   -1.471292e+02 1.437997e+01 -4.500000e+00
    endloop
  endfacet
  facet normal 0.000000e+00 -0.000000e+00 -1.000000e+00
    outer loop
      vertex   -1.471292e+02 1.437997e+01 -4.500000e+00
      vertex   -1.464200e+02 1.325000e+01 -4.500000e+00
      vertex   -1.475681e+02 1.347836e+01 -4.500000e+00
    endloop
  endfacet
  facet normal 0.000000e+00 0.000000e+00 -1.000000e+00
    outer loop
      vertex   -1.471292e+02 1.437997e+01 -4.500000e+00
      vertex   -1.475681e+02 1.347836e+01 -4.500000e+00
      vertex   -1.485413e+02 1.412868e+01 -4.500000e+00
    endloop
  endfacet
  facet normal -0.000000e+00 0.000000e+00 -1.000000e+00
    outer loop
      vertex   -1.471292e+02 1.437997e+01 -4.500000e+00
      vertex   -1.485413e+02 1.412868e+01 -4.500000e+00
      vertex   -1.479170e+02 1.492375e+01 -4.500000e+00
    endloop
  endfacet
  facet normal -0.000000e+00 0.000000e+00 -1.000000e+00
    outer loop
      vertex   -1.479170e+02 1.492375e+01 -4.500000e+00
      vertex   -1.485413e+02 1.412868e+01 -4.500000e+00
      vertex   -1.491916e+02 1.510195e+01 -4.500000e+00
    endloop
  endfacet
  facet normal 0.000000e+00 0.000000e+00 -1.000000e+00
    outer loop
      vertex   -1.479170e+02 1.492375e+01 -4.500000e+00
      vertex   -1.491916e+02 1.510195e+01 -4.500000e+00
      vertex   -1.483619e+02 1.577137e+01 -4.500000e+00
    endloop
  endfacet
  facet normal -0.000000e+00 0.000000e+00 -1.000000e+00
    outer loop
      vertex   -1.483619e+02 1.577137e+01 -4.500000e+00
      vertex   -1.491916e+02 1.510195e+01 -4.500000e+00
      vertex   -1.494200e+02 1.625000e+01 -4.500000e+00
    endloop
  endfacet
  facet normal 0.000000e+00 0.000000e+00 -1.000000e+00
    outer loop
      vertex   -1.483619e+02 1.577137e+01 -4.500000e+00
      vertex   -1.494200e+02 1.625000e+01 -4.500000e+00
      vertex   -1.483619e+02 1.672863e+01 -4.500000e+00
    endloop
  endfacet
  facet normal -0.000000e+00 0.000000e+00 -1.000000e+00
    outer loop
      vertex   -1.483619e+02 1.672863e+01 -4.500000e+00
      vertex   -1.494200e+02 1.625000e+01 -4.500000e+00
      vertex   -1.491916e+02 1.739805e+01 -4.500000e+00
    endloop
  endfacet
  facet normal 0.000000e+00 0.000000e+00 -1.000000e+00
    outer loop
      vertex   -1.483619e+02 1.672863e+01 -4.500000e+00
      vertex   -1.491916e+02 1.739805e+01 -4.500000e+00
      vertex   -1.479170e+02 1.757625e+01 -4.500000e+00
    endloop
  endfacet
  facet normal -0.000000e+00 0.000000e+00 -1.000000e+00
    outer loop
      vertex   -1.479170e+02 1.757625e+01 -4.500000e+00
      vertex   -1.491916e+02 1.739805e+01 -4.500000e+00
      vertex   -1.485413e+02 1.837132e+01 -4.500000e+00
    endloop
  endfacet
  facet normal 0.000000e+00 0.000000e+00 -1.000000e+00
    outer loop
      vertex   -1.479170e+02 1.757625e+01 -4.500000e+00
      vertex   -1.485413e+02 1.837132e+01 -4.500000e+00
      vertex   -1.471292e+02 1.812003e+01 -4.500000e+00
    endloop
  endfacet
  facet normal 0.000000e+00 0.000000e+00 -1.000000e+00
    outer loop
      vertex   -1.471292e+02 1.812003e+01 -4.500000e+00
      vertex   -1.485413e+02 1.837132e+01 -4.500000e+00
      vertex   -1.475681e+02 1.902164e+01 -4.500000e+00
    endloop
  endfacet
  facet normal 0.000000e+00 0.000000e+00 -1.000000e+00
    outer loop
      vertex   -1.471292e+02 1.812003e+01 -4.500000e+00
      vertex   -1.475681e+02 1.902164e+01 -4.500000e+00
      vertex   -1.464200e+02 1.925000e+01 -4.500000e+00
    endloop
  endfacet
  facet normal 0.000000e+00 0.000000e+00 -1.000000e+00
    outer loop
      vertex   -1.471292e+02 1.812003e+01 -4.500000e+00
      vertex   -1.464200e+02 1.925000e+01 -4.500000e+00
      vertex   -1.461789e+02 1.823542e+01 -4.500000e+00
    endloop
  endfacet
  facet normal 0.000000e+00 0.000000e+00 -1.000000e+00
    outer loop
      vertex   -1.461789e+02 1.823542e+01 -4.500000e+00
      vertex   -1.464200e+02 1.925000e+01 -4.500000e+00
      vertex   -1.452719e+02 1.902164e+01 -4.500000e+00
    endloop
  endfacet
  facet normal 0.000000e+00 0.000000e+00 -1.000000e+00
    outer loop
      vertex   -1.461789e+02 1.823542e+01 -4.500000e+00
      vertex   -1.452719e+02 1.902164e+01 -4.500000e+00
      vertex   -1.452839e+02 1.789597e+01 -4.500000e+00
    endloop
  endfacet
  facet normal 0.000000e+00 0.000000e+00 -1.000000e+00
    outer loop
      vertex   -1.452839e+02 1.789597e+01 -4.500000e+00
      vertex   -1.452719e+02 1.902164e+01 -4.500000e+00
      vertex   -1.442987e+02 1.837132e+01 -4.500000e+00
    endloop
  endfacet
  facet normal 0.000000e+00 0.000000e+00 -1.000000e+00
    outer loop
      vertex   -1.452839e+02 1.789597e+01 -4.500000e+00
      vertex   -1.442987e+02 1.837132e+01 -4.500000e+00
      vertex   -1.446491e+02 1.717945e+01 -4.500000e+00
    endloop
  endfacet
  facet normal 0.000000e+00 0.000000e+00 -1.000000e+00
    outer loop
      vertex   -1.446491e+02 1.717945e+01 -4.500000e+00
      vertex   -1.442987e+02 1.837132e+01 -4.500000e+00
      vertex   -1.436484e+02 1.739805e+01 -4.500000e+00
    endloop
  endfacet
  facet normal 0.000000e+00 0.000000e+00 -1.000000e+00
    outer loop
      vertex   -1.446491e+02 1.717945e+01 -4.500000e+00
      vertex   -1.436484e+02 1.739805e+01 -4.500000e+00
      vertex   -1.444200e+02 1.625000e+01 -4.500000e+00
    endloop
  endfacet
  facet normal -9.708742e-01 2.392990e-01 1.180120e-02
    outer loop
      vertex   -1.446491e+02 1.532055e+01 -4.500000e+00
      vertex   -1.444886e+02 1.573058e+01 3.866466e-01
      vertex   -1.444200e+02 1.625000e+01 -4.500000e+00
    endloop
  endfacet
  facet normal -9.948400e-01 1.014061e-01 -3.192499e-03
    outer loop
      vertex   -1.444200e+02 1.625000e+01 -4.500000e+00
      vertex   -1.444886e+02 1.573058e+01 3.866466e-01
      vertex   -1.444241e+02 1.637868e+01 8.786797e-01
    endloop
  endfacet
  facet normal -9.708457e-01 -2.396533e-01 4.985501e-03
    outer loop
      vertex   -1.444200e+02 1.625000e+01 -4.500000e+00
      vertex   -1.444241e+02 1.637868e+01 8.786797e-01
      vertex   -1.445857e+02 1.704712e+01 1.547122e+00
    endloop
  endfacet
  facet normal -8.963201e-01 4.433396e-01 -7.767491e-03
    outer loop
      vertex   -1.444886e+02 1.573058e+01 3.866466e-01
      vertex   -1.446491e+02 1.532055e+01 -4.500000e+00
      vertex   -1.448275e+02 1.504045e+01 1.041807e-01
    endloop
  endfacet
  facet normal -7.484627e-01 6.630801e-01 1.133165e-02
    outer loop
      vertex   -1.448275e+02 1.504045e+01 1.041807e-01
      vertex   -1.446491e+02 1.532055e+01 -4.500000e+00
      vertex   -1.452839e+02 1.460403e+01 -4.500000e+00
    endloop
  endfacet
  facet normal -6.543739e-01 7.561405e-01 -6.814646e-03
    outer loop
      vertex   -1.448275e+02 1.504045e+01 1.041807e-01
      vertex   -1.452839e+02 1.460403e+01 -4.500000e+00
      vertex   -1.454497e+02 1.450118e+01 9.927787e-03
    endloop
  endfacet
  facet normal -3.545927e-01 9.349841e-01 8.285719e-03
    outer loop
      vertex   -1.454497e+02 1.450118e+01 9.927787e-03
      vertex   -1.452839e+02 1.460403e+01 -4.500000e+00
      vertex   -1.461789e+02 1.426458e+01 -4.500000e+00
    endloop
  endfacet
  facet normal -2.918693e-01 9.564536e-01 -2.982831e-03
    outer loop
      vertex   -1.454497e+02 1.450118e+01 9.927787e-03
      vertex   -1.461789e+02 1.426458e+01 -4.500000e+00
      vertex   -1.462486e+02 1.425736e+01 0.000000e+00
    endloop
  endfacet
  facet normal -5.717729e-02 9.983638e-01 7.173872e-04
    outer loop
      vertex   -1.462486e+02 1.425736e+01 0.000000e+00
      vertex   -1.461789e+02 1.426458e+01 -4.500000e+00
      vertex   -1.463628e+02 1.425082e+01 0.000000e+00
    endloop
  endfacet
  facet normal 0.000000e+00 9.999953e-01 3.058676e-03
    outer loop
      vertex   -1.463628e+02 1.425082e+01 0.000000e+00
      vertex   -1.461789e+02 1.426458e+01 -4.500000e+00
      vertex   -1.464772e+02 1.425082e+01 0.000000e+00
    endloop
  endfacet
  facet normal 5.717597e-02 9.983407e-01 6.843417e-03
    outer loop
      vertex   -1.464772e+02 1.425082e+01 0.000000e+00
      vertex   -1.461789e+02 1.426458e+01 -4.500000e+00
      vertex   -1.465914e+02 1.425736e+01 0.000000e+00
    endloop
  endfacet
  facet normal 1.205270e-01 9.926296e-01 1.264127e-02
    outer loop
      vertex   -1.465914e+02 1.425736e+01 0.000000e+00
      vertex   -1.461789e+02 1.426458e+01 -4.500000e+00
      vertex   -1.471292e+02 1.437997e+01 -4.500000e+00
    endloop
  endfacet
  facet normal 2.917930e-01 9.564409e-01 -8.812720e-03
    outer loop
      vertex   -1.465914e+02 1.425736e+01 0.000000e+00
      vertex   -1.471292e+02 1.437997e+01 -4.500000e+00
      vertex   -1.473903e+02 1.450118e+01 9.927787e-03
    endloop
  endfacet
  facet normal 5.680318e-01 8.229361e-01 1.076868e-02
    outer loop
      vertex   -1.473903e+02 1.450118e+01 9.927787e-03
      vertex   -1.471292e+02 1.437997e+01 -4.500000e+00
      vertex   -1.479170e+02 1.492375e+01 -4.500000e+00
    endloop
  endfacet
  facet normal 6.544844e-01 7.560548e-01 -5.594602e-03
    outer loop
      vertex   -1.473903e+02 1.450118e+01 9.927787e-03
      vertex   -1.479170e+02 1.492375e+01 -4.500000e+00
      vertex   -1.480125e+02 1.504045e+01 1.041807e-01
    endloop
  endfacet
  facet normal 8.854369e-01 4.647131e-01 6.576882e-03
    outer loop
      vertex   -1.480125e+02 1.504045e+01 1.041807e-01
      vertex   -1.479170e+02 1.492375e+01 -4.500000e+00
      vertex   -1.483619e+02 1.577137e+01 -4.500000e+00
    endloop
  endfacet
  facet normal 8.978894e-01 4.402177e-01 1.743134e-03
    outer loop
      vertex   -1.480125e+02 1.504045e+01 1.041807e-01
      vertex   -1.483619e+02 1.577137e+01 -4.500000e+00
      vertex   -1.483514e+02 1.573058e+01 3.866466e-01
    endloop
  endfacet
  facet normal 9.949878e-01 9.998823e-02 -1.305528e-03
    outer loop
      vertex   -1.483514e+02 1.573058e+01 3.866466e-01
      vertex   -1.483619e+02 1.577137e+01 -4.500000e+00
      vertex   -1.484159e+02 1.637868e+01 8.786797e-01
    endloop
  endfacet
  facet normal 9.999497e-01 0.000000e+00 1.003401e-02
    outer loop
      vertex   -1.484159e+02 1.637868e+01 8.786797e-01
      vertex   -1.483619e+02 1.577137e+01 -4.500000e+00
      vertex   -1.483619e+02 1.672863e+01 -4.500000e+00
    endloop
  endfacet
  facet normal 9.731700e-01 -2.300286e-01 -5.201002e-03
    outer loop
      vertex   -1.484159e+02 1.637868e+01 8.786797e-01
      vertex   -1.483619e+02 1.672863e+01 -4.500000e+00
      vertex   -1.482543e+02 1.704712e+01 1.547122e+00
    endloop
  endfacet
  facet normal 8.854224e-01 -4.647055e-01 8.720335e-03
    outer loop
      vertex   -1.482543e+02 1.704712e+01 1.547122e+00
      vertex   -1.483619e+02 1.672863e+01 -4.500000e+00
      vertex   -1.479170e+02 1.757625e+01 -4.500000e+00
    endloop
  endfacet
  facet normal 8.356323e-01 -5.492873e-01 -1.457483e-03
    outer loop
      vertex   -1.482543e+02 1.704712e+01 1.547122e+00
      vertex   -1.479170e+02 1.757625e+01 -4.500000e+00
      vertex   -1.478758e+02 1.762132e+01 2.121320e+00
    endloop
  endfacet
  facet normal 5.680635e-01 -8.229821e-01 2.069718e-03
    outer loop
      vertex   -1.478758e+02 1.762132e+01 2.121320e+00
      vertex   -1.479170e+02 1.757625e+01 -4.500000e+00
      vertex   -1.471292e+02 1.812003e+01 -4.500000e+00
    endloop
  endfacet
  facet normal 5.783885e-01 -8.157527e-01 3.778497e-03
    outer loop
      vertex   -1.478758e+02 1.762132e+01 2.121320e+00
      vertex   -1.471292e+02 1.812003e+01 -4.500000e+00
      vertex   -1.472426e+02 1.807296e+01 2.700061e+00
    endloop
  endfacet
  facet normal 3.172595e-01 -9.483380e-01 -1.202335e-03
    outer loop
      vertex   -1.472426e+02 1.807296e+01 2.700061e+00
      vertex   -1.471292e+02 1.812003e+01 -4.500000e+00
      vertex   -1.468569e+02 1.820170e+01 2.938487e+00
    endloop
  endfacet
  facet normal 1.205341e-01 -9.926880e-01 6.486147e-03
    outer loop
      vertex   -1.468569e+02 1.820170e+01 2.938487e+00
      vertex   -1.471292e+02 1.812003e+01 -4.500000e+00
      vertex   -1.461789e+02 1.823542e+01 -4.500000e+00
    endloop
  endfacet
  facet normal 1.085995e-01 -9.940710e-01 5.392092e-03
    outer loop
      vertex   -1.468569e+02 1.820170e+01 2.938487e+00
      vertex   -1.461789e+02 1.823542e+01 -4.500000e+00
      vertex   -1.464200e+02 1.825000e+01 3.043683e+00
    endloop
  endfacet
  facet normal -1.102648e-01 -9.939010e-01 -1.602478e-03
    outer loop
      vertex   -1.464200e+02 1.825000e+01 3.043683e+00
      vertex   -1.461789e+02 1.823542e+01 -4.500000e+00
      vertex   -1.459831e+02 1.820170e+01 2.938487e+00
    endloop
  endfacet
  facet normal -3.143779e-01 -9.492896e-01 3.973463e-03
    outer loop
      vertex   -1.459831e+02 1.820170e+01 2.938487e+00
      vertex   -1.461789e+02 1.823542e+01 -4.500000e+00
      vertex   -1.455974e+02 1.807296e+01 2.700061e+00
    endloop
  endfacet
  facet normal -3.545948e-01 -9.349896e-01 7.544558e-03
    outer loop
      vertex   -1.455974e+02 1.807296e+01 2.700061e+00
      vertex   -1.461789e+02 1.823542e+01 -4.500000e+00
      vertex   -1.452839e+02 1.789597e+01 -4.500000e+00
    endloop
  endfacet
  facet normal -5.839857e-01 -8.117455e-01 -5.472523e-03
    outer loop
      vertex   -1.455974e+02 1.807296e+01 2.700061e+00
      vertex   -1.452839e+02 1.789597e+01 -4.500000e+00
      vertex   -1.449642e+02 1.762132e+01 2.121320e+00
    endloop
  endfacet
  facet normal -7.484828e-01 -6.630979e-01 8.636100e-03
    outer loop
      vertex   -1.449642e+02 1.762132e+01 2.121320e+00
      vertex   -1.452839e+02 1.789597e+01 -4.500000e+00
      vertex   -1.446491e+02 1.717945e+01 -4.500000e+00
    endloop
  endfacet
  facet normal -8.364395e-01 -5.480498e-01 -3.226962e-03
    outer loop
      vertex   -1.449642e+02 1.762132e+01 2.121320e+00
      vertex   -1.446491e+02 1.717945e+01 -4.500000e+00
      vertex   -1.445857e+02 1.704712e+01 1.547122e+00
    endloop
  endfacet
  facet normal -9.709300e-01 -2.393127e-01 4.938299e-03
    outer loop
      vertex   -1.445857e+02 1.704712e+01 1.547122e+00
      vertex   -1.446491e+02 1.717945e+01 -4.500000e+00
      vertex   -1.444200e+02 1.625000e+01 -4.500000e+00
    endloop
  endfacet
  facet normal -9.708609e-01 2.392957e-01 1.291367e-02
    outer loop
      vertex   -1.296491e+02 -6.794463e-01 -4.500000e+00
      vertex   -1.294781e+02 -2.286313e-01 0.000000e+00
      vertex   -1.294200e+02 2.500000e-01 -4.500000e+00
    endloop
  endfacet
  facet normal -9.999166e-01 0.000000e+00 -1.291367e-02
    outer loop
      vertex   -1.294200e+02 2.500000e-01 -4.500000e+00
      vertex   -1.294781e+02 -2.286313e-01 0.000000e+00
      vertex   -1.294781e+02 7.286313e-01 0.000000e+00
    endloop
  endfacet
  facet normal -9.708609e-01 -2.392957e-01 1.291367e-02
    outer loop
      vertex   -1.294200e+02 2.500000e-01 -4.500000e+00
      vertex   -1.294781e+02 7.286313e-01 0.000000e+00
      vertex   -1.296491e+02 1.179446e+00 -4.500000e+00
    endloop
  endfacet
  facet normal -8.853822e-01 -4.646844e-01 -1.291367e-02
    outer loop
      vertex   -1.296491e+02 1.179446e+00 -4.500000e+00
      vertex   -1.294781e+02 7.286313e-01 0.000000e+00
      vertex   -1.299230e+02 1.576245e+00 0.000000e+00
    endloop
  endfacet
  facet normal -7.484483e-01 -6.630674e-01 1.291367e-02
    outer loop
      vertex   -1.296491e+02 1.179446e+00 -4.500000e+00
      vertex   -1.299230e+02 1.576245e+00 0.000000e+00
      vertex   -1.302839e+02 1.895968e+00 -4.500000e+00
    endloop
  endfacet
  facet normal -5.680174e-01 -8.229152e-01 -1.291367e-02
    outer loop
      vertex   -1.302839e+02 1.895968e+00 -4.500000e+00
      vertex   -1.299230e+02 1.576245e+00 0.000000e+00
      vertex   -1.307108e+02 2.120032e+00 0.000000e+00
    endloop
  endfacet
  facet normal -3.545753e-01 -9.349383e-01 1.291367e-02
    outer loop
      vertex   -1.302839e+02 1.895968e+00 -4.500000e+00
      vertex   -1.307108e+02 2.120032e+00 0.000000e+00
      vertex   -1.311789e+02 2.235418e+00 -4.500000e+00
    endloop
  endfacet
  facet normal -1.205266e-01 -9.926261e-01 -1.291367e-02
    outer loop
      vertex   -1.311789e+02 2.235418e+00 -4.500000e+00
      vertex   -1.307108e+02 2.120032e+00 0.000000e+00
      vertex   -1.316611e+02 2.235418e+00 0.000000e+00
    endloop
  endfacet
  facet normal 1.205266e-01 -9.926261e-01 1.291367e-02
    outer loop
      vertex   -1.311789e+02 2.235418e+00 -4.500000e+00
      vertex   -1.316611e+02 2.235418e+00 0.000000e+00
      vertex   -1.321292e+02 2.120032e+00 -4.500000e+00
    endloop
  endfacet
  facet normal 3.545753e-01 -9.349383e-01 -1.291367e-02
    outer loop
      vertex   -1.321292e+02 2.120032e+00 -4.500000e+00
      vertex   -1.316611e+02 2.235418e+00 0.000000e+00
      vertex   -1.325561e+02 1.895968e+00 0.000000e+00
    endloop
  endfacet
  facet normal 5.680174e-01 -8.229152e-01 1.291367e-02
    outer loop
      vertex   -1.321292e+02 2.120032e+00 -4.500000e+00
      vertex   -1.325561e+02 1.895968e+00 0.000000e+00
      vertex   -1.329170e+02 1.576245e+00 -4.500000e+00
    endloop
  endfacet
  facet normal 7.484483e-01 -6.630674e-01 -1.291367e-02
    outer loop
      vertex   -1.329170e+02 1.576245e+00 -4.500000e+00
      vertex   -1.325561e+02 1.895968e+00 0.000000e+00
      vertex   -1.331909e+02 1.179446e+00 0.000000e+00
    endloop
  endfacet
  facet normal 8.853822e-01 -4.646844e-01 1.291367e-02
    outer loop
      vertex   -1.329170e+02 1.576245e+00 -4.500000e+00
      vertex   -1.331909e+02 1.179446e+00 0.000000e+00
      vertex   -1.333619e+02 7.286313e-01 -4.500000e+00
    endloop
  endfacet
  facet normal 9.708609e-01 -2.392957e-01 -1.291367e-02
    outer loop
      vertex   -1.333619e+02 7.286313e-01 -4.500000e+00
      vertex   -1.331909e+02 1.179446e+00 0.000000e+00
      vertex   -1.334200e+02 2.500000e-01 0.000000e+00
    endloop
  endfacet
  facet normal 9.999166e-01 0.000000e+00 1.291367e-02
    outer loop
      vertex   -1.333619e+02 7.286313e-01 -4.500000e+00
      vertex   -1.334200e+02 2.500000e-01 0.000000e+00
      vertex   -1.333619e+02 -2.286313e-01 -4.500000e+00
    endloop
  endfacet
  facet normal 9.708609e-01 2.392957e-01 -1.291367e-02
    outer loop
      vertex   -1.333619e+02 -2.286313e-01 -4.500000e+00
      vertex   -1.334200e+02 2.500000e-01 0.000000e+00
      vertex   -1.331909e+02 -6.794463e-01 0.000000e+00
    endloop
  endfacet
  facet normal 8.853822e-01 4.646844e-01 1.291367e-02
    outer loop
      vertex   -1.333619e+02 -2.286313e-01 -4.500000e+00
      vertex   -1.331909e+02 -6.794463e-01 0.000000e+00
      vertex   -1.329170e+02 -1.076245e+00 -4.500000e+00
    endloop
  endfacet
  facet normal 7.484483e-01 6.630674e-01 -1.291367e-02
    outer loop
      vertex   -1.329170e+02 -1.076245e+00 -4.500000e+00
      vertex   -1.331909e+02 -6.794463e-01 0.000000e+00
      vertex   -1.325561e+02 -1.395968e+00 0.000000e+00
    endloop
  endfacet
  facet normal 5.680174e-01 8.229152e-01 1.291367e-02
    outer loop
      vertex   -1.329170e+02 -1.076245e+00 -4.500000e+00
      vertex   -1.325561e+02 -1.395968e+00 0.000000e+00
      vertex   -1.321292e+02 -1.620032e+00 -4.500000e+00
    endloop
  endfacet
  facet normal 3.545753e-01 9.349383e-01 -1.291367e-02
    outer loop
      vertex   -1.321292e+02 -1.620032e+00 -4.500000e+00
      vertex   -1.325561e+02 -1.395968e+00 0.000000e+00
      vertex   -1.316611e+02 -1.735418e+00 0.000000e+00
    endloop
  endfacet
  facet normal 1.205266e-01 9.926261e-01 1.291367e-02
    outer loop
      vertex   -1.321292e+02 -1.620032e+00 -4.500000e+00
      vertex   -1.316611e+02 -1.735418e+00 0.000000e+00
      vertex   -1.311789e+02 -1.735418e+00 -4.500000e+00
    endloop
  endfacet
  facet normal -1.205266e-01 9.926261e-01 -1.291367e-02
    outer loop
      vertex   -1.311789e+02 -1.735418e+00 -4.500000e+00
      vertex   -1.316611e+02 -1.735418e+00 0.000000e+00
      vertex   -1.307108e+02 -1.620032e+00 0.000000e+00
    endloop
  endfacet
  facet normal -3.545753e-01 9.349383e-01 1.291367e-02
    outer loop
      vertex   -1.311789e+02 -1.735418e+00 -4.500000e+00
      vertex   -1.307108e+02 -1.620032e+00 0.000000e+00
      vertex   -1.302839e+02 -1.395968e+00 -4.500000e+00
    endloop
  endfacet
  facet normal -5.680174e-01 8.229152e-01 -1.291367e-02
    outer loop
      vertex   -1.302839e+02 -1.395968e+00 -4.500000e+00
      vertex   -1.307108e+02 -1.620032e+00 0.000000e+00
      vertex   -1.299230e+02 -1.076245e+00 0.000000e+00
    endloop
  endfacet
  facet normal -7.484483e-01 6.630674e-01 1.291367e-02
    outer loop
      vertex   -1.302839e+02 -1.395968e+00 -4.500000e+00
      vertex   -1.299230e+02 -1.076245e+00 0.000000e+00
      vertex   -1.296491e+02 -6.794463e-01 -4.500000e+00
    endloop
  endfacet
  facet normal -8.853822e-01 4.646844e-01 -1.291367e-02
    outer loop
      vertex   -1.296491e+02 -6.794463e-01 -4.500000e+00
      vertex   -1.299230e+02 -1.076245e+00 0.000000e+00
      vertex   -1.294781e+02 -2.286313e-01 0.000000e+00
    endloop
  endfacet
  facet normal -3.513490e-16 -6.087614e-01 7.933533e-01
    outer loop
      vertex   -1.429200e+02 1.637868e+01 8.786797e-01
      vertex   -1.444241e+02 1.637868e+01 8.786797e-01
      vertex   -1.429200e+02 1.575736e+01 4.019238e-01
    endloop
  endfacet
  facet normal 2.569515e-03 -6.048368e-01 7.963453e-01
    outer loop
      vertex   -1.429200e+02 1.575736e+01 4.019238e-01
      vertex   -1.444241e+02 1.637868e+01 8.786797e-01
      vertex   -1.444886e+02 1.573058e+01 3.866466e-01
    endloop
  endfacet
  facet normal -2.464978e-03 -3.826823e-01 9.238767e-01
    outer loop
      vertex   -1.429200e+02 1.575736e+01 4.019238e-01
      vertex   -1.444886e+02 1.573058e+01 3.866466e-01
      vertex   -1.429200e+02 1.503382e+01 1.022225e-01
    endloop
  endfacet
  facet normal -3.657178e-04 -3.786372e-01 9.255451e-01
    outer loop
      vertex   -1.429200e+02 1.503382e+01 1.022225e-01
      vertex   -1.444886e+02 1.573058e+01 3.866466e-01
      vertex   -1.448275e+02 1.504045e+01 1.041807e-01
    endloop
  endfacet
  facet normal 4.112083e-04 -1.726310e-01 9.849865e-01
    outer loop
      vertex   -1.429200e+02 1.503382e+01 1.022225e-01
      vertex   -1.448275e+02 1.504045e+01 1.041807e-01
      vertex   -1.454497e+02 1.450118e+01 9.927787e-03
    endloop
  endfacet
  facet normal 0.000000e+00 -4.068360e-02 9.991721e-01
    outer loop
      vertex   -1.462486e+02 1.425736e+01 0.000000e+00
      vertex   -1.429200e+02 1.425736e+01 0.000000e+00
      vertex   -1.454497e+02 1.450118e+01 9.927787e-03
    endloop
  endfacet
  facet normal -8.689433e-03 -1.305213e-01 9.914074e-01
    outer loop
      vertex   -1.454497e+02 1.450118e+01 9.927787e-03
      vertex   -1.429200e+02 1.425736e+01 0.000000e+00
      vertex   -1.429200e+02 1.503382e+01 1.022225e-01
    endloop
  endfacet
  facet normal -3.072353e-16 -7.071068e-01 7.071068e-01
    outer loop
      vertex   -1.449642e+02 1.762132e+01 2.121320e+00
      vertex   -1.445857e+02 1.704712e+01 1.547122e+00
      vertex   -1.429200e+02 1.762132e+01 2.121320e+00
    endloop
  endfacet
  facet normal 3.792701e-17 -7.071068e-01 7.071068e-01
    outer loop
      vertex   -1.429200e+02 1.762132e+01 2.121320e+00
      vertex   -1.445857e+02 1.704712e+01 1.547122e+00
      vertex   -1.429200e+02 1.637868e+01 8.786797e-01
    endloop
  endfacet
  facet normal -3.131534e-16 -7.071068e-01 7.071068e-01
    outer loop
      vertex   -1.429200e+02 1.637868e+01 8.786797e-01
      vertex   -1.445857e+02 1.704712e+01 1.547122e+00
      vertex   -1.444241e+02 1.637868e+01 8.786797e-01
    endloop
  endfacet
  facet normal 0.000000e+00 0.000000e+00 1.000000e+00
    outer loop
      vertex   -1.379520e+02 2.500000e+01 0.000000e+00
      vertex   -1.389200e+02 1.300000e+01 0.000000e+00
      vertex   -1.379520e+02 -1.500000e+01 0.000000e+00
    endloop
  endfacet
  facet normal 0.000000e+00 0.000000e+00 1.000000e+00
    outer loop
      vertex   -1.379520e+02 -1.500000e+01 0.000000e+00
      vertex   -1.389200e+02 1.300000e+01 0.000000e+00
      vertex   -1.389200e+02 -3.000000e+00 0.000000e+00
    endloop
  endfacet
  facet normal 0.000000e+00 0.000000e+00 1.000000e+00
    outer loop
      vertex   -1.379520e+02 -1.500000e+01 0.000000e+00
      vertex   -1.389200e+02 -3.000000e+00 0.000000e+00
      vertex   -1.391210e+02 -3.750000e+00 0.000000e+00
    endloop
  endfacet
  facet normal -0.000000e+00 0.000000e+00 1.000000e+00
    outer loop
      vertex   -1.429200e+02 2.500000e+01 0.000000e+00
      vertex   -1.404200e+02 1.450000e+01 0.000000e+00
      vertex   -1.379520e+02 2.500000e+01 0.000000e+00
    endloop
  endfacet
  facet normal 0.000000e+00 0.000000e+00 1.000000e+00
    outer loop
      vertex   -1.379520e+02 2.500000e+01 0.000000e+00
      vertex   -1.404200e+02 1.450000e+01 0.000000e+00
      vertex   -1.396700e+02 1.429904e+01 0.000000e+00
    endloop
  endfacet
  facet normal 0.000000e+00 0.000000e+00 1.000000e+00
    outer loop
      vertex   -1.379520e+02 2.500000e+01 0.000000e+00
      vertex   -1.396700e+02 1.429904e+01 0.000000e+00
      vertex   -1.391210e+02 1.375000e+01 0.000000e+00
    endloop
  endfacet
  facet normal 0.000000e+00 0.000000e+00 1.000000e+00
    outer loop
      vertex   -1.404200e+02 1.450000e+01 0.000000e+00
      vertex   -1.429200e+02 2.500000e+01 0.000000e+00
      vertex   -1.411700e+02 1.429904e+01 0.000000e+00
    endloop
  endfacet
  facet normal 0.000000e+00 0.000000e+00 1.000000e+00
    outer loop
      vertex   -1.411700e+02 1.429904e+01 0.000000e+00
      vertex   -1.429200e+02 2.500000e+01 0.000000e+00
      vertex   -1.429200e+02 1.425736e+01 0.000000e+00
    endloop
  endfacet
  facet normal 0.000000e+00 0.000000e+00 1.000000e+00
    outer loop
      vertex   -1.411700e+02 1.429904e+01 0.000000e+00
      vertex   -1.429200e+02 1.425736e+01 0.000000e+00
      vertex   -1.417190e+02 1.375000e+01 0.000000e+00
    endloop
  endfacet
  facet normal 0.000000e+00 0.000000e+00 1.000000e+00
    outer loop
      vertex   -1.417190e+02 1.375000e+01 0.000000e+00
      vertex   -1.429200e+02 1.425736e+01 0.000000e+00
      vertex   -1.419200e+02 1.300000e+01 0.000000e+00
    endloop
  endfacet
  facet normal 0.000000e+00 0.000000e+00 1.000000e+00
    outer loop
      vertex   -1.419200e+02 1.300000e+01 0.000000e+00
      vertex   -1.429200e+02 1.425736e+01 0.000000e+00
      vertex   -1.417190e+02 1.225000e+01 0.000000e+00
    endloop
  endfacet
  facet normal 0.000000e+00 0.000000e+00 1.000000e+00
    outer loop
      vertex   -1.417190e+02 1.225000e+01 0.000000e+00
      vertex   -1.429200e+02 1.425736e+01 0.000000e+00
      vertex   -1.462486e+02 1.425736e+01 0.000000e+00
    endloop
  endfacet
  facet normal -1.010728e-17 -2.280679e-17 1.000000e+00
    outer loop
      vertex   -1.417190e+02 1.225000e+01 0.000000e+00
      vertex   -1.462486e+02 1.425736e+01 0.000000e+00
      vertex   -1.458249e+02 1.899740e+00 -2.775558e-16
    endloop
  endfacet
  facet normal 1.283803e-18 -2.241628e-17 1.000000e+00
    outer loop
      vertex   -1.458249e+02 1.899740e+00 -2.775558e-16
      vertex   -1.462486e+02 1.425736e+01 0.000000e+00
      vertex   -1.463628e+02 1.425082e+01 0.000000e+00
    endloop
  endfacet
  facet normal 0.000000e+00 -2.247219e-17 1.000000e+00
    outer loop
      vertex   -1.458249e+02 1.899740e+00 -2.775558e-16
      vertex   -1.463628e+02 1.425082e+01 0.000000e+00
      vertex   -1.464772e+02 1.425082e+01 0.000000e+00
    endloop
  endfacet
  facet normal -1.290909e-18 -2.254036e-17 1.000000e+00
    outer loop
      vertex   -1.464772e+02 1.425082e+01 0.000000e+00
      vertex   -1.465914e+02 1.425736e+01 0.000000e+00
      vertex   -1.458249e+02 1.899740e+00 -2.775558e-16
    endloop
  endfacet
  facet normal -1.955616e-17 -2.367324e-17 1.000000e+00
    outer loop
      vertex   -1.458249e+02 1.899740e+00 -2.775558e-16
      vertex   -1.465914e+02 1.425736e+01 0.000000e+00
      vertex   -1.607842e+02 1.425736e+01 -2.775558e-16
    endloop
  endfacet
  facet normal -1.806246e-16 4.483680e-17 1.000000e+00
    outer loop
      vertex   -1.458249e+02 1.899740e+00 -2.775558e-16
      vertex   -1.446013e+02 6.386390e-01 0.000000e+00
      vertex   -1.417190e+02 1.225000e+01 0.000000e+00
    endloop
  endfacet
  facet normal 0.000000e+00 0.000000e+00 1.000000e+00
    outer loop
      vertex   -1.417190e+02 1.225000e+01 0.000000e+00
      vertex   -1.446013e+02 6.386390e-01 0.000000e+00
      vertex   -1.411700e+02 1.170096e+01 0.000000e+00
    endloop
  endfacet
  facet normal 0.000000e+00 0.000000e+00 1.000000e+00
    outer loop
      vertex   -1.411700e+02 1.170096e+01 0.000000e+00
      vertex   -1.446013e+02 6.386390e-01 0.000000e+00
      vertex   -1.436826e+02 -8.591722e-01 0.000000e+00
    endloop
  endfacet
  facet normal 0.000000e+00 0.000000e+00 1.000000e+00
    outer loop
      vertex   -1.411700e+02 1.170096e+01 0.000000e+00
      vertex   -1.436826e+02 -8.591722e-01 0.000000e+00
      vertex   -1.411700e+02 -1.700962e+00 0.000000e+00
    endloop
  endfacet
  facet normal 0.000000e+00 0.000000e+00 1.000000e+00
    outer loop
      vertex   -1.411700e+02 -1.700962e+00 0.000000e+00
      vertex   -1.436826e+02 -8.591722e-01 0.000000e+00
      vertex   -1.417190e+02 -2.250000e+00 0.000000e+00
    endloop
  endfacet
  facet normal 0.000000e+00 0.000000e+00 1.000000e+00
    outer loop
      vertex   -1.417190e+02 -2.250000e+00 0.000000e+00
      vertex   -1.436826e+02 -8.591722e-01 0.000000e+00
      vertex   -1.431130e+02 -2.521434e+00 0.000000e+00
    endloop
  endfacet
  facet normal 0.000000e+00 0.000000e+00 1.000000e+00
    outer loop
      vertex   -1.417190e+02 -2.250000e+00 0.000000e+00
      vertex   -1.431130e+02 -2.521434e+00 0.000000e+00
      vertex   -1.419200e+02 -3.000000e+00 0.000000e+00
    endloop
  endfacet
  facet normal 0.000000e+00 0.000000e+00 1.000000e+00
    outer loop
      vertex   -1.419200e+02 -3.000000e+00 0.000000e+00
      vertex   -1.431130e+02 -2.521434e+00 0.000000e+00
      vertex   -1.429200e+02 -4.267954e+00 0.000000e+00
    endloop
  endfacet
  facet normal 0.000000e+00 0.000000e+00 1.000000e+00
    outer loop
      vertex   -1.419200e+02 -3.000000e+00 0.000000e+00
      vertex   -1.429200e+02 -4.267954e+00 0.000000e+00
      vertex   -1.417190e+02 -3.750000e+00 0.000000e+00
    endloop
  endfacet
  facet normal 0.000000e+00 0.000000e+00 1.000000e+00
    outer loop
      vertex   -1.417190e+02 -3.750000e+00 0.000000e+00
      vertex   -1.429200e+02 -4.267954e+00 0.000000e+00
      vertex   -1.411700e+02 -4.299038e+00 0.000000e+00
    endloop
  endfacet
  facet normal 0.000000e+00 0.000000e+00 1.000000e+00
    outer loop
      vertex   -1.411700e+02 -4.299038e+00 0.000000e+00
      vertex   -1.429200e+02 -4.267954e+00 0.000000e+00
      vertex   -1.429200e+02 -1.500000e+01 0.000000e+00
    endloop
  endfacet
  facet normal 0.000000e+00 0.000000e+00 1.000000e+00
    outer loop
      vertex   -1.411700e+02 -4.299038e+00 0.000000e+00
      vertex   -1.429200e+02 -1.500000e+01 0.000000e+00
      vertex   -1.404200e+02 -4.500000e+00 0.000000e+00
    endloop
  endfacet
  facet normal 0.000000e+00 0.000000e+00 1.000000e+00
    outer loop
      vertex   -1.404200e+02 -4.500000e+00 0.000000e+00
      vertex   -1.429200e+02 -1.500000e+01 0.000000e+00
      vertex   -1.379520e+02 -1.500000e+01 0.000000e+00
    endloop
  endfacet
  facet normal -0.000000e+00 0.000000e+00 1.000000e+00
    outer loop
      vertex   -1.404200e+02 -4.500000e+00 0.000000e+00
      vertex   -1.379520e+02 -1.500000e+01 0.000000e+00
      vertex   -1.396700e+02 -4.299038e+00 0.000000e+00
    endloop
  endfacet
  facet normal -0.000000e+00 0.000000e+00 1.000000e+00
    outer loop
      vertex   -1.396700e+02 -4.299038e+00 0.000000e+00
      vertex   -1.379520e+02 -1.500000e+01 0.000000e+00
      vertex   -1.391210e+02 -3.750000e+00 0.000000e+00
    endloop
  endfacet
  facet normal 0.000000e+00 0.000000e+00 1.000000e+00
    outer loop
      vertex   -1.411700e+02 1.170096e+01 0.000000e+00
      vertex   -1.411700e+02 -1.700962e+00 0.000000e+00
      vertex   -1.404200e+02 1.150000e+01 0.000000e+00
    endloop
  endfacet
  facet normal 0.000000e+00 0.000000e+00 1.000000e+00
    outer loop
      vertex   -1.404200e+02 1.150000e+01 0.000000e+00
      vertex   -1.411700e+02 -1.700962e+00 0.000000e+00
      vertex   -1.404200e+02 -1.500000e+00 0.000000e+00
    endloop
  endfacet
  facet normal 0.000000e+00 0.000000e+00 1.000000e+00
    outer loop
      vertex   -1.404200e+02 1.150000e+01 0.000000e+00
      vertex   -1.404200e+02 -1.500000e+00 0.000000e+00
      vertex   -1.396700e+02 -1.700962e+00 0.000000e+00
    endloop
  endfacet
  facet normal -0.000000e+00 0.000000e+00 1.000000e+00
    outer loop
      vertex   -1.404200e+02 1.150000e+01 0.000000e+00
      vertex   -1.396700e+02 -1.700962e+00 0.000000e+00
      vertex   -1.396700e+02 1.170096e+01 0.000000e+00
    endloop
  endfacet
  facet normal 0.000000e+00 0.000000e+00 1.000000e+00
    outer loop
      vertex   -1.396700e+02 1.170096e+01 0.000000e+00
      vertex   -1.396700e+02 -1.700962e+00 0.000000e+00
      vertex   -1.391210e+02 -2.250000e+00 0.000000e+00
    endloop
  endfacet
  facet normal -0.000000e+00 0.000000e+00 1.000000e+00
    outer loop
      vertex   -1.396700e+02 1.170096e+01 0.000000e+00
      vertex   -1.391210e+02 -2.250000e+00 0.000000e+00
      vertex   -1.391210e+02 1.225000e+01 0.000000e+00
    endloop
  endfacet
  facet normal 0.000000e+00 0.000000e+00 1.000000e+00
    outer loop
      vertex   -1.391210e+02 1.225000e+01 0.000000e+00
      vertex   -1.391210e+02 -2.250000e+00 0.000000e+00
      vertex   -1.389200e+02 -3.000000e+00 0.000000e+00
    endloop
  endfacet
  facet normal -0.000000e+00 0.000000e+00 1.000000e+00
    outer loop
      vertex   -1.391210e+02 1.225000e+01 0.000000e+00
      vertex   -1.389200e+02 -3.000000e+00 0.000000e+00
      vertex   -1.389200e+02 1.300000e+01 0.000000e+00
    endloop
  endfacet
  facet normal -0.000000e+00 0.000000e+00 1.000000e+00
    outer loop
      vertex   -1.391210e+02 1.375000e+01 0.000000e+00
      vertex   -1.389200e+02 1.300000e+01 0.000000e+00
      vertex   -1.379520e+02 2.500000e+01 0.000000e+00
    endloop
  endfacet
  facet normal -4.573371e-01 -4.545064e-01 -7.643734e-01
    outer loop
      vertex   -1.237462e+02 1.548966e+01 -4.000000e+00
      vertex   -1.229200e+02 1.465831e+01 -4.000000e+00
      vertex   -1.241210e+02 1.375000e+01 -2.741351e+00
    endloop
  endfacet
  facet normal -5.880655e-01 -2.759771e-01 -7.602734e-01
    outer loop
      vertex   -1.241210e+02 1.375000e+01 -2.741351e+00
      vertex   -1.229200e+02 1.465831e+01 -4.000000e+00
      vertex   -1.229200e+02 1.377131e+01 -3.678020e+00
    endloop
  endfacet
  facet normal -6.050719e-01 -1.621285e-01 -7.794885e-01
    outer loop
      vertex   -1.241210e+02 1.375000e+01 -2.741351e+00
      vertex   -1.229200e+02 1.377131e+01 -3.678020e+00
      vertex   -1.239200e+02 1.300000e+01 -2.741351e+00
    endloop
  endfacet
  facet normal -6.397907e-01 -9.645208e-02 -7.624729e-01
    outer loop
      vertex   -1.239200e+02 1.300000e+01 -2.741351e+00
      vertex   -1.229200e+02 1.377131e+01 -3.678020e+00
      vertex   -1.229200e+02 1.300000e+01 -3.580450e+00
    endloop
  endfacet
  facet normal -6.397907e-01 9.645208e-02 -7.624729e-01
    outer loop
      vertex   -1.239200e+02 1.300000e+01 -2.741351e+00
      vertex   -1.229200e+02 1.300000e+01 -3.580450e+00
      vertex   -1.229200e+02 1.222869e+01 -3.678020e+00
    endloop
  endfacet
  facet normal -6.050719e-01 1.621285e-01 -7.794885e-01
    outer loop
      vertex   -1.239200e+02 1.300000e+01 -2.741351e+00
      vertex   -1.229200e+02 1.222869e+01 -3.678020e+00
      vertex   -1.241210e+02 1.225000e+01 -2.741351e+00
    endloop
  endfacet
  facet normal -5.880655e-01 2.759771e-01 -7.602734e-01
    outer loop
      vertex   -1.241210e+02 1.225000e+01 -2.741351e+00
      vertex   -1.229200e+02 1.222869e+01 -3.678020e+00
      vertex   -1.229200e+02 1.134169e+01 -4.000000e+00
    endloop
  endfacet
  facet normal -4.573371e-01 4.545064e-01 -7.643734e-01
    outer loop
      vertex   -1.241210e+02 1.225000e+01 -2.741351e+00
      vertex   -1.229200e+02 1.134169e+01 -4.000000e+00
      vertex   -1.237462e+02 1.051034e+01 -4.000000e+00
    endloop
  endfacet
  facet normal -4.553882e-01 4.553882e-01 -7.650119e-01
    outer loop
      vertex   -1.241210e+02 1.225000e+01 -2.741351e+00
      vertex   -1.237462e+02 1.051034e+01 -4.000000e+00
      vertex   -1.246700e+02 1.170096e+01 -2.741351e+00
    endloop
  endfacet
  facet normal -2.519728e-01 6.038926e-01 -7.561901e-01
    outer loop
      vertex   -1.246700e+02 1.170096e+01 -2.741351e+00
      vertex   -1.237462e+02 1.051034e+01 -4.000000e+00
      vertex   -1.248279e+02 1.005901e+01 -4.000000e+00
    endloop
  endfacet
  facet normal -1.634616e-01 6.100470e-01 -7.753212e-01
    outer loop
      vertex   -1.246700e+02 1.170096e+01 -2.741351e+00
      vertex   -1.248279e+02 1.005901e+01 -4.000000e+00
      vertex   -1.254200e+02 1.150000e+01 -2.741351e+00
    endloop
  endfacet
  facet normal -1.360821e-03 6.575315e-01 -7.534258e-01
    outer loop
      vertex   -1.254200e+02 1.150000e+01 -2.741351e+00
      vertex   -1.248279e+02 1.005901e+01 -4.000000e+00
      vertex   -1.259999e+02 1.005659e+01 -4.000000e+00
    endloop
  endfacet
  facet normal 1.635131e-01 6.102390e-01 -7.751592e-01
    outer loop
      vertex   -1.254200e+02 1.150000e+01 -2.741351e+00
      vertex   -1.259999e+02 1.005659e+01 -4.000000e+00
      vertex   -1.261700e+02 1.170096e+01 -2.741351e+00
    endloop
  endfacet
  facet normal 2.493919e-01 6.047385e-01 -7.563697e-01
    outer loop
      vertex   -1.261700e+02 1.170096e+01 -2.741351e+00
      vertex   -1.259999e+02 1.005659e+01 -4.000000e+00
      vertex   -1.270835e+02 1.050344e+01 -4.000000e+00
    endloop
  endfacet
  facet normal 4.553097e-01 4.562530e-01 -7.645431e-01
    outer loop
      vertex   -1.261700e+02 1.170096e+01 -2.741351e+00
      vertex   -1.270835e+02 1.050344e+01 -4.000000e+00
      vertex   -1.279131e+02 1.133135e+01 -4.000000e+00
    endloop
  endfacet
  facet normal 4.556022e-01 4.556022e-01 -7.647570e-01
    outer loop
      vertex   -1.261700e+02 1.170096e+01 -2.741351e+00
      vertex   -1.279131e+02 1.133135e+01 -4.000000e+00
      vertex   -1.267190e+02 1.225000e+01 -2.741351e+00
    endloop
  endfacet
  facet normal 6.043176e-01 2.506830e-01 -7.562792e-01
    outer loop
      vertex   -1.267190e+02 1.225000e+01 -2.741351e+00
      vertex   -1.279131e+02 1.133135e+01 -4.000000e+00
      vertex   -1.283622e+02 1.241397e+01 -4.000000e+00
    endloop
  endfacet
  facet normal 6.101415e-01 1.634869e-01 -7.752415e-01
    outer loop
      vertex   -1.267190e+02 1.225000e+01 -2.741351e+00
      vertex   -1.283622e+02 1.241397e+01 -4.000000e+00
      vertex   -1.269200e+02 1.300000e+01 -2.741351e+00
    endloop
  endfacet
  facet normal 6.575338e-01 0.000000e+00 -7.534251e-01
    outer loop
      vertex   -1.269200e+02 1.300000e+01 -2.741351e+00
      vertex   -1.283622e+02 1.241397e+01 -4.000000e+00
      vertex   -1.283622e+02 1.358603e+01 -4.000000e+00
    endloop
  endfacet
  facet normal 6.101415e-01 -1.634869e-01 -7.752415e-01
    outer loop
      vertex   -1.269200e+02 1.300000e+01 -2.741351e+00
      vertex   -1.283622e+02 1.358603e+01 -4.000000e+00
      vertex   -1.267190e+02 1.375000e+01 -2.741351e+00
    endloop
  endfacet
  facet normal 6.043176e-01 -2.506830e-01 -7.562792e-01
    outer loop
      vertex   -1.267190e+02 1.375000e+01 -2.741351e+00
      vertex   -1.283622e+02 1.358603e+01 -4.000000e+00
      vertex   -1.279131e+02 1.466865e+01 -4.000000e+00
    endloop
  endfacet
  facet normal 4.556022e-01 -4.556022e-01 -7.647570e-01
    outer loop
      vertex   -1.267190e+02 1.375000e+01 -2.741351e+00
      vertex   -1.279131e+02 1.466865e+01 -4.000000e+00
      vertex   -1.261700e+02 1.429904e+01 -2.741351e+00
    endloop
  endfacet
  facet normal 4.553097e-01 -4.562530e-01 -7.645431e-01
    outer loop
      vertex   -1.261700e+02 1.429904e+01 -2.741351e+00
      vertex   -1.279131e+02 1.466865e+01 -4.000000e+00
      vertex   -1.270835e+02 1.549656e+01 -4.000000e+00
    endloop
  endfacet
  facet normal 2.493919e-01 -6.047385e-01 -7.563697e-01
    outer loop
      vertex   -1.261700e+02 1.429904e+01 -2.741351e+00
      vertex   -1.270835e+02 1.549656e+01 -4.000000e+00
      vertex   -1.259999e+02 1.594341e+01 -4.000000e+00
    endloop
  endfacet
  facet normal 1.635131e-01 -6.102390e-01 -7.751592e-01
    outer loop
      vertex   -1.261700e+02 1.429904e+01 -2.741351e+00
      vertex   -1.259999e+02 1.594341e+01 -4.000000e+00
      vertex   -1.254200e+02 1.450000e+01 -2.741351e+00
    endloop
  endfacet
  facet normal -1.360821e-03 -6.575315e-01 -7.534258e-01
    outer loop
      vertex   -1.254200e+02 1.450000e+01 -2.741351e+00
      vertex   -1.259999e+02 1.594341e+01 -4.000000e+00
      vertex   -1.248279e+02 1.594099e+01 -4.000000e+00
    endloop
  endfacet
  facet normal -1.634616e-01 -6.100470e-01 -7.753212e-01
    outer loop
      vertex   -1.254200e+02 1.450000e+01 -2.741351e+00
      vertex   -1.248279e+02 1.594099e+01 -4.000000e+00
      vertex   -1.246700e+02 1.429904e+01 -2.741351e+00
    endloop
  endfacet
  facet normal -2.519728e-01 -6.038926e-01 -7.561901e-01
    outer loop
      vertex   -1.246700e+02 1.429904e+01 -2.741351e+00
      vertex   -1.248279e+02 1.594099e+01 -4.000000e+00
      vertex   -1.237462e+02 1.548966e+01 -4.000000e+00
    endloop
  endfacet
  facet normal -4.553882e-01 -4.553882e-01 -7.650119e-01
    outer loop
      vertex   -1.246700e+02 1.429904e+01 -2.741351e+00
      vertex   -1.237462e+02 1.548966e+01 -4.000000e+00
      vertex   -1.241210e+02 1.375000e+01 -2.741351e+00
    endloop
  endfacet
  facet normal -6.375971e-01 -1.268259e-01 -7.598586e-01
    outer loop
      vertex   -1.376484e+02 1.414805e+01 -4.000000e+00
      vertex   -1.374200e+02 1.300000e+01 -4.000000e+00
      vertex   -1.389200e+02 1.300000e+01 -2.741351e+00
    endloop
  endfacet
  facet normal -6.375971e-01 1.268259e-01 -7.598586e-01
    outer loop
      vertex   -1.389200e+02 1.300000e+01 -2.741351e+00
      vertex   -1.374200e+02 1.300000e+01 -4.000000e+00
      vertex   -1.376484e+02 1.185195e+01 -4.000000e+00
    endloop
  endfacet
  facet normal -6.147442e-01 1.647202e-01 -7.713344e-01
    outer loop
      vertex   -1.389200e+02 1.300000e+01 -2.741351e+00
      vertex   -1.376484e+02 1.185195e+01 -4.000000e+00
      vertex   -1.391210e+02 1.225000e+01 -2.741351e+00
    endloop
  endfacet
  facet normal -5.459962e-01 3.648230e-01 -7.541832e-01
    outer loop
      vertex   -1.391210e+02 1.225000e+01 -2.741351e+00
      vertex   -1.376484e+02 1.185195e+01 -4.000000e+00
      vertex   -1.382987e+02 1.087868e+01 -4.000000e+00
    endloop
  endfacet
  facet normal -4.455490e-01 4.455490e-01 -7.765128e-01
    outer loop
      vertex   -1.391210e+02 1.225000e+01 -2.741351e+00
      vertex   -1.382987e+02 1.087868e+01 -4.000000e+00
      vertex   -1.396700e+02 1.170096e+01 -2.741351e+00
    endloop
  endfacet
  facet normal -3.648230e-01 5.459962e-01 -7.541832e-01
    outer loop
      vertex   -1.396700e+02 1.170096e+01 -2.741351e+00
      vertex   -1.382987e+02 1.087868e+01 -4.000000e+00
      vertex   -1.392719e+02 1.022836e+01 -4.000000e+00
    endloop
  endfacet
  facet normal -1.647202e-01 6.147442e-01 -7.713344e-01
    outer loop
      vertex   -1.396700e+02 1.170096e+01 -2.741351e+00
      vertex   -1.392719e+02 1.022836e+01 -4.000000e+00
      vertex   -1.404200e+02 1.150000e+01 -2.741351e+00
    endloop
  endfacet
  facet normal -1.268259e-01 6.375971e-01 -7.598586e-01
    outer loop
      vertex   -1.404200e+02 1.150000e+01 -2.741351e+00
      vertex   -1.392719e+02 1.022836e+01 -4.000000e+00
      vertex   -1.404200e+02 1.000000e+01 -4.000000e+00
    endloop
  endfacet
  facet normal 1.268259e-01 6.375971e-01 -7.598586e-01
    outer loop
      vertex   -1.404200e+02 1.150000e+01 -2.741351e+00
      vertex   -1.404200e+02 1.000000e+01 -4.000000e+00
      vertex   -1.415681e+02 1.022836e+01 -4.000000e+00
    endloop
  endfacet
  facet normal 1.647202e-01 6.147442e-01 -7.713344e-01
    outer loop
      vertex   -1.404200e+02 1.150000e+01 -2.741351e+00
      vertex   -1.415681e+02 1.022836e+01 -4.000000e+00
      vertex   -1.411700e+02 1.170096e+01 -2.741351e+00
    endloop
  endfacet
  facet normal 3.648230e-01 5.459962e-01 -7.541832e-01
    outer loop
      vertex   -1.411700e+02 1.170096e+01 -2.741351e+00
      vertex   -1.415681e+02 1.022836e+01 -4.000000e+00
      vertex   -1.425413e+02 1.087868e+01 -4.000000e+00
    endloop
  endfacet
  facet normal 4.455490e-01 4.455490e-01 -7.765128e-01
    outer loop
      vertex   -1.411700e+02 1.170096e+01 -2.741351e+00
      vertex   -1.425413e+02 1.087868e+01 -4.000000e+00
      vertex   -1.417190e+02 1.225000e+01 -2.741351e+00
    endloop
  endfacet
  facet normal 5.459962e-01 3.648230e-01 -7.541832e-01
    outer loop
      vertex   -1.417190e+02 1.225000e+01 -2.741351e+00
      vertex   -1.425413e+02 1.087868e+01 -4.000000e+00
      vertex   -1.431916e+02 1.185195e+01 -4.000000e+00
    endloop
  endfacet
  facet normal 6.147442e-01 1.647202e-01 -7.713344e-01
    outer loop
      vertex   -1.417190e+02 1.225000e+01 -2.741351e+00
      vertex   -1.431916e+02 1.185195e+01 -4.000000e+00
      vertex   -1.419200e+02 1.300000e+01 -2.741351e+00
    endloop
  endfacet
  facet normal 6.375971e-01 1.268259e-01 -7.598586e-01
    outer loop
      vertex   -1.419200e+02 1.300000e+01 -2.741351e+00
      vertex   -1.431916e+02 1.185195e+01 -4.000000e+00
      vertex   -1.434200e+02 1.300000e+01 -4.000000e+00
    endloop
  endfacet
  facet normal 6.375971e-01 -1.268259e-01 -7.598586e-01
    outer loop
      vertex   -1.419200e+02 1.300000e+01 -2.741351e+00
      vertex   -1.434200e+02 1.300000e+01 -4.000000e+00
      vertex   -1.431916e+02 1.414805e+01 -4.000000e+00
    endloop
  endfacet
  facet normal 6.147442e-01 -1.647202e-01 -7.713344e-01
    outer loop
      vertex   -1.419200e+02 1.300000e+01 -2.741351e+00
      vertex   -1.431916e+02 1.414805e+01 -4.000000e+00
      vertex   -1.417190e+02 1.375000e+01 -2.741351e+00
    endloop
  endfacet
  facet normal 5.459962e-01 -3.648230e-01 -7.541832e-01
    outer loop
      vertex   -1.417190e+02 1.375000e+01 -2.741351e+00
      vertex   -1.431916e+02 1.414805e+01 -4.000000e+00
      vertex   -1.425413e+02 1.512132e+01 -4.000000e+00
    endloop
  endfacet
  facet normal 4.455490e-01 -4.455490e-01 -7.765128e-01
    outer loop
      vertex   -1.417190e+02 1.375000e+01 -2.741351e+00
      vertex   -1.425413e+02 1.512132e+01 -4.000000e+00
      vertex   -1.411700e+02 1.429904e+01 -2.741351e+00
    endloop
  endfacet
  facet normal 3.648230e-01 -5.459962e-01 -7.541832e-01
    outer loop
      vertex   -1.411700e+02 1.429904e+01 -2.741351e+00
      vertex   -1.425413e+02 1.512132e+01 -4.000000e+00
      vertex   -1.415681e+02 1.577164e+01 -4.000000e+00
    endloop
  endfacet
  facet normal 1.647202e-01 -6.147442e-01 -7.713344e-01
    outer loop
      vertex   -1.411700e+02 1.429904e+01 -2.741351e+00
      vertex   -1.415681e+02 1.577164e+01 -4.000000e+00
      vertex   -1.404200e+02 1.450000e+01 -2.741351e+00
    endloop
  endfacet
  facet normal 1.268259e-01 -6.375971e-01 -7.598586e-01
    outer loop
      vertex   -1.404200e+02 1.450000e+01 -2.741351e+00
      vertex   -1.415681e+02 1.577164e+01 -4.000000e+00
      vertex   -1.404200e+02 1.600000e+01 -4.000000e+00
    endloop
  endfacet
  facet normal -1.268259e-01 -6.375971e-01 -7.598586e-01
    outer loop
      vertex   -1.404200e+02 1.450000e+01 -2.741351e+00
      vertex   -1.404200e+02 1.600000e+01 -4.000000e+00
      vertex   -1.392719e+02 1.577164e+01 -4.000000e+00
    endloop
  endfacet
  facet normal -1.647202e-01 -6.147442e-01 -7.713344e-01
    outer loop
      vertex   -1.404200e+02 1.450000e+01 -2.741351e+00
      vertex   -1.392719e+02 1.577164e+01 -4.000000e+00
      vertex   -1.396700e+02 1.429904e+01 -2.741351e+00
    endloop
  endfacet
  facet normal -3.648230e-01 -5.459962e-01 -7.541832e-01
    outer loop
      vertex   -1.396700e+02 1.429904e+01 -2.741351e+00
      vertex   -1.392719e+02 1.577164e+01 -4.000000e+00
      vertex   -1.382987e+02 1.512132e+01 -4.000000e+00
    endloop
  endfacet
  facet normal -4.455490e-01 -4.455490e-01 -7.765128e-01
    outer loop
      vertex   -1.396700e+02 1.429904e+01 -2.741351e+00
      vertex   -1.382987e+02 1.512132e+01 -4.000000e+00
      vertex   -1.391210e+02 1.375000e+01 -2.741351e+00
    endloop
  endfacet
  facet normal -5.459962e-01 -3.648230e-01 -7.541832e-01
    outer loop
      vertex   -1.391210e+02 1.375000e+01 -2.741351e+00
      vertex   -1.382987e+02 1.512132e+01 -4.000000e+00
      vertex   -1.376484e+02 1.414805e+01 -4.000000e+00
    endloop
  endfacet
  facet normal -6.147442e-01 -1.647202e-01 -7.713344e-01
    outer loop
      vertex   -1.391210e+02 1.375000e+01 -2.741351e+00
      vertex   -1.376484e+02 1.414805e+01 -4.000000e+00
      vertex   -1.389200e+02 1.300000e+01 -2.741351e+00
    endloop
  endfacet
  facet normal -6.102325e-01 -1.635113e-01 -7.751647e-01
    outer loop
      vertex   -1.391210e+02 -2.250000e+00 -2.741351e+00
      vertex   -1.375808e+02 -2.030925e+00 -4.000000e+00
      vertex   -1.389200e+02 -3.000000e+00 -2.741351e+00
    endloop
  endfacet
  facet normal -6.511310e-01 -8.040608e-02 -7.546942e-01
    outer loop
      vertex   -1.389200e+02 -3.000000e+00 -2.741351e+00
      vertex   -1.375808e+02 -2.030925e+00 -4.000000e+00
      vertex   -1.374304e+02 -3.249296e+00 -4.000000e+00
    endloop
  endfacet
  facet normal -6.200627e-01 1.661453e-01 -7.667581e-01
    outer loop
      vertex   -1.389200e+02 -3.000000e+00 -2.741351e+00
      vertex   -1.374304e+02 -3.249296e+00 -4.000000e+00
      vertex   -1.391210e+02 -3.750000e+00 -2.741351e+00
    endloop
  endfacet
  facet normal -6.215298e-01 1.849676e-01 -7.612409e-01
    outer loop
      vertex   -1.391210e+02 -3.750000e+00 -2.741351e+00
      vertex   -1.374304e+02 -3.249296e+00 -4.000000e+00
      vertex   -1.377805e+02 -4.425922e+00 -4.000000e+00
    endloop
  endfacet
  facet normal -4.987902e-01 4.212970e-01 -7.574412e-01
    outer loop
      vertex   -1.391210e+02 -3.750000e+00 -2.741351e+00
      vertex   -1.377805e+02 -4.425922e+00 -4.000000e+00
      vertex   -1.385727e+02 -5.363775e+00 -4.000000e+00
    endloop
  endfacet
  facet normal -5.669036e-01 -3.359647e-01 -7.521622e-01
    outer loop
      vertex   -1.375808e+02 -2.030925e+00 -4.000000e+00
      vertex   -1.391210e+02 -2.250000e+00 -2.741351e+00
      vertex   -1.382067e+02 -9.748269e-01 -4.000000e+00
    endloop
  endfacet
  facet normal -4.460604e-01 -4.460604e-01 -7.759254e-01
    outer loop
      vertex   -1.382067e+02 -9.748269e-01 -4.000000e+00
      vertex   -1.391210e+02 -2.250000e+00 -2.741351e+00
      vertex   -1.396700e+02 -1.700962e+00 -2.741351e+00
    endloop
  endfacet
  facet normal -3.837468e-01 -5.333517e-01 -7.538398e-01
    outer loop
      vertex   -1.382067e+02 -9.748269e-01 -4.000000e+00
      vertex   -1.396700e+02 -1.700962e+00 -2.741351e+00
      vertex   -1.392032e+02 -2.578474e-01 -4.000000e+00
    endloop
  endfacet
  facet normal -1.654087e-01 -6.173139e-01 -7.691317e-01
    outer loop
      vertex   -1.392032e+02 -2.578474e-01 -4.000000e+00
      vertex   -1.396700e+02 -1.700962e+00 -2.741351e+00
      vertex   -1.404200e+02 -1.500000e+00 -2.741351e+00
    endloop
  endfacet
  facet normal -1.365828e-01 -6.358906e-01 -7.595975e-01
    outer loop
      vertex   -1.392032e+02 -2.578474e-01 -4.000000e+00
      vertex   -1.404200e+02 -1.500000e+00 -2.741351e+00
      vertex   -1.404035e+02 -4.563748e-05 -4.000000e+00
    endloop
  endfacet
  facet normal 1.297320e-01 -6.382063e-01 -7.588559e-01
    outer loop
      vertex   -1.404035e+02 -4.563748e-05 -4.000000e+00
      vertex   -1.404200e+02 -1.500000e+00 -2.741351e+00
      vertex   -1.416065e+02 -2.445910e-01 -4.000000e+00
    endloop
  endfacet
  facet normal 1.650890e-01 -6.161205e-01 -7.701565e-01
    outer loop
      vertex   -1.416065e+02 -2.445910e-01 -4.000000e+00
      vertex   -1.404200e+02 -1.500000e+00 -2.741351e+00
      vertex   -1.411700e+02 -1.700962e+00 -2.741351e+00
    endloop
  endfacet
  facet normal 3.780722e-01 -5.378832e-01 -7.534872e-01
    outer loop
      vertex   -1.416065e+02 -2.445910e-01 -4.000000e+00
      vertex   -1.411700e+02 -1.700962e+00 -2.741351e+00
      vertex   -1.426108e+02 -9.505340e-01 -4.000000e+00
    endloop
  endfacet
  facet normal 4.458376e-01 -4.458376e-01 -7.761815e-01
    outer loop
      vertex   -1.426108e+02 -9.505340e-01 -4.000000e+00
      vertex   -1.411700e+02 -1.700962e+00 -2.741351e+00
      vertex   -1.417190e+02 -2.250000e+00 -2.741351e+00
    endloop
  endfacet
  facet normal 5.631009e-01 -3.421604e-01 -7.522258e-01
    outer loop
      vertex   -1.426108e+02 -9.505340e-01 -4.000000e+00
      vertex   -1.417190e+02 -2.250000e+00 -2.741351e+00
      vertex   -1.432483e+02 -1.999663e+00 -4.000000e+00
    endloop
  endfacet
  facet normal 6.108032e-01 -1.636642e-01 -7.746828e-01
    outer loop
      vertex   -1.432483e+02 -1.999663e+00 -4.000000e+00
      vertex   -1.417190e+02 -2.250000e+00 -2.741351e+00
      vertex   -1.419200e+02 -3.000000e+00 -2.741351e+00
    endloop
  endfacet
  facet normal 6.450831e-01 -9.705795e-02 -7.579232e-01
    outer loop
      vertex   -1.432483e+02 -1.999663e+00 -4.000000e+00
      vertex   -1.419200e+02 -3.000000e+00 -2.741351e+00
      vertex   -1.430069e+02 -3.091786e+00 -3.654659e+00
    endloop
  endfacet
  facet normal 6.352985e-01 9.861749e-02 -7.659441e-01
    outer loop
      vertex   -1.430069e+02 -3.091786e+00 -3.654659e+00
      vertex   -1.419200e+02 -3.000000e+00 -2.741351e+00
      vertex   -1.429399e+02 -3.703204e+00 -3.677800e+00
    endloop
  endfacet
  facet normal 6.044928e-01 1.619734e-01 -7.799699e-01
    outer loop
      vertex   -1.429399e+02 -3.703204e+00 -3.677800e+00
      vertex   -1.419200e+02 -3.000000e+00 -2.741351e+00
      vertex   -1.417190e+02 -3.750000e+00 -2.741351e+00
    endloop
  endfacet
  facet normal 5.973269e-01 2.342853e-01 -7.670143e-01
    outer loop
      vertex   -1.429399e+02 -3.703204e+00 -3.677800e+00
      vertex   -1.417190e+02 -3.750000e+00 -2.741351e+00
      vertex   -1.429200e+02 -4.267954e+00 -3.834832e+00
    endloop
  endfacet
  facet normal 5.568869e-01 3.236579e-01 -7.649330e-01
    outer loop
      vertex   -1.429200e+02 -4.267954e+00 -3.834832e+00
      vertex   -1.417190e+02 -3.750000e+00 -2.741351e+00
      vertex   -1.429200e+02 -4.658312e+00 -4.000000e+00
    endloop
  endfacet
  facet normal 4.560374e-01 4.560374e-01 -7.642381e-01
    outer loop
      vertex   -1.429200e+02 -4.658312e+00 -4.000000e+00
      vertex   -1.417190e+02 -3.750000e+00 -2.741351e+00
      vertex   -1.411700e+02 -4.299038e+00 -2.741351e+00
    endloop
  endfacet
  facet normal 4.542484e-01 4.600513e-01 -7.628966e-01
    outer loop
      vertex   -1.429200e+02 -4.658312e+00 -4.000000e+00
      vertex   -1.411700e+02 -4.299038e+00 -2.741351e+00
      vertex   -1.420464e+02 -5.520848e+00 -4.000000e+00
    endloop
  endfacet
  facet normal 2.347173e-01 6.107045e-01 -7.562723e-01
    outer loop
      vertex   -1.420464e+02 -5.520848e+00 -4.000000e+00
      vertex   -1.411700e+02 -4.299038e+00 -2.741351e+00
      vertex   -1.409005e+02 -5.961263e+00 -4.000000e+00
    endloop
  endfacet
  facet normal 1.640539e-01 6.122576e-01 -7.734514e-01
    outer loop
      vertex   -1.409005e+02 -5.961263e+00 -4.000000e+00
      vertex   -1.411700e+02 -4.299038e+00 -2.741351e+00
      vertex   -1.404200e+02 -4.500000e+00 -2.741351e+00
    endloop
  endfacet
  facet normal -2.974971e-02 6.579338e-01 -7.524879e-01
    outer loop
      vertex   -1.409005e+02 -5.961263e+00 -4.000000e+00
      vertex   -1.404200e+02 -4.500000e+00 -2.741351e+00
      vertex   -1.396742e+02 -5.905811e+00 -4.000000e+00
    endloop
  endfacet
  facet normal -1.630928e-01 6.086708e-01 -7.764796e-01
    outer loop
      vertex   -1.396742e+02 -5.905811e+00 -4.000000e+00
      vertex   -1.404200e+02 -4.500000e+00 -2.741351e+00
      vertex   -1.396700e+02 -4.299038e+00 -2.741351e+00
    endloop
  endfacet
  facet normal -2.905934e-01 5.905212e-01 -7.528879e-01
    outer loop
      vertex   -1.396742e+02 -5.905811e+00 -4.000000e+00
      vertex   -1.396700e+02 -4.299038e+00 -2.741351e+00
      vertex   -1.385727e+02 -5.363775e+00 -4.000000e+00
    endloop
  endfacet
  facet normal -4.494357e-01 4.494357e-01 -7.720201e-01
    outer loop
      vertex   -1.385727e+02 -5.363775e+00 -4.000000e+00
      vertex   -1.396700e+02 -4.299038e+00 -2.741351e+00
      vertex   -1.391210e+02 -3.750000e+00 -2.741351e+00
    endloop
  endfacet
  facet normal -4.573371e-01 -4.545064e-01 -7.643734e-01
    outer loop
      vertex   -1.237462e+02 -5.103442e-01 -4.000000e+00
      vertex   -1.229200e+02 -1.341688e+00 -4.000000e+00
      vertex   -1.241210e+02 -2.250000e+00 -2.741351e+00
    endloop
  endfacet
  facet normal -5.880655e-01 -2.759771e-01 -7.602734e-01
    outer loop
      vertex   -1.241210e+02 -2.250000e+00 -2.741351e+00
      vertex   -1.229200e+02 -1.341688e+00 -4.000000e+00
      vertex   -1.229200e+02 -2.228692e+00 -3.678020e+00
    endloop
  endfacet
  facet normal -6.050719e-01 -1.621285e-01 -7.794885e-01
    outer loop
      vertex   -1.241210e+02 -2.250000e+00 -2.741351e+00
      vertex   -1.229200e+02 -2.228692e+00 -3.678020e+00
      vertex   -1.239200e+02 -3.000000e+00 -2.741351e+00
    endloop
  endfacet
  facet normal -6.397907e-01 -9.645208e-02 -7.624729e-01
    outer loop
      vertex   -1.239200e+02 -3.000000e+00 -2.741351e+00
      vertex   -1.229200e+02 -2.228692e+00 -3.678020e+00
      vertex   -1.229200e+02 -3.000000e+00 -3.580450e+00
    endloop
  endfacet
  facet normal -6.397907e-01 9.645208e-02 -7.624729e-01
    outer loop
      vertex   -1.239200e+02 -3.000000e+00 -2.741351e+00
      vertex   -1.229200e+02 -3.000000e+00 -3.580450e+00
      vertex   -1.229200e+02 -3.771308e+00 -3.678020e+00
    endloop
  endfacet
  facet normal -6.050719e-01 1.621285e-01 -7.794885e-01
    outer loop
      vertex   -1.239200e+02 -3.000000e+00 -2.741351e+00
      vertex   -1.229200e+02 -3.771308e+00 -3.678020e+00
      vertex   -1.241210e+02 -3.750000e+00 -2.741351e+00
    endloop
  endfacet
  facet normal -5.880655e-01 2.759771e-01 -7.602734e-01
    outer loop
      vertex   -1.241210e+02 -3.750000e+00 -2.741351e+00
      vertex   -1.229200e+02 -3.771308e+00 -3.678020e+00
      vertex   -1.229200e+02 -4.658312e+00 -4.000000e+00
    endloop
  endfacet
  facet normal -4.573371e-01 4.545064e-01 -7.643734e-01
    outer loop
      vertex   -1.241210e+02 -3.750000e+00 -2.741351e+00
      vertex   -1.229200e+02 -4.658312e+00 -4.000000e+00
      vertex   -1.237462e+02 -5.489656e+00 -4.000000e+00
    endloop
  endfacet
  facet normal -4.553882e-01 4.553882e-01 -7.650119e-01
    outer loop
      vertex   -1.241210e+02 -3.750000e+00 -2.741351e+00
      vertex   -1.237462e+02 -5.489656e+00 -4.000000e+00
      vertex   -1.246700e+02 -4.299038e+00 -2.741351e+00
    endloop
  endfacet
  facet normal -2.519728e-01 6.038926e-01 -7.561901e-01
    outer loop
      vertex   -1.246700e+02 -4.299038e+00 -2.741351e+00
      vertex   -1.237462e+02 -5.489656e+00 -4.000000e+00
      vertex   -1.248279e+02 -5.940985e+00 -4.000000e+00
    endloop
  endfacet
  facet normal -1.634616e-01 6.100470e-01 -7.753212e-01
    outer loop
      vertex   -1.246700e+02 -4.299038e+00 -2.741351e+00
      vertex   -1.248279e+02 -5.940985e+00 -4.000000e+00
      vertex   -1.254200e+02 -4.500000e+00 -2.741351e+00
    endloop
  endfacet
  facet normal -1.360821e-03 6.575315e-01 -7.534258e-01
    outer loop
      vertex   -1.254200e+02 -4.500000e+00 -2.741351e+00
      vertex   -1.248279e+02 -5.940985e+00 -4.000000e+00
      vertex   -1.259999e+02 -5.943411e+00 -4.000000e+00
    endloop
  endfacet
  facet normal 1.635131e-01 6.102390e-01 -7.751592e-01
    outer loop
      vertex   -1.254200e+02 -4.500000e+00 -2.741351e+00
      vertex   -1.259999e+02 -5.943411e+00 -4.000000e+00
      vertex   -1.261700e+02 -4.299038e+00 -2.741351e+00
    endloop
  endfacet
  facet normal 2.493919e-01 6.047385e-01 -7.563697e-01
    outer loop
      vertex   -1.261700e+02 -4.299038e+00 -2.741351e+00
      vertex   -1.259999e+02 -5.943411e+00 -4.000000e+00
      vertex   -1.270835e+02 -5.496563e+00 -4.000000e+00
    endloop
  endfacet
  facet normal 4.553097e-01 4.562530e-01 -7.645431e-01
    outer loop
      vertex   -1.261700e+02 -4.299038e+00 -2.741351e+00
      vertex   -1.270835e+02 -5.496563e+00 -4.000000e+00
      vertex   -1.279131e+02 -4.668646e+00 -4.000000e+00
    endloop
  endfacet
  facet normal 4.556022e-01 4.556022e-01 -7.647570e-01
    outer loop
      vertex   -1.261700e+02 -4.299038e+00 -2.741351e+00
      vertex   -1.279131e+02 -4.668646e+00 -4.000000e+00
      vertex   -1.267190e+02 -3.750000e+00 -2.741351e+00
    endloop
  endfacet
  facet normal 6.043176e-01 2.506830e-01 -7.562792e-01
    outer loop
      vertex   -1.267190e+02 -3.750000e+00 -2.741351e+00
      vertex   -1.279131e+02 -4.668646e+00 -4.000000e+00
      vertex   -1.283622e+02 -3.586032e+00 -4.000000e+00
    endloop
  endfacet
  facet normal 6.101415e-01 1.634869e-01 -7.752415e-01
    outer loop
      vertex   -1.267190e+02 -3.750000e+00 -2.741351e+00
      vertex   -1.283622e+02 -3.586032e+00 -4.000000e+00
      vertex   -1.269200e+02 -3.000000e+00 -2.741351e+00
    endloop
  endfacet
  facet normal 6.575338e-01 0.000000e+00 -7.534251e-01
    outer loop
      vertex   -1.269200e+02 -3.000000e+00 -2.741351e+00
      vertex   -1.283622e+02 -3.586032e+00 -4.000000e+00
      vertex   -1.283622e+02 -2.413968e+00 -4.000000e+00
    endloop
  endfacet
  facet normal 6.101415e-01 -1.634869e-01 -7.752415e-01
    outer loop
      vertex   -1.269200e+02 -3.000000e+00 -2.741351e+00
      vertex   -1.283622e+02 -2.413968e+00 -4.000000e+00
      vertex   -1.267190e+02 -2.250000e+00 -2.741351e+00
    endloop
  endfacet
  facet normal 6.043176e-01 -2.506830e-01 -7.562792e-01
    outer loop
      vertex   -1.267190e+02 -2.250000e+00 -2.741351e+00
      vertex   -1.283622e+02 -2.413968e+00 -4.000000e+00
      vertex   -1.279131e+02 -1.331354e+00 -4.000000e+00
    endloop
  endfacet
  facet normal 4.556022e-01 -4.556022e-01 -7.647570e-01
    outer loop
      vertex   -1.267190e+02 -2.250000e+00 -2.741351e+00
      vertex   -1.279131e+02 -1.331354e+00 -4.000000e+00
      vertex   -1.261700e+02 -1.700962e+00 -2.741351e+00
    endloop
  endfacet
  facet normal 4.553097e-01 -4.562530e-01 -7.645431e-01
    outer loop
      vertex   -1.261700e+02 -1.700962e+00 -2.741351e+00
      vertex   -1.279131e+02 -1.331354e+00 -4.000000e+00
      vertex   -1.270835e+02 -5.034374e-01 -4.000000e+00
    endloop
  endfacet
  facet normal 2.493919e-01 -6.047385e-01 -7.563697e-01
    outer loop
      vertex   -1.261700e+02 -1.700962e+00 -2.741351e+00
      vertex   -1.270835e+02 -5.034374e-01 -4.000000e+00
      vertex   -1.259999e+02 -5.658912e-02 -4.000000e+00
    endloop
  endfacet
  facet normal 1.635131e-01 -6.102390e-01 -7.751592e-01
    outer loop
      vertex   -1.261700e+02 -1.700962e+00 -2.741351e+00
      vertex   -1.259999e+02 -5.658912e-02 -4.000000e+00
      vertex   -1.254200e+02 -1.500000e+00 -2.741351e+00
    endloop
  endfacet
  facet normal -1.360821e-03 -6.575315e-01 -7.534258e-01
    outer loop
      vertex   -1.254200e+02 -1.500000e+00 -2.741351e+00
      vertex   -1.259999e+02 -5.658912e-02 -4.000000e+00
      vertex   -1.248279e+02 -5.901481e-02 -4.000000e+00
    endloop
  endfacet
  facet normal -1.634616e-01 -6.100470e-01 -7.753212e-01
    outer loop
      vertex   -1.254200e+02 -1.500000e+00 -2.741351e+00
      vertex   -1.248279e+02 -5.901481e-02 -4.000000e+00
      vertex   -1.246700e+02 -1.700962e+00 -2.741351e+00
    endloop
  endfacet
  facet normal -2.519728e-01 -6.038926e-01 -7.561901e-01
    outer loop
      vertex   -1.246700e+02 -1.700962e+00 -2.741351e+00
      vertex   -1.248279e+02 -5.901481e-02 -4.000000e+00
      vertex   -1.237462e+02 -5.103442e-01 -4.000000e+00
    endloop
  endfacet
  facet normal -4.553882e-01 -4.553882e-01 -7.650119e-01
    outer loop
      vertex   -1.246700e+02 -1.700962e+00 -2.741351e+00
      vertex   -1.237462e+02 -5.103442e-01 -4.000000e+00
      vertex   -1.241210e+02 -2.250000e+00 -2.741351e+00
    endloop
  endfacet
  facet normal -1.000000e+00 0.000000e+00 0.000000e+00
    outer loop
      vertex   -1.429200e+02 -4.658312e+00 -4.000000e+00
      vertex   -1.429200e+02 -1.500000e+01 -4.000000e+00
      vertex   -1.429200e+02 -4.267954e+00 -3.834832e+00
    endloop
  endfacet
  facet normal -1.000000e+00 -0.000000e+00 0.000000e+00
    outer loop
      vertex   -1.429200e+02 -4.267954e+00 -3.834832e+00
      vertex   -1.429200e+02 -1.500000e+01 -4.000000e+00
      vertex   -1.429200e+02 -1.500000e+01 0.000000e+00
    endloop
  endfacet
  facet normal -1.000000e+00 0.000000e+00 0.000000e+00
    outer loop
      vertex   -1.429200e+02 -4.267954e+00 -3.834832e+00
      vertex   -1.429200e+02 -1.500000e+01 0.000000e+00
      vertex   -1.429200e+02 -4.267954e+00 0.000000e+00
    endloop
  endfacet
  facet normal -9.767511e-01 -2.143161e-01 5.091165e-03
    outer loop
      vertex   -1.430069e+02 -3.091786e+00 -3.654659e+00
      vertex   -1.431130e+02 -2.521434e+00 0.000000e+00
      vertex   -1.432483e+02 -1.999663e+00 -4.000000e+00
    endloop
  endfacet
  facet normal -9.459499e-01 -3.241500e-01 -1.027800e-02
    outer loop
      vertex   -1.432483e+02 -1.999663e+00 -4.000000e+00
      vertex   -1.431130e+02 -2.521434e+00 0.000000e+00
      vertex   -1.436826e+02 -8.591722e-01 0.000000e+00
    endloop
  endfacet
  facet normal -9.262909e-01 -3.767469e-01 6.852920e-03
    outer loop
      vertex   -1.432483e+02 -1.999663e+00 -4.000000e+00
      vertex   -1.436826e+02 -8.591722e-01 0.000000e+00
      vertex   -1.438430e+02 -5.375571e-01 -4.000000e+00
    endloop
  endfacet
  facet normal -8.523839e-01 -5.228575e-01 -7.858632e-03
    outer loop
      vertex   -1.438430e+02 -5.375571e-01 -4.000000e+00
      vertex   -1.436826e+02 -8.591722e-01 0.000000e+00
      vertex   -1.446013e+02 6.386390e-01 0.000000e+00
    endloop
  endfacet
  facet normal -8.343044e-01 -5.512901e-01 3.929655e-03
    outer loop
      vertex   -1.438430e+02 -5.375571e-01 -4.000000e+00
      vertex   -1.446013e+02 6.386390e-01 0.000000e+00
      vertex   -1.447132e+02 7.793319e-01 -4.000000e+00
    endloop
  endfacet
  facet normal -7.176905e-01 -6.963481e-01 -4.432075e-03
    outer loop
      vertex   -1.447132e+02 7.793319e-01 -4.000000e+00
      vertex   -1.446013e+02 6.386390e-01 0.000000e+00
      vertex   -1.458249e+02 1.899740e+00 -2.775558e-16
    endloop
  endfacet
  facet normal -7.098309e-01 -7.043721e-01 0.000000e+00
    outer loop
      vertex   -1.447132e+02 7.793319e-01 -4.000000e+00
      vertex   -1.458249e+02 1.899740e+00 -2.775558e-16
      vertex   -1.458249e+02 1.899740e+00 -4.000000e+00
    endloop
  endfacet
  facet normal -9.938831e-01 -1.098142e-01 -1.171489e-02
    outer loop
      vertex   -1.431130e+02 -2.521434e+00 0.000000e+00
      vertex   -1.430069e+02 -3.091786e+00 -3.654659e+00
      vertex   -1.429200e+02 -4.267954e+00 0.000000e+00
    endloop
  endfacet
  facet normal -9.940304e-01 -1.085173e-01 -1.129401e-02
    outer loop
      vertex   -1.429200e+02 -4.267954e+00 0.000000e+00
      vertex   -1.430069e+02 -3.091786e+00 -3.654659e+00
      vertex   -1.429399e+02 -3.703204e+00 -3.677800e+00
    endloop
  endfacet
  facet normal -9.993818e-01 -3.515599e-02 -1.628483e-17
    outer loop
      vertex   -1.429200e+02 -4.267954e+00 0.000000e+00
      vertex   -1.429399e+02 -3.703204e+00 -3.677800e+00
      vertex   -1.429200e+02 -4.267954e+00 -3.834832e+00
    endloop
  endfacet
  facet normal 1.000000e+00 0.000000e+00 -1.324075e-13
    outer loop
      vertex   -1.229200e+02 -1.341688e+00 -4.000000e+00
      vertex   -1.229200e+02 1.134169e+01 -4.000000e+00
      vertex   -1.229200e+02 -2.228692e+00 -3.678020e+00
    endloop
  endfacet
  facet normal 1.000000e+00 0.000000e+00 -1.324075e-13
    outer loop
      vertex   -1.229200e+02 -2.228692e+00 -3.678020e+00
      vertex   -1.229200e+02 1.134169e+01 -4.000000e+00
      vertex   -1.229200e+02 1.222869e+01 -3.678020e+00
    endloop
  endfacet
  facet normal 1.000000e+00 0.000000e+00 -0.000000e+00
    outer loop
      vertex   -1.229200e+02 -2.228692e+00 -3.678020e+00
      vertex   -1.229200e+02 1.222869e+01 -3.678020e+00
      vertex   -1.229200e+02 -3.000000e+00 -3.580450e+00
    endloop
  endfacet
  facet normal 1.000000e+00 3.552714e-15 5.545079e-13
    outer loop
      vertex   -1.229200e+02 -3.000000e+00 -3.580450e+00
      vertex   -1.229200e+02 1.222869e+01 -3.678020e+00
      vertex   -1.229200e+02 1.300000e+01 -3.580450e+00
    endloop
  endfacet
  facet normal 1.000000e+00 3.552714e-15 2.381408e-14
    outer loop
      vertex   -1.229200e+02 -3.000000e+00 -3.580450e+00
      vertex   -1.229200e+02 1.300000e+01 -3.580450e+00
      vertex   -1.229200e+02 -1.500000e+01 0.000000e+00
    endloop
  endfacet
  facet normal 1.000000e+00 0.000000e+00 -3.969013e-15
    outer loop
      vertex   -1.229200e+02 -1.500000e+01 0.000000e+00
      vertex   -1.229200e+02 1.300000e+01 -3.580450e+00
      vertex   -1.229200e+02 2.500000e+01 0.000000e+00
    endloop
  endfacet
  facet normal 1.000000e+00 -1.184238e-15 0.000000e+00
    outer loop
      vertex   -1.229200e+02 2.500000e+01 0.000000e+00
      vertex   -1.229200e+02 1.300000e+01 -3.580450e+00
      vertex   -1.229200e+02 2.500000e+01 -4.000000e+00
    endloop
  endfacet
  facet normal 1.000000e+00 1.243785e-14 3.896201e-13
    outer loop
      vertex   -1.229200e+02 2.500000e+01 -4.000000e+00
      vertex   -1.229200e+02 1.300000e+01 -3.580450e+00
      vertex   -1.229200e+02 1.377131e+01 -3.678020e+00
    endloop
  endfacet
  facet normal 1.000000e+00 0.000000e+00 -4.413582e-14
    outer loop
      vertex   -1.229200e+02 2.500000e+01 -4.000000e+00
      vertex   -1.229200e+02 1.377131e+01 -3.678020e+00
      vertex   -1.229200e+02 1.465831e+01 -4.000000e+00
    endloop
  endfacet
  facet normal 1.000000e+00 -3.552714e-15 0.000000e+00
    outer loop
      vertex   -1.229200e+02 -1.500000e+01 0.000000e+00
      vertex   -1.229200e+02 -1.500000e+01 -4.000000e+00
      vertex   -1.229200e+02 -3.000000e+00 -3.580450e+00
    endloop
  endfacet
  facet normal 1.000000e+00 -4.909677e-15 3.881197e-14
    outer loop
      vertex   -1.229200e+02 -3.000000e+00 -3.580450e+00
      vertex   -1.229200e+02 -1.500000e+01 -4.000000e+00
      vertex   -1.229200e+02 -3.771308e+00 -3.678020e+00
    endloop
  endfacet
  facet normal 1.000000e+00 0.000000e+00 -1.324075e-13
    outer loop
      vertex   -1.229200e+02 -3.771308e+00 -3.678020e+00
      vertex   -1.229200e+02 -1.500000e+01 -4.000000e+00
      vertex   -1.229200e+02 -4.658312e+00 -4.000000e+00
    endloop
  endfacet
  facet normal 4.657464e-01 0.000000e+00 8.849182e-01
    outer loop
      vertex   -1.429200e+02 2.500000e+01 5.631579e+00
      vertex   -1.474200e+02 2.500000e+01 8.000000e+00
      vertex   -1.429200e+02 1.850000e+01 5.631579e+00
    endloop
  endfacet
  facet normal 4.657464e-01 0.000000e+00 8.849182e-01
    outer loop
      vertex   -1.429200e+02 1.850000e+01 5.631579e+00
      vertex   -1.474200e+02 2.500000e+01 8.000000e+00
      vertex   -1.474200e+02 1.850000e+01 8.000000e+00
    endloop
  endfacet
  facet normal -9.735501e-17 -7.756033e-01 6.312207e-01
    outer loop
      vertex   -1.651519e+02 1.762132e+01 2.121320e+00
      vertex   -1.478758e+02 1.762132e+01 2.121320e+00
      vertex   -1.660238e+02 1.800317e+01 2.590516e+00
    endloop
  endfacet
  facet normal -6.630914e-04 -7.880061e-01 6.156670e-01
    outer loop
      vertex   -1.660238e+02 1.800317e+01 2.590516e+00
      vertex   -1.478758e+02 1.762132e+01 2.121320e+00
      vertex   -1.472426e+02 1.807296e+01 2.700061e+00
    endloop
  endfacet
  facet normal 5.030822e-04 -8.802573e-01 4.744965e-01
    outer loop
      vertex   -1.660238e+02 1.800317e+01 2.590516e+00
      vertex   -1.472426e+02 1.807296e+01 2.700061e+00
      vertex   -1.468569e+02 1.820170e+01 2.938487e+00
    endloop
  endfacet
  facet normal 7.016667e-04 -8.847274e-01 4.661084e-01
    outer loop
      vertex   -1.660238e+02 1.800317e+01 2.590516e+00
      vertex   -1.468569e+02 1.820170e+01 2.938487e+00
      vertex   -1.669509e+02 1.828409e+01 3.125127e+00
    endloop
  endfacet
  facet normal 1.439507e-04 -9.090066e-01 4.167817e-01
    outer loop
      vertex   -1.669509e+02 1.828409e+01 3.125127e+00
      vertex   -1.468569e+02 1.820170e+01 2.938487e+00
      vertex   -1.464200e+02 1.825000e+01 3.043683e+00
    endloop
  endfacet
  facet normal -2.493018e-04 -9.432810e-01 3.319953e-01
    outer loop
      vertex   -1.669509e+02 1.828409e+01 3.125127e+00
      vertex   -1.464200e+02 1.825000e+01 3.043683e+00
      vertex   -1.429200e+02 1.839778e+01 3.466184e+00
    endloop
  endfacet
  facet normal -7.187085e-03 -9.238557e-01 3.826735e-01
    outer loop
      vertex   -1.429200e+02 1.839778e+01 3.466184e+00
      vertex   -1.464200e+02 1.825000e+01 3.043683e+00
      vertex   -1.429200e+02 1.809808e+01 2.742641e+00
    endloop
  endfacet
  facet normal -5.585381e-03 -9.173607e-01 3.980177e-01
    outer loop
      vertex   -1.429200e+02 1.809808e+01 2.742641e+00
      vertex   -1.464200e+02 1.825000e+01 3.043683e+00
      vertex   -1.459831e+02 1.820170e+01 2.938487e+00
    endloop
  endfacet
  facet normal 6.816655e-04 -8.794557e-01 4.759803e-01
    outer loop
      vertex   -1.429200e+02 1.809808e+01 2.742641e+00
      vertex   -1.459831e+02 1.820170e+01 2.938487e+00
      vertex   -1.455974e+02 1.807296e+01 2.700061e+00
    endloop
  endfacet
  facet normal -2.673092e-16 -7.883583e-01 6.152164e-01
    outer loop
      vertex   -1.449642e+02 1.762132e+01 2.121320e+00
      vertex   -1.429200e+02 1.762132e+01 2.121320e+00
      vertex   -1.455974e+02 1.807296e+01 2.700061e+00
    endloop
  endfacet
  facet normal -2.237895e-03 -7.933514e-01 6.087599e-01
    outer loop
      vertex   -1.455974e+02 1.807296e+01 2.700061e+00
      vertex   -1.429200e+02 1.762132e+01 2.121320e+00
      vertex   -1.429200e+02 1.809808e+01 2.742641e+00
    endloop
  endfacet
  facet normal 0.000000e+00 -9.914449e-01 1.305262e-01
    outer loop
      vertex   -1.429200e+02 1.850000e+01 4.242641e+00
      vertex   -1.687970e+02 1.850000e+01 4.242641e+00
      vertex   -1.429200e+02 1.839778e+01 3.466184e+00
    endloop
  endfacet
  facet normal 1.906800e-03 -9.812496e-01 1.927319e-01
    outer loop
      vertex   -1.429200e+02 1.839778e+01 3.466184e+00
      vertex   -1.687970e+02 1.850000e+01 4.242641e+00
      vertex   -1.669509e+02 1.828409e+01 3.125127e+00
    endloop
  endfacet
  facet normal 0.000000e+00 -1.000000e+00 0.000000e+00
    outer loop
      vertex   -2.174183e+02 1.850000e+01 8.833120e+00
      vertex   -2.287415e+02 1.850000e+01 7.706451e+00
      vertex   -2.276318e+02 1.850000e+01 3.793549e+00
    endloop
  endfacet
  facet normal -0.000000e+00 -1.000000e+00 0.000000e+00
    outer loop
      vertex   -2.276318e+02 1.850000e+01 3.793549e+00
      vertex   -2.287415e+02 1.850000e+01 7.706451e+00
      vertex   -2.369550e+02 1.850000e+01 3.653722e+00
    endloop
  endfacet
  facet normal 0.000000e+00 -1.000000e+00 0.000000e+00
    outer loop
      vertex   -2.276318e+02 1.850000e+01 3.793549e+00
      vertex   -2.369550e+02 1.850000e+01 3.653722e+00
      vertex   -2.283204e+02 1.850000e+01 3.234468e+00
    endloop
  endfacet
  facet normal 0.000000e+00 -1.000000e+00 0.000000e+00
    outer loop
      vertex   -2.283204e+02 1.850000e+01 3.234468e+00
      vertex   -2.369550e+02 1.850000e+01 3.653722e+00
      vertex   -2.377350e+02 1.850000e+01 3.450031e+00
    endloop
  endfacet
  facet normal -0.000000e+00 -1.000000e+00 0.000000e+00
    outer loop
      vertex   -2.283204e+02 1.850000e+01 3.234468e+00
      vertex   -2.377350e+02 1.850000e+01 3.450031e+00
      vertex   -2.286995e+02 1.850000e+01 2.432591e+00
    endloop
  endfacet
  facet normal -0.000000e+00 -1.000000e+00 -0.000000e+00
    outer loop
      vertex   -2.286995e+02 1.850000e+01 2.432591e+00
      vertex   -2.377350e+02 1.850000e+01 3.450031e+00
      vertex   -2.286946e+02 1.850000e+01 1.545632e+00
    endloop
  endfacet
  facet normal -0.000000e+00 -1.000000e+00 -0.000000e+00
    outer loop
      vertex   -2.286946e+02 1.850000e+01 1.545632e+00
      vertex   -2.377350e+02 1.850000e+01 3.450031e+00
      vertex   -2.283065e+02 1.850000e+01 7.480378e-01
    endloop
  endfacet
  facet normal -0.000000e+00 -1.000000e+00 0.000000e+00
    outer loop
      vertex   -2.283065e+02 1.850000e+01 7.480378e-01
      vertex   -2.377350e+02 1.850000e+01 3.450031e+00
      vertex   -2.728400e+02 1.850000e+01 -4.000000e+00
    endloop
  endfacet
  facet normal 0.000000e+00 -1.000000e+00 -0.000000e+00
    outer loop
      vertex   -2.283065e+02 1.850000e+01 7.480378e-01
      vertex   -2.728400e+02 1.850000e+01 -4.000000e+00
      vertex   -2.276118e+02 1.850000e+01 1.966802e-01
    endloop
  endfacet
  facet normal 0.000000e+00 -1.000000e+00 -0.000000e+00
    outer loop
      vertex   -2.276118e+02 1.850000e+01 1.966802e-01
      vertex   -2.728400e+02 1.850000e+01 -4.000000e+00
      vertex   -2.267469e+02 1.850000e+01 -3.330669e-15
    endloop
  endfacet
  facet normal 0.000000e+00 -1.000000e+00 -0.000000e+00
    outer loop
      vertex   -2.267469e+02 1.850000e+01 -3.330669e-15
      vertex   -2.728400e+02 1.850000e+01 -4.000000e+00
      vertex   -1.687970e+02 1.850000e+01 -4.000000e+00
    endloop
  endfacet
  facet normal 0.000000e+00 -1.000000e+00 0.000000e+00
    outer loop
      vertex   -2.267469e+02 1.850000e+01 -3.330669e-15
      vertex   -1.687970e+02 1.850000e+01 -4.000000e+00
      vertex   -2.063198e+02 1.850000e+01 -3.330669e-15
    endloop
  endfacet
  facet normal 0.000000e+00 -1.000000e+00 0.000000e+00
    outer loop
      vertex   -2.063198e+02 1.850000e+01 -3.330669e-15
      vertex   -1.687970e+02 1.850000e+01 -4.000000e+00
      vertex   -1.801335e+02 1.850000e+01 -3.330669e-15
    endloop
  endfacet
  facet normal 0.000000e+00 -1.000000e+00 0.000000e+00
    outer loop
      vertex   -2.063198e+02 1.850000e+01 -3.330669e-15
      vertex   -1.801335e+02 1.850000e+01 -3.330669e-15
      vertex   -1.809984e+02 1.850000e+01 1.966802e-01
    endloop
  endfacet
  facet normal -0.000000e+00 -1.000000e+00 0.000000e+00
    outer loop
      vertex   -2.168377e+02 1.850000e+01 9.016271e+00
      vertex   -2.276738e+02 1.850000e+01 9.067409e+00
      vertex   -2.174183e+02 1.850000e+01 8.833120e+00
    endloop
  endfacet
  facet normal -0.000000e+00 -1.000000e+00 0.000000e+00
    outer loop
      vertex   -2.174183e+02 1.850000e+01 8.833120e+00
      vertex   -2.276738e+02 1.850000e+01 9.067409e+00
      vertex   -2.280529e+02 1.850000e+01 8.265532e+00
    endloop
  endfacet
  facet normal 0.000000e+00 -1.000000e+00 0.000000e+00
    outer loop
      vertex   -2.174183e+02 1.850000e+01 8.833120e+00
      vertex   -2.280529e+02 1.850000e+01 8.265532e+00
      vertex   -2.287415e+02 1.850000e+01 7.706451e+00
    endloop
  endfacet
  facet normal 0.000000e+00 -1.000000e+00 0.000000e+00
    outer loop
      vertex   -2.162289e+02 1.850000e+01 9.016271e+00
      vertex   -2.280668e+02 1.850000e+01 1.075196e+01
      vertex   -2.168377e+02 1.850000e+01 9.016271e+00
    endloop
  endfacet
  facet normal 0.000000e+00 -1.000000e+00 0.000000e+00
    outer loop
      vertex   -2.168377e+02 1.850000e+01 9.016271e+00
      vertex   -2.280668e+02 1.850000e+01 1.075196e+01
      vertex   -2.276788e+02 1.850000e+01 9.954368e+00
    endloop
  endfacet
  facet normal 0.000000e+00 -1.000000e+00 0.000000e+00
    outer loop
      vertex   -2.168377e+02 1.850000e+01 9.016271e+00
      vertex   -2.276788e+02 1.850000e+01 9.954368e+00
      vertex   -2.276738e+02 1.850000e+01 9.067409e+00
    endloop
  endfacet
  facet normal 0.000000e+00 -1.000000e+00 0.000000e+00
    outer loop
      vertex   -2.156484e+02 1.850000e+01 8.833120e+00
      vertex   -2.035094e+02 1.850000e+01 9.067409e+00
      vertex   -2.162289e+02 1.850000e+01 9.016271e+00
    endloop
  endfacet
  facet normal 0.000000e+00 -1.000000e+00 0.000000e+00
    outer loop
      vertex   -2.162289e+02 1.850000e+01 9.016271e+00
      vertex   -2.035094e+02 1.850000e+01 9.067409e+00
      vertex   -2.035045e+02 1.850000e+01 9.954368e+00
    endloop
  endfacet
  facet normal 0.000000e+00 -1.000000e+00 0.000000e+00
    outer loop
      vertex   -2.162289e+02 1.850000e+01 9.016271e+00
      vertex   -2.035045e+02 1.850000e+01 9.954368e+00
      vertex   -2.031164e+02 1.850000e+01 1.075196e+01
    endloop
  endfacet
  facet normal 0.000000e+00 -1.000000e+00 0.000000e+00
    outer loop
      vertex   -2.054348e+02 1.850000e+01 3.793549e+00
      vertex   -2.024417e+02 1.850000e+01 7.706451e+00
      vertex   -2.156484e+02 1.850000e+01 8.833120e+00
    endloop
  endfacet
  facet normal 0.000000e+00 -1.000000e+00 0.000000e+00
    outer loop
      vertex   -2.156484e+02 1.850000e+01 8.833120e+00
      vertex   -2.024417e+02 1.850000e+01 7.706451e+00
      vertex   -2.031303e+02 1.850000e+01 8.265532e+00
    endloop
  endfacet
  facet normal 0.000000e+00 -1.000000e+00 0.000000e+00
    outer loop
      vertex   -2.156484e+02 1.850000e+01 8.833120e+00
      vertex   -2.031303e+02 1.850000e+01 8.265532e+00
      vertex   -2.035094e+02 1.850000e+01 9.067409e+00
    endloop
  endfacet
  facet normal 0.000000e+00 -1.000000e+00 -0.000000e+00
    outer loop
      vertex   -2.024417e+02 1.850000e+01 7.706451e+00
      vertex   -2.054348e+02 1.850000e+01 3.793549e+00
      vertex   -1.931699e+02 1.850000e+01 3.131542e+00
    endloop
  endfacet
  facet normal 0.000000e+00 -1.000000e+00 0.000000e+00
    outer loop
      vertex   -1.931699e+02 1.850000e+01 3.131542e+00
      vertex   -2.054348e+02 1.850000e+01 3.793549e+00
      vertex   -2.047462e+02 1.850000e+01 3.234468e+00
    endloop
  endfacet
  facet normal -0.000000e+00 -1.000000e+00 0.000000e+00
    outer loop
      vertex   -1.931699e+02 1.850000e+01 3.131542e+00
      vertex   -2.047462e+02 1.850000e+01 3.234468e+00
      vertex   -2.043671e+02 1.850000e+01 2.432591e+00
    endloop
  endfacet
  facet normal 0.000000e+00 -1.000000e+00 -0.000000e+00
    outer loop
      vertex   -1.931699e+02 1.850000e+01 3.131542e+00
      vertex   -2.043671e+02 1.850000e+01 2.432591e+00
      vertex   -1.925893e+02 1.850000e+01 2.948391e+00
    endloop
  endfacet
  facet normal 0.000000e+00 -1.000000e+00 0.000000e+00
    outer loop
      vertex   -1.925893e+02 1.850000e+01 2.948391e+00
      vertex   -2.043671e+02 1.850000e+01 2.432591e+00
      vertex   -2.043721e+02 1.850000e+01 1.545632e+00
    endloop
  endfacet
  facet normal 0.000000e+00 -1.000000e+00 -0.000000e+00
    outer loop
      vertex   -1.925893e+02 1.850000e+01 2.948391e+00
      vertex   -2.043721e+02 1.850000e+01 1.545632e+00
      vertex   -1.820812e+02 1.850000e+01 1.545632e+00
    endloop
  endfacet
  facet normal -0.000000e+00 -1.000000e+00 0.000000e+00
    outer loop
      vertex   -1.820812e+02 1.850000e+01 1.545632e+00
      vertex   -2.043721e+02 1.850000e+01 1.545632e+00
      vertex   -2.047601e+02 1.850000e+01 7.480378e-01
    endloop
  endfacet
  facet normal 0.000000e+00 -1.000000e+00 -0.000000e+00
    outer loop
      vertex   -1.820812e+02 1.850000e+01 1.545632e+00
      vertex   -2.047601e+02 1.850000e+01 7.480378e-01
      vertex   -1.816932e+02 1.850000e+01 7.480378e-01
    endloop
  endfacet
  facet normal -0.000000e+00 -1.000000e+00 0.000000e+00
    outer loop
      vertex   -1.816932e+02 1.850000e+01 7.480378e-01
      vertex   -2.047601e+02 1.850000e+01 7.480378e-01
      vertex   -2.054549e+02 1.850000e+01 1.966802e-01
    endloop
  endfacet
  facet normal 0.000000e+00 -1.000000e+00 -0.000000e+00
    outer loop
      vertex   -1.816932e+02 1.850000e+01 7.480378e-01
      vertex   -2.054549e+02 1.850000e+01 1.966802e-01
      vertex   -1.809984e+02 1.850000e+01 1.966802e-01
    endloop
  endfacet
  facet normal 0.000000e+00 -1.000000e+00 0.000000e+00
    outer loop
      vertex   -1.809984e+02 1.850000e+01 1.966802e-01
      vertex   -2.054549e+02 1.850000e+01 1.966802e-01
      vertex   -2.063198e+02 1.850000e+01 -3.330669e-15
    endloop
  endfacet
  facet normal 0.000000e+00 -1.000000e+00 0.000000e+00
    outer loop
      vertex   -1.728050e+02 1.850000e+01 7.846278e+00
      vertex   -1.821282e+02 1.850000e+01 7.706451e+00
      vertex   -1.810185e+02 1.850000e+01 3.793549e+00
    endloop
  endfacet
  facet normal -0.000000e+00 -1.000000e+00 0.000000e+00
    outer loop
      vertex   -1.810185e+02 1.850000e+01 3.793549e+00
      vertex   -1.821282e+02 1.850000e+01 7.706451e+00
      vertex   -1.914000e+02 1.850000e+01 3.131542e+00
    endloop
  endfacet
  facet normal 0.000000e+00 -1.000000e+00 0.000000e+00
    outer loop
      vertex   -1.810185e+02 1.850000e+01 3.793549e+00
      vertex   -1.914000e+02 1.850000e+01 3.131542e+00
      vertex   -1.817071e+02 1.850000e+01 3.234468e+00
    endloop
  endfacet
  facet normal 0.000000e+00 -1.000000e+00 0.000000e+00
    outer loop
      vertex   -1.817071e+02 1.850000e+01 3.234468e+00
      vertex   -1.914000e+02 1.850000e+01 3.131542e+00
      vertex   -1.820862e+02 1.850000e+01 2.432591e+00
    endloop
  endfacet
  facet normal 0.000000e+00 -1.000000e+00 0.000000e+00
    outer loop
      vertex   -1.820862e+02 1.850000e+01 2.432591e+00
      vertex   -1.914000e+02 1.850000e+01 3.131542e+00
      vertex   -1.919806e+02 1.850000e+01 2.948391e+00
    endloop
  endfacet
  facet normal -0.000000e+00 -1.000000e+00 -0.000000e+00
    outer loop
      vertex   -1.820862e+02 1.850000e+01 2.432591e+00
      vertex   -1.919806e+02 1.850000e+01 2.948391e+00
      vertex   -1.820812e+02 1.850000e+01 1.545632e+00
    endloop
  endfacet
  facet normal 0.000000e+00 -1.000000e+00 0.000000e+00
    outer loop
      vertex   -1.820812e+02 1.850000e+01 1.545632e+00
      vertex   -1.919806e+02 1.850000e+01 2.948391e+00
      vertex   -1.925893e+02 1.850000e+01 2.948391e+00
    endloop
  endfacet
  facet normal 0.000000e+00 -1.000000e+00 0.000000e+00
    outer loop
      vertex   -1.821282e+02 1.850000e+01 7.706451e+00
      vertex   -1.728050e+02 1.850000e+01 7.846278e+00
      vertex   -1.814396e+02 1.850000e+01 8.265532e+00
    endloop
  endfacet
  facet normal 0.000000e+00 -1.000000e+00 0.000000e+00
    outer loop
      vertex   -1.814396e+02 1.850000e+01 8.265532e+00
      vertex   -1.728050e+02 1.850000e+01 7.846278e+00
      vertex   -1.720250e+02 1.850000e+01 8.049969e+00
    endloop
  endfacet
  facet normal 0.000000e+00 -1.000000e+00 0.000000e+00
    outer loop
      vertex   -1.814396e+02 1.850000e+01 8.265532e+00
      vertex   -1.720250e+02 1.850000e+01 8.049969e+00
      vertex   -1.810605e+02 1.850000e+01 9.067409e+00
    endloop
  endfacet
  facet normal 0.000000e+00 -1.000000e+00 0.000000e+00
    outer loop
      vertex   -1.810605e+02 1.850000e+01 9.067409e+00
      vertex   -1.720250e+02 1.850000e+01 8.049969e+00
      vertex   -1.810654e+02 1.850000e+01 9.954368e+00
    endloop
  endfacet
  facet normal 0.000000e+00 -1.000000e+00 0.000000e+00
    outer loop
      vertex   -1.810654e+02 1.850000e+01 9.954368e+00
      vertex   -1.720250e+02 1.850000e+01 8.049969e+00
      vertex   -1.814535e+02 1.850000e+01 1.075196e+01
    endloop
  endfacet
  facet normal 0.000000e+00 -1.000000e+00 0.000000e+00
    outer loop
      vertex   -1.814535e+02 1.850000e+01 1.075196e+01
      vertex   -1.720250e+02 1.850000e+01 8.049969e+00
      vertex   -1.474200e+02 1.850000e+01 8.000000e+00
    endloop
  endfacet
  facet normal 0.000000e+00 -1.000000e+00 0.000000e+00
    outer loop
      vertex   -1.814535e+02 1.850000e+01 1.075196e+01
      vertex   -1.474200e+02 1.850000e+01 8.000000e+00
      vertex   -1.474200e+02 1.850000e+01 1.550000e+01
    endloop
  endfacet
  facet normal 0.000000e+00 -1.000000e+00 0.000000e+00
    outer loop
      vertex   -1.720250e+02 1.850000e+01 8.049969e+00
      vertex   -1.712280e+02 1.850000e+01 7.929203e+00
      vertex   -1.474200e+02 1.850000e+01 8.000000e+00
    endloop
  endfacet
  facet normal 0.000000e+00 -1.000000e+00 0.000000e+00
    outer loop
      vertex   -1.474200e+02 1.850000e+01 8.000000e+00
      vertex   -1.712280e+02 1.850000e+01 7.929203e+00
      vertex   -1.705434e+02 1.850000e+01 7.503599e+00
    endloop
  endfacet
  facet normal 0.000000e+00 -1.000000e+00 0.000000e+00
    outer loop
      vertex   -1.474200e+02 1.850000e+01 8.000000e+00
      vertex   -1.705434e+02 1.850000e+01 7.503599e+00
      vertex   -1.700825e+02 1.850000e+01 6.842298e+00
    endloop
  endfacet
  facet normal 0.000000e+00 -1.000000e+00 0.000000e+00
    outer loop
      vertex   -1.700825e+02 1.850000e+01 6.842298e+00
      vertex   -1.699200e+02 1.850000e+01 6.052729e+00
      vertex   -1.474200e+02 1.850000e+01 8.000000e+00
    endloop
  endfacet
  facet normal 0.000000e+00 -1.000000e+00 -0.000000e+00
    outer loop
      vertex   -1.474200e+02 1.850000e+01 8.000000e+00
      vertex   -1.699200e+02 1.850000e+01 6.052729e+00
      vertex   -1.429200e+02 1.850000e+01 5.631579e+00
    endloop
  endfacet
  facet normal -0.000000e+00 -1.000000e+00 0.000000e+00
    outer loop
      vertex   -1.429200e+02 1.850000e+01 5.631579e+00
      vertex   -1.699200e+02 1.850000e+01 6.052729e+00
      vertex   -1.687970e+02 1.850000e+01 4.242641e+00
    endloop
  endfacet
  facet normal 0.000000e+00 -1.000000e+00 -0.000000e+00
    outer loop
      vertex   -1.429200e+02 1.850000e+01 5.631579e+00
      vertex   -1.687970e+02 1.850000e+01 4.242641e+00
      vertex   -1.429200e+02 1.850000e+01 4.242641e+00
    endloop
  endfacet
  facet normal 0.000000e+00 -1.000000e+00 0.000000e+00
    outer loop
      vertex   -1.699200e+02 1.850000e+01 6.052729e+00
      vertex   -1.699200e+02 1.850000e+01 2.000000e+00
      vertex   -1.687970e+02 1.850000e+01 4.242641e+00
    endloop
  endfacet
  facet normal 0.000000e+00 -1.000000e+00 0.000000e+00
    outer loop
      vertex   -1.687970e+02 1.850000e+01 4.242641e+00
      vertex   -1.699200e+02 1.850000e+01 2.000000e+00
      vertex   -1.700722e+02 1.850000e+01 1.234633e+00
    endloop
  endfacet
  facet normal 0.000000e+00 -1.000000e+00 -0.000000e+00
    outer loop
      vertex   -1.687970e+02 1.850000e+01 4.242641e+00
      vertex   -1.700722e+02 1.850000e+01 1.234633e+00
      vertex   -1.687970e+02 1.850000e+01 -4.000000e+00
    endloop
  endfacet
  facet normal 0.000000e+00 -1.000000e+00 0.000000e+00
    outer loop
      vertex   -1.687970e+02 1.850000e+01 -4.000000e+00
      vertex   -1.700722e+02 1.850000e+01 1.234633e+00
      vertex   -1.705058e+02 1.850000e+01 5.857864e-01
    endloop
  endfacet
  facet normal 0.000000e+00 -1.000000e+00 0.000000e+00
    outer loop
      vertex   -1.687970e+02 1.850000e+01 -4.000000e+00
      vertex   -1.705058e+02 1.850000e+01 5.857864e-01
      vertex   -1.711546e+02 1.850000e+01 1.522409e-01
    endloop
  endfacet
  facet normal 0.000000e+00 -1.000000e+00 -0.000000e+00
    outer loop
      vertex   -1.711546e+02 1.850000e+01 1.522409e-01
      vertex   -1.719200e+02 1.850000e+01 -3.330669e-15
      vertex   -1.687970e+02 1.850000e+01 -4.000000e+00
    endloop
  endfacet
  facet normal 0.000000e+00 -1.000000e+00 0.000000e+00
    outer loop
      vertex   -1.687970e+02 1.850000e+01 -4.000000e+00
      vertex   -1.719200e+02 1.850000e+01 -3.330669e-15
      vertex   -1.801335e+02 1.850000e+01 -3.330669e-15
    endloop
  endfacet
  facet normal 0.000000e+00 -1.000000e+00 0.000000e+00
    outer loop
      vertex   -2.386054e+02 1.850000e+01 1.134776e+01
      vertex   -2.378400e+02 1.850000e+01 1.150000e+01
      vertex   -2.728400e+02 1.850000e+01 1.550000e+01
    endloop
  endfacet
  facet normal 0.000000e+00 -1.000000e+00 0.000000e+00
    outer loop
      vertex   -2.728400e+02 1.850000e+01 1.550000e+01
      vertex   -2.378400e+02 1.850000e+01 1.150000e+01
      vertex   -2.296265e+02 1.850000e+01 1.150000e+01
    endloop
  endfacet
  facet normal 0.000000e+00 -1.000000e+00 0.000000e+00
    outer loop
      vertex   -2.728400e+02 1.850000e+01 1.550000e+01
      vertex   -2.296265e+02 1.850000e+01 1.150000e+01
      vertex   -2.015568e+02 1.850000e+01 1.150000e+01
    endloop
  endfacet
  facet normal -0.000000e+00 -1.000000e+00 0.000000e+00
    outer loop
      vertex   -2.015568e+02 1.850000e+01 1.150000e+01
      vertex   -2.296265e+02 1.850000e+01 1.150000e+01
      vertex   -2.024217e+02 1.850000e+01 1.130332e+01
    endloop
  endfacet
  facet normal 0.000000e+00 -1.000000e+00 0.000000e+00
    outer loop
      vertex   -2.024217e+02 1.850000e+01 1.130332e+01
      vertex   -2.296265e+02 1.850000e+01 1.150000e+01
      vertex   -2.287616e+02 1.850000e+01 1.130332e+01
    endloop
  endfacet
  facet normal -0.000000e+00 -1.000000e+00 0.000000e+00
    outer loop
      vertex   -2.024217e+02 1.850000e+01 1.130332e+01
      vertex   -2.287616e+02 1.850000e+01 1.130332e+01
      vertex   -2.031164e+02 1.850000e+01 1.075196e+01
    endloop
  endfacet
  facet normal 0.000000e+00 -1.000000e+00 0.000000e+00
    outer loop
      vertex   -2.031164e+02 1.850000e+01 1.075196e+01
      vertex   -2.287616e+02 1.850000e+01 1.130332e+01
      vertex   -2.280668e+02 1.850000e+01 1.075196e+01
    endloop
  endfacet
  facet normal -0.000000e+00 -1.000000e+00 0.000000e+00
    outer loop
      vertex   -2.031164e+02 1.850000e+01 1.075196e+01
      vertex   -2.280668e+02 1.850000e+01 1.075196e+01
      vertex   -2.162289e+02 1.850000e+01 9.016271e+00
    endloop
  endfacet
  facet normal -0.000000e+00 -1.000000e+00 0.000000e+00
    outer loop
      vertex   -2.377350e+02 1.850000e+01 3.450031e+00
      vertex   -2.385320e+02 1.850000e+01 3.570797e+00
      vertex   -2.728400e+02 1.850000e+01 -4.000000e+00
    endloop
  endfacet
  facet normal 0.000000e+00 -1.000000e+00 0.000000e+00
    outer loop
      vertex   -2.728400e+02 1.850000e+01 -4.000000e+00
      vertex   -2.385320e+02 1.850000e+01 3.570797e+00
      vertex   -2.392166e+02 1.850000e+01 3.996401e+00
    endloop
  endfacet
  facet normal 0.000000e+00 -1.000000e+00 0.000000e+00
    outer loop
      vertex   -2.728400e+02 1.850000e+01 -4.000000e+00
      vertex   -2.392166e+02 1.850000e+01 3.996401e+00
      vertex   -2.396775e+02 1.850000e+01 4.657702e+00
    endloop
  endfacet
  facet normal -0.000000e+00 -1.000000e+00 0.000000e+00
    outer loop
      vertex   -2.396775e+02 1.850000e+01 4.657702e+00
      vertex   -2.398400e+02 1.850000e+01 5.447271e+00
      vertex   -2.728400e+02 1.850000e+01 -4.000000e+00
    endloop
  endfacet
  facet normal 0.000000e+00 -1.000000e+00 0.000000e+00
    outer loop
      vertex   -2.728400e+02 1.850000e+01 -4.000000e+00
      vertex   -2.398400e+02 1.850000e+01 5.447271e+00
      vertex   -2.728400e+02 1.850000e+01 1.550000e+01
    endloop
  endfacet
  facet normal 0.000000e+00 -1.000000e+00 0.000000e+00
    outer loop
      vertex   -2.728400e+02 1.850000e+01 1.550000e+01
      vertex   -2.398400e+02 1.850000e+01 5.447271e+00
      vertex   -2.398400e+02 1.850000e+01 9.500000e+00
    endloop
  endfacet
  facet normal 0.000000e+00 -1.000000e+00 0.000000e+00
    outer loop
      vertex   -2.728400e+02 1.850000e+01 1.550000e+01
      vertex   -2.398400e+02 1.850000e+01 9.500000e+00
      vertex   -2.396878e+02 1.850000e+01 1.026537e+01
    endloop
  endfacet
  facet normal 0.000000e+00 -1.000000e+00 0.000000e+00
    outer loop
      vertex   -2.396878e+02 1.850000e+01 1.026537e+01
      vertex   -2.392542e+02 1.850000e+01 1.091421e+01
      vertex   -2.728400e+02 1.850000e+01 1.550000e+01
    endloop
  endfacet
  facet normal 0.000000e+00 -1.000000e+00 0.000000e+00
    outer loop
      vertex   -2.728400e+02 1.850000e+01 1.550000e+01
      vertex   -2.392542e+02 1.850000e+01 1.091421e+01
      vertex   -2.386054e+02 1.850000e+01 1.134776e+01
    endloop
  endfacet
  facet normal 0.000000e+00 -1.000000e+00 0.000000e+00
    outer loop
      vertex   -2.728400e+02 1.850000e+01 1.550000e+01
      vertex   -2.015568e+02 1.850000e+01 1.150000e+01
      vertex   -1.474200e+02 1.850000e+01 1.550000e+01
    endloop
  endfacet
  facet normal 0.000000e+00 -1.000000e+00 0.000000e+00
    outer loop
      vertex   -1.474200e+02 1.850000e+01 1.550000e+01
      vertex   -2.015568e+02 1.850000e+01 1.150000e+01
      vertex   -1.830131e+02 1.850000e+01 1.150000e+01
    endloop
  endfacet
  facet normal 0.000000e+00 -1.000000e+00 0.000000e+00
    outer loop
      vertex   -1.474200e+02 1.850000e+01 1.550000e+01
      vertex   -1.830131e+02 1.850000e+01 1.150000e+01
      vertex   -1.821482e+02 1.850000e+01 1.130332e+01
    endloop
  endfacet
  facet normal 0.000000e+00 -1.000000e+00 0.000000e+00
    outer loop
      vertex   -1.821482e+02 1.850000e+01 1.130332e+01
      vertex   -1.814535e+02 1.850000e+01 1.075196e+01
      vertex   -1.474200e+02 1.850000e+01 1.550000e+01
    endloop
  endfacet
  facet normal -1.953996e-17 -4.068360e-02 9.991721e-01
    outer loop
      vertex   -1.465914e+02 1.425736e+01 0.000000e+00
      vertex   -1.473903e+02 1.450118e+01 9.927787e-03
      vertex   -1.607842e+02 1.425736e+01 -2.775558e-16
    endloop
  endfacet
  facet normal 2.355687e-03 -1.695324e-01 9.855218e-01
    outer loop
      vertex   -1.607842e+02 1.425736e+01 -2.775558e-16
      vertex   -1.473903e+02 1.450118e+01 9.927787e-03
      vertex   -1.480125e+02 1.504045e+01 1.041807e-01
    endloop
  endfacet
  facet normal 3.690830e-03 -1.907893e-01 9.816241e-01
    outer loop
      vertex   -1.607842e+02 1.425736e+01 -2.775558e-16
      vertex   -1.480125e+02 1.504045e+01 1.041807e-01
      vertex   -1.621739e+02 1.540541e+01 2.283614e-01
    endloop
  endfacet
  facet normal -1.667178e-03 -3.794917e-01 9.251936e-01
    outer loop
      vertex   -1.621739e+02 1.540541e+01 2.283614e-01
      vertex   -1.480125e+02 1.504045e+01 1.041807e-01
      vertex   -1.483514e+02 1.573058e+01 3.866466e-01
    endloop
  endfacet
  facet normal 9.634902e-04 -4.704891e-01 8.824053e-01
    outer loop
      vertex   -1.621739e+02 1.540541e+01 2.283614e-01
      vertex   -1.483514e+02 1.573058e+01 3.866466e-01
      vertex   -1.628018e+02 1.592407e+01 5.055912e-01
    endloop
  endfacet
  facet normal -1.542518e-03 -6.047732e-01 7.963962e-01
    outer loop
      vertex   -1.628018e+02 1.592407e+01 5.055912e-01
      vertex   -1.483514e+02 1.573058e+01 3.866466e-01
      vertex   -1.484159e+02 1.637868e+01 8.786797e-01
    endloop
  endfacet
  facet normal -1.263909e-17 -6.343933e-01 7.730105e-01
    outer loop
      vertex   -1.628018e+02 1.592407e+01 5.055912e-01
      vertex   -1.484159e+02 1.637868e+01 8.786797e-01
      vertex   -1.633521e+02 1.637868e+01 8.786797e-01
    endloop
  endfacet
  facet normal -1.051197e-17 -7.071068e-01 7.071068e-01
    outer loop
      vertex   -1.633521e+02 1.637868e+01 8.786797e-01
      vertex   -1.484159e+02 1.637868e+01 8.786797e-01
      vertex   -1.637019e+02 1.666769e+01 1.167694e+00
    endloop
  endfacet
  facet normal 1.539184e-16 -7.071068e-01 7.071068e-01
    outer loop
      vertex   -1.637019e+02 1.666769e+01 1.167694e+00
      vertex   -1.484159e+02 1.637868e+01 8.786797e-01
      vertex   -1.482543e+02 1.704712e+01 1.547122e+00
    endloop
  endfacet
  facet normal 1.027450e-17 -7.071068e-01 7.071068e-01
    outer loop
      vertex   -1.637019e+02 1.666769e+01 1.167694e+00
      vertex   -1.482543e+02 1.704712e+01 1.547122e+00
      vertex   -1.651519e+02 1.762132e+01 2.121320e+00
    endloop
  endfacet
  facet normal -1.090591e-16 -7.071068e-01 7.071068e-01
    outer loop
      vertex   -1.651519e+02 1.762132e+01 2.121320e+00
      vertex   -1.482543e+02 1.704712e+01 1.547122e+00
      vertex   -1.478758e+02 1.762132e+01 2.121320e+00
    endloop
  endfacet
  facet normal -5.441470e-01 -8.389899e-01 1.153586e-15
    outer loop
      vertex   -1.637019e+02 1.666769e+01 -4.000000e+00
      vertex   -1.637019e+02 1.666769e+01 1.167694e+00
      vertex   -1.652433e+02 1.766736e+01 -4.000000e+00
    endloop
  endfacet
  facet normal -5.486272e-01 -8.360649e-01 1.902105e-03
    outer loop
      vertex   -1.652433e+02 1.766736e+01 -4.000000e+00
      vertex   -1.637019e+02 1.666769e+01 1.167694e+00
      vertex   -1.651519e+02 1.762132e+01 2.121320e+00
    endloop
  endfacet
  facet normal -4.015673e-01 -9.158291e-01 -8.933641e-04
    outer loop
      vertex   -1.652433e+02 1.766736e+01 -4.000000e+00
      vertex   -1.651519e+02 1.762132e+01 2.121320e+00
      vertex   -1.660238e+02 1.800317e+01 2.590516e+00
    endloop
  endfacet
  facet normal -3.383963e-01 -9.409708e-01 7.869115e-03
    outer loop
      vertex   -1.652433e+02 1.766736e+01 -4.000000e+00
      vertex   -1.660238e+02 1.800317e+01 2.590516e+00
      vertex   -1.669720e+02 1.828906e+01 -4.000000e+00
    endloop
  endfacet
  facet normal -2.898760e-01 -9.570642e-01 1.901144e-04
    outer loop
      vertex   -1.669720e+02 1.828906e+01 -4.000000e+00
      vertex   -1.660238e+02 1.800317e+01 2.590516e+00
      vertex   -1.669509e+02 1.828409e+01 3.125127e+00
    endloop
  endfacet
  facet normal -1.163730e-01 -9.932055e-01 -3.483299e-04
    outer loop
      vertex   -1.669720e+02 1.828906e+01 -4.000000e+00
      vertex   -1.669509e+02 1.828409e+01 3.125127e+00
      vertex   -1.687970e+02 1.850000e+01 4.242641e+00
    endloop
  endfacet
  facet normal -1.148206e-01 -9.933862e-01 -0.000000e+00
    outer loop
      vertex   -1.687970e+02 1.850000e+01 4.242641e+00
      vertex   -1.687970e+02 1.850000e+01 -4.000000e+00
      vertex   -1.669720e+02 1.828906e+01 -4.000000e+00
    endloop
  endfacet
  facet normal -6.368814e-01 -7.709618e-01 -0.000000e+00
    outer loop
      vertex   -1.458249e+02 1.899740e+00 -2.775558e-16
      vertex   -1.607842e+02 1.425736e+01 -2.775558e-16
      vertex   -1.458249e+02 1.899740e+00 -4.000000e+00
    endloop
  endfacet
  facet normal -6.368814e-01 -7.709618e-01 -1.225712e-15
    outer loop
      vertex   -1.458249e+02 1.899740e+00 -4.000000e+00
      vertex   -1.607842e+02 1.425736e+01 -2.775558e-16
      vertex   -1.637019e+02 1.666769e+01 -4.000000e+00
    endloop
  endfacet
  facet normal -6.368814e-01 -7.709618e-01 1.259445e-14
    outer loop
      vertex   -1.637019e+02 1.666769e+01 -4.000000e+00
      vertex   -1.607842e+02 1.425736e+01 -2.775558e-16
      vertex   -1.621739e+02 1.540541e+01 2.283614e-01
    endloop
  endfacet
  facet normal -6.368814e-01 -7.709618e-01 7.229218e-15
    outer loop
      vertex   -1.637019e+02 1.666769e+01 -4.000000e+00
      vertex   -1.621739e+02 1.540541e+01 2.283614e-01
      vertex   -1.628018e+02 1.592407e+01 5.055912e-01
    endloop
  endfacet
  facet normal -6.368814e-01 -7.709618e-01 2.690631e-15
    outer loop
      vertex   -1.628018e+02 1.592407e+01 5.055912e-01
      vertex   -1.633521e+02 1.637868e+01 8.786797e-01
      vertex   -1.637019e+02 1.666769e+01 -4.000000e+00
    endloop
  endfacet
  facet normal -6.368814e-01 -7.709618e-01 1.060050e-15
    outer loop
      vertex   -1.637019e+02 1.666769e+01 -4.000000e+00
      vertex   -1.633521e+02 1.637868e+01 8.786797e-01
      vertex   -1.637019e+02 1.666769e+01 1.167694e+00
    endloop
  endfacet
  facet normal 9.794830e-01 0.000000e+00 2.015270e-01
    outer loop
      vertex   -2.398400e+02 2.500000e+01 5.447271e+00
      vertex   -2.398400e+02 1.850000e+01 5.447271e+00
      vertex   -2.396775e+02 2.500000e+01 4.657702e+00
    endloop
  endfacet
  facet normal 9.794830e-01 0.000000e+00 2.015270e-01
    outer loop
      vertex   -2.396775e+02 2.500000e+01 4.657702e+00
      vertex   -2.398400e+02 1.850000e+01 5.447271e+00
      vertex   -2.396775e+02 1.850000e+01 4.657702e+00
    endloop
  endfacet
  facet normal 8.203634e-01 0.000000e+00 5.718425e-01
    outer loop
      vertex   -2.396775e+02 2.500000e+01 4.657702e+00
      vertex   -2.396775e+02 1.850000e+01 4.657702e+00
      vertex   -2.392166e+02 1.850000e+01 3.996401e+00
    endloop
  endfacet
  facet normal 8.203634e-01 -4.237733e-17 5.718425e-01
    outer loop
      vertex   -2.396775e+02 2.500000e+01 4.657702e+00
      vertex   -2.392166e+02 1.850000e+01 3.996401e+00
      vertex   -2.392166e+02 2.500000e+01 3.996401e+00
    endloop
  endfacet
  facet normal 5.279737e-01 -5.802269e-17 8.492607e-01
    outer loop
      vertex   -2.392166e+02 2.500000e+01 3.996401e+00
      vertex   -2.392166e+02 1.850000e+01 3.996401e+00
      vertex   -2.385320e+02 1.850000e+01 3.570797e+00
    endloop
  endfacet
  facet normal 5.279737e-01 -6.356599e-17 8.492607e-01
    outer loop
      vertex   -2.392166e+02 2.500000e+01 3.996401e+00
      vertex   -2.385320e+02 1.850000e+01 3.570797e+00
      vertex   -2.385320e+02 2.500000e+01 3.570797e+00
    endloop
  endfacet
  facet normal 1.498133e-01 -6.755036e-17 9.887143e-01
    outer loop
      vertex   -2.385320e+02 2.500000e+01 3.570797e+00
      vertex   -2.385320e+02 1.850000e+01 3.570797e+00
      vertex   -2.377350e+02 1.850000e+01 3.450031e+00
    endloop
  endfacet
  facet normal 1.498133e-01 0.000000e+00 9.887143e-01
    outer loop
      vertex   -2.385320e+02 2.500000e+01 3.570797e+00
      vertex   -2.377350e+02 1.850000e+01 3.450031e+00
      vertex   -2.377350e+02 2.500000e+01 3.450031e+00
    endloop
  endfacet
  facet normal -2.526846e-01 0.000000e+00 9.675487e-01
    outer loop
      vertex   -2.377350e+02 2.500000e+01 3.450031e+00
      vertex   -2.377350e+02 1.850000e+01 3.450031e+00
      vertex   -2.369550e+02 2.500000e+01 3.653722e+00
    endloop
  endfacet
  facet normal -2.526846e-01 9.254602e-16 9.675487e-01
    outer loop
      vertex   -2.369550e+02 2.500000e+01 3.653722e+00
      vertex   -2.377350e+02 1.850000e+01 3.450031e+00
      vertex   -2.369550e+02 1.850000e+01 3.653722e+00
    endloop
  endfacet
  facet normal 1.000000e+00 0.000000e+00 -0.000000e+00
    outer loop
      vertex   -2.398400e+02 2.500000e+01 5.447271e+00
      vertex   -2.398400e+02 2.500000e+01 9.500000e+00
      vertex   -2.398400e+02 1.850000e+01 5.447271e+00
    endloop
  endfacet
  facet normal 1.000000e+00 0.000000e+00 0.000000e+00
    outer loop
      vertex   -2.398400e+02 1.850000e+01 5.447271e+00
      vertex   -2.398400e+02 2.500000e+01 9.500000e+00
      vertex   -2.398400e+02 1.850000e+01 9.500000e+00
    endloop
  endfacet
  facet normal 1.950903e-01 0.000000e+00 -9.807853e-01
    outer loop
      vertex   -2.378400e+02 2.500000e+01 1.150000e+01
      vertex   -2.378400e+02 1.850000e+01 1.150000e+01
      vertex   -2.386054e+02 2.500000e+01 1.134776e+01
    endloop
  endfacet
  facet normal 1.950903e-01 0.000000e+00 -9.807853e-01
    outer loop
      vertex   -2.386054e+02 2.500000e+01 1.134776e+01
      vertex   -2.378400e+02 1.850000e+01 1.150000e+01
      vertex   -2.386054e+02 1.850000e+01 1.134776e+01
    endloop
  endfacet
  facet normal 5.555702e-01 0.000000e+00 -8.314696e-01
    outer loop
      vertex   -2.386054e+02 2.500000e+01 1.134776e+01
      vertex   -2.386054e+02 1.850000e+01 1.134776e+01
      vertex   -2.392542e+02 1.850000e+01 1.091421e+01
    endloop
  endfacet
  facet normal 5.555702e-01 0.000000e+00 -8.314696e-01
    outer loop
      vertex   -2.386054e+02 2.500000e+01 1.134776e+01
      vertex   -2.392542e+02 1.850000e+01 1.091421e+01
      vertex   -2.392542e+02 2.500000e+01 1.091421e+01
    endloop
  endfacet
  facet normal 8.314696e-01 0.000000e+00 -5.555702e-01
    outer loop
      vertex   -2.392542e+02 2.500000e+01 1.091421e+01
      vertex   -2.392542e+02 1.850000e+01 1.091421e+01
      vertex   -2.396878e+02 1.850000e+01 1.026537e+01
    endloop
  endfacet
  facet normal 8.314696e-01 0.000000e+00 -5.555702e-01
    outer loop
      vertex   -2.392542e+02 2.500000e+01 1.091421e+01
      vertex   -2.396878e+02 1.850000e+01 1.026537e+01
      vertex   -2.396878e+02 2.500000e+01 1.026537e+01
    endloop
  endfacet
  facet normal 9.807853e-01 0.000000e+00 -1.950903e-01
    outer loop
      vertex   -2.396878e+02 2.500000e+01 1.026537e+01
      vertex   -2.396878e+02 1.850000e+01 1.026537e+01
      vertex   -2.398400e+02 2.500000e+01 9.500000e+00
    endloop
  endfacet
  facet normal 9.807853e-01 0.000000e+00 -1.950903e-01
    outer loop
      vertex   -2.398400e+02 2.500000e+01 9.500000e+00
      vertex   -2.396878e+02 1.850000e+01 1.026537e+01
      vertex   -2.398400e+02 1.850000e+01 9.500000e+00
    endloop
  endfacet
  facet normal 0.000000e+00 0.000000e+00 -1.000000e+00
    outer loop
      vertex   -2.378400e+02 2.500000e+01 1.150000e+01
      vertex   -2.296265e+02 2.500000e+01 1.150000e+01
      vertex   -2.378400e+02 1.850000e+01 1.150000e+01
    endloop
  endfacet
  facet normal 0.000000e+00 0.000000e+00 -1.000000e+00
    outer loop
      vertex   -2.378400e+02 1.850000e+01 1.150000e+01
      vertex   -2.296265e+02 2.500000e+01 1.150000e+01
      vertex   -2.296265e+02 1.850000e+01 1.150000e+01
    endloop
  endfacet
  facet normal -6.303255e-01 8.486405e-16 7.763309e-01
    outer loop
      vertex   -2.287415e+02 2.500000e+01 7.706451e+00
      vertex   -2.287415e+02 1.850000e+01 7.706451e+00
      vertex   -2.280529e+02 2.500000e+01 8.265532e+00
    endloop
  endfacet
  facet normal -6.303255e-01 2.121601e-16 7.763309e-01
    outer loop
      vertex   -2.280529e+02 2.500000e+01 8.265532e+00
      vertex   -2.287415e+02 1.850000e+01 7.706451e+00
      vertex   -2.280529e+02 1.850000e+01 8.265532e+00
    endloop
  endfacet
  facet normal -9.040604e-01 1.168036e-16 4.274048e-01
    outer loop
      vertex   -2.280529e+02 2.500000e+01 8.265532e+00
      vertex   -2.280529e+02 1.850000e+01 8.265532e+00
      vertex   -2.276738e+02 2.500000e+01 9.067409e+00
    endloop
  endfacet
  facet normal -9.040604e-01 1.168036e-16 4.274048e-01
    outer loop
      vertex   -2.276738e+02 2.500000e+01 9.067409e+00
      vertex   -2.280529e+02 1.850000e+01 8.265532e+00
      vertex   -2.276738e+02 1.850000e+01 9.067409e+00
    endloop
  endfacet
  facet normal -9.999844e-01 -1.525874e-18 -5.583441e-03
    outer loop
      vertex   -2.276738e+02 2.500000e+01 9.067409e+00
      vertex   -2.276738e+02 1.850000e+01 9.067409e+00
      vertex   -2.276788e+02 2.500000e+01 9.954368e+00
    endloop
  endfacet
  facet normal -9.999844e-01 -0.000000e+00 -5.583441e-03
    outer loop
      vertex   -2.276788e+02 2.500000e+01 9.954368e+00
      vertex   -2.276738e+02 1.850000e+01 9.067409e+00
      vertex   -2.276788e+02 1.850000e+01 9.954368e+00
    endloop
  endfacet
  facet normal -8.992313e-01 -0.000000e+00 -4.374735e-01
    outer loop
      vertex   -2.276788e+02 2.500000e+01 9.954368e+00
      vertex   -2.276788e+02 1.850000e+01 9.954368e+00
      vertex   -2.280668e+02 2.500000e+01 1.075196e+01
    endloop
  endfacet
  facet normal -8.992313e-01 -0.000000e+00 -4.374735e-01
    outer loop
      vertex   -2.280668e+02 2.500000e+01 1.075196e+01
      vertex   -2.276788e+02 1.850000e+01 9.954368e+00
      vertex   -2.280668e+02 1.850000e+01 1.075196e+01
    endloop
  endfacet
  facet normal -6.216172e-01 -0.000000e+00 -7.833212e-01
    outer loop
      vertex   -2.280668e+02 2.500000e+01 1.075196e+01
      vertex   -2.280668e+02 1.850000e+01 1.075196e+01
      vertex   -2.287616e+02 2.500000e+01 1.130332e+01
    endloop
  endfacet
  facet normal -6.216172e-01 -0.000000e+00 -7.833212e-01
    outer loop
      vertex   -2.287616e+02 2.500000e+01 1.130332e+01
      vertex   -2.280668e+02 1.850000e+01 1.075196e+01
      vertex   -2.287616e+02 1.850000e+01 1.130332e+01
    endloop
  endfacet
  facet normal -2.217432e-01 -0.000000e+00 -9.751051e-01
    outer loop
      vertex   -2.287616e+02 2.500000e+01 1.130332e+01
      vertex   -2.287616e+02 1.850000e+01 1.130332e+01
      vertex   -2.296265e+02 2.500000e+01 1.150000e+01
    endloop
  endfacet
  facet normal -2.217432e-01 -0.000000e+00 -9.751051e-01
    outer loop
      vertex   -2.296265e+02 2.500000e+01 1.150000e+01
      vertex   -2.287616e+02 1.850000e+01 1.130332e+01
      vertex   -2.296265e+02 1.850000e+01 1.150000e+01
    endloop
  endfacet
  facet normal -4.424875e-01 8.577648e-16 8.967747e-01
    outer loop
      vertex   -2.369550e+02 1.850000e+01 3.653722e+00
      vertex   -2.287415e+02 1.850000e+01 7.706451e+00
      vertex   -2.369550e+02 2.500000e+01 3.653722e+00
    endloop
  endfacet
  facet normal -4.424875e-01 9.548174e-16 8.967747e-01
    outer loop
      vertex   -2.369550e+02 2.500000e+01 3.653722e+00
      vertex   -2.287415e+02 1.850000e+01 7.706451e+00
      vertex   -2.287415e+02 2.500000e+01 7.706451e+00
    endloop
  endfacet
  facet normal -2.217432e-01 0.000000e+00 9.751051e-01
    outer loop
      vertex   -2.063198e+02 2.500000e+01 -3.330669e-15
      vertex   -2.063198e+02 1.850000e+01 -3.330669e-15
      vertex   -2.054549e+02 2.500000e+01 1.966802e-01
    endloop
  endfacet
  facet normal -2.217432e-01 0.000000e+00 9.751051e-01
    outer loop
      vertex   -2.054549e+02 2.500000e+01 1.966802e-01
      vertex   -2.063198e+02 1.850000e+01 -3.330669e-15
      vertex   -2.054549e+02 1.850000e+01 1.966802e-01
    endloop
  endfacet
  facet normal -6.216172e-01 0.000000e+00 7.833212e-01
    outer loop
      vertex   -2.054549e+02 2.500000e+01 1.966802e-01
      vertex   -2.054549e+02 1.850000e+01 1.966802e-01
      vertex   -2.047601e+02 2.500000e+01 7.480378e-01
    endloop
  endfacet
  facet normal -6.216172e-01 6.689702e-17 7.833212e-01
    outer loop
      vertex   -2.047601e+02 2.500000e+01 7.480378e-01
      vertex   -2.054549e+02 1.850000e+01 1.966802e-01
      vertex   -2.047601e+02 1.850000e+01 7.480378e-01
    endloop
  endfacet
  facet normal -8.992313e-01 3.736101e-17 4.374735e-01
    outer loop
      vertex   -2.047601e+02 2.500000e+01 7.480378e-01
      vertex   -2.047601e+02 1.850000e+01 7.480378e-01
      vertex   -2.043721e+02 2.500000e+01 1.545632e+00
    endloop
  endfacet
  facet normal -8.992313e-01 8.966643e-17 4.374735e-01
    outer loop
      vertex   -2.043721e+02 2.500000e+01 1.545632e+00
      vertex   -2.047601e+02 1.850000e+01 7.480378e-01
      vertex   -2.043721e+02 1.850000e+01 1.545632e+00
    endloop
  endfacet
  facet normal -9.999844e-01 1.144406e-18 5.583441e-03
    outer loop
      vertex   -2.043721e+02 2.500000e+01 1.545632e+00
      vertex   -2.043721e+02 1.850000e+01 1.545632e+00
      vertex   -2.043671e+02 2.500000e+01 2.432591e+00
    endloop
  endfacet
  facet normal -9.999844e-01 1.525874e-18 5.583441e-03
    outer loop
      vertex   -2.043671e+02 2.500000e+01 2.432591e+00
      vertex   -2.043721e+02 1.850000e+01 1.545632e+00
      vertex   -2.043671e+02 1.850000e+01 2.432591e+00
    endloop
  endfacet
  facet normal -9.040604e-01 -1.168036e-16 -4.274048e-01
    outer loop
      vertex   -2.043671e+02 2.500000e+01 2.432591e+00
      vertex   -2.043671e+02 1.850000e+01 2.432591e+00
      vertex   -2.047462e+02 2.500000e+01 3.234468e+00
    endloop
  endfacet
  facet normal -9.040604e-01 -1.168036e-16 -4.274048e-01
    outer loop
      vertex   -2.047462e+02 2.500000e+01 3.234468e+00
      vertex   -2.043671e+02 1.850000e+01 2.432591e+00
      vertex   -2.047462e+02 1.850000e+01 3.234468e+00
    endloop
  endfacet
  facet normal -6.303255e-01 -2.121601e-16 -7.763309e-01
    outer loop
      vertex   -2.047462e+02 2.500000e+01 3.234468e+00
      vertex   -2.047462e+02 1.850000e+01 3.234468e+00
      vertex   -2.054348e+02 2.500000e+01 3.793549e+00
    endloop
  endfacet
  facet normal -6.303255e-01 -7.425604e-16 -7.763309e-01
    outer loop
      vertex   -2.054348e+02 2.500000e+01 3.793549e+00
      vertex   -2.047462e+02 1.850000e+01 3.234468e+00
      vertex   -2.054348e+02 1.850000e+01 3.793549e+00
    endloop
  endfacet
  facet normal 0.000000e+00 0.000000e+00 1.000000e+00
    outer loop
      vertex   -2.063198e+02 2.500000e+01 -3.330669e-15
      vertex   -2.267469e+02 2.500000e+01 -3.330669e-15
      vertex   -2.063198e+02 1.850000e+01 -3.330669e-15
    endloop
  endfacet
  facet normal 0.000000e+00 0.000000e+00 1.000000e+00
    outer loop
      vertex   -2.063198e+02 1.850000e+01 -3.330669e-15
      vertex   -2.267469e+02 2.500000e+01 -3.330669e-15
      vertex   -2.267469e+02 1.850000e+01 -3.330669e-15
    endloop
  endfacet
  facet normal 6.303255e-01 1.219921e-15 -7.763309e-01
    outer loop
      vertex   -2.276318e+02 2.500000e+01 3.793549e+00
      vertex   -2.276318e+02 1.850000e+01 3.793549e+00
      vertex   -2.283204e+02 2.500000e+01 3.234468e+00
    endloop
  endfacet
  facet normal 6.303255e-01 3.712802e-16 -7.763309e-01
    outer loop
      vertex   -2.283204e+02 2.500000e+01 3.234468e+00
      vertex   -2.276318e+02 1.850000e+01 3.793549e+00
      vertex   -2.283204e+02 1.850000e+01 3.234468e+00
    endloop
  endfacet
  facet normal 9.040604e-01 2.044063e-16 -4.274048e-01
    outer loop
      vertex   -2.283204e+02 2.500000e+01 3.234468e+00
      vertex   -2.283204e+02 1.850000e+01 3.234468e+00
      vertex   -2.286995e+02 2.500000e+01 2.432591e+00
    endloop
  endfacet
  facet normal 9.040604e-01 2.044063e-16 -4.274048e-01
    outer loop
      vertex   -2.286995e+02 2.500000e+01 2.432591e+00
      vertex   -2.283204e+02 1.850000e+01 3.234468e+00
      vertex   -2.286995e+02 1.850000e+01 2.432591e+00
    endloop
  endfacet
  facet normal 9.999844e-01 -2.670280e-18 5.583441e-03
    outer loop
      vertex   -2.286995e+02 2.500000e+01 2.432591e+00
      vertex   -2.286995e+02 1.850000e+01 2.432591e+00
      vertex   -2.286946e+02 2.500000e+01 1.545632e+00
    endloop
  endfacet
  facet normal 9.999844e-01 -1.907343e-18 5.583441e-03
    outer loop
      vertex   -2.286946e+02 2.500000e+01 1.545632e+00
      vertex   -2.286995e+02 1.850000e+01 2.432591e+00
      vertex   -2.286946e+02 1.850000e+01 1.545632e+00
    endloop
  endfacet
  facet normal 8.992313e-01 -1.494441e-16 4.374735e-01
    outer loop
      vertex   -2.286946e+02 2.500000e+01 1.545632e+00
      vertex   -2.286946e+02 1.850000e+01 1.545632e+00
      vertex   -2.283065e+02 2.500000e+01 7.480378e-01
    endloop
  endfacet
  facet normal 8.992313e-01 -8.966643e-17 4.374735e-01
    outer loop
      vertex   -2.283065e+02 2.500000e+01 7.480378e-01
      vertex   -2.286946e+02 1.850000e+01 1.545632e+00
      vertex   -2.283065e+02 1.850000e+01 7.480378e-01
    endloop
  endfacet
  facet normal 6.216172e-01 -1.605528e-16 7.833212e-01
    outer loop
      vertex   -2.283065e+02 2.500000e+01 7.480378e-01
      vertex   -2.283065e+02 1.850000e+01 7.480378e-01
      vertex   -2.276118e+02 2.500000e+01 1.966802e-01
    endloop
  endfacet
  facet normal 6.216172e-01 -3.344851e-17 7.833212e-01
    outer loop
      vertex   -2.276118e+02 2.500000e+01 1.966802e-01
      vertex   -2.283065e+02 1.850000e+01 7.480378e-01
      vertex   -2.276118e+02 1.850000e+01 1.966802e-01
    endloop
  endfacet
  facet normal 2.217432e-01 -4.163785e-17 9.751051e-01
    outer loop
      vertex   -2.276118e+02 2.500000e+01 1.966802e-01
      vertex   -2.276118e+02 1.850000e+01 1.966802e-01
      vertex   -2.267469e+02 2.500000e+01 -3.330669e-15
    endloop
  endfacet
  facet normal 2.217432e-01 0.000000e+00 9.751051e-01
    outer loop
      vertex   -2.267469e+02 2.500000e+01 -3.330669e-15
      vertex   -2.276118e+02 1.850000e+01 1.966802e-01
      vertex   -2.267469e+02 1.850000e+01 -3.330669e-15
    endloop
  endfacet
  facet normal 4.424875e-01 1.409185e-15 -8.967747e-01
    outer loop
      vertex   -2.276318e+02 2.500000e+01 3.793549e+00
      vertex   -2.174183e+02 2.500000e+01 8.833120e+00
      vertex   -2.276318e+02 1.850000e+01 3.793549e+00
    endloop
  endfacet
  facet normal 4.424875e-01 1.247750e-15 -8.967747e-01
    outer loop
      vertex   -2.276318e+02 1.850000e+01 3.793549e+00
      vertex   -2.174183e+02 2.500000e+01 8.833120e+00
      vertex   -2.174183e+02 1.850000e+01 8.833120e+00
    endloop
  endfacet
  facet normal -3.008467e-01 -5.212501e-16 -9.536725e-01
    outer loop
      vertex   -2.156484e+02 2.500000e+01 8.833120e+00
      vertex   -2.156484e+02 1.850000e+01 8.833120e+00
      vertex   -2.162289e+02 2.500000e+01 9.016271e+00
    endloop
  endfacet
  facet normal -3.008467e-01 -0.000000e+00 -9.536725e-01
    outer loop
      vertex   -2.162289e+02 2.500000e+01 9.016271e+00
      vertex   -2.156484e+02 1.850000e+01 8.833120e+00
      vertex   -2.162289e+02 1.850000e+01 9.016271e+00
    endloop
  endfacet
  facet normal 0.000000e+00 -0.000000e+00 -1.000000e+00
    outer loop
      vertex   -2.162289e+02 2.500000e+01 9.016271e+00
      vertex   -2.162289e+02 1.850000e+01 9.016271e+00
      vertex   -2.168377e+02 1.850000e+01 9.016271e+00
    endloop
  endfacet
  facet normal 3.008467e-01 1.303125e-15 -9.536725e-01
    outer loop
      vertex   -2.174183e+02 1.850000e+01 8.833120e+00
      vertex   -2.174183e+02 2.500000e+01 8.833120e+00
      vertex   -2.168377e+02 1.850000e+01 9.016271e+00
    endloop
  endfacet
  facet normal 3.008467e-01 0.000000e+00 -9.536725e-01
    outer loop
      vertex   -2.168377e+02 1.850000e+01 9.016271e+00
      vertex   -2.174183e+02 2.500000e+01 8.833120e+00
      vertex   -2.168377e+02 2.500000e+01 9.016271e+00
    endloop
  endfacet
  facet normal 0.000000e+00 0.000000e+00 -1.000000e+00
    outer loop
      vertex   -2.168377e+02 1.850000e+01 9.016271e+00
      vertex   -2.168377e+02 2.500000e+01 9.016271e+00
      vertex   -2.162289e+02 2.500000e+01 9.016271e+00
    endloop
  endfacet
  facet normal -4.424875e-01 -8.577648e-16 -8.967747e-01
    outer loop
      vertex   -2.054348e+02 1.850000e+01 3.793549e+00
      vertex   -2.156484e+02 1.850000e+01 8.833120e+00
      vertex   -2.054348e+02 2.500000e+01 3.793549e+00
    endloop
  endfacet
  facet normal -4.424875e-01 -4.799039e-16 -8.967747e-01
    outer loop
      vertex   -2.054348e+02 2.500000e+01 3.793549e+00
      vertex   -2.156484e+02 1.850000e+01 8.833120e+00
      vertex   -2.156484e+02 2.500000e+01 8.833120e+00
    endloop
  endfacet
  facet normal 2.217432e-01 0.000000e+00 -9.751051e-01
    outer loop
      vertex   -2.015568e+02 2.500000e+01 1.150000e+01
      vertex   -2.015568e+02 1.850000e+01 1.150000e+01
      vertex   -2.024217e+02 2.500000e+01 1.130332e+01
    endloop
  endfacet
  facet normal 2.217432e-01 0.000000e+00 -9.751051e-01
    outer loop
      vertex   -2.024217e+02 2.500000e+01 1.130332e+01
      vertex   -2.015568e+02 1.850000e+01 1.150000e+01
      vertex   -2.024217e+02 1.850000e+01 1.130332e+01
    endloop
  endfacet
  facet normal 6.216172e-01 0.000000e+00 -7.833212e-01
    outer loop
      vertex   -2.024217e+02 2.500000e+01 1.130332e+01
      vertex   -2.024217e+02 1.850000e+01 1.130332e+01
      vertex   -2.031164e+02 2.500000e+01 1.075196e+01
    endloop
  endfacet
  facet normal 6.216172e-01 0.000000e+00 -7.833212e-01
    outer loop
      vertex   -2.031164e+02 2.500000e+01 1.075196e+01
      vertex   -2.024217e+02 1.850000e+01 1.130332e+01
      vertex   -2.031164e+02 1.850000e+01 1.075196e+01
    endloop
  endfacet
  facet normal 8.992313e-01 0.000000e+00 -4.374735e-01
    outer loop
      vertex   -2.031164e+02 2.500000e+01 1.075196e+01
      vertex   -2.031164e+02 1.850000e+01 1.075196e+01
      vertex   -2.035045e+02 2.500000e+01 9.954368e+00
    endloop
  endfacet
  facet normal 8.992313e-01 0.000000e+00 -4.374735e-01
    outer loop
      vertex   -2.035045e+02 2.500000e+01 9.954368e+00
      vertex   -2.031164e+02 1.850000e+01 1.075196e+01
      vertex   -2.035045e+02 1.850000e+01 9.954368e+00
    endloop
  endfacet
  facet normal 9.999844e-01 0.000000e+00 -5.583441e-03
    outer loop
      vertex   -2.035045e+02 2.500000e+01 9.954368e+00
      vertex   -2.035045e+02 1.850000e+01 9.954368e+00
      vertex   -2.035094e+02 2.500000e+01 9.067409e+00
    endloop
  endfacet
  facet normal 9.999844e-01 3.051749e-18 -5.583441e-03
    outer loop
      vertex   -2.035094e+02 2.500000e+01 9.067409e+00
      vertex   -2.035045e+02 1.850000e+01 9.954368e+00
      vertex   -2.035094e+02 1.850000e+01 9.067409e+00
    endloop
  endfacet
  facet normal 9.040604e-01 -2.336072e-16 4.274048e-01
    outer loop
      vertex   -2.035094e+02 2.500000e+01 9.067409e+00
      vertex   -2.035094e+02 1.850000e+01 9.067409e+00
      vertex   -2.031303e+02 2.500000e+01 8.265532e+00
    endloop
  endfacet
  facet normal 9.040604e-01 -1.168036e-16 4.274048e-01
    outer loop
      vertex   -2.031303e+02 2.500000e+01 8.265532e+00
      vertex   -2.035094e+02 1.850000e+01 9.067409e+00
      vertex   -2.031303e+02 1.850000e+01 8.265532e+00
    endloop
  endfacet
  facet normal 6.303255e-01 -2.121601e-16 7.763309e-01
    outer loop
      vertex   -2.031303e+02 2.500000e+01 8.265532e+00
      vertex   -2.031303e+02 1.850000e+01 8.265532e+00
      vertex   -2.024417e+02 2.500000e+01 7.706451e+00
    endloop
  endfacet
  facet normal 6.303255e-01 -8.486405e-16 7.763309e-01
    outer loop
      vertex   -2.024417e+02 2.500000e+01 7.706451e+00
      vertex   -2.031303e+02 1.850000e+01 8.265532e+00
      vertex   -2.024417e+02 1.850000e+01 7.706451e+00
    endloop
  endfacet
  facet normal 0.000000e+00 0.000000e+00 -1.000000e+00
    outer loop
      vertex   -2.015568e+02 2.500000e+01 1.150000e+01
      vertex   -1.830131e+02 2.500000e+01 1.150000e+01
      vertex   -2.015568e+02 1.850000e+01 1.150000e+01
    endloop
  endfacet
  facet normal 0.000000e+00 0.000000e+00 -1.000000e+00
    outer loop
      vertex   -2.015568e+02 1.850000e+01 1.150000e+01
      vertex   -1.830131e+02 2.500000e+01 1.150000e+01
      vertex   -1.830131e+02 1.850000e+01 1.150000e+01
    endloop
  endfacet
  facet normal -6.303255e-01 -1.060801e-15 7.763309e-01
    outer loop
      vertex   -1.821282e+02 2.500000e+01 7.706451e+00
      vertex   -1.821282e+02 1.850000e+01 7.706451e+00
      vertex   -1.814396e+02 2.500000e+01 8.265532e+00
    endloop
  endfacet
  facet normal -6.303255e-01 -4.243202e-16 7.763309e-01
    outer loop
      vertex   -1.814396e+02 2.500000e+01 8.265532e+00
      vertex   -1.821282e+02 1.850000e+01 7.706451e+00
      vertex   -1.814396e+02 1.850000e+01 8.265532e+00
    endloop
  endfacet
  facet normal -9.040604e-01 -2.336072e-16 4.274048e-01
    outer loop
      vertex   -1.814396e+02 2.500000e+01 8.265532e+00
      vertex   -1.814396e+02 1.850000e+01 8.265532e+00
      vertex   -1.810605e+02 2.500000e+01 9.067409e+00
    endloop
  endfacet
  facet normal -9.040604e-01 -2.336072e-16 4.274048e-01
    outer loop
      vertex   -1.810605e+02 2.500000e+01 9.067409e+00
      vertex   -1.814396e+02 1.850000e+01 8.265532e+00
      vertex   -1.810605e+02 1.850000e+01 9.067409e+00
    endloop
  endfacet
  facet normal -9.999844e-01 3.051749e-18 -5.583441e-03
    outer loop
      vertex   -1.810605e+02 2.500000e+01 9.067409e+00
      vertex   -1.810605e+02 1.850000e+01 9.067409e+00
      vertex   -1.810654e+02 2.500000e+01 9.954368e+00
    endloop
  endfacet
  facet normal -9.999844e-01 1.525874e-18 -5.583441e-03
    outer loop
      vertex   -1.810654e+02 2.500000e+01 9.954368e+00
      vertex   -1.810605e+02 1.850000e+01 9.067409e+00
      vertex   -1.810654e+02 1.850000e+01 9.954368e+00
    endloop
  endfacet
  facet normal -8.992313e-01 1.195552e-16 -4.374735e-01
    outer loop
      vertex   -1.810654e+02 2.500000e+01 9.954368e+00
      vertex   -1.810654e+02 1.850000e+01 9.954368e+00
      vertex   -1.814535e+02 2.500000e+01 1.075196e+01
    endloop
  endfacet
  facet normal -8.992313e-01 -0.000000e+00 -4.374735e-01
    outer loop
      vertex   -1.814535e+02 2.500000e+01 1.075196e+01
      vertex   -1.810654e+02 1.850000e+01 9.954368e+00
      vertex   -1.814535e+02 1.850000e+01 1.075196e+01
    endloop
  endfacet
  facet normal -6.216172e-01 -0.000000e+00 -7.833212e-01
    outer loop
      vertex   -1.814535e+02 2.500000e+01 1.075196e+01
      vertex   -1.814535e+02 1.850000e+01 1.075196e+01
      vertex   -1.821482e+02 2.500000e+01 1.130332e+01
    endloop
  endfacet
  facet normal -6.216172e-01 -0.000000e+00 -7.833212e-01
    outer loop
      vertex   -1.821482e+02 2.500000e+01 1.130332e+01
      vertex   -1.814535e+02 1.850000e+01 1.075196e+01
      vertex   -1.821482e+02 1.850000e+01 1.130332e+01
    endloop
  endfacet
  facet normal -2.217432e-01 -0.000000e+00 -9.751051e-01
    outer loop
      vertex   -1.821482e+02 2.500000e+01 1.130332e+01
      vertex   -1.821482e+02 1.850000e+01 1.130332e+01
      vertex   -1.830131e+02 2.500000e+01 1.150000e+01
    endloop
  endfacet
  facet normal -2.217432e-01 -0.000000e+00 -9.751051e-01
    outer loop
      vertex   -1.830131e+02 2.500000e+01 1.150000e+01
      vertex   -1.821482e+02 1.850000e+01 1.130332e+01
      vertex   -1.830131e+02 1.850000e+01 1.150000e+01
    endloop
  endfacet
  facet normal -4.424875e-01 -1.225378e-15 8.967747e-01
    outer loop
      vertex   -1.821282e+02 2.500000e+01 7.706451e+00
      vertex   -1.914000e+02 2.500000e+01 3.131542e+00
      vertex   -1.821282e+02 1.850000e+01 7.706451e+00
    endloop
  endfacet
  facet normal -4.424875e-01 -1.268752e-15 8.967747e-01
    outer loop
      vertex   -1.821282e+02 1.850000e+01 7.706451e+00
      vertex   -1.914000e+02 2.500000e+01 3.131542e+00
      vertex   -1.914000e+02 1.850000e+01 3.131542e+00
    endloop
  endfacet
  facet normal 3.008467e-01 -1.042500e-15 9.536725e-01
    outer loop
      vertex   -1.931699e+02 2.500000e+01 3.131542e+00
      vertex   -1.931699e+02 1.850000e+01 3.131542e+00
      vertex   -1.925893e+02 2.500000e+01 2.948391e+00
    endloop
  endfacet
  facet normal 3.008467e-01 0.000000e+00 9.536725e-01
    outer loop
      vertex   -1.925893e+02 2.500000e+01 2.948391e+00
      vertex   -1.931699e+02 1.850000e+01 3.131542e+00
      vertex   -1.925893e+02 1.850000e+01 2.948391e+00
    endloop
  endfacet
  facet normal 0.000000e+00 0.000000e+00 1.000000e+00
    outer loop
      vertex   -1.925893e+02 2.500000e+01 2.948391e+00
      vertex   -1.925893e+02 1.850000e+01 2.948391e+00
      vertex   -1.919806e+02 1.850000e+01 2.948391e+00
    endloop
  endfacet
  facet normal -3.008467e-01 -1.303125e-15 9.536725e-01
    outer loop
      vertex   -1.914000e+02 1.850000e+01 3.131542e+00
      vertex   -1.914000e+02 2.500000e+01 3.131542e+00
      vertex   -1.919806e+02 1.850000e+01 2.948391e+00
    endloop
  endfacet
  facet normal -3.008467e-01 0.000000e+00 9.536725e-01
    outer loop
      vertex   -1.919806e+02 1.850000e+01 2.948391e+00
      vertex   -1.914000e+02 2.500000e+01 3.131542e+00
      vertex   -1.919806e+02 2.500000e+01 2.948391e+00
    endloop
  endfacet
  facet normal 0.000000e+00 -0.000000e+00 1.000000e+00
    outer loop
      vertex   -1.919806e+02 1.850000e+01 2.948391e+00
      vertex   -1.919806e+02 2.500000e+01 2.948391e+00
      vertex   -1.925893e+02 2.500000e+01 2.948391e+00
    endloop
  endfacet
  facet normal 4.424875e-01 -9.803027e-16 8.967747e-01
    outer loop
      vertex   -2.024417e+02 1.850000e+01 7.706451e+00
      vertex   -1.931699e+02 1.850000e+01 3.131542e+00
      vertex   -2.024417e+02 2.500000e+01 7.706451e+00
    endloop
  endfacet
  facet normal 4.424875e-01 -9.515639e-16 8.967747e-01
    outer loop
      vertex   -2.024417e+02 2.500000e+01 7.706451e+00
      vertex   -1.931699e+02 1.850000e+01 3.131542e+00
      vertex   -1.931699e+02 2.500000e+01 3.131542e+00
    endloop
  endfacet
  facet normal -9.794830e-01 -0.000000e+00 -2.015270e-01
    outer loop
      vertex   -1.699200e+02 2.500000e+01 6.052729e+00
      vertex   -1.699200e+02 1.850000e+01 6.052729e+00
      vertex   -1.700825e+02 2.500000e+01 6.842298e+00
    endloop
  endfacet
  facet normal -9.794830e-01 -0.000000e+00 -2.015270e-01
    outer loop
      vertex   -1.700825e+02 2.500000e+01 6.842298e+00
      vertex   -1.699200e+02 1.850000e+01 6.052729e+00
      vertex   -1.700825e+02 1.850000e+01 6.842298e+00
    endloop
  endfacet
  facet normal -8.203634e-01 -0.000000e+00 -5.718425e-01
    outer loop
      vertex   -1.700825e+02 2.500000e+01 6.842298e+00
      vertex   -1.700825e+02 1.850000e+01 6.842298e+00
      vertex   -1.705434e+02 1.850000e+01 7.503599e+00
    endloop
  endfacet
  facet normal -8.203634e-01 0.000000e+00 -5.718425e-01
    outer loop
      vertex   -1.700825e+02 2.500000e+01 6.842298e+00
      vertex   -1.705434e+02 1.850000e+01 7.503599e+00
      vertex   -1.705434e+02 2.500000e+01 7.503599e+00
    endloop
  endfacet
  facet normal -5.279737e-01 -0.000000e+00 -8.492607e-01
    outer loop
      vertex   -1.705434e+02 2.500000e+01 7.503599e+00
      vertex   -1.705434e+02 1.850000e+01 7.503599e+00
      vertex   -1.712280e+02 1.850000e+01 7.929203e+00
    endloop
  endfacet
  facet normal -5.279737e-01 -2.330753e-16 -8.492607e-01
    outer loop
      vertex   -1.705434e+02 2.500000e+01 7.503599e+00
      vertex   -1.712280e+02 1.850000e+01 7.929203e+00
      vertex   -1.712280e+02 2.500000e+01 7.929203e+00
    endloop
  endfacet
  facet normal -1.498133e-01 -2.702014e-16 -9.887143e-01
    outer loop
      vertex   -1.712280e+02 2.500000e+01 7.929203e+00
      vertex   -1.712280e+02 1.850000e+01 7.929203e+00
      vertex   -1.720250e+02 1.850000e+01 8.049969e+00
    endloop
  endfacet
  facet normal -1.498133e-01 0.000000e+00 -9.887143e-01
    outer loop
      vertex   -1.712280e+02 2.500000e+01 7.929203e+00
      vertex   -1.720250e+02 1.850000e+01 8.049969e+00
      vertex   -1.720250e+02 2.500000e+01 8.049969e+00
    endloop
  endfacet
  facet normal 2.526846e-01 0.000000e+00 -9.675487e-01
    outer loop
      vertex   -1.720250e+02 2.500000e+01 8.049969e+00
      vertex   -1.720250e+02 1.850000e+01 8.049969e+00
      vertex   -1.728050e+02 2.500000e+01 7.846278e+00
    endloop
  endfacet
  facet normal 2.526846e-01 1.322086e-15 -9.675487e-01
    outer loop
      vertex   -1.728050e+02 2.500000e+01 7.846278e+00
      vertex   -1.720250e+02 1.850000e+01 8.049969e+00
      vertex   -1.728050e+02 1.850000e+01 7.846278e+00
    endloop
  endfacet
  facet normal -1.000000e+00 -0.000000e+00 -0.000000e+00
    outer loop
      vertex   -1.699200e+02 2.500000e+01 6.052729e+00
      vertex   -1.699200e+02 2.500000e+01 2.000000e+00
      vertex   -1.699200e+02 1.850000e+01 6.052729e+00
    endloop
  endfacet
  facet normal -1.000000e+00 0.000000e+00 0.000000e+00
    outer loop
      vertex   -1.699200e+02 1.850000e+01 6.052729e+00
      vertex   -1.699200e+02 2.500000e+01 2.000000e+00
      vertex   -1.699200e+02 1.850000e+01 2.000000e+00
    endloop
  endfacet
  facet normal 6.303255e-01 1.166881e-15 -7.763309e-01
    outer loop
      vertex   -1.810185e+02 2.500000e+01 3.793549e+00
      vertex   -1.810185e+02 1.850000e+01 3.793549e+00
      vertex   -1.817071e+02 2.500000e+01 3.234468e+00
    endloop
  endfacet
  facet normal 6.303255e-01 2.121601e-16 -7.763309e-01
    outer loop
      vertex   -1.817071e+02 2.500000e+01 3.234468e+00
      vertex   -1.810185e+02 1.850000e+01 3.793549e+00
      vertex   -1.817071e+02 1.850000e+01 3.234468e+00
    endloop
  endfacet
  facet normal 9.040604e-01 1.168036e-16 -4.274048e-01
    outer loop
      vertex   -1.817071e+02 2.500000e+01 3.234468e+00
      vertex   -1.817071e+02 1.850000e+01 3.234468e+00
      vertex   -1.820862e+02 2.500000e+01 2.432591e+00
    endloop
  endfacet
  facet normal 9.040604e-01 1.752054e-16 -4.274048e-01
    outer loop
      vertex   -1.820862e+02 2.500000e+01 2.432591e+00
      vertex   -1.817071e+02 1.850000e+01 3.234468e+00
      vertex   -1.820862e+02 1.850000e+01 2.432591e+00
    endloop
  endfacet
  facet normal 9.999844e-01 -2.288812e-18 5.583441e-03
    outer loop
      vertex   -1.820862e+02 2.500000e+01 2.432591e+00
      vertex   -1.820862e+02 1.850000e+01 2.432591e+00
      vertex   -1.820812e+02 2.500000e+01 1.545632e+00
    endloop
  endfacet
  facet normal 9.999844e-01 -1.716609e-18 5.583441e-03
    outer loop
      vertex   -1.820812e+02 2.500000e+01 1.545632e+00
      vertex   -1.820862e+02 1.850000e+01 2.432591e+00
      vertex   -1.820812e+02 1.850000e+01 1.545632e+00
    endloop
  endfacet
  facet normal 8.992313e-01 -1.344996e-16 4.374735e-01
    outer loop
      vertex   -1.820812e+02 2.500000e+01 1.545632e+00
      vertex   -1.820812e+02 1.850000e+01 1.545632e+00
      vertex   -1.816932e+02 2.500000e+01 7.480378e-01
    endloop
  endfacet
  facet normal 8.992313e-01 -7.472203e-17 4.374735e-01
    outer loop
      vertex   -1.816932e+02 2.500000e+01 7.480378e-01
      vertex   -1.820812e+02 1.850000e+01 1.545632e+00
      vertex   -1.816932e+02 1.850000e+01 7.480378e-01
    endloop
  endfacet
  facet normal 6.216172e-01 -1.337940e-16 7.833212e-01
    outer loop
      vertex   -1.816932e+02 2.500000e+01 7.480378e-01
      vertex   -1.816932e+02 1.850000e+01 7.480378e-01
      vertex   -1.809984e+02 2.500000e+01 1.966802e-01
    endloop
  endfacet
  facet normal 6.216172e-01 -3.344851e-17 7.833212e-01
    outer loop
      vertex   -1.809984e+02 2.500000e+01 1.966802e-01
      vertex   -1.816932e+02 1.850000e+01 7.480378e-01
      vertex   -1.809984e+02 1.850000e+01 1.966802e-01
    endloop
  endfacet
  facet normal 2.217432e-01 -4.163785e-17 9.751051e-01
    outer loop
      vertex   -1.809984e+02 2.500000e+01 1.966802e-01
      vertex   -1.809984e+02 1.850000e+01 1.966802e-01
      vertex   -1.801335e+02 2.500000e+01 -3.330669e-15
    endloop
  endfacet
  facet normal 2.217432e-01 0.000000e+00 9.751051e-01
    outer loop
      vertex   -1.801335e+02 2.500000e+01 -3.330669e-15
      vertex   -1.809984e+02 1.850000e+01 1.966802e-01
      vertex   -1.801335e+02 1.850000e+01 -3.330669e-15
    endloop
  endfacet
  facet normal 4.424875e-01 1.225378e-15 -8.967747e-01
    outer loop
      vertex   -1.728050e+02 1.850000e+01 7.846278e+00
      vertex   -1.810185e+02 1.850000e+01 3.793549e+00
      vertex   -1.728050e+02 2.500000e+01 7.846278e+00
    endloop
  endfacet
  facet normal 4.424875e-01 1.432226e-15 -8.967747e-01
    outer loop
      vertex   -1.728050e+02 2.500000e+01 7.846278e+00
      vertex   -1.810185e+02 1.850000e+01 3.793549e+00
      vertex   -1.810185e+02 2.500000e+01 3.793549e+00
    endloop
  endfacet
  facet normal -1.950903e-01 0.000000e+00 9.807853e-01
    outer loop
      vertex   -1.719200e+02 2.500000e+01 -3.330669e-15
      vertex   -1.719200e+02 1.850000e+01 -3.330669e-15
      vertex   -1.711546e+02 2.500000e+01 1.522409e-01
    endloop
  endfacet
  facet normal -1.950903e-01 0.000000e+00 9.807853e-01
    outer loop
      vertex   -1.711546e+02 2.500000e+01 1.522409e-01
      vertex   -1.719200e+02 1.850000e+01 -3.330669e-15
      vertex   -1.711546e+02 1.850000e+01 1.522409e-01
    endloop
  endfacet
  facet normal -5.555702e-01 0.000000e+00 8.314696e-01
    outer loop
      vertex   -1.711546e+02 2.500000e+01 1.522409e-01
      vertex   -1.711546e+02 1.850000e+01 1.522409e-01
      vertex   -1.705058e+02 1.850000e+01 5.857864e-01
    endloop
  endfacet
  facet normal -5.555702e-01 0.000000e+00 8.314696e-01
    outer loop
      vertex   -1.711546e+02 2.500000e+01 1.522409e-01
      vertex   -1.705058e+02 1.850000e+01 5.857864e-01
      vertex   -1.705058e+02 2.500000e+01 5.857864e-01
    endloop
  endfacet
  facet normal -8.314696e-01 0.000000e+00 5.555702e-01
    outer loop
      vertex   -1.705058e+02 2.500000e+01 5.857864e-01
      vertex   -1.705058e+02 1.850000e+01 5.857864e-01
      vertex   -1.700722e+02 1.850000e+01 1.234633e+00
    endloop
  endfacet
  facet normal -8.314696e-01 0.000000e+00 5.555702e-01
    outer loop
      vertex   -1.705058e+02 2.500000e+01 5.857864e-01
      vertex   -1.700722e+02 1.850000e+01 1.234633e+00
      vertex   -1.700722e+02 2.500000e+01 1.234633e+00
    endloop
  endfacet
  facet normal -9.807853e-01 0.000000e+00 1.950903e-01
    outer loop
      vertex   -1.700722e+02 2.500000e+01 1.234633e+00
      vertex   -1.700722e+02 1.850000e+01 1.234633e+00
      vertex   -1.699200e+02 2.500000e+01 2.000000e+00
    endloop
  endfacet
  facet normal -9.807853e-01 0.000000e+00 1.950903e-01
    outer loop
      vertex   -1.699200e+02 2.500000e+01 2.000000e+00
      vertex   -1.700722e+02 1.850000e+01 1.234633e+00
      vertex   -1.699200e+02 1.850000e+01 2.000000e+00
    endloop
  endfacet
  facet normal 0.000000e+00 0.000000e+00 1.000000e+00
    outer loop
      vertex   -1.801335e+02 1.850000e+01 -3.330669e-15
      vertex   -1.719200e+02 1.850000e+01 -3.330669e-15
      vertex   -1.801335e+02 2.500000e+01 -3.330669e-15
    endloop
  endfacet
  facet normal -0.000000e+00 0.000000e+00 1.000000e+00
    outer loop
      vertex   -1.801335e+02 2.500000e+01 -3.330669e-15
      vertex   -1.719200e+02 1.850000e+01 -3.330669e-15
      vertex   -1.719200e+02 2.500000e+01 -3.330669e-15
    endloop
  endfacet
  facet normal 7.685072e-16 1.950903e-01 -9.807853e-01
    outer loop
      vertex   -2.508400e+02 3.200000e+01 -4.000000e+00
      vertex   -2.728400e+02 3.200000e+01 -4.000000e+00
      vertex   -2.516054e+02 3.276537e+01 -3.847759e+00
    endloop
  endfacet
  facet normal -1.268149e-16 1.950903e-01 -9.807853e-01
    outer loop
      vertex   -2.516054e+02 3.276537e+01 -3.847759e+00
      vertex   -2.728400e+02 3.200000e+01 -4.000000e+00
      vertex   -2.728400e+02 3.276537e+01 -3.847759e+00
    endloop
  endfacet
  facet normal -2.380688e-16 5.555702e-01 -8.314696e-01
    outer loop
      vertex   -2.516054e+02 3.276537e+01 -3.847759e+00
      vertex   -2.728400e+02 3.276537e+01 -3.847759e+00
      vertex   -2.522542e+02 3.341421e+01 -3.414214e+00
    endloop
  endfacet
  facet normal -1.793697e-17 5.555702e-01 -8.314696e-01
    outer loop
      vertex   -2.522542e+02 3.341421e+01 -3.414214e+00
      vertex   -2.728400e+02 3.276537e+01 -3.847759e+00
      vertex   -2.728400e+02 3.341421e+01 -3.414214e+00
    endloop
  endfacet
  facet normal -1.198510e-17 8.314696e-01 -5.555702e-01
    outer loop
      vertex   -2.522542e+02 3.341421e+01 -3.414214e+00
      vertex   -2.728400e+02 3.341421e+01 -3.414214e+00
      vertex   -2.526878e+02 3.384776e+01 -2.765367e+00
    endloop
  endfacet
  facet normal -5.985745e-16 8.314696e-01 -5.555702e-01
    outer loop
      vertex   -2.526878e+02 3.384776e+01 -2.765367e+00
      vertex   -2.728400e+02 3.341421e+01 -3.414214e+00
      vertex   -2.728400e+02 3.384776e+01 -2.765367e+00
    endloop
  endfacet
  facet normal -6.812072e-16 9.569403e-01 -2.902847e-01
    outer loop
      vertex   -2.526878e+02 3.384776e+01 -2.765367e+00
      vertex   -2.728400e+02 3.384776e+01 -2.765367e+00
      vertex   -2.528016e+02 3.396157e+01 -2.390181e+00
    endloop
  endfacet
  facet normal -1.917783e-03 9.807835e-01 -1.950900e-01
    outer loop
      vertex   -2.528016e+02 3.396157e+01 -2.390181e+00
      vertex   -2.728400e+02 3.384776e+01 -2.765367e+00
      vertex   -2.728400e+02 3.400000e+01 -2.000000e+00
    endloop
  endfacet
  facet normal -7.070417e-16 9.951847e-01 -9.801714e-02
    outer loop
      vertex   -2.528016e+02 3.396157e+01 -2.390181e+00
      vertex   -2.728400e+02 3.400000e+01 -2.000000e+00
      vertex   -2.528400e+02 3.400000e+01 -2.000000e+00
    endloop
  endfacet
  facet normal -7.105427e-16 1.000000e+00 0.000000e+00
    outer loop
      vertex   -2.528400e+02 3.400000e+01 -2.000000e+00
      vertex   -2.728400e+02 3.400000e+01 -2.000000e+00
      vertex   -2.528400e+02 3.400000e+01 1.350000e+01
    endloop
  endfacet
  facet normal -7.105427e-16 1.000000e+00 0.000000e+00
    outer loop
      vertex   -2.528400e+02 3.400000e+01 1.350000e+01
      vertex   -2.728400e+02 3.400000e+01 -2.000000e+00
      vertex   -2.728400e+02 3.400000e+01 1.350000e+01
    endloop
  endfacet
  facet normal 7.071068e-01 7.071068e-01 1.779585e-15
    outer loop
      vertex   -2.441092e+02 2.526917e+01 1.220233e+01
      vertex   -2.439169e+02 2.507686e+01 1.871964e+01
      vertex   -2.440400e+02 2.520000e+01 1.150000e+01
    endloop
  endfacet
  facet normal 7.071068e-01 7.071068e-01 8.592883e-15
    outer loop
      vertex   -2.440400e+02 2.520000e+01 1.150000e+01
      vertex   -2.439169e+02 2.507686e+01 1.871964e+01
      vertex   -2.438400e+02 2.500000e+01 1.950000e+01
    endloop
  endfacet
  facet normal 7.071068e-01 7.071068e-01 0.000000e+00
    outer loop
      vertex   -2.440400e+02 2.520000e+01 1.150000e+01
      vertex   -2.438400e+02 2.500000e+01 1.950000e+01
      vertex   -2.438400e+02 2.500000e+01 -4.000000e+00
    endloop
  endfacet
  facet normal 7.071068e-01 7.071068e-01 3.286455e-15
    outer loop
      vertex   -2.439169e+02 2.507686e+01 1.871964e+01
      vertex   -2.441092e+02 2.526917e+01 1.220233e+01
      vertex   -2.441445e+02 2.530448e+01 1.796927e+01
    endloop
  endfacet
  facet normal 7.071068e-01 7.071068e-01 3.709869e-15
    outer loop
      vertex   -2.441445e+02 2.530448e+01 1.796927e+01
      vertex   -2.441092e+02 2.526917e+01 1.220233e+01
      vertex   -2.443140e+02 2.547403e+01 1.287766e+01
    endloop
  endfacet
  facet normal 7.071068e-01 7.071068e-01 2.363182e-15
    outer loop
      vertex   -2.441445e+02 2.530448e+01 1.796927e+01
      vertex   -2.443140e+02 2.547403e+01 1.287766e+01
      vertex   -2.445141e+02 2.567412e+01 1.727772e+01
    endloop
  endfacet
  facet normal 7.071068e-01 7.071068e-01 -8.719418e-16
    outer loop
      vertex   -2.445141e+02 2.567412e+01 1.727772e+01
      vertex   -2.443140e+02 2.547403e+01 1.287766e+01
      vertex   -2.446467e+02 2.580671e+01 1.350005e+01
    endloop
  endfacet
  facet normal 7.071068e-01 7.071068e-01 4.200530e-16
    outer loop
      vertex   -2.445141e+02 2.567412e+01 1.727772e+01
      vertex   -2.446467e+02 2.580671e+01 1.350005e+01
      vertex   -2.450116e+02 2.617157e+01 1.667157e+01
    endloop
  endfacet
  facet normal 7.071068e-01 7.071068e-01 5.357200e-15
    outer loop
      vertex   -2.450116e+02 2.617157e+01 1.667157e+01
      vertex   -2.446467e+02 2.580671e+01 1.350005e+01
      vertex   -2.450944e+02 2.625442e+01 1.404558e+01
    endloop
  endfacet
  facet normal 7.071068e-01 7.071068e-01 4.952352e-15
    outer loop
      vertex   -2.450116e+02 2.617157e+01 1.667157e+01
      vertex   -2.450944e+02 2.625442e+01 1.404558e+01
      vertex   -2.456177e+02 2.677772e+01 1.617412e+01
    endloop
  endfacet
  facet normal 7.071068e-01 7.071068e-01 -1.424350e-14
    outer loop
      vertex   -2.456177e+02 2.677772e+01 1.617412e+01
      vertex   -2.450944e+02 2.625442e+01 1.404558e+01
      vertex   -2.456399e+02 2.679995e+01 1.449329e+01
    endloop
  endfacet
  facet normal 7.071068e-01 7.071068e-01 -1.515812e-14
    outer loop
      vertex   -2.456177e+02 2.677772e+01 1.617412e+01
      vertex   -2.456399e+02 2.679995e+01 1.449329e+01
      vertex   -2.462623e+02 2.742234e+01 1.482597e+01
    endloop
  endfacet
  facet normal 7.071068e-01 7.071068e-01 6.334342e-15
    outer loop
      vertex   -2.456177e+02 2.677772e+01 1.617412e+01
      vertex   -2.462623e+02 2.742234e+01 1.482597e+01
      vertex   -2.463093e+02 2.746927e+01 1.580448e+01
    endloop
  endfacet
  facet normal 7.071068e-01 7.071068e-01 7.997836e-15
    outer loop
      vertex   -2.463093e+02 2.746927e+01 1.580448e+01
      vertex   -2.462623e+02 2.742234e+01 1.482597e+01
      vertex   -2.469377e+02 2.809767e+01 1.503083e+01
    endloop
  endfacet
  facet normal 7.071068e-01 7.071068e-01 2.808293e-14
    outer loop
      vertex   -2.463093e+02 2.746927e+01 1.580448e+01
      vertex   -2.469377e+02 2.809767e+01 1.503083e+01
      vertex   -2.470596e+02 2.821964e+01 1.557686e+01
    endloop
  endfacet
  facet normal 7.071068e-01 7.071068e-01 3.212982e-14
    outer loop
      vertex   -2.470596e+02 2.821964e+01 1.557686e+01
      vertex   -2.469377e+02 2.809767e+01 1.503083e+01
      vertex   -2.476400e+02 2.880000e+01 1.510000e+01
    endloop
  endfacet
  facet normal 7.071068e-01 7.071068e-01 -3.080105e-14
    outer loop
      vertex   -2.470596e+02 2.821964e+01 1.557686e+01
      vertex   -2.476400e+02 2.880000e+01 1.510000e+01
      vertex   -2.478400e+02 2.900000e+01 1.550000e+01
    endloop
  endfacet
  facet normal 7.071068e-01 7.071068e-01 -5.556306e-14
    outer loop
      vertex   -2.478400e+02 2.900000e+01 1.550000e+01
      vertex   -2.476400e+02 2.880000e+01 1.510000e+01
      vertex   -2.483423e+02 2.950233e+01 1.503083e+01
    endloop
  endfacet
  facet normal 7.071068e-01 7.071068e-01 -1.262283e-13
    outer loop
      vertex   -2.478400e+02 2.900000e+01 1.550000e+01
      vertex   -2.483423e+02 2.950233e+01 1.503083e+01
      vertex   -2.490177e+02 3.017766e+01 1.482597e+01
    endloop
  endfacet
  facet normal 7.071068e-01 7.071068e-01 -1.708225e-15
    outer loop
      vertex   -2.478400e+02 2.900000e+01 1.550000e+01
      vertex   -2.490177e+02 3.017766e+01 1.482597e+01
      vertex   -2.508400e+02 3.200000e+01 1.550000e+01
    endloop
  endfacet
  facet normal 7.071068e-01 7.071068e-01 3.061320e-15
    outer loop
      vertex   -2.508400e+02 3.200000e+01 1.550000e+01
      vertex   -2.490177e+02 3.017766e+01 1.482597e+01
      vertex   -2.496401e+02 3.080005e+01 1.449329e+01
    endloop
  endfacet
  facet normal 7.071068e-01 7.071068e-01 -2.247293e-14
    outer loop
      vertex   -2.508400e+02 3.200000e+01 1.550000e+01
      vertex   -2.496401e+02 3.080005e+01 1.449329e+01
      vertex   -2.501856e+02 3.134558e+01 1.404558e+01
    endloop
  endfacet
  facet normal 7.071068e-01 7.071068e-01 -9.422219e-15
    outer loop
      vertex   -2.501856e+02 3.134558e+01 1.404558e+01
      vertex   -2.506333e+02 3.179329e+01 1.350005e+01
      vertex   -2.508400e+02 3.200000e+01 1.550000e+01
    endloop
  endfacet
  facet normal 7.071068e-01 7.071068e-01 -7.112733e-15
    outer loop
      vertex   -2.508400e+02 3.200000e+01 1.550000e+01
      vertex   -2.506333e+02 3.179329e+01 1.350005e+01
      vertex   -2.509660e+02 3.212597e+01 1.287766e+01
    endloop
  endfacet
  facet normal 7.071068e-01 7.071068e-01 -6.121219e-15
    outer loop
      vertex   -2.508400e+02 3.200000e+01 1.550000e+01
      vertex   -2.509660e+02 3.212597e+01 1.287766e+01
      vertex   -2.516054e+02 3.276537e+01 1.534776e+01
    endloop
  endfacet
  facet normal 7.071068e-01 7.071068e-01 -9.626452e-16
    outer loop
      vertex   -2.516054e+02 3.276537e+01 1.534776e+01
      vertex   -2.509660e+02 3.212597e+01 1.287766e+01
      vertex   -2.511708e+02 3.233083e+01 1.220233e+01
    endloop
  endfacet
  facet normal 7.071068e-01 7.071068e-01 -7.324713e-15
    outer loop
      vertex   -2.516054e+02 3.276537e+01 1.534776e+01
      vertex   -2.511708e+02 3.233083e+01 1.220233e+01
      vertex   -2.522542e+02 3.341421e+01 1.491421e+01
    endloop
  endfacet
  facet normal 7.071068e-01 7.071068e-01 1.159593e-14
    outer loop
      vertex   -2.522542e+02 3.341421e+01 1.491421e+01
      vertex   -2.511708e+02 3.233083e+01 1.220233e+01
      vertex   -2.526878e+02 3.384776e+01 1.426537e+01
    endloop
  endfacet
  facet normal 7.071068e-01 7.071068e-01 -1.241363e-14
    outer loop
      vertex   -2.526878e+02 3.384776e+01 1.426537e+01
      vertex   -2.511708e+02 3.233083e+01 1.220233e+01
      vertex   -2.528400e+02 3.400000e+01 1.350000e+01
    endloop
  endfacet
  facet normal 7.071068e-01 7.071068e-01 8.941403e-14
    outer loop
      vertex   -2.526878e+02 3.384776e+01 1.426537e+01
      vertex   -2.528400e+02 3.400000e+01 1.350000e+01
      vertex   -2.528016e+02 3.396157e+01 1.389018e+01
    endloop
  endfacet
  facet normal 7.071068e-01 7.071068e-01 -5.520539e-16
    outer loop
      vertex   -2.511708e+02 3.233083e+01 1.220233e+01
      vertex   -2.512400e+02 3.240000e+01 1.150000e+01
      vertex   -2.528400e+02 3.400000e+01 1.350000e+01
    endloop
  endfacet
  facet normal 7.071068e-01 7.071068e-01 6.373588e-16
    outer loop
      vertex   -2.528400e+02 3.400000e+01 1.350000e+01
      vertex   -2.512400e+02 3.240000e+01 1.150000e+01
      vertex   -2.511708e+02 3.233083e+01 1.079767e+01
    endloop
  endfacet
  facet normal 7.071068e-01 7.071068e-01 0.000000e+00
    outer loop
      vertex   -2.528400e+02 3.400000e+01 1.350000e+01
      vertex   -2.511708e+02 3.233083e+01 1.079767e+01
      vertex   -2.511708e+02 3.233083e+01 7.023252e-01
    endloop
  endfacet
  facet normal 7.071068e-01 7.071068e-01 -0.000000e+00
    outer loop
      vertex   -2.511708e+02 3.233083e+01 7.023252e-01
      vertex   -2.511708e+02 3.233083e+01 1.079767e+01
      vertex   -2.509660e+02 3.212597e+01 1.377660e+00
    endloop
  endfacet
  facet normal 7.071068e-01 7.071068e-01 -0.000000e+00
    outer loop
      vertex   -2.509660e+02 3.212597e+01 1.377660e+00
      vertex   -2.511708e+02 3.233083e+01 1.079767e+01
      vertex   -2.509660e+02 3.212597e+01 1.012234e+01
    endloop
  endfacet
  facet normal 7.071068e-01 7.071068e-01 -0.000000e+00
    outer loop
      vertex   -2.509660e+02 3.212597e+01 1.377660e+00
      vertex   -2.509660e+02 3.212597e+01 1.012234e+01
      vertex   -2.506333e+02 3.179329e+01 2.000053e+00
    endloop
  endfacet
  facet normal 7.071068e-01 7.071068e-01 -0.000000e+00
    outer loop
      vertex   -2.506333e+02 3.179329e+01 2.000053e+00
      vertex   -2.509660e+02 3.212597e+01 1.012234e+01
      vertex   -2.506333e+02 3.179329e+01 9.499947e+00
    endloop
  endfacet
  facet normal 7.071068e-01 7.071068e-01 -0.000000e+00
    outer loop
      vertex   -2.506333e+02 3.179329e+01 2.000053e+00
      vertex   -2.506333e+02 3.179329e+01 9.499947e+00
      vertex   -2.501856e+02 3.134558e+01 2.545584e+00
    endloop
  endfacet
  facet normal 7.071068e-01 7.071068e-01 -0.000000e+00
    outer loop
      vertex   -2.501856e+02 3.134558e+01 2.545584e+00
      vertex   -2.506333e+02 3.179329e+01 9.499947e+00
      vertex   -2.501856e+02 3.134558e+01 8.954416e+00
    endloop
  endfacet
  facet normal 7.071068e-01 7.071068e-01 -0.000000e+00
    outer loop
      vertex   -2.501856e+02 3.134558e+01 2.545584e+00
      vertex   -2.501856e+02 3.134558e+01 8.954416e+00
      vertex   -2.496401e+02 3.080005e+01 2.993291e+00
    endloop
  endfacet
  facet normal 7.071068e-01 7.071068e-01 -0.000000e+00
    outer loop
      vertex   -2.496401e+02 3.080005e+01 2.993291e+00
      vertex   -2.501856e+02 3.134558e+01 8.954416e+00
      vertex   -2.496401e+02 3.080005e+01 8.506709e+00
    endloop
  endfacet
  facet normal 7.071068e-01 7.071068e-01 -0.000000e+00
    outer loop
      vertex   -2.496401e+02 3.080005e+01 2.993291e+00
      vertex   -2.496401e+02 3.080005e+01 8.506709e+00
      vertex   -2.490177e+02 3.017766e+01 3.325966e+00
    endloop
  endfacet
  facet normal 7.071068e-01 7.071068e-01 -0.000000e+00
    outer loop
      vertex   -2.490177e+02 3.017766e+01 3.325966e+00
      vertex   -2.496401e+02 3.080005e+01 8.506709e+00
      vertex   -2.490177e+02 3.017766e+01 8.174034e+00
    endloop
  endfacet
  facet normal 7.071068e-01 7.071068e-01 -0.000000e+00
    outer loop
      vertex   -2.490177e+02 3.017766e+01 3.325966e+00
      vertex   -2.490177e+02 3.017766e+01 8.174034e+00
      vertex   -2.483423e+02 2.950233e+01 3.530827e+00
    endloop
  endfacet
  facet normal 7.071068e-01 7.071068e-01 -0.000000e+00
    outer loop
      vertex   -2.483423e+02 2.950233e+01 3.530827e+00
      vertex   -2.490177e+02 3.017766e+01 8.174034e+00
      vertex   -2.483423e+02 2.950233e+01 7.969173e+00
    endloop
  endfacet
  facet normal 7.071068e-01 7.071068e-01 -0.000000e+00
    outer loop
      vertex   -2.483423e+02 2.950233e+01 3.530827e+00
      vertex   -2.483423e+02 2.950233e+01 7.969173e+00
      vertex   -2.476400e+02 2.880000e+01 3.600000e+00
    endloop
  endfacet
  facet normal 7.071068e-01 7.071068e-01 -0.000000e+00
    outer loop
      vertex   -2.476400e+02 2.880000e+01 3.600000e+00
      vertex   -2.483423e+02 2.950233e+01 7.969173e+00
      vertex   -2.476400e+02 2.880000e+01 7.900000e+00
    endloop
  endfacet
  facet normal 7.071068e-01 7.071068e-01 -0.000000e+00
    outer loop
      vertex   -2.476400e+02 2.880000e+01 3.600000e+00
      vertex   -2.476400e+02 2.880000e+01 7.900000e+00
      vertex   -2.469377e+02 2.809767e+01 3.530827e+00
    endloop
  endfacet
  facet normal 7.071068e-01 7.071068e-01 -0.000000e+00
    outer loop
      vertex   -2.469377e+02 2.809767e+01 3.530827e+00
      vertex   -2.476400e+02 2.880000e+01 7.900000e+00
      vertex   -2.469377e+02 2.809767e+01 7.969173e+00
    endloop
  endfacet
  facet normal 7.071068e-01 7.071068e-01 -0.000000e+00
    outer loop
      vertex   -2.469377e+02 2.809767e+01 3.530827e+00
      vertex   -2.469377e+02 2.809767e+01 7.969173e+00
      vertex   -2.462623e+02 2.742234e+01 3.325966e+00
    endloop
  endfacet
  facet normal 7.071068e-01 7.071068e-01 -0.000000e+00
    outer loop
      vertex   -2.462623e+02 2.742234e+01 3.325966e+00
      vertex   -2.469377e+02 2.809767e+01 7.969173e+00
      vertex   -2.462623e+02 2.742234e+01 8.174034e+00
    endloop
  endfacet
  facet normal 7.071068e-01 7.071068e-01 -0.000000e+00
    outer loop
      vertex   -2.462623e+02 2.742234e+01 3.325966e+00
      vertex   -2.462623e+02 2.742234e+01 8.174034e+00
      vertex   -2.456399e+02 2.679995e+01 2.993291e+00
    endloop
  endfacet
  facet normal 7.071068e-01 7.071068e-01 -0.000000e+00
    outer loop
      vertex   -2.456399e+02 2.679995e+01 2.993291e+00
      vertex   -2.462623e+02 2.742234e+01 8.174034e+00
      vertex   -2.456399e+02 2.679995e+01 8.506709e+00
    endloop
  endfacet
  facet normal 7.071068e-01 7.071068e-01 -0.000000e+00
    outer loop
      vertex   -2.456399e+02 2.679995e+01 2.993291e+00
      vertex   -2.456399e+02 2.679995e+01 8.506709e+00
      vertex   -2.450944e+02 2.625442e+01 2.545584e+00
    endloop
  endfacet
  facet normal 7.071068e-01 7.071068e-01 -0.000000e+00
    outer loop
      vertex   -2.450944e+02 2.625442e+01 2.545584e+00
      vertex   -2.456399e+02 2.679995e+01 8.506709e+00
      vertex   -2.450944e+02 2.625442e+01 8.954416e+00
    endloop
  endfacet
  facet normal 7.071068e-01 7.071068e-01 -0.000000e+00
    outer loop
      vertex   -2.450944e+02 2.625442e+01 2.545584e+00
      vertex   -2.450944e+02 2.625442e+01 8.954416e+00
      vertex   -2.446467e+02 2.580671e+01 2.000053e+00
    endloop
  endfacet
  facet normal 7.071068e-01 7.071068e-01 -0.000000e+00
    outer loop
      vertex   -2.446467e+02 2.580671e+01 2.000053e+00
      vertex   -2.450944e+02 2.625442e+01 8.954416e+00
      vertex   -2.446467e+02 2.580671e+01 9.499947e+00
    endloop
  endfacet
  facet normal 7.071068e-01 7.071068e-01 -0.000000e+00
    outer loop
      vertex   -2.446467e+02 2.580671e+01 2.000053e+00
      vertex   -2.446467e+02 2.580671e+01 9.499947e+00
      vertex   -2.443140e+02 2.547403e+01 1.377660e+00
    endloop
  endfacet
  facet normal 7.071068e-01 7.071068e-01 -0.000000e+00
    outer loop
      vertex   -2.443140e+02 2.547403e+01 1.377660e+00
      vertex   -2.446467e+02 2.580671e+01 9.499947e+00
      vertex   -2.443140e+02 2.547403e+01 1.012234e+01
    endloop
  endfacet
  facet normal 7.071068e-01 7.071068e-01 -0.000000e+00
    outer loop
      vertex   -2.443140e+02 2.547403e+01 1.377660e+00
      vertex   -2.443140e+02 2.547403e+01 1.012234e+01
      vertex   -2.441092e+02 2.526917e+01 7.023252e-01
    endloop
  endfacet
  facet normal 7.071068e-01 7.071068e-01 -0.000000e+00
    outer loop
      vertex   -2.441092e+02 2.526917e+01 7.023252e-01
      vertex   -2.443140e+02 2.547403e+01 1.012234e+01
      vertex   -2.441092e+02 2.526917e+01 1.079767e+01
    endloop
  endfacet
  facet normal 7.071068e-01 7.071068e-01 -0.000000e+00
    outer loop
      vertex   -2.441092e+02 2.526917e+01 7.023252e-01
      vertex   -2.441092e+02 2.526917e+01 1.079767e+01
      vertex   -2.440400e+02 2.520000e+01 -9.322657e-15
    endloop
  endfacet
  facet normal 7.071068e-01 7.071068e-01 -0.000000e+00
    outer loop
      vertex   -2.440400e+02 2.520000e+01 -9.322657e-15
      vertex   -2.441092e+02 2.526917e+01 1.079767e+01
      vertex   -2.440400e+02 2.520000e+01 1.150000e+01
    endloop
  endfacet
  facet normal 7.071068e-01 7.071068e-01 -0.000000e+00
    outer loop
      vertex   -2.440400e+02 2.520000e+01 -9.322657e-15
      vertex   -2.440400e+02 2.520000e+01 1.150000e+01
      vertex   -2.438400e+02 2.500000e+01 -4.000000e+00
    endloop
  endfacet
  facet normal 7.071068e-01 7.071068e-01 0.000000e+00
    outer loop
      vertex   -2.528400e+02 3.400000e+01 1.350000e+01
      vertex   -2.511708e+02 3.233083e+01 7.023252e-01
      vertex   -2.528400e+02 3.400000e+01 -2.000000e+00
    endloop
  endfacet
  facet normal 7.071068e-01 7.071068e-01 -6.373588e-16
    outer loop
      vertex   -2.528400e+02 3.400000e+01 -2.000000e+00
      vertex   -2.511708e+02 3.233083e+01 7.023252e-01
      vertex   -2.512400e+02 3.240000e+01 -8.881784e-15
    endloop
  endfacet
  facet normal 7.071068e-01 7.071068e-01 4.976260e-16
    outer loop
      vertex   -2.528400e+02 3.400000e+01 -2.000000e+00
      vertex   -2.512400e+02 3.240000e+01 -8.881784e-15
      vertex   -2.511708e+02 3.233083e+01 -7.023252e-01
    endloop
  endfacet
  facet normal 7.071068e-01 7.071068e-01 9.626452e-16
    outer loop
      vertex   -2.509660e+02 3.212597e+01 -1.377660e+00
      vertex   -2.516054e+02 3.276537e+01 -3.847759e+00
      vertex   -2.511708e+02 3.233083e+01 -7.023252e-01
    endloop
  endfacet
  facet normal 7.071068e-01 7.071068e-01 8.310732e-15
    outer loop
      vertex   -2.511708e+02 3.233083e+01 -7.023252e-01
      vertex   -2.516054e+02 3.276537e+01 -3.847759e+00
      vertex   -2.522542e+02 3.341421e+01 -3.414214e+00
    endloop
  endfacet
  facet normal 7.071068e-01 7.071068e-01 -1.562839e-14
    outer loop
      vertex   -2.511708e+02 3.233083e+01 -7.023252e-01
      vertex   -2.522542e+02 3.341421e+01 -3.414214e+00
      vertex   -2.526878e+02 3.384776e+01 -2.765367e+00
    endloop
  endfacet
  facet normal 7.071068e-01 7.071068e-01 4.502058e-15
    outer loop
      vertex   -2.516054e+02 3.276537e+01 -3.847759e+00
      vertex   -2.509660e+02 3.212597e+01 -1.377660e+00
      vertex   -2.508400e+02 3.200000e+01 -4.000000e+00
    endloop
  endfacet
  facet normal 7.071068e-01 7.071068e-01 5.005486e-15
    outer loop
      vertex   -2.508400e+02 3.200000e+01 -4.000000e+00
      vertex   -2.509660e+02 3.212597e+01 -1.377660e+00
      vertex   -2.506333e+02 3.179329e+01 -2.000053e+00
    endloop
  endfacet
  facet normal 7.071068e-01 7.071068e-01 7.202936e-15
    outer loop
      vertex   -2.508400e+02 3.200000e+01 -4.000000e+00
      vertex   -2.506333e+02 3.179329e+01 -2.000053e+00
      vertex   -2.501856e+02 3.134558e+01 -2.545584e+00
    endloop
  endfacet
  facet normal 7.071068e-01 7.071068e-01 1.990769e-14
    outer loop
      vertex   -2.501856e+02 3.134558e+01 -2.545584e+00
      vertex   -2.496401e+02 3.080005e+01 -2.993291e+00
      vertex   -2.508400e+02 3.200000e+01 -4.000000e+00
    endloop
  endfacet
  facet normal 7.071068e-01 7.071068e-01 -6.122641e-15
    outer loop
      vertex   -2.508400e+02 3.200000e+01 -4.000000e+00
      vertex   -2.496401e+02 3.080005e+01 -2.993291e+00
      vertex   -2.490177e+02 3.017766e+01 -3.325966e+00
    endloop
  endfacet
  facet normal 7.071068e-01 7.071068e-01 -5.230329e-14
    outer loop
      vertex   -2.508400e+02 3.200000e+01 -4.000000e+00
      vertex   -2.490177e+02 3.017766e+01 -3.325966e+00
      vertex   -2.483423e+02 2.950233e+01 -3.530827e+00
    endloop
  endfacet
  facet normal 7.071068e-01 7.071068e-01 2.657022e-14
    outer loop
      vertex   -2.483423e+02 2.950233e+01 -3.530827e+00
      vertex   -2.476400e+02 2.880000e+01 -3.600000e+00
      vertex   -2.508400e+02 3.200000e+01 -4.000000e+00
    endloop
  endfacet
  facet normal 7.071068e-01 7.071068e-01 1.614952e-14
    outer loop
      vertex   -2.508400e+02 3.200000e+01 -4.000000e+00
      vertex   -2.476400e+02 2.880000e+01 -3.600000e+00
      vertex   -2.438400e+02 2.500000e+01 -4.000000e+00
    endloop
  endfacet
  facet normal 7.071068e-01 7.071068e-01 -1.154931e-14
    outer loop
      vertex   -2.438400e+02 2.500000e+01 -4.000000e+00
      vertex   -2.476400e+02 2.880000e+01 -3.600000e+00
      vertex   -2.469377e+02 2.809767e+01 -3.530827e+00
    endloop
  endfacet
  facet normal 7.071068e-01 7.071068e-01 9.901356e-15
    outer loop
      vertex   -2.438400e+02 2.500000e+01 -4.000000e+00
      vertex   -2.469377e+02 2.809767e+01 -3.530827e+00
      vertex   -2.462623e+02 2.742234e+01 -3.325966e+00
    endloop
  endfacet
  facet normal 7.071068e-01 7.071068e-01 3.241750e-14
    outer loop
      vertex   -2.462623e+02 2.742234e+01 -3.325966e+00
      vertex   -2.456399e+02 2.679995e+01 -2.993291e+00
      vertex   -2.438400e+02 2.500000e+01 -4.000000e+00
    endloop
  endfacet
  facet normal 7.071068e-01 7.071068e-01 -2.178368e-14
    outer loop
      vertex   -2.438400e+02 2.500000e+01 -4.000000e+00
      vertex   -2.456399e+02 2.679995e+01 -2.993291e+00
      vertex   -2.450944e+02 2.625442e+01 -2.545584e+00
    endloop
  endfacet
  facet normal 7.071068e-01 7.071068e-01 1.528386e-15
    outer loop
      vertex   -2.438400e+02 2.500000e+01 -4.000000e+00
      vertex   -2.450944e+02 2.625442e+01 -2.545584e+00
      vertex   -2.446467e+02 2.580671e+01 -2.000053e+00
    endloop
  endfacet
  facet normal 7.071068e-01 7.071068e-01 1.714774e-15
    outer loop
      vertex   -2.446467e+02 2.580671e+01 -2.000053e+00
      vertex   -2.443140e+02 2.547403e+01 -1.377660e+00
      vertex   -2.438400e+02 2.500000e+01 -4.000000e+00
    endloop
  endfacet
  facet normal 7.071068e-01 7.071068e-01 3.387980e-15
    outer loop
      vertex   -2.438400e+02 2.500000e+01 -4.000000e+00
      vertex   -2.443140e+02 2.547403e+01 -1.377660e+00
      vertex   -2.441092e+02 2.526917e+01 -7.023252e-01
    endloop
  endfacet
  facet normal 7.071068e-01 7.071068e-01 1.246756e-15
    outer loop
      vertex   -2.438400e+02 2.500000e+01 -4.000000e+00
      vertex   -2.441092e+02 2.526917e+01 -7.023252e-01
      vertex   -2.440400e+02 2.520000e+01 -9.322657e-15
    endloop
  endfacet
  facet normal 7.071068e-01 7.071068e-01 -8.939357e-14
    outer loop
      vertex   -2.528016e+02 3.396157e+01 -2.390181e+00
      vertex   -2.528400e+02 3.400000e+01 -2.000000e+00
      vertex   -2.526878e+02 3.384776e+01 -2.765367e+00
    endloop
  endfacet
  facet normal 7.071068e-01 7.071068e-01 1.241363e-14
    outer loop
      vertex   -2.526878e+02 3.384776e+01 -2.765367e+00
      vertex   -2.528400e+02 3.400000e+01 -2.000000e+00
      vertex   -2.511708e+02 3.233083e+01 -7.023252e-01
    endloop
  endfacet
  facet normal -6.300910e-17 1.950903e-01 9.807853e-01
    outer loop
      vertex   -2.508400e+02 3.200000e+01 1.550000e+01
      vertex   -2.516054e+02 3.276537e+01 1.534776e+01
      vertex   -2.728400e+02 3.200000e+01 1.550000e+01
    endloop
  endfacet
  facet normal -1.473983e-16 1.950903e-01 9.807853e-01
    outer loop
      vertex   -2.728400e+02 3.200000e+01 1.550000e+01
      vertex   -2.516054e+02 3.276537e+01 1.534776e+01
      vertex   -2.728400e+02 3.276537e+01 1.534776e+01
    endloop
  endfacet
  facet normal -2.554577e-16 5.555702e-01 8.314696e-01
    outer loop
      vertex   -2.728400e+02 3.276537e+01 1.534776e+01
      vertex   -2.516054e+02 3.276537e+01 1.534776e+01
      vertex   -2.522542e+02 3.341421e+01 1.491421e+01
    endloop
  endfacet
  facet normal -1.935107e-16 5.555702e-01 8.314696e-01
    outer loop
      vertex   -2.728400e+02 3.276537e+01 1.534776e+01
      vertex   -2.522542e+02 3.341421e+01 1.491421e+01
      vertex   -2.728400e+02 3.341421e+01 1.491421e+01
    endloop
  endfacet
  facet normal -2.869916e-16 8.314696e-01 5.555702e-01
    outer loop
      vertex   -2.728400e+02 3.341421e+01 1.491421e+01
      vertex   -2.522542e+02 3.341421e+01 1.491421e+01
      vertex   -2.526878e+02 3.384776e+01 1.426537e+01
    endloop
  endfacet
  facet normal -5.859617e-16 8.314696e-01 5.555702e-01
    outer loop
      vertex   -2.728400e+02 3.341421e+01 1.491421e+01
      vertex   -2.526878e+02 3.384776e+01 1.426537e+01
      vertex   -2.728400e+02 3.384776e+01 1.426537e+01
    endloop
  endfacet
  facet normal -6.748103e-16 9.569403e-01 2.902847e-01
    outer loop
      vertex   -2.728400e+02 3.384776e+01 1.426537e+01
      vertex   -2.526878e+02 3.384776e+01 1.426537e+01
      vertex   -2.528016e+02 3.396157e+01 1.389018e+01
    endloop
  endfacet
  facet normal -1.917783e-03 9.807835e-01 1.950900e-01
    outer loop
      vertex   -2.728400e+02 3.384776e+01 1.426537e+01
      vertex   -2.528016e+02 3.396157e+01 1.389018e+01
      vertex   -2.728400e+02 3.400000e+01 1.350000e+01
    endloop
  endfacet
  facet normal -7.071213e-16 9.951847e-01 9.801714e-02
    outer loop
      vertex   -2.728400e+02 3.400000e+01 1.350000e+01
      vertex   -2.528016e+02 3.396157e+01 1.389018e+01
      vertex   -2.528400e+02 3.400000e+01 1.350000e+01
    endloop
  endfacet
  facet normal -0.000000e+00 0.000000e+00 1.000000e+00
    outer loop
      vertex   -2.728400e+02 3.200000e+01 1.550000e+01
      vertex   -2.728400e+02 2.900000e+01 1.550000e+01
      vertex   -2.508400e+02 3.200000e+01 1.550000e+01
    endloop
  endfacet
  facet normal 0.000000e+00 0.000000e+00 1.000000e+00
    outer loop
      vertex   -2.508400e+02 3.200000e+01 1.550000e+01
      vertex   -2.728400e+02 2.900000e+01 1.550000e+01
      vertex   -2.478400e+02 2.900000e+01 1.550000e+01
    endloop
  endfacet
  facet normal 1.000000e+00 -0.000000e+00 0.000000e+00
    outer loop
      vertex   -2.538400e+02 2.749953e+01 8.143100e+00
      vertex   -2.538400e+02 2.880000e+01 7.900000e+00
      vertex   -2.538400e+02 2.880000e+01 1.000000e+01
    endloop
  endfacet
  facet normal 1.000000e+00 0.000000e+00 0.000000e+00
    outer loop
      vertex   -2.538400e+02 2.880000e+01 1.000000e+01
      vertex   -2.538400e+02 2.880000e+01 7.900000e+00
      vertex   -2.538400e+02 3.010047e+01 8.143100e+00
    endloop
  endfacet
  facet normal 1.000000e+00 -0.000000e+00 0.000000e+00
    outer loop
      vertex   -2.538400e+02 2.880000e+01 1.000000e+01
      vertex   -2.538400e+02 3.010047e+01 8.143100e+00
      vertex   -2.538400e+02 2.955000e+01 1.020096e+01
    endloop
  endfacet
  facet normal 1.000000e+00 0.000000e+00 0.000000e+00
    outer loop
      vertex   -2.538400e+02 2.955000e+01 1.020096e+01
      vertex   -2.538400e+02 3.010047e+01 8.143100e+00
      vertex   -2.538400e+02 3.122530e+01 8.839568e+00
    endloop
  endfacet
  facet normal 1.000000e+00 -0.000000e+00 0.000000e+00
    outer loop
      vertex   -2.538400e+02 2.955000e+01 1.020096e+01
      vertex   -2.538400e+02 3.122530e+01 8.839568e+00
      vertex   -2.538400e+02 3.009904e+01 1.075000e+01
    endloop
  endfacet
  facet normal 1.000000e+00 0.000000e+00 0.000000e+00
    outer loop
      vertex   -2.538400e+02 3.009904e+01 1.075000e+01
      vertex   -2.538400e+02 3.122530e+01 8.839568e+00
      vertex   -2.538400e+02 3.202259e+01 9.895342e+00
    endloop
  endfacet
  facet normal 1.000000e+00 -0.000000e+00 0.000000e+00
    outer loop
      vertex   -2.538400e+02 3.009904e+01 1.075000e+01
      vertex   -2.538400e+02 3.202259e+01 9.895342e+00
      vertex   -2.538400e+02 3.238464e+01 1.116783e+01
    endloop
  endfacet
  facet normal 1.000000e+00 0.000000e+00 0.000000e+00
    outer loop
      vertex   -2.538400e+02 3.009904e+01 1.075000e+01
      vertex   -2.538400e+02 3.238464e+01 1.116783e+01
      vertex   -2.538400e+02 3.030000e+01 1.150000e+01
    endloop
  endfacet
  facet normal 1.000000e+00 -0.000000e+00 0.000000e+00
    outer loop
      vertex   -2.538400e+02 3.030000e+01 1.150000e+01
      vertex   -2.538400e+02 3.238464e+01 1.116783e+01
      vertex   -2.538400e+02 3.226257e+01 1.248519e+01
    endloop
  endfacet
  facet normal 1.000000e+00 0.000000e+00 -0.000000e+00
    outer loop
      vertex   -2.538400e+02 3.030000e+01 1.150000e+01
      vertex   -2.538400e+02 3.226257e+01 1.248519e+01
      vertex   -2.538400e+02 3.009904e+01 1.225000e+01
    endloop
  endfacet
  facet normal 1.000000e+00 0.000000e+00 0.000000e+00
    outer loop
      vertex   -2.538400e+02 3.009904e+01 1.225000e+01
      vertex   -2.538400e+02 3.226257e+01 1.248519e+01
      vertex   -2.538400e+02 3.167286e+01 1.366948e+01
    endloop
  endfacet
  facet normal 1.000000e+00 0.000000e+00 -0.000000e+00
    outer loop
      vertex   -2.538400e+02 3.009904e+01 1.225000e+01
      vertex   -2.538400e+02 3.167286e+01 1.366948e+01
      vertex   -2.538400e+02 2.955000e+01 1.279904e+01
    endloop
  endfacet
  facet normal 1.000000e+00 0.000000e+00 0.000000e+00
    outer loop
      vertex   -2.538400e+02 2.955000e+01 1.279904e+01
      vertex   -2.538400e+02 3.167286e+01 1.366948e+01
      vertex   -2.538400e+02 3.069516e+01 1.456078e+01
    endloop
  endfacet
  facet normal 1.000000e+00 0.000000e+00 -0.000000e+00
    outer loop
      vertex   -2.538400e+02 2.955000e+01 1.279904e+01
      vertex   -2.538400e+02 3.069516e+01 1.456078e+01
      vertex   -2.538400e+02 2.946150e+01 1.503870e+01
    endloop
  endfacet
  facet normal 1.000000e+00 0.000000e+00 0.000000e+00
    outer loop
      vertex   -2.538400e+02 2.955000e+01 1.279904e+01
      vertex   -2.538400e+02 2.946150e+01 1.503870e+01
      vertex   -2.538400e+02 2.880000e+01 1.300000e+01
    endloop
  endfacet
  facet normal 1.000000e+00 0.000000e+00 -0.000000e+00
    outer loop
      vertex   -2.538400e+02 2.880000e+01 1.300000e+01
      vertex   -2.538400e+02 2.946150e+01 1.503870e+01
      vertex   -2.538400e+02 2.813850e+01 1.503870e+01
    endloop
  endfacet
  facet normal 1.000000e+00 0.000000e+00 0.000000e+00
    outer loop
      vertex   -2.538400e+02 2.880000e+01 1.300000e+01
      vertex   -2.538400e+02 2.813850e+01 1.503870e+01
      vertex   -2.538400e+02 2.805000e+01 1.279904e+01
    endloop
  endfacet
  facet normal 1.000000e+00 0.000000e+00 -0.000000e+00
    outer loop
      vertex   -2.538400e+02 2.805000e+01 1.279904e+01
      vertex   -2.538400e+02 2.813850e+01 1.503870e+01
      vertex   -2.538400e+02 2.690484e+01 1.456078e+01
    endloop
  endfacet
  facet normal 1.000000e+00 0.000000e+00 0.000000e+00
    outer loop
      vertex   -2.538400e+02 2.805000e+01 1.279904e+01
      vertex   -2.538400e+02 2.690484e+01 1.456078e+01
      vertex   -2.538400e+02 2.592714e+01 1.366948e+01
    endloop
  endfacet
  facet normal 1.000000e+00 0.000000e+00 0.000000e+00
    outer loop
      vertex   -2.538400e+02 2.805000e+01 1.279904e+01
      vertex   -2.538400e+02 2.592714e+01 1.366948e+01
      vertex   -2.538400e+02 2.750096e+01 1.225000e+01
    endloop
  endfacet
  facet normal 1.000000e+00 0.000000e+00 0.000000e+00
    outer loop
      vertex   -2.538400e+02 2.750096e+01 1.225000e+01
      vertex   -2.538400e+02 2.592714e+01 1.366948e+01
      vertex   -2.538400e+02 2.533743e+01 1.248519e+01
    endloop
  endfacet
  facet normal 1.000000e+00 0.000000e+00 0.000000e+00
    outer loop
      vertex   -2.538400e+02 2.750096e+01 1.225000e+01
      vertex   -2.538400e+02 2.533743e+01 1.248519e+01
      vertex   -2.538400e+02 2.730000e+01 1.150000e+01
    endloop
  endfacet
  facet normal 1.000000e+00 0.000000e+00 0.000000e+00
    outer loop
      vertex   -2.538400e+02 2.730000e+01 1.150000e+01
      vertex   -2.538400e+02 2.533743e+01 1.248519e+01
      vertex   -2.538400e+02 2.521536e+01 1.116783e+01
    endloop
  endfacet
  facet normal 1.000000e+00 0.000000e+00 0.000000e+00
    outer loop
      vertex   -2.538400e+02 2.730000e+01 1.150000e+01
      vertex   -2.538400e+02 2.521536e+01 1.116783e+01
      vertex   -2.538400e+02 2.750096e+01 1.075000e+01
    endloop
  endfacet
  facet normal 1.000000e+00 0.000000e+00 0.000000e+00
    outer loop
      vertex   -2.538400e+02 2.750096e+01 1.075000e+01
      vertex   -2.538400e+02 2.521536e+01 1.116783e+01
      vertex   -2.538400e+02 2.557741e+01 9.895342e+00
    endloop
  endfacet
  facet normal 1.000000e+00 0.000000e+00 0.000000e+00
    outer loop
      vertex   -2.538400e+02 2.750096e+01 1.075000e+01
      vertex   -2.538400e+02 2.557741e+01 9.895342e+00
      vertex   -2.538400e+02 2.637470e+01 8.839568e+00
    endloop
  endfacet
  facet normal 1.000000e+00 0.000000e+00 0.000000e+00
    outer loop
      vertex   -2.538400e+02 2.750096e+01 1.075000e+01
      vertex   -2.538400e+02 2.637470e+01 8.839568e+00
      vertex   -2.538400e+02 2.805000e+01 1.020096e+01
    endloop
  endfacet
  facet normal 1.000000e+00 0.000000e+00 0.000000e+00
    outer loop
      vertex   -2.538400e+02 2.805000e+01 1.020096e+01
      vertex   -2.538400e+02 2.637470e+01 8.839568e+00
      vertex   -2.538400e+02 2.749953e+01 8.143100e+00
    endloop
  endfacet
  facet normal 1.000000e+00 0.000000e+00 0.000000e+00
    outer loop
      vertex   -2.538400e+02 2.805000e+01 1.020096e+01
      vertex   -2.538400e+02 2.749953e+01 8.143100e+00
      vertex   -2.538400e+02 2.880000e+01 1.000000e+01
    endloop
  endfacet
  facet normal -1.768622e-03 9.951662e-01 9.818951e-02
    outer loop
      vertex   -2.441092e+02 2.526917e+01 1.079767e+01
      vertex   -2.538400e+02 2.521536e+01 1.116783e+01
      vertex   -2.440400e+02 2.520000e+01 1.150000e+01
    endloop
  endfacet
  facet normal 4.687691e-03 9.957232e-01 -9.226735e-02
    outer loop
      vertex   -2.440400e+02 2.520000e+01 1.150000e+01
      vertex   -2.538400e+02 2.521536e+01 1.116783e+01
      vertex   -2.538400e+02 2.533743e+01 1.248519e+01
    endloop
  endfacet
  facet normal 4.143269e-03 9.952159e-01 -9.761214e-02
    outer loop
      vertex   -2.440400e+02 2.520000e+01 1.150000e+01
      vertex   -2.538400e+02 2.533743e+01 1.248519e+01
      vertex   -2.441092e+02 2.526917e+01 1.220233e+01
    endloop
  endfacet
  facet normal -1.741014e-03 9.567921e-01 -2.907678e-01
    outer loop
      vertex   -2.441092e+02 2.526917e+01 1.220233e+01
      vertex   -2.538400e+02 2.533743e+01 1.248519e+01
      vertex   -2.443140e+02 2.547403e+01 1.287766e+01
    endloop
  endfacet
  facet normal 5.527529e-03 8.951496e-01 -4.457315e-01
    outer loop
      vertex   -2.443140e+02 2.547403e+01 1.287766e+01
      vertex   -2.538400e+02 2.533743e+01 1.248519e+01
      vertex   -2.538400e+02 2.592714e+01 1.366948e+01
    endloop
  endfacet
  facet normal 2.895615e-03 8.825602e-01 -4.701905e-01
    outer loop
      vertex   -2.443140e+02 2.547403e+01 1.287766e+01
      vertex   -2.538400e+02 2.592714e+01 1.366948e+01
      vertex   -2.446467e+02 2.580671e+01 1.350005e+01
    endloop
  endfacet
  facet normal -1.588421e-03 7.723698e-01 -6.351711e-01
    outer loop
      vertex   -2.446467e+02 2.580671e+01 1.350005e+01
      vertex   -2.538400e+02 2.592714e+01 1.366948e+01
      vertex   -2.450944e+02 2.625442e+01 1.404558e+01
    endloop
  endfacet
  facet normal 6.569522e-03 6.736811e-01 -7.389930e-01
    outer loop
      vertex   -2.450944e+02 2.625442e+01 1.404558e+01
      vertex   -2.538400e+02 2.592714e+01 1.366948e+01
      vertex   -2.538400e+02 2.690484e+01 1.456078e+01
    endloop
  endfacet
  facet normal 1.773710e-03 6.354516e-01 -7.721387e-01
    outer loop
      vertex   -2.450944e+02 2.625442e+01 1.404558e+01
      vertex   -2.538400e+02 2.690484e+01 1.456078e+01
      vertex   -2.456399e+02 2.679995e+01 1.449329e+01
    endloop
  endfacet
  facet normal -1.245139e-03 4.704276e-01 -8.824377e-01
    outer loop
      vertex   -2.456399e+02 2.679995e+01 1.449329e+01
      vertex   -2.538400e+02 2.690484e+01 1.456078e+01
      vertex   -2.462623e+02 2.742234e+01 1.482597e+01
    endloop
  endfacet
  facet normal 7.962151e-03 3.612302e-01 -9.324427e-01
    outer loop
      vertex   -2.462623e+02 2.742234e+01 1.482597e+01
      vertex   -2.538400e+02 2.690484e+01 1.456078e+01
      vertex   -2.538400e+02 2.813850e+01 1.503870e+01
    endloop
  endfacet
  facet normal 6.286714e-04 2.908603e-01 -9.567653e-01
    outer loop
      vertex   -2.462623e+02 2.742234e+01 1.482597e+01
      vertex   -2.538400e+02 2.813850e+01 1.503870e+01
      vertex   -2.469377e+02 2.809767e+01 1.503083e+01
    endloop
  endfacet
  facet normal -5.591632e-04 9.746332e-02 -9.952390e-01
    outer loop
      vertex   -2.469377e+02 2.809767e+01 1.503083e+01
      vertex   -2.538400e+02 2.813850e+01 1.503870e+01
      vertex   -2.476400e+02 2.880000e+01 1.510000e+01
    endloop
  endfacet
  facet normal 9.886104e-03 0.000000e+00 -9.999511e-01
    outer loop
      vertex   -2.476400e+02 2.880000e+01 1.510000e+01
      vertex   -2.538400e+02 2.813850e+01 1.503870e+01
      vertex   -2.538400e+02 2.946150e+01 1.503870e+01
    endloop
  endfacet
  facet normal -6.926469e-04 -9.870309e-02 -9.951167e-01
    outer loop
      vertex   -2.476400e+02 2.880000e+01 1.510000e+01
      vertex   -2.538400e+02 2.946150e+01 1.503870e+01
      vertex   -2.483423e+02 2.950233e+01 1.503083e+01
    endloop
  endfacet
  facet normal 7.791620e-04 -2.895710e-01 -9.571562e-01
    outer loop
      vertex   -2.483423e+02 2.950233e+01 1.503083e+01
      vertex   -2.538400e+02 2.946150e+01 1.503870e+01
      vertex   -2.490177e+02 3.017766e+01 1.482597e+01
    endloop
  endfacet
  facet normal 1.251087e-02 -3.612134e-01 -9.323993e-01
    outer loop
      vertex   -2.490177e+02 3.017766e+01 1.482597e+01
      vertex   -2.538400e+02 2.946150e+01 1.503870e+01
      vertex   -2.538400e+02 3.069516e+01 1.456078e+01
    endloop
  endfacet
  facet normal -2.337493e-03 -4.732125e-01 -8.809452e-01
    outer loop
      vertex   -2.490177e+02 3.017766e+01 1.482597e+01
      vertex   -2.538400e+02 3.069516e+01 1.456078e+01
      vertex   -2.496401e+02 3.080005e+01 1.449329e+01
    endloop
  endfacet
  facet normal 3.346244e-03 -6.323881e-01 -7.746445e-01
    outer loop
      vertex   -2.496401e+02 3.080005e+01 1.449329e+01
      vertex   -2.538400e+02 3.069516e+01 1.456078e+01
      vertex   -2.501856e+02 3.134558e+01 1.404558e+01
    endloop
  endfacet
  facet normal 1.572028e-02 -6.736124e-01 -7.389176e-01
    outer loop
      vertex   -2.501856e+02 3.134558e+01 1.404558e+01
      vertex   -2.538400e+02 3.069516e+01 1.456078e+01
      vertex   -2.538400e+02 3.167286e+01 1.366948e+01
    endloop
  endfacet
  facet normal -4.311727e-03 -7.747357e-01 -6.322706e-01
    outer loop
      vertex   -2.501856e+02 3.134558e+01 1.404558e+01
      vertex   -2.538400e+02 3.167286e+01 1.366948e+01
      vertex   -2.506333e+02 3.179329e+01 1.350005e+01
    endloop
  endfacet
  facet normal 7.971734e-03 -8.801156e-01 -4.746926e-01
    outer loop
      vertex   -2.506333e+02 3.179329e+01 1.350005e+01
      vertex   -2.538400e+02 3.167286e+01 1.366948e+01
      vertex   -2.509660e+02 3.212597e+01 1.287766e+01
    endloop
  endfacet
  facet normal 1.831817e-02 -8.950131e-01 -4.456636e-01
    outer loop
      vertex   -2.509660e+02 3.212597e+01 1.287766e+01
      vertex   -2.538400e+02 3.167286e+01 1.366948e+01
      vertex   -2.538400e+02 3.226257e+01 1.248519e+01
    endloop
  endfacet
  facet normal -6.099287e-03 -9.574350e-01 -2.885845e-01
    outer loop
      vertex   -2.509660e+02 3.212597e+01 1.287766e+01
      vertex   -2.538400e+02 3.226257e+01 1.248519e+01
      vertex   -2.511708e+02 3.233083e+01 1.220233e+01
    endloop
  endfacet
  facet normal 1.490173e-02 -9.949300e-01 -9.945974e-02
    outer loop
      vertex   -2.511708e+02 3.233083e+01 1.220233e+01
      vertex   -2.538400e+02 3.226257e+01 1.248519e+01
      vertex   -2.512400e+02 3.240000e+01 1.150000e+01
    endloop
  endfacet
  facet normal 1.766643e-02 -9.955788e-01 -9.225396e-02
    outer loop
      vertex   -2.512400e+02 3.240000e+01 1.150000e+01
      vertex   -2.538400e+02 3.226257e+01 1.248519e+01
      vertex   -2.538400e+02 3.238464e+01 1.116783e+01
    endloop
  endfacet
  facet normal -6.561921e-03 -9.952261e-01 9.737493e-02
    outer loop
      vertex   -2.512400e+02 3.240000e+01 1.150000e+01
      vertex   -2.538400e+02 3.238464e+01 1.116783e+01
      vertex   -2.511708e+02 3.233083e+01 1.079767e+01
    endloop
  endfacet
  facet normal 1.855581e-02 -9.616600e-01 2.736159e-01
    outer loop
      vertex   -2.511708e+02 3.233083e+01 1.079767e+01
      vertex   -2.538400e+02 3.238464e+01 1.116783e+01
      vertex   -2.538400e+02 3.202259e+01 9.895342e+00
    endloop
  endfacet
  facet normal 1.121284e-02 -9.559303e-01 2.933797e-01
    outer loop
      vertex   -2.511708e+02 3.233083e+01 1.079767e+01
      vertex   -2.538400e+02 3.202259e+01 9.895342e+00
      vertex   -2.509660e+02 3.212597e+01 1.012234e+01
    endloop
  endfacet
  facet normal -5.293230e-03 -8.830824e-01 4.691881e-01
    outer loop
      vertex   -2.509660e+02 3.212597e+01 1.012234e+01
      vertex   -2.538400e+02 3.202259e+01 9.895342e+00
      vertex   -2.506333e+02 3.179329e+01 9.499947e+00
    endloop
  endfacet
  facet normal 1.724110e-02 -7.978986e-01 6.025451e-01
    outer loop
      vertex   -2.506333e+02 3.179329e+01 9.499947e+00
      vertex   -2.538400e+02 3.202259e+01 9.895342e+00
      vertex   -2.538400e+02 3.122530e+01 8.839568e+00
    endloop
  endfacet
  facet normal 5.351954e-03 -7.708410e-01 6.370051e-01
    outer loop
      vertex   -2.506333e+02 3.179329e+01 9.499947e+00
      vertex   -2.538400e+02 3.122530e+01 8.839568e+00
      vertex   -2.501856e+02 3.134558e+01 8.954416e+00
    endloop
  endfacet
  facet normal -3.297584e-03 -6.363582e-01 7.713866e-01
    outer loop
      vertex   -2.501856e+02 3.134558e+01 8.954416e+00
      vertex   -2.538400e+02 3.122530e+01 8.839568e+00
      vertex   -2.496401e+02 3.080005e+01 8.506709e+00
    endloop
  endfacet
  facet normal 1.407877e-02 -5.263800e-01 8.501329e-01
    outer loop
      vertex   -2.496401e+02 3.080005e+01 8.506709e+00
      vertex   -2.538400e+02 3.122530e+01 8.839568e+00
      vertex   -2.538400e+02 3.010047e+01 8.143100e+00
    endloop
  endfacet
  facet normal 1.860208e-03 -4.699484e-01 8.826919e-01
    outer loop
      vertex   -2.496401e+02 3.080005e+01 8.506709e+00
      vertex   -2.538400e+02 3.010047e+01 8.143100e+00
      vertex   -2.490177e+02 3.017766e+01 8.174034e+00
    endloop
  endfacet
  facet normal -1.467785e-03 -2.916282e-01 9.565306e-01
    outer loop
      vertex   -2.490177e+02 3.017766e+01 8.174034e+00
      vertex   -2.538400e+02 3.010047e+01 8.143100e+00
      vertex   -2.483423e+02 2.950233e+01 7.969173e+00
    endloop
  endfacet
  facet normal 1.110523e-02 -1.837382e-01 9.829125e-01
    outer loop
      vertex   -2.483423e+02 2.950233e+01 7.969173e+00
      vertex   -2.538400e+02 3.010047e+01 8.143100e+00
      vertex   -2.538400e+02 2.880000e+01 7.900000e+00
    endloop
  endfacet
  facet normal 0.000000e+00 -9.801714e-02 9.951847e-01
    outer loop
      vertex   -2.483423e+02 2.950233e+01 7.969173e+00
      vertex   -2.538400e+02 2.880000e+01 7.900000e+00
      vertex   -2.476400e+02 2.880000e+01 7.900000e+00
    endloop
  endfacet
  facet normal 0.000000e+00 9.801714e-02 9.951847e-01
    outer loop
      vertex   -2.476400e+02 2.880000e+01 7.900000e+00
      vertex   -2.538400e+02 2.880000e+01 7.900000e+00
      vertex   -2.469377e+02 2.809767e+01 7.969173e+00
    endloop
  endfacet
  facet normal 8.845473e-03 1.837423e-01 9.829346e-01
    outer loop
      vertex   -2.469377e+02 2.809767e+01 7.969173e+00
      vertex   -2.538400e+02 2.880000e+01 7.900000e+00
      vertex   -2.538400e+02 2.749953e+01 8.143100e+00
    endloop
  endfacet
  facet normal -9.594776e-04 2.894058e-01 9.572060e-01
    outer loop
      vertex   -2.469377e+02 2.809767e+01 7.969173e+00
      vertex   -2.538400e+02 2.749953e+01 8.143100e+00
      vertex   -2.462623e+02 2.742234e+01 8.174034e+00
    endloop
  endfacet
  facet normal 1.213386e-03 4.723399e-01 8.814157e-01
    outer loop
      vertex   -2.462623e+02 2.742234e+01 8.174034e+00
      vertex   -2.538400e+02 2.749953e+01 8.143100e+00
      vertex   -2.456399e+02 2.679995e+01 8.506709e+00
    endloop
  endfacet
  facet normal 7.211467e-03 5.264185e-01 8.501950e-01
    outer loop
      vertex   -2.456399e+02 2.679995e+01 8.506709e+00
      vertex   -2.538400e+02 2.749953e+01 8.143100e+00
      vertex   -2.538400e+02 2.637470e+01 8.839568e+00
    endloop
  endfacet
  facet normal -1.447487e-03 6.335273e-01 7.737190e-01
    outer loop
      vertex   -2.456399e+02 2.679995e+01 8.506709e+00
      vertex   -2.538400e+02 2.637470e+01 8.839568e+00
      vertex   -2.450944e+02 2.625442e+01 8.954416e+00
    endloop
  endfacet
  facet normal 2.328368e-03 7.739446e-01 6.332491e-01
    outer loop
      vertex   -2.450944e+02 2.625442e+01 8.954416e+00
      vertex   -2.538400e+02 2.637470e+01 8.839568e+00
      vertex   -2.446467e+02 2.580671e+01 9.499947e+00
    endloop
  endfacet
  facet normal 6.014650e-03 7.980028e-01 6.026237e-01
    outer loop
      vertex   -2.446467e+02 2.580671e+01 9.499947e+00
      vertex   -2.538400e+02 2.637470e+01 8.839568e+00
      vertex   -2.538400e+02 2.557741e+01 9.895342e+00
    endloop
  endfacet
  facet normal -1.682955e-03 8.815458e-01 4.720956e-01
    outer loop
      vertex   -2.446467e+02 2.580671e+01 9.499947e+00
      vertex   -2.538400e+02 2.557741e+01 9.895342e+00
      vertex   -2.443140e+02 2.547403e+01 1.012234e+01
    endloop
  endfacet
  facet normal 3.493987e-03 9.572284e-01 2.893122e-01
    outer loop
      vertex   -2.443140e+02 2.547403e+01 1.012234e+01
      vertex   -2.538400e+02 2.557741e+01 9.895342e+00
      vertex   -2.441092e+02 2.526917e+01 1.079767e+01
    endloop
  endfacet
  facet normal 5.090684e-03 9.618132e-01 2.736594e-01
    outer loop
      vertex   -2.441092e+02 2.526917e+01 1.079767e+01
      vertex   -2.538400e+02 2.557741e+01 9.895342e+00
      vertex   -2.538400e+02 2.521536e+01 1.116783e+01
    endloop
  endfacet
  facet normal 0.000000e+00 -2.588190e-01 -9.659258e-01
    outer loop
      vertex   -2.728400e+02 2.955000e+01 1.279904e+01
      vertex   -2.633400e+02 2.955000e+01 1.279904e+01
      vertex   -2.728400e+02 2.880000e+01 1.300000e+01
    endloop
  endfacet
  facet normal 0.000000e+00 -2.588190e-01 -9.659258e-01
    outer loop
      vertex   -2.728400e+02 2.880000e+01 1.300000e+01
      vertex   -2.633400e+02 2.955000e+01 1.279904e+01
      vertex   -2.633400e+02 2.880000e+01 1.300000e+01
    endloop
  endfacet
  facet normal 0.000000e+00 2.588190e-01 -9.659258e-01
    outer loop
      vertex   -2.728400e+02 2.880000e+01 1.300000e+01
      vertex   -2.633400e+02 2.880000e+01 1.300000e+01
      vertex   -2.728400e+02 2.805000e+01 1.279904e+01
    endloop
  endfacet
  facet normal 0.000000e+00 2.588190e-01 -9.659258e-01
    outer loop
      vertex   -2.728400e+02 2.805000e+01 1.279904e+01
      vertex   -2.633400e+02 2.880000e+01 1.300000e+01
      vertex   -2.633400e+02 2.805000e+01 1.279904e+01
    endloop
  endfacet
  facet normal 0.000000e+00 7.071068e-01 -7.071068e-01
    outer loop
      vertex   -2.728400e+02 2.805000e+01 1.279904e+01
      vertex   -2.633400e+02 2.805000e+01 1.279904e+01
      vertex   -2.728400e+02 2.750096e+01 1.225000e+01
    endloop
  endfacet
  facet normal 0.000000e+00 7.071068e-01 -7.071068e-01
    outer loop
      vertex   -2.728400e+02 2.750096e+01 1.225000e+01
      vertex   -2.633400e+02 2.805000e+01 1.279904e+01
      vertex   -2.633400e+02 2.750096e+01 1.225000e+01
    endloop
  endfacet
  facet normal 0.000000e+00 9.659258e-01 -2.588190e-01
    outer loop
      vertex   -2.728400e+02 2.750096e+01 1.225000e+01
      vertex   -2.633400e+02 2.750096e+01 1.225000e+01
      vertex   -2.728400e+02 2.730000e+01 1.150000e+01
    endloop
  endfacet
  facet normal 0.000000e+00 9.659258e-01 -2.588190e-01
    outer loop
      vertex   -2.728400e+02 2.730000e+01 1.150000e+01
      vertex   -2.633400e+02 2.750096e+01 1.225000e+01
      vertex   -2.633400e+02 2.730000e+01 1.150000e+01
    endloop
  endfacet
  facet normal -0.000000e+00 9.659258e-01 2.588190e-01
    outer loop
      vertex   -2.728400e+02 2.730000e+01 1.150000e+01
      vertex   -2.633400e+02 2.730000e+01 1.150000e+01
      vertex   -2.728400e+02 2.750096e+01 1.075000e+01
    endloop
  endfacet
  facet normal -0.000000e+00 9.659258e-01 2.588190e-01
    outer loop
      vertex   -2.728400e+02 2.750096e+01 1.075000e+01
      vertex   -2.633400e+02 2.730000e+01 1.150000e+01
      vertex   -2.633400e+02 2.750096e+01 1.075000e+01
    endloop
  endfacet
  facet normal -0.000000e+00 7.071068e-01 7.071068e-01
    outer loop
      vertex   -2.728400e+02 2.750096e+01 1.075000e+01
      vertex   -2.633400e+02 2.750096e+01 1.075000e+01
      vertex   -2.728400e+02 2.805000e+01 1.020096e+01
    endloop
  endfacet
  facet normal -0.000000e+00 7.071068e-01 7.071068e-01
    outer loop
      vertex   -2.728400e+02 2.805000e+01 1.020096e+01
      vertex   -2.633400e+02 2.750096e+01 1.075000e+01
      vertex   -2.633400e+02 2.805000e+01 1.020096e+01
    endloop
  endfacet
  facet normal -0.000000e+00 2.588190e-01 9.659258e-01
    outer loop
      vertex   -2.728400e+02 2.805000e+01 1.020096e+01
      vertex   -2.633400e+02 2.805000e+01 1.020096e+01
      vertex   -2.728400e+02 2.880000e+01 1.000000e+01
    endloop
  endfacet
  facet normal -0.000000e+00 2.588190e-01 9.659258e-01
    outer loop
      vertex   -2.728400e+02 2.880000e+01 1.000000e+01
      vertex   -2.633400e+02 2.805000e+01 1.020096e+01
      vertex   -2.633400e+02 2.880000e+01 1.000000e+01
    endloop
  endfacet
  facet normal 0.000000e+00 -2.588190e-01 9.659258e-01
    outer loop
      vertex   -2.728400e+02 2.880000e+01 1.000000e+01
      vertex   -2.633400e+02 2.880000e+01 1.000000e+01
      vertex   -2.728400e+02 2.955000e+01 1.020096e+01
    endloop
  endfacet
  facet normal 0.000000e+00 -2.588190e-01 9.659258e-01
    outer loop
      vertex   -2.728400e+02 2.955000e+01 1.020096e+01
      vertex   -2.633400e+02 2.880000e+01 1.000000e+01
      vertex   -2.633400e+02 2.955000e+01 1.020096e+01
    endloop
  endfacet
  facet normal 0.000000e+00 -7.071068e-01 7.071068e-01
    outer loop
      vertex   -2.728400e+02 2.955000e+01 1.020096e+01
      vertex   -2.633400e+02 2.955000e+01 1.020096e+01
      vertex   -2.728400e+02 3.009904e+01 1.075000e+01
    endloop
  endfacet
  facet normal 0.000000e+00 -7.071068e-01 7.071068e-01
    outer loop
      vertex   -2.728400e+02 3.009904e+01 1.075000e+01
      vertex   -2.633400e+02 2.955000e+01 1.020096e+01
      vertex   -2.633400e+02 3.009904e+01 1.075000e+01
    endloop
  endfacet
  facet normal 0.000000e+00 -9.659258e-01 2.588190e-01
    outer loop
      vertex   -2.728400e+02 3.009904e+01 1.075000e+01
      vertex   -2.633400e+02 3.009904e+01 1.075000e+01
      vertex   -2.728400e+02 3.030000e+01 1.150000e+01
    endloop
  endfacet
  facet normal 0.000000e+00 -9.659258e-01 2.588190e-01
    outer loop
      vertex   -2.728400e+02 3.030000e+01 1.150000e+01
      vertex   -2.633400e+02 3.009904e+01 1.075000e+01
      vertex   -2.633400e+02 3.030000e+01 1.150000e+01
    endloop
  endfacet
  facet normal 0.000000e+00 -9.659258e-01 -2.588190e-01
    outer loop
      vertex   -2.728400e+02 3.030000e+01 1.150000e+01
      vertex   -2.633400e+02 3.030000e+01 1.150000e+01
      vertex   -2.728400e+02 3.009904e+01 1.225000e+01
    endloop
  endfacet
  facet normal 0.000000e+00 -9.659258e-01 -2.588190e-01
    outer loop
      vertex   -2.728400e+02 3.009904e+01 1.225000e+01
      vertex   -2.633400e+02 3.030000e+01 1.150000e+01
      vertex   -2.633400e+02 3.009904e+01 1.225000e+01
    endloop
  endfacet
  facet normal 0.000000e+00 -7.071068e-01 -7.071068e-01
    outer loop
      vertex   -2.728400e+02 3.009904e+01 1.225000e+01
      vertex   -2.633400e+02 3.009904e+01 1.225000e+01
      vertex   -2.728400e+02 2.955000e+01 1.279904e+01
    endloop
  endfacet
  facet normal 0.000000e+00 -7.071068e-01 -7.071068e-01
    outer loop
      vertex   -2.728400e+02 2.955000e+01 1.279904e+01
      vertex   -2.633400e+02 3.009904e+01 1.225000e+01
      vertex   -2.633400e+02 2.955000e+01 1.279904e+01
    endloop
  endfacet
  facet normal 0.000000e+00 2.588190e-01 -9.659258e-01
    outer loop
      vertex   -2.538400e+02 2.805000e+01 1.279904e+01
      vertex   -2.633400e+02 2.805000e+01 1.279904e+01
      vertex   -2.538400e+02 2.880000e+01 1.300000e+01
    endloop
  endfacet
  facet normal 0.000000e+00 2.588190e-01 -9.659258e-01
    outer loop
      vertex   -2.538400e+02 2.880000e+01 1.300000e+01
      vertex   -2.633400e+02 2.805000e+01 1.279904e+01
      vertex   -2.633400e+02 2.880000e+01 1.300000e+01
    endloop
  endfacet
  facet normal -0.000000e+00 -2.588190e-01 -9.659258e-01
    outer loop
      vertex   -2.538400e+02 2.880000e+01 1.300000e+01
      vertex   -2.633400e+02 2.880000e+01 1.300000e+01
      vertex   -2.538400e+02 2.955000e+01 1.279904e+01
    endloop
  endfacet
  facet normal -0.000000e+00 -2.588190e-01 -9.659258e-01
    outer loop
      vertex   -2.538400e+02 2.955000e+01 1.279904e+01
      vertex   -2.633400e+02 2.880000e+01 1.300000e+01
      vertex   -2.633400e+02 2.955000e+01 1.279904e+01
    endloop
  endfacet
  facet normal -0.000000e+00 -7.071068e-01 -7.071068e-01
    outer loop
      vertex   -2.538400e+02 2.955000e+01 1.279904e+01
      vertex   -2.633400e+02 2.955000e+01 1.279904e+01
      vertex   -2.538400e+02 3.009904e+01 1.225000e+01
    endloop
  endfacet
  facet normal -0.000000e+00 -7.071068e-01 -7.071068e-01
    outer loop
      vertex   -2.538400e+02 3.009904e+01 1.225000e+01
      vertex   -2.633400e+02 2.955000e+01 1.279904e+01
      vertex   -2.633400e+02 3.009904e+01 1.225000e+01
    endloop
  endfacet
  facet normal -0.000000e+00 -9.659258e-01 -2.588190e-01
    outer loop
      vertex   -2.538400e+02 3.009904e+01 1.225000e+01
      vertex   -2.633400e+02 3.009904e+01 1.225000e+01
      vertex   -2.538400e+02 3.030000e+01 1.150000e+01
    endloop
  endfacet
  facet normal -0.000000e+00 -9.659258e-01 -2.588190e-01
    outer loop
      vertex   -2.538400e+02 3.030000e+01 1.150000e+01
      vertex   -2.633400e+02 3.009904e+01 1.225000e+01
      vertex   -2.633400e+02 3.030000e+01 1.150000e+01
    endloop
  endfacet
  facet normal 0.000000e+00 -9.659258e-01 2.588190e-01
    outer loop
      vertex   -2.538400e+02 3.030000e+01 1.150000e+01
      vertex   -2.633400e+02 3.030000e+01 1.150000e+01
      vertex   -2.538400e+02 3.009904e+01 1.075000e+01
    endloop
  endfacet
  facet normal 0.000000e+00 -9.659258e-01 2.588190e-01
    outer loop
      vertex   -2.538400e+02 3.009904e+01 1.075000e+01
      vertex   -2.633400e+02 3.030000e+01 1.150000e+01
      vertex   -2.633400e+02 3.009904e+01 1.075000e+01
    endloop
  endfacet
  facet normal 0.000000e+00 -7.071068e-01 7.071068e-01
    outer loop
      vertex   -2.538400e+02 3.009904e+01 1.075000e+01
      vertex   -2.633400e+02 3.009904e+01 1.075000e+01
      vertex   -2.538400e+02 2.955000e+01 1.020096e+01
    endloop
  endfacet
  facet normal 0.000000e+00 -7.071068e-01 7.071068e-01
    outer loop
      vertex   -2.538400e+02 2.955000e+01 1.020096e+01
      vertex   -2.633400e+02 3.009904e+01 1.075000e+01
      vertex   -2.633400e+02 2.955000e+01 1.020096e+01
    endloop
  endfacet
  facet normal 0.000000e+00 -2.588190e-01 9.659258e-01
    outer loop
      vertex   -2.538400e+02 2.955000e+01 1.020096e+01
      vertex   -2.633400e+02 2.955000e+01 1.020096e+01
      vertex   -2.538400e+02 2.880000e+01 1.000000e+01
    endloop
  endfacet
  facet normal 0.000000e+00 -2.588190e-01 9.659258e-01
    outer loop
      vertex   -2.538400e+02 2.880000e+01 1.000000e+01
      vertex   -2.633400e+02 2.955000e+01 1.020096e+01
      vertex   -2.633400e+02 2.880000e+01 1.000000e+01
    endloop
  endfacet
  facet normal 0.000000e+00 2.588190e-01 9.659258e-01
    outer loop
      vertex   -2.538400e+02 2.880000e+01 1.000000e+01
      vertex   -2.633400e+02 2.880000e+01 1.000000e+01
      vertex   -2.538400e+02 2.805000e+01 1.020096e+01
    endloop
  endfacet
  facet normal 0.000000e+00 2.588190e-01 9.659258e-01
    outer loop
      vertex   -2.538400e+02 2.805000e+01 1.020096e+01
      vertex   -2.633400e+02 2.880000e+01 1.000000e+01
      vertex   -2.633400e+02 2.805000e+01 1.020096e+01
    endloop
  endfacet
  facet normal 0.000000e+00 7.071068e-01 7.071068e-01
    outer loop
      vertex   -2.538400e+02 2.805000e+01 1.020096e+01
      vertex   -2.633400e+02 2.805000e+01 1.020096e+01
      vertex   -2.538400e+02 2.750096e+01 1.075000e+01
    endloop
  endfacet
  facet normal 0.000000e+00 7.071068e-01 7.071068e-01
    outer loop
      vertex   -2.538400e+02 2.750096e+01 1.075000e+01
      vertex   -2.633400e+02 2.805000e+01 1.020096e+01
      vertex   -2.633400e+02 2.750096e+01 1.075000e+01
    endloop
  endfacet
  facet normal 0.000000e+00 9.659258e-01 2.588190e-01
    outer loop
      vertex   -2.538400e+02 2.750096e+01 1.075000e+01
      vertex   -2.633400e+02 2.750096e+01 1.075000e+01
      vertex   -2.538400e+02 2.730000e+01 1.150000e+01
    endloop
  endfacet
  facet normal 0.000000e+00 9.659258e-01 2.588190e-01
    outer loop
      vertex   -2.538400e+02 2.730000e+01 1.150000e+01
      vertex   -2.633400e+02 2.750096e+01 1.075000e+01
      vertex   -2.633400e+02 2.730000e+01 1.150000e+01
    endloop
  endfacet
  facet normal 0.000000e+00 9.659258e-01 -2.588190e-01
    outer loop
      vertex   -2.538400e+02 2.730000e+01 1.150000e+01
      vertex   -2.633400e+02 2.730000e+01 1.150000e+01
      vertex   -2.538400e+02 2.750096e+01 1.225000e+01
    endloop
  endfacet
  facet normal 0.000000e+00 9.659258e-01 -2.588190e-01
    outer loop
      vertex   -2.538400e+02 2.750096e+01 1.225000e+01
      vertex   -2.633400e+02 2.730000e+01 1.150000e+01
      vertex   -2.633400e+02 2.750096e+01 1.225000e+01
    endloop
  endfacet
  facet normal 0.000000e+00 7.071068e-01 -7.071068e-01
    outer loop
      vertex   -2.538400e+02 2.750096e+01 1.225000e+01
      vertex   -2.633400e+02 2.750096e+01 1.225000e+01
      vertex   -2.538400e+02 2.805000e+01 1.279904e+01
    endloop
  endfacet
  facet normal 0.000000e+00 7.071068e-01 -7.071068e-01
    outer loop
      vertex   -2.538400e+02 2.805000e+01 1.279904e+01
      vertex   -2.633400e+02 2.750096e+01 1.225000e+01
      vertex   -2.633400e+02 2.805000e+01 1.279904e+01
    endloop
  endfacet
  facet normal 1.000000e+00 -0.000000e+00 0.000000e+00
    outer loop
      vertex   -2.538400e+02 2.749953e+01 -3.356900e+00
      vertex   -2.538400e+02 2.880000e+01 -3.600000e+00
      vertex   -2.538400e+02 2.880000e+01 -1.500000e+00
    endloop
  endfacet
  facet normal 1.000000e+00 0.000000e+00 0.000000e+00
    outer loop
      vertex   -2.538400e+02 2.880000e+01 -1.500000e+00
      vertex   -2.538400e+02 2.880000e+01 -3.600000e+00
      vertex   -2.538400e+02 3.010047e+01 -3.356900e+00
    endloop
  endfacet
  facet normal 1.000000e+00 -0.000000e+00 0.000000e+00
    outer loop
      vertex   -2.538400e+02 2.880000e+01 -1.500000e+00
      vertex   -2.538400e+02 3.010047e+01 -3.356900e+00
      vertex   -2.538400e+02 2.955000e+01 -1.299038e+00
    endloop
  endfacet
  facet normal 1.000000e+00 0.000000e+00 0.000000e+00
    outer loop
      vertex   -2.538400e+02 2.955000e+01 -1.299038e+00
      vertex   -2.538400e+02 3.010047e+01 -3.356900e+00
      vertex   -2.538400e+02 3.122530e+01 -2.660432e+00
    endloop
  endfacet
  facet normal 1.000000e+00 -0.000000e+00 0.000000e+00
    outer loop
      vertex   -2.538400e+02 2.955000e+01 -1.299038e+00
      vertex   -2.538400e+02 3.122530e+01 -2.660432e+00
      vertex   -2.538400e+02 3.009904e+01 -7.500000e-01
    endloop
  endfacet
  facet normal 1.000000e+00 0.000000e+00 0.000000e+00
    outer loop
      vertex   -2.538400e+02 3.009904e+01 -7.500000e-01
      vertex   -2.538400e+02 3.122530e+01 -2.660432e+00
      vertex   -2.538400e+02 3.202259e+01 -1.604658e+00
    endloop
  endfacet
  facet normal 1.000000e+00 -0.000000e+00 0.000000e+00
    outer loop
      vertex   -2.538400e+02 3.009904e+01 -7.500000e-01
      vertex   -2.538400e+02 3.202259e+01 -1.604658e+00
      vertex   -2.538400e+02 3.238464e+01 -3.321661e-01
    endloop
  endfacet
  facet normal 1.000000e+00 0.000000e+00 0.000000e+00
    outer loop
      vertex   -2.538400e+02 3.009904e+01 -7.500000e-01
      vertex   -2.538400e+02 3.238464e+01 -3.321661e-01
      vertex   -2.538400e+02 3.030000e+01 -8.973633e-15
    endloop
  endfacet
  facet normal 1.000000e+00 -0.000000e+00 0.000000e+00
    outer loop
      vertex   -2.538400e+02 3.030000e+01 -8.973633e-15
      vertex   -2.538400e+02 3.238464e+01 -3.321661e-01
      vertex   -2.538400e+02 3.226257e+01 9.851868e-01
    endloop
  endfacet
  facet normal 1.000000e+00 0.000000e+00 -0.000000e+00
    outer loop
      vertex   -2.538400e+02 3.030000e+01 -8.973633e-15
      vertex   -2.538400e+02 3.226257e+01 9.851868e-01
      vertex   -2.538400e+02 3.009904e+01 7.500000e-01
    endloop
  endfacet
  facet normal 1.000000e+00 0.000000e+00 0.000000e+00
    outer loop
      vertex   -2.538400e+02 3.009904e+01 7.500000e-01
      vertex   -2.538400e+02 3.226257e+01 9.851868e-01
      vertex   -2.538400e+02 3.167286e+01 2.169485e+00
    endloop
  endfacet
  facet normal 1.000000e+00 0.000000e+00 -0.000000e+00
    outer loop
      vertex   -2.538400e+02 3.009904e+01 7.500000e-01
      vertex   -2.538400e+02 3.167286e+01 2.169485e+00
      vertex   -2.538400e+02 2.955000e+01 1.299038e+00
    endloop
  endfacet
  facet normal 1.000000e+00 0.000000e+00 0.000000e+00
    outer loop
      vertex   -2.538400e+02 2.955000e+01 1.299038e+00
      vertex   -2.538400e+02 3.167286e+01 2.169485e+00
      vertex   -2.538400e+02 3.069516e+01 3.060782e+00
    endloop
  endfacet
  facet normal 1.000000e+00 0.000000e+00 -0.000000e+00
    outer loop
      vertex   -2.538400e+02 2.955000e+01 1.299038e+00
      vertex   -2.538400e+02 3.069516e+01 3.060782e+00
      vertex   -2.538400e+02 2.946150e+01 3.538703e+00
    endloop
  endfacet
  facet normal 1.000000e+00 0.000000e+00 0.000000e+00
    outer loop
      vertex   -2.538400e+02 2.955000e+01 1.299038e+00
      vertex   -2.538400e+02 2.946150e+01 3.538703e+00
      vertex   -2.538400e+02 2.880000e+01 1.500000e+00
    endloop
  endfacet
  facet normal 1.000000e+00 0.000000e+00 -0.000000e+00
    outer loop
      vertex   -2.538400e+02 2.880000e+01 1.500000e+00
      vertex   -2.538400e+02 2.946150e+01 3.538703e+00
      vertex   -2.538400e+02 2.813850e+01 3.538703e+00
    endloop
  endfacet
  facet normal 1.000000e+00 0.000000e+00 0.000000e+00
    outer loop
      vertex   -2.538400e+02 2.880000e+01 1.500000e+00
      vertex   -2.538400e+02 2.813850e+01 3.538703e+00
      vertex   -2.538400e+02 2.805000e+01 1.299038e+00
    endloop
  endfacet
  facet normal 1.000000e+00 0.000000e+00 -0.000000e+00
    outer loop
      vertex   -2.538400e+02 2.805000e+01 1.299038e+00
      vertex   -2.538400e+02 2.813850e+01 3.538703e+00
      vertex   -2.538400e+02 2.690484e+01 3.060782e+00
    endloop
  endfacet
  facet normal 1.000000e+00 0.000000e+00 0.000000e+00
    outer loop
      vertex   -2.538400e+02 2.805000e+01 1.299038e+00
      vertex   -2.538400e+02 2.690484e+01 3.060782e+00
      vertex   -2.538400e+02 2.592714e+01 2.169485e+00
    endloop
  endfacet
  facet normal 1.000000e+00 0.000000e+00 0.000000e+00
    outer loop
      vertex   -2.538400e+02 2.805000e+01 1.299038e+00
      vertex   -2.538400e+02 2.592714e+01 2.169485e+00
      vertex   -2.538400e+02 2.750096e+01 7.500000e-01
    endloop
  endfacet
  facet normal 1.000000e+00 0.000000e+00 0.000000e+00
    outer loop
      vertex   -2.538400e+02 2.750096e+01 7.500000e-01
      vertex   -2.538400e+02 2.592714e+01 2.169485e+00
      vertex   -2.538400e+02 2.533743e+01 9.851868e-01
    endloop
  endfacet
  facet normal 1.000000e+00 0.000000e+00 0.000000e+00
    outer loop
      vertex   -2.538400e+02 2.750096e+01 7.500000e-01
      vertex   -2.538400e+02 2.533743e+01 9.851868e-01
      vertex   -2.538400e+02 2.730000e+01 -8.973633e-15
    endloop
  endfacet
  facet normal 1.000000e+00 0.000000e+00 0.000000e+00
    outer loop
      vertex   -2.538400e+02 2.730000e+01 -8.973633e-15
      vertex   -2.538400e+02 2.533743e+01 9.851868e-01
      vertex   -2.538400e+02 2.521536e+01 -3.321661e-01
    endloop
  endfacet
  facet normal 1.000000e+00 0.000000e+00 0.000000e+00
    outer loop
      vertex   -2.538400e+02 2.730000e+01 -8.973633e-15
      vertex   -2.538400e+02 2.521536e+01 -3.321661e-01
      vertex   -2.538400e+02 2.750096e+01 -7.500000e-01
    endloop
  endfacet
  facet normal 1.000000e+00 0.000000e+00 0.000000e+00
    outer loop
      vertex   -2.538400e+02 2.750096e+01 -7.500000e-01
      vertex   -2.538400e+02 2.521536e+01 -3.321661e-01
      vertex   -2.538400e+02 2.557741e+01 -1.604658e+00
    endloop
  endfacet
  facet normal 1.000000e+00 0.000000e+00 0.000000e+00
    outer loop
      vertex   -2.538400e+02 2.750096e+01 -7.500000e-01
      vertex   -2.538400e+02 2.557741e+01 -1.604658e+00
      vertex   -2.538400e+02 2.637470e+01 -2.660432e+00
    endloop
  endfacet
  facet normal 1.000000e+00 0.000000e+00 0.000000e+00
    outer loop
      vertex   -2.538400e+02 2.750096e+01 -7.500000e-01
      vertex   -2.538400e+02 2.637470e+01 -2.660432e+00
      vertex   -2.538400e+02 2.805000e+01 -1.299038e+00
    endloop
  endfacet
  facet normal 1.000000e+00 0.000000e+00 0.000000e+00
    outer loop
      vertex   -2.538400e+02 2.805000e+01 -1.299038e+00
      vertex   -2.538400e+02 2.637470e+01 -2.660432e+00
      vertex   -2.538400e+02 2.749953e+01 -3.356900e+00
    endloop
  endfacet
  facet normal 1.000000e+00 0.000000e+00 0.000000e+00
    outer loop
      vertex   -2.538400e+02 2.805000e+01 -1.299038e+00
      vertex   -2.538400e+02 2.749953e+01 -3.356900e+00
      vertex   -2.538400e+02 2.880000e+01 -1.500000e+00
    endloop
  endfacet
  facet normal -1.768622e-03 9.951662e-01 9.818951e-02
    outer loop
      vertex   -2.441092e+02 2.526917e+01 -7.023252e-01
      vertex   -2.538400e+02 2.521536e+01 -3.321661e-01
      vertex   -2.440400e+02 2.520000e+01 -9.322657e-15
    endloop
  endfacet
  facet normal 4.687691e-03 9.957232e-01 -9.226735e-02
    outer loop
      vertex   -2.440400e+02 2.520000e+01 -9.322657e-15
      vertex   -2.538400e+02 2.521536e+01 -3.321661e-01
      vertex   -2.538400e+02 2.533743e+01 9.851868e-01
    endloop
  endfacet
  facet normal 4.143269e-03 9.952159e-01 -9.761214e-02
    outer loop
      vertex   -2.440400e+02 2.520000e+01 -9.322657e-15
      vertex   -2.538400e+02 2.533743e+01 9.851868e-01
      vertex   -2.441092e+02 2.526917e+01 7.023252e-01
    endloop
  endfacet
  facet normal -1.741014e-03 9.567921e-01 -2.907678e-01
    outer loop
      vertex   -2.441092e+02 2.526917e+01 7.023252e-01
      vertex   -2.538400e+02 2.533743e+01 9.851868e-01
      vertex   -2.443140e+02 2.547403e+01 1.377660e+00
    endloop
  endfacet
  facet normal 5.527529e-03 8.951496e-01 -4.457315e-01
    outer loop
      vertex   -2.443140e+02 2.547403e+01 1.377660e+00
      vertex   -2.538400e+02 2.533743e+01 9.851868e-01
      vertex   -2.538400e+02 2.592714e+01 2.169485e+00
    endloop
  endfacet
  facet normal 2.895615e-03 8.825602e-01 -4.701905e-01
    outer loop
      vertex   -2.443140e+02 2.547403e+01 1.377660e+00
      vertex   -2.538400e+02 2.592714e+01 2.169485e+00
      vertex   -2.446467e+02 2.580671e+01 2.000053e+00
    endloop
  endfacet
  facet normal -1.588421e-03 7.723698e-01 -6.351711e-01
    outer loop
      vertex   -2.446467e+02 2.580671e+01 2.000053e+00
      vertex   -2.538400e+02 2.592714e+01 2.169485e+00
      vertex   -2.450944e+02 2.625442e+01 2.545584e+00
    endloop
  endfacet
  facet normal 6.569522e-03 6.736811e-01 -7.389930e-01
    outer loop
      vertex   -2.450944e+02 2.625442e+01 2.545584e+00
      vertex   -2.538400e+02 2.592714e+01 2.169485e+00
      vertex   -2.538400e+02 2.690484e+01 3.060782e+00
    endloop
  endfacet
  facet normal 1.773710e-03 6.354516e-01 -7.721387e-01
    outer loop
      vertex   -2.450944e+02 2.625442e+01 2.545584e+00
      vertex   -2.538400e+02 2.690484e+01 3.060782e+00
      vertex   -2.456399e+02 2.679995e+01 2.993291e+00
    endloop
  endfacet
  facet normal -1.245139e-03 4.704276e-01 -8.824377e-01
    outer loop
      vertex   -2.456399e+02 2.679995e+01 2.993291e+00
      vertex   -2.538400e+02 2.690484e+01 3.060782e+00
      vertex   -2.462623e+02 2.742234e+01 3.325966e+00
    endloop
  endfacet
  facet normal 7.962151e-03 3.612302e-01 -9.324427e-01
    outer loop
      vertex   -2.462623e+02 2.742234e+01 3.325966e+00
      vertex   -2.538400e+02 2.690484e+01 3.060782e+00
      vertex   -2.538400e+02 2.813850e+01 3.538703e+00
    endloop
  endfacet
  facet normal 6.286714e-04 2.908603e-01 -9.567653e-01
    outer loop
      vertex   -2.462623e+02 2.742234e+01 3.325966e+00
      vertex   -2.538400e+02 2.813850e+01 3.538703e+00
      vertex   -2.469377e+02 2.809767e+01 3.530827e+00
    endloop
  endfacet
  facet normal -5.591632e-04 9.746332e-02 -9.952390e-01
    outer loop
      vertex   -2.469377e+02 2.809767e+01 3.530827e+00
      vertex   -2.538400e+02 2.813850e+01 3.538703e+00
      vertex   -2.476400e+02 2.880000e+01 3.600000e+00
    endloop
  endfacet
  facet normal 9.886104e-03 0.000000e+00 -9.999511e-01
    outer loop
      vertex   -2.476400e+02 2.880000e+01 3.600000e+00
      vertex   -2.538400e+02 2.813850e+01 3.538703e+00
      vertex   -2.538400e+02 2.946150e+01 3.538703e+00
    endloop
  endfacet
  facet normal -6.926469e-04 -9.870309e-02 -9.951167e-01
    outer loop
      vertex   -2.476400e+02 2.880000e+01 3.600000e+00
      vertex   -2.538400e+02 2.946150e+01 3.538703e+00
      vertex   -2.483423e+02 2.950233e+01 3.530827e+00
    endloop
  endfacet
  facet normal 7.791620e-04 -2.895710e-01 -9.571562e-01
    outer loop
      vertex   -2.483423e+02 2.950233e+01 3.530827e+00
      vertex   -2.538400e+02 2.946150e+01 3.538703e+00
      vertex   -2.490177e+02 3.017766e+01 3.325966e+00
    endloop
  endfacet
  facet normal 1.251087e-02 -3.612134e-01 -9.323993e-01
    outer loop
      vertex   -2.490177e+02 3.017766e+01 3.325966e+00
      vertex   -2.538400e+02 2.946150e+01 3.538703e+00
      vertex   -2.538400e+02 3.069516e+01 3.060782e+00
    endloop
  endfacet
  facet normal -2.337493e-03 -4.732125e-01 -8.809452e-01
    outer loop
      vertex   -2.490177e+02 3.017766e+01 3.325966e+00
      vertex   -2.538400e+02 3.069516e+01 3.060782e+00
      vertex   -2.496401e+02 3.080005e+01 2.993291e+00
    endloop
  endfacet
  facet normal 3.346244e-03 -6.323881e-01 -7.746445e-01
    outer loop
      vertex   -2.496401e+02 3.080005e+01 2.993291e+00
      vertex   -2.538400e+02 3.069516e+01 3.060782e+00
      vertex   -2.501856e+02 3.134558e+01 2.545584e+00
    endloop
  endfacet
  facet normal 1.572028e-02 -6.736124e-01 -7.389176e-01
    outer loop
      vertex   -2.501856e+02 3.134558e+01 2.545584e+00
      vertex   -2.538400e+02 3.069516e+01 3.060782e+00
      vertex   -2.538400e+02 3.167286e+01 2.169485e+00
    endloop
  endfacet
  facet normal -4.311727e-03 -7.747357e-01 -6.322706e-01
    outer loop
      vertex   -2.501856e+02 3.134558e+01 2.545584e+00
      vertex   -2.538400e+02 3.167286e+01 2.169485e+00
      vertex   -2.506333e+02 3.179329e+01 2.000053e+00
    endloop
  endfacet
  facet normal 7.971734e-03 -8.801156e-01 -4.746926e-01
    outer loop
      vertex   -2.506333e+02 3.179329e+01 2.000053e+00
      vertex   -2.538400e+02 3.167286e+01 2.169485e+00
      vertex   -2.509660e+02 3.212597e+01 1.377660e+00
    endloop
  endfacet
  facet normal 1.831817e-02 -8.950131e-01 -4.456636e-01
    outer loop
      vertex   -2.509660e+02 3.212597e+01 1.377660e+00
      vertex   -2.538400e+02 3.167286e+01 2.169485e+00
      vertex   -2.538400e+02 3.226257e+01 9.851868e-01
    endloop
  endfacet
  facet normal -6.099287e-03 -9.574350e-01 -2.885845e-01
    outer loop
      vertex   -2.509660e+02 3.212597e+01 1.377660e+00
      vertex   -2.538400e+02 3.226257e+01 9.851868e-01
      vertex   -2.511708e+02 3.233083e+01 7.023252e-01
    endloop
  endfacet
  facet normal 1.490173e-02 -9.949300e-01 -9.945974e-02
    outer loop
      vertex   -2.511708e+02 3.233083e+01 7.023252e-01
      vertex   -2.538400e+02 3.226257e+01 9.851868e-01
      vertex   -2.512400e+02 3.240000e+01 -8.881784e-15
    endloop
  endfacet
  facet normal 1.766643e-02 -9.955788e-01 -9.225396e-02
    outer loop
      vertex   -2.512400e+02 3.240000e+01 -8.881784e-15
      vertex   -2.538400e+02 3.226257e+01 9.851868e-01
      vertex   -2.538400e+02 3.238464e+01 -3.321661e-01
    endloop
  endfacet
  facet normal -6.561921e-03 -9.952261e-01 9.737493e-02
    outer loop
      vertex   -2.512400e+02 3.240000e+01 -8.881784e-15
      vertex   -2.538400e+02 3.238464e+01 -3.321661e-01
      vertex   -2.511708e+02 3.233083e+01 -7.023252e-01
    endloop
  endfacet
  facet normal 1.855581e-02 -9.616600e-01 2.736159e-01
    outer loop
      vertex   -2.511708e+02 3.233083e+01 -7.023252e-01
      vertex   -2.538400e+02 3.238464e+01 -3.321661e-01
      vertex   -2.538400e+02 3.202259e+01 -1.604658e+00
    endloop
  endfacet
  facet normal 1.121284e-02 -9.559303e-01 2.933797e-01
    outer loop
      vertex   -2.511708e+02 3.233083e+01 -7.023252e-01
      vertex   -2.538400e+02 3.202259e+01 -1.604658e+00
      vertex   -2.509660e+02 3.212597e+01 -1.377660e+00
    endloop
  endfacet
  facet normal -5.293230e-03 -8.830824e-01 4.691881e-01
    outer loop
      vertex   -2.509660e+02 3.212597e+01 -1.377660e+00
      vertex   -2.538400e+02 3.202259e+01 -1.604658e+00
      vertex   -2.506333e+02 3.179329e+01 -2.000053e+00
    endloop
  endfacet
  facet normal 1.724110e-02 -7.978986e-01 6.025451e-01
    outer loop
      vertex   -2.506333e+02 3.179329e+01 -2.000053e+00
      vertex   -2.538400e+02 3.202259e+01 -1.604658e+00
      vertex   -2.538400e+02 3.122530e+01 -2.660432e+00
    endloop
  endfacet
  facet normal 5.351954e-03 -7.708410e-01 6.370051e-01
    outer loop
      vertex   -2.506333e+02 3.179329e+01 -2.000053e+00
      vertex   -2.538400e+02 3.122530e+01 -2.660432e+00
      vertex   -2.501856e+02 3.134558e+01 -2.545584e+00
    endloop
  endfacet
  facet normal -3.297584e-03 -6.363582e-01 7.713866e-01
    outer loop
      vertex   -2.501856e+02 3.134558e+01 -2.545584e+00
      vertex   -2.538400e+02 3.122530e+01 -2.660432e+00
      vertex   -2.496401e+02 3.080005e+01 -2.993291e+00
    endloop
  endfacet
  facet normal 1.407877e-02 -5.263800e-01 8.501329e-01
    outer loop
      vertex   -2.496401e+02 3.080005e+01 -2.993291e+00
      vertex   -2.538400e+02 3.122530e+01 -2.660432e+00
      vertex   -2.538400e+02 3.010047e+01 -3.356900e+00
    endloop
  endfacet
  facet normal 1.860208e-03 -4.699484e-01 8.826919e-01
    outer loop
      vertex   -2.496401e+02 3.080005e+01 -2.993291e+00
      vertex   -2.538400e+02 3.010047e+01 -3.356900e+00
      vertex   -2.490177e+02 3.017766e+01 -3.325966e+00
    endloop
  endfacet
  facet normal -1.467785e-03 -2.916282e-01 9.565306e-01
    outer loop
      vertex   -2.490177e+02 3.017766e+01 -3.325966e+00
      vertex   -2.538400e+02 3.010047e+01 -3.356900e+00
      vertex   -2.483423e+02 2.950233e+01 -3.530827e+00
    endloop
  endfacet
  facet normal 1.110523e-02 -1.837382e-01 9.829125e-01
    outer loop
      vertex   -2.483423e+02 2.950233e+01 -3.530827e+00
      vertex   -2.538400e+02 3.010047e+01 -3.356900e+00
      vertex   -2.538400e+02 2.880000e+01 -3.600000e+00
    endloop
  endfacet
  facet normal 1.427271e-16 -9.801714e-02 9.951847e-01
    outer loop
      vertex   -2.483423e+02 2.950233e+01 -3.530827e+00
      vertex   -2.538400e+02 2.880000e+01 -3.600000e+00
      vertex   -2.476400e+02 2.880000e+01 -3.600000e+00
    endloop
  endfacet
  facet normal 1.425648e-16 9.801714e-02 9.951847e-01
    outer loop
      vertex   -2.476400e+02 2.880000e+01 -3.600000e+00
      vertex   -2.538400e+02 2.880000e+01 -3.600000e+00
      vertex   -2.469377e+02 2.809767e+01 -3.530827e+00
    endloop
  endfacet
  facet normal 8.845473e-03 1.837423e-01 9.829346e-01
    outer loop
      vertex   -2.469377e+02 2.809767e+01 -3.530827e+00
      vertex   -2.538400e+02 2.880000e+01 -3.600000e+00
      vertex   -2.538400e+02 2.749953e+01 -3.356900e+00
    endloop
  endfacet
  facet normal -9.594776e-04 2.894058e-01 9.572060e-01
    outer loop
      vertex   -2.469377e+02 2.809767e+01 -3.530827e+00
      vertex   -2.538400e+02 2.749953e+01 -3.356900e+00
      vertex   -2.462623e+02 2.742234e+01 -3.325966e+00
    endloop
  endfacet
  facet normal 1.213386e-03 4.723399e-01 8.814157e-01
    outer loop
      vertex   -2.462623e+02 2.742234e+01 -3.325966e+00
      vertex   -2.538400e+02 2.749953e+01 -3.356900e+00
      vertex   -2.456399e+02 2.679995e+01 -2.993291e+00
    endloop
  endfacet
  facet normal 7.211467e-03 5.264185e-01 8.501950e-01
    outer loop
      vertex   -2.456399e+02 2.679995e+01 -2.993291e+00
      vertex   -2.538400e+02 2.749953e+01 -3.356900e+00
      vertex   -2.538400e+02 2.637470e+01 -2.660432e+00
    endloop
  endfacet
  facet normal -1.447487e-03 6.335273e-01 7.737190e-01
    outer loop
      vertex   -2.456399e+02 2.679995e+01 -2.993291e+00
      vertex   -2.538400e+02 2.637470e+01 -2.660432e+00
      vertex   -2.450944e+02 2.625442e+01 -2.545584e+00
    endloop
  endfacet
  facet normal 2.328368e-03 7.739446e-01 6.332491e-01
    outer loop
      vertex   -2.450944e+02 2.625442e+01 -2.545584e+00
      vertex   -2.538400e+02 2.637470e+01 -2.660432e+00
      vertex   -2.446467e+02 2.580671e+01 -2.000053e+00
    endloop
  endfacet
  facet normal 6.014650e-03 7.980028e-01 6.026237e-01
    outer loop
      vertex   -2.446467e+02 2.580671e+01 -2.000053e+00
      vertex   -2.538400e+02 2.637470e+01 -2.660432e+00
      vertex   -2.538400e+02 2.557741e+01 -1.604658e+00
    endloop
  endfacet
  facet normal -1.682955e-03 8.815458e-01 4.720956e-01
    outer loop
      vertex   -2.446467e+02 2.580671e+01 -2.000053e+00
      vertex   -2.538400e+02 2.557741e+01 -1.604658e+00
      vertex   -2.443140e+02 2.547403e+01 -1.377660e+00
    endloop
  endfacet
  facet normal 3.493987e-03 9.572284e-01 2.893122e-01
    outer loop
      vertex   -2.443140e+02 2.547403e+01 -1.377660e+00
      vertex   -2.538400e+02 2.557741e+01 -1.604658e+00
      vertex   -2.441092e+02 2.526917e+01 -7.023252e-01
    endloop
  endfacet
  facet normal 5.090684e-03 9.618132e-01 2.736594e-01
    outer loop
      vertex   -2.441092e+02 2.526917e+01 -7.023252e-01
      vertex   -2.538400e+02 2.557741e+01 -1.604658e+00
      vertex   -2.538400e+02 2.521536e+01 -3.321661e-01
    endloop
  endfacet
  facet normal -6.773009e-17 -2.588190e-01 -9.659258e-01
    outer loop
      vertex   -2.728400e+02 2.955000e+01 1.299038e+00
      vertex   -2.633400e+02 2.955000e+01 1.299038e+00
      vertex   -2.728400e+02 2.880000e+01 1.500000e+00
    endloop
  endfacet
  facet normal 0.000000e+00 -2.588190e-01 -9.659258e-01
    outer loop
      vertex   -2.728400e+02 2.880000e+01 1.500000e+00
      vertex   -2.633400e+02 2.955000e+01 1.299038e+00
      vertex   -2.633400e+02 2.880000e+01 1.500000e+00
    endloop
  endfacet
  facet normal 0.000000e+00 2.588190e-01 -9.659258e-01
    outer loop
      vertex   -2.728400e+02 2.880000e+01 1.500000e+00
      vertex   -2.633400e+02 2.880000e+01 1.500000e+00
      vertex   -2.728400e+02 2.805000e+01 1.299038e+00
    endloop
  endfacet
  facet normal -4.515339e-17 2.588190e-01 -9.659258e-01
    outer loop
      vertex   -2.728400e+02 2.805000e+01 1.299038e+00
      vertex   -2.633400e+02 2.880000e+01 1.500000e+00
      vertex   -2.633400e+02 2.805000e+01 1.299038e+00
    endloop
  endfacet
  facet normal -3.305458e-17 7.071068e-01 -7.071068e-01
    outer loop
      vertex   -2.728400e+02 2.805000e+01 1.299038e+00
      vertex   -2.633400e+02 2.805000e+01 1.299038e+00
      vertex   -2.728400e+02 2.750096e+01 7.500000e-01
    endloop
  endfacet
  facet normal 0.000000e+00 7.071068e-01 -7.071068e-01
    outer loop
      vertex   -2.728400e+02 2.750096e+01 7.500000e-01
      vertex   -2.633400e+02 2.805000e+01 1.299038e+00
      vertex   -2.633400e+02 2.750096e+01 7.500000e-01
    endloop
  endfacet
  facet normal 0.000000e+00 9.659258e-01 -2.588190e-01
    outer loop
      vertex   -2.728400e+02 2.750096e+01 7.500000e-01
      vertex   -2.633400e+02 2.750096e+01 7.500000e-01
      vertex   -2.728400e+02 2.730000e+01 -8.973633e-15
    endloop
  endfacet
  facet normal 0.000000e+00 9.659258e-01 -2.588190e-01
    outer loop
      vertex   -2.728400e+02 2.730000e+01 -8.973633e-15
      vertex   -2.633400e+02 2.750096e+01 7.500000e-01
      vertex   -2.633400e+02 2.730000e+01 -8.973633e-15
    endloop
  endfacet
  facet normal -0.000000e+00 9.659258e-01 2.588190e-01
    outer loop
      vertex   -2.728400e+02 2.730000e+01 -8.973633e-15
      vertex   -2.633400e+02 2.730000e+01 -8.973633e-15
      vertex   -2.728400e+02 2.750096e+01 -7.500000e-01
    endloop
  endfacet
  facet normal -3.327174e-17 9.659258e-01 2.588190e-01
    outer loop
      vertex   -2.728400e+02 2.750096e+01 -7.500000e-01
      vertex   -2.633400e+02 2.730000e+01 -8.973633e-15
      vertex   -2.633400e+02 2.750096e+01 -7.500000e-01
    endloop
  endfacet
  facet normal -9.090009e-17 7.071068e-01 7.071068e-01
    outer loop
      vertex   -2.728400e+02 2.750096e+01 -7.500000e-01
      vertex   -2.633400e+02 2.750096e+01 -7.500000e-01
      vertex   -2.728400e+02 2.805000e+01 -1.299038e+00
    endloop
  endfacet
  facet normal -4.958187e-17 7.071068e-01 7.071068e-01
    outer loop
      vertex   -2.728400e+02 2.805000e+01 -1.299038e+00
      vertex   -2.633400e+02 2.750096e+01 -7.500000e-01
      vertex   -2.633400e+02 2.805000e+01 -1.299038e+00
    endloop
  endfacet
  facet normal -6.773009e-17 2.588190e-01 9.659258e-01
    outer loop
      vertex   -2.728400e+02 2.805000e+01 -1.299038e+00
      vertex   -2.633400e+02 2.805000e+01 -1.299038e+00
      vertex   -2.728400e+02 2.880000e+01 -1.500000e+00
    endloop
  endfacet
  facet normal -0.000000e+00 2.588190e-01 9.659258e-01
    outer loop
      vertex   -2.728400e+02 2.880000e+01 -1.500000e+00
      vertex   -2.633400e+02 2.805000e+01 -1.299038e+00
      vertex   -2.633400e+02 2.880000e+01 -1.500000e+00
    endloop
  endfacet
  facet normal 0.000000e+00 -2.588190e-01 9.659258e-01
    outer loop
      vertex   -2.728400e+02 2.880000e+01 -1.500000e+00
      vertex   -2.633400e+02 2.880000e+01 -1.500000e+00
      vertex   -2.728400e+02 2.955000e+01 -1.299038e+00
    endloop
  endfacet
  facet normal -4.515339e-17 -2.588190e-01 9.659258e-01
    outer loop
      vertex   -2.728400e+02 2.955000e+01 -1.299038e+00
      vertex   -2.633400e+02 2.880000e+01 -1.500000e+00
      vertex   -2.633400e+02 2.955000e+01 -1.299038e+00
    endloop
  endfacet
  facet normal -3.305458e-17 -7.071068e-01 7.071068e-01
    outer loop
      vertex   -2.728400e+02 2.955000e+01 -1.299038e+00
      vertex   -2.633400e+02 2.955000e+01 -1.299038e+00
      vertex   -2.728400e+02 3.009904e+01 -7.500000e-01
    endloop
  endfacet
  facet normal -4.131822e-17 -7.071068e-01 7.071068e-01
    outer loop
      vertex   -2.728400e+02 3.009904e+01 -7.500000e-01
      vertex   -2.633400e+02 2.955000e+01 -1.299038e+00
      vertex   -2.633400e+02 3.009904e+01 -7.500000e-01
    endloop
  endfacet
  facet normal -1.512352e-17 -9.659258e-01 2.588190e-01
    outer loop
      vertex   -2.728400e+02 3.009904e+01 -7.500000e-01
      vertex   -2.633400e+02 3.009904e+01 -7.500000e-01
      vertex   -2.728400e+02 3.030000e+01 -8.973633e-15
    endloop
  endfacet
  facet normal 0.000000e+00 -9.659258e-01 2.588190e-01
    outer loop
      vertex   -2.728400e+02 3.030000e+01 -8.973633e-15
      vertex   -2.633400e+02 3.009904e+01 -7.500000e-01
      vertex   -2.633400e+02 3.030000e+01 -8.973633e-15
    endloop
  endfacet
  facet normal 0.000000e+00 -9.659258e-01 -2.588190e-01
    outer loop
      vertex   -2.728400e+02 3.030000e+01 -8.973633e-15
      vertex   -2.633400e+02 3.030000e+01 -8.973633e-15
      vertex   -2.728400e+02 3.009904e+01 7.500000e-01
    endloop
  endfacet
  facet normal -3.629645e-17 -9.659258e-01 -2.588190e-01
    outer loop
      vertex   -2.728400e+02 3.009904e+01 7.500000e-01
      vertex   -2.633400e+02 3.030000e+01 -8.973633e-15
      vertex   -2.633400e+02 3.009904e+01 7.500000e-01
    endloop
  endfacet
  facet normal -9.916373e-17 -7.071068e-01 -7.071068e-01
    outer loop
      vertex   -2.728400e+02 3.009904e+01 7.500000e-01
      vertex   -2.633400e+02 3.009904e+01 7.500000e-01
      vertex   -2.728400e+02 2.955000e+01 1.299038e+00
    endloop
  endfacet
  facet normal -4.958187e-17 -7.071068e-01 -7.071068e-01
    outer loop
      vertex   -2.728400e+02 2.955000e+01 1.299038e+00
      vertex   -2.633400e+02 3.009904e+01 7.500000e-01
      vertex   -2.633400e+02 2.955000e+01 1.299038e+00
    endloop
  endfacet
  facet normal 6.773009e-17 2.588190e-01 -9.659258e-01
    outer loop
      vertex   -2.538400e+02 2.805000e+01 1.299038e+00
      vertex   -2.633400e+02 2.805000e+01 1.299038e+00
      vertex   -2.538400e+02 2.880000e+01 1.500000e+00
    endloop
  endfacet
  facet normal 0.000000e+00 2.588190e-01 -9.659258e-01
    outer loop
      vertex   -2.538400e+02 2.880000e+01 1.500000e+00
      vertex   -2.633400e+02 2.805000e+01 1.299038e+00
      vertex   -2.633400e+02 2.880000e+01 1.500000e+00
    endloop
  endfacet
  facet normal -0.000000e+00 -2.588190e-01 -9.659258e-01
    outer loop
      vertex   -2.538400e+02 2.880000e+01 1.500000e+00
      vertex   -2.633400e+02 2.880000e+01 1.500000e+00
      vertex   -2.538400e+02 2.955000e+01 1.299038e+00
    endloop
  endfacet
  facet normal 4.515339e-17 -2.588190e-01 -9.659258e-01
    outer loop
      vertex   -2.538400e+02 2.955000e+01 1.299038e+00
      vertex   -2.633400e+02 2.880000e+01 1.500000e+00
      vertex   -2.633400e+02 2.955000e+01 1.299038e+00
    endloop
  endfacet
  facet normal 3.305458e-17 -7.071068e-01 -7.071068e-01
    outer loop
      vertex   -2.538400e+02 2.955000e+01 1.299038e+00
      vertex   -2.633400e+02 2.955000e+01 1.299038e+00
      vertex   -2.538400e+02 3.009904e+01 7.500000e-01
    endloop
  endfacet
  facet normal -0.000000e+00 -7.071068e-01 -7.071068e-01
    outer loop
      vertex   -2.538400e+02 3.009904e+01 7.500000e-01
      vertex   -2.633400e+02 2.955000e+01 1.299038e+00
      vertex   -2.633400e+02 3.009904e+01 7.500000e-01
    endloop
  endfacet
  facet normal -0.000000e+00 -9.659258e-01 -2.588190e-01
    outer loop
      vertex   -2.538400e+02 3.009904e+01 7.500000e-01
      vertex   -2.633400e+02 3.009904e+01 7.500000e-01
      vertex   -2.538400e+02 3.030000e+01 -8.973633e-15
    endloop
  endfacet
  facet normal -0.000000e+00 -9.659258e-01 -2.588190e-01
    outer loop
      vertex   -2.538400e+02 3.030000e+01 -8.973633e-15
      vertex   -2.633400e+02 3.009904e+01 7.500000e-01
      vertex   -2.633400e+02 3.030000e+01 -8.973633e-15
    endloop
  endfacet
  facet normal 0.000000e+00 -9.659258e-01 2.588190e-01
    outer loop
      vertex   -2.538400e+02 3.030000e+01 -8.973633e-15
      vertex   -2.633400e+02 3.030000e+01 -8.973633e-15
      vertex   -2.538400e+02 3.009904e+01 -7.500000e-01
    endloop
  endfacet
  facet normal 3.327174e-17 -9.659258e-01 2.588190e-01
    outer loop
      vertex   -2.538400e+02 3.009904e+01 -7.500000e-01
      vertex   -2.633400e+02 3.030000e+01 -8.973633e-15
      vertex   -2.633400e+02 3.009904e+01 -7.500000e-01
    endloop
  endfacet
  facet normal 9.090009e-17 -7.071068e-01 7.071068e-01
    outer loop
      vertex   -2.538400e+02 3.009904e+01 -7.500000e-01
      vertex   -2.633400e+02 3.009904e+01 -7.500000e-01
      vertex   -2.538400e+02 2.955000e+01 -1.299038e+00
    endloop
  endfacet
  facet normal 4.958187e-17 -7.071068e-01 7.071068e-01
    outer loop
      vertex   -2.538400e+02 2.955000e+01 -1.299038e+00
      vertex   -2.633400e+02 3.009904e+01 -7.500000e-01
      vertex   -2.633400e+02 2.955000e+01 -1.299038e+00
    endloop
  endfacet
  facet normal 6.773009e-17 -2.588190e-01 9.659258e-01
    outer loop
      vertex   -2.538400e+02 2.955000e+01 -1.299038e+00
      vertex   -2.633400e+02 2.955000e+01 -1.299038e+00
      vertex   -2.538400e+02 2.880000e+01 -1.500000e+00
    endloop
  endfacet
  facet normal 0.000000e+00 -2.588190e-01 9.659258e-01
    outer loop
      vertex   -2.538400e+02 2.880000e+01 -1.500000e+00
      vertex   -2.633400e+02 2.955000e+01 -1.299038e+00
      vertex   -2.633400e+02 2.880000e+01 -1.500000e+00
    endloop
  endfacet
  facet normal 0.000000e+00 2.588190e-01 9.659258e-01
    outer loop
      vertex   -2.538400e+02 2.880000e+01 -1.500000e+00
      vertex   -2.633400e+02 2.880000e+01 -1.500000e+00
      vertex   -2.538400e+02 2.805000e+01 -1.299038e+00
    endloop
  endfacet
  facet normal 4.515339e-17 2.588190e-01 9.659258e-01
    outer loop
      vertex   -2.538400e+02 2.805000e+01 -1.299038e+00
      vertex   -2.633400e+02 2.880000e+01 -1.500000e+00
      vertex   -2.633400e+02 2.805000e+01 -1.299038e+00
    endloop
  endfacet
  facet normal 3.305458e-17 7.071068e-01 7.071068e-01
    outer loop
      vertex   -2.538400e+02 2.805000e+01 -1.299038e+00
      vertex   -2.633400e+02 2.805000e+01 -1.299038e+00
      vertex   -2.538400e+02 2.750096e+01 -7.500000e-01
    endloop
  endfacet
  facet normal 4.131822e-17 7.071068e-01 7.071068e-01
    outer loop
      vertex   -2.538400e+02 2.750096e+01 -7.500000e-01
      vertex   -2.633400e+02 2.805000e+01 -1.299038e+00
      vertex   -2.633400e+02 2.750096e+01 -7.500000e-01
    endloop
  endfacet
  facet normal 1.512352e-17 9.659258e-01 2.588190e-01
    outer loop
      vertex   -2.538400e+02 2.750096e+01 -7.500000e-01
      vertex   -2.633400e+02 2.750096e+01 -7.500000e-01
      vertex   -2.538400e+02 2.730000e+01 -8.973633e-15
    endloop
  endfacet
  facet normal 0.000000e+00 9.659258e-01 2.588190e-01
    outer loop
      vertex   -2.538400e+02 2.730000e+01 -8.973633e-15
      vertex   -2.633400e+02 2.750096e+01 -7.500000e-01
      vertex   -2.633400e+02 2.730000e+01 -8.973633e-15
    endloop
  endfacet
  facet normal 0.000000e+00 9.659258e-01 -2.588190e-01
    outer loop
      vertex   -2.538400e+02 2.730000e+01 -8.973633e-15
      vertex   -2.633400e+02 2.730000e+01 -8.973633e-15
      vertex   -2.538400e+02 2.750096e+01 7.500000e-01
    endloop
  endfacet
  facet normal 3.629645e-17 9.659258e-01 -2.588190e-01
    outer loop
      vertex   -2.538400e+02 2.750096e+01 7.500000e-01
      vertex   -2.633400e+02 2.730000e+01 -8.973633e-15
      vertex   -2.633400e+02 2.750096e+01 7.500000e-01
    endloop
  endfacet
  facet normal 9.916373e-17 7.071068e-01 -7.071068e-01
    outer loop
      vertex   -2.538400e+02 2.750096e+01 7.500000e-01
      vertex   -2.633400e+02 2.750096e+01 7.500000e-01
      vertex   -2.538400e+02 2.805000e+01 1.299038e+00
    endloop
  endfacet
  facet normal 4.958187e-17 7.071068e-01 -7.071068e-01
    outer loop
      vertex   -2.538400e+02 2.805000e+01 1.299038e+00
      vertex   -2.633400e+02 2.750096e+01 7.500000e-01
      vertex   -2.633400e+02 2.805000e+01 1.299038e+00
    endloop
  endfacet
  facet normal 0.000000e+00 9.986768e-01 5.142529e-02
    outer loop
      vertex   -2.542542e+02 2.500000e+01 1.950000e+01
      vertex   -2.540326e+02 2.502107e+01 1.909075e+01
      vertex   -2.728400e+02 2.500000e+01 1.950000e+01
    endloop
  endfacet
  facet normal 2.014057e-03 9.896458e-01 1.435173e-01
    outer loop
      vertex   -2.728400e+02 2.500000e+01 1.950000e+01
      vertex   -2.540326e+02 2.502107e+01 1.909075e+01
      vertex   -2.537090e+02 2.506580e+01 1.877780e+01
    endloop
  endfacet
  facet normal 2.508407e-03 9.876852e-01 1.564340e-01
    outer loop
      vertex   -2.728400e+02 2.500000e+01 1.950000e+01
      vertex   -2.537090e+02 2.506580e+01 1.877780e+01
      vertex   -2.728400e+02 2.519577e+01 1.826393e+01
    endloop
  endfacet
  facet normal 1.055638e-03 9.781076e-01 2.080973e-01
    outer loop
      vertex   -2.728400e+02 2.519577e+01 1.826393e+01
      vertex   -2.537090e+02 2.506580e+01 1.877780e+01
      vertex   -2.532925e+02 2.510955e+01 1.857006e+01
    endloop
  endfacet
  facet normal 4.456240e-04 9.696100e-01 2.446552e-01
    outer loop
      vertex   -2.728400e+02 2.519577e+01 1.826393e+01
      vertex   -2.532925e+02 2.510955e+01 1.857006e+01
      vertex   -2.528400e+02 2.512702e+01 1.850000e+01
    endloop
  endfacet
  facet normal -5.955092e-04 9.693798e-01 2.455657e-01
    outer loop
      vertex   -2.523875e+02 2.510955e+01 1.857006e+01
      vertex   -2.439169e+02 2.507686e+01 1.871964e+01
      vertex   -2.528400e+02 2.512702e+01 1.850000e+01
    endloop
  endfacet
  facet normal -1.779171e-03 9.567888e-01 2.907784e-01
    outer loop
      vertex   -2.528400e+02 2.512702e+01 1.850000e+01
      vertex   -2.439169e+02 2.507686e+01 1.871964e+01
      vertex   -2.441445e+02 2.530448e+01 1.796927e+01
    endloop
  endfacet
  facet normal -4.052850e-04 9.503641e-01 3.111398e-01
    outer loop
      vertex   -2.528400e+02 2.512702e+01 1.850000e+01
      vertex   -2.441445e+02 2.530448e+01 1.796927e+01
      vertex   -2.728400e+02 2.519577e+01 1.826393e+01
    endloop
  endfacet
  facet normal 1.286471e-03 8.910058e-01 4.539901e-01
    outer loop
      vertex   -2.728400e+02 2.519577e+01 1.826393e+01
      vertex   -2.441445e+02 2.530448e+01 1.796927e+01
      vertex   -2.728400e+02 2.576393e+01 1.714886e+01
    endloop
  endfacet
  facet normal 6.534515e-04 8.820662e-01 4.711250e-01
    outer loop
      vertex   -2.728400e+02 2.576393e+01 1.714886e+01
      vertex   -2.441445e+02 2.530448e+01 1.796927e+01
      vertex   -2.445141e+02 2.567412e+01 1.727772e+01
    endloop
  endfacet
  facet normal -4.365938e-04 7.728346e-01 6.346073e-01
    outer loop
      vertex   -2.728400e+02 2.576393e+01 1.714886e+01
      vertex   -2.445141e+02 2.567412e+01 1.727772e+01
      vertex   -2.450116e+02 2.617157e+01 1.667157e+01
    endloop
  endfacet
  facet normal 1.422646e-04 9.785945e-01 2.057981e-01
    outer loop
      vertex   -2.523875e+02 2.510955e+01 1.857006e+01
      vertex   -2.519710e+02 2.506580e+01 1.877780e+01
      vertex   -2.439169e+02 2.507686e+01 1.871964e+01
    endloop
  endfacet
  facet normal -3.352778e-04 9.898929e-01 1.418165e-01
    outer loop
      vertex   -2.439169e+02 2.507686e+01 1.871964e+01
      vertex   -2.519710e+02 2.506580e+01 1.877780e+01
      vertex   -2.516474e+02 2.502107e+01 1.909075e+01
    endloop
  endfacet
  facet normal -2.464354e-03 9.951580e-01 9.825723e-02
    outer loop
      vertex   -2.439169e+02 2.507686e+01 1.871964e+01
      vertex   -2.516474e+02 2.502107e+01 1.909075e+01
      vertex   -2.438400e+02 2.500000e+01 1.950000e+01
    endloop
  endfacet
  facet normal 0.000000e+00 9.986768e-01 5.142529e-02
    outer loop
      vertex   -2.438400e+02 2.500000e+01 1.950000e+01
      vertex   -2.516474e+02 2.502107e+01 1.909075e+01
      vertex   -2.514258e+02 2.500000e+01 1.950000e+01
    endloop
  endfacet
  facet normal 1.769649e-03 7.071057e-01 7.071057e-01
    outer loop
      vertex   -2.728400e+02 2.576393e+01 1.714886e+01
      vertex   -2.450116e+02 2.617157e+01 1.667157e+01
      vertex   -2.728400e+02 2.664886e+01 1.626393e+01
    endloop
  endfacet
  facet normal -4.506962e-04 6.341239e-01 7.732313e-01
    outer loop
      vertex   -2.728400e+02 2.664886e+01 1.626393e+01
      vertex   -2.450116e+02 2.617157e+01 1.667157e+01
      vertex   -2.456177e+02 2.677772e+01 1.617412e+01
    endloop
  endfacet
  facet normal 6.747676e-04 4.719214e-01 8.816404e-01
    outer loop
      vertex   -2.728400e+02 2.664886e+01 1.626393e+01
      vertex   -2.456177e+02 2.677772e+01 1.617412e+01
      vertex   -2.463093e+02 2.746927e+01 1.580448e+01
    endloop
  endfacet
  facet normal 1.391440e-03 4.539901e-01 8.910057e-01
    outer loop
      vertex   -2.728400e+02 2.664886e+01 1.626393e+01
      vertex   -2.463093e+02 2.746927e+01 1.580448e+01
      vertex   -2.728400e+02 2.776393e+01 1.569577e+01
    endloop
  endfacet
  facet normal -7.049010e-04 2.896390e-01 9.571357e-01
    outer loop
      vertex   -2.728400e+02 2.776393e+01 1.569577e+01
      vertex   -2.463093e+02 2.746927e+01 1.580448e+01
      vertex   -2.470596e+02 2.821964e+01 1.557686e+01
    endloop
  endfacet
  facet normal 1.790615e-03 1.564342e-01 9.876868e-01
    outer loop
      vertex   -2.728400e+02 2.776393e+01 1.569577e+01
      vertex   -2.470596e+02 2.821964e+01 1.557686e+01
      vertex   -2.728400e+02 2.900000e+01 1.550000e+01
    endloop
  endfacet
  facet normal -0.000000e+00 9.801714e-02 9.951847e-01
    outer loop
      vertex   -2.728400e+02 2.900000e+01 1.550000e+01
      vertex   -2.470596e+02 2.821964e+01 1.557686e+01
      vertex   -2.478400e+02 2.900000e+01 1.550000e+01
    endloop
  endfacet
  facet normal 9.914286e-17 0.000000e+00 1.000000e+00
    outer loop
      vertex   -1.474200e+02 2.000000e+01 1.550000e+01
      vertex   -2.728400e+02 2.000000e+01 1.550000e+01
      vertex   -1.474200e+02 1.850000e+01 1.550000e+01
    endloop
  endfacet
  facet normal 9.914286e-17 0.000000e+00 1.000000e+00
    outer loop
      vertex   -1.474200e+02 1.850000e+01 1.550000e+01
      vertex   -2.728400e+02 2.000000e+01 1.550000e+01
      vertex   -2.728400e+02 1.850000e+01 1.550000e+01
    endloop
  endfacet
  facet normal 1.000000e+00 0.000000e+00 0.000000e+00
    outer loop
      vertex   -1.429200e+02 1.425736e+01 0.000000e+00
      vertex   -1.429200e+02 2.500000e+01 0.000000e+00
      vertex   -1.429200e+02 1.503382e+01 1.022225e-01
    endloop
  endfacet
  facet normal 1.000000e+00 -0.000000e+00 0.000000e+00
    outer loop
      vertex   -1.429200e+02 1.503382e+01 1.022225e-01
      vertex   -1.429200e+02 2.500000e+01 0.000000e+00
      vertex   -1.429200e+02 1.575736e+01 4.019238e-01
    endloop
  endfacet
  facet normal 1.000000e+00 -0.000000e+00 0.000000e+00
    outer loop
      vertex   -1.429200e+02 1.575736e+01 4.019238e-01
      vertex   -1.429200e+02 2.500000e+01 0.000000e+00
      vertex   -1.429200e+02 1.637868e+01 8.786797e-01
    endloop
  endfacet
  facet normal 1.000000e+00 -0.000000e+00 0.000000e+00
    outer loop
      vertex   -1.429200e+02 1.637868e+01 8.786797e-01
      vertex   -1.429200e+02 2.500000e+01 0.000000e+00
      vertex   -1.429200e+02 1.762132e+01 2.121320e+00
    endloop
  endfacet
  facet normal 1.000000e+00 -0.000000e+00 0.000000e+00
    outer loop
      vertex   -1.429200e+02 1.762132e+01 2.121320e+00
      vertex   -1.429200e+02 2.500000e+01 0.000000e+00
      vertex   -1.429200e+02 1.809808e+01 2.742641e+00
    endloop
  endfacet
  facet normal 1.000000e+00 -0.000000e+00 0.000000e+00
    outer loop
      vertex   -1.429200e+02 1.809808e+01 2.742641e+00
      vertex   -1.429200e+02 2.500000e+01 0.000000e+00
      vertex   -1.429200e+02 1.839778e+01 3.466184e+00
    endloop
  endfacet
  facet normal 1.000000e+00 -0.000000e+00 0.000000e+00
    outer loop
      vertex   -1.429200e+02 1.839778e+01 3.466184e+00
      vertex   -1.429200e+02 2.500000e+01 0.000000e+00
      vertex   -1.429200e+02 2.500000e+01 5.631579e+00
    endloop
  endfacet
  facet normal 1.000000e+00 0.000000e+00 0.000000e+00
    outer loop
      vertex   -1.429200e+02 1.839778e+01 3.466184e+00
      vertex   -1.429200e+02 2.500000e+01 5.631579e+00
      vertex   -1.429200e+02 1.850000e+01 4.242641e+00
    endloop
  endfacet
  facet normal 1.000000e+00 0.000000e+00 0.000000e+00
    outer loop
      vertex   -1.429200e+02 1.850000e+01 4.242641e+00
      vertex   -1.429200e+02 2.500000e+01 5.631579e+00
      vertex   -1.429200e+02 1.850000e+01 5.631579e+00
    endloop
  endfacet
  facet normal 0.000000e+00 -1.000000e+00 0.000000e+00
    outer loop
      vertex   -1.474200e+02 2.000000e+01 1.550000e+01
      vertex   -2.128400e+02 2.000000e+01 1.850000e+01
      vertex   -2.728400e+02 2.000000e+01 1.550000e+01
    endloop
  endfacet
  facet normal 0.000000e+00 -1.000000e+00 0.000000e+00
    outer loop
      vertex   -2.728400e+02 2.000000e+01 1.550000e+01
      vertex   -2.128400e+02 2.000000e+01 1.850000e+01
      vertex   -2.328400e+02 2.000000e+01 1.850000e+01
    endloop
  endfacet
  facet normal 0.000000e+00 -1.000000e+00 0.000000e+00
    outer loop
      vertex   -2.728400e+02 2.000000e+01 1.550000e+01
      vertex   -2.328400e+02 2.000000e+01 1.850000e+01
      vertex   -2.528400e+02 2.000000e+01 1.850000e+01
    endloop
  endfacet
  facet normal 0.000000e+00 -1.000000e+00 0.000000e+00
    outer loop
      vertex   -2.528400e+02 2.000000e+01 1.850000e+01
      vertex   -2.328400e+02 2.000000e+01 1.850000e+01
      vertex   -2.335900e+02 2.000000e+01 1.870096e+01
    endloop
  endfacet
  facet normal 0.000000e+00 -1.000000e+00 0.000000e+00
    outer loop
      vertex   -2.528400e+02 2.000000e+01 1.850000e+01
      vertex   -2.335900e+02 2.000000e+01 1.870096e+01
      vertex   -2.520900e+02 2.000000e+01 1.870096e+01
    endloop
  endfacet
  facet normal 0.000000e+00 -1.000000e+00 0.000000e+00
    outer loop
      vertex   -2.520900e+02 2.000000e+01 1.870096e+01
      vertex   -2.335900e+02 2.000000e+01 1.870096e+01
      vertex   -2.341390e+02 2.000000e+01 1.925000e+01
    endloop
  endfacet
  facet normal 0.000000e+00 -1.000000e+00 0.000000e+00
    outer loop
      vertex   -2.520900e+02 2.000000e+01 1.870096e+01
      vertex   -2.341390e+02 2.000000e+01 1.925000e+01
      vertex   -2.515410e+02 2.000000e+01 1.925000e+01
    endloop
  endfacet
  facet normal 0.000000e+00 -1.000000e+00 0.000000e+00
    outer loop
      vertex   -2.515410e+02 2.000000e+01 1.925000e+01
      vertex   -2.341390e+02 2.000000e+01 1.925000e+01
      vertex   -2.343400e+02 2.000000e+01 2.000000e+01
    endloop
  endfacet
  facet normal 0.000000e+00 -1.000000e+00 0.000000e+00
    outer loop
      vertex   -2.515410e+02 2.000000e+01 1.925000e+01
      vertex   -2.343400e+02 2.000000e+01 2.000000e+01
      vertex   -2.513400e+02 2.000000e+01 2.000000e+01
    endloop
  endfacet
  facet normal 0.000000e+00 -1.000000e+00 0.000000e+00
    outer loop
      vertex   -2.513400e+02 2.000000e+01 2.000000e+01
      vertex   -2.343400e+02 2.000000e+01 2.000000e+01
      vertex   -2.515410e+02 2.000000e+01 2.075000e+01
    endloop
  endfacet
  facet normal 0.000000e+00 -1.000000e+00 0.000000e+00
    outer loop
      vertex   -2.515410e+02 2.000000e+01 2.075000e+01
      vertex   -2.343400e+02 2.000000e+01 2.000000e+01
      vertex   -2.341390e+02 2.000000e+01 2.075000e+01
    endloop
  endfacet
  facet normal 0.000000e+00 -1.000000e+00 0.000000e+00
    outer loop
      vertex   -2.515410e+02 2.000000e+01 2.075000e+01
      vertex   -2.341390e+02 2.000000e+01 2.075000e+01
      vertex   -2.520900e+02 2.000000e+01 2.129904e+01
    endloop
  endfacet
  facet normal 0.000000e+00 -1.000000e+00 0.000000e+00
    outer loop
      vertex   -2.520900e+02 2.000000e+01 2.129904e+01
      vertex   -2.341390e+02 2.000000e+01 2.075000e+01
      vertex   -2.335900e+02 2.000000e+01 2.129904e+01
    endloop
  endfacet
  facet normal 0.000000e+00 -1.000000e+00 0.000000e+00
    outer loop
      vertex   -2.520900e+02 2.000000e+01 2.129904e+01
      vertex   -2.335900e+02 2.000000e+01 2.129904e+01
      vertex   -2.528400e+02 2.000000e+01 2.150000e+01
    endloop
  endfacet
  facet normal 0.000000e+00 -1.000000e+00 0.000000e+00
    outer loop
      vertex   -2.528400e+02 2.000000e+01 2.150000e+01
      vertex   -2.335900e+02 2.000000e+01 2.129904e+01
      vertex   -2.328400e+02 2.000000e+01 2.150000e+01
    endloop
  endfacet
  facet normal 0.000000e+00 -1.000000e+00 0.000000e+00
    outer loop
      vertex   -2.528400e+02 2.000000e+01 2.150000e+01
      vertex   -2.328400e+02 2.000000e+01 2.150000e+01
      vertex   -2.728400e+02 2.000000e+01 2.450000e+01
    endloop
  endfacet
  facet normal 0.000000e+00 -1.000000e+00 0.000000e+00
    outer loop
      vertex   -2.728400e+02 2.000000e+01 2.450000e+01
      vertex   -2.328400e+02 2.000000e+01 2.150000e+01
      vertex   -2.128400e+02 2.000000e+01 2.150000e+01
    endloop
  endfacet
  facet normal 0.000000e+00 -1.000000e+00 0.000000e+00
    outer loop
      vertex   -2.728400e+02 2.000000e+01 2.450000e+01
      vertex   -2.128400e+02 2.000000e+01 2.150000e+01
      vertex   -1.474200e+02 2.000000e+01 2.450000e+01
    endloop
  endfacet
  facet normal 0.000000e+00 -1.000000e+00 0.000000e+00
    outer loop
      vertex   -1.474200e+02 2.000000e+01 2.450000e+01
      vertex   -2.128400e+02 2.000000e+01 2.150000e+01
      vertex   -1.928400e+02 2.000000e+01 2.150000e+01
    endloop
  endfacet
  facet normal 0.000000e+00 -1.000000e+00 0.000000e+00
    outer loop
      vertex   -1.474200e+02 2.000000e+01 2.450000e+01
      vertex   -1.928400e+02 2.000000e+01 2.150000e+01
      vertex   -1.728400e+02 2.000000e+01 2.150000e+01
    endloop
  endfacet
  facet normal -0.000000e+00 -1.000000e+00 0.000000e+00
    outer loop
      vertex   -1.728400e+02 2.000000e+01 2.150000e+01
      vertex   -1.928400e+02 2.000000e+01 2.150000e+01
      vertex   -1.735900e+02 2.000000e+01 2.129904e+01
    endloop
  endfacet
  facet normal 0.000000e+00 -1.000000e+00 0.000000e+00
    outer loop
      vertex   -1.735900e+02 2.000000e+01 2.129904e+01
      vertex   -1.928400e+02 2.000000e+01 2.150000e+01
      vertex   -1.920900e+02 2.000000e+01 2.129904e+01
    endloop
  endfacet
  facet normal -0.000000e+00 -1.000000e+00 0.000000e+00
    outer loop
      vertex   -1.735900e+02 2.000000e+01 2.129904e+01
      vertex   -1.920900e+02 2.000000e+01 2.129904e+01
      vertex   -1.741390e+02 2.000000e+01 2.075000e+01
    endloop
  endfacet
  facet normal 0.000000e+00 -1.000000e+00 0.000000e+00
    outer loop
      vertex   -1.741390e+02 2.000000e+01 2.075000e+01
      vertex   -1.920900e+02 2.000000e+01 2.129904e+01
      vertex   -1.915410e+02 2.000000e+01 2.075000e+01
    endloop
  endfacet
  facet normal -0.000000e+00 -1.000000e+00 0.000000e+00
    outer loop
      vertex   -1.741390e+02 2.000000e+01 2.075000e+01
      vertex   -1.915410e+02 2.000000e+01 2.075000e+01
      vertex   -1.743400e+02 2.000000e+01 2.000000e+01
    endloop
  endfacet
  facet normal 0.000000e+00 -1.000000e+00 0.000000e+00
    outer loop
      vertex   -1.743400e+02 2.000000e+01 2.000000e+01
      vertex   -1.915410e+02 2.000000e+01 2.075000e+01
      vertex   -1.913400e+02 2.000000e+01 2.000000e+01
    endloop
  endfacet
  facet normal -0.000000e+00 -1.000000e+00 0.000000e+00
    outer loop
      vertex   -1.743400e+02 2.000000e+01 2.000000e+01
      vertex   -1.913400e+02 2.000000e+01 2.000000e+01
      vertex   -1.915410e+02 2.000000e+01 1.925000e+01
    endloop
  endfacet
  facet normal 0.000000e+00 -1.000000e+00 -0.000000e+00
    outer loop
      vertex   -1.474200e+02 2.000000e+01 2.450000e+01
      vertex   -1.513400e+02 2.000000e+01 2.000000e+01
      vertex   -1.474200e+02 2.000000e+01 1.550000e+01
    endloop
  endfacet
  facet normal 0.000000e+00 -1.000000e+00 0.000000e+00
    outer loop
      vertex   -1.474200e+02 2.000000e+01 1.550000e+01
      vertex   -1.513400e+02 2.000000e+01 2.000000e+01
      vertex   -1.515410e+02 2.000000e+01 1.925000e+01
    endloop
  endfacet
  facet normal 0.000000e+00 -1.000000e+00 0.000000e+00
    outer loop
      vertex   -1.474200e+02 2.000000e+01 1.550000e+01
      vertex   -1.515410e+02 2.000000e+01 1.925000e+01
      vertex   -1.520900e+02 2.000000e+01 1.870096e+01
    endloop
  endfacet
  facet normal 0.000000e+00 -1.000000e+00 0.000000e+00
    outer loop
      vertex   -2.728400e+02 2.000000e+01 1.550000e+01
      vertex   -2.543400e+02 2.000000e+01 2.000000e+01
      vertex   -2.728400e+02 2.000000e+01 2.450000e+01
    endloop
  endfacet
  facet normal 0.000000e+00 -1.000000e+00 0.000000e+00
    outer loop
      vertex   -2.728400e+02 2.000000e+01 2.450000e+01
      vertex   -2.543400e+02 2.000000e+01 2.000000e+01
      vertex   -2.541390e+02 2.000000e+01 2.075000e+01
    endloop
  endfacet
  facet normal 0.000000e+00 -1.000000e+00 0.000000e+00
    outer loop
      vertex   -2.728400e+02 2.000000e+01 2.450000e+01
      vertex   -2.541390e+02 2.000000e+01 2.075000e+01
      vertex   -2.535900e+02 2.000000e+01 2.129904e+01
    endloop
  endfacet
  facet normal -0.000000e+00 -1.000000e+00 0.000000e+00
    outer loop
      vertex   -2.528400e+02 2.000000e+01 1.850000e+01
      vertex   -2.535900e+02 2.000000e+01 1.870096e+01
      vertex   -2.728400e+02 2.000000e+01 1.550000e+01
    endloop
  endfacet
  facet normal 0.000000e+00 -1.000000e+00 0.000000e+00
    outer loop
      vertex   -2.728400e+02 2.000000e+01 1.550000e+01
      vertex   -2.535900e+02 2.000000e+01 1.870096e+01
      vertex   -2.541390e+02 2.000000e+01 1.925000e+01
    endloop
  endfacet
  facet normal 0.000000e+00 -1.000000e+00 0.000000e+00
    outer loop
      vertex   -2.728400e+02 2.000000e+01 1.550000e+01
      vertex   -2.541390e+02 2.000000e+01 1.925000e+01
      vertex   -2.543400e+02 2.000000e+01 2.000000e+01
    endloop
  endfacet
  facet normal 0.000000e+00 -1.000000e+00 0.000000e+00
    outer loop
      vertex   -2.535900e+02 2.000000e+01 2.129904e+01
      vertex   -2.528400e+02 2.000000e+01 2.150000e+01
      vertex   -2.728400e+02 2.000000e+01 2.450000e+01
    endloop
  endfacet
  facet normal 0.000000e+00 -1.000000e+00 0.000000e+00
    outer loop
      vertex   -2.315410e+02 2.000000e+01 2.075000e+01
      vertex   -2.313400e+02 2.000000e+01 2.000000e+01
      vertex   -2.143400e+02 2.000000e+01 2.000000e+01
    endloop
  endfacet
  facet normal -0.000000e+00 -1.000000e+00 0.000000e+00
    outer loop
      vertex   -2.143400e+02 2.000000e+01 2.000000e+01
      vertex   -2.313400e+02 2.000000e+01 2.000000e+01
      vertex   -2.315410e+02 2.000000e+01 1.925000e+01
    endloop
  endfacet
  facet normal 0.000000e+00 -1.000000e+00 -0.000000e+00
    outer loop
      vertex   -2.143400e+02 2.000000e+01 2.000000e+01
      vertex   -2.315410e+02 2.000000e+01 1.925000e+01
      vertex   -2.141390e+02 2.000000e+01 1.925000e+01
    endloop
  endfacet
  facet normal 0.000000e+00 -1.000000e+00 0.000000e+00
    outer loop
      vertex   -2.141390e+02 2.000000e+01 1.925000e+01
      vertex   -2.315410e+02 2.000000e+01 1.925000e+01
      vertex   -2.320900e+02 2.000000e+01 1.870096e+01
    endloop
  endfacet
  facet normal 0.000000e+00 -1.000000e+00 -0.000000e+00
    outer loop
      vertex   -2.141390e+02 2.000000e+01 1.925000e+01
      vertex   -2.320900e+02 2.000000e+01 1.870096e+01
      vertex   -2.135900e+02 2.000000e+01 1.870096e+01
    endloop
  endfacet
  facet normal 0.000000e+00 -1.000000e+00 0.000000e+00
    outer loop
      vertex   -2.135900e+02 2.000000e+01 1.870096e+01
      vertex   -2.320900e+02 2.000000e+01 1.870096e+01
      vertex   -2.328400e+02 2.000000e+01 1.850000e+01
    endloop
  endfacet
  facet normal 0.000000e+00 -1.000000e+00 -0.000000e+00
    outer loop
      vertex   -2.135900e+02 2.000000e+01 1.870096e+01
      vertex   -2.328400e+02 2.000000e+01 1.850000e+01
      vertex   -2.128400e+02 2.000000e+01 1.850000e+01
    endloop
  endfacet
  facet normal -0.000000e+00 -1.000000e+00 0.000000e+00
    outer loop
      vertex   -2.128400e+02 2.000000e+01 2.150000e+01
      vertex   -2.328400e+02 2.000000e+01 2.150000e+01
      vertex   -2.135900e+02 2.000000e+01 2.129904e+01
    endloop
  endfacet
  facet normal 0.000000e+00 -1.000000e+00 0.000000e+00
    outer loop
      vertex   -2.135900e+02 2.000000e+01 2.129904e+01
      vertex   -2.328400e+02 2.000000e+01 2.150000e+01
      vertex   -2.320900e+02 2.000000e+01 2.129904e+01
    endloop
  endfacet
  facet normal -0.000000e+00 -1.000000e+00 0.000000e+00
    outer loop
      vertex   -2.135900e+02 2.000000e+01 2.129904e+01
      vertex   -2.320900e+02 2.000000e+01 2.129904e+01
      vertex   -2.141390e+02 2.000000e+01 2.075000e+01
    endloop
  endfacet
  facet normal 0.000000e+00 -1.000000e+00 0.000000e+00
    outer loop
      vertex   -2.141390e+02 2.000000e+01 2.075000e+01
      vertex   -2.320900e+02 2.000000e+01 2.129904e+01
      vertex   -2.315410e+02 2.000000e+01 2.075000e+01
    endloop
  endfacet
  facet normal -0.000000e+00 -1.000000e+00 0.000000e+00
    outer loop
      vertex   -2.141390e+02 2.000000e+01 2.075000e+01
      vertex   -2.315410e+02 2.000000e+01 2.075000e+01
      vertex   -2.143400e+02 2.000000e+01 2.000000e+01
    endloop
  endfacet
  facet normal 0.000000e+00 -1.000000e+00 0.000000e+00
    outer loop
      vertex   -2.115410e+02 2.000000e+01 2.075000e+01
      vertex   -2.113400e+02 2.000000e+01 2.000000e+01
      vertex   -1.943400e+02 2.000000e+01 2.000000e+01
    endloop
  endfacet
  facet normal -0.000000e+00 -1.000000e+00 0.000000e+00
    outer loop
      vertex   -1.943400e+02 2.000000e+01 2.000000e+01
      vertex   -2.113400e+02 2.000000e+01 2.000000e+01
      vertex   -2.115410e+02 2.000000e+01 1.925000e+01
    endloop
  endfacet
  facet normal 0.000000e+00 -1.000000e+00 -0.000000e+00
    outer loop
      vertex   -1.943400e+02 2.000000e+01 2.000000e+01
      vertex   -2.115410e+02 2.000000e+01 1.925000e+01
      vertex   -1.941390e+02 2.000000e+01 1.925000e+01
    endloop
  endfacet
  facet normal 0.000000e+00 -1.000000e+00 0.000000e+00
    outer loop
      vertex   -1.941390e+02 2.000000e+01 1.925000e+01
      vertex   -2.115410e+02 2.000000e+01 1.925000e+01
      vertex   -2.120900e+02 2.000000e+01 1.870096e+01
    endloop
  endfacet
  facet normal 0.000000e+00 -1.000000e+00 -0.000000e+00
    outer loop
      vertex   -1.941390e+02 2.000000e+01 1.925000e+01
      vertex   -2.120900e+02 2.000000e+01 1.870096e+01
      vertex   -1.935900e+02 2.000000e+01 1.870096e+01
    endloop
  endfacet
  facet normal 0.000000e+00 -1.000000e+00 0.000000e+00
    outer loop
      vertex   -1.935900e+02 2.000000e+01 1.870096e+01
      vertex   -2.120900e+02 2.000000e+01 1.870096e+01
      vertex   -2.128400e+02 2.000000e+01 1.850000e+01
    endloop
  endfacet
  facet normal 0.000000e+00 -1.000000e+00 -0.000000e+00
    outer loop
      vertex   -1.935900e+02 2.000000e+01 1.870096e+01
      vertex   -2.128400e+02 2.000000e+01 1.850000e+01
      vertex   -1.928400e+02 2.000000e+01 1.850000e+01
    endloop
  endfacet
  facet normal -0.000000e+00 -1.000000e+00 -0.000000e+00
    outer loop
      vertex   -1.928400e+02 2.000000e+01 1.850000e+01
      vertex   -2.128400e+02 2.000000e+01 1.850000e+01
      vertex   -1.474200e+02 2.000000e+01 1.550000e+01
    endloop
  endfacet
  facet normal 0.000000e+00 -1.000000e+00 0.000000e+00
    outer loop
      vertex   -1.928400e+02 2.000000e+01 1.850000e+01
      vertex   -1.474200e+02 2.000000e+01 1.550000e+01
      vertex   -1.728400e+02 2.000000e+01 1.850000e+01
    endloop
  endfacet
  facet normal 0.000000e+00 -1.000000e+00 0.000000e+00
    outer loop
      vertex   -1.728400e+02 2.000000e+01 1.850000e+01
      vertex   -1.474200e+02 2.000000e+01 1.550000e+01
      vertex   -1.528400e+02 2.000000e+01 1.850000e+01
    endloop
  endfacet
  facet normal 0.000000e+00 -1.000000e+00 0.000000e+00
    outer loop
      vertex   -1.728400e+02 2.000000e+01 1.850000e+01
      vertex   -1.528400e+02 2.000000e+01 1.850000e+01
      vertex   -1.535900e+02 2.000000e+01 1.870096e+01
    endloop
  endfacet
  facet normal -0.000000e+00 -1.000000e+00 0.000000e+00
    outer loop
      vertex   -1.928400e+02 2.000000e+01 2.150000e+01
      vertex   -2.128400e+02 2.000000e+01 2.150000e+01
      vertex   -1.935900e+02 2.000000e+01 2.129904e+01
    endloop
  endfacet
  facet normal 0.000000e+00 -1.000000e+00 0.000000e+00
    outer loop
      vertex   -1.935900e+02 2.000000e+01 2.129904e+01
      vertex   -2.128400e+02 2.000000e+01 2.150000e+01
      vertex   -2.120900e+02 2.000000e+01 2.129904e+01
    endloop
  endfacet
  facet normal -0.000000e+00 -1.000000e+00 0.000000e+00
    outer loop
      vertex   -1.935900e+02 2.000000e+01 2.129904e+01
      vertex   -2.120900e+02 2.000000e+01 2.129904e+01
      vertex   -1.941390e+02 2.000000e+01 2.075000e+01
    endloop
  endfacet
  facet normal 0.000000e+00 -1.000000e+00 0.000000e+00
    outer loop
      vertex   -1.941390e+02 2.000000e+01 2.075000e+01
      vertex   -2.120900e+02 2.000000e+01 2.129904e+01
      vertex   -2.115410e+02 2.000000e+01 2.075000e+01
    endloop
  endfacet
  facet normal -0.000000e+00 -1.000000e+00 0.000000e+00
    outer loop
      vertex   -1.941390e+02 2.000000e+01 2.075000e+01
      vertex   -2.115410e+02 2.000000e+01 2.075000e+01
      vertex   -1.943400e+02 2.000000e+01 2.000000e+01
    endloop
  endfacet
  facet normal 0.000000e+00 -1.000000e+00 -0.000000e+00
    outer loop
      vertex   -1.743400e+02 2.000000e+01 2.000000e+01
      vertex   -1.915410e+02 2.000000e+01 1.925000e+01
      vertex   -1.741390e+02 2.000000e+01 1.925000e+01
    endloop
  endfacet
  facet normal 0.000000e+00 -1.000000e+00 0.000000e+00
    outer loop
      vertex   -1.741390e+02 2.000000e+01 1.925000e+01
      vertex   -1.915410e+02 2.000000e+01 1.925000e+01
      vertex   -1.920900e+02 2.000000e+01 1.870096e+01
    endloop
  endfacet
  facet normal 0.000000e+00 -1.000000e+00 -0.000000e+00
    outer loop
      vertex   -1.741390e+02 2.000000e+01 1.925000e+01
      vertex   -1.920900e+02 2.000000e+01 1.870096e+01
      vertex   -1.735900e+02 2.000000e+01 1.870096e+01
    endloop
  endfacet
  facet normal 0.000000e+00 -1.000000e+00 0.000000e+00
    outer loop
      vertex   -1.735900e+02 2.000000e+01 1.870096e+01
      vertex   -1.920900e+02 2.000000e+01 1.870096e+01
      vertex   -1.928400e+02 2.000000e+01 1.850000e+01
    endloop
  endfacet
  facet normal 0.000000e+00 -1.000000e+00 -0.000000e+00
    outer loop
      vertex   -1.735900e+02 2.000000e+01 1.870096e+01
      vertex   -1.928400e+02 2.000000e+01 1.850000e+01
      vertex   -1.728400e+02 2.000000e+01 1.850000e+01
    endloop
  endfacet
  facet normal 0.000000e+00 -1.000000e+00 0.000000e+00
    outer loop
      vertex   -1.715410e+02 2.000000e+01 2.075000e+01
      vertex   -1.713400e+02 2.000000e+01 2.000000e+01
      vertex   -1.543400e+02 2.000000e+01 2.000000e+01
    endloop
  endfacet
  facet normal -0.000000e+00 -1.000000e+00 0.000000e+00
    outer loop
      vertex   -1.543400e+02 2.000000e+01 2.000000e+01
      vertex   -1.713400e+02 2.000000e+01 2.000000e+01
      vertex   -1.715410e+02 2.000000e+01 1.925000e+01
    endloop
  endfacet
  facet normal 0.000000e+00 -1.000000e+00 -0.000000e+00
    outer loop
      vertex   -1.543400e+02 2.000000e+01 2.000000e+01
      vertex   -1.715410e+02 2.000000e+01 1.925000e+01
      vertex   -1.541390e+02 2.000000e+01 1.925000e+01
    endloop
  endfacet
  facet normal 0.000000e+00 -1.000000e+00 0.000000e+00
    outer loop
      vertex   -1.541390e+02 2.000000e+01 1.925000e+01
      vertex   -1.715410e+02 2.000000e+01 1.925000e+01
      vertex   -1.720900e+02 2.000000e+01 1.870096e+01
    endloop
  endfacet
  facet normal 0.000000e+00 -1.000000e+00 -0.000000e+00
    outer loop
      vertex   -1.541390e+02 2.000000e+01 1.925000e+01
      vertex   -1.720900e+02 2.000000e+01 1.870096e+01
      vertex   -1.535900e+02 2.000000e+01 1.870096e+01
    endloop
  endfacet
  facet normal 0.000000e+00 -1.000000e+00 0.000000e+00
    outer loop
      vertex   -1.535900e+02 2.000000e+01 1.870096e+01
      vertex   -1.720900e+02 2.000000e+01 1.870096e+01
      vertex   -1.728400e+02 2.000000e+01 1.850000e+01
    endloop
  endfacet
  facet normal 0.000000e+00 -1.000000e+00 0.000000e+00
    outer loop
      vertex   -1.720900e+02 2.000000e+01 2.129904e+01
      vertex   -1.535900e+02 2.000000e+01 2.129904e+01
      vertex   -1.728400e+02 2.000000e+01 2.150000e+01
    endloop
  endfacet
  facet normal 0.000000e+00 -1.000000e+00 0.000000e+00
    outer loop
      vertex   -1.728400e+02 2.000000e+01 2.150000e+01
      vertex   -1.535900e+02 2.000000e+01 2.129904e+01
      vertex   -1.528400e+02 2.000000e+01 2.150000e+01
    endloop
  endfacet
  facet normal 0.000000e+00 -1.000000e+00 0.000000e+00
    outer loop
      vertex   -1.728400e+02 2.000000e+01 2.150000e+01
      vertex   -1.528400e+02 2.000000e+01 2.150000e+01
      vertex   -1.474200e+02 2.000000e+01 2.450000e+01
    endloop
  endfacet
  facet normal 0.000000e+00 -1.000000e+00 0.000000e+00
    outer loop
      vertex   -1.474200e+02 2.000000e+01 2.450000e+01
      vertex   -1.528400e+02 2.000000e+01 2.150000e+01
      vertex   -1.520900e+02 2.000000e+01 2.129904e+01
    endloop
  endfacet
  facet normal 0.000000e+00 -1.000000e+00 0.000000e+00
    outer loop
      vertex   -1.474200e+02 2.000000e+01 2.450000e+01
      vertex   -1.520900e+02 2.000000e+01 2.129904e+01
      vertex   -1.515410e+02 2.000000e+01 2.075000e+01
    endloop
  endfacet
  facet normal -0.000000e+00 -1.000000e+00 0.000000e+00
    outer loop
      vertex   -1.535900e+02 2.000000e+01 2.129904e+01
      vertex   -1.720900e+02 2.000000e+01 2.129904e+01
      vertex   -1.541390e+02 2.000000e+01 2.075000e+01
    endloop
  endfacet
  facet normal 0.000000e+00 -1.000000e+00 0.000000e+00
    outer loop
      vertex   -1.541390e+02 2.000000e+01 2.075000e+01
      vertex   -1.720900e+02 2.000000e+01 2.129904e+01
      vertex   -1.715410e+02 2.000000e+01 2.075000e+01
    endloop
  endfacet
  facet normal -0.000000e+00 -1.000000e+00 0.000000e+00
    outer loop
      vertex   -1.541390e+02 2.000000e+01 2.075000e+01
      vertex   -1.715410e+02 2.000000e+01 2.075000e+01
      vertex   -1.543400e+02 2.000000e+01 2.000000e+01
    endloop
  endfacet
  facet normal 0.000000e+00 -1.000000e+00 -0.000000e+00
    outer loop
      vertex   -1.520900e+02 2.000000e+01 1.870096e+01
      vertex   -1.528400e+02 2.000000e+01 1.850000e+01
      vertex   -1.474200e+02 2.000000e+01 1.550000e+01
    endloop
  endfacet
  facet normal 0.000000e+00 -1.000000e+00 0.000000e+00
    outer loop
      vertex   -1.515410e+02 2.000000e+01 2.075000e+01
      vertex   -1.513400e+02 2.000000e+01 2.000000e+01
      vertex   -1.474200e+02 2.000000e+01 2.450000e+01
    endloop
  endfacet
  facet normal 9.948788e-01 -6.986059e-03 1.008336e-01
    outer loop
      vertex   -2.543258e+02 2.500000e+01 2.020608e+01
      vertex   -2.543400e+02 2.000000e+01 2.000000e+01
      vertex   -2.542542e+02 2.500000e+01 1.950000e+01
    endloop
  endfacet
  facet normal 9.658840e-01 9.308834e-03 2.588078e-01
    outer loop
      vertex   -2.542542e+02 2.500000e+01 1.950000e+01
      vertex   -2.543400e+02 2.000000e+01 2.000000e+01
      vertex   -2.541390e+02 2.000000e+01 1.925000e+01
    endloop
  endfacet
  facet normal 8.794037e-01 -3.546040e-03 4.760637e-01
    outer loop
      vertex   -2.542542e+02 2.500000e+01 1.950000e+01
      vertex   -2.541390e+02 2.000000e+01 1.925000e+01
      vertex   -2.540326e+02 2.502107e+01 1.909075e+01
    endloop
  endfacet
  facet normal 7.070872e-01 7.434783e-03 7.070872e-01
    outer loop
      vertex   -2.540326e+02 2.502107e+01 1.909075e+01
      vertex   -2.541390e+02 2.000000e+01 1.925000e+01
      vertex   -2.535900e+02 2.000000e+01 1.870096e+01
    endloop
  endfacet
  facet normal 6.947523e-01 5.404979e-03 7.192288e-01
    outer loop
      vertex   -2.540326e+02 2.502107e+01 1.909075e+01
      vertex   -2.535900e+02 2.000000e+01 1.870096e+01
      vertex   -2.537090e+02 2.506580e+01 1.877780e+01
    endloop
  endfacet
  facet normal 4.465868e-01 -3.084552e-03 8.947350e-01
    outer loop
      vertex   -2.537090e+02 2.506580e+01 1.877780e+01
      vertex   -2.535900e+02 2.000000e+01 1.870096e+01
      vertex   -2.532925e+02 2.510955e+01 1.857006e+01
    endloop
  endfacet
  facet normal 2.588069e-01 9.673116e-03 9.658806e-01
    outer loop
      vertex   -2.532925e+02 2.510955e+01 1.857006e+01
      vertex   -2.535900e+02 2.000000e+01 1.870096e+01
      vertex   -2.528400e+02 2.000000e+01 1.850000e+01
    endloop
  endfacet
  facet normal 1.530285e-01 0.000000e+00 9.882218e-01
    outer loop
      vertex   -2.532925e+02 2.510955e+01 1.857006e+01
      vertex   -2.528400e+02 2.000000e+01 1.850000e+01
      vertex   -2.528400e+02 2.512702e+01 1.850000e+01
    endloop
  endfacet
  facet normal -1.530285e-01 0.000000e+00 9.882218e-01
    outer loop
      vertex   -2.528400e+02 2.512702e+01 1.850000e+01
      vertex   -2.528400e+02 2.000000e+01 1.850000e+01
      vertex   -2.523875e+02 2.510955e+01 1.857006e+01
    endloop
  endfacet
  facet normal -2.588069e-01 9.673116e-03 9.658806e-01
    outer loop
      vertex   -2.523875e+02 2.510955e+01 1.857006e+01
      vertex   -2.528400e+02 2.000000e+01 1.850000e+01
      vertex   -2.520900e+02 2.000000e+01 1.870096e+01
    endloop
  endfacet
  facet normal -4.465868e-01 -3.084552e-03 8.947350e-01
    outer loop
      vertex   -2.523875e+02 2.510955e+01 1.857006e+01
      vertex   -2.520900e+02 2.000000e+01 1.870096e+01
      vertex   -2.519710e+02 2.506580e+01 1.877780e+01
    endloop
  endfacet
  facet normal -6.947523e-01 5.404979e-03 7.192288e-01
    outer loop
      vertex   -2.519710e+02 2.506580e+01 1.877780e+01
      vertex   -2.520900e+02 2.000000e+01 1.870096e+01
      vertex   -2.516474e+02 2.502107e+01 1.909075e+01
    endloop
  endfacet
  facet normal -7.070872e-01 7.434783e-03 7.070872e-01
    outer loop
      vertex   -2.516474e+02 2.502107e+01 1.909075e+01
      vertex   -2.520900e+02 2.000000e+01 1.870096e+01
      vertex   -2.515410e+02 2.000000e+01 1.925000e+01
    endloop
  endfacet
  facet normal -8.794037e-01 -3.546040e-03 4.760637e-01
    outer loop
      vertex   -2.516474e+02 2.502107e+01 1.909075e+01
      vertex   -2.515410e+02 2.000000e+01 1.925000e+01
      vertex   -2.514258e+02 2.500000e+01 1.950000e+01
    endloop
  endfacet
  facet normal -9.658840e-01 9.308834e-03 2.588078e-01
    outer loop
      vertex   -2.514258e+02 2.500000e+01 1.950000e+01
      vertex   -2.515410e+02 2.000000e+01 1.925000e+01
      vertex   -2.513400e+02 2.000000e+01 2.000000e+01
    endloop
  endfacet
  facet normal -9.948788e-01 -6.986059e-03 1.008336e-01
    outer loop
      vertex   -2.514258e+02 2.500000e+01 1.950000e+01
      vertex   -2.513400e+02 2.000000e+01 2.000000e+01
      vertex   -2.513542e+02 2.500000e+01 2.020608e+01
    endloop
  endfacet
  facet normal -9.658955e-01 7.919374e-03 -2.588109e-01
    outer loop
      vertex   -2.513542e+02 2.500000e+01 2.020608e+01
      vertex   -2.513400e+02 2.000000e+01 2.000000e+01
      vertex   -2.515410e+02 2.000000e+01 2.075000e+01
    endloop
  endfacet
  facet normal -9.298888e-01 -5.281997e-03 -3.678028e-01
    outer loop
      vertex   -2.513542e+02 2.500000e+01 2.020608e+01
      vertex   -2.515410e+02 2.000000e+01 2.075000e+01
      vertex   -2.516153e+02 2.500000e+01 2.086603e+01
    endloop
  endfacet
  facet normal -7.070945e-01 5.901717e-03 -7.070945e-01
    outer loop
      vertex   -2.516153e+02 2.500000e+01 2.086603e+01
      vertex   -2.515410e+02 2.000000e+01 2.075000e+01
      vertex   -2.520900e+02 2.000000e+01 2.129904e+01
    endloop
  endfacet
  facet normal -6.567370e-01 -2.951676e-03 -7.541139e-01
    outer loop
      vertex   -2.516153e+02 2.500000e+01 2.086603e+01
      vertex   -2.520900e+02 2.000000e+01 2.129904e+01
      vertex   -2.521504e+02 2.500000e+01 2.133211e+01
    endloop
  endfacet
  facet normal -2.588177e-01 3.260070e-03 -9.659207e-01
    outer loop
      vertex   -2.521504e+02 2.500000e+01 2.133211e+01
      vertex   -2.520900e+02 2.000000e+01 2.129904e+01
      vertex   -2.528400e+02 2.000000e+01 2.150000e+01
    endloop
  endfacet
  facet normal -2.365652e-01 0.000000e+00 -9.716156e-01
    outer loop
      vertex   -2.521504e+02 2.500000e+01 2.133211e+01
      vertex   -2.528400e+02 2.000000e+01 2.150000e+01
      vertex   -2.528400e+02 2.500000e+01 2.150000e+01
    endloop
  endfacet
  facet normal 2.365652e-01 0.000000e+00 -9.716156e-01
    outer loop
      vertex   -2.528400e+02 2.500000e+01 2.150000e+01
      vertex   -2.528400e+02 2.000000e+01 2.150000e+01
      vertex   -2.535296e+02 2.500000e+01 2.133211e+01
    endloop
  endfacet
  facet normal 2.588177e-01 3.260070e-03 -9.659207e-01
    outer loop
      vertex   -2.535296e+02 2.500000e+01 2.133211e+01
      vertex   -2.528400e+02 2.000000e+01 2.150000e+01
      vertex   -2.535900e+02 2.000000e+01 2.129904e+01
    endloop
  endfacet
  facet normal 6.567370e-01 -2.951676e-03 -7.541139e-01
    outer loop
      vertex   -2.535296e+02 2.500000e+01 2.133211e+01
      vertex   -2.535900e+02 2.000000e+01 2.129904e+01
      vertex   -2.540647e+02 2.500000e+01 2.086603e+01
    endloop
  endfacet
  facet normal 7.070945e-01 5.901717e-03 -7.070945e-01
    outer loop
      vertex   -2.540647e+02 2.500000e+01 2.086603e+01
      vertex   -2.535900e+02 2.000000e+01 2.129904e+01
      vertex   -2.541390e+02 2.000000e+01 2.075000e+01
    endloop
  endfacet
  facet normal 9.298888e-01 -5.281997e-03 -3.678028e-01
    outer loop
      vertex   -2.540647e+02 2.500000e+01 2.086603e+01
      vertex   -2.541390e+02 2.000000e+01 2.075000e+01
      vertex   -2.543258e+02 2.500000e+01 2.020608e+01
    endloop
  endfacet
  facet normal 9.658955e-01 7.919374e-03 -2.588109e-01
    outer loop
      vertex   -2.543258e+02 2.500000e+01 2.020608e+01
      vertex   -2.541390e+02 2.000000e+01 2.075000e+01
      vertex   -2.543400e+02 2.000000e+01 2.000000e+01
    endloop
  endfacet
  facet normal 9.659258e-01 0.000000e+00 -2.588190e-01
    outer loop
      vertex   -2.341390e+02 2.500000e+01 2.075000e+01
      vertex   -2.341390e+02 2.000000e+01 2.075000e+01
      vertex   -2.343400e+02 2.500000e+01 2.000000e+01
    endloop
  endfacet
  facet normal 9.659258e-01 0.000000e+00 -2.588190e-01
    outer loop
      vertex   -2.343400e+02 2.500000e+01 2.000000e+01
      vertex   -2.341390e+02 2.000000e+01 2.075000e+01
      vertex   -2.343400e+02 2.000000e+01 2.000000e+01
    endloop
  endfacet
  facet normal 9.659258e-01 0.000000e+00 2.588190e-01
    outer loop
      vertex   -2.343400e+02 2.500000e+01 2.000000e+01
      vertex   -2.343400e+02 2.000000e+01 2.000000e+01
      vertex   -2.341390e+02 2.500000e+01 1.925000e+01
    endloop
  endfacet
  facet normal 9.659258e-01 1.839020e-16 2.588190e-01
    outer loop
      vertex   -2.341390e+02 2.500000e+01 1.925000e+01
      vertex   -2.343400e+02 2.000000e+01 2.000000e+01
      vertex   -2.341390e+02 2.000000e+01 1.925000e+01
    endloop
  endfacet
  facet normal 7.071068e-01 5.024296e-16 7.071068e-01
    outer loop
      vertex   -2.341390e+02 2.500000e+01 1.925000e+01
      vertex   -2.341390e+02 2.000000e+01 1.925000e+01
      vertex   -2.335900e+02 2.500000e+01 1.870096e+01
    endloop
  endfacet
  facet normal 7.071068e-01 5.024296e-16 7.071068e-01
    outer loop
      vertex   -2.335900e+02 2.500000e+01 1.870096e+01
      vertex   -2.341390e+02 2.000000e+01 1.925000e+01
      vertex   -2.335900e+02 2.000000e+01 1.870096e+01
    endloop
  endfacet
  facet normal 2.588190e-01 6.863316e-16 9.659258e-01
    outer loop
      vertex   -2.335900e+02 2.500000e+01 1.870096e+01
      vertex   -2.335900e+02 2.000000e+01 1.870096e+01
      vertex   -2.328400e+02 2.500000e+01 1.850000e+01
    endloop
  endfacet
  facet normal 2.588190e-01 0.000000e+00 9.659258e-01
    outer loop
      vertex   -2.328400e+02 2.500000e+01 1.850000e+01
      vertex   -2.335900e+02 2.000000e+01 1.870096e+01
      vertex   -2.328400e+02 2.000000e+01 1.850000e+01
    endloop
  endfacet
  facet normal -2.588190e-01 0.000000e+00 9.659258e-01
    outer loop
      vertex   -2.328400e+02 2.500000e+01 1.850000e+01
      vertex   -2.328400e+02 2.000000e+01 1.850000e+01
      vertex   -2.320900e+02 2.500000e+01 1.870096e+01
    endloop
  endfacet
  facet normal -2.588190e-01 -6.863316e-16 9.659258e-01
    outer loop
      vertex   -2.320900e+02 2.500000e+01 1.870096e+01
      vertex   -2.328400e+02 2.000000e+01 1.850000e+01
      vertex   -2.320900e+02 2.000000e+01 1.870096e+01
    endloop
  endfacet
  facet normal -7.071068e-01 -5.024296e-16 7.071068e-01
    outer loop
      vertex   -2.320900e+02 2.500000e+01 1.870096e+01
      vertex   -2.320900e+02 2.000000e+01 1.870096e+01
      vertex   -2.315410e+02 2.500000e+01 1.925000e+01
    endloop
  endfacet
  facet normal -7.071068e-01 -5.024296e-16 7.071068e-01
    outer loop
      vertex   -2.315410e+02 2.500000e+01 1.925000e+01
      vertex   -2.320900e+02 2.000000e+01 1.870096e+01
      vertex   -2.315410e+02 2.000000e+01 1.925000e+01
    endloop
  endfacet
  facet normal -9.659258e-01 -1.839020e-16 2.588190e-01
    outer loop
      vertex   -2.315410e+02 2.500000e+01 1.925000e+01
      vertex   -2.315410e+02 2.000000e+01 1.925000e+01
      vertex   -2.313400e+02 2.500000e+01 2.000000e+01
    endloop
  endfacet
  facet normal -9.659258e-01 0.000000e+00 2.588190e-01
    outer loop
      vertex   -2.313400e+02 2.500000e+01 2.000000e+01
      vertex   -2.315410e+02 2.000000e+01 1.925000e+01
      vertex   -2.313400e+02 2.000000e+01 2.000000e+01
    endloop
  endfacet
  facet normal -9.659258e-01 -0.000000e+00 -2.588190e-01
    outer loop
      vertex   -2.313400e+02 2.500000e+01 2.000000e+01
      vertex   -2.313400e+02 2.000000e+01 2.000000e+01
      vertex   -2.315410e+02 2.500000e+01 2.075000e+01
    endloop
  endfacet
  facet normal -9.659258e-01 -0.000000e+00 -2.588190e-01
    outer loop
      vertex   -2.315410e+02 2.500000e+01 2.075000e+01
      vertex   -2.313400e+02 2.000000e+01 2.000000e+01
      vertex   -2.315410e+02 2.000000e+01 2.075000e+01
    endloop
  endfacet
  facet normal -7.071068e-01 -0.000000e+00 -7.071068e-01
    outer loop
      vertex   -2.315410e+02 2.500000e+01 2.075000e+01
      vertex   -2.315410e+02 2.000000e+01 2.075000e+01
      vertex   -2.320900e+02 2.500000e+01 2.129904e+01
    endloop
  endfacet
  facet normal -7.071068e-01 -0.000000e+00 -7.071068e-01
    outer loop
      vertex   -2.320900e+02 2.500000e+01 2.129904e+01
      vertex   -2.315410e+02 2.000000e+01 2.075000e+01
      vertex   -2.320900e+02 2.000000e+01 2.129904e+01
    endloop
  endfacet
  facet normal -2.588190e-01 -0.000000e+00 -9.659258e-01
    outer loop
      vertex   -2.320900e+02 2.500000e+01 2.129904e+01
      vertex   -2.320900e+02 2.000000e+01 2.129904e+01
      vertex   -2.328400e+02 2.500000e+01 2.150000e+01
    endloop
  endfacet
  facet normal -2.588190e-01 -0.000000e+00 -9.659258e-01
    outer loop
      vertex   -2.328400e+02 2.500000e+01 2.150000e+01
      vertex   -2.320900e+02 2.000000e+01 2.129904e+01
      vertex   -2.328400e+02 2.000000e+01 2.150000e+01
    endloop
  endfacet
  facet normal 2.588190e-01 0.000000e+00 -9.659258e-01
    outer loop
      vertex   -2.328400e+02 2.500000e+01 2.150000e+01
      vertex   -2.328400e+02 2.000000e+01 2.150000e+01
      vertex   -2.335900e+02 2.500000e+01 2.129904e+01
    endloop
  endfacet
  facet normal 2.588190e-01 0.000000e+00 -9.659258e-01
    outer loop
      vertex   -2.335900e+02 2.500000e+01 2.129904e+01
      vertex   -2.328400e+02 2.000000e+01 2.150000e+01
      vertex   -2.335900e+02 2.000000e+01 2.129904e+01
    endloop
  endfacet
  facet normal 7.071068e-01 0.000000e+00 -7.071068e-01
    outer loop
      vertex   -2.335900e+02 2.500000e+01 2.129904e+01
      vertex   -2.335900e+02 2.000000e+01 2.129904e+01
      vertex   -2.341390e+02 2.500000e+01 2.075000e+01
    endloop
  endfacet
  facet normal 7.071068e-01 0.000000e+00 -7.071068e-01
    outer loop
      vertex   -2.341390e+02 2.500000e+01 2.075000e+01
      vertex   -2.335900e+02 2.000000e+01 2.129904e+01
      vertex   -2.341390e+02 2.000000e+01 2.075000e+01
    endloop
  endfacet
  facet normal 9.659258e-01 0.000000e+00 -2.588190e-01
    outer loop
      vertex   -2.141390e+02 2.500000e+01 2.075000e+01
      vertex   -2.141390e+02 2.000000e+01 2.075000e+01
      vertex   -2.143400e+02 2.500000e+01 2.000000e+01
    endloop
  endfacet
  facet normal 9.659258e-01 0.000000e+00 -2.588190e-01
    outer loop
      vertex   -2.143400e+02 2.500000e+01 2.000000e+01
      vertex   -2.141390e+02 2.000000e+01 2.075000e+01
      vertex   -2.143400e+02 2.000000e+01 2.000000e+01
    endloop
  endfacet
  facet normal 9.659258e-01 0.000000e+00 2.588190e-01
    outer loop
      vertex   -2.143400e+02 2.500000e+01 2.000000e+01
      vertex   -2.143400e+02 2.000000e+01 2.000000e+01
      vertex   -2.141390e+02 2.500000e+01 1.925000e+01
    endloop
  endfacet
  facet normal 9.659258e-01 1.839020e-16 2.588190e-01
    outer loop
      vertex   -2.141390e+02 2.500000e+01 1.925000e+01
      vertex   -2.143400e+02 2.000000e+01 2.000000e+01
      vertex   -2.141390e+02 2.000000e+01 1.925000e+01
    endloop
  endfacet
  facet normal 7.071068e-01 5.024296e-16 7.071068e-01
    outer loop
      vertex   -2.141390e+02 2.500000e+01 1.925000e+01
      vertex   -2.141390e+02 2.000000e+01 1.925000e+01
      vertex   -2.135900e+02 2.500000e+01 1.870096e+01
    endloop
  endfacet
  facet normal 7.071068e-01 5.024296e-16 7.071068e-01
    outer loop
      vertex   -2.135900e+02 2.500000e+01 1.870096e+01
      vertex   -2.141390e+02 2.000000e+01 1.925000e+01
      vertex   -2.135900e+02 2.000000e+01 1.870096e+01
    endloop
  endfacet
  facet normal 2.588190e-01 6.863316e-16 9.659258e-01
    outer loop
      vertex   -2.135900e+02 2.500000e+01 1.870096e+01
      vertex   -2.135900e+02 2.000000e+01 1.870096e+01
      vertex   -2.128400e+02 2.500000e+01 1.850000e+01
    endloop
  endfacet
  facet normal 2.588190e-01 0.000000e+00 9.659258e-01
    outer loop
      vertex   -2.128400e+02 2.500000e+01 1.850000e+01
      vertex   -2.135900e+02 2.000000e+01 1.870096e+01
      vertex   -2.128400e+02 2.000000e+01 1.850000e+01
    endloop
  endfacet
  facet normal -2.588190e-01 0.000000e+00 9.659258e-01
    outer loop
      vertex   -2.128400e+02 2.500000e+01 1.850000e+01
      vertex   -2.128400e+02 2.000000e+01 1.850000e+01
      vertex   -2.120900e+02 2.500000e+01 1.870096e+01
    endloop
  endfacet
  facet normal -2.588190e-01 -6.863316e-16 9.659258e-01
    outer loop
      vertex   -2.120900e+02 2.500000e+01 1.870096e+01
      vertex   -2.128400e+02 2.000000e+01 1.850000e+01
      vertex   -2.120900e+02 2.000000e+01 1.870096e+01
    endloop
  endfacet
  facet normal -7.071068e-01 -5.024296e-16 7.071068e-01
    outer loop
      vertex   -2.120900e+02 2.500000e+01 1.870096e+01
      vertex   -2.120900e+02 2.000000e+01 1.870096e+01
      vertex   -2.115410e+02 2.500000e+01 1.925000e+01
    endloop
  endfacet
  facet normal -7.071068e-01 -5.024296e-16 7.071068e-01
    outer loop
      vertex   -2.115410e+02 2.500000e+01 1.925000e+01
      vertex   -2.120900e+02 2.000000e+01 1.870096e+01
      vertex   -2.115410e+02 2.000000e+01 1.925000e+01
    endloop
  endfacet
  facet normal -9.659258e-01 -1.839020e-16 2.588190e-01
    outer loop
      vertex   -2.115410e+02 2.500000e+01 1.925000e+01
      vertex   -2.115410e+02 2.000000e+01 1.925000e+01
      vertex   -2.113400e+02 2.500000e+01 2.000000e+01
    endloop
  endfacet
  facet normal -9.659258e-01 0.000000e+00 2.588190e-01
    outer loop
      vertex   -2.113400e+02 2.500000e+01 2.000000e+01
      vertex   -2.115410e+02 2.000000e+01 1.925000e+01
      vertex   -2.113400e+02 2.000000e+01 2.000000e+01
    endloop
  endfacet
  facet normal -9.659258e-01 -0.000000e+00 -2.588190e-01
    outer loop
      vertex   -2.113400e+02 2.500000e+01 2.000000e+01
      vertex   -2.113400e+02 2.000000e+01 2.000000e+01
      vertex   -2.115410e+02 2.500000e+01 2.075000e+01
    endloop
  endfacet
  facet normal -9.659258e-01 -0.000000e+00 -2.588190e-01
    outer loop
      vertex   -2.115410e+02 2.500000e+01 2.075000e+01
      vertex   -2.113400e+02 2.000000e+01 2.000000e+01
      vertex   -2.115410e+02 2.000000e+01 2.075000e+01
    endloop
  endfacet
  facet normal -7.071068e-01 -0.000000e+00 -7.071068e-01
    outer loop
      vertex   -2.115410e+02 2.500000e+01 2.075000e+01
      vertex   -2.115410e+02 2.000000e+01 2.075000e+01
      vertex   -2.120900e+02 2.500000e+01 2.129904e+01
    endloop
  endfacet
  facet normal -7.071068e-01 -0.000000e+00 -7.071068e-01
    outer loop
      vertex   -2.120900e+02 2.500000e+01 2.129904e+01
      vertex   -2.115410e+02 2.000000e+01 2.075000e+01
      vertex   -2.120900e+02 2.000000e+01 2.129904e+01
    endloop
  endfacet
  facet normal -2.588190e-01 -0.000000e+00 -9.659258e-01
    outer loop
      vertex   -2.120900e+02 2.500000e+01 2.129904e+01
      vertex   -2.120900e+02 2.000000e+01 2.129904e+01
      vertex   -2.128400e+02 2.500000e+01 2.150000e+01
    endloop
  endfacet
  facet normal -2.588190e-01 -0.000000e+00 -9.659258e-01
    outer loop
      vertex   -2.128400e+02 2.500000e+01 2.150000e+01
      vertex   -2.120900e+02 2.000000e+01 2.129904e+01
      vertex   -2.128400e+02 2.000000e+01 2.150000e+01
    endloop
  endfacet
  facet normal 2.588190e-01 0.000000e+00 -9.659258e-01
    outer loop
      vertex   -2.128400e+02 2.500000e+01 2.150000e+01
      vertex   -2.128400e+02 2.000000e+01 2.150000e+01
      vertex   -2.135900e+02 2.500000e+01 2.129904e+01
    endloop
  endfacet
  facet normal 2.588190e-01 0.000000e+00 -9.659258e-01
    outer loop
      vertex   -2.135900e+02 2.500000e+01 2.129904e+01
      vertex   -2.128400e+02 2.000000e+01 2.150000e+01
      vertex   -2.135900e+02 2.000000e+01 2.129904e+01
    endloop
  endfacet
  facet normal 7.071068e-01 0.000000e+00 -7.071068e-01
    outer loop
      vertex   -2.135900e+02 2.500000e+01 2.129904e+01
      vertex   -2.135900e+02 2.000000e+01 2.129904e+01
      vertex   -2.141390e+02 2.500000e+01 2.075000e+01
    endloop
  endfacet
  facet normal 7.071068e-01 0.000000e+00 -7.071068e-01
    outer loop
      vertex   -2.141390e+02 2.500000e+01 2.075000e+01
      vertex   -2.135900e+02 2.000000e+01 2.129904e+01
      vertex   -2.141390e+02 2.000000e+01 2.075000e+01
    endloop
  endfacet
  facet normal 9.659258e-01 0.000000e+00 -2.588190e-01
    outer loop
      vertex   -1.941390e+02 2.500000e+01 2.075000e+01
      vertex   -1.941390e+02 2.000000e+01 2.075000e+01
      vertex   -1.943400e+02 2.500000e+01 2.000000e+01
    endloop
  endfacet
  facet normal 9.659258e-01 0.000000e+00 -2.588190e-01
    outer loop
      vertex   -1.943400e+02 2.500000e+01 2.000000e+01
      vertex   -1.941390e+02 2.000000e+01 2.075000e+01
      vertex   -1.943400e+02 2.000000e+01 2.000000e+01
    endloop
  endfacet
  facet normal 9.659258e-01 0.000000e+00 2.588190e-01
    outer loop
      vertex   -1.943400e+02 2.500000e+01 2.000000e+01
      vertex   -1.943400e+02 2.000000e+01 2.000000e+01
      vertex   -1.941390e+02 2.500000e+01 1.925000e+01
    endloop
  endfacet
  facet normal 9.659258e-01 1.839020e-16 2.588190e-01
    outer loop
      vertex   -1.941390e+02 2.500000e+01 1.925000e+01
      vertex   -1.943400e+02 2.000000e+01 2.000000e+01
      vertex   -1.941390e+02 2.000000e+01 1.925000e+01
    endloop
  endfacet
  facet normal 7.071068e-01 5.024296e-16 7.071068e-01
    outer loop
      vertex   -1.941390e+02 2.500000e+01 1.925000e+01
      vertex   -1.941390e+02 2.000000e+01 1.925000e+01
      vertex   -1.935900e+02 2.500000e+01 1.870096e+01
    endloop
  endfacet
  facet normal 7.071068e-01 5.024296e-16 7.071068e-01
    outer loop
      vertex   -1.935900e+02 2.500000e+01 1.870096e+01
      vertex   -1.941390e+02 2.000000e+01 1.925000e+01
      vertex   -1.935900e+02 2.000000e+01 1.870096e+01
    endloop
  endfacet
  facet normal 2.588190e-01 6.863316e-16 9.659258e-01
    outer loop
      vertex   -1.935900e+02 2.500000e+01 1.870096e+01
      vertex   -1.935900e+02 2.000000e+01 1.870096e+01
      vertex   -1.928400e+02 2.500000e+01 1.850000e+01
    endloop
  endfacet
  facet normal 2.588190e-01 0.000000e+00 9.659258e-01
    outer loop
      vertex   -1.928400e+02 2.500000e+01 1.850000e+01
      vertex   -1.935900e+02 2.000000e+01 1.870096e+01
      vertex   -1.928400e+02 2.000000e+01 1.850000e+01
    endloop
  endfacet
  facet normal -2.588190e-01 0.000000e+00 9.659258e-01
    outer loop
      vertex   -1.928400e+02 2.500000e+01 1.850000e+01
      vertex   -1.928400e+02 2.000000e+01 1.850000e+01
      vertex   -1.920900e+02 2.500000e+01 1.870096e+01
    endloop
  endfacet
  facet normal -2.588190e-01 -6.863316e-16 9.659258e-01
    outer loop
      vertex   -1.920900e+02 2.500000e+01 1.870096e+01
      vertex   -1.928400e+02 2.000000e+01 1.850000e+01
      vertex   -1.920900e+02 2.000000e+01 1.870096e+01
    endloop
  endfacet
  facet normal -7.071068e-01 -5.024296e-16 7.071068e-01
    outer loop
      vertex   -1.920900e+02 2.500000e+01 1.870096e+01
      vertex   -1.920900e+02 2.000000e+01 1.870096e+01
      vertex   -1.915410e+02 2.500000e+01 1.925000e+01
    endloop
  endfacet
  facet normal -7.071068e-01 -5.024296e-16 7.071068e-01
    outer loop
      vertex   -1.915410e+02 2.500000e+01 1.925000e+01
      vertex   -1.920900e+02 2.000000e+01 1.870096e+01
      vertex   -1.915410e+02 2.000000e+01 1.925000e+01
    endloop
  endfacet
  facet normal -9.659258e-01 -1.839020e-16 2.588190e-01
    outer loop
      vertex   -1.915410e+02 2.500000e+01 1.925000e+01
      vertex   -1.915410e+02 2.000000e+01 1.925000e+01
      vertex   -1.913400e+02 2.500000e+01 2.000000e+01
    endloop
  endfacet
  facet normal -9.659258e-01 0.000000e+00 2.588190e-01
    outer loop
      vertex   -1.913400e+02 2.500000e+01 2.000000e+01
      vertex   -1.915410e+02 2.000000e+01 1.925000e+01
      vertex   -1.913400e+02 2.000000e+01 2.000000e+01
    endloop
  endfacet
  facet normal -9.659258e-01 -0.000000e+00 -2.588190e-01
    outer loop
      vertex   -1.913400e+02 2.500000e+01 2.000000e+01
      vertex   -1.913400e+02 2.000000e+01 2.000000e+01
      vertex   -1.915410e+02 2.500000e+01 2.075000e+01
    endloop
  endfacet
  facet normal -9.659258e-01 -0.000000e+00 -2.588190e-01
    outer loop
      vertex   -1.915410e+02 2.500000e+01 2.075000e+01
      vertex   -1.913400e+02 2.000000e+01 2.000000e+01
      vertex   -1.915410e+02 2.000000e+01 2.075000e+01
    endloop
  endfacet
  facet normal -7.071068e-01 -0.000000e+00 -7.071068e-01
    outer loop
      vertex   -1.915410e+02 2.500000e+01 2.075000e+01
      vertex   -1.915410e+02 2.000000e+01 2.075000e+01
      vertex   -1.920900e+02 2.500000e+01 2.129904e+01
    endloop
  endfacet
  facet normal -7.071068e-01 -0.000000e+00 -7.071068e-01
    outer loop
      vertex   -1.920900e+02 2.500000e+01 2.129904e+01
      vertex   -1.915410e+02 2.000000e+01 2.075000e+01
      vertex   -1.920900e+02 2.000000e+01 2.129904e+01
    endloop
  endfacet
  facet normal -2.588190e-01 -0.000000e+00 -9.659258e-01
    outer loop
      vertex   -1.920900e+02 2.500000e+01 2.129904e+01
      vertex   -1.920900e+02 2.000000e+01 2.129904e+01
      vertex   -1.928400e+02 2.500000e+01 2.150000e+01
    endloop
  endfacet
  facet normal -2.588190e-01 -0.000000e+00 -9.659258e-01
    outer loop
      vertex   -1.928400e+02 2.500000e+01 2.150000e+01
      vertex   -1.920900e+02 2.000000e+01 2.129904e+01
      vertex   -1.928400e+02 2.000000e+01 2.150000e+01
    endloop
  endfacet
  facet normal 2.588190e-01 0.000000e+00 -9.659258e-01
    outer loop
      vertex   -1.928400e+02 2.500000e+01 2.150000e+01
      vertex   -1.928400e+02 2.000000e+01 2.150000e+01
      vertex   -1.935900e+02 2.500000e+01 2.129904e+01
    endloop
  endfacet
  facet normal 2.588190e-01 0.000000e+00 -9.659258e-01
    outer loop
      vertex   -1.935900e+02 2.500000e+01 2.129904e+01
      vertex   -1.928400e+02 2.000000e+01 2.150000e+01
      vertex   -1.935900e+02 2.000000e+01 2.129904e+01
    endloop
  endfacet
  facet normal 7.071068e-01 0.000000e+00 -7.071068e-01
    outer loop
      vertex   -1.935900e+02 2.500000e+01 2.129904e+01
      vertex   -1.935900e+02 2.000000e+01 2.129904e+01
      vertex   -1.941390e+02 2.500000e+01 2.075000e+01
    endloop
  endfacet
  facet normal 7.071068e-01 0.000000e+00 -7.071068e-01
    outer loop
      vertex   -1.941390e+02 2.500000e+01 2.075000e+01
      vertex   -1.935900e+02 2.000000e+01 2.129904e+01
      vertex   -1.941390e+02 2.000000e+01 2.075000e+01
    endloop
  endfacet
  facet normal 9.659258e-01 0.000000e+00 -2.588190e-01
    outer loop
      vertex   -1.741390e+02 2.500000e+01 2.075000e+01
      vertex   -1.741390e+02 2.000000e+01 2.075000e+01
      vertex   -1.743400e+02 2.500000e+01 2.000000e+01
    endloop
  endfacet
  facet normal 9.659258e-01 0.000000e+00 -2.588190e-01
    outer loop
      vertex   -1.743400e+02 2.500000e+01 2.000000e+01
      vertex   -1.741390e+02 2.000000e+01 2.075000e+01
      vertex   -1.743400e+02 2.000000e+01 2.000000e+01
    endloop
  endfacet
  facet normal 9.659258e-01 0.000000e+00 2.588190e-01
    outer loop
      vertex   -1.743400e+02 2.500000e+01 2.000000e+01
      vertex   -1.743400e+02 2.000000e+01 2.000000e+01
      vertex   -1.741390e+02 2.500000e+01 1.925000e+01
    endloop
  endfacet
  facet normal 9.659258e-01 1.839020e-16 2.588190e-01
    outer loop
      vertex   -1.741390e+02 2.500000e+01 1.925000e+01
      vertex   -1.743400e+02 2.000000e+01 2.000000e+01
      vertex   -1.741390e+02 2.000000e+01 1.925000e+01
    endloop
  endfacet
  facet normal 7.071068e-01 5.024296e-16 7.071068e-01
    outer loop
      vertex   -1.741390e+02 2.500000e+01 1.925000e+01
      vertex   -1.741390e+02 2.000000e+01 1.925000e+01
      vertex   -1.735900e+02 2.500000e+01 1.870096e+01
    endloop
  endfacet
  facet normal 7.071068e-01 5.024296e-16 7.071068e-01
    outer loop
      vertex   -1.735900e+02 2.500000e+01 1.870096e+01
      vertex   -1.741390e+02 2.000000e+01 1.925000e+01
      vertex   -1.735900e+02 2.000000e+01 1.870096e+01
    endloop
  endfacet
  facet normal 2.588190e-01 6.863316e-16 9.659258e-01
    outer loop
      vertex   -1.735900e+02 2.500000e+01 1.870096e+01
      vertex   -1.735900e+02 2.000000e+01 1.870096e+01
      vertex   -1.728400e+02 2.500000e+01 1.850000e+01
    endloop
  endfacet
  facet normal 2.588190e-01 0.000000e+00 9.659258e-01
    outer loop
      vertex   -1.728400e+02 2.500000e+01 1.850000e+01
      vertex   -1.735900e+02 2.000000e+01 1.870096e+01
      vertex   -1.728400e+02 2.000000e+01 1.850000e+01
    endloop
  endfacet
  facet normal -2.588190e-01 0.000000e+00 9.659258e-01
    outer loop
      vertex   -1.728400e+02 2.500000e+01 1.850000e+01
      vertex   -1.728400e+02 2.000000e+01 1.850000e+01
      vertex   -1.720900e+02 2.500000e+01 1.870096e+01
    endloop
  endfacet
  facet normal -2.588190e-01 -6.863316e-16 9.659258e-01
    outer loop
      vertex   -1.720900e+02 2.500000e+01 1.870096e+01
      vertex   -1.728400e+02 2.000000e+01 1.850000e+01
      vertex   -1.720900e+02 2.000000e+01 1.870096e+01
    endloop
  endfacet
  facet normal -7.071068e-01 -5.024296e-16 7.071068e-01
    outer loop
      vertex   -1.720900e+02 2.500000e+01 1.870096e+01
      vertex   -1.720900e+02 2.000000e+01 1.870096e+01
      vertex   -1.715410e+02 2.500000e+01 1.925000e+01
    endloop
  endfacet
  facet normal -7.071068e-01 -5.024296e-16 7.071068e-01
    outer loop
      vertex   -1.715410e+02 2.500000e+01 1.925000e+01
      vertex   -1.720900e+02 2.000000e+01 1.870096e+01
      vertex   -1.715410e+02 2.000000e+01 1.925000e+01
    endloop
  endfacet
  facet normal -9.659258e-01 -1.839020e-16 2.588190e-01
    outer loop
      vertex   -1.715410e+02 2.500000e+01 1.925000e+01
      vertex   -1.715410e+02 2.000000e+01 1.925000e+01
      vertex   -1.713400e+02 2.500000e+01 2.000000e+01
    endloop
  endfacet
  facet normal -9.659258e-01 0.000000e+00 2.588190e-01
    outer loop
      vertex   -1.713400e+02 2.500000e+01 2.000000e+01
      vertex   -1.715410e+02 2.000000e+01 1.925000e+01
      vertex   -1.713400e+02 2.000000e+01 2.000000e+01
    endloop
  endfacet
  facet normal -9.659258e-01 -0.000000e+00 -2.588190e-01
    outer loop
      vertex   -1.713400e+02 2.500000e+01 2.000000e+01
      vertex   -1.713400e+02 2.000000e+01 2.000000e+01
      vertex   -1.715410e+02 2.500000e+01 2.075000e+01
    endloop
  endfacet
  facet normal -9.659258e-01 -0.000000e+00 -2.588190e-01
    outer loop
      vertex   -1.715410e+02 2.500000e+01 2.075000e+01
      vertex   -1.713400e+02 2.000000e+01 2.000000e+01
      vertex   -1.715410e+02 2.000000e+01 2.075000e+01
    endloop
  endfacet
  facet normal -7.071068e-01 -0.000000e+00 -7.071068e-01
    outer loop
      vertex   -1.715410e+02 2.500000e+01 2.075000e+01
      vertex   -1.715410e+02 2.000000e+01 2.075000e+01
      vertex   -1.720900e+02 2.500000e+01 2.129904e+01
    endloop
  endfacet
  facet normal -7.071068e-01 -0.000000e+00 -7.071068e-01
    outer loop
      vertex   -1.720900e+02 2.500000e+01 2.129904e+01
      vertex   -1.715410e+02 2.000000e+01 2.075000e+01
      vertex   -1.720900e+02 2.000000e+01 2.129904e+01
    endloop
  endfacet
  facet normal -2.588190e-01 -0.000000e+00 -9.659258e-01
    outer loop
      vertex   -1.720900e+02 2.500000e+01 2.129904e+01
      vertex   -1.720900e+02 2.000000e+01 2.129904e+01
      vertex   -1.728400e+02 2.500000e+01 2.150000e+01
    endloop
  endfacet
  facet normal -2.588190e-01 -0.000000e+00 -9.659258e-01
    outer loop
      vertex   -1.728400e+02 2.500000e+01 2.150000e+01
      vertex   -1.720900e+02 2.000000e+01 2.129904e+01
      vertex   -1.728400e+02 2.000000e+01 2.150000e+01
    endloop
  endfacet
  facet normal 2.588190e-01 0.000000e+00 -9.659258e-01
    outer loop
      vertex   -1.728400e+02 2.500000e+01 2.150000e+01
      vertex   -1.728400e+02 2.000000e+01 2.150000e+01
      vertex   -1.735900e+02 2.500000e+01 2.129904e+01
    endloop
  endfacet
  facet normal 2.588190e-01 0.000000e+00 -9.659258e-01
    outer loop
      vertex   -1.735900e+02 2.500000e+01 2.129904e+01
      vertex   -1.728400e+02 2.000000e+01 2.150000e+01
      vertex   -1.735900e+02 2.000000e+01 2.129904e+01
    endloop
  endfacet
  facet normal 7.071068e-01 0.000000e+00 -7.071068e-01
    outer loop
      vertex   -1.735900e+02 2.500000e+01 2.129904e+01
      vertex   -1.735900e+02 2.000000e+01 2.129904e+01
      vertex   -1.741390e+02 2.500000e+01 2.075000e+01
    endloop
  endfacet
  facet normal 7.071068e-01 0.000000e+00 -7.071068e-01
    outer loop
      vertex   -1.741390e+02 2.500000e+01 2.075000e+01
      vertex   -1.735900e+02 2.000000e+01 2.129904e+01
      vertex   -1.741390e+02 2.000000e+01 2.075000e+01
    endloop
  endfacet
  facet normal 9.659258e-01 0.000000e+00 -2.588190e-01
    outer loop
      vertex   -1.541390e+02 2.500000e+01 2.075000e+01
      vertex   -1.541390e+02 2.000000e+01 2.075000e+01
      vertex   -1.543400e+02 2.500000e+01 2.000000e+01
    endloop
  endfacet
  facet normal 9.659258e-01 0.000000e+00 -2.588190e-01
    outer loop
      vertex   -1.543400e+02 2.500000e+01 2.000000e+01
      vertex   -1.541390e+02 2.000000e+01 2.075000e+01
      vertex   -1.543400e+02 2.000000e+01 2.000000e+01
    endloop
  endfacet
  facet normal 9.659258e-01 0.000000e+00 2.588190e-01
    outer loop
      vertex   -1.543400e+02 2.500000e+01 2.000000e+01
      vertex   -1.543400e+02 2.000000e+01 2.000000e+01
      vertex   -1.541390e+02 2.500000e+01 1.925000e+01
    endloop
  endfacet
  facet normal 9.659258e-01 1.839020e-16 2.588190e-01
    outer loop
      vertex   -1.541390e+02 2.500000e+01 1.925000e+01
      vertex   -1.543400e+02 2.000000e+01 2.000000e+01
      vertex   -1.541390e+02 2.000000e+01 1.925000e+01
    endloop
  endfacet
  facet normal 7.071068e-01 5.024296e-16 7.071068e-01
    outer loop
      vertex   -1.541390e+02 2.500000e+01 1.925000e+01
      vertex   -1.541390e+02 2.000000e+01 1.925000e+01
      vertex   -1.535900e+02 2.500000e+01 1.870096e+01
    endloop
  endfacet
  facet normal 7.071068e-01 5.024296e-16 7.071068e-01
    outer loop
      vertex   -1.535900e+02 2.500000e+01 1.870096e+01
      vertex   -1.541390e+02 2.000000e+01 1.925000e+01
      vertex   -1.535900e+02 2.000000e+01 1.870096e+01
    endloop
  endfacet
  facet normal 2.588190e-01 6.863316e-16 9.659258e-01
    outer loop
      vertex   -1.535900e+02 2.500000e+01 1.870096e+01
      vertex   -1.535900e+02 2.000000e+01 1.870096e+01
      vertex   -1.528400e+02 2.500000e+01 1.850000e+01
    endloop
  endfacet
  facet normal 2.588190e-01 0.000000e+00 9.659258e-01
    outer loop
      vertex   -1.528400e+02 2.500000e+01 1.850000e+01
      vertex   -1.535900e+02 2.000000e+01 1.870096e+01
      vertex   -1.528400e+02 2.000000e+01 1.850000e+01
    endloop
  endfacet
  facet normal -2.588190e-01 0.000000e+00 9.659258e-01
    outer loop
      vertex   -1.528400e+02 2.500000e+01 1.850000e+01
      vertex   -1.528400e+02 2.000000e+01 1.850000e+01
      vertex   -1.520900e+02 2.500000e+01 1.870096e+01
    endloop
  endfacet
  facet normal -2.588190e-01 -6.863316e-16 9.659258e-01
    outer loop
      vertex   -1.520900e+02 2.500000e+01 1.870096e+01
      vertex   -1.528400e+02 2.000000e+01 1.850000e+01
      vertex   -1.520900e+02 2.000000e+01 1.870096e+01
    endloop
  endfacet
  facet normal -7.071068e-01 -5.024296e-16 7.071068e-01
    outer loop
      vertex   -1.520900e+02 2.500000e+01 1.870096e+01
      vertex   -1.520900e+02 2.000000e+01 1.870096e+01
      vertex   -1.515410e+02 2.500000e+01 1.925000e+01
    endloop
  endfacet
  facet normal -7.071068e-01 -5.024296e-16 7.071068e-01
    outer loop
      vertex   -1.515410e+02 2.500000e+01 1.925000e+01
      vertex   -1.520900e+02 2.000000e+01 1.870096e+01
      vertex   -1.515410e+02 2.000000e+01 1.925000e+01
    endloop
  endfacet
  facet normal -9.659258e-01 -1.839020e-16 2.588190e-01
    outer loop
      vertex   -1.515410e+02 2.500000e+01 1.925000e+01
      vertex   -1.515410e+02 2.000000e+01 1.925000e+01
      vertex   -1.513400e+02 2.500000e+01 2.000000e+01
    endloop
  endfacet
  facet normal -9.659258e-01 0.000000e+00 2.588190e-01
    outer loop
      vertex   -1.513400e+02 2.500000e+01 2.000000e+01
      vertex   -1.515410e+02 2.000000e+01 1.925000e+01
      vertex   -1.513400e+02 2.000000e+01 2.000000e+01
    endloop
  endfacet
  facet normal -9.659258e-01 -0.000000e+00 -2.588190e-01
    outer loop
      vertex   -1.513400e+02 2.500000e+01 2.000000e+01
      vertex   -1.513400e+02 2.000000e+01 2.000000e+01
      vertex   -1.515410e+02 2.500000e+01 2.075000e+01
    endloop
  endfacet
  facet normal -9.659258e-01 -0.000000e+00 -2.588190e-01
    outer loop
      vertex   -1.515410e+02 2.500000e+01 2.075000e+01
      vertex   -1.513400e+02 2.000000e+01 2.000000e+01
      vertex   -1.515410e+02 2.000000e+01 2.075000e+01
    endloop
  endfacet
  facet normal -7.071068e-01 -0.000000e+00 -7.071068e-01
    outer loop
      vertex   -1.515410e+02 2.500000e+01 2.075000e+01
      vertex   -1.515410e+02 2.000000e+01 2.075000e+01
      vertex   -1.520900e+02 2.500000e+01 2.129904e+01
    endloop
  endfacet
  facet normal -7.071068e-01 -0.000000e+00 -7.071068e-01
    outer loop
      vertex   -1.520900e+02 2.500000e+01 2.129904e+01
      vertex   -1.515410e+02 2.000000e+01 2.075000e+01
      vertex   -1.520900e+02 2.000000e+01 2.129904e+01
    endloop
  endfacet
  facet normal -2.588190e-01 -0.000000e+00 -9.659258e-01
    outer loop
      vertex   -1.520900e+02 2.500000e+01 2.129904e+01
      vertex   -1.520900e+02 2.000000e+01 2.129904e+01
      vertex   -1.528400e+02 2.500000e+01 2.150000e+01
    endloop
  endfacet
  facet normal -2.588190e-01 -0.000000e+00 -9.659258e-01
    outer loop
      vertex   -1.528400e+02 2.500000e+01 2.150000e+01
      vertex   -1.520900e+02 2.000000e+01 2.129904e+01
      vertex   -1.528400e+02 2.000000e+01 2.150000e+01
    endloop
  endfacet
  facet normal 2.588190e-01 0.000000e+00 -9.659258e-01
    outer loop
      vertex   -1.528400e+02 2.500000e+01 2.150000e+01
      vertex   -1.528400e+02 2.000000e+01 2.150000e+01
      vertex   -1.535900e+02 2.500000e+01 2.129904e+01
    endloop
  endfacet
  facet normal 2.588190e-01 0.000000e+00 -9.659258e-01
    outer loop
      vertex   -1.535900e+02 2.500000e+01 2.129904e+01
      vertex   -1.528400e+02 2.000000e+01 2.150000e+01
      vertex   -1.535900e+02 2.000000e+01 2.129904e+01
    endloop
  endfacet
  facet normal 7.071068e-01 0.000000e+00 -7.071068e-01
    outer loop
      vertex   -1.535900e+02 2.500000e+01 2.129904e+01
      vertex   -1.535900e+02 2.000000e+01 2.129904e+01
      vertex   -1.541390e+02 2.500000e+01 2.075000e+01
    endloop
  endfacet
  facet normal 7.071068e-01 0.000000e+00 -7.071068e-01
    outer loop
      vertex   -1.541390e+02 2.500000e+01 2.075000e+01
      vertex   -1.535900e+02 2.000000e+01 2.129904e+01
      vertex   -1.541390e+02 2.000000e+01 2.075000e+01
    endloop
  endfacet
  facet normal -1.000000e+00 -0.000000e+00 0.000000e+00
    outer loop
      vertex   -2.728400e+02 3.384776e+01 -2.765367e+00
      vertex   -2.728400e+02 3.341421e+01 -3.414214e+00
      vertex   -2.728400e+02 3.400000e+01 -2.000000e+00
    endloop
  endfacet
  facet normal -1.000000e+00 0.000000e+00 0.000000e+00
    outer loop
      vertex   -2.728400e+02 3.400000e+01 -2.000000e+00
      vertex   -2.728400e+02 3.341421e+01 -3.414214e+00
      vertex   -2.728400e+02 3.276537e+01 -3.847759e+00
    endloop
  endfacet
  facet normal -1.000000e+00 -0.000000e+00 0.000000e+00
    outer loop
      vertex   -2.728400e+02 3.400000e+01 -2.000000e+00
      vertex   -2.728400e+02 3.276537e+01 -3.847759e+00
      vertex   -2.728400e+02 3.030000e+01 -8.973633e-15
    endloop
  endfacet
  facet normal -1.000000e+00 0.000000e+00 0.000000e+00
    outer loop
      vertex   -2.728400e+02 3.030000e+01 -8.973633e-15
      vertex   -2.728400e+02 3.276537e+01 -3.847759e+00
      vertex   -2.728400e+02 3.200000e+01 -4.000000e+00
    endloop
  endfacet
  facet normal -1.000000e+00 0.000000e+00 -0.000000e+00
    outer loop
      vertex   -2.728400e+02 3.030000e+01 -8.973633e-15
      vertex   -2.728400e+02 3.200000e+01 -4.000000e+00
      vertex   -2.728400e+02 3.009904e+01 -7.500000e-01
    endloop
  endfacet
  facet normal -1.000000e+00 0.000000e+00 -0.000000e+00
    outer loop
      vertex   -2.728400e+02 3.009904e+01 -7.500000e-01
      vertex   -2.728400e+02 3.200000e+01 -4.000000e+00
      vertex   -2.728400e+02 2.955000e+01 -1.299038e+00
    endloop
  endfacet
  facet normal -1.000000e+00 0.000000e+00 -0.000000e+00
    outer loop
      vertex   -2.728400e+02 2.955000e+01 -1.299038e+00
      vertex   -2.728400e+02 3.200000e+01 -4.000000e+00
      vertex   -2.728400e+02 2.880000e+01 -1.500000e+00
    endloop
  endfacet
  facet normal -1.000000e+00 -0.000000e+00 -0.000000e+00
    outer loop
      vertex   -2.728400e+02 2.880000e+01 -1.500000e+00
      vertex   -2.728400e+02 3.200000e+01 -4.000000e+00
      vertex   -2.728400e+02 2.805000e+01 -1.299038e+00
    endloop
  endfacet
  facet normal -1.000000e+00 0.000000e+00 -0.000000e+00
    outer loop
      vertex   -2.728400e+02 2.805000e+01 -1.299038e+00
      vertex   -2.728400e+02 3.200000e+01 -4.000000e+00
      vertex   -2.728400e+02 1.850000e+01 -4.000000e+00
    endloop
  endfacet
  facet normal -1.000000e+00 -0.000000e+00 0.000000e+00
    outer loop
      vertex   -2.728400e+02 2.805000e+01 -1.299038e+00
      vertex   -2.728400e+02 1.850000e+01 -4.000000e+00
      vertex   -2.728400e+02 2.750096e+01 -7.500000e-01
    endloop
  endfacet
  facet normal -1.000000e+00 -0.000000e+00 0.000000e+00
    outer loop
      vertex   -2.728400e+02 2.750096e+01 -7.500000e-01
      vertex   -2.728400e+02 1.850000e+01 -4.000000e+00
      vertex   -2.728400e+02 2.730000e+01 -8.973633e-15
    endloop
  endfacet
  facet normal -1.000000e+00 -4.119088e-15 9.061994e-15
    outer loop
      vertex   -2.728400e+02 2.730000e+01 -8.973633e-15
      vertex   -2.728400e+02 1.850000e+01 -4.000000e+00
      vertex   -2.728400e+02 2.000000e+01 1.550000e+01
    endloop
  endfacet
  facet normal -1.000000e+00 -1.488929e-14 3.989575e-15
    outer loop
      vertex   -2.728400e+02 2.730000e+01 -8.973633e-15
      vertex   -2.728400e+02 2.000000e+01 1.550000e+01
      vertex   -2.728400e+02 2.750096e+01 7.500000e-01
    endloop
  endfacet
  facet normal -1.000000e+00 -2.273445e-14 0.000000e+00
    outer loop
      vertex   -2.728400e+02 2.750096e+01 7.500000e-01
      vertex   -2.728400e+02 2.000000e+01 1.550000e+01
      vertex   -2.728400e+02 2.750096e+01 1.075000e+01
    endloop
  endfacet
  facet normal -1.000000e+00 0.000000e+00 0.000000e+00
    outer loop
      vertex   -2.728400e+02 2.750096e+01 7.500000e-01
      vertex   -2.728400e+02 2.750096e+01 1.075000e+01
      vertex   -2.728400e+02 2.805000e+01 1.299038e+00
    endloop
  endfacet
  facet normal -1.000000e+00 0.000000e+00 0.000000e+00
    outer loop
      vertex   -2.728400e+02 2.805000e+01 1.299038e+00
      vertex   -2.728400e+02 2.750096e+01 1.075000e+01
      vertex   -2.728400e+02 2.805000e+01 1.020096e+01
    endloop
  endfacet
  facet normal -1.000000e+00 0.000000e+00 0.000000e+00
    outer loop
      vertex   -2.728400e+02 2.805000e+01 1.299038e+00
      vertex   -2.728400e+02 2.805000e+01 1.020096e+01
      vertex   -2.728400e+02 2.880000e+01 1.500000e+00
    endloop
  endfacet
  facet normal -1.000000e+00 0.000000e+00 0.000000e+00
    outer loop
      vertex   -2.728400e+02 2.880000e+01 1.500000e+00
      vertex   -2.728400e+02 2.805000e+01 1.020096e+01
      vertex   -2.728400e+02 2.880000e+01 1.000000e+01
    endloop
  endfacet
  facet normal -1.000000e+00 0.000000e+00 0.000000e+00
    outer loop
      vertex   -2.728400e+02 2.880000e+01 1.500000e+00
      vertex   -2.728400e+02 2.880000e+01 1.000000e+01
      vertex   -2.728400e+02 2.955000e+01 1.299038e+00
    endloop
  endfacet
  facet normal -1.000000e+00 0.000000e+00 0.000000e+00
    outer loop
      vertex   -2.728400e+02 2.955000e+01 1.299038e+00
      vertex   -2.728400e+02 2.880000e+01 1.000000e+01
      vertex   -2.728400e+02 2.955000e+01 1.020096e+01
    endloop
  endfacet
  facet normal -1.000000e+00 0.000000e+00 0.000000e+00
    outer loop
      vertex   -2.728400e+02 2.955000e+01 1.299038e+00
      vertex   -2.728400e+02 2.955000e+01 1.020096e+01
      vertex   -2.728400e+02 3.009904e+01 7.500000e-01
    endloop
  endfacet
  facet normal -1.000000e+00 0.000000e+00 0.000000e+00
    outer loop
      vertex   -2.728400e+02 3.009904e+01 7.500000e-01
      vertex   -2.728400e+02 2.955000e+01 1.020096e+01
      vertex   -2.728400e+02 3.009904e+01 1.075000e+01
    endloop
  endfacet
  facet normal -1.000000e+00 0.000000e+00 0.000000e+00
    outer loop
      vertex   -2.728400e+02 3.009904e+01 7.500000e-01
      vertex   -2.728400e+02 3.009904e+01 1.075000e+01
      vertex   -2.728400e+02 3.400000e+01 -2.000000e+00
    endloop
  endfacet
  facet normal -1.000000e+00 0.000000e+00 0.000000e+00
    outer loop
      vertex   -2.728400e+02 3.400000e+01 -2.000000e+00
      vertex   -2.728400e+02 3.009904e+01 1.075000e+01
      vertex   -2.728400e+02 3.400000e+01 1.350000e+01
    endloop
  endfacet
  facet normal -1.000000e+00 0.000000e+00 0.000000e+00
    outer loop
      vertex   -2.728400e+02 3.400000e+01 1.350000e+01
      vertex   -2.728400e+02 3.009904e+01 1.075000e+01
      vertex   -2.728400e+02 3.030000e+01 1.150000e+01
    endloop
  endfacet
  facet normal -1.000000e+00 -0.000000e+00 0.000000e+00
    outer loop
      vertex   -2.728400e+02 3.400000e+01 1.350000e+01
      vertex   -2.728400e+02 3.030000e+01 1.150000e+01
      vertex   -2.728400e+02 3.276537e+01 1.534776e+01
    endloop
  endfacet
  facet normal -1.000000e+00 -0.000000e+00 0.000000e+00
    outer loop
      vertex   -2.728400e+02 3.276537e+01 1.534776e+01
      vertex   -2.728400e+02 3.030000e+01 1.150000e+01
      vertex   -2.728400e+02 3.200000e+01 1.550000e+01
    endloop
  endfacet
  facet normal -1.000000e+00 0.000000e+00 0.000000e+00
    outer loop
      vertex   -2.728400e+02 3.200000e+01 1.550000e+01
      vertex   -2.728400e+02 3.030000e+01 1.150000e+01
      vertex   -2.728400e+02 3.009904e+01 1.225000e+01
    endloop
  endfacet
  facet normal -1.000000e+00 0.000000e+00 0.000000e+00
    outer loop
      vertex   -2.728400e+02 3.200000e+01 1.550000e+01
      vertex   -2.728400e+02 3.009904e+01 1.225000e+01
      vertex   -2.728400e+02 2.955000e+01 1.279904e+01
    endloop
  endfacet
  facet normal -1.000000e+00 0.000000e+00 8.745141e-15
    outer loop
      vertex   -2.728400e+02 1.850000e+01 -4.000000e+00
      vertex   -2.728400e+02 1.850000e+01 1.550000e+01
      vertex   -2.728400e+02 2.000000e+01 1.550000e+01
    endloop
  endfacet
  facet normal -1.000000e+00 -3.915880e-14 6.315935e-15
    outer loop
      vertex   -2.728400e+02 2.000000e+01 2.450000e+01
      vertex   -2.728400e+02 2.500000e+01 1.950000e+01
      vertex   -2.728400e+02 2.000000e+01 1.550000e+01
    endloop
  endfacet
  facet normal -1.000000e+00 -3.027054e-14 -4.794383e-15
    outer loop
      vertex   -2.728400e+02 2.000000e+01 1.550000e+01
      vertex   -2.728400e+02 2.500000e+01 1.950000e+01
      vertex   -2.728400e+02 2.519577e+01 1.826393e+01
    endloop
  endfacet
  facet normal -1.000000e+00 -2.582200e-14 -1.315697e-14
    outer loop
      vertex   -2.728400e+02 2.000000e+01 1.550000e+01
      vertex   -2.728400e+02 2.519577e+01 1.826393e+01
      vertex   -2.728400e+02 2.576393e+01 1.714886e+01
    endloop
  endfacet
  facet normal -1.000000e+00 0.000000e+00 4.547474e-14
    outer loop
      vertex   -2.728400e+02 2.000000e+01 2.450000e+01
      vertex   -2.728400e+02 2.500000e+01 2.450000e+01
      vertex   -2.728400e+02 2.500000e+01 1.950000e+01
    endloop
  endfacet
  facet normal -1.000000e+00 -2.745043e-14 -7.464467e-15
    outer loop
      vertex   -2.728400e+02 2.000000e+01 1.550000e+01
      vertex   -2.728400e+02 2.576393e+01 1.714886e+01
      vertex   -2.728400e+02 2.730000e+01 1.150000e+01
    endloop
  endfacet
  facet normal -1.000000e+00 0.000000e+00 0.000000e+00
    outer loop
      vertex   -2.728400e+02 2.730000e+01 1.150000e+01
      vertex   -2.728400e+02 2.576393e+01 1.714886e+01
      vertex   -2.728400e+02 2.664886e+01 1.626393e+01
    endloop
  endfacet
  facet normal -1.000000e+00 0.000000e+00 0.000000e+00
    outer loop
      vertex   -2.728400e+02 2.730000e+01 1.150000e+01
      vertex   -2.728400e+02 2.664886e+01 1.626393e+01
      vertex   -2.728400e+02 2.750096e+01 1.225000e+01
    endloop
  endfacet
  facet normal -1.000000e+00 0.000000e+00 0.000000e+00
    outer loop
      vertex   -2.728400e+02 2.750096e+01 1.225000e+01
      vertex   -2.728400e+02 2.664886e+01 1.626393e+01
      vertex   -2.728400e+02 2.776393e+01 1.569577e+01
    endloop
  endfacet
  facet normal -1.000000e+00 0.000000e+00 0.000000e+00
    outer loop
      vertex   -2.728400e+02 2.750096e+01 1.225000e+01
      vertex   -2.728400e+02 2.776393e+01 1.569577e+01
      vertex   -2.728400e+02 2.805000e+01 1.279904e+01
    endloop
  endfacet
  facet normal -1.000000e+00 0.000000e+00 0.000000e+00
    outer loop
      vertex   -2.728400e+02 2.805000e+01 1.279904e+01
      vertex   -2.728400e+02 2.776393e+01 1.569577e+01
      vertex   -2.728400e+02 2.880000e+01 1.300000e+01
    endloop
  endfacet
  facet normal -1.000000e+00 0.000000e+00 0.000000e+00
    outer loop
      vertex   -2.728400e+02 2.880000e+01 1.300000e+01
      vertex   -2.728400e+02 2.776393e+01 1.569577e+01
      vertex   -2.728400e+02 2.900000e+01 1.550000e+01
    endloop
  endfacet
  facet normal -1.000000e+00 0.000000e+00 0.000000e+00
    outer loop
      vertex   -2.728400e+02 2.880000e+01 1.300000e+01
      vertex   -2.728400e+02 2.900000e+01 1.550000e+01
      vertex   -2.728400e+02 2.955000e+01 1.279904e+01
    endloop
  endfacet
  facet normal -1.000000e+00 0.000000e+00 0.000000e+00
    outer loop
      vertex   -2.728400e+02 2.955000e+01 1.279904e+01
      vertex   -2.728400e+02 2.900000e+01 1.550000e+01
      vertex   -2.728400e+02 3.200000e+01 1.550000e+01
    endloop
  endfacet
  facet normal -1.000000e+00 0.000000e+00 0.000000e+00
    outer loop
      vertex   -2.728400e+02 3.276537e+01 1.534776e+01
      vertex   -2.728400e+02 3.341421e+01 1.491421e+01
      vertex   -2.728400e+02 3.400000e+01 1.350000e+01
    endloop
  endfacet
  facet normal -1.000000e+00 0.000000e+00 0.000000e+00
    outer loop
      vertex   -2.728400e+02 3.400000e+01 1.350000e+01
      vertex   -2.728400e+02 3.341421e+01 1.491421e+01
      vertex   -2.728400e+02 3.384776e+01 1.426537e+01
    endloop
  endfacet
  facet normal -1.000000e+00 -2.738033e-14 -7.336537e-15
    outer loop
      vertex   -2.728400e+02 2.730000e+01 1.150000e+01
      vertex   -2.728400e+02 2.750096e+01 1.075000e+01
      vertex   -2.728400e+02 2.000000e+01 1.550000e+01
    endloop
  endfacet
  facet normal -1.000000e+00 0.000000e+00 0.000000e+00
    outer loop
      vertex   -2.728400e+02 3.030000e+01 -8.973633e-15
      vertex   -2.728400e+02 3.009904e+01 7.500000e-01
      vertex   -2.728400e+02 3.400000e+01 -2.000000e+00
    endloop
  endfacet
  facet normal -2.549388e-16 0.000000e+00 1.000000e+00
    outer loop
      vertex   -2.728400e+02 2.000000e+01 2.450000e+01
      vertex   -1.474200e+02 2.000000e+01 2.450000e+01
      vertex   -2.728400e+02 2.500000e+01 2.450000e+01
    endloop
  endfacet
  facet normal -2.549388e-16 0.000000e+00 1.000000e+00
    outer loop
      vertex   -2.728400e+02 2.500000e+01 2.450000e+01
      vertex   -1.474200e+02 2.000000e+01 2.450000e+01
      vertex   -1.474200e+02 2.500000e+01 2.450000e+01
    endloop
  endfacet
  facet normal 1.000000e+00 -0.000000e+00 0.000000e+00
    outer loop
      vertex   -1.474200e+02 2.000000e+01 2.450000e+01
      vertex   -1.474200e+02 2.000000e+01 1.550000e+01
      vertex   -1.474200e+02 2.500000e+01 2.450000e+01
    endloop
  endfacet
  facet normal 1.000000e+00 0.000000e+00 0.000000e+00
    outer loop
      vertex   -1.474200e+02 2.500000e+01 2.450000e+01
      vertex   -1.474200e+02 2.000000e+01 1.550000e+01
      vertex   -1.474200e+02 2.500000e+01 8.000000e+00
    endloop
  endfacet
  facet normal 1.000000e+00 0.000000e+00 0.000000e+00
    outer loop
      vertex   -1.474200e+02 2.500000e+01 8.000000e+00
      vertex   -1.474200e+02 2.000000e+01 1.550000e+01
      vertex   -1.474200e+02 1.850000e+01 8.000000e+00
    endloop
  endfacet
  facet normal 1.000000e+00 0.000000e+00 0.000000e+00
    outer loop
      vertex   -1.474200e+02 1.850000e+01 8.000000e+00
      vertex   -1.474200e+02 2.000000e+01 1.550000e+01
      vertex   -1.474200e+02 1.850000e+01 1.550000e+01
    endloop
  endfacet
  facet normal -9.659258e-01 2.588190e-01 0.000000e+00
    outer loop
      vertex   -1.391210e+02 -3.750000e+00 -2.741351e+00
      vertex   -1.391210e+02 -3.750000e+00 0.000000e+00
      vertex   -1.389200e+02 -3.000000e+00 -2.741351e+00
    endloop
  endfacet
  facet normal -9.659258e-01 2.588190e-01 0.000000e+00
    outer loop
      vertex   -1.389200e+02 -3.000000e+00 -2.741351e+00
      vertex   -1.391210e+02 -3.750000e+00 0.000000e+00
      vertex   -1.389200e+02 -3.000000e+00 0.000000e+00
    endloop
  endfacet
  facet normal -9.659258e-01 -2.588190e-01 0.000000e+00
    outer loop
      vertex   -1.389200e+02 -3.000000e+00 -2.741351e+00
      vertex   -1.389200e+02 -3.000000e+00 0.000000e+00
      vertex   -1.391210e+02 -2.250000e+00 -2.741351e+00
    endloop
  endfacet
  facet normal -9.659258e-01 -2.588190e-01 0.000000e+00
    outer loop
      vertex   -1.391210e+02 -2.250000e+00 -2.741351e+00
      vertex   -1.389200e+02 -3.000000e+00 0.000000e+00
      vertex   -1.391210e+02 -2.250000e+00 0.000000e+00
    endloop
  endfacet
  facet normal -7.071068e-01 -7.071068e-01 0.000000e+00
    outer loop
      vertex   -1.391210e+02 -2.250000e+00 -2.741351e+00
      vertex   -1.391210e+02 -2.250000e+00 0.000000e+00
      vertex   -1.396700e+02 -1.700962e+00 -2.741351e+00
    endloop
  endfacet
  facet normal -7.071068e-01 -7.071068e-01 0.000000e+00
    outer loop
      vertex   -1.396700e+02 -1.700962e+00 -2.741351e+00
      vertex   -1.391210e+02 -2.250000e+00 0.000000e+00
      vertex   -1.396700e+02 -1.700962e+00 0.000000e+00
    endloop
  endfacet
  facet normal -2.588190e-01 -9.659258e-01 0.000000e+00
    outer loop
      vertex   -1.396700e+02 -1.700962e+00 -2.741351e+00
      vertex   -1.396700e+02 -1.700962e+00 0.000000e+00
      vertex   -1.404200e+02 -1.500000e+00 -2.741351e+00
    endloop
  endfacet
  facet normal -2.588190e-01 -9.659258e-01 0.000000e+00
    outer loop
      vertex   -1.404200e+02 -1.500000e+00 -2.741351e+00
      vertex   -1.396700e+02 -1.700962e+00 0.000000e+00
      vertex   -1.404200e+02 -1.500000e+00 0.000000e+00
    endloop
  endfacet
  facet normal 2.588190e-01 -9.659258e-01 0.000000e+00
    outer loop
      vertex   -1.404200e+02 -1.500000e+00 -2.741351e+00
      vertex   -1.404200e+02 -1.500000e+00 0.000000e+00
      vertex   -1.411700e+02 -1.700962e+00 -2.741351e+00
    endloop
  endfacet
  facet normal 2.588190e-01 -9.659258e-01 0.000000e+00
    outer loop
      vertex   -1.411700e+02 -1.700962e+00 -2.741351e+00
      vertex   -1.404200e+02 -1.500000e+00 0.000000e+00
      vertex   -1.411700e+02 -1.700962e+00 0.000000e+00
    endloop
  endfacet
  facet normal 7.071068e-01 -7.071068e-01 0.000000e+00
    outer loop
      vertex   -1.411700e+02 -1.700962e+00 -2.741351e+00
      vertex   -1.411700e+02 -1.700962e+00 0.000000e+00
      vertex   -1.417190e+02 -2.250000e+00 -2.741351e+00
    endloop
  endfacet
  facet normal 7.071068e-01 -7.071068e-01 0.000000e+00
    outer loop
      vertex   -1.417190e+02 -2.250000e+00 -2.741351e+00
      vertex   -1.411700e+02 -1.700962e+00 0.000000e+00
      vertex   -1.417190e+02 -2.250000e+00 0.000000e+00
    endloop
  endfacet
  facet normal 9.659258e-01 -2.588190e-01 0.000000e+00
    outer loop
      vertex   -1.417190e+02 -2.250000e+00 -2.741351e+00
      vertex   -1.417190e+02 -2.250000e+00 0.000000e+00
      vertex   -1.419200e+02 -3.000000e+00 -2.741351e+00
    endloop
  endfacet
  facet normal 9.659258e-01 -2.588190e-01 0.000000e+00
    outer loop
      vertex   -1.419200e+02 -3.000000e+00 -2.741351e+00
      vertex   -1.417190e+02 -2.250000e+00 0.000000e+00
      vertex   -1.419200e+02 -3.000000e+00 0.000000e+00
    endloop
  endfacet
  facet normal 9.659258e-01 2.588190e-01 -0.000000e+00
    outer loop
      vertex   -1.419200e+02 -3.000000e+00 -2.741351e+00
      vertex   -1.419200e+02 -3.000000e+00 0.000000e+00
      vertex   -1.417190e+02 -3.750000e+00 -2.741351e+00
    endloop
  endfacet
  facet normal 9.659258e-01 2.588190e-01 -0.000000e+00
    outer loop
      vertex   -1.417190e+02 -3.750000e+00 -2.741351e+00
      vertex   -1.419200e+02 -3.000000e+00 0.000000e+00
      vertex   -1.417190e+02 -3.750000e+00 0.000000e+00
    endloop
  endfacet
  facet normal 7.071068e-01 7.071068e-01 -0.000000e+00
    outer loop
      vertex   -1.417190e+02 -3.750000e+00 -2.741351e+00
      vertex   -1.417190e+02 -3.750000e+00 0.000000e+00
      vertex   -1.411700e+02 -4.299038e+00 -2.741351e+00
    endloop
  endfacet
  facet normal 7.071068e-01 7.071068e-01 -0.000000e+00
    outer loop
      vertex   -1.411700e+02 -4.299038e+00 -2.741351e+00
      vertex   -1.417190e+02 -3.750000e+00 0.000000e+00
      vertex   -1.411700e+02 -4.299038e+00 0.000000e+00
    endloop
  endfacet
  facet normal 2.588190e-01 9.659258e-01 -0.000000e+00
    outer loop
      vertex   -1.411700e+02 -4.299038e+00 -2.741351e+00
      vertex   -1.411700e+02 -4.299038e+00 0.000000e+00
      vertex   -1.404200e+02 -4.500000e+00 -2.741351e+00
    endloop
  endfacet
  facet normal 2.588190e-01 9.659258e-01 -0.000000e+00
    outer loop
      vertex   -1.404200e+02 -4.500000e+00 -2.741351e+00
      vertex   -1.411700e+02 -4.299038e+00 0.000000e+00
      vertex   -1.404200e+02 -4.500000e+00 0.000000e+00
    endloop
  endfacet
  facet normal -2.588190e-01 9.659258e-01 0.000000e+00
    outer loop
      vertex   -1.404200e+02 -4.500000e+00 -2.741351e+00
      vertex   -1.404200e+02 -4.500000e+00 0.000000e+00
      vertex   -1.396700e+02 -4.299038e+00 -2.741351e+00
    endloop
  endfacet
  facet normal -2.588190e-01 9.659258e-01 0.000000e+00
    outer loop
      vertex   -1.396700e+02 -4.299038e+00 -2.741351e+00
      vertex   -1.404200e+02 -4.500000e+00 0.000000e+00
      vertex   -1.396700e+02 -4.299038e+00 0.000000e+00
    endloop
  endfacet
  facet normal -7.071068e-01 7.071068e-01 0.000000e+00
    outer loop
      vertex   -1.396700e+02 -4.299038e+00 -2.741351e+00
      vertex   -1.396700e+02 -4.299038e+00 0.000000e+00
      vertex   -1.391210e+02 -3.750000e+00 -2.741351e+00
    endloop
  endfacet
  facet normal -7.071068e-01 7.071068e-01 0.000000e+00
    outer loop
      vertex   -1.391210e+02 -3.750000e+00 -2.741351e+00
      vertex   -1.396700e+02 -4.299038e+00 0.000000e+00
      vertex   -1.391210e+02 -3.750000e+00 0.000000e+00
    endloop
  endfacet
  facet normal -9.659258e-01 2.588190e-01 0.000000e+00
    outer loop
      vertex   -1.241210e+02 -3.750000e+00 -2.741351e+00
      vertex   -1.241210e+02 -3.750000e+00 0.000000e+00
      vertex   -1.239200e+02 -3.000000e+00 -2.741351e+00
    endloop
  endfacet
  facet normal -9.659258e-01 2.588190e-01 0.000000e+00
    outer loop
      vertex   -1.239200e+02 -3.000000e+00 -2.741351e+00
      vertex   -1.241210e+02 -3.750000e+00 0.000000e+00
      vertex   -1.239200e+02 -3.000000e+00 0.000000e+00
    endloop
  endfacet
  facet normal -9.659258e-01 -2.588190e-01 0.000000e+00
    outer loop
      vertex   -1.239200e+02 -3.000000e+00 -2.741351e+00
      vertex   -1.239200e+02 -3.000000e+00 0.000000e+00
      vertex   -1.241210e+02 -2.250000e+00 -2.741351e+00
    endloop
  endfacet
  facet normal -9.659258e-01 -2.588190e-01 0.000000e+00
    outer loop
      vertex   -1.241210e+02 -2.250000e+00 -2.741351e+00
      vertex   -1.239200e+02 -3.000000e+00 0.000000e+00
      vertex   -1.241210e+02 -2.250000e+00 0.000000e+00
    endloop
  endfacet
  facet normal -7.071068e-01 -7.071068e-01 0.000000e+00
    outer loop
      vertex   -1.241210e+02 -2.250000e+00 -2.741351e+00
      vertex   -1.241210e+02 -2.250000e+00 0.000000e+00
      vertex   -1.246700e+02 -1.700962e+00 -2.741351e+00
    endloop
  endfacet
  facet normal -7.071068e-01 -7.071068e-01 0.000000e+00
    outer loop
      vertex   -1.246700e+02 -1.700962e+00 -2.741351e+00
      vertex   -1.241210e+02 -2.250000e+00 0.000000e+00
      vertex   -1.246700e+02 -1.700962e+00 0.000000e+00
    endloop
  endfacet
  facet normal -2.588190e-01 -9.659258e-01 0.000000e+00
    outer loop
      vertex   -1.246700e+02 -1.700962e+00 -2.741351e+00
      vertex   -1.246700e+02 -1.700962e+00 0.000000e+00
      vertex   -1.254200e+02 -1.500000e+00 -2.741351e+00
    endloop
  endfacet
  facet normal -2.588190e-01 -9.659258e-01 0.000000e+00
    outer loop
      vertex   -1.254200e+02 -1.500000e+00 -2.741351e+00
      vertex   -1.246700e+02 -1.700962e+00 0.000000e+00
      vertex   -1.254200e+02 -1.500000e+00 0.000000e+00
    endloop
  endfacet
  facet normal 2.588190e-01 -9.659258e-01 0.000000e+00
    outer loop
      vertex   -1.254200e+02 -1.500000e+00 -2.741351e+00
      vertex   -1.254200e+02 -1.500000e+00 0.000000e+00
      vertex   -1.261700e+02 -1.700962e+00 -2.741351e+00
    endloop
  endfacet
  facet normal 2.588190e-01 -9.659258e-01 0.000000e+00
    outer loop
      vertex   -1.261700e+02 -1.700962e+00 -2.741351e+00
      vertex   -1.254200e+02 -1.500000e+00 0.000000e+00
      vertex   -1.261700e+02 -1.700962e+00 0.000000e+00
    endloop
  endfacet
  facet normal 7.071068e-01 -7.071068e-01 0.000000e+00
    outer loop
      vertex   -1.261700e+02 -1.700962e+00 -2.741351e+00
      vertex   -1.261700e+02 -1.700962e+00 0.000000e+00
      vertex   -1.267190e+02 -2.250000e+00 -2.741351e+00
    endloop
  endfacet
  facet normal 7.071068e-01 -7.071068e-01 0.000000e+00
    outer loop
      vertex   -1.267190e+02 -2.250000e+00 -2.741351e+00
      vertex   -1.261700e+02 -1.700962e+00 0.000000e+00
      vertex   -1.267190e+02 -2.250000e+00 0.000000e+00
    endloop
  endfacet
  facet normal 9.659258e-01 -2.588190e-01 0.000000e+00
    outer loop
      vertex   -1.267190e+02 -2.250000e+00 -2.741351e+00
      vertex   -1.267190e+02 -2.250000e+00 0.000000e+00
      vertex   -1.269200e+02 -3.000000e+00 -2.741351e+00
    endloop
  endfacet
  facet normal 9.659258e-01 -2.588190e-01 0.000000e+00
    outer loop
      vertex   -1.269200e+02 -3.000000e+00 -2.741351e+00
      vertex   -1.267190e+02 -2.250000e+00 0.000000e+00
      vertex   -1.269200e+02 -3.000000e+00 0.000000e+00
    endloop
  endfacet
  facet normal 9.659258e-01 2.588190e-01 -0.000000e+00
    outer loop
      vertex   -1.269200e+02 -3.000000e+00 -2.741351e+00
      vertex   -1.269200e+02 -3.000000e+00 0.000000e+00
      vertex   -1.267190e+02 -3.750000e+00 -2.741351e+00
    endloop
  endfacet
  facet normal 9.659258e-01 2.588190e-01 -0.000000e+00
    outer loop
      vertex   -1.267190e+02 -3.750000e+00 -2.741351e+00
      vertex   -1.269200e+02 -3.000000e+00 0.000000e+00
      vertex   -1.267190e+02 -3.750000e+00 0.000000e+00
    endloop
  endfacet
  facet normal 7.071068e-01 7.071068e-01 -0.000000e+00
    outer loop
      vertex   -1.267190e+02 -3.750000e+00 -2.741351e+00
      vertex   -1.267190e+02 -3.750000e+00 0.000000e+00
      vertex   -1.261700e+02 -4.299038e+00 -2.741351e+00
    endloop
  endfacet
  facet normal 7.071068e-01 7.071068e-01 -0.000000e+00
    outer loop
      vertex   -1.261700e+02 -4.299038e+00 -2.741351e+00
      vertex   -1.267190e+02 -3.750000e+00 0.000000e+00
      vertex   -1.261700e+02 -4.299038e+00 0.000000e+00
    endloop
  endfacet
  facet normal 2.588190e-01 9.659258e-01 -0.000000e+00
    outer loop
      vertex   -1.261700e+02 -4.299038e+00 -2.741351e+00
      vertex   -1.261700e+02 -4.299038e+00 0.000000e+00
      vertex   -1.254200e+02 -4.500000e+00 -2.741351e+00
    endloop
  endfacet
  facet normal 2.588190e-01 9.659258e-01 -0.000000e+00
    outer loop
      vertex   -1.254200e+02 -4.500000e+00 -2.741351e+00
      vertex   -1.261700e+02 -4.299038e+00 0.000000e+00
      vertex   -1.254200e+02 -4.500000e+00 0.000000e+00
    endloop
  endfacet
  facet normal -2.588190e-01 9.659258e-01 0.000000e+00
    outer loop
      vertex   -1.254200e+02 -4.500000e+00 -2.741351e+00
      vertex   -1.254200e+02 -4.500000e+00 0.000000e+00
      vertex   -1.246700e+02 -4.299038e+00 -2.741351e+00
    endloop
  endfacet
  facet normal -2.588190e-01 9.659258e-01 0.000000e+00
    outer loop
      vertex   -1.246700e+02 -4.299038e+00 -2.741351e+00
      vertex   -1.254200e+02 -4.500000e+00 0.000000e+00
      vertex   -1.246700e+02 -4.299038e+00 0.000000e+00
    endloop
  endfacet
  facet normal -7.071068e-01 7.071068e-01 0.000000e+00
    outer loop
      vertex   -1.246700e+02 -4.299038e+00 -2.741351e+00
      vertex   -1.246700e+02 -4.299038e+00 0.000000e+00
      vertex   -1.241210e+02 -3.750000e+00 -2.741351e+00
    endloop
  endfacet
  facet normal -7.071068e-01 7.071068e-01 0.000000e+00
    outer loop
      vertex   -1.241210e+02 -3.750000e+00 -2.741351e+00
      vertex   -1.246700e+02 -4.299038e+00 0.000000e+00
      vertex   -1.241210e+02 -3.750000e+00 0.000000e+00
    endloop
  endfacet
  facet normal -9.659258e-01 2.588190e-01 0.000000e+00
    outer loop
      vertex   -1.241210e+02 1.225000e+01 -2.741351e+00
      vertex   -1.241210e+02 1.225000e+01 0.000000e+00
      vertex   -1.239200e+02 1.300000e+01 -2.741351e+00
    endloop
  endfacet
  facet normal -9.659258e-01 2.588190e-01 0.000000e+00
    outer loop
      vertex   -1.239200e+02 1.300000e+01 -2.741351e+00
      vertex   -1.241210e+02 1.225000e+01 0.000000e+00
      vertex   -1.239200e+02 1.300000e+01 0.000000e+00
    endloop
  endfacet
  facet normal -9.659258e-01 -2.588190e-01 0.000000e+00
    outer loop
      vertex   -1.239200e+02 1.300000e+01 -2.741351e+00
      vertex   -1.239200e+02 1.300000e+01 0.000000e+00
      vertex   -1.241210e+02 1.375000e+01 -2.741351e+00
    endloop
  endfacet
  facet normal -9.659258e-01 -2.588190e-01 0.000000e+00
    outer loop
      vertex   -1.241210e+02 1.375000e+01 -2.741351e+00
      vertex   -1.239200e+02 1.300000e+01 0.000000e+00
      vertex   -1.241210e+02 1.375000e+01 0.000000e+00
    endloop
  endfacet
  facet normal -7.071068e-01 -7.071068e-01 0.000000e+00
    outer loop
      vertex   -1.241210e+02 1.375000e+01 -2.741351e+00
      vertex   -1.241210e+02 1.375000e+01 0.000000e+00
      vertex   -1.246700e+02 1.429904e+01 -2.741351e+00
    endloop
  endfacet
  facet normal -7.071068e-01 -7.071068e-01 0.000000e+00
    outer loop
      vertex   -1.246700e+02 1.429904e+01 -2.741351e+00
      vertex   -1.241210e+02 1.375000e+01 0.000000e+00
      vertex   -1.246700e+02 1.429904e+01 0.000000e+00
    endloop
  endfacet
  facet normal -2.588190e-01 -9.659258e-01 0.000000e+00
    outer loop
      vertex   -1.246700e+02 1.429904e+01 -2.741351e+00
      vertex   -1.246700e+02 1.429904e+01 0.000000e+00
      vertex   -1.254200e+02 1.450000e+01 -2.741351e+00
    endloop
  endfacet
  facet normal -2.588190e-01 -9.659258e-01 0.000000e+00
    outer loop
      vertex   -1.254200e+02 1.450000e+01 -2.741351e+00
      vertex   -1.246700e+02 1.429904e+01 0.000000e+00
      vertex   -1.254200e+02 1.450000e+01 0.000000e+00
    endloop
  endfacet
  facet normal 2.588190e-01 -9.659258e-01 0.000000e+00
    outer loop
      vertex   -1.254200e+02 1.450000e+01 -2.741351e+00
      vertex   -1.254200e+02 1.450000e+01 0.000000e+00
      vertex   -1.261700e+02 1.429904e+01 -2.741351e+00
    endloop
  endfacet
  facet normal 2.588190e-01 -9.659258e-01 0.000000e+00
    outer loop
      vertex   -1.261700e+02 1.429904e+01 -2.741351e+00
      vertex   -1.254200e+02 1.450000e+01 0.000000e+00
      vertex   -1.261700e+02 1.429904e+01 0.000000e+00
    endloop
  endfacet
  facet normal 7.071068e-01 -7.071068e-01 0.000000e+00
    outer loop
      vertex   -1.261700e+02 1.429904e+01 -2.741351e+00
      vertex   -1.261700e+02 1.429904e+01 0.000000e+00
      vertex   -1.267190e+02 1.375000e+01 -2.741351e+00
    endloop
  endfacet
  facet normal 7.071068e-01 -7.071068e-01 0.000000e+00
    outer loop
      vertex   -1.267190e+02 1.375000e+01 -2.741351e+00
      vertex   -1.261700e+02 1.429904e+01 0.000000e+00
      vertex   -1.267190e+02 1.375000e+01 0.000000e+00
    endloop
  endfacet
  facet normal 9.659258e-01 -2.588190e-01 0.000000e+00
    outer loop
      vertex   -1.267190e+02 1.375000e+01 -2.741351e+00
      vertex   -1.267190e+02 1.375000e+01 0.000000e+00
      vertex   -1.269200e+02 1.300000e+01 -2.741351e+00
    endloop
  endfacet
  facet normal 9.659258e-01 -2.588190e-01 0.000000e+00
    outer loop
      vertex   -1.269200e+02 1.300000e+01 -2.741351e+00
      vertex   -1.267190e+02 1.375000e+01 0.000000e+00
      vertex   -1.269200e+02 1.300000e+01 0.000000e+00
    endloop
  endfacet
  facet normal 9.659258e-01 2.588190e-01 -0.000000e+00
    outer loop
      vertex   -1.269200e+02 1.300000e+01 -2.741351e+00
      vertex   -1.269200e+02 1.300000e+01 0.000000e+00
      vertex   -1.267190e+02 1.225000e+01 -2.741351e+00
    endloop
  endfacet
  facet normal 9.659258e-01 2.588190e-01 -0.000000e+00
    outer loop
      vertex   -1.267190e+02 1.225000e+01 -2.741351e+00
      vertex   -1.269200e+02 1.300000e+01 0.000000e+00
      vertex   -1.267190e+02 1.225000e+01 0.000000e+00
    endloop
  endfacet
  facet normal 7.071068e-01 7.071068e-01 -0.000000e+00
    outer loop
      vertex   -1.267190e+02 1.225000e+01 -2.741351e+00
      vertex   -1.267190e+02 1.225000e+01 0.000000e+00
      vertex   -1.261700e+02 1.170096e+01 -2.741351e+00
    endloop
  endfacet
  facet normal 7.071068e-01 7.071068e-01 -0.000000e+00
    outer loop
      vertex   -1.261700e+02 1.170096e+01 -2.741351e+00
      vertex   -1.267190e+02 1.225000e+01 0.000000e+00
      vertex   -1.261700e+02 1.170096e+01 0.000000e+00
    endloop
  endfacet
  facet normal 2.588190e-01 9.659258e-01 -0.000000e+00
    outer loop
      vertex   -1.261700e+02 1.170096e+01 -2.741351e+00
      vertex   -1.261700e+02 1.170096e+01 0.000000e+00
      vertex   -1.254200e+02 1.150000e+01 -2.741351e+00
    endloop
  endfacet
  facet normal 2.588190e-01 9.659258e-01 -0.000000e+00
    outer loop
      vertex   -1.254200e+02 1.150000e+01 -2.741351e+00
      vertex   -1.261700e+02 1.170096e+01 0.000000e+00
      vertex   -1.254200e+02 1.150000e+01 0.000000e+00
    endloop
  endfacet
  facet normal -2.588190e-01 9.659258e-01 0.000000e+00
    outer loop
      vertex   -1.254200e+02 1.150000e+01 -2.741351e+00
      vertex   -1.254200e+02 1.150000e+01 0.000000e+00
      vertex   -1.246700e+02 1.170096e+01 -2.741351e+00
    endloop
  endfacet
  facet normal -2.588190e-01 9.659258e-01 0.000000e+00
    outer loop
      vertex   -1.246700e+02 1.170096e+01 -2.741351e+00
      vertex   -1.254200e+02 1.150000e+01 0.000000e+00
      vertex   -1.246700e+02 1.170096e+01 0.000000e+00
    endloop
  endfacet
  facet normal -7.071068e-01 7.071068e-01 0.000000e+00
    outer loop
      vertex   -1.246700e+02 1.170096e+01 -2.741351e+00
      vertex   -1.246700e+02 1.170096e+01 0.000000e+00
      vertex   -1.241210e+02 1.225000e+01 -2.741351e+00
    endloop
  endfacet
  facet normal -7.071068e-01 7.071068e-01 0.000000e+00
    outer loop
      vertex   -1.241210e+02 1.225000e+01 -2.741351e+00
      vertex   -1.246700e+02 1.170096e+01 0.000000e+00
      vertex   -1.241210e+02 1.225000e+01 0.000000e+00
    endloop
  endfacet
  facet normal -9.659258e-01 2.588190e-01 0.000000e+00
    outer loop
      vertex   -1.391210e+02 1.225000e+01 -2.741351e+00
      vertex   -1.391210e+02 1.225000e+01 0.000000e+00
      vertex   -1.389200e+02 1.300000e+01 -2.741351e+00
    endloop
  endfacet
  facet normal -9.659258e-01 2.588190e-01 0.000000e+00
    outer loop
      vertex   -1.389200e+02 1.300000e+01 -2.741351e+00
      vertex   -1.391210e+02 1.225000e+01 0.000000e+00
      vertex   -1.389200e+02 1.300000e+01 0.000000e+00
    endloop
  endfacet
  facet normal -9.659258e-01 -2.588190e-01 0.000000e+00
    outer loop
      vertex   -1.389200e+02 1.300000e+01 -2.741351e+00
      vertex   -1.389200e+02 1.300000e+01 0.000000e+00
      vertex   -1.391210e+02 1.375000e+01 -2.741351e+00
    endloop
  endfacet
  facet normal -9.659258e-01 -2.588190e-01 0.000000e+00
    outer loop
      vertex   -1.391210e+02 1.375000e+01 -2.741351e+00
      vertex   -1.389200e+02 1.300000e+01 0.000000e+00
      vertex   -1.391210e+02 1.375000e+01 0.000000e+00
    endloop
  endfacet
  facet normal -7.071068e-01 -7.071068e-01 0.000000e+00
    outer loop
      vertex   -1.391210e+02 1.375000e+01 -2.741351e+00
      vertex   -1.391210e+02 1.375000e+01 0.000000e+00
      vertex   -1.396700e+02 1.429904e+01 -2.741351e+00
    endloop
  endfacet
  facet normal -7.071068e-01 -7.071068e-01 0.000000e+00
    outer loop
      vertex   -1.396700e+02 1.429904e+01 -2.741351e+00
      vertex   -1.391210e+02 1.375000e+01 0.000000e+00
      vertex   -1.396700e+02 1.429904e+01 0.000000e+00
    endloop
  endfacet
  facet normal -2.588190e-01 -9.659258e-01 0.000000e+00
    outer loop
      vertex   -1.396700e+02 1.429904e+01 -2.741351e+00
      vertex   -1.396700e+02 1.429904e+01 0.000000e+00
      vertex   -1.404200e+02 1.450000e+01 -2.741351e+00
    endloop
  endfacet
  facet normal -2.588190e-01 -9.659258e-01 0.000000e+00
    outer loop
      vertex   -1.404200e+02 1.450000e+01 -2.741351e+00
      vertex   -1.396700e+02 1.429904e+01 0.000000e+00
      vertex   -1.404200e+02 1.450000e+01 0.000000e+00
    endloop
  endfacet
  facet normal 2.588190e-01 -9.659258e-01 0.000000e+00
    outer loop
      vertex   -1.404200e+02 1.450000e+01 -2.741351e+00
      vertex   -1.404200e+02 1.450000e+01 0.000000e+00
      vertex   -1.411700e+02 1.429904e+01 -2.741351e+00
    endloop
  endfacet
  facet normal 2.588190e-01 -9.659258e-01 0.000000e+00
    outer loop
      vertex   -1.411700e+02 1.429904e+01 -2.741351e+00
      vertex   -1.404200e+02 1.450000e+01 0.000000e+00
      vertex   -1.411700e+02 1.429904e+01 0.000000e+00
    endloop
  endfacet
  facet normal 7.071068e-01 -7.071068e-01 0.000000e+00
    outer loop
      vertex   -1.411700e+02 1.429904e+01 -2.741351e+00
      vertex   -1.411700e+02 1.429904e+01 0.000000e+00
      vertex   -1.417190e+02 1.375000e+01 -2.741351e+00
    endloop
  endfacet
  facet normal 7.071068e-01 -7.071068e-01 0.000000e+00
    outer loop
      vertex   -1.417190e+02 1.375000e+01 -2.741351e+00
      vertex   -1.411700e+02 1.429904e+01 0.000000e+00
      vertex   -1.417190e+02 1.375000e+01 0.000000e+00
    endloop
  endfacet
  facet normal 9.659258e-01 -2.588190e-01 0.000000e+00
    outer loop
      vertex   -1.417190e+02 1.375000e+01 -2.741351e+00
      vertex   -1.417190e+02 1.375000e+01 0.000000e+00
      vertex   -1.419200e+02 1.300000e+01 -2.741351e+00
    endloop
  endfacet
  facet normal 9.659258e-01 -2.588190e-01 0.000000e+00
    outer loop
      vertex   -1.419200e+02 1.300000e+01 -2.741351e+00
      vertex   -1.417190e+02 1.375000e+01 0.000000e+00
      vertex   -1.419200e+02 1.300000e+01 0.000000e+00
    endloop
  endfacet
  facet normal 9.659258e-01 2.588190e-01 -0.000000e+00
    outer loop
      vertex   -1.419200e+02 1.300000e+01 -2.741351e+00
      vertex   -1.419200e+02 1.300000e+01 0.000000e+00
      vertex   -1.417190e+02 1.225000e+01 -2.741351e+00
    endloop
  endfacet
  facet normal 9.659258e-01 2.588190e-01 -0.000000e+00
    outer loop
      vertex   -1.417190e+02 1.225000e+01 -2.741351e+00
      vertex   -1.419200e+02 1.300000e+01 0.000000e+00
      vertex   -1.417190e+02 1.225000e+01 0.000000e+00
    endloop
  endfacet
  facet normal 7.071068e-01 7.071068e-01 -0.000000e+00
    outer loop
      vertex   -1.417190e+02 1.225000e+01 -2.741351e+00
      vertex   -1.417190e+02 1.225000e+01 0.000000e+00
      vertex   -1.411700e+02 1.170096e+01 -2.741351e+00
    endloop
  endfacet
  facet normal 7.071068e-01 7.071068e-01 -0.000000e+00
    outer loop
      vertex   -1.411700e+02 1.170096e+01 -2.741351e+00
      vertex   -1.417190e+02 1.225000e+01 0.000000e+00
      vertex   -1.411700e+02 1.170096e+01 0.000000e+00
    endloop
  endfacet
  facet normal 2.588190e-01 9.659258e-01 -0.000000e+00
    outer loop
      vertex   -1.411700e+02 1.170096e+01 -2.741351e+00
      vertex   -1.411700e+02 1.170096e+01 0.000000e+00
      vertex   -1.404200e+02 1.150000e+01 -2.741351e+00
    endloop
  endfacet
  facet normal 2.588190e-01 9.659258e-01 -0.000000e+00
    outer loop
      vertex   -1.404200e+02 1.150000e+01 -2.741351e+00
      vertex   -1.411700e+02 1.170096e+01 0.000000e+00
      vertex   -1.404200e+02 1.150000e+01 0.000000e+00
    endloop
  endfacet
  facet normal -2.588190e-01 9.659258e-01 0.000000e+00
    outer loop
      vertex   -1.404200e+02 1.150000e+01 -2.741351e+00
      vertex   -1.404200e+02 1.150000e+01 0.000000e+00
      vertex   -1.396700e+02 1.170096e+01 -2.741351e+00
    endloop
  endfacet
  facet normal -2.588190e-01 9.659258e-01 0.000000e+00
    outer loop
      vertex   -1.396700e+02 1.170096e+01 -2.741351e+00
      vertex   -1.404200e+02 1.150000e+01 0.000000e+00
      vertex   -1.396700e+02 1.170096e+01 0.000000e+00
    endloop
  endfacet
  facet normal -7.071068e-01 7.071068e-01 0.000000e+00
    outer loop
      vertex   -1.396700e+02 1.170096e+01 -2.741351e+00
      vertex   -1.396700e+02 1.170096e+01 0.000000e+00
      vertex   -1.391210e+02 1.225000e+01 -2.741351e+00
    endloop
  endfacet
  facet normal -7.071068e-01 7.071068e-01 0.000000e+00
    outer loop
      vertex   -1.391210e+02 1.225000e+01 -2.741351e+00
      vertex   -1.396700e+02 1.170096e+01 0.000000e+00
      vertex   -1.391210e+02 1.225000e+01 0.000000e+00
    endloop
  endfacet
endsolid
