solid ASCII
  facet normal 9.914449e-01 -1.305262e-01 0.000000e+00
    outer loop
      vertex   1.230000e+02 -1.767157e+01 3.500000e+00
      vertex   1.230000e+02 -1.767157e+01 6.500000e+00
      vertex   1.229319e+02 -1.818921e+01 3.500000e+00
    endloop
  endfacet
  facet normal 9.914449e-01 -1.305262e-01 0.000000e+00
    outer loop
      vertex   1.229319e+02 -1.818921e+01 3.500000e+00
      vertex   1.230000e+02 -1.767157e+01 6.500000e+00
      vertex   1.229319e+02 -1.818921e+01 6.500000e+00
    endloop
  endfacet
  facet normal 9.238795e-01 -3.826834e-01 0.000000e+00
    outer loop
      vertex   1.229319e+02 -1.818921e+01 3.500000e+00
      vertex   1.229319e+02 -1.818921e+01 6.500000e+00
      vertex   1.227321e+02 -1.867157e+01 6.500000e+00
    endloop
  endfacet
  facet normal 7.933533e-01 -6.087614e-01 -2.883673e-15
    outer loop
      vertex   1.224142e+02 -1.908579e+01 6.500000e+00
      vertex   1.224142e+02 -1.908579e+01 3.500000e+00
      vertex   1.227321e+02 -1.867157e+01 6.500000e+00
    endloop
  endfacet
  facet normal 7.933533e-01 -6.087614e-01 -1.441837e-15
    outer loop
      vertex   1.227321e+02 -1.867157e+01 6.500000e+00
      vertex   1.224142e+02 -1.908579e+01 3.500000e+00
      vertex   1.227321e+02 -1.867157e+01 3.500000e+00
    endloop
  endfacet
  facet normal 9.238795e-01 -3.826834e-01 -9.063764e-16
    outer loop
      vertex   1.227321e+02 -1.867157e+01 6.500000e+00
      vertex   1.227321e+02 -1.867157e+01 3.500000e+00
      vertex   1.229319e+02 -1.818921e+01 3.500000e+00
    endloop
  endfacet
  facet normal -0.000000e+00 0.000000e+00 -1.000000e+00
    outer loop
      vertex   1.229319e+02 -1.818921e+01 3.500000e+00
      vertex   1.227321e+02 -1.867157e+01 3.500000e+00
      vertex   1.230000e+02 -1.767157e+01 3.500000e+00
    endloop
  endfacet
  facet normal 0.000000e+00 0.000000e+00 -1.000000e+00
    outer loop
      vertex   1.230000e+02 -1.767157e+01 3.500000e+00
      vertex   1.227321e+02 -1.867157e+01 3.500000e+00
      vertex   1.224142e+02 -1.908579e+01 3.500000e+00
    endloop
  endfacet
  facet normal -2.443179e-15 1.011998e-15 -1.000000e+00
    outer loop
      vertex   1.230000e+02 -1.767157e+01 3.500000e+00
      vertex   1.224142e+02 -1.908579e+01 3.500000e+00
      vertex   1.207500e+02 -9.500000e+00 3.500000e+00
    endloop
  endfacet
  facet normal -1.223712e-15 1.223712e-15 -1.000000e+00
    outer loop
      vertex   1.207500e+02 -9.500000e+00 3.500000e+00
      vertex   1.224142e+02 -1.908579e+01 3.500000e+00
      vertex   1.205858e+02 -2.091421e+01 3.500000e+00
    endloop
  endfacet
  facet normal 3.219344e-16 1.201476e-15 -1.000000e+00
    outer loop
      vertex   1.207500e+02 -9.500000e+00 3.500000e+00
      vertex   1.205858e+02 -2.091421e+01 3.500000e+00
      vertex   1.200000e+02 -9.299038e+00 3.500000e+00
    endloop
  endfacet
  facet normal -8.755826e-16 1.141081e-15 -1.000000e+00
    outer loop
      vertex   1.200000e+02 -9.299038e+00 3.500000e+00
      vertex   1.205858e+02 -2.091421e+01 3.500000e+00
      vertex   1.201716e+02 -2.123205e+01 3.500000e+00
    endloop
  endfacet
  facet normal -4.750369e-16 1.146840e-15 -1.000000e+00
    outer loop
      vertex   1.200000e+02 -9.299038e+00 3.500000e+00
      vertex   1.201716e+02 -2.123205e+01 3.500000e+00
      vertex   1.196892e+02 -2.143185e+01 3.500000e+00
    endloop
  endfacet
  facet normal -1.498879e-16 1.138512e-15 -1.000000e+00
    outer loop
      vertex   1.196892e+02 -2.143185e+01 3.500000e+00
      vertex   1.191716e+02 -2.150000e+01 3.500000e+00
      vertex   1.200000e+02 -9.299038e+00 3.500000e+00
    endloop
  endfacet
  facet normal 1.056593e-15 1.056593e-15 -1.000000e+00
    outer loop
      vertex   1.200000e+02 -9.299038e+00 3.500000e+00
      vertex   1.191716e+02 -2.150000e+01 3.500000e+00
      vertex   1.194510e+02 -8.750000e+00 3.500000e+00
    endloop
  endfacet
  facet normal 6.705063e-14 -3.895250e-16 -1.000000e+00
    outer loop
      vertex   1.194510e+02 -8.750000e+00 3.500000e+00
      vertex   1.191716e+02 -2.150000e+01 3.500000e+00
      vertex   1.192500e+02 -8.000000e+00 3.500000e+00
    endloop
  endfacet
  facet normal -1.147230e-15 6.664740e-18 -1.000000e+00
    outer loop
      vertex   1.192500e+02 -8.000000e+00 3.500000e+00
      vertex   1.191716e+02 -2.150000e+01 3.500000e+00
      vertex   1.072500e+02 -8.000000e+00 3.500000e+00
    endloop
  endfacet
  facet normal -1.147230e-15 0.000000e+00 -1.000000e+00
    outer loop
      vertex   1.192500e+02 -8.000000e+00 3.500000e+00
      vertex   1.072500e+02 -8.000000e+00 3.500000e+00
      vertex   1.192500e+02 8.000000e+00 3.500000e+00
    endloop
  endfacet
  facet normal -1.147230e-15 0.000000e+00 -1.000000e+00
    outer loop
      vertex   1.192500e+02 8.000000e+00 3.500000e+00
      vertex   1.072500e+02 -8.000000e+00 3.500000e+00
      vertex   1.072500e+02 8.000000e+00 3.500000e+00
    endloop
  endfacet
  facet normal -1.147230e-15 -6.664740e-18 -1.000000e+00
    outer loop
      vertex   1.192500e+02 8.000000e+00 3.500000e+00
      vertex   1.072500e+02 8.000000e+00 3.500000e+00
      vertex   1.191716e+02 2.150000e+01 3.500000e+00
    endloop
  endfacet
  facet normal -8.859557e-16 -2.373911e-16 -1.000000e+00
    outer loop
      vertex   1.191716e+02 2.150000e+01 3.500000e+00
      vertex   1.072500e+02 8.000000e+00 3.500000e+00
      vertex   1.070490e+02 8.750000e+00 3.500000e+00
    endloop
  endfacet
  facet normal -2.409328e-31 -1.079746e-15 -1.000000e+00
    outer loop
      vertex   1.191716e+02 2.150000e+01 3.500000e+00
      vertex   1.070490e+02 8.750000e+00 3.500000e+00
      vertex   1.032500e+02 2.150000e+01 3.500000e+00
    endloop
  endfacet
  facet normal -1.538021e-15 -1.538021e-15 -1.000000e+00
    outer loop
      vertex   1.032500e+02 2.150000e+01 3.500000e+00
      vertex   1.070490e+02 8.750000e+00 3.500000e+00
      vertex   1.065000e+02 9.299038e+00 3.500000e+00
    endloop
  endfacet
  facet normal -3.255739e-16 -1.215058e-15 -1.000000e+00
    outer loop
      vertex   1.032500e+02 2.150000e+01 3.500000e+00
      vertex   1.065000e+02 9.299038e+00 3.500000e+00
      vertex   1.057500e+02 9.500000e+00 3.500000e+00
    endloop
  endfacet
  facet normal -8.859557e-16 2.373911e-16 -1.000000e+00
    outer loop
      vertex   1.072500e+02 -8.000000e+00 3.500000e+00
      vertex   1.191716e+02 -2.150000e+01 3.500000e+00
      vertex   1.070490e+02 -8.750000e+00 3.500000e+00
    endloop
  endfacet
  facet normal 0.000000e+00 1.079746e-15 -1.000000e+00
    outer loop
      vertex   1.070490e+02 -8.750000e+00 3.500000e+00
      vertex   1.191716e+02 -2.150000e+01 3.500000e+00
      vertex   1.032500e+02 -2.150000e+01 3.500000e+00
    endloop
  endfacet
  facet normal -1.538021e-15 1.538021e-15 -1.000000e+00
    outer loop
      vertex   1.070490e+02 -8.750000e+00 3.500000e+00
      vertex   1.032500e+02 -2.150000e+01 3.500000e+00
      vertex   1.065000e+02 -9.299038e+00 3.500000e+00
    endloop
  endfacet
  facet normal -3.255739e-16 1.215058e-15 -1.000000e+00
    outer loop
      vertex   1.065000e+02 -9.299038e+00 3.500000e+00
      vertex   1.032500e+02 -2.150000e+01 3.500000e+00
      vertex   1.057500e+02 -9.500000e+00 3.500000e+00
    endloop
  endfacet
  facet normal 2.911469e-16 1.086575e-15 -1.000000e+00
    outer loop
      vertex   1.057500e+02 -9.500000e+00 3.500000e+00
      vertex   1.032500e+02 -2.150000e+01 3.500000e+00
      vertex   1.050000e+02 -9.299038e+00 3.500000e+00
    endloop
  endfacet
  facet normal 9.867969e-16 9.867969e-16 -1.000000e+00
    outer loop
      vertex   1.050000e+02 -9.299038e+00 3.500000e+00
      vertex   1.032500e+02 -2.150000e+01 3.500000e+00
      vertex   1.044510e+02 -8.750000e+00 3.500000e+00
    endloop
  endfacet
  facet normal 5.366795e-14 -3.975404e-15 -1.000000e+00
    outer loop
      vertex   1.044510e+02 -8.750000e+00 3.500000e+00
      vertex   1.032500e+02 -2.150000e+01 3.500000e+00
      vertex   1.042500e+02 -8.000000e+00 3.500000e+00
    endloop
  endfacet
  facet normal -0.000000e+00 0.000000e+00 -1.000000e+00
    outer loop
      vertex   1.042500e+02 -8.000000e+00 3.500000e+00
      vertex   1.032500e+02 -2.150000e+01 3.500000e+00
      vertex   1.042500e+02 8.000000e+00 3.500000e+00
    endloop
  endfacet
  facet normal 6.850436e-14 0.000000e+00 -1.000000e+00
    outer loop
      vertex   1.042500e+02 -8.000000e+00 3.500000e+00
      vertex   1.042500e+02 8.000000e+00 3.500000e+00
      vertex   1.044510e+02 7.250000e+00 3.500000e+00
    endloop
  endfacet
  facet normal 0.000000e+00 0.000000e+00 -1.000000e+00
    outer loop
      vertex   1.032500e+02 -2.150000e+01 3.500000e+00
      vertex   1.032500e+02 2.150000e+01 3.500000e+00
      vertex   1.042500e+02 8.000000e+00 3.500000e+00
    endloop
  endfacet
  facet normal 5.366795e-14 3.975404e-15 -1.000000e+00
    outer loop
      vertex   1.042500e+02 8.000000e+00 3.500000e+00
      vertex   1.032500e+02 2.150000e+01 3.500000e+00
      vertex   1.044510e+02 8.750000e+00 3.500000e+00
    endloop
  endfacet
  facet normal 9.867969e-16 -9.867969e-16 -1.000000e+00
    outer loop
      vertex   1.044510e+02 8.750000e+00 3.500000e+00
      vertex   1.032500e+02 2.150000e+01 3.500000e+00
      vertex   1.050000e+02 9.299038e+00 3.500000e+00
    endloop
  endfacet
  facet normal 2.911469e-16 -1.086575e-15 -1.000000e+00
    outer loop
      vertex   1.050000e+02 9.299038e+00 3.500000e+00
      vertex   1.032500e+02 2.150000e+01 3.500000e+00
      vertex   1.057500e+02 9.500000e+00 3.500000e+00
    endloop
  endfacet
  facet normal -1.498879e-16 -1.138512e-15 -1.000000e+00
    outer loop
      vertex   1.196892e+02 2.143185e+01 3.500000e+00
      vertex   1.200000e+02 9.299038e+00 3.500000e+00
      vertex   1.191716e+02 2.150000e+01 3.500000e+00
    endloop
  endfacet
  facet normal 1.056593e-15 -1.056593e-15 -1.000000e+00
    outer loop
      vertex   1.191716e+02 2.150000e+01 3.500000e+00
      vertex   1.200000e+02 9.299038e+00 3.500000e+00
      vertex   1.194510e+02 8.750000e+00 3.500000e+00
    endloop
  endfacet
  facet normal 6.705063e-14 3.895250e-16 -1.000000e+00
    outer loop
      vertex   1.191716e+02 2.150000e+01 3.500000e+00
      vertex   1.194510e+02 8.750000e+00 3.500000e+00
      vertex   1.192500e+02 8.000000e+00 3.500000e+00
    endloop
  endfacet
  facet normal -4.750369e-16 -1.146840e-15 -1.000000e+00
    outer loop
      vertex   1.196892e+02 2.143185e+01 3.500000e+00
      vertex   1.201716e+02 2.123205e+01 3.500000e+00
      vertex   1.200000e+02 9.299038e+00 3.500000e+00
    endloop
  endfacet
  facet normal -8.755826e-16 -1.141081e-15 -1.000000e+00
    outer loop
      vertex   1.200000e+02 9.299038e+00 3.500000e+00
      vertex   1.201716e+02 2.123205e+01 3.500000e+00
      vertex   1.205858e+02 2.091421e+01 3.500000e+00
    endloop
  endfacet
  facet normal 3.219344e-16 -1.201476e-15 -1.000000e+00
    outer loop
      vertex   1.200000e+02 9.299038e+00 3.500000e+00
      vertex   1.205858e+02 2.091421e+01 3.500000e+00
      vertex   1.207500e+02 9.500000e+00 3.500000e+00
    endloop
  endfacet
  facet normal -1.223712e-15 -1.223712e-15 -1.000000e+00
    outer loop
      vertex   1.207500e+02 9.500000e+00 3.500000e+00
      vertex   1.205858e+02 2.091421e+01 3.500000e+00
      vertex   1.224142e+02 1.908579e+01 3.500000e+00
    endloop
  endfacet
  facet normal -2.443179e-15 -1.011998e-15 -1.000000e+00
    outer loop
      vertex   1.207500e+02 9.500000e+00 3.500000e+00
      vertex   1.224142e+02 1.908579e+01 3.500000e+00
      vertex   1.230000e+02 1.767157e+01 3.500000e+00
    endloop
  endfacet
  facet normal 0.000000e+00 0.000000e+00 -1.000000e+00
    outer loop
      vertex   1.230000e+02 1.767157e+01 3.500000e+00
      vertex   1.224142e+02 1.908579e+01 3.500000e+00
      vertex   1.227321e+02 1.867157e+01 3.500000e+00
    endloop
  endfacet
  facet normal 0.000000e+00 0.000000e+00 -1.000000e+00
    outer loop
      vertex   1.230000e+02 1.767157e+01 3.500000e+00
      vertex   1.227321e+02 1.867157e+01 3.500000e+00
      vertex   1.229319e+02 1.818921e+01 3.500000e+00
    endloop
  endfacet
  facet normal -1.835569e-14 0.000000e+00 -1.000000e+00
    outer loop
      vertex   1.230000e+02 -1.767157e+01 3.500000e+00
      vertex   1.222500e+02 8.000000e+00 3.500000e+00
      vertex   1.230000e+02 1.767157e+01 3.500000e+00
    endloop
  endfacet
  facet normal -4.119948e-15 -1.103937e-15 -1.000000e+00
    outer loop
      vertex   1.230000e+02 1.767157e+01 3.500000e+00
      vertex   1.222500e+02 8.000000e+00 3.500000e+00
      vertex   1.220490e+02 8.750000e+00 3.500000e+00
    endloop
  endfacet
  facet normal -1.394451e-15 -1.394451e-15 -1.000000e+00
    outer loop
      vertex   1.230000e+02 1.767157e+01 3.500000e+00
      vertex   1.220490e+02 8.750000e+00 3.500000e+00
      vertex   1.215000e+02 9.299038e+00 3.500000e+00
    endloop
  endfacet
  facet normal 6.850436e-14 0.000000e+00 -1.000000e+00
    outer loop
      vertex   1.192500e+02 8.000000e+00 3.500000e+00
      vertex   1.194510e+02 7.250000e+00 3.500000e+00
      vertex   1.192500e+02 -8.000000e+00 3.500000e+00
    endloop
  endfacet
  facet normal 6.850436e-14 0.000000e+00 -1.000000e+00
    outer loop
      vertex   1.192500e+02 -8.000000e+00 3.500000e+00
      vertex   1.194510e+02 7.250000e+00 3.500000e+00
      vertex   1.194510e+02 -7.250000e+00 3.500000e+00
    endloop
  endfacet
  facet normal 0.000000e+00 0.000000e+00 -1.000000e+00
    outer loop
      vertex   1.194510e+02 -7.250000e+00 3.500000e+00
      vertex   1.194510e+02 7.250000e+00 3.500000e+00
      vertex   1.200000e+02 6.700962e+00 3.500000e+00
    endloop
  endfacet
  facet normal 0.000000e+00 0.000000e+00 -1.000000e+00
    outer loop
      vertex   1.194510e+02 -7.250000e+00 3.500000e+00
      vertex   1.200000e+02 6.700962e+00 3.500000e+00
      vertex   1.200000e+02 -6.700962e+00 3.500000e+00
    endloop
  endfacet
  facet normal 0.000000e+00 0.000000e+00 -1.000000e+00
    outer loop
      vertex   1.200000e+02 -6.700962e+00 3.500000e+00
      vertex   1.200000e+02 6.700962e+00 3.500000e+00
      vertex   1.207500e+02 6.500000e+00 3.500000e+00
    endloop
  endfacet
  facet normal 0.000000e+00 0.000000e+00 -1.000000e+00
    outer loop
      vertex   1.200000e+02 -6.700962e+00 3.500000e+00
      vertex   1.207500e+02 6.500000e+00 3.500000e+00
      vertex   1.207500e+02 -6.500000e+00 3.500000e+00
    endloop
  endfacet
  facet normal 0.000000e+00 0.000000e+00 -1.000000e+00
    outer loop
      vertex   1.207500e+02 -6.500000e+00 3.500000e+00
      vertex   1.207500e+02 6.500000e+00 3.500000e+00
      vertex   1.215000e+02 -6.700962e+00 3.500000e+00
    endloop
  endfacet
  facet normal 0.000000e+00 0.000000e+00 -1.000000e+00
    outer loop
      vertex   1.215000e+02 -6.700962e+00 3.500000e+00
      vertex   1.207500e+02 6.500000e+00 3.500000e+00
      vertex   1.215000e+02 6.700962e+00 3.500000e+00
    endloop
  endfacet
  facet normal 0.000000e+00 0.000000e+00 -1.000000e+00
    outer loop
      vertex   1.215000e+02 -6.700962e+00 3.500000e+00
      vertex   1.215000e+02 6.700962e+00 3.500000e+00
      vertex   1.220490e+02 -7.250000e+00 3.500000e+00
    endloop
  endfacet
  facet normal 0.000000e+00 0.000000e+00 -1.000000e+00
    outer loop
      vertex   1.220490e+02 -7.250000e+00 3.500000e+00
      vertex   1.215000e+02 6.700962e+00 3.500000e+00
      vertex   1.220490e+02 7.250000e+00 3.500000e+00
    endloop
  endfacet
  facet normal 0.000000e+00 0.000000e+00 -1.000000e+00
    outer loop
      vertex   1.220490e+02 -7.250000e+00 3.500000e+00
      vertex   1.220490e+02 7.250000e+00 3.500000e+00
      vertex   1.222500e+02 -8.000000e+00 3.500000e+00
    endloop
  endfacet
  facet normal 0.000000e+00 0.000000e+00 -1.000000e+00
    outer loop
      vertex   1.222500e+02 -8.000000e+00 3.500000e+00
      vertex   1.220490e+02 7.250000e+00 3.500000e+00
      vertex   1.222500e+02 8.000000e+00 3.500000e+00
    endloop
  endfacet
  facet normal -1.835569e-14 0.000000e+00 -1.000000e+00
    outer loop
      vertex   1.222500e+02 -8.000000e+00 3.500000e+00
      vertex   1.222500e+02 8.000000e+00 3.500000e+00
      vertex   1.230000e+02 -1.767157e+01 3.500000e+00
    endloop
  endfacet
  facet normal -4.204013e-16 -1.568959e-15 -1.000000e+00
    outer loop
      vertex   1.215000e+02 9.299038e+00 3.500000e+00
      vertex   1.207500e+02 9.500000e+00 3.500000e+00
      vertex   1.230000e+02 1.767157e+01 3.500000e+00
    endloop
  endfacet
  facet normal 6.850436e-14 0.000000e+00 -1.000000e+00
    outer loop
      vertex   1.042500e+02 -8.000000e+00 3.500000e+00
      vertex   1.044510e+02 7.250000e+00 3.500000e+00
      vertex   1.044510e+02 -7.250000e+00 3.500000e+00
    endloop
  endfacet
  facet normal 0.000000e+00 0.000000e+00 -1.000000e+00
    outer loop
      vertex   1.044510e+02 -7.250000e+00 3.500000e+00
      vertex   1.044510e+02 7.250000e+00 3.500000e+00
      vertex   1.050000e+02 6.700962e+00 3.500000e+00
    endloop
  endfacet
  facet normal 0.000000e+00 0.000000e+00 -1.000000e+00
    outer loop
      vertex   1.044510e+02 -7.250000e+00 3.500000e+00
      vertex   1.050000e+02 6.700962e+00 3.500000e+00
      vertex   1.050000e+02 -6.700962e+00 3.500000e+00
    endloop
  endfacet
  facet normal 0.000000e+00 0.000000e+00 -1.000000e+00
    outer loop
      vertex   1.050000e+02 -6.700962e+00 3.500000e+00
      vertex   1.050000e+02 6.700962e+00 3.500000e+00
      vertex   1.057500e+02 6.500000e+00 3.500000e+00
    endloop
  endfacet
  facet normal 0.000000e+00 0.000000e+00 -1.000000e+00
    outer loop
      vertex   1.050000e+02 -6.700962e+00 3.500000e+00
      vertex   1.057500e+02 6.500000e+00 3.500000e+00
      vertex   1.057500e+02 -6.500000e+00 3.500000e+00
    endloop
  endfacet
  facet normal 0.000000e+00 0.000000e+00 -1.000000e+00
    outer loop
      vertex   1.057500e+02 -6.500000e+00 3.500000e+00
      vertex   1.057500e+02 6.500000e+00 3.500000e+00
      vertex   1.065000e+02 -6.700962e+00 3.500000e+00
    endloop
  endfacet
  facet normal 0.000000e+00 0.000000e+00 -1.000000e+00
    outer loop
      vertex   1.065000e+02 -6.700962e+00 3.500000e+00
      vertex   1.057500e+02 6.500000e+00 3.500000e+00
      vertex   1.065000e+02 6.700962e+00 3.500000e+00
    endloop
  endfacet
  facet normal 0.000000e+00 0.000000e+00 -1.000000e+00
    outer loop
      vertex   1.065000e+02 -6.700962e+00 3.500000e+00
      vertex   1.065000e+02 6.700962e+00 3.500000e+00
      vertex   1.070490e+02 -7.250000e+00 3.500000e+00
    endloop
  endfacet
  facet normal 0.000000e+00 0.000000e+00 -1.000000e+00
    outer loop
      vertex   1.070490e+02 -7.250000e+00 3.500000e+00
      vertex   1.065000e+02 6.700962e+00 3.500000e+00
      vertex   1.070490e+02 7.250000e+00 3.500000e+00
    endloop
  endfacet
  facet normal 0.000000e+00 0.000000e+00 -1.000000e+00
    outer loop
      vertex   1.070490e+02 -7.250000e+00 3.500000e+00
      vertex   1.070490e+02 7.250000e+00 3.500000e+00
      vertex   1.072500e+02 8.000000e+00 3.500000e+00
    endloop
  endfacet
  facet normal 0.000000e+00 0.000000e+00 -1.000000e+00
    outer loop
      vertex   1.072500e+02 -8.000000e+00 3.500000e+00
      vertex   1.070490e+02 -7.250000e+00 3.500000e+00
      vertex   1.072500e+02 8.000000e+00 3.500000e+00
    endloop
  endfacet
  facet normal -4.204013e-16 1.568959e-15 -1.000000e+00
    outer loop
      vertex   1.207500e+02 -9.500000e+00 3.500000e+00
      vertex   1.215000e+02 -9.299038e+00 3.500000e+00
      vertex   1.230000e+02 -1.767157e+01 3.500000e+00
    endloop
  endfacet
  facet normal -1.394451e-15 1.394451e-15 -1.000000e+00
    outer loop
      vertex   1.230000e+02 -1.767157e+01 3.500000e+00
      vertex   1.215000e+02 -9.299038e+00 3.500000e+00
      vertex   1.220490e+02 -8.750000e+00 3.500000e+00
    endloop
  endfacet
  facet normal -4.119948e-15 1.103937e-15 -1.000000e+00
    outer loop
      vertex   1.230000e+02 -1.767157e+01 3.500000e+00
      vertex   1.220490e+02 -8.750000e+00 3.500000e+00
      vertex   1.222500e+02 -8.000000e+00 3.500000e+00
    endloop
  endfacet
  facet normal 7.071068e-01 -7.071068e-01 -3.349531e-15
    outer loop
      vertex   1.224142e+02 -1.908579e+01 3.500000e+00
      vertex   1.224142e+02 -1.908579e+01 6.500000e+00
      vertex   1.205858e+02 -2.091421e+01 3.500000e+00
    endloop
  endfacet
  facet normal 7.071068e-01 -7.071068e-01 -2.512148e-15
    outer loop
      vertex   1.205858e+02 -2.091421e+01 3.500000e+00
      vertex   1.224142e+02 -1.908579e+01 6.500000e+00
      vertex   1.205858e+02 -2.091421e+01 6.500000e+00
    endloop
  endfacet
  facet normal 1.305262e-01 -9.914449e-01 1.174107e-15
    outer loop
      vertex   1.191716e+02 -2.150000e+01 6.500000e+00
      vertex   1.191716e+02 -2.150000e+01 3.500000e+00
      vertex   1.196892e+02 -2.143185e+01 6.500000e+00
    endloop
  endfacet
  facet normal 1.305262e-01 -9.914449e-01 0.000000e+00
    outer loop
      vertex   1.196892e+02 -2.143185e+01 6.500000e+00
      vertex   1.191716e+02 -2.150000e+01 3.500000e+00
      vertex   1.196892e+02 -2.143185e+01 3.500000e+00
    endloop
  endfacet
  facet normal 3.826834e-01 -9.238795e-01 0.000000e+00
    outer loop
      vertex   1.196892e+02 -2.143185e+01 6.500000e+00
      vertex   1.196892e+02 -2.143185e+01 3.500000e+00
      vertex   1.201716e+02 -2.123205e+01 3.500000e+00
    endloop
  endfacet
  facet normal 6.087614e-01 -7.933533e-01 -2.818557e-15
    outer loop
      vertex   1.205858e+02 -2.091421e+01 3.500000e+00
      vertex   1.205858e+02 -2.091421e+01 6.500000e+00
      vertex   1.201716e+02 -2.123205e+01 3.500000e+00
    endloop
  endfacet
  facet normal 6.087614e-01 -7.933533e-01 0.000000e+00
    outer loop
      vertex   1.201716e+02 -2.123205e+01 3.500000e+00
      vertex   1.205858e+02 -2.091421e+01 6.500000e+00
      vertex   1.201716e+02 -2.123205e+01 6.500000e+00
    endloop
  endfacet
  facet normal 3.826834e-01 -9.238795e-01 0.000000e+00
    outer loop
      vertex   1.201716e+02 -2.123205e+01 3.500000e+00
      vertex   1.201716e+02 -2.123205e+01 6.500000e+00
      vertex   1.196892e+02 -2.143185e+01 6.500000e+00
    endloop
  endfacet
  facet normal 9.914449e-01 1.305262e-01 1.545741e-16
    outer loop
      vertex   1.230000e+02 1.767157e+01 6.500000e+00
      vertex   1.230000e+02 1.767157e+01 3.500000e+00
      vertex   1.229319e+02 1.818921e+01 6.500000e+00
    endloop
  endfacet
  facet normal 9.914449e-01 1.305262e-01 -1.545741e-16
    outer loop
      vertex   1.229319e+02 1.818921e+01 6.500000e+00
      vertex   1.230000e+02 1.767157e+01 3.500000e+00
      vertex   1.229319e+02 1.818921e+01 3.500000e+00
    endloop
  endfacet
  facet normal 9.238795e-01 3.826834e-01 -4.531882e-16
    outer loop
      vertex   1.229319e+02 1.818921e+01 6.500000e+00
      vertex   1.229319e+02 1.818921e+01 3.500000e+00
      vertex   1.227321e+02 1.867157e+01 3.500000e+00
    endloop
  endfacet
  facet normal 7.933533e-01 6.087614e-01 4.478995e-15
    outer loop
      vertex   1.224142e+02 1.908579e+01 3.500000e+00
      vertex   1.224142e+02 1.908579e+01 6.500000e+00
      vertex   1.227321e+02 1.867157e+01 3.500000e+00
    endloop
  endfacet
  facet normal 7.933533e-01 6.087614e-01 3.037158e-15
    outer loop
      vertex   1.227321e+02 1.867157e+01 3.500000e+00
      vertex   1.224142e+02 1.908579e+01 6.500000e+00
      vertex   1.227321e+02 1.867157e+01 6.500000e+00
    endloop
  endfacet
  facet normal 9.238795e-01 3.826834e-01 3.923184e-15
    outer loop
      vertex   1.227321e+02 1.867157e+01 3.500000e+00
      vertex   1.227321e+02 1.867157e+01 6.500000e+00
      vertex   1.229319e+02 1.818921e+01 6.500000e+00
    endloop
  endfacet
  facet normal 7.071068e-01 7.071068e-01 4.186913e-15
    outer loop
      vertex   1.224142e+02 1.908579e+01 6.500000e+00
      vertex   1.224142e+02 1.908579e+01 3.500000e+00
      vertex   1.205858e+02 2.091421e+01 6.500000e+00
    endloop
  endfacet
  facet normal 7.071068e-01 7.071068e-01 4.186913e-15
    outer loop
      vertex   1.205858e+02 2.091421e+01 6.500000e+00
      vertex   1.224142e+02 1.908579e+01 3.500000e+00
      vertex   1.205858e+02 2.091421e+01 3.500000e+00
    endloop
  endfacet
  facet normal 1.305262e-01 9.914449e-01 -0.000000e+00
    outer loop
      vertex   1.191716e+02 2.150000e+01 3.500000e+00
      vertex   1.191716e+02 2.150000e+01 6.500000e+00
      vertex   1.196892e+02 2.143185e+01 3.500000e+00
    endloop
  endfacet
  facet normal 1.305262e-01 9.914449e-01 -0.000000e+00
    outer loop
      vertex   1.196892e+02 2.143185e+01 3.500000e+00
      vertex   1.191716e+02 2.150000e+01 6.500000e+00
      vertex   1.196892e+02 2.143185e+01 6.500000e+00
    endloop
  endfacet
  facet normal 3.826834e-01 9.238795e-01 -0.000000e+00
    outer loop
      vertex   1.196892e+02 2.143185e+01 3.500000e+00
      vertex   1.196892e+02 2.143185e+01 6.500000e+00
      vertex   1.201716e+02 2.123205e+01 6.500000e+00
    endloop
  endfacet
  facet normal 6.087614e-01 7.933533e-01 3.823192e-15
    outer loop
      vertex   1.205858e+02 2.091421e+01 6.500000e+00
      vertex   1.205858e+02 2.091421e+01 3.500000e+00
      vertex   1.201716e+02 2.123205e+01 6.500000e+00
    endloop
  endfacet
  facet normal 6.087614e-01 7.933533e-01 0.000000e+00
    outer loop
      vertex   1.201716e+02 2.123205e+01 6.500000e+00
      vertex   1.205858e+02 2.091421e+01 3.500000e+00
      vertex   1.201716e+02 2.123205e+01 3.500000e+00
    endloop
  endfacet
  facet normal 3.826834e-01 9.238795e-01 0.000000e+00
    outer loop
      vertex   1.201716e+02 2.123205e+01 6.500000e+00
      vertex   1.201716e+02 2.123205e+01 3.500000e+00
      vertex   1.196892e+02 2.143185e+01 3.500000e+00
    endloop
  endfacet
  facet normal -1.305262e-01 9.914449e-01 0.000000e+00
    outer loop
      vertex   -1.191716e+02 2.150000e+01 6.500000e+00
      vertex   -1.191716e+02 2.150000e+01 3.500000e+00
      vertex   -1.196892e+02 2.143185e+01 6.500000e+00
    endloop
  endfacet
  facet normal -1.305262e-01 9.914449e-01 0.000000e+00
    outer loop
      vertex   -1.196892e+02 2.143185e+01 6.500000e+00
      vertex   -1.191716e+02 2.150000e+01 3.500000e+00
      vertex   -1.196892e+02 2.143185e+01 3.500000e+00
    endloop
  endfacet
  facet normal -3.826834e-01 9.238795e-01 0.000000e+00
    outer loop
      vertex   -1.196892e+02 2.143185e+01 6.500000e+00
      vertex   -1.196892e+02 2.143185e+01 3.500000e+00
      vertex   -1.201716e+02 2.123205e+01 3.500000e+00
    endloop
  endfacet
  facet normal -6.087614e-01 7.933533e-01 1.879038e-15
    outer loop
      vertex   -1.205858e+02 2.091421e+01 3.500000e+00
      vertex   -1.205858e+02 2.091421e+01 6.500000e+00
      vertex   -1.201716e+02 2.123205e+01 3.500000e+00
    endloop
  endfacet
  facet normal -6.087614e-01 7.933533e-01 0.000000e+00
    outer loop
      vertex   -1.201716e+02 2.123205e+01 3.500000e+00
      vertex   -1.205858e+02 2.091421e+01 6.500000e+00
      vertex   -1.201716e+02 2.123205e+01 6.500000e+00
    endloop
  endfacet
  facet normal -3.826834e-01 9.238795e-01 0.000000e+00
    outer loop
      vertex   -1.201716e+02 2.123205e+01 3.500000e+00
      vertex   -1.201716e+02 2.123205e+01 6.500000e+00
      vertex   -1.196892e+02 2.143185e+01 6.500000e+00
    endloop
  endfacet
  facet normal -7.071068e-01 7.071068e-01 1.674765e-15
    outer loop
      vertex   -1.205858e+02 2.091421e+01 6.500000e+00
      vertex   -1.205858e+02 2.091421e+01 3.500000e+00
      vertex   -1.224142e+02 1.908579e+01 6.500000e+00
    endloop
  endfacet
  facet normal -7.071068e-01 7.071068e-01 2.512148e-15
    outer loop
      vertex   -1.224142e+02 1.908579e+01 6.500000e+00
      vertex   -1.205858e+02 2.091421e+01 3.500000e+00
      vertex   -1.224142e+02 1.908579e+01 3.500000e+00
    endloop
  endfacet
  facet normal 8.755826e-16 -1.141081e-15 -1.000000e+00
    outer loop
      vertex   -1.201716e+02 2.123205e+01 3.500000e+00
      vertex   -1.200000e+02 9.299038e+00 3.500000e+00
      vertex   -1.205858e+02 2.091421e+01 3.500000e+00
    endloop
  endfacet
  facet normal -3.219344e-16 -1.201476e-15 -1.000000e+00
    outer loop
      vertex   -1.205858e+02 2.091421e+01 3.500000e+00
      vertex   -1.200000e+02 9.299038e+00 3.500000e+00
      vertex   -1.207500e+02 9.500000e+00 3.500000e+00
    endloop
  endfacet
  facet normal 1.223712e-15 -1.223712e-15 -1.000000e+00
    outer loop
      vertex   -1.205858e+02 2.091421e+01 3.500000e+00
      vertex   -1.207500e+02 9.500000e+00 3.500000e+00
      vertex   -1.224142e+02 1.908579e+01 3.500000e+00
    endloop
  endfacet
  facet normal 2.443179e-15 -1.011998e-15 -1.000000e+00
    outer loop
      vertex   -1.224142e+02 1.908579e+01 3.500000e+00
      vertex   -1.207500e+02 9.500000e+00 3.500000e+00
      vertex   -1.230000e+02 1.767157e+01 3.500000e+00
    endloop
  endfacet
  facet normal 0.000000e+00 0.000000e+00 -1.000000e+00
    outer loop
      vertex   -1.224142e+02 1.908579e+01 3.500000e+00
      vertex   -1.230000e+02 1.767157e+01 3.500000e+00
      vertex   -1.227321e+02 1.867157e+01 3.500000e+00
    endloop
  endfacet
  facet normal 0.000000e+00 0.000000e+00 -1.000000e+00
    outer loop
      vertex   -1.227321e+02 1.867157e+01 3.500000e+00
      vertex   -1.230000e+02 1.767157e+01 3.500000e+00
      vertex   -1.229319e+02 1.818921e+01 3.500000e+00
    endloop
  endfacet
  facet normal 4.750369e-16 -1.146840e-15 -1.000000e+00
    outer loop
      vertex   -1.201716e+02 2.123205e+01 3.500000e+00
      vertex   -1.196892e+02 2.143185e+01 3.500000e+00
      vertex   -1.200000e+02 9.299038e+00 3.500000e+00
    endloop
  endfacet
  facet normal 1.498879e-16 -1.138512e-15 -1.000000e+00
    outer loop
      vertex   -1.200000e+02 9.299038e+00 3.500000e+00
      vertex   -1.196892e+02 2.143185e+01 3.500000e+00
      vertex   -1.191716e+02 2.150000e+01 3.500000e+00
    endloop
  endfacet
  facet normal -1.056593e-15 -1.056593e-15 -1.000000e+00
    outer loop
      vertex   -1.200000e+02 9.299038e+00 3.500000e+00
      vertex   -1.191716e+02 2.150000e+01 3.500000e+00
      vertex   -1.194510e+02 8.750000e+00 3.500000e+00
    endloop
  endfacet
  facet normal -3.725035e-15 -9.981201e-16 -1.000000e+00
    outer loop
      vertex   -1.194510e+02 8.750000e+00 3.500000e+00
      vertex   -1.191716e+02 2.150000e+01 3.500000e+00
      vertex   -1.192500e+02 8.000000e+00 3.500000e+00
    endloop
  endfacet
  facet normal -1.147230e-15 -1.013096e-15 -1.000000e+00
    outer loop
      vertex   -1.192500e+02 8.000000e+00 3.500000e+00
      vertex   -1.191716e+02 2.150000e+01 3.500000e+00
      vertex   -1.072500e+02 8.000000e+00 3.500000e+00
    endloop
  endfacet
  facet normal -1.147230e-15 -0.000000e+00 -1.000000e+00
    outer loop
      vertex   -1.192500e+02 8.000000e+00 3.500000e+00
      vertex   -1.072500e+02 8.000000e+00 3.500000e+00
      vertex   -1.192500e+02 -8.000000e+00 3.500000e+00
    endloop
  endfacet
  facet normal -1.147230e-15 0.000000e+00 -1.000000e+00
    outer loop
      vertex   -1.192500e+02 -8.000000e+00 3.500000e+00
      vertex   -1.072500e+02 8.000000e+00 3.500000e+00
      vertex   -1.072500e+02 -8.000000e+00 3.500000e+00
    endloop
  endfacet
  facet normal -1.147230e-15 1.013096e-15 -1.000000e+00
    outer loop
      vertex   -1.192500e+02 -8.000000e+00 3.500000e+00
      vertex   -1.072500e+02 -8.000000e+00 3.500000e+00
      vertex   -1.191716e+02 -2.150000e+01 3.500000e+00
    endloop
  endfacet
  facet normal 1.594720e-14 -1.408265e-14 -1.000000e+00
    outer loop
      vertex   -1.191716e+02 -2.150000e+01 3.500000e+00
      vertex   -1.072500e+02 -8.000000e+00 3.500000e+00
      vertex   -1.070490e+02 -8.750000e+00 3.500000e+00
    endloop
  endfacet
  facet normal -7.419066e-31 1.079746e-15 -1.000000e+00
    outer loop
      vertex   -1.191716e+02 -2.150000e+01 3.500000e+00
      vertex   -1.070490e+02 -8.750000e+00 3.500000e+00
      vertex   -1.036601e+02 -2.150000e+01 3.500000e+00
    endloop
  endfacet
  facet normal 1.470647e-15 1.470647e-15 -1.000000e+00
    outer loop
      vertex   -1.036601e+02 -2.150000e+01 3.500000e+00
      vertex   -1.070490e+02 -8.750000e+00 3.500000e+00
      vertex   -1.065000e+02 -9.299038e+00 3.500000e+00
    endloop
  endfacet
  facet normal 3.224469e-16 1.203388e-15 -1.000000e+00
    outer loop
      vertex   -1.036601e+02 -2.150000e+01 3.500000e+00
      vertex   -1.065000e+02 -9.299038e+00 3.500000e+00
      vertex   -1.057500e+02 -9.500000e+00 3.500000e+00
    endloop
  endfacet
  facet normal 1.594720e-14 1.408265e-14 -1.000000e+00
    outer loop
      vertex   -1.072500e+02 8.000000e+00 3.500000e+00
      vertex   -1.191716e+02 2.150000e+01 3.500000e+00
      vertex   -1.070490e+02 8.750000e+00 3.500000e+00
    endloop
  endfacet
  facet normal 0.000000e+00 -1.079746e-15 -1.000000e+00
    outer loop
      vertex   -1.070490e+02 8.750000e+00 3.500000e+00
      vertex   -1.191716e+02 2.150000e+01 3.500000e+00
      vertex   -1.036601e+02 2.150000e+01 3.500000e+00
    endloop
  endfacet
  facet normal 1.470647e-15 -1.470647e-15 -1.000000e+00
    outer loop
      vertex   -1.070490e+02 8.750000e+00 3.500000e+00
      vertex   -1.036601e+02 2.150000e+01 3.500000e+00
      vertex   -1.065000e+02 9.299038e+00 3.500000e+00
    endloop
  endfacet
  facet normal 3.224469e-16 -1.203388e-15 -1.000000e+00
    outer loop
      vertex   -1.065000e+02 9.299038e+00 3.500000e+00
      vertex   -1.036601e+02 2.150000e+01 3.500000e+00
      vertex   -1.057500e+02 9.500000e+00 3.500000e+00
    endloop
  endfacet
  facet normal -2.936939e-16 -1.096080e-15 -1.000000e+00
    outer loop
      vertex   -1.057500e+02 9.500000e+00 3.500000e+00
      vertex   -1.036601e+02 2.150000e+01 3.500000e+00
      vertex   -1.050000e+02 9.299038e+00 3.500000e+00
    endloop
  endfacet
  facet normal -1.016681e-15 -1.016681e-15 -1.000000e+00
    outer loop
      vertex   -1.050000e+02 9.299038e+00 3.500000e+00
      vertex   -1.036601e+02 2.150000e+01 3.500000e+00
      vertex   -1.044510e+02 8.750000e+00 3.500000e+00
    endloop
  endfacet
  facet normal -3.272155e-15 -8.767713e-16 -1.000000e+00
    outer loop
      vertex   -1.044510e+02 8.750000e+00 3.500000e+00
      vertex   -1.036601e+02 2.150000e+01 3.500000e+00
      vertex   -1.042500e+02 8.000000e+00 3.500000e+00
    endloop
  endfacet
  facet normal -2.333615e-14 0.000000e+00 -1.000000e+00
    outer loop
      vertex   -1.042500e+02 8.000000e+00 3.500000e+00
      vertex   -1.036601e+02 2.150000e+01 3.500000e+00
      vertex   -1.036601e+02 -2.150000e+01 3.500000e+00
    endloop
  endfacet
  facet normal -2.333615e-14 -0.000000e+00 -1.000000e+00
    outer loop
      vertex   -1.042500e+02 8.000000e+00 3.500000e+00
      vertex   -1.036601e+02 -2.150000e+01 3.500000e+00
      vertex   -1.042500e+02 -8.000000e+00 3.500000e+00
    endloop
  endfacet
  facet normal -3.272155e-15 8.767713e-16 -1.000000e+00
    outer loop
      vertex   -1.042500e+02 -8.000000e+00 3.500000e+00
      vertex   -1.036601e+02 -2.150000e+01 3.500000e+00
      vertex   -1.044510e+02 -8.750000e+00 3.500000e+00
    endloop
  endfacet
  facet normal -1.016681e-15 1.016681e-15 -1.000000e+00
    outer loop
      vertex   -1.044510e+02 -8.750000e+00 3.500000e+00
      vertex   -1.036601e+02 -2.150000e+01 3.500000e+00
      vertex   -1.050000e+02 -9.299038e+00 3.500000e+00
    endloop
  endfacet
  facet normal -2.936939e-16 1.096080e-15 -1.000000e+00
    outer loop
      vertex   -1.050000e+02 -9.299038e+00 3.500000e+00
      vertex   -1.036601e+02 -2.150000e+01 3.500000e+00
      vertex   -1.057500e+02 -9.500000e+00 3.500000e+00
    endloop
  endfacet
  facet normal 1.498879e-16 1.138512e-15 -1.000000e+00
    outer loop
      vertex   -1.196892e+02 -2.143185e+01 3.500000e+00
      vertex   -1.200000e+02 -9.299038e+00 3.500000e+00
      vertex   -1.191716e+02 -2.150000e+01 3.500000e+00
    endloop
  endfacet
  facet normal -1.056593e-15 1.056593e-15 -1.000000e+00
    outer loop
      vertex   -1.191716e+02 -2.150000e+01 3.500000e+00
      vertex   -1.200000e+02 -9.299038e+00 3.500000e+00
      vertex   -1.194510e+02 -8.750000e+00 3.500000e+00
    endloop
  endfacet
  facet normal -3.725035e-15 9.981201e-16 -1.000000e+00
    outer loop
      vertex   -1.191716e+02 -2.150000e+01 3.500000e+00
      vertex   -1.194510e+02 -8.750000e+00 3.500000e+00
      vertex   -1.192500e+02 -8.000000e+00 3.500000e+00
    endloop
  endfacet
  facet normal 4.750369e-16 1.146840e-15 -1.000000e+00
    outer loop
      vertex   -1.196892e+02 -2.143185e+01 3.500000e+00
      vertex   -1.201716e+02 -2.123205e+01 3.500000e+00
      vertex   -1.200000e+02 -9.299038e+00 3.500000e+00
    endloop
  endfacet
  facet normal 8.755826e-16 1.141081e-15 -1.000000e+00
    outer loop
      vertex   -1.200000e+02 -9.299038e+00 3.500000e+00
      vertex   -1.201716e+02 -2.123205e+01 3.500000e+00
      vertex   -1.205858e+02 -2.091421e+01 3.500000e+00
    endloop
  endfacet
  facet normal -3.219344e-16 1.201476e-15 -1.000000e+00
    outer loop
      vertex   -1.200000e+02 -9.299038e+00 3.500000e+00
      vertex   -1.205858e+02 -2.091421e+01 3.500000e+00
      vertex   -1.207500e+02 -9.500000e+00 3.500000e+00
    endloop
  endfacet
  facet normal 1.223712e-15 1.223712e-15 -1.000000e+00
    outer loop
      vertex   -1.207500e+02 -9.500000e+00 3.500000e+00
      vertex   -1.205858e+02 -2.091421e+01 3.500000e+00
      vertex   -1.224142e+02 -1.908579e+01 3.500000e+00
    endloop
  endfacet
  facet normal 2.443179e-15 1.011998e-15 -1.000000e+00
    outer loop
      vertex   -1.207500e+02 -9.500000e+00 3.500000e+00
      vertex   -1.224142e+02 -1.908579e+01 3.500000e+00
      vertex   -1.230000e+02 -1.767157e+01 3.500000e+00
    endloop
  endfacet
  facet normal 0.000000e+00 0.000000e+00 -1.000000e+00
    outer loop
      vertex   -1.230000e+02 -1.767157e+01 3.500000e+00
      vertex   -1.224142e+02 -1.908579e+01 3.500000e+00
      vertex   -1.227321e+02 -1.867157e+01 3.500000e+00
    endloop
  endfacet
  facet normal 0.000000e+00 0.000000e+00 -1.000000e+00
    outer loop
      vertex   -1.230000e+02 -1.767157e+01 3.500000e+00
      vertex   -1.227321e+02 -1.867157e+01 3.500000e+00
      vertex   -1.229319e+02 -1.818921e+01 3.500000e+00
    endloop
  endfacet
  facet normal 0.000000e+00 0.000000e+00 -1.000000e+00
    outer loop
      vertex   -1.230000e+02 1.767157e+01 3.500000e+00
      vertex   -1.222500e+02 8.000000e+00 3.500000e+00
      vertex   -1.230000e+02 -1.767157e+01 3.500000e+00
    endloop
  endfacet
  facet normal 0.000000e+00 0.000000e+00 -1.000000e+00
    outer loop
      vertex   -1.230000e+02 -1.767157e+01 3.500000e+00
      vertex   -1.222500e+02 8.000000e+00 3.500000e+00
      vertex   -1.222500e+02 -8.000000e+00 3.500000e+00
    endloop
  endfacet
  facet normal 5.312850e-14 -4.119948e-15 -1.000000e+00
    outer loop
      vertex   -1.230000e+02 -1.767157e+01 3.500000e+00
      vertex   -1.222500e+02 -8.000000e+00 3.500000e+00
      vertex   -1.220490e+02 -8.750000e+00 3.500000e+00
    endloop
  endfacet
  facet normal 6.850436e-14 0.000000e+00 -1.000000e+00
    outer loop
      vertex   -1.072500e+02 8.000000e+00 3.500000e+00
      vertex   -1.070490e+02 7.250000e+00 3.500000e+00
      vertex   -1.072500e+02 -8.000000e+00 3.500000e+00
    endloop
  endfacet
  facet normal 6.850436e-14 0.000000e+00 -1.000000e+00
    outer loop
      vertex   -1.072500e+02 -8.000000e+00 3.500000e+00
      vertex   -1.070490e+02 7.250000e+00 3.500000e+00
      vertex   -1.070490e+02 -7.250000e+00 3.500000e+00
    endloop
  endfacet
  facet normal 0.000000e+00 0.000000e+00 -1.000000e+00
    outer loop
      vertex   -1.070490e+02 -7.250000e+00 3.500000e+00
      vertex   -1.070490e+02 7.250000e+00 3.500000e+00
      vertex   -1.065000e+02 6.700962e+00 3.500000e+00
    endloop
  endfacet
  facet normal 0.000000e+00 0.000000e+00 -1.000000e+00
    outer loop
      vertex   -1.070490e+02 -7.250000e+00 3.500000e+00
      vertex   -1.065000e+02 6.700962e+00 3.500000e+00
      vertex   -1.065000e+02 -6.700962e+00 3.500000e+00
    endloop
  endfacet
  facet normal 0.000000e+00 0.000000e+00 -1.000000e+00
    outer loop
      vertex   -1.065000e+02 -6.700962e+00 3.500000e+00
      vertex   -1.065000e+02 6.700962e+00 3.500000e+00
      vertex   -1.057500e+02 6.500000e+00 3.500000e+00
    endloop
  endfacet
  facet normal 0.000000e+00 0.000000e+00 -1.000000e+00
    outer loop
      vertex   -1.065000e+02 -6.700962e+00 3.500000e+00
      vertex   -1.057500e+02 6.500000e+00 3.500000e+00
      vertex   -1.057500e+02 -6.500000e+00 3.500000e+00
    endloop
  endfacet
  facet normal 0.000000e+00 0.000000e+00 -1.000000e+00
    outer loop
      vertex   -1.057500e+02 -6.500000e+00 3.500000e+00
      vertex   -1.057500e+02 6.500000e+00 3.500000e+00
      vertex   -1.050000e+02 -6.700962e+00 3.500000e+00
    endloop
  endfacet
  facet normal 0.000000e+00 0.000000e+00 -1.000000e+00
    outer loop
      vertex   -1.050000e+02 -6.700962e+00 3.500000e+00
      vertex   -1.057500e+02 6.500000e+00 3.500000e+00
      vertex   -1.050000e+02 6.700962e+00 3.500000e+00
    endloop
  endfacet
  facet normal 0.000000e+00 0.000000e+00 -1.000000e+00
    outer loop
      vertex   -1.050000e+02 -6.700962e+00 3.500000e+00
      vertex   -1.050000e+02 6.700962e+00 3.500000e+00
      vertex   -1.044510e+02 -7.250000e+00 3.500000e+00
    endloop
  endfacet
  facet normal 0.000000e+00 0.000000e+00 -1.000000e+00
    outer loop
      vertex   -1.044510e+02 -7.250000e+00 3.500000e+00
      vertex   -1.050000e+02 6.700962e+00 3.500000e+00
      vertex   -1.044510e+02 7.250000e+00 3.500000e+00
    endloop
  endfacet
  facet normal 0.000000e+00 0.000000e+00 -1.000000e+00
    outer loop
      vertex   -1.044510e+02 -7.250000e+00 3.500000e+00
      vertex   -1.044510e+02 7.250000e+00 3.500000e+00
      vertex   -1.042500e+02 -8.000000e+00 3.500000e+00
    endloop
  endfacet
  facet normal 0.000000e+00 0.000000e+00 -1.000000e+00
    outer loop
      vertex   -1.042500e+02 -8.000000e+00 3.500000e+00
      vertex   -1.044510e+02 7.250000e+00 3.500000e+00
      vertex   -1.042500e+02 8.000000e+00 3.500000e+00
    endloop
  endfacet
  facet normal 1.394451e-15 1.394451e-15 -1.000000e+00
    outer loop
      vertex   -1.220490e+02 -8.750000e+00 3.500000e+00
      vertex   -1.215000e+02 -9.299038e+00 3.500000e+00
      vertex   -1.230000e+02 -1.767157e+01 3.500000e+00
    endloop
  endfacet
  facet normal 4.204013e-16 1.568959e-15 -1.000000e+00
    outer loop
      vertex   -1.230000e+02 -1.767157e+01 3.500000e+00
      vertex   -1.215000e+02 -9.299038e+00 3.500000e+00
      vertex   -1.207500e+02 -9.500000e+00 3.500000e+00
    endloop
  endfacet
  facet normal 0.000000e+00 0.000000e+00 -1.000000e+00
    outer loop
      vertex   -1.192500e+02 -8.000000e+00 3.500000e+00
      vertex   -1.194510e+02 -7.250000e+00 3.500000e+00
      vertex   -1.192500e+02 8.000000e+00 3.500000e+00
    endloop
  endfacet
  facet normal 0.000000e+00 0.000000e+00 -1.000000e+00
    outer loop
      vertex   -1.192500e+02 8.000000e+00 3.500000e+00
      vertex   -1.194510e+02 -7.250000e+00 3.500000e+00
      vertex   -1.194510e+02 7.250000e+00 3.500000e+00
    endloop
  endfacet
  facet normal 0.000000e+00 -0.000000e+00 -1.000000e+00
    outer loop
      vertex   -1.194510e+02 7.250000e+00 3.500000e+00
      vertex   -1.194510e+02 -7.250000e+00 3.500000e+00
      vertex   -1.200000e+02 6.700962e+00 3.500000e+00
    endloop
  endfacet
  facet normal 0.000000e+00 0.000000e+00 -1.000000e+00
    outer loop
      vertex   -1.200000e+02 6.700962e+00 3.500000e+00
      vertex   -1.194510e+02 -7.250000e+00 3.500000e+00
      vertex   -1.200000e+02 -6.700962e+00 3.500000e+00
    endloop
  endfacet
  facet normal 0.000000e+00 -0.000000e+00 -1.000000e+00
    outer loop
      vertex   -1.200000e+02 6.700962e+00 3.500000e+00
      vertex   -1.200000e+02 -6.700962e+00 3.500000e+00
      vertex   -1.207500e+02 6.500000e+00 3.500000e+00
    endloop
  endfacet
  facet normal 0.000000e+00 0.000000e+00 -1.000000e+00
    outer loop
      vertex   -1.207500e+02 6.500000e+00 3.500000e+00
      vertex   -1.200000e+02 -6.700962e+00 3.500000e+00
      vertex   -1.207500e+02 -6.500000e+00 3.500000e+00
    endloop
  endfacet
  facet normal 0.000000e+00 -0.000000e+00 -1.000000e+00
    outer loop
      vertex   -1.207500e+02 6.500000e+00 3.500000e+00
      vertex   -1.207500e+02 -6.500000e+00 3.500000e+00
      vertex   -1.215000e+02 -6.700962e+00 3.500000e+00
    endloop
  endfacet
  facet normal -0.000000e+00 0.000000e+00 -1.000000e+00
    outer loop
      vertex   -1.207500e+02 6.500000e+00 3.500000e+00
      vertex   -1.215000e+02 -6.700962e+00 3.500000e+00
      vertex   -1.215000e+02 6.700962e+00 3.500000e+00
    endloop
  endfacet
  facet normal 0.000000e+00 -0.000000e+00 -1.000000e+00
    outer loop
      vertex   -1.215000e+02 6.700962e+00 3.500000e+00
      vertex   -1.215000e+02 -6.700962e+00 3.500000e+00
      vertex   -1.220490e+02 -7.250000e+00 3.500000e+00
    endloop
  endfacet
  facet normal -0.000000e+00 0.000000e+00 -1.000000e+00
    outer loop
      vertex   -1.215000e+02 6.700962e+00 3.500000e+00
      vertex   -1.220490e+02 -7.250000e+00 3.500000e+00
      vertex   -1.220490e+02 7.250000e+00 3.500000e+00
    endloop
  endfacet
  facet normal 6.850436e-14 0.000000e+00 -1.000000e+00
    outer loop
      vertex   -1.220490e+02 7.250000e+00 3.500000e+00
      vertex   -1.220490e+02 -7.250000e+00 3.500000e+00
      vertex   -1.222500e+02 -8.000000e+00 3.500000e+00
    endloop
  endfacet
  facet normal 6.850436e-14 0.000000e+00 -1.000000e+00
    outer loop
      vertex   -1.220490e+02 7.250000e+00 3.500000e+00
      vertex   -1.222500e+02 -8.000000e+00 3.500000e+00
      vertex   -1.222500e+02 8.000000e+00 3.500000e+00
    endloop
  endfacet
  facet normal 4.204013e-16 -1.568959e-15 -1.000000e+00
    outer loop
      vertex   -1.207500e+02 9.500000e+00 3.500000e+00
      vertex   -1.215000e+02 9.299038e+00 3.500000e+00
      vertex   -1.230000e+02 1.767157e+01 3.500000e+00
    endloop
  endfacet
  facet normal 1.394451e-15 -1.394451e-15 -1.000000e+00
    outer loop
      vertex   -1.230000e+02 1.767157e+01 3.500000e+00
      vertex   -1.215000e+02 9.299038e+00 3.500000e+00
      vertex   -1.220490e+02 8.750000e+00 3.500000e+00
    endloop
  endfacet
  facet normal 5.312850e-14 4.119948e-15 -1.000000e+00
    outer loop
      vertex   -1.230000e+02 1.767157e+01 3.500000e+00
      vertex   -1.220490e+02 8.750000e+00 3.500000e+00
      vertex   -1.222500e+02 8.000000e+00 3.500000e+00
    endloop
  endfacet
  facet normal -9.914449e-01 1.305262e-01 0.000000e+00
    outer loop
      vertex   -1.230000e+02 1.767157e+01 3.500000e+00
      vertex   -1.230000e+02 1.767157e+01 6.500000e+00
      vertex   -1.229319e+02 1.818921e+01 3.500000e+00
    endloop
  endfacet
  facet normal -9.914449e-01 1.305262e-01 1.545741e-16
    outer loop
      vertex   -1.229319e+02 1.818921e+01 3.500000e+00
      vertex   -1.230000e+02 1.767157e+01 6.500000e+00
      vertex   -1.229319e+02 1.818921e+01 6.500000e+00
    endloop
  endfacet
  facet normal -9.238795e-01 3.826834e-01 4.531882e-16
    outer loop
      vertex   -1.229319e+02 1.818921e+01 3.500000e+00
      vertex   -1.229319e+02 1.818921e+01 6.500000e+00
      vertex   -1.227321e+02 1.867157e+01 6.500000e+00
    endloop
  endfacet
  facet normal -7.933533e-01 6.087614e-01 2.162755e-15
    outer loop
      vertex   -1.224142e+02 1.908579e+01 6.500000e+00
      vertex   -1.224142e+02 1.908579e+01 3.500000e+00
      vertex   -1.227321e+02 1.867157e+01 6.500000e+00
    endloop
  endfacet
  facet normal -7.933533e-01 6.087614e-01 -3.037158e-15
    outer loop
      vertex   -1.227321e+02 1.867157e+01 6.500000e+00
      vertex   -1.224142e+02 1.908579e+01 3.500000e+00
      vertex   -1.227321e+02 1.867157e+01 3.500000e+00
    endloop
  endfacet
  facet normal -9.238795e-01 3.826834e-01 -3.923184e-15
    outer loop
      vertex   -1.227321e+02 1.867157e+01 6.500000e+00
      vertex   -1.227321e+02 1.867157e+01 3.500000e+00
      vertex   -1.229319e+02 1.818921e+01 3.500000e+00
    endloop
  endfacet
  facet normal -1.000000e+00 0.000000e+00 0.000000e+00
    outer loop
      vertex   -1.230000e+02 1.767157e+01 3.500000e+00
      vertex   -1.230000e+02 -1.767157e+01 3.500000e+00
      vertex   -1.230000e+02 1.767157e+01 6.500000e+00
    endloop
  endfacet
  facet normal -1.000000e+00 -0.000000e+00 0.000000e+00
    outer loop
      vertex   -1.230000e+02 1.767157e+01 6.500000e+00
      vertex   -1.230000e+02 -1.767157e+01 3.500000e+00
      vertex   -1.230000e+02 -1.767157e+01 6.500000e+00
    endloop
  endfacet
  facet normal -9.914449e-01 -1.305262e-01 1.545741e-16
    outer loop
      vertex   -1.230000e+02 -1.767157e+01 6.500000e+00
      vertex   -1.230000e+02 -1.767157e+01 3.500000e+00
      vertex   -1.229319e+02 -1.818921e+01 6.500000e+00
    endloop
  endfacet
  facet normal -9.914449e-01 -1.305262e-01 1.545741e-16
    outer loop
      vertex   -1.229319e+02 -1.818921e+01 6.500000e+00
      vertex   -1.230000e+02 -1.767157e+01 3.500000e+00
      vertex   -1.229319e+02 -1.818921e+01 3.500000e+00
    endloop
  endfacet
  facet normal -9.238795e-01 -3.826834e-01 4.531882e-16
    outer loop
      vertex   -1.229319e+02 -1.818921e+01 6.500000e+00
      vertex   -1.229319e+02 -1.818921e+01 3.500000e+00
      vertex   -1.227321e+02 -1.867157e+01 3.500000e+00
    endloop
  endfacet
  facet normal -7.933533e-01 -6.087614e-01 2.162755e-15
    outer loop
      vertex   -1.224142e+02 -1.908579e+01 3.500000e+00
      vertex   -1.224142e+02 -1.908579e+01 6.500000e+00
      vertex   -1.227321e+02 -1.867157e+01 3.500000e+00
    endloop
  endfacet
  facet normal -7.933533e-01 -6.087614e-01 7.209184e-16
    outer loop
      vertex   -1.227321e+02 -1.867157e+01 3.500000e+00
      vertex   -1.224142e+02 -1.908579e+01 6.500000e+00
      vertex   -1.227321e+02 -1.867157e+01 6.500000e+00
    endloop
  endfacet
  facet normal -9.238795e-01 -3.826834e-01 4.531882e-16
    outer loop
      vertex   -1.227321e+02 -1.867157e+01 3.500000e+00
      vertex   -1.227321e+02 -1.867157e+01 6.500000e+00
      vertex   -1.229319e+02 -1.818921e+01 6.500000e+00
    endloop
  endfacet
  facet normal -7.071068e-01 -7.071068e-01 2.512148e-15
    outer loop
      vertex   -1.224142e+02 -1.908579e+01 6.500000e+00
      vertex   -1.224142e+02 -1.908579e+01 3.500000e+00
      vertex   -1.205858e+02 -2.091421e+01 6.500000e+00
    endloop
  endfacet
  facet normal -7.071068e-01 -7.071068e-01 2.512148e-15
    outer loop
      vertex   -1.205858e+02 -2.091421e+01 6.500000e+00
      vertex   -1.224142e+02 -1.908579e+01 3.500000e+00
      vertex   -1.205858e+02 -2.091421e+01 3.500000e+00
    endloop
  endfacet
  facet normal -1.305262e-01 -9.914449e-01 0.000000e+00
    outer loop
      vertex   -1.191716e+02 -2.150000e+01 3.500000e+00
      vertex   -1.191716e+02 -2.150000e+01 6.500000e+00
      vertex   -1.196892e+02 -2.143185e+01 3.500000e+00
    endloop
  endfacet
  facet normal -1.305262e-01 -9.914449e-01 0.000000e+00
    outer loop
      vertex   -1.196892e+02 -2.143185e+01 3.500000e+00
      vertex   -1.191716e+02 -2.150000e+01 6.500000e+00
      vertex   -1.196892e+02 -2.143185e+01 6.500000e+00
    endloop
  endfacet
  facet normal -3.826834e-01 -9.238795e-01 0.000000e+00
    outer loop
      vertex   -1.196892e+02 -2.143185e+01 3.500000e+00
      vertex   -1.196892e+02 -2.143185e+01 6.500000e+00
      vertex   -1.201716e+02 -2.123205e+01 6.500000e+00
    endloop
  endfacet
  facet normal -6.087614e-01 -7.933533e-01 2.818557e-15
    outer loop
      vertex   -1.205858e+02 -2.091421e+01 6.500000e+00
      vertex   -1.205858e+02 -2.091421e+01 3.500000e+00
      vertex   -1.201716e+02 -2.123205e+01 6.500000e+00
    endloop
  endfacet
  facet normal -6.087614e-01 -7.933533e-01 -2.883673e-15
    outer loop
      vertex   -1.201716e+02 -2.123205e+01 6.500000e+00
      vertex   -1.205858e+02 -2.091421e+01 3.500000e+00
      vertex   -1.201716e+02 -2.123205e+01 3.500000e+00
    endloop
  endfacet
  facet normal -3.826834e-01 -9.238795e-01 -1.812753e-15
    outer loop
      vertex   -1.201716e+02 -2.123205e+01 6.500000e+00
      vertex   -1.201716e+02 -2.123205e+01 3.500000e+00
      vertex   -1.196892e+02 -2.143185e+01 3.500000e+00
    endloop
  endfacet
  facet normal 6.871119e-16 -1.000000e+00 0.000000e+00
    outer loop
      vertex   -1.191716e+02 -2.150000e+01 3.500000e+00
      vertex   -1.036601e+02 -2.150000e+01 3.500000e+00
      vertex   -1.191716e+02 -2.150000e+01 6.500000e+00
    endloop
  endfacet
  facet normal 5.785685e-16 -1.000000e+00 -5.612243e-16
    outer loop
      vertex   -1.191716e+02 -2.150000e+01 6.500000e+00
      vertex   -1.036601e+02 -2.150000e+01 3.500000e+00
      vertex   -1.007500e+02 -2.150000e+01 6.500000e+00
    endloop
  endfacet
  facet normal 0.000000e+00 -1.000000e+00 -0.000000e+00
    outer loop
      vertex   -1.007500e+02 -2.150000e+01 6.500000e+00
      vertex   -1.036601e+02 -2.150000e+01 3.500000e+00
      vertex   -1.007500e+02 -2.150000e+01 0.000000e+00
    endloop
  endfacet
  facet normal 0.000000e+00 -1.000000e+00 0.000000e+00
    outer loop
      vertex   -1.007500e+02 -2.150000e+01 0.000000e+00
      vertex   -1.036601e+02 -2.150000e+01 3.500000e+00
      vertex   -1.036601e+02 -2.150000e+01 0.000000e+00
    endloop
  endfacet
  facet normal 1.000000e+00 0.000000e+00 0.000000e+00
    outer loop
      vertex   1.230000e+02 -1.767157e+01 3.500000e+00
      vertex   1.230000e+02 1.767157e+01 3.500000e+00
      vertex   1.230000e+02 -1.767157e+01 6.500000e+00
    endloop
  endfacet
  facet normal 1.000000e+00 -0.000000e+00 0.000000e+00
    outer loop
      vertex   1.230000e+02 -1.767157e+01 6.500000e+00
      vertex   1.230000e+02 1.767157e+01 3.500000e+00
      vertex   1.230000e+02 1.767157e+01 6.500000e+00
    endloop
  endfacet
  facet normal -2.927679e-01 9.561835e-01 0.000000e+00
    outer loop
      vertex   7.656459e+01 1.264457e+01 6.500000e+00
      vertex   7.656459e+01 1.264457e+01 0.000000e+00
      vertex   7.088591e+01 1.090585e+01 6.500000e+00
    endloop
  endfacet
  facet normal -2.927679e-01 9.561835e-01 0.000000e+00
    outer loop
      vertex   7.088591e+01 1.090585e+01 6.500000e+00
      vertex   7.656459e+01 1.264457e+01 0.000000e+00
      vertex   7.088591e+01 1.090585e+01 0.000000e+00
    endloop
  endfacet
  facet normal -1.773294e-01 9.841516e-01 0.000000e+00
    outer loop
      vertex   7.088591e+01 1.090585e+01 6.500000e+00
      vertex   7.088591e+01 1.090585e+01 0.000000e+00
      vertex   6.504112e+01 9.852706e+00 6.500000e+00
    endloop
  endfacet
  facet normal -1.773294e-01 9.841516e-01 0.000000e+00
    outer loop
      vertex   6.504112e+01 9.852706e+00 6.500000e+00
      vertex   7.088591e+01 1.090585e+01 0.000000e+00
      vertex   6.504112e+01 9.852706e+00 0.000000e+00
    endloop
  endfacet
  facet normal -5.938910e-02 9.982349e-01 0.000000e+00
    outer loop
      vertex   6.504112e+01 9.852706e+00 6.500000e+00
      vertex   6.504112e+01 9.852706e+00 0.000000e+00
      vertex   5.911269e+01 9.500000e+00 6.500000e+00
    endloop
  endfacet
  facet normal -5.938910e-02 9.982349e-01 6.492076e-17
    outer loop
      vertex   5.911269e+01 9.500000e+00 6.500000e+00
      vertex   6.504112e+01 9.852706e+00 0.000000e+00
      vertex   5.911269e+01 9.500000e+00 0.000000e+00
    endloop
  endfacet
  facet normal 0.000000e+00 1.000000e+00 -0.000000e+00
    outer loop
      vertex   5.911269e+01 9.500000e+00 0.000000e+00
      vertex   -5.952276e+01 9.500000e+00 0.000000e+00
      vertex   5.911269e+01 9.500000e+00 6.500000e+00
    endloop
  endfacet
  facet normal 1.497324e-17 1.000000e+00 -2.732857e-16
    outer loop
      vertex   5.911269e+01 9.500000e+00 6.500000e+00
      vertex   -5.952276e+01 9.500000e+00 0.000000e+00
      vertex   -5.952276e+01 9.500000e+00 6.500000e+00
    endloop
  endfacet
  facet normal 2.927679e-01 9.561835e-01 -0.000000e+00
    outer loop
      vertex   -7.697466e+01 1.264457e+01 0.000000e+00
      vertex   -7.697466e+01 1.264457e+01 6.500000e+00
      vertex   -7.129597e+01 1.090585e+01 0.000000e+00
    endloop
  endfacet
  facet normal 2.927679e-01 9.561835e-01 -0.000000e+00
    outer loop
      vertex   -7.129597e+01 1.090585e+01 0.000000e+00
      vertex   -7.697466e+01 1.264457e+01 6.500000e+00
      vertex   -7.129597e+01 1.090585e+01 6.500000e+00
    endloop
  endfacet
  facet normal 1.773294e-01 9.841516e-01 -0.000000e+00
    outer loop
      vertex   -7.129597e+01 1.090585e+01 0.000000e+00
      vertex   -7.129597e+01 1.090585e+01 6.500000e+00
      vertex   -6.545119e+01 9.852706e+00 0.000000e+00
    endloop
  endfacet
  facet normal 1.773294e-01 9.841516e-01 -2.689545e-16
    outer loop
      vertex   -6.545119e+01 9.852706e+00 0.000000e+00
      vertex   -7.129597e+01 1.090585e+01 6.500000e+00
      vertex   -6.545119e+01 9.852706e+00 6.500000e+00
    endloop
  endfacet
  facet normal 5.938910e-02 9.982349e-01 -2.728033e-16
    outer loop
      vertex   -6.545119e+01 9.852706e+00 0.000000e+00
      vertex   -6.545119e+01 9.852706e+00 6.500000e+00
      vertex   -5.952276e+01 9.500000e+00 0.000000e+00
    endloop
  endfacet
  facet normal 5.938910e-02 9.982349e-01 -2.728033e-16
    outer loop
      vertex   -5.952276e+01 9.500000e+00 0.000000e+00
      vertex   -6.545119e+01 9.852706e+00 6.500000e+00
      vertex   -5.952276e+01 9.500000e+00 6.500000e+00
    endloop
  endfacet
  facet normal 2.857316e-02 -9.995917e-01 0.000000e+00
    outer loop
      vertex   1.250000e+01 -8.470604e+00 0.000000e+00
      vertex   1.250000e+01 -8.470604e+00 2.500000e+00
      vertex   1.192870e+01 -8.486934e+00 0.000000e+00
    endloop
  endfacet
  facet normal 2.857316e-02 -9.995917e-01 2.191665e-15
    outer loop
      vertex   1.192870e+01 -8.486934e+00 0.000000e+00
      vertex   1.250000e+01 -8.470604e+00 2.500000e+00
      vertex   1.192870e+01 -8.486934e+00 2.500000e+00
    endloop
  endfacet
  facet normal 1.714539e-02 -9.998530e-01 2.167862e-15
    outer loop
      vertex   1.192870e+01 -8.486934e+00 0.000000e+00
      vertex   1.192870e+01 -8.486934e+00 2.500000e+00
      vertex   1.135724e+01 -8.496733e+00 0.000000e+00
    endloop
  endfacet
  facet normal 1.714539e-02 -9.998530e-01 1.433059e-15
    outer loop
      vertex   1.135724e+01 -8.496733e+00 0.000000e+00
      vertex   1.192870e+01 -8.486934e+00 2.500000e+00
      vertex   1.135724e+01 -8.496733e+00 2.500000e+00
    endloop
  endfacet
  facet normal 5.715379e-03 -9.999837e-01 1.425123e-15
    outer loop
      vertex   1.135724e+01 -8.496733e+00 0.000000e+00
      vertex   1.135724e+01 -8.496733e+00 2.500000e+00
      vertex   1.078571e+01 -8.500000e+00 0.000000e+00
    endloop
  endfacet
  facet normal 5.715379e-03 -9.999837e-01 0.000000e+00
    outer loop
      vertex   1.078571e+01 -8.500000e+00 0.000000e+00
      vertex   1.135724e+01 -8.496733e+00 2.500000e+00
      vertex   1.078571e+01 -8.500000e+00 2.500000e+00
    endloop
  endfacet
  facet normal -0.000000e+00 -1.000000e+00 -0.000000e+00
    outer loop
      vertex   1.078571e+01 -8.500000e+00 2.500000e+00
      vertex   -1.119578e+01 -8.500000e+00 2.500000e+00
      vertex   1.078571e+01 -8.500000e+00 0.000000e+00
    endloop
  endfacet
  facet normal 0.000000e+00 -1.000000e+00 0.000000e+00
    outer loop
      vertex   1.078571e+01 -8.500000e+00 0.000000e+00
      vertex   -1.119578e+01 -8.500000e+00 2.500000e+00
      vertex   -1.119578e+01 -8.500000e+00 0.000000e+00
    endloop
  endfacet
  facet normal -4.347879e-03 -9.999905e-01 0.000000e+00
    outer loop
      vertex   -1.119578e+01 -8.500000e+00 0.000000e+00
      vertex   -1.119578e+01 -8.500000e+00 2.500000e+00
      vertex   -1.163056e+01 -8.498110e+00 0.000000e+00
    endloop
  endfacet
  facet normal -4.347879e-03 -9.999905e-01 -1.451966e-15
    outer loop
      vertex   -1.163056e+01 -8.498110e+00 0.000000e+00
      vertex   -1.119578e+01 -8.500000e+00 2.500000e+00
      vertex   -1.163056e+01 -8.498110e+00 2.500000e+00
    endloop
  endfacet
  facet normal -1.304331e-02 -9.999149e-01 -1.513643e-15
    outer loop
      vertex   -1.163056e+01 -8.498110e+00 0.000000e+00
      vertex   -1.163056e+01 -8.498110e+00 2.500000e+00
      vertex   -1.206531e+01 -8.492439e+00 0.000000e+00
    endloop
  endfacet
  facet normal -1.304331e-02 -9.999149e-01 -6.085362e-16
    outer loop
      vertex   -1.206531e+01 -8.492439e+00 0.000000e+00
      vertex   -1.163056e+01 -8.498110e+00 2.500000e+00
      vertex   -1.206531e+01 -8.492439e+00 2.500000e+00
    endloop
  endfacet
  facet normal -2.173775e-02 -9.997637e-01 -5.404732e-16
    outer loop
      vertex   -1.206531e+01 -8.492439e+00 0.000000e+00
      vertex   -1.206531e+01 -8.492439e+00 2.500000e+00
      vertex   -1.250000e+01 -8.482987e+00 0.000000e+00
    endloop
  endfacet
  facet normal -2.173775e-02 -9.997637e-01 0.000000e+00
    outer loop
      vertex   -1.250000e+01 -8.482987e+00 0.000000e+00
      vertex   -1.206531e+01 -8.492439e+00 2.500000e+00
      vertex   -1.250000e+01 -8.482987e+00 2.500000e+00
    endloop
  endfacet
  facet normal -3.490380e-01 9.371086e-01 0.000000e+00
    outer loop
      vertex   7.656459e+01 1.264457e+01 6.500000e+00
      vertex   1.003399e+02 2.150000e+01 6.500000e+00
      vertex   7.656459e+01 1.264457e+01 0.000000e+00
    endloop
  endfacet
  facet normal -3.490380e-01 9.371086e-01 0.000000e+00
    outer loop
      vertex   7.656459e+01 1.264457e+01 0.000000e+00
      vertex   1.003399e+02 2.150000e+01 6.500000e+00
      vertex   1.003399e+02 2.150000e+01 0.000000e+00
    endloop
  endfacet
  facet normal 3.490380e-01 9.371086e-01 -0.000000e+00
    outer loop
      vertex   -7.697466e+01 1.264457e+01 0.000000e+00
      vertex   -1.007500e+02 2.150000e+01 0.000000e+00
      vertex   -7.697466e+01 1.264457e+01 6.500000e+00
    endloop
  endfacet
  facet normal 3.490380e-01 9.371086e-01 0.000000e+00
    outer loop
      vertex   -7.697466e+01 1.264457e+01 6.500000e+00
      vertex   -1.007500e+02 2.150000e+01 0.000000e+00
      vertex   -1.007500e+02 2.150000e+01 6.500000e+00
    endloop
  endfacet
  facet normal 5.882544e-01 -8.086759e-01 0.000000e+00
    outer loop
      vertex   2.979497e+01 -5.350000e+01 6.500000e+00
      vertex   2.979497e+01 -5.350000e+01 0.000000e+00
      vertex   3.346198e+01 -5.083251e+01 6.500000e+00
    endloop
  endfacet
  facet normal 5.882544e-01 -8.086759e-01 -1.124950e-15
    outer loop
      vertex   3.346198e+01 -5.083251e+01 6.500000e+00
      vertex   2.979497e+01 -5.350000e+01 0.000000e+00
      vertex   3.346198e+01 -5.083251e+01 0.000000e+00
    endloop
  endfacet
  facet normal 5.125704e-01 -8.586452e-01 -1.316931e-15
    outer loop
      vertex   3.346198e+01 -5.083251e+01 6.500000e+00
      vertex   3.346198e+01 -5.083251e+01 0.000000e+00
      vertex   3.735558e+01 -4.850821e+01 6.500000e+00
    endloop
  endfacet
  facet normal 5.125704e-01 -8.586452e-01 7.566183e-16
    outer loop
      vertex   3.735558e+01 -4.850821e+01 6.500000e+00
      vertex   3.346198e+01 -5.083251e+01 0.000000e+00
      vertex   3.735558e+01 -4.850821e+01 0.000000e+00
    endloop
  endfacet
  facet normal 4.326705e-01 -9.015521e-01 1.025109e-15
    outer loop
      vertex   3.735558e+01 -4.850821e+01 6.500000e+00
      vertex   3.735558e+01 -4.850821e+01 0.000000e+00
      vertex   4.144374e+01 -4.654623e+01 6.500000e+00
    endloop
  endfacet
  facet normal 4.326705e-01 -9.015521e-01 0.000000e+00
    outer loop
      vertex   4.144374e+01 -4.654623e+01 6.500000e+00
      vertex   3.735558e+01 -4.850821e+01 0.000000e+00
      vertex   4.144374e+01 -4.654623e+01 0.000000e+00
    endloop
  endfacet
  facet normal -5.882544e-01 -8.086759e-01 0.000000e+00
    outer loop
      vertex   -3.020503e+01 -5.350000e+01 0.000000e+00
      vertex   -3.020503e+01 -5.350000e+01 6.500000e+00
      vertex   -3.387204e+01 -5.083251e+01 0.000000e+00
    endloop
  endfacet
  facet normal -5.882544e-01 -8.086759e-01 1.124950e-15
    outer loop
      vertex   -3.387204e+01 -5.083251e+01 0.000000e+00
      vertex   -3.020503e+01 -5.350000e+01 6.500000e+00
      vertex   -3.387204e+01 -5.083251e+01 6.500000e+00
    endloop
  endfacet
  facet normal -5.125704e-01 -8.586452e-01 1.316931e-15
    outer loop
      vertex   -3.387204e+01 -5.083251e+01 0.000000e+00
      vertex   -3.387204e+01 -5.083251e+01 6.500000e+00
      vertex   -3.776565e+01 -4.850821e+01 0.000000e+00
    endloop
  endfacet
  facet normal -5.125704e-01 -8.586452e-01 -7.566183e-16
    outer loop
      vertex   -3.776565e+01 -4.850821e+01 0.000000e+00
      vertex   -3.387204e+01 -5.083251e+01 6.500000e+00
      vertex   -3.776565e+01 -4.850821e+01 6.500000e+00
    endloop
  endfacet
  facet normal -4.326705e-01 -9.015521e-01 -1.025109e-15
    outer loop
      vertex   -3.776565e+01 -4.850821e+01 0.000000e+00
      vertex   -3.776565e+01 -4.850821e+01 6.500000e+00
      vertex   -4.185381e+01 -4.654623e+01 0.000000e+00
    endloop
  endfacet
  facet normal -4.326705e-01 -9.015521e-01 0.000000e+00
    outer loop
      vertex   -4.185381e+01 -4.654623e+01 0.000000e+00
      vertex   -3.776565e+01 -4.850821e+01 6.500000e+00
      vertex   -4.185381e+01 -4.654623e+01 6.500000e+00
    endloop
  endfacet
  facet normal 3.913438e-01 -9.202445e-01 0.000000e+00
    outer loop
      vertex   4.144374e+01 -4.654623e+01 0.000000e+00
      vertex   1.003399e+02 -2.150000e+01 0.000000e+00
      vertex   4.144374e+01 -4.654623e+01 6.500000e+00
    endloop
  endfacet
  facet normal 3.913438e-01 -9.202445e-01 0.000000e+00
    outer loop
      vertex   4.144374e+01 -4.654623e+01 6.500000e+00
      vertex   1.003399e+02 -2.150000e+01 0.000000e+00
      vertex   1.003399e+02 -2.150000e+01 6.500000e+00
    endloop
  endfacet
  facet normal 0.000000e+00 -1.000000e+00 0.000000e+00
    outer loop
      vertex   -1.250000e+01 -5.350000e+01 0.000000e+00
      vertex   -1.250000e+01 -5.350000e+01 2.500000e+00
      vertex   -3.020503e+01 -5.350000e+01 0.000000e+00
    endloop
  endfacet
  facet normal 0.000000e+00 -1.000000e+00 0.000000e+00
    outer loop
      vertex   -3.020503e+01 -5.350000e+01 0.000000e+00
      vertex   -1.250000e+01 -5.350000e+01 2.500000e+00
      vertex   -3.020503e+01 -5.350000e+01 6.500000e+00
    endloop
  endfacet
  facet normal 0.000000e+00 -1.000000e+00 0.000000e+00
    outer loop
      vertex   -3.020503e+01 -5.350000e+01 6.500000e+00
      vertex   -1.250000e+01 -5.350000e+01 2.500000e+00
      vertex   2.979497e+01 -5.350000e+01 6.500000e+00
    endloop
  endfacet
  facet normal 0.000000e+00 -1.000000e+00 0.000000e+00
    outer loop
      vertex   2.979497e+01 -5.350000e+01 6.500000e+00
      vertex   -1.250000e+01 -5.350000e+01 2.500000e+00
      vertex   1.250000e+01 -5.350000e+01 2.500000e+00
    endloop
  endfacet
  facet normal 0.000000e+00 -1.000000e+00 -0.000000e+00
    outer loop
      vertex   2.979497e+01 -5.350000e+01 6.500000e+00
      vertex   1.250000e+01 -5.350000e+01 2.500000e+00
      vertex   2.979497e+01 -5.350000e+01 0.000000e+00
    endloop
  endfacet
  facet normal 0.000000e+00 -1.000000e+00 0.000000e+00
    outer loop
      vertex   2.979497e+01 -5.350000e+01 0.000000e+00
      vertex   1.250000e+01 -5.350000e+01 2.500000e+00
      vertex   1.250000e+01 -5.350000e+01 0.000000e+00
    endloop
  endfacet
  facet normal -1.000000e+00 0.000000e+00 0.000000e+00
    outer loop
      vertex   -1.036601e+02 2.150000e+01 0.000000e+00
      vertex   -1.036601e+02 -2.150000e+01 0.000000e+00
      vertex   -1.036601e+02 2.150000e+01 3.500000e+00
    endloop
  endfacet
  facet normal -1.000000e+00 -0.000000e+00 0.000000e+00
    outer loop
      vertex   -1.036601e+02 2.150000e+01 3.500000e+00
      vertex   -1.036601e+02 -2.150000e+01 0.000000e+00
      vertex   -1.036601e+02 -2.150000e+01 3.500000e+00
    endloop
  endfacet
  facet normal 1.000000e+00 0.000000e+00 0.000000e+00
    outer loop
      vertex   1.032500e+02 -2.150000e+01 0.000000e+00
      vertex   1.032500e+02 2.150000e+01 0.000000e+00
      vertex   1.032500e+02 -2.150000e+01 3.500000e+00
    endloop
  endfacet
  facet normal 1.000000e+00 -0.000000e+00 0.000000e+00
    outer loop
      vertex   1.032500e+02 -2.150000e+01 3.500000e+00
      vertex   1.032500e+02 2.150000e+01 0.000000e+00
      vertex   1.032500e+02 2.150000e+01 3.500000e+00
    endloop
  endfacet
  facet normal 2.231384e-16 1.000000e+00 -0.000000e+00
    outer loop
      vertex   1.191716e+02 2.150000e+01 3.500000e+00
      vertex   1.032500e+02 2.150000e+01 3.500000e+00
      vertex   1.191716e+02 2.150000e+01 6.500000e+00
    endloop
  endfacet
  facet normal 0.000000e+00 1.000000e+00 1.184238e-15
    outer loop
      vertex   1.191716e+02 2.150000e+01 6.500000e+00
      vertex   1.032500e+02 2.150000e+01 3.500000e+00
      vertex   1.003399e+02 2.150000e+01 6.500000e+00
    endloop
  endfacet
  facet normal -1.220836e-15 1.000000e+00 0.000000e+00
    outer loop
      vertex   1.003399e+02 2.150000e+01 6.500000e+00
      vertex   1.032500e+02 2.150000e+01 3.500000e+00
      vertex   1.003399e+02 2.150000e+01 0.000000e+00
    endloop
  endfacet
  facet normal 0.000000e+00 1.000000e+00 -1.015061e-15
    outer loop
      vertex   1.003399e+02 2.150000e+01 0.000000e+00
      vertex   1.032500e+02 2.150000e+01 3.500000e+00
      vertex   1.032500e+02 2.150000e+01 0.000000e+00
    endloop
  endfacet
  facet normal -9.659258e-01 -2.588190e-01 1.539887e-17
    outer loop
      vertex   -7.200962e+00 -1.175000e+01 6.500000e+00
      vertex   -7.200962e+00 -1.175000e+01 2.500000e+00
      vertex   -7.000000e+00 -1.250000e+01 6.500000e+00
    endloop
  endfacet
  facet normal -9.659258e-01 -2.588190e-01 -0.000000e+00
    outer loop
      vertex   -7.000000e+00 -1.250000e+01 6.500000e+00
      vertex   -7.200962e+00 -1.175000e+01 2.500000e+00
      vertex   -7.000000e+00 -1.250000e+01 2.500000e+00
    endloop
  endfacet
  facet normal -9.659258e-01 2.588190e-01 0.000000e+00
    outer loop
      vertex   -7.000000e+00 -1.250000e+01 6.500000e+00
      vertex   -7.000000e+00 -1.250000e+01 2.500000e+00
      vertex   -7.200962e+00 -1.325000e+01 6.500000e+00
    endloop
  endfacet
  facet normal -9.659258e-01 2.588190e-01 9.953987e-17
    outer loop
      vertex   -7.200962e+00 -1.325000e+01 6.500000e+00
      vertex   -7.000000e+00 -1.250000e+01 2.500000e+00
      vertex   -7.200962e+00 -1.325000e+01 2.500000e+00
    endloop
  endfacet
  facet normal -7.071068e-01 7.071068e-01 -1.570092e-16
    outer loop
      vertex   -7.200962e+00 -1.325000e+01 6.500000e+00
      vertex   -7.200962e+00 -1.325000e+01 2.500000e+00
      vertex   -7.750000e+00 -1.379904e+01 6.500000e+00
    endloop
  endfacet
  facet normal -7.071068e-01 7.071068e-01 1.570092e-16
    outer loop
      vertex   -7.750000e+00 -1.379904e+01 6.500000e+00
      vertex   -7.200962e+00 -1.325000e+01 2.500000e+00
      vertex   -7.750000e+00 -1.379904e+01 2.500000e+00
    endloop
  endfacet
  facet normal -2.588190e-01 9.659258e-01 5.746937e-17
    outer loop
      vertex   -7.750000e+00 -1.379904e+01 6.500000e+00
      vertex   -7.750000e+00 -1.379904e+01 2.500000e+00
      vertex   -8.500000e+00 -1.400000e+01 6.500000e+00
    endloop
  endfacet
  facet normal -2.588190e-01 9.659258e-01 0.000000e+00
    outer loop
      vertex   -8.500000e+00 -1.400000e+01 6.500000e+00
      vertex   -7.750000e+00 -1.379904e+01 2.500000e+00
      vertex   -8.500000e+00 -1.400000e+01 2.500000e+00
    endloop
  endfacet
  facet normal 2.588190e-01 9.659258e-01 0.000000e+00
    outer loop
      vertex   -8.500000e+00 -1.400000e+01 6.500000e+00
      vertex   -8.500000e+00 -1.400000e+01 2.500000e+00
      vertex   -9.250000e+00 -1.379904e+01 6.500000e+00
    endloop
  endfacet
  facet normal 2.588190e-01 9.659258e-01 0.000000e+00
    outer loop
      vertex   -9.250000e+00 -1.379904e+01 6.500000e+00
      vertex   -8.500000e+00 -1.400000e+01 2.500000e+00
      vertex   -9.250000e+00 -1.379904e+01 2.500000e+00
    endloop
  endfacet
  facet normal 7.071068e-01 7.071068e-01 0.000000e+00
    outer loop
      vertex   -9.250000e+00 -1.379904e+01 6.500000e+00
      vertex   -9.250000e+00 -1.379904e+01 2.500000e+00
      vertex   -9.799038e+00 -1.325000e+01 6.500000e+00
    endloop
  endfacet
  facet normal 7.071068e-01 7.071068e-01 0.000000e+00
    outer loop
      vertex   -9.799038e+00 -1.325000e+01 6.500000e+00
      vertex   -9.250000e+00 -1.379904e+01 2.500000e+00
      vertex   -9.799038e+00 -1.325000e+01 2.500000e+00
    endloop
  endfacet
  facet normal 9.659258e-01 2.588190e-01 0.000000e+00
    outer loop
      vertex   -9.799038e+00 -1.325000e+01 6.500000e+00
      vertex   -9.799038e+00 -1.325000e+01 2.500000e+00
      vertex   -1.000000e+01 -1.250000e+01 6.500000e+00
    endloop
  endfacet
  facet normal 9.659258e-01 2.588190e-01 0.000000e+00
    outer loop
      vertex   -1.000000e+01 -1.250000e+01 6.500000e+00
      vertex   -9.799038e+00 -1.325000e+01 2.500000e+00
      vertex   -1.000000e+01 -1.250000e+01 2.500000e+00
    endloop
  endfacet
  facet normal 9.659258e-01 -2.588190e-01 0.000000e+00
    outer loop
      vertex   -1.000000e+01 -1.250000e+01 6.500000e+00
      vertex   -1.000000e+01 -1.250000e+01 2.500000e+00
      vertex   -9.799038e+00 -1.175000e+01 6.500000e+00
    endloop
  endfacet
  facet normal 9.659258e-01 -2.588190e-01 -2.298775e-16
    outer loop
      vertex   -9.799038e+00 -1.175000e+01 6.500000e+00
      vertex   -1.000000e+01 -1.250000e+01 2.500000e+00
      vertex   -9.799038e+00 -1.175000e+01 2.500000e+00
    endloop
  endfacet
  facet normal 7.071068e-01 -7.071068e-01 -6.280370e-16
    outer loop
      vertex   -9.799038e+00 -1.175000e+01 6.500000e+00
      vertex   -9.799038e+00 -1.175000e+01 2.500000e+00
      vertex   -9.250000e+00 -1.120096e+01 6.500000e+00
    endloop
  endfacet
  facet normal 7.071068e-01 -7.071068e-01 -6.280370e-16
    outer loop
      vertex   -9.250000e+00 -1.120096e+01 6.500000e+00
      vertex   -9.799038e+00 -1.175000e+01 2.500000e+00
      vertex   -9.250000e+00 -1.120096e+01 2.500000e+00
    endloop
  endfacet
  facet normal 2.588190e-01 -9.659258e-01 -8.579145e-16
    outer loop
      vertex   -9.250000e+00 -1.120096e+01 6.500000e+00
      vertex   -9.250000e+00 -1.120096e+01 2.500000e+00
      vertex   -8.500000e+00 -1.100000e+01 6.500000e+00
    endloop
  endfacet
  facet normal 2.588190e-01 -9.659258e-01 0.000000e+00
    outer loop
      vertex   -8.500000e+00 -1.100000e+01 6.500000e+00
      vertex   -9.250000e+00 -1.120096e+01 2.500000e+00
      vertex   -8.500000e+00 -1.100000e+01 2.500000e+00
    endloop
  endfacet
  facet normal -2.588190e-01 -9.659258e-01 -0.000000e+00
    outer loop
      vertex   -8.500000e+00 -1.100000e+01 6.500000e+00
      vertex   -8.500000e+00 -1.100000e+01 2.500000e+00
      vertex   -7.750000e+00 -1.120096e+01 6.500000e+00
    endloop
  endfacet
  facet normal -2.588190e-01 -9.659258e-01 8.004451e-16
    outer loop
      vertex   -7.750000e+00 -1.120096e+01 6.500000e+00
      vertex   -8.500000e+00 -1.100000e+01 2.500000e+00
      vertex   -7.750000e+00 -1.120096e+01 2.500000e+00
    endloop
  endfacet
  facet normal -7.071068e-01 -7.071068e-01 4.710277e-16
    outer loop
      vertex   -7.750000e+00 -1.120096e+01 6.500000e+00
      vertex   -7.750000e+00 -1.120096e+01 2.500000e+00
      vertex   -7.200962e+00 -1.175000e+01 6.500000e+00
    endloop
  endfacet
  facet normal -7.071068e-01 -7.071068e-01 4.710277e-16
    outer loop
      vertex   -7.200962e+00 -1.175000e+01 6.500000e+00
      vertex   -7.750000e+00 -1.120096e+01 2.500000e+00
      vertex   -7.200962e+00 -1.175000e+01 2.500000e+00
    endloop
  endfacet
  facet normal -9.659258e-01 -2.588190e-01 2.298775e-16
    outer loop
      vertex   9.799038e+00 -1.175000e+01 6.500000e+00
      vertex   9.799038e+00 -1.175000e+01 2.500000e+00
      vertex   1.000000e+01 -1.250000e+01 6.500000e+00
    endloop
  endfacet
  facet normal -9.659258e-01 -2.588190e-01 -0.000000e+00
    outer loop
      vertex   1.000000e+01 -1.250000e+01 6.500000e+00
      vertex   9.799038e+00 -1.175000e+01 2.500000e+00
      vertex   1.000000e+01 -1.250000e+01 2.500000e+00
    endloop
  endfacet
  facet normal -9.659258e-01 2.588190e-01 0.000000e+00
    outer loop
      vertex   1.000000e+01 -1.250000e+01 6.500000e+00
      vertex   1.000000e+01 -1.250000e+01 2.500000e+00
      vertex   9.799038e+00 -1.325000e+01 6.500000e+00
    endloop
  endfacet
  facet normal -9.659258e-01 2.588190e-01 -1.149387e-16
    outer loop
      vertex   9.799038e+00 -1.325000e+01 6.500000e+00
      vertex   1.000000e+01 -1.250000e+01 2.500000e+00
      vertex   9.799038e+00 -1.325000e+01 2.500000e+00
    endloop
  endfacet
  facet normal -7.071068e-01 7.071068e-01 -3.140185e-16
    outer loop
      vertex   9.799038e+00 -1.325000e+01 6.500000e+00
      vertex   9.799038e+00 -1.325000e+01 2.500000e+00
      vertex   9.250000e+00 -1.379904e+01 6.500000e+00
    endloop
  endfacet
  facet normal -7.071068e-01 7.071068e-01 0.000000e+00
    outer loop
      vertex   9.250000e+00 -1.379904e+01 6.500000e+00
      vertex   9.799038e+00 -1.325000e+01 2.500000e+00
      vertex   9.250000e+00 -1.379904e+01 2.500000e+00
    endloop
  endfacet
  facet normal -2.588190e-01 9.659258e-01 0.000000e+00
    outer loop
      vertex   9.250000e+00 -1.379904e+01 6.500000e+00
      vertex   9.250000e+00 -1.379904e+01 2.500000e+00
      vertex   8.500000e+00 -1.400000e+01 6.500000e+00
    endloop
  endfacet
  facet normal -2.588190e-01 9.659258e-01 0.000000e+00
    outer loop
      vertex   8.500000e+00 -1.400000e+01 6.500000e+00
      vertex   9.250000e+00 -1.379904e+01 2.500000e+00
      vertex   8.500000e+00 -1.400000e+01 2.500000e+00
    endloop
  endfacet
  facet normal 2.588190e-01 9.659258e-01 0.000000e+00
    outer loop
      vertex   8.500000e+00 -1.400000e+01 6.500000e+00
      vertex   8.500000e+00 -1.400000e+01 2.500000e+00
      vertex   7.750000e+00 -1.379904e+01 6.500000e+00
    endloop
  endfacet
  facet normal 2.588190e-01 9.659258e-01 -5.746937e-17
    outer loop
      vertex   7.750000e+00 -1.379904e+01 6.500000e+00
      vertex   8.500000e+00 -1.400000e+01 2.500000e+00
      vertex   7.750000e+00 -1.379904e+01 2.500000e+00
    endloop
  endfacet
  facet normal 7.071068e-01 7.071068e-01 -1.570092e-16
    outer loop
      vertex   7.750000e+00 -1.379904e+01 6.500000e+00
      vertex   7.750000e+00 -1.379904e+01 2.500000e+00
      vertex   7.200962e+00 -1.325000e+01 6.500000e+00
    endloop
  endfacet
  facet normal 7.071068e-01 7.071068e-01 -1.570092e-16
    outer loop
      vertex   7.200962e+00 -1.325000e+01 6.500000e+00
      vertex   7.750000e+00 -1.379904e+01 2.500000e+00
      vertex   7.200962e+00 -1.325000e+01 2.500000e+00
    endloop
  endfacet
  facet normal 9.659258e-01 2.588190e-01 -2.144786e-16
    outer loop
      vertex   7.200962e+00 -1.325000e+01 6.500000e+00
      vertex   7.200962e+00 -1.325000e+01 2.500000e+00
      vertex   7.000000e+00 -1.250000e+01 6.500000e+00
    endloop
  endfacet
  facet normal 9.659258e-01 2.588190e-01 0.000000e+00
    outer loop
      vertex   7.000000e+00 -1.250000e+01 6.500000e+00
      vertex   7.200962e+00 -1.325000e+01 2.500000e+00
      vertex   7.000000e+00 -1.250000e+01 2.500000e+00
    endloop
  endfacet
  facet normal 9.659258e-01 -2.588190e-01 0.000000e+00
    outer loop
      vertex   7.000000e+00 -1.250000e+01 6.500000e+00
      vertex   7.000000e+00 -1.250000e+01 2.500000e+00
      vertex   7.200962e+00 -1.175000e+01 6.500000e+00
    endloop
  endfacet
  facet normal 9.659258e-01 -2.588190e-01 -1.539887e-17
    outer loop
      vertex   7.200962e+00 -1.175000e+01 6.500000e+00
      vertex   7.000000e+00 -1.250000e+01 2.500000e+00
      vertex   7.200962e+00 -1.175000e+01 2.500000e+00
    endloop
  endfacet
  facet normal 7.071068e-01 -7.071068e-01 -4.710277e-16
    outer loop
      vertex   7.200962e+00 -1.175000e+01 6.500000e+00
      vertex   7.200962e+00 -1.175000e+01 2.500000e+00
      vertex   7.750000e+00 -1.120096e+01 6.500000e+00
    endloop
  endfacet
  facet normal 7.071068e-01 -7.071068e-01 -4.710277e-16
    outer loop
      vertex   7.750000e+00 -1.120096e+01 6.500000e+00
      vertex   7.200962e+00 -1.175000e+01 2.500000e+00
      vertex   7.750000e+00 -1.120096e+01 2.500000e+00
    endloop
  endfacet
  facet normal 2.588190e-01 -9.659258e-01 -8.004451e-16
    outer loop
      vertex   7.750000e+00 -1.120096e+01 6.500000e+00
      vertex   7.750000e+00 -1.120096e+01 2.500000e+00
      vertex   8.500000e+00 -1.100000e+01 6.500000e+00
    endloop
  endfacet
  facet normal 2.588190e-01 -9.659258e-01 0.000000e+00
    outer loop
      vertex   8.500000e+00 -1.100000e+01 6.500000e+00
      vertex   7.750000e+00 -1.120096e+01 2.500000e+00
      vertex   8.500000e+00 -1.100000e+01 2.500000e+00
    endloop
  endfacet
  facet normal -2.588190e-01 -9.659258e-01 -0.000000e+00
    outer loop
      vertex   8.500000e+00 -1.100000e+01 6.500000e+00
      vertex   8.500000e+00 -1.100000e+01 2.500000e+00
      vertex   9.250000e+00 -1.120096e+01 6.500000e+00
    endloop
  endfacet
  facet normal -2.588190e-01 -9.659258e-01 8.579145e-16
    outer loop
      vertex   9.250000e+00 -1.120096e+01 6.500000e+00
      vertex   8.500000e+00 -1.100000e+01 2.500000e+00
      vertex   9.250000e+00 -1.120096e+01 2.500000e+00
    endloop
  endfacet
  facet normal -7.071068e-01 -7.071068e-01 6.280370e-16
    outer loop
      vertex   9.250000e+00 -1.120096e+01 6.500000e+00
      vertex   9.250000e+00 -1.120096e+01 2.500000e+00
      vertex   9.799038e+00 -1.175000e+01 6.500000e+00
    endloop
  endfacet
  facet normal -7.071068e-01 -7.071068e-01 6.280370e-16
    outer loop
      vertex   9.799038e+00 -1.175000e+01 6.500000e+00
      vertex   9.250000e+00 -1.120096e+01 2.500000e+00
      vertex   9.799038e+00 -1.175000e+01 2.500000e+00
    endloop
  endfacet
  facet normal -9.659258e-01 -2.588190e-01 -0.000000e+00
    outer loop
      vertex   9.799038e+00 -4.675000e+01 6.500000e+00
      vertex   9.799038e+00 -4.675000e+01 2.500000e+00
      vertex   1.000000e+01 -4.750000e+01 6.500000e+00
    endloop
  endfacet
  facet normal -9.659258e-01 -2.588190e-01 -0.000000e+00
    outer loop
      vertex   1.000000e+01 -4.750000e+01 6.500000e+00
      vertex   9.799038e+00 -4.675000e+01 2.500000e+00
      vertex   1.000000e+01 -4.750000e+01 2.500000e+00
    endloop
  endfacet
  facet normal -9.659258e-01 2.588190e-01 0.000000e+00
    outer loop
      vertex   1.000000e+01 -4.750000e+01 6.500000e+00
      vertex   1.000000e+01 -4.750000e+01 2.500000e+00
      vertex   9.799038e+00 -4.825000e+01 6.500000e+00
    endloop
  endfacet
  facet normal -9.659258e-01 2.588190e-01 0.000000e+00
    outer loop
      vertex   9.799038e+00 -4.825000e+01 6.500000e+00
      vertex   1.000000e+01 -4.750000e+01 2.500000e+00
      vertex   9.799038e+00 -4.825000e+01 2.500000e+00
    endloop
  endfacet
  facet normal -7.071068e-01 7.071068e-01 0.000000e+00
    outer loop
      vertex   9.799038e+00 -4.825000e+01 6.500000e+00
      vertex   9.799038e+00 -4.825000e+01 2.500000e+00
      vertex   9.250000e+00 -4.879904e+01 6.500000e+00
    endloop
  endfacet
  facet normal -7.071068e-01 7.071068e-01 0.000000e+00
    outer loop
      vertex   9.250000e+00 -4.879904e+01 6.500000e+00
      vertex   9.799038e+00 -4.825000e+01 2.500000e+00
      vertex   9.250000e+00 -4.879904e+01 2.500000e+00
    endloop
  endfacet
  facet normal -2.588190e-01 9.659258e-01 0.000000e+00
    outer loop
      vertex   9.250000e+00 -4.879904e+01 6.500000e+00
      vertex   9.250000e+00 -4.879904e+01 2.500000e+00
      vertex   8.500000e+00 -4.900000e+01 6.500000e+00
    endloop
  endfacet
  facet normal -2.588190e-01 9.659258e-01 0.000000e+00
    outer loop
      vertex   8.500000e+00 -4.900000e+01 6.500000e+00
      vertex   9.250000e+00 -4.879904e+01 2.500000e+00
      vertex   8.500000e+00 -4.900000e+01 2.500000e+00
    endloop
  endfacet
  facet normal 2.588190e-01 9.659258e-01 0.000000e+00
    outer loop
      vertex   8.500000e+00 -4.900000e+01 6.500000e+00
      vertex   8.500000e+00 -4.900000e+01 2.500000e+00
      vertex   7.750000e+00 -4.879904e+01 6.500000e+00
    endloop
  endfacet
  facet normal 2.588190e-01 9.659258e-01 -5.746937e-17
    outer loop
      vertex   7.750000e+00 -4.879904e+01 6.500000e+00
      vertex   8.500000e+00 -4.900000e+01 2.500000e+00
      vertex   7.750000e+00 -4.879904e+01 2.500000e+00
    endloop
  endfacet
  facet normal 7.071068e-01 7.071068e-01 -1.570092e-16
    outer loop
      vertex   7.750000e+00 -4.879904e+01 6.500000e+00
      vertex   7.750000e+00 -4.879904e+01 2.500000e+00
      vertex   7.200962e+00 -4.825000e+01 6.500000e+00
    endloop
  endfacet
  facet normal 7.071068e-01 7.071068e-01 -1.570092e-16
    outer loop
      vertex   7.200962e+00 -4.825000e+01 6.500000e+00
      vertex   7.750000e+00 -4.879904e+01 2.500000e+00
      vertex   7.200962e+00 -4.825000e+01 2.500000e+00
    endloop
  endfacet
  facet normal 9.659258e-01 2.588190e-01 -2.144786e-16
    outer loop
      vertex   7.200962e+00 -4.825000e+01 6.500000e+00
      vertex   7.200962e+00 -4.825000e+01 2.500000e+00
      vertex   7.000000e+00 -4.750000e+01 6.500000e+00
    endloop
  endfacet
  facet normal 9.659258e-01 2.588190e-01 0.000000e+00
    outer loop
      vertex   7.000000e+00 -4.750000e+01 6.500000e+00
      vertex   7.200962e+00 -4.825000e+01 2.500000e+00
      vertex   7.000000e+00 -4.750000e+01 2.500000e+00
    endloop
  endfacet
  facet normal 9.659258e-01 -2.588190e-01 0.000000e+00
    outer loop
      vertex   7.000000e+00 -4.750000e+01 6.500000e+00
      vertex   7.000000e+00 -4.750000e+01 2.500000e+00
      vertex   7.200962e+00 -4.675000e+01 6.500000e+00
    endloop
  endfacet
  facet normal 9.659258e-01 -2.588190e-01 2.144786e-16
    outer loop
      vertex   7.200962e+00 -4.675000e+01 6.500000e+00
      vertex   7.000000e+00 -4.750000e+01 2.500000e+00
      vertex   7.200962e+00 -4.675000e+01 2.500000e+00
    endloop
  endfacet
  facet normal 7.071068e-01 -7.071068e-01 1.570092e-16
    outer loop
      vertex   7.200962e+00 -4.675000e+01 6.500000e+00
      vertex   7.200962e+00 -4.675000e+01 2.500000e+00
      vertex   7.750000e+00 -4.620096e+01 6.500000e+00
    endloop
  endfacet
  facet normal 7.071068e-01 -7.071068e-01 1.570092e-16
    outer loop
      vertex   7.750000e+00 -4.620096e+01 6.500000e+00
      vertex   7.200962e+00 -4.675000e+01 2.500000e+00
      vertex   7.750000e+00 -4.620096e+01 2.500000e+00
    endloop
  endfacet
  facet normal 2.588190e-01 -9.659258e-01 5.746937e-17
    outer loop
      vertex   7.750000e+00 -4.620096e+01 6.500000e+00
      vertex   7.750000e+00 -4.620096e+01 2.500000e+00
      vertex   8.500000e+00 -4.600000e+01 6.500000e+00
    endloop
  endfacet
  facet normal 2.588190e-01 -9.659258e-01 0.000000e+00
    outer loop
      vertex   8.500000e+00 -4.600000e+01 6.500000e+00
      vertex   7.750000e+00 -4.620096e+01 2.500000e+00
      vertex   8.500000e+00 -4.600000e+01 2.500000e+00
    endloop
  endfacet
  facet normal -2.588190e-01 -9.659258e-01 -0.000000e+00
    outer loop
      vertex   8.500000e+00 -4.600000e+01 6.500000e+00
      vertex   8.500000e+00 -4.600000e+01 2.500000e+00
      vertex   9.250000e+00 -4.620096e+01 6.500000e+00
    endloop
  endfacet
  facet normal -2.588190e-01 -9.659258e-01 -0.000000e+00
    outer loop
      vertex   9.250000e+00 -4.620096e+01 6.500000e+00
      vertex   8.500000e+00 -4.600000e+01 2.500000e+00
      vertex   9.250000e+00 -4.620096e+01 2.500000e+00
    endloop
  endfacet
  facet normal -7.071068e-01 -7.071068e-01 -0.000000e+00
    outer loop
      vertex   9.250000e+00 -4.620096e+01 6.500000e+00
      vertex   9.250000e+00 -4.620096e+01 2.500000e+00
      vertex   9.799038e+00 -4.675000e+01 6.500000e+00
    endloop
  endfacet
  facet normal -7.071068e-01 -7.071068e-01 -0.000000e+00
    outer loop
      vertex   9.799038e+00 -4.675000e+01 6.500000e+00
      vertex   9.250000e+00 -4.620096e+01 2.500000e+00
      vertex   9.799038e+00 -4.675000e+01 2.500000e+00
    endloop
  endfacet
  facet normal -9.659258e-01 -2.588190e-01 -2.144786e-16
    outer loop
      vertex   -7.200962e+00 -4.675000e+01 6.500000e+00
      vertex   -7.200962e+00 -4.675000e+01 2.500000e+00
      vertex   -7.000000e+00 -4.750000e+01 6.500000e+00
    endloop
  endfacet
  facet normal -9.659258e-01 -2.588190e-01 -0.000000e+00
    outer loop
      vertex   -7.000000e+00 -4.750000e+01 6.500000e+00
      vertex   -7.200962e+00 -4.675000e+01 2.500000e+00
      vertex   -7.000000e+00 -4.750000e+01 2.500000e+00
    endloop
  endfacet
  facet normal -9.659258e-01 2.588190e-01 0.000000e+00
    outer loop
      vertex   -7.000000e+00 -4.750000e+01 6.500000e+00
      vertex   -7.000000e+00 -4.750000e+01 2.500000e+00
      vertex   -7.200962e+00 -4.825000e+01 6.500000e+00
    endloop
  endfacet
  facet normal -9.659258e-01 2.588190e-01 2.144786e-16
    outer loop
      vertex   -7.200962e+00 -4.825000e+01 6.500000e+00
      vertex   -7.000000e+00 -4.750000e+01 2.500000e+00
      vertex   -7.200962e+00 -4.825000e+01 2.500000e+00
    endloop
  endfacet
  facet normal -7.071068e-01 7.071068e-01 1.570092e-16
    outer loop
      vertex   -7.200962e+00 -4.825000e+01 6.500000e+00
      vertex   -7.200962e+00 -4.825000e+01 2.500000e+00
      vertex   -7.750000e+00 -4.879904e+01 6.500000e+00
    endloop
  endfacet
  facet normal -7.071068e-01 7.071068e-01 1.570092e-16
    outer loop
      vertex   -7.750000e+00 -4.879904e+01 6.500000e+00
      vertex   -7.200962e+00 -4.825000e+01 2.500000e+00
      vertex   -7.750000e+00 -4.879904e+01 2.500000e+00
    endloop
  endfacet
  facet normal -2.588190e-01 9.659258e-01 5.746937e-17
    outer loop
      vertex   -7.750000e+00 -4.879904e+01 6.500000e+00
      vertex   -7.750000e+00 -4.879904e+01 2.500000e+00
      vertex   -8.500000e+00 -4.900000e+01 6.500000e+00
    endloop
  endfacet
  facet normal -2.588190e-01 9.659258e-01 0.000000e+00
    outer loop
      vertex   -8.500000e+00 -4.900000e+01 6.500000e+00
      vertex   -7.750000e+00 -4.879904e+01 2.500000e+00
      vertex   -8.500000e+00 -4.900000e+01 2.500000e+00
    endloop
  endfacet
  facet normal 2.588190e-01 9.659258e-01 0.000000e+00
    outer loop
      vertex   -8.500000e+00 -4.900000e+01 6.500000e+00
      vertex   -8.500000e+00 -4.900000e+01 2.500000e+00
      vertex   -9.250000e+00 -4.879904e+01 6.500000e+00
    endloop
  endfacet
  facet normal 2.588190e-01 9.659258e-01 0.000000e+00
    outer loop
      vertex   -9.250000e+00 -4.879904e+01 6.500000e+00
      vertex   -8.500000e+00 -4.900000e+01 2.500000e+00
      vertex   -9.250000e+00 -4.879904e+01 2.500000e+00
    endloop
  endfacet
  facet normal 7.071068e-01 7.071068e-01 0.000000e+00
    outer loop
      vertex   -9.250000e+00 -4.879904e+01 6.500000e+00
      vertex   -9.250000e+00 -4.879904e+01 2.500000e+00
      vertex   -9.799038e+00 -4.825000e+01 6.500000e+00
    endloop
  endfacet
  facet normal 7.071068e-01 7.071068e-01 0.000000e+00
    outer loop
      vertex   -9.799038e+00 -4.825000e+01 6.500000e+00
      vertex   -9.250000e+00 -4.879904e+01 2.500000e+00
      vertex   -9.799038e+00 -4.825000e+01 2.500000e+00
    endloop
  endfacet
  facet normal 9.659258e-01 2.588190e-01 0.000000e+00
    outer loop
      vertex   -9.799038e+00 -4.825000e+01 6.500000e+00
      vertex   -9.799038e+00 -4.825000e+01 2.500000e+00
      vertex   -1.000000e+01 -4.750000e+01 6.500000e+00
    endloop
  endfacet
  facet normal 9.659258e-01 2.588190e-01 0.000000e+00
    outer loop
      vertex   -1.000000e+01 -4.750000e+01 6.500000e+00
      vertex   -9.799038e+00 -4.825000e+01 2.500000e+00
      vertex   -1.000000e+01 -4.750000e+01 2.500000e+00
    endloop
  endfacet
  facet normal 9.659258e-01 -2.588190e-01 0.000000e+00
    outer loop
      vertex   -1.000000e+01 -4.750000e+01 6.500000e+00
      vertex   -1.000000e+01 -4.750000e+01 2.500000e+00
      vertex   -9.799038e+00 -4.675000e+01 6.500000e+00
    endloop
  endfacet
  facet normal 9.659258e-01 -2.588190e-01 0.000000e+00
    outer loop
      vertex   -9.799038e+00 -4.675000e+01 6.500000e+00
      vertex   -1.000000e+01 -4.750000e+01 2.500000e+00
      vertex   -9.799038e+00 -4.675000e+01 2.500000e+00
    endloop
  endfacet
  facet normal 7.071068e-01 -7.071068e-01 0.000000e+00
    outer loop
      vertex   -9.799038e+00 -4.675000e+01 6.500000e+00
      vertex   -9.799038e+00 -4.675000e+01 2.500000e+00
      vertex   -9.250000e+00 -4.620096e+01 6.500000e+00
    endloop
  endfacet
  facet normal 7.071068e-01 -7.071068e-01 0.000000e+00
    outer loop
      vertex   -9.250000e+00 -4.620096e+01 6.500000e+00
      vertex   -9.799038e+00 -4.675000e+01 2.500000e+00
      vertex   -9.250000e+00 -4.620096e+01 2.500000e+00
    endloop
  endfacet
  facet normal 2.588190e-01 -9.659258e-01 0.000000e+00
    outer loop
      vertex   -9.250000e+00 -4.620096e+01 6.500000e+00
      vertex   -9.250000e+00 -4.620096e+01 2.500000e+00
      vertex   -8.500000e+00 -4.600000e+01 6.500000e+00
    endloop
  endfacet
  facet normal 2.588190e-01 -9.659258e-01 0.000000e+00
    outer loop
      vertex   -8.500000e+00 -4.600000e+01 6.500000e+00
      vertex   -9.250000e+00 -4.620096e+01 2.500000e+00
      vertex   -8.500000e+00 -4.600000e+01 2.500000e+00
    endloop
  endfacet
  facet normal -2.588190e-01 -9.659258e-01 -0.000000e+00
    outer loop
      vertex   -8.500000e+00 -4.600000e+01 6.500000e+00
      vertex   -8.500000e+00 -4.600000e+01 2.500000e+00
      vertex   -7.750000e+00 -4.620096e+01 6.500000e+00
    endloop
  endfacet
  facet normal -2.588190e-01 -9.659258e-01 -5.746937e-17
    outer loop
      vertex   -7.750000e+00 -4.620096e+01 6.500000e+00
      vertex   -8.500000e+00 -4.600000e+01 2.500000e+00
      vertex   -7.750000e+00 -4.620096e+01 2.500000e+00
    endloop
  endfacet
  facet normal -7.071068e-01 -7.071068e-01 -1.570092e-16
    outer loop
      vertex   -7.750000e+00 -4.620096e+01 6.500000e+00
      vertex   -7.750000e+00 -4.620096e+01 2.500000e+00
      vertex   -7.200962e+00 -4.675000e+01 6.500000e+00
    endloop
  endfacet
  facet normal -7.071068e-01 -7.071068e-01 -1.570092e-16
    outer loop
      vertex   -7.200962e+00 -4.675000e+01 6.500000e+00
      vertex   -7.750000e+00 -4.620096e+01 2.500000e+00
      vertex   -7.200962e+00 -4.675000e+01 2.500000e+00
    endloop
  endfacet
  facet normal -1.000000e+00 0.000000e+00 0.000000e+00
    outer loop
      vertex   1.250000e+01 -8.470604e+00 0.000000e+00
      vertex   1.250000e+01 -5.350000e+01 0.000000e+00
      vertex   1.250000e+01 -8.470604e+00 2.500000e+00
    endloop
  endfacet
  facet normal -1.000000e+00 -0.000000e+00 0.000000e+00
    outer loop
      vertex   1.250000e+01 -8.470604e+00 2.500000e+00
      vertex   1.250000e+01 -5.350000e+01 0.000000e+00
      vertex   1.250000e+01 -5.350000e+01 2.500000e+00
    endloop
  endfacet
  facet normal 1.000000e+00 0.000000e+00 0.000000e+00
    outer loop
      vertex   -1.250000e+01 -5.350000e+01 0.000000e+00
      vertex   -1.250000e+01 -8.482987e+00 0.000000e+00
      vertex   -1.250000e+01 -5.350000e+01 2.500000e+00
    endloop
  endfacet
  facet normal 1.000000e+00 -0.000000e+00 0.000000e+00
    outer loop
      vertex   -1.250000e+01 -5.350000e+01 2.500000e+00
      vertex   -1.250000e+01 -8.482987e+00 0.000000e+00
      vertex   -1.250000e+01 -8.482987e+00 2.500000e+00
    endloop
  endfacet
  facet normal 0.000000e+00 0.000000e+00 -1.000000e+00
    outer loop
      vertex   -9.799038e+00 -1.325000e+01 2.500000e+00
      vertex   -1.250000e+01 -8.482987e+00 2.500000e+00
      vertex   -1.000000e+01 -1.250000e+01 2.500000e+00
    endloop
  endfacet
  facet normal 0.000000e+00 0.000000e+00 -1.000000e+00
    outer loop
      vertex   -1.000000e+01 -1.250000e+01 2.500000e+00
      vertex   -1.250000e+01 -8.482987e+00 2.500000e+00
      vertex   -1.206531e+01 -8.492439e+00 2.500000e+00
    endloop
  endfacet
  facet normal 0.000000e+00 0.000000e+00 -1.000000e+00
    outer loop
      vertex   -1.000000e+01 -1.250000e+01 2.500000e+00
      vertex   -1.206531e+01 -8.492439e+00 2.500000e+00
      vertex   -1.163056e+01 -8.498110e+00 2.500000e+00
    endloop
  endfacet
  facet normal 0.000000e+00 0.000000e+00 -1.000000e+00
    outer loop
      vertex   -1.250000e+01 -8.482987e+00 2.500000e+00
      vertex   -9.799038e+00 -1.325000e+01 2.500000e+00
      vertex   -9.799038e+00 -4.675000e+01 2.500000e+00
    endloop
  endfacet
  facet normal 0.000000e+00 0.000000e+00 -1.000000e+00
    outer loop
      vertex   -9.799038e+00 -4.675000e+01 2.500000e+00
      vertex   -9.799038e+00 -1.325000e+01 2.500000e+00
      vertex   -9.250000e+00 -1.379904e+01 2.500000e+00
    endloop
  endfacet
  facet normal 0.000000e+00 0.000000e+00 -1.000000e+00
    outer loop
      vertex   -9.799038e+00 -4.675000e+01 2.500000e+00
      vertex   -9.250000e+00 -1.379904e+01 2.500000e+00
      vertex   -9.250000e+00 -4.620096e+01 2.500000e+00
    endloop
  endfacet
  facet normal 0.000000e+00 0.000000e+00 -1.000000e+00
    outer loop
      vertex   -9.250000e+00 -4.620096e+01 2.500000e+00
      vertex   -9.250000e+00 -1.379904e+01 2.500000e+00
      vertex   -8.500000e+00 -1.400000e+01 2.500000e+00
    endloop
  endfacet
  facet normal 0.000000e+00 0.000000e+00 -1.000000e+00
    outer loop
      vertex   -9.250000e+00 -4.620096e+01 2.500000e+00
      vertex   -8.500000e+00 -1.400000e+01 2.500000e+00
      vertex   -8.500000e+00 -4.600000e+01 2.500000e+00
    endloop
  endfacet
  facet normal 0.000000e+00 0.000000e+00 -1.000000e+00
    outer loop
      vertex   -8.500000e+00 -4.600000e+01 2.500000e+00
      vertex   -8.500000e+00 -1.400000e+01 2.500000e+00
      vertex   -7.750000e+00 -4.620096e+01 2.500000e+00
    endloop
  endfacet
  facet normal 0.000000e+00 0.000000e+00 -1.000000e+00
    outer loop
      vertex   -7.750000e+00 -4.620096e+01 2.500000e+00
      vertex   -8.500000e+00 -1.400000e+01 2.500000e+00
      vertex   -7.750000e+00 -1.379904e+01 2.500000e+00
    endloop
  endfacet
  facet normal 0.000000e+00 0.000000e+00 -1.000000e+00
    outer loop
      vertex   -7.750000e+00 -4.620096e+01 2.500000e+00
      vertex   -7.750000e+00 -1.379904e+01 2.500000e+00
      vertex   -7.200962e+00 -4.675000e+01 2.500000e+00
    endloop
  endfacet
  facet normal 0.000000e+00 0.000000e+00 -1.000000e+00
    outer loop
      vertex   -7.200962e+00 -4.675000e+01 2.500000e+00
      vertex   -7.750000e+00 -1.379904e+01 2.500000e+00
      vertex   -7.200962e+00 -1.325000e+01 2.500000e+00
    endloop
  endfacet
  facet normal 0.000000e+00 0.000000e+00 -1.000000e+00
    outer loop
      vertex   -7.200962e+00 -4.675000e+01 2.500000e+00
      vertex   -7.200962e+00 -1.325000e+01 2.500000e+00
      vertex   7.200962e+00 -1.325000e+01 2.500000e+00
    endloop
  endfacet
  facet normal -0.000000e+00 0.000000e+00 -1.000000e+00
    outer loop
      vertex   7.200962e+00 -1.325000e+01 2.500000e+00
      vertex   -7.200962e+00 -1.325000e+01 2.500000e+00
      vertex   7.000000e+00 -1.250000e+01 2.500000e+00
    endloop
  endfacet
  facet normal -0.000000e+00 0.000000e+00 -1.000000e+00
    outer loop
      vertex   7.000000e+00 -1.250000e+01 2.500000e+00
      vertex   -7.200962e+00 -1.325000e+01 2.500000e+00
      vertex   -7.000000e+00 -1.250000e+01 2.500000e+00
    endloop
  endfacet
  facet normal 0.000000e+00 0.000000e+00 -1.000000e+00
    outer loop
      vertex   7.000000e+00 -1.250000e+01 2.500000e+00
      vertex   -7.000000e+00 -1.250000e+01 2.500000e+00
      vertex   7.200962e+00 -1.175000e+01 2.500000e+00
    endloop
  endfacet
  facet normal 0.000000e+00 0.000000e+00 -1.000000e+00
    outer loop
      vertex   7.200962e+00 -1.175000e+01 2.500000e+00
      vertex   -7.000000e+00 -1.250000e+01 2.500000e+00
      vertex   -7.200962e+00 -1.175000e+01 2.500000e+00
    endloop
  endfacet
  facet normal -0.000000e+00 0.000000e+00 -1.000000e+00
    outer loop
      vertex   7.200962e+00 -1.175000e+01 2.500000e+00
      vertex   -7.200962e+00 -1.175000e+01 2.500000e+00
      vertex   7.750000e+00 -1.120096e+01 2.500000e+00
    endloop
  endfacet
  facet normal 0.000000e+00 0.000000e+00 -1.000000e+00
    outer loop
      vertex   7.750000e+00 -1.120096e+01 2.500000e+00
      vertex   -7.200962e+00 -1.175000e+01 2.500000e+00
      vertex   -7.750000e+00 -1.120096e+01 2.500000e+00
    endloop
  endfacet
  facet normal -0.000000e+00 0.000000e+00 -1.000000e+00
    outer loop
      vertex   7.750000e+00 -1.120096e+01 2.500000e+00
      vertex   -7.750000e+00 -1.120096e+01 2.500000e+00
      vertex   1.078571e+01 -8.500000e+00 2.500000e+00
    endloop
  endfacet
  facet normal -0.000000e+00 0.000000e+00 -1.000000e+00
    outer loop
      vertex   1.078571e+01 -8.500000e+00 2.500000e+00
      vertex   -7.750000e+00 -1.120096e+01 2.500000e+00
      vertex   -1.119578e+01 -8.500000e+00 2.500000e+00
    endloop
  endfacet
  facet normal 0.000000e+00 0.000000e+00 -1.000000e+00
    outer loop
      vertex   -1.119578e+01 -8.500000e+00 2.500000e+00
      vertex   -7.750000e+00 -1.120096e+01 2.500000e+00
      vertex   -8.500000e+00 -1.100000e+01 2.500000e+00
    endloop
  endfacet
  facet normal 0.000000e+00 0.000000e+00 -1.000000e+00
    outer loop
      vertex   -1.119578e+01 -8.500000e+00 2.500000e+00
      vertex   -8.500000e+00 -1.100000e+01 2.500000e+00
      vertex   -9.250000e+00 -1.120096e+01 2.500000e+00
    endloop
  endfacet
  facet normal -0.000000e+00 0.000000e+00 -1.000000e+00
    outer loop
      vertex   -9.250000e+00 -1.120096e+01 2.500000e+00
      vertex   -9.799038e+00 -1.175000e+01 2.500000e+00
      vertex   -1.119578e+01 -8.500000e+00 2.500000e+00
    endloop
  endfacet
  facet normal 0.000000e+00 0.000000e+00 -1.000000e+00
    outer loop
      vertex   -1.119578e+01 -8.500000e+00 2.500000e+00
      vertex   -9.799038e+00 -1.175000e+01 2.500000e+00
      vertex   -1.000000e+01 -1.250000e+01 2.500000e+00
    endloop
  endfacet
  facet normal -0.000000e+00 -0.000000e+00 -1.000000e+00
    outer loop
      vertex   -1.119578e+01 -8.500000e+00 2.500000e+00
      vertex   -1.000000e+01 -1.250000e+01 2.500000e+00
      vertex   -1.163056e+01 -8.498110e+00 2.500000e+00
    endloop
  endfacet
  facet normal 0.000000e+00 0.000000e+00 -1.000000e+00
    outer loop
      vertex   -7.200962e+00 -4.675000e+01 2.500000e+00
      vertex   7.200962e+00 -1.325000e+01 2.500000e+00
      vertex   7.200962e+00 -4.675000e+01 2.500000e+00
    endloop
  endfacet
  facet normal 0.000000e+00 0.000000e+00 -1.000000e+00
    outer loop
      vertex   7.200962e+00 -4.675000e+01 2.500000e+00
      vertex   7.200962e+00 -1.325000e+01 2.500000e+00
      vertex   7.750000e+00 -1.379904e+01 2.500000e+00
    endloop
  endfacet
  facet normal 0.000000e+00 0.000000e+00 -1.000000e+00
    outer loop
      vertex   7.200962e+00 -4.675000e+01 2.500000e+00
      vertex   7.750000e+00 -1.379904e+01 2.500000e+00
      vertex   7.750000e+00 -4.620096e+01 2.500000e+00
    endloop
  endfacet
  facet normal 0.000000e+00 0.000000e+00 -1.000000e+00
    outer loop
      vertex   7.750000e+00 -4.620096e+01 2.500000e+00
      vertex   7.750000e+00 -1.379904e+01 2.500000e+00
      vertex   8.500000e+00 -1.400000e+01 2.500000e+00
    endloop
  endfacet
  facet normal 0.000000e+00 0.000000e+00 -1.000000e+00
    outer loop
      vertex   7.750000e+00 -4.620096e+01 2.500000e+00
      vertex   8.500000e+00 -1.400000e+01 2.500000e+00
      vertex   8.500000e+00 -4.600000e+01 2.500000e+00
    endloop
  endfacet
  facet normal 0.000000e+00 0.000000e+00 -1.000000e+00
    outer loop
      vertex   8.500000e+00 -4.600000e+01 2.500000e+00
      vertex   8.500000e+00 -1.400000e+01 2.500000e+00
      vertex   9.250000e+00 -4.620096e+01 2.500000e+00
    endloop
  endfacet
  facet normal 0.000000e+00 0.000000e+00 -1.000000e+00
    outer loop
      vertex   9.250000e+00 -4.620096e+01 2.500000e+00
      vertex   8.500000e+00 -1.400000e+01 2.500000e+00
      vertex   9.250000e+00 -1.379904e+01 2.500000e+00
    endloop
  endfacet
  facet normal 0.000000e+00 0.000000e+00 -1.000000e+00
    outer loop
      vertex   9.250000e+00 -4.620096e+01 2.500000e+00
      vertex   9.250000e+00 -1.379904e+01 2.500000e+00
      vertex   9.799038e+00 -4.675000e+01 2.500000e+00
    endloop
  endfacet
  facet normal 0.000000e+00 0.000000e+00 -1.000000e+00
    outer loop
      vertex   9.799038e+00 -4.675000e+01 2.500000e+00
      vertex   9.250000e+00 -1.379904e+01 2.500000e+00
      vertex   9.799038e+00 -1.325000e+01 2.500000e+00
    endloop
  endfacet
  facet normal 0.000000e+00 0.000000e+00 -1.000000e+00
    outer loop
      vertex   9.799038e+00 -4.675000e+01 2.500000e+00
      vertex   9.799038e+00 -1.325000e+01 2.500000e+00
      vertex   1.250000e+01 -8.470604e+00 2.500000e+00
    endloop
  endfacet
  facet normal 0.000000e+00 0.000000e+00 -1.000000e+00
    outer loop
      vertex   1.250000e+01 -8.470604e+00 2.500000e+00
      vertex   9.799038e+00 -1.325000e+01 2.500000e+00
      vertex   1.000000e+01 -1.250000e+01 2.500000e+00
    endloop
  endfacet
  facet normal 0.000000e+00 0.000000e+00 -1.000000e+00
    outer loop
      vertex   1.250000e+01 -8.470604e+00 2.500000e+00
      vertex   1.000000e+01 -1.250000e+01 2.500000e+00
      vertex   1.192870e+01 -8.486934e+00 2.500000e+00
    endloop
  endfacet
  facet normal 0.000000e+00 0.000000e+00 -1.000000e+00
    outer loop
      vertex   1.192870e+01 -8.486934e+00 2.500000e+00
      vertex   1.000000e+01 -1.250000e+01 2.500000e+00
      vertex   1.135724e+01 -8.496733e+00 2.500000e+00
    endloop
  endfacet
  facet normal 0.000000e+00 0.000000e+00 -1.000000e+00
    outer loop
      vertex   1.135724e+01 -8.496733e+00 2.500000e+00
      vertex   1.000000e+01 -1.250000e+01 2.500000e+00
      vertex   9.799038e+00 -1.175000e+01 2.500000e+00
    endloop
  endfacet
  facet normal 0.000000e+00 0.000000e+00 -1.000000e+00
    outer loop
      vertex   1.135724e+01 -8.496733e+00 2.500000e+00
      vertex   9.799038e+00 -1.175000e+01 2.500000e+00
      vertex   1.078571e+01 -8.500000e+00 2.500000e+00
    endloop
  endfacet
  facet normal 0.000000e+00 0.000000e+00 -1.000000e+00
    outer loop
      vertex   1.078571e+01 -8.500000e+00 2.500000e+00
      vertex   9.799038e+00 -1.175000e+01 2.500000e+00
      vertex   9.250000e+00 -1.120096e+01 2.500000e+00
    endloop
  endfacet
  facet normal 0.000000e+00 0.000000e+00 -1.000000e+00
    outer loop
      vertex   1.078571e+01 -8.500000e+00 2.500000e+00
      vertex   9.250000e+00 -1.120096e+01 2.500000e+00
      vertex   8.500000e+00 -1.100000e+01 2.500000e+00
    endloop
  endfacet
  facet normal -0.000000e+00 0.000000e+00 -1.000000e+00
    outer loop
      vertex   8.500000e+00 -1.100000e+01 2.500000e+00
      vertex   7.750000e+00 -1.120096e+01 2.500000e+00
      vertex   1.078571e+01 -8.500000e+00 2.500000e+00
    endloop
  endfacet
  facet normal 0.000000e+00 0.000000e+00 -1.000000e+00
    outer loop
      vertex   7.200962e+00 -4.825000e+01 2.500000e+00
      vertex   -7.200962e+00 -4.825000e+01 2.500000e+00
      vertex   7.000000e+00 -4.750000e+01 2.500000e+00
    endloop
  endfacet
  facet normal -0.000000e+00 0.000000e+00 -1.000000e+00
    outer loop
      vertex   7.000000e+00 -4.750000e+01 2.500000e+00
      vertex   -7.200962e+00 -4.825000e+01 2.500000e+00
      vertex   -7.000000e+00 -4.750000e+01 2.500000e+00
    endloop
  endfacet
  facet normal 0.000000e+00 0.000000e+00 -1.000000e+00
    outer loop
      vertex   7.000000e+00 -4.750000e+01 2.500000e+00
      vertex   -7.000000e+00 -4.750000e+01 2.500000e+00
      vertex   7.200962e+00 -4.675000e+01 2.500000e+00
    endloop
  endfacet
  facet normal -0.000000e+00 0.000000e+00 -1.000000e+00
    outer loop
      vertex   7.200962e+00 -4.675000e+01 2.500000e+00
      vertex   -7.000000e+00 -4.750000e+01 2.500000e+00
      vertex   -7.200962e+00 -4.675000e+01 2.500000e+00
    endloop
  endfacet
  facet normal 0.000000e+00 -0.000000e+00 -1.000000e+00
    outer loop
      vertex   -7.200962e+00 -4.825000e+01 2.500000e+00
      vertex   7.200962e+00 -4.825000e+01 2.500000e+00
      vertex   -7.750000e+00 -4.879904e+01 2.500000e+00
    endloop
  endfacet
  facet normal 0.000000e+00 0.000000e+00 -1.000000e+00
    outer loop
      vertex   -7.750000e+00 -4.879904e+01 2.500000e+00
      vertex   7.200962e+00 -4.825000e+01 2.500000e+00
      vertex   7.750000e+00 -4.879904e+01 2.500000e+00
    endloop
  endfacet
  facet normal 0.000000e+00 -0.000000e+00 -1.000000e+00
    outer loop
      vertex   -7.750000e+00 -4.879904e+01 2.500000e+00
      vertex   7.750000e+00 -4.879904e+01 2.500000e+00
      vertex   -1.250000e+01 -5.350000e+01 2.500000e+00
    endloop
  endfacet
  facet normal 0.000000e+00 0.000000e+00 -1.000000e+00
    outer loop
      vertex   -1.250000e+01 -5.350000e+01 2.500000e+00
      vertex   7.750000e+00 -4.879904e+01 2.500000e+00
      vertex   1.250000e+01 -5.350000e+01 2.500000e+00
    endloop
  endfacet
  facet normal 0.000000e+00 0.000000e+00 -1.000000e+00
    outer loop
      vertex   1.250000e+01 -5.350000e+01 2.500000e+00
      vertex   7.750000e+00 -4.879904e+01 2.500000e+00
      vertex   8.500000e+00 -4.900000e+01 2.500000e+00
    endloop
  endfacet
  facet normal 0.000000e+00 0.000000e+00 -1.000000e+00
    outer loop
      vertex   1.250000e+01 -5.350000e+01 2.500000e+00
      vertex   8.500000e+00 -4.900000e+01 2.500000e+00
      vertex   9.250000e+00 -4.879904e+01 2.500000e+00
    endloop
  endfacet
  facet normal 0.000000e+00 0.000000e+00 -1.000000e+00
    outer loop
      vertex   9.250000e+00 -4.879904e+01 2.500000e+00
      vertex   9.799038e+00 -4.825000e+01 2.500000e+00
      vertex   1.250000e+01 -5.350000e+01 2.500000e+00
    endloop
  endfacet
  facet normal 0.000000e+00 0.000000e+00 -1.000000e+00
    outer loop
      vertex   1.250000e+01 -5.350000e+01 2.500000e+00
      vertex   9.799038e+00 -4.825000e+01 2.500000e+00
      vertex   1.000000e+01 -4.750000e+01 2.500000e+00
    endloop
  endfacet
  facet normal 0.000000e+00 0.000000e+00 -1.000000e+00
    outer loop
      vertex   1.250000e+01 -5.350000e+01 2.500000e+00
      vertex   1.000000e+01 -4.750000e+01 2.500000e+00
      vertex   9.799038e+00 -4.675000e+01 2.500000e+00
    endloop
  endfacet
  facet normal 0.000000e+00 0.000000e+00 -1.000000e+00
    outer loop
      vertex   -9.799038e+00 -4.675000e+01 2.500000e+00
      vertex   -1.000000e+01 -4.750000e+01 2.500000e+00
      vertex   -1.250000e+01 -5.350000e+01 2.500000e+00
    endloop
  endfacet
  facet normal 0.000000e+00 0.000000e+00 -1.000000e+00
    outer loop
      vertex   -1.250000e+01 -5.350000e+01 2.500000e+00
      vertex   -1.000000e+01 -4.750000e+01 2.500000e+00
      vertex   -9.799038e+00 -4.825000e+01 2.500000e+00
    endloop
  endfacet
  facet normal 0.000000e+00 0.000000e+00 -1.000000e+00
    outer loop
      vertex   -1.250000e+01 -5.350000e+01 2.500000e+00
      vertex   -9.799038e+00 -4.825000e+01 2.500000e+00
      vertex   -9.250000e+00 -4.879904e+01 2.500000e+00
    endloop
  endfacet
  facet normal 0.000000e+00 -0.000000e+00 -1.000000e+00
    outer loop
      vertex   -9.250000e+00 -4.879904e+01 2.500000e+00
      vertex   -8.500000e+00 -4.900000e+01 2.500000e+00
      vertex   -1.250000e+01 -5.350000e+01 2.500000e+00
    endloop
  endfacet
  facet normal 0.000000e+00 0.000000e+00 -1.000000e+00
    outer loop
      vertex   -1.250000e+01 -5.350000e+01 2.500000e+00
      vertex   -8.500000e+00 -4.900000e+01 2.500000e+00
      vertex   -7.750000e+00 -4.879904e+01 2.500000e+00
    endloop
  endfacet
  facet normal 0.000000e+00 0.000000e+00 -1.000000e+00
    outer loop
      vertex   -1.250000e+01 -8.482987e+00 2.500000e+00
      vertex   -9.799038e+00 -4.675000e+01 2.500000e+00
      vertex   -1.250000e+01 -5.350000e+01 2.500000e+00
    endloop
  endfacet
  facet normal 0.000000e+00 -0.000000e+00 -1.000000e+00
    outer loop
      vertex   1.250000e+01 -8.470604e+00 2.500000e+00
      vertex   1.250000e+01 -5.350000e+01 2.500000e+00
      vertex   9.799038e+00 -4.675000e+01 2.500000e+00
    endloop
  endfacet
  facet normal 0.000000e+00 -0.000000e+00 -1.000000e+00
    outer loop
      vertex   1.003399e+02 2.150000e+01 0.000000e+00
      vertex   1.032500e+02 2.150000e+01 0.000000e+00
      vertex   7.656459e+01 1.264457e+01 0.000000e+00
    endloop
  endfacet
  facet normal 0.000000e+00 0.000000e+00 -1.000000e+00
    outer loop
      vertex   7.656459e+01 1.264457e+01 0.000000e+00
      vertex   1.032500e+02 2.150000e+01 0.000000e+00
      vertex   1.032500e+02 -2.150000e+01 0.000000e+00
    endloop
  endfacet
  facet normal 0.000000e+00 -0.000000e+00 -1.000000e+00
    outer loop
      vertex   7.656459e+01 1.264457e+01 0.000000e+00
      vertex   1.032500e+02 -2.150000e+01 0.000000e+00
      vertex   7.088591e+01 1.090585e+01 0.000000e+00
    endloop
  endfacet
  facet normal 0.000000e+00 0.000000e+00 -1.000000e+00
    outer loop
      vertex   7.088591e+01 1.090585e+01 0.000000e+00
      vertex   1.032500e+02 -2.150000e+01 0.000000e+00
      vertex   1.003399e+02 -2.150000e+01 0.000000e+00
    endloop
  endfacet
  facet normal 0.000000e+00 -0.000000e+00 -1.000000e+00
    outer loop
      vertex   7.088591e+01 1.090585e+01 0.000000e+00
      vertex   1.003399e+02 -2.150000e+01 0.000000e+00
      vertex   6.504112e+01 9.852706e+00 0.000000e+00
    endloop
  endfacet
  facet normal 0.000000e+00 -0.000000e+00 -1.000000e+00
    outer loop
      vertex   6.504112e+01 9.852706e+00 0.000000e+00
      vertex   1.003399e+02 -2.150000e+01 0.000000e+00
      vertex   5.911269e+01 9.500000e+00 0.000000e+00
    endloop
  endfacet
  facet normal 0.000000e+00 -0.000000e+00 -1.000000e+00
    outer loop
      vertex   5.911269e+01 9.500000e+00 0.000000e+00
      vertex   1.003399e+02 -2.150000e+01 0.000000e+00
      vertex   1.250000e+01 -8.470604e+00 0.000000e+00
    endloop
  endfacet
  facet normal 0.000000e+00 0.000000e+00 -1.000000e+00
    outer loop
      vertex   5.911269e+01 9.500000e+00 0.000000e+00
      vertex   1.250000e+01 -8.470604e+00 0.000000e+00
      vertex   1.078571e+01 -8.500000e+00 0.000000e+00
    endloop
  endfacet
  facet normal 0.000000e+00 0.000000e+00 -1.000000e+00
    outer loop
      vertex   1.078571e+01 -8.500000e+00 0.000000e+00
      vertex   1.250000e+01 -8.470604e+00 0.000000e+00
      vertex   1.192870e+01 -8.486934e+00 0.000000e+00
    endloop
  endfacet
  facet normal 0.000000e+00 0.000000e+00 -1.000000e+00
    outer loop
      vertex   1.078571e+01 -8.500000e+00 0.000000e+00
      vertex   1.192870e+01 -8.486934e+00 0.000000e+00
      vertex   1.135724e+01 -8.496733e+00 0.000000e+00
    endloop
  endfacet
  facet normal -0.000000e+00 0.000000e+00 -1.000000e+00
    outer loop
      vertex   1.003399e+02 -2.150000e+01 0.000000e+00
      vertex   4.144374e+01 -4.654623e+01 0.000000e+00
      vertex   1.250000e+01 -8.470604e+00 0.000000e+00
    endloop
  endfacet
  facet normal 0.000000e+00 0.000000e+00 -1.000000e+00
    outer loop
      vertex   1.250000e+01 -8.470604e+00 0.000000e+00
      vertex   4.144374e+01 -4.654623e+01 0.000000e+00
      vertex   1.250000e+01 -5.350000e+01 0.000000e+00
    endloop
  endfacet
  facet normal 0.000000e+00 0.000000e+00 -1.000000e+00
    outer loop
      vertex   1.250000e+01 -5.350000e+01 0.000000e+00
      vertex   4.144374e+01 -4.654623e+01 0.000000e+00
      vertex   3.735558e+01 -4.850821e+01 0.000000e+00
    endloop
  endfacet
  facet normal 0.000000e+00 0.000000e+00 -1.000000e+00
    outer loop
      vertex   1.250000e+01 -5.350000e+01 0.000000e+00
      vertex   3.735558e+01 -4.850821e+01 0.000000e+00
      vertex   3.346198e+01 -5.083251e+01 0.000000e+00
    endloop
  endfacet
  facet normal 0.000000e+00 0.000000e+00 -1.000000e+00
    outer loop
      vertex   3.346198e+01 -5.083251e+01 0.000000e+00
      vertex   2.979497e+01 -5.350000e+01 0.000000e+00
      vertex   1.250000e+01 -5.350000e+01 0.000000e+00
    endloop
  endfacet
  facet normal 0.000000e+00 0.000000e+00 -1.000000e+00
    outer loop
      vertex   1.078571e+01 -8.500000e+00 0.000000e+00
      vertex   -1.119578e+01 -8.500000e+00 0.000000e+00
      vertex   5.911269e+01 9.500000e+00 0.000000e+00
    endloop
  endfacet
  facet normal -0.000000e+00 0.000000e+00 -1.000000e+00
    outer loop
      vertex   5.911269e+01 9.500000e+00 0.000000e+00
      vertex   -1.119578e+01 -8.500000e+00 0.000000e+00
      vertex   -5.952276e+01 9.500000e+00 0.000000e+00
    endloop
  endfacet
  facet normal 0.000000e+00 0.000000e+00 -1.000000e+00
    outer loop
      vertex   -5.952276e+01 9.500000e+00 0.000000e+00
      vertex   -1.119578e+01 -8.500000e+00 0.000000e+00
      vertex   -1.250000e+01 -8.482987e+00 0.000000e+00
    endloop
  endfacet
  facet normal 0.000000e+00 -0.000000e+00 -1.000000e+00
    outer loop
      vertex   -5.952276e+01 9.500000e+00 0.000000e+00
      vertex   -1.250000e+01 -8.482987e+00 0.000000e+00
      vertex   -1.007500e+02 -2.150000e+01 0.000000e+00
    endloop
  endfacet
  facet normal 0.000000e+00 0.000000e+00 -1.000000e+00
    outer loop
      vertex   -1.007500e+02 -2.150000e+01 0.000000e+00
      vertex   -1.250000e+01 -8.482987e+00 0.000000e+00
      vertex   -4.185381e+01 -4.654623e+01 0.000000e+00
    endloop
  endfacet
  facet normal 0.000000e+00 0.000000e+00 -1.000000e+00
    outer loop
      vertex   -4.185381e+01 -4.654623e+01 0.000000e+00
      vertex   -1.250000e+01 -8.482987e+00 0.000000e+00
      vertex   -1.250000e+01 -5.350000e+01 0.000000e+00
    endloop
  endfacet
  facet normal 0.000000e+00 0.000000e+00 -1.000000e+00
    outer loop
      vertex   -4.185381e+01 -4.654623e+01 0.000000e+00
      vertex   -1.250000e+01 -5.350000e+01 0.000000e+00
      vertex   -3.776565e+01 -4.850821e+01 0.000000e+00
    endloop
  endfacet
  facet normal 0.000000e+00 0.000000e+00 -1.000000e+00
    outer loop
      vertex   -3.776565e+01 -4.850821e+01 0.000000e+00
      vertex   -1.250000e+01 -5.350000e+01 0.000000e+00
      vertex   -3.387204e+01 -5.083251e+01 0.000000e+00
    endloop
  endfacet
  facet normal 0.000000e+00 0.000000e+00 -1.000000e+00
    outer loop
      vertex   -3.387204e+01 -5.083251e+01 0.000000e+00
      vertex   -1.250000e+01 -5.350000e+01 0.000000e+00
      vertex   -3.020503e+01 -5.350000e+01 0.000000e+00
    endloop
  endfacet
  facet normal 0.000000e+00 0.000000e+00 -1.000000e+00
    outer loop
      vertex   -1.163056e+01 -8.498110e+00 0.000000e+00
      vertex   -1.206531e+01 -8.492439e+00 0.000000e+00
      vertex   -1.119578e+01 -8.500000e+00 0.000000e+00
    endloop
  endfacet
  facet normal 0.000000e+00 0.000000e+00 -1.000000e+00
    outer loop
      vertex   -1.119578e+01 -8.500000e+00 0.000000e+00
      vertex   -1.206531e+01 -8.492439e+00 0.000000e+00
      vertex   -1.250000e+01 -8.482987e+00 0.000000e+00
    endloop
  endfacet
  facet normal 0.000000e+00 0.000000e+00 -1.000000e+00
    outer loop
      vertex   -1.036601e+02 -2.150000e+01 0.000000e+00
      vertex   -7.129597e+01 1.090585e+01 0.000000e+00
      vertex   -1.007500e+02 -2.150000e+01 0.000000e+00
    endloop
  endfacet
  facet normal 0.000000e+00 0.000000e+00 -1.000000e+00
    outer loop
      vertex   -1.007500e+02 -2.150000e+01 0.000000e+00
      vertex   -7.129597e+01 1.090585e+01 0.000000e+00
      vertex   -6.545119e+01 9.852706e+00 0.000000e+00
    endloop
  endfacet
  facet normal 0.000000e+00 0.000000e+00 -1.000000e+00
    outer loop
      vertex   -1.007500e+02 -2.150000e+01 0.000000e+00
      vertex   -6.545119e+01 9.852706e+00 0.000000e+00
      vertex   -5.952276e+01 9.500000e+00 0.000000e+00
    endloop
  endfacet
  facet normal -0.000000e+00 0.000000e+00 -1.000000e+00
    outer loop
      vertex   -7.129597e+01 1.090585e+01 0.000000e+00
      vertex   -1.036601e+02 -2.150000e+01 0.000000e+00
      vertex   -7.697466e+01 1.264457e+01 0.000000e+00
    endloop
  endfacet
  facet normal -0.000000e+00 0.000000e+00 -1.000000e+00
    outer loop
      vertex   -7.697466e+01 1.264457e+01 0.000000e+00
      vertex   -1.036601e+02 -2.150000e+01 0.000000e+00
      vertex   -1.036601e+02 2.150000e+01 0.000000e+00
    endloop
  endfacet
  facet normal 0.000000e+00 0.000000e+00 -1.000000e+00
    outer loop
      vertex   -7.697466e+01 1.264457e+01 0.000000e+00
      vertex   -1.036601e+02 2.150000e+01 0.000000e+00
      vertex   -1.007500e+02 2.150000e+01 0.000000e+00
    endloop
  endfacet
  facet normal 9.659258e-01 -2.588190e-01 1.532517e-16
    outer loop
      vertex   1.194510e+02 8.750000e+00 3.500000e+00
      vertex   1.194510e+02 8.750000e+00 6.500000e+00
      vertex   1.192500e+02 8.000000e+00 3.500000e+00
    endloop
  endfacet
  facet normal 9.659258e-01 -2.588190e-01 1.532517e-16
    outer loop
      vertex   1.192500e+02 8.000000e+00 3.500000e+00
      vertex   1.194510e+02 8.750000e+00 6.500000e+00
      vertex   1.192500e+02 8.000000e+00 6.500000e+00
    endloop
  endfacet
  facet normal 9.659258e-01 2.588190e-01 -1.532517e-16
    outer loop
      vertex   1.192500e+02 8.000000e+00 3.500000e+00
      vertex   1.192500e+02 8.000000e+00 6.500000e+00
      vertex   1.194510e+02 7.250000e+00 3.500000e+00
    endloop
  endfacet
  facet normal 9.659258e-01 2.588190e-01 -1.532517e-16
    outer loop
      vertex   1.194510e+02 7.250000e+00 3.500000e+00
      vertex   1.192500e+02 8.000000e+00 6.500000e+00
      vertex   1.194510e+02 7.250000e+00 6.500000e+00
    endloop
  endfacet
  facet normal 7.071068e-01 7.071068e-01 -4.186913e-16
    outer loop
      vertex   1.194510e+02 7.250000e+00 3.500000e+00
      vertex   1.194510e+02 7.250000e+00 6.500000e+00
      vertex   1.200000e+02 6.700962e+00 3.500000e+00
    endloop
  endfacet
  facet normal 7.071068e-01 7.071068e-01 -4.186913e-16
    outer loop
      vertex   1.200000e+02 6.700962e+00 3.500000e+00
      vertex   1.194510e+02 7.250000e+00 6.500000e+00
      vertex   1.200000e+02 6.700962e+00 6.500000e+00
    endloop
  endfacet
  facet normal 2.588190e-01 9.659258e-01 -5.719430e-16
    outer loop
      vertex   1.200000e+02 6.700962e+00 3.500000e+00
      vertex   1.200000e+02 6.700962e+00 6.500000e+00
      vertex   1.207500e+02 6.500000e+00 3.500000e+00
    endloop
  endfacet
  facet normal 2.588190e-01 9.659258e-01 -0.000000e+00
    outer loop
      vertex   1.207500e+02 6.500000e+00 3.500000e+00
      vertex   1.200000e+02 6.700962e+00 6.500000e+00
      vertex   1.207500e+02 6.500000e+00 6.500000e+00
    endloop
  endfacet
  facet normal -2.588190e-01 9.659258e-01 0.000000e+00
    outer loop
      vertex   1.207500e+02 6.500000e+00 3.500000e+00
      vertex   1.207500e+02 6.500000e+00 6.500000e+00
      vertex   1.215000e+02 6.700962e+00 3.500000e+00
    endloop
  endfacet
  facet normal -2.588190e-01 9.659258e-01 -2.452027e-15
    outer loop
      vertex   1.215000e+02 6.700962e+00 3.500000e+00
      vertex   1.207500e+02 6.500000e+00 6.500000e+00
      vertex   1.215000e+02 6.700962e+00 6.500000e+00
    endloop
  endfacet
  facet normal -7.071068e-01 7.071068e-01 -6.699061e-15
    outer loop
      vertex   1.215000e+02 6.700962e+00 3.500000e+00
      vertex   1.215000e+02 6.700962e+00 6.500000e+00
      vertex   1.220490e+02 7.250000e+00 3.500000e+00
    endloop
  endfacet
  facet normal -7.071068e-01 7.071068e-01 2.093457e-16
    outer loop
      vertex   1.220490e+02 7.250000e+00 3.500000e+00
      vertex   1.215000e+02 6.700962e+00 6.500000e+00
      vertex   1.220490e+02 7.250000e+00 6.500000e+00
    endloop
  endfacet
  facet normal -9.659258e-01 2.588190e-01 7.662583e-17
    outer loop
      vertex   1.220490e+02 7.250000e+00 3.500000e+00
      vertex   1.220490e+02 7.250000e+00 6.500000e+00
      vertex   1.222500e+02 8.000000e+00 3.500000e+00
    endloop
  endfacet
  facet normal -9.659258e-01 2.588190e-01 3.065033e-16
    outer loop
      vertex   1.222500e+02 8.000000e+00 3.500000e+00
      vertex   1.220490e+02 7.250000e+00 6.500000e+00
      vertex   1.222500e+02 8.000000e+00 6.500000e+00
    endloop
  endfacet
  facet normal -9.659258e-01 -2.588190e-01 -3.065033e-16
    outer loop
      vertex   1.222500e+02 8.000000e+00 3.500000e+00
      vertex   1.222500e+02 8.000000e+00 6.500000e+00
      vertex   1.220490e+02 8.750000e+00 3.500000e+00
    endloop
  endfacet
  facet normal -9.659258e-01 -2.588190e-01 0.000000e+00
    outer loop
      vertex   1.220490e+02 8.750000e+00 3.500000e+00
      vertex   1.222500e+02 8.000000e+00 6.500000e+00
      vertex   1.220490e+02 8.750000e+00 6.500000e+00
    endloop
  endfacet
  facet normal -7.071068e-01 -7.071068e-01 0.000000e+00
    outer loop
      vertex   1.220490e+02 8.750000e+00 3.500000e+00
      vertex   1.220490e+02 8.750000e+00 6.500000e+00
      vertex   1.215000e+02 9.299038e+00 3.500000e+00
    endloop
  endfacet
  facet normal -7.071068e-01 -7.071068e-01 -4.186913e-16
    outer loop
      vertex   1.215000e+02 9.299038e+00 3.500000e+00
      vertex   1.220490e+02 8.750000e+00 6.500000e+00
      vertex   1.215000e+02 9.299038e+00 6.500000e+00
    endloop
  endfacet
  facet normal -2.588190e-01 -9.659258e-01 -5.719430e-16
    outer loop
      vertex   1.215000e+02 9.299038e+00 3.500000e+00
      vertex   1.215000e+02 9.299038e+00 6.500000e+00
      vertex   1.207500e+02 9.500000e+00 3.500000e+00
    endloop
  endfacet
  facet normal -2.588190e-01 -9.659258e-01 0.000000e+00
    outer loop
      vertex   1.207500e+02 9.500000e+00 3.500000e+00
      vertex   1.215000e+02 9.299038e+00 6.500000e+00
      vertex   1.207500e+02 9.500000e+00 6.500000e+00
    endloop
  endfacet
  facet normal 2.588190e-01 -9.659258e-01 0.000000e+00
    outer loop
      vertex   1.207500e+02 9.500000e+00 3.500000e+00
      vertex   1.207500e+02 9.500000e+00 6.500000e+00
      vertex   1.200000e+02 9.299038e+00 3.500000e+00
    endloop
  endfacet
  facet normal 2.588190e-01 -9.659258e-01 0.000000e+00
    outer loop
      vertex   1.200000e+02 9.299038e+00 3.500000e+00
      vertex   1.207500e+02 9.500000e+00 6.500000e+00
      vertex   1.200000e+02 9.299038e+00 6.500000e+00
    endloop
  endfacet
  facet normal 7.071068e-01 -7.071068e-01 0.000000e+00
    outer loop
      vertex   1.200000e+02 9.299038e+00 3.500000e+00
      vertex   1.200000e+02 9.299038e+00 6.500000e+00
      vertex   1.194510e+02 8.750000e+00 3.500000e+00
    endloop
  endfacet
  facet normal 7.071068e-01 -7.071068e-01 4.186913e-16
    outer loop
      vertex   1.194510e+02 8.750000e+00 3.500000e+00
      vertex   1.200000e+02 9.299038e+00 6.500000e+00
      vertex   1.194510e+02 8.750000e+00 6.500000e+00
    endloop
  endfacet
  facet normal 9.659258e-01 -2.588190e-01 1.532517e-16
    outer loop
      vertex   1.044510e+02 8.750000e+00 3.500000e+00
      vertex   1.044510e+02 8.750000e+00 6.500000e+00
      vertex   1.042500e+02 8.000000e+00 3.500000e+00
    endloop
  endfacet
  facet normal 9.659258e-01 -2.588190e-01 1.532517e-16
    outer loop
      vertex   1.042500e+02 8.000000e+00 3.500000e+00
      vertex   1.044510e+02 8.750000e+00 6.500000e+00
      vertex   1.042500e+02 8.000000e+00 6.500000e+00
    endloop
  endfacet
  facet normal 9.659258e-01 2.588190e-01 -1.532517e-16
    outer loop
      vertex   1.042500e+02 8.000000e+00 3.500000e+00
      vertex   1.042500e+02 8.000000e+00 6.500000e+00
      vertex   1.044510e+02 7.250000e+00 3.500000e+00
    endloop
  endfacet
  facet normal 9.659258e-01 2.588190e-01 -1.532517e-16
    outer loop
      vertex   1.044510e+02 7.250000e+00 3.500000e+00
      vertex   1.042500e+02 8.000000e+00 6.500000e+00
      vertex   1.044510e+02 7.250000e+00 6.500000e+00
    endloop
  endfacet
  facet normal 7.071068e-01 7.071068e-01 -4.186913e-16
    outer loop
      vertex   1.044510e+02 7.250000e+00 3.500000e+00
      vertex   1.044510e+02 7.250000e+00 6.500000e+00
      vertex   1.050000e+02 6.700962e+00 3.500000e+00
    endloop
  endfacet
  facet normal 7.071068e-01 7.071068e-01 -4.186913e-16
    outer loop
      vertex   1.050000e+02 6.700962e+00 3.500000e+00
      vertex   1.044510e+02 7.250000e+00 6.500000e+00
      vertex   1.050000e+02 6.700962e+00 6.500000e+00
    endloop
  endfacet
  facet normal 2.588190e-01 9.659258e-01 -5.719430e-16
    outer loop
      vertex   1.050000e+02 6.700962e+00 3.500000e+00
      vertex   1.050000e+02 6.700962e+00 6.500000e+00
      vertex   1.057500e+02 6.500000e+00 3.500000e+00
    endloop
  endfacet
  facet normal 2.588190e-01 9.659258e-01 -0.000000e+00
    outer loop
      vertex   1.057500e+02 6.500000e+00 3.500000e+00
      vertex   1.050000e+02 6.700962e+00 6.500000e+00
      vertex   1.057500e+02 6.500000e+00 6.500000e+00
    endloop
  endfacet
  facet normal -2.588190e-01 9.659258e-01 0.000000e+00
    outer loop
      vertex   1.057500e+02 6.500000e+00 3.500000e+00
      vertex   1.057500e+02 6.500000e+00 6.500000e+00
      vertex   1.065000e+02 6.700962e+00 3.500000e+00
    endloop
  endfacet
  facet normal -2.588190e-01 9.659258e-01 -2.452027e-15
    outer loop
      vertex   1.065000e+02 6.700962e+00 3.500000e+00
      vertex   1.057500e+02 6.500000e+00 6.500000e+00
      vertex   1.065000e+02 6.700962e+00 6.500000e+00
    endloop
  endfacet
  facet normal -7.071068e-01 7.071068e-01 -6.699061e-15
    outer loop
      vertex   1.065000e+02 6.700962e+00 3.500000e+00
      vertex   1.065000e+02 6.700962e+00 6.500000e+00
      vertex   1.070490e+02 7.250000e+00 3.500000e+00
    endloop
  endfacet
  facet normal -7.071068e-01 7.071068e-01 2.093457e-16
    outer loop
      vertex   1.070490e+02 7.250000e+00 3.500000e+00
      vertex   1.065000e+02 6.700962e+00 6.500000e+00
      vertex   1.070490e+02 7.250000e+00 6.500000e+00
    endloop
  endfacet
  facet normal -9.659258e-01 2.588190e-01 7.662583e-17
    outer loop
      vertex   1.070490e+02 7.250000e+00 3.500000e+00
      vertex   1.070490e+02 7.250000e+00 6.500000e+00
      vertex   1.072500e+02 8.000000e+00 3.500000e+00
    endloop
  endfacet
  facet normal -9.659258e-01 2.588190e-01 3.065033e-16
    outer loop
      vertex   1.072500e+02 8.000000e+00 3.500000e+00
      vertex   1.070490e+02 7.250000e+00 6.500000e+00
      vertex   1.072500e+02 8.000000e+00 6.500000e+00
    endloop
  endfacet
  facet normal -9.659258e-01 -2.588190e-01 -3.065033e-16
    outer loop
      vertex   1.072500e+02 8.000000e+00 3.500000e+00
      vertex   1.072500e+02 8.000000e+00 6.500000e+00
      vertex   1.070490e+02 8.750000e+00 3.500000e+00
    endloop
  endfacet
  facet normal -9.659258e-01 -2.588190e-01 0.000000e+00
    outer loop
      vertex   1.070490e+02 8.750000e+00 3.500000e+00
      vertex   1.072500e+02 8.000000e+00 6.500000e+00
      vertex   1.070490e+02 8.750000e+00 6.500000e+00
    endloop
  endfacet
  facet normal -7.071068e-01 -7.071068e-01 0.000000e+00
    outer loop
      vertex   1.070490e+02 8.750000e+00 3.500000e+00
      vertex   1.070490e+02 8.750000e+00 6.500000e+00
      vertex   1.065000e+02 9.299038e+00 3.500000e+00
    endloop
  endfacet
  facet normal -7.071068e-01 -7.071068e-01 -4.186913e-16
    outer loop
      vertex   1.065000e+02 9.299038e+00 3.500000e+00
      vertex   1.070490e+02 8.750000e+00 6.500000e+00
      vertex   1.065000e+02 9.299038e+00 6.500000e+00
    endloop
  endfacet
  facet normal -2.588190e-01 -9.659258e-01 -5.719430e-16
    outer loop
      vertex   1.065000e+02 9.299038e+00 3.500000e+00
      vertex   1.065000e+02 9.299038e+00 6.500000e+00
      vertex   1.057500e+02 9.500000e+00 3.500000e+00
    endloop
  endfacet
  facet normal -2.588190e-01 -9.659258e-01 0.000000e+00
    outer loop
      vertex   1.057500e+02 9.500000e+00 3.500000e+00
      vertex   1.065000e+02 9.299038e+00 6.500000e+00
      vertex   1.057500e+02 9.500000e+00 6.500000e+00
    endloop
  endfacet
  facet normal 2.588190e-01 -9.659258e-01 0.000000e+00
    outer loop
      vertex   1.057500e+02 9.500000e+00 3.500000e+00
      vertex   1.057500e+02 9.500000e+00 6.500000e+00
      vertex   1.050000e+02 9.299038e+00 3.500000e+00
    endloop
  endfacet
  facet normal 2.588190e-01 -9.659258e-01 0.000000e+00
    outer loop
      vertex   1.050000e+02 9.299038e+00 3.500000e+00
      vertex   1.057500e+02 9.500000e+00 6.500000e+00
      vertex   1.050000e+02 9.299038e+00 6.500000e+00
    endloop
  endfacet
  facet normal 7.071068e-01 -7.071068e-01 0.000000e+00
    outer loop
      vertex   1.050000e+02 9.299038e+00 3.500000e+00
      vertex   1.050000e+02 9.299038e+00 6.500000e+00
      vertex   1.044510e+02 8.750000e+00 3.500000e+00
    endloop
  endfacet
  facet normal 7.071068e-01 -7.071068e-01 4.186913e-16
    outer loop
      vertex   1.044510e+02 8.750000e+00 3.500000e+00
      vertex   1.050000e+02 9.299038e+00 6.500000e+00
      vertex   1.044510e+02 8.750000e+00 6.500000e+00
    endloop
  endfacet
  facet normal 9.659258e-01 -2.588190e-01 0.000000e+00
    outer loop
      vertex   1.044510e+02 -7.250000e+00 3.500000e+00
      vertex   1.044510e+02 -7.250000e+00 6.500000e+00
      vertex   1.042500e+02 -8.000000e+00 3.500000e+00
    endloop
  endfacet
  facet normal 9.659258e-01 -2.588190e-01 0.000000e+00
    outer loop
      vertex   1.042500e+02 -8.000000e+00 3.500000e+00
      vertex   1.044510e+02 -7.250000e+00 6.500000e+00
      vertex   1.042500e+02 -8.000000e+00 6.500000e+00
    endloop
  endfacet
  facet normal 9.659258e-01 2.588190e-01 -0.000000e+00
    outer loop
      vertex   1.042500e+02 -8.000000e+00 3.500000e+00
      vertex   1.042500e+02 -8.000000e+00 6.500000e+00
      vertex   1.044510e+02 -8.750000e+00 3.500000e+00
    endloop
  endfacet
  facet normal 9.659258e-01 2.588190e-01 -0.000000e+00
    outer loop
      vertex   1.044510e+02 -8.750000e+00 3.500000e+00
      vertex   1.042500e+02 -8.000000e+00 6.500000e+00
      vertex   1.044510e+02 -8.750000e+00 6.500000e+00
    endloop
  endfacet
  facet normal 7.071068e-01 7.071068e-01 -0.000000e+00
    outer loop
      vertex   1.044510e+02 -8.750000e+00 3.500000e+00
      vertex   1.044510e+02 -8.750000e+00 6.500000e+00
      vertex   1.050000e+02 -9.299038e+00 3.500000e+00
    endloop
  endfacet
  facet normal 7.071068e-01 7.071068e-01 -0.000000e+00
    outer loop
      vertex   1.050000e+02 -9.299038e+00 3.500000e+00
      vertex   1.044510e+02 -8.750000e+00 6.500000e+00
      vertex   1.050000e+02 -9.299038e+00 6.500000e+00
    endloop
  endfacet
  facet normal 2.588190e-01 9.659258e-01 -0.000000e+00
    outer loop
      vertex   1.050000e+02 -9.299038e+00 3.500000e+00
      vertex   1.050000e+02 -9.299038e+00 6.500000e+00
      vertex   1.057500e+02 -9.500000e+00 3.500000e+00
    endloop
  endfacet
  facet normal 2.588190e-01 9.659258e-01 -0.000000e+00
    outer loop
      vertex   1.057500e+02 -9.500000e+00 3.500000e+00
      vertex   1.050000e+02 -9.299038e+00 6.500000e+00
      vertex   1.057500e+02 -9.500000e+00 6.500000e+00
    endloop
  endfacet
  facet normal -2.588190e-01 9.659258e-01 0.000000e+00
    outer loop
      vertex   1.057500e+02 -9.500000e+00 3.500000e+00
      vertex   1.057500e+02 -9.500000e+00 6.500000e+00
      vertex   1.065000e+02 -9.299038e+00 3.500000e+00
    endloop
  endfacet
  facet normal -2.588190e-01 9.659258e-01 0.000000e+00
    outer loop
      vertex   1.065000e+02 -9.299038e+00 3.500000e+00
      vertex   1.057500e+02 -9.500000e+00 6.500000e+00
      vertex   1.065000e+02 -9.299038e+00 6.500000e+00
    endloop
  endfacet
  facet normal -7.071068e-01 7.071068e-01 0.000000e+00
    outer loop
      vertex   1.065000e+02 -9.299038e+00 3.500000e+00
      vertex   1.065000e+02 -9.299038e+00 6.500000e+00
      vertex   1.070490e+02 -8.750000e+00 3.500000e+00
    endloop
  endfacet
  facet normal -7.071068e-01 7.071068e-01 0.000000e+00
    outer loop
      vertex   1.070490e+02 -8.750000e+00 3.500000e+00
      vertex   1.065000e+02 -9.299038e+00 6.500000e+00
      vertex   1.070490e+02 -8.750000e+00 6.500000e+00
    endloop
  endfacet
  facet normal -9.659258e-01 2.588190e-01 0.000000e+00
    outer loop
      vertex   1.070490e+02 -8.750000e+00 3.500000e+00
      vertex   1.070490e+02 -8.750000e+00 6.500000e+00
      vertex   1.072500e+02 -8.000000e+00 3.500000e+00
    endloop
  endfacet
  facet normal -9.659258e-01 2.588190e-01 0.000000e+00
    outer loop
      vertex   1.072500e+02 -8.000000e+00 3.500000e+00
      vertex   1.070490e+02 -8.750000e+00 6.500000e+00
      vertex   1.072500e+02 -8.000000e+00 6.500000e+00
    endloop
  endfacet
  facet normal -9.659258e-01 -2.588190e-01 0.000000e+00
    outer loop
      vertex   1.072500e+02 -8.000000e+00 3.500000e+00
      vertex   1.072500e+02 -8.000000e+00 6.500000e+00
      vertex   1.070490e+02 -7.250000e+00 3.500000e+00
    endloop
  endfacet
  facet normal -9.659258e-01 -2.588190e-01 0.000000e+00
    outer loop
      vertex   1.070490e+02 -7.250000e+00 3.500000e+00
      vertex   1.072500e+02 -8.000000e+00 6.500000e+00
      vertex   1.070490e+02 -7.250000e+00 6.500000e+00
    endloop
  endfacet
  facet normal -7.071068e-01 -7.071068e-01 0.000000e+00
    outer loop
      vertex   1.070490e+02 -7.250000e+00 3.500000e+00
      vertex   1.070490e+02 -7.250000e+00 6.500000e+00
      vertex   1.065000e+02 -6.700962e+00 3.500000e+00
    endloop
  endfacet
  facet normal -7.071068e-01 -7.071068e-01 0.000000e+00
    outer loop
      vertex   1.065000e+02 -6.700962e+00 3.500000e+00
      vertex   1.070490e+02 -7.250000e+00 6.500000e+00
      vertex   1.065000e+02 -6.700962e+00 6.500000e+00
    endloop
  endfacet
  facet normal -2.588190e-01 -9.659258e-01 0.000000e+00
    outer loop
      vertex   1.065000e+02 -6.700962e+00 3.500000e+00
      vertex   1.065000e+02 -6.700962e+00 6.500000e+00
      vertex   1.057500e+02 -6.500000e+00 3.500000e+00
    endloop
  endfacet
  facet normal -2.588190e-01 -9.659258e-01 0.000000e+00
    outer loop
      vertex   1.057500e+02 -6.500000e+00 3.500000e+00
      vertex   1.065000e+02 -6.700962e+00 6.500000e+00
      vertex   1.057500e+02 -6.500000e+00 6.500000e+00
    endloop
  endfacet
  facet normal 2.588190e-01 -9.659258e-01 0.000000e+00
    outer loop
      vertex   1.057500e+02 -6.500000e+00 3.500000e+00
      vertex   1.057500e+02 -6.500000e+00 6.500000e+00
      vertex   1.050000e+02 -6.700962e+00 3.500000e+00
    endloop
  endfacet
  facet normal 2.588190e-01 -9.659258e-01 0.000000e+00
    outer loop
      vertex   1.050000e+02 -6.700962e+00 3.500000e+00
      vertex   1.057500e+02 -6.500000e+00 6.500000e+00
      vertex   1.050000e+02 -6.700962e+00 6.500000e+00
    endloop
  endfacet
  facet normal 7.071068e-01 -7.071068e-01 0.000000e+00
    outer loop
      vertex   1.050000e+02 -6.700962e+00 3.500000e+00
      vertex   1.050000e+02 -6.700962e+00 6.500000e+00
      vertex   1.044510e+02 -7.250000e+00 3.500000e+00
    endloop
  endfacet
  facet normal 7.071068e-01 -7.071068e-01 0.000000e+00
    outer loop
      vertex   1.044510e+02 -7.250000e+00 3.500000e+00
      vertex   1.050000e+02 -6.700962e+00 6.500000e+00
      vertex   1.044510e+02 -7.250000e+00 6.500000e+00
    endloop
  endfacet
  facet normal 9.659258e-01 -2.588190e-01 0.000000e+00
    outer loop
      vertex   1.194510e+02 -7.250000e+00 3.500000e+00
      vertex   1.194510e+02 -7.250000e+00 6.500000e+00
      vertex   1.192500e+02 -8.000000e+00 3.500000e+00
    endloop
  endfacet
  facet normal 9.659258e-01 -2.588190e-01 0.000000e+00
    outer loop
      vertex   1.192500e+02 -8.000000e+00 3.500000e+00
      vertex   1.194510e+02 -7.250000e+00 6.500000e+00
      vertex   1.192500e+02 -8.000000e+00 6.500000e+00
    endloop
  endfacet
  facet normal 9.659258e-01 2.588190e-01 -0.000000e+00
    outer loop
      vertex   1.192500e+02 -8.000000e+00 3.500000e+00
      vertex   1.192500e+02 -8.000000e+00 6.500000e+00
      vertex   1.194510e+02 -8.750000e+00 3.500000e+00
    endloop
  endfacet
  facet normal 9.659258e-01 2.588190e-01 -0.000000e+00
    outer loop
      vertex   1.194510e+02 -8.750000e+00 3.500000e+00
      vertex   1.192500e+02 -8.000000e+00 6.500000e+00
      vertex   1.194510e+02 -8.750000e+00 6.500000e+00
    endloop
  endfacet
  facet normal 7.071068e-01 7.071068e-01 -0.000000e+00
    outer loop
      vertex   1.194510e+02 -8.750000e+00 3.500000e+00
      vertex   1.194510e+02 -8.750000e+00 6.500000e+00
      vertex   1.200000e+02 -9.299038e+00 3.500000e+00
    endloop
  endfacet
  facet normal 7.071068e-01 7.071068e-01 -0.000000e+00
    outer loop
      vertex   1.200000e+02 -9.299038e+00 3.500000e+00
      vertex   1.194510e+02 -8.750000e+00 6.500000e+00
      vertex   1.200000e+02 -9.299038e+00 6.500000e+00
    endloop
  endfacet
  facet normal 2.588190e-01 9.659258e-01 -0.000000e+00
    outer loop
      vertex   1.200000e+02 -9.299038e+00 3.500000e+00
      vertex   1.200000e+02 -9.299038e+00 6.500000e+00
      vertex   1.207500e+02 -9.500000e+00 3.500000e+00
    endloop
  endfacet
  facet normal 2.588190e-01 9.659258e-01 -0.000000e+00
    outer loop
      vertex   1.207500e+02 -9.500000e+00 3.500000e+00
      vertex   1.200000e+02 -9.299038e+00 6.500000e+00
      vertex   1.207500e+02 -9.500000e+00 6.500000e+00
    endloop
  endfacet
  facet normal -2.588190e-01 9.659258e-01 0.000000e+00
    outer loop
      vertex   1.207500e+02 -9.500000e+00 3.500000e+00
      vertex   1.207500e+02 -9.500000e+00 6.500000e+00
      vertex   1.215000e+02 -9.299038e+00 3.500000e+00
    endloop
  endfacet
  facet normal -2.588190e-01 9.659258e-01 0.000000e+00
    outer loop
      vertex   1.215000e+02 -9.299038e+00 3.500000e+00
      vertex   1.207500e+02 -9.500000e+00 6.500000e+00
      vertex   1.215000e+02 -9.299038e+00 6.500000e+00
    endloop
  endfacet
  facet normal -7.071068e-01 7.071068e-01 0.000000e+00
    outer loop
      vertex   1.215000e+02 -9.299038e+00 3.500000e+00
      vertex   1.215000e+02 -9.299038e+00 6.500000e+00
      vertex   1.220490e+02 -8.750000e+00 3.500000e+00
    endloop
  endfacet
  facet normal -7.071068e-01 7.071068e-01 0.000000e+00
    outer loop
      vertex   1.220490e+02 -8.750000e+00 3.500000e+00
      vertex   1.215000e+02 -9.299038e+00 6.500000e+00
      vertex   1.220490e+02 -8.750000e+00 6.500000e+00
    endloop
  endfacet
  facet normal -9.659258e-01 2.588190e-01 0.000000e+00
    outer loop
      vertex   1.220490e+02 -8.750000e+00 3.500000e+00
      vertex   1.220490e+02 -8.750000e+00 6.500000e+00
      vertex   1.222500e+02 -8.000000e+00 3.500000e+00
    endloop
  endfacet
  facet normal -9.659258e-01 2.588190e-01 0.000000e+00
    outer loop
      vertex   1.222500e+02 -8.000000e+00 3.500000e+00
      vertex   1.220490e+02 -8.750000e+00 6.500000e+00
      vertex   1.222500e+02 -8.000000e+00 6.500000e+00
    endloop
  endfacet
  facet normal -9.659258e-01 -2.588190e-01 0.000000e+00
    outer loop
      vertex   1.222500e+02 -8.000000e+00 3.500000e+00
      vertex   1.222500e+02 -8.000000e+00 6.500000e+00
      vertex   1.220490e+02 -7.250000e+00 3.500000e+00
    endloop
  endfacet
  facet normal -9.659258e-01 -2.588190e-01 0.000000e+00
    outer loop
      vertex   1.220490e+02 -7.250000e+00 3.500000e+00
      vertex   1.222500e+02 -8.000000e+00 6.500000e+00
      vertex   1.220490e+02 -7.250000e+00 6.500000e+00
    endloop
  endfacet
  facet normal -7.071068e-01 -7.071068e-01 0.000000e+00
    outer loop
      vertex   1.220490e+02 -7.250000e+00 3.500000e+00
      vertex   1.220490e+02 -7.250000e+00 6.500000e+00
      vertex   1.215000e+02 -6.700962e+00 3.500000e+00
    endloop
  endfacet
  facet normal -7.071068e-01 -7.071068e-01 0.000000e+00
    outer loop
      vertex   1.215000e+02 -6.700962e+00 3.500000e+00
      vertex   1.220490e+02 -7.250000e+00 6.500000e+00
      vertex   1.215000e+02 -6.700962e+00 6.500000e+00
    endloop
  endfacet
  facet normal -2.588190e-01 -9.659258e-01 0.000000e+00
    outer loop
      vertex   1.215000e+02 -6.700962e+00 3.500000e+00
      vertex   1.215000e+02 -6.700962e+00 6.500000e+00
      vertex   1.207500e+02 -6.500000e+00 3.500000e+00
    endloop
  endfacet
  facet normal -2.588190e-01 -9.659258e-01 0.000000e+00
    outer loop
      vertex   1.207500e+02 -6.500000e+00 3.500000e+00
      vertex   1.215000e+02 -6.700962e+00 6.500000e+00
      vertex   1.207500e+02 -6.500000e+00 6.500000e+00
    endloop
  endfacet
  facet normal 2.588190e-01 -9.659258e-01 0.000000e+00
    outer loop
      vertex   1.207500e+02 -6.500000e+00 3.500000e+00
      vertex   1.207500e+02 -6.500000e+00 6.500000e+00
      vertex   1.200000e+02 -6.700962e+00 3.500000e+00
    endloop
  endfacet
  facet normal 2.588190e-01 -9.659258e-01 0.000000e+00
    outer loop
      vertex   1.200000e+02 -6.700962e+00 3.500000e+00
      vertex   1.207500e+02 -6.500000e+00 6.500000e+00
      vertex   1.200000e+02 -6.700962e+00 6.500000e+00
    endloop
  endfacet
  facet normal 7.071068e-01 -7.071068e-01 0.000000e+00
    outer loop
      vertex   1.200000e+02 -6.700962e+00 3.500000e+00
      vertex   1.200000e+02 -6.700962e+00 6.500000e+00
      vertex   1.194510e+02 -7.250000e+00 3.500000e+00
    endloop
  endfacet
  facet normal 7.071068e-01 -7.071068e-01 0.000000e+00
    outer loop
      vertex   1.194510e+02 -7.250000e+00 3.500000e+00
      vertex   1.200000e+02 -6.700962e+00 6.500000e+00
      vertex   1.194510e+02 -7.250000e+00 6.500000e+00
    endloop
  endfacet
  facet normal 9.659258e-01 -2.588190e-01 0.000000e+00
    outer loop
      vertex   -1.070490e+02 8.750000e+00 3.500000e+00
      vertex   -1.070490e+02 8.750000e+00 6.500000e+00
      vertex   -1.072500e+02 8.000000e+00 3.500000e+00
    endloop
  endfacet
  facet normal 9.659258e-01 -2.588190e-01 0.000000e+00
    outer loop
      vertex   -1.072500e+02 8.000000e+00 3.500000e+00
      vertex   -1.070490e+02 8.750000e+00 6.500000e+00
      vertex   -1.072500e+02 8.000000e+00 6.500000e+00
    endloop
  endfacet
  facet normal 9.659258e-01 2.588190e-01 -0.000000e+00
    outer loop
      vertex   -1.072500e+02 8.000000e+00 3.500000e+00
      vertex   -1.072500e+02 8.000000e+00 6.500000e+00
      vertex   -1.070490e+02 7.250000e+00 3.500000e+00
    endloop
  endfacet
  facet normal 9.659258e-01 2.588190e-01 -0.000000e+00
    outer loop
      vertex   -1.070490e+02 7.250000e+00 3.500000e+00
      vertex   -1.072500e+02 8.000000e+00 6.500000e+00
      vertex   -1.070490e+02 7.250000e+00 6.500000e+00
    endloop
  endfacet
  facet normal 7.071068e-01 7.071068e-01 -0.000000e+00
    outer loop
      vertex   -1.070490e+02 7.250000e+00 3.500000e+00
      vertex   -1.070490e+02 7.250000e+00 6.500000e+00
      vertex   -1.065000e+02 6.700962e+00 3.500000e+00
    endloop
  endfacet
  facet normal 7.071068e-01 7.071068e-01 -0.000000e+00
    outer loop
      vertex   -1.065000e+02 6.700962e+00 3.500000e+00
      vertex   -1.070490e+02 7.250000e+00 6.500000e+00
      vertex   -1.065000e+02 6.700962e+00 6.500000e+00
    endloop
  endfacet
  facet normal 2.588190e-01 9.659258e-01 -0.000000e+00
    outer loop
      vertex   -1.065000e+02 6.700962e+00 3.500000e+00
      vertex   -1.065000e+02 6.700962e+00 6.500000e+00
      vertex   -1.057500e+02 6.500000e+00 3.500000e+00
    endloop
  endfacet
  facet normal 2.588190e-01 9.659258e-01 -0.000000e+00
    outer loop
      vertex   -1.057500e+02 6.500000e+00 3.500000e+00
      vertex   -1.065000e+02 6.700962e+00 6.500000e+00
      vertex   -1.057500e+02 6.500000e+00 6.500000e+00
    endloop
  endfacet
  facet normal -2.588190e-01 9.659258e-01 0.000000e+00
    outer loop
      vertex   -1.057500e+02 6.500000e+00 3.500000e+00
      vertex   -1.057500e+02 6.500000e+00 6.500000e+00
      vertex   -1.050000e+02 6.700962e+00 3.500000e+00
    endloop
  endfacet
  facet normal -2.588190e-01 9.659258e-01 0.000000e+00
    outer loop
      vertex   -1.050000e+02 6.700962e+00 3.500000e+00
      vertex   -1.057500e+02 6.500000e+00 6.500000e+00
      vertex   -1.050000e+02 6.700962e+00 6.500000e+00
    endloop
  endfacet
  facet normal -7.071068e-01 7.071068e-01 0.000000e+00
    outer loop
      vertex   -1.050000e+02 6.700962e+00 3.500000e+00
      vertex   -1.050000e+02 6.700962e+00 6.500000e+00
      vertex   -1.044510e+02 7.250000e+00 3.500000e+00
    endloop
  endfacet
  facet normal -7.071068e-01 7.071068e-01 0.000000e+00
    outer loop
      vertex   -1.044510e+02 7.250000e+00 3.500000e+00
      vertex   -1.050000e+02 6.700962e+00 6.500000e+00
      vertex   -1.044510e+02 7.250000e+00 6.500000e+00
    endloop
  endfacet
  facet normal -9.659258e-01 2.588190e-01 0.000000e+00
    outer loop
      vertex   -1.044510e+02 7.250000e+00 3.500000e+00
      vertex   -1.044510e+02 7.250000e+00 6.500000e+00
      vertex   -1.042500e+02 8.000000e+00 3.500000e+00
    endloop
  endfacet
  facet normal -9.659258e-01 2.588190e-01 0.000000e+00
    outer loop
      vertex   -1.042500e+02 8.000000e+00 3.500000e+00
      vertex   -1.044510e+02 7.250000e+00 6.500000e+00
      vertex   -1.042500e+02 8.000000e+00 6.500000e+00
    endloop
  endfacet
  facet normal -9.659258e-01 -2.588190e-01 0.000000e+00
    outer loop
      vertex   -1.042500e+02 8.000000e+00 3.500000e+00
      vertex   -1.042500e+02 8.000000e+00 6.500000e+00
      vertex   -1.044510e+02 8.750000e+00 3.500000e+00
    endloop
  endfacet
  facet normal -9.659258e-01 -2.588190e-01 0.000000e+00
    outer loop
      vertex   -1.044510e+02 8.750000e+00 3.500000e+00
      vertex   -1.042500e+02 8.000000e+00 6.500000e+00
      vertex   -1.044510e+02 8.750000e+00 6.500000e+00
    endloop
  endfacet
  facet normal -7.071068e-01 -7.071068e-01 0.000000e+00
    outer loop
      vertex   -1.044510e+02 8.750000e+00 3.500000e+00
      vertex   -1.044510e+02 8.750000e+00 6.500000e+00
      vertex   -1.050000e+02 9.299038e+00 3.500000e+00
    endloop
  endfacet
  facet normal -7.071068e-01 -7.071068e-01 0.000000e+00
    outer loop
      vertex   -1.050000e+02 9.299038e+00 3.500000e+00
      vertex   -1.044510e+02 8.750000e+00 6.500000e+00
      vertex   -1.050000e+02 9.299038e+00 6.500000e+00
    endloop
  endfacet
  facet normal -2.588190e-01 -9.659258e-01 0.000000e+00
    outer loop
      vertex   -1.050000e+02 9.299038e+00 3.500000e+00
      vertex   -1.050000e+02 9.299038e+00 6.500000e+00
      vertex   -1.057500e+02 9.500000e+00 3.500000e+00
    endloop
  endfacet
  facet normal -2.588190e-01 -9.659258e-01 0.000000e+00
    outer loop
      vertex   -1.057500e+02 9.500000e+00 3.500000e+00
      vertex   -1.050000e+02 9.299038e+00 6.500000e+00
      vertex   -1.057500e+02 9.500000e+00 6.500000e+00
    endloop
  endfacet
  facet normal 2.588190e-01 -9.659258e-01 0.000000e+00
    outer loop
      vertex   -1.057500e+02 9.500000e+00 3.500000e+00
      vertex   -1.057500e+02 9.500000e+00 6.500000e+00
      vertex   -1.065000e+02 9.299038e+00 3.500000e+00
    endloop
  endfacet
  facet normal 2.588190e-01 -9.659258e-01 0.000000e+00
    outer loop
      vertex   -1.065000e+02 9.299038e+00 3.500000e+00
      vertex   -1.057500e+02 9.500000e+00 6.500000e+00
      vertex   -1.065000e+02 9.299038e+00 6.500000e+00
    endloop
  endfacet
  facet normal 7.071068e-01 -7.071068e-01 0.000000e+00
    outer loop
      vertex   -1.065000e+02 9.299038e+00 3.500000e+00
      vertex   -1.065000e+02 9.299038e+00 6.500000e+00
      vertex   -1.070490e+02 8.750000e+00 3.500000e+00
    endloop
  endfacet
  facet normal 7.071068e-01 -7.071068e-01 0.000000e+00
    outer loop
      vertex   -1.070490e+02 8.750000e+00 3.500000e+00
      vertex   -1.065000e+02 9.299038e+00 6.500000e+00
      vertex   -1.070490e+02 8.750000e+00 6.500000e+00
    endloop
  endfacet
  facet normal 9.659258e-01 -2.588190e-01 0.000000e+00
    outer loop
      vertex   -1.220490e+02 8.750000e+00 3.500000e+00
      vertex   -1.220490e+02 8.750000e+00 6.500000e+00
      vertex   -1.222500e+02 8.000000e+00 3.500000e+00
    endloop
  endfacet
  facet normal 9.659258e-01 -2.588190e-01 0.000000e+00
    outer loop
      vertex   -1.222500e+02 8.000000e+00 3.500000e+00
      vertex   -1.220490e+02 8.750000e+00 6.500000e+00
      vertex   -1.222500e+02 8.000000e+00 6.500000e+00
    endloop
  endfacet
  facet normal 9.659258e-01 2.588190e-01 -0.000000e+00
    outer loop
      vertex   -1.222500e+02 8.000000e+00 3.500000e+00
      vertex   -1.222500e+02 8.000000e+00 6.500000e+00
      vertex   -1.220490e+02 7.250000e+00 3.500000e+00
    endloop
  endfacet
  facet normal 9.659258e-01 2.588190e-01 -0.000000e+00
    outer loop
      vertex   -1.220490e+02 7.250000e+00 3.500000e+00
      vertex   -1.222500e+02 8.000000e+00 6.500000e+00
      vertex   -1.220490e+02 7.250000e+00 6.500000e+00
    endloop
  endfacet
  facet normal 7.071068e-01 7.071068e-01 -0.000000e+00
    outer loop
      vertex   -1.220490e+02 7.250000e+00 3.500000e+00
      vertex   -1.220490e+02 7.250000e+00 6.500000e+00
      vertex   -1.215000e+02 6.700962e+00 3.500000e+00
    endloop
  endfacet
  facet normal 7.071068e-01 7.071068e-01 -0.000000e+00
    outer loop
      vertex   -1.215000e+02 6.700962e+00 3.500000e+00
      vertex   -1.220490e+02 7.250000e+00 6.500000e+00
      vertex   -1.215000e+02 6.700962e+00 6.500000e+00
    endloop
  endfacet
  facet normal 2.588190e-01 9.659258e-01 -0.000000e+00
    outer loop
      vertex   -1.215000e+02 6.700962e+00 3.500000e+00
      vertex   -1.215000e+02 6.700962e+00 6.500000e+00
      vertex   -1.207500e+02 6.500000e+00 3.500000e+00
    endloop
  endfacet
  facet normal 2.588190e-01 9.659258e-01 -0.000000e+00
    outer loop
      vertex   -1.207500e+02 6.500000e+00 3.500000e+00
      vertex   -1.215000e+02 6.700962e+00 6.500000e+00
      vertex   -1.207500e+02 6.500000e+00 6.500000e+00
    endloop
  endfacet
  facet normal -2.588190e-01 9.659258e-01 0.000000e+00
    outer loop
      vertex   -1.207500e+02 6.500000e+00 3.500000e+00
      vertex   -1.207500e+02 6.500000e+00 6.500000e+00
      vertex   -1.200000e+02 6.700962e+00 3.500000e+00
    endloop
  endfacet
  facet normal -2.588190e-01 9.659258e-01 0.000000e+00
    outer loop
      vertex   -1.200000e+02 6.700962e+00 3.500000e+00
      vertex   -1.207500e+02 6.500000e+00 6.500000e+00
      vertex   -1.200000e+02 6.700962e+00 6.500000e+00
    endloop
  endfacet
  facet normal -7.071068e-01 7.071068e-01 0.000000e+00
    outer loop
      vertex   -1.200000e+02 6.700962e+00 3.500000e+00
      vertex   -1.200000e+02 6.700962e+00 6.500000e+00
      vertex   -1.194510e+02 7.250000e+00 3.500000e+00
    endloop
  endfacet
  facet normal -7.071068e-01 7.071068e-01 0.000000e+00
    outer loop
      vertex   -1.194510e+02 7.250000e+00 3.500000e+00
      vertex   -1.200000e+02 6.700962e+00 6.500000e+00
      vertex   -1.194510e+02 7.250000e+00 6.500000e+00
    endloop
  endfacet
  facet normal -9.659258e-01 2.588190e-01 0.000000e+00
    outer loop
      vertex   -1.194510e+02 7.250000e+00 3.500000e+00
      vertex   -1.194510e+02 7.250000e+00 6.500000e+00
      vertex   -1.192500e+02 8.000000e+00 3.500000e+00
    endloop
  endfacet
  facet normal -9.659258e-01 2.588190e-01 0.000000e+00
    outer loop
      vertex   -1.192500e+02 8.000000e+00 3.500000e+00
      vertex   -1.194510e+02 7.250000e+00 6.500000e+00
      vertex   -1.192500e+02 8.000000e+00 6.500000e+00
    endloop
  endfacet
  facet normal -9.659258e-01 -2.588190e-01 0.000000e+00
    outer loop
      vertex   -1.192500e+02 8.000000e+00 3.500000e+00
      vertex   -1.192500e+02 8.000000e+00 6.500000e+00
      vertex   -1.194510e+02 8.750000e+00 3.500000e+00
    endloop
  endfacet
  facet normal -9.659258e-01 -2.588190e-01 0.000000e+00
    outer loop
      vertex   -1.194510e+02 8.750000e+00 3.500000e+00
      vertex   -1.192500e+02 8.000000e+00 6.500000e+00
      vertex   -1.194510e+02 8.750000e+00 6.500000e+00
    endloop
  endfacet
  facet normal -7.071068e-01 -7.071068e-01 0.000000e+00
    outer loop
      vertex   -1.194510e+02 8.750000e+00 3.500000e+00
      vertex   -1.194510e+02 8.750000e+00 6.500000e+00
      vertex   -1.200000e+02 9.299038e+00 3.500000e+00
    endloop
  endfacet
  facet normal -7.071068e-01 -7.071068e-01 0.000000e+00
    outer loop
      vertex   -1.200000e+02 9.299038e+00 3.500000e+00
      vertex   -1.194510e+02 8.750000e+00 6.500000e+00
      vertex   -1.200000e+02 9.299038e+00 6.500000e+00
    endloop
  endfacet
  facet normal -2.588190e-01 -9.659258e-01 0.000000e+00
    outer loop
      vertex   -1.200000e+02 9.299038e+00 3.500000e+00
      vertex   -1.200000e+02 9.299038e+00 6.500000e+00
      vertex   -1.207500e+02 9.500000e+00 3.500000e+00
    endloop
  endfacet
  facet normal -2.588190e-01 -9.659258e-01 0.000000e+00
    outer loop
      vertex   -1.207500e+02 9.500000e+00 3.500000e+00
      vertex   -1.200000e+02 9.299038e+00 6.500000e+00
      vertex   -1.207500e+02 9.500000e+00 6.500000e+00
    endloop
  endfacet
  facet normal 2.588190e-01 -9.659258e-01 0.000000e+00
    outer loop
      vertex   -1.207500e+02 9.500000e+00 3.500000e+00
      vertex   -1.207500e+02 9.500000e+00 6.500000e+00
      vertex   -1.215000e+02 9.299038e+00 3.500000e+00
    endloop
  endfacet
  facet normal 2.588190e-01 -9.659258e-01 0.000000e+00
    outer loop
      vertex   -1.215000e+02 9.299038e+00 3.500000e+00
      vertex   -1.207500e+02 9.500000e+00 6.500000e+00
      vertex   -1.215000e+02 9.299038e+00 6.500000e+00
    endloop
  endfacet
  facet normal 7.071068e-01 -7.071068e-01 0.000000e+00
    outer loop
      vertex   -1.215000e+02 9.299038e+00 3.500000e+00
      vertex   -1.215000e+02 9.299038e+00 6.500000e+00
      vertex   -1.220490e+02 8.750000e+00 3.500000e+00
    endloop
  endfacet
  facet normal 7.071068e-01 -7.071068e-01 0.000000e+00
    outer loop
      vertex   -1.220490e+02 8.750000e+00 3.500000e+00
      vertex   -1.215000e+02 9.299038e+00 6.500000e+00
      vertex   -1.220490e+02 8.750000e+00 6.500000e+00
    endloop
  endfacet
  facet normal 9.659258e-01 -2.588190e-01 7.662583e-17
    outer loop
      vertex   -1.220490e+02 -7.250000e+00 3.500000e+00
      vertex   -1.220490e+02 -7.250000e+00 6.500000e+00
      vertex   -1.222500e+02 -8.000000e+00 3.500000e+00
    endloop
  endfacet
  facet normal 9.659258e-01 -2.588190e-01 3.065033e-16
    outer loop
      vertex   -1.222500e+02 -8.000000e+00 3.500000e+00
      vertex   -1.220490e+02 -7.250000e+00 6.500000e+00
      vertex   -1.222500e+02 -8.000000e+00 6.500000e+00
    endloop
  endfacet
  facet normal 9.659258e-01 2.588190e-01 -3.065033e-16
    outer loop
      vertex   -1.222500e+02 -8.000000e+00 3.500000e+00
      vertex   -1.222500e+02 -8.000000e+00 6.500000e+00
      vertex   -1.220490e+02 -8.750000e+00 3.500000e+00
    endloop
  endfacet
  facet normal 9.659258e-01 2.588190e-01 -0.000000e+00
    outer loop
      vertex   -1.220490e+02 -8.750000e+00 3.500000e+00
      vertex   -1.222500e+02 -8.000000e+00 6.500000e+00
      vertex   -1.220490e+02 -8.750000e+00 6.500000e+00
    endloop
  endfacet
  facet normal 7.071068e-01 7.071068e-01 -0.000000e+00
    outer loop
      vertex   -1.220490e+02 -8.750000e+00 3.500000e+00
      vertex   -1.220490e+02 -8.750000e+00 6.500000e+00
      vertex   -1.215000e+02 -9.299038e+00 3.500000e+00
    endloop
  endfacet
  facet normal 7.071068e-01 7.071068e-01 -0.000000e+00
    outer loop
      vertex   -1.215000e+02 -9.299038e+00 3.500000e+00
      vertex   -1.220490e+02 -8.750000e+00 6.500000e+00
      vertex   -1.215000e+02 -9.299038e+00 6.500000e+00
    endloop
  endfacet
  facet normal 2.588190e-01 9.659258e-01 -0.000000e+00
    outer loop
      vertex   -1.215000e+02 -9.299038e+00 3.500000e+00
      vertex   -1.215000e+02 -9.299038e+00 6.500000e+00
      vertex   -1.207500e+02 -9.500000e+00 3.500000e+00
    endloop
  endfacet
  facet normal 2.588190e-01 9.659258e-01 -0.000000e+00
    outer loop
      vertex   -1.207500e+02 -9.500000e+00 3.500000e+00
      vertex   -1.215000e+02 -9.299038e+00 6.500000e+00
      vertex   -1.207500e+02 -9.500000e+00 6.500000e+00
    endloop
  endfacet
  facet normal -2.588190e-01 9.659258e-01 0.000000e+00
    outer loop
      vertex   -1.207500e+02 -9.500000e+00 3.500000e+00
      vertex   -1.207500e+02 -9.500000e+00 6.500000e+00
      vertex   -1.200000e+02 -9.299038e+00 3.500000e+00
    endloop
  endfacet
  facet normal -2.588190e-01 9.659258e-01 -1.226013e-15
    outer loop
      vertex   -1.200000e+02 -9.299038e+00 3.500000e+00
      vertex   -1.207500e+02 -9.500000e+00 6.500000e+00
      vertex   -1.200000e+02 -9.299038e+00 6.500000e+00
    endloop
  endfacet
  facet normal -7.071068e-01 7.071068e-01 -3.349531e-15
    outer loop
      vertex   -1.200000e+02 -9.299038e+00 3.500000e+00
      vertex   -1.200000e+02 -9.299038e+00 6.500000e+00
      vertex   -1.194510e+02 -8.750000e+00 3.500000e+00
    endloop
  endfacet
  facet normal -7.071068e-01 7.071068e-01 4.186913e-16
    outer loop
      vertex   -1.194510e+02 -8.750000e+00 3.500000e+00
      vertex   -1.200000e+02 -9.299038e+00 6.500000e+00
      vertex   -1.194510e+02 -8.750000e+00 6.500000e+00
    endloop
  endfacet
  facet normal -9.659258e-01 2.588190e-01 1.532517e-16
    outer loop
      vertex   -1.194510e+02 -8.750000e+00 3.500000e+00
      vertex   -1.194510e+02 -8.750000e+00 6.500000e+00
      vertex   -1.192500e+02 -8.000000e+00 3.500000e+00
    endloop
  endfacet
  facet normal -9.659258e-01 2.588190e-01 1.532517e-16
    outer loop
      vertex   -1.192500e+02 -8.000000e+00 3.500000e+00
      vertex   -1.194510e+02 -8.750000e+00 6.500000e+00
      vertex   -1.192500e+02 -8.000000e+00 6.500000e+00
    endloop
  endfacet
  facet normal -9.659258e-01 -2.588190e-01 -1.532517e-16
    outer loop
      vertex   -1.192500e+02 -8.000000e+00 3.500000e+00
      vertex   -1.192500e+02 -8.000000e+00 6.500000e+00
      vertex   -1.194510e+02 -7.250000e+00 3.500000e+00
    endloop
  endfacet
  facet normal -9.659258e-01 -2.588190e-01 -1.532517e-16
    outer loop
      vertex   -1.194510e+02 -7.250000e+00 3.500000e+00
      vertex   -1.192500e+02 -8.000000e+00 6.500000e+00
      vertex   -1.194510e+02 -7.250000e+00 6.500000e+00
    endloop
  endfacet
  facet normal -7.071068e-01 -7.071068e-01 -4.186913e-16
    outer loop
      vertex   -1.194510e+02 -7.250000e+00 3.500000e+00
      vertex   -1.194510e+02 -7.250000e+00 6.500000e+00
      vertex   -1.200000e+02 -6.700962e+00 3.500000e+00
    endloop
  endfacet
  facet normal -7.071068e-01 -7.071068e-01 -6.280370e-16
    outer loop
      vertex   -1.200000e+02 -6.700962e+00 3.500000e+00
      vertex   -1.194510e+02 -7.250000e+00 6.500000e+00
      vertex   -1.200000e+02 -6.700962e+00 6.500000e+00
    endloop
  endfacet
  facet normal -2.588190e-01 -9.659258e-01 -8.579145e-16
    outer loop
      vertex   -1.200000e+02 -6.700962e+00 3.500000e+00
      vertex   -1.200000e+02 -6.700962e+00 6.500000e+00
      vertex   -1.207500e+02 -6.500000e+00 3.500000e+00
    endloop
  endfacet
  facet normal -2.588190e-01 -9.659258e-01 0.000000e+00
    outer loop
      vertex   -1.207500e+02 -6.500000e+00 3.500000e+00
      vertex   -1.200000e+02 -6.700962e+00 6.500000e+00
      vertex   -1.207500e+02 -6.500000e+00 6.500000e+00
    endloop
  endfacet
  facet normal 2.588190e-01 -9.659258e-01 0.000000e+00
    outer loop
      vertex   -1.207500e+02 -6.500000e+00 3.500000e+00
      vertex   -1.207500e+02 -6.500000e+00 6.500000e+00
      vertex   -1.215000e+02 -6.700962e+00 3.500000e+00
    endloop
  endfacet
  facet normal 2.588190e-01 -9.659258e-01 0.000000e+00
    outer loop
      vertex   -1.215000e+02 -6.700962e+00 3.500000e+00
      vertex   -1.207500e+02 -6.500000e+00 6.500000e+00
      vertex   -1.215000e+02 -6.700962e+00 6.500000e+00
    endloop
  endfacet
  facet normal 7.071068e-01 -7.071068e-01 0.000000e+00
    outer loop
      vertex   -1.215000e+02 -6.700962e+00 3.500000e+00
      vertex   -1.215000e+02 -6.700962e+00 6.500000e+00
      vertex   -1.220490e+02 -7.250000e+00 3.500000e+00
    endloop
  endfacet
  facet normal 7.071068e-01 -7.071068e-01 2.093457e-16
    outer loop
      vertex   -1.220490e+02 -7.250000e+00 3.500000e+00
      vertex   -1.215000e+02 -6.700962e+00 6.500000e+00
      vertex   -1.220490e+02 -7.250000e+00 6.500000e+00
    endloop
  endfacet
  facet normal 9.659258e-01 -2.588190e-01 7.662583e-17
    outer loop
      vertex   -1.070490e+02 -7.250000e+00 3.500000e+00
      vertex   -1.070490e+02 -7.250000e+00 6.500000e+00
      vertex   -1.072500e+02 -8.000000e+00 3.500000e+00
    endloop
  endfacet
  facet normal 9.659258e-01 -2.588190e-01 3.065033e-16
    outer loop
      vertex   -1.072500e+02 -8.000000e+00 3.500000e+00
      vertex   -1.070490e+02 -7.250000e+00 6.500000e+00
      vertex   -1.072500e+02 -8.000000e+00 6.500000e+00
    endloop
  endfacet
  facet normal 9.659258e-01 2.588190e-01 -3.065033e-16
    outer loop
      vertex   -1.072500e+02 -8.000000e+00 3.500000e+00
      vertex   -1.072500e+02 -8.000000e+00 6.500000e+00
      vertex   -1.070490e+02 -8.750000e+00 3.500000e+00
    endloop
  endfacet
  facet normal 9.659258e-01 2.588190e-01 -0.000000e+00
    outer loop
      vertex   -1.070490e+02 -8.750000e+00 3.500000e+00
      vertex   -1.072500e+02 -8.000000e+00 6.500000e+00
      vertex   -1.070490e+02 -8.750000e+00 6.500000e+00
    endloop
  endfacet
  facet normal 7.071068e-01 7.071068e-01 -0.000000e+00
    outer loop
      vertex   -1.070490e+02 -8.750000e+00 3.500000e+00
      vertex   -1.070490e+02 -8.750000e+00 6.500000e+00
      vertex   -1.065000e+02 -9.299038e+00 3.500000e+00
    endloop
  endfacet
  facet normal 7.071068e-01 7.071068e-01 -0.000000e+00
    outer loop
      vertex   -1.065000e+02 -9.299038e+00 3.500000e+00
      vertex   -1.070490e+02 -8.750000e+00 6.500000e+00
      vertex   -1.065000e+02 -9.299038e+00 6.500000e+00
    endloop
  endfacet
  facet normal 2.588190e-01 9.659258e-01 -0.000000e+00
    outer loop
      vertex   -1.065000e+02 -9.299038e+00 3.500000e+00
      vertex   -1.065000e+02 -9.299038e+00 6.500000e+00
      vertex   -1.057500e+02 -9.500000e+00 3.500000e+00
    endloop
  endfacet
  facet normal 2.588190e-01 9.659258e-01 -0.000000e+00
    outer loop
      vertex   -1.057500e+02 -9.500000e+00 3.500000e+00
      vertex   -1.065000e+02 -9.299038e+00 6.500000e+00
      vertex   -1.057500e+02 -9.500000e+00 6.500000e+00
    endloop
  endfacet
  facet normal -2.588190e-01 9.659258e-01 0.000000e+00
    outer loop
      vertex   -1.057500e+02 -9.500000e+00 3.500000e+00
      vertex   -1.057500e+02 -9.500000e+00 6.500000e+00
      vertex   -1.050000e+02 -9.299038e+00 3.500000e+00
    endloop
  endfacet
  facet normal -2.588190e-01 9.659258e-01 -1.226013e-15
    outer loop
      vertex   -1.050000e+02 -9.299038e+00 3.500000e+00
      vertex   -1.057500e+02 -9.500000e+00 6.500000e+00
      vertex   -1.050000e+02 -9.299038e+00 6.500000e+00
    endloop
  endfacet
  facet normal -7.071068e-01 7.071068e-01 -3.349531e-15
    outer loop
      vertex   -1.050000e+02 -9.299038e+00 3.500000e+00
      vertex   -1.050000e+02 -9.299038e+00 6.500000e+00
      vertex   -1.044510e+02 -8.750000e+00 3.500000e+00
    endloop
  endfacet
  facet normal -7.071068e-01 7.071068e-01 4.186913e-16
    outer loop
      vertex   -1.044510e+02 -8.750000e+00 3.500000e+00
      vertex   -1.050000e+02 -9.299038e+00 6.500000e+00
      vertex   -1.044510e+02 -8.750000e+00 6.500000e+00
    endloop
  endfacet
  facet normal -9.659258e-01 2.588190e-01 1.532517e-16
    outer loop
      vertex   -1.044510e+02 -8.750000e+00 3.500000e+00
      vertex   -1.044510e+02 -8.750000e+00 6.500000e+00
      vertex   -1.042500e+02 -8.000000e+00 3.500000e+00
    endloop
  endfacet
  facet normal -9.659258e-01 2.588190e-01 1.532517e-16
    outer loop
      vertex   -1.042500e+02 -8.000000e+00 3.500000e+00
      vertex   -1.044510e+02 -8.750000e+00 6.500000e+00
      vertex   -1.042500e+02 -8.000000e+00 6.500000e+00
    endloop
  endfacet
  facet normal -9.659258e-01 -2.588190e-01 -1.532517e-16
    outer loop
      vertex   -1.042500e+02 -8.000000e+00 3.500000e+00
      vertex   -1.042500e+02 -8.000000e+00 6.500000e+00
      vertex   -1.044510e+02 -7.250000e+00 3.500000e+00
    endloop
  endfacet
  facet normal -9.659258e-01 -2.588190e-01 -1.532517e-16
    outer loop
      vertex   -1.044510e+02 -7.250000e+00 3.500000e+00
      vertex   -1.042500e+02 -8.000000e+00 6.500000e+00
      vertex   -1.044510e+02 -7.250000e+00 6.500000e+00
    endloop
  endfacet
  facet normal -7.071068e-01 -7.071068e-01 -4.186913e-16
    outer loop
      vertex   -1.044510e+02 -7.250000e+00 3.500000e+00
      vertex   -1.044510e+02 -7.250000e+00 6.500000e+00
      vertex   -1.050000e+02 -6.700962e+00 3.500000e+00
    endloop
  endfacet
  facet normal -7.071068e-01 -7.071068e-01 -6.280370e-16
    outer loop
      vertex   -1.050000e+02 -6.700962e+00 3.500000e+00
      vertex   -1.044510e+02 -7.250000e+00 6.500000e+00
      vertex   -1.050000e+02 -6.700962e+00 6.500000e+00
    endloop
  endfacet
  facet normal -2.588190e-01 -9.659258e-01 -8.579145e-16
    outer loop
      vertex   -1.050000e+02 -6.700962e+00 3.500000e+00
      vertex   -1.050000e+02 -6.700962e+00 6.500000e+00
      vertex   -1.057500e+02 -6.500000e+00 3.500000e+00
    endloop
  endfacet
  facet normal -2.588190e-01 -9.659258e-01 0.000000e+00
    outer loop
      vertex   -1.057500e+02 -6.500000e+00 3.500000e+00
      vertex   -1.050000e+02 -6.700962e+00 6.500000e+00
      vertex   -1.057500e+02 -6.500000e+00 6.500000e+00
    endloop
  endfacet
  facet normal 2.588190e-01 -9.659258e-01 0.000000e+00
    outer loop
      vertex   -1.057500e+02 -6.500000e+00 3.500000e+00
      vertex   -1.057500e+02 -6.500000e+00 6.500000e+00
      vertex   -1.065000e+02 -6.700962e+00 3.500000e+00
    endloop
  endfacet
  facet normal 2.588190e-01 -9.659258e-01 0.000000e+00
    outer loop
      vertex   -1.065000e+02 -6.700962e+00 3.500000e+00
      vertex   -1.057500e+02 -6.500000e+00 6.500000e+00
      vertex   -1.065000e+02 -6.700962e+00 6.500000e+00
    endloop
  endfacet
  facet normal 7.071068e-01 -7.071068e-01 0.000000e+00
    outer loop
      vertex   -1.065000e+02 -6.700962e+00 3.500000e+00
      vertex   -1.065000e+02 -6.700962e+00 6.500000e+00
      vertex   -1.070490e+02 -7.250000e+00 3.500000e+00
    endloop
  endfacet
  facet normal 7.071068e-01 -7.071068e-01 2.093457e-16
    outer loop
      vertex   -1.070490e+02 -7.250000e+00 3.500000e+00
      vertex   -1.065000e+02 -6.700962e+00 6.500000e+00
      vertex   -1.070490e+02 -7.250000e+00 6.500000e+00
    endloop
  endfacet
  facet normal 0.000000e+00 -1.000000e+00 1.184238e-15
    outer loop
      vertex   1.191716e+02 -2.150000e+01 3.500000e+00
      vertex   1.191716e+02 -2.150000e+01 6.500000e+00
      vertex   1.032500e+02 -2.150000e+01 3.500000e+00
    endloop
  endfacet
  facet normal 1.886566e-16 -1.000000e+00 1.830011e-16
    outer loop
      vertex   1.032500e+02 -2.150000e+01 3.500000e+00
      vertex   1.191716e+02 -2.150000e+01 6.500000e+00
      vertex   1.003399e+02 -2.150000e+01 6.500000e+00
    endloop
  endfacet
  facet normal -0.000000e+00 -1.000000e+00 0.000000e+00
    outer loop
      vertex   1.032500e+02 -2.150000e+01 3.500000e+00
      vertex   1.003399e+02 -2.150000e+01 6.500000e+00
      vertex   1.003399e+02 -2.150000e+01 0.000000e+00
    endloop
  endfacet
  facet normal 0.000000e+00 -1.000000e+00 0.000000e+00
    outer loop
      vertex   1.003399e+02 -2.150000e+01 0.000000e+00
      vertex   1.032500e+02 -2.150000e+01 0.000000e+00
      vertex   1.032500e+02 -2.150000e+01 3.500000e+00
    endloop
  endfacet
  facet normal -3.913438e-01 -9.202445e-01 -0.000000e+00
    outer loop
      vertex   -4.185381e+01 -4.654623e+01 6.500000e+00
      vertex   -1.007500e+02 -2.150000e+01 6.500000e+00
      vertex   -4.185381e+01 -4.654623e+01 0.000000e+00
    endloop
  endfacet
  facet normal -3.913438e-01 -9.202445e-01 0.000000e+00
    outer loop
      vertex   -4.185381e+01 -4.654623e+01 0.000000e+00
      vertex   -1.007500e+02 -2.150000e+01 6.500000e+00
      vertex   -1.007500e+02 -2.150000e+01 0.000000e+00
    endloop
  endfacet
  facet normal 0.000000e+00 1.000000e+00 0.000000e+00
    outer loop
      vertex   -1.191716e+02 2.150000e+01 3.500000e+00
      vertex   -1.191716e+02 2.150000e+01 6.500000e+00
      vertex   -1.036601e+02 2.150000e+01 3.500000e+00
    endloop
  endfacet
  facet normal 0.000000e+00 1.000000e+00 -0.000000e+00
    outer loop
      vertex   -1.036601e+02 2.150000e+01 3.500000e+00
      vertex   -1.191716e+02 2.150000e+01 6.500000e+00
      vertex   -1.007500e+02 2.150000e+01 6.500000e+00
    endloop
  endfacet
  facet normal -0.000000e+00 1.000000e+00 0.000000e+00
    outer loop
      vertex   -1.036601e+02 2.150000e+01 3.500000e+00
      vertex   -1.007500e+02 2.150000e+01 6.500000e+00
      vertex   -1.007500e+02 2.150000e+01 0.000000e+00
    endloop
  endfacet
  facet normal 0.000000e+00 1.000000e+00 0.000000e+00
    outer loop
      vertex   -1.007500e+02 2.150000e+01 0.000000e+00
      vertex   -1.036601e+02 2.150000e+01 0.000000e+00
      vertex   -1.036601e+02 2.150000e+01 3.500000e+00
    endloop
  endfacet
  facet normal 0.000000e+00 -0.000000e+00 1.000000e+00
    outer loop
      vertex   1.205858e+02 -2.091421e+01 6.500000e+00
      vertex   1.224142e+02 -1.908579e+01 6.500000e+00
      vertex   1.003399e+02 -2.150000e+01 6.500000e+00
    endloop
  endfacet
  facet normal 0.000000e+00 0.000000e+00 1.000000e+00
    outer loop
      vertex   1.003399e+02 -2.150000e+01 6.500000e+00
      vertex   1.224142e+02 -1.908579e+01 6.500000e+00
      vertex   1.227321e+02 -1.867157e+01 6.500000e+00
    endloop
  endfacet
  facet normal 0.000000e+00 0.000000e+00 1.000000e+00
    outer loop
      vertex   1.003399e+02 -2.150000e+01 6.500000e+00
      vertex   1.227321e+02 -1.867157e+01 6.500000e+00
      vertex   1.229319e+02 -1.818921e+01 6.500000e+00
    endloop
  endfacet
  facet normal 0.000000e+00 -0.000000e+00 1.000000e+00
    outer loop
      vertex   1.229319e+02 -1.818921e+01 6.500000e+00
      vertex   1.230000e+02 -1.767157e+01 6.500000e+00
      vertex   1.003399e+02 -2.150000e+01 6.500000e+00
    endloop
  endfacet
  facet normal -2.165737e-16 1.281878e-15 1.000000e+00
    outer loop
      vertex   1.003399e+02 -2.150000e+01 6.500000e+00
      vertex   1.230000e+02 -1.767157e+01 6.500000e+00
      vertex   1.057500e+02 -9.500000e+00 6.500000e+00
    endloop
  endfacet
  facet normal 2.831148e-16 1.056599e-15 1.000000e+00
    outer loop
      vertex   1.003399e+02 -2.150000e+01 6.500000e+00
      vertex   1.057500e+02 -9.500000e+00 6.500000e+00
      vertex   1.050000e+02 -9.299038e+00 6.500000e+00
    endloop
  endfacet
  facet normal -1.894781e-14 0.000000e+00 1.000000e+00
    outer loop
      vertex   1.230000e+02 1.767157e+01 6.500000e+00
      vertex   1.222500e+02 8.000000e+00 6.500000e+00
      vertex   1.230000e+02 -1.767157e+01 6.500000e+00
    endloop
  endfacet
  facet normal -1.894781e-14 0.000000e+00 1.000000e+00
    outer loop
      vertex   1.230000e+02 -1.767157e+01 6.500000e+00
      vertex   1.222500e+02 8.000000e+00 6.500000e+00
      vertex   1.222500e+02 -8.000000e+00 6.500000e+00
    endloop
  endfacet
  facet normal -4.252850e-15 1.139548e-15 1.000000e+00
    outer loop
      vertex   1.230000e+02 -1.767157e+01 6.500000e+00
      vertex   1.222500e+02 -8.000000e+00 6.500000e+00
      vertex   1.220490e+02 -8.750000e+00 6.500000e+00
    endloop
  endfacet
  facet normal 0.000000e+00 0.000000e+00 1.000000e+00
    outer loop
      vertex   1.229319e+02 1.818921e+01 6.500000e+00
      vertex   1.003399e+02 2.150000e+01 6.500000e+00
      vertex   1.230000e+02 1.767157e+01 6.500000e+00
    endloop
  endfacet
  facet normal -2.165737e-16 -1.281878e-15 1.000000e+00
    outer loop
      vertex   1.230000e+02 1.767157e+01 6.500000e+00
      vertex   1.003399e+02 2.150000e+01 6.500000e+00
      vertex   1.057500e+02 9.500000e+00 6.500000e+00
    endloop
  endfacet
  facet normal 0.000000e+00 -1.739060e-15 1.000000e+00
    outer loop
      vertex   1.230000e+02 1.767157e+01 6.500000e+00
      vertex   1.057500e+02 9.500000e+00 6.500000e+00
      vertex   1.207500e+02 9.500000e+00 6.500000e+00
    endloop
  endfacet
  facet normal 0.000000e+00 0.000000e+00 1.000000e+00
    outer loop
      vertex   1.207500e+02 9.500000e+00 6.500000e+00
      vertex   1.057500e+02 9.500000e+00 6.500000e+00
      vertex   1.200000e+02 9.299038e+00 6.500000e+00
    endloop
  endfacet
  facet normal 0.000000e+00 0.000000e+00 1.000000e+00
    outer loop
      vertex   1.200000e+02 9.299038e+00 6.500000e+00
      vertex   1.057500e+02 9.500000e+00 6.500000e+00
      vertex   1.065000e+02 9.299038e+00 6.500000e+00
    endloop
  endfacet
  facet normal 0.000000e+00 0.000000e+00 1.000000e+00
    outer loop
      vertex   1.200000e+02 9.299038e+00 6.500000e+00
      vertex   1.065000e+02 9.299038e+00 6.500000e+00
      vertex   1.194510e+02 8.750000e+00 6.500000e+00
    endloop
  endfacet
  facet normal 0.000000e+00 0.000000e+00 1.000000e+00
    outer loop
      vertex   1.194510e+02 8.750000e+00 6.500000e+00
      vertex   1.065000e+02 9.299038e+00 6.500000e+00
      vertex   1.070490e+02 8.750000e+00 6.500000e+00
    endloop
  endfacet
  facet normal 0.000000e+00 0.000000e+00 1.000000e+00
    outer loop
      vertex   1.194510e+02 8.750000e+00 6.500000e+00
      vertex   1.070490e+02 8.750000e+00 6.500000e+00
      vertex   1.192500e+02 8.000000e+00 6.500000e+00
    endloop
  endfacet
  facet normal 0.000000e+00 0.000000e+00 1.000000e+00
    outer loop
      vertex   1.192500e+02 8.000000e+00 6.500000e+00
      vertex   1.070490e+02 8.750000e+00 6.500000e+00
      vertex   1.072500e+02 8.000000e+00 6.500000e+00
    endloop
  endfacet
  facet normal 0.000000e+00 0.000000e+00 1.000000e+00
    outer loop
      vertex   1.192500e+02 8.000000e+00 6.500000e+00
      vertex   1.072500e+02 8.000000e+00 6.500000e+00
      vertex   1.194510e+02 7.250000e+00 6.500000e+00
    endloop
  endfacet
  facet normal 0.000000e+00 0.000000e+00 1.000000e+00
    outer loop
      vertex   1.194510e+02 7.250000e+00 6.500000e+00
      vertex   1.072500e+02 8.000000e+00 6.500000e+00
      vertex   1.070490e+02 7.250000e+00 6.500000e+00
    endloop
  endfacet
  facet normal 0.000000e+00 0.000000e+00 1.000000e+00
    outer loop
      vertex   1.194510e+02 7.250000e+00 6.500000e+00
      vertex   1.070490e+02 7.250000e+00 6.500000e+00
      vertex   1.200000e+02 6.700962e+00 6.500000e+00
    endloop
  endfacet
  facet normal 0.000000e+00 0.000000e+00 1.000000e+00
    outer loop
      vertex   1.200000e+02 6.700962e+00 6.500000e+00
      vertex   1.070490e+02 7.250000e+00 6.500000e+00
      vertex   1.065000e+02 6.700962e+00 6.500000e+00
    endloop
  endfacet
  facet normal 0.000000e+00 0.000000e+00 1.000000e+00
    outer loop
      vertex   1.200000e+02 6.700962e+00 6.500000e+00
      vertex   1.065000e+02 6.700962e+00 6.500000e+00
      vertex   1.207500e+02 6.500000e+00 6.500000e+00
    endloop
  endfacet
  facet normal 0.000000e+00 0.000000e+00 1.000000e+00
    outer loop
      vertex   1.207500e+02 6.500000e+00 6.500000e+00
      vertex   1.065000e+02 6.700962e+00 6.500000e+00
      vertex   1.057500e+02 6.500000e+00 6.500000e+00
    endloop
  endfacet
  facet normal 0.000000e+00 0.000000e+00 1.000000e+00
    outer loop
      vertex   1.207500e+02 6.500000e+00 6.500000e+00
      vertex   1.057500e+02 6.500000e+00 6.500000e+00
      vertex   1.207500e+02 -6.500000e+00 6.500000e+00
    endloop
  endfacet
  facet normal 0.000000e+00 0.000000e+00 1.000000e+00
    outer loop
      vertex   1.207500e+02 -6.500000e+00 6.500000e+00
      vertex   1.057500e+02 6.500000e+00 6.500000e+00
      vertex   1.057500e+02 -6.500000e+00 6.500000e+00
    endloop
  endfacet
  facet normal 0.000000e+00 0.000000e+00 1.000000e+00
    outer loop
      vertex   1.207500e+02 -6.500000e+00 6.500000e+00
      vertex   1.057500e+02 -6.500000e+00 6.500000e+00
      vertex   1.200000e+02 -6.700962e+00 6.500000e+00
    endloop
  endfacet
  facet normal 0.000000e+00 0.000000e+00 1.000000e+00
    outer loop
      vertex   1.200000e+02 -6.700962e+00 6.500000e+00
      vertex   1.057500e+02 -6.500000e+00 6.500000e+00
      vertex   1.065000e+02 -6.700962e+00 6.500000e+00
    endloop
  endfacet
  facet normal 0.000000e+00 0.000000e+00 1.000000e+00
    outer loop
      vertex   1.200000e+02 -6.700962e+00 6.500000e+00
      vertex   1.065000e+02 -6.700962e+00 6.500000e+00
      vertex   1.194510e+02 -7.250000e+00 6.500000e+00
    endloop
  endfacet
  facet normal 0.000000e+00 0.000000e+00 1.000000e+00
    outer loop
      vertex   1.194510e+02 -7.250000e+00 6.500000e+00
      vertex   1.065000e+02 -6.700962e+00 6.500000e+00
      vertex   1.070490e+02 -7.250000e+00 6.500000e+00
    endloop
  endfacet
  facet normal 0.000000e+00 0.000000e+00 1.000000e+00
    outer loop
      vertex   1.194510e+02 -7.250000e+00 6.500000e+00
      vertex   1.070490e+02 -7.250000e+00 6.500000e+00
      vertex   1.192500e+02 -8.000000e+00 6.500000e+00
    endloop
  endfacet
  facet normal 0.000000e+00 0.000000e+00 1.000000e+00
    outer loop
      vertex   1.192500e+02 -8.000000e+00 6.500000e+00
      vertex   1.070490e+02 -7.250000e+00 6.500000e+00
      vertex   1.072500e+02 -8.000000e+00 6.500000e+00
    endloop
  endfacet
  facet normal 0.000000e+00 0.000000e+00 1.000000e+00
    outer loop
      vertex   1.192500e+02 -8.000000e+00 6.500000e+00
      vertex   1.072500e+02 -8.000000e+00 6.500000e+00
      vertex   1.194510e+02 -8.750000e+00 6.500000e+00
    endloop
  endfacet
  facet normal 0.000000e+00 0.000000e+00 1.000000e+00
    outer loop
      vertex   1.194510e+02 -8.750000e+00 6.500000e+00
      vertex   1.072500e+02 -8.000000e+00 6.500000e+00
      vertex   1.070490e+02 -8.750000e+00 6.500000e+00
    endloop
  endfacet
  facet normal 0.000000e+00 0.000000e+00 1.000000e+00
    outer loop
      vertex   1.194510e+02 -8.750000e+00 6.500000e+00
      vertex   1.070490e+02 -8.750000e+00 6.500000e+00
      vertex   1.200000e+02 -9.299038e+00 6.500000e+00
    endloop
  endfacet
  facet normal 0.000000e+00 0.000000e+00 1.000000e+00
    outer loop
      vertex   1.200000e+02 -9.299038e+00 6.500000e+00
      vertex   1.070490e+02 -8.750000e+00 6.500000e+00
      vertex   1.065000e+02 -9.299038e+00 6.500000e+00
    endloop
  endfacet
  facet normal 0.000000e+00 0.000000e+00 1.000000e+00
    outer loop
      vertex   1.200000e+02 -9.299038e+00 6.500000e+00
      vertex   1.065000e+02 -9.299038e+00 6.500000e+00
      vertex   1.207500e+02 -9.500000e+00 6.500000e+00
    endloop
  endfacet
  facet normal 0.000000e+00 0.000000e+00 1.000000e+00
    outer loop
      vertex   1.207500e+02 -9.500000e+00 6.500000e+00
      vertex   1.065000e+02 -9.299038e+00 6.500000e+00
      vertex   1.057500e+02 -9.500000e+00 6.500000e+00
    endloop
  endfacet
  facet normal 0.000000e+00 1.739060e-15 1.000000e+00
    outer loop
      vertex   1.207500e+02 -9.500000e+00 6.500000e+00
      vertex   1.057500e+02 -9.500000e+00 6.500000e+00
      vertex   1.230000e+02 -1.767157e+01 6.500000e+00
    endloop
  endfacet
  facet normal 0.000000e+00 0.000000e+00 1.000000e+00
    outer loop
      vertex   1.229319e+02 1.818921e+01 6.500000e+00
      vertex   1.227321e+02 1.867157e+01 6.500000e+00
      vertex   1.003399e+02 2.150000e+01 6.500000e+00
    endloop
  endfacet
  facet normal 0.000000e+00 0.000000e+00 1.000000e+00
    outer loop
      vertex   1.003399e+02 2.150000e+01 6.500000e+00
      vertex   1.227321e+02 1.867157e+01 6.500000e+00
      vertex   1.224142e+02 1.908579e+01 6.500000e+00
    endloop
  endfacet
  facet normal 0.000000e+00 0.000000e+00 1.000000e+00
    outer loop
      vertex   1.003399e+02 2.150000e+01 6.500000e+00
      vertex   1.224142e+02 1.908579e+01 6.500000e+00
      vertex   1.205858e+02 2.091421e+01 6.500000e+00
    endloop
  endfacet
  facet normal -0.000000e+00 0.000000e+00 1.000000e+00
    outer loop
      vertex   1.003399e+02 2.150000e+01 6.500000e+00
      vertex   1.205858e+02 2.091421e+01 6.500000e+00
      vertex   1.191716e+02 2.150000e+01 6.500000e+00
    endloop
  endfacet
  facet normal 0.000000e+00 0.000000e+00 1.000000e+00
    outer loop
      vertex   1.191716e+02 2.150000e+01 6.500000e+00
      vertex   1.205858e+02 2.091421e+01 6.500000e+00
      vertex   1.201716e+02 2.123205e+01 6.500000e+00
    endloop
  endfacet
  facet normal 0.000000e+00 0.000000e+00 1.000000e+00
    outer loop
      vertex   1.191716e+02 2.150000e+01 6.500000e+00
      vertex   1.201716e+02 2.123205e+01 6.500000e+00
      vertex   1.196892e+02 2.143185e+01 6.500000e+00
    endloop
  endfacet
  facet normal 3.776665e-16 -1.013971e-15 1.000000e+00
    outer loop
      vertex   1.003399e+02 2.150000e+01 6.500000e+00
      vertex   7.656459e+01 1.264457e+01 6.500000e+00
      vertex   1.057500e+02 9.500000e+00 6.500000e+00
    endloop
  endfacet
  facet normal 3.472744e-16 -1.296046e-15 1.000000e+00
    outer loop
      vertex   1.057500e+02 9.500000e+00 6.500000e+00
      vertex   7.656459e+01 1.264457e+01 6.500000e+00
      vertex   1.050000e+02 9.299038e+00 6.500000e+00
    endloop
  endfacet
  facet normal 4.471502e-16 -4.471502e-16 1.000000e+00
    outer loop
      vertex   1.050000e+02 9.299038e+00 6.500000e+00
      vertex   7.656459e+01 1.264457e+01 6.500000e+00
      vertex   1.044510e+02 8.750000e+00 6.500000e+00
    endloop
  endfacet
  facet normal 4.912166e-16 -1.316211e-16 1.000000e+00
    outer loop
      vertex   1.044510e+02 8.750000e+00 6.500000e+00
      vertex   7.656459e+01 1.264457e+01 6.500000e+00
      vertex   1.042500e+02 8.000000e+00 6.500000e+00
    endloop
  endfacet
  facet normal 3.316060e-16 -1.083029e-15 1.000000e+00
    outer loop
      vertex   1.042500e+02 8.000000e+00 6.500000e+00
      vertex   7.656459e+01 1.264457e+01 6.500000e+00
      vertex   7.088591e+01 1.090585e+01 6.500000e+00
    endloop
  endfacet
  facet normal 4.361101e-16 1.168554e-16 1.000000e+00
    outer loop
      vertex   1.042500e+02 8.000000e+00 6.500000e+00
      vertex   7.088591e+01 1.090585e+01 6.500000e+00
      vertex   1.044510e+02 7.250000e+00 6.500000e+00
    endloop
  endfacet
  facet normal 4.751331e-16 4.751331e-16 1.000000e+00
    outer loop
      vertex   1.044510e+02 7.250000e+00 6.500000e+00
      vertex   7.088591e+01 1.090585e+01 6.500000e+00
      vertex   1.050000e+02 6.700962e+00 6.500000e+00
    endloop
  endfacet
  facet normal 2.473579e-16 -1.372799e-15 1.000000e+00
    outer loop
      vertex   1.050000e+02 6.700962e+00 6.500000e+00
      vertex   7.088591e+01 1.090585e+01 6.500000e+00
      vertex   6.504112e+01 9.852706e+00 6.500000e+00
    endloop
  endfacet
  facet normal 3.556370e-16 0.000000e+00 1.000000e+00
    outer loop
      vertex   1.050000e+02 6.700962e+00 6.500000e+00
      vertex   6.504112e+01 9.852706e+00 6.500000e+00
      vertex   1.050000e+02 -6.700962e+00 6.500000e+00
    endloop
  endfacet
  facet normal 4.466023e-17 -7.506664e-16 1.000000e+00
    outer loop
      vertex   1.050000e+02 -6.700962e+00 6.500000e+00
      vertex   6.504112e+01 9.852706e+00 6.500000e+00
      vertex   5.911269e+01 9.500000e+00 6.500000e+00
    endloop
  endfacet
  facet normal 2.288815e-16 -2.288815e-16 1.000000e+00
    outer loop
      vertex   1.050000e+02 -6.700962e+00 6.500000e+00
      vertex   5.911269e+01 9.500000e+00 6.500000e+00
      vertex   1.044510e+02 -7.250000e+00 6.500000e+00
    endloop
  endfacet
  facet normal 3.165422e-17 -7.627288e-16 1.000000e+00
    outer loop
      vertex   1.044510e+02 -7.250000e+00 6.500000e+00
      vertex   5.911269e+01 9.500000e+00 6.500000e+00
      vertex   9.250000e+00 -1.120096e+01 6.500000e+00
    endloop
  endfacet
  facet normal 0.000000e+00 0.000000e+00 1.000000e+00
    outer loop
      vertex   1.044510e+02 -7.250000e+00 6.500000e+00
      vertex   9.250000e+00 -1.120096e+01 6.500000e+00
      vertex   1.042500e+02 -8.000000e+00 6.500000e+00
    endloop
  endfacet
  facet normal 0.000000e+00 0.000000e+00 1.000000e+00
    outer loop
      vertex   1.042500e+02 -8.000000e+00 6.500000e+00
      vertex   9.250000e+00 -1.120096e+01 6.500000e+00
      vertex   9.799038e+00 -1.175000e+01 6.500000e+00
    endloop
  endfacet
  facet normal 0.000000e+00 0.000000e+00 1.000000e+00
    outer loop
      vertex   1.042500e+02 -8.000000e+00 6.500000e+00
      vertex   9.799038e+00 -1.175000e+01 6.500000e+00
      vertex   1.044510e+02 -8.750000e+00 6.500000e+00
    endloop
  endfacet
  facet normal 0.000000e+00 0.000000e+00 1.000000e+00
    outer loop
      vertex   1.044510e+02 -8.750000e+00 6.500000e+00
      vertex   9.799038e+00 -1.175000e+01 6.500000e+00
      vertex   1.000000e+01 -1.250000e+01 6.500000e+00
    endloop
  endfacet
  facet normal 0.000000e+00 0.000000e+00 1.000000e+00
    outer loop
      vertex   1.044510e+02 -8.750000e+00 6.500000e+00
      vertex   1.000000e+01 -1.250000e+01 6.500000e+00
      vertex   1.050000e+02 -9.299038e+00 6.500000e+00
    endloop
  endfacet
  facet normal -3.975652e-17 1.179917e-15 1.000000e+00
    outer loop
      vertex   1.050000e+02 -9.299038e+00 6.500000e+00
      vertex   1.000000e+01 -1.250000e+01 6.500000e+00
      vertex   1.003399e+02 -2.150000e+01 6.500000e+00
    endloop
  endfacet
  facet normal -1.037963e-32 -6.932124e-16 1.000000e+00
    outer loop
      vertex   -5.952276e+01 9.500000e+00 6.500000e+00
      vertex   -8.500000e+00 -1.100000e+01 6.500000e+00
      vertex   5.911269e+01 9.500000e+00 6.500000e+00
    endloop
  endfacet
  facet normal 0.000000e+00 -6.932124e-16 1.000000e+00
    outer loop
      vertex   5.911269e+01 9.500000e+00 6.500000e+00
      vertex   -8.500000e+00 -1.100000e+01 6.500000e+00
      vertex   8.500000e+00 -1.100000e+01 6.500000e+00
    endloop
  endfacet
  facet normal -1.117911e-16 -4.172101e-16 1.000000e+00
    outer loop
      vertex   5.911269e+01 9.500000e+00 6.500000e+00
      vertex   8.500000e+00 -1.100000e+01 6.500000e+00
      vertex   9.250000e+00 -1.120096e+01 6.500000e+00
    endloop
  endfacet
  facet normal -4.471786e-17 -7.516350e-16 1.000000e+00
    outer loop
      vertex   -6.545119e+01 9.852706e+00 6.500000e+00
      vertex   -1.050000e+02 -6.700962e+00 6.500000e+00
      vertex   -5.952276e+01 9.500000e+00 6.500000e+00
    endloop
  endfacet
  facet normal -2.304032e-16 -2.304032e-16 1.000000e+00
    outer loop
      vertex   -5.952276e+01 9.500000e+00 6.500000e+00
      vertex   -1.050000e+02 -6.700962e+00 6.500000e+00
      vertex   -1.044510e+02 -7.250000e+00 6.500000e+00
    endloop
  endfacet
  facet normal -3.168316e-17 -7.634261e-16 1.000000e+00
    outer loop
      vertex   -5.952276e+01 9.500000e+00 6.500000e+00
      vertex   -1.044510e+02 -7.250000e+00 6.500000e+00
      vertex   -9.250000e+00 -1.120096e+01 6.500000e+00
    endloop
  endfacet
  facet normal 0.000000e+00 0.000000e+00 1.000000e+00
    outer loop
      vertex   -9.250000e+00 -1.120096e+01 6.500000e+00
      vertex   -1.044510e+02 -7.250000e+00 6.500000e+00
      vertex   -1.042500e+02 -8.000000e+00 6.500000e+00
    endloop
  endfacet
  facet normal 0.000000e+00 0.000000e+00 1.000000e+00
    outer loop
      vertex   -9.250000e+00 -1.120096e+01 6.500000e+00
      vertex   -1.042500e+02 -8.000000e+00 6.500000e+00
      vertex   -9.799038e+00 -1.175000e+01 6.500000e+00
    endloop
  endfacet
  facet normal 0.000000e+00 0.000000e+00 1.000000e+00
    outer loop
      vertex   -9.799038e+00 -1.175000e+01 6.500000e+00
      vertex   -1.042500e+02 -8.000000e+00 6.500000e+00
      vertex   -1.044510e+02 -8.750000e+00 6.500000e+00
    endloop
  endfacet
  facet normal 0.000000e+00 0.000000e+00 1.000000e+00
    outer loop
      vertex   -9.799038e+00 -1.175000e+01 6.500000e+00
      vertex   -1.044510e+02 -8.750000e+00 6.500000e+00
      vertex   -1.000000e+01 -1.250000e+01 6.500000e+00
    endloop
  endfacet
  facet normal 0.000000e+00 0.000000e+00 1.000000e+00
    outer loop
      vertex   -1.000000e+01 -1.250000e+01 6.500000e+00
      vertex   -1.044510e+02 -8.750000e+00 6.500000e+00
      vertex   -1.050000e+02 -9.299038e+00 6.500000e+00
    endloop
  endfacet
  facet normal 3.971096e-17 1.178565e-15 1.000000e+00
    outer loop
      vertex   -1.000000e+01 -1.250000e+01 6.500000e+00
      vertex   -1.050000e+02 -9.299038e+00 6.500000e+00
      vertex   -1.007500e+02 -2.150000e+01 6.500000e+00
    endloop
  endfacet
  facet normal -2.854467e-16 1.065302e-15 1.000000e+00
    outer loop
      vertex   -1.007500e+02 -2.150000e+01 6.500000e+00
      vertex   -1.050000e+02 -9.299038e+00 6.500000e+00
      vertex   -1.057500e+02 -9.500000e+00 6.500000e+00
    endloop
  endfacet
  facet normal 2.195017e-16 1.275697e-15 1.000000e+00
    outer loop
      vertex   -1.007500e+02 -2.150000e+01 6.500000e+00
      vertex   -1.057500e+02 -9.500000e+00 6.500000e+00
      vertex   -1.230000e+02 -1.767157e+01 6.500000e+00
    endloop
  endfacet
  facet normal 0.000000e+00 1.739060e-15 1.000000e+00
    outer loop
      vertex   -1.230000e+02 -1.767157e+01 6.500000e+00
      vertex   -1.057500e+02 -9.500000e+00 6.500000e+00
      vertex   -1.207500e+02 -9.500000e+00 6.500000e+00
    endloop
  endfacet
  facet normal 4.339626e-16 1.619571e-15 1.000000e+00
    outer loop
      vertex   -1.230000e+02 -1.767157e+01 6.500000e+00
      vertex   -1.207500e+02 -9.500000e+00 6.500000e+00
      vertex   -1.215000e+02 -9.299038e+00 6.500000e+00
    endloop
  endfacet
  facet normal -3.593244e-16 0.000000e+00 1.000000e+00
    outer loop
      vertex   -1.050000e+02 -6.700962e+00 6.500000e+00
      vertex   -6.545119e+01 9.852706e+00 6.500000e+00
      vertex   -1.050000e+02 6.700962e+00 6.500000e+00
    endloop
  endfacet
  facet normal -2.491361e-16 -1.382668e-15 1.000000e+00
    outer loop
      vertex   -1.050000e+02 6.700962e+00 6.500000e+00
      vertex   -6.545119e+01 9.852706e+00 6.500000e+00
      vertex   -7.129597e+01 1.090585e+01 6.500000e+00
    endloop
  endfacet
  facet normal -4.817380e-16 4.817380e-16 1.000000e+00
    outer loop
      vertex   -1.050000e+02 6.700962e+00 6.500000e+00
      vertex   -7.129597e+01 1.090585e+01 6.500000e+00
      vertex   -1.044510e+02 7.250000e+00 6.500000e+00
    endloop
  endfacet
  facet normal -4.416682e-16 1.183446e-16 1.000000e+00
    outer loop
      vertex   -1.044510e+02 7.250000e+00 6.500000e+00
      vertex   -7.129597e+01 1.090585e+01 6.500000e+00
      vertex   -1.042500e+02 8.000000e+00 6.500000e+00
    endloop
  endfacet
  facet normal -3.348098e-16 -1.093493e-15 1.000000e+00
    outer loop
      vertex   -1.042500e+02 8.000000e+00 6.500000e+00
      vertex   -7.129597e+01 1.090585e+01 6.500000e+00
      vertex   -7.697466e+01 1.264457e+01 6.500000e+00
    endloop
  endfacet
  facet normal -4.982795e-16 -1.335136e-16 1.000000e+00
    outer loop
      vertex   -1.042500e+02 8.000000e+00 6.500000e+00
      vertex   -7.697466e+01 1.264457e+01 6.500000e+00
      vertex   -1.044510e+02 8.750000e+00 6.500000e+00
    endloop
  endfacet
  facet normal -4.529952e-16 -4.529952e-16 1.000000e+00
    outer loop
      vertex   -1.044510e+02 8.750000e+00 6.500000e+00
      vertex   -7.697466e+01 1.264457e+01 6.500000e+00
      vertex   -1.050000e+02 9.299038e+00 6.500000e+00
    endloop
  endfacet
  facet normal -3.507897e-16 -1.309165e-15 1.000000e+00
    outer loop
      vertex   -1.050000e+02 9.299038e+00 6.500000e+00
      vertex   -7.697466e+01 1.264457e+01 6.500000e+00
      vertex   -1.057500e+02 9.500000e+00 6.500000e+00
    endloop
  endfacet
  facet normal -3.818276e-16 -1.025143e-15 1.000000e+00
    outer loop
      vertex   -1.057500e+02 9.500000e+00 6.500000e+00
      vertex   -7.697466e+01 1.264457e+01 6.500000e+00
      vertex   -1.007500e+02 2.150000e+01 6.500000e+00
    endloop
  endfacet
  facet normal 2.195017e-16 -1.275697e-15 1.000000e+00
    outer loop
      vertex   -1.057500e+02 9.500000e+00 6.500000e+00
      vertex   -1.007500e+02 2.150000e+01 6.500000e+00
      vertex   -1.230000e+02 1.767157e+01 6.500000e+00
    endloop
  endfacet
  facet normal 0.000000e+00 0.000000e+00 1.000000e+00
    outer loop
      vertex   -1.230000e+02 1.767157e+01 6.500000e+00
      vertex   -1.007500e+02 2.150000e+01 6.500000e+00
      vertex   -1.229319e+02 1.818921e+01 6.500000e+00
    endloop
  endfacet
  facet normal 0.000000e+00 0.000000e+00 1.000000e+00
    outer loop
      vertex   -1.229319e+02 1.818921e+01 6.500000e+00
      vertex   -1.007500e+02 2.150000e+01 6.500000e+00
      vertex   -1.227321e+02 1.867157e+01 6.500000e+00
    endloop
  endfacet
  facet normal -3.061249e-16 2.379150e-15 1.000000e+00
    outer loop
      vertex   -1.227321e+02 1.867157e+01 6.500000e+00
      vertex   -1.007500e+02 2.150000e+01 6.500000e+00
      vertex   -1.224142e+02 1.908579e+01 6.500000e+00
    endloop
  endfacet
  facet normal -4.613914e-17 4.613914e-17 1.000000e+00
    outer loop
      vertex   -1.224142e+02 1.908579e+01 6.500000e+00
      vertex   -1.007500e+02 2.150000e+01 6.500000e+00
      vertex   -1.205858e+02 2.091421e+01 6.500000e+00
    endloop
  endfacet
  facet normal 0.000000e+00 -1.516215e-15 1.000000e+00
    outer loop
      vertex   -1.205858e+02 2.091421e+01 6.500000e+00
      vertex   -1.007500e+02 2.150000e+01 6.500000e+00
      vertex   -1.191716e+02 2.150000e+01 6.500000e+00
    endloop
  endfacet
  facet normal 1.150533e-15 -4.293848e-15 1.000000e+00
    outer loop
      vertex   -1.205858e+02 2.091421e+01 6.500000e+00
      vertex   -1.191716e+02 2.150000e+01 6.500000e+00
      vertex   -1.201716e+02 2.123205e+01 6.500000e+00
    endloop
  endfacet
  facet normal 0.000000e+00 0.000000e+00 1.000000e+00
    outer loop
      vertex   -1.201716e+02 2.123205e+01 6.500000e+00
      vertex   -1.191716e+02 2.150000e+01 6.500000e+00
      vertex   -1.196892e+02 2.143185e+01 6.500000e+00
    endloop
  endfacet
  facet normal 1.894781e-14 -0.000000e+00 1.000000e+00
    outer loop
      vertex   -1.230000e+02 -1.767157e+01 6.500000e+00
      vertex   -1.222500e+02 8.000000e+00 6.500000e+00
      vertex   -1.230000e+02 1.767157e+01 6.500000e+00
    endloop
  endfacet
  facet normal 4.252850e-15 -1.139548e-15 1.000000e+00
    outer loop
      vertex   -1.230000e+02 1.767157e+01 6.500000e+00
      vertex   -1.222500e+02 8.000000e+00 6.500000e+00
      vertex   -1.220490e+02 8.750000e+00 6.500000e+00
    endloop
  endfacet
  facet normal 1.439433e-15 -1.439433e-15 1.000000e+00
    outer loop
      vertex   -1.230000e+02 1.767157e+01 6.500000e+00
      vertex   -1.220490e+02 8.750000e+00 6.500000e+00
      vertex   -1.215000e+02 9.299038e+00 6.500000e+00
    endloop
  endfacet
  facet normal 0.000000e+00 0.000000e+00 1.000000e+00
    outer loop
      vertex   -1.230000e+02 -1.767157e+01 6.500000e+00
      vertex   -1.229319e+02 -1.818921e+01 6.500000e+00
      vertex   -1.007500e+02 -2.150000e+01 6.500000e+00
    endloop
  endfacet
  facet normal 0.000000e+00 0.000000e+00 1.000000e+00
    outer loop
      vertex   -1.007500e+02 -2.150000e+01 6.500000e+00
      vertex   -1.229319e+02 -1.818921e+01 6.500000e+00
      vertex   -1.227321e+02 -1.867157e+01 6.500000e+00
    endloop
  endfacet
  facet normal -3.061249e-16 -2.379150e-15 1.000000e+00
    outer loop
      vertex   -1.007500e+02 -2.150000e+01 6.500000e+00
      vertex   -1.227321e+02 -1.867157e+01 6.500000e+00
      vertex   -1.224142e+02 -1.908579e+01 6.500000e+00
    endloop
  endfacet
  facet normal -4.613914e-17 -4.613914e-17 1.000000e+00
    outer loop
      vertex   -1.224142e+02 -1.908579e+01 6.500000e+00
      vertex   -1.205858e+02 -2.091421e+01 6.500000e+00
      vertex   -1.007500e+02 -2.150000e+01 6.500000e+00
    endloop
  endfacet
  facet normal -8.772344e-31 1.516215e-15 1.000000e+00
    outer loop
      vertex   -1.007500e+02 -2.150000e+01 6.500000e+00
      vertex   -1.205858e+02 -2.091421e+01 6.500000e+00
      vertex   -1.191716e+02 -2.150000e+01 6.500000e+00
    endloop
  endfacet
  facet normal 1.150533e-15 4.293848e-15 1.000000e+00
    outer loop
      vertex   -1.191716e+02 -2.150000e+01 6.500000e+00
      vertex   -1.205858e+02 -2.091421e+01 6.500000e+00
      vertex   -1.201716e+02 -2.123205e+01 6.500000e+00
    endloop
  endfacet
  facet normal 0.000000e+00 0.000000e+00 1.000000e+00
    outer loop
      vertex   -1.191716e+02 -2.150000e+01 6.500000e+00
      vertex   -1.201716e+02 -2.123205e+01 6.500000e+00
      vertex   -1.196892e+02 -2.143185e+01 6.500000e+00
    endloop
  endfacet
  facet normal 1.293233e-16 3.041037e-16 1.000000e+00
    outer loop
      vertex   -4.185381e+01 -4.654623e+01 6.500000e+00
      vertex   -8.500000e+00 -1.400000e+01 6.500000e+00
      vertex   -1.007500e+02 -2.150000e+01 6.500000e+00
    endloop
  endfacet
  facet normal 1.181870e-16 4.410800e-16 1.000000e+00
    outer loop
      vertex   -1.007500e+02 -2.150000e+01 6.500000e+00
      vertex   -8.500000e+00 -1.400000e+01 6.500000e+00
      vertex   -9.250000e+00 -1.379904e+01 6.500000e+00
    endloop
  endfacet
  facet normal 1.432532e-16 1.432532e-16 1.000000e+00
    outer loop
      vertex   -1.007500e+02 -2.150000e+01 6.500000e+00
      vertex   -9.250000e+00 -1.379904e+01 6.500000e+00
      vertex   -9.799038e+00 -1.325000e+01 6.500000e+00
    endloop
  endfacet
  facet normal 4.264546e-16 8.886001e-16 1.000000e+00
    outer loop
      vertex   -3.776565e+01 -4.850821e+01 6.500000e+00
      vertex   -9.250000e+00 -4.620096e+01 6.500000e+00
      vertex   -4.185381e+01 -4.654623e+01 6.500000e+00
    endloop
  endfacet
  facet normal 4.537999e-16 -1.693604e-15 1.000000e+00
    outer loop
      vertex   -4.185381e+01 -4.654623e+01 6.500000e+00
      vertex   -9.250000e+00 -4.620096e+01 6.500000e+00
      vertex   -8.500000e+00 -4.600000e+01 6.500000e+00
    endloop
  endfacet
  facet normal 4.260639e-16 0.000000e+00 1.000000e+00
    outer loop
      vertex   -4.185381e+01 -4.654623e+01 6.500000e+00
      vertex   -8.500000e+00 -4.600000e+01 6.500000e+00
      vertex   -8.500000e+00 -1.400000e+01 6.500000e+00
    endloop
  endfacet
  facet normal 0.000000e+00 0.000000e+00 1.000000e+00
    outer loop
      vertex   -8.500000e+00 -1.400000e+01 6.500000e+00
      vertex   -8.500000e+00 -4.600000e+01 6.500000e+00
      vertex   8.500000e+00 -4.600000e+01 6.500000e+00
    endloop
  endfacet
  facet normal -0.000000e+00 0.000000e+00 1.000000e+00
    outer loop
      vertex   -8.500000e+00 -1.400000e+01 6.500000e+00
      vertex   8.500000e+00 -4.600000e+01 6.500000e+00
      vertex   8.500000e+00 -1.400000e+01 6.500000e+00
    endloop
  endfacet
  facet normal -4.313673e-16 0.000000e+00 1.000000e+00
    outer loop
      vertex   8.500000e+00 -1.400000e+01 6.500000e+00
      vertex   8.500000e+00 -4.600000e+01 6.500000e+00
      vertex   4.144374e+01 -4.654623e+01 6.500000e+00
    endloop
  endfacet
  facet normal -1.298077e-16 3.052428e-16 1.000000e+00
    outer loop
      vertex   8.500000e+00 -1.400000e+01 6.500000e+00
      vertex   4.144374e+01 -4.654623e+01 6.500000e+00
      vertex   1.003399e+02 -2.150000e+01 6.500000e+00
    endloop
  endfacet
  facet normal 4.824667e-16 8.082162e-16 1.000000e+00
    outer loop
      vertex   -3.387204e+01 -5.083251e+01 6.500000e+00
      vertex   -1.000000e+01 -4.750000e+01 6.500000e+00
      vertex   -3.776565e+01 -4.850821e+01 6.500000e+00
    endloop
  endfacet
  facet normal 5.168430e-16 -1.384877e-16 1.000000e+00
    outer loop
      vertex   -3.776565e+01 -4.850821e+01 6.500000e+00
      vertex   -1.000000e+01 -4.750000e+01 6.500000e+00
      vertex   -9.799038e+00 -4.675000e+01 6.500000e+00
    endloop
  endfacet
  facet normal 5.422253e-16 -5.422253e-16 1.000000e+00
    outer loop
      vertex   -3.776565e+01 -4.850821e+01 6.500000e+00
      vertex   -9.799038e+00 -4.675000e+01 6.500000e+00
      vertex   -9.250000e+00 -4.620096e+01 6.500000e+00
    endloop
  endfacet
  facet normal 5.183139e-16 7.125285e-16 1.000000e+00
    outer loop
      vertex   -3.020503e+01 -5.350000e+01 6.500000e+00
      vertex   -9.250000e+00 -4.879904e+01 6.500000e+00
      vertex   -3.387204e+01 -5.083251e+01 6.500000e+00
    endloop
  endfacet
  facet normal 5.331300e-16 5.331300e-16 1.000000e+00
    outer loop
      vertex   -3.387204e+01 -5.083251e+01 6.500000e+00
      vertex   -9.250000e+00 -4.879904e+01 6.500000e+00
      vertex   -9.799038e+00 -4.825000e+01 6.500000e+00
    endloop
  endfacet
  facet normal 5.738285e-16 1.537569e-16 1.000000e+00
    outer loop
      vertex   -3.387204e+01 -5.083251e+01 6.500000e+00
      vertex   -9.799038e+00 -4.825000e+01 6.500000e+00
      vertex   -1.000000e+01 -4.750000e+01 6.500000e+00
    endloop
  endfacet
  facet normal 3.691202e-16 1.377575e-15 1.000000e+00
    outer loop
      vertex   -9.250000e+00 -4.879904e+01 6.500000e+00
      vertex   -3.020503e+01 -5.350000e+01 6.500000e+00
      vertex   -8.500000e+00 -4.900000e+01 6.500000e+00
    endloop
  endfacet
  facet normal 0.000000e+00 3.157968e-15 1.000000e+00
    outer loop
      vertex   -8.500000e+00 -4.900000e+01 6.500000e+00
      vertex   -3.020503e+01 -5.350000e+01 6.500000e+00
      vertex   2.979497e+01 -5.350000e+01 6.500000e+00
    endloop
  endfacet
  facet normal -0.000000e+00 3.157968e-15 1.000000e+00
    outer loop
      vertex   -8.500000e+00 -4.900000e+01 6.500000e+00
      vertex   2.979497e+01 -5.350000e+01 6.500000e+00
      vertex   8.500000e+00 -4.900000e+01 6.500000e+00
    endloop
  endfacet
  facet normal -3.730941e-16 1.392406e-15 1.000000e+00
    outer loop
      vertex   8.500000e+00 -4.900000e+01 6.500000e+00
      vertex   2.979497e+01 -5.350000e+01 6.500000e+00
      vertex   9.250000e+00 -4.879904e+01 6.500000e+00
    endloop
  endfacet
  facet normal -5.261837e-16 7.233472e-16 1.000000e+00
    outer loop
      vertex   9.250000e+00 -4.879904e+01 6.500000e+00
      vertex   2.979497e+01 -5.350000e+01 6.500000e+00
      vertex   3.346198e+01 -5.083251e+01 6.500000e+00
    endloop
  endfacet
  facet normal -5.414598e-16 5.414598e-16 1.000000e+00
    outer loop
      vertex   9.250000e+00 -4.879904e+01 6.500000e+00
      vertex   3.346198e+01 -5.083251e+01 6.500000e+00
      vertex   9.799038e+00 -4.825000e+01 6.500000e+00
    endloop
  endfacet
  facet normal -5.834901e-16 1.563457e-16 1.000000e+00
    outer loop
      vertex   9.799038e+00 -4.825000e+01 6.500000e+00
      vertex   3.346198e+01 -5.083251e+01 6.500000e+00
      vertex   1.000000e+01 -4.750000e+01 6.500000e+00
    endloop
  endfacet
  facet normal -4.892784e-16 8.196271e-16 1.000000e+00
    outer loop
      vertex   1.000000e+01 -4.750000e+01 6.500000e+00
      vertex   3.346198e+01 -5.083251e+01 6.500000e+00
      vertex   3.735558e+01 -4.850821e+01 6.500000e+00
    endloop
  endfacet
  facet normal -5.246679e-16 -1.405843e-16 1.000000e+00
    outer loop
      vertex   1.000000e+01 -4.750000e+01 6.500000e+00
      vertex   3.735558e+01 -4.850821e+01 6.500000e+00
      vertex   9.799038e+00 -4.675000e+01 6.500000e+00
    endloop
  endfacet
  facet normal -5.508441e-16 -5.508441e-16 1.000000e+00
    outer loop
      vertex   9.799038e+00 -4.675000e+01 6.500000e+00
      vertex   3.735558e+01 -4.850821e+01 6.500000e+00
      vertex   9.250000e+00 -4.620096e+01 6.500000e+00
    endloop
  endfacet
  facet normal -4.317679e-16 8.996712e-16 1.000000e+00
    outer loop
      vertex   9.250000e+00 -4.620096e+01 6.500000e+00
      vertex   3.735558e+01 -4.850821e+01 6.500000e+00
      vertex   4.144374e+01 -4.654623e+01 6.500000e+00
    endloop
  endfacet
  facet normal -4.598212e-16 -1.716076e-15 1.000000e+00
    outer loop
      vertex   9.250000e+00 -4.620096e+01 6.500000e+00
      vertex   4.144374e+01 -4.654623e+01 6.500000e+00
      vertex   8.500000e+00 -4.600000e+01 6.500000e+00
    endloop
  endfacet
  facet normal 0.000000e+00 0.000000e+00 1.000000e+00
    outer loop
      vertex   1.003399e+02 -2.150000e+01 6.500000e+00
      vertex   1.191716e+02 -2.150000e+01 6.500000e+00
      vertex   1.205858e+02 -2.091421e+01 6.500000e+00
    endloop
  endfacet
  facet normal 0.000000e+00 0.000000e+00 1.000000e+00
    outer loop
      vertex   1.205858e+02 -2.091421e+01 6.500000e+00
      vertex   1.191716e+02 -2.150000e+01 6.500000e+00
      vertex   1.201716e+02 -2.123205e+01 6.500000e+00
    endloop
  endfacet
  facet normal 0.000000e+00 0.000000e+00 1.000000e+00
    outer loop
      vertex   1.201716e+02 -2.123205e+01 6.500000e+00
      vertex   1.191716e+02 -2.150000e+01 6.500000e+00
      vertex   1.196892e+02 -2.143185e+01 6.500000e+00
    endloop
  endfacet
  facet normal 0.000000e+00 0.000000e+00 1.000000e+00
    outer loop
      vertex   -7.200962e+00 -1.325000e+01 6.500000e+00
      vertex   7.200962e+00 -1.325000e+01 6.500000e+00
      vertex   -7.000000e+00 -1.250000e+01 6.500000e+00
    endloop
  endfacet
  facet normal -0.000000e+00 0.000000e+00 1.000000e+00
    outer loop
      vertex   -7.000000e+00 -1.250000e+01 6.500000e+00
      vertex   7.200962e+00 -1.325000e+01 6.500000e+00
      vertex   7.000000e+00 -1.250000e+01 6.500000e+00
    endloop
  endfacet
  facet normal 0.000000e+00 -0.000000e+00 1.000000e+00
    outer loop
      vertex   -7.000000e+00 -1.250000e+01 6.500000e+00
      vertex   7.000000e+00 -1.250000e+01 6.500000e+00
      vertex   -7.200962e+00 -1.175000e+01 6.500000e+00
    endloop
  endfacet
  facet normal 0.000000e+00 0.000000e+00 1.000000e+00
    outer loop
      vertex   -7.200962e+00 -1.175000e+01 6.500000e+00
      vertex   7.000000e+00 -1.250000e+01 6.500000e+00
      vertex   7.200962e+00 -1.175000e+01 6.500000e+00
    endloop
  endfacet
  facet normal -0.000000e+00 -0.000000e+00 1.000000e+00
    outer loop
      vertex   -7.200962e+00 -1.175000e+01 6.500000e+00
      vertex   7.200962e+00 -1.175000e+01 6.500000e+00
      vertex   -7.750000e+00 -1.120096e+01 6.500000e+00
    endloop
  endfacet
  facet normal 0.000000e+00 0.000000e+00 1.000000e+00
    outer loop
      vertex   -7.750000e+00 -1.120096e+01 6.500000e+00
      vertex   7.200962e+00 -1.175000e+01 6.500000e+00
      vertex   7.750000e+00 -1.120096e+01 6.500000e+00
    endloop
  endfacet
  facet normal -0.000000e+00 -0.000000e+00 1.000000e+00
    outer loop
      vertex   -7.750000e+00 -1.120096e+01 6.500000e+00
      vertex   7.750000e+00 -1.120096e+01 6.500000e+00
      vertex   -8.500000e+00 -1.100000e+01 6.500000e+00
    endloop
  endfacet
  facet normal -0.000000e+00 0.000000e+00 1.000000e+00
    outer loop
      vertex   -8.500000e+00 -1.100000e+01 6.500000e+00
      vertex   7.750000e+00 -1.120096e+01 6.500000e+00
      vertex   8.500000e+00 -1.100000e+01 6.500000e+00
    endloop
  endfacet
  facet normal 0.000000e+00 0.000000e+00 1.000000e+00
    outer loop
      vertex   7.200962e+00 -1.325000e+01 6.500000e+00
      vertex   -7.200962e+00 -1.325000e+01 6.500000e+00
      vertex   7.750000e+00 -1.379904e+01 6.500000e+00
    endloop
  endfacet
  facet normal 0.000000e+00 0.000000e+00 1.000000e+00
    outer loop
      vertex   7.750000e+00 -1.379904e+01 6.500000e+00
      vertex   -7.200962e+00 -1.325000e+01 6.500000e+00
      vertex   -7.750000e+00 -1.379904e+01 6.500000e+00
    endloop
  endfacet
  facet normal 0.000000e+00 0.000000e+00 1.000000e+00
    outer loop
      vertex   7.750000e+00 -1.379904e+01 6.500000e+00
      vertex   -7.750000e+00 -1.379904e+01 6.500000e+00
      vertex   8.500000e+00 -1.400000e+01 6.500000e+00
    endloop
  endfacet
  facet normal 0.000000e+00 0.000000e+00 1.000000e+00
    outer loop
      vertex   8.500000e+00 -1.400000e+01 6.500000e+00
      vertex   -7.750000e+00 -1.379904e+01 6.500000e+00
      vertex   -8.500000e+00 -1.400000e+01 6.500000e+00
    endloop
  endfacet
  facet normal 1.525399e-16 4.087295e-17 1.000000e+00
    outer loop
      vertex   -9.799038e+00 -1.325000e+01 6.500000e+00
      vertex   -1.000000e+01 -1.250000e+01 6.500000e+00
      vertex   -1.007500e+02 -2.150000e+01 6.500000e+00
    endloop
  endfacet
  facet normal 1.114316e-16 -4.158685e-16 1.000000e+00
    outer loop
      vertex   -9.250000e+00 -1.120096e+01 6.500000e+00
      vertex   -8.500000e+00 -1.100000e+01 6.500000e+00
      vertex   -5.952276e+01 9.500000e+00 6.500000e+00
    endloop
  endfacet
  facet normal -1.532143e-16 4.105365e-17 1.000000e+00
    outer loop
      vertex   1.000000e+01 -1.250000e+01 6.500000e+00
      vertex   9.799038e+00 -1.325000e+01 6.500000e+00
      vertex   1.003399e+02 -2.150000e+01 6.500000e+00
    endloop
  endfacet
  facet normal -1.438478e-16 1.438478e-16 1.000000e+00
    outer loop
      vertex   1.003399e+02 -2.150000e+01 6.500000e+00
      vertex   9.799038e+00 -1.325000e+01 6.500000e+00
      vertex   9.250000e+00 -1.379904e+01 6.500000e+00
    endloop
  endfacet
  facet normal -1.185915e-16 4.425894e-16 1.000000e+00
    outer loop
      vertex   1.003399e+02 -2.150000e+01 6.500000e+00
      vertex   9.250000e+00 -1.379904e+01 6.500000e+00
      vertex   8.500000e+00 -1.400000e+01 6.500000e+00
    endloop
  endfacet
  facet normal 0.000000e+00 0.000000e+00 1.000000e+00
    outer loop
      vertex   -8.500000e+00 -4.900000e+01 6.500000e+00
      vertex   8.500000e+00 -4.900000e+01 6.500000e+00
      vertex   -7.750000e+00 -4.879904e+01 6.500000e+00
    endloop
  endfacet
  facet normal -0.000000e+00 0.000000e+00 1.000000e+00
    outer loop
      vertex   -7.750000e+00 -4.879904e+01 6.500000e+00
      vertex   8.500000e+00 -4.900000e+01 6.500000e+00
      vertex   7.750000e+00 -4.879904e+01 6.500000e+00
    endloop
  endfacet
  facet normal 0.000000e+00 0.000000e+00 1.000000e+00
    outer loop
      vertex   -7.750000e+00 -4.879904e+01 6.500000e+00
      vertex   7.750000e+00 -4.879904e+01 6.500000e+00
      vertex   -7.200962e+00 -4.825000e+01 6.500000e+00
    endloop
  endfacet
  facet normal -0.000000e+00 0.000000e+00 1.000000e+00
    outer loop
      vertex   -7.200962e+00 -4.825000e+01 6.500000e+00
      vertex   7.750000e+00 -4.879904e+01 6.500000e+00
      vertex   7.200962e+00 -4.825000e+01 6.500000e+00
    endloop
  endfacet
  facet normal 0.000000e+00 0.000000e+00 1.000000e+00
    outer loop
      vertex   -7.200962e+00 -4.825000e+01 6.500000e+00
      vertex   7.200962e+00 -4.825000e+01 6.500000e+00
      vertex   -7.000000e+00 -4.750000e+01 6.500000e+00
    endloop
  endfacet
  facet normal -0.000000e+00 0.000000e+00 1.000000e+00
    outer loop
      vertex   -7.000000e+00 -4.750000e+01 6.500000e+00
      vertex   7.200962e+00 -4.825000e+01 6.500000e+00
      vertex   7.000000e+00 -4.750000e+01 6.500000e+00
    endloop
  endfacet
  facet normal 0.000000e+00 -0.000000e+00 1.000000e+00
    outer loop
      vertex   -7.000000e+00 -4.750000e+01 6.500000e+00
      vertex   7.000000e+00 -4.750000e+01 6.500000e+00
      vertex   -7.200962e+00 -4.675000e+01 6.500000e+00
    endloop
  endfacet
  facet normal -0.000000e+00 0.000000e+00 1.000000e+00
    outer loop
      vertex   -7.200962e+00 -4.675000e+01 6.500000e+00
      vertex   7.000000e+00 -4.750000e+01 6.500000e+00
      vertex   7.200962e+00 -4.675000e+01 6.500000e+00
    endloop
  endfacet
  facet normal 0.000000e+00 -0.000000e+00 1.000000e+00
    outer loop
      vertex   -7.200962e+00 -4.675000e+01 6.500000e+00
      vertex   7.200962e+00 -4.675000e+01 6.500000e+00
      vertex   -7.750000e+00 -4.620096e+01 6.500000e+00
    endloop
  endfacet
  facet normal -0.000000e+00 0.000000e+00 1.000000e+00
    outer loop
      vertex   -7.750000e+00 -4.620096e+01 6.500000e+00
      vertex   7.200962e+00 -4.675000e+01 6.500000e+00
      vertex   7.750000e+00 -4.620096e+01 6.500000e+00
    endloop
  endfacet
  facet normal 0.000000e+00 -0.000000e+00 1.000000e+00
    outer loop
      vertex   -7.750000e+00 -4.620096e+01 6.500000e+00
      vertex   7.750000e+00 -4.620096e+01 6.500000e+00
      vertex   -8.500000e+00 -4.600000e+01 6.500000e+00
    endloop
  endfacet
  facet normal -0.000000e+00 0.000000e+00 1.000000e+00
    outer loop
      vertex   -8.500000e+00 -4.600000e+01 6.500000e+00
      vertex   7.750000e+00 -4.620096e+01 6.500000e+00
      vertex   8.500000e+00 -4.600000e+01 6.500000e+00
    endloop
  endfacet
  facet normal -4.339626e-16 -1.619571e-15 1.000000e+00
    outer loop
      vertex   1.207500e+02 9.500000e+00 6.500000e+00
      vertex   1.215000e+02 9.299038e+00 6.500000e+00
      vertex   1.230000e+02 1.767157e+01 6.500000e+00
    endloop
  endfacet
  facet normal -1.439433e-15 -1.439433e-15 1.000000e+00
    outer loop
      vertex   1.230000e+02 1.767157e+01 6.500000e+00
      vertex   1.215000e+02 9.299038e+00 6.500000e+00
      vertex   1.220490e+02 8.750000e+00 6.500000e+00
    endloop
  endfacet
  facet normal -4.252850e-15 -1.139548e-15 1.000000e+00
    outer loop
      vertex   1.230000e+02 1.767157e+01 6.500000e+00
      vertex   1.220490e+02 8.750000e+00 6.500000e+00
      vertex   1.222500e+02 8.000000e+00 6.500000e+00
    endloop
  endfacet
  facet normal 0.000000e+00 0.000000e+00 1.000000e+00
    outer loop
      vertex   1.222500e+02 8.000000e+00 6.500000e+00
      vertex   1.220490e+02 7.250000e+00 6.500000e+00
      vertex   1.222500e+02 -8.000000e+00 6.500000e+00
    endloop
  endfacet
  facet normal 0.000000e+00 0.000000e+00 1.000000e+00
    outer loop
      vertex   1.222500e+02 -8.000000e+00 6.500000e+00
      vertex   1.220490e+02 7.250000e+00 6.500000e+00
      vertex   1.220490e+02 -7.250000e+00 6.500000e+00
    endloop
  endfacet
  facet normal 0.000000e+00 -0.000000e+00 1.000000e+00
    outer loop
      vertex   1.220490e+02 -7.250000e+00 6.500000e+00
      vertex   1.220490e+02 7.250000e+00 6.500000e+00
      vertex   1.215000e+02 6.700962e+00 6.500000e+00
    endloop
  endfacet
  facet normal 0.000000e+00 0.000000e+00 1.000000e+00
    outer loop
      vertex   1.220490e+02 -7.250000e+00 6.500000e+00
      vertex   1.215000e+02 6.700962e+00 6.500000e+00
      vertex   1.215000e+02 -6.700962e+00 6.500000e+00
    endloop
  endfacet
  facet normal 0.000000e+00 -0.000000e+00 1.000000e+00
    outer loop
      vertex   1.215000e+02 -6.700962e+00 6.500000e+00
      vertex   1.215000e+02 6.700962e+00 6.500000e+00
      vertex   1.207500e+02 6.500000e+00 6.500000e+00
    endloop
  endfacet
  facet normal 0.000000e+00 0.000000e+00 1.000000e+00
    outer loop
      vertex   1.215000e+02 -6.700962e+00 6.500000e+00
      vertex   1.207500e+02 6.500000e+00 6.500000e+00
      vertex   1.207500e+02 -6.500000e+00 6.500000e+00
    endloop
  endfacet
  facet normal 0.000000e+00 -0.000000e+00 1.000000e+00
    outer loop
      vertex   1.057500e+02 -6.500000e+00 6.500000e+00
      vertex   1.057500e+02 6.500000e+00 6.500000e+00
      vertex   1.050000e+02 -6.700962e+00 6.500000e+00
    endloop
  endfacet
  facet normal 0.000000e+00 0.000000e+00 1.000000e+00
    outer loop
      vertex   1.050000e+02 -6.700962e+00 6.500000e+00
      vertex   1.057500e+02 6.500000e+00 6.500000e+00
      vertex   1.050000e+02 6.700962e+00 6.500000e+00
    endloop
  endfacet
  facet normal -1.439433e-15 1.439433e-15 1.000000e+00
    outer loop
      vertex   1.220490e+02 -8.750000e+00 6.500000e+00
      vertex   1.215000e+02 -9.299038e+00 6.500000e+00
      vertex   1.230000e+02 -1.767157e+01 6.500000e+00
    endloop
  endfacet
  facet normal -4.339626e-16 1.619571e-15 1.000000e+00
    outer loop
      vertex   1.230000e+02 -1.767157e+01 6.500000e+00
      vertex   1.215000e+02 -9.299038e+00 6.500000e+00
      vertex   1.207500e+02 -9.500000e+00 6.500000e+00
    endloop
  endfacet
  facet normal 0.000000e+00 0.000000e+00 1.000000e+00
    outer loop
      vertex   -1.070490e+02 8.750000e+00 6.500000e+00
      vertex   -1.194510e+02 8.750000e+00 6.500000e+00
      vertex   -1.072500e+02 8.000000e+00 6.500000e+00
    endloop
  endfacet
  facet normal 0.000000e+00 0.000000e+00 1.000000e+00
    outer loop
      vertex   -1.072500e+02 8.000000e+00 6.500000e+00
      vertex   -1.194510e+02 8.750000e+00 6.500000e+00
      vertex   -1.192500e+02 8.000000e+00 6.500000e+00
    endloop
  endfacet
  facet normal 0.000000e+00 0.000000e+00 1.000000e+00
    outer loop
      vertex   -1.072500e+02 8.000000e+00 6.500000e+00
      vertex   -1.192500e+02 8.000000e+00 6.500000e+00
      vertex   -1.070490e+02 7.250000e+00 6.500000e+00
    endloop
  endfacet
  facet normal 0.000000e+00 0.000000e+00 1.000000e+00
    outer loop
      vertex   -1.070490e+02 7.250000e+00 6.500000e+00
      vertex   -1.192500e+02 8.000000e+00 6.500000e+00
      vertex   -1.194510e+02 7.250000e+00 6.500000e+00
    endloop
  endfacet
  facet normal 0.000000e+00 0.000000e+00 1.000000e+00
    outer loop
      vertex   -1.070490e+02 7.250000e+00 6.500000e+00
      vertex   -1.194510e+02 7.250000e+00 6.500000e+00
      vertex   -1.065000e+02 6.700962e+00 6.500000e+00
    endloop
  endfacet
  facet normal 0.000000e+00 0.000000e+00 1.000000e+00
    outer loop
      vertex   -1.065000e+02 6.700962e+00 6.500000e+00
      vertex   -1.194510e+02 7.250000e+00 6.500000e+00
      vertex   -1.200000e+02 6.700962e+00 6.500000e+00
    endloop
  endfacet
  facet normal 0.000000e+00 0.000000e+00 1.000000e+00
    outer loop
      vertex   -1.065000e+02 6.700962e+00 6.500000e+00
      vertex   -1.200000e+02 6.700962e+00 6.500000e+00
      vertex   -1.057500e+02 6.500000e+00 6.500000e+00
    endloop
  endfacet
  facet normal 0.000000e+00 0.000000e+00 1.000000e+00
    outer loop
      vertex   -1.057500e+02 6.500000e+00 6.500000e+00
      vertex   -1.200000e+02 6.700962e+00 6.500000e+00
      vertex   -1.207500e+02 6.500000e+00 6.500000e+00
    endloop
  endfacet
  facet normal 0.000000e+00 0.000000e+00 1.000000e+00
    outer loop
      vertex   -1.057500e+02 6.500000e+00 6.500000e+00
      vertex   -1.207500e+02 6.500000e+00 6.500000e+00
      vertex   -1.057500e+02 -6.500000e+00 6.500000e+00
    endloop
  endfacet
  facet normal 0.000000e+00 0.000000e+00 1.000000e+00
    outer loop
      vertex   -1.057500e+02 -6.500000e+00 6.500000e+00
      vertex   -1.207500e+02 6.500000e+00 6.500000e+00
      vertex   -1.207500e+02 -6.500000e+00 6.500000e+00
    endloop
  endfacet
  facet normal 0.000000e+00 0.000000e+00 1.000000e+00
    outer loop
      vertex   -1.057500e+02 -6.500000e+00 6.500000e+00
      vertex   -1.207500e+02 -6.500000e+00 6.500000e+00
      vertex   -1.065000e+02 -6.700962e+00 6.500000e+00
    endloop
  endfacet
  facet normal 0.000000e+00 0.000000e+00 1.000000e+00
    outer loop
      vertex   -1.065000e+02 -6.700962e+00 6.500000e+00
      vertex   -1.207500e+02 -6.500000e+00 6.500000e+00
      vertex   -1.200000e+02 -6.700962e+00 6.500000e+00
    endloop
  endfacet
  facet normal 0.000000e+00 0.000000e+00 1.000000e+00
    outer loop
      vertex   -1.065000e+02 -6.700962e+00 6.500000e+00
      vertex   -1.200000e+02 -6.700962e+00 6.500000e+00
      vertex   -1.070490e+02 -7.250000e+00 6.500000e+00
    endloop
  endfacet
  facet normal 0.000000e+00 0.000000e+00 1.000000e+00
    outer loop
      vertex   -1.070490e+02 -7.250000e+00 6.500000e+00
      vertex   -1.200000e+02 -6.700962e+00 6.500000e+00
      vertex   -1.194510e+02 -7.250000e+00 6.500000e+00
    endloop
  endfacet
  facet normal 0.000000e+00 0.000000e+00 1.000000e+00
    outer loop
      vertex   -1.070490e+02 -7.250000e+00 6.500000e+00
      vertex   -1.194510e+02 -7.250000e+00 6.500000e+00
      vertex   -1.072500e+02 -8.000000e+00 6.500000e+00
    endloop
  endfacet
  facet normal 0.000000e+00 0.000000e+00 1.000000e+00
    outer loop
      vertex   -1.072500e+02 -8.000000e+00 6.500000e+00
      vertex   -1.194510e+02 -7.250000e+00 6.500000e+00
      vertex   -1.192500e+02 -8.000000e+00 6.500000e+00
    endloop
  endfacet
  facet normal 0.000000e+00 0.000000e+00 1.000000e+00
    outer loop
      vertex   -1.072500e+02 -8.000000e+00 6.500000e+00
      vertex   -1.192500e+02 -8.000000e+00 6.500000e+00
      vertex   -1.070490e+02 -8.750000e+00 6.500000e+00
    endloop
  endfacet
  facet normal 0.000000e+00 0.000000e+00 1.000000e+00
    outer loop
      vertex   -1.070490e+02 -8.750000e+00 6.500000e+00
      vertex   -1.192500e+02 -8.000000e+00 6.500000e+00
      vertex   -1.194510e+02 -8.750000e+00 6.500000e+00
    endloop
  endfacet
  facet normal 0.000000e+00 0.000000e+00 1.000000e+00
    outer loop
      vertex   -1.070490e+02 -8.750000e+00 6.500000e+00
      vertex   -1.194510e+02 -8.750000e+00 6.500000e+00
      vertex   -1.065000e+02 -9.299038e+00 6.500000e+00
    endloop
  endfacet
  facet normal 0.000000e+00 0.000000e+00 1.000000e+00
    outer loop
      vertex   -1.065000e+02 -9.299038e+00 6.500000e+00
      vertex   -1.194510e+02 -8.750000e+00 6.500000e+00
      vertex   -1.200000e+02 -9.299038e+00 6.500000e+00
    endloop
  endfacet
  facet normal 0.000000e+00 0.000000e+00 1.000000e+00
    outer loop
      vertex   -1.065000e+02 -9.299038e+00 6.500000e+00
      vertex   -1.200000e+02 -9.299038e+00 6.500000e+00
      vertex   -1.057500e+02 -9.500000e+00 6.500000e+00
    endloop
  endfacet
  facet normal 0.000000e+00 0.000000e+00 1.000000e+00
    outer loop
      vertex   -1.057500e+02 -9.500000e+00 6.500000e+00
      vertex   -1.200000e+02 -9.299038e+00 6.500000e+00
      vertex   -1.207500e+02 -9.500000e+00 6.500000e+00
    endloop
  endfacet
  facet normal -0.000000e+00 -0.000000e+00 1.000000e+00
    outer loop
      vertex   -1.194510e+02 8.750000e+00 6.500000e+00
      vertex   -1.070490e+02 8.750000e+00 6.500000e+00
      vertex   -1.200000e+02 9.299038e+00 6.500000e+00
    endloop
  endfacet
  facet normal -0.000000e+00 0.000000e+00 1.000000e+00
    outer loop
      vertex   -1.200000e+02 9.299038e+00 6.500000e+00
      vertex   -1.070490e+02 8.750000e+00 6.500000e+00
      vertex   -1.065000e+02 9.299038e+00 6.500000e+00
    endloop
  endfacet
  facet normal 0.000000e+00 -0.000000e+00 1.000000e+00
    outer loop
      vertex   -1.200000e+02 9.299038e+00 6.500000e+00
      vertex   -1.065000e+02 9.299038e+00 6.500000e+00
      vertex   -1.207500e+02 9.500000e+00 6.500000e+00
    endloop
  endfacet
  facet normal -0.000000e+00 0.000000e+00 1.000000e+00
    outer loop
      vertex   -1.207500e+02 9.500000e+00 6.500000e+00
      vertex   -1.065000e+02 9.299038e+00 6.500000e+00
      vertex   -1.057500e+02 9.500000e+00 6.500000e+00
    endloop
  endfacet
  facet normal 0.000000e+00 -1.739060e-15 1.000000e+00
    outer loop
      vertex   -1.207500e+02 9.500000e+00 6.500000e+00
      vertex   -1.057500e+02 9.500000e+00 6.500000e+00
      vertex   -1.230000e+02 1.767157e+01 6.500000e+00
    endloop
  endfacet
  facet normal 0.000000e+00 0.000000e+00 1.000000e+00
    outer loop
      vertex   -1.050000e+02 6.700962e+00 6.500000e+00
      vertex   -1.057500e+02 6.500000e+00 6.500000e+00
      vertex   -1.050000e+02 -6.700962e+00 6.500000e+00
    endloop
  endfacet
  facet normal 0.000000e+00 0.000000e+00 1.000000e+00
    outer loop
      vertex   -1.050000e+02 -6.700962e+00 6.500000e+00
      vertex   -1.057500e+02 6.500000e+00 6.500000e+00
      vertex   -1.057500e+02 -6.500000e+00 6.500000e+00
    endloop
  endfacet
  facet normal 4.339626e-16 -1.619571e-15 1.000000e+00
    outer loop
      vertex   -1.215000e+02 9.299038e+00 6.500000e+00
      vertex   -1.207500e+02 9.500000e+00 6.500000e+00
      vertex   -1.230000e+02 1.767157e+01 6.500000e+00
    endloop
  endfacet
  facet normal 0.000000e+00 -0.000000e+00 1.000000e+00
    outer loop
      vertex   -1.207500e+02 -6.500000e+00 6.500000e+00
      vertex   -1.207500e+02 6.500000e+00 6.500000e+00
      vertex   -1.215000e+02 -6.700962e+00 6.500000e+00
    endloop
  endfacet
  facet normal 0.000000e+00 0.000000e+00 1.000000e+00
    outer loop
      vertex   -1.215000e+02 -6.700962e+00 6.500000e+00
      vertex   -1.207500e+02 6.500000e+00 6.500000e+00
      vertex   -1.215000e+02 6.700962e+00 6.500000e+00
    endloop
  endfacet
  facet normal 0.000000e+00 -0.000000e+00 1.000000e+00
    outer loop
      vertex   -1.215000e+02 -6.700962e+00 6.500000e+00
      vertex   -1.215000e+02 6.700962e+00 6.500000e+00
      vertex   -1.220490e+02 -7.250000e+00 6.500000e+00
    endloop
  endfacet
  facet normal 0.000000e+00 0.000000e+00 1.000000e+00
    outer loop
      vertex   -1.220490e+02 -7.250000e+00 6.500000e+00
      vertex   -1.215000e+02 6.700962e+00 6.500000e+00
      vertex   -1.220490e+02 7.250000e+00 6.500000e+00
    endloop
  endfacet
  facet normal 0.000000e+00 -0.000000e+00 1.000000e+00
    outer loop
      vertex   -1.220490e+02 -7.250000e+00 6.500000e+00
      vertex   -1.220490e+02 7.250000e+00 6.500000e+00
      vertex   -1.222500e+02 -8.000000e+00 6.500000e+00
    endloop
  endfacet
  facet normal 0.000000e+00 0.000000e+00 1.000000e+00
    outer loop
      vertex   -1.222500e+02 -8.000000e+00 6.500000e+00
      vertex   -1.220490e+02 7.250000e+00 6.500000e+00
      vertex   -1.222500e+02 8.000000e+00 6.500000e+00
    endloop
  endfacet
  facet normal 1.894781e-14 -0.000000e+00 1.000000e+00
    outer loop
      vertex   -1.222500e+02 -8.000000e+00 6.500000e+00
      vertex   -1.222500e+02 8.000000e+00 6.500000e+00
      vertex   -1.230000e+02 -1.767157e+01 6.500000e+00
    endloop
  endfacet
  facet normal 1.439433e-15 1.439433e-15 1.000000e+00
    outer loop
      vertex   -1.215000e+02 -9.299038e+00 6.500000e+00
      vertex   -1.220490e+02 -8.750000e+00 6.500000e+00
      vertex   -1.230000e+02 -1.767157e+01 6.500000e+00
    endloop
  endfacet
  facet normal 4.252850e-15 1.139548e-15 1.000000e+00
    outer loop
      vertex   -1.230000e+02 -1.767157e+01 6.500000e+00
      vertex   -1.220490e+02 -8.750000e+00 6.500000e+00
      vertex   -1.222500e+02 -8.000000e+00 6.500000e+00
    endloop
  endfacet
endsolid
